prefill_chunk,kv_prefill,n_decode,kv_decode,time_us
0,0,1,16,61.622
0,0,1,32,61.172
0,0,1,64,63.7343
0,0,1,128,64.4377
0,0,1,256,66.7833
0,0,1,512,69.772
0,0,1,1024,69.664
0,0,1,2048,71.9147
0,0,1,4096,72.4697
0,0,1,8192,76.8757
0,0,1,16384,81.557
0,0,1,32768,87.35
0,0,2,16,62.7303
0,0,2,32,62.4007
0,0,2,64,63.0947
0,0,2,128,65.2167
0,0,2,256,67.4883
0,0,2,512,70.933
0,0,2,1024,70.048
0,0,2,2048,71.1253
0,0,2,4096,74.6243
0,0,2,8192,78.5507
0,0,2,16384,84.6203
0,0,2,32768,92.2137
0,0,4,16,62.3687
0,0,4,32,62.6973
0,0,4,64,63.6277
0,0,4,128,65.249
0,0,4,256,67.8717
0,0,4,512,69.4933
0,0,4,1024,70.6763
0,0,4,2048,73.4507
0,0,4,4096,77.8893
0,0,4,8192,83.531
0,0,4,16384,91.5517
0,0,4,32768,109.813
0,0,8,16,62.879
0,0,8,32,62.785
0,0,8,64,64.438
0,0,8,128,66.1443
0,0,8,256,69.2167
0,0,8,512,71.5
0,0,8,1024,73.802
0,0,8,2048,78.7843
0,0,8,4096,82.8473
0,0,8,8192,92.7997
0,0,8,16384,108.246
0,0,8,32768,142.892
0,0,16,16,62.2933
0,0,16,32,62.3477
0,0,16,64,64.16
0,0,16,128,65.377
0,0,16,256,72.5333
0,0,16,512,73.557
0,0,16,1024,77.0353
0,0,16,2048,82.5713
0,0,16,4096,91.83
0,0,16,8192,108.459
0,0,16,16384,142.306
0,0,16,32768,209.867
0,0,32,16,67.4973
0,0,32,32,67.0073
0,0,32,64,68.885
0,0,32,128,71.18
0,0,32,256,78.4223
0,0,32,512,82.3257
0,0,32,1024,86.6557
0,0,32,2048,95.233
0,0,32,4096,112.267
0,0,32,8192,146.998
0,0,32,16384,214.763
0,0,32,32768,350.881
0,0,64,16,70.9117
0,0,64,32,70.8813
0,0,64,64,71.904
0,0,64,128,74.401
0,0,64,256,86.9123
0,0,64,512,92.5973
0,0,64,1024,102.411
0,0,64,2048,120.801
0,0,64,4096,155.926
0,0,64,8192,223.477
0,0,64,16384,357.526
0,0,64,32768,625.42
0,0,128,16,74.7953
0,0,128,32,75.702
0,0,128,64,77.654
0,0,128,128,80.629
0,0,128,256,94.8927
0,0,128,512,103.243
0,0,128,1024,120.78
0,0,128,2048,155.945
0,0,128,4096,224.747
0,0,128,8192,359.895
0,0,128,16384,625.176
0,0,128,32768,1160.63
0,0,256,16,89.9837
0,0,256,32,90.635
0,0,256,64,93.7277
0,0,256,128,99.8397
0,0,256,256,128.663
0,0,256,512,148.513
0,0,256,1024,183.616
0,0,256,2048,251.18
0,0,256,4096,385.325
0,0,256,8192,653.569
0,0,256,16384,1179.27
0,0,256,32768,2228.69
16,0,0,0,66.304
16,0,1,16,68.3317
16,0,1,32,69.1637
16,0,1,64,69.0457
16,0,1,128,70.9003
16,0,1,256,75.7657
16,0,1,512,76.6937
16,0,1,1024,77.6863
16,0,1,2048,78.8063
16,0,1,4096,82.656
16,0,1,8192,88.6723
16,0,1,16384,102.816
16,0,1,32768,131.125
16,0,2,16,68.7803
16,0,2,32,68.587
16,0,2,64,69.5153
16,0,2,128,71.4143
16,0,2,256,74.0803
16,0,2,512,74.8377
16,0,2,1024,76.075
16,0,2,2048,78.5283
16,0,2,4096,82.0593
16,0,2,8192,87.5523
16,0,2,16384,102.188
16,0,2,32768,129.483
16,0,4,16,68.1813
16,0,4,32,68.7153
16,0,4,64,69.9193
16,0,4,128,71.1903
16,0,4,256,75.201
16,0,4,512,76.9393
16,0,4,1024,77.547
16,0,4,2048,82.2717
16,0,4,4096,85.3007
16,0,4,8192,89.9617
16,0,4,16384,106.39
16,0,4,32768,133.088
16,0,8,16,70.007
16,0,8,32,68.6927
16,0,8,64,70.6557
16,0,8,128,71.532
16,0,8,256,76.8107
16,0,8,512,77.803
16,0,8,1024,80.247
16,0,8,2048,83.8933
16,0,8,4096,89.0993
16,0,8,8192,98.337
16,0,8,16384,116.213
16,0,8,32768,149.536
16,0,16,16,71.5517
16,0,16,32,70.9657
16,0,16,64,72.9183
16,0,16,128,73.6003
16,0,16,256,79.744
16,0,16,512,81.418
16,0,16,1024,84.128
16,0,16,2048,88.0333
16,0,16,4096,97.3767
16,0,16,8192,115.2
16,0,16,16384,150.155
16,0,16,32768,218.261
16,0,32,16,73.557
16,0,32,32,73.9853
16,0,32,64,74.369
16,0,32,128,76.864
16,0,32,256,84.2877
16,0,32,512,87.3607
16,0,32,1024,91.8193
16,0,32,2048,100.29
16,0,32,4096,118.475
16,0,32,8192,153.612
16,0,32,16384,219.841
16,0,32,32768,356.438
16,0,64,16,76.481
16,0,64,32,77.9737
16,0,64,64,77.782
16,0,64,128,79.4137
16,0,64,256,94.934
16,0,64,512,97.2913
16,0,64,1024,106.667
16,0,64,2048,125.59
16,0,64,4096,161.664
16,0,64,8192,227.969
16,0,64,16384,363.233
16,0,64,32768,632.908
16,0,128,16,88.6297
16,0,128,32,88.5443
16,0,128,64,87.809
16,0,128,128,89.697
16,0,128,256,102.762
16,0,128,512,109.824
16,0,128,1024,128.949
16,0,128,2048,162.263
16,0,128,4096,229.752
16,0,128,8192,367.276
16,0,128,16384,636.493
16,0,128,32768,1170.03
16,16,0,0,66.474
16,16,1,16,68.7377
16,16,1,32,68.65
16,16,1,64,69.835
16,16,1,128,71.276
16,16,1,256,76.789
16,16,1,512,76.5873
16,16,1,1024,76.513
16,16,1,2048,79.339
16,16,1,4096,82.892
16,16,1,8192,89.4613
16,16,1,16384,103.531
16,16,1,32768,130.667
16,16,2,16,68.896
16,16,2,32,68.6943
16,16,2,64,69.4297
16,16,2,128,71.3287
16,16,2,256,76.3513
16,16,2,512,75.5203
16,16,2,1024,77.581
16,16,2,2048,78.676
16,16,2,4096,83.0393
16,16,2,8192,88.8203
16,16,2,16384,103.073
16,16,2,32768,130.294
16,16,4,16,68.277
16,16,4,32,68.394
16,16,4,64,69.5247
16,16,4,128,71.8937
16,16,4,256,76.043
16,16,4,512,76.7267
16,16,4,1024,79.0493
16,16,4,2048,82.0697
16,16,4,4096,84.8213
16,16,4,8192,90.8473
16,16,4,16384,105.92
16,16,4,32768,133.184
16,16,8,16,69.6227
16,16,8,32,68.662
16,16,8,64,70.454
16,16,8,128,71.8173
16,16,8,256,76.949
16,16,8,512,77.75
16,16,8,1024,81.12
16,16,8,2048,84.1283
16,16,8,4096,89.2383
16,16,8,8192,98.2617
16,16,8,16384,115.968
16,16,8,32768,149.877
16,16,16,16,70.411
16,16,16,32,70.4867
16,16,16,64,71.851
16,16,16,128,73.5357
16,16,16,256,80.9173
16,16,16,512,81.2583
16,16,16,1024,84.31
16,16,16,2048,88.0953
16,16,16,4096,105.175
16,16,16,8192,122.924
16,16,16,16384,157.761
16,16,16,32768,220.438
16,16,32,16,73.066
16,16,32,32,72.45
16,16,32,64,75.125
16,16,32,128,75.7867
16,16,32,256,83.6467
16,16,32,512,87.8717
16,16,32,1024,98.604
16,16,32,2048,108.426
16,16,32,4096,125.228
16,16,32,8192,158.293
16,16,32,16384,224.439
16,16,32,32768,355.606
16,16,64,16,76.4707
16,16,64,32,77.024
16,16,64,64,79.212
16,16,64,128,79.9677
16,16,64,256,99.8197
16,16,64,512,103.861
16,16,64,1024,115.456
16,16,64,2048,132.064
16,16,64,4096,164.918
16,16,64,8192,229.248
16,16,64,16384,362.626
16,16,64,32768,630.466
16,16,128,16,88.0753
16,16,128,32,88.4267
16,16,128,64,90.5907
16,16,128,128,95.3397
16,16,128,256,106.603
16,16,128,512,116.075
16,16,128,1024,134.806
16,16,128,2048,170.742
16,16,128,4096,234.198
16,16,128,8192,367.585
16,16,128,16384,635.126
16,16,128,32768,1171.22
16,32,0,0,66.7517
16,32,1,16,68.726
16,32,1,32,68.821
16,32,1,64,70.1657
16,32,1,128,70.9757
16,32,1,256,75.5203
16,32,1,512,76.8
16,32,1,1024,77.4193
16,32,1,2048,79.2223
16,32,1,4096,82.9443
16,32,1,8192,89.088
16,32,1,16384,103.318
16,32,1,32768,129.974
16,32,2,16,68.7357
16,32,2,32,68.821
16,32,2,64,69.515
16,32,2,128,71.168
16,32,2,256,76.811
16,32,2,512,75.5617
16,32,2,1024,77.7503
16,32,2,2048,79.3063
16,32,2,4096,83.6057
16,32,2,8192,89.163
16,32,2,16384,103.82
16,32,2,32768,130.572
16,32,4,16,68.768
16,32,4,32,68.8203
16,32,4,64,69.8143
16,32,4,128,71.264
16,32,4,256,76.0427
16,32,4,512,77.7397
16,32,4,1024,78.592
16,32,4,2048,82.0163
16,32,4,4096,84.9287
16,32,4,8192,91.712
16,32,4,16384,106.454
16,32,4,32768,134.091
16,32,8,16,69.9947
16,32,8,32,69.194
16,32,8,64,70.977
16,32,8,128,72.4477
16,32,8,256,77.5253
16,32,8,512,78.155
16,32,8,1024,80.9277
16,32,8,2048,84.4897
16,32,8,4096,89.6323
16,32,8,8192,98.562
16,32,8,16384,117.601
16,32,8,32768,149.004
16,32,16,16,71.0717
16,32,16,32,71.1153
16,32,16,64,73.4193
16,32,16,128,73.825
16,32,16,256,81.3223
16,32,16,512,82.4003
16,32,16,1024,84.9923
16,32,16,2048,89.3653
16,32,16,4096,105.067
16,32,16,8192,122.455
16,32,16,16384,158.027
16,32,16,32768,221.748
16,32,32,16,74.1977
16,32,32,32,72.9063
16,32,32,64,74.092
16,32,32,128,76.1283
16,32,32,256,83.6807
16,32,32,512,87.6283
16,32,32,1024,97.9753
16,32,32,2048,109.589
16,32,32,4096,124.362
16,32,32,8192,157.58
16,32,32,16384,225.1
16,32,32,32768,354.476
16,32,64,16,77.6747
16,32,64,32,77.0663
16,32,64,64,77.8023
16,32,64,128,80.108
16,32,64,256,99.4557
16,32,64,512,104.491
16,32,64,1024,114.636
16,32,64,2048,130.965
16,32,64,4096,165.803
16,32,64,8192,228.736
16,32,64,16384,362.785
16,32,64,32768,629.378
16,32,128,16,87.797
16,32,128,32,89.4303
16,32,128,64,89.4297
16,32,128,128,93.3873
16,32,128,256,106.315
16,32,128,512,118.39
16,32,128,1024,135.914
16,32,128,2048,172.555
16,32,128,4096,233.536
16,32,128,8192,365.249
16,32,128,16384,631.991
16,32,128,32768,1173.02
16,64,0,0,67.563
16,64,1,16,70.1973
16,64,1,32,70.4423
16,64,1,64,70.2727
16,64,1,128,70.9977
16,64,1,256,80.5117
16,64,1,512,78.506
16,64,1,1024,79.9903
16,64,1,2048,80.235
16,64,1,4096,82.8573
16,64,1,8192,88.822
16,64,1,16384,103.041
16,64,1,32768,130.71
16,64,2,16,70.3567
16,64,2,32,70.911
16,64,2,64,70.976
16,64,2,128,71.436
16,64,2,256,78.8577
16,64,2,512,76.685
16,64,2,1024,77.5573
16,64,2,2048,79.2327
16,64,2,4096,83.2217
16,64,2,8192,89.0683
16,64,2,16384,103.841
16,64,2,32768,131.126
16,64,4,16,70.9663
16,64,4,32,70.5723
16,64,4,64,70.4537
16,64,4,128,71.4023
16,64,4,256,80.373
16,64,4,512,77.7813
16,64,4,1024,79.607
16,64,4,2048,81.5257
16,64,4,4096,84.8323
16,64,4,8192,91.0717
16,64,4,16384,105.974
16,64,4,32768,133.408
16,64,8,16,70.9013
16,64,8,32,70.924
16,64,8,64,70.8473
16,64,8,128,72.108
16,64,8,256,81.2573
16,64,8,512,78.3903
16,64,8,1024,81.3113
16,64,8,2048,85.0557
16,64,8,4096,89.718
16,64,8,8192,98.3793
16,64,8,16384,117.162
16,64,8,32768,150.017
16,64,16,16,72.6407
16,64,16,32,72.7577
16,64,16,64,73.76
16,64,16,128,74.0687
16,64,16,256,82.0157
16,64,16,512,81.601
16,64,16,1024,84.449
16,64,16,2048,88.7257
16,64,16,4096,108.672
16,64,16,8192,125.505
16,64,16,16384,159.521
16,64,16,32768,224.13
16,64,32,16,74.923
16,64,32,32,74.5287
16,64,32,64,74.805
16,64,32,128,76.661
16,64,32,256,84.1917
16,64,32,512,87.669
16,64,32,1024,101.718
16,64,32,2048,110.155
16,64,32,4096,127.306
16,64,32,8192,163.979
16,64,32,16384,226.379
16,64,32,32768,355.701
16,64,64,16,78.24
16,64,64,32,78.1027
16,64,64,64,78.465
16,64,64,128,79.841
16,64,64,256,102.348
16,64,64,512,106.144
16,64,64,1024,117.248
16,64,64,2048,133.26
16,64,64,4096,166.476
16,64,64,8192,232.876
16,64,64,16384,362.305
16,64,64,32768,631.831
16,64,128,16,88.8523
16,64,128,32,88.959
16,64,128,64,91.564
16,64,128,128,95.0187
16,64,128,256,109.228
16,64,128,512,120.002
16,64,128,1024,140.268
16,64,128,2048,171.905
16,64,128,4096,235.905
16,64,128,8192,365.537
16,64,128,16384,634.422
16,64,128,32768,1173.33
16,128,0,0,70.1027
16,128,1,16,71.6147
16,128,1,32,71.626
16,128,1,64,71.6057
16,128,1,128,71.786
16,128,1,256,81.6437
16,128,1,512,79.724
16,128,1,1024,79.4243
16,128,1,2048,81.6213
16,128,1,4096,84.2357
16,128,1,8192,89.2477
16,128,1,16384,103.18
16,128,1,32768,130.282
16,128,2,16,72.417
16,128,2,32,71.3073
16,128,2,64,72.1173
16,128,2,128,71.85
16,128,2,256,78.667
16,128,2,512,77.6327
16,128,2,1024,78.3687
16,128,2,2048,80.8337
16,128,2,4096,83.0607
16,128,2,8192,88.5327
16,128,2,16384,103.712
16,128,2,32768,130.486
16,128,4,16,72.0423
16,128,4,32,71.8813
16,128,4,64,71.3193
16,128,4,128,71.8613
16,128,4,256,79.425
16,128,4,512,78.6027
16,128,4,1024,79.169
16,128,4,2048,80.9927
16,128,4,4096,85.1627
16,128,4,8192,90.3043
16,128,4,16384,105.579
16,128,4,32768,133.537
16,128,8,16,72.16
16,128,8,32,72.4907
16,128,8,64,72.3733
16,128,8,128,72.5337
16,128,8,256,81.386
16,128,8,512,78.784
16,128,8,1024,83.6597
16,128,8,2048,83.957
16,128,8,4096,89.4947
16,128,8,8192,99.1357
16,128,8,16384,117.514
16,128,8,32768,150.455
16,128,16,16,73.303
16,128,16,32,73.9943
16,128,16,64,73.8567
16,128,16,128,73.718
16,128,16,256,83.488
16,128,16,512,82.8377
16,128,16,1024,84.1073
16,128,16,2048,88.4807
16,128,16,4096,111.648
16,128,16,8192,125.174
16,128,16,16384,158.135
16,128,16,32768,223.67
16,128,32,16,76.2667
16,128,32,32,76.6627
16,128,32,64,76.735
16,128,32,128,75.382
16,128,32,256,88.0523
16,128,32,512,88.0747
16,128,32,1024,101.355
16,128,32,2048,110.7
16,128,32,4096,129.526
16,128,32,8192,162.112
16,128,32,16384,227.905
16,128,32,32768,356.545
16,128,64,16,79.6373
16,128,64,32,79.6907
16,128,64,64,79.574
16,128,64,128,79.53
16,128,64,256,102.508
16,128,64,512,106.571
16,128,64,1024,117.941
16,128,64,2048,135.297
16,128,64,4096,169.378
16,128,64,8192,233.451
16,128,64,16384,364.216
16,128,64,32768,630.839
16,128,128,16,89.3447
16,128,128,32,89.0563
16,128,128,64,91.6913
16,128,128,128,96.2137
16,128,128,256,111.221
16,128,128,512,122.41
16,128,128,1024,142.166
16,128,128,2048,174.101
16,128,128,4096,239.307
16,128,128,8192,367.478
16,128,128,16384,633.133
16,128,128,32768,1170.73
16,256,0,0,76.1813
16,256,1,16,80.5557
16,256,1,32,80.8543
16,256,1,64,82.5173
16,256,1,128,82.0797
16,256,1,256,81.5047
16,256,1,512,81.1623
16,256,1,1024,80.47
16,256,1,2048,82.165
16,256,1,4096,84.0333
16,256,1,8192,89.9843
16,256,1,16384,103.499
16,256,1,32768,130.592
16,256,2,16,78.39
16,256,2,32,79.041
16,256,2,64,79.7763
16,256,2,128,79.7967
16,256,2,256,80.193
16,256,2,512,78.6987
16,256,2,1024,79.125
16,256,2,2048,80.48
16,256,2,4096,82.977
16,256,2,8192,89.7063
16,256,2,16384,102.869
16,256,2,32768,129.708
16,256,4,16,81.0347
16,256,4,32,80.4693
16,256,4,64,81.1737
16,256,4,128,81.0033
16,256,4,256,80.7573
16,256,4,512,79.243
16,256,4,1024,81.3233
16,256,4,2048,82.784
16,256,4,4096,85.014
16,256,4,8192,91.188
16,256,4,16384,105.344
16,256,4,32768,133.642
16,256,8,16,81.2263
16,256,8,32,81.4407
16,256,8,64,81.1303
16,256,8,128,82.1873
16,256,8,256,82.0797
16,256,8,512,81.3657
16,256,8,1024,84.4597
16,256,8,2048,86.24
16,256,8,4096,89.3767
16,256,8,8192,97.7387
16,256,8,16384,115.595
16,256,8,32768,150.346
16,256,16,16,81.312
16,256,16,32,81.738
16,256,16,64,83.477
16,256,16,128,84.1603
16,256,16,256,84.8437
16,256,16,512,83.9997
16,256,16,1024,85.4073
16,256,16,2048,89.6643
16,256,16,4096,111.21
16,256,16,8192,129.516
16,256,16,16384,165.133
16,256,16,32768,228.782
16,256,32,16,84.48
16,256,32,32,85.078
16,256,32,64,86.165
16,256,32,128,88.7787
16,256,32,256,88.2773
16,256,32,512,90.1553
16,256,32,1024,101.899
16,256,32,2048,113.452
16,256,32,4096,133.45
16,256,32,8192,166.507
16,256,32,16384,231.745
16,256,32,32768,359.776
16,256,64,16,89.5263
16,256,64,32,90.165
16,256,64,64,90.422
16,256,64,128,100.705
16,256,64,256,104.288
16,256,64,512,110.732
16,256,64,1024,120.203
16,256,64,2048,139.051
16,256,64,4096,172.801
16,256,64,8192,237.599
16,256,64,16384,368.002
16,256,64,32768,629.283
16,256,128,16,100.405
16,256,128,32,100.107
16,256,128,64,105.024
16,256,128,128,106.284
16,256,128,256,111.628
16,256,128,512,126.465
16,256,128,1024,144.757
16,256,128,2048,176.417
16,256,128,4096,242.71
16,256,128,8192,375.147
16,256,128,16384,635.938
16,256,128,32768,1169.49
16,512,0,0,77.343
16,512,1,16,82.4423
16,512,1,32,82.6027
16,512,1,64,82.4437
16,512,1,128,81.9723
16,512,1,256,82.134
16,512,1,512,83.1253
16,512,1,1024,82.4733
16,512,1,2048,83.9993
16,512,1,4096,83.979
16,512,1,8192,90.6037
16,512,1,16384,104.343
16,512,1,32768,130.976
16,512,2,16,80.546
16,512,2,32,81.046
16,512,2,64,81.1527
16,512,2,128,81.4403
16,512,2,256,81.5697
16,512,2,512,81.823
16,512,2,1024,82.1973
16,512,2,2048,81.431
16,512,2,4096,83.553
16,512,2,8192,90.2303
16,512,2,16384,103.596
16,512,2,32768,130.432
16,512,4,16,82.1437
16,512,4,32,82.455
16,512,4,64,82.4967
16,512,4,128,83.702
16,512,4,256,82.443
16,512,4,512,82.944
16,512,4,1024,84.8633
16,512,4,2048,83.6173
16,512,4,4096,86.581
16,512,4,8192,91.5307
16,512,4,16384,106.358
16,512,4,32768,133.729
16,512,8,16,81.6537
16,512,8,32,81.5677
16,512,8,64,81.867
16,512,8,128,82.7527
16,512,8,256,82.9443
16,512,8,512,82.5383
16,512,8,1024,85.6737
16,512,8,2048,87.563
16,512,8,4096,91.0943
16,512,8,8192,98.807
16,512,8,16384,116.522
16,512,8,32768,150.507
16,512,16,16,82.027
16,512,16,32,82.6143
16,512,16,64,83.212
16,512,16,128,83.957
16,512,16,256,84.406
16,512,16,512,85.3233
16,512,16,1024,87.222
16,512,16,2048,90.08
16,512,16,4096,98.549
16,512,16,8192,135.904
16,512,16,16384,168.535
16,512,16,32768,233.089
16,512,32,16,87.008
16,512,32,32,87.2737
16,512,32,64,86.719
16,512,32,128,89.7287
16,512,32,256,94.2827
16,512,32,512,91.8617
16,512,32,1024,93.482
16,512,32,2048,115.798
16,512,32,4096,138.134
16,512,32,8192,173.239
16,512,32,16384,235.275
16,512,32,32768,366.134
16,512,64,16,91.5423
16,512,64,32,93.5577
16,512,64,64,90.9017
16,512,64,128,92.736
16,512,64,256,105.313
16,512,64,512,111.073
16,512,64,1024,125.174
16,512,64,2048,145.248
16,512,64,4096,180.63
16,512,64,8192,244.118
16,512,64,16384,371.116
16,512,64,32768,633.848
16,512,128,16,99.5097
16,512,128,32,99.5843
16,512,128,64,101.932
16,512,128,128,106.485
16,512,128,256,116.235
16,512,128,512,128.3
16,512,128,1024,150.54
16,512,128,2048,182.785
16,512,128,4096,248.652
16,512,128,8192,377.548
16,512,128,16384,632.749
16,512,128,32768,1171.71
16,1024,0,0,81.824
16,1024,1,16,84.864
16,1024,1,32,85.3113
16,1024,1,64,84.6177
16,1024,1,128,85.3547
16,1024,1,256,85.1637
16,1024,1,512,85.4083
16,1024,1,1024,85.643
16,1024,1,2048,84.9273
16,1024,1,4096,84.9807
16,1024,1,8192,90.23
16,1024,1,16384,105.142
16,1024,1,32768,131.36
16,1024,2,16,83.8307
16,1024,2,32,83.8077
16,1024,2,64,83.8393
16,1024,2,128,83.6163
16,1024,2,256,83.6377
16,1024,2,512,83.9263
16,1024,2,1024,84.1387
16,1024,2,2048,83.201
16,1024,2,4096,83.915
16,1024,2,8192,90.5813
16,1024,2,16384,105.068
16,1024,2,32768,131.532
16,1024,4,16,84.6827
16,1024,4,32,85.429
16,1024,4,64,84.9603
16,1024,4,128,84.3527
16,1024,4,256,84.854
16,1024,4,512,85.515
16,1024,4,1024,85.7917
16,1024,4,2048,87.7433
16,1024,4,4096,87.7347
16,1024,4,8192,92.8427
16,1024,4,16384,107.735
16,1024,4,32768,133.898
16,1024,8,16,84.6397
16,1024,8,32,84.8637
16,1024,8,64,85.3133
16,1024,8,128,86.1333
16,1024,8,256,86.5293
16,1024,8,512,87.2113
16,1024,8,1024,85.9317
16,1024,8,2048,87.5523
16,1024,8,4096,92.5767
16,1024,8,8192,100.939
16,1024,8,16384,116.641
16,1024,8,32768,150.871
16,1024,16,16,86.4433
16,1024,16,32,86.8477
16,1024,16,64,86.6667
16,1024,16,128,88.4497
16,1024,16,256,88.5547
16,1024,16,512,87.0293
16,1024,16,1024,88.8533
16,1024,16,2048,90.4847
16,1024,16,4096,100.139
16,1024,16,8192,116.588
16,1024,16,16384,182.807
16,1024,16,32768,246.411
16,1024,32,16,89.5047
16,1024,32,32,89.7707
16,1024,32,64,89.8023
16,1024,32,128,95.5207
16,1024,32,256,92.6937
16,1024,32,512,97.973
16,1024,32,1024,97.0243
16,1024,32,2048,118.209
16,1024,32,4096,145.153
16,1024,32,8192,185.1
16,1024,32,16384,249.462
16,1024,32,32768,377.922
16,1024,64,16,93.6547
16,1024,64,32,94.2397
16,1024,64,64,93.2687
16,1024,64,128,94.603
16,1024,64,256,104.118
16,1024,64,512,111.018
16,1024,64,1024,126.539
16,1024,64,2048,154.786
16,1024,64,4096,191.095
16,1024,64,8192,256.695
16,1024,64,16384,388.139
16,1024,64,32768,641.795
16,1024,128,16,101.633
16,1024,128,32,100.747
16,1024,128,64,103.936
16,1024,128,128,107.435
16,1024,128,256,112.321
16,1024,128,512,129.196
16,1024,128,1024,155.842
16,1024,128,2048,195.308
16,1024,128,4096,261.27
16,1024,128,8192,390.753
16,1024,128,16384,646.797
16,1024,128,32768,1170.23
16,2048,0,0,86.316
16,2048,1,16,88.97
16,2048,1,32,88.9923
16,2048,1,64,88.7043
16,2048,1,128,88.6837
16,2048,1,256,88.5007
16,2048,1,512,90.0697
16,2048,1,1024,88.4483
16,2048,1,2048,89.7283
16,2048,1,4096,89.0133
16,2048,1,8192,91.7653
16,2048,1,16384,105.355
16,2048,1,32768,132.31
16,2048,2,16,88.5017
16,2048,2,32,88.598
16,2048,2,64,88.2883
16,2048,2,128,88.8647
16,2048,2,256,88.619
16,2048,2,512,88.6303
16,2048,2,1024,88.8427
16,2048,2,2048,89.132
16,2048,2,4096,86.3263
16,2048,2,8192,92.288
16,2048,2,16384,105.985
16,2048,2,32768,132.119
16,2048,4,16,89.205
16,2048,4,32,89.098
16,2048,4,64,89.045
16,2048,4,128,90.0907
16,2048,4,256,89.7817
16,2048,4,512,89.995
16,2048,4,1024,90.23
16,2048,4,2048,88.695
16,2048,4,4096,91.701
16,2048,4,8192,93.9207
16,2048,4,16384,108.033
16,2048,4,32768,134.315
16,2048,8,16,90.1547
16,2048,8,32,90.23
16,2048,8,64,89.9307
16,2048,8,128,90.2403
16,2048,8,256,91.0187
16,2048,8,512,91.0727
16,2048,8,1024,89.3537
16,2048,8,2048,89.674
16,2048,8,4096,94.335
16,2048,8,8192,101.206
16,2048,8,16384,117.559
16,2048,8,32768,151.808
16,2048,16,16,90.7837
16,2048,16,32,90.561
16,2048,16,64,90.784
16,2048,16,128,91.1897
16,2048,16,256,92.459
16,2048,16,512,91.253
16,2048,16,1024,91.5103
16,2048,16,2048,94.188
16,2048,16,4096,100.363
16,2048,16,8192,116.95
16,2048,16,16384,151.478
16,2048,16,32768,270.818
16,2048,32,16,93.3123
16,2048,32,32,94.1013
16,2048,32,64,93.6
16,2048,32,128,93.579
16,2048,32,256,98.9113
16,2048,32,512,96.2363
16,2048,32,1024,109.162
16,2048,32,2048,104.95
16,2048,32,4096,146.88
16,2048,32,8192,202.433
16,2048,32,16384,273.495
16,2048,32,32768,405.75
16,2048,64,16,96.288
16,2048,64,32,96.2577
16,2048,64,64,98.8053
16,2048,64,128,99.7007
16,2048,64,256,97.886
16,2048,64,512,112.564
16,2048,64,1024,126.389
16,2048,64,2048,155.477
16,2048,64,4096,212.684
16,2048,64,8192,282.176
16,2048,64,16384,409.184
16,2048,64,32768,668.494
16,2048,128,16,104.437
16,2048,128,32,104.725
16,2048,128,64,105.323
16,2048,128,128,105.889
16,2048,128,256,114.859
16,2048,128,512,127.841
16,2048,128,1024,161.248
16,2048,128,2048,214.315
16,2048,128,4096,286.582
16,2048,128,8192,414.819
16,2048,128,16384,672.003
16,2048,128,32768,1186.73
16,4096,0,0,90.8687
16,4096,1,16,94.9433
16,4096,1,32,93.9307
16,4096,1,64,94.102
16,4096,1,128,94.1563
16,4096,1,256,93.3447
16,4096,1,512,93.3123
16,4096,1,1024,93.953
16,4096,1,2048,93.792
16,4096,1,4096,93.867
16,4096,1,8192,93.7173
16,4096,1,16384,106.838
16,4096,1,32768,132.534
16,4096,2,16,92.9917
16,4096,2,32,93.408
16,4096,2,64,94.7207
16,4096,2,128,94.2513
16,4096,2,256,93.2903
16,4096,2,512,93.8247
16,4096,2,1024,93.325
16,4096,2,2048,93.4507
16,4096,2,4096,93.6203
16,4096,2,8192,92.8747
16,4096,2,16384,107.436
16,4096,2,32768,132.46
16,4096,4,16,94.8057
16,4096,4,32,94.0063
16,4096,4,64,94.8267
16,4096,4,128,94.913
16,4096,4,256,94.1437
16,4096,4,512,95.285
16,4096,4,1024,94.2617
16,4096,4,2048,94.7947
16,4096,4,4096,94.742
16,4096,4,8192,99.531
16,4096,4,16384,108.513
16,4096,4,32768,135.702
16,4096,8,16,94.7313
16,4096,8,32,95.157
16,4096,8,64,94.955
16,4096,8,128,94.774
16,4096,8,256,95.2637
16,4096,8,512,95.6797
16,4096,8,1024,95.7653
16,4096,8,2048,95.66
16,4096,8,4096,98.8587
16,4096,8,8192,105.045
16,4096,8,16384,119.969
16,4096,8,32768,152.342
16,4096,16,16,96.7897
16,4096,16,32,96.0647
16,4096,16,64,96.1293
16,4096,16,128,96.6523
16,4096,16,256,96.1403
16,4096,16,512,95.3283
16,4096,16,1024,96.876
16,4096,16,2048,98.6553
16,4096,16,4096,103.743
16,4096,16,8192,119.062
16,4096,16,16384,151.254
16,4096,16,32768,311.179
16,4096,32,16,98.8597
16,4096,32,32,99.392
16,4096,32,64,97.1203
16,4096,32,128,98.507
16,4096,32,256,98.8487
16,4096,32,512,104.341
16,4096,32,1024,103.126
16,4096,32,2048,128.012
16,4096,32,4096,123.712
16,4096,32,8192,203.042
16,4096,32,16384,316.939
16,4096,32,32768,451.448
16,4096,64,16,102.633
16,4096,64,32,103.18
16,4096,64,64,101.878
16,4096,64,128,101.09
16,4096,64,256,107.125
16,4096,64,512,106.635
16,4096,64,1024,125.429
16,4096,64,2048,154.018
16,4096,64,4096,212.941
16,4096,64,8192,325.761
16,4096,64,16384,458.667
16,4096,64,32768,715.597
16,4096,128,16,111.082
16,4096,128,32,110.667
16,4096,128,64,111.436
16,4096,128,128,112.139
16,4096,128,256,116.054
16,4096,128,512,126.506
16,4096,128,1024,154.315
16,4096,128,2048,216.182
16,4096,128,4096,328.672
16,4096,128,8192,465.537
16,4096,128,16384,723.235
16,4096,128,32768,1232.99
16,8192,0,0,98.7633
16,8192,1,16,102.133
16,8192,1,32,101.26
16,8192,1,64,101.686
16,8192,1,128,101.269
16,8192,1,256,101.141
16,8192,1,512,101.846
16,8192,1,1024,102.294
16,8192,1,2048,101.921
16,8192,1,4096,101.516
16,8192,1,8192,101.621
16,8192,1,16384,107.777
16,8192,1,32768,133.963
16,8192,2,16,101.206
16,8192,2,32,101.888
16,8192,2,64,101.152
16,8192,2,128,101.28
16,8192,2,256,101.952
16,8192,2,512,101.237
16,8192,2,1024,101.057
16,8192,2,2048,101.184
16,8192,2,4096,101.866
16,8192,2,8192,102.07
16,8192,2,16384,107.499
16,8192,2,32768,134.007
16,8192,4,16,102.817
16,8192,4,32,101.804
16,8192,4,64,102.358
16,8192,4,128,101.847
16,8192,4,256,102.593
16,8192,4,512,102.466
16,8192,4,1024,102.433
16,8192,4,2048,102.145
16,8192,4,4096,102.881
16,8192,4,8192,105.623
16,8192,4,16384,111.136
16,8192,4,32768,136.812
16,8192,8,16,103.318
16,8192,8,32,103.371
16,8192,8,64,103.755
16,8192,8,128,103.402
16,8192,8,256,103.541
16,8192,8,512,102.187
16,8192,8,1024,103.489
16,8192,8,2048,104.138
16,8192,8,4096,107.191
16,8192,8,8192,111.232
16,8192,8,16384,123.543
16,8192,8,32768,156.044
16,8192,16,16,103.606
16,8192,16,32,104.48
16,8192,16,64,104.426
16,8192,16,128,102.944
16,8192,16,256,103.393
16,8192,16,512,103.904
16,8192,16,1024,105.461
16,8192,16,2048,107.125
16,8192,16,4096,111.648
16,8192,16,8192,123.467
16,8192,16,16384,154.753
16,8192,16,32768,221.858
16,8192,32,16,107.328
16,8192,32,32,107.115
16,8192,32,64,107.039
16,8192,32,128,106.496
16,8192,32,256,103.979
16,8192,32,512,106.634
16,8192,32,1024,120.021
16,8192,32,2048,114.123
16,8192,32,4096,162.411
16,8192,32,8192,160.833
16,8192,32,16384,314.102
16,8192,32,32768,547.437
16,8192,64,16,111.894
16,8192,64,32,111.125
16,8192,64,64,109.632
16,8192,64,128,110.379
16,8192,64,256,111.028
16,8192,64,512,120.396
16,8192,64,1024,117.013
16,8192,64,2048,151.382
16,8192,64,4096,210.23
16,8192,64,8192,322.124
16,8192,64,16384,556.482
16,8192,64,32768,816.26
16,8192,128,16,121.164
16,8192,128,32,122.016
16,8192,128,64,121.9
16,8192,128,128,117.941
16,8192,128,256,129.227
16,8192,128,512,127.159
16,8192,128,1024,154.827
16,8192,128,2048,212.949
16,8192,128,4096,330.518
16,8192,128,8192,555.448
16,8192,128,16384,822.818
16,8192,128,32768,1330.96
16,16384,0,0,113.28
16,16384,1,16,115.797
16,16384,1,32,115.926
16,16384,1,64,116.459
16,16384,1,128,116.17
16,16384,1,256,116.074
16,16384,1,512,115.542
16,16384,1,1024,115.542
16,16384,1,2048,115.926
16,16384,1,4096,115.638
16,16384,1,8192,116.405
16,16384,1,16384,117.462
16,16384,1,32768,134.893
16,16384,2,16,115.435
16,16384,2,32,115.946
16,16384,2,64,115.638
16,16384,2,128,116.162
16,16384,2,256,115.52
16,16384,2,512,115.967
16,16384,2,1024,116.289
16,16384,2,2048,115.413
16,16384,2,4096,116.172
16,16384,2,8192,117.185
16,16384,2,16384,120.073
16,16384,2,32768,135.222
16,16384,4,16,116.523
16,16384,4,32,116.544
16,16384,4,64,117.29
16,16384,4,128,116.246
16,16384,4,256,115.958
16,16384,4,512,116.256
16,16384,4,1024,116.129
16,16384,4,2048,117.185
16,16384,4,4096,118.635
16,16384,4,8192,121.644
16,16384,4,16384,125.804
16,16384,4,32768,138.423
16,16384,8,16,117.495
16,16384,8,32,117.292
16,16384,8,64,117.569
16,16384,8,128,117.674
16,16384,8,256,118.241
16,16384,8,512,117.771
16,16384,8,1024,118.305
16,16384,8,2048,119.53
16,16384,8,4096,121.27
16,16384,8,8192,126.176
16,16384,8,16384,136.278
16,16384,8,32768,169.376
16,16384,16,16,118.401
16,16384,16,32,118.775
16,16384,16,64,117.792
16,16384,16,128,117.771
16,16384,16,256,118.903
16,16384,16,512,118.453
16,16384,16,1024,119.264
16,16384,16,2048,122.496
16,16384,16,4096,127.947
16,16384,16,8192,137.93
16,16384,16,16384,168.235
16,16384,16,32768,233.559
16,16384,32,16,121.173
16,16384,32,32,121.013
16,16384,32,64,121.547
16,16384,32,128,121.216
16,16384,32,256,122.049
16,16384,32,512,121.888
16,16384,32,1024,124.533
16,16384,32,2048,146.56
16,16384,32,4096,141.109
16,16384,32,8192,233.867
16,16384,32,16384,236.544
16,16384,32,32768,537.43
16,16384,64,16,125.27
16,16384,64,32,125.355
16,16384,64,64,126.113
16,16384,64,128,126.09
16,16384,64,256,126.444
16,16384,64,512,128.683
16,16384,64,1024,148.311
16,16384,64,2048,143.307
16,16384,64,4096,207.874
16,16384,64,8192,319.264
16,16384,64,16384,544.119
16,16384,64,32768,1009.51
16,16384,128,16,135.691
16,16384,128,32,135.574
16,16384,128,64,135.703
16,16384,128,128,135.639
16,16384,128,256,137.418
16,16384,128,512,147.423
16,16384,128,1024,155.724
16,16384,128,2048,208.631
16,16384,128,4096,320.012
16,16384,128,8192,548.503
16,16384,128,16384,1009.48
16,16384,128,32768,1530.31
16,32768,0,0,139.893
16,32768,1,16,143.414
16,32768,1,32,143.019
16,32768,1,64,142.987
16,32768,1,128,144.065
16,32768,1,256,143.948
16,32768,1,512,143.478
16,32768,1,1024,143.637
16,32768,1,2048,143.072
16,32768,1,4096,143.083
16,32768,1,8192,143.126
16,32768,1,16384,145.878
16,32768,1,32768,146.166
16,32768,2,16,142.283
16,32768,2,32,142.987
16,32768,2,64,142.4
16,32768,2,128,142.849
16,32768,2,256,142.635
16,32768,2,512,143.435
16,32768,2,1024,142.39
16,32768,2,2048,143.243
16,32768,2,4096,142.944
16,32768,2,8192,144.353
16,32768,2,16384,145.686
16,32768,2,32768,153.397
16,32768,4,16,143.937
16,32768,4,32,145.014
16,32768,4,64,143.702
16,32768,4,128,143.829
16,32768,4,256,144.961
16,32768,4,512,144.875
16,32768,4,1024,143.5
16,32768,4,2048,143.435
16,32768,4,4096,146.069
16,32768,4,8192,145.836
16,32768,4,16384,155.542
16,32768,4,32768,168.235
16,32768,8,16,144.683
16,32768,8,32,144.63
16,32768,8,64,145.078
16,32768,8,128,144.587
16,32768,8,256,144.566
16,32768,8,512,144.555
16,32768,8,1024,145.708
16,32768,8,2048,146.795
16,32768,8,4096,147.19
16,32768,8,8192,154.954
16,32768,8,16384,168.618
16,32768,8,32768,189.931
16,32768,16,16,145.621
16,32768,16,32,145.782
16,32768,16,64,144.693
16,32768,16,128,145.879
16,32768,16,256,145.227
16,32768,16,512,146.156
16,32768,16,1024,147.242
16,32768,16,2048,148.139
16,32768,16,4096,155.799
16,32768,16,8192,170.7
16,32768,16,16384,190.017
16,32768,16,32768,255.446
16,32768,32,16,148.139
16,32768,32,32,148.17
16,32768,32,64,149.09
16,32768,32,128,147.829
16,32768,32,256,148.374
16,32768,32,512,149.365
16,32768,32,1024,150.391
16,32768,32,2048,158.741
16,32768,32,4096,198.794
16,32768,32,8192,194.155
16,32768,32,16384,374.049
16,32768,32,32768,385.174
16,32768,64,16,151.927
16,32768,64,32,152.14
16,32768,64,64,151.723
16,32768,64,128,152.811
16,32768,64,256,153.919
16,32768,64,512,161.665
16,32768,64,1024,162.411
16,32768,64,2048,200.907
16,32768,64,4096,196.717
16,32768,64,8192,314.496
16,32768,64,16384,536.088
16,32768,64,32768,992.612
16,32768,128,16,161.975
16,32768,128,32,160.81
16,32768,128,64,163.393
16,32768,128,128,164.874
16,32768,128,256,166.624
16,32768,128,512,170.284
16,32768,128,1024,187.223
16,32768,128,2048,211.009
16,32768,128,4096,317.633
16,32768,128,8192,538.36
16,32768,128,16384,996.815
16,32768,128,32768,1920.18
32,0,0,0,69.932
32,0,1,16,70.1863
32,0,1,32,70.2827
32,0,1,64,70.881
32,0,1,128,72.661
32,0,1,256,77.4397
32,0,1,512,75.7763
32,0,1,1024,79.3183
32,0,1,2048,82.3357
32,0,1,4096,88.4903
32,0,1,8192,101.099
32,0,1,16384,126.709
32,0,1,32768,178.24
32,0,2,16,69.5147
32,0,2,32,70.379
32,0,2,64,71.169
32,0,2,128,73.0123
32,0,2,256,76.9283
32,0,2,512,77.878
32,0,2,1024,79.1683
32,0,2,2048,82.3133
32,0,2,4096,88.6623
32,0,2,8192,101.323
32,0,2,16384,127.531
32,0,2,32768,178.07
32,0,4,16,70.933
32,0,4,32,71.233
32,0,4,64,71.4127
32,0,4,128,73.4833
32,0,4,256,77.207
32,0,4,512,77.59
32,0,4,1024,79.883
32,0,4,2048,82.5927
32,0,4,4096,89.7593
32,0,4,8192,103.201
32,0,4,16384,127.648
32,0,4,32768,178.528
32,0,8,16,72.118
32,0,8,32,72.5333
32,0,8,64,72.2987
32,0,8,128,73.5253
32,0,8,256,77.92
32,0,8,512,80.3307
32,0,8,1024,82.9877
32,0,8,2048,85.473
32,0,8,4096,92.7257
32,0,8,8192,106.614
32,0,8,16384,133.654
32,0,8,32768,185.28
32,0,16,16,71.9257
32,0,16,32,72.2993
32,0,16,64,73.4623
32,0,16,128,75.1673
32,0,16,256,81.7607
32,0,16,512,82.6027
32,0,16,1024,86.08
32,0,16,2048,90.6033
32,0,16,4096,99.307
32,0,16,8192,118.624
32,0,16,16384,154.741
32,0,16,32768,221.27
32,0,32,16,73.761
32,0,32,32,73.281
32,0,32,64,75.446
32,0,32,128,76.4163
32,0,32,256,85.0883
32,0,32,512,88.33
32,0,32,1024,95.99
32,0,32,2048,102.859
32,0,32,4096,119.744
32,0,32,8192,155.552
32,0,32,16384,221.248
32,0,32,32768,357.473
32,0,64,16,77.568
32,0,64,32,77.931
32,0,64,64,80.0107
32,0,64,128,81.3453
32,0,64,256,99.2437
32,0,64,512,103.53
32,0,64,1024,112.769
32,0,64,2048,127.637
32,0,64,4096,162.453
32,0,64,8192,230.71
32,0,64,16384,365.207
32,0,64,32768,634.316
32,0,128,16,91.797
32,0,128,32,91.626
32,0,128,64,93.5253
32,0,128,128,95.4047
32,0,128,256,108.118
32,0,128,512,118.197
32,0,128,1024,133.002
32,0,128,2048,167.36
32,0,128,4096,235.424
32,0,128,8192,371.68
32,0,128,16384,639.564
32,0,128,32768,1173.82
32,16,0,0,69.7603
32,16,1,16,70.3033
32,16,1,32,70.0697
32,16,1,64,71.1577
32,16,1,128,72.7043
32,16,1,256,76.9083
32,16,1,512,77.2053
32,16,1,1024,78.6783
32,16,1,2048,82.324
32,16,1,4096,88.0963
32,16,1,8192,101.141
32,16,1,16384,126.485
32,16,1,32768,177.279
32,16,2,16,70.4327
32,16,2,32,70.1227
32,16,2,64,71.6167
32,16,2,128,72.7793
32,16,2,256,78.1107
32,16,2,512,76.4607
32,16,2,1024,78.6997
32,16,2,2048,81.8347
32,16,2,4096,88.821
32,16,2,8192,101.441
32,16,2,16384,127.265
32,16,2,32768,177.281
32,16,4,16,71.723
32,16,4,32,70.7857
32,16,4,64,71.8827
32,16,4,128,74.464
32,16,4,256,78.6883
32,16,4,512,78.5277
32,16,4,1024,80.993
32,16,4,2048,83.414
32,16,4,4096,89.867
32,16,4,8192,103.244
32,16,4,16384,128.887
32,16,4,32768,179.936
32,16,8,16,70.7953
32,16,8,32,71.073
32,16,8,64,72.4273
32,16,8,128,74.4533
32,16,8,256,80.736
32,16,8,512,80.7147
32,16,8,1024,83.19
32,16,8,2048,85.2587
32,16,8,4096,93.6227
32,16,8,8192,107.011
32,16,8,16384,133.526
32,16,8,32768,187.36
32,16,16,16,72.566
32,16,16,32,72.8427
32,16,16,64,73.7173
32,16,16,128,74.783
32,16,16,256,82.4537
32,16,16,512,83.9147
32,16,16,1024,86.3797
32,16,16,2048,91.157
32,16,16,4096,106.976
32,16,16,8192,125.878
32,16,16,16384,162.709
32,16,16,32768,226.081
32,16,32,16,74.1133
32,16,32,32,74.2937
32,16,32,64,75.2323
32,16,32,128,75.9473
32,16,32,256,85.4397
32,16,32,512,88.1277
32,16,32,1024,99.671
32,16,32,2048,109.43
32,16,32,4096,128.118
32,16,32,8192,161.419
32,16,32,16384,227.831
32,16,32,32768,365.259
32,16,64,16,78.9017
32,16,64,32,77.6847
32,16,64,64,79.4553
32,16,64,128,81.728
32,16,64,256,100.683
32,16,64,512,105.269
32,16,64,1024,116.34
32,16,64,2048,134.625
32,16,64,4096,168.897
32,16,64,8192,235.649
32,16,64,16384,368.929
32,16,64,32768,637.378
32,16,128,16,91.4033
32,16,128,32,92.8437
32,16,128,64,93.4607
32,16,128,128,96.4913
32,16,128,256,110.145
32,16,128,512,121.002
32,16,128,1024,139.264
32,16,128,2048,171.831
32,16,128,4096,238.88
32,16,128,8192,370.796
32,16,128,16384,634.349
32,16,128,32768,1178.2
32,32,0,0,69.911
32,32,1,16,70.0467
32,32,1,32,70.6337
32,32,1,64,71.2433
32,32,1,128,72.823
32,32,1,256,76.3737
32,32,1,512,77.8037
32,32,1,1024,78.304
32,32,1,2048,82.368
32,32,1,4096,88.0337
32,32,1,8192,101.76
32,32,1,16384,126.817
32,32,1,32768,178.465
32,32,2,16,70.3887
32,32,2,32,70.6357
32,32,2,64,71.435
32,32,2,128,72.7893
32,32,2,256,77.4723
32,32,2,512,76.6833
32,32,2,1024,77.92
32,32,2,2048,82.2623
32,32,2,4096,87.893
32,32,2,8192,101.036
32,32,2,16384,127.211
32,32,2,32768,177.57
32,32,4,16,71.595
32,32,4,32,70.5613
32,32,4,64,72.746
32,32,4,128,73.612
32,32,4,256,79.0933
32,32,4,512,79.0503
32,32,4,1024,80.555
32,32,4,2048,84.3843
32,32,4,4096,90.1337
32,32,4,8192,103.233
32,32,4,16384,128.427
32,32,4,32768,180.738
32,32,8,16,71.1153
32,32,8,32,71.509
32,32,8,64,72.948
32,32,8,128,73.4293
32,32,8,256,79.5197
32,32,8,512,81.5467
32,32,8,1024,82.39
32,32,8,2048,86.3263
32,32,8,4096,93.6107
32,32,8,8192,107.596
32,32,8,16384,133.323
32,32,8,32768,186.412
32,32,16,16,71.306
32,32,16,32,71.7223
32,32,16,64,73.0453
32,32,16,128,74.9873
32,32,16,256,83.2547
32,32,16,512,83.3397
32,32,16,1024,85.9517
32,32,16,2048,91.2223
32,32,16,4096,107.574
32,32,16,8192,127.2
32,32,16,16384,163.308
32,32,16,32768,227.713
32,32,32,16,73.472
32,32,32,32,73.4397
32,32,32,64,75.1993
32,32,32,128,75.959
32,32,32,256,84.5127
32,32,32,512,88.716
32,32,32,1024,99.2753
32,32,32,2048,110.934
32,32,32,4096,126.55
32,32,32,8192,161.292
32,32,32,16384,228.737
32,32,32,32768,361.922
32,32,64,16,78.057
32,32,64,32,78.1023
32,32,64,64,79.6697
32,32,64,128,81.132
32,32,64,256,100.619
32,32,64,512,106.059
32,32,64,1024,117.28
32,32,64,2048,135.275
32,32,64,4096,169.088
32,32,64,8192,236.833
32,32,64,16384,370.381
32,32,64,32768,637.315
32,32,128,16,90.8693
32,32,128,32,91.67
32,32,128,64,94.2613
32,32,128,128,96.7273
32,32,128,256,109.813
32,32,128,512,120.726
32,32,128,1024,138.059
32,32,128,2048,170.796
32,32,128,4096,236.128
32,32,128,8192,371.531
32,32,128,16384,639.277
32,32,128,32768,1172.38
32,64,0,0,72.202
32,64,1,16,71.722
32,64,1,32,72.3287
32,64,1,64,72.6087
32,64,1,128,73.2797
32,64,1,256,80.395
32,64,1,512,80.3093
32,64,1,1024,80.139
32,64,1,2048,84.7473
32,64,1,4096,90.975
32,64,1,8192,101.067
32,64,1,16384,127.117
32,64,1,32768,177.408
32,64,2,16,71.5303
32,64,2,32,72.31
32,64,2,64,72.118
32,64,2,128,72.6713
32,64,2,256,83.2427
32,64,2,512,81.5353
32,64,2,1024,81.345
32,64,2,2048,84.1717
32,64,2,4096,88.4473
32,64,2,8192,101.035
32,64,2,16384,126.518
32,64,2,32768,177.675
32,64,4,16,73.1207
32,64,4,32,73.0987
32,64,4,64,72.672
32,64,4,128,74.2617
32,64,4,256,83.5413
32,64,4,512,81.7277
32,64,4,1024,83.6807
32,64,4,2048,83.862
32,64,4,4096,90.283
32,64,4,8192,103.339
32,64,4,16384,129.291
32,64,4,32768,180.161
32,64,8,16,73.1733
32,64,8,32,72.843
32,64,8,64,72.928
32,64,8,128,73.8683
32,64,8,256,83.9693
32,64,8,512,82.486
32,64,8,1024,82.0483
32,64,8,2048,85.8573
32,64,8,4096,92.6823
32,64,8,8192,107.628
32,64,8,16384,134.059
32,64,8,32768,186.701
32,64,16,16,74.646
32,64,16,32,73.9307
32,64,16,64,74.8043
32,64,16,128,74.4003
32,64,16,256,87.0507
32,64,16,512,82.8703
32,64,16,1024,85.8253
32,64,16,2048,91.7233
32,64,16,4096,112.47
32,64,16,8192,126.997
32,64,16,16384,164.236
32,64,16,32768,231.617
32,64,32,16,75.9473
32,64,32,32,75.243
32,64,32,64,75.5737
32,64,32,128,76.128
32,64,32,256,85.3967
32,64,32,512,87.168
32,64,32,1024,102.059
32,64,32,2048,111.873
32,64,32,4096,129.269
32,64,32,8192,162.604
32,64,32,16384,230.668
32,64,32,32768,362.572
32,64,64,16,80.4473
32,64,64,32,80.662
32,64,64,64,79.991
32,64,64,128,80.3847
32,64,64,256,103.392
32,64,64,512,106.411
32,64,64,1024,118.582
32,64,64,2048,136.619
32,64,64,4096,171.423
32,64,64,8192,234.88
32,64,64,16384,372.279
32,64,64,32768,639.716
32,64,128,16,91.2007
32,64,128,32,91.189
32,64,128,64,94.8267
32,64,128,128,97.3977
32,64,128,256,112.32
32,64,128,512,123.338
32,64,128,1024,141.665
32,64,128,2048,175.478
32,64,128,4096,242.336
32,64,128,8192,372.705
32,64,128,16384,639.096
32,64,128,32768,1175.72
32,128,0,0,73.301
32,128,1,16,73.5043
32,128,1,32,73.195
32,128,1,64,73.963
32,128,1,128,73.781
32,128,1,256,81.9733
32,128,1,512,81.1407
32,128,1,1024,81.4507
32,128,1,2048,84.886
32,128,1,4096,91.9483
32,128,1,8192,102.55
32,128,1,16384,126.06
32,128,1,32768,177.226
32,128,2,16,73.163
32,128,2,32,73.6637
32,128,2,64,73.419
32,128,2,128,73.1413
32,128,2,256,83.5953
32,128,2,512,82.2943
32,128,2,1024,81.932
32,128,2,2048,85.1417
32,128,2,4096,89.8147
32,128,2,8192,101.462
32,128,2,16384,126.134
32,128,2,32768,178.4
32,128,4,16,74.848
32,128,4,32,74.282
32,128,4,64,74.966
32,128,4,128,74.368
32,128,4,256,83.659
32,128,4,512,82.0177
32,128,4,1024,83.168
32,128,4,2048,86.6353
32,128,4,4096,89.483
32,128,4,8192,103.872
32,128,4,16384,129.067
32,128,4,32768,180.373
32,128,8,16,74.4643
32,128,8,32,74.8467
32,128,8,64,74.1757
32,128,8,128,74.2623
32,128,8,256,85.217
32,128,8,512,83.1143
32,128,8,1024,84.9293
32,128,8,2048,86.4543
32,128,8,4096,92.182
32,128,8,8192,107.308
32,128,8,16384,134.251
32,128,8,32768,187.009
32,128,16,16,74.688
32,128,16,32,75.9673
32,128,16,64,75.4247
32,128,16,128,75.5737
32,128,16,256,86.9973
32,128,16,512,87.126
32,128,16,1024,86.6033
32,128,16,2048,90.9233
32,128,16,4096,101.525
32,128,16,8192,128.491
32,128,16,16384,163.851
32,128,16,32768,230.016
32,128,32,16,76.4803
32,128,32,32,76.427
32,128,32,64,76.4687
32,128,32,128,76.4267
32,128,32,256,88.9083
32,128,32,512,88.31
32,128,32,1024,100.822
32,128,32,2048,112.042
32,128,32,4096,130.934
32,128,32,8192,164.202
32,128,32,16384,230.026
32,128,32,32768,364.108
32,128,64,16,81.8883
32,128,64,32,81.1193
32,128,64,64,81.4203
32,128,64,128,81.366
32,128,64,256,102.839
32,128,64,512,108.427
32,128,64,1024,118.4
32,128,64,2048,138.306
32,128,64,4096,173.964
32,128,64,8192,237.718
32,128,64,16384,371.361
32,128,64,32768,641.538
32,128,128,16,91.968
32,128,128,32,92.3527
32,128,128,64,95.0727
32,128,128,128,96.992
32,128,128,256,114.305
32,128,128,512,123.628
32,128,128,1024,142.454
32,128,128,2048,177.014
32,128,128,4096,242.496
32,128,128,8192,372.215
32,128,128,16384,638.807
32,128,128,32768,1174.44
32,256,0,0,83.0297
32,256,1,16,85.687
32,256,1,32,85.5483
32,256,1,64,85.751
32,256,1,128,85.3443
32,256,1,256,85.6003
32,256,1,512,83.8617
32,256,1,1024,83.1573
32,256,1,2048,86.347
32,256,1,4096,91.1467
32,256,1,8192,103.915
32,256,1,16384,129.29
32,256,1,32768,177.344
32,256,2,16,85.676
32,256,2,32,85.6203
32,256,2,64,85.963
32,256,2,128,86.2293
32,256,2,256,86.9653
32,256,2,512,84.589
32,256,2,1024,83.1577
32,256,2,2048,84.3637
32,256,2,4096,91.105
32,256,2,8192,103.189
32,256,2,16384,127.318
32,256,2,32768,177.719
32,256,4,16,86.688
32,256,4,32,86.464
32,256,4,64,87.275
32,256,4,128,87.1997
32,256,4,256,87.4447
32,256,4,512,86.0147
32,256,4,1024,84.716
32,256,4,2048,87.4247
32,256,4,4096,92.0637
32,256,4,8192,103.446
32,256,4,16384,129.621
32,256,4,32768,180.759
32,256,8,16,86.3143
32,256,8,32,86.933
32,256,8,64,87.446
32,256,8,128,87.4877
32,256,8,256,88.1623
32,256,8,512,87.0943
32,256,8,1024,85.6533
32,256,8,2048,87.8403
32,256,8,4096,93.4397
32,256,8,8192,106.209
32,256,8,16384,133.878
32,256,8,32768,186.956
32,256,16,16,87.5623
32,256,16,32,88.396
32,256,16,64,89.547
32,256,16,128,88.63
32,256,16,256,88.1187
32,256,16,512,89.6
32,256,16,1024,89.8983
32,256,16,2048,91.3703
32,256,16,4096,101.099
32,256,16,8192,132.321
32,256,16,16384,167.178
32,256,16,32768,233.623
32,256,32,16,89.4827
32,256,32,32,89.793
32,256,32,64,87.0523
32,256,32,128,89.3557
32,256,32,256,96.1067
32,256,32,512,90.9223
32,256,32,1024,92.01
32,256,32,2048,114.123
32,256,32,4096,133.748
32,256,32,8192,167.457
32,256,32,16384,235.894
32,256,32,32768,368.876
32,256,64,16,93.631
32,256,64,32,94.5607
32,256,64,64,95.041
32,256,64,128,94.7
32,256,64,256,105.248
32,256,64,512,110.571
32,256,64,1024,119.958
32,256,64,2048,141.814
32,256,64,4096,175.222
32,256,64,8192,241.494
32,256,64,16384,374.796
32,256,64,32768,643.564
32,256,128,16,105.323
32,256,128,32,106.24
32,256,128,64,109.195
32,256,128,128,111.328
32,256,128,256,114.24
32,256,128,512,126.538
32,256,128,1024,144.898
32,256,128,2048,180.651
32,256,128,4096,243.861
32,256,128,8192,374.829
32,256,128,16384,646.466
32,256,128,32768,1172.28
32,512,0,0,85.429
32,512,1,16,86.6027
32,512,1,32,86.059
32,512,1,64,86.0693
32,512,1,128,86.454
32,512,1,256,85.9843
32,512,1,512,85.335
32,512,1,1024,85.5467
32,512,1,2048,86.2933
32,512,1,4096,92.8737
32,512,1,8192,104.16
32,512,1,16384,130.39
32,512,1,32768,179.383
32,512,2,16,87.5413
32,512,2,32,86.816
32,512,2,64,87.2227
32,512,2,128,86.8057
32,512,2,256,87.0407
32,512,2,512,88.161
32,512,2,1024,84.726
32,512,2,2048,86.3577
32,512,2,4096,91.8513
32,512,2,8192,104.32
32,512,2,16384,128.011
32,512,2,32768,177.505
32,512,4,16,87.6257
32,512,4,32,87.4673
32,512,4,64,87.4677
32,512,4,128,87.8187
32,512,4,256,87.5623
32,512,4,512,87.6803
32,512,4,1024,86.1337
32,512,4,2048,87.1787
32,512,4,4096,93.2377
32,512,4,8192,105.867
32,512,4,16384,129.429
32,512,4,32768,180.481
32,512,8,16,87.862
32,512,8,32,87.6897
32,512,8,64,87.595
32,512,8,128,88.5547
32,512,8,256,88.2563
32,512,8,512,88.9503
32,512,8,1024,88.545
32,512,8,2048,89.003
32,512,8,4096,95.5417
32,512,8,8192,106.902
32,512,8,16384,133.186
32,512,8,32768,186.561
32,512,16,16,87.574
32,512,16,32,88.022
32,512,16,64,87.6263
32,512,16,128,89.4193
32,512,16,256,90.9557
32,512,16,512,90.9867
32,512,16,1024,90.2823
32,512,16,2048,93.1843
32,512,16,4096,100.427
32,512,16,8192,119.209
32,512,16,16384,173.291
32,512,16,32768,237.57
32,512,32,16,90.4323
32,512,32,32,89.4507
32,512,32,64,89.9737
32,512,32,128,96.598
32,512,32,256,92.2143
32,512,32,512,100.587
32,512,32,1024,94.6137
32,512,32,2048,116.535
32,512,32,4096,137.344
32,512,32,8192,172.289
32,512,32,16384,239.298
32,512,32,32768,375.34
32,512,64,16,96.119
32,512,64,32,97.0773
32,512,64,64,95.5627
32,512,64,128,96.0637
32,512,64,256,107.903
32,512,64,512,113.345
32,512,64,1024,125.045
32,512,64,2048,144.972
32,512,64,4096,181.899
32,512,64,8192,246.945
32,512,64,16384,377.602
32,512,64,32768,649.293
32,512,128,16,105.355
32,512,128,32,104.395
32,512,128,64,106.614
32,512,128,128,109.504
32,512,128,256,119.146
32,512,128,512,130.218
32,512,128,1024,150.273
32,512,128,2048,186.839
32,512,128,4096,252.992
32,512,128,8192,385.847
32,512,128,16384,636.918
32,512,128,32768,1172.95
32,1024,0,0,88.5773
32,1024,1,16,90.0803
32,1024,1,32,89.6017
32,1024,1,64,89.867
32,1024,1,128,90.2503
32,1024,1,256,89.7717
32,1024,1,512,90.348
32,1024,1,1024,89.75
32,1024,1,2048,86.9973
32,1024,1,4096,93.121
32,1024,1,8192,105.995
32,1024,1,16384,130.539
32,1024,1,32768,180.62
32,1024,2,16,90.9443
32,1024,2,32,90.4857
32,1024,2,64,90.5603
32,1024,2,128,90.9327
32,1024,2,256,90.3903
32,1024,2,512,90.7413
32,1024,2,1024,91.2007
32,1024,2,2048,87.8833
32,1024,2,4096,93.4393
32,1024,2,8192,104.747
32,1024,2,16384,129.173
32,1024,2,32768,179.276
32,1024,4,16,91.1893
32,1024,4,32,91.6903
32,1024,4,64,91.8503
32,1024,4,128,90.2943
32,1024,4,256,91.0297
32,1024,4,512,91.457
32,1024,4,1024,92.395
32,1024,4,2048,89.3017
32,1024,4,4096,94.6037
32,1024,4,8192,106.412
32,1024,4,16384,130.868
32,1024,4,32768,180.311
32,1024,8,16,91.7113
32,1024,8,32,92.213
32,1024,8,64,91.286
32,1024,8,128,91.0513
32,1024,8,256,91.5207
32,1024,8,512,92.6083
32,1024,8,1024,91.6063
32,1024,8,2048,93.27
32,1024,8,4096,96.7783
32,1024,8,8192,109.76
32,1024,8,16384,133.665
32,1024,8,32768,188.481
32,1024,16,16,91.2957
32,1024,16,32,91.809
32,1024,16,64,92.0977
32,1024,16,128,91.7217
32,1024,16,256,93.8253
32,1024,16,512,93.2173
32,1024,16,1024,93.824
32,1024,16,2048,94.9773
32,1024,16,4096,102.432
32,1024,16,8192,118.741
32,1024,16,16384,153.579
32,1024,16,32768,250.956
32,1024,32,16,94.048
32,1024,32,32,94.0707
32,1024,32,64,94.0263
32,1024,32,128,92.6613
32,1024,32,256,97.2057
32,1024,32,512,94.7307
32,1024,32,1024,109.91
32,1024,32,2048,104.896
32,1024,32,4096,144.342
32,1024,32,8192,184.747
32,1024,32,16384,250.572
32,1024,32,32768,384.79
32,1024,64,16,97.792
32,1024,64,32,96.7043
32,1024,64,64,99.6377
32,1024,64,128,99.3707
32,1024,64,256,99.69
32,1024,64,512,115.33
32,1024,64,1024,128.107
32,1024,64,2048,154.806
32,1024,64,4096,192.939
32,1024,64,8192,257.888
32,1024,64,16384,393.312
32,1024,64,32768,657.698
32,1024,128,16,113.12
32,1024,128,32,110.741
32,1024,128,64,109.909
32,1024,128,128,109.184
32,1024,128,256,118.443
32,1024,128,512,133.974
32,1024,128,1024,157.644
32,1024,128,2048,198.08
32,1024,128,4096,261.547
32,1024,128,8192,390.701
32,1024,128,16384,655.522
32,1024,128,32768,1182.95
32,2048,0,0,93.43
32,2048,1,16,93.8463
32,2048,1,32,94.8273
32,2048,1,64,94.0917
32,2048,1,128,93.9303
32,2048,1,256,95.1037
32,2048,1,512,93.397
32,2048,1,1024,94.177
32,2048,1,2048,94.251
32,2048,1,4096,93.1843
32,2048,1,8192,105.825
32,2048,1,16384,131.126
32,2048,1,32768,180.864
32,2048,2,16,94.934
32,2048,2,32,95.3073
32,2048,2,64,93.825
32,2048,2,128,94.3363
32,2048,2,256,94.902
32,2048,2,512,95.402
32,2048,2,1024,95.136
32,2048,2,2048,95.6257
32,2048,2,4096,93.2597
32,2048,2,8192,105.162
32,2048,2,16384,130.219
32,2048,2,32768,180.075
32,2048,4,16,95.659
32,2048,4,32,95.4027
32,2048,4,64,95.062
32,2048,4,128,96.2033
32,2048,4,256,96.4047
32,2048,4,512,95.4773
32,2048,4,1024,95.4243
32,2048,4,2048,95.626
32,2048,4,4096,94.976
32,2048,4,8192,107.318
32,2048,4,16384,132.055
32,2048,4,32768,181.996
32,2048,8,16,95.585
32,2048,8,32,95.9467
32,2048,8,64,95.7553
32,2048,8,128,95.9263
32,2048,8,256,96.2887
32,2048,8,512,96.2663
32,2048,8,1024,96.1393
32,2048,8,2048,95.606
32,2048,8,4096,99.7353
32,2048,8,8192,109.952
32,2048,8,16384,135.393
32,2048,8,32768,187.574
32,2048,16,16,96.5237
32,2048,16,32,97.493
32,2048,16,64,96.7883
32,2048,16,128,96.4377
32,2048,16,256,96.1713
32,2048,16,512,98.3467
32,2048,16,1024,96.8017
32,2048,16,2048,100.821
32,2048,16,4096,104.991
32,2048,16,8192,123.019
32,2048,16,16384,153.068
32,2048,16,32768,268.746
32,2048,32,16,98.3047
32,2048,32,32,98.38
32,2048,32,64,96.202
32,2048,32,128,97.8667
32,2048,32,256,97.7173
32,2048,32,512,105.227
32,2048,32,1024,101.44
32,2048,32,2048,127.701
32,2048,32,4096,124.235
32,2048,32,8192,200.768
32,2048,32,16384,270.23
32,2048,32,32768,404.407
32,2048,64,16,102.784
32,2048,64,32,104.716
32,2048,64,64,102.71
32,2048,64,128,104.139
32,2048,64,256,107.584
32,2048,64,512,106.774
32,2048,64,1024,126.176
32,2048,64,2048,154.358
32,2048,64,4096,211.018
32,2048,64,8192,279.072
32,2048,64,16384,410.935
32,2048,64,32768,682.53
32,2048,128,16,115.254
32,2048,128,32,115.829
32,2048,128,64,116.032
32,2048,128,128,120.384
32,2048,128,256,118.22
32,2048,128,512,130.486
32,2048,128,1024,161.728
32,2048,128,2048,215.222
32,2048,128,4096,285.666
32,2048,128,8192,414.306
32,2048,128,16384,676.727
32,2048,128,32768,1189.02
32,4096,0,0,101.483
32,4096,1,16,102.891
32,4096,1,32,101.558
32,4096,1,64,101.879
32,4096,1,128,101.887
32,4096,1,256,102.39
32,4096,1,512,102.123
32,4096,1,1024,102.656
32,4096,1,2048,102.624
32,4096,1,4096,103.051
32,4096,1,8192,107.275
32,4096,1,16384,131.809
32,4096,1,32768,181.793
32,4096,2,16,103.019
32,4096,2,32,103.072
32,4096,2,64,102.06
32,4096,2,128,102.763
32,4096,2,256,102.688
32,4096,2,512,103.157
32,4096,2,1024,102.848
32,4096,2,2048,103.147
32,4096,2,4096,104.203
32,4096,2,8192,105.953
32,4096,2,16384,132.192
32,4096,2,32768,180.96
32,4096,4,16,103.819
32,4096,4,32,103.605
32,4096,4,64,103.104
32,4096,4,128,103.563
32,4096,4,256,103.659
32,4096,4,512,103.723
32,4096,4,1024,103.607
32,4096,4,2048,103.382
32,4096,4,4096,104.608
32,4096,4,8192,108.299
32,4096,4,16384,133.888
32,4096,4,32768,184.299
32,4096,8,16,103.573
32,4096,8,32,104.725
32,4096,8,64,104.086
32,4096,8,128,103.446
32,4096,8,256,100.448
32,4096,8,512,104.086
32,4096,8,1024,103.69
32,4096,8,2048,106.058
32,4096,8,4096,109.089
32,4096,8,8192,111.339
32,4096,8,16384,135.734
32,4096,8,32768,189.398
32,4096,16,16,104.917
32,4096,16,32,104.246
32,4096,16,64,104.726
32,4096,16,128,104.587
32,4096,16,256,104.353
32,4096,16,512,104.118
32,4096,16,1024,106.154
32,4096,16,2048,108.919
32,4096,16,4096,112.395
32,4096,16,8192,129.921
32,4096,16,16384,160.363
32,4096,16,32768,223.254
32,4096,32,16,104.521
32,4096,32,32,104.844
32,4096,32,64,107.403
32,4096,32,128,107.254
32,4096,32,256,104.662
32,4096,32,512,106.634
32,4096,32,1024,118.837
32,4096,32,2048,113.558
32,4096,32,4096,163.542
32,4096,32,8192,161.868
32,4096,32,16384,311.287
32,4096,32,32768,447.776
32,4096,64,16,112.341
32,4096,64,32,111.862
32,4096,64,64,111.297
32,4096,64,128,112.65
32,4096,64,256,110.338
32,4096,64,512,120.843
32,4096,64,1024,117.793
32,4096,64,2048,154.081
32,4096,64,4096,209.196
32,4096,64,8192,320.503
32,4096,64,16384,454.871
32,4096,64,32768,724.705
32,4096,128,16,123.744
32,4096,128,32,124.171
32,4096,128,64,125.579
32,4096,128,128,127.682
32,4096,128,256,135.051
32,4096,128,512,132.107
32,4096,128,1024,157.428
32,4096,128,2048,216.278
32,4096,128,4096,326.605
32,4096,128,8192,459.116
32,4096,128,16384,728.399
32,4096,128,32768,1247.83
32,8192,0,0,114.357
32,8192,1,16,115.031
32,8192,1,32,114.976
32,8192,1,64,114.251
32,8192,1,128,114.827
32,8192,1,256,114.432
32,8192,1,512,114.678
32,8192,1,1024,114.828
32,8192,1,2048,114.582
32,8192,1,4096,114.367
32,8192,1,8192,116.886
32,8192,1,16384,133.418
32,8192,1,32768,182.529
32,8192,2,16,114.474
32,8192,2,32,115.126
32,8192,2,64,115.061
32,8192,2,128,115.573
32,8192,2,256,115.009
32,8192,2,512,115.168
32,8192,2,1024,114.775
32,8192,2,2048,115.755
32,8192,2,4096,117.792
32,8192,2,8192,117.739
32,8192,2,16384,131.904
32,8192,2,32768,182.496
32,8192,4,16,116.245
32,8192,4,32,115.916
32,8192,4,64,115.659
32,8192,4,128,115.553
32,8192,4,256,115.296
32,8192,4,512,117.184
32,8192,4,1024,116.448
32,8192,4,2048,118.177
32,8192,4,4096,117.611
32,8192,4,8192,121.462
32,8192,4,16384,134.294
32,8192,4,32768,185.419
32,8192,8,16,116.395
32,8192,8,32,116.321
32,8192,8,64,116.48
32,8192,8,128,116.565
32,8192,8,256,116.172
32,8192,8,512,112.662
32,8192,8,1024,118.071
32,8192,8,2048,118.037
32,8192,8,4096,121.44
32,8192,8,8192,127.381
32,8192,8,16384,137.28
32,8192,8,32768,190.466
32,8192,16,16,117.462
32,8192,16,32,116.917
32,8192,16,64,116.695
32,8192,16,128,116.95
32,8192,16,256,114.081
32,8192,16,512,118.933
32,8192,16,1024,119.221
32,8192,16,2048,123.456
32,8192,16,4096,127.884
32,8192,16,8192,138.166
32,8192,16,16384,172.854
32,8192,16,32768,236.533
32,8192,32,16,119.265
32,8192,32,32,119.68
32,8192,32,64,119.915
32,8192,32,128,115.937
32,8192,32,256,121.355
32,8192,32,512,119.51
32,8192,32,1024,123.811
32,8192,32,2048,145.633
32,8192,32,4096,140.128
32,8192,32,8192,234.443
32,8192,32,16384,237.451
32,8192,32,32768,532.472
32,8192,64,16,126.241
32,8192,64,32,126.538
32,8192,64,64,127.083
32,8192,64,128,126.731
32,8192,64,256,126.465
32,8192,64,512,129.515
32,8192,64,1024,147.607
32,8192,64,2048,143.04
32,8192,64,4096,208.523
32,8192,64,8192,314.571
32,8192,64,16384,538.85
32,8192,64,32768,811.566
32,8192,128,16,134.901
32,8192,128,32,134.156
32,8192,128,64,139.649
32,8192,128,128,141.036
32,8192,128,256,143.179
32,8192,128,512,150.187
32,8192,128,1024,160.203
32,8192,128,2048,211.553
32,8192,128,4096,324.14
32,8192,128,8192,547.062
32,8192,128,16384,812.163
32,8192,128,32768,1336.69
32,16384,0,0,139.648
32,16384,1,16,140.278
32,16384,1,32,140.321
32,16384,1,64,140.47
32,16384,1,128,140.405
32,16384,1,256,140.395
32,16384,1,512,140.843
32,16384,1,1024,140.513
32,16384,1,2048,140.628
32,16384,1,4096,140.107
32,16384,1,8192,140.854
32,16384,1,16384,145.43
32,16384,1,32768,183.819
32,16384,2,16,140.769
32,16384,2,32,141.142
32,16384,2,64,140.405
32,16384,2,128,140.822
32,16384,2,256,140.117
32,16384,2,512,140.545
32,16384,2,1024,141.068
32,16384,2,2048,140.119
32,16384,2,4096,141.313
32,16384,2,8192,146.369
32,16384,2,16384,146.635
32,16384,2,32768,185.164
32,16384,4,16,141.462
32,16384,4,32,141.227
32,16384,4,64,141.75
32,16384,4,128,142.294
32,16384,4,256,141.674
32,16384,4,512,141.525
32,16384,4,1024,141.452
32,16384,4,2048,141.824
32,16384,4,4096,147.233
32,16384,4,8192,147.286
32,16384,4,16384,155.286
32,16384,4,32768,186.39
32,16384,8,16,142.112
32,16384,8,32,142.71
32,16384,8,64,142.337
32,16384,8,128,141.975
32,16384,8,256,142.561
32,16384,8,512,142.198
32,16384,8,1024,138.379
32,16384,8,2048,146.464
32,16384,8,4096,147.756
32,16384,8,8192,156.662
32,16384,8,16384,168.395
32,16384,8,32768,191.392
32,16384,16,16,142.294
32,16384,16,32,143.542
32,16384,16,64,143.039
32,16384,16,128,143.009
32,16384,16,256,142.731
32,16384,16,512,144.544
32,16384,16,1024,147.308
32,16384,16,2048,148.098
32,16384,16,4096,157.494
32,16384,16,8192,171.584
32,16384,16,16384,192.918
32,16384,16,32768,260.993
32,16384,32,16,144.416
32,16384,32,32,144.939
32,16384,32,64,144.597
32,16384,32,128,144.833
32,16384,32,256,141.259
32,16384,32,512,150.827
32,16384,32,1024,149.398
32,16384,32,2048,159.211
32,16384,32,4096,198.721
32,16384,32,8192,194.091
32,16384,32,16384,371.714
32,16384,32,32768,385.281
32,16384,64,16,146.411
32,16384,64,32,146.199
32,16384,64,64,146.688
32,16384,64,128,155.617
32,16384,64,256,156.235
32,16384,64,512,158.229
32,16384,64,1024,164.032
32,16384,64,2048,200.736
32,16384,64,4096,198.112
32,16384,64,8192,317.143
32,16384,64,16384,528.694
32,16384,64,32768,981.988
32,16384,128,16,162.422
32,16384,128,32,163.296
32,16384,128,64,165.163
32,16384,128,128,164.887
32,16384,128,256,171.532
32,16384,128,512,170.689
32,16384,128,1024,190.912
32,16384,128,2048,213.462
32,16384,128,4096,317.1
32,16384,128,8192,534.881
32,16384,128,16384,988.078
32,16384,128,32768,1512.22
32,32768,0,0,189.676
32,32768,1,16,191.991
32,32768,1,32,191.584
32,32768,1,64,191.328
32,32768,1,128,191.167
32,32768,1,256,191.359
32,32768,1,512,191.618
32,32768,1,1024,190.774
32,32768,1,2048,191.467
32,32768,1,4096,191.073
32,32768,1,8192,192.151
32,32768,1,16384,191.285
32,32768,1,32768,285.303
32,32768,2,16,191.062
32,32768,2,32,192.011
32,32768,2,64,191.723
32,32768,2,128,191.5
32,32768,2,256,191.457
32,32768,2,512,191.979
32,32768,2,1024,191.041
32,32768,2,2048,192.097
32,32768,2,4096,192.886
32,32768,2,8192,192.289
32,32768,2,16384,286.551
32,32768,2,32768,206.763
32,32768,4,16,191.521
32,32768,4,32,192.544
32,32768,4,64,192.416
32,32768,4,128,193.217
32,32768,4,256,192.342
32,32768,4,512,191.81
32,32768,4,1024,192.086
32,32768,4,2048,192.223
32,32768,4,4096,192.663
32,32768,4,8192,286.38
32,32768,4,16384,205.976
32,32768,4,32768,224.887
32,32768,8,16,192.821
32,32768,8,32,193.11
32,32768,8,64,193.184
32,32768,8,128,193.067
32,32768,8,256,192.973
32,32768,8,512,193.068
32,32768,8,1024,193.869
32,32768,8,2048,190.763
32,32768,8,4096,285.291
32,32768,8,8192,208.095
32,32768,8,16384,225.429
32,32768,8,32768,252.79
32,32768,16,16,194.23
32,32768,16,32,193.878
32,32768,16,64,193.568
32,32768,16,128,194.082
32,32768,16,256,194.005
32,32768,16,512,194.219
32,32768,16,1024,204.075
32,32768,16,2048,235.629
32,32768,16,4096,208.843
32,32768,16,8192,226.679
32,32768,16,16384,253.847
32,32768,16,32768,298.262
32,32768,32,16,195.393
32,32768,32,32,196.065
32,32768,32,64,195.829
32,32768,32,128,196.149
32,32768,32,256,195.104
32,32768,32,512,198.765
32,32768,32,1024,211.456
32,32768,32,2048,209.911
32,32768,32,4096,227.585
32,32768,32,8192,302.316
32,32768,32,16384,300.588
32,32768,32,32768,651.692
32,32768,64,16,202.091
32,32768,64,32,202.155
32,32768,64,64,200.95
32,32768,64,128,201.025
32,32768,64,256,210.188
32,32768,64,512,216.096
32,32768,64,1024,212.023
32,32768,64,2048,232.79
32,32768,64,4096,304.481
32,32768,64,8192,302.923
32,32768,64,16384,524.226
32,32768,64,32768,955.705
32,32768,128,16,213.942
32,32768,128,32,213.43
32,32768,128,64,216.107
32,32768,128,128,217.859
32,32768,128,256,224.993
32,32768,128,512,224.854
32,32768,128,1024,243.489
32,32768,128,2048,271.286
32,32768,128,4096,318.924
32,32768,128,8192,528.909
32,32768,128,16384,961.293
32,32768,128,32768,1865.72
64,0,0,0,72.523
64,0,1,16,72.234
64,0,1,32,73.5683
64,0,1,64,73.2803
64,0,1,128,74.0803
64,0,1,256,78.3253
64,0,1,512,81.3017
64,0,1,1024,83.1363
64,0,1,2048,89.857
64,0,1,4096,101.899
64,0,1,8192,128.267
64,0,1,16384,179.606
64,0,1,32768,280.833
64,0,2,16,73.0143
64,0,2,32,72.33
64,0,2,64,73.0033
64,0,2,128,75.4027
64,0,2,256,79.658
64,0,2,512,82.5483
64,0,2,1024,83.8607
64,0,2,2048,89.7063
64,0,2,4096,102.389
64,0,2,8192,127.914
64,0,2,16384,178.314
64,0,2,32768,280.929
64,0,4,16,73.099
64,0,4,32,72.8543
64,0,4,64,73.1523
64,0,4,128,74.678
64,0,4,256,80.5983
64,0,4,512,81.0873
64,0,4,1024,84.3743
64,0,4,2048,90.529
64,0,4,4096,103.456
64,0,4,8192,128.715
64,0,4,16384,178.657
64,0,4,32768,282.23
64,0,8,16,72.7137
64,0,8,32,73.2687
64,0,8,64,73.9103
64,0,8,128,75.1363
64,0,8,256,79.8827
64,0,8,512,82.3583
64,0,8,1024,86.1123
64,0,8,2048,92.2363
64,0,8,4096,104.79
64,0,8,8192,130.529
64,0,8,16384,181.814
64,0,8,32768,284.875
64,0,16,16,73.6317
64,0,16,32,73.76
64,0,16,64,74.539
64,0,16,128,76.171
64,0,16,256,82.902
64,0,16,512,85.3337
64,0,16,1024,88.2133
64,0,16,2048,95.7023
64,0,16,4096,108.875
64,0,16,8192,134.401
64,0,16,16384,187.074
64,0,16,32768,292.812
64,0,32,16,75.7657
64,0,32,32,76.085
64,0,32,64,77.1843
64,0,32,128,78.5713
64,0,32,256,87.3273
64,0,32,512,90.7833
64,0,32,1024,97.813
64,0,32,2048,106.657
64,0,32,4096,123.478
64,0,32,8192,159.243
64,0,32,16384,227.307
64,0,32,32768,365.185
64,0,64,16,80.8533
64,0,64,32,81.3017
64,0,64,64,81.6647
64,0,64,128,83.457
64,0,64,256,103.169
64,0,64,512,107.681
64,0,64,1024,116.609
64,0,64,2048,133.643
64,0,64,4096,167.564
64,0,64,8192,236.374
64,0,64,16384,369.132
64,0,64,32768,636.12
64,0,128,16,94.655
64,0,128,32,95.222
64,0,128,64,95.4463
64,0,128,128,97.057
64,0,128,256,114.453
64,0,128,512,125.216
64,0,128,1024,140.471
64,0,128,2048,171.926
64,0,128,4096,240.374
64,0,128,8192,377.954
64,0,128,16384,647
64,0,128,32768,1183.18
64,16,0,0,73.4187
64,16,1,16,73.8127
64,16,1,32,73.0017
64,16,1,64,73.5467
64,16,1,128,74.4537
64,16,1,256,84.672
64,16,1,512,85.8243
64,16,1,1024,87.9137
64,16,1,2048,94.091
64,16,1,4096,102.456
64,16,1,8192,127.02
64,16,1,16384,179.306
64,16,1,32768,281.216
64,16,2,16,73.9837
64,16,2,32,73.7277
64,16,2,64,74.0057
64,16,2,128,74.7093
64,16,2,256,85.57
64,16,2,512,85.547
64,16,2,1024,88.9607
64,16,2,2048,89.5047
64,16,2,4096,102.689
64,16,2,8192,128.129
64,16,2,16384,180.054
64,16,2,32768,281.078
64,16,4,16,74.2637
64,16,4,32,73.6757
64,16,4,64,73.9307
64,16,4,128,75.148
64,16,4,256,85.7287
64,16,4,512,87.2097
64,16,4,1024,84.6937
64,16,4,2048,91.1573
64,16,4,4096,103.735
64,16,4,8192,128.939
64,16,4,16384,180.321
64,16,4,32768,282.166
64,16,8,16,74.314
64,16,8,32,74.305
64,16,8,64,73.525
64,16,8,128,75.338
64,16,8,256,85.857
64,16,8,512,82.7937
64,16,8,1024,86.3363
64,16,8,2048,92.7363
64,16,8,4096,104.917
64,16,8,8192,130.784
64,16,8,16384,182.048
64,16,8,32768,283.958
64,16,16,16,74.4207
64,16,16,32,74.902
64,16,16,64,74.7613
64,16,16,128,76.1717
64,16,16,256,83.9043
64,16,16,512,85.204
64,16,16,1024,88.4697
64,16,16,2048,95.7117
64,16,16,4096,108.49
64,16,16,8192,135.296
64,16,16,16384,186.89
64,16,16,32768,293.803
64,16,32,16,76.4487
64,16,32,32,76.927
64,16,32,64,76.587
64,16,32,128,78.9767
64,16,32,256,88.4693
64,16,32,512,90.5607
64,16,32,1024,94.7307
64,16,32,2048,112.704
64,16,32,4096,130.496
64,16,32,8192,164.064
64,16,32,16384,231.19
64,16,32,32768,366.039
64,16,64,16,81.9737
64,16,64,32,82.2723
64,16,64,64,81.6853
64,16,64,128,83.5197
64,16,64,256,103.467
64,16,64,512,108.735
64,16,64,1024,117.323
64,16,64,2048,135.914
64,16,64,4096,168.79
64,16,64,8192,235.244
64,16,64,16384,366.412
64,16,64,32768,638.209
64,16,128,16,93.5047
64,16,128,32,93.7183
64,16,128,64,97.44
64,16,128,128,97.1313
64,16,128,256,112.917
64,16,128,512,126.305
64,16,128,1024,140.725
64,16,128,2048,176.673
64,16,128,4096,240.971
64,16,128,8192,372.96
64,16,128,16384,639.906
64,16,128,32768,1181.4
64,32,0,0,73.345
64,32,1,16,73.7593
64,32,1,32,74.0593
64,32,1,64,73.3747
64,32,1,128,75.0403
64,32,1,256,84.459
64,32,1,512,85.6117
64,32,1,1024,88.6073
64,32,1,2048,95.158
64,32,1,4096,102.092
64,32,1,8192,128.064
64,32,1,16384,178.166
64,32,1,32768,280.502
64,32,2,16,73.6447
64,32,2,32,73.7807
64,32,2,64,73.6537
64,32,2,128,75.1457
64,32,2,256,86.1647
64,32,2,512,85.7063
64,32,2,1024,89.6
64,32,2,2048,90.9557
64,32,2,4096,102.732
64,32,2,8192,128.213
64,32,2,16384,180.535
64,32,2,32768,281.174
64,32,4,16,73.6743
64,32,4,32,74.038
64,32,4,64,74.4967
64,32,4,128,74.8903
64,32,4,256,86.4537
64,32,4,512,87.3183
64,32,4,1024,84.6827
64,32,4,2048,90.8273
64,32,4,4096,104.321
64,32,4,8192,128.961
64,32,4,16384,180.139
64,32,4,32768,282.433
64,32,8,16,74.358
64,32,8,32,74.0587
64,32,8,64,74.3043
64,32,8,128,75.0093
64,32,8,256,86.2293
64,32,8,512,82.3153
64,32,8,1024,85.8657
64,32,8,2048,92.9927
64,32,8,4096,104.982
64,32,8,8192,131.318
64,32,8,16384,182.326
64,32,8,32768,283.787
64,32,16,16,76.3727
64,32,16,32,74.8053
64,32,16,64,75.1577
64,32,16,128,76.6837
64,32,16,256,83.521
64,32,16,512,85.0123
64,32,16,1024,88.8963
64,32,16,2048,94.8263
64,32,16,4096,108.63
64,32,16,8192,134.454
64,32,16,16384,187.414
64,32,16,32768,292.567
64,32,32,16,77.419
64,32,32,32,77.377
64,32,32,64,77.5997
64,32,32,128,78.2403
64,32,32,256,87.841
64,32,32,512,89.5993
64,32,32,1024,94.261
64,32,32,2048,111.381
64,32,32,4096,130.806
64,32,32,8192,164.651
64,32,32,16384,232.354
64,32,32,32768,366.518
64,32,64,16,82.2303
64,32,64,32,83.126
64,32,64,64,83.0723
64,32,64,128,83.872
64,32,64,256,104.16
64,32,64,512,107.319
64,32,64,1024,118.305
64,32,64,2048,136.246
64,32,64,4096,169.386
64,32,64,8192,234.838
64,32,64,16384,365.301
64,32,64,32768,633.57
64,32,128,16,92.2997
64,32,128,32,94.8477
64,32,128,64,96.5127
64,32,128,128,97.429
64,32,128,256,115.541
64,32,128,512,122.539
64,32,128,1024,140.458
64,32,128,2048,176.929
64,32,128,4096,241.195
64,32,128,8192,375.159
64,32,128,16384,641.112
64,32,128,32768,1178.1
64,64,0,0,74.336
64,64,1,16,74.016
64,64,1,32,74.453
64,64,1,64,74.112
64,64,1,128,74.047
64,64,1,256,85.4297
64,64,1,512,86.6553
64,64,1,1024,89.013
64,64,1,2048,95.9687
64,64,1,4096,102.187
64,64,1,8192,128.002
64,64,1,16384,178.796
64,64,1,32768,280.78
64,64,2,16,73.9513
64,64,2,32,74.2503
64,64,2,64,74.9863
64,64,2,128,75.327
64,64,2,256,86.7633
64,64,2,512,86.0707
64,64,2,1024,89.2703
64,64,2,2048,90.4107
64,64,2,4096,102.795
64,64,2,8192,128.14
64,64,2,16384,178.956
64,64,2,32768,280.962
64,64,4,16,74.465
64,64,4,32,74.751
64,64,4,64,74.25
64,64,4,128,75.5527
64,64,4,256,86.1547
64,64,4,512,87.65
64,64,4,1024,84.1697
64,64,4,2048,91.2433
64,64,4,4096,103.04
64,64,4,8192,130.091
64,64,4,16384,179.446
64,64,4,32768,282.338
64,64,8,16,75.33
64,64,8,32,76.011
64,64,8,64,75.2103
64,64,8,128,75.265
64,64,8,256,87.3393
64,64,8,512,81.8143
64,64,8,1024,86.645
64,64,8,2048,92.5767
64,64,8,4096,105.15
64,64,8,8192,130.988
64,64,8,16384,182.316
64,64,8,32768,284.876
64,64,16,16,76.2657
64,64,16,32,75.1477
64,64,16,64,75.0287
64,64,16,128,76.0107
64,64,16,256,84.4173
64,64,16,512,85.0023
64,64,16,1024,88.7897
64,64,16,2048,95.0723
64,64,16,4096,108.332
64,64,16,8192,134.54
64,64,16,16384,187.489
64,64,16,32768,293.11
64,64,32,16,77.4183
64,64,32,32,77.952
64,64,32,64,77.835
64,64,32,128,77.9107
64,64,32,256,88.191
64,64,32,512,90.5283
64,64,32,1024,94.2303
64,64,32,2048,111.606
64,64,32,4096,130.934
64,64,32,8192,164.428
64,64,32,16384,233.942
64,64,32,32768,364.929
64,64,64,16,83.2957
64,64,64,32,82.4323
64,64,64,64,82.8163
64,64,64,128,83.264
64,64,64,256,105.184
64,64,64,512,109.515
64,64,64,1024,118.187
64,64,64,2048,137.035
64,64,64,4096,170.379
64,64,64,8192,236.075
64,64,64,16384,366.785
64,64,64,32768,632.278
64,64,128,16,92.6297
64,64,128,32,92.384
64,64,128,64,97.835
64,64,128,128,99.18
64,64,128,256,113.334
64,64,128,512,125.708
64,64,128,1024,143.958
64,64,128,2048,178.562
64,64,128,4096,241.293
64,64,128,8192,376.267
64,64,128,16384,642.105
64,64,128,32768,1176.88
64,128,0,0,75.104
64,128,1,16,76.4697
64,128,1,32,76.2873
64,128,1,64,75.925
64,128,1,128,75.0627
64,128,1,256,89.6117
64,128,1,512,87.84
64,128,1,1024,90.113
64,128,1,2048,95.3073
64,128,1,4096,107.446
64,128,1,8192,134.315
64,128,1,16384,179.511
64,128,1,32768,280.93
64,128,2,16,76.7473
64,128,2,32,76.0103
64,128,2,64,76.074
64,128,2,128,76.374
64,128,2,256,90.5703
64,128,2,512,88.5333
64,128,2,1024,90.1017
64,128,2,2048,95.979
64,128,2,4096,108.224
64,128,2,8192,128.107
64,128,2,16384,179.607
64,128,2,32768,281.591
64,128,4,16,76.2877
64,128,4,32,76.3953
64,128,4,64,76.181
64,128,4,128,76.1703
64,128,4,256,89.8663
64,128,4,512,87.702
64,128,4,1024,90.7933
64,128,4,2048,96.7783
64,128,4,4096,103.222
64,128,4,8192,128.3
64,128,4,16384,179.104
64,128,4,32768,282.157
64,128,8,16,76.3637
64,128,8,32,77.313
64,128,8,64,76.075
64,128,8,128,76.7043
64,128,8,256,89.4833
64,128,8,512,88.629
64,128,8,1024,92.032
64,128,8,2048,92.2767
64,128,8,4096,105.312
64,128,8,8192,130.688
64,128,8,16384,181.715
64,128,8,32768,284.748
64,128,16,16,76.6837
64,128,16,32,76.9293
64,128,16,64,77.003
64,128,16,128,77.26
64,128,16,256,91.7877
64,128,16,512,90.9973
64,128,16,1024,88.8647
64,128,16,2048,94.8693
64,128,16,4096,107.936
64,128,16,8192,135.478
64,128,16,16384,189.099
64,128,16,32768,292.139
64,128,32,16,79.286
64,128,32,32,80.2137
64,128,32,64,79.5417
64,128,32,128,79.0297
64,128,32,256,88.2023
64,128,32,512,91.3293
64,128,32,1024,95.0927
64,128,32,2048,112.832
64,128,32,4096,132.149
64,128,32,8192,167.21
64,128,32,16384,233.622
64,128,32,32768,366.593
64,128,64,16,84.212
64,128,64,32,84.437
64,128,64,64,84.4167
64,128,64,128,84.1493
64,128,64,256,105.782
64,128,64,512,109.771
64,128,64,1024,120.737
64,128,64,2048,138.199
64,128,64,4096,171.553
64,128,64,8192,236.939
64,128,64,16384,366.806
64,128,64,32768,634.167
64,128,128,16,92.5017
64,128,128,32,93.942
64,128,128,64,97.1313
64,128,128,128,99.467
64,128,128,256,116.832
64,128,128,512,126.336
64,128,128,1024,145.196
64,128,128,2048,180.416
64,128,128,4096,243.446
64,128,128,8192,373.324
64,128,128,16384,643.575
64,128,128,32768,1177.86
64,256,0,0,90.5923
64,256,1,16,89.9093
64,256,1,32,90.8917
64,256,1,64,89.9843
64,256,1,128,90.561
64,256,1,256,91.9247
64,256,1,512,90.4853
64,256,1,1024,90.0167
64,256,1,2048,96.8533
64,256,1,4096,109.45
64,256,1,8192,133.611
64,256,1,16384,185.644
64,256,1,32768,281.153
64,256,2,16,91.7983
64,256,2,32,91.552
64,256,2,64,91.7657
64,256,2,128,91.4137
64,256,2,256,91.594
64,256,2,512,91.51
64,256,2,1024,90.9757
64,256,2,2048,97.7397
64,256,2,4096,109.46
64,256,2,8192,134.134
64,256,2,16384,179.873
64,256,2,32768,280.972
64,256,4,16,92.469
64,256,4,32,92.8963
64,256,4,64,92.1293
64,256,4,128,93.0137
64,256,4,256,91.7753
64,256,4,512,91.6153
64,256,4,1024,91.468
64,256,4,2048,96.4273
64,256,4,4096,109.387
64,256,4,8192,129.622
64,256,4,16384,179.573
64,256,4,32768,282.208
64,256,8,16,92.6937
64,256,8,32,92.8653
64,256,8,64,92.4483
64,256,8,128,93.0767
64,256,8,256,92.843
64,256,8,512,91.7443
64,256,8,1024,91.7007
64,256,8,2048,97.4723
64,256,8,4096,105.036
64,256,8,8192,130.134
64,256,8,16384,182.582
64,256,8,32768,285.176
64,256,16,16,93.2163
64,256,16,32,93.846
64,256,16,64,93.099
64,256,16,128,95.1363
64,256,16,256,99.85
64,256,16,512,93.7383
64,256,16,1024,93.8987
64,256,16,2048,95.7553
64,256,16,4096,108.672
64,256,16,8192,134.816
64,256,16,16384,187.626
64,256,16,32768,295.137
64,256,32,16,95.6813
64,256,32,32,95.8197
64,256,32,64,95.4773
64,256,32,128,94.2517
64,256,32,256,97.792
64,256,32,512,104.534
64,256,32,1024,96.1923
64,256,32,2048,104.608
64,256,32,4096,134.73
64,256,32,8192,169.409
64,256,32,16384,235.829
64,256,32,32768,368.086
64,256,64,16,102.239
64,256,64,32,101.909
64,256,64,64,100.223
64,256,64,128,99.744
64,256,64,256,111.553
64,256,64,512,113.248
64,256,64,1024,121.333
64,256,64,2048,139.072
64,256,64,4096,173.856
64,256,64,8192,239.574
64,256,64,16384,369.357
64,256,64,32768,632.119
64,256,128,16,107.359
64,256,128,32,108.021
64,256,128,64,113.601
64,256,128,128,107.691
64,256,128,256,117.077
64,256,128,512,125.9
64,256,128,1024,147.296
64,256,128,2048,182.294
64,256,128,4096,246.636
64,256,128,8192,375.735
64,256,128,16384,640.951
64,256,128,32768,1178.01
64,512,0,0,93.174
64,512,1,16,94.144
64,512,1,32,93.3757
64,512,1,64,94.049
64,512,1,128,93.7813
64,512,1,256,94.7093
64,512,1,512,94.4007
64,512,1,1024,91.5397
64,512,1,2048,96.4287
64,512,1,4096,109.398
64,512,1,8192,134.933
64,512,1,16384,185.164
64,512,1,32768,288.021
64,512,2,16,95.0303
64,512,2,32,95.0927
64,512,2,64,94.9017
64,512,2,128,94.8693
64,512,2,256,95.541
64,512,2,512,95.552
64,512,2,1024,91.6047
64,512,2,2048,97.0353
64,512,2,4096,110.337
64,512,2,8192,134.507
64,512,2,16384,185.089
64,512,2,32768,280.386
64,512,4,16,94.9323
64,512,4,32,94.7743
64,512,4,64,94.807
64,512,4,128,95.157
64,512,4,256,95.4987
64,512,4,512,95.8827
64,512,4,1024,93.3877
64,512,4,2048,98.666
64,512,4,4096,109.451
64,512,4,8192,134.391
64,512,4,16384,180.416
64,512,4,32768,282.167
64,512,8,16,96.1073
64,512,8,32,95.5313
64,512,8,64,95.478
64,512,8,128,95.797
64,512,8,256,96.6083
64,512,8,512,96.8097
64,512,8,1024,93.622
64,512,8,2048,98.2073
64,512,8,4096,111.168
64,512,8,8192,130.796
64,512,8,16384,182.913
64,512,8,32768,285.57
64,512,16,16,95.498
64,512,16,32,96.726
64,512,16,64,95.7667
64,512,16,128,97.1637
64,512,16,256,98.0283
64,512,16,512,103.052
64,512,16,1024,97.003
64,512,16,2048,100.64
64,512,16,4096,109.429
64,512,16,8192,134.529
64,512,16,16384,188.609
64,512,16,32768,292.918
64,512,32,16,97.685
64,512,32,32,98.4433
64,512,32,64,97.6977
64,512,32,128,99.3077
64,512,32,256,105.825
64,512,32,512,99.5753
64,512,32,1024,114.081
64,512,32,2048,105.312
64,512,32,4096,138.784
64,512,32,8192,174.817
64,512,32,16384,240.534
64,512,32,32768,373.932
64,512,64,16,101.343
64,512,64,32,101.706
64,512,64,64,103.085
64,512,64,128,109.536
64,512,64,256,103.778
64,512,64,512,118.509
64,512,64,1024,127.051
64,512,64,2048,145.515
64,512,64,4096,180.159
64,512,64,8192,244.181
64,512,64,16384,374.563
64,512,64,32768,633.208
64,512,128,16,116.417
64,512,128,32,116.48
64,512,128,64,110.976
64,512,128,128,114.474
64,512,128,256,122.678
64,512,128,512,132.16
64,512,128,1024,153.237
64,512,128,2048,189.579
64,512,128,4096,253.249
64,512,128,8192,380.951
64,512,128,16384,640.013
64,512,128,32768,1173.59
64,1024,0,0,97.1847
64,1024,1,16,98.2177
64,1024,1,32,97.4393
64,1024,1,64,98.2733
64,1024,1,128,97.3443
64,1024,1,256,98.4427
64,1024,1,512,98.4107
64,1024,1,1024,98.3467
64,1024,1,2048,97.985
64,1024,1,4096,109.281
64,1024,1,8192,135.19
64,1024,1,16384,186.252
64,1024,1,32768,287.456
64,1024,2,16,99.2223
64,1024,2,32,97.75
64,1024,2,64,98.6773
64,1024,2,128,98.6137
64,1024,2,256,98.901
64,1024,2,512,98.966
64,1024,2,1024,102.54
64,1024,2,2048,97.5147
64,1024,2,4096,110.209
64,1024,2,8192,135.275
64,1024,2,16384,185.409
64,1024,2,32768,285.26
64,1024,4,16,98.9977
64,1024,4,32,99.1253
64,1024,4,64,99.467
64,1024,4,128,99.4773
64,1024,4,256,99.275
64,1024,4,512,102.603
64,1024,4,1024,99.35
64,1024,4,2048,97.9947
64,1024,4,4096,110.741
64,1024,4,8192,134.274
64,1024,4,16384,184.138
64,1024,4,32768,282.87
64,1024,8,16,99.754
64,1024,8,32,99.9357
64,1024,8,64,96.565
64,1024,8,128,97.7173
64,1024,8,256,101.163
64,1024,8,512,99.125
64,1024,8,1024,99.99
64,1024,8,2048,99.2107
64,1024,8,4096,110.817
64,1024,8,8192,135.404
64,1024,8,16384,182.689
64,1024,8,32768,285.142
64,1024,16,16,96.364
64,1024,16,32,96.597
64,1024,16,64,97.7293
64,1024,16,128,99.1353
64,1024,16,256,99.85
64,1024,16,512,100.161
64,1024,16,1024,112.022
64,1024,16,2048,102.88
64,1024,16,4096,115.722
64,1024,16,8192,134.016
64,1024,16,16384,188.919
64,1024,16,32768,293.953
64,1024,32,16,99.3383
64,1024,32,32,99.1363
64,1024,32,64,101.856
64,1024,32,128,101.953
64,1024,32,256,101.994
64,1024,32,512,111.893
64,1024,32,1024,106.774
64,1024,32,2048,131.318
64,1024,32,4096,124.842
64,1024,32,8192,183.978
64,1024,32,16384,249.602
64,1024,32,32768,382.679
64,1024,64,16,107.488
64,1024,64,32,106.955
64,1024,64,64,106.165
64,1024,64,128,105.889
64,1024,64,256,115.457
64,1024,64,512,110.144
64,1024,64,1024,131.34
64,1024,64,2048,155.233
64,1024,64,4096,190.945
64,1024,64,8192,255.157
64,1024,64,16384,387.19
64,1024,64,32768,643.127
64,1024,128,16,118.198
64,1024,128,32,117.931
64,1024,128,64,121.228
64,1024,128,128,124.407
64,1024,128,256,121.845
64,1024,128,512,137.835
64,1024,128,1024,158.689
64,1024,128,2048,201.697
64,1024,128,4096,264.854
64,1024,128,8192,397.9
64,1024,128,16384,655.415
64,1024,128,32768,1171.09
64,2048,0,0,103.733
64,2048,1,16,105.473
64,2048,1,32,104.032
64,2048,1,64,104.064
64,2048,1,128,104.78
64,2048,1,256,104.566
64,2048,1,512,104.566
64,2048,1,1024,105.142
64,2048,1,2048,104.748
64,2048,1,4096,111.105
64,2048,1,8192,136.085
64,2048,1,16384,186.412
64,2048,1,32768,288.247
64,2048,2,16,106.027
64,2048,2,32,105.515
64,2048,2,64,104.93
64,2048,2,128,105.366
64,2048,2,256,105.109
64,2048,2,512,105.75
64,2048,2,1024,105.419
64,2048,2,2048,114.561
64,2048,2,4096,127.606
64,2048,2,8192,135.819
64,2048,2,16384,185.783
64,2048,2,32768,286.049
64,2048,4,16,105.856
64,2048,4,32,106.39
64,2048,4,64,106.027
64,2048,4,128,105.856
64,2048,4,256,105.535
64,2048,4,512,104.981
64,2048,4,1024,116.277
64,2048,4,2048,116.309
64,2048,4,4096,110.688
64,2048,4,8192,136.865
64,2048,4,16384,184.341
64,2048,4,32768,287.276
64,2048,8,16,106.378
64,2048,8,32,106.572
64,2048,8,64,106.166
64,2048,8,128,106.369
64,2048,8,256,103.307
64,2048,8,512,113.547
64,2048,8,1024,116.064
64,2048,8,2048,108.778
64,2048,8,4096,112.214
64,2048,8,8192,136.727
64,2048,8,16384,188.171
64,2048,8,32768,284.353
64,2048,16,16,103.926
64,2048,16,32,103.211
64,2048,16,64,104.266
64,2048,16,128,105.398
64,2048,16,256,108.982
64,2048,16,512,115.275
64,2048,16,1024,109.93
64,2048,16,2048,130.976
64,2048,16,4096,115.786
64,2048,16,8192,141.718
64,2048,16,16384,188.993
64,2048,16,32768,294.837
64,2048,32,16,106.518
64,2048,32,32,105.749
64,2048,32,64,105.91
64,2048,32,128,107.499
64,2048,32,256,111.179
64,2048,32,512,111.308
64,2048,32,1024,124.128
64,2048,32,2048,117.664
64,2048,32,4096,162.764
64,2048,32,8192,162.017
64,2048,32,16384,267.628
64,2048,32,32768,403.074
64,2048,64,16,117.015
64,2048,64,32,116.684
64,2048,64,64,118.335
64,2048,64,128,116.897
64,2048,64,256,114.646
64,2048,64,512,126.572
64,2048,64,1024,123.136
64,2048,64,2048,158.007
64,2048,64,4096,210.337
64,2048,64,8192,275.597
64,2048,64,16384,405.643
64,2048,64,32768,664.046
64,2048,128,16,127.209
64,2048,128,32,127.574
64,2048,128,64,130.656
64,2048,128,128,133.164
64,2048,128,256,135.445
64,2048,128,512,136.351
64,2048,128,1024,164.098
64,2048,128,2048,219.564
64,2048,128,4096,287.254
64,2048,128,8192,413.933
64,2048,128,16384,672.589
64,2048,128,32768,1191.3
64,4096,0,0,116.906
64,4096,1,16,117.557
64,4096,1,32,117.825
64,4096,1,64,118.091
64,4096,1,128,117.792
64,4096,1,256,118.048
64,4096,1,512,117.376
64,4096,1,1024,117.483
64,4096,1,2048,117.515
64,4096,1,4096,118.091
64,4096,1,8192,136.801
64,4096,1,16384,188.064
64,4096,1,32768,287.693
64,4096,2,16,119.052
64,4096,2,32,118.368
64,4096,2,64,118.304
64,4096,2,128,118.273
64,4096,2,256,118.081
64,4096,2,512,119.223
64,4096,2,1024,118.165
64,4096,2,2048,118.539
64,4096,2,4096,140.192
64,4096,2,8192,166.058
64,4096,2,16384,185.739
64,4096,2,32768,286.657
64,4096,4,16,118.922
64,4096,4,32,118.902
64,4096,4,64,118.743
64,4096,4,128,118.624
64,4096,4,256,118.923
64,4096,4,512,119.157
64,4096,4,1024,118.401
64,4096,4,2048,141.856
64,4096,4,4096,142.102
64,4096,4,8192,136.684
64,4096,4,16384,186.294
64,4096,4,32768,287.787
64,4096,8,16,119.254
64,4096,8,32,118.658
64,4096,8,64,118.507
64,4096,8,128,118.987
64,4096,8,256,119.061
64,4096,8,512,115.563
64,4096,8,1024,140.214
64,4096,8,2048,143.178
64,4096,8,4096,125.334
64,4096,8,8192,139.201
64,4096,8,16384,187.671
64,4096,8,32768,292.908
64,4096,16,16,119.393
64,4096,16,32,119.423
64,4096,16,64,120.395
64,4096,16,128,116.993
64,4096,16,256,121.249
64,4096,16,512,127.777
64,4096,16,1024,142.401
64,4096,16,2048,125.45
64,4096,16,4096,164.555
64,4096,16,8192,141.194
64,4096,16,16384,195.863
64,4096,16,32768,296.448
64,4096,32,16,118.933
64,4096,32,32,118.805
64,4096,32,64,119.541
64,4096,32,128,120.757
64,4096,32,256,124.213
64,4096,32,512,130.326
64,4096,32,1024,127.254
64,4096,32,2048,150.742
64,4096,32,4096,144.278
64,4096,32,8192,223.521
64,4096,32,16384,237.675
64,4096,32,32768,442.604
64,4096,64,16,129.568
64,4096,64,32,129.472
64,4096,64,64,131.755
64,4096,64,128,132.96
64,4096,64,256,136.587
64,4096,64,512,132.459
64,4096,64,1024,151.383
64,4096,64,2048,147.798
64,4096,64,4096,212.235
64,4096,64,8192,318.166
64,4096,64,16384,446.199
64,4096,64,32768,705.869
64,4096,128,16,140
64,4096,128,32,142.197
64,4096,128,64,140.972
64,4096,128,128,141.984
64,4096,128,256,145.675
64,4096,128,512,159.542
64,4096,128,1024,164.353
64,4096,128,2048,217.056
64,4096,128,4096,324.779
64,4096,128,8192,458.081
64,4096,128,16384,714.626
64,4096,128,32768,1233.53
64,8192,0,0,142.125
64,8192,1,16,142.465
64,8192,1,32,142.879
64,8192,1,64,143.126
64,8192,1,128,142.016
64,8192,1,256,143.03
64,8192,1,512,142.475
64,8192,1,1024,142.519
64,8192,1,2048,141.857
64,8192,1,4096,142.784
64,8192,1,8192,143.083
64,8192,1,16384,188.94
64,8192,1,32768,290.913
64,8192,2,16,143.755
64,8192,2,32,143.936
64,8192,2,64,143.286
64,8192,2,128,142.848
64,8192,2,256,143.66
64,8192,2,512,143.425
64,8192,2,1024,143.296
64,8192,2,2048,143.927
64,8192,2,4096,142.977
64,8192,2,8192,192.043
64,8192,2,16384,244.288
64,8192,2,32768,288.397
64,8192,4,16,144.182
64,8192,4,32,143.276
64,8192,4,64,144.15
64,8192,4,128,144.352
64,8192,4,256,144.182
64,8192,4,512,144.097
64,8192,4,1024,143.607
64,8192,4,2048,143.743
64,8192,4,4096,192.651
64,8192,4,8192,193.931
64,8192,4,16384,187.947
64,8192,4,32768,289.728
64,8192,8,16,143.85
64,8192,8,32,144.32
64,8192,8,64,143.552
64,8192,8,128,144.833
64,8192,8,256,144.022
64,8192,8,512,143.714
64,8192,8,1024,141.067
64,8192,8,2048,191.382
64,8192,8,4096,194.125
64,8192,8,8192,162.124
64,8192,8,16384,190.998
64,8192,8,32768,291.19
64,8192,16,16,144.759
64,8192,16,32,144.556
64,8192,16,64,144.844
64,8192,16,128,144.748
64,8192,16,256,145.354
64,8192,16,512,153.942
64,8192,16,1024,167.179
64,8192,16,2048,193.899
64,8192,16,4096,161.655
64,8192,16,8192,233.696
64,8192,16,16384,195.158
64,8192,16,32768,301.59
64,8192,32,16,146.934
64,8192,32,32,147.318
64,8192,32,64,147.223
64,8192,32,128,146.646
64,8192,32,256,149.738
64,8192,32,512,156.331
64,8192,32,1024,169.228
64,8192,32,2048,163.19
64,8192,32,4096,202.859
64,8192,32,8192,198.102
64,8192,32,16384,349.175
64,8192,32,32768,385.164
64,8192,64,16,150.101
64,8192,64,32,149.334
64,8192,64,64,150.592
64,8192,64,128,158.324
64,8192,64,256,162.967
64,8192,64,512,168.353
64,8192,64,1024,168.524
64,8192,64,2048,203.786
64,8192,64,4096,201.942
64,8192,64,8192,316.683
64,8192,64,16384,531.096
64,8192,64,32768,786.927
64,8192,128,16,165.718
64,8192,128,32,165.995
64,8192,128,64,166.934
64,8192,128,128,168.448
64,8192,128,256,173.313
64,8192,128,512,174.646
64,8192,128,1024,209.953
64,8192,128,2048,217.612
64,8192,128,4096,324.609
64,8192,128,8192,540.322
64,8192,128,16384,798.724
64,8192,128,32768,1312.32
64,16384,0,0,193.162
64,16384,1,16,193.397
64,16384,1,32,193.984
64,16384,1,64,192.833
64,16384,1,128,193.417
64,16384,1,256,193.675
64,16384,1,512,193.868
64,16384,1,1024,193.622
64,16384,1,2048,194.08
64,16384,1,4096,193.281
64,16384,1,8192,193.377
64,16384,1,16384,195.649
64,16384,1,32768,291.169
64,16384,2,16,194.188
64,16384,2,32,194.72
64,16384,2,64,194.763
64,16384,2,128,194.667
64,16384,2,256,195.147
64,16384,2,512,193.857
64,16384,2,1024,193.846
64,16384,2,2048,194.048
64,16384,2,4096,194.635
64,16384,2,8192,194.604
64,16384,2,16384,295.287
64,16384,2,32768,397.068
64,16384,4,16,194.913
64,16384,4,32,195.457
64,16384,4,64,195.137
64,16384,4,128,195.306
64,16384,4,256,195.425
64,16384,4,512,195.105
64,16384,4,1024,195.83
64,16384,4,2048,195.159
64,16384,4,4096,195.115
64,16384,4,8192,296.481
64,16384,4,16384,295.97
64,16384,4,32768,289.963
64,16384,8,16,195.596
64,16384,8,32,195.083
64,16384,8,64,196.245
64,16384,8,128,195.702
64,16384,8,256,195.541
64,16384,8,512,194.786
64,16384,8,1024,196.129
64,16384,8,2048,192.939
64,16384,8,4096,293.868
64,16384,8,8192,295.638
64,16384,8,16384,228.95
64,16384,8,32768,294.145
64,16384,16,16,195.607
64,16384,16,32,196.683
64,16384,16,64,195.935
64,16384,16,128,196.661
64,16384,16,256,196.139
64,16384,16,512,196.587
64,16384,16,1024,205.057
64,16384,16,2048,243.68
64,16384,16,4096,294.284
64,16384,16,8192,229.974
64,16384,16,16384,370.125
64,16384,16,32768,300.812
64,16384,32,16,198.326
64,16384,32,32,198.411
64,16384,32,64,198.7
64,16384,32,128,198.113
64,16384,32,256,198.892
64,16384,32,512,209.526
64,16384,32,1024,221.345
64,16384,32,2048,245.762
64,16384,32,4096,232.023
64,16384,32,8192,306.486
64,16384,32,16384,304.311
64,16384,32,32768,591.319
64,16384,64,16,203.543
64,16384,64,32,203.713
64,16384,64,64,202.326
64,16384,64,128,204.565
64,16384,64,256,208.214
64,16384,64,512,219.692
64,16384,64,1024,232.096
64,16384,64,2048,236.429
64,16384,64,4096,308.065
64,16384,64,8192,305.878
64,16384,64,16384,525.591
64,16384,64,32768,953.453
64,16384,128,16,215.339
64,16384,128,32,216.202
64,16384,128,64,218.881
64,16384,128,128,220.289
64,16384,128,256,223.553
64,16384,128,512,237.036
64,16384,128,1024,245.079
64,16384,128,2048,302.849
64,16384,128,4096,322.476
64,16384,128,8192,533.133
64,16384,128,16384,956.965
64,16384,128,32768,1477.14
64,32768,0,0,294.881
64,32768,1,16,295.02
64,32768,1,32,295.692
64,32768,1,64,295.147
64,32768,1,128,295.446
64,32768,1,256,295.959
64,32768,1,512,295.522
64,32768,1,1024,296.215
64,32768,1,2048,295.106
64,32768,1,4096,295.414
64,32768,1,8192,295.35
64,32768,1,16384,296.716
64,32768,1,32768,296.321
64,32768,2,16,296.822
64,32768,2,32,296.309
64,32768,2,64,296.333
64,32768,2,128,296.972
64,32768,2,256,296.823
64,32768,2,512,296.952
64,32768,2,1024,296.621
64,32768,2,2048,296.16
64,32768,2,4096,296.258
64,32768,2,8192,297.205
64,32768,2,16384,296.951
64,32768,2,32768,499.363
64,32768,4,16,297.004
64,32768,4,32,297.131
64,32768,4,64,296.822
64,32768,4,128,297.013
64,32768,4,256,296.481
64,32768,4,512,297.708
64,32768,4,1024,297.515
64,32768,4,2048,296.684
64,32768,4,4096,297.44
64,32768,4,8192,297.825
64,32768,4,16384,501.036
64,32768,4,32768,499.425
64,32768,8,16,296.875
64,32768,8,32,296.704
64,32768,8,64,297.142
64,32768,8,128,296.939
64,32768,8,256,298.177
64,32768,8,512,297.356
64,32768,8,1024,297.932
64,32768,8,2048,297.366
64,32768,8,4096,297.515
64,32768,8,8192,498.391
64,32768,8,16384,499.713
64,32768,8,32768,365.782
64,32768,16,16,297.954
64,32768,16,32,297.526
64,32768,16,64,298.017
64,32768,16,128,298.412
64,32768,16,256,297.921
64,32768,16,512,298.635
64,32768,16,1024,298.732
64,32768,16,2048,310.252
64,32768,16,4096,398.381
64,32768,16,8192,498.135
64,32768,16,16384,366.551
64,32768,16,32768,643.522
64,32768,32,16,300.523
64,32768,32,32,300.171
64,32768,32,64,300.332
64,32768,32,128,300.14
64,32768,32,256,300.791
64,32768,32,512,299.991
64,32768,32,1024,323.65
64,32768,32,2048,347.872
64,32768,32,4096,399.457
64,32768,32,8192,367.853
64,32768,32,16384,513.421
64,32768,32,32768,515.159
64,32768,64,16,304.972
64,32768,64,32,305.655
64,32768,64,64,305.377
64,32768,64,128,304.907
64,32768,64,256,305.623
64,32768,64,512,316.033
64,32768,64,1024,333.452
64,32768,64,2048,360.021
64,32768,64,4096,374.786
64,32768,64,8192,515.223
64,32768,64,16384,516.376
64,32768,64,32768,939.386
64,32768,128,16,314.359
64,32768,128,32,315.085
64,32768,128,64,314.134
64,32768,128,128,316.811
64,32768,128,256,323.841
64,32768,128,512,334.913
64,32768,128,1024,353.741
64,32768,128,2048,384.515
64,32768,128,4096,493.378
64,32768,128,8192,529.411
64,32768,128,16384,943.746
64,32768,128,32768,1797.64
128,0,0,0,78.7423
128,0,1,16,80.4913
128,0,1,32,81.0043
128,0,1,64,81.0773
128,0,1,128,81.11
128,0,1,256,86.976
128,0,1,512,89.5893
128,0,1,1024,95.68
128,0,1,2048,108.78
128,0,1,4096,133.964
128,0,1,8192,185.109
128,0,1,16384,287.49
128,0,1,32768,491.799
128,0,2,16,80.907
128,0,2,32,80.97
128,0,2,64,80.875
128,0,2,128,81.558
128,0,2,256,86.1983
128,0,2,512,90.123
128,0,2,1024,95.7863
128,0,2,2048,108.299
128,0,2,4096,133.473
128,0,2,8192,184.758
128,0,2,16384,287.381
128,0,2,32768,490.179
128,0,4,16,80.0113
128,0,4,32,80.214
128,0,4,64,80.672
128,0,4,128,80.6937
128,0,4,256,87.3923
128,0,4,512,89.4303
128,0,4,1024,95.957
128,0,4,2048,108.747
128,0,4,4096,134.156
128,0,4,8192,185.783
128,0,4,16384,286.582
128,0,4,32768,491.001
128,0,8,16,80.7903
128,0,8,32,80.588
128,0,8,64,81.1097
128,0,8,128,81.0673
128,0,8,256,88.288
128,0,8,512,91.029
128,0,8,1024,97.0123
128,0,8,2048,109.367
128,0,8,4096,134.613
128,0,8,8192,184.534
128,0,8,16384,287.862
128,0,8,32768,492.557
128,0,16,16,85.7613
128,0,16,32,83.7663
128,0,16,64,83.2533
128,0,16,128,85.5357
128,0,16,256,91.6053
128,0,16,512,95.7877
128,0,16,1024,100.502
128,0,16,2048,113.376
128,0,16,4096,140.555
128,0,16,8192,191.723
128,0,16,16384,292.811
128,0,16,32768,498.849
128,0,32,16,87.9683
128,0,32,32,87.1793
128,0,32,64,86.3793
128,0,32,128,88.0537
128,0,32,256,99.2223
128,0,32,512,102.986
128,0,32,1024,108.256
128,0,32,2048,121.173
128,0,32,4096,148.256
128,0,32,8192,200.619
128,0,32,16384,305.452
128,0,32,32768,514.722
128,0,64,16,90.742
128,0,64,32,90.3683
128,0,64,64,90.8277
128,0,64,128,92.2137
128,0,64,256,114.197
128,0,64,512,118.997
128,0,64,1024,127.563
128,0,64,2048,145.93
128,0,64,4096,180.502
128,0,64,8192,247.585
128,0,64,16384,385.377
128,0,64,32768,653.965
128,0,128,16,98.1763
128,0,128,32,99.0397
128,0,128,64,100.651
128,0,128,128,102.965
128,0,128,256,121.399
128,0,128,512,129.963
128,0,128,1024,148.277
128,0,128,2048,181.451
128,0,128,4096,249.623
128,0,128,8192,389.102
128,0,128,16384,654.966
128,0,128,32768,1191.24
128,16,0,0,79.552
128,16,1,16,81.8987
128,16,1,32,81.8027
128,16,1,64,81.6423
128,16,1,128,81.1303
128,16,1,256,101.035
128,16,1,512,102.027
128,16,1,1024,108.01
128,16,1,2048,120.938
128,16,1,4096,135.67
128,16,1,8192,186.144
128,16,1,16384,288.728
128,16,1,32768,492.312
128,16,2,16,81.6743
128,16,2,32,81.6417
128,16,2,64,81.44
128,16,2,128,81.2383
128,16,2,256,100.267
128,16,2,512,101.077
128,16,2,1024,107.744
128,16,2,2048,108.683
128,16,2,4096,135.233
128,16,2,8192,185.932
128,16,2,16384,287.862
128,16,2,32768,492.546
128,16,4,16,80.864
128,16,4,32,81.1423
128,16,4,64,81.995
128,16,4,128,80.598
128,16,4,256,99.744
128,16,4,512,100.374
128,16,4,1024,96.7677
128,16,4,2048,109.397
128,16,4,4096,135.712
128,16,4,8192,186.039
128,16,4,16384,287.096
128,16,4,32768,493.186
128,16,8,16,80.9813
128,16,8,32,81.377
128,16,8,64,81.588
128,16,8,128,81.6113
128,16,8,256,100.427
128,16,8,512,91.4147
128,16,8,1024,98.1867
128,16,8,2048,110.144
128,16,8,4096,134.74
128,16,8,8192,185.697
128,16,8,16384,289.324
128,16,8,32768,493.89
128,16,16,16,86.0157
128,16,16,32,86.1657
128,16,16,64,82.8063
128,16,16,128,83.0717
128,16,16,256,91.893
128,16,16,512,96.5237
128,16,16,1024,103.936
128,16,16,2048,113.536
128,16,16,4096,138.838
128,16,16,8192,189.548
128,16,16,16384,294.923
128,16,16,32768,498.039
128,16,32,16,88.117
128,16,32,32,87.5727
128,16,32,64,87.6813
128,16,32,128,88.1927
128,16,32,256,97.5133
128,16,32,512,101.6
128,16,32,1024,107.584
128,16,32,2048,121.056
128,16,32,4096,148.097
128,16,32,8192,199.137
128,16,32,16384,306.102
128,16,32,32768,512.066
128,16,64,16,92.171
128,16,64,32,90.8373
128,16,64,64,90.815
128,16,64,128,91.0193
128,16,64,256,102.56
128,16,64,512,118.006
128,16,64,1024,128.981
128,16,64,2048,147.543
128,16,64,4096,182.209
128,16,64,8192,250.016
128,16,64,16384,383.744
128,16,64,32768,656.087
128,16,128,16,96.3197
128,16,128,32,96.2777
128,16,128,64,99.3603
128,16,128,128,101.633
128,16,128,256,116.544
128,16,128,512,127.51
128,16,128,1024,146.987
128,16,128,2048,180.554
128,16,128,4096,249.112
128,16,128,8192,382.038
128,16,128,16384,655.501
128,16,128,32768,1184.98
128,32,0,0,80.6527
128,32,1,16,82.7437
128,32,1,32,81.537
128,32,1,64,81.4093
128,32,1,128,82.101
128,32,1,256,101.515
128,32,1,512,102.218
128,32,1,1024,108.054
128,32,1,2048,121.963
128,32,1,4096,135.521
128,32,1,8192,186.241
128,32,1,16384,288.481
128,32,1,32768,492.204
128,32,2,16,81.61
128,32,2,32,81.7063
128,32,2,64,81.099
128,32,2,128,81.0893
128,32,2,256,100.566
128,32,2,512,101.375
128,32,2,1024,106.838
128,32,2,2048,108.8
128,32,2,4096,134.326
128,32,2,8192,186.081
128,32,2,16384,288.042
128,32,2,32768,491.244
128,32,4,16,81.4083
128,32,4,32,81.7283
128,32,4,64,81.302
128,32,4,128,81.9623
128,32,4,256,100.651
128,32,4,512,101.068
128,32,4,1024,96.395
128,32,4,2048,109.878
128,32,4,4096,134.871
128,32,4,8192,186.752
128,32,4,16384,286.86
128,32,4,32768,491.873
128,32,8,16,81.5993
128,32,8,32,81.387
128,32,8,64,81.8893
128,32,8,128,81.579
128,32,8,256,101.301
128,32,8,512,91.2423
128,32,8,1024,97.5477
128,32,8,2048,110.305
128,32,8,4096,134.508
128,32,8,8192,185.706
128,32,8,16384,288.866
128,32,8,32768,493.165
128,32,16,16,84.0323
128,32,16,32,85.878
128,32,16,64,86.111
128,32,16,128,85.589
128,32,16,256,92.1913
128,32,16,512,95.6057
128,32,16,1024,101.931
128,32,16,2048,115.158
128,32,16,4096,141.259
128,32,16,8192,191.245
128,32,16,16384,292.054
128,32,16,32768,497.997
128,32,32,16,87.9793
128,32,32,32,88.128
128,32,32,64,88.5453
128,32,32,128,87.7117
128,32,32,256,98.07
128,32,32,512,100.981
128,32,32,1024,107.84
128,32,32,2048,122.39
128,32,32,4096,147.541
128,32,32,8192,200.46
128,32,32,16384,305.111
128,32,32,32768,515.149
128,32,64,16,92.1823
128,32,64,32,92.129
128,32,64,64,92.2873
128,32,64,128,91.8733
128,32,64,256,102.796
128,32,64,512,117.152
128,32,64,1024,129.6
128,32,64,2048,147.959
128,32,64,4096,181.911
128,32,64,8192,248.481
128,32,64,16384,382.134
128,32,64,32768,651.972
128,32,128,16,96.8533
128,32,128,32,96.021
128,32,128,64,98.602
128,32,128,128,101.462
128,32,128,256,117.004
128,32,128,512,127.457
128,32,128,1024,146.465
128,32,128,2048,179.778
128,32,128,4096,249.121
128,32,128,8192,381.259
128,32,128,16384,652.194
128,32,128,32768,1189.7
128,64,0,0,80.5127
128,64,1,16,82.6773
128,64,1,32,82.4003
128,64,1,64,83.466
128,64,1,128,82.3137
128,64,1,256,103.201
128,64,1,512,102.379
128,64,1,1024,109.163
128,64,1,2048,122.848
128,64,1,4096,135.32
128,64,1,8192,186.421
128,64,1,16384,289.131
128,64,1,32768,492.395
128,64,2,16,81.9317
128,64,2,32,82.2613
128,64,2,64,82.2733
128,64,2,128,82.411
128,64,2,256,100.682
128,64,2,512,101.706
128,64,2,1024,108.972
128,64,2,2048,109.473
128,64,2,4096,134.967
128,64,2,8192,186.999
128,64,2,16384,287.938
128,64,2,32768,491.927
128,64,4,16,81.9953
128,64,4,32,81.739
128,64,4,64,82.2083
128,64,4,128,82.2297
128,64,4,256,109.419
128,64,4,512,113.226
128,64,4,1024,96.843
128,64,4,2048,109.888
128,64,4,4096,135.029
128,64,4,8192,185.804
128,64,4,16384,287.723
128,64,4,32768,492.172
128,64,8,16,82.1343
128,64,8,32,82.3587
128,64,8,64,82.9663
128,64,8,128,81.898
128,64,8,256,109.653
128,64,8,512,91.3183
128,64,8,1024,97.814
128,64,8,2048,110.603
128,64,8,4096,134.923
128,64,8,8192,185.835
128,64,8,16384,288.141
128,64,8,32768,493.868
128,64,16,16,84.1827
128,64,16,32,84.5237
128,64,16,64,84.9923
128,64,16,128,86.0797
128,64,16,256,92.277
128,64,16,512,95.263
128,64,16,1024,102.347
128,64,16,2048,113.472
128,64,16,4096,141.025
128,64,16,8192,194.08
128,64,16,16384,295.958
128,64,16,32768,498.498
128,64,32,16,88.993
128,64,32,32,88.17
128,64,32,64,87.756
128,64,32,128,88.9713
128,64,32,256,98.0167
128,64,32,512,100.885
128,64,32,1024,107.489
128,64,32,2048,121.452
128,64,32,4096,148.439
128,64,32,8192,199.798
128,64,32,16384,303.233
128,64,32,32768,514.179
128,64,64,16,91.4233
128,64,64,32,92.779
128,64,64,64,92.0753
128,64,64,128,91.926
128,64,64,256,102.239
128,64,64,512,118.945
128,64,64,1024,130.507
128,64,64,2048,148.192
128,64,64,4096,180.885
128,64,64,8192,247.125
128,64,64,16384,382.892
128,64,64,32768,653.101
128,64,128,16,96.023
128,64,128,32,96.128
128,64,128,64,99.446
128,64,128,128,101.079
128,64,128,256,117.653
128,64,128,512,127.007
128,64,128,1024,148.577
128,64,128,2048,182.08
128,64,128,4096,248.994
128,64,128,8192,381.42
128,64,128,16384,654.893
128,64,128,32768,1189.28
128,128,0,0,82.2723
128,128,1,16,83.8303
128,128,1,32,84.588
128,128,1,64,84.0763
128,128,1,128,84.2237
128,128,1,256,105.237
128,128,1,512,101.942
128,128,1,1024,109.44
128,128,1,2048,122.283
128,128,1,4096,147.041
128,128,1,8192,186.113
128,128,1,16384,289.026
128,128,1,32768,492.919
128,128,2,16,84.267
128,128,2,32,83.776
128,128,2,64,83.3927
128,128,2,128,83.936
128,128,2,256,103.743
128,128,2,512,102.346
128,128,2,1024,108.684
128,128,2,2048,121.334
128,128,2,4096,134.753
128,128,2,8192,185.664
128,128,2,16384,289.345
128,128,2,32768,491.831
128,128,4,16,83.2537
128,128,4,32,84.0007
128,128,4,64,83.4347
128,128,4,128,83.0613
128,128,4,256,108.898
128,128,4,512,112.651
128,128,4,1024,118.997
128,128,4,2048,110.284
128,128,4,4096,135.264
128,128,4,8192,185.557
128,128,4,16384,288.257
128,128,4,32768,491.65
128,128,8,16,84.064
128,128,8,32,83.9787
128,128,8,64,83.371
128,128,8,128,83.4347
128,128,8,256,109.387
128,128,8,512,113.366
128,128,8,1024,97.7807
128,128,8,2048,109.77
128,128,8,4096,135.243
128,128,8,8192,185.994
128,128,8,16384,289.057
128,128,8,32768,495.789
128,128,16,16,86.092
128,128,16,32,86.977
128,128,16,64,85.7593
128,128,16,128,85.91
128,128,16,256,113.472
128,128,16,512,96.1387
128,128,16,1024,103.616
128,128,16,2048,114.476
128,128,16,4096,140.587
128,128,16,8192,190.935
128,128,16,16384,293.388
128,128,16,32768,501.132
128,128,32,16,89.7173
128,128,32,32,90.2723
128,128,32,64,88.8733
128,128,32,128,91.2003
128,128,32,256,99.03
128,128,32,512,100.266
128,128,32,1024,109.163
128,128,32,2048,123.008
128,128,32,4096,147.575
128,128,32,8192,199.746
128,128,32,16384,305.026
128,128,32,32768,512.781
128,128,64,16,93.3877
128,128,64,32,93.995
128,128,64,64,93.717
128,128,64,128,94.1123
128,128,64,256,101.846
128,128,64,512,121.611
128,128,64,1024,128.78
128,128,64,2048,148.545
128,128,64,4096,185.27
128,128,64,8192,248.812
128,128,64,16384,385.004
128,128,64,32768,654.701
128,128,128,16,95.1363
128,128,128,32,96.2883
128,128,128,64,98.209
128,128,128,128,102.838
128,128,128,256,119.307
128,128,128,512,129.321
128,128,128,1024,146.709
128,128,128,2048,182.54
128,128,128,4096,249.302
128,128,128,8192,384.247
128,128,128,16384,653.186
128,128,128,32768,1191.18
128,256,0,0,102.807
128,256,1,16,106.155
128,256,1,32,106.326
128,256,1,64,106.433
128,256,1,128,106.784
128,256,1,256,108.076
128,256,1,512,103.424
128,256,1,1024,109.322
128,256,1,2048,121.878
128,256,1,4096,147.147
128,256,1,8192,198.017
128,256,1,16384,288.63
128,256,1,32768,492.844
128,256,2,16,105.547
128,256,2,32,104.991
128,256,2,64,106.326
128,256,2,128,106.996
128,256,2,256,104.257
128,256,2,512,103.605
128,256,2,1024,108.246
128,256,2,2048,122.305
128,256,2,4096,146.806
128,256,2,8192,186.219
128,256,2,16384,288.14
128,256,2,32768,492.13
128,256,4,16,106.987
128,256,4,32,107.103
128,256,4,64,106.25
128,256,4,128,106.357
128,256,4,256,110.027
128,256,4,512,113.899
128,256,4,1024,120.534
128,256,4,2048,132.747
128,256,4,4096,135.894
128,256,4,8192,186.658
128,256,4,16384,287.031
128,256,4,32768,492.983
128,256,8,16,104.427
128,256,8,32,103.958
128,256,8,64,107.819
128,256,8,128,110.018
128,256,8,256,111.84
128,256,8,512,115.286
128,256,8,1024,121.217
128,256,8,2048,110.837
128,256,8,4096,135.351
128,256,8,8192,187.308
128,256,8,16384,289.463
128,256,8,32768,494.444
128,256,16,16,110.55
128,256,16,32,110.762
128,256,16,64,113.098
128,256,16,128,112.576
128,256,16,256,115.222
128,256,16,512,118.507
128,256,16,1024,101.878
128,256,16,2048,113.483
128,256,16,4096,143.606
128,256,16,8192,192.321
128,256,16,16384,295.734
128,256,16,32768,500.514
128,256,32,16,114.699
128,256,32,32,111.99
128,256,32,64,115.009
128,256,32,128,117.334
128,256,32,256,118.945
128,256,32,512,103.052
128,256,32,1024,108.107
128,256,32,2048,120.928
128,256,32,4096,148.247
128,256,32,8192,200.278
128,256,32,16384,304.748
128,256,32,32768,513.804
128,256,64,16,120.693
128,256,64,32,119.222
128,256,64,64,121.206
128,256,64,128,122.933
128,256,64,256,104.054
128,256,64,512,123.723
128,256,64,1024,131.019
128,256,64,2048,152.96
128,256,64,4096,183.831
128,256,64,8192,251.03
128,256,64,16384,386.199
128,256,64,32768,655.864
128,256,128,16,123.532
128,256,128,32,123.947
128,256,128,64,109.887
128,256,128,128,112.971
128,256,128,256,121.751
128,256,128,512,129.973
128,256,128,1024,149.526
128,256,128,2048,184.202
128,256,128,4096,250.401
128,256,128,8192,386.87
128,256,128,16384,656.238
128,256,128,32768,1192.47
128,512,0,0,107.447
128,512,1,16,109.239
128,512,1,32,109.034
128,512,1,64,109.75
128,512,1,128,109.589
128,512,1,256,109.472
128,512,1,512,110.773
128,512,1,1024,109.365
128,512,1,2048,121.814
128,512,1,4096,147.788
128,512,1,8192,199.157
128,512,1,16384,300.961
128,512,1,32768,492.814
128,512,2,16,109.696
128,512,2,32,109.728
128,512,2,64,109.792
128,512,2,128,110.721
128,512,2,256,109.876
128,512,2,512,107.724
128,512,2,1024,109.12
128,512,2,2048,121.216
128,512,2,4096,147.094
128,512,2,8192,197.718
128,512,2,16384,288.192
128,512,2,32768,490.882
128,512,4,16,109.173
128,512,4,32,109.461
128,512,4,64,110.283
128,512,4,128,109.451
128,512,4,256,109.045
128,512,4,512,116.896
128,512,4,1024,122.871
128,512,4,2048,137.207
128,512,4,4096,161.409
128,512,4,8192,186.774
128,512,4,16384,287.478
128,512,4,32768,492.493
128,512,8,16,109.099
128,512,8,32,109.622
128,512,8,64,106.987
128,512,8,128,106.176
128,512,8,256,115.851
128,512,8,512,118.539
128,512,8,1024,124.822
128,512,8,2048,137.087
128,512,8,4096,134.944
128,512,8,8192,186.529
128,512,8,16384,289.164
128,512,8,32768,494.391
128,512,16,16,114.389
128,512,16,32,114.016
128,512,16,64,114.134
128,512,16,128,117.067
128,512,16,256,120.215
128,512,16,512,120.79
128,512,16,1024,129.932
128,512,16,2048,115.253
128,512,16,4096,140.705
128,512,16,8192,191.053
128,512,16,16384,295.244
128,512,16,32768,497.869
128,512,32,16,115.585
128,512,32,32,116.087
128,512,32,64,117.687
128,512,32,128,119.5
128,512,32,256,122.859
128,512,32,512,128.299
128,512,32,1024,108.088
128,512,32,2048,121.143
128,512,32,4096,147.51
128,512,32,8192,200.468
128,512,32,16384,304.844
128,512,32,32768,513.132
128,512,64,16,122.827
128,512,64,32,122.359
128,512,64,64,123.937
128,512,64,128,125.718
128,512,64,256,128.246
128,512,64,512,110.102
128,512,64,1024,140.299
128,512,64,2048,152.692
128,512,64,4096,190.219
128,512,64,8192,255.509
128,512,64,16384,391.959
128,512,64,32768,662.179
128,512,128,16,126.411
128,512,128,32,126.88
128,512,128,64,128.151
128,512,128,128,129.931
128,512,128,256,121.077
128,512,128,512,135.146
128,512,128,1024,153.302
128,512,128,2048,189.975
128,512,128,4096,256.844
128,512,128,8192,390.326
128,512,128,16384,659.373
128,512,128,32768,1194.73
128,1024,0,0,112.161
128,1024,1,16,115.713
128,1024,1,32,116.182
128,1024,1,64,116.16
128,1024,1,128,116.842
128,1024,1,256,115.882
128,1024,1,512,116.043
128,1024,1,1024,117.613
128,1024,1,2048,122.677
128,1024,1,4096,148.479
128,1024,1,8192,199.35
128,1024,1,16384,301.334
128,1024,1,32768,505.206
128,1024,2,16,116.696
128,1024,2,32,116.703
128,1024,2,64,116.768
128,1024,2,128,115.713
128,1024,2,256,116.172
128,1024,2,512,116.524
128,1024,2,1024,113.835
128,1024,2,2048,121.75
128,1024,2,4096,146.657
128,1024,2,8192,198.101
128,1024,2,16384,298.924
128,1024,2,32768,492.448
128,1024,4,16,116.48
128,1024,4,32,115.958
128,1024,4,64,115.477
128,1024,4,128,115.585
128,1024,4,256,116.076
128,1024,4,512,114.956
128,1024,4,1024,129.153
128,1024,4,2048,143.35
128,1024,4,4096,168.673
128,1024,4,8192,218.092
128,1024,4,16384,287.446
128,1024,4,32768,492.758
128,1024,8,16,116.449
128,1024,8,32,116.107
128,1024,8,64,115.797
128,1024,8,128,115.722
128,1024,8,256,112.8
128,1024,8,512,129.377
128,1024,8,1024,131.116
128,1024,8,2048,144.301
128,1024,8,4096,168.086
128,1024,8,8192,186.07
128,1024,8,16384,289.377
128,1024,8,32768,494.753
128,1024,16,16,116.672
128,1024,16,32,121.386
128,1024,16,64,124.053
128,1024,16,128,121.6
128,1024,16,256,124.928
128,1024,16,512,134.102
128,1024,16,1024,135.221
128,1024,16,2048,147.222
128,1024,16,4096,140.609
128,1024,16,8192,191.488
128,1024,16,16384,296.13
128,1024,16,32768,503.308
128,1024,32,16,122.603
128,1024,32,32,122.017
128,1024,32,64,124.321
128,1024,32,128,126.828
128,1024,32,256,129.728
128,1024,32,512,135.607
128,1024,32,1024,141.568
128,1024,32,2048,120.982
128,1024,32,4096,148.831
128,1024,32,8192,201.655
128,1024,32,16384,306.584
128,1024,32,32768,515.97
128,1024,64,16,129.931
128,1024,64,32,129.11
128,1024,64,64,130.914
128,1024,64,128,132.737
128,1024,64,256,134.88
128,1024,64,512,143.063
128,1024,64,1024,124.684
128,1024,64,2048,163.701
128,1024,64,4096,201.408
128,1024,64,8192,265.538
128,1024,64,16384,399.34
128,1024,64,32768,666.681
128,1024,128,16,132.906
128,1024,128,32,133.633
128,1024,128,64,134.914
128,1024,128,128,136.683
128,1024,128,256,141.964
128,1024,128,512,136.427
128,1024,128,1024,162.592
128,1024,128,2048,198.582
128,1024,128,4096,265.377
128,1024,128,8192,400.343
128,1024,128,16384,668.461
128,1024,128,32768,1198.76
128,2048,0,0,125.645
128,2048,1,16,129.932
128,2048,1,32,129.472
128,2048,1,64,129.685
128,2048,1,128,128.672
128,2048,1,256,129.163
128,2048,1,512,129.089
128,2048,1,1024,129.482
128,2048,1,2048,130.41
128,2048,1,4096,148.417
128,2048,1,8192,199.627
128,2048,1,16384,301.28
128,2048,1,32768,505.057
128,2048,2,16,129.389
128,2048,2,32,129.665
128,2048,2,64,129.569
128,2048,2,128,129.09
128,2048,2,256,129.675
128,2048,2,512,129.441
128,2048,2,1024,130.689
128,2048,2,2048,127.937
128,2048,2,4096,148.097
128,2048,2,8192,198.689
128,2048,2,16384,302.07
128,2048,2,32768,504.77
128,2048,4,16,128.287
128,2048,4,32,129.248
128,2048,4,64,129.046
128,2048,4,128,130.283
128,2048,4,256,129.558
128,2048,4,512,129.269
128,2048,4,1024,129.057
128,2048,4,2048,156.662
128,2048,4,4096,181.974
128,2048,4,8192,232.161
128,2048,4,16384,332.769
128,2048,4,32768,493.314
128,2048,8,16,129.59
128,2048,8,32,129.453
128,2048,8,64,130.027
128,2048,8,128,129.197
128,2048,8,256,129.611
128,2048,8,512,126.519
128,2048,8,1024,155.671
128,2048,8,2048,156.896
128,2048,8,4096,181.846
128,2048,8,8192,232.258
128,2048,8,16384,289.931
128,2048,8,32768,494.188
128,2048,16,16,131.36
128,2048,16,32,131.809
128,2048,16,64,132.353
128,2048,16,128,129.217
128,2048,16,256,138.326
128,2048,16,512,143.746
128,2048,16,1024,158.124
128,2048,16,2048,160.118
128,2048,16,4096,184.277
128,2048,16,8192,194.187
128,2048,16,16384,299.138
128,2048,16,32768,506.423
128,2048,32,16,135.243
128,2048,32,32,136.043
128,2048,32,64,136.746
128,2048,32,128,139.809
128,2048,32,256,141.953
128,2048,32,512,148.416
128,2048,32,1024,160.363
128,2048,32,2048,168.022
128,2048,32,4096,149.302
128,2048,32,8192,203.082
128,2048,32,16384,307.35
128,2048,32,32768,516.91
128,2048,64,16,141.857
128,2048,64,32,142.102
128,2048,64,64,144.065
128,2048,64,128,145.718
128,2048,64,256,147.863
128,2048,64,512,155.446
128,2048,64,1024,171.734
128,2048,64,2048,153.121
128,2048,64,4096,218.529
128,2048,64,8192,283.957
128,2048,64,16384,418.487
128,2048,64,32768,686.424
128,2048,128,16,146.463
128,2048,128,32,147.371
128,2048,128,64,147.958
128,2048,128,128,150.049
128,2048,128,256,155.755
128,2048,128,512,167.693
128,2048,128,1024,162.144
128,2048,128,2048,216.108
128,2048,128,4096,283.67
128,2048,128,8192,417.932
128,2048,128,16384,689.165
128,2048,128,32768,1221.1
128,4096,0,0,150.87
128,4096,1,16,154.955
128,4096,1,32,155.35
128,4096,1,64,154.977
128,4096,1,128,154.646
128,4096,1,256,154.561
128,4096,1,512,154.432
128,4096,1,1024,155.169
128,4096,1,2048,155.434
128,4096,1,4096,155.436
128,4096,1,8192,200.641
128,4096,1,16384,302.381
128,4096,1,32768,505.975
128,4096,2,16,154.517
128,4096,2,32,154.22
128,4096,2,64,154.476
128,4096,2,128,154.913
128,4096,2,256,154.795
128,4096,2,512,154.572
128,4096,2,1024,154.08
128,4096,2,2048,155.319
128,4096,2,4096,152.459
128,4096,2,8192,198.945
128,4096,2,16384,301.142
128,4096,2,32768,504.78
128,4096,4,16,154.945
128,4096,4,32,154.603
128,4096,4,64,155.072
128,4096,4,128,154.635
128,4096,4,256,155.691
128,4096,4,512,154.785
128,4096,4,1024,154.965
128,4096,4,2048,153.878
128,4096,4,4096,207.403
128,4096,4,8192,259.509
128,4096,4,16384,359.488
128,4096,4,32768,562.807
128,4096,8,16,155.018
128,4096,8,32,154.986
128,4096,8,64,155.03
128,4096,8,128,154.635
128,4096,8,256,154.997
128,4096,8,512,155.615
128,4096,8,1024,152.205
128,4096,8,2048,206.785
128,4096,8,4096,208.854
128,4096,8,8192,257.771
128,4096,8,16384,360.674
128,4096,8,32768,495.873
128,4096,16,16,159.222
128,4096,16,32,158.176
128,4096,16,64,157.408
128,4096,16,128,160.171
128,4096,16,256,156.107
128,4096,16,512,169.164
128,4096,16,1024,181.962
128,4096,16,2048,211.873
128,4096,16,4096,211.105
128,4096,16,8192,263.18
128,4096,16,16384,298.338
128,4096,16,32768,503.97
128,4096,32,16,161.397
128,4096,32,32,160.374
128,4096,32,64,161.717
128,4096,32,128,164.065
128,4096,32,256,168.234
128,4096,32,512,174.955
128,4096,32,1024,187.446
128,4096,32,2048,211.756
128,4096,32,4096,219.948
128,4096,32,8192,202.294
128,4096,32,16384,308.044
128,4096,32,32768,519.148
128,4096,64,16,166.485
128,4096,64,32,166.208
128,4096,64,64,168.172
128,4096,64,128,171.191
128,4096,64,256,174.347
128,4096,64,512,181.74
128,4096,64,1024,195.383
128,4096,64,2048,220.278
128,4096,64,4096,204.875
128,4096,64,8192,322.017
128,4096,64,16384,453.494
128,4096,64,32768,724.515
128,4096,128,16,172.086
128,4096,128,32,172.043
128,4096,128,64,174.103
128,4096,128,128,175.52
128,4096,128,256,180.021
128,4096,128,512,191.426
128,4096,128,1024,209.793
128,4096,128,2048,216.427
128,4096,128,4096,321.826
128,4096,128,8192,456.599
128,4096,128,16384,723.544
128,4096,128,32768,1262.62
128,8192,0,0,200.854
128,8192,1,16,205.515
128,8192,1,32,205.548
128,8192,1,64,206.188
128,8192,1,128,205.878
128,8192,1,256,205.985
128,8192,1,512,206.422
128,8192,1,1024,205.632
128,8192,1,2048,205.984
128,8192,1,4096,205.858
128,8192,1,8192,207.424
128,8192,1,16384,303.851
128,8192,1,32768,506.722
128,8192,2,16,205.579
128,8192,2,32,205.462
128,8192,2,64,205.708
128,8192,2,128,205.174
128,8192,2,256,204.961
128,8192,2,512,205.963
128,8192,2,1024,204.982
128,8192,2,2048,204.929
128,8192,2,4096,206.187
128,8192,2,8192,204.748
128,8192,2,16384,302.688
128,8192,2,32768,504.973
128,8192,4,16,205.227
128,8192,4,32,204.875
128,8192,4,64,205.111
128,8192,4,128,205.26
128,8192,4,256,204.759
128,8192,4,512,205.388
128,8192,4,1024,204.928
128,8192,4,2048,205.248
128,8192,4,4096,205.281
128,8192,4,8192,310.231
128,8192,4,16384,409.965
128,8192,4,32768,615.426
128,8192,8,16,206.155
128,8192,8,32,205.46
128,8192,8,64,206.038
128,8192,8,128,206.476
128,8192,8,256,205.483
128,8192,8,512,204.673
128,8192,8,1024,206.177
128,8192,8,2048,203.82
128,8192,8,4096,308.001
128,8192,8,8192,310.219
128,8192,8,16384,411.414
128,8192,8,32768,617.88
128,8192,16,16,207.52
128,8192,16,32,207.937
128,8192,16,64,209.506
128,8192,16,128,208.983
128,8192,16,256,212.065
128,8192,16,512,208.534
128,8192,16,1024,218.485
128,8192,16,2048,260.725
128,8192,16,4096,311.981
128,8192,16,8192,313.303
128,8192,16,16384,417.376
128,8192,16,32768,507.362
128,8192,32,16,212.886
128,8192,32,32,211.414
128,8192,32,64,211.638
128,8192,32,128,212.78
128,8192,32,256,212.001
128,8192,32,512,225.409
128,8192,32,1024,239.393
128,8192,32,2048,262.646
128,8192,32,4096,315.958
128,8192,32,8192,321.921
128,8192,32,16384,308.364
128,8192,32,32768,516.59
128,8192,64,16,215.851
128,8192,64,32,215.874
128,8192,64,64,215.488
128,8192,64,128,220.821
128,8192,64,256,224.887
128,8192,64,512,231.873
128,8192,64,1024,247.936
128,8192,64,2048,270.647
128,8192,64,4096,324.151
128,8192,64,8192,311.158
128,8192,64,16384,529.922
128,8192,64,32768,800.995
128,8192,128,16,223.415
128,8192,128,32,224.641
128,8192,128,64,225.963
128,8192,128,128,226.913
128,8192,128,256,230.871
128,8192,128,512,240.597
128,8192,128,1024,259.489
128,8192,128,2048,291.905
128,8192,128,4096,321.089
128,8192,128,8192,529.036
128,8192,128,16384,796.738
128,8192,128,32768,1334.16
128,16384,0,0,303.032
128,16384,1,16,306.742
128,16384,1,32,307.875
128,16384,1,64,307.628
128,16384,1,128,306.434
128,16384,1,256,308.023
128,16384,1,512,306.743
128,16384,1,1024,307.434
128,16384,1,2048,307.831
128,16384,1,4096,307.264
128,16384,1,8192,307.341
128,16384,1,16384,309.111
128,16384,1,32768,508.088
128,16384,2,16,307.851
128,16384,2,32,307.361
128,16384,2,64,306.625
128,16384,2,128,307.277
128,16384,2,256,307.094
128,16384,2,512,306.444
128,16384,2,1024,306.829
128,16384,2,2048,306.966
128,16384,2,4096,307.916
128,16384,2,8192,307.958
128,16384,2,16384,306.88
128,16384,2,32768,505.559
128,16384,4,16,307.009
128,16384,4,32,307.266
128,16384,4,64,306.636
128,16384,4,128,306.486
128,16384,4,256,306.976
128,16384,4,512,305.643
128,16384,4,1024,307.445
128,16384,4,2048,307.319
128,16384,4,4096,307.009
128,16384,4,8192,305.558
128,16384,4,16384,512.546
128,16384,4,32768,716.377
128,16384,8,16,306.976
128,16384,8,32,306.88
128,16384,8,64,306.997
128,16384,8,128,306.487
128,16384,8,256,307.554
128,16384,8,512,307.329
128,16384,8,1024,307.617
128,16384,8,2048,307.777
128,16384,8,4096,306.978
128,16384,8,8192,511.778
128,16384,8,16384,512.333
128,16384,8,32768,718.062
128,16384,16,16,309.399
128,16384,16,32,308.545
128,16384,16,64,310.049
128,16384,16,128,311.042
128,16384,16,256,312.566
128,16384,16,512,311.256
128,16384,16,1024,308.311
128,16384,16,2048,319.339
128,16384,16,4096,411.853
128,16384,16,8192,513.688
128,16384,16,16384,519.448
128,16384,16,32768,727.725
128,16384,32,16,313.068
128,16384,32,32,313.035
128,16384,32,64,312.717
128,16384,32,128,312.736
128,16384,32,256,313.825
128,16384,32,512,312.897
128,16384,32,1024,340.705
128,16384,32,2048,364.024
128,16384,32,4096,415.98
128,16384,32,8192,520.353
128,16384,32,16384,530.146
128,16384,32,32768,519.202
128,16384,64,16,317.752
128,16384,64,32,318.754
128,16384,64,64,318.017
128,16384,64,128,317.708
128,16384,64,256,318.05
128,16384,64,512,333.142
128,16384,64,1024,349.644
128,16384,64,2048,375.725
128,16384,64,4096,425.313
128,16384,64,8192,532.354
128,16384,64,16384,520.621
128,16384,64,32768,945.657
128,16384,128,16,321.452
128,16384,128,32,320.449
128,16384,128,64,325.025
128,16384,128,128,328.269
128,16384,128,256,331.618
128,16384,128,512,339.766
128,16384,128,1024,358.466
128,16384,128,2048,392.045
128,16384,128,4096,458.882
128,16384,128,8192,529.294
128,16384,128,16384,943.758
128,16384,128,32768,1482.14
128,32768,0,0,506.552
128,32768,1,16,510.414
128,32768,1,32,510.734
128,32768,1,64,512.174
128,32768,1,128,511.321
128,32768,1,256,511.297
128,32768,1,512,510.893
128,32768,1,1024,511.544
128,32768,1,2048,510.936
128,32768,1,4096,510.487
128,32768,1,8192,510.977
128,32768,1,16384,511.232
128,32768,1,32768,511.639
128,32768,2,16,511.597
128,32768,2,32,511
128,32768,2,64,510.647
128,32768,2,128,510.818
128,32768,2,256,510.902
128,32768,2,512,510.903
128,32768,2,1024,511.265
128,32768,2,2048,510.787
128,32768,2,4096,511.298
128,32768,2,8192,512.024
128,32768,2,16384,510.477
128,32768,2,32768,510.253
128,32768,4,16,511.821
128,32768,4,32,511.724
128,32768,4,64,511.288
128,32768,4,128,511.98
128,32768,4,256,510.392
128,32768,4,512,510.894
128,32768,4,1024,511.01
128,32768,4,2048,511.523
128,32768,4,4096,511.041
128,32768,4,8192,512.194
128,32768,4,16384,511.097
128,32768,4,32768,921.027
128,32768,8,16,511.383
128,32768,8,32,512.278
128,32768,8,64,511.352
128,32768,8,128,511.649
128,32768,8,256,510.925
128,32768,8,512,511.842
128,32768,8,1024,511.724
128,32768,8,2048,511.554
128,32768,8,4096,511.277
128,32768,8,8192,511.938
128,32768,8,16384,918.329
128,32768,8,32768,921.348
128,32768,16,16,513.378
128,32768,16,32,514.061
128,32768,16,64,514.402
128,32768,16,128,514.403
128,32768,16,256,514.7
128,32768,16,512,512.908
128,32768,16,1024,514.263
128,32768,16,2048,512.108
128,32768,16,4096,523.714
128,32768,16,8192,719.02
128,32768,16,16384,924.877
128,32768,16,32768,927.364
128,32768,32,16,517.025
128,32768,32,32,517.336
128,32768,32,64,517.122
128,32768,32,128,518.615
128,32768,32,256,516.29
128,32768,32,512,518.701
128,32768,32,1024,517.858
128,32768,32,2048,551.138
128,32768,32,4096,619.587
128,32768,32,8192,721.87
128,32768,32,16384,929.454
128,32768,32,32768,940.035
128,32768,64,16,522.274
128,32768,64,32,521.163
128,32768,64,64,521.921
128,32768,64,128,521.559
128,32768,64,256,521.558
128,32768,64,512,522.168
128,32768,64,1024,547.266
128,32768,64,2048,577.538
128,32768,64,4096,629.378
128,32768,64,8192,735.063
128,32768,64,16384,945.326
128,32768,64,32768,941.913
128,32768,128,16,525.494
128,32768,128,32,525.55
128,32768,128,64,525.537
128,32768,128,128,525.901
128,32768,128,256,525.078
128,32768,128,512,540.641
128,32768,128,1024,558.009
128,32768,128,2048,590.99
128,32768,128,4096,660.525
128,32768,128,8192,791.854
128,32768,128,16384,946.084
128,32768,128,32768,1772.49
256,0,0,0,93.4293
256,0,1,16,99.6583
256,0,1,32,99.264
256,0,1,64,99.893
256,0,1,128,99.7983
256,0,1,256,99.8617
256,0,1,512,106.474
256,0,1,1024,119.03
256,0,1,2048,143.745
256,0,1,4096,194.646
256,0,1,8192,297.003
256,0,1,16384,498.157
256,0,1,32768,906.009
256,0,2,16,99.563
256,0,2,32,99.9477
256,0,2,64,99.767
256,0,2,128,99.7873
256,0,2,256,99.9993
256,0,2,512,105.738
256,0,2,1024,118.22
256,0,2,2048,144.482
256,0,2,4096,194.795
256,0,2,8192,296.161
256,0,2,16384,500.6
256,0,2,32768,907.321
256,0,4,16,100.81
256,0,4,32,100.716
256,0,4,64,100.321
256,0,4,128,100.331
256,0,4,256,100.502
256,0,4,512,107.05
256,0,4,1024,120.203
256,0,4,2048,145.814
256,0,4,4096,195.402
256,0,4,8192,299.083
256,0,4,16384,502.658
256,0,4,32768,908.611
256,0,8,16,102.187
256,0,8,32,102.06
256,0,8,64,102.678
256,0,8,128,103.073
256,0,8,256,103.062
256,0,8,512,108.512
256,0,8,1024,121.366
256,0,8,2048,146.251
256,0,8,4096,199.137
256,0,8,8192,301.782
256,0,8,16384,505.206
256,0,8,32768,910.734
256,0,16,16,101.216
256,0,16,32,101.61
256,0,16,64,101.504
256,0,16,128,102.197
256,0,16,256,103.573
256,0,16,512,106.325
256,0,16,1024,119.714
256,0,16,2048,144.78
256,0,16,4096,196.94
256,0,16,8192,299.256
256,0,16,16384,504.472
256,0,16,32768,912.995
256,0,32,16,106.379
256,0,32,32,106.476
256,0,32,64,107.851
256,0,32,128,109.057
256,0,32,256,108.661
256,0,32,512,111.894
256,0,32,1024,124.662
256,0,32,2048,148.864
256,0,32,4096,199.798
256,0,32,8192,303.064
256,0,32,16384,509.315
256,0,32,32768,921.37
256,0,64,16,119.691
256,0,64,32,119.348
256,0,64,64,121.76
256,0,64,128,117.76
256,0,64,256,121.217
256,0,64,512,123.829
256,0,64,1024,135.317
256,0,64,2048,164.225
256,0,64,4096,216.684
256,0,64,8192,320.673
256,0,64,16384,528.96
256,0,64,32768,944.228
256,0,128,16,119.872
256,0,128,32,120.842
256,0,128,64,122.101
256,0,128,128,125.26
256,0,128,256,130.251
256,0,128,512,139.712
256,0,128,1024,156.747
256,0,128,2048,190.52
256,0,128,4096,257.943
256,0,128,8192,395.927
256,0,128,16384,673.987
256,0,128,32768,1207.95
256,16,0,0,93.6227
256,16,1,16,100.311
256,16,1,32,101.057
256,16,1,64,100.748
256,16,1,128,100.021
256,16,1,256,100.223
256,16,1,512,106.294
256,16,1,1024,118.666
256,16,1,2048,144.075
256,16,1,4096,195.776
256,16,1,8192,295.414
256,16,1,16384,498.402
256,16,1,32768,907.076
256,16,2,16,100.459
256,16,2,32,100.801
256,16,2,64,100.427
256,16,2,128,100.896
256,16,2,256,100.46
256,16,2,512,106.25
256,16,2,1024,119.212
256,16,2,2048,143.713
256,16,2,4096,195.202
256,16,2,8192,297.037
256,16,2,16384,501.037
256,16,2,32768,907.875
256,16,4,16,100.991
256,16,4,32,101.207
256,16,4,64,101.73
256,16,4,128,101.366
256,16,4,256,101.163
256,16,4,512,107.296
256,16,4,1024,119.883
256,16,4,2048,145.729
256,16,4,4096,195.328
256,16,4,8192,299.339
256,16,4,16384,503.767
256,16,4,32768,908.462
256,16,8,16,102.134
256,16,8,32,103.073
256,16,8,64,103.563
256,16,8,128,105.675
256,16,8,256,108.447
256,16,8,512,114.986
256,16,8,1024,127.947
256,16,8,2048,152.951
256,16,8,4096,205.408
256,16,8,8192,309.046
256,16,8,16384,511.202
256,16,8,32768,916.761
256,16,16,16,100.875
256,16,16,32,100.566
256,16,16,64,102.315
256,16,16,128,103.83
256,16,16,256,107.968
256,16,16,512,113.483
256,16,16,1024,125.623
256,16,16,2048,152.171
256,16,16,4096,202.924
256,16,16,8192,305.624
256,16,16,16384,508.483
256,16,16,32768,914.702
256,16,32,16,106.219
256,16,32,32,106.336
256,16,32,64,109.131
256,16,32,128,110.689
256,16,32,256,113.878
256,16,32,512,120.096
256,16,32,1024,132.406
256,16,32,2048,156.683
256,16,32,4096,207.48
256,16,32,8192,310.305
256,16,32,16384,517.016
256,16,32,32768,930.072
256,16,64,16,117.675
256,16,64,32,117.441
256,16,64,64,117.771
256,16,64,128,121.28
256,16,64,256,124.928
256,16,64,512,129.781
256,16,64,1024,145.749
256,16,64,2048,170.774
256,16,64,4096,224.961
256,16,64,8192,331.97
256,16,64,16384,537.794
256,16,64,32768,963.342
256,16,128,16,120.778
256,16,128,32,121.397
256,16,128,64,121.303
256,16,128,128,124.309
256,16,128,256,131.351
256,16,128,512,142.518
256,16,128,1024,160.79
256,16,128,2048,193.356
256,16,128,4096,262.774
256,16,128,8192,396.642
256,16,128,16384,664.291
256,16,128,32768,1198.62
256,32,0,0,94.5287
256,32,1,16,100.811
256,32,1,32,99.937
256,32,1,64,100.512
256,32,1,128,100.438
256,32,1,256,100.214
256,32,1,512,106.294
256,32,1,1024,118.379
256,32,1,2048,143.851
256,32,1,4096,194.787
256,32,1,8192,296.099
256,32,1,16384,499.564
256,32,1,32768,906.702
256,32,2,16,99.7547
256,32,2,32,100.043
256,32,2,64,101.28
256,32,2,128,101.163
256,32,2,256,101.269
256,32,2,512,107.124
256,32,2,1024,118.368
256,32,2,2048,144.47
256,32,2,4096,195.627
256,32,2,8192,296.641
256,32,2,16384,501.356
256,32,2,32768,907.405
256,32,4,16,101.205
256,32,4,32,101.75
256,32,4,64,101.696
256,32,4,128,101.953
256,32,4,256,101.569
256,32,4,512,106.869
256,32,4,1024,120.48
256,32,4,2048,145.077
256,32,4,4096,195.523
256,32,4,8192,298.978
256,32,4,16384,502.968
256,32,4,32768,908.783
256,32,8,16,103.03
256,32,8,32,103.232
256,32,8,64,103.296
256,32,8,128,106.293
256,32,8,256,108.715
256,32,8,512,115.136
256,32,8,1024,128.054
256,32,8,2048,153.663
256,32,8,4096,205.783
256,32,8,8192,308.78
256,32,8,16384,510.189
256,32,8,32768,917.39
256,32,16,16,101.526
256,32,16,32,100.983
256,32,16,64,102.55
256,32,16,128,103.404
256,32,16,256,106.496
256,32,16,512,113.003
256,32,16,1024,126.815
256,32,16,2048,151.307
256,32,16,4096,203.371
256,32,16,8192,304.01
256,32,16,16384,507.757
256,32,16,32768,914.02
256,32,32,16,108.096
256,32,32,32,108.652
256,32,32,64,110.506
256,32,32,128,110.945
256,32,32,256,114.444
256,32,32,512,119.999
256,32,32,1024,132.203
256,32,32,2048,158.475
256,32,32,4096,210.177
256,32,32,8192,310.667
256,32,32,16384,516.578
256,32,32,32768,929.443
256,32,64,16,121.527
256,32,64,32,117.547
256,32,64,64,120.267
256,32,64,128,124.127
256,32,64,256,123.98
256,32,64,512,130.379
256,32,64,1024,147.224
256,32,64,2048,168.546
256,32,64,4096,223.265
256,32,64,8192,328.833
256,32,64,16384,538.123
256,32,64,32768,962.181
256,32,128,16,122.08
256,32,128,32,120.757
256,32,128,64,123.532
256,32,128,128,125.418
256,32,128,256,130.528
256,32,128,512,142.816
256,32,128,1024,161.014
256,32,128,2048,195.147
256,32,128,4096,263.181
256,32,128,8192,397.324
256,32,128,16384,663.832
256,32,128,32768,1200.68
256,64,0,0,94.634
256,64,1,16,100.619
256,64,1,32,100.875
256,64,1,64,101.302
256,64,1,128,101.685
256,64,1,256,100.598
256,64,1,512,105.643
256,64,1,1024,118.72
256,64,1,2048,143.637
256,64,1,4096,194.762
256,64,1,8192,295.617
256,64,1,16384,498.699
256,64,1,32768,907.138
256,64,2,16,100.758
256,64,2,32,101.527
256,64,2,64,100.789
256,64,2,128,101.772
256,64,2,256,101.047
256,64,2,512,105.675
256,64,2,1024,118.592
256,64,2,2048,144
256,64,2,4096,195.06
256,64,2,8192,296.076
256,64,2,16384,500.163
256,64,2,32768,907.394
256,64,4,16,102.231
256,64,4,32,102.443
256,64,4,64,102.593
256,64,4,128,101.74
256,64,4,256,102.006
256,64,4,512,106.912
256,64,4,1024,119.18
256,64,4,2048,145.077
256,64,4,4096,196.172
256,64,4,8192,299.03
256,64,4,16384,503.779
256,64,4,32768,908.313
256,64,8,16,103.029
256,64,8,32,103.19
256,64,8,64,105.781
256,64,8,128,107.903
256,64,8,256,110.218
256,64,8,512,117.868
256,64,8,1024,130.304
256,64,8,2048,155.595
256,64,8,4096,208.258
256,64,8,8192,310.71
256,64,8,16384,513.622
256,64,8,32768,920.591
256,64,16,16,103.765
256,64,16,32,103.233
256,64,16,64,105.099
256,64,16,128,106.038
256,64,16,256,108.885
256,64,16,512,115.692
256,64,16,1024,128.575
256,64,16,2048,152.961
256,64,16,4096,203.691
256,64,16,8192,306.306
256,64,16,16384,509.411
256,64,16,32768,916.131
256,64,32,16,109.088
256,64,32,32,109.067
256,64,32,64,109.716
256,64,32,128,112.118
256,64,32,256,114.476
256,64,32,512,119.617
256,64,32,1024,133.269
256,64,32,2048,158.048
256,64,32,4096,209.376
256,64,32,8192,311.414
256,64,32,16384,518.989
256,64,32,32768,928.707
256,64,64,16,116.748
256,64,64,32,119.019
256,64,64,64,121.675
256,64,64,128,119.575
256,64,64,256,126.421
256,64,64,512,130.796
256,64,64,1024,144.854
256,64,64,2048,168.245
256,64,64,4096,223.702
256,64,64,8192,329.89
256,64,64,16384,539.522
256,64,64,32768,960.973
256,64,128,16,122.272
256,64,128,32,123.2
256,64,128,64,123.34
256,64,128,128,125.078
256,64,128,256,131.617
256,64,128,512,142.326
256,64,128,1024,162.155
256,64,128,2048,195.585
256,64,128,4096,262.613
256,64,128,8192,398.146
256,64,128,16384,665.432
256,64,128,32768,1203.18
256,128,0,0,95.9143
256,128,1,16,102.581
256,128,1,32,102.988
256,128,1,64,102.837
256,128,1,128,102.571
256,128,1,256,103.306
256,128,1,512,105.941
256,128,1,1024,118.826
256,128,1,2048,144
256,128,1,4096,194.796
256,128,1,8192,296.555
256,128,1,16384,498.957
256,128,1,32768,906.159
256,128,2,16,102.634
256,128,2,32,103.071
256,128,2,64,102.943
256,128,2,128,102.679
256,128,2,256,102.988
256,128,2,512,105.579
256,128,2,1024,119.051
256,128,2,2048,144.97
256,128,2,4096,194.817
256,128,2,8192,296.768
256,128,2,16384,500.535
256,128,2,32768,907.64
256,128,4,16,103.457
256,128,4,32,104.289
256,128,4,64,103.413
256,128,4,128,103.957
256,128,4,256,103.659
256,128,4,512,107.361
256,128,4,1024,119.712
256,128,4,2048,145.632
256,128,4,4096,195.778
256,128,4,8192,299.106
256,128,4,16384,503.117
256,128,4,32768,908.514
256,128,8,16,104.79
256,128,8,32,105.066
256,128,8,64,105.559
256,128,8,128,108.34
256,128,8,256,112.204
256,128,8,512,118.761
256,128,8,1024,131.84
256,128,8,2048,157.045
256,128,8,4096,209.516
256,128,8,8192,312.352
256,128,8,16384,514.914
256,128,8,32768,919.929
256,128,16,16,104.002
256,128,16,32,104.309
256,128,16,64,105.472
256,128,16,128,106.848
256,128,16,256,111.254
256,128,16,512,118.027
256,128,16,1024,130.049
256,128,16,2048,154.262
256,128,16,4096,204.791
256,128,16,8192,306.774
256,128,16,16384,510.466
256,128,16,32768,917.006
256,128,32,16,109.196
256,128,32,32,110.635
256,128,32,64,110.827
256,128,32,128,111.553
256,128,32,256,116.15
256,128,32,512,121.419
256,128,32,1024,134.368
256,128,32,2048,158.464
256,128,32,4096,209.984
256,128,32,8192,314.998
256,128,32,16384,520.481
256,128,32,32768,933.358
256,128,64,16,119.82
256,128,64,32,123.755
256,128,64,64,123.84
256,128,64,128,122.219
256,128,64,256,125.793
256,128,64,512,135.765
256,128,64,1024,146.901
256,128,64,2048,172.737
256,128,64,4096,226.028
256,128,64,8192,333.036
256,128,64,16384,542.188
256,128,64,32768,956.665
256,128,128,16,123.104
256,128,128,32,123.541
256,128,128,64,124.907
256,128,128,128,126.292
256,128,128,256,132.225
256,128,128,512,143.637
256,128,128,1024,163.297
256,128,128,2048,196.696
256,128,128,4096,264.044
256,128,128,8192,399.383
256,128,128,16384,667.586
256,128,128,32768,1200.94
256,256,0,0,99.2737
256,256,1,16,106.07
256,256,1,32,106.048
256,256,1,64,106.016
256,256,1,128,106.453
256,256,1,256,105.909
256,256,1,512,106.602
256,256,1,1024,119.211
256,256,1,2048,144.31
256,256,1,4096,195.179
256,256,1,8192,296.108
256,256,1,16384,498.989
256,256,1,32768,905.433
256,256,2,16,106.496
256,256,2,32,106.219
256,256,2,64,106.432
256,256,2,128,105.846
256,256,2,256,105.846
256,256,2,512,106.432
256,256,2,1024,118.518
256,256,2,2048,144.288
256,256,2,4096,195.436
256,256,2,8192,296.994
256,256,2,16384,500.824
256,256,2,32768,907.299
256,256,4,16,106.976
256,256,4,32,107.254
256,256,4,64,106.464
256,256,4,128,108.439
256,256,4,256,106.614
256,256,4,512,107.009
256,256,4,1024,120.384
256,256,4,2048,145.76
256,256,4,4096,195.702
256,256,4,8192,300.088
256,256,4,16384,503.415
256,256,4,32768,908.996
256,256,8,16,108.363
256,256,8,32,108.844
256,256,8,64,108.599
256,256,8,128,108.481
256,256,8,256,114.198
256,256,8,512,122.251
256,256,8,1024,135.563
256,256,8,2048,160.352
256,256,8,4096,212.768
256,256,8,8192,314.797
256,256,8,16384,517.954
256,256,8,32768,924.077
256,256,16,16,107.831
256,256,16,32,108.246
256,256,16,64,108.151
256,256,16,128,109.194
256,256,16,256,112.96
256,256,16,512,120.738
256,256,16,1024,132.065
256,256,16,2048,157.472
256,256,16,4096,209.569
256,256,16,8192,309.995
256,256,16,16384,513.666
256,256,16,32768,919.79
256,256,32,16,113.376
256,256,32,32,113.483
256,256,32,64,114.891
256,256,32,128,115.095
256,256,32,256,118.711
256,256,32,512,125.269
256,256,32,1024,136.853
256,256,32,2048,162.263
256,256,32,4096,212.139
256,256,32,8192,316.427
256,256,32,16384,522.049
256,256,32,32768,932.461
256,256,64,16,121.846
256,256,64,32,127.755
256,256,64,64,126.549
256,256,64,128,127.041
256,256,64,256,129.6
256,256,64,512,137.921
256,256,64,1024,149.397
256,256,64,2048,177.793
256,256,64,4096,227.979
256,256,64,8192,333.186
256,256,64,16384,546.678
256,256,64,32768,968.141
256,256,128,16,127.031
256,256,128,32,126.742
256,256,128,64,127.105
256,256,128,128,130.721
256,256,128,256,136.874
256,256,128,512,146.166
256,256,128,1024,164.832
256,256,128,2048,199.807
256,256,128,4096,265.974
256,256,128,8192,401.814
256,256,128,16384,668.972
256,256,128,32768,1205.33
256,512,0,0,105.899
256,512,1,16,112.213
256,512,1,32,112.33
256,512,1,64,112.736
256,512,1,128,112.545
256,512,1,256,112.372
256,512,1,512,112.331
256,512,1,1024,118.443
256,512,1,2048,143.884
256,512,1,4096,195.788
256,512,1,8192,295.552
256,512,1,16384,498.839
256,512,1,32768,905.849
256,512,2,16,112.577
256,512,2,32,112.513
256,512,2,64,112.225
256,512,2,128,112.151
256,512,2,256,112.256
256,512,2,512,112.812
256,512,2,1024,118.614
256,512,2,2048,144.214
256,512,2,4096,195.309
256,512,2,8192,296.94
256,512,2,16384,501.133
256,512,2,32768,908.014
256,512,4,16,113.462
256,512,4,32,114.177
256,512,4,64,113.333
256,512,4,128,112.544
256,512,4,256,114.027
256,512,4,512,114.017
256,512,4,1024,120.15
256,512,4,2048,145.729
256,512,4,4096,195.959
256,512,4,8192,299.618
256,512,4,16384,503.597
256,512,4,32768,908.909
256,512,8,16,114.016
256,512,8,32,114.335
256,512,8,64,114.549
256,512,8,128,114.795
256,512,8,256,114.422
256,512,8,512,126.711
256,512,8,1024,141.024
256,512,8,2048,166.411
256,512,8,4096,219.414
256,512,8,8192,321.537
256,512,8,16384,524.513
256,512,8,32768,930.553
256,512,16,16,113.709
256,512,16,32,112.705
256,512,16,64,114.667
256,512,16,128,116.565
256,512,16,256,119.413
256,512,16,512,126.698
256,512,16,1024,138.943
256,512,16,2048,163.969
256,512,16,4096,214.72
256,512,16,8192,316.311
256,512,16,16384,523.212
256,512,16,32768,928.29
256,512,32,16,119.116
256,512,32,32,119.744
256,512,32,64,120.768
256,512,32,128,122.358
256,512,32,256,125.665
256,512,32,512,131.254
256,512,32,1024,142.56
256,512,32,2048,168.8
256,512,32,4096,220.086
256,512,32,8192,322.061
256,512,32,16384,530.05
256,512,32,32768,940.249
256,512,64,16,129.174
256,512,64,32,128.992
256,512,64,64,133.366
256,512,64,128,132.129
256,512,64,256,135.872
256,512,64,512,143.126
256,512,64,1024,155.414
256,512,64,2048,184.256
256,512,64,4096,234.497
256,512,64,8192,340.418
256,512,64,16384,551.511
256,512,64,32768,971.436
256,512,128,16,134.348
256,512,128,32,133.281
256,512,128,64,134.165
256,512,128,128,136.107
256,512,128,256,143.158
256,512,128,512,153.515
256,512,128,1024,171.638
256,512,128,2048,205.771
256,512,128,4096,272.641
256,512,128,8192,408.695
256,512,128,16384,677.219
256,512,128,32768,1212.45
256,1024,0,0,117.867
256,1024,1,16,125.858
256,1024,1,32,124.79
256,1024,1,64,125.579
256,1024,1,128,124.811
256,1024,1,256,125.483
256,1024,1,512,125.548
256,1024,1,1024,125.91
256,1024,1,2048,144.832
256,1024,1,4096,195.169
256,1024,1,8192,296.92
256,1024,1,16384,498.531
256,1024,1,32768,906.648
256,1024,2,16,124.907
256,1024,2,32,124.843
256,1024,2,64,124.598
256,1024,2,128,125.141
256,1024,2,256,125.151
256,1024,2,512,125.1
256,1024,2,1024,124.94
256,1024,2,2048,145.868
256,1024,2,4096,195.916
256,1024,2,8192,297.141
256,1024,2,16384,500.727
256,1024,2,32768,907.256
256,1024,4,16,126.634
256,1024,4,32,126.838
256,1024,4,64,126.486
256,1024,4,128,126.284
256,1024,4,256,126.006
256,1024,4,512,126.678
256,1024,4,1024,126.412
256,1024,4,2048,145.792
256,1024,4,4096,196.17
256,1024,4,8192,300.054
256,1024,4,16384,503.661
256,1024,4,32768,908.666
256,1024,8,16,127.66
256,1024,8,32,126.828
256,1024,8,64,127.126
256,1024,8,128,127.125
256,1024,8,256,127.946
256,1024,8,512,127.532
256,1024,8,1024,152.77
256,1024,8,2048,180.877
256,1024,8,4096,232.48
256,1024,8,8192,335.126
256,1024,8,16384,538.317
256,1024,8,32768,942.885
256,1024,16,16,125.664
256,1024,16,32,126.165
256,1024,16,64,125.643
256,1024,16,128,124.524
256,1024,16,256,133.302
256,1024,16,512,138.656
256,1024,16,1024,152.918
256,1024,16,2048,177.526
256,1024,16,4096,228.534
256,1024,16,8192,331.597
256,1024,16,16384,536.013
256,1024,16,32768,944.099
256,1024,32,16,131.745
256,1024,32,32,132.386
256,1024,32,64,132.875
256,1024,32,128,135.894
256,1024,32,256,138.443
256,1024,32,512,144.204
256,1024,32,1024,156.225
256,1024,32,2048,183.234
256,1024,32,4096,234.359
256,1024,32,8192,336.088
256,1024,32,16384,544.504
256,1024,32,32768,956.696
256,1024,64,16,141.644
256,1024,64,32,143.125
256,1024,64,64,144.332
256,1024,64,128,145.985
256,1024,64,256,148.289
256,1024,64,512,156.833
256,1024,64,1024,168.929
256,1024,64,2048,197.462
256,1024,64,4096,252.194
256,1024,64,8192,353.602
256,1024,64,16384,567.428
256,1024,64,32768,988.227
256,1024,128,16,145.889
256,1024,128,32,145.579
256,1024,128,64,146.422
256,1024,128,128,148.918
256,1024,128,256,156.076
256,1024,128,512,166.006
256,1024,128,1024,185.366
256,1024,128,2048,217.557
256,1024,128,4096,285.76
256,1024,128,8192,420.973
256,1024,128,16384,687.159
256,1024,128,32768,1224.87
256,2048,0,0,144.13
256,2048,1,16,150.102
256,2048,1,32,150.315
256,2048,1,64,150.966
256,2048,1,128,150.656
256,2048,1,256,151.095
256,2048,1,512,150.069
256,2048,1,1024,150.464
256,2048,1,2048,150.794
256,2048,1,4096,196.483
256,2048,1,8192,298.198
256,2048,1,16384,500.675
256,2048,1,32768,907.705
256,2048,2,16,150.411
256,2048,2,32,150.71
256,2048,2,64,150.422
256,2048,2,128,151.233
256,2048,2,256,150.283
256,2048,2,512,150.593
256,2048,2,1024,150.476
256,2048,2,2048,150.325
256,2048,2,4096,196.588
256,2048,2,8192,298.145
256,2048,2,16384,502.552
256,2048,2,32768,908.718
256,2048,4,16,151.095
256,2048,4,32,151.328
256,2048,4,64,151.19
256,2048,4,128,151.722
256,2048,4,256,150.816
256,2048,4,512,151.019
256,2048,4,1024,151.777
256,2048,4,2048,151.393
256,2048,4,4096,197.654
256,2048,4,8192,300.375
256,2048,4,16384,504.086
256,2048,4,32768,909.977
256,2048,8,16,152.726
256,2048,8,32,152.824
256,2048,8,64,152.864
256,2048,8,128,153.1
256,2048,8,256,153.195
256,2048,8,512,152.864
256,2048,8,1024,153.611
256,2048,8,2048,205.995
256,2048,8,4096,257.987
256,2048,8,8192,361.25
256,2048,8,16384,563.693
256,2048,8,32768,969.647
256,2048,16,16,151.095
256,2048,16,32,151.18
256,2048,16,64,150.379
256,2048,16,128,150.943
256,2048,16,256,151.031
256,2048,16,512,162.433
256,2048,16,1024,177.643
256,2048,16,2048,203.168
256,2048,16,4096,255.329
256,2048,16,8192,356.599
256,2048,16,16384,564.471
256,2048,16,32768,968.516
256,2048,32,16,155.423
256,2048,32,32,155.404
256,2048,32,64,155.447
256,2048,32,128,160.587
256,2048,32,256,162.369
256,2048,32,512,171.371
256,2048,32,1024,182.327
256,2048,32,2048,208.715
256,2048,32,4096,259.362
256,2048,32,8192,362.541
256,2048,32,16384,571.362
256,2048,32,32768,987.831
256,2048,64,16,172.929
256,2048,64,32,168.235
256,2048,64,64,169.153
256,2048,64,128,169.612
256,2048,64,256,174.838
256,2048,64,512,181.771
256,2048,64,1024,195.617
256,2048,64,2048,221.837
256,2048,64,4096,274.679
256,2048,64,8192,378.369
256,2048,64,16384,593.132
256,2048,64,32768,1010.31
256,2048,128,16,169.547
256,2048,128,32,170.497
256,2048,128,64,172.065
256,2048,128,128,175.285
256,2048,128,256,179.756
256,2048,128,512,190.251
256,2048,128,1024,209.836
256,2048,128,2048,242.39
256,2048,128,4096,310.209
256,2048,128,8192,444.151
256,2048,128,16384,711.001
256,2048,128,32768,1247.47
256,4096,0,0,194.495
256,4096,1,16,201.526
256,4096,1,32,202.316
256,4096,1,64,201.675
256,4096,1,128,201.409
256,4096,1,256,202.283
256,4096,1,512,202.294
256,4096,1,1024,201.889
256,4096,1,2048,201.898
256,4096,1,4096,201.57
256,4096,1,8192,298.625
256,4096,1,16384,500.675
256,4096,1,32768,907.609
256,4096,2,16,201.185
256,4096,2,32,202.56
256,4096,2,64,202.188
256,4096,2,128,201.665
256,4096,2,256,201.452
256,4096,2,512,202.221
256,4096,2,1024,201.419
256,4096,2,2048,201.825
256,4096,2,4096,201.963
256,4096,2,8192,297.964
256,4096,2,16384,502.743
256,4096,2,32768,909.016
256,4096,4,16,202.732
256,4096,4,32,202.623
256,4096,4,64,202.933
256,4096,4,128,202.944
256,4096,4,256,202.028
256,4096,4,512,202.594
256,4096,4,1024,202.444
256,4096,4,2048,204.663
256,4096,4,4096,204.202
256,4096,4,8192,301.516
256,4096,4,16384,506.061
256,4096,4,32768,912.954
256,4096,8,16,204.705
256,4096,8,32,205.056
256,4096,8,64,203.829
256,4096,8,128,203.702
256,4096,8,256,204.684
256,4096,8,512,204.438
256,4096,8,1024,204.747
256,4096,8,2048,205.131
256,4096,8,4096,308.524
256,4096,8,8192,412.962
256,4096,8,16384,616.108
256,4096,8,32768,1020.98
256,4096,16,16,202.752
256,4096,16,32,201.771
256,4096,16,64,202.165
256,4096,16,128,202.198
256,4096,16,256,202.167
256,4096,16,512,202.827
256,4096,16,1024,212.492
256,4096,16,2048,253.803
256,4096,16,4096,305.761
256,4096,16,8192,408.481
256,4096,16,16384,612.44
256,4096,16,32768,1023.11
256,4096,32,16,207.276
256,4096,32,32,206.913
256,4096,32,64,207.041
256,4096,32,128,206.603
256,4096,32,256,207.725
256,4096,32,512,219.403
256,4096,32,1024,233.919
256,4096,32,2048,260.194
256,4096,32,4096,312.63
256,4096,32,8192,414.477
256,4096,32,16384,619.853
256,4096,32,32768,1033.47
256,4096,64,16,216.523
256,4096,64,32,216.491
256,4096,64,64,218.55
256,4096,64,128,222.679
256,4096,64,256,225.089
256,4096,64,512,229.601
256,4096,64,1024,247.788
256,4096,64,2048,273.154
256,4096,64,4096,324.439
256,4096,64,8192,432.609
256,4096,64,16384,637.667
256,4096,64,32768,1060.44
256,4096,128,16,219.639
256,4096,128,32,219.681
256,4096,128,64,221.899
256,4096,128,128,225.057
256,4096,128,256,230.39
256,4096,128,512,239.905
256,4096,128,1024,257.292
256,4096,128,2048,289.964
256,4096,128,4096,359.18
256,4096,128,8192,494.817
256,4096,128,16384,759.214
256,4096,128,32768,1298.53
256,8192,0,0,295.275
256,8192,1,16,302.624
256,8192,1,32,301.75
256,8192,1,64,301.431
256,8192,1,128,302.871
256,8192,1,256,301.985
256,8192,1,512,301.186
256,8192,1,1024,303.297
256,8192,1,2048,302.273
256,8192,1,4096,302.4
256,8192,1,8192,302.339
256,8192,1,16384,501.399
256,8192,1,32768,907.737
256,8192,2,16,302.774
256,8192,2,32,302.292
256,8192,2,64,302.528
256,8192,2,128,301.9
256,8192,2,256,302.23
256,8192,2,512,301.943
256,8192,2,1024,303.243
256,8192,2,2048,302.84
256,8192,2,4096,302.848
256,8192,2,8192,303.297
256,8192,2,16384,500.887
256,8192,2,32768,907.279
256,8192,4,16,304.236
256,8192,4,32,303.191
256,8192,4,64,302.572
256,8192,4,128,303.82
256,8192,4,256,302.477
256,8192,4,512,303.115
256,8192,4,1024,303.649
256,8192,4,2048,304.065
256,8192,4,4096,304.408
256,8192,4,8192,303.991
256,8192,4,16384,502.562
256,8192,4,32768,909.976
256,8192,8,16,304.247
256,8192,8,32,303.788
256,8192,8,64,305.079
256,8192,8,128,303.991
256,8192,8,256,304.087
256,8192,8,512,304.395
256,8192,8,1024,305.611
256,8192,8,2048,306.615
256,8192,8,4096,307.212
256,8192,8,8192,511.083
256,8192,8,16384,715.416
256,8192,8,32768,1122.65
256,8192,16,16,302.018
256,8192,16,32,302.145
256,8192,16,64,301.826
256,8192,16,128,302.742
256,8192,16,256,302.359
256,8192,16,512,301.175
256,8192,16,1024,301.783
256,8192,16,2048,313.473
256,8192,16,4096,405.516
256,8192,16,8192,506.637
256,8192,16,16384,711.053
256,8192,16,32768,1118.08
256,8192,32,16,306.07
256,8192,32,32,306.284
256,8192,32,64,306.4
256,8192,32,128,306.647
256,8192,32,256,306.114
256,8192,32,512,305.547
256,8192,32,1024,332.514
256,8192,32,2048,358.786
256,8192,32,4096,410.199
256,8192,32,8192,511.64
256,8192,32,16384,715.972
256,8192,32,32768,1131.12
256,8192,64,16,316.278
256,8192,64,32,317.824
256,8192,64,64,317.057
256,8192,64,128,318.135
256,8192,64,256,315.649
256,8192,64,512,332.812
256,8192,64,1024,343.618
256,8192,64,2048,371.534
256,8192,64,4096,420.908
256,8192,64,8192,528.163
256,8192,64,16384,738.948
256,8192,64,32768,1166.7
256,8192,128,16,316.704
256,8192,128,32,316.65
256,8192,128,64,319.618
256,8192,128,128,321.975
256,8192,128,256,326.316
256,8192,128,512,334.871
256,8192,128,1024,351.649
256,8192,128,2048,384.662
256,8192,128,4096,453.613
256,8192,128,8192,587.171
256,8192,128,16384,853.581
256,8192,128,32768,1390.85
256,16384,0,0,495.117
256,16384,1,16,504.535
256,16384,1,32,503.607
256,16384,1,64,503.767
256,16384,1,128,504.557
256,16384,1,256,503.362
256,16384,1,512,504.568
256,16384,1,1024,504.983
256,16384,1,2048,505.035
256,16384,1,4096,504.557
256,16384,1,8192,504.547
256,16384,1,16384,504.972
256,16384,1,32768,906.135
256,16384,2,16,503.981
256,16384,2,32,503.713
256,16384,2,64,504.013
256,16384,2,128,504.3
256,16384,2,256,503.53
256,16384,2,512,503.66
256,16384,2,1024,503.831
256,16384,2,2048,503.299
256,16384,2,4096,504.107
256,16384,2,8192,503.939
256,16384,2,16384,505.464
256,16384,2,32768,908.61
256,16384,4,16,505.069
256,16384,4,32,504.674
256,16384,4,64,504.663
256,16384,4,128,504.77
256,16384,4,256,504.739
256,16384,4,512,504.439
256,16384,4,1024,504.759
256,16384,4,2048,504.919
256,16384,4,4096,505.581
256,16384,4,8192,505.207
256,16384,4,16384,504.588
256,16384,4,32768,910.819
256,16384,8,16,505.933
256,16384,8,32,506.072
256,16384,8,64,506.776
256,16384,8,128,506.444
256,16384,8,256,505.911
256,16384,8,512,506.433
256,16384,8,1024,505.739
256,16384,8,2048,505.678
256,16384,8,4096,506.701
256,16384,8,8192,510.487
256,16384,8,16384,917.645
256,16384,8,32768,1323.21
256,16384,16,16,501.015
256,16384,16,32,501.581
256,16384,16,64,501.88
256,16384,16,128,503.671
256,16384,16,256,501.41
256,16384,16,512,500.417
256,16384,16,1024,503.18
256,16384,16,2048,501.166
256,16384,16,4096,517.57
256,16384,16,8192,708.888
256,16384,16,16384,911.343
256,16384,16,32768,1317.93
256,16384,32,16,505.857
256,16384,32,32,505.71
256,16384,32,64,505.4
256,16384,32,128,505.516
256,16384,32,256,504.887
256,16384,32,512,504.493
256,16384,32,1024,505.581
256,16384,32,2048,544.866
256,16384,32,4096,611.447
256,16384,32,8192,714.092
256,16384,32,16384,916.739
256,16384,32,32768,1330.12
256,16384,64,16,516.067
256,16384,64,32,515.746
256,16384,64,64,515.746
256,16384,64,128,514.199
256,16384,64,256,514.04
256,16384,64,512,515.415
256,16384,64,1024,545.772
256,16384,64,2048,572.279
256,16384,64,4096,623.958
256,16384,64,8192,729.871
256,16384,64,16384,939.972
256,16384,64,32768,1367.03
256,16384,128,16,517.923
256,16384,128,32,517.804
256,16384,128,64,515.671
256,16384,128,128,515.893
256,16384,128,256,516.589
256,16384,128,512,533.581
256,16384,128,1024,547.97
256,16384,128,2048,585.101
256,16384,128,4096,648.227
256,16384,128,8192,783.619
256,16384,128,16384,1050.88
256,16384,128,32768,1587.42
256,32768,0,0,896.281
256,32768,1,16,905.86
256,32768,1,32,905.431
256,32768,1,64,908.834
256,32768,1,128,905.496
256,32768,1,256,906.331
256,32768,1,512,905.923
256,32768,1,1024,905.869
256,32768,1,2048,905.776
256,32768,1,4096,905.678
256,32768,1,8192,906.691
256,32768,1,16384,906.34
256,32768,1,32768,908.485
256,32768,2,16,906.051
256,32768,2,32,907.032
256,32768,2,64,904.227
256,32768,2,128,905.048
256,32768,2,256,906.926
256,32768,2,512,905.754
256,32768,2,1024,906.276
256,32768,2,2048,906.105
256,32768,2,4096,905.485
256,32768,2,8192,906.299
256,32768,2,16384,906.756
256,32768,2,32768,907.225
256,32768,4,16,908.174
256,32768,4,32,905.541
256,32768,4,64,905.86
256,32768,4,128,906.041
256,32768,4,256,905.935
256,32768,4,512,906.339
256,32768,4,1024,906.756
256,32768,4,2048,906.009
256,32768,4,4096,906.681
256,32768,4,8192,908.687
256,32768,4,16384,906.328
256,32768,4,32768,907.918
256,32768,8,16,907.545
256,32768,8,32,909.89
256,32768,8,64,907.822
256,32768,8,128,906.757
256,32768,8,256,907.396
256,32768,8,512,908.344
256,32768,8,1024,907.534
256,32768,8,2048,908.196
256,32768,8,4096,907.545
256,32768,8,8192,908.281
256,32768,8,16384,915.694
256,32768,8,32768,1725.98
256,32768,16,16,901.093
256,32768,16,32,902.255
256,32768,16,64,901.145
256,32768,16,128,905.796
256,32768,16,256,901.487
256,32768,16,512,902.349
256,32768,16,1024,901.616
256,32768,16,2048,903.95
256,32768,16,4096,903.138
256,32768,16,8192,922.629
256,32768,16,16384,1316.02
256,32768,16,32768,1722.26
256,32768,32,16,906.904
256,32768,32,32,907.288
256,32768,32,64,909.87
256,32768,32,128,907.715
256,32768,32,256,908.548
256,32768,32,512,905.901
256,32768,32,1024,906.703
256,32768,32,2048,906.788
256,32768,32,4096,951.673
256,32768,32,8192,1117.71
256,32768,32,16384,1319.92
256,32768,32,32768,1728.53
256,32768,64,16,922.105
256,32768,64,32,919.109
256,32768,64,64,917.039
256,32768,64,128,917.86
256,32768,64,256,916.728
256,32768,64,512,920.036
256,32768,64,1024,922.786
256,32768,64,2048,971.747
256,32768,64,4096,1025.13
256,32768,64,8192,1131.61
256,32768,64,16384,1342.11
256,32768,64,32768,1763
256,32768,128,16,918.243
256,32768,128,32,916.44
256,32768,128,64,917.486
256,32768,128,128,918.51
256,32768,128,256,918.702
256,32768,128,512,924.536
256,32768,128,1024,949.731
256,32768,128,2048,978.341
256,32768,128,4096,1041.54
256,32768,128,8192,1177.93
256,32768,128,16384,1438.79
256,32768,128,32768,1974.55
512,0,0,0,142.166
512,0,1,16,153.335
512,0,1,32,151.926
512,0,1,64,152.074
512,0,1,128,153.941
512,0,1,256,153.899
512,0,1,512,154.07
512,0,1,1024,159.969
512,0,1,2048,183.893
512,0,1,4096,233.964
512,0,1,8192,336.194
512,0,1,16384,538.85
512,0,1,32768,945.016
512,0,2,16,153.452
512,0,2,32,153.795
512,0,2,64,152.609
512,0,2,128,153.014
512,0,2,256,154.443
512,0,2,512,153.27
512,0,2,1024,157.792
512,0,2,2048,184.778
512,0,2,4096,235.266
512,0,2,8192,336.343
512,0,2,16384,540.375
512,0,2,32768,947.322
512,0,4,16,153.132
512,0,4,32,154.646
512,0,4,64,153.623
512,0,4,128,152.759
512,0,4,256,153.366
512,0,4,512,153.857
512,0,4,1024,159.445
512,0,4,2048,184.758
512,0,4,4096,236.183
512,0,4,8192,337.473
512,0,4,16384,541.975
512,0,4,32768,947.181
512,0,8,16,151.757
512,0,8,32,151.671
512,0,8,64,150.795
512,0,8,128,152.736
512,0,8,256,152.407
512,0,8,512,153.195
512,0,8,1024,160.758
512,0,8,2048,184.864
512,0,8,4096,235.724
512,0,8,8192,337.644
512,0,8,16384,540.845
512,0,8,32768,945.858
512,0,16,16,158.946
512,0,16,32,159.255
512,0,16,64,160.267
512,0,16,128,161.706
512,0,16,256,165.643
512,0,16,512,166.39
512,0,16,1024,168.15
512,0,16,2048,191.319
512,0,16,4096,243.895
512,0,16,8192,345.292
512,0,16,16384,552.505
512,0,16,32768,956.974
512,0,32,16,182.22
512,0,32,32,177.537
512,0,32,64,179.691
512,0,32,128,176.236
512,0,32,256,185.568
512,0,32,512,184.258
512,0,32,1024,189.836
512,0,32,2048,211.862
512,0,32,4096,259.703
512,0,32,8192,369.602
512,0,32,16384,566.37
512,0,32,32768,981.135
512,0,64,16,169.11
512,0,64,32,168.779
512,0,64,64,170.444
512,0,64,128,172.236
512,0,64,256,176.874
512,0,64,512,181.398
512,0,64,1024,186.657
512,0,64,2048,207.158
512,0,64,4096,259.756
512,0,64,8192,366.593
512,0,64,16384,574.754
512,0,64,32768,990.436
512,0,128,16,172.886
512,0,128,32,173.346
512,0,128,64,175.073
512,0,128,128,177.974
512,0,128,256,184.053
512,0,128,512,194.689
512,0,128,1024,213.44
512,0,128,2048,247.478
512,0,128,4096,313.877
512,0,128,8192,443.607
512,0,128,16384,709.38
512,0,128,32768,1269.02
512,16,0,0,142.358
512,16,1,16,154.902
512,16,1,32,154.86
512,16,1,64,154.604
512,16,1,128,155.979
512,16,1,256,158.443
512,16,1,512,165.356
512,16,1,1024,177.43
512,16,1,2048,202.806
512,16,1,4096,253.014
512,16,1,8192,355.009
512,16,1,16384,558.424
512,16,1,32768,963.995
512,16,2,16,154.762
512,16,2,32,153.696
512,16,2,64,153.836
512,16,2,128,155.371
512,16,2,256,160.053
512,16,2,512,166.071
512,16,2,1024,177.581
512,16,2,2048,202.635
512,16,2,4096,255.18
512,16,2,8192,356.94
512,16,2,16384,559.704
512,16,2,32768,966.926
512,16,4,16,155.02
512,16,4,32,155.232
512,16,4,64,154.955
512,16,4,128,156.032
512,16,4,256,159.573
512,16,4,512,165.739
512,16,4,1024,177.259
512,16,4,2048,203.915
512,16,4,4096,255.147
512,16,4,8192,357.773
512,16,4,16384,562.039
512,16,4,32768,965.977
512,16,8,16,153.12
512,16,8,32,152.812
512,16,8,64,153.11
512,16,8,128,154.954
512,16,8,256,157.174
512,16,8,512,163.231
512,16,8,1024,177.195
512,16,8,2048,204.258
512,16,8,4096,255.649
512,16,8,8192,356.268
512,16,8,16384,558.018
512,16,8,32768,968.334
512,16,16,16,164.79
512,16,16,32,164.778
512,16,16,64,168.034
512,16,16,128,167.061
512,16,16,256,170.87
512,16,16,512,178.251
512,16,16,1024,192.641
512,16,16,2048,217.708
512,16,16,4096,268.406
512,16,16,8192,369.868
512,16,16,16384,573.368
512,16,16,32768,979.716
512,16,32,16,183.201
512,16,32,32,178.582
512,16,32,64,184.736
512,16,32,128,185.813
512,16,32,256,185.696
512,16,32,512,193.003
512,16,32,1024,202.305
512,16,32,2048,234.229
512,16,32,4096,288.94
512,16,32,8192,386.669
512,16,32,16384,590.476
512,16,32,32768,998.148
512,16,64,16,174.101
512,16,64,32,173.228
512,16,64,64,174.167
512,16,64,128,176.374
512,16,64,256,181.6
512,16,64,512,189.047
512,16,64,1024,202.357
512,16,64,2048,229.739
512,16,64,4096,282.156
512,16,64,8192,386.893
512,16,64,16384,596.972
512,16,64,32768,1014.98
512,16,128,16,174.604
512,16,128,32,174.518
512,16,128,64,177.654
512,16,128,128,180.96
512,16,128,256,187.222
512,16,128,512,198.901
512,16,128,1024,215.574
512,16,128,2048,252.512
512,16,128,4096,316.503
512,16,128,8192,452.866
512,16,128,16384,719.565
512,16,128,32768,1251.02
512,32,0,0,143.029
512,32,1,16,154.135
512,32,1,32,154.922
512,32,1,64,154.102
512,32,1,128,157.292
512,32,1,256,158.701
512,32,1,512,165.761
512,32,1,1024,178.018
512,32,1,2048,203.894
512,32,1,4096,254.976
512,32,1,8192,355.798
512,32,1,16384,559.875
512,32,1,32768,965.125
512,32,2,16,155.371
512,32,2,32,156.097
512,32,2,64,153.463
512,32,2,128,157.367
512,32,2,256,158.838
512,32,2,512,165.216
512,32,2,1024,179.137
512,32,2,2048,203.147
512,32,2,4096,254.476
512,32,2,8192,355.681
512,32,2,16384,560.846
512,32,2,32768,967.918
512,32,4,16,155.51
512,32,4,32,156.822
512,32,4,64,155.51
512,32,4,128,157.451
512,32,4,256,160.759
512,32,4,512,166.903
512,32,4,1024,178.199
512,32,4,2048,204.63
512,32,4,4096,255.052
512,32,4,8192,356.332
512,32,4,16384,560.792
512,32,4,32768,966.137
512,32,8,16,153.291
512,32,8,32,153.271
512,32,8,64,153.141
512,32,8,128,153.174
512,32,8,256,158.166
512,32,8,512,165.227
512,32,8,1024,179.2
512,32,8,2048,203.799
512,32,8,4096,254.625
512,32,8,8192,356.055
512,32,8,16384,560.172
512,32,8,32768,964.836
512,32,16,16,165.057
512,32,16,32,165.6
512,32,16,64,167.564
512,32,16,128,168.054
512,32,16,256,172.279
512,32,16,512,178.486
512,32,16,1024,190.966
512,32,16,2048,217.964
512,32,16,4096,268.182
512,32,16,8192,371.073
512,32,16,16384,575.299
512,32,16,32768,982.554
512,32,32,16,175.18
512,32,32,32,184.225
512,32,32,64,178.434
512,32,32,128,180.513
512,32,32,256,193.986
512,32,32,512,189.185
512,32,32,1024,212
512,32,32,2048,228.555
512,32,32,4096,287.968
512,32,32,8192,385.56
512,32,32,16384,591.053
512,32,32,32768,991.576
512,32,64,16,173.89
512,32,64,32,174.464
512,32,64,64,175.189
512,32,64,128,176.769
512,32,64,256,181.207
512,32,64,512,190.135
512,32,64,1024,204.864
512,32,64,2048,230.678
512,32,64,4096,281.75
512,32,64,8192,387.202
512,32,64,16384,595.415
512,32,64,32768,1014.55
512,32,128,16,174.24
512,32,128,32,174.463
512,32,128,64,177.675
512,32,128,128,181.216
512,32,128,256,187.543
512,32,128,512,198.849
512,32,128,1024,217.345
512,32,128,2048,251.713
512,32,128,4096,318.968
512,32,128,8192,453.005
512,32,128,16384,723.45
512,32,128,32768,1253.1
512,64,0,0,145.654
512,64,1,16,156.203
512,64,1,32,155.894
512,64,1,64,156.982
512,64,1,128,156.086
512,64,1,256,159.957
512,64,1,512,165.184
512,64,1,1024,179.467
512,64,1,2048,204.31
512,64,1,4096,252.608
512,64,1,8192,358.476
512,64,1,16384,559.735
512,64,1,32768,966.286
512,64,2,16,157.696
512,64,2,32,155.904
512,64,2,64,157.665
512,64,2,128,156.757
512,64,2,256,159.916
512,64,2,512,165.984
512,64,2,1024,179.755
512,64,2,2048,205.175
512,64,2,4096,256.78
512,64,2,8192,357.452
512,64,2,16384,561.208
512,64,2,32768,968.824
512,64,4,16,156.567
512,64,4,32,157.963
512,64,4,64,155.509
512,64,4,128,157.503
512,64,4,256,161.067
512,64,4,512,168.8
512,64,4,1024,180.075
512,64,4,2048,206.946
512,64,4,4096,258.069
512,64,4,8192,358.967
512,64,4,16384,562.923
512,64,4,32768,970.318
512,64,8,16,155.957
512,64,8,32,155.979
512,64,8,64,155.86
512,64,8,128,156.022
512,64,8,256,158.859
512,64,8,512,164.876
512,64,8,1024,179.905
512,64,8,2048,204.588
512,64,8,4096,257.739
512,64,8,8192,357.836
512,64,8,16384,559.491
512,64,8,32768,965.999
512,64,16,16,166.71
512,64,16,32,166.54
512,64,16,64,168.204
512,64,16,128,170.561
512,64,16,256,172.501
512,64,16,512,179.489
512,64,16,1024,193.441
512,64,16,2048,219.969
512,64,16,4096,271.392
512,64,16,8192,372.471
512,64,16,16384,573.655
512,64,16,32768,982.052
512,64,32,16,179.691
512,64,32,32,184.694
512,64,32,64,182.23
512,64,32,128,183.681
512,64,32,256,188.257
512,64,32,512,196.876
512,64,32,1024,209.633
512,64,32,2048,230.038
512,64,32,4096,286.061
512,64,32,8192,397.143
512,64,32,16384,595.427
512,64,32,32768,997.668
512,64,64,16,176.129
512,64,64,32,175.648
512,64,64,64,177.046
512,64,64,128,179.308
512,64,64,256,184.044
512,64,64,512,191.553
512,64,64,1024,207.564
512,64,64,2048,232.269
512,64,64,4096,282.848
512,64,64,8192,389.974
512,64,64,16384,597.848
512,64,64,32768,1019.29
512,64,128,16,176.172
512,64,128,32,176.449
512,64,128,64,178.827
512,64,128,128,182.635
512,64,128,256,189.399
512,64,128,512,199.65
512,64,128,1024,218.966
512,64,128,2048,253.825
512,64,128,4096,320.736
512,64,128,8192,455.318
512,64,128,16384,717.752
512,64,128,32768,1261.04
512,128,0,0,148.662
512,128,1,16,158.784
512,128,1,32,160.216
512,128,1,64,160.269
512,128,1,128,160.502
512,128,1,256,161.751
512,128,1,512,168.748
512,128,1,1024,180.822
512,128,1,2048,206.336
512,128,1,4096,256.106
512,128,1,8192,360.375
512,128,1,16384,563.171
512,128,1,32768,968.045
512,128,2,16,161.229
512,128,2,32,160.16
512,128,2,64,159.989
512,128,2,128,159.894
512,128,2,256,161.728
512,128,2,512,170.007
512,128,2,1024,180.246
512,128,2,2048,205.964
512,128,2,4096,257.526
512,128,2,8192,360.908
512,128,2,16384,563.352
512,128,2,32768,970.116
512,128,4,16,160.566
512,128,4,32,160.683
512,128,4,64,159.638
512,128,4,128,160.471
512,128,4,256,163.37
512,128,4,512,168.716
512,128,4,1024,182.166
512,128,4,2048,206.837
512,128,4,4096,258.079
512,128,4,8192,360.364
512,128,4,16384,563.523
512,128,4,32768,969.006
512,128,8,16,158.178
512,128,8,32,157.217
512,128,8,64,158.157
512,128,8,128,158.913
512,128,8,256,159.905
512,128,8,512,167.191
512,128,8,1024,180.085
512,128,8,2048,206.849
512,128,8,4096,256.139
512,128,8,8192,359.746
512,128,8,16384,561.668
512,128,8,32768,969.188
512,128,16,16,166.004
512,128,16,32,167.734
512,128,16,64,170.347
512,128,16,128,172.204
512,128,16,256,174.433
512,128,16,512,183.436
512,128,16,1024,195.307
512,128,16,2048,222.359
512,128,16,4096,273.73
512,128,16,8192,375.235
512,128,16,16384,577.164
512,128,16,32768,984.388
512,128,32,16,178.657
512,128,32,32,184.15
512,128,32,64,189.621
512,128,32,128,183.436
512,128,32,256,189.409
512,128,32,512,196.822
512,128,32,1024,214.817
512,128,32,2048,238.231
512,128,32,4096,285.089
512,128,32,8192,391.851
512,128,32,16384,594.691
512,128,32,32768,996.794
512,128,64,16,178.316
512,128,64,32,178.827
512,128,64,64,179.969
512,128,64,128,181.887
512,128,64,256,186.923
512,128,64,512,194.54
512,128,64,1024,209.654
512,128,64,2048,235.755
512,128,64,4096,287.65
512,128,64,8192,392.503
512,128,64,16384,600.813
512,128,64,32768,1020.77
512,128,128,16,180.022
512,128,128,32,180.375
512,128,128,64,183.094
512,128,128,128,185.984
512,128,128,256,191.745
512,128,128,512,201.654
512,128,128,1024,222.285
512,128,128,2048,256.024
512,128,128,4096,323.114
512,128,128,8192,459.468
512,128,128,16384,727.831
512,128,128,32768,1255.81
512,256,0,0,156.749
512,256,1,16,165.953
512,256,1,32,168.022
512,256,1,64,166.902
512,256,1,128,164.81
512,256,1,256,165.782
512,256,1,512,171.371
512,256,1,1024,183.776
512,256,1,2048,209.28
512,256,1,4096,258.818
512,256,1,8192,362.647
512,256,1,16384,564.888
512,256,1,32768,970.371
512,256,2,16,166.847
512,256,2,32,167.415
512,256,2,64,166.57
512,256,2,128,166.891
512,256,2,256,166.317
512,256,2,512,170.859
512,256,2,1024,185.069
512,256,2,2048,209.068
512,256,2,4096,262.367
512,256,2,8192,363.619
512,256,2,16384,570.211
512,256,2,32768,973.753
512,256,4,16,166.41
512,256,4,32,167.563
512,256,4,64,167.735
512,256,4,128,165.866
512,256,4,256,166.892
512,256,4,512,172.299
512,256,4,1024,185.121
512,256,4,2048,210.006
512,256,4,4096,260.887
512,256,4,8192,362.7
512,256,4,16384,567.097
512,256,4,32768,974.17
512,256,8,16,164.481
512,256,8,32,163.66
512,256,8,64,163.255
512,256,8,128,163.808
512,256,8,256,165.824
512,256,8,512,170.847
512,256,8,1024,182.913
512,256,8,2048,207.937
512,256,8,4096,260.428
512,256,8,8192,364.417
512,256,8,16384,566.263
512,256,8,32768,972.515
512,256,16,16,170.678
512,256,16,32,170.507
512,256,16,64,172.736
512,256,16,128,176.354
512,256,16,256,181.344
512,256,16,512,189.526
512,256,16,1024,201.559
512,256,16,2048,229.719
512,256,16,4096,280.801
512,256,16,8192,382.871
512,256,16,16384,585.016
512,256,16,32768,991.235
512,256,32,16,190.679
512,256,32,32,195.19
512,256,32,64,187.328
512,256,32,128,193.728
512,256,32,256,203.67
512,256,32,512,200.908
512,256,32,1024,220.522
512,256,32,2048,241.933
512,256,32,4096,303.296
512,256,32,8192,397.196
512,256,32,16384,600.557
512,256,32,32768,1005.1
512,256,64,16,184.703
512,256,64,32,185.228
512,256,64,64,187.286
512,256,64,128,188
512,256,64,256,192.8
512,256,64,512,201.163
512,256,64,1024,215.542
512,256,64,2048,243.745
512,256,64,4096,293.698
512,256,64,8192,398.337
512,256,64,16384,607.458
512,256,64,32768,1032.09
512,256,128,16,185.718
512,256,128,32,186.55
512,256,128,64,188.886
512,256,128,128,192.545
512,256,128,256,198.742
512,256,128,512,210.272
512,256,128,1024,228.011
512,256,128,2048,261.282
512,256,128,4096,328.578
512,256,128,8192,465.964
512,256,128,16384,733.593
512,256,128,32768,1263.6
512,512,0,0,166.988
512,512,1,16,179.126
512,512,1,32,178.85
512,512,1,64,178.198
512,512,1,128,179.19
512,512,1,256,179.222
512,512,1,512,179.04
512,512,1,1024,188.375
512,512,1,2048,215.616
512,512,1,4096,267.543
512,512,1,8192,368.737
512,512,1,16384,573.335
512,512,1,32768,979.703
512,512,2,16,179.905
512,512,2,32,180.321
512,512,2,64,179.98
512,512,2,128,177.986
512,512,2,256,178.603
512,512,2,512,179.254
512,512,2,1024,191.106
512,512,2,2048,216.119
512,512,2,4096,268.449
512,512,2,8192,369.655
512,512,2,16384,575.074
512,512,2,32768,982.33
512,512,4,16,178.07
512,512,4,32,179.275
512,512,4,64,179.82
512,512,4,128,178.571
512,512,4,256,179.776
512,512,4,512,180.683
512,512,4,1024,190.698
512,512,4,2048,217.685
512,512,4,4096,267.276
512,512,4,8192,369.559
512,512,4,16384,574.743
512,512,4,32768,983.651
512,512,8,16,177.578
512,512,8,32,177.152
512,512,8,64,176.822
512,512,8,128,177.88
512,512,8,256,178.754
512,512,8,512,177.709
512,512,8,1024,189.899
512,512,8,2048,216.715
512,512,8,4096,267.276
512,512,8,8192,370.733
512,512,8,16384,574.189
512,512,8,32768,984.857
512,512,16,16,184.085
512,512,16,32,184.684
512,512,16,64,185.569
512,512,16,128,184.011
512,512,16,256,189.131
512,512,16,512,201.483
512,512,16,1024,215.296
512,512,16,2048,242.166
512,512,16,4096,293.399
512,512,16,8192,394.487
512,512,16,16384,596.92
512,512,16,32768,1003.99
512,512,32,16,198.261
512,512,32,32,211.191
512,512,32,64,208.854
512,512,32,128,201.229
512,512,32,256,205.76
512,512,32,512,212.342
512,512,32,1024,227.242
512,512,32,2048,253.506
512,512,32,4096,309.324
512,512,32,8192,411.521
512,512,32,16384,609.271
512,512,32,32768,1027.6
512,512,64,16,197.61
512,512,64,32,198.378
512,512,64,64,199.403
512,512,64,128,200.981
512,512,64,256,205.547
512,512,64,512,213.719
512,512,64,1024,229.217
512,512,64,2048,255.318
512,512,64,4096,307.456
512,512,64,8192,411.106
512,512,64,16384,621.55
512,512,64,32768,1042.06
512,512,128,16,199.223
512,512,128,32,199.319
512,512,128,64,200.908
512,512,128,128,204.673
512,512,128,256,209.655
512,512,128,512,221.73
512,512,128,1024,240.566
512,512,128,2048,274.22
512,512,128,4096,341.366
512,512,128,8192,478.743
512,512,128,16384,741.624
512,512,128,32768,1278.07
512,1024,0,0,194.774
512,1024,1,16,205.569
512,1024,1,32,206.039
512,1024,1,64,205.036
512,1024,1,128,205.356
512,1024,1,256,207.009
512,1024,1,512,207.371
512,1024,1,1024,206.827
512,1024,1,2048,230.262
512,1024,1,4096,280.331
512,1024,1,8192,382.956
512,1024,1,16384,586.423
512,1024,1,32768,997.891
512,1024,2,16,205.91
512,1024,2,32,205.367
512,1024,2,64,205.387
512,1024,2,128,205.515
512,1024,2,256,205.751
512,1024,2,512,205.879
512,1024,2,1024,206.165
512,1024,2,2048,230.444
512,1024,2,4096,282.294
512,1024,2,8192,382.573
512,1024,2,16384,588.033
512,1024,2,32768,995.364
512,1024,4,16,205.632
512,1024,4,32,205.74
512,1024,4,64,206.187
512,1024,4,128,206.88
512,1024,4,256,206.646
512,1024,4,512,205.761
512,1024,4,1024,204.875
512,1024,4,2048,231.447
512,1024,4,4096,282.198
512,1024,4,8192,384.514
512,1024,4,16384,587.182
512,1024,4,32768,993.869
512,1024,8,16,203.243
512,1024,8,32,203.83
512,1024,8,64,203.936
512,1024,8,128,204.118
512,1024,8,256,202.966
512,1024,8,512,204.962
512,1024,8,1024,203.915
512,1024,8,2048,229.868
512,1024,8,4096,282.189
512,1024,8,8192,382.242
512,1024,8,16384,587.661
512,1024,8,32768,993.827
512,1024,16,16,211.213
512,1024,16,32,209.793
512,1024,16,64,210.817
512,1024,16,128,211.287
512,1024,16,256,212.032
512,1024,16,512,216.353
512,1024,16,1024,240.95
512,1024,16,2048,269.13
512,1024,16,4096,318.242
512,1024,16,8192,421.047
512,1024,16,16384,625.848
512,1024,16,32768,1032.91
512,1024,32,16,219.618
512,1024,32,32,220.769
512,1024,32,64,226.25
512,1024,32,128,229.421
512,1024,32,256,231.778
512,1024,32,512,238.626
512,1024,32,1024,258.594
512,1024,32,2048,280.162
512,1024,32,4096,335.416
512,1024,32,8192,440.182
512,1024,32,16384,645.048
512,1024,32,32768,1051.1
512,1024,64,16,222.743
512,1024,64,32,224.416
512,1024,64,64,225.291
512,1024,64,128,227.671
512,1024,64,256,231.724
512,1024,64,512,240.268
512,1024,64,1024,254.22
512,1024,64,2048,280.257
512,1024,64,4096,331.617
512,1024,64,8192,436.866
512,1024,64,16384,644.227
512,1024,64,32768,1069.16
512,1024,128,16,224.428
512,1024,128,32,224.907
512,1024,128,64,228.896
512,1024,128,128,230.369
512,1024,128,256,235.98
512,1024,128,512,247.478
512,1024,128,1024,266.113
512,1024,128,2048,299.341
512,1024,128,4096,366.434
512,1024,128,8192,501.794
512,1024,128,16384,771.779
512,1024,128,32768,1306.36
512,2048,0,0,246.732
512,2048,1,16,259.437
512,2048,1,32,258.892
512,2048,1,64,259.79
512,2048,1,128,257.783
512,2048,1,256,258.423
512,2048,1,512,259.884
512,2048,1,1024,257.985
512,2048,1,2048,259.362
512,2048,1,4096,308.738
512,2048,1,8192,409.463
512,2048,1,16384,613.251
512,2048,1,32768,1021.41
512,2048,2,16,260.609
512,2048,2,32,258.542
512,2048,2,64,259.521
512,2048,2,128,259.276
512,2048,2,256,259.34
512,2048,2,512,258.925
512,2048,2,1024,258.817
512,2048,2,2048,260.823
512,2048,2,4096,307.648
512,2048,2,8192,409.965
512,2048,2,16384,613.849
512,2048,2,32768,1019.96
512,2048,4,16,260.481
512,2048,4,32,258.146
512,2048,4,64,259.287
512,2048,4,128,258.519
512,2048,4,256,258.295
512,2048,4,512,259.116
512,2048,4,1024,259.275
512,2048,4,2048,258.038
512,2048,4,4096,309.655
512,2048,4,8192,410.431
512,2048,4,16384,618.073
512,2048,4,32768,1024.11
512,2048,8,16,257.665
512,2048,8,32,256.962
512,2048,8,64,256.504
512,2048,8,128,257.953
512,2048,8,256,257.537
512,2048,8,512,257.729
512,2048,8,1024,257.538
512,2048,8,2048,257.728
512,2048,8,4096,308.269
512,2048,8,8192,411.288
512,2048,8,16384,615.542
512,2048,8,32768,1023.75
512,2048,16,16,264.342
512,2048,16,32,263.884
512,2048,16,64,264.236
512,2048,16,128,263.712
512,2048,16,256,264.821
512,2048,16,512,264.374
512,2048,16,1024,269.749
512,2048,16,2048,319.671
512,2048,16,4096,371.426
512,2048,16,8192,473.442
512,2048,16,16384,676.217
512,2048,16,32768,1082.4
512,2048,32,16,272.065
512,2048,32,32,272.736
512,2048,32,64,277.238
512,2048,32,128,282.284
512,2048,32,256,281.537
512,2048,32,512,289.676
512,2048,32,1024,318.861
512,2048,32,2048,339.725
512,2048,32,4096,382.487
512,2048,32,8192,493.624
512,2048,32,16384,698.456
512,2048,32,32768,1109.18
512,2048,64,16,271.286
512,2048,64,32,270.657
512,2048,64,64,274.668
512,2048,64,128,279.958
512,2048,64,256,283.361
512,2048,64,512,289.994
512,2048,64,1024,305.633
512,2048,64,2048,333.067
512,2048,64,4096,384.237
512,2048,64,8192,488.343
512,2048,64,16384,698.894
512,2048,64,32768,1116.24
512,2048,128,16,276.384
512,2048,128,32,277.899
512,2048,128,64,280.077
512,2048,128,128,280.887
512,2048,128,256,288.011
512,2048,128,512,299.617
512,2048,128,1024,314.754
512,2048,128,2048,350.369
512,2048,128,4096,417.027
512,2048,128,8192,550.423
512,2048,128,16384,818.115
512,2048,128,32768,1356.2
512,4096,0,0,349.025
512,4096,1,16,360.504
512,4096,1,32,358.869
512,4096,1,64,360.13
512,4096,1,128,360.545
512,4096,1,256,361.036
512,4096,1,512,360.705
512,4096,1,1024,359.67
512,4096,1,2048,358.071
512,4096,1,4096,360.684
512,4096,1,8192,459.309
512,4096,1,16384,662.681
512,4096,1,32768,1067.99
512,4096,2,16,360.278
512,4096,2,32,362.327
512,4096,2,64,361.207
512,4096,2,128,359.959
512,4096,2,256,360.161
512,4096,2,512,360.054
512,4096,2,1024,358.37
512,4096,2,2048,360.406
512,4096,2,4096,360.576
512,4096,2,8192,458.572
512,4096,2,16384,664.035
512,4096,2,32768,1068.84
512,4096,4,16,360.353
512,4096,4,32,360.834
512,4096,4,64,361.505
512,4096,4,128,360.844
512,4096,4,256,360.524
512,4096,4,512,361.431
512,4096,4,1024,358.882
512,4096,4,2048,359.532
512,4096,4,4096,360.363
512,4096,4,8192,461.336
512,4096,4,16384,665.346
512,4096,4,32768,1071.59
512,4096,8,16,358.317
512,4096,8,32,357.569
512,4096,8,64,357.505
512,4096,8,128,357.805
512,4096,8,256,358.028
512,4096,8,512,358.049
512,4096,8,1024,357.976
512,4096,8,2048,356.877
512,4096,8,4096,357.057
512,4096,8,8192,460.441
512,4096,8,16384,664.568
512,4096,8,32768,1069.81
512,4096,16,16,364.705
512,4096,16,32,362.39
512,4096,16,64,364.663
512,4096,16,128,364.811
512,4096,16,256,365.965
512,4096,16,512,364.886
512,4096,16,1024,364.257
512,4096,16,2048,372.962
512,4096,16,4096,470.924
512,4096,16,8192,573.806
512,4096,16,16384,776.643
512,4096,16,32768,1182.54
512,4096,32,16,383.266
512,4096,32,32,385.26
512,4096,32,64,373.868
512,4096,32,128,381.366
512,4096,32,256,377.707
512,4096,32,512,386.295
512,4096,32,1024,400.984
512,4096,32,2048,437.165
512,4096,32,4096,481.08
512,4096,32,8192,585.964
512,4096,32,16384,804.152
512,4096,32,32768,1211.2
512,4096,64,16,371.437
512,4096,64,32,371.83
512,4096,64,64,370.87
512,4096,64,128,371.285
512,4096,64,256,371.692
512,4096,64,512,386.808
512,4096,64,1024,403.586
512,4096,64,2048,429.889
512,4096,64,4096,481.889
512,4096,64,8192,586.477
512,4096,64,16384,795.95
512,4096,64,32768,1218.18
512,4096,128,16,372.408
512,4096,128,32,374.796
512,4096,128,64,378.37
512,4096,128,128,379.328
512,4096,128,256,385.218
512,4096,128,512,393.026
512,4096,128,1024,411.383
512,4096,128,2048,442.261
512,4096,128,4096,512.046
512,4096,128,8192,646.349
512,4096,128,16384,911.033
512,4096,128,32768,1443.13
512,8192,0,0,548.279
512,8192,1,16,559.448
512,8192,1,32,558.796
512,8192,1,64,559.832
512,8192,1,128,557.987
512,8192,1,256,561.647
512,8192,1,512,560.695
512,8192,1,1024,559.277
512,8192,1,2048,558.476
512,8192,1,4096,557.964
512,8192,1,8192,560.609
512,8192,1,16384,764.803
512,8192,1,32768,1171.62
512,8192,2,16,558.957
512,8192,2,32,559.576
512,8192,2,64,561.494
512,8192,2,128,562.328
512,8192,2,256,559.416
512,8192,2,512,559.575
512,8192,2,1024,560.662
512,8192,2,2048,560.183
512,8192,2,4096,559.043
512,8192,2,8192,558.478
512,8192,2,16384,765.709
512,8192,2,32768,1174.18
512,8192,4,16,561.282
512,8192,4,32,559.863
512,8192,4,64,560.353
512,8192,4,128,562.967
512,8192,4,256,558.818
512,8192,4,512,561.774
512,8192,4,1024,557.773
512,8192,4,2048,558.466
512,8192,4,4096,560.569
512,8192,4,8192,560.034
512,8192,4,16384,765.38
512,8192,4,32768,1170.66
512,8192,8,16,558.777
512,8192,8,32,558.381
512,8192,8,64,556.93
512,8192,8,128,558.753
512,8192,8,256,557.709
512,8192,8,512,558.776
512,8192,8,1024,558.113
512,8192,8,2048,555.512
512,8192,8,4096,555.287
512,8192,8,8192,557.752
512,8192,8,16384,761.635
512,8192,8,32768,1170.22
512,8192,16,16,563.096
512,8192,16,32,563.971
512,8192,16,64,564.834
512,8192,16,128,564.439
512,8192,16,256,564.43
512,8192,16,512,563.841
512,8192,16,1024,563.084
512,8192,16,2048,563.512
512,8192,16,4096,573.538
512,8192,16,8192,773.092
512,8192,16,16384,975.834
512,8192,16,32768,1382.12
512,8192,32,16,575.457
512,8192,32,32,572.407
512,8192,32,64,587.32
512,8192,32,128,572.749
512,8192,32,256,574.605
512,8192,32,512,579.33
512,8192,32,1024,580.056
512,8192,32,2048,594.371
512,8192,32,4096,684.515
512,8192,32,8192,783.181
512,8192,32,16384,995.672
512,8192,32,32768,1398.45
512,8192,64,16,571.745
512,8192,64,32,571.767
512,8192,64,64,571.395
512,8192,64,128,570.733
512,8192,64,256,570.754
512,8192,64,512,570.103
512,8192,64,1024,601.399
512,8192,64,2048,628.076
512,8192,64,4096,683.788
512,8192,64,8192,784.323
512,8192,64,16384,999.673
512,8192,64,32768,1417.02
512,8192,128,16,572.813
512,8192,128,32,571.554
512,8192,128,64,571.523
512,8192,128,128,571.565
512,8192,128,256,573.176
512,8192,128,512,588.973
512,8192,128,1024,606.413
512,8192,128,2048,637.88
512,8192,128,4096,708.216
512,8192,128,8192,840.035
512,8192,128,16384,1106.63
512,8192,128,32768,1638.72
512,16384,0,0,952.175
512,16384,1,16,969.126
512,16384,1,32,960.015
512,16384,1,64,963.215
512,16384,1,128,964.248
512,16384,1,256,961.071
512,16384,1,512,961.444
512,16384,1,1024,962.362
512,16384,1,2048,964.996
512,16384,1,4096,961.85
512,16384,1,8192,964.069
512,16384,1,16384,964.814
512,16384,1,32768,1369.65
512,16384,2,16,961.891
512,16384,2,32,962.489
512,16384,2,64,962.521
512,16384,2,128,962.874
512,16384,2,256,964.868
512,16384,2,512,960.484
512,16384,2,1024,962.777
512,16384,2,2048,961.305
512,16384,2,4096,960.153
512,16384,2,8192,962.874
512,16384,2,16384,961.775
512,16384,2,32768,1373.94
512,16384,4,16,960.153
512,16384,4,32,961.093
512,16384,4,64,959.918
512,16384,4,128,964.538
512,16384,4,256,962.724
512,16384,4,512,961.424
512,16384,4,1024,960.868
512,16384,4,2048,961.923
512,16384,4,4096,960.154
512,16384,4,8192,963.491
512,16384,4,16384,964.387
512,16384,4,32768,1370.69
512,16384,8,16,961.529
512,16384,8,32,957.306
512,16384,8,64,958.116
512,16384,8,128,961.348
512,16384,8,256,958.543
512,16384,8,512,959.502
512,16384,8,1024,959.844
512,16384,8,2048,962.777
512,16384,8,4096,960.047
512,16384,8,8192,960.259
512,16384,8,16384,963.662
512,16384,8,32768,1373.64
512,16384,16,16,967.416
512,16384,16,32,966.446
512,16384,16,64,967.183
512,16384,16,128,966.489
512,16384,16,256,963.215
512,16384,16,512,967.247
512,16384,16,1024,968.462
512,16384,16,2048,965.689
512,16384,16,4096,965.657
512,16384,16,8192,976.953
512,16384,16,16384,1377.05
512,16384,16,32768,1787.09
512,16384,32,16,981.679
512,16384,32,32,988.88
512,16384,32,64,988.611
512,16384,32,128,988.112
512,16384,32,256,974.82
512,16384,32,512,983.599
512,16384,32,1024,981.017
512,16384,32,2048,982.063
512,16384,32,4096,996.324
512,16384,32,8192,1193.25
512,16384,32,16384,1386.84
512,16384,32,32768,1806.66
512,16384,64,16,974.084
512,16384,64,32,973.71
512,16384,64,64,975.042
512,16384,64,128,972.399
512,16384,64,256,974.574
512,16384,64,512,979.332
512,16384,64,1024,979.055
512,16384,64,2048,1020.3
512,16384,64,4096,1085.58
512,16384,64,8192,1189.04
512,16384,64,16384,1397.73
512,16384,64,32768,1817.74
512,16384,128,16,976.782
512,16384,128,32,980.581
512,16384,128,64,972.377
512,16384,128,128,975.844
512,16384,128,256,972.602
512,16384,128,512,974.852
512,16384,128,1024,1005.78
512,16384,128,2048,1035.82
512,16384,128,4096,1098.22
512,16384,128,8192,1226.35
512,16384,128,16384,1495.72
512,16384,128,32768,2015.59
512,32768,0,0,1753.2
512,32768,1,16,1766.54
512,32768,1,32,1766.52
512,32768,1,64,1762.87
512,32768,1,128,1763.94
512,32768,1,256,1767.42
512,32768,1,512,1764.81
512,32768,1,1024,1766.33
512,32768,1,2048,1767
512,32768,1,4096,1766.01
512,32768,1,8192,1764.97
512,32768,1,16384,1768.12
512,32768,1,32768,1771.71
512,32768,2,16,1767.11
512,32768,2,32,1764.54
512,32768,2,64,1765.53
512,32768,2,128,1767.88
512,32768,2,256,1768.56
512,32768,2,512,1766.42
512,32768,2,1024,1765.08
512,32768,2,2048,1766.63
512,32768,2,4096,1765.35
512,32768,2,8192,1766.13
512,32768,2,16384,1764.76
512,32768,2,32768,1774.11
512,32768,4,16,1767.56
512,32768,4,32,1765.31
512,32768,4,64,1765.13
512,32768,4,128,1768.6
512,32768,4,256,1769.97
512,32768,4,512,1765.97
512,32768,4,1024,1763.98
512,32768,4,2048,1765.33
512,32768,4,4096,1764.84
512,32768,4,8192,1767.27
512,32768,4,16384,1768.26
512,32768,4,32768,1780.97
512,32768,8,16,1766.62
512,32768,8,32,1770.43
512,32768,8,64,1765.55
512,32768,8,128,1763.21
512,32768,8,256,1766.92
512,32768,8,512,1761.61
512,32768,8,1024,1764.88
512,32768,8,2048,1766.76
512,32768,8,4096,1764.59
512,32768,8,8192,1761.98
512,32768,8,16384,1762.69
512,32768,8,32768,1771.02
512,32768,16,16,1770.85
512,32768,16,32,1769.06
512,32768,16,64,1768.9
512,32768,16,128,1774.56
512,32768,16,256,1770.65
512,32768,16,512,1769.72
512,32768,16,1024,1769.37
512,32768,16,2048,1770.48
512,32768,16,4096,1771.41
512,32768,16,8192,1768.67
512,32768,16,16384,1788.26
512,32768,16,32768,2593.34
512,32768,32,16,1783.68
512,32768,32,32,1789.07
512,32768,32,64,1783.04
512,32768,32,128,1782.3
512,32768,32,256,1787.93
512,32768,32,512,1790.48
512,32768,32,1024,1793.51
512,32768,32,2048,1779.43
512,32768,32,4096,1787.8
512,32768,32,8192,1807.12
512,32768,32,16384,2201.58
512,32768,32,32768,2606.11
512,32768,64,16,1781.39
512,32768,64,32,1779.3
512,32768,64,64,1776.73
512,32768,64,128,1778.56
512,32768,64,256,1779.96
512,32768,64,512,1778.75
512,32768,64,1024,1779.95
512,32768,64,2048,1779.1
512,32768,64,4096,1831.15
512,32768,64,8192,1990.48
512,32768,64,16384,2200.43
512,32768,64,32768,2615.47
512,32768,128,16,1781.12
512,32768,128,32,1778.55
512,32768,128,64,1776.06
512,32768,128,128,1778.58
512,32768,128,256,1777.49
512,32768,128,512,1777.82
512,32768,128,1024,1779.78
512,32768,128,2048,1836.55
512,32768,128,4096,1889.61
512,32768,128,8192,2012.43
512,32768,128,16384,2265.59
512,32768,128,32768,2798.14
1024,0,0,0,235.522
1024,0,1,16,252.971
1024,0,1,32,252.406
1024,0,1,64,254.219
1024,0,1,128,254.326
1024,0,1,256,255.585
1024,0,1,512,255.254
1024,0,1,1024,257.089
1024,0,1,2048,257.762
1024,0,1,4096,260.151
1024,0,1,8192,262.05
1024,0,1,16384,268.012
1024,0,1,32768,272.995
1024,0,2,16,251.629
1024,0,2,32,251.521
1024,0,2,64,253.824
1024,0,2,128,253.665
1024,0,2,256,253.985
1024,0,2,512,256.097
1024,0,2,1024,257.526
1024,0,2,2048,257.623
1024,0,2,4096,262.304
1024,0,2,8192,263.883
1024,0,2,16384,270.572
1024,0,2,32768,281.292
1024,0,4,16,252.716
1024,0,4,32,251.777
1024,0,4,64,253.27
1024,0,4,128,256.172
1024,0,4,256,255.853
1024,0,4,512,255.863
1024,0,4,1024,257.686
1024,0,4,2048,259.884
1024,0,4,4096,264.535
1024,0,4,8192,272.598
1024,0,4,16384,279.148
1024,0,4,32768,298.188
1024,0,8,16,251.256
1024,0,8,32,252.822
1024,0,8,64,254.038
1024,0,8,128,255.872
1024,0,8,256,255.798
1024,0,8,512,257.442
1024,0,8,1024,259.424
1024,0,8,2048,264.629
1024,0,8,4096,269.1
1024,0,8,8192,278.603
1024,0,8,16384,295.971
1024,0,8,32768,332.502
1024,0,16,16,264.491
1024,0,16,32,265.453
1024,0,16,64,267.318
1024,0,16,128,268.461
1024,0,16,256,270.635
1024,0,16,512,272.397
1024,0,16,1024,275.554
1024,0,16,2048,281.015
1024,0,16,4096,290.298
1024,0,16,8192,309.804
1024,0,16,16384,344.141
1024,0,16,32768,405.485
1024,0,32,16,256.045
1024,0,32,32,258.871
1024,0,32,64,260.044
1024,0,32,128,261.901
1024,0,32,256,264.319
1024,0,32,512,268.49
1024,0,32,1024,271.17
1024,0,32,2048,284.384
1024,0,32,4096,300.971
1024,0,32,8192,333.515
1024,0,32,16384,401.782
1024,0,32,32768,543.148
1024,0,64,16,265.143
1024,0,64,32,265.293
1024,0,64,64,268.62
1024,0,64,128,274.617
1024,0,64,256,276.376
1024,0,64,512,283.02
1024,0,64,1024,292.066
1024,0,64,2048,311.277
1024,0,64,4096,346.838
1024,0,64,8192,412.385
1024,0,64,16384,555.939
1024,0,64,32768,834.52
1024,0,128,16,283.255
1024,0,128,32,282.796
1024,0,128,64,287.638
1024,0,128,128,289.025
1024,0,128,256,294.444
1024,0,128,512,306.293
1024,0,128,1024,323.265
1024,0,128,2048,358.06
1024,0,128,4096,423.266
1024,0,128,8192,565.9
1024,0,128,16384,846.618
1024,0,128,32768,1384.11
1024,16,0,0,265.313
1024,16,1,16,284.245
1024,16,1,32,282.776
1024,16,1,64,284.011
1024,16,1,128,283.906
1024,16,1,256,284.64
1024,16,1,512,285.643
1024,16,1,1024,288.589
1024,16,1,2048,290.934
1024,16,1,4096,289.762
1024,16,1,8192,293.164
1024,16,1,16384,299.178
1024,16,1,32768,303.884
1024,16,2,16,283.34
1024,16,2,32,283.106
1024,16,2,64,285.11
1024,16,2,128,285.998
1024,16,2,256,286.272
1024,16,2,512,285.931
1024,16,2,1024,288.876
1024,16,2,2048,289.165
1024,16,2,4096,291.966
1024,16,2,8192,295.318
1024,16,2,16384,301.763
1024,16,2,32768,312.045
1024,16,4,16,282.424
1024,16,4,32,281.824
1024,16,4,64,285.165
1024,16,4,128,286.123
1024,16,4,256,285.613
1024,16,4,512,286.412
1024,16,4,1024,289.305
1024,16,4,2048,291.157
1024,16,4,4096,296.395
1024,16,4,8192,303.759
1024,16,4,16384,309.612
1024,16,4,32768,329.579
1024,16,8,16,282.028
1024,16,8,32,282.072
1024,16,8,64,285.184
1024,16,8,128,286.497
1024,16,8,256,284.962
1024,16,8,512,288.429
1024,16,8,1024,291.405
1024,16,8,2048,294.572
1024,16,8,4096,300.161
1024,16,8,8192,310.914
1024,16,8,16384,329.291
1024,16,8,32768,363.83
1024,16,16,16,293.568
1024,16,16,32,295.426
1024,16,16,64,298.519
1024,16,16,128,297.891
1024,16,16,256,299.266
1024,16,16,512,302.541
1024,16,16,1024,305.206
1024,16,16,2048,311.19
1024,16,16,4096,321.323
1024,16,16,8192,338.604
1024,16,16,16384,373.645
1024,16,16,32768,441.22
1024,16,32,16,287.459
1024,16,32,32,287.105
1024,16,32,64,290.859
1024,16,32,128,292.951
1024,16,32,256,294.934
1024,16,32,512,300.206
1024,16,32,1024,302.604
1024,16,32,2048,313.471
1024,16,32,4096,333.74
1024,16,32,8192,365.825
1024,16,32,16384,432.589
1024,16,32,32768,574.968
1024,16,64,16,297.003
1024,16,64,32,297.686
1024,16,64,64,298.627
1024,16,64,128,304.814
1024,16,64,256,307.789
1024,16,64,512,313.196
1024,16,64,1024,322.819
1024,16,64,2048,341.742
1024,16,64,4096,378.263
1024,16,64,8192,442.595
1024,16,64,16384,586.766
1024,16,64,32768,862.51
1024,16,128,16,313.462
1024,16,128,32,313.911
1024,16,128,64,317.731
1024,16,128,128,319.277
1024,16,128,256,325.676
1024,16,128,512,335.042
1024,16,128,1024,352.918
1024,16,128,2048,386.572
1024,16,128,4096,453.058
1024,16,128,8192,599.693
1024,16,128,16384,875.63
1024,16,128,32768,1418
1024,32,0,0,266.125
1024,32,1,16,283.638
1024,32,1,32,284.053
1024,32,1,64,285.004
1024,32,1,128,286.22
1024,32,1,256,285.453
1024,32,1,512,284.802
1024,32,1,1024,287.361
1024,32,1,2048,288.876
1024,32,1,4096,291.736
1024,32,1,8192,295.778
1024,32,1,16384,299.511
1024,32,1,32768,305.504
1024,32,2,16,284.271
1024,32,2,32,282.626
1024,32,2,64,284.557
1024,32,2,128,285.741
1024,32,2,256,287.704
1024,32,2,512,285.536
1024,32,2,1024,288.907
1024,32,2,2048,290.306
1024,32,2,4096,292.3
1024,32,2,8192,296.493
1024,32,2,16384,302.561
1024,32,2,32768,312.725
1024,32,4,16,283.838
1024,32,4,32,284.908
1024,32,4,64,286.731
1024,32,4,128,285.258
1024,32,4,256,286.37
1024,32,4,512,286.135
1024,32,4,1024,290.495
1024,32,4,2048,292.674
1024,32,4,4096,296.055
1024,32,4,8192,302.038
1024,32,4,16384,311.298
1024,32,4,32768,331.105
1024,32,8,16,283.457
1024,32,8,32,282.87
1024,32,8,64,284.951
1024,32,8,128,285.335
1024,32,8,256,286.284
1024,32,8,512,288.29
1024,32,8,1024,292.203
1024,32,8,2048,294.956
1024,32,8,4096,301.195
1024,32,8,8192,310.839
1024,32,8,16384,328.311
1024,32,8,32768,364.366
1024,32,16,16,295.979
1024,32,16,32,294.486
1024,32,16,64,298.23
1024,32,16,128,299.371
1024,32,16,256,300.257
1024,32,16,512,304.162
1024,32,16,1024,304.951
1024,32,16,2048,312.651
1024,32,16,4096,322.594
1024,32,16,8192,339.277
1024,32,16,16384,376.237
1024,32,16,32768,438.688
1024,32,32,16,287.393
1024,32,32,32,285.696
1024,32,32,64,290.337
1024,32,32,128,293.367
1024,32,32,256,294.87
1024,32,32,512,299.778
1024,32,32,1024,301.783
1024,32,32,2048,313.239
1024,32,32,4096,331.149
1024,32,32,8192,368.587
1024,32,32,16384,433.954
1024,32,32,32768,573.719
1024,32,64,16,296.299
1024,32,64,32,297.132
1024,32,64,64,300.267
1024,32,64,128,304.341
1024,32,64,256,310.518
1024,32,64,512,313.121
1024,32,64,1024,323.67
1024,32,64,2048,341.921
1024,32,64,4096,378.167
1024,32,64,8192,445.666
1024,32,64,16384,585.614
1024,32,64,32768,866.276
1024,32,128,16,315.244
1024,32,128,32,314.891
1024,32,128,64,318.169
1024,32,128,128,320.375
1024,32,128,256,325.379
1024,32,128,512,335.491
1024,32,128,1024,354.273
1024,32,128,2048,387.894
1024,32,128,4096,455.629
1024,32,128,8192,596.92
1024,32,128,16384,877.702
1024,32,128,32768,1416.56
1024,64,0,0,266.359
1024,64,1,16,282.965
1024,64,1,32,283.085
1024,64,1,64,285.676
1024,64,1,128,285.27
1024,64,1,256,285.741
1024,64,1,512,286.22
1024,64,1,1024,286.699
1024,64,1,2048,289.921
1024,64,1,4096,291.35
1024,64,1,8192,295.447
1024,64,1,16384,299.234
1024,64,1,32768,306.369
1024,64,2,16,283.275
1024,64,2,32,283.073
1024,64,2,64,285.559
1024,64,2,128,285.56
1024,64,2,256,286.04
1024,64,2,512,285.335
1024,64,2,1024,288.342
1024,64,2,2048,289.697
1024,64,2,4096,292.279
1024,64,2,8192,297.921
1024,64,2,16384,301.622
1024,64,2,32768,315.575
1024,64,4,16,286.071
1024,64,4,32,282.636
1024,64,4,64,285.42
1024,64,4,128,286.423
1024,64,4,256,286.604
1024,64,4,512,289.334
1024,64,4,1024,288.29
1024,64,4,2048,293.538
1024,64,4,4096,296.343
1024,64,4,8192,302.359
1024,64,4,16384,313.334
1024,64,4,32768,330.892
1024,64,8,16,283.46
1024,64,8,32,283.202
1024,64,8,64,284.952
1024,64,8,128,286.005
1024,64,8,256,286.219
1024,64,8,512,288.982
1024,64,8,1024,291.148
1024,64,8,2048,294.604
1024,64,8,4096,300.428
1024,64,8,8192,311.606
1024,64,8,16384,329.688
1024,64,8,32768,363.245
1024,64,16,16,296.148
1024,64,16,32,295.436
1024,64,16,64,297.303
1024,64,16,128,298.988
1024,64,16,256,302.251
1024,64,16,512,302.924
1024,64,16,1024,306.081
1024,64,16,2048,311.381
1024,64,16,4096,321.6
1024,64,16,8192,339.061
1024,64,16,16384,375.213
1024,64,16,32768,441.635
1024,64,32,16,286.517
1024,64,32,32,289.261
1024,64,32,64,293.868
1024,64,32,128,292.185
1024,64,32,256,296.32
1024,64,32,512,299.937
1024,64,32,1024,303.532
1024,64,32,2048,315.619
1024,64,32,4096,332.961
1024,64,32,8192,367.66
1024,64,32,16384,435.309
1024,64,32,32768,574.53
1024,64,64,16,296.482
1024,64,64,32,297.26
1024,64,64,64,301.44
1024,64,64,128,306.018
1024,64,64,256,308.14
1024,64,64,512,313.324
1024,64,64,1024,324.364
1024,64,64,2048,343.001
1024,64,64,4096,378.678
1024,64,64,8192,443.64
1024,64,64,16384,585.304
1024,64,64,32768,866.862
1024,64,128,16,315.351
1024,64,128,32,314.507
1024,64,128,64,316.203
1024,64,128,128,319.853
1024,64,128,256,325.634
1024,64,128,512,336.291
1024,64,128,1024,354.572
1024,64,128,2048,389.263
1024,64,128,4096,453.814
1024,64,128,8192,600.558
1024,64,128,16384,879.599
1024,64,128,32768,1416.97
1024,128,0,0,267.021
1024,128,1,16,283.937
1024,128,1,32,284.834
1024,128,1,64,285.858
1024,128,1,128,288.91
1024,128,1,256,286.155
1024,128,1,512,287.22
1024,128,1,1024,288.557
1024,128,1,2048,289.549
1024,128,1,4096,294.485
1024,128,1,8192,296.161
1024,128,1,16384,299.863
1024,128,1,32768,306.999
1024,128,2,16,285.602
1024,128,2,32,285.282
1024,128,2,64,287.479
1024,128,2,128,287.694
1024,128,2,256,285.975
1024,128,2,512,287.05
1024,128,2,1024,289.623
1024,128,2,2048,291.436
1024,128,2,4096,293.261
1024,128,2,8192,297.504
1024,128,2,16384,303.831
1024,128,2,32768,314.989
1024,128,4,16,284.62
1024,128,4,32,285.281
1024,128,4,64,286.091
1024,128,4,128,288.631
1024,128,4,256,288.245
1024,128,4,512,288.438
1024,128,4,1024,292.93
1024,128,4,2048,293.166
1024,128,4,4096,297.621
1024,128,4,8192,304.216
1024,128,4,16384,316.173
1024,128,4,32768,333.612
1024,128,8,16,284.087
1024,128,8,32,283.844
1024,128,8,64,286.359
1024,128,8,128,286.829
1024,128,8,256,287.576
1024,128,8,512,290.744
1024,128,8,1024,291.916
1024,128,8,2048,297.345
1024,128,8,4096,302.433
1024,128,8,8192,313.09
1024,128,8,16384,330.038
1024,128,8,32768,367.318
1024,128,16,16,296.354
1024,128,16,32,296.759
1024,128,16,64,297.954
1024,128,16,128,298.41
1024,128,16,256,303.116
1024,128,16,512,305.558
1024,128,16,1024,306.691
1024,128,16,2048,313.025
1024,128,16,4096,323.928
1024,128,16,8192,341.124
1024,128,16,16384,378.722
1024,128,16,32768,443.225
1024,128,32,16,288.567
1024,128,32,32,289.122
1024,128,32,64,292.729
1024,128,32,128,294.304
1024,128,32,256,297.09
1024,128,32,512,299.426
1024,128,32,1024,305.259
1024,128,32,2048,314.967
1024,128,32,4096,335.787
1024,128,32,8192,369.528
1024,128,32,16384,436.139
1024,128,32,32768,575.714
1024,128,64,16,296.963
1024,128,64,32,297.9
1024,128,64,64,300.917
1024,128,64,128,305.814
1024,128,64,256,308.074
1024,128,64,512,314.755
1024,128,64,1024,324.033
1024,128,64,2048,343.319
1024,128,64,4096,379.222
1024,128,64,8192,446.785
1024,128,64,16384,585.796
1024,128,64,32768,866.673
1024,128,128,16,315.905
1024,128,128,32,317.623
1024,128,128,64,317.038
1024,128,128,128,321.177
1024,128,128,256,326.135
1024,128,128,512,339.18
1024,128,128,1024,356.025
1024,128,128,2048,388.46
1024,128,128,4096,457.817
1024,128,128,8192,597.186
1024,128,128,16384,879.418
1024,128,128,32768,1418.85
1024,256,0,0,274.326
1024,256,1,16,292.246
1024,256,1,32,291.157
1024,256,1,64,293.452
1024,256,1,128,294.54
1024,256,1,256,293.142
1024,256,1,512,293.537
1024,256,1,1024,294.614
1024,256,1,2048,297.709
1024,256,1,4096,299.617
1024,256,1,8192,302.636
1024,256,1,16384,307.031
1024,256,1,32768,313.666
1024,256,2,16,291.287
1024,256,2,32,290.85
1024,256,2,64,294.763
1024,256,2,128,293.665
1024,256,2,256,294.23
1024,256,2,512,293.166
1024,256,2,1024,295.991
1024,256,2,2048,298.241
1024,256,2,4096,300.374
1024,256,2,8192,303.745
1024,256,2,16384,310.465
1024,256,2,32768,321.773
1024,256,4,16,291.99
1024,256,4,32,292.908
1024,256,4,64,291.789
1024,256,4,128,293.452
1024,256,4,256,295.605
1024,256,4,512,295.734
1024,256,4,1024,299.426
1024,256,4,2048,300.866
1024,256,4,4096,303.04
1024,256,4,8192,309.868
1024,256,4,16384,320.162
1024,256,4,32768,340.546
1024,256,8,16,292.887
1024,256,8,32,291.863
1024,256,8,64,293.699
1024,256,8,128,293.954
1024,256,8,256,295.693
1024,256,8,512,297.3
1024,256,8,1024,299.351
1024,256,8,2048,304.227
1024,256,8,4096,309.505
1024,256,8,8192,319.992
1024,256,8,16384,336.163
1024,256,8,32768,373.59
1024,256,16,16,302.785
1024,256,16,32,304.301
1024,256,16,64,306.946
1024,256,16,128,307.681
1024,256,16,256,308.332
1024,256,16,512,312.438
1024,256,16,1024,313.186
1024,256,16,2048,320.632
1024,256,16,4096,332.406
1024,256,16,8192,347.842
1024,256,16,16384,383.201
1024,256,16,32768,448.121
1024,256,32,16,295.211
1024,256,32,32,294.573
1024,256,32,64,301.624
1024,256,32,128,302.091
1024,256,32,256,303.906
1024,256,32,512,306.797
1024,256,32,1024,312.855
1024,256,32,2048,323.352
1024,256,32,4096,342.082
1024,256,32,8192,375.161
1024,256,32,16384,442.53
1024,256,32,32768,583.385
1024,256,64,16,306.411
1024,256,64,32,305.996
1024,256,64,64,307.798
1024,256,64,128,314.53
1024,256,64,256,316.034
1024,256,64,512,322.134
1024,256,64,1024,332.579
1024,256,64,2048,351.118
1024,256,64,4096,386.05
1024,256,64,8192,453.72
1024,256,64,16384,595.309
1024,256,64,32768,875.29
1024,256,128,16,321.527
1024,256,128,32,321.569
1024,256,128,64,326.456
1024,256,128,128,328.32
1024,256,128,256,333.473
1024,256,128,512,343.894
1024,256,128,1024,362.626
1024,256,128,2048,397.613
1024,256,128,4096,463.479
1024,256,128,8192,606.489
1024,256,128,16384,884.91
1024,256,128,32768,1428.28
1024,512,0,0,287.874
1024,512,1,16,307.425
1024,512,1,32,305.815
1024,512,1,64,307.969
1024,512,1,128,308.227
1024,512,1,256,307.5
1024,512,1,512,308.076
1024,512,1,1024,309.453
1024,512,1,2048,312.651
1024,512,1,4096,314.134
1024,512,1,8192,316.119
1024,512,1,16384,321.293
1024,512,1,32768,326.667
1024,512,2,16,305.57
1024,512,2,32,303.744
1024,512,2,64,306.786
1024,512,2,128,306.603
1024,512,2,256,307.008
1024,512,2,512,308.962
1024,512,2,1024,310.976
1024,512,2,2048,311.949
1024,512,2,4096,314.199
1024,512,2,8192,317.463
1024,512,2,16384,325.215
1024,512,2,32768,334.178
1024,512,4,16,306.399
1024,512,4,32,305.677
1024,512,4,64,308.664
1024,512,4,128,307.502
1024,512,4,256,309.367
1024,512,4,512,310.347
1024,512,4,1024,312.033
1024,512,4,2048,314.947
1024,512,4,4096,316.567
1024,512,4,8192,325.174
1024,512,4,16384,334.584
1024,512,4,32768,353.036
1024,512,8,16,305.123
1024,512,8,32,305.73
1024,512,8,64,307.723
1024,512,8,128,308.075
1024,512,8,256,308.405
1024,512,8,512,310.443
1024,512,8,1024,314.062
1024,512,8,2048,317.304
1024,512,8,4096,325.421
1024,512,8,8192,333.176
1024,512,8,16384,349.89
1024,512,8,32768,384.747
1024,512,16,16,318.137
1024,512,16,32,317.42
1024,512,16,64,320.258
1024,512,16,128,320.843
1024,512,16,256,322.061
1024,512,16,512,326.81
1024,512,16,1024,326.53
1024,512,16,2048,335.637
1024,512,16,4096,344.398
1024,512,16,8192,363.181
1024,512,16,16384,394.668
1024,512,16,32768,464.44
1024,512,32,16,308.885
1024,512,32,32,310.734
1024,512,32,64,312.813
1024,512,32,128,315.341
1024,512,32,256,316.824
1024,512,32,512,320.224
1024,512,32,1024,327.116
1024,512,32,2048,334.572
1024,512,32,4096,352.876
1024,512,32,8192,391.488
1024,512,32,16384,456.769
1024,512,32,32768,597.048
1024,512,64,16,317.805
1024,512,64,32,320.034
1024,512,64,64,322.732
1024,512,64,128,327.222
1024,512,64,256,330.466
1024,512,64,512,336.363
1024,512,64,1024,345.613
1024,512,64,2048,364.825
1024,512,64,4096,399.693
1024,512,64,8192,467
1024,512,64,16384,607.395
1024,512,64,32768,891.384
1024,512,128,16,336.046
1024,512,128,32,337.707
1024,512,128,64,340.59
1024,512,128,128,343.16
1024,512,128,256,348.077
1024,512,128,512,358.22
1024,512,128,1024,375.789
1024,512,128,2048,410.732
1024,512,128,4096,475.98
1024,512,128,8192,620.77
1024,512,128,16384,901.68
1024,512,128,32768,1440.31
1024,1024,0,0,314.795
1024,1024,1,16,330.421
1024,1024,1,32,330.989
1024,1024,1,64,332.427
1024,1024,1,128,334.732
1024,1024,1,256,332.109
1024,1024,1,512,333.911
1024,1024,1,1024,335.203
1024,1024,1,2048,337.017
1024,1024,1,4096,339
1024,1024,1,8192,342.572
1024,1024,1,16384,346.178
1024,1024,1,32768,354.115
1024,1024,2,16,329.786
1024,1024,2,32,331.779
1024,1024,2,64,333.089
1024,1024,2,128,333.74
1024,1024,2,256,333.143
1024,1024,2,512,333.654
1024,1024,2,1024,335.617
1024,1024,2,2048,337.325
1024,1024,2,4096,338.956
1024,1024,2,8192,342.21
1024,1024,2,16384,350.986
1024,1024,2,32768,360.011
1024,1024,4,16,330.668
1024,1024,4,32,332.397
1024,1024,4,64,333.027
1024,1024,4,128,333.292
1024,1024,4,256,333.217
1024,1024,4,512,335.04
1024,1024,4,1024,336.781
1024,1024,4,2048,341.602
1024,1024,4,4096,342.156
1024,1024,4,8192,350.092
1024,1024,4,16384,358.955
1024,1024,4,32768,379.011
1024,1024,8,16,330.572
1024,1024,8,32,330.701
1024,1024,8,64,333.303
1024,1024,8,128,333.111
1024,1024,8,256,333.154
1024,1024,8,512,336.513
1024,1024,8,1024,339.672
1024,1024,8,2048,342.028
1024,1024,8,4096,351.52
1024,1024,8,8192,359.746
1024,1024,8,16384,376.046
1024,1024,8,32768,411.321
1024,1024,16,16,342.828
1024,1024,16,32,344.621
1024,1024,16,64,346.489
1024,1024,16,128,344.993
1024,1024,16,256,347.969
1024,1024,16,512,351.479
1024,1024,16,1024,353.739
1024,1024,16,2048,360.151
1024,1024,16,4096,369.451
1024,1024,16,8192,388.32
1024,1024,16,16384,422.029
1024,1024,16,32768,488.46
1024,1024,32,16,336.108
1024,1024,32,32,336.556
1024,1024,32,64,339.618
1024,1024,32,128,341.366
1024,1024,32,256,343.041
1024,1024,32,512,346.593
1024,1024,32,1024,353.633
1024,1024,32,2048,360.727
1024,1024,32,4096,380.236
1024,1024,32,8192,416.738
1024,1024,32,16384,481.634
1024,1024,32,32768,625.304
1024,1024,64,16,345.143
1024,1024,64,32,344.77
1024,1024,64,64,348.193
1024,1024,64,128,355.256
1024,1024,64,256,356.644
1024,1024,64,512,360.589
1024,1024,64,1024,372.119
1024,1024,64,2048,390.755
1024,1024,64,4096,424.962
1024,1024,64,8192,492.385
1024,1024,64,16384,633.037
1024,1024,64,32768,915.718
1024,1024,128,16,361.559
1024,1024,128,32,363.98
1024,1024,128,64,365.41
1024,1024,128,128,368.022
1024,1024,128,256,373.814
1024,1024,128,512,384.376
1024,1024,128,1024,400.673
1024,1024,128,2048,436.386
1024,1024,128,4096,503.255
1024,1024,128,8192,644.161
1024,1024,128,16384,927.215
1024,1024,128,32768,1466.14
1024,2048,0,0,364.405
1024,2048,1,16,382.05
1024,2048,1,32,381.686
1024,2048,1,64,384.981
1024,2048,1,128,384.973
1024,2048,1,256,384.814
1024,2048,1,512,385.463
1024,2048,1,1024,385.483
1024,2048,1,2048,389.827
1024,2048,1,4096,392.288
1024,2048,1,8192,392.523
1024,2048,1,16384,398.52
1024,2048,1,32768,403.288
1024,2048,2,16,381.878
1024,2048,2,32,383.927
1024,2048,2,64,385.176
1024,2048,2,128,384.974
1024,2048,2,256,384.216
1024,2048,2,512,384.994
1024,2048,2,1024,387.33
1024,2048,2,2048,387.915
1024,2048,2,4096,394.572
1024,2048,2,8192,394.016
1024,2048,2,16384,401.667
1024,2048,2,32768,410.689
1024,2048,4,16,381.547
1024,2048,4,32,382.39
1024,2048,4,64,384.599
1024,2048,4,128,384.844
1024,2048,4,256,386.679
1024,2048,4,512,386.851
1024,2048,4,1024,389.175
1024,2048,4,2048,390.539
1024,2048,4,4096,395.106
1024,2048,4,8192,400.256
1024,2048,4,16384,410.935
1024,2048,4,32768,428.941
1024,2048,8,16,382.541
1024,2048,8,32,381.698
1024,2048,8,64,384.28
1024,2048,8,128,383.938
1024,2048,8,256,385.037
1024,2048,8,512,387.36
1024,2048,8,1024,389.69
1024,2048,8,2048,393.142
1024,2048,8,4096,400.684
1024,2048,8,8192,409.997
1024,2048,8,16384,427.298
1024,2048,8,32768,461.869
1024,2048,16,16,395.577
1024,2048,16,32,392.257
1024,2048,16,64,397.272
1024,2048,16,128,397.795
1024,2048,16,256,399.33
1024,2048,16,512,402.411
1024,2048,16,1024,404.055
1024,2048,16,2048,409.304
1024,2048,16,4096,420.898
1024,2048,16,8192,437.272
1024,2048,16,16384,470.604
1024,2048,16,32768,539.609
1024,2048,32,16,385.688
1024,2048,32,32,387.083
1024,2048,32,64,390.519
1024,2048,32,128,390.22
1024,2048,32,256,394.156
1024,2048,32,512,399.34
1024,2048,32,1024,401.974
1024,2048,32,2048,415.543
1024,2048,32,4096,430.848
1024,2048,32,8192,465.827
1024,2048,32,16384,531.918
1024,2048,32,32768,669.635
1024,2048,64,16,395.948
1024,2048,64,32,395.371
1024,2048,64,64,398.317
1024,2048,64,128,403.82
1024,2048,64,256,406.593
1024,2048,64,512,412.429
1024,2048,64,1024,422.05
1024,2048,64,2048,440.119
1024,2048,64,4096,475.704
1024,2048,64,8192,543.63
1024,2048,64,16384,679.979
1024,2048,64,32768,951.396
1024,2048,128,16,413.876
1024,2048,128,32,415.138
1024,2048,128,64,416.941
1024,2048,128,128,418.347
1024,2048,128,256,425.013
1024,2048,128,512,433.688
1024,2048,128,1024,450.157
1024,2048,128,2048,487.768
1024,2048,128,4096,554.679
1024,2048,128,8192,692.792
1024,2048,128,16384,960.368
1024,2048,128,32768,1497.22
1024,4096,0,0,471.639
1024,4096,1,16,490.254
1024,4096,1,32,488.663
1024,4096,1,64,492.738
1024,4096,1,128,490.069
1024,4096,1,256,490.358
1024,4096,1,512,492.472
1024,4096,1,1024,495.023
1024,4096,1,2048,495.373
1024,4096,1,4096,499.2
1024,4096,1,8192,499.621
1024,4096,1,16384,504.45
1024,4096,1,32768,508.986
1024,4096,2,16,489.24
1024,4096,2,32,489.9
1024,4096,2,64,491.458
1024,4096,2,128,490.968
1024,4096,2,256,492.386
1024,4096,2,512,492.162
1024,4096,2,1024,493.473
1024,4096,2,2048,495.352
1024,4096,2,4096,498.338
1024,4096,2,8192,500.972
1024,4096,2,16384,508.908
1024,4096,2,32768,518.893
1024,4096,4,16,490.038
1024,4096,4,32,491.725
1024,4096,4,64,491.513
1024,4096,4,128,491.426
1024,4096,4,256,491.555
1024,4096,4,512,493.196
1024,4096,4,1024,497.528
1024,4096,4,2048,497.422
1024,4096,4,4096,501.101
1024,4096,4,8192,506.423
1024,4096,4,16384,518.147
1024,4096,4,32768,536.887
1024,4096,8,16,488.909
1024,4096,8,32,490.05
1024,4096,8,64,490.454
1024,4096,8,128,493.184
1024,4096,8,256,491.673
1024,4096,8,512,493.602
1024,4096,8,1024,496.706
1024,4096,8,2048,501.623
1024,4096,8,4096,506.627
1024,4096,8,8192,516.045
1024,4096,8,16384,534.145
1024,4096,8,32768,566.914
1024,4096,16,16,500.133
1024,4096,16,32,502.328
1024,4096,16,64,508.122
1024,4096,16,128,504.558
1024,4096,16,256,506.883
1024,4096,16,512,507.618
1024,4096,16,1024,513.743
1024,4096,16,2048,518.701
1024,4096,16,4096,526.818
1024,4096,16,8192,543.651
1024,4096,16,16384,579.554
1024,4096,16,32768,643.865
1024,4096,32,16,492.791
1024,4096,32,32,492.963
1024,4096,32,64,500.216
1024,4096,32,128,500.556
1024,4096,32,256,505.603
1024,4096,32,512,504.056
1024,4096,32,1024,507.596
1024,4096,32,2048,519.265
1024,4096,32,4096,536.993
1024,4096,32,8192,571.843
1024,4096,32,16384,640.354
1024,4096,32,32768,775.065
1024,4096,64,16,504.301
1024,4096,64,32,502.87
1024,4096,64,64,505.036
1024,4096,64,128,511.95
1024,4096,64,256,514.733
1024,4096,64,512,520.77
1024,4096,64,1024,530.242
1024,4096,64,2048,548.684
1024,4096,64,4096,584.994
1024,4096,64,8192,652.696
1024,4096,64,16384,785.431
1024,4096,64,32768,1052.82
1024,4096,128,16,520.151
1024,4096,128,32,520.535
1024,4096,128,64,523.139
1024,4096,128,128,524.961
1024,4096,128,256,528.975
1024,4096,128,512,541.688
1024,4096,128,1024,559.96
1024,4096,128,2048,595.063
1024,4096,128,4096,661.07
1024,4096,128,8192,798.552
1024,4096,128,16384,1063.16
1024,4096,128,32768,1596.3
1024,8192,0,0,671.631
1024,8192,1,16,691.929
1024,8192,1,32,692.986
1024,8192,1,64,693.497
1024,8192,1,128,694.914
1024,8192,1,256,692.898
1024,8192,1,512,694.647
1024,8192,1,1024,696.429
1024,8192,1,2048,698.914
1024,8192,1,4096,700.495
1024,8192,1,8192,704.696
1024,8192,1,16384,707.445
1024,8192,1,32768,712.963
1024,8192,2,16,691.79
1024,8192,2,32,693.817
1024,8192,2,64,695.416
1024,8192,2,128,694.05
1024,8192,2,256,694.628
1024,8192,2,512,694.978
1024,8192,2,1024,697.732
1024,8192,2,2048,699.948
1024,8192,2,4096,699.833
1024,8192,2,8192,703.876
1024,8192,2,16384,710.19
1024,8192,2,32768,723.746
1024,8192,4,16,693.254
1024,8192,4,32,693.007
1024,8192,4,64,694.521
1024,8192,4,128,695.65
1024,8192,4,256,696.716
1024,8192,4,512,696.728
1024,8192,4,1024,696.878
1024,8192,4,2048,699.512
1024,8192,4,4096,703.555
1024,8192,4,8192,712.772
1024,8192,4,16384,723.14
1024,8192,4,32768,739.842
1024,8192,8,16,692.121
1024,8192,8,32,694.638
1024,8192,8,64,698.03
1024,8192,8,128,698.05
1024,8192,8,256,697.784
1024,8192,8,512,696.728
1024,8192,8,1024,700.301
1024,8192,8,2048,706.522
1024,8192,8,4096,711.439
1024,8192,8,8192,719.649
1024,8192,8,16384,737.851
1024,8192,8,32768,771.172
1024,8192,16,16,706.028
1024,8192,16,32,705.966
1024,8192,16,64,707.94
1024,8192,16,128,706.648
1024,8192,16,256,710.692
1024,8192,16,512,714.371
1024,8192,16,1024,715.607
1024,8192,16,2048,721.806
1024,8192,16,4096,729.381
1024,8192,16,8192,751.288
1024,8192,16,16384,781.379
1024,8192,16,32768,850.168
1024,8192,32,16,696.941
1024,8192,32,32,696.367
1024,8192,32,64,701.091
1024,8192,32,128,701.604
1024,8192,32,256,705.197
1024,8192,32,512,705.604
1024,8192,32,1024,714.776
1024,8192,32,2048,723.355
1024,8192,32,4096,741.761
1024,8192,32,8192,775.94
1024,8192,32,16384,842.915
1024,8192,32,32768,977.85
1024,8192,64,16,706.263
1024,8192,64,32,705.134
1024,8192,64,64,711.405
1024,8192,64,128,715.525
1024,8192,64,256,717.754
1024,8192,64,512,723.385
1024,8192,64,1024,730.51
1024,8192,64,2048,752.549
1024,8192,64,4096,783.769
1024,8192,64,8192,852.325
1024,8192,64,16384,990.127
1024,8192,64,32768,1257.07
1024,8192,128,16,723.524
1024,8192,128,32,724.527
1024,8192,128,64,725.345
1024,8192,128,128,727.044
1024,8192,128,256,735.618
1024,8192,128,512,743.695
1024,8192,128,1024,760.964
1024,8192,128,2048,795.213
1024,8192,128,4096,864.535
1024,8192,128,8192,999.598
1024,8192,128,16384,1269.14
1024,8192,128,32768,1801.01
1024,16384,0,0,1087.74
1024,16384,1,16,1104.35
1024,16384,1,32,1105.43
1024,16384,1,64,1105.94
1024,16384,1,128,1106.5
1024,16384,1,256,1106.46
1024,16384,1,512,1106.5
1024,16384,1,1024,1108.21
1024,16384,1,2048,1109.85
1024,16384,1,4096,1114.12
1024,16384,1,8192,1114.21
1024,16384,1,16384,1117.95
1024,16384,1,32768,1124.48
1024,16384,2,16,1103.2
1024,16384,2,32,1103.26
1024,16384,2,64,1105.31
1024,16384,2,128,1104.8
1024,16384,2,256,1105.47
1024,16384,2,512,1107.19
1024,16384,2,1024,1107.82
1024,16384,2,2048,1108.6
1024,16384,2,4096,1112.62
1024,16384,2,8192,1115.32
1024,16384,2,16384,1129.48
1024,16384,2,32768,1132.76
1024,16384,4,16,1101.31
1024,16384,4,32,1104.56
1024,16384,4,64,1110.02
1024,16384,4,128,1105.38
1024,16384,4,256,1108.47
1024,16384,4,512,1108.23
1024,16384,4,1024,1114.31
1024,16384,4,2048,1111.77
1024,16384,4,4096,1117.34
1024,16384,4,8192,1121.6
1024,16384,4,16384,1130.42
1024,16384,4,32768,1149.19
1024,16384,8,16,1103.31
1024,16384,8,32,1102.13
1024,16384,8,64,1106.54
1024,16384,8,128,1104.92
1024,16384,8,256,1110.23
1024,16384,8,512,1109.17
1024,16384,8,1024,1110.73
1024,16384,8,2048,1114.82
1024,16384,8,4096,1122.14
1024,16384,8,8192,1128.99
1024,16384,8,16384,1146.65
1024,16384,8,32768,1183.29
1024,16384,16,16,1114.15
1024,16384,16,32,1116.76
1024,16384,16,64,1116.32
1024,16384,16,128,1119.38
1024,16384,16,256,1121.19
1024,16384,16,512,1121.9
1024,16384,16,1024,1126.4
1024,16384,16,2048,1131.25
1024,16384,16,4096,1141.5
1024,16384,16,8192,1158.38
1024,16384,16,16384,1193.86
1024,16384,16,32768,1257.87
1024,16384,32,16,1107.73
1024,16384,32,32,1109.99
1024,16384,32,64,1112.08
1024,16384,32,128,1113.05
1024,16384,32,256,1118.77
1024,16384,32,512,1117.03
1024,16384,32,1024,1122.93
1024,16384,32,2048,1132.49
1024,16384,32,4096,1152.24
1024,16384,32,8192,1186.28
1024,16384,32,16384,1251.65
1024,16384,32,32768,1393.15
1024,16384,64,16,1119.28
1024,16384,64,32,1116.71
1024,16384,64,64,1117.52
1024,16384,64,128,1124.28
1024,16384,64,256,1127.52
1024,16384,64,512,1134.95
1024,16384,64,1024,1144.22
1024,16384,64,2048,1162.19
1024,16384,64,4096,1196.01
1024,16384,64,8192,1264.41
1024,16384,64,16384,1403.29
1024,16384,64,32768,1673.94
1024,16384,128,16,1133.41
1024,16384,128,32,1133.89
1024,16384,128,64,1137.65
1024,16384,128,128,1139.52
1024,16384,128,256,1144.52
1024,16384,128,512,1156.06
1024,16384,128,1024,1171.37
1024,16384,128,2048,1209.5
1024,16384,128,4096,1273.96
1024,16384,128,8192,1412.13
1024,16384,128,16384,1683.56
1024,16384,128,32768,2219.48
1024,32768,0,0,1887.09
1024,32768,1,16,1908.02
1024,32768,1,32,1906.15
1024,32768,1,64,1907.72
1024,32768,1,128,1912.11
1024,32768,1,256,1913.06
1024,32768,1,512,1909.91
1024,32768,1,1024,1912.48
1024,32768,1,2048,1914.56
1024,32768,1,4096,1915.49
1024,32768,1,8192,1921.46
1024,32768,1,16384,1921.29
1024,32768,1,32768,1930.64
1024,32768,2,16,1906.91
1024,32768,2,32,1908.38
1024,32768,2,64,1912.69
1024,32768,2,128,1910.99
1024,32768,2,256,1907.75
1024,32768,2,512,1909.49
1024,32768,2,1024,1911.47
1024,32768,2,2048,1915.41
1024,32768,2,4096,1917.13
1024,32768,2,8192,1922.73
1024,32768,2,16384,1928.01
1024,32768,2,32768,1933.47
1024,32768,4,16,1904.61
1024,32768,4,32,1909.51
1024,32768,4,64,1908.59
1024,32768,4,128,1910.8
1024,32768,4,256,1910.88
1024,32768,4,512,1907.87
1024,32768,4,1024,1913.73
1024,32768,4,2048,1926.37
1024,32768,4,4096,1921.46
1024,32768,4,8192,1928.06
1024,32768,4,16384,1932.91
1024,32768,4,32768,1951.05
1024,32768,8,16,1906.03
1024,32768,8,32,1909.14
1024,32768,8,64,1910.8
1024,32768,8,128,1907.36
1024,32768,8,256,1914.24
1024,32768,8,512,1915.82
1024,32768,8,1024,1914.91
1024,32768,8,2048,1919.61
1024,32768,8,4096,1926.3
1024,32768,8,8192,1931.44
1024,32768,8,16384,1952.3
1024,32768,8,32768,1984.1
1024,32768,16,16,1914.87
1024,32768,16,32,1917.41
1024,32768,16,64,1923.26
1024,32768,16,128,1926.7
1024,32768,16,256,1932.67
1024,32768,16,512,1925.82
1024,32768,16,1024,1927.48
1024,32768,16,2048,1935.62
1024,32768,16,4096,1945.65
1024,32768,16,8192,1960.35
1024,32768,16,16384,2001.68
1024,32768,16,32768,2065.84
1024,32768,32,16,1917.2
1024,32768,32,32,1916.18
1024,32768,32,64,1917.68
1024,32768,32,128,1916.95
1024,32768,32,256,1916.85
1024,32768,32,512,1922.76
1024,32768,32,1024,1927.12
1024,32768,32,2048,1938.59
1024,32768,32,4096,1955.53
1024,32768,32,8192,1992.16
1024,32768,32,16384,2055.52
1024,32768,32,32768,2198.52
1024,32768,64,16,1919.66
1024,32768,64,32,1918.42
1024,32768,64,64,1925.12
1024,32768,64,128,1931.02
1024,32768,64,256,1938.8
1024,32768,64,512,1939.52
1024,32768,64,1024,1948.98
1024,32768,64,2048,1964.81
1024,32768,64,4096,1999.3
1024,32768,64,8192,2079.32
1024,32768,64,16384,2211.01
1024,32768,64,32768,2473.63
1024,32768,128,16,1944.81
1024,32768,128,32,1938.23
1024,32768,128,64,1940.06
1024,32768,128,128,1949.08
1024,32768,128,256,1951.35
1024,32768,128,512,1960.31
1024,32768,128,1024,1977.27
1024,32768,128,2048,2009.67
1024,32768,128,4096,2080.97
1024,32768,128,8192,2220.31
1024,32768,128,16384,2492.78
1024,32768,128,32768,3019.18
2048,0,0,0,456.696
2048,0,1,16,462.497
2048,0,1,32,464.442
2048,0,1,64,464.589
2048,0,1,128,464.098
2048,0,1,256,464.579
2048,0,1,512,465.037
2048,0,1,1024,465.581
2048,0,1,2048,467.779
2048,0,1,4096,470.232
2048,0,1,8192,475.105
2048,0,1,16384,476.621
2048,0,1,32768,483.959
2048,0,2,16,462.168
2048,0,2,32,461.219
2048,0,2,64,464.3
2048,0,2,128,464.694
2048,0,2,256,466.146
2048,0,2,512,464.834
2048,0,2,1024,467.276
2048,0,2,2048,468.792
2048,0,2,4096,472.761
2048,0,2,8192,476.664
2048,0,2,16384,482.915
2048,0,2,32768,493.507
2048,0,4,16,461.677
2048,0,4,32,463.212
2048,0,4,64,464.077
2048,0,4,128,467.065
2048,0,4,256,467.023
2048,0,4,512,467.971
2048,0,4,1024,469.698
2048,0,4,2048,471.159
2048,0,4,4096,474.499
2048,0,4,8192,482.104
2048,0,4,16384,489.475
2048,0,4,32768,510.254
2048,0,8,16,463.702
2048,0,8,32,463.288
2048,0,8,64,464.675
2048,0,8,128,463.799
2048,0,8,256,464.907
2048,0,8,512,467.159
2048,0,8,1024,469.261
2048,0,8,2048,475.087
2048,0,8,4096,480.182
2048,0,8,8192,493.037
2048,0,8,16384,508.727
2048,0,8,32768,543.895
2048,0,16,16,468.333
2048,0,16,32,467.169
2048,0,16,64,470.775
2048,0,16,128,471.054
2048,0,16,256,472.791
2048,0,16,512,477.26
2048,0,16,1024,479.842
2048,0,16,2048,484.418
2048,0,16,4096,495.064
2048,0,16,8192,513.846
2048,0,16,16384,546.219
2048,0,16,32768,608.899
2048,0,32,16,485.998
2048,0,32,32,486.711
2048,0,32,64,490.136
2048,0,32,128,492.217
2048,0,32,256,494.989
2048,0,32,512,497.762
2048,0,32,1024,502.914
2048,0,32,2048,513.752
2048,0,32,4096,531.703
2048,0,32,8192,570.434
2048,0,32,16384,632.718
2048,0,32,32768,764.484
2048,0,64,16,506.905
2048,0,64,32,507.78
2048,0,64,64,509.423
2048,0,64,128,515.032
2048,0,64,256,519.417
2048,0,64,512,525.869
2048,0,64,1024,534.808
2048,0,64,2048,553.209
2048,0,64,4096,588.1
2048,0,64,8192,653.06
2048,0,64,16384,788.997
2048,0,64,32768,1057.71
2048,0,128,16,508.311
2048,0,128,32,510.412
2048,0,128,64,511.523
2048,0,128,128,514.457
2048,0,128,256,521.156
2048,0,128,512,530.264
2048,0,128,1024,549.666
2048,0,128,2048,583.032
2048,0,128,4096,650.113
2048,0,128,8192,786.2
2048,0,128,16384,1060.15
2048,0,128,32768,1595.8
2048,16,0,0,499.691
2048,16,1,16,503.907
2048,16,1,32,504.846
2048,16,1,64,505.518
2048,16,1,128,506.391
2048,16,1,256,506.574
2048,16,1,512,507.331
2048,16,1,1024,508.536
2048,16,1,2048,509.646
2048,16,1,4096,513.145
2048,16,1,8192,515.084
2048,16,1,16384,519.31
2048,16,1,32768,527.022
2048,16,2,16,505.902
2048,16,2,32,504.888
2048,16,2,64,506.211
2048,16,2,128,505.763
2048,16,2,256,508.004
2048,16,2,512,507.682
2048,16,2,1024,507.608
2048,16,2,2048,510.402
2048,16,2,4096,512.184
2048,16,2,8192,517.058
2048,16,2,16384,523.436
2048,16,2,32768,534.563
2048,16,4,16,504.824
2048,16,4,32,504.309
2048,16,4,64,506.199
2048,16,4,128,507.085
2048,16,4,256,505.838
2048,16,4,512,509.987
2048,16,4,1024,510.945
2048,16,4,2048,511.843
2048,16,4,4096,515.415
2048,16,4,8192,522.755
2048,16,4,16384,533.741
2048,16,4,32768,549.432
2048,16,8,16,504.985
2048,16,8,32,505.176
2048,16,8,64,506.956
2048,16,8,128,506.839
2048,16,8,256,507.139
2048,16,8,512,511.318
2048,16,8,1024,512.558
2048,16,8,2048,516.918
2048,16,8,4096,522.787
2048,16,8,8192,532.46
2048,16,8,16384,552.247
2048,16,8,32768,582.19
2048,16,16,16,508.877
2048,16,16,32,508.929
2048,16,16,64,512.533
2048,16,16,128,513.035
2048,16,16,256,514.231
2048,16,16,512,516.366
2048,16,16,1024,521.389
2048,16,16,2048,525.516
2048,16,16,4096,535.499
2048,16,16,8192,554.775
2048,16,16,16384,587.907
2048,16,16,32768,651.875
2048,16,32,16,529.986
2048,16,32,32,529.155
2048,16,32,64,533.678
2048,16,32,128,533.495
2048,16,32,256,536.546
2048,16,32,512,540.684
2048,16,32,1024,543.533
2048,16,32,2048,554.262
2048,16,32,4096,573.197
2048,16,32,8192,608.205
2048,16,32,16384,673.252
2048,16,32,32768,806.958
2048,16,64,16,549.26
2048,16,64,32,548.644
2048,16,64,64,551.971
2048,16,64,128,557.891
2048,16,64,256,560.654
2048,16,64,512,565.773
2048,16,64,1024,576.814
2048,16,64,2048,593.484
2048,16,64,4096,629.538
2048,16,64,8192,694.661
2048,16,64,16384,830.083
2048,16,64,32768,1098.82
2048,16,128,16,551.568
2048,16,128,32,549.795
2048,16,128,64,554.21
2048,16,128,128,556.121
2048,16,128,256,563.225
2048,16,128,512,571.8
2048,16,128,1024,590.501
2048,16,128,2048,626.532
2048,16,128,4096,693.017
2048,16,128,8192,827.479
2048,16,128,16384,1097.25
2048,16,128,32768,1639.08
2048,32,0,0,500.418
2048,32,1,16,505.006
2048,32,1,32,507.671
2048,32,1,64,506.585
2048,32,1,128,508.802
2048,32,1,256,505.496
2048,32,1,512,508.12
2048,32,1,1024,508.344
2048,32,1,2048,512.013
2048,32,1,4096,512.621
2048,32,1,8192,516.95
2048,32,1,16384,520.472
2048,32,1,32768,527.585
2048,32,2,16,504.397
2048,32,2,32,505.838
2048,32,2,64,507.001
2048,32,2,128,506.827
2048,32,2,256,506.948
2048,32,2,512,507.8
2048,32,2,1024,509.08
2048,32,2,2048,511.724
2048,32,2,4096,513.069
2048,32,2,8192,517.442
2048,32,2,16384,524.792
2048,32,2,32768,533.944
2048,32,4,16,504.353
2048,32,4,32,504.717
2048,32,4,64,506.55
2048,32,4,128,507.608
2048,32,4,256,507.79
2048,32,4,512,508.77
2048,32,4,1024,509.625
2048,32,4,2048,513.688
2048,32,4,4096,515.609
2048,32,4,8192,523.872
2048,32,4,16384,532.665
2048,32,4,32768,550.39
2048,32,8,16,504.654
2048,32,8,32,505.443
2048,32,8,64,507.342
2048,32,8,128,506.947
2048,32,8,256,508.236
2048,32,8,512,510.114
2048,32,8,1024,515.928
2048,32,8,2048,517.231
2048,32,8,4096,524.219
2048,32,8,8192,534.956
2048,32,8,16384,551.171
2048,32,8,32768,585.272
2048,32,16,16,509.687
2048,32,16,32,509.41
2048,32,16,64,512.215
2048,32,16,128,513.676
2048,32,16,256,514.326
2048,32,16,512,517.954
2048,32,16,1024,523.214
2048,32,16,2048,525.185
2048,32,16,4096,535.312
2048,32,16,8192,553.783
2048,32,16,16384,588.783
2048,32,16,32768,652.025
2048,32,32,16,529.082
2048,32,32,32,530.381
2048,32,32,64,533.239
2048,32,32,128,533.592
2048,32,32,256,535.382
2048,32,32,512,538.935
2048,32,32,1024,545.56
2048,32,32,2048,555.69
2048,32,32,4096,573.879
2048,32,32,8192,609.154
2048,32,32,16384,672.548
2048,32,32,32768,807.023
2048,32,64,16,552.046
2048,32,64,32,550.637
2048,32,64,64,552.344
2048,32,64,128,558.253
2048,32,64,256,560.889
2048,32,64,512,566.134
2048,32,64,1024,576.227
2048,32,64,2048,594.617
2048,32,64,4096,632.386
2048,32,64,8192,696.196
2048,32,64,16384,829.241
2048,32,64,32768,1102.6
2048,32,128,16,550.881
2048,32,128,32,554.209
2048,32,128,64,557.666
2048,32,128,128,558.17
2048,32,128,256,561.603
2048,32,128,512,571.886
2048,32,128,1024,589.722
2048,32,128,2048,626.179
2048,32,128,4096,691.79
2048,32,128,8192,830.181
2048,32,128,16384,1097.42
2048,32,128,32768,1637.83
2048,64,0,0,501.089
2048,64,1,16,504.985
2048,64,1,32,504.086
2048,64,1,64,506.363
2048,64,1,128,509.9
2048,64,1,256,507.395
2048,64,1,512,509.518
2048,64,1,1024,507.958
2048,64,1,2048,510.584
2048,64,1,4096,513.09
2048,64,1,8192,515.768
2048,64,1,16384,521.295
2048,64,1,32768,526.191
2048,64,2,16,505.656
2048,64,2,32,505.645
2048,64,2,64,506.157
2048,64,2,128,506.827
2048,64,2,256,508.632
2048,64,2,512,508.323
2048,64,2,1024,508.728
2048,64,2,2048,510.89
2048,64,2,4096,513.028
2048,64,2,8192,516.844
2048,64,2,16384,522.926
2048,64,2,32768,534.85
2048,64,4,16,504.856
2048,64,4,32,506.403
2048,64,4,64,509.753
2048,64,4,128,507.533
2048,64,4,256,510.156
2048,64,4,512,507.608
2048,64,4,1024,510.882
2048,64,4,2048,512.343
2048,64,4,4096,517.648
2048,64,4,8192,522.69
2048,64,4,16384,533.026
2048,64,4,32768,552.57
2048,64,8,16,505.614
2048,64,8,32,505.441
2048,64,8,64,507.66
2048,64,8,128,507.861
2048,64,8,256,508.111
2048,64,8,512,509.751
2048,64,8,1024,513.005
2048,64,8,2048,518.765
2048,64,8,4096,523.202
2048,64,8,8192,534.084
2048,64,8,16384,551.094
2048,64,8,32768,585.248
2048,64,16,16,509.433
2048,64,16,32,509.719
2048,64,16,64,512.087
2048,64,16,128,514.114
2048,64,16,256,514.646
2048,64,16,512,517.941
2048,64,16,1024,521.754
2048,64,16,2048,527.468
2048,64,16,4096,536.258
2048,64,16,8192,554.617
2048,64,16,16384,586.989
2048,64,16,32768,650.958
2048,64,32,16,528.556
2048,64,32,32,530.018
2048,64,32,64,532.833
2048,64,32,128,535.074
2048,64,32,256,537.847
2048,64,32,512,540.032
2048,64,32,1024,545.688
2048,64,32,2048,554.191
2048,64,32,4096,574.019
2048,64,32,8192,607.513
2048,64,32,16384,673.774
2048,64,32,32768,807.394
2048,64,64,16,550.286
2048,64,64,32,549.721
2048,64,64,64,552.761
2048,64,64,128,560.14
2048,64,64,256,560.664
2048,64,64,512,566.573
2048,64,64,1024,576.364
2048,64,64,2048,595.973
2048,64,64,4096,629.089
2048,64,64,8192,694.192
2048,64,64,16384,831.93
2048,64,64,32768,1104.12
2048,64,128,16,551.363
2048,64,128,32,550.861
2048,64,128,64,554.927
2048,64,128,128,555.82
2048,64,128,256,562.68
2048,64,128,512,573.559
2048,64,128,1024,589.486
2048,64,128,2048,626.392
2048,64,128,4096,691.098
2048,64,128,8192,829.403
2048,64,128,16384,1107.44
2048,64,128,32768,1644.22
2048,128,0,0,501.41
2048,128,1,16,506.84
2048,128,1,32,505.879
2048,128,1,64,507.504
2048,128,1,128,508.674
2048,128,1,256,507.661
2048,128,1,512,507.374
2048,128,1,1024,510.829
2048,128,1,2048,512.1
2048,128,1,4096,514.391
2048,128,1,8192,517.741
2048,128,1,16384,521.038
2048,128,1,32768,525.763
2048,128,2,16,505.922
2048,128,2,32,507.491
2048,128,2,64,506.584
2048,128,2,128,508.526
2048,128,2,256,508.089
2048,128,2,512,509.155
2048,128,2,1024,509.1
2048,128,2,2048,512.056
2048,128,2,4096,514.371
2048,128,2,8192,517.144
2048,128,2,16384,524.375
2048,128,2,32768,535.567
2048,128,4,16,505.281
2048,128,4,32,505.974
2048,128,4,64,507.884
2048,128,4,128,506.827
2048,128,4,256,508.29
2048,128,4,512,509.111
2048,128,4,1024,510.947
2048,128,4,2048,514.03
2048,128,4,4096,516.707
2048,128,4,8192,524.387
2048,128,4,16384,533.06
2048,128,4,32768,553.209
2048,128,8,16,506.765
2048,128,8,32,506.829
2048,128,8,64,508.386
2048,128,8,128,509.454
2048,128,8,256,509.166
2048,128,8,512,511.235
2048,128,8,1024,514.211
2048,128,8,2048,517.751
2048,128,8,4096,524.29
2048,128,8,8192,535.735
2048,128,8,16384,550.828
2048,128,8,32768,586.104
2048,128,16,16,510.818
2048,128,16,32,511.025
2048,128,16,64,512.899
2048,128,16,128,513.314
2048,128,16,256,516.492
2048,128,16,512,519.257
2048,128,16,1024,522.094
2048,128,16,2048,527.894
2048,128,16,4096,536.803
2048,128,16,8192,556.439
2048,128,16,16384,592.239
2048,128,16,32768,652.816
2048,128,32,16,532.472
2048,128,32,32,529.784
2048,128,32,64,533.293
2048,128,32,128,534.476
2048,128,32,256,538.017
2048,128,32,512,542.104
2048,128,32,1024,546.895
2048,128,32,2048,555.289
2048,128,32,4096,572.964
2048,128,32,8192,607.994
2048,128,32,16384,675.577
2048,128,32,32768,807.801
2048,128,64,16,550.606
2048,128,64,32,550.755
2048,128,64,64,553.818
2048,128,64,128,559.617
2048,128,64,256,561.573
2048,128,64,512,566.991
2048,128,64,1024,576.72
2048,128,64,2048,595.162
2048,128,64,4096,630.862
2048,128,64,8192,694.562
2048,128,64,16384,832.113
2048,128,64,32768,1107.62
2048,128,128,16,553.189
2048,128,128,32,551.045
2048,128,128,64,557.381
2048,128,128,128,557.593
2048,128,128,256,562.573
2048,128,128,512,573.273
2048,128,128,1024,592.429
2048,128,128,2048,623.992
2048,128,128,4096,695.962
2048,128,128,8192,829.883
2048,128,128,16384,1102.12
2048,128,128,32768,1644.35
2048,256,0,0,512.696
2048,256,1,16,516.932
2048,256,1,32,515.683
2048,256,1,64,518.531
2048,256,1,128,518.915
2048,256,1,256,517.388
2048,256,1,512,518.444
2048,256,1,1024,520.229
2048,256,1,2048,525.753
2048,256,1,4096,524.459
2048,256,1,8192,527.491
2048,256,1,16384,531.564
2048,256,1,32768,537.688
2048,256,2,16,516.217
2048,256,2,32,517.455
2048,256,2,64,518.959
2048,256,2,128,518.743
2048,256,2,256,519.395
2048,256,2,512,519.781
2048,256,2,1024,521.123
2048,256,2,2048,523.353
2048,256,2,4096,525.591
2048,256,2,8192,530.127
2048,256,2,16384,535.812
2048,256,2,32768,546.404
2048,256,4,16,517.371
2048,256,4,32,518.605
2048,256,4,64,518.106
2048,256,4,128,518.404
2048,256,4,256,521.625
2048,256,4,512,520.034
2048,256,4,1024,521.391
2048,256,4,2048,525.39
2048,256,4,4096,528.847
2048,256,4,8192,533.773
2048,256,4,16384,546.083
2048,256,4,32768,562.807
2048,256,8,16,515.78
2048,256,8,32,515.844
2048,256,8,64,520.058
2048,256,8,128,518.542
2048,256,8,256,520.396
2048,256,8,512,522.512
2048,256,8,1024,524.44
2048,256,8,2048,528.397
2048,256,8,4096,534.926
2048,256,8,8192,545.166
2048,256,8,16384,561.283
2048,256,8,32768,595.61
2048,256,16,16,521.231
2048,256,16,32,520.11
2048,256,16,64,527.224
2048,256,16,128,526.157
2048,256,16,256,526.692
2048,256,16,512,529.42
2048,256,16,1024,531.075
2048,256,16,2048,537.869
2048,256,16,4096,549.476
2048,256,16,8192,567.352
2048,256,16,16384,599.556
2048,256,16,32768,664.685
2048,256,32,16,542.019
2048,256,32,32,543.511
2048,256,32,64,546.01
2048,256,32,128,546.181
2048,256,32,256,548.45
2048,256,32,512,552.089
2048,256,32,1024,557.698
2048,256,32,2048,567.853
2048,256,32,4096,586.199
2048,256,32,8192,620.441
2048,256,32,16384,685.465
2048,256,32,32768,818.596
2048,256,64,16,561.264
2048,256,64,32,561.742
2048,256,64,64,565.273
2048,256,64,128,569.166
2048,256,64,256,571.491
2048,256,64,512,576.9
2048,256,64,1024,588.035
2048,256,64,2048,605.913
2048,256,64,4096,641.935
2048,256,64,8192,706.746
2048,256,64,16384,841.326
2048,256,64,32768,1120.09
2048,256,128,16,564.482
2048,256,128,32,566.191
2048,256,128,64,568.557
2048,256,128,128,574.433
2048,256,128,256,573.893
2048,256,128,512,584.058
2048,256,128,1024,603.217
2048,256,128,2048,635.768
2048,256,128,4096,701.827
2048,256,128,8192,842.85
2048,256,128,16384,1118.19
2048,256,128,32768,1658.2
2048,512,0,0,530.821
2048,512,1,16,536.632
2048,512,1,32,539.318
2048,512,1,64,538.306
2048,512,1,128,537.764
2048,512,1,256,538.735
2048,512,1,512,540.516
2048,512,1,1024,539.855
2048,512,1,2048,541.709
2048,512,1,4096,544.241
2048,512,1,8192,548.899
2048,512,1,16384,552.472
2048,512,1,32768,557.486
2048,512,2,16,536.175
2048,512,2,32,535.173
2048,512,2,64,538.509
2048,512,2,128,539.148
2048,512,2,256,539.587
2048,512,2,512,539.181
2048,512,2,1024,540.771
2048,512,2,2048,542.988
2048,512,2,4096,546.135
2048,512,2,8192,549.114
2048,512,2,16384,554.435
2048,512,2,32768,563.8
2048,512,4,16,535.885
2048,512,4,32,538.286
2048,512,4,64,539.076
2048,512,4,128,539.224
2048,512,4,256,537.476
2048,512,4,512,539.427
2048,512,4,1024,542.211
2048,512,4,2048,544.864
2048,512,4,4096,551.749
2048,512,4,8192,555.642
2048,512,4,16384,564.792
2048,512,4,32768,584.281
2048,512,8,16,537.454
2048,512,8,32,538.756
2048,512,8,64,538.939
2048,512,8,128,538.68
2048,512,8,256,540.099
2048,512,8,512,540.749
2048,512,8,1024,545.113
2048,512,8,2048,549.08
2048,512,8,4096,558.5
2048,512,8,8192,563.961
2048,512,8,16384,581.101
2048,512,8,32768,615.95
2048,512,16,16,542.114
2048,512,16,32,541.591
2048,512,16,64,544.997
2048,512,16,128,543.652
2048,512,16,256,547.937
2048,512,16,512,549.4
2048,512,16,1024,552.781
2048,512,16,2048,558.242
2048,512,16,4096,568.931
2048,512,16,8192,586.554
2048,512,16,16384,618.862
2048,512,16,32768,681.124
2048,512,32,16,562.927
2048,512,32,32,560.973
2048,512,32,64,564.57
2048,512,32,128,565.465
2048,512,32,256,568.569
2048,512,32,512,572.994
2048,512,32,1024,577.795
2048,512,32,2048,586.019
2048,512,32,4096,602.926
2048,512,32,8192,639.886
2048,512,32,16384,705.679
2048,512,32,32768,845.167
2048,512,64,16,581.208
2048,512,64,32,581.327
2048,512,64,64,583.898
2048,512,64,128,590.287
2048,512,64,256,591.512
2048,512,64,512,597.645
2048,512,64,1024,610.82
2048,512,64,2048,625.135
2048,512,64,4096,664.252
2048,512,64,8192,725.316
2048,512,64,16384,865.946
2048,512,64,32768,1146.65
2048,512,128,16,582.488
2048,512,128,32,582.381
2048,512,128,64,585.657
2048,512,128,128,588.237
2048,512,128,256,592.505
2048,512,128,512,602.658
2048,512,128,1024,621.134
2048,512,128,2048,658.125
2048,512,128,4096,730.626
2048,512,128,8192,865.112
2048,512,128,16384,1148.67
2048,512,128,32768,1683.96
2048,1024,0,0,567.803
2048,1024,1,16,574.648
2048,1024,1,32,573.337
2048,1024,1,64,574.692
2048,1024,1,128,576.122
2048,1024,1,256,576.451
2048,1024,1,512,575.343
2048,1024,1,1024,577.583
2048,1024,1,2048,578.285
2048,1024,1,4096,582.638
2048,1024,1,8192,584.909
2048,1024,1,16384,588.152
2048,1024,1,32768,595.49
2048,1024,2,16,574.284
2048,1024,2,32,573.56
2048,1024,2,64,576.737
2048,1024,2,128,575.576
2048,1024,2,256,575.588
2048,1024,2,512,576.036
2048,1024,2,1024,577.827
2048,1024,2,2048,578.874
2048,1024,2,4096,582.722
2048,1024,2,8192,585.988
2048,1024,2,16384,591.798
2048,1024,2,32768,602.128
2048,1024,4,16,574.007
2048,1024,4,32,573.324
2048,1024,4,64,575.726
2048,1024,4,128,576.069
2048,1024,4,256,577.613
2048,1024,4,512,576.854
2048,1024,4,1024,580.1
2048,1024,4,2048,581.893
2048,1024,4,4096,585.882
2048,1024,4,8192,591.599
2048,1024,4,16384,601.922
2048,1024,4,32768,621.357
2048,1024,8,16,574.702
2048,1024,8,32,574.456
2048,1024,8,64,575.279
2048,1024,8,128,576.695
2048,1024,8,256,576.567
2048,1024,8,512,581.26
2048,1024,8,1024,583.992
2048,1024,8,2048,584.463
2048,1024,8,4096,591.257
2048,1024,8,8192,603.098
2048,1024,8,16384,620.929
2048,1024,8,32768,656.623
2048,1024,16,16,579.737
2048,1024,16,32,582.051
2048,1024,16,64,581.55
2048,1024,16,128,582.288
2048,1024,16,256,584.386
2048,1024,16,512,588.262
2048,1024,16,1024,589.762
2048,1024,16,2048,598.617
2048,1024,16,4096,605.499
2048,1024,16,8192,622.094
2048,1024,16,16384,657.582
2048,1024,16,32768,719.415
2048,1024,32,16,597.915
2048,1024,32,32,598.711
2048,1024,32,64,602.177
2048,1024,32,128,603.331
2048,1024,32,256,605.743
2048,1024,32,512,608.803
2048,1024,32,1024,612.761
2048,1024,32,2048,624.985
2048,1024,32,4096,641.932
2048,1024,32,8192,678.403
2048,1024,32,16384,744.952
2048,1024,32,32768,881.881
2048,1024,64,16,620.376
2048,1024,64,32,617.581
2048,1024,64,64,621.144
2048,1024,64,128,627.182
2048,1024,64,256,629.495
2048,1024,64,512,635.766
2048,1024,64,1024,646.02
2048,1024,64,2048,665.124
2048,1024,64,4096,698.672
2048,1024,64,8192,764.569
2048,1024,64,16384,906.127
2048,1024,64,32768,1179.52
2048,1024,128,16,622.531
2048,1024,128,32,619.65
2048,1024,128,64,623.822
2048,1024,128,128,625.379
2048,1024,128,256,633.999
2048,1024,128,512,640.28
2048,1024,128,1024,660.335
2048,1024,128,2048,693.326
2048,1024,128,4096,761.059
2048,1024,128,8192,900.921
2048,1024,128,16384,1182.52
2048,1024,128,32768,1714.53
2048,2048,0,0,640.548
2048,2048,1,16,651.429
2048,2048,1,32,651.054
2048,2048,1,64,653.23
2048,2048,1,128,655.088
2048,2048,1,256,653.123
2048,2048,1,512,655.033
2048,2048,1,1024,656.356
2048,2048,1,2048,657.358
2048,2048,1,4096,660.524
2048,2048,1,8192,662.425
2048,2048,1,16384,669.861
2048,2048,1,32768,672.557
2048,2048,2,16,651.139
2048,2048,2,32,650.83
2048,2048,2,64,652.665
2048,2048,2,128,653.785
2048,2048,2,256,652.931
2048,2048,2,512,654.841
2048,2048,2,1024,655.824
2048,2048,2,2048,660.324
2048,2048,2,4096,659.302
2048,2048,2,8192,666.853
2048,2048,2,16384,672.185
2048,2048,2,32768,679.856
2048,2048,4,16,653.496
2048,2048,4,32,650.17
2048,2048,4,64,653.763
2048,2048,4,128,653.689
2048,2048,4,256,654.095
2048,2048,4,512,655.735
2048,2048,4,1024,657.102
2048,2048,4,2048,659.694
2048,2048,4,4096,662.286
2048,2048,4,8192,670.327
2048,2048,4,16384,680.035
2048,2048,4,32768,695.93
2048,2048,8,16,652.07
2048,2048,8,32,652.656
2048,2048,8,64,653.432
2048,2048,8,128,654.04
2048,2048,8,256,653.901
2048,2048,8,512,655.332
2048,2048,8,1024,659.728
2048,2048,8,2048,662.936
2048,2048,8,4096,668.867
2048,2048,8,8192,680.612
2048,2048,8,16384,697.444
2048,2048,8,32768,729.273
2048,2048,16,16,656.603
2048,2048,16,32,656.535
2048,2048,16,64,659.887
2048,2048,16,128,661.339
2048,2048,16,256,663.472
2048,2048,16,512,663.607
2048,2048,16,1024,667.277
2048,2048,16,2048,672.845
2048,2048,16,4096,681.445
2048,2048,16,8192,701.594
2048,2048,16,16384,734.734
2048,2048,16,32768,801.786
2048,2048,32,16,677.806
2048,2048,32,32,676.461
2048,2048,32,64,680.409
2048,2048,32,128,683.492
2048,2048,32,256,684.067
2048,2048,32,512,685.217
2048,2048,32,1024,691.276
2048,2048,32,2048,700.761
2048,2048,32,4096,719.578
2048,2048,32,8192,752.888
2048,2048,32,16384,816.74
2048,2048,32,32768,956.453
2048,2048,64,16,696.769
2048,2048,64,32,697.2
2048,2048,64,64,698.319
2048,2048,64,128,705.187
2048,2048,64,256,707.619
2048,2048,64,512,714.691
2048,2048,64,1024,722.018
2048,2048,64,2048,741.956
2048,2048,64,4096,773.839
2048,2048,64,8192,842.946
2048,2048,64,16384,976.187
2048,2048,64,32768,1245.61
2048,2048,128,16,697.093
2048,2048,128,32,700.847
2048,2048,128,64,699.756
2048,2048,128,128,704.464
2048,2048,128,256,710.372
2048,2048,128,512,720.517
2048,2048,128,1024,741.583
2048,2048,128,2048,772.345
2048,2048,128,4096,837.457
2048,2048,128,8192,975.162
2048,2048,128,16384,1241.12
2048,2048,128,32768,1780.59
2048,4096,0,0,793.957
2048,4096,1,16,806.051
2048,4096,1,32,804.175
2048,4096,1,64,806.339
2048,4096,1,128,806.405
2048,4096,1,256,807.406
2048,4096,1,512,807.095
2048,4096,1,1024,807.951
2048,4096,1,2048,809.733
2048,4096,1,4096,817.389
2048,4096,1,8192,820.976
2048,4096,1,16384,818.587
2048,4096,1,32768,826.375
2048,4096,2,16,806.785
2048,4096,2,32,806.233
2048,4096,2,64,807.14
2048,4096,2,128,806.499
2048,4096,2,256,806.299
2048,4096,2,512,808.582
2048,4096,2,1024,809.529
2048,4096,2,2048,808.549
2048,4096,2,4096,815.001
2048,4096,2,8192,817.914
2048,4096,2,16384,822.597
2048,4096,2,32768,832.749
2048,4096,4,16,805.04
2048,4096,4,32,805.008
2048,4096,4,64,807.216
2048,4096,4,128,807.151
2048,4096,4,256,807.366
2048,4096,4,512,807.983
2048,4096,4,1024,810.938
2048,4096,4,2048,812.708
2048,4096,4,4096,818.149
2048,4096,4,8192,823.111
2048,4096,4,16384,830.948
2048,4096,4,32768,849.018
2048,4096,8,16,804.687
2048,4096,8,32,808.379
2048,4096,8,64,806.233
2048,4096,8,128,807.588
2048,4096,8,256,807.876
2048,4096,8,512,809.998
2048,4096,8,1024,816.624
2048,4096,8,2048,821.784
2048,4096,8,4096,827.162
2048,4096,8,8192,833.295
2048,4096,8,16384,850.35
2048,4096,8,32768,882.181
2048,4096,16,16,809.06
2048,4096,16,32,811.869
2048,4096,16,64,816.038
2048,4096,16,128,816.996
2048,4096,16,256,820.646
2048,4096,16,512,820.836
2048,4096,16,1024,824.506
2048,4096,16,2048,826.265
2048,4096,16,4096,836.686
2048,4096,16,8192,853.786
2048,4096,16,16384,888.57
2048,4096,16,32768,951.729
2048,4096,32,16,830.799
2048,4096,32,32,829.957
2048,4096,32,64,837.627
2048,4096,32,128,838.811
2048,4096,32,256,837.626
2048,4096,32,512,841.605
2048,4096,32,1024,849.146
2048,4096,32,2048,855.418
2048,4096,32,4096,875.973
2048,4096,32,8192,906.117
2048,4096,32,16384,971.43
2048,4096,32,32768,1104.82
2048,4096,64,16,849.799
2048,4096,64,32,850.286
2048,4096,64,64,851.494
2048,4096,64,128,858.224
2048,4096,64,256,860.538
2048,4096,64,512,866.831
2048,4096,64,1024,878.331
2048,4096,64,2048,894.695
2048,4096,64,4096,929.967
2048,4096,64,8192,994.418
2048,4096,64,16384,1131.34
2048,4096,64,32768,1398.64
2048,4096,128,16,849.649
2048,4096,128,32,852.205
2048,4096,128,64,852.816
2048,4096,128,128,861.521
2048,4096,128,256,862.277
2048,4096,128,512,873.796
2048,4096,128,1024,891.846
2048,4096,128,2048,922.94
2048,4096,128,4096,990.599
2048,4096,128,8192,1128.99
2048,4096,128,16384,1393.5
2048,4096,128,32768,1931.87
2048,8192,0,0,1088.96
2048,8192,1,16,1095.23
2048,8192,1,32,1095.78
2048,8192,1,64,1100.39
2048,8192,1,128,1098.15
2048,8192,1,256,1098.78
2048,8192,1,512,1098.62
2048,8192,1,1024,1100.11
2048,8192,1,2048,1102.28
2048,8192,1,4096,1104.16
2048,8192,1,8192,1110.45
2048,8192,1,16384,1111.81
2048,8192,1,32768,1115.42
2048,8192,2,16,1096.35
2048,8192,2,32,1095.1
2048,8192,2,64,1098.64
2048,8192,2,128,1101.46
2048,8192,2,256,1099.2
2048,8192,2,512,1098.78
2048,8192,2,1024,1100.44
2048,8192,2,2048,1101.89
2048,8192,2,4096,1106.97
2048,8192,2,8192,1109.43
2048,8192,2,16384,1116.54
2048,8192,2,32768,1124.82
2048,8192,4,16,1095.25
2048,8192,4,32,1099
2048,8192,4,64,1098.29
2048,8192,4,128,1098.92
2048,8192,4,256,1099.03
2048,8192,4,512,1108.03
2048,8192,4,1024,1098.93
2048,8192,4,2048,1102.91
2048,8192,4,4096,1107.33
2048,8192,4,8192,1113.88
2048,8192,4,16384,1121.48
2048,8192,4,32768,1140.13
2048,8192,8,16,1096.1
2048,8192,8,32,1096.64
2048,8192,8,64,1100.17
2048,8192,8,128,1103.83
2048,8192,8,256,1098.35
2048,8192,8,512,1105.02
2048,8192,8,1024,1106.06
2048,8192,8,2048,1109.75
2048,8192,8,4096,1115.65
2048,8192,8,8192,1126.66
2048,8192,8,16384,1141.22
2048,8192,8,32768,1170.96
2048,8192,16,16,1101.32
2048,8192,16,32,1100.2
2048,8192,16,64,1108.13
2048,8192,16,128,1108.87
2048,8192,16,256,1107.87
2048,8192,16,512,1114.22
2048,8192,16,1024,1116.82
2048,8192,16,2048,1120.92
2048,8192,16,4096,1130.89
2048,8192,16,8192,1143.35
2048,8192,16,16384,1178.12
2048,8192,16,32768,1250.43
2048,8192,32,16,1119.21
2048,8192,32,32,1119.74
2048,8192,32,64,1129.14
2048,8192,32,128,1130.35
2048,8192,32,256,1131.68
2048,8192,32,512,1129.93
2048,8192,32,1024,1138.41
2048,8192,32,2048,1143.49
2048,8192,32,4096,1160.96
2048,8192,32,8192,1198.04
2048,8192,32,16384,1267.49
2048,8192,32,32768,1406.25
2048,8192,64,16,1146.33
2048,8192,64,32,1141.17
2048,8192,64,64,1145.52
2048,8192,64,128,1151.37
2048,8192,64,256,1151.44
2048,8192,64,512,1156.85
2048,8192,64,1024,1167.36
2048,8192,64,2048,1188.6
2048,8192,64,4096,1221.7
2048,8192,64,8192,1291.64
2048,8192,64,16384,1430.03
2048,8192,64,32768,1692.88
2048,8192,128,16,1145.15
2048,8192,128,32,1141.74
2048,8192,128,64,1146.92
2048,8192,128,128,1149.56
2048,8192,128,256,1154.51
2048,8192,128,512,1160.78
2048,8192,128,1024,1183.33
2048,8192,128,2048,1219.03
2048,8192,128,4096,1288.93
2048,8192,128,8192,1421.17
2048,8192,128,16384,1690.11
2048,8192,128,32768,2228.05
2048,16384,0,0,1698.26
2048,16384,1,16,1703.41
2048,16384,1,32,1700.05
2048,16384,1,64,1708.66
2048,16384,1,128,1701.65
2048,16384,1,256,1697.83
2048,16384,1,512,1701.36
2048,16384,1,1024,1705.46
2048,16384,1,2048,1704.6
2048,16384,1,4096,1707.39
2048,16384,1,8192,1713.7
2048,16384,1,16384,1721.48
2048,16384,1,32768,1719.58
2048,16384,2,16,1698.48
2048,16384,2,32,1703.47
2048,16384,2,64,1700.95
2048,16384,2,128,1702.43
2048,16384,2,256,1700.86
2048,16384,2,512,1703.54
2048,16384,2,1024,1707.7
2048,16384,2,2048,1710.79
2048,16384,2,4096,1708.36
2048,16384,2,8192,1710.35
2048,16384,2,16384,1718.2
2048,16384,2,32768,1730.23
2048,16384,4,16,1699.31
2048,16384,4,32,1699.75
2048,16384,4,64,1701.84
2048,16384,4,128,1709.29
2048,16384,4,256,1703.83
2048,16384,4,512,1701.58
2048,16384,4,1024,1701.2
2048,16384,4,2048,1712.8
2048,16384,4,4096,1711.19
2048,16384,4,8192,1719.39
2048,16384,4,16384,1727.97
2048,16384,4,32768,1749.57
2048,16384,8,16,1705.36
2048,16384,8,32,1701.2
2048,16384,8,64,1707.02
2048,16384,8,128,1701.25
2048,16384,8,256,1700.26
2048,16384,8,512,1703.48
2048,16384,8,1024,1708.03
2048,16384,8,2048,1708.57
2048,16384,8,4096,1716.26
2048,16384,8,8192,1724.28
2048,16384,8,16384,1741.16
2048,16384,8,32768,1776.92
2048,16384,16,16,1703.77
2048,16384,16,32,1703.53
2048,16384,16,64,1704.51
2048,16384,16,128,1705.5
2048,16384,16,256,1713.89
2048,16384,16,512,1713.74
2048,16384,16,1024,1723.11
2048,16384,16,2048,1720.33
2048,16384,16,4096,1727.6
2048,16384,16,8192,1749.39
2048,16384,16,16384,1779.61
2048,16384,16,32768,1847.67
2048,16384,32,16,1721.73
2048,16384,32,32,1722.12
2048,16384,32,64,1727.08
2048,16384,32,128,1728.6
2048,16384,32,256,1729.91
2048,16384,32,512,1732.87
2048,16384,32,1024,1736.7
2048,16384,32,2048,1745.71
2048,16384,32,4096,1767.32
2048,16384,32,8192,1801.1
2048,16384,32,16384,1872.76
2048,16384,32,32768,2007.42
2048,16384,64,16,1747.87
2048,16384,64,32,1743.59
2048,16384,64,64,1744.48
2048,16384,64,128,1757.61
2048,16384,64,256,1761.14
2048,16384,64,512,1764.13
2048,16384,64,1024,1773.43
2048,16384,64,2048,1791.49
2048,16384,64,4096,1821.06
2048,16384,64,8192,1891.16
2048,16384,64,16384,2031.15
2048,16384,64,32768,2298.48
2048,16384,128,16,1753.72
2048,16384,128,32,1755.82
2048,16384,128,64,1754.57
2048,16384,128,128,1752.45
2048,16384,128,256,1754.12
2048,16384,128,512,1764.76
2048,16384,128,1024,1785.18
2048,16384,128,2048,1820.53
2048,16384,128,4096,1895.24
2048,16384,128,8192,2030.13
2048,16384,128,16384,2296.54
2048,16384,128,32768,2829.49
2048,32768,0,0,2876.02
2048,32768,1,16,2879.23
2048,32768,1,32,2881.54
2048,32768,1,64,2878.75
2048,32768,1,128,2882.76
2048,32768,1,256,2893.09
2048,32768,1,512,2882.09
2048,32768,1,1024,2882.46
2048,32768,1,2048,2883.56
2048,32768,1,4096,2887.49
2048,32768,1,8192,2890.23
2048,32768,1,16384,2894.65
2048,32768,1,32768,2903.46
2048,32768,2,16,2888.35
2048,32768,2,32,2891.42
2048,32768,2,64,2887.98
2048,32768,2,128,2891.63
2048,32768,2,256,2883.61
2048,32768,2,512,2881.54
2048,32768,2,1024,2881.25
2048,32768,2,2048,2894.04
2048,32768,2,4096,2890.3
2048,32768,2,8192,2888.74
2048,32768,2,16384,2898.82
2048,32768,2,32768,2906.04
2048,32768,4,16,2885.83
2048,32768,4,32,2879.85
2048,32768,4,64,2880.63
2048,32768,4,128,2889.2
2048,32768,4,256,2885.11
2048,32768,4,512,2884.34
2048,32768,4,1024,2884.73
2048,32768,4,2048,2886.26
2048,32768,4,4096,2889.74
2048,32768,4,8192,2895.58
2048,32768,4,16384,2904.55
2048,32768,4,32768,2924.33
2048,32768,8,16,2884.52
2048,32768,8,32,2879.68
2048,32768,8,64,2880.34
2048,32768,8,128,2883.66
2048,32768,8,256,2887.87
2048,32768,8,512,2882.59
2048,32768,8,1024,2890.45
2048,32768,8,2048,2892.93
2048,32768,8,4096,2896.98
2048,32768,8,8192,2907.89
2048,32768,8,16384,2932.26
2048,32768,8,32768,2954.6
2048,32768,16,16,2885.15
2048,32768,16,32,2884.38
2048,32768,16,64,2886.35
2048,32768,16,128,2887.25
2048,32768,16,256,2890.5
2048,32768,16,512,2897.66
2048,32768,16,1024,2898.62
2048,32768,16,2048,2906.64
2048,32768,16,4096,2911.39
2048,32768,16,8192,2925.13
2048,32768,16,16384,2960.71
2048,32768,16,32768,3032.4
2048,32768,32,16,2903.88
2048,32768,32,32,2902.75
2048,32768,32,64,2908.03
2048,32768,32,128,2910.55
2048,32768,32,256,2914.35
2048,32768,32,512,2916.2
2048,32768,32,1024,2923.98
2048,32768,32,2048,2929.73
2048,32768,32,4096,2947.07
2048,32768,32,8192,2980.6
2048,32768,32,16384,3054.26
2048,32768,32,32768,3191.54
2048,32768,64,16,2927.5
2048,32768,64,32,2934.92
2048,32768,64,64,2928.65
2048,32768,64,128,2933.9
2048,32768,64,256,2938.16
2048,32768,64,512,2942.73
2048,32768,64,1024,2952.28
2048,32768,64,2048,2968.59
2048,32768,64,4096,3009.1
2048,32768,64,8192,3073.25
2048,32768,64,16384,3218.92
2048,32768,64,32768,3482.73
2048,32768,128,16,2930.92
2048,32768,128,32,2934.25
2048,32768,128,64,2933.95
2048,32768,128,128,2938.03
2048,32768,128,256,2949.59
2048,32768,128,512,2949.24
2048,32768,128,1024,2969.78
2048,32768,128,2048,3000.8
2048,32768,128,4096,3070.06
2048,32768,128,8192,3212.8
2048,32768,128,16384,3480.67
2048,32768,128,32768,4017.48
