regime,n,nb,ratio,skew,pc,kp,kvs,kv_big,kv_mean,t_mean_us,t_max_us,t_skew_us,alpha
pure,2,1,0.5,4.0,0,0,128,512,320,204.099,207.586,206.911,0.8064
pure,2,1,0.5,4.0,0,0,256,1024,640,208.674,212.738,211.395,0.6695
pure,2,1,0.5,4.0,0,0,512,2048,1280,211.423,214.626,218.209,2.1186
pure,2,1,0.5,4.0,0,0,1024,4096,2560,218.496,220.384,219.134,0.3379
pure,2,1,0.5,4.0,0,0,2048,8192,5120,227.683,232.958,228.963,0.2427
pure,2,1,0.5,4.0,0,0,4096,16384,10240,245.986,251.008,245.725,-0.052
mixed,2,1,0.5,4.0,16,0,128,512,320,227.613,230.046,227.648,0.0144
mixed,2,1,0.5,4.0,16,0,256,1024,640,229.311,232.063,230.305,0.3612
mixed,2,1,0.5,4.0,16,0,512,2048,1280,232.741,238.37,237.376,0.8234
mixed,2,1,0.5,4.0,16,0,1024,4096,2560,235.392,250.881,248.387,0.839
mixed,2,1,0.5,4.0,16,0,2048,8192,5120,253.411,267.553,267.138,0.9707
mixed,2,1,0.5,4.0,16,0,4096,16384,10240,275.875,310.144,307.938,0.9356
mixed,2,1,0.5,4.0,16,512,128,512,320,249.471,247.968,249.341,
mixed,2,1,0.5,4.0,16,512,256,1024,640,248.353,247.617,243.778,
mixed,2,1,0.5,4.0,16,512,512,2048,1280,247.01,247.264,249.666,10.4567
mixed,2,1,0.5,4.0,16,512,1024,4096,2560,247.363,255.684,256.127,1.0532
mixed,2,1,0.5,4.0,16,512,2048,8192,5120,259.68,273.855,274.753,1.0634
mixed,2,1,0.5,4.0,16,512,4096,16384,10240,282.336,317.793,316.509,0.9638
mixed,2,1,0.5,4.0,16,1024,128,512,320,253.278,255.265,254.723,0.7272
mixed,2,1,0.5,4.0,16,1024,256,1024,640,255.232,255.296,255.392,2.5
mixed,2,1,0.5,4.0,16,1024,512,2048,1280,258.019,251.394,251.618,
mixed,2,1,0.5,4.0,16,1024,1024,4096,2560,249.569,256.035,257.921,1.2917
mixed,2,1,0.5,4.0,16,1024,2048,8192,5120,260.511,277.76,273.892,0.7758
mixed,2,1,0.5,4.0,16,1024,4096,16384,10240,283.838,317.889,318.049,1.0047
mixed,2,1,0.5,4.0,16,2048,128,512,320,269.251,270.429,268.931,-0.2716
mixed,2,1,0.5,4.0,16,2048,256,1024,640,269.477,268.194,266.88,
mixed,2,1,0.5,4.0,16,2048,512,2048,1280,269.699,270.656,269.407,-0.3051
mixed,2,1,0.5,4.0,16,2048,1024,4096,2560,271.806,264.578,262.529,
mixed,2,1,0.5,4.0,16,2048,2048,8192,5120,266.208,277.762,277.599,0.9859
mixed,2,1,0.5,4.0,16,2048,4096,16384,10240,288.129,318.049,320.32,1.0759
mixed,2,1,0.5,4.0,16,4096,128,512,320,281.953,281.281,282.818,
mixed,2,1,0.5,4.0,16,4096,256,1024,640,281.023,281.444,283.009,4.7173
mixed,2,1,0.5,4.0,16,4096,512,2048,1280,283.841,285.089,284.8,0.7684
mixed,2,1,0.5,4.0,16,4096,1024,4096,2560,283.424,282.692,281.856,
mixed,2,1,0.5,4.0,16,4096,2048,8192,5120,283.551,279.074,280.832,
mixed,2,1,0.5,4.0,16,4096,4096,16384,10240,289.887,323.967,320.798,0.907
mixed,2,1,0.5,4.0,16,8192,128,512,320,306.944,305.567,307.586,
mixed,2,1,0.5,4.0,16,8192,256,1024,640,305.348,306.882,308.064,1.7705
mixed,2,1,0.5,4.0,16,8192,512,2048,1280,306.882,303.906,306.369,
mixed,2,1,0.5,4.0,16,8192,1024,4096,2560,305.63,304.736,306.401,
mixed,2,1,0.5,4.0,16,8192,2048,8192,5120,306.942,309.056,305.983,-0.4536
mixed,2,1,0.5,4.0,16,8192,4096,16384,10240,313.857,326.274,325.026,0.8995
mixed,2,1,0.5,4.0,32,0,128,512,320,232.479,234.018,234.305,1.1865
mixed,2,1,0.5,4.0,32,0,256,1024,640,237.537,242.941,237.697,0.0296
mixed,2,1,0.5,4.0,32,0,512,2048,1280,243.327,250.333,249.729,0.9138
mixed,2,1,0.5,4.0,32,0,1024,4096,2560,256.099,268.833,274.814,1.4697
mixed,2,1,0.5,4.0,32,0,2048,8192,5120,278.208,306.69,308.291,1.0562
mixed,2,1,0.5,4.0,32,0,4096,16384,10240,328.261,385.443,386.436,1.0174
mixed,2,1,0.5,4.0,32,512,128,512,320,264.032,265.888,259.973,-2.187
mixed,2,1,0.5,4.0,32,512,256,1024,640,261.633,261.699,259.46,-32.9242
mixed,2,1,0.5,4.0,32,512,512,2048,1280,262.364,260.733,260.093,
mixed,2,1,0.5,4.0,32,512,1024,4096,2560,265.632,276.447,280.608,1.3847
mixed,2,1,0.5,4.0,32,512,2048,8192,5120,285.473,314.368,313.183,0.959
mixed,2,1,0.5,4.0,32,512,4096,16384,10240,336.064,389.373,393.893,1.0848
mixed,2,1,0.5,4.0,32,1024,128,512,320,273.471,272.706,274.4,
mixed,2,1,0.5,4.0,32,1024,256,1024,640,273.185,274.403,273.856,0.5509
mixed,2,1,0.5,4.0,32,1024,512,2048,1280,273.889,266.691,264.32,
mixed,2,1,0.5,4.0,32,1024,1024,4096,2560,268.674,281.091,283.841,1.2215
mixed,2,1,0.5,4.0,32,1024,2048,8192,5120,292.002,319.011,317.343,0.9382
mixed,2,1,0.5,4.0,32,1024,4096,16384,10240,337.598,392.958,394.303,1.0243
mixed,2,1,0.5,4.0,32,2048,128,512,320,286.847,287.171,287.172,1.0031
mixed,2,1,0.5,4.0,32,2048,256,1024,640,284.64,285.791,286.082,1.2528
mixed,2,1,0.5,4.0,32,2048,512,2048,1280,286.244,287.168,287.809,1.6937
mixed,2,1,0.5,4.0,32,2048,1024,4096,2560,285.794,283.55,283.201,
mixed,2,1,0.5,4.0,32,2048,2048,8192,5120,292.959,322.373,321.664,0.9759
mixed,2,1,0.5,4.0,32,2048,4096,16384,10240,337.923,394.015,397.729,1.0662
mixed,2,1,0.5,4.0,32,4096,128,512,320,310.016,310.847,310.692,0.8135
mixed,2,1,0.5,4.0,32,4096,256,1024,640,309.601,312.156,309.66,0.0231
mixed,2,1,0.5,4.0,32,4096,512,2048,1280,310.017,308.767,309.603,
mixed,2,1,0.5,4.0,32,4096,1024,4096,2560,310.497,314.082,311.778,0.3573
mixed,2,1,0.5,4.0,32,4096,2048,8192,5120,313.535,321.699,322.944,1.1525
mixed,2,1,0.5,4.0,32,4096,4096,16384,10240,339.329,396.672,399.041,1.0413
mixed,2,1,0.5,4.0,32,8192,128,512,320,350.499,348.033,348.61,
mixed,2,1,0.5,4.0,32,8192,256,1024,640,348.897,347.775,347.97,
mixed,2,1,0.5,4.0,32,8192,512,2048,1280,349.247,348.513,349.6,
mixed,2,1,0.5,4.0,32,8192,1024,4096,2560,379.072,352.062,393.088,
mixed,2,1,0.5,4.0,32,8192,2048,8192,5120,353.664,355.297,354.211,0.335
mixed,2,1,0.5,4.0,32,8192,4096,16384,10240,343.394,401.31,401.536,1.0039
mixed,2,1,0.5,4.0,64,0,128,512,320,241.506,243.204,242.527,0.6013
mixed,2,1,0.5,4.0,64,0,256,1024,640,241.664,252.704,251.072,0.8522
mixed,2,1,0.5,4.0,64,0,512,2048,1280,257.989,271.135,271.236,1.0077
mixed,2,1,0.5,4.0,64,0,1024,4096,2560,280.093,309.507,308.225,0.9564
mixed,2,1,0.5,4.0,64,0,2048,8192,5120,329.218,388.417,385.568,0.9519
mixed,2,1,0.5,4.0,64,0,4096,16384,10240,423.938,541.312,540.828,0.9959
mixed,2,1,0.5,4.0,64,512,128,512,320,288.096,285.569,285.697,
mixed,2,1,0.5,4.0,64,512,256,1024,640,287.718,274.592,277.314,
mixed,2,1,0.5,4.0,64,512,512,2048,1280,278.689,293.984,293.76,0.9854
mixed,2,1,0.5,4.0,64,512,1024,4096,2560,304.417,332.991,331.74,0.9562
mixed,2,1,0.5,4.0,64,512,2048,8192,5120,351.845,404.867,411.231,1.12
mixed,2,1,0.5,4.0,64,512,4096,16384,10240,445.217,554.883,558.882,1.0365
mixed,2,1,0.5,4.0,64,1024,128,512,320,297.824,296.576,296.131,
mixed,2,1,0.5,4.0,64,1024,256,1024,640,303.708,309.535,303.747,0.0067
mixed,2,1,0.5,4.0,64,1024,512,2048,1280,312.512,292.097,310.818,
mixed,2,1,0.5,4.0,64,1024,1024,4096,2560,306.531,332.862,332.35,0.9806
mixed,2,1,0.5,4.0,64,1024,2048,8192,5120,349.985,410.464,409.569,0.9852
mixed,2,1,0.5,4.0,64,1024,4096,16384,10240,448.353,556.863,561.633,1.044
mixed,2,1,0.5,4.0,64,2048,128,512,320,317.024,314.976,316.068,
mixed,2,1,0.5,4.0,64,2048,256,1024,640,317.794,317.79,314.69,
mixed,2,1,0.5,4.0,64,2048,512,2048,1280,340.96,346.561,339.422,-0.2746
mixed,2,1,0.5,4.0,64,2048,1024,4096,2560,354.849,386.753,346.56,-0.2598
mixed,2,1,0.5,4.0,64,2048,2048,8192,5120,352.738,410.756,411.038,1.0049
mixed,2,1,0.5,4.0,64,2048,4096,16384,10240,448.194,562.785,564.387,1.014
mixed,2,1,0.5,4.0,64,4096,128,512,320,354.05,354.111,357.508,56.6885
mixed,2,1,0.5,4.0,64,4096,256,1024,640,354.397,353.539,352.386,
mixed,2,1,0.5,4.0,64,4096,512,2048,1280,356.515,354.882,355.656,
mixed,2,1,0.5,4.0,64,4096,1024,4096,2560,405.858,428.925,417.149,0.4895
mixed,2,1,0.5,4.0,64,4096,2048,8192,5120,445.891,504.321,425.183,-0.3544
mixed,2,1,0.5,4.0,64,4096,4096,16384,10240,543.458,564.614,567.134,1.1191
mixed,2,1,0.5,4.0,64,8192,128,512,320,433.376,430.819,431.296,
mixed,2,1,0.5,4.0,64,8192,256,1024,640,431.71,430.687,429.632,
mixed,2,1,0.5,4.0,64,8192,512,2048,1280,429.504,431.746,435.103,2.4973
mixed,2,1,0.5,4.0,64,8192,1024,4096,2560,430.82,431.296,430.049,-1.6197
mixed,2,1,0.5,4.0,64,8192,2048,8192,5120,534.051,581.83,571.199,0.7775
mixed,2,1,0.5,4.0,64,8192,4096,16384,10240,621.667,739.397,582.307,-0.3343
mixed,2,1,0.5,4.0,128,0,128,512,320,267.233,270.435,270.369,0.9794
mixed,2,1,0.5,4.0,128,0,256,1024,640,277.183,288.416,290.048,1.1453
mixed,2,1,0.5,4.0,128,0,512,2048,1280,299.006,328.768,326.885,0.9367
mixed,2,1,0.5,4.0,128,0,1024,4096,2560,344.673,405.25,405.215,0.9994
mixed,2,1,0.5,4.0,128,0,2048,8192,5120,447.489,560.35,559.425,0.9918
mixed,2,1,0.5,4.0,128,0,4096,16384,10240,638.079,868.353,872.098,1.0163
mixed,2,1,0.5,4.0,128,512,128,512,320,327.808,325.631,329.06,
mixed,2,1,0.5,4.0,128,512,256,1024,640,322.429,332.801,329.54,0.6856
mixed,2,1,0.5,4.0,128,512,512,2048,1280,337.986,368.608,365.217,0.8893
mixed,2,1,0.5,4.0,128,512,1024,4096,2560,385.762,445.249,445.984,1.0124
mixed,2,1,0.5,4.0,128,512,2048,8192,5120,482.559,596.384,599.489,1.0273
mixed,2,1,0.5,4.0,128,512,4096,16384,10240,674.5,869.537,905.889,1.1864
mixed,2,1,0.5,4.0,128,1024,128,512,320,349.698,350.113,346.818,-6.9398
mixed,2,1,0.5,4.0,128,1024,256,1024,640,348.639,349.411,349.765,1.4585
mixed,2,1,0.5,4.0,128,1024,512,2048,1280,342.845,368.738,366.878,0.9282
mixed,2,1,0.5,4.0,128,1024,1024,4096,2560,387.458,445.828,443.646,0.9626
mixed,2,1,0.5,4.0,128,1024,2048,8192,5120,483.361,596.997,602.755,1.0507
mixed,2,1,0.5,4.0,128,1024,4096,16384,10240,672.641,904.801,907.237,1.0105
mixed,2,1,0.5,4.0,128,2048,128,512,320,388.671,387.075,392.159,
mixed,2,1,0.5,4.0,128,2048,256,1024,640,390.272,390.341,388.992,-18.5507
mixed,2,1,0.5,4.0,128,2048,512,2048,1280,389.635,386.048,388.548,
mixed,2,1,0.5,4.0,128,2048,1024,4096,2560,385.763,446.338,445.921,0.9931
mixed,2,1,0.5,4.0,128,2048,2048,8192,5120,486.881,601.952,601.125,0.9928
mixed,2,1,0.5,4.0,128,2048,4096,16384,10240,678.334,908.191,906.435,0.9924
mixed,2,1,0.5,4.0,128,4096,128,512,320,467.363,465.22,469.637,
mixed,2,1,0.5,4.0,128,4096,256,1024,640,468.576,465.347,465.92,
mixed,2,1,0.5,4.0,128,4096,512,2048,1280,466.431,468.801,464.001,-1.0253
mixed,2,1,0.5,4.0,128,4096,1024,4096,2560,465.249,461.153,466.721,
mixed,2,1,0.5,4.0,128,4096,2048,8192,5120,483.521,600.389,602.56,1.0186
mixed,2,1,0.5,4.0,128,4096,4096,16384,10240,675.585,908.8,908.131,0.9971
mixed,2,1,0.5,4.0,128,8192,128,512,320,617.503,617.955,620.032,5.5951
mixed,2,1,0.5,4.0,128,8192,256,1024,640,618.944,622.016,618.149,-0.2588
mixed,2,1,0.5,4.0,128,8192,512,2048,1280,619.166,620.005,619.136,-0.0358
mixed,2,1,0.5,4.0,128,8192,1024,4096,2560,618.91,620.832,622.018,1.6171
mixed,2,1,0.5,4.0,128,8192,2048,8192,5120,618.402,612.192,620.418,
mixed,2,1,0.5,4.0,128,8192,4096,16384,10240,678.69,910.051,909.661,0.9983
mixed,2,1,0.5,4.0,256,0,128,512,320,306.305,319.492,318.018,0.8882
mixed,2,1,0.5,4.0,256,0,256,1024,640,329.121,356.862,355.27,0.9426
mixed,2,1,0.5,4.0,256,0,512,2048,1280,376.416,433.73,436.832,1.0541
mixed,2,1,0.5,4.0,256,0,1024,4096,2560,477.537,588.033,585.185,0.9742
mixed,2,1,0.5,4.0,256,0,2048,8192,5120,665.216,894.306,897.472,1.0138
mixed,2,1,0.5,4.0,256,0,4096,16384,10240,1047.328,1514.084,1507.456,0.9858
mixed,2,1,0.5,4.0,256,512,128,512,320,335.651,340.322,337.249,0.3421
mixed,2,1,0.5,4.0,256,512,256,1024,640,336.995,358.595,359.456,1.0399
mixed,2,1,0.5,4.0,256,512,512,2048,1280,375.709,436.0,432.517,0.9422
mixed,2,1,0.5,4.0,256,512,1024,4096,2560,471.904,589.763,583.585,0.9476
mixed,2,1,0.5,4.0,256,512,2048,8192,5120,664.069,896.258,896.101,0.9993
mixed,2,1,0.5,4.0,256,512,4096,16384,10240,1047.268,1513.031,1506.981,0.987
mixed,2,1,0.5,4.0,256,1024,128,512,320,375.168,373.476,374.622,
mixed,2,1,0.5,4.0,256,1024,256,1024,640,375.709,376.194,377.375,3.4351
mixed,2,1,0.5,4.0,256,1024,512,2048,1280,377.92,433.218,433.377,1.0029
mixed,2,1,0.5,4.0,256,1024,1024,4096,2560,473.7,586.334,589.348,1.0268
mixed,2,1,0.5,4.0,256,1024,2048,8192,5120,664.671,894.048,897.826,1.0165
mixed,2,1,0.5,4.0,256,1024,4096,16384,10240,1048.165,1515.78,1505.026,0.977
mixed,2,1,0.5,4.0,256,2048,128,512,320,449.346,450.146,452.255,3.6363
mixed,2,1,0.5,4.0,256,2048,256,1024,640,451.138,450.817,450.496,
mixed,2,1,0.5,4.0,256,2048,512,2048,1280,450.336,451.525,452.317,1.6661
mixed,2,1,0.5,4.0,256,2048,1024,4096,2560,473.119,591.363,586.661,0.9602
mixed,2,1,0.5,4.0,256,2048,2048,8192,5120,665.856,896.581,895.391,0.9948
mixed,2,1,0.5,4.0,256,2048,4096,16384,10240,1049.377,1514.147,1511.01,0.9933
mixed,2,1,0.5,4.0,256,4096,128,512,320,603.681,605.314,604.032,0.2149
mixed,2,1,0.5,4.0,256,4096,256,1024,640,605.313,604.895,604.384,
mixed,2,1,0.5,4.0,256,4096,512,2048,1280,605.084,602.754,604.451,
mixed,2,1,0.5,4.0,256,4096,1024,4096,2560,602.015,604.225,606.657,2.1005
mixed,2,1,0.5,4.0,256,4096,2048,8192,5120,663.712,896.641,896.77,1.0006
mixed,2,1,0.5,4.0,256,4096,4096,16384,10240,1051.525,1517.862,1514.146,0.992
mixed,2,1,0.5,4.0,256,8192,128,512,320,905.699,906.179,910.754,10.5312
mixed,2,1,0.5,4.0,256,8192,256,1024,640,908.418,907.557,906.884,
mixed,2,1,0.5,4.0,256,8192,512,2048,1280,909.28,909.22,907.009,
mixed,2,1,0.5,4.0,256,8192,1024,4096,2560,909.697,907.905,906.369,
mixed,2,1,0.5,4.0,256,8192,2048,8192,5120,911.203,910.467,909.6,
mixed,2,1,0.5,4.0,256,8192,4096,16384,10240,1055.589,1516.645,1515.267,0.997
mixed,2,1,0.5,4.0,512,0,128,512,320,468.515,464.159,463.043,
mixed,2,1,0.5,4.0,512,0,256,1024,640,466.849,479.232,482.562,1.2689
mixed,2,1,0.5,4.0,512,0,512,2048,1280,502.144,558.241,557.986,0.9955
mixed,2,1,0.5,4.0,512,0,1024,4096,2560,598.656,713.603,712.642,0.9916
mixed,2,1,0.5,4.0,512,0,2048,8192,5120,791.33,1022.916,1018.021,0.9789
mixed,2,1,0.5,4.0,512,0,4096,16384,10240,1168.678,1637.222,1638.5,1.0027
mixed,2,1,0.5,4.0,512,512,128,512,320,541.216,544.736,540.126,-0.3097
mixed,2,1,0.5,4.0,512,512,256,1024,640,546.528,576.801,574.689,0.9302
mixed,2,1,0.5,4.0,512,512,512,2048,1280,597.569,655.778,654.272,0.9741
mixed,2,1,0.5,4.0,512,512,1024,4096,2560,694.019,808.515,807.455,0.9907
mixed,2,1,0.5,4.0,512,512,2048,8192,5120,888.192,1115.075,1113.475,0.9929
mixed,2,1,0.5,4.0,512,512,4096,16384,10240,1272.258,1733.542,1731.365,0.9953
mixed,2,1,0.5,4.0,512,1024,128,512,320,624.415,621.822,622.243,
mixed,2,1,0.5,4.0,512,1024,256,1024,640,621.157,621.696,619.263,-3.5139
mixed,2,1,0.5,4.0,512,1024,512,2048,1280,636.191,699.588,696.512,0.9515
mixed,2,1,0.5,4.0,512,1024,1024,4096,2560,739.073,850.659,851.55,1.008
mixed,2,1,0.5,4.0,512,1024,2048,8192,5120,926.882,1157.473,1154.534,0.9873
mixed,2,1,0.5,4.0,512,1024,4096,16384,10240,1315.429,1785.573,1770.79,0.9686
mixed,2,1,0.5,4.0,512,2048,128,512,320,778.113,776.293,780.294,
mixed,2,1,0.5,4.0,512,2048,256,1024,640,782.975,777.311,775.651,
mixed,2,1,0.5,4.0,512,2048,512,2048,1280,779.427,778.048,777.508,
mixed,2,1,0.5,4.0,512,2048,1024,4096,2560,812.036,933.346,929.662,0.9696
mixed,2,1,0.5,4.0,512,2048,2048,8192,5120,1008.321,1239.265,1235.264,0.9827
mixed,2,1,0.5,4.0,512,2048,4096,16384,10240,1396.387,1858.051,1856.486,0.9966
mixed,2,1,0.5,4.0,512,4096,128,512,320,1082.469,1083.233,1085.859,4.4372
mixed,2,1,0.5,4.0,512,4096,256,1024,640,1077.636,1080.706,1079.199,0.5091
mixed,2,1,0.5,4.0,512,4096,512,2048,1280,1085.983,1082.244,1081.38,
mixed,2,1,0.5,4.0,512,4096,1024,4096,2560,1076.991,1085.377,1082.398,0.6448
mixed,2,1,0.5,4.0,512,4096,2048,8192,5120,1157.952,1397.221,1392.262,0.9793
mixed,2,1,0.5,4.0,512,4096,4096,16384,10240,1550.625,2007.269,2014.309,1.0154
mixed,2,1,0.5,4.0,512,8192,128,512,320,1692.452,1693.091,1683.232,-14.4288
mixed,2,1,0.5,4.0,512,8192,256,1024,640,1690.567,1690.274,1690.309,
mixed,2,1,0.5,4.0,512,8192,512,2048,1280,1685.637,1695.461,1689.061,0.3485
mixed,2,1,0.5,4.0,512,8192,1024,4096,2560,1691.425,1693.508,1687.202,-2.0274
mixed,2,1,0.5,4.0,512,8192,2048,8192,5120,1689.986,1687.368,1694.566,
mixed,2,1,0.5,4.0,512,8192,4096,16384,10240,1844.993,2312.902,2315.784,1.0062
mixed,2,1,0.5,4.0,1024,0,128,512,320,773.795,774.078,772.515,-4.523
mixed,2,1,0.5,4.0,1024,0,256,1024,640,772.869,778.725,777.633,0.8135
mixed,2,1,0.5,4.0,1024,0,512,2048,1280,778.208,776.291,780.771,
mixed,2,1,0.5,4.0,1024,0,1024,4096,2560,778.878,791.203,785.825,0.5637
mixed,2,1,0.5,4.0,1024,0,2048,8192,5120,789.635,794.598,796.351,1.3532
mixed,2,1,0.5,4.0,1024,0,4096,16384,10240,806.404,812.259,817.25,1.8524
mixed,2,1,0.5,4.0,1024,512,128,512,320,928.674,929.218,930.274,2.9412
mixed,2,1,0.5,4.0,1024,512,256,1024,640,929.762,929.569,931.233,
mixed,2,1,0.5,4.0,1024,512,512,2048,1280,941.572,941.445,943.298,
mixed,2,1,0.5,4.0,1024,512,1024,4096,2560,942.665,949.374,946.047,0.5041
mixed,2,1,0.5,4.0,1024,512,2048,8192,5120,953.958,957.28,955.971,0.606
mixed,2,1,0.5,4.0,1024,512,4096,16384,10240,965.924,978.335,976.611,0.8611
mixed,2,1,0.5,4.0,1024,1024,128,512,320,1006.078,1003.107,1002.374,
mixed,2,1,0.5,4.0,1024,1024,256,1024,640,1009.473,1013.124,1010.78,0.358
mixed,2,1,0.5,4.0,1024,1024,512,2048,1280,1011.266,1015.041,1018.213,1.8403
mixed,2,1,0.5,4.0,1024,1024,1024,4096,2560,1017.763,1026.272,1018.945,0.1389
mixed,2,1,0.5,4.0,1024,1024,2048,8192,5120,1023.462,1031.806,1032.581,1.0929
mixed,2,1,0.5,4.0,1024,1024,4096,16384,10240,1048.736,1056.13,1047.649,-0.147
mixed,2,1,0.5,4.0,1024,2048,128,512,320,1161.478,1162.597,1163.139,1.4844
mixed,2,1,0.5,4.0,1024,2048,256,1024,640,1161.991,1160.477,1165.314,
mixed,2,1,0.5,4.0,1024,2048,512,2048,1280,1166.112,1173.922,1166.566,0.0581
mixed,2,1,0.5,4.0,1024,2048,1024,4096,2560,1177.445,1179.079,1174.496,-1.8048
mixed,2,1,0.5,4.0,1024,2048,2048,8192,5120,1179.807,1187.975,1189.445,1.18
mixed,2,1,0.5,4.0,1024,2048,4096,16384,10240,1199.114,1211.491,1206.024,0.5583
mixed,2,1,0.5,4.0,1024,4096,128,512,320,1487.109,1485.478,1490.41,
mixed,2,1,0.5,4.0,1024,4096,256,1024,640,1486.788,1489.857,1486.561,-0.074
mixed,2,1,0.5,4.0,1024,4096,512,2048,1280,1485.861,1491.233,1496.066,1.8997
mixed,2,1,0.5,4.0,1024,4096,1024,4096,2560,1497.984,1503.524,1502.464,0.8087
mixed,2,1,0.5,4.0,1024,4096,2048,8192,5120,1503.303,1516.839,1513.441,0.749
mixed,2,1,0.5,4.0,1024,4096,4096,16384,10240,1523.396,1535.654,1529.57,0.5037
mixed,2,1,0.5,4.0,1024,8192,128,512,320,2095.174,2098.311,2098.182,0.9589
mixed,2,1,0.5,4.0,1024,8192,256,1024,640,2103.425,2106.308,2103.59,0.0572
mixed,2,1,0.5,4.0,1024,8192,512,2048,1280,2108.608,2105.956,2102.466,
mixed,2,1,0.5,4.0,1024,8192,1024,4096,2560,2109.255,2119.393,2111.755,0.2466
mixed,2,1,0.5,4.0,1024,8192,2048,8192,5120,2120.838,2131.019,2132.069,1.1031
mixed,2,1,0.5,4.0,1024,8192,4096,16384,10240,2139.877,2143.429,2148.003,2.2877
mixed,2,1,0.5,4.0,2048,0,128,512,320,1407.356,1406.781,1403.264,
mixed,2,1,0.5,4.0,2048,0,256,1024,640,1404.491,1406.411,1404.579,0.0458
mixed,2,1,0.5,4.0,2048,0,512,2048,1280,1407.202,1412.543,1410.277,0.5757
mixed,2,1,0.5,4.0,2048,0,1024,4096,2560,1413.417,1417.729,1416.516,0.7187
mixed,2,1,0.5,4.0,2048,0,2048,8192,5120,1422.082,1428.643,1427.65,0.8487
mixed,2,1,0.5,4.0,2048,0,4096,16384,10240,1441.312,1449.44,1449.7,1.032
mixed,2,1,0.5,4.0,2048,512,128,512,320,1622.498,1624.455,1629.924,3.7946
mixed,2,1,0.5,4.0,2048,512,256,1024,640,1629.702,1624.705,1623.109,
mixed,2,1,0.5,4.0,2048,512,512,2048,1280,1635.333,1635.139,1635.173,
mixed,2,1,0.5,4.0,2048,512,1024,4096,2560,1637.191,1640.132,1639.522,0.7926
mixed,2,1,0.5,4.0,2048,512,2048,8192,5120,1645.794,1657.928,1650.854,0.417
mixed,2,1,0.5,4.0,2048,512,4096,16384,10240,1662.561,1671.754,1665.319,0.3
mixed,2,1,0.5,4.0,2048,1024,128,512,320,1734.082,1737.952,1736.708,0.6786
mixed,2,1,0.5,4.0,2048,1024,256,1024,640,1737.413,1738.914,1739.361,1.2978
mixed,2,1,0.5,4.0,2048,1024,512,2048,1280,1743.874,1748.349,1748.131,0.9513
mixed,2,1,0.5,4.0,2048,1024,1024,4096,2560,1750.177,1752.677,1754.947,1.908
mixed,2,1,0.5,4.0,2048,1024,2048,8192,5120,1756.771,1766.085,1767.424,1.1438
mixed,2,1,0.5,4.0,2048,1024,4096,16384,10240,1776.385,1783.844,1789.476,1.7551
mixed,2,1,0.5,4.0,2048,2048,128,512,320,1976.233,1976.839,1968.71,-12.4142
mixed,2,1,0.5,4.0,2048,2048,256,1024,640,1978.271,1971.237,1974.532,
mixed,2,1,0.5,4.0,2048,2048,512,2048,1280,1975.878,1984.929,1980.484,0.5089
mixed,2,1,0.5,4.0,2048,2048,1024,4096,2560,1983.042,1994.248,1981.921,-0.1
mixed,2,1,0.5,4.0,2048,2048,2048,8192,5120,2001.504,1995.392,2000.869,
mixed,2,1,0.5,4.0,2048,2048,4096,16384,10240,2009.8,2018.276,2019.105,1.0978
mixed,2,1,0.5,4.0,2048,4096,128,512,320,2432.579,2433.606,2433.385,0.7848
mixed,2,1,0.5,4.0,2048,4096,256,1024,640,2447.301,2435.271,2432.741,
mixed,2,1,0.5,4.0,2048,4096,512,2048,1280,2440.132,2443.943,2439.338,-0.2083
mixed,2,1,0.5,4.0,2048,4096,1024,4096,2560,2449.73,2451.688,2452.802,1.5689
mixed,2,1,0.5,4.0,2048,4096,2048,8192,5120,2456.327,2461.446,2466.277,1.9437
mixed,2,1,0.5,4.0,2048,4096,4096,16384,10240,2468.623,2479.24,2479.438,1.0186
mixed,2,1,0.5,4.0,2048,8192,128,512,320,3316.967,3321.031,3318.186,0.3
mixed,2,1,0.5,4.0,2048,8192,256,1024,640,3322.59,3325.162,3321.994,-0.2317
mixed,2,1,0.5,4.0,2048,8192,512,2048,1280,3322.95,3327.144,3332.711,2.3274
mixed,2,1,0.5,4.0,2048,8192,1024,4096,2560,3329.0,3327.356,3334.759,
mixed,2,1,0.5,4.0,2048,8192,2048,8192,5120,3340.996,3345.257,3347.267,1.4717
mixed,2,1,0.5,4.0,2048,8192,4096,16384,10240,3353.832,3365.387,3366.671,1.1111
pure,4,1,0.25,4.0,0,0,128,512,224,202.494,210.114,209.28,0.8906
pure,4,1,0.25,4.0,0,0,256,1024,448,211.809,214.082,211.389,-0.1848
pure,4,1,0.25,4.0,0,0,512,2048,896,212.319,220.357,217.121,0.5974
pure,4,1,0.25,4.0,0,0,1024,4096,1792,218.882,233.634,224.003,0.3471
pure,4,1,0.25,4.0,0,0,2048,8192,3584,245.505,252.286,265.923,3.0111
pure,4,1,0.25,4.0,0,0,4096,16384,7168,255.774,275.654,277.985,1.1173
mixed,4,1,0.25,4.0,16,0,128,512,224,221.314,230.911,228.031,0.6999
mixed,4,1,0.25,4.0,16,0,256,1024,448,231.68,236.546,230.277,-0.2883
mixed,4,1,0.25,4.0,16,0,512,2048,896,233.09,247.234,238.88,0.4094
mixed,4,1,0.25,4.0,16,0,1024,4096,1792,241.857,259.552,247.553,0.3219
mixed,4,1,0.25,4.0,16,0,2048,8192,3584,247.872,271.841,271.134,0.9705
mixed,4,1,0.25,4.0,16,0,4096,16384,7168,267.872,318.529,314.785,0.9261
mixed,4,1,0.25,4.0,16,512,128,512,224,252.449,252.159,252.294,
mixed,4,1,0.25,4.0,16,512,256,1024,448,253.345,254.528,248.197,-4.3516
mixed,4,1,0.25,4.0,16,512,512,2048,896,253.378,252.669,245.76,
mixed,4,1,0.25,4.0,16,512,1024,4096,1792,249.883,263.203,254.112,0.3175
mixed,4,1,0.25,4.0,16,512,2048,8192,3584,258.144,276.032,272.836,0.8213
mixed,4,1,0.25,4.0,16,512,4096,16384,7168,273.824,319.713,315.902,0.917
mixed,4,1,0.25,4.0,16,1024,128,512,224,257.758,259.619,256.383,-0.7389
mixed,4,1,0.25,4.0,16,1024,256,1024,448,260.191,257.854,257.092,
mixed,4,1,0.25,4.0,16,1024,512,2048,896,255.137,263.327,255.268,0.016
mixed,4,1,0.25,4.0,16,1024,1024,4096,1792,264.865,264.962,257.475,-76.1856
mixed,4,1,0.25,4.0,16,1024,2048,8192,3584,274.082,280.16,272.898,-0.1948
mixed,4,1,0.25,4.0,16,1024,4096,16384,7168,276.996,320.898,320.127,0.9824
mixed,4,1,0.25,4.0,16,2048,128,512,224,270.498,273.473,269.215,-0.4313
mixed,4,1,0.25,4.0,16,2048,256,1024,448,271.298,273.283,272.259,0.4841
mixed,4,1,0.25,4.0,16,2048,512,2048,896,274.751,267.583,272.868,
mixed,4,1,0.25,4.0,16,2048,1024,4096,1792,267.1,279.172,264.385,-0.2249
mixed,4,1,0.25,4.0,16,2048,2048,8192,3584,271.326,284.034,276.643,0.4184
mixed,4,1,0.25,4.0,16,2048,4096,16384,7168,283.711,328.162,319.523,0.8057
mixed,4,1,0.25,4.0,16,4096,128,512,224,288.995,288.162,283.808,
mixed,4,1,0.25,4.0,16,4096,256,1024,448,286.366,286.112,285.501,
mixed,4,1,0.25,4.0,16,4096,512,2048,896,289.569,284.256,288.416,
mixed,4,1,0.25,4.0,16,4096,1024,4096,1792,286.943,286.976,287.325,11.5758
mixed,4,1,0.25,4.0,16,4096,2048,8192,3584,286.245,298.977,282.304,-0.3095
mixed,4,1,0.25,4.0,16,4096,4096,16384,7168,295.074,330.878,322.494,0.7658
mixed,4,1,0.25,4.0,16,8192,128,512,224,309.185,309.279,310.339,12.2766
mixed,4,1,0.25,4.0,16,8192,256,1024,448,308.225,307.904,310.27,
mixed,4,1,0.25,4.0,16,8192,512,2048,896,307.835,308.094,306.526,-5.0541
mixed,4,1,0.25,4.0,16,8192,1024,4096,1792,311.715,311.615,307.104,
mixed,4,1,0.25,4.0,16,8192,2048,8192,3584,308.993,320.802,312.034,0.2575
mixed,4,1,0.25,4.0,16,8192,4096,16384,7168,317.983,331.391,321.085,0.2314
mixed,4,1,0.25,4.0,32,0,128,512,224,226.66,238.112,231.934,0.4605
mixed,4,1,0.25,4.0,32,0,256,1024,448,242.848,241.25,238.846,
mixed,4,1,0.25,4.0,32,0,512,2048,896,240.642,255.645,250.723,0.6719
mixed,4,1,0.25,4.0,32,0,1024,4096,1792,251.072,272.635,270.019,0.8787
mixed,4,1,0.25,4.0,32,0,2048,8192,3584,268.732,310.817,309.152,0.9604
mixed,4,1,0.25,4.0,32,0,4096,16384,7168,300.866,389.727,386.239,0.9607
mixed,4,1,0.25,4.0,32,512,128,512,224,264.964,264.062,262.368,
mixed,4,1,0.25,4.0,32,512,256,1024,448,263.584,259.581,261.501,
mixed,4,1,0.25,4.0,32,512,512,2048,896,262.977,264.193,260.674,-1.8939
mixed,4,1,0.25,4.0,32,512,1024,4096,1792,260.222,284.385,277.696,0.7232
mixed,4,1,0.25,4.0,32,512,2048,8192,3584,280.451,320.193,318.789,0.9647
mixed,4,1,0.25,4.0,32,512,4096,16384,7168,310.432,391.007,393.024,1.025
mixed,4,1,0.25,4.0,32,1024,128,512,224,274.752,275.235,278.175,7.087
mixed,4,1,0.25,4.0,32,1024,256,1024,448,270.301,276.096,274.274,0.6856
mixed,4,1,0.25,4.0,32,1024,512,2048,896,276.447,268.772,268.544,
mixed,4,1,0.25,4.0,32,1024,1024,4096,1792,266.278,285.248,284.099,0.9394
mixed,4,1,0.25,4.0,32,1024,2048,8192,3584,282.114,322.979,319.106,0.9052
mixed,4,1,0.25,4.0,32,1024,4096,16384,7168,313.539,398.082,398.495,1.0049
mixed,4,1,0.25,4.0,32,2048,128,512,224,288.578,287.938,286.662,
mixed,4,1,0.25,4.0,32,2048,256,1024,448,288.39,288.705,288.575,0.5873
mixed,4,1,0.25,4.0,32,2048,512,2048,896,291.105,288.481,288.385,
mixed,4,1,0.25,4.0,32,2048,1024,4096,1792,288.479,286.877,284.16,
mixed,4,1,0.25,4.0,32,2048,2048,8192,3584,283.33,322.847,321.027,0.9539
mixed,4,1,0.25,4.0,32,2048,4096,16384,7168,314.277,398.439,397.858,0.9931
mixed,4,1,0.25,4.0,32,4096,128,512,224,313.567,313.121,314.05,
mixed,4,1,0.25,4.0,32,4096,256,1024,448,311.199,312.701,300.93,-6.8369
mixed,4,1,0.25,4.0,32,4096,512,2048,896,311.331,313.603,313.921,1.14
mixed,4,1,0.25,4.0,32,4096,1024,4096,1792,313.661,315.201,314.112,0.2929
mixed,4,1,0.25,4.0,32,4096,2048,8192,3584,315.075,326.59,322.626,0.6558
mixed,4,1,0.25,4.0,32,4096,4096,16384,7168,315.331,403.618,399.102,0.9488
mixed,4,1,0.25,4.0,32,8192,128,512,224,352.702,351.906,349.664,
mixed,4,1,0.25,4.0,32,8192,256,1024,448,353.408,352.352,351.712,
mixed,4,1,0.25,4.0,32,8192,512,2048,896,351.043,355.842,341.797,-1.9267
mixed,4,1,0.25,4.0,32,8192,1024,4096,1792,353.948,354.881,355.874,2.0643
mixed,4,1,0.25,4.0,32,8192,2048,8192,3584,357.346,367.04,358.75,0.1448
mixed,4,1,0.25,4.0,32,8192,4096,16384,7168,434.786,406.915,406.05,
mixed,4,1,0.25,4.0,64,0,128,512,224,231.298,248.288,242.659,0.6687
mixed,4,1,0.25,4.0,64,0,256,1024,448,238.849,253.759,252.734,0.9313
mixed,4,1,0.25,4.0,64,0,512,2048,896,250.304,273.826,274.016,1.0081
mixed,4,1,0.25,4.0,64,0,1024,4096,1792,269.854,312.706,310.015,0.9372
mixed,4,1,0.25,4.0,64,0,2048,8192,3584,305.694,387.105,388.83,1.0212
mixed,4,1,0.25,4.0,64,0,4096,16384,7168,372.446,540.736,540.863,1.0008
mixed,4,1,0.25,4.0,64,512,128,512,224,285.953,287.972,289.474,1.7439
mixed,4,1,0.25,4.0,64,512,256,1024,448,287.328,277.795,278.879,
mixed,4,1,0.25,4.0,64,512,512,2048,896,284.133,297.537,295.296,0.8328
mixed,4,1,0.25,4.0,64,512,1024,4096,1792,292.32,332.548,334.336,1.0444
mixed,4,1,0.25,4.0,64,512,2048,8192,3584,321.89,406.241,411.648,1.0641
mixed,4,1,0.25,4.0,64,512,4096,16384,7168,389.763,542.692,562.529,1.1297
mixed,4,1,0.25,4.0,64,1024,128,512,224,296.931,313.827,295.808,-0.0665
mixed,4,1,0.25,4.0,64,1024,256,1024,448,305.06,299.744,303.904,
mixed,4,1,0.25,4.0,64,1024,512,2048,896,299.904,297.956,295.325,
mixed,4,1,0.25,4.0,64,1024,1024,4096,1792,293.216,337.025,334.368,0.9394
mixed,4,1,0.25,4.0,64,1024,2048,8192,3584,328.384,407.008,411.967,1.0631
mixed,4,1,0.25,4.0,64,1024,4096,16384,7168,386.377,559.645,563.551,1.0225
mixed,4,1,0.25,4.0,64,2048,128,512,224,317.666,317.602,318.498,
mixed,4,1,0.25,4.0,64,2048,256,1024,448,317.279,350.34,312.447,-0.1462
mixed,4,1,0.25,4.0,64,2048,512,2048,896,349.571,353.12,345.922,-1.0282
mixed,4,1,0.25,4.0,64,2048,1024,4096,1792,355.231,338.24,351.491,
mixed,4,1,0.25,4.0,64,2048,2048,8192,3584,327.076,412.899,412.516,0.9955
mixed,4,1,0.25,4.0,64,2048,4096,16384,7168,395.329,561.317,568.321,1.0422
mixed,4,1,0.25,4.0,64,4096,128,512,224,356.803,355.585,359.07,
mixed,4,1,0.25,4.0,64,4096,256,1024,448,359.809,357.73,356.256,
mixed,4,1,0.25,4.0,64,4096,512,2048,896,358.142,428.09,346.979,-0.1596
mixed,4,1,0.25,4.0,64,4096,1024,4096,1792,418.66,431.201,426.975,0.663
mixed,4,1,0.25,4.0,64,4096,2048,8192,3584,441.441,412.959,429.952,
mixed,4,1,0.25,4.0,64,4096,4096,16384,7168,393.568,568.607,568.736,1.0007
mixed,4,1,0.25,4.0,64,8192,128,512,224,435.266,434.812,438.046,
mixed,4,1,0.25,4.0,64,8192,256,1024,448,435.07,435.425,433.184,-5.3127
mixed,4,1,0.25,4.0,64,8192,512,2048,896,433.024,436.45,436.545,1.0277
mixed,4,1,0.25,4.0,64,8192,1024,4096,1792,434.047,588.932,428.61,-0.0351
mixed,4,1,0.25,4.0,64,8192,2048,8192,3584,555.173,590.492,582.654,0.7781
mixed,4,1,0.25,4.0,64,8192,4096,16384,7168,611.936,574.688,590.885,
mixed,4,1,0.25,4.0,128,0,128,512,224,246.05,269.442,273.407,1.1695
mixed,4,1,0.25,4.0,128,0,256,1024,448,270.241,293.149,291.97,0.9485
mixed,4,1,0.25,4.0,128,0,512,2048,896,286.69,329.889,332.127,1.0518
mixed,4,1,0.25,4.0,128,0,1024,4096,1792,322.209,405.6,406.849,1.015
mixed,4,1,0.25,4.0,128,0,2048,8192,3584,387.264,559.936,563.391,1.02
mixed,4,1,0.25,4.0,128,0,4096,16384,7168,524.417,868.801,872.928,1.012
mixed,4,1,0.25,4.0,128,512,128,512,224,330.432,354.943,324.446,-0.2442
mixed,4,1,0.25,4.0,128,512,256,1024,448,348.415,374.373,352.734,0.1664
mixed,4,1,0.25,4.0,128,512,512,2048,896,368.767,413.857,367.937,-0.0184
mixed,4,1,0.25,4.0,128,512,1024,4096,1792,407.519,488.702,446.143,0.4758
mixed,4,1,0.25,4.0,128,512,2048,8192,3584,472.193,562.212,603.812,1.4621
mixed,4,1,0.25,4.0,128,512,4096,16384,7168,523.075,869.828,871.075,1.0036
mixed,4,1,0.25,4.0,128,1024,128,512,224,353.54,349.279,351.777,
mixed,4,1,0.25,4.0,128,1024,256,1024,448,348.607,396.323,346.336,-0.0476
mixed,4,1,0.25,4.0,128,1024,512,2048,896,389.569,431.84,392.224,0.0628
mixed,4,1,0.25,4.0,128,1024,1024,4096,1792,425.602,509.728,443.422,0.2118
mixed,4,1,0.25,4.0,128,1024,2048,8192,3584,491.836,660.415,599.844,0.6407
mixed,4,1,0.25,4.0,128,1024,4096,16384,7168,626.177,869.728,903.393,1.1382
mixed,4,1,0.25,4.0,128,2048,128,512,224,388.836,390.336,389.761,0.6167
mixed,4,1,0.25,4.0,128,2048,256,1024,448,389.696,386.526,389.569,
mixed,4,1,0.25,4.0,128,2048,512,2048,896,390.976,472.322,382.21,-0.1078
mixed,4,1,0.25,4.0,128,2048,1024,4096,1792,444.611,552.35,470.88,0.2438
mixed,4,1,0.25,4.0,128,2048,2048,8192,3584,534.144,703.489,604.674,0.4165
mixed,4,1,0.25,4.0,128,2048,4096,16384,7168,666.75,1011.268,908.031,0.7003
mixed,4,1,0.25,4.0,128,4096,128,512,224,469.824,465.89,467.393,
mixed,4,1,0.25,4.0,128,4096,256,1024,448,467.165,467.424,470.399,12.4865
mixed,4,1,0.25,4.0,128,4096,512,2048,896,468.062,465.379,470.37,
mixed,4,1,0.25,4.0,128,4096,1024,4096,1792,468.063,630.943,460.867,-0.0442
mixed,4,1,0.25,4.0,128,4096,2048,8192,3584,585.824,786.786,629.953,0.2196
mixed,4,1,0.25,4.0,128,4096,4096,16384,7168,746.369,1094.434,911.776,0.4752
mixed,4,1,0.25,4.0,128,8192,128,512,224,622.594,621.891,623.582,
mixed,4,1,0.25,4.0,128,8192,256,1024,448,621.667,624.161,626.019,1.745
mixed,4,1,0.25,4.0,128,8192,512,2048,896,621.985,621.724,622.371,
mixed,4,1,0.25,4.0,128,8192,1024,4096,1792,623.745,622.149,622.686,
mixed,4,1,0.25,4.0,128,8192,2048,8192,3584,626.978,947.202,624.321,-0.0083
mixed,4,1,0.25,4.0,128,8192,4096,16384,7168,860.934,1255.01,944.898,0.2131
mixed,4,1,0.25,4.0,256,0,128,512,224,299.808,323.519,319.454,0.8286
mixed,4,1,0.25,4.0,256,0,256,1024,448,315.007,359.779,360.386,1.0136
mixed,4,1,0.25,4.0,256,0,512,2048,896,350.492,436.545,435.809,0.9914
mixed,4,1,0.25,4.0,256,0,1024,4096,1792,416.545,590.436,590.723,1.0017
mixed,4,1,0.25,4.0,256,0,2048,8192,3584,550.815,907.299,896.836,0.9706
mixed,4,1,0.25,4.0,256,0,4096,16384,7168,827.873,1525.25,1516.806,0.9879
mixed,4,1,0.25,4.0,256,512,128,512,224,337.954,340.259,338.272,0.138
mixed,4,1,0.25,4.0,256,512,256,1024,448,339.937,358.368,360.576,1.1198
mixed,4,1,0.25,4.0,256,512,512,2048,896,349.823,437.568,435.586,0.9774
mixed,4,1,0.25,4.0,256,512,1024,4096,1792,416.545,591.235,590.531,0.996
mixed,4,1,0.25,4.0,256,512,2048,8192,3584,553.696,907.264,897.575,0.9726
mixed,4,1,0.25,4.0,256,512,4096,16384,7168,831.619,1525.153,1517.635,0.9892
mixed,4,1,0.25,4.0,256,1024,128,512,224,376.515,376.382,377.027,
mixed,4,1,0.25,4.0,256,1024,256,1024,448,378.017,378.078,377.125,-14.623
mixed,4,1,0.25,4.0,256,1024,512,2048,896,376.931,439.168,435.681,0.944
mixed,4,1,0.25,4.0,256,1024,1024,4096,1792,418.372,590.465,589.827,0.9963
mixed,4,1,0.25,4.0,256,1024,2048,8192,3584,552.832,908.771,895.107,0.9616
mixed,4,1,0.25,4.0,256,1024,4096,16384,7168,829.539,1529.892,1518.885,0.9843
mixed,4,1,0.25,4.0,256,2048,128,512,224,452.163,455.331,453.437,0.4021
mixed,4,1,0.25,4.0,256,2048,256,1024,448,452.8,457.181,450.819,-0.4522
mixed,4,1,0.25,4.0,256,2048,512,2048,896,454.751,455.106,455.938,3.3437
mixed,4,1,0.25,4.0,256,2048,1024,4096,1792,456.672,592.875,592.353,0.9962
mixed,4,1,0.25,4.0,256,2048,2048,8192,3584,555.456,911.871,896.74,0.9575
mixed,4,1,0.25,4.0,256,2048,4096,16384,7168,829.607,1527.587,1522.822,0.9932
mixed,4,1,0.25,4.0,256,4096,128,512,224,615.774,615.843,615.715,-0.8551
mixed,4,1,0.25,4.0,256,4096,256,1024,448,614.758,614.373,614.053,
mixed,4,1,0.25,4.0,256,4096,512,2048,896,618.562,614.594,613.219,
mixed,4,1,0.25,4.0,256,4096,1024,4096,1792,617.6,619.204,613.571,-2.5118
mixed,4,1,0.25,4.0,256,4096,2048,8192,3584,611.2,915.521,906.368,0.9699
mixed,4,1,0.25,4.0,256,4096,4096,16384,7168,839.904,1535.871,1529.699,0.9911
mixed,4,1,0.25,4.0,256,8192,128,512,224,921.797,918.942,922.493,
mixed,4,1,0.25,4.0,256,8192,256,1024,448,919.042,919.748,918.754,-0.4079
mixed,4,1,0.25,4.0,256,8192,512,2048,896,918.723,922.882,917.441,-0.3082
mixed,4,1,0.25,4.0,256,8192,1024,4096,1792,919.357,930.755,921.186,0.1605
mixed,4,1,0.25,4.0,256,8192,2048,8192,3584,925.186,930.211,928.959,0.7508
mixed,4,1,0.25,4.0,256,8192,4096,16384,7168,929.473,1534.724,1527.844,0.9886
mixed,4,1,0.25,4.0,512,0,128,512,224,469.536,462.561,466.627,
mixed,4,1,0.25,4.0,512,0,256,1024,448,469.986,485.25,482.405,0.8136
mixed,4,1,0.25,4.0,512,0,512,2048,896,471.969,560.547,558.018,0.9714
mixed,4,1,0.25,4.0,512,0,1024,4096,1792,544.257,715.71,721.22,1.0321
mixed,4,1,0.25,4.0,512,0,2048,8192,3584,672.002,1028.772,1025.474,0.9908
mixed,4,1,0.25,4.0,512,0,4096,16384,7168,946.598,1644.357,1636.512,0.9888
mixed,4,1,0.25,4.0,512,512,128,512,224,544.035,544.606,541.665,-4.1506
mixed,4,1,0.25,4.0,512,512,256,1024,448,544.382,577.255,576.42,0.9746
mixed,4,1,0.25,4.0,512,512,512,2048,896,572.421,659.584,656.322,0.9626
mixed,4,1,0.25,4.0,512,512,1024,4096,1792,634.626,811.267,811.811,1.0031
mixed,4,1,0.25,4.0,512,512,2048,8192,3584,773.219,1120.577,1116.031,0.9869
mixed,4,1,0.25,4.0,512,512,4096,16384,7168,1047.39,1738.435,1735.652,0.996
mixed,4,1,0.25,4.0,512,1024,128,512,224,622.209,621.217,621.76,
mixed,4,1,0.25,4.0,512,1024,256,1024,448,622.332,622.628,622.948,2.0811
mixed,4,1,0.25,4.0,512,1024,512,2048,896,616.866,698.94,699.199,1.0032
mixed,4,1,0.25,4.0,512,1024,1024,4096,1792,679.973,855.872,848.13,0.956
mixed,4,1,0.25,4.0,512,1024,2048,8192,3584,813.729,1168.451,1157.697,0.9697
mixed,4,1,0.25,4.0,512,1024,4096,16384,7168,1089.699,1778.658,1773.636,0.9927
mixed,4,1,0.25,4.0,512,2048,128,512,224,779.84,781.153,781.766,1.4669
mixed,4,1,0.25,4.0,512,2048,256,1024,448,783.874,783.168,779.744,
mixed,4,1,0.25,4.0,512,2048,512,2048,896,778.785,784.323,783.232,0.803
mixed,4,1,0.25,4.0,512,2048,1024,4096,1792,780.514,935.713,936.292,1.0037
mixed,4,1,0.25,4.0,512,2048,2048,8192,3584,897.444,1246.979,1238.98,0.9771
mixed,4,1,0.25,4.0,512,2048,4096,16384,7168,1166.15,1874.593,1856.803,0.9749
mixed,4,1,0.25,4.0,512,4096,128,512,224,1089.28,1087.52,1086.623,
mixed,4,1,0.25,4.0,512,4096,256,1024,448,1091.172,1090.113,1092.193,
mixed,4,1,0.25,4.0,512,4096,512,2048,896,1087.715,1089.058,1093.83,4.5532
mixed,4,1,0.25,4.0,512,4096,1024,4096,1792,1092.133,1089.922,1090.05,
mixed,4,1,0.25,4.0,512,4096,2048,8192,3584,1090.369,1403.335,1396.645,0.9786
mixed,4,1,0.25,4.0,512,4096,4096,16384,7168,1321.089,2018.051,2014.63,0.9951
mixed,4,1,0.25,4.0,512,8192,128,512,224,1694.344,1694.985,1695.684,2.0905
mixed,4,1,0.25,4.0,512,8192,256,1024,448,1695.144,1700.772,1698.884,0.6645
mixed,4,1,0.25,4.0,512,8192,512,2048,896,1696.674,1697.86,1703.01,5.3423
mixed,4,1,0.25,4.0,512,8192,1024,4096,1792,1692.449,1693.861,1701.828,6.6424
mixed,4,1,0.25,4.0,512,8192,2048,8192,3584,1695.397,1698.376,1700.289,1.6422
mixed,4,1,0.25,4.0,512,8192,4096,16384,7168,1696.196,2322.852,2313.222,0.9846
mixed,4,1,0.25,4.0,1024,0,128,512,224,773.026,772.324,770.917,
mixed,4,1,0.25,4.0,1024,0,256,1024,448,771.553,780.547,779.36,0.868
mixed,4,1,0.25,4.0,1024,0,512,2048,896,779.072,789.442,780.131,0.1021
mixed,4,1,0.25,4.0,1024,0,1024,4096,1792,780.993,794.496,784.418,0.2536
mixed,4,1,0.25,4.0,1024,0,2048,8192,3584,804.962,811.585,822.726,2.6822
mixed,4,1,0.25,4.0,1024,0,4096,16384,7168,819.78,841.255,828.675,0.4142
mixed,4,1,0.25,4.0,1024,512,128,512,224,932.359,934.945,933.823,0.5661
mixed,4,1,0.25,4.0,1024,512,256,1024,448,931.75,939.299,935.808,0.5376
mixed,4,1,0.25,4.0,1024,512,512,2048,896,938.465,946.725,941.128,0.3224
mixed,4,1,0.25,4.0,1024,512,1024,4096,1792,948.456,953.501,950.05,0.316
mixed,4,1,0.25,4.0,1024,512,2048,8192,3584,965.928,983.264,990.527,1.419
mixed,4,1,0.25,4.0,1024,512,4096,16384,7168,974.588,1006.054,989.12,0.4618
mixed,4,1,0.25,4.0,1024,1024,128,512,224,1005.026,1007.909,1011.521,2.2529
mixed,4,1,0.25,4.0,1024,1024,256,1024,448,1012.766,1015.652,1017.889,1.7751
mixed,4,1,0.25,4.0,1024,1024,512,2048,896,1011.939,1021.862,1015.003,0.3088
mixed,4,1,0.25,4.0,1024,1024,1024,4096,1792,1024.512,1030.562,1023.91,-0.0995
mixed,4,1,0.25,4.0,1024,1024,2048,8192,3584,1045.729,1050.657,1061.923,3.2861
mixed,4,1,0.25,4.0,1024,1024,4096,16384,7168,1056.838,1085.059,1072.033,0.5384
mixed,4,1,0.25,4.0,1024,2048,128,512,224,1163.141,1163.104,1159.364,
mixed,4,1,0.25,4.0,1024,2048,256,1024,448,1163.487,1169.887,1167.875,0.6856
mixed,4,1,0.25,4.0,1024,2048,512,2048,896,1168.676,1175.169,1169.345,0.103
mixed,4,1,0.25,4.0,1024,2048,1024,4096,1792,1186.531,1185.437,1177.794,
mixed,4,1,0.25,4.0,1024,2048,2048,8192,3584,1194.308,1209.894,1220.263,1.6653
mixed,4,1,0.25,4.0,1024,2048,4096,16384,7168,1211.523,1233.924,1211.232,-0.013
mixed,4,1,0.25,4.0,1024,4096,128,512,224,1483.491,1486.119,1493.508,3.8116
mixed,4,1,0.25,4.0,1024,4096,256,1024,448,1492.006,1500.542,1492.451,0.0521
mixed,4,1,0.25,4.0,1024,4096,512,2048,896,1492.035,1503.17,1500.23,0.736
mixed,4,1,0.25,4.0,1024,4096,1024,4096,1792,1516.258,1506.147,1515.204,
mixed,4,1,0.25,4.0,1024,4096,2048,8192,3584,1520.258,1537.857,1544.195,1.3601
mixed,4,1,0.25,4.0,1024,4096,4096,16384,7168,1532.746,1561.479,1547.081,0.4989
mixed,4,1,0.25,4.0,1024,8192,128,512,224,2104.134,2102.372,2104.838,
mixed,4,1,0.25,4.0,1024,8192,256,1024,448,2105.445,2113.125,2109.541,0.5333
mixed,4,1,0.25,4.0,1024,8192,512,2048,896,2108.939,2121.127,2114.147,0.4273
mixed,4,1,0.25,4.0,1024,8192,1024,4096,1792,2129.799,2129.222,2133.441,
mixed,4,1,0.25,4.0,1024,8192,2048,8192,3584,2145.897,2145.764,2161.628,
mixed,4,1,0.25,4.0,1024,8192,4096,16384,7168,2152.134,2173.545,2167.591,0.7219
mixed,4,1,0.25,4.0,2048,0,128,512,224,1402.245,1402.242,1402.755,
mixed,4,1,0.25,4.0,2048,0,256,1024,448,1403.4,1411.561,1404.358,0.1174
mixed,4,1,0.25,4.0,2048,0,512,2048,896,1411.204,1417.187,1413.827,0.4384
mixed,4,1,0.25,4.0,2048,0,1024,4096,1792,1413.795,1424.136,1415.753,0.1893
mixed,4,1,0.25,4.0,2048,0,2048,8192,3584,1436.257,1444.034,1457.672,2.7536
mixed,4,1,0.25,4.0,2048,0,4096,16384,7168,1448.485,1475.071,1462.022,0.5092
mixed,4,1,0.25,4.0,2048,512,128,512,224,1625.09,1627.72,1626.235,0.4354
mixed,4,1,0.25,4.0,2048,512,256,1024,448,1624.864,1630.431,1628.705,0.69
mixed,4,1,0.25,4.0,2048,512,512,2048,896,1629.507,1639.687,1634.628,0.503
mixed,4,1,0.25,4.0,2048,512,1024,4096,1792,1651.367,1650.275,1643.972,
mixed,4,1,0.25,4.0,2048,512,2048,8192,3584,1663.522,1671.397,1683.614,2.5514
mixed,4,1,0.25,4.0,2048,512,4096,16384,7168,1679.941,1695.653,1683.229,0.2093
mixed,4,1,0.25,4.0,2048,1024,128,512,224,1737.892,1737.861,1738.276,
mixed,4,1,0.25,4.0,2048,1024,256,1024,448,1735.556,1745.92,1736.845,0.1244
mixed,4,1,0.25,4.0,2048,1024,512,2048,896,1741.346,1750.434,1744.547,0.3522
mixed,4,1,0.25,4.0,2048,1024,1024,4096,1792,1761.124,1758.564,1753.831,
mixed,4,1,0.25,4.0,2048,1024,2048,8192,3584,1771.331,1782.694,1798.345,2.3774
mixed,4,1,0.25,4.0,2048,1024,4096,16384,7168,1787.525,1808.583,1813.343,1.226
mixed,4,1,0.25,4.0,2048,2048,128,512,224,1972.382,1974.436,1973.795,0.6879
mixed,4,1,0.25,4.0,2048,2048,256,1024,448,1973.249,1977.867,1974.372,0.2432
mixed,4,1,0.25,4.0,2048,2048,512,2048,896,1977.547,1988.83,1983.681,0.5436
mixed,4,1,0.25,4.0,2048,2048,1024,4096,1792,1994.653,1997.857,1986.949,-2.4045
mixed,4,1,0.25,4.0,2048,2048,2048,8192,3584,2006.498,2016.671,2034.437,2.7464
mixed,4,1,0.25,4.0,2048,2048,4096,16384,7168,2021.192,2042.976,2048.612,1.2587
mixed,4,1,0.25,4.0,2048,4096,128,512,224,2434.152,2435.529,2435.847,1.2309
mixed,4,1,0.25,4.0,2048,4096,256,1024,448,2443.423,2440.165,2436.611,
mixed,4,1,0.25,4.0,2048,4096,512,2048,896,2438.664,2448.995,2441.896,0.3128
mixed,4,1,0.25,4.0,2048,4096,1024,4096,1792,2461.67,2460.871,2470.472,
mixed,4,1,0.25,4.0,2048,4096,2048,8192,3584,2467.94,2484.003,2494.793,1.6717
mixed,4,1,0.25,4.0,2048,4096,4096,16384,7168,2480.553,2510.181,2501.326,0.7011
mixed,4,1,0.25,4.0,2048,8192,128,512,224,3318.474,3320.168,3318.946,0.2786
mixed,4,1,0.25,4.0,2048,8192,256,1024,448,3317.031,3325.313,3325.097,0.9739
mixed,4,1,0.25,4.0,2048,8192,512,2048,896,3319.116,3334.09,3317.606,-0.1008
mixed,4,1,0.25,4.0,2048,8192,1024,4096,1792,3342.955,3343.206,3353.069,40.2948
mixed,4,1,0.25,4.0,2048,8192,2048,8192,3584,3350.086,3360.367,3380.873,2.9946
mixed,4,1,0.25,4.0,2048,8192,4096,16384,7168,3362.25,3384.261,3380.074,0.8098
pure,4,2,0.5,4.0,0,0,128,512,320,206.27,210.4,209.088,0.6823
pure,4,2,0.5,4.0,0,0,256,1024,640,212.224,213.442,213.284,0.8703
pure,4,2,0.5,4.0,0,0,512,2048,1280,214.692,221.153,218.786,0.6336
pure,4,2,0.5,4.0,0,0,1024,4096,2560,223.392,231.328,228.995,0.706
pure,4,2,0.5,4.0,0,0,2048,8192,5120,246.05,249.41,245.504,-0.1625
pure,4,2,0.5,4.0,0,0,4096,16384,10240,257.503,277.15,265.663,0.4153
mixed,4,2,0.5,4.0,16,0,128,512,320,227.102,231.743,230.914,0.8214
mixed,4,2,0.5,4.0,16,0,256,1024,640,232.226,234.499,231.554,-0.2956
mixed,4,2,0.5,4.0,16,0,512,2048,1280,238.656,244.513,237.28,-0.2349
mixed,4,2,0.5,4.0,16,0,1024,4096,2560,241.343,260.419,247.165,0.3052
mixed,4,2,0.5,4.0,16,0,2048,8192,5120,267.492,270.719,270.559,0.9504
mixed,4,2,0.5,4.0,16,0,4096,16384,10240,284.414,319.903,315.523,0.8766
mixed,4,2,0.5,4.0,16,512,128,512,320,251.997,253.058,251.616,-0.3591
mixed,4,2,0.5,4.0,16,512,256,1024,640,250.719,253.568,250.272,-0.1569
mixed,4,2,0.5,4.0,16,512,512,2048,1280,257.44,248.577,252.831,
mixed,4,2,0.5,4.0,16,512,1024,4096,2560,254.338,262.91,257.922,0.4181
mixed,4,2,0.5,4.0,16,512,2048,8192,5120,263.074,278.304,275.934,0.8444
mixed,4,2,0.5,4.0,16,512,4096,16384,10240,289.63,319.525,318.497,0.9656
mixed,4,2,0.5,4.0,16,1024,128,512,320,260.382,257.409,259.073,
mixed,4,2,0.5,4.0,16,1024,256,1024,640,258.534,257.885,259.713,
mixed,4,2,0.5,4.0,16,1024,512,2048,1280,264.992,263.685,257.534,
mixed,4,2,0.5,4.0,16,1024,1024,4096,2560,269.601,265.921,258.369,
mixed,4,2,0.5,4.0,16,1024,2048,8192,5120,268.543,278.98,278.751,0.9781
mixed,4,2,0.5,4.0,16,1024,4096,16384,10240,289.028,323.202,318.112,0.8511
mixed,4,2,0.5,4.0,16,2048,128,512,320,273.185,272.224,272.094,
mixed,4,2,0.5,4.0,16,2048,256,1024,640,273.026,271.936,271.806,
mixed,4,2,0.5,4.0,16,2048,512,2048,1280,274.846,268.577,274.849,
mixed,4,2,0.5,4.0,16,2048,1024,4096,2560,270.241,278.817,266.751,-0.4069
mixed,4,2,0.5,4.0,16,2048,2048,8192,5120,268.737,283.905,279.167,0.6876
mixed,4,2,0.5,4.0,16,2048,4096,16384,10240,293.955,326.497,323.264,0.9007
mixed,4,2,0.5,4.0,16,4096,128,512,320,284.577,287.041,285.152,0.2334
mixed,4,2,0.5,4.0,16,4096,256,1024,640,285.282,286.014,286.627,1.8374
mixed,4,2,0.5,4.0,16,4096,512,2048,1280,285.983,284.349,285.79,
mixed,4,2,0.5,4.0,16,4096,1024,4096,2560,288.35,286.883,287.618,
mixed,4,2,0.5,4.0,16,4096,2048,8192,5120,288.506,297.597,286.366,-0.2354
mixed,4,2,0.5,4.0,16,4096,4096,16384,10240,299.229,332.8,326.687,0.8179
mixed,4,2,0.5,4.0,16,8192,128,512,320,308.638,309.793,308.447,-0.1654
mixed,4,2,0.5,4.0,16,8192,256,1024,640,308.544,307.742,307.52,
mixed,4,2,0.5,4.0,16,8192,512,2048,1280,309.28,309.759,306.431,-5.9478
mixed,4,2,0.5,4.0,16,8192,1024,4096,2560,309.089,311.647,310.046,0.3741
mixed,4,2,0.5,4.0,16,8192,2048,8192,5120,315.842,317.25,313.823,-1.4339
mixed,4,2,0.5,4.0,16,8192,4096,16384,10240,312.448,332.608,326.4,0.6921
mixed,4,2,0.5,4.0,32,0,128,512,320,236.419,236.005,234.431,
mixed,4,2,0.5,4.0,32,0,256,1024,640,234.978,242.785,239.299,0.5535
mixed,4,2,0.5,4.0,32,0,512,2048,1280,246.245,252.129,250.561,0.7335
mixed,4,2,0.5,4.0,32,0,1024,4096,2560,257.027,272.002,272.094,1.0061
mixed,4,2,0.5,4.0,32,0,2048,8192,5120,279.998,309.599,309.507,0.9969
mixed,4,2,0.5,4.0,32,0,4096,16384,10240,329.056,388.739,390.529,1.03
mixed,4,2,0.5,4.0,32,512,128,512,320,264.484,263.295,264.447,
mixed,4,2,0.5,4.0,32,512,256,1024,640,264.704,259.456,258.177,
mixed,4,2,0.5,4.0,32,512,512,2048,1280,260.928,263.427,264.35,1.3693
mixed,4,2,0.5,4.0,32,512,1024,4096,2560,267.52,286.595,278.018,0.5504
mixed,4,2,0.5,4.0,32,512,2048,8192,5120,295.042,319.742,318.146,0.9354
mixed,4,2,0.5,4.0,32,512,4096,16384,10240,338.946,390.561,392.546,1.0385
mixed,4,2,0.5,4.0,32,1024,128,512,320,274.909,276.289,276.867,1.4188
mixed,4,2,0.5,4.0,32,1024,256,1024,640,276.093,280.064,275.843,-0.063
mixed,4,2,0.5,4.0,32,1024,512,2048,1280,278.046,266.24,269.35,
mixed,4,2,0.5,4.0,32,1024,1024,4096,2560,272.256,286.367,285.153,0.914
mixed,4,2,0.5,4.0,32,1024,2048,8192,5120,295.42,322.851,319.746,0.8868
mixed,4,2,0.5,4.0,32,1024,4096,16384,10240,344.768,397.859,399.935,1.0391
mixed,4,2,0.5,4.0,32,2048,128,512,320,289.442,287.136,290.498,
mixed,4,2,0.5,4.0,32,2048,256,1024,640,288.509,287.84,285.406,
mixed,4,2,0.5,4.0,32,2048,512,2048,1280,290.466,290.655,287.681,-14.7354
mixed,4,2,0.5,4.0,32,2048,1024,4096,2560,289.634,288.802,286.08,
mixed,4,2,0.5,4.0,32,2048,2048,8192,5120,296.64,324.16,321.249,0.8942
mixed,4,2,0.5,4.0,32,2048,4096,16384,10240,343.78,399.011,401.533,1.0457
mixed,4,2,0.5,4.0,32,4096,128,512,320,310.431,315.426,313.216,0.5576
mixed,4,2,0.5,4.0,32,4096,256,1024,640,312.419,312.386,312.898,
mixed,4,2,0.5,4.0,32,4096,512,2048,1280,314.722,313.536,314.014,
mixed,4,2,0.5,4.0,32,4096,1024,4096,2560,313.663,318.564,314.016,0.072
mixed,4,2,0.5,4.0,32,4096,2048,8192,5120,309.442,328.416,323.971,0.7657
mixed,4,2,0.5,4.0,32,4096,4096,16384,10240,346.016,403.71,399.52,0.9274
mixed,4,2,0.5,4.0,32,8192,128,512,320,351.677,353.284,353.859,1.3578
mixed,4,2,0.5,4.0,32,8192,256,1024,640,352.061,352.74,352.291,0.3387
mixed,4,2,0.5,4.0,32,8192,512,2048,1280,369.536,355.681,354.047,
mixed,4,2,0.5,4.0,32,8192,1024,4096,2560,356.32,355.49,355.459,
mixed,4,2,0.5,4.0,32,8192,2048,8192,5120,356.61,366.624,358.498,0.1885
mixed,4,2,0.5,4.0,32,8192,4096,16384,10240,362.658,407.27,403.999,0.9267
mixed,4,2,0.5,4.0,64,0,128,512,320,241.346,245.63,244.417,0.7169
mixed,4,2,0.5,4.0,64,0,256,1024,640,245.248,255.296,253.411,0.8124
mixed,4,2,0.5,4.0,64,0,512,2048,1280,259.106,276.577,272.578,0.7711
mixed,4,2,0.5,4.0,64,0,1024,4096,2560,283.071,310.143,313.218,1.1136
mixed,4,2,0.5,4.0,64,0,2048,8192,5120,332.193,388.448,386.593,0.967
mixed,4,2,0.5,4.0,64,0,4096,16384,10240,426.111,543.01,539.491,0.9699
mixed,4,2,0.5,4.0,64,512,128,512,320,290.08,291.108,288.673,-1.3687
mixed,4,2,0.5,4.0,64,512,256,1024,640,286.624,278.176,278.877,
mixed,4,2,0.5,4.0,64,512,512,2048,1280,283.392,297.376,297.856,1.0343
mixed,4,2,0.5,4.0,64,512,1024,4096,2560,307.299,329.921,334.912,1.2206
mixed,4,2,0.5,4.0,64,512,2048,8192,5120,351.456,406.014,406.208,1.0036
mixed,4,2,0.5,4.0,64,512,4096,16384,10240,445.473,544.994,561.703,1.1679
mixed,4,2,0.5,4.0,64,1024,128,512,320,302.304,315.394,295.618,-0.5108
mixed,4,2,0.5,4.0,64,1024,256,1024,640,304.608,300.511,312.608,
mixed,4,2,0.5,4.0,64,1024,512,2048,1280,297.986,297.057,295.713,
mixed,4,2,0.5,4.0,64,1024,1024,4096,2560,305.664,335.487,335.619,1.0044
mixed,4,2,0.5,4.0,64,1024,2048,8192,5120,354.24,407.713,413.733,1.1126
mixed,4,2,0.5,4.0,64,1024,4096,16384,10240,447.907,559.298,561.953,1.0238
mixed,4,2,0.5,4.0,64,2048,128,512,320,316.86,320.227,317.154,0.0873
mixed,4,2,0.5,4.0,64,2048,256,1024,640,328.639,348.963,327.423,-0.0598
mixed,4,2,0.5,4.0,64,2048,512,2048,1280,340.352,350.464,349.727,0.9271
mixed,4,2,0.5,4.0,64,2048,1024,4096,2560,326.911,337.726,335.137,0.7606
mixed,4,2,0.5,4.0,64,2048,2048,8192,5120,355.584,412.579,413.344,1.0134
mixed,4,2,0.5,4.0,64,2048,4096,16384,10240,452.671,557.67,565.218,1.0719
mixed,4,2,0.5,4.0,64,4096,128,512,320,359.398,357.669,357.154,
mixed,4,2,0.5,4.0,64,4096,256,1024,640,356.577,357.217,359.105,3.95
mixed,4,2,0.5,4.0,64,4096,512,2048,1280,379.807,429.793,388.352,0.1709
mixed,4,2,0.5,4.0,64,4096,1024,4096,2560,413.343,430.851,429.536,0.9249
mixed,4,2,0.5,4.0,64,4096,2048,8192,5120,452.544,414.338,510.179,
mixed,4,2,0.5,4.0,64,4096,4096,16384,10240,455.55,565.889,566.595,1.0064
mixed,4,2,0.5,4.0,64,8192,128,512,320,434.787,435.616,435.681,1.0784
mixed,4,2,0.5,4.0,64,8192,256,1024,640,436.129,436.545,432.546,-8.613
mixed,4,2,0.5,4.0,64,8192,512,2048,1280,434.949,435.488,435.646,1.2931
mixed,4,2,0.5,4.0,64,8192,1024,4096,2560,478.722,591.142,503.521,0.2206
mixed,4,2,0.5,4.0,64,8192,2048,8192,5120,556.929,589.727,590.531,1.0245
mixed,4,2,0.5,4.0,64,8192,4096,16384,10240,627.01,572.159,744.356,
mixed,4,2,0.5,4.0,128,0,128,512,320,266.622,269.694,273.443,2.2204
mixed,4,2,0.5,4.0,128,0,256,1024,640,277.376,289.955,292.549,1.2062
mixed,4,2,0.5,4.0,128,0,512,2048,1280,299.902,328.161,329.247,1.0384
mixed,4,2,0.5,4.0,128,0,1024,4096,2560,347.171,407.875,406.752,0.9815
mixed,4,2,0.5,4.0,128,0,2048,8192,5120,448.096,563.171,562.074,0.9905
mixed,4,2,0.5,4.0,128,0,4096,16384,10240,636.863,865.628,869.86,1.0185
mixed,4,2,0.5,4.0,128,512,128,512,320,320.096,356.32,337.054,0.4681
mixed,4,2,0.5,4.0,128,512,256,1024,640,361.472,373.857,350.69,-0.8706
mixed,4,2,0.5,4.0,128,512,512,2048,1280,385.282,411.326,368.512,-0.6439
mixed,4,2,0.5,4.0,128,512,1024,4096,2560,430.819,490.593,444.349,0.2264
mixed,4,2,0.5,4.0,128,512,2048,8192,5120,527.81,563.748,597.314,1.934
mixed,4,2,0.5,4.0,128,512,4096,16384,10240,639.037,869.635,869.952,1.0014
mixed,4,2,0.5,4.0,128,1024,128,512,320,348.223,349.215,350.179,1.9718
mixed,4,2,0.5,4.0,128,1024,256,1024,640,357.826,392.58,368.64,0.3112
mixed,4,2,0.5,4.0,128,1024,512,2048,1280,405.252,434.718,391.584,-0.4639
mixed,4,2,0.5,4.0,128,1024,1024,4096,2560,450.406,510.24,446.53,-0.0648
mixed,4,2,0.5,4.0,128,1024,2048,8192,5120,547.71,662.53,599.584,0.4518
mixed,4,2,0.5,4.0,128,1024,4096,16384,10240,739.937,868.257,901.534,1.2593
mixed,4,2,0.5,4.0,128,2048,128,512,320,387.966,387.52,388.769,
mixed,4,2,0.5,4.0,128,2048,256,1024,640,387.105,387.999,390.655,3.9709
mixed,4,2,0.5,4.0,128,2048,512,2048,1280,407.614,471.806,427.041,0.3026
mixed,4,2,0.5,4.0,128,2048,1024,4096,2560,494.076,550.725,471.782,-0.3935
mixed,4,2,0.5,4.0,128,2048,2048,8192,5120,589.661,702.949,597.665,0.0707
mixed,4,2,0.5,4.0,128,2048,4096,16384,10240,778.852,1008.899,904.676,0.5469
mixed,4,2,0.5,4.0,128,4096,128,512,320,468.48,467.233,467.267,
mixed,4,2,0.5,4.0,128,4096,256,1024,640,469.124,468.866,470.911,
mixed,4,2,0.5,4.0,128,4096,512,2048,1280,464.644,465.791,468.097,3.0105
mixed,4,2,0.5,4.0,128,4096,1024,4096,2560,508.037,631.906,549.282,0.333
mixed,4,2,0.5,4.0,128,4096,2048,8192,5120,676.548,788.292,628.259,-0.4321
mixed,4,2,0.5,4.0,128,4096,4096,16384,10240,863.457,1092.226,907.267,0.1915
mixed,4,2,0.5,4.0,128,8192,128,512,320,620.963,621.607,626.404,8.4488
mixed,4,2,0.5,4.0,128,8192,256,1024,640,622.049,621.444,620.259,
mixed,4,2,0.5,4.0,128,8192,512,2048,1280,620.095,622.085,622.271,1.0935
mixed,4,2,0.5,4.0,128,8192,1024,4096,2560,624.037,619.838,624.255,
mixed,4,2,0.5,4.0,128,8192,2048,8192,5120,707.397,945.891,785.089,0.3258
mixed,4,2,0.5,4.0,128,8192,4096,16384,10240,1026.624,1255.041,942.083,-0.3701
mixed,4,2,0.5,4.0,256,0,128,512,320,306.69,321.221,320.83,0.9731
mixed,4,2,0.5,4.0,256,0,256,1024,640,332.29,359.618,357.858,0.9356
mixed,4,2,0.5,4.0,256,0,512,2048,1280,379.3,436.034,437.221,1.0209
mixed,4,2,0.5,4.0,256,0,1024,4096,2560,477.09,589.409,590.243,1.0074
mixed,4,2,0.5,4.0,256,0,2048,8192,5120,668.193,909.343,897.762,0.952
mixed,4,2,0.5,4.0,256,0,4096,16384,10240,1065.41,1529.667,1526.216,0.9926
mixed,4,2,0.5,4.0,256,512,128,512,320,338.145,340.962,340.035,0.6709
mixed,4,2,0.5,4.0,256,512,256,1024,640,338.561,357.76,361.505,1.1951
mixed,4,2,0.5,4.0,256,512,512,2048,1280,381.155,438.109,435.105,0.9473
mixed,4,2,0.5,4.0,256,512,1024,4096,2560,478.594,591.235,592.77,1.0136
mixed,4,2,0.5,4.0,256,512,2048,8192,5120,666.976,909.472,896.194,0.9452
mixed,4,2,0.5,4.0,256,512,4096,16384,10240,1064.61,1525.124,1521.605,0.9924
mixed,4,2,0.5,4.0,256,1024,128,512,320,378.018,376.898,378.243,
mixed,4,2,0.5,4.0,256,1024,256,1024,640,375.744,375.426,377.506,
mixed,4,2,0.5,4.0,256,1024,512,2048,1280,377.026,436.96,436.67,0.9952
mixed,4,2,0.5,4.0,256,1024,1024,4096,2560,476.929,591.168,590.241,0.9919
mixed,4,2,0.5,4.0,256,1024,2048,8192,5120,667.65,913.093,898.049,0.9387
mixed,4,2,0.5,4.0,256,1024,4096,16384,10240,1064.87,1528.131,1523.012,0.989
mixed,4,2,0.5,4.0,256,2048,128,512,320,453.405,454.016,455.456,3.3568
mixed,4,2,0.5,4.0,256,2048,256,1024,640,456.003,454.017,454.781,
mixed,4,2,0.5,4.0,256,2048,512,2048,1280,451.809,454.336,451.485,-0.1282
mixed,4,2,0.5,4.0,256,2048,1024,4096,2560,476.258,592.385,592.672,1.0025
mixed,4,2,0.5,4.0,256,2048,2048,8192,5120,669.348,912.421,902.082,0.9575
mixed,4,2,0.5,4.0,256,2048,4096,16384,10240,1065.857,1528.646,1525.765,0.9938
mixed,4,2,0.5,4.0,256,4096,128,512,320,612.543,614.406,611.747,-0.4273
mixed,4,2,0.5,4.0,256,4096,256,1024,640,614.784,616.546,611.041,-2.1243
mixed,4,2,0.5,4.0,256,4096,512,2048,1280,615.136,619.587,615.554,0.0939
mixed,4,2,0.5,4.0,256,4096,1024,4096,2560,617.187,616.579,614.046,
mixed,4,2,0.5,4.0,256,4096,2048,8192,5120,680.516,917.156,912.929,0.9821
mixed,4,2,0.5,4.0,256,4096,4096,16384,10240,1070.468,1535.17,1530.529,0.99
mixed,4,2,0.5,4.0,256,8192,128,512,320,921.54,920.132,918.18,
mixed,4,2,0.5,4.0,256,8192,256,1024,640,919.456,918.051,918.723,
mixed,4,2,0.5,4.0,256,8192,512,2048,1280,917.415,920.961,921.412,1.1272
mixed,4,2,0.5,4.0,256,8192,1024,4096,2560,926.244,926.626,924.802,-3.7749
mixed,4,2,0.5,4.0,256,8192,2048,8192,5120,928.644,929.954,928.675,0.0237
mixed,4,2,0.5,4.0,256,8192,4096,16384,10240,1069.825,1536.001,1528.645,0.9842
mixed,4,2,0.5,4.0,512,0,128,512,320,464.995,465.665,467.2,3.291
mixed,4,2,0.5,4.0,512,0,256,1024,640,465.442,481.73,480.774,0.9413
mixed,4,2,0.5,4.0,512,0,512,2048,1280,503.461,563.489,560.418,0.9488
mixed,4,2,0.5,4.0,512,0,1024,4096,2560,602.881,717.408,716.864,0.9953
mixed,4,2,0.5,4.0,512,0,2048,8192,5120,793.28,1023.875,1022.881,0.9957
mixed,4,2,0.5,4.0,512,0,4096,16384,10240,1181.638,1638.852,1646.5,1.0167
mixed,4,2,0.5,4.0,512,512,128,512,320,542.34,543.746,542.24,-0.0711
mixed,4,2,0.5,4.0,512,512,256,1024,640,552.037,581.445,575.328,0.792
mixed,4,2,0.5,4.0,512,512,512,2048,1280,600.033,656.862,657.89,1.0181
mixed,4,2,0.5,4.0,512,512,1024,4096,2560,698.949,816.098,811.297,0.959
mixed,4,2,0.5,4.0,512,512,2048,8192,5120,888.414,1124.674,1118.82,0.9752
mixed,4,2,0.5,4.0,512,512,4096,16384,10240,1275.877,1740.197,1740.866,1.0014
mixed,4,2,0.5,4.0,512,1024,128,512,320,621.984,623.618,621.155,-0.5073
mixed,4,2,0.5,4.0,512,1024,256,1024,640,625.984,625.729,619.139,
mixed,4,2,0.5,4.0,512,1024,512,2048,1280,641.28,695.678,700.836,1.0948
mixed,4,2,0.5,4.0,512,1024,1024,4096,2560,735.232,850.369,847.488,0.975
mixed,4,2,0.5,4.0,512,1024,2048,8192,5120,930.845,1165.409,1160.096,0.9773
mixed,4,2,0.5,4.0,512,1024,4096,16384,10240,1316.55,1782.953,1776.096,0.9853
mixed,4,2,0.5,4.0,512,2048,128,512,320,778.372,785.216,782.598,0.6175
mixed,4,2,0.5,4.0,512,2048,256,1024,640,781.311,782.082,782.017,0.9157
mixed,4,2,0.5,4.0,512,2048,512,2048,1280,779.65,781.537,783.814,2.2067
mixed,4,2,0.5,4.0,512,2048,1024,4096,2560,818.628,934.498,936.897,1.0207
mixed,4,2,0.5,4.0,512,2048,2048,8192,5120,1012.673,1248.998,1238.594,0.956
mixed,4,2,0.5,4.0,512,2048,4096,16384,10240,1401.86,1866.915,1864.197,0.9942
mixed,4,2,0.5,4.0,512,4096,128,512,320,1091.013,1092.643,1088.868,-1.316
mixed,4,2,0.5,4.0,512,4096,256,1024,640,1089.858,1086.435,1092.484,
mixed,4,2,0.5,4.0,512,4096,512,2048,1280,1092.551,1090.433,1088.322,
mixed,4,2,0.5,4.0,512,4096,1024,4096,2560,1092.611,1089.059,1089.151,
mixed,4,2,0.5,4.0,512,4096,2048,8192,5120,1164.354,1399.807,1398.339,0.9938
mixed,4,2,0.5,4.0,512,4096,4096,16384,10240,1553.219,2020.259,2017.125,0.9933
mixed,4,2,0.5,4.0,512,8192,128,512,320,1698.369,1693.83,1698.565,
mixed,4,2,0.5,4.0,512,8192,256,1024,640,1699.681,1697.089,1692.546,
mixed,4,2,0.5,4.0,512,8192,512,2048,1280,1696.195,1696.996,1692.935,-4.0699
mixed,4,2,0.5,4.0,512,8192,1024,4096,2560,1697.797,1695.937,1697.219,
mixed,4,2,0.5,4.0,512,8192,2048,8192,5120,1696.52,1702.913,1702.343,0.9108
mixed,4,2,0.5,4.0,512,8192,4096,16384,10240,1858.596,2319.91,2322.536,1.0057
mixed,4,2,0.5,4.0,1024,0,128,512,320,768.386,767.653,769.697,
mixed,4,2,0.5,4.0,1024,0,256,1024,640,775.748,776.036,776.005,0.8924
mixed,4,2,0.5,4.0,1024,0,512,2048,1280,777.951,782.305,779.426,0.3388
mixed,4,2,0.5,4.0,1024,0,1024,4096,2560,787.681,791.714,789.635,0.4845
mixed,4,2,0.5,4.0,1024,0,2048,8192,5120,807.877,817.285,805.406,-0.2626
mixed,4,2,0.5,4.0,1024,0,4096,16384,10240,819.389,845.54,831.329,0.4566
mixed,4,2,0.5,4.0,1024,512,128,512,320,932.51,928.709,933.379,
mixed,4,2,0.5,4.0,1024,512,256,1024,640,937.219,938.848,935.201,-1.2388
mixed,4,2,0.5,4.0,1024,512,512,2048,1280,938.879,948.836,941.483,0.2615
mixed,4,2,0.5,4.0,1024,512,1024,4096,2560,947.042,955.974,950.496,0.3867
mixed,4,2,0.5,4.0,1024,512,2048,8192,5120,972.037,977.44,971.301,-0.1362
mixed,4,2,0.5,4.0,1024,512,4096,16384,10240,981.375,1008.837,988.615,0.2636
mixed,4,2,0.5,4.0,1024,1024,128,512,320,1005.342,1005.343,1005.665,323.0
mixed,4,2,0.5,4.0,1024,1024,256,1024,640,1012.385,1013.986,1015.137,1.7189
mixed,4,2,0.5,4.0,1024,1024,512,2048,1280,1022.273,1021.317,1022.756,
mixed,4,2,0.5,4.0,1024,1024,1024,4096,2560,1033.48,1029.568,1030.147,
mixed,4,2,0.5,4.0,1024,1024,2048,8192,5120,1051.653,1052.905,1047.008,-3.7101
mixed,4,2,0.5,4.0,1024,1024,4096,16384,10240,1061.218,1086.213,1069.987,0.3508
mixed,4,2,0.5,4.0,1024,2048,128,512,320,1160.804,1165.794,1164.932,0.8273
mixed,4,2,0.5,4.0,1024,2048,256,1024,640,1168.006,1167.689,1168.129,
mixed,4,2,0.5,4.0,1024,2048,512,2048,1280,1173.794,1183.774,1176.39,0.2601
mixed,4,2,0.5,4.0,1024,2048,1024,4096,2560,1180.419,1184.037,1180.544,0.0345
mixed,4,2,0.5,4.0,1024,2048,2048,8192,5120,1208.677,1209.863,1198.752,-8.3685
mixed,4,2,0.5,4.0,1024,2048,4096,16384,10240,1213.733,1236.545,1216.933,0.1403
mixed,4,2,0.5,4.0,1024,4096,128,512,320,1492.233,1489.955,1496.23,
mixed,4,2,0.5,4.0,1024,4096,256,1024,640,1493.285,1499.621,1488.482,-0.758
mixed,4,2,0.5,4.0,1024,4096,512,2048,1280,1499.238,1504.45,1505.443,1.1905
mixed,4,2,0.5,4.0,1024,4096,1024,4096,2560,1507.014,1509.955,1508.263,0.4247
mixed,4,2,0.5,4.0,1024,4096,2048,8192,5120,1527.397,1532.514,1529.223,0.3568
mixed,4,2,0.5,4.0,1024,4096,4096,16384,10240,1534.656,1560.389,1544.892,0.3978
mixed,4,2,0.5,4.0,1024,8192,128,512,320,2100.742,2104.003,2110.147,2.8841
mixed,4,2,0.5,4.0,1024,8192,256,1024,640,2107.14,2116.352,2111.432,0.4659
mixed,4,2,0.5,4.0,1024,8192,512,2048,1280,2111.587,2120.705,2119.081,0.8219
mixed,4,2,0.5,4.0,1024,8192,1024,4096,2560,2123.945,2133.414,2123.009,-0.0988
mixed,4,2,0.5,4.0,1024,8192,2048,8192,5120,2145.41,2143.495,2152.745,
mixed,4,2,0.5,4.0,1024,8192,4096,16384,10240,2154.471,2180.641,2158.026,0.1358
mixed,4,2,0.5,4.0,2048,0,128,512,320,1400.733,1401.767,1405.416,4.529
mixed,4,2,0.5,4.0,2048,0,256,1024,640,1402.529,1407.203,1405.601,0.6573
mixed,4,2,0.5,4.0,2048,0,512,2048,1280,1412.547,1417.252,1414.441,0.4026
mixed,4,2,0.5,4.0,2048,0,1024,4096,2560,1423.398,1426.942,1425.19,0.5056
mixed,4,2,0.5,4.0,2048,0,2048,8192,5120,1445.48,1436.768,1438.02,
mixed,4,2,0.5,4.0,2048,0,4096,16384,10240,1454.979,1474.815,1462.757,0.3921
mixed,4,2,0.5,4.0,2048,512,128,512,320,1626.692,1628.708,1625.192,-0.744
mixed,4,2,0.5,4.0,2048,512,256,1024,640,1635.234,1633.669,1629.733,
mixed,4,2,0.5,4.0,2048,512,512,2048,1280,1635.908,1640.064,1640.96,1.2156
mixed,4,2,0.5,4.0,2048,512,1024,4096,2560,1645.664,1650.149,1647.209,0.3445
mixed,4,2,0.5,4.0,2048,512,2048,8192,5120,1661.061,1668.673,1667.269,0.8156
mixed,4,2,0.5,4.0,2048,512,4096,16384,10240,1683.393,1699.044,1683.655,0.0167
mixed,4,2,0.5,4.0,2048,1024,128,512,320,1734.247,1737.315,1735.97,0.5616
mixed,4,2,0.5,4.0,2048,1024,256,1024,640,1739.429,1733.442,1743.135,
mixed,4,2,0.5,4.0,2048,1024,512,2048,1280,1742.92,1750.599,1750.182,0.9457
mixed,4,2,0.5,4.0,2048,1024,1024,4096,2560,1756.423,1758.443,1759.523,1.5347
mixed,4,2,0.5,4.0,2048,1024,2048,8192,5120,1778.466,1781.351,1780.132,0.5775
mixed,4,2,0.5,4.0,2048,1024,4096,16384,10240,1788.457,1809.06,1794.975,0.3164
mixed,4,2,0.5,4.0,2048,2048,128,512,320,1975.167,1973.215,1976.485,
mixed,4,2,0.5,4.0,2048,2048,256,1024,640,1974.887,1986.852,1975.458,0.0477
mixed,4,2,0.5,4.0,2048,2048,512,2048,1280,1982.029,1983.011,1985.441,3.4745
mixed,4,2,0.5,4.0,2048,2048,1024,4096,2560,1993.095,1999.299,1999.201,0.9842
mixed,4,2,0.5,4.0,2048,2048,2048,8192,5120,2014.058,2020.489,2009.192,-0.7566
mixed,4,2,0.5,4.0,2048,2048,4096,16384,10240,2029.348,2046.5,2028.425,-0.0538
mixed,4,2,0.5,4.0,2048,4096,128,512,320,2436.135,2433.765,2431.778,
mixed,4,2,0.5,4.0,2048,4096,256,1024,640,2432.035,2439.522,2436.589,0.6083
mixed,4,2,0.5,4.0,2048,4096,512,2048,1280,2450.82,2453.736,2443.59,-2.4794
mixed,4,2,0.5,4.0,2048,4096,1024,4096,2560,2451.459,2455.463,2453.768,0.5767
mixed,4,2,0.5,4.0,2048,4096,2048,8192,5120,2474.119,2480.038,2474.436,0.0536
mixed,4,2,0.5,4.0,2048,4096,4096,16384,10240,2485.063,2504.805,2490.151,0.2577
mixed,4,2,0.5,4.0,2048,8192,128,512,320,3317.894,3313.512,3316.483,
mixed,4,2,0.5,4.0,2048,8192,256,1024,640,3323.371,3322.601,3321.16,
mixed,4,2,0.5,4.0,2048,8192,512,2048,1280,3325.771,3335.501,3327.206,0.1475
mixed,4,2,0.5,4.0,2048,8192,1024,4096,2560,3340.91,3339.014,3341.256,
mixed,4,2,0.5,4.0,2048,8192,2048,8192,5120,3351.625,3360.816,3358.536,0.7519
mixed,4,2,0.5,4.0,2048,8192,4096,16384,10240,3374.891,3388.781,3374.886,-0.0004
pure,4,3,0.75,4.0,0,0,128,512,416,212.193,209.826,212.386,
pure,4,3,0.75,4.0,0,0,256,1024,832,213.538,214.399,214.466,1.0778
pure,4,3,0.75,4.0,0,0,512,2048,1664,216.225,220.129,222.975,1.729
pure,4,3,0.75,4.0,0,0,1024,4096,3328,237.569,233.183,234.848,
pure,4,3,0.75,4.0,0,0,2048,8192,6656,248.322,253.408,244.098,-0.8305
pure,4,3,0.75,4.0,0,0,4096,16384,13312,266.495,274.975,278.306,1.3928
mixed,4,3,0.75,4.0,16,0,128,512,416,230.816,230.787,231.169,
mixed,4,3,0.75,4.0,16,0,256,1024,832,234.718,235.842,234.306,-0.3665
mixed,4,3,0.75,4.0,16,0,512,2048,1664,238.529,247.104,244.323,0.6757
mixed,4,3,0.75,4.0,16,0,1024,4096,3328,252.703,258.689,254.5,0.3002
mixed,4,3,0.75,4.0,16,0,2048,8192,6656,263.938,272.0,275.168,1.393
mixed,4,3,0.75,4.0,16,0,4096,16384,13312,299.072,320.93,319.521,0.9355
mixed,4,3,0.75,4.0,16,512,128,512,416,251.651,251.04,251.971,
mixed,4,3,0.75,4.0,16,512,256,1024,832,250.529,254.147,256.868,1.7521
mixed,4,3,0.75,4.0,16,512,512,2048,1664,261.122,250.783,254.464,
mixed,4,3,0.75,4.0,16,512,1024,4096,3328,259.169,264.349,256.446,-0.5257
mixed,4,3,0.75,4.0,16,512,2048,8192,6656,275.426,276.194,278.66,4.2109
mixed,4,3,0.75,4.0,16,512,4096,16384,13312,302.528,320.64,323.264,1.1449
mixed,4,3,0.75,4.0,16,1024,128,512,416,259.171,259.778,257.856,-2.1664
mixed,4,3,0.75,4.0,16,1024,256,1024,832,257.57,259.779,257.247,-0.1462
mixed,4,3,0.75,4.0,16,1024,512,2048,1664,261.79,263.133,261.697,-0.0692
mixed,4,3,0.75,4.0,16,1024,1024,4096,3328,259.68,265.918,260.066,0.0619
mixed,4,3,0.75,4.0,16,1024,2048,8192,6656,276.547,279.422,278.947,0.8348
mixed,4,3,0.75,4.0,16,1024,4096,16384,13312,303.172,324.45,329.117,1.2193
mixed,4,3,0.75,4.0,16,2048,128,512,416,268.672,270.626,276.161,3.8327
mixed,4,3,0.75,4.0,16,2048,256,1024,832,272.383,273.314,272.837,0.4876
mixed,4,3,0.75,4.0,16,2048,512,2048,1664,269.73,268.255,264.671,
mixed,4,3,0.75,4.0,16,2048,1024,4096,3328,275.647,274.75,268.356,
mixed,4,3,0.75,4.0,16,2048,2048,8192,6656,279.522,288.99,283.807,0.4526
mixed,4,3,0.75,4.0,16,2048,4096,16384,13312,308.321,326.59,328.388,1.0984
mixed,4,3,0.75,4.0,16,4096,128,512,416,284.766,285.435,286.046,1.9133
mixed,4,3,0.75,4.0,16,4096,256,1024,832,289.346,286.821,289.472,
mixed,4,3,0.75,4.0,16,4096,512,2048,1664,286.974,285.723,285.184,
mixed,4,3,0.75,4.0,16,4096,1024,4096,3328,284.737,288.445,287.552,0.7592
mixed,4,3,0.75,4.0,16,4096,2048,8192,6656,297.41,300.833,286.336,-3.2352
mixed,4,3,0.75,4.0,16,4096,4096,16384,13312,310.179,333.085,328.159,0.7849
mixed,4,3,0.75,4.0,16,8192,128,512,416,308.898,310.051,310.113,1.0538
mixed,4,3,0.75,4.0,16,8192,256,1024,832,308.61,309.059,307.262,-3.0022
mixed,4,3,0.75,4.0,16,8192,512,2048,1664,308.83,308.739,309.024,
mixed,4,3,0.75,4.0,16,8192,1024,4096,3328,312.447,312.064,310.755,
mixed,4,3,0.75,4.0,16,8192,2048,8192,6656,314.081,320.96,316.191,0.3067
mixed,4,3,0.75,4.0,16,8192,4096,16384,13312,330.527,332.704,330.335,-0.0882
mixed,4,3,0.75,4.0,32,0,128,512,416,235.17,236.993,235.135,-0.0192
mixed,4,3,0.75,4.0,32,0,256,1024,832,238.4,241.761,242.851,1.3243
mixed,4,3,0.75,4.0,32,0,512,2048,1664,245.95,251.519,251.23,0.9481
mixed,4,3,0.75,4.0,32,0,1024,4096,3328,261.695,273.147,270.849,0.7993
mixed,4,3,0.75,4.0,32,0,2048,8192,6656,297.153,310.269,307.968,0.8246
mixed,4,3,0.75,4.0,32,0,4096,16384,13312,358.913,388.099,386.141,0.9329
mixed,4,3,0.75,4.0,32,512,128,512,416,264.162,263.809,264.449,
mixed,4,3,0.75,4.0,32,512,256,1024,832,266.178,259.617,260.352,
mixed,4,3,0.75,4.0,32,512,512,2048,1664,258.4,261.981,261.534,0.8752
mixed,4,3,0.75,4.0,32,512,1024,4096,3328,275.809,283.711,281.437,0.7122
mixed,4,3,0.75,4.0,32,512,2048,8192,6656,307.01,320.096,318.431,0.8728
mixed,4,3,0.75,4.0,32,512,4096,16384,13312,363.906,392.128,393.085,1.0339
mixed,4,3,0.75,4.0,32,1024,128,512,416,275.81,275.3,276.384,
mixed,4,3,0.75,4.0,32,1024,256,1024,832,277.695,275.715,278.465,
mixed,4,3,0.75,4.0,32,1024,512,2048,1664,272.453,268.478,268.033,
mixed,4,3,0.75,4.0,32,1024,1024,4096,3328,275.711,285.825,286.208,1.0379
mixed,4,3,0.75,4.0,32,1024,2048,8192,6656,307.518,325.792,320.735,0.7233
mixed,4,3,0.75,4.0,32,1024,4096,16384,13312,369.055,396.673,396.611,0.9978
mixed,4,3,0.75,4.0,32,2048,128,512,416,286.655,287.392,289.027,3.2185
mixed,4,3,0.75,4.0,32,2048,256,1024,832,290.912,289.989,291.426,
mixed,4,3,0.75,4.0,32,2048,512,2048,1664,289.249,288.734,290.114,
mixed,4,3,0.75,4.0,32,2048,1024,4096,3328,287.582,290.239,286.177,-0.5288
mixed,4,3,0.75,4.0,32,2048,2048,8192,6656,311.777,324.96,326.719,1.1334
mixed,4,3,0.75,4.0,32,2048,4096,16384,13312,373.029,401.41,401.056,0.9875
mixed,4,3,0.75,4.0,32,4096,128,512,416,312.318,311.009,312.831,
mixed,4,3,0.75,4.0,32,4096,256,1024,832,313.504,312.128,312.227,
mixed,4,3,0.75,4.0,32,4096,512,2048,1664,311.81,313.505,311.868,0.0342
mixed,4,3,0.75,4.0,32,4096,1024,4096,3328,313.599,315.842,316.103,1.1164
mixed,4,3,0.75,4.0,32,4096,2048,8192,6656,313.701,329.406,325.311,0.7393
mixed,4,3,0.75,4.0,32,4096,4096,16384,13312,374.469,404.542,403.39,0.9617
mixed,4,3,0.75,4.0,32,8192,128,512,416,354.559,351.073,350.368,
mixed,4,3,0.75,4.0,32,8192,256,1024,832,352.289,351.681,351.007,
mixed,4,3,0.75,4.0,32,8192,512,2048,1664,356.292,356.359,359.487,47.6866
mixed,4,3,0.75,4.0,32,8192,1024,4096,3328,355.232,357.504,357.345,0.93
mixed,4,3,0.75,4.0,32,8192,2048,8192,6656,351.743,365.15,424.129,5.3991
mixed,4,3,0.75,4.0,32,8192,4096,16384,13312,378.783,405.698,406.788,1.0405
mixed,4,3,0.75,4.0,64,0,128,512,416,240.514,245.117,244.835,0.9387
mixed,4,3,0.75,4.0,64,0,256,1024,832,251.361,257.761,254.945,0.56
mixed,4,3,0.75,4.0,64,0,512,2048,1664,264.899,274.272,274.306,1.0036
mixed,4,3,0.75,4.0,64,0,1024,4096,3328,298.752,312.127,313.92,1.1341
mixed,4,3,0.75,4.0,64,0,2048,8192,6656,360.896,389.502,389.731,1.008
mixed,4,3,0.75,4.0,64,0,4096,16384,13312,483.427,543.333,541.053,0.9619
mixed,4,3,0.75,4.0,64,512,128,512,416,289.342,291.681,288.899,-0.1894
mixed,4,3,0.75,4.0,64,512,256,1024,832,284.512,279.935,277.7,
mixed,4,3,0.75,4.0,64,512,512,2048,1664,287.776,300.543,299.843,0.9452
mixed,4,3,0.75,4.0,64,512,1024,4096,3328,318.335,331.422,329.921,0.8853
mixed,4,3,0.75,4.0,64,512,2048,8192,6656,379.647,404.899,406.688,1.0708
mixed,4,3,0.75,4.0,64,512,4096,16384,13312,488.287,542.559,544.224,1.0307
mixed,4,3,0.75,4.0,64,1024,128,512,416,304.484,313.345,313.796,1.0509
mixed,4,3,0.75,4.0,64,1024,256,1024,832,310.148,301.086,315.041,
mixed,4,3,0.75,4.0,64,1024,512,2048,1664,294.782,300.481,295.075,0.0514
mixed,4,3,0.75,4.0,64,1024,1024,4096,3328,320.224,337.409,335.521,0.8901
mixed,4,3,0.75,4.0,64,1024,2048,8192,6656,378.205,408.286,406.65,0.9456
mixed,4,3,0.75,4.0,64,1024,4096,16384,13312,501.346,556.546,557.342,1.0144
mixed,4,3,0.75,4.0,64,2048,128,512,416,319.073,316.195,318.849,
mixed,4,3,0.75,4.0,64,2048,256,1024,832,342.208,351.839,350.016,0.8107
mixed,4,3,0.75,4.0,64,2048,512,2048,1664,349.922,352.096,352.606,1.2346
mixed,4,3,0.75,4.0,64,2048,1024,4096,3328,321.155,335.938,335.389,0.9629
mixed,4,3,0.75,4.0,64,2048,2048,8192,6656,386.082,412.159,414.147,1.0762
mixed,4,3,0.75,4.0,64,2048,4096,16384,13312,504.612,559.424,567.555,1.1483
mixed,4,3,0.75,4.0,64,4096,128,512,416,360.578,355.904,358.691,
mixed,4,3,0.75,4.0,64,4096,256,1024,832,356.129,357.6,359.619,2.3725
mixed,4,3,0.75,4.0,64,4096,512,2048,1664,408.545,429.633,430.402,1.0365
mixed,4,3,0.75,4.0,64,4096,1024,4096,3328,434.02,430.368,429.889,
mixed,4,3,0.75,4.0,64,4096,2048,8192,6656,484.061,415.139,508.545,
mixed,4,3,0.75,4.0,64,4096,4096,16384,13312,511.363,567.427,567.042,0.9931
mixed,4,3,0.75,4.0,64,8192,128,512,416,435.36,433.412,433.762,
mixed,4,3,0.75,4.0,64,8192,256,1024,832,435.998,436.706,435.072,-1.3079
mixed,4,3,0.75,4.0,64,8192,512,2048,1664,435.073,435.331,436.098,3.9729
mixed,4,3,0.75,4.0,64,8192,1024,4096,3328,534.723,590.559,586.592,0.929
mixed,4,3,0.75,4.0,64,8192,2048,8192,6656,601.284,590.882,592.996,
mixed,4,3,0.75,4.0,64,8192,4096,16384,13312,684.355,572.703,745.727,
mixed,4,3,0.75,4.0,128,0,128,512,416,266.435,273.985,271.235,0.6358
mixed,4,3,0.75,4.0,128,0,256,1024,832,285.41,292.802,291.553,0.831
mixed,4,3,0.75,4.0,128,0,512,2048,1664,315.459,330.082,331.043,1.0657
mixed,4,3,0.75,4.0,128,0,1024,4096,3328,378.019,407.428,408.543,1.0379
mixed,4,3,0.75,4.0,128,0,2048,8192,6656,505.412,562.753,560.961,0.9687
mixed,4,3,0.75,4.0,128,0,4096,16384,13312,751.649,868.322,867.265,0.9909
mixed,4,3,0.75,4.0,128,512,128,512,416,345.121,352.77,349.731,0.6027
mixed,4,3,0.75,4.0,128,512,256,1024,832,364.74,373.314,371.84,0.8281
mixed,4,3,0.75,4.0,128,512,512,2048,1664,399.136,412.286,416.997,1.3583
mixed,4,3,0.75,4.0,128,512,1024,4096,3328,464.033,490.627,488.065,0.9037
mixed,4,3,0.75,4.0,128,512,2048,8192,6656,583.103,561.731,643.364,
mixed,4,3,0.75,4.0,128,512,4096,16384,13312,751.619,866.786,870.372,1.0311
mixed,4,3,0.75,4.0,128,1024,128,512,416,348.578,349.121,350.627,3.7735
mixed,4,3,0.75,4.0,128,1024,256,1024,832,376.992,393.538,394.175,1.0385
mixed,4,3,0.75,4.0,128,1024,512,2048,1664,420.994,431.742,431.745,1.0003
mixed,4,3,0.75,4.0,128,1024,1024,4096,3328,483.041,511.491,509.632,0.9347
mixed,4,3,0.75,4.0,128,1024,2048,8192,6656,607.619,660.901,663.84,1.0552
mixed,4,3,0.75,4.0,128,1024,4096,16384,13312,853.956,869.312,968.706,7.4726
mixed,4,3,0.75,4.0,128,2048,128,512,416,389.475,386.521,389.89,
mixed,4,3,0.75,4.0,128,2048,256,1024,832,388.16,388.512,389.471,3.7244
mixed,4,3,0.75,4.0,128,2048,512,2048,1664,436.899,469.988,469.442,0.9835
mixed,4,3,0.75,4.0,128,2048,1024,4096,3328,520.737,551.296,551.461,1.0054
mixed,4,3,0.75,4.0,128,2048,2048,8192,6656,646.882,705.92,703.747,0.9632
mixed,4,3,0.75,4.0,128,2048,4096,16384,13312,894.855,1007.685,1008.452,1.0068
mixed,4,3,0.75,4.0,128,4096,128,512,416,467.494,469.184,466.816,-0.4012
mixed,4,3,0.75,4.0,128,4096,256,1024,832,466.751,466.239,469.153,
mixed,4,3,0.75,4.0,128,4096,512,2048,1664,468.094,468.061,470.396,
mixed,4,3,0.75,4.0,128,4096,1024,4096,3328,563.396,630.849,627.492,0.9502
mixed,4,3,0.75,4.0,128,4096,2048,8192,6656,728.833,788.769,785.215,0.9407
mixed,4,3,0.75,4.0,128,4096,4096,16384,13312,978.72,1089.474,1090.879,1.0127
mixed,4,3,0.75,4.0,128,8192,128,512,416,623.903,622.4,621.603,
mixed,4,3,0.75,4.0,128,8192,256,1024,832,624.162,624.771,621.602,-4.2036
mixed,4,3,0.75,4.0,128,8192,512,2048,1664,622.819,623.647,622.079,-0.8937
mixed,4,3,0.75,4.0,128,8192,1024,4096,3328,622.245,623.17,624.419,2.3503
mixed,4,3,0.75,4.0,128,8192,2048,8192,6656,821.952,944.962,945.919,1.0078
mixed,4,3,0.75,4.0,128,8192,4096,16384,13312,1138.626,1249.924,1252.13,1.0198
mixed,4,3,0.75,4.0,256,0,128,512,416,311.552,321.858,319.041,0.7267
mixed,4,3,0.75,4.0,256,0,256,1024,832,343.873,359.133,359.491,1.0235
mixed,4,3,0.75,4.0,256,0,512,2048,1664,407.937,436.26,433.22,0.8927
mixed,4,3,0.75,4.0,256,0,1024,4096,3328,532.576,589.924,591.65,1.0301
mixed,4,3,0.75,4.0,256,0,2048,8192,6656,790.079,907.329,901.794,0.9528
mixed,4,3,0.75,4.0,256,0,4096,16384,13312,1294.493,1526.117,1525.125,0.9957
mixed,4,3,0.75,4.0,256,512,128,512,416,340.289,340.416,338.368,-15.126
mixed,4,3,0.75,4.0,256,512,256,1024,832,343.681,359.811,362.176,1.1466
mixed,4,3,0.75,4.0,256,512,512,2048,1664,406.751,436.097,437.248,1.0392
mixed,4,3,0.75,4.0,256,512,1024,4096,3328,533.79,591.809,590.048,0.9696
mixed,4,3,0.75,4.0,256,512,2048,8192,6656,791.27,907.042,905.758,0.9889
mixed,4,3,0.75,4.0,256,512,4096,16384,13312,1295.809,1526.914,1524.929,0.9914
mixed,4,3,0.75,4.0,256,1024,128,512,416,376.958,376.129,377.023,
mixed,4,3,0.75,4.0,256,1024,256,1024,832,377.602,376.992,377.316,
mixed,4,3,0.75,4.0,256,1024,512,2048,1664,408.448,440.385,436.769,0.8868
mixed,4,3,0.75,4.0,256,1024,1024,4096,3328,535.007,589.027,590.047,1.0189
mixed,4,3,0.75,4.0,256,1024,2048,8192,6656,787.489,905.091,905.731,1.0054
mixed,4,3,0.75,4.0,256,1024,4096,16384,13312,1295.428,1528.584,1529.12,1.0023
mixed,4,3,0.75,4.0,256,2048,128,512,416,454.402,454.113,453.251,
mixed,4,3,0.75,4.0,256,2048,256,1024,832,453.758,455.714,453.12,-0.3262
mixed,4,3,0.75,4.0,256,2048,512,2048,1664,455.101,452.324,454.242,
mixed,4,3,0.75,4.0,256,2048,1024,4096,3328,535.198,592.511,592.354,0.9973
mixed,4,3,0.75,4.0,256,2048,2048,8192,6656,789.283,911.329,905.443,0.9518
mixed,4,3,0.75,4.0,256,2048,4096,16384,13312,1295.939,1531.877,1528.293,0.9848
mixed,4,3,0.75,4.0,256,4096,128,512,416,612.707,613.699,613.344,0.6421
mixed,4,3,0.75,4.0,256,4096,256,1024,832,615.167,615.041,614.149,
mixed,4,3,0.75,4.0,256,4096,512,2048,1664,617.152,614.882,616.096,
mixed,4,3,0.75,4.0,256,4096,1024,4096,3328,615.073,616.221,614.881,-0.1672
mixed,4,3,0.75,4.0,256,4096,2048,8192,6656,800.163,915.587,914.815,0.9933
mixed,4,3,0.75,4.0,256,4096,4096,16384,13312,1301.316,1536.295,1536.772,1.002
mixed,4,3,0.75,4.0,256,8192,128,512,416,918.688,922.339,919.907,0.3339
mixed,4,3,0.75,4.0,256,8192,256,1024,832,917.183,919.812,918.946,0.6706
mixed,4,3,0.75,4.0,256,8192,512,2048,1664,918.944,919.587,920.295,2.1011
mixed,4,3,0.75,4.0,256,8192,1024,4096,3328,925.574,932.098,926.019,0.0682
mixed,4,3,0.75,4.0,256,8192,2048,8192,6656,931.108,929.218,932.357,
mixed,4,3,0.75,4.0,256,8192,4096,16384,13312,1304.352,1529.799,1529.51,0.9987
mixed,4,3,0.75,4.0,512,0,128,512,416,463.842,462.979,464.03,
mixed,4,3,0.75,4.0,512,0,256,1024,832,472.256,485.184,480.739,0.6562
mixed,4,3,0.75,4.0,512,0,512,2048,1664,527.008,560.129,562.015,1.0569
mixed,4,3,0.75,4.0,512,0,1024,4096,3328,654.593,714.981,714.37,0.9899
mixed,4,3,0.75,4.0,512,0,2048,8192,6656,906.147,1028.388,1025.989,0.9804
mixed,4,3,0.75,4.0,512,0,4096,16384,13312,1414.499,1642.595,1641.348,0.9945
mixed,4,3,0.75,4.0,512,512,128,512,416,540.002,540.702,543.329,4.7529
mixed,4,3,0.75,4.0,512,512,256,1024,832,565.987,578.558,577.57,0.9214
mixed,4,3,0.75,4.0,512,512,512,2048,1664,629.792,657.662,660.511,1.1022
mixed,4,3,0.75,4.0,512,512,1024,4096,3328,756.064,813.411,812.449,0.9832
mixed,4,3,0.75,4.0,512,512,2048,8192,6656,1008.102,1122.465,1119.905,0.9776
mixed,4,3,0.75,4.0,512,512,4096,16384,13312,1508.773,1738.595,1736.9,0.9926
mixed,4,3,0.75,4.0,512,1024,128,512,416,618.464,624.317,620.613,0.3672
mixed,4,3,0.75,4.0,512,1024,256,1024,832,624.191,622.049,621.254,
mixed,4,3,0.75,4.0,512,1024,512,2048,1664,669.604,698.177,696.388,0.9374
mixed,4,3,0.75,4.0,512,1024,1024,4096,3328,795.135,849.823,855.108,1.0966
mixed,4,3,0.75,4.0,512,1024,2048,8192,6656,1044.772,1162.561,1161.12,0.9878
mixed,4,3,0.75,4.0,512,1024,4096,16384,13312,1553.317,1787.591,1782.305,0.9774
mixed,4,3,0.75,4.0,512,2048,128,512,416,780.226,782.304,779.233,-0.4779
mixed,4,3,0.75,4.0,512,2048,256,1024,832,781.921,779.171,783.046,
mixed,4,3,0.75,4.0,512,2048,512,2048,1664,785.282,781.729,780.193,
mixed,4,3,0.75,4.0,512,2048,1024,4096,3328,875.201,936.132,933.954,0.9643
mixed,4,3,0.75,4.0,512,2048,2048,8192,6656,1127.49,1248.321,1246.24,0.9828
mixed,4,3,0.75,4.0,512,2048,4096,16384,13312,1636.451,1865.956,1864.61,0.9941
mixed,4,3,0.75,4.0,512,4096,128,512,416,1086.849,1087.363,1092.964,11.8969
mixed,4,3,0.75,4.0,512,4096,256,1024,832,1091.424,1088.29,1089.889,
mixed,4,3,0.75,4.0,512,4096,512,2048,1664,1088.805,1091.041,1089.025,0.0984
mixed,4,3,0.75,4.0,512,4096,1024,4096,3328,1089.058,1092.225,1088.546,-0.1617
mixed,4,3,0.75,4.0,512,4096,2048,8192,6656,1283.875,1400.1,1405.86,1.0496
mixed,4,3,0.75,4.0,512,4096,4096,16384,13312,1788.293,2020.901,2016.678,0.9818
mixed,4,3,0.75,4.0,512,8192,128,512,416,1696.648,1695.782,1697.955,
mixed,4,3,0.75,4.0,512,8192,256,1024,832,1693.735,1693.636,1697.382,
mixed,4,3,0.75,4.0,512,8192,512,2048,1664,1692.262,1699.428,1695.331,0.4283
mixed,4,3,0.75,4.0,512,8192,1024,4096,3328,1694.114,1696.868,1695.782,0.6057
mixed,4,3,0.75,4.0,512,8192,2048,8192,6656,1697.093,1701.825,1706.561,2.0008
mixed,4,3,0.75,4.0,512,8192,4096,16384,13312,2088.833,2319.24,2322.437,1.0139
mixed,4,3,0.75,4.0,1024,0,128,512,416,772.16,773.824,779.778,4.5781
mixed,4,3,0.75,4.0,1024,0,256,1024,832,775.009,775.807,777.76,3.4474
mixed,4,3,0.75,4.0,1024,0,512,2048,1664,781.667,785.827,785.855,1.0067
mixed,4,3,0.75,4.0,1024,0,1024,4096,3328,801.538,794.755,802.439,
mixed,4,3,0.75,4.0,1024,0,2048,8192,6656,807.072,814.656,810.338,0.4306
mixed,4,3,0.75,4.0,1024,0,4096,16384,13312,836.351,839.487,836.772,0.1342
mixed,4,3,0.75,4.0,1024,512,128,512,416,932.094,942.239,934.947,0.2812
mixed,4,3,0.75,4.0,1024,512,256,1024,832,937.478,941.48,940.294,0.7036
mixed,4,3,0.75,4.0,1024,512,512,2048,1664,942.174,945.603,951.172,2.6241
mixed,4,3,0.75,4.0,1024,512,1024,4096,3328,959.809,953.092,961.372,
mixed,4,3,0.75,4.0,1024,512,2048,8192,6656,971.653,975.973,976.738,1.1771
mixed,4,3,0.75,4.0,1024,512,4096,16384,13312,999.935,1004.064,1001.027,0.2645
mixed,4,3,0.75,4.0,1024,1024,128,512,416,1008.488,1011.682,1015.65,2.2423
mixed,4,3,0.75,4.0,1024,1024,256,1024,832,1013.058,1014.883,1013.729,0.3677
mixed,4,3,0.75,4.0,1024,1024,512,2048,1664,1036.61,1022.949,1022.528,
mixed,4,3,0.75,4.0,1024,1024,1024,4096,3328,1035.2,1031.201,1038.116,
mixed,4,3,0.75,4.0,1024,1024,2048,8192,6656,1053.12,1050.755,1052.419,
mixed,4,3,0.75,4.0,1024,1024,4096,16384,13312,1074.176,1083.17,1073.922,-0.0282
mixed,4,3,0.75,4.0,1024,2048,128,512,416,1161.829,1162.595,1163.806,2.5809
mixed,4,3,0.75,4.0,1024,2048,256,1024,832,1168.449,1168.261,1169.062,
mixed,4,3,0.75,4.0,1024,2048,512,2048,1664,1184.706,1177.895,1186.469,
mixed,4,3,0.75,4.0,1024,2048,1024,4096,3328,1189.084,1190.435,1191.234,1.5914
mixed,4,3,0.75,4.0,1024,2048,2048,8192,6656,1201.535,1211.075,1205.797,0.4468
mixed,4,3,0.75,4.0,1024,2048,4096,16384,13312,1221.666,1233.888,1237.537,1.2986
mixed,4,3,0.75,4.0,1024,4096,128,512,416,1491.302,1492.488,1494.187,2.4325
mixed,4,3,0.75,4.0,1024,4096,256,1024,832,1495.812,1498.309,1491.91,-1.5627
mixed,4,3,0.75,4.0,1024,4096,512,2048,1664,1510.976,1506.848,1510.627,
mixed,4,3,0.75,4.0,1024,4096,1024,4096,3328,1520.444,1513.671,1516.072,
mixed,4,3,0.75,4.0,1024,4096,2048,8192,6656,1524.841,1531.684,1526.151,0.1914
mixed,4,3,0.75,4.0,1024,4096,4096,16384,13312,1557.284,1561.285,1560.299,0.7536
mixed,4,3,0.75,4.0,1024,8192,128,512,416,2109.957,2105.061,2104.452,
mixed,4,3,0.75,4.0,1024,8192,256,1024,832,2105.509,2116.45,2106.698,0.1087
mixed,4,3,0.75,4.0,1024,8192,512,2048,1664,2128.878,2120.522,2129.928,
mixed,4,3,0.75,4.0,1024,8192,1024,4096,3328,2128.289,2131.241,2127.62,-0.2266
mixed,4,3,0.75,4.0,1024,8192,2048,8192,6656,2148.867,2140.292,2148.837,
mixed,4,3,0.75,4.0,1024,8192,4096,16384,13312,2168.422,2168.94,2174.79,12.2934
mixed,4,3,0.75,4.0,2048,0,128,512,416,1400.418,1405.346,1401.185,0.1556
mixed,4,3,0.75,4.0,2048,0,256,1024,832,1404.383,1407.328,1406.724,0.7949
mixed,4,3,0.75,4.0,2048,0,512,2048,1664,1426.309,1416.513,1414.15,
mixed,4,3,0.75,4.0,2048,0,1024,4096,3328,1429.38,1423.653,1429.635,
mixed,4,3,0.75,4.0,2048,0,2048,8192,6656,1442.119,1444.038,1440.546,-0.8197
mixed,4,3,0.75,4.0,2048,0,4096,16384,13312,1469.473,1474.209,1473.184,0.7836
mixed,4,3,0.75,4.0,2048,512,128,512,416,1625.469,1625.034,1627.01,
mixed,4,3,0.75,4.0,2048,512,256,1024,832,1627.65,1629.796,1627.653,0.0014
mixed,4,3,0.75,4.0,2048,512,512,2048,1664,1652.228,1640.796,1655.939,
mixed,4,3,0.75,4.0,2048,512,1024,4096,3328,1652.61,1651.105,1652.865,
mixed,4,3,0.75,4.0,2048,512,2048,8192,6656,1664.356,1669.285,1667.012,0.5389
mixed,4,3,0.75,4.0,2048,512,4096,16384,13312,1693.83,1700.963,1695.074,0.1744
mixed,4,3,0.75,4.0,2048,1024,128,512,416,1735.843,1735.847,1737.379,384.0
mixed,4,3,0.75,4.0,2048,1024,256,1024,832,1741.443,1744.231,1740.768,-0.2421
mixed,4,3,0.75,4.0,2048,1024,512,2048,1664,1761.956,1758.916,1764.996,
mixed,4,3,0.75,4.0,2048,1024,1024,4096,3328,1765.993,1762.019,1764.71,
mixed,4,3,0.75,4.0,2048,1024,2048,8192,6656,1779.652,1784.332,1780.995,0.287
mixed,4,3,0.75,4.0,2048,1024,4096,16384,13312,1803.394,1809.287,1809.698,1.0697
mixed,4,3,0.75,4.0,2048,2048,128,512,416,1974.495,1972.837,1976.357,
mixed,4,3,0.75,4.0,2048,2048,256,1024,832,1974.721,1981.765,1976.582,0.2642
mixed,4,3,0.75,4.0,2048,2048,512,2048,1664,1995.845,1978.404,1999.165,
mixed,4,3,0.75,4.0,2048,2048,1024,4096,3328,2001.735,1994.914,2000.132,
mixed,4,3,0.75,4.0,2048,2048,2048,8192,6656,2020.072,2020.615,2012.679,-13.6151
mixed,4,3,0.75,4.0,2048,2048,4096,16384,13312,2045.959,2044.295,2043.938,
mixed,4,3,0.75,4.0,2048,4096,128,512,416,2435.786,2433.158,2436.647,
mixed,4,3,0.75,4.0,2048,4096,256,1024,832,2440.386,2439.014,2447.082,
mixed,4,3,0.75,4.0,2048,4096,512,2048,1664,2455.37,2450.371,2462.822,
mixed,4,3,0.75,4.0,2048,4096,1024,4096,3328,2461.127,2455.298,2468.933,
mixed,4,3,0.75,4.0,2048,4096,2048,8192,6656,2472.067,2480.809,2480.261,0.9373
mixed,4,3,0.75,4.0,2048,4096,4096,16384,13312,2502.091,2505.769,2505.929,1.0435
mixed,4,3,0.75,4.0,2048,8192,128,512,416,3317.446,3319.462,3322.404,2.4593
mixed,4,3,0.75,4.0,2048,8192,256,1024,832,3325.256,3330.442,3324.136,-0.216
mixed,4,3,0.75,4.0,2048,8192,512,2048,1664,3344.137,3330.281,3341.195,
mixed,4,3,0.75,4.0,2048,8192,1024,4096,3328,3348.295,3333.575,3344.876,
mixed,4,3,0.75,4.0,2048,8192,2048,8192,6656,3358.762,3352.294,3368.582,
mixed,4,3,0.75,4.0,2048,8192,4096,16384,13312,3383.494,3381.674,3380.91,
pure,8,1,0.125,4.0,0,0,128,512,176,197.535,214.336,211.969,0.8591
pure,8,1,0.125,4.0,0,0,256,1024,352,212.127,221.63,218.977,0.7208
pure,8,1,0.125,4.0,0,0,512,2048,704,217.342,237.284,222.53,0.2602
pure,8,1,0.125,4.0,0,0,1024,4096,1408,230.816,253.693,233.186,0.1036
pure,8,1,0.125,4.0,0,0,2048,8192,2816,246.747,281.282,255.296,0.2475
pure,8,1,0.125,4.0,0,0,4096,16384,5632,266.302,327.554,266.624,0.0053
mixed,8,1,0.125,4.0,16,0,128,512,176,217.536,234.817,232.446,0.8628
mixed,8,1,0.125,4.0,16,0,256,1024,352,234.367,243.681,235.298,0.1
mixed,8,1,0.125,4.0,16,0,512,2048,704,237.055,254.304,244.033,0.4045
mixed,8,1,0.125,4.0,16,0,1024,4096,1408,249.696,262.628,255.653,0.4606
mixed,8,1,0.125,4.0,16,0,2048,8192,2816,258.371,298.56,275.491,0.426
mixed,8,1,0.125,4.0,16,0,4096,16384,5632,283.393,345.153,320.287,0.5974
mixed,8,1,0.125,4.0,16,512,128,512,176,250.946,251.392,249.121,-4.0919
mixed,8,1,0.125,4.0,16,512,256,1024,352,254.817,257.505,252.322,-0.9282
mixed,8,1,0.125,4.0,16,512,512,2048,704,254.337,266.014,249.345,-0.4275
mixed,8,1,0.125,4.0,16,512,1024,4096,1408,258.528,276.867,260.546,0.11
mixed,8,1,0.125,4.0,16,512,2048,8192,2816,262.013,299.744,277.249,0.4038
mixed,8,1,0.125,4.0,16,512,4096,16384,5632,278.782,351.936,324.259,0.6217
mixed,8,1,0.125,4.0,16,1024,128,512,176,259.391,260.831,258.655,-0.5111
mixed,8,1,0.125,4.0,16,1024,256,1024,352,261.439,258.37,260.898,
mixed,8,1,0.125,4.0,16,1024,512,2048,704,266.402,269.408,255.167,-3.7375
mixed,8,1,0.125,4.0,16,1024,1024,4096,1408,260.739,277.183,261.984,0.0757
mixed,8,1,0.125,4.0,16,1024,2048,8192,2816,268.829,300.447,280.382,0.3654
mixed,8,1,0.125,4.0,16,1024,4096,16384,5632,288.098,351.779,324.222,0.5673
mixed,8,1,0.125,4.0,16,2048,128,512,176,270.082,279.039,272.159,0.2319
mixed,8,1,0.125,4.0,16,2048,256,1024,352,274.082,270.336,274.558,
mixed,8,1,0.125,4.0,16,2048,512,2048,704,276.575,272.959,276.412,
mixed,8,1,0.125,4.0,16,2048,1024,4096,1408,274.307,282.051,265.025,-1.1986
mixed,8,1,0.125,4.0,16,2048,2048,8192,2816,275.328,308.161,281.761,0.1959
mixed,8,1,0.125,4.0,16,2048,4096,16384,5632,293.217,352.768,325.66,0.5448
mixed,8,1,0.125,4.0,16,4096,128,512,176,285.569,290.241,285.31,-0.0554
mixed,8,1,0.125,4.0,16,4096,256,1024,352,289.6,287.743,287.04,
mixed,8,1,0.125,4.0,16,4096,512,2048,704,287.198,287.324,287.522,2.5714
mixed,8,1,0.125,4.0,16,4096,1024,4096,1408,287.552,294.85,287.842,0.0397
mixed,8,1,0.125,4.0,16,4096,2048,8192,2816,290.812,311.937,288.356,-0.1163
mixed,8,1,0.125,4.0,16,4096,4096,16384,5632,306.273,366.721,328.705,0.3711
mixed,8,1,0.125,4.0,16,8192,128,512,176,311.234,311.166,311.454,
mixed,8,1,0.125,4.0,16,8192,256,1024,352,310.499,309.151,308.542,
mixed,8,1,0.125,4.0,16,8192,512,2048,704,312.837,313.122,310.756,-7.3018
mixed,8,1,0.125,4.0,16,8192,1024,4096,1408,311.488,320.352,314.307,0.318
mixed,8,1,0.125,4.0,16,8192,2048,8192,2816,314.784,337.726,313.251,-0.0668
mixed,8,1,0.125,4.0,16,8192,4096,16384,5632,326.492,376.738,327.94,0.0288
mixed,8,1,0.125,4.0,32,0,128,512,176,223.165,242.08,240.16,0.8985
mixed,8,1,0.125,4.0,32,0,256,1024,352,242.689,245.155,243.995,0.5296
mixed,8,1,0.125,4.0,32,0,512,2048,704,246.112,255.872,252.133,0.6169
mixed,8,1,0.125,4.0,32,0,1024,4096,1408,252.418,281.088,272.479,0.6997
mixed,8,1,0.125,4.0,32,0,2048,8192,2816,265.124,319.169,314.787,0.9189
mixed,8,1,0.125,4.0,32,0,4096,16384,5632,298.785,400.673,394.141,0.9359
mixed,8,1,0.125,4.0,32,512,128,512,176,267.779,268.929,266.658,-0.9748
mixed,8,1,0.125,4.0,32,512,256,1024,352,264.514,265.924,260.193,-3.0645
mixed,8,1,0.125,4.0,32,512,512,2048,704,267.903,267.137,265.218,
mixed,8,1,0.125,4.0,32,512,1024,4096,1408,263.614,290.176,283.198,0.7373
mixed,8,1,0.125,4.0,32,512,2048,8192,2816,272.48,322.656,321.73,0.9815
mixed,8,1,0.125,4.0,32,512,4096,16384,5632,307.649,402.307,403.041,1.0078
mixed,8,1,0.125,4.0,32,1024,128,512,176,275.55,277.599,274.881,-0.3265
mixed,8,1,0.125,4.0,32,1024,256,1024,352,276.58,276.704,276.8,1.7742
mixed,8,1,0.125,4.0,32,1024,512,2048,704,275.618,280.004,268.928,-1.5253
mixed,8,1,0.125,4.0,32,1024,1024,4096,1408,278.273,289.249,285.536,0.6617
mixed,8,1,0.125,4.0,32,1024,2048,8192,2816,283.617,328.384,323.616,0.8935
mixed,8,1,0.125,4.0,32,1024,4096,16384,5632,306.082,401.857,403.168,1.0137
mixed,8,1,0.125,4.0,32,2048,128,512,176,287.393,289.058,288.707,0.7892
mixed,8,1,0.125,4.0,32,2048,256,1024,352,287.265,286.563,289.119,
mixed,8,1,0.125,4.0,32,2048,512,2048,704,289.821,289.44,289.121,
mixed,8,1,0.125,4.0,32,2048,1024,4096,1408,288.61,300.897,287.616,-0.0809
mixed,8,1,0.125,4.0,32,2048,2048,8192,2816,287.134,332.643,321.276,0.7502
mixed,8,1,0.125,4.0,32,2048,4096,16384,5632,306.817,408.611,402.402,0.939
mixed,8,1,0.125,4.0,32,4096,128,512,176,311.391,312.865,312.222,0.5638
mixed,8,1,0.125,4.0,32,4096,256,1024,352,314.045,310.816,315.687,
mixed,8,1,0.125,4.0,32,4096,512,2048,704,313.248,317.89,313.376,0.0276
mixed,8,1,0.125,4.0,32,4096,1024,4096,1408,313.665,323.488,315.168,0.153
mixed,8,1,0.125,4.0,32,4096,2048,8192,2816,310.046,340.097,324.74,0.489
mixed,8,1,0.125,4.0,32,4096,4096,16384,5632,320.673,411.359,405.504,0.9354
mixed,8,1,0.125,4.0,32,8192,128,512,176,350.849,339.264,354.719,
mixed,8,1,0.125,4.0,32,8192,256,1024,352,349.763,354.179,341.314,-1.9133
mixed,8,1,0.125,4.0,32,8192,512,2048,704,370.881,354.724,354.562,
mixed,8,1,0.125,4.0,32,8192,1024,4096,1408,353.312,368.671,358.178,0.3168
mixed,8,1,0.125,4.0,32,8192,2048,8192,2816,415.552,382.783,418.432,
mixed,8,1,0.125,4.0,32,8192,4096,16384,5632,358.212,416.126,405.533,0.8171
mixed,8,1,0.125,4.0,64,0,128,512,176,226.368,250.079,245.567,0.8097
mixed,8,1,0.125,4.0,64,0,256,1024,352,246.623,259.297,253.121,0.5127
mixed,8,1,0.125,4.0,64,0,512,2048,704,250.782,274.882,273.314,0.9349
mixed,8,1,0.125,4.0,64,0,1024,4096,1408,261.376,314.144,314.466,1.0061
mixed,8,1,0.125,4.0,64,0,2048,8192,2816,290.625,389.886,391.714,1.0184
mixed,8,1,0.125,4.0,64,0,4096,16384,5632,344.065,549.822,543.617,0.9698
mixed,8,1,0.125,4.0,64,512,128,512,176,287.909,289.884,290.175,1.1473
mixed,8,1,0.125,4.0,64,512,256,1024,352,290.852,283.326,278.495,
mixed,8,1,0.125,4.0,64,512,512,2048,704,287.521,295.012,293.826,0.8417
mixed,8,1,0.125,4.0,64,512,1024,4096,1408,286.051,332.866,335.043,1.0465
mixed,8,1,0.125,4.0,64,512,2048,8192,2816,312.45,393.759,406.625,1.1582
mixed,8,1,0.125,4.0,64,512,4096,16384,5632,347.232,550.337,545.506,0.9762
mixed,8,1,0.125,4.0,64,1024,128,512,176,298.078,299.939,296.869,-0.6497
mixed,8,1,0.125,4.0,64,1024,256,1024,352,303.939,301.634,309.055,
mixed,8,1,0.125,4.0,64,1024,512,2048,704,299.138,296.034,295.038,
mixed,8,1,0.125,4.0,64,1024,1024,4096,1408,301.183,332.224,334.081,1.0598
mixed,8,1,0.125,4.0,64,1024,2048,8192,2816,315.684,408.32,414.466,1.0663
mixed,8,1,0.125,4.0,64,1024,4096,16384,5632,360.772,551.742,561.729,1.0523
mixed,8,1,0.125,4.0,64,2048,128,512,176,322.497,345.857,315.809,-0.2863
mixed,8,1,0.125,4.0,64,2048,256,1024,352,329.187,351.233,326.368,-0.1279
mixed,8,1,0.125,4.0,64,2048,512,2048,704,337.535,330.241,345.378,
mixed,8,1,0.125,4.0,64,2048,1024,4096,1408,325.729,342.881,339.075,0.7781
mixed,8,1,0.125,4.0,64,2048,2048,8192,2816,322.112,413.507,413.215,0.9968
mixed,8,1,0.125,4.0,64,2048,4096,16384,5632,368.995,566.946,569.857,1.0147
mixed,8,1,0.125,4.0,64,4096,128,512,176,358.686,350.203,360.192,
mixed,8,1,0.125,4.0,64,4096,256,1024,352,358.978,426.24,349.759,-0.1371
mixed,8,1,0.125,4.0,64,4096,512,2048,704,379.073,431.104,385.509,0.1237
mixed,8,1,0.125,4.0,64,4096,1024,4096,1408,407.233,378.333,428.928,
mixed,8,1,0.125,4.0,64,4096,2048,8192,2816,424.417,416.448,434.239,
mixed,8,1,0.125,4.0,64,4096,4096,16384,5632,368.641,568.579,567.456,0.9944
mixed,8,1,0.125,4.0,64,8192,128,512,176,436.126,436.065,438.658,
mixed,8,1,0.125,4.0,64,8192,256,1024,352,435.52,427.584,435.33,
mixed,8,1,0.125,4.0,64,8192,512,2048,704,435.07,582.883,434.753,-0.0021
mixed,8,1,0.125,4.0,64,8192,1024,4096,1408,487.363,589.188,505.926,0.1823
mixed,8,1,0.125,4.0,64,8192,2048,8192,2816,538.72,484.223,582.433,
mixed,8,1,0.125,4.0,64,8192,4096,16384,5632,571.265,575.873,588.997,3.8481
mixed,8,1,0.125,4.0,128,0,128,512,176,244.453,276.033,274.591,0.9543
mixed,8,1,0.125,4.0,128,0,256,1024,352,267.551,294.142,292.445,0.9362
mixed,8,1,0.125,4.0,128,0,512,2048,704,281.57,332.127,332.095,0.9994
mixed,8,1,0.125,4.0,128,0,1024,4096,1408,310.304,406.467,409.859,1.0353
mixed,8,1,0.125,4.0,128,0,2048,8192,2816,360.957,560.131,564.547,1.0222
mixed,8,1,0.125,4.0,128,0,4096,16384,5632,466.913,875.586,870.914,0.9886
mixed,8,1,0.125,4.0,128,512,128,512,176,325.411,356.709,340.605,0.4855
mixed,8,1,0.125,4.0,128,512,256,1024,352,358.399,375.968,351.042,-0.4187
mixed,8,1,0.125,4.0,128,512,512,2048,704,366.496,417.215,370.014,0.0694
mixed,8,1,0.125,4.0,128,512,1024,4096,1408,393.507,408.446,446.948,3.5773
mixed,8,1,0.125,4.0,128,512,2048,8192,2816,444.386,566.593,604.768,1.3124
mixed,8,1,0.125,4.0,128,512,4096,16384,5632,465.793,873.827,872.227,0.9961
mixed,8,1,0.125,4.0,128,1024,128,512,176,350.147,393.473,361.118,0.2532
mixed,8,1,0.125,4.0,128,1024,256,1024,352,354.976,397.606,371.682,0.3919
mixed,8,1,0.125,4.0,128,1024,512,2048,704,380.613,436.861,392.033,0.203
mixed,8,1,0.125,4.0,128,1024,1024,4096,1408,411.008,513.184,452.319,0.4043
mixed,8,1,0.125,4.0,128,1024,2048,8192,2816,464.318,561.983,600.386,1.3932
mixed,8,1,0.125,4.0,128,1024,4096,16384,5632,566.593,875.075,902.75,1.0897
mixed,8,1,0.125,4.0,128,2048,128,512,176,389.796,382.557,389.924,
mixed,8,1,0.125,4.0,128,2048,256,1024,352,391.424,469.409,377.762,-0.1752
mixed,8,1,0.125,4.0,128,2048,512,2048,704,413.057,476.483,430.913,0.2815
mixed,8,1,0.125,4.0,128,2048,1024,4096,1408,451.713,550.722,471.65,0.2014
mixed,8,1,0.125,4.0,128,2048,2048,8192,2816,509.695,703.614,604.671,0.4898
mixed,8,1,0.125,4.0,128,2048,4096,16384,5632,608.992,871.683,904.417,1.1246
mixed,8,1,0.125,4.0,128,4096,128,512,176,470.276,469.057,467.361,
mixed,8,1,0.125,4.0,128,4096,256,1024,352,469.188,460.772,468.739,
mixed,8,1,0.125,4.0,128,4096,512,2048,704,471.332,629.632,469.695,-0.0103
mixed,8,1,0.125,4.0,128,4096,1024,4096,1408,521.828,631.901,549.541,0.2518
mixed,8,1,0.125,4.0,128,4096,2048,8192,2816,586.5,785.985,628.897,0.2125
mixed,8,1,0.125,4.0,128,4096,4096,16384,5632,692.131,1096.962,910.561,0.5396
mixed,8,1,0.125,4.0,128,8192,128,512,176,623.616,623.076,626.083,
mixed,8,1,0.125,4.0,128,8192,256,1024,352,624.58,625.251,627.36,4.1431
mixed,8,1,0.125,4.0,128,8192,512,2048,704,623.265,622.562,627.202,
mixed,8,1,0.125,4.0,128,8192,1024,4096,1408,626.148,943.651,624.389,-0.0055
mixed,8,1,0.125,4.0,128,8192,2048,8192,2816,737.475,942.817,786.209,0.2373
mixed,8,1,0.125,4.0,128,8192,4096,16384,5632,844.702,1254.626,939.491,0.2312
mixed,8,1,0.125,4.0,256,0,128,512,176,310.304,326.946,327.107,1.0097
mixed,8,1,0.125,4.0,256,0,256,1024,352,314.755,363.265,364.159,1.0184
mixed,8,1,0.125,4.0,256,0,512,2048,704,339.71,442.306,440.639,0.9838
mixed,8,1,0.125,4.0,256,0,1024,4096,1408,392.638,603.744,595.713,0.962
mixed,8,1,0.125,4.0,256,0,2048,8192,2816,499.487,920.387,900.608,0.953
mixed,8,1,0.125,4.0,256,0,4096,16384,5632,721.22,1530.695,1529.634,0.9987
mixed,8,1,0.125,4.0,256,512,128,512,176,343.072,381.698,349.921,0.1773
mixed,8,1,0.125,4.0,256,512,256,1024,352,352.037,423.297,365.476,0.1886
mixed,8,1,0.125,4.0,256,512,512,2048,704,397.668,500.291,442.113,0.4331
mixed,8,1,0.125,4.0,256,512,1024,4096,1408,452.064,667.138,594.466,0.6621
mixed,8,1,0.125,4.0,256,512,2048,8192,2816,565.665,974.95,904.257,0.8273
mixed,8,1,0.125,4.0,256,512,4096,16384,5632,783.523,1589.796,1525.894,0.9207
mixed,8,1,0.125,4.0,256,1024,128,512,176,379.103,381.118,382.658,1.7643
mixed,8,1,0.125,4.0,256,1024,256,1024,352,380.988,459.232,381.923,0.0119
mixed,8,1,0.125,4.0,256,1024,512,2048,704,408.063,540.418,441.701,0.2541
mixed,8,1,0.125,4.0,256,1024,1024,4096,1408,491.038,700.739,595.777,0.4995
mixed,8,1,0.125,4.0,256,1024,2048,8192,2816,605.89,1015.105,906.689,0.7351
mixed,8,1,0.125,4.0,256,1024,4096,16384,5632,823.617,1630.308,1529.671,0.8752
mixed,8,1,0.125,4.0,256,2048,128,512,176,458.718,457.026,459.807,
mixed,8,1,0.125,4.0,256,2048,256,1024,352,458.725,458.497,457.119,
mixed,8,1,0.125,4.0,256,2048,512,2048,704,459.839,616.513,455.84,-0.0255
mixed,8,1,0.125,4.0,256,2048,1024,4096,1408,517.694,784.102,597.921,0.3011
mixed,8,1,0.125,4.0,256,2048,2048,8192,2816,681.474,1092.801,907.204,0.5488
mixed,8,1,0.125,4.0,256,2048,4096,16384,5632,902.334,1708.132,1532.774,0.7824
mixed,8,1,0.125,4.0,256,4096,128,512,176,618.114,619.328,619.393,1.0535
mixed,8,1,0.125,4.0,256,4096,256,1024,352,617.094,618.882,616.385,-0.3965
mixed,8,1,0.125,4.0,256,4096,512,2048,704,619.91,620.447,620.099,0.352
mixed,8,1,0.125,4.0,256,4096,1024,4096,1408,617.664,942.086,617.76,0.0003
mixed,8,1,0.125,4.0,256,4096,2048,8192,2816,743.711,1253.088,917.249,0.3407
mixed,8,1,0.125,4.0,256,4096,4096,16384,5632,1057.729,1867.713,1535.685,0.5901
mixed,8,1,0.125,4.0,256,8192,128,512,176,922.66,923.778,921.701,-0.8578
mixed,8,1,0.125,4.0,256,8192,256,1024,352,922.433,926.945,923.809,0.305
mixed,8,1,0.125,4.0,256,8192,512,2048,704,925.154,935.426,921.058,-0.3988
mixed,8,1,0.125,4.0,256,8192,1024,4096,1408,929.445,940.288,926.407,-0.2802
mixed,8,1,0.125,4.0,256,8192,2048,8192,2816,932.768,1555.14,935.968,0.0051
mixed,8,1,0.125,4.0,256,8192,4096,16384,5632,1168.55,2171.011,1531.073,0.3616
mixed,8,1,0.125,4.0,512,0,128,512,176,456.257,463.235,459.26,0.4304
mixed,8,1,0.125,4.0,512,0,256,1024,352,457.473,483.775,475.364,0.6802
mixed,8,1,0.125,4.0,512,0,512,2048,704,476.992,552.738,552.225,0.9932
mixed,8,1,0.125,4.0,512,0,1024,4096,1408,504.388,707.196,707.042,0.9992
mixed,8,1,0.125,4.0,512,0,2048,8192,2816,611.968,1022.785,1015.874,0.9832
mixed,8,1,0.125,4.0,512,0,4096,16384,5632,828.29,1637.984,1634.213,0.9953
mixed,8,1,0.125,4.0,512,512,128,512,176,531.457,533.886,535.744,1.7649
mixed,8,1,0.125,4.0,512,512,256,1024,352,532.768,568.447,569.725,1.0358
mixed,8,1,0.125,4.0,512,512,512,2048,704,548.256,651.713,647.972,0.9638
mixed,8,1,0.125,4.0,512,512,1024,4096,1408,596.096,807.964,799.743,0.9612
mixed,8,1,0.125,4.0,512,512,2048,8192,2816,710.082,1115.232,1110.05,0.9872
mixed,8,1,0.125,4.0,512,512,4096,16384,5632,926.718,1733.506,1730.278,0.996
mixed,8,1,0.125,4.0,512,1024,128,512,176,613.665,614.72,613.565,-0.0948
mixed,8,1,0.125,4.0,512,1024,256,1024,352,612.226,619.172,614.469,0.3229
mixed,8,1,0.125,4.0,512,1024,512,2048,704,613.125,690.723,690.976,1.0033
mixed,8,1,0.125,4.0,512,1024,1024,4096,1408,641.477,845.343,845.09,0.9988
mixed,8,1,0.125,4.0,512,1024,2048,8192,2816,749.796,1155.329,1151.397,0.9903
mixed,8,1,0.125,4.0,512,1024,4096,16384,5632,964.931,1777.606,1772.998,0.9943
mixed,8,1,0.125,4.0,512,2048,128,512,176,770.529,771.999,768.803,-1.1741
mixed,8,1,0.125,4.0,512,2048,256,1024,352,775.843,774.403,772.226,
mixed,8,1,0.125,4.0,512,2048,512,2048,704,775.234,771.907,770.274,
mixed,8,1,0.125,4.0,512,2048,1024,4096,1408,775.457,929.503,925.86,0.9764
mixed,8,1,0.125,4.0,512,2048,2048,8192,2816,834.433,1238.754,1231.719,0.9826
mixed,8,1,0.125,4.0,512,2048,4096,16384,5632,1046.115,1854.434,1852.904,0.9981
mixed,8,1,0.125,4.0,512,4096,128,512,176,1082.692,1079.395,1081.89,
mixed,8,1,0.125,4.0,512,4096,256,1024,352,1079.393,1081.317,1082.177,1.447
mixed,8,1,0.125,4.0,512,4096,512,2048,704,1084.065,1082.531,1082.692,
mixed,8,1,0.125,4.0,512,4096,1024,4096,1408,1084.097,1081.216,1084.132,
mixed,8,1,0.125,4.0,512,4096,2048,8192,2816,1083.266,1400.643,1387.748,0.9594
mixed,8,1,0.125,4.0,512,4096,4096,16384,5632,1197.154,2013.287,2010.403,0.9965
mixed,8,1,0.125,4.0,512,8192,128,512,176,1690.541,1689.574,1692.868,
mixed,8,1,0.125,4.0,512,8192,256,1024,352,1690.307,1685.028,1688.898,
mixed,8,1,0.125,4.0,512,8192,512,2048,704,1691.493,1686.083,1689.699,
mixed,8,1,0.125,4.0,512,8192,1024,4096,1408,1690.95,1680.806,1698.246,
mixed,8,1,0.125,4.0,512,8192,2048,8192,2816,1690.66,1699.591,1699.043,0.9386
mixed,8,1,0.125,4.0,512,8192,4096,16384,5632,1686.886,2313.506,2307.778,0.9909
mixed,8,1,0.125,4.0,1024,0,128,512,176,773.57,778.435,767.808,-1.1844
mixed,8,1,0.125,4.0,1024,0,256,1024,352,770.111,781.826,779.751,0.8229
mixed,8,1,0.125,4.0,1024,0,512,2048,704,783.683,795.939,780.386,-0.269
mixed,8,1,0.125,4.0,1024,0,1024,4096,1408,791.81,808.068,790.372,-0.0884
mixed,8,1,0.125,4.0,1024,0,2048,8192,2816,805.025,841.704,814.663,0.2628
mixed,8,1,0.125,4.0,1024,0,4096,16384,5632,822.911,896.005,827.33,0.0605
mixed,8,1,0.125,4.0,1024,512,128,512,176,926.851,932.675,928.065,0.2084
mixed,8,1,0.125,4.0,1024,512,256,1024,352,931.169,944.231,932.543,0.1052
mixed,8,1,0.125,4.0,1024,512,512,2048,704,942.5,953.601,940.033,-0.2222
mixed,8,1,0.125,4.0,1024,512,1024,4096,1408,952.932,974.561,951.809,-0.0519
mixed,8,1,0.125,4.0,1024,512,2048,8192,2816,966.597,1006.02,975.396,0.2232
mixed,8,1,0.125,4.0,1024,512,4096,16384,5632,985.15,1059.425,991.653,0.0876
mixed,8,1,0.125,4.0,1024,1024,128,512,176,1002.882,1009.056,1006.083,0.5185
mixed,8,1,0.125,4.0,1024,1024,256,1024,352,1011.717,1023.937,1010.98,-0.0603
mixed,8,1,0.125,4.0,1024,1024,512,2048,704,1015.102,1031.553,1021.155,0.3679
mixed,8,1,0.125,4.0,1024,1024,1024,4096,1408,1028.581,1053.194,1027.399,-0.048
mixed,8,1,0.125,4.0,1024,1024,2048,8192,2816,1041.507,1077.665,1049.666,0.2256
mixed,8,1,0.125,4.0,1024,1024,4096,16384,5632,1066.851,1132.643,1065.411,-0.0219
mixed,8,1,0.125,4.0,1024,2048,128,512,176,1162.399,1171.106,1159.869,-0.2906
mixed,8,1,0.125,4.0,1024,2048,256,1024,352,1168.545,1171.973,1166.049,-0.7281
mixed,8,1,0.125,4.0,1024,2048,512,2048,704,1176.705,1188.641,1176.196,-0.0426
mixed,8,1,0.125,4.0,1024,2048,1024,4096,1408,1180.901,1205.473,1182.242,0.0546
mixed,8,1,0.125,4.0,1024,2048,2048,8192,2816,1197.508,1233.153,1204.489,0.1958
mixed,8,1,0.125,4.0,1024,2048,4096,16384,5632,1215.713,1286.753,1226.178,0.1473
mixed,8,1,0.125,4.0,1024,4096,128,512,176,1487.33,1493.796,1492.357,0.7775
mixed,8,1,0.125,4.0,1024,4096,256,1024,352,1491.233,1499.617,1494.943,0.4425
mixed,8,1,0.125,4.0,1024,4096,512,2048,704,1499.272,1514.21,1498.786,-0.0325
mixed,8,1,0.125,4.0,1024,4096,1024,4096,1408,1508.452,1530.755,1505.253,-0.1434
mixed,8,1,0.125,4.0,1024,4096,2048,8192,2816,1522.21,1560.997,1536.517,0.3689
mixed,8,1,0.125,4.0,1024,4096,4096,16384,5632,1540.164,1607.203,1546.116,0.0888
mixed,8,1,0.125,4.0,1024,8192,128,512,176,2104.489,2108.45,2106.208,0.434
mixed,8,1,0.125,4.0,1024,8192,256,1024,352,2110.724,2113.117,2110.249,-0.1985
mixed,8,1,0.125,4.0,1024,8192,512,2048,704,2127.786,2128.323,2114.339,-25.041
mixed,8,1,0.125,4.0,1024,8192,1024,4096,1408,2124.651,2148.552,2131.456,0.2847
mixed,8,1,0.125,4.0,1024,8192,2048,8192,2816,2135.3,2179.267,2143.206,0.1798
mixed,8,1,0.125,4.0,1024,8192,4096,16384,5632,2162.406,2226.179,2159.876,-0.0397
mixed,8,1,0.125,4.0,2048,0,128,512,176,1399.074,1412.869,1402.046,0.2154
mixed,8,1,0.125,4.0,2048,0,256,1024,352,1406.913,1414.4,1406.565,-0.0465
mixed,8,1,0.125,4.0,2048,0,512,2048,704,1418.018,1428.671,1411.552,-0.607
mixed,8,1,0.125,4.0,2048,0,1024,4096,1408,1423.463,1444.262,1424.987,0.0733
mixed,8,1,0.125,4.0,2048,0,2048,8192,2816,1438.21,1476.646,1447.33,0.2373
mixed,8,1,0.125,4.0,2048,0,4096,16384,5632,1455.718,1528.323,1463.491,0.1071
mixed,8,1,0.125,4.0,2048,512,128,512,176,1623.457,1635.913,1628.898,0.4368
mixed,8,1,0.125,4.0,2048,512,256,1024,352,1630.342,1642.755,1628.261,-0.1676
mixed,8,1,0.125,4.0,2048,512,512,2048,704,1645.187,1652.422,1640.359,-0.6673
mixed,8,1,0.125,4.0,2048,512,1024,4096,1408,1644.585,1678.366,1652.739,0.2414
mixed,8,1,0.125,4.0,2048,512,2048,8192,2816,1663.582,1701.061,1672.103,0.2274
mixed,8,1,0.125,4.0,2048,512,4096,16384,5632,1689.96,1752.455,1689.483,-0.0076
mixed,8,1,0.125,4.0,2048,1024,128,512,176,1738.276,1747.111,1737.12,-0.1308
mixed,8,1,0.125,4.0,2048,1024,256,1024,352,1740.446,1753.954,1741.575,0.0836
mixed,8,1,0.125,4.0,2048,1024,512,2048,704,1752.327,1764.488,1755.176,0.2343
mixed,8,1,0.125,4.0,2048,1024,1024,4096,1408,1762.317,1781.122,1763.939,0.0863
mixed,8,1,0.125,4.0,2048,1024,2048,8192,2816,1775.464,1811.981,1777.987,0.0691
mixed,8,1,0.125,4.0,2048,1024,4096,16384,5632,1794.184,1861.195,1803.91,0.1451
mixed,8,1,0.125,4.0,2048,2048,128,512,176,1974.854,1976.293,1973.152,-1.1828
mixed,8,1,0.125,4.0,2048,2048,256,1024,352,1972.775,1986.377,1974.118,0.0987
mixed,8,1,0.125,4.0,2048,2048,512,2048,704,1986.696,1999.556,1988.555,0.1446
mixed,8,1,0.125,4.0,2048,2048,1024,4096,1408,1997.318,2017.772,2007.204,0.4833
mixed,8,1,0.125,4.0,2048,2048,2048,8192,2816,2009.702,2044.449,2022.501,0.3683
mixed,8,1,0.125,4.0,2048,2048,4096,16384,5632,2029.001,2095.845,2036.258,0.1086
mixed,8,1,0.125,4.0,2048,4096,128,512,176,2436.388,2438.534,2437.154,0.3569
mixed,8,1,0.125,4.0,2048,4096,256,1024,352,2438.567,2452.041,2442.813,0.3151
mixed,8,1,0.125,4.0,2048,4096,512,2048,704,2451.302,2463.014,2453.609,0.197
mixed,8,1,0.125,4.0,2048,4096,1024,4096,1408,2461.991,2480.098,2460.838,-0.0637
mixed,8,1,0.125,4.0,2048,4096,2048,8192,2816,2478.345,2513.612,2483.588,0.1487
mixed,8,1,0.125,4.0,2048,4096,4096,16384,5632,2493.356,2557.991,2499.849,0.1005
mixed,8,1,0.125,4.0,2048,8192,128,512,176,3319.402,3327.821,3321.765,0.2807
mixed,8,1,0.125,4.0,2048,8192,256,1024,352,3320.231,3342.115,3325.993,0.2633
mixed,8,1,0.125,4.0,2048,8192,512,2048,704,3336.365,3346.949,3337.546,0.1116
mixed,8,1,0.125,4.0,2048,8192,1024,4096,1408,3340.97,3364.681,3332.333,-0.3643
mixed,8,1,0.125,4.0,2048,8192,2048,8192,2816,3354.055,3393.026,3367.174,0.3366
mixed,8,1,0.125,4.0,2048,8192,4096,16384,5632,3376.265,3441.161,3376.521,0.0039
pure,8,2,0.25,4.0,0,0,128,512,224,203.137,217.438,213.247,0.7069
pure,8,2,0.25,4.0,0,0,256,1024,448,216.736,227.617,217.377,0.0589
pure,8,2,0.25,4.0,0,0,512,2048,896,218.818,238.756,226.56,0.3883
pure,8,2,0.25,4.0,0,0,1024,4096,1792,243.012,254.464,247.427,0.3855
pure,8,2,0.25,4.0,0,0,2048,8192,3584,251.939,277.217,263.391,0.453
pure,8,2,0.25,4.0,0,0,4096,16384,7168,272.865,326.659,273.346,0.0089
mixed,8,2,0.25,4.0,16,0,128,512,224,220.994,232.19,231.615,0.9486
mixed,8,2,0.25,4.0,16,0,256,1024,448,234.818,240.895,235.679,0.1417
mixed,8,2,0.25,4.0,16,0,512,2048,896,242.755,254.815,240.609,-0.1779
mixed,8,2,0.25,4.0,16,0,1024,4096,1792,251.744,266.752,259.521,0.5182
mixed,8,2,0.25,4.0,16,0,2048,8192,3584,267.875,300.866,280.225,0.3743
mixed,8,2,0.25,4.0,16,0,4096,16384,7168,294.019,350.304,327.711,0.5986
mixed,8,2,0.25,4.0,16,512,128,512,224,246.206,252.575,250.179,0.6238
mixed,8,2,0.25,4.0,16,512,256,1024,448,251.901,255.168,250.375,-0.4671
mixed,8,2,0.25,4.0,16,512,512,2048,896,254.75,264.194,251.872,-0.3047
mixed,8,2,0.25,4.0,16,512,1024,4096,1792,263.711,277.89,255.615,-0.571
mixed,8,2,0.25,4.0,16,512,2048,8192,3584,270.693,300.064,281.984,0.3844
mixed,8,2,0.25,4.0,16,512,4096,16384,7168,292.287,354.882,327.647,0.5649
mixed,8,2,0.25,4.0,16,1024,128,512,224,261.567,259.393,258.689,
mixed,8,2,0.25,4.0,16,1024,256,1024,448,261.119,260.098,261.411,
mixed,8,2,0.25,4.0,16,1024,512,2048,896,262.594,266.846,262.082,-0.1204
mixed,8,2,0.25,4.0,16,1024,1024,4096,1792,261.947,278.849,260.482,-0.0867
mixed,8,2,0.25,4.0,16,1024,2048,8192,3584,276.605,299.393,281.889,0.2319
mixed,8,2,0.25,4.0,16,1024,4096,16384,7168,298.049,348.32,329.599,0.6276
mixed,8,2,0.25,4.0,16,2048,128,512,224,270.625,274.304,270.98,0.0965
mixed,8,2,0.25,4.0,16,2048,256,1024,448,273.378,269.955,274.016,
mixed,8,2,0.25,4.0,16,2048,512,2048,896,270.627,269.761,270.142,
mixed,8,2,0.25,4.0,16,2048,1024,4096,1792,270.208,281.668,271.551,0.1172
mixed,8,2,0.25,4.0,16,2048,2048,8192,3584,281.632,307.008,286.433,0.1892
mixed,8,2,0.25,4.0,16,2048,4096,16384,7168,298.946,350.753,328.929,0.5787
mixed,8,2,0.25,4.0,16,4096,128,512,224,286.108,286.694,287.647,2.6263
mixed,8,2,0.25,4.0,16,4096,256,1024,448,286.946,288.005,286.339,-0.5732
mixed,8,2,0.25,4.0,16,4096,512,2048,896,286.821,287.68,285.406,-1.6473
mixed,8,2,0.25,4.0,16,4096,1024,4096,1792,283.973,293.057,285.537,0.1722
mixed,8,2,0.25,4.0,16,4096,2048,8192,3584,289.379,310.913,297.213,0.3638
mixed,8,2,0.25,4.0,16,4096,4096,16384,7168,302.4,360.099,332.162,0.5158
mixed,8,2,0.25,4.0,16,8192,128,512,224,309.312,308.222,309.501,
mixed,8,2,0.25,4.0,16,8192,256,1024,448,309.696,310.208,308.576,-2.1875
mixed,8,2,0.25,4.0,16,8192,512,2048,896,308.223,312.483,310.755,0.5944
mixed,8,2,0.25,4.0,16,8192,1024,4096,1792,309.378,322.753,312.092,0.2029
mixed,8,2,0.25,4.0,16,8192,2048,8192,3584,317.472,336.639,317.793,0.0167
mixed,8,2,0.25,4.0,16,8192,4096,16384,7168,332.67,379.264,334.433,0.0378
mixed,8,2,0.25,4.0,32,0,128,512,224,226.69,241.504,238.495,0.7969
mixed,8,2,0.25,4.0,32,0,256,1024,448,242.848,247.519,242.815,-0.0071
mixed,8,2,0.25,4.0,32,0,512,2048,896,248.322,255.487,253.378,0.7057
mixed,8,2,0.25,4.0,32,0,1024,4096,1792,256.0,281.984,273.92,0.6897
mixed,8,2,0.25,4.0,32,0,2048,8192,3584,274.85,321.154,312.065,0.8037
mixed,8,2,0.25,4.0,32,0,4096,16384,7168,310.816,398.562,396.865,0.9807
mixed,8,2,0.25,4.0,32,512,128,512,224,268.095,268.929,266.4,-2.0324
mixed,8,2,0.25,4.0,32,512,256,1024,448,267.239,266.561,261.73,
mixed,8,2,0.25,4.0,32,512,512,2048,896,270.114,269.314,264.578,
mixed,8,2,0.25,4.0,32,512,1024,4096,1792,267.491,288.514,283.232,0.7488
mixed,8,2,0.25,4.0,32,512,2048,8192,3584,283.552,323.873,327.204,1.0826
mixed,8,2,0.25,4.0,32,512,4096,16384,7168,312.162,403.233,397.189,0.9336
mixed,8,2,0.25,4.0,32,1024,128,512,224,277.537,277.982,278.146,1.3685
mixed,8,2,0.25,4.0,32,1024,256,1024,448,276.929,275.999,277.501,
mixed,8,2,0.25,4.0,32,1024,512,2048,896,273.729,279.361,271.617,-0.375
mixed,8,2,0.25,4.0,32,1024,1024,4096,1792,276.958,292.062,286.308,0.619
mixed,8,2,0.25,4.0,32,1024,2048,8192,3584,284.929,329.597,323.971,0.874
mixed,8,2,0.25,4.0,32,1024,4096,16384,7168,319.774,401.249,404.482,1.0397
mixed,8,2,0.25,4.0,32,2048,128,512,224,287.65,290.02,290.878,1.362
mixed,8,2,0.25,4.0,32,2048,256,1024,448,289.565,287.392,286.336,
mixed,8,2,0.25,4.0,32,2048,512,2048,896,287.517,288.097,288.194,1.1672
mixed,8,2,0.25,4.0,32,2048,1024,4096,1792,288.866,299.937,289.63,0.069
mixed,8,2,0.25,4.0,32,2048,2048,8192,3584,298.273,332.098,325.028,0.791
mixed,8,2,0.25,4.0,32,2048,4096,16384,7168,321.221,410.592,406.753,0.957
mixed,8,2,0.25,4.0,32,4096,128,512,224,306.913,312.288,312.448,1.0298
mixed,8,2,0.25,4.0,32,4096,256,1024,448,312.129,311.841,310.723,
mixed,8,2,0.25,4.0,32,4096,512,2048,896,313.537,319.106,310.817,-0.4884
mixed,8,2,0.25,4.0,32,4096,1024,4096,1792,314.051,326.017,316.065,0.1683
mixed,8,2,0.25,4.0,32,4096,2048,8192,3584,320.929,339.2,327.678,0.3694
mixed,8,2,0.25,4.0,32,4096,4096,16384,7168,335.81,413.185,404.192,0.8838
mixed,8,2,0.25,4.0,32,8192,128,512,224,352.548,340.482,352.77,
mixed,8,2,0.25,4.0,32,8192,256,1024,448,345.471,357.118,342.271,-0.2747
mixed,8,2,0.25,4.0,32,8192,512,2048,896,358.624,357.568,356.289,
mixed,8,2,0.25,4.0,32,8192,1024,4096,1792,356.931,369.345,356.992,0.0049
mixed,8,2,0.25,4.0,32,8192,2048,8192,3584,439.908,380.351,427.105,
mixed,8,2,0.25,4.0,32,8192,4096,16384,7168,473.919,416.222,411.554,
mixed,8,2,0.25,4.0,64,0,128,512,224,231.524,251.137,245.377,0.7063
mixed,8,2,0.25,4.0,64,0,256,1024,448,246.049,259.169,256.417,0.7902
mixed,8,2,0.25,4.0,64,0,512,2048,896,253.988,277.216,277.895,1.0292
mixed,8,2,0.25,4.0,64,0,1024,4096,1792,273.344,317.476,314.399,0.9303
mixed,8,2,0.25,4.0,64,0,2048,8192,3584,304.064,393.249,389.985,0.9634
mixed,8,2,0.25,4.0,64,0,4096,16384,7168,370.273,547.876,542.561,0.9701
mixed,8,2,0.25,4.0,64,512,128,512,224,288.325,292.643,288.701,0.0871
mixed,8,2,0.25,4.0,64,512,256,1024,448,289.28,280.288,277.697,
mixed,8,2,0.25,4.0,64,512,512,2048,896,285.731,295.811,295.551,0.9742
mixed,8,2,0.25,4.0,64,512,1024,4096,1792,287.872,332.99,330.016,0.9341
mixed,8,2,0.25,4.0,64,512,2048,8192,3584,320.031,395.168,408.673,1.1797
mixed,8,2,0.25,4.0,64,512,4096,16384,7168,376.391,548.546,546.882,0.9903
mixed,8,2,0.25,4.0,64,1024,128,512,224,301.604,297.699,297.509,
mixed,8,2,0.25,4.0,64,1024,256,1024,448,297.598,300.672,299.779,0.7095
mixed,8,2,0.25,4.0,64,1024,512,2048,896,301.12,296.959,299.87,
mixed,8,2,0.25,4.0,64,1024,1024,4096,1792,295.329,333.54,339.581,1.1581
mixed,8,2,0.25,4.0,64,1024,2048,8192,3584,323.17,409.598,408.161,0.9834
mixed,8,2,0.25,4.0,64,1024,4096,16384,7168,394.53,550.595,561.056,1.067
mixed,8,2,0.25,4.0,64,2048,128,512,224,311.713,345.281,314.498,0.083
mixed,8,2,0.25,4.0,64,2048,256,1024,448,339.141,352.032,326.174,-1.0059
mixed,8,2,0.25,4.0,64,2048,512,2048,896,348.801,329.443,345.853,
mixed,8,2,0.25,4.0,64,2048,1024,4096,1792,322.944,338.625,336.192,0.8448
mixed,8,2,0.25,4.0,64,2048,2048,8192,3584,327.874,414.272,413.216,0.9878
mixed,8,2,0.25,4.0,64,2048,4096,16384,7168,393.118,568.704,564.703,0.9772
mixed,8,2,0.25,4.0,64,4096,128,512,224,357.726,348.221,355.871,
mixed,8,2,0.25,4.0,64,4096,256,1024,448,353.728,425.477,347.426,-0.0878
mixed,8,2,0.25,4.0,64,4096,512,2048,896,415.748,432.544,385.403,-1.8067
mixed,8,2,0.25,4.0,64,4096,1024,4096,1792,419.265,377.024,428.511,
mixed,8,2,0.25,4.0,64,4096,2048,8192,3584,375.586,420.22,412.451,0.8259
mixed,8,2,0.25,4.0,64,4096,4096,16384,7168,401.506,566.975,568.732,1.0106
mixed,8,2,0.25,4.0,64,8192,128,512,224,436.257,436.897,438.883,4.1031
mixed,8,2,0.25,4.0,64,8192,256,1024,448,436.354,428.035,435.074,
mixed,8,2,0.25,4.0,64,8192,512,2048,896,436.516,581.761,438.144,0.0112
mixed,8,2,0.25,4.0,64,8192,1024,4096,1792,549.796,591.938,505.475,-1.0517
mixed,8,2,0.25,4.0,64,8192,2048,8192,3584,569.537,487.138,587.489,
mixed,8,2,0.25,4.0,64,8192,4096,16384,7168,612.705,573.087,744.388,
mixed,8,2,0.25,4.0,128,0,128,512,224,248.354,274.62,274.82,1.0076
mixed,8,2,0.25,4.0,128,0,256,1024,448,271.679,294.368,295.103,1.0324
mixed,8,2,0.25,4.0,128,0,512,2048,896,289.411,332.514,332.193,0.9926
mixed,8,2,0.25,4.0,128,0,1024,4096,1792,321.826,407.869,408.835,1.0112
mixed,8,2,0.25,4.0,128,0,2048,8192,3584,388.705,561.314,562.659,1.0078
mixed,8,2,0.25,4.0,128,0,4096,16384,7168,526.658,871.522,871.332,0.9994
mixed,8,2,0.25,4.0,128,512,128,512,224,342.403,357.539,341.567,-0.0552
mixed,8,2,0.25,4.0,128,512,256,1024,448,350.465,376.74,353.154,0.1023
mixed,8,2,0.25,4.0,128,512,512,2048,896,372.893,416.548,369.249,-0.0835
mixed,8,2,0.25,4.0,128,512,1024,4096,1792,406.722,410.595,444.676,9.7996
mixed,8,2,0.25,4.0,128,512,2048,8192,3584,393.829,565.922,562.047,0.9775
mixed,8,2,0.25,4.0,128,512,4096,16384,7168,525.347,872.515,871.302,0.9965
mixed,8,2,0.25,4.0,128,1024,128,512,224,345.348,395.038,361.696,0.329
mixed,8,2,0.25,4.0,128,1024,256,1024,448,387.806,401.888,373.249,-1.0337
mixed,8,2,0.25,4.0,128,1024,512,2048,896,390.849,437.344,389.956,-0.0192
mixed,8,2,0.25,4.0,128,1024,1024,4096,1792,430.402,508.9,446.464,0.2046
mixed,8,2,0.25,4.0,128,1024,2048,8192,3584,497.825,565.727,596.194,1.4487
mixed,8,2,0.25,4.0,128,1024,4096,16384,7168,525.921,876.483,874.304,0.9938
mixed,8,2,0.25,4.0,128,2048,128,512,224,391.393,379.806,389.859,
mixed,8,2,0.25,4.0,128,2048,256,1024,448,383.744,468.987,379.3,-0.0521
mixed,8,2,0.25,4.0,128,2048,512,2048,896,440.194,478.049,434.271,-0.1565
mixed,8,2,0.25,4.0,128,2048,1024,4096,1792,469.731,550.241,469.027,-0.0087
mixed,8,2,0.25,4.0,128,2048,2048,8192,3584,531.231,706.56,602.816,0.4083
mixed,8,2,0.25,4.0,128,2048,4096,16384,7168,663.647,872.871,907.614,1.1661
mixed,8,2,0.25,4.0,128,4096,128,512,224,471.328,470.658,468.869,
mixed,8,2,0.25,4.0,128,4096,256,1024,448,472.002,463.298,469.665,
mixed,8,2,0.25,4.0,128,4096,512,2048,896,467.65,630.335,467.198,-0.0028
mixed,8,2,0.25,4.0,128,4096,1024,4096,1792,579.685,634.531,549.917,-0.5428
mixed,8,2,0.25,4.0,128,4096,2048,8192,3584,612.577,787.492,628.224,0.0895
mixed,8,2,0.25,4.0,128,4096,4096,16384,7168,746.181,1096.738,912.034,0.4731
mixed,8,2,0.25,4.0,128,8192,128,512,224,624.861,625.536,625.568,1.0474
mixed,8,2,0.25,4.0,128,8192,256,1024,448,625.248,624.609,626.211,
mixed,8,2,0.25,4.0,128,8192,512,2048,896,626.527,621.763,623.871,
mixed,8,2,0.25,4.0,128,8192,1024,4096,1792,624.994,945.284,624.575,-0.0013
mixed,8,2,0.25,4.0,128,8192,2048,8192,3584,857.219,944.997,789.954,-0.7663
mixed,8,2,0.25,4.0,128,8192,4096,16384,7168,901.986,1251.939,937.247,0.1008
mixed,8,2,0.25,4.0,256,0,128,512,224,311.169,324.83,324.0,0.9392
mixed,8,2,0.25,4.0,256,0,256,1024,448,321.442,363.745,365.218,1.0348
mixed,8,2,0.25,4.0,256,0,512,2048,896,355.774,443.075,440.643,0.9721
mixed,8,2,0.25,4.0,256,0,1024,4096,1792,422.337,604.577,596.26,0.9544
mixed,8,2,0.25,4.0,256,0,2048,8192,3584,563.264,917.828,908.195,0.9728
mixed,8,2,0.25,4.0,256,0,4096,16384,7168,837.121,1530.947,1530.021,0.9987
mixed,8,2,0.25,4.0,256,512,128,512,224,344.931,382.498,348.804,0.1031
mixed,8,2,0.25,4.0,256,512,256,1024,448,372.261,423.424,365.286,-0.1363
mixed,8,2,0.25,4.0,256,512,512,2048,896,411.653,499.393,439.873,0.3216
mixed,8,2,0.25,4.0,256,512,1024,4096,1792,480.163,665.858,594.081,0.6135
mixed,8,2,0.25,4.0,256,512,2048,8192,3584,627.678,974.977,908.836,0.8096
mixed,8,2,0.25,4.0,256,512,4096,16384,7168,897.444,1589.156,1528.288,0.912
mixed,8,2,0.25,4.0,256,1024,128,512,224,379.169,381.445,378.661,-0.2232
mixed,8,2,0.25,4.0,256,1024,256,1024,448,382.791,459.457,380.865,-0.0251
mixed,8,2,0.25,4.0,256,1024,512,2048,896,441.026,539.46,439.711,-0.0134
mixed,8,2,0.25,4.0,256,1024,1024,4096,1792,520.961,703.203,595.457,0.4088
mixed,8,2,0.25,4.0,256,1024,2048,8192,3584,665.089,1015.167,912.355,0.7063
mixed,8,2,0.25,4.0,256,1024,4096,16384,7168,938.595,1626.181,1530.438,0.8608
mixed,8,2,0.25,4.0,256,2048,128,512,224,456.865,457.792,458.592,1.863
mixed,8,2,0.25,4.0,256,2048,256,1024,448,456.896,457.893,457.187,0.2919
mixed,8,2,0.25,4.0,256,2048,512,2048,896,459.649,613.983,455.807,-0.0249
mixed,8,2,0.25,4.0,256,2048,1024,4096,1792,577.636,781.987,599.39,0.1065
mixed,8,2,0.25,4.0,256,2048,2048,8192,3584,745.636,1096.068,912.77,0.4769
mixed,8,2,0.25,4.0,256,2048,4096,16384,7168,1017.25,1706.723,1531.392,0.7457
mixed,8,2,0.25,4.0,256,4096,128,512,224,618.526,616.994,618.561,
mixed,8,2,0.25,4.0,256,4096,256,1024,448,617.822,621.408,619.904,0.5806
mixed,8,2,0.25,4.0,256,4096,512,2048,896,619.936,621.056,617.696,-2.0
mixed,8,2,0.25,4.0,256,4096,1024,4096,1792,616.803,940.448,620.223,0.0106
mixed,8,2,0.25,4.0,256,4096,2048,8192,3584,860.353,1255.457,918.657,0.1476
mixed,8,2,0.25,4.0,256,4096,4096,16384,7168,1174.306,1868.74,1539.715,0.5262
mixed,8,2,0.25,4.0,256,8192,128,512,224,925.412,921.951,921.926,
mixed,8,2,0.25,4.0,256,8192,256,1024,448,924.127,927.01,923.557,-0.1977
mixed,8,2,0.25,4.0,256,8192,512,2048,896,925.858,933.602,925.282,-0.0744
mixed,8,2,0.25,4.0,256,8192,1024,4096,1792,930.275,941.153,927.27,-0.2762
mixed,8,2,0.25,4.0,256,8192,2048,8192,3584,932.994,1557.252,930.4,-0.0042
mixed,8,2,0.25,4.0,256,8192,4096,16384,7168,1399.301,2174.949,1534.341,0.1741
mixed,8,2,0.25,4.0,512,0,128,512,224,457.12,460.419,459.779,0.806
mixed,8,2,0.25,4.0,512,0,256,1024,448,462.753,479.904,470.08,0.4272
mixed,8,2,0.25,4.0,512,0,512,2048,896,479.617,556.735,555.902,0.9892
mixed,8,2,0.25,4.0,512,0,1024,4096,1792,534.626,711.459,703.811,0.9568
mixed,8,2,0.25,4.0,512,0,2048,8192,3584,669.957,1018.435,1015.71,0.9922
mixed,8,2,0.25,4.0,512,0,4096,16384,7168,943.138,1638.179,1631.62,0.9906
mixed,8,2,0.25,4.0,512,512,128,512,224,537.155,532.253,534.023,
mixed,8,2,0.25,4.0,512,512,256,1024,448,534.72,573.668,571.645,0.9481
mixed,8,2,0.25,4.0,512,512,512,2048,896,562.404,655.041,648.993,0.9347
mixed,8,2,0.25,4.0,512,512,1024,4096,1792,628.996,807.653,804.991,0.9851
mixed,8,2,0.25,4.0,512,512,2048,8192,3584,770.529,1112.995,1115.363,1.0069
mixed,8,2,0.25,4.0,512,512,4096,16384,7168,1041.537,1734.66,1730.308,0.9937
mixed,8,2,0.25,4.0,512,1024,128,512,224,611.588,612.289,613.346,2.5078
mixed,8,2,0.25,4.0,512,1024,256,1024,448,612.675,615.935,613.888,0.3721
mixed,8,2,0.25,4.0,512,1024,512,2048,896,612.194,693.282,688.61,0.9424
mixed,8,2,0.25,4.0,512,1024,1024,4096,1792,671.588,850.273,843.426,0.9617
mixed,8,2,0.25,4.0,512,1024,2048,8192,3584,807.398,1163.682,1150.02,0.9617
mixed,8,2,0.25,4.0,512,1024,4096,16384,7168,1080.614,1773.059,1775.458,1.0035
mixed,8,2,0.25,4.0,512,2048,128,512,224,775.041,769.889,770.689,
mixed,8,2,0.25,4.0,512,2048,256,1024,448,772.676,773.122,772.481,-0.4372
mixed,8,2,0.25,4.0,512,2048,512,2048,896,774.789,771.459,778.145,
mixed,8,2,0.25,4.0,512,2048,1024,4096,1792,772.478,927.426,926.883,0.9965
mixed,8,2,0.25,4.0,512,2048,2048,8192,3584,888.257,1238.783,1233.83,0.9859
mixed,8,2,0.25,4.0,512,2048,4096,16384,7168,1164.518,1854.691,1856.196,1.0022
mixed,8,2,0.25,4.0,512,4096,128,512,224,1077.858,1080.422,1078.209,0.1369
mixed,8,2,0.25,4.0,512,4096,256,1024,448,1080.676,1082.629,1083.746,1.5719
mixed,8,2,0.25,4.0,512,4096,512,2048,896,1082.337,1080.419,1081.477,
mixed,8,2,0.25,4.0,512,4096,1024,4096,1792,1082.113,1082.754,1078.789,-5.1856
mixed,8,2,0.25,4.0,512,4096,2048,8192,3584,1082.596,1387.91,1390.659,1.009
mixed,8,2,0.25,4.0,512,4096,4096,16384,7168,1318.5,2009.823,2009.895,1.0001
mixed,8,2,0.25,4.0,512,8192,128,512,224,1688.292,1686.661,1692.486,
mixed,8,2,0.25,4.0,512,8192,256,1024,448,1691.49,1684.103,1685.859,
mixed,8,2,0.25,4.0,512,8192,512,2048,896,1694.756,1685.542,1688.74,
mixed,8,2,0.25,4.0,512,8192,1024,4096,1792,1684.803,1687.36,1683.59,-0.4744
mixed,8,2,0.25,4.0,512,8192,2048,8192,3584,1688.803,1695.27,1687.235,-0.2425
mixed,8,2,0.25,4.0,512,8192,4096,16384,7168,1684.867,2317.738,2315.143,0.9959
mixed,8,2,0.25,4.0,1024,0,128,512,224,769.536,774.374,769.571,0.0072
mixed,8,2,0.25,4.0,1024,0,256,1024,448,771.08,782.179,779.491,0.7578
mixed,8,2,0.25,4.0,1024,0,512,2048,896,781.122,794.15,784.644,0.2703
mixed,8,2,0.25,4.0,1024,0,1024,4096,1792,797.285,810.439,806.782,0.722
mixed,8,2,0.25,4.0,1024,0,2048,8192,3584,810.048,840.515,818.243,0.269
mixed,8,2,0.25,4.0,1024,0,4096,16384,7168,832.387,894.333,836.673,0.0692
mixed,8,2,0.25,4.0,1024,512,128,512,224,930.37,935.362,929.41,-0.1923
mixed,8,2,0.25,4.0,1024,512,256,1024,448,937.284,944.864,929.696,-1.0011
mixed,8,2,0.25,4.0,1024,512,512,2048,896,949.151,954.879,943.172,-1.0438
mixed,8,2,0.25,4.0,1024,512,1024,4096,1792,957.918,980.419,966.756,0.3928
mixed,8,2,0.25,4.0,1024,512,2048,8192,3584,971.368,1007.328,977.739,0.1772
mixed,8,2,0.25,4.0,1024,512,4096,16384,7168,999.166,1054.338,995.329,-0.0695
mixed,8,2,0.25,4.0,1024,1024,128,512,224,1006.982,1016.705,1007.364,0.0393
mixed,8,2,0.25,4.0,1024,1024,256,1024,448,1006.596,1022.243,1012.257,0.3618
mixed,8,2,0.25,4.0,1024,1024,512,2048,896,1025.955,1028.773,1019.873,-2.1583
mixed,8,2,0.25,4.0,1024,1024,1024,4096,1792,1034.436,1052.297,1042.567,0.4552
mixed,8,2,0.25,4.0,1024,1024,2048,8192,3584,1047.715,1087.01,1056.388,0.2207
mixed,8,2,0.25,4.0,1024,1024,4096,16384,7168,1069.993,1126.601,1082.371,0.2187
mixed,8,2,0.25,4.0,1024,2048,128,512,224,1165.024,1167.682,1161.757,-1.2291
mixed,8,2,0.25,4.0,1024,2048,256,1024,448,1163.396,1173.952,1167.267,0.3667
mixed,8,2,0.25,4.0,1024,2048,512,2048,896,1181.952,1182.306,1186.947,14.1102
mixed,8,2,0.25,4.0,1024,2048,1024,4096,1792,1193.828,1203.269,1200.422,0.6984
mixed,8,2,0.25,4.0,1024,2048,2048,8192,3584,1203.654,1232.386,1208.196,0.1581
mixed,8,2,0.25,4.0,1024,2048,4096,16384,7168,1226.79,1283.817,1229.188,0.0421
mixed,8,2,0.25,4.0,1024,4096,128,512,224,1483.421,1494.981,1489.225,0.5021
mixed,8,2,0.25,4.0,1024,4096,256,1024,448,1497.541,1499.175,1492.101,-3.3293
mixed,8,2,0.25,4.0,1024,4096,512,2048,896,1505.702,1516.352,1514.979,0.8711
mixed,8,2,0.25,4.0,1024,4096,1024,4096,1792,1515.108,1532.643,1527.619,0.7135
mixed,8,2,0.25,4.0,1024,4096,2048,8192,3584,1529.954,1561.249,1542.467,0.3998
mixed,8,2,0.25,4.0,1024,4096,4096,16384,7168,1554.147,1607.78,1557.094,0.0549
mixed,8,2,0.25,4.0,1024,8192,128,512,224,2107.75,2110.179,2101.931,-2.3956
mixed,8,2,0.25,4.0,1024,8192,256,1024,448,2105.289,2115.972,2108.774,0.3262
mixed,8,2,0.25,4.0,1024,8192,512,2048,896,2121.922,2125.602,2132.775,2.9492
mixed,8,2,0.25,4.0,1024,8192,1024,4096,1792,2134.595,2155.524,2136.197,0.0765
mixed,8,2,0.25,4.0,1024,8192,2048,8192,3584,2147.205,2172.452,2150.659,0.1368
mixed,8,2,0.25,4.0,1024,8192,4096,16384,7168,2169.926,2219.851,2169.824,-0.002
mixed,8,2,0.25,4.0,2048,0,128,512,224,1402.241,1407.46,1405.15,0.5574
mixed,8,2,0.25,4.0,2048,0,256,1024,448,1405.056,1419.208,1407.721,0.1883
mixed,8,2,0.25,4.0,2048,0,512,2048,896,1422.081,1427.174,1417.989,-0.8035
mixed,8,2,0.25,4.0,2048,0,1024,4096,1792,1428.356,1445.57,1438.791,0.6062
mixed,8,2,0.25,4.0,2048,0,2048,8192,3584,1443.01,1483.204,1456.418,0.3336
mixed,8,2,0.25,4.0,2048,0,4096,16384,7168,1468.421,1528.481,1479.684,0.1875
mixed,8,2,0.25,4.0,2048,512,128,512,224,1626.981,1630.023,1624.291,-0.8843
mixed,8,2,0.25,4.0,2048,512,256,1024,448,1632.873,1643.209,1633.0,0.0123
mixed,8,2,0.25,4.0,2048,512,512,2048,896,1645.604,1649.664,1654.723,2.2461
mixed,8,2,0.25,4.0,2048,512,1024,4096,1792,1659.561,1669.852,1665.894,0.6154
mixed,8,2,0.25,4.0,2048,512,2048,8192,3584,1668.903,1699.339,1680.545,0.3825
mixed,8,2,0.25,4.0,2048,512,4096,16384,7168,1692.002,1752.007,1698.336,0.1056
mixed,8,2,0.25,4.0,2048,1024,128,512,224,1735.945,1742.914,1738.184,0.3213
mixed,8,2,0.25,4.0,2048,1024,256,1024,448,1741.825,1754.919,1741.351,-0.0362
mixed,8,2,0.25,4.0,2048,1024,512,2048,896,1758.635,1765.797,1770.183,1.6124
mixed,8,2,0.25,4.0,2048,1024,1024,4096,1792,1767.62,1785.829,1776.26,0.4745
mixed,8,2,0.25,4.0,2048,1024,2048,8192,3584,1780.163,1810.022,1789.355,0.3078
mixed,8,2,0.25,4.0,2048,1024,4096,16384,7168,1809.349,1864.227,1805.033,-0.0786
mixed,8,2,0.25,4.0,2048,2048,128,512,224,1973.057,1982.917,1974.982,0.1952
mixed,8,2,0.25,4.0,2048,2048,256,1024,448,1980.362,1987.526,1978.47,-0.2641
mixed,8,2,0.25,4.0,2048,2048,512,2048,896,1990.793,1996.97,2004.294,2.1857
mixed,8,2,0.25,4.0,2048,2048,1024,4096,1792,2002.15,2017.765,2016.456,0.9162
mixed,8,2,0.25,4.0,2048,2048,2048,8192,3584,2014.792,2047.719,2022.341,0.2293
mixed,8,2,0.25,4.0,2048,2048,4096,16384,7168,2034.533,2093.728,2040.551,0.1017
mixed,8,2,0.25,4.0,2048,4096,128,512,224,2433.353,2441.344,2435.847,0.3121
mixed,8,2,0.25,4.0,2048,4096,256,1024,448,2447.779,2449.545,2433.964,-7.8228
mixed,8,2,0.25,4.0,2048,4096,512,2048,896,2460.611,2463.494,2464.967,1.5109
mixed,8,2,0.25,4.0,2048,4096,1024,4096,1792,2465.737,2472.013,2474.184,1.3459
mixed,8,2,0.25,4.0,2048,4096,2048,8192,3584,2476.265,2507.683,2492.202,0.5073
mixed,8,2,0.25,4.0,2048,4096,4096,16384,7168,2497.284,2554.309,2503.687,0.1123
mixed,8,2,0.25,4.0,2048,8192,128,512,224,3319.019,3324.431,3309.99,-1.6683
mixed,8,2,0.25,4.0,2048,8192,256,1024,448,3328.204,3329.252,3332.616,4.2099
mixed,8,2,0.25,4.0,2048,8192,512,2048,896,3341.26,3353.067,3345.614,0.3688
mixed,8,2,0.25,4.0,2048,8192,1024,4096,1792,3361.039,3361.994,3360.648,-0.4094
mixed,8,2,0.25,4.0,2048,8192,2048,8192,3584,3360.26,3391.304,3380.971,0.6671
mixed,8,2,0.25,4.0,2048,8192,4096,16384,7168,3373.58,3436.427,3390.377,0.2673
pure,8,3,0.375,4.0,0,0,128,512,272,212.095,216.896,213.57,0.3072
pure,8,3,0.375,4.0,0,0,256,1024,544,217.506,223.71,218.75,0.2005
pure,8,3,0.375,4.0,0,0,512,2048,1088,224.479,235.136,225.247,0.0721
pure,8,3,0.375,4.0,0,0,1024,4096,2176,237.155,254.018,238.046,0.0528
pure,8,3,0.375,4.0,0,0,2048,8192,4352,255.971,281.789,257.823,0.0717
pure,8,3,0.375,4.0,0,0,4096,16384,8704,276.576,327.457,282.11,0.1088
mixed,8,3,0.375,4.0,16,0,128,512,272,229.699,233.629,234.785,1.2941
mixed,8,3,0.375,4.0,16,0,256,1024,544,233.601,245.698,236.224,0.2168
mixed,8,3,0.375,4.0,16,0,512,2048,1088,244.93,253.119,241.059,-0.4727
mixed,8,3,0.375,4.0,16,0,1024,4096,2176,254.564,264.482,258.72,0.419
mixed,8,3,0.375,4.0,16,0,2048,8192,4352,270.752,297.509,274.076,0.1242
mixed,8,3,0.375,4.0,16,0,4096,16384,8704,298.369,350.756,322.655,0.4636
mixed,8,3,0.375,4.0,16,512,128,512,272,246.372,250.597,248.32,0.4611
mixed,8,3,0.375,4.0,16,512,256,1024,544,252.351,256.096,252.418,0.0179
mixed,8,3,0.375,4.0,16,512,512,2048,1088,259.838,266.304,254.819,-0.7762
mixed,8,3,0.375,4.0,16,512,1024,4096,2176,266.244,277.664,259.491,-0.5913
mixed,8,3,0.375,4.0,16,512,2048,8192,4352,272.803,299.427,276.707,0.1466
mixed,8,3,0.375,4.0,16,512,4096,16384,8704,302.464,351.969,323.331,0.4215
mixed,8,3,0.375,4.0,16,1024,128,512,272,264.641,262.623,259.294,
mixed,8,3,0.375,4.0,16,1024,256,1024,544,261.187,257.344,260.603,
mixed,8,3,0.375,4.0,16,1024,512,2048,1088,260.449,266.655,260.482,0.0053
mixed,8,3,0.375,4.0,16,1024,1024,4096,2176,264.609,282.177,266.177,0.0893
mixed,8,3,0.375,4.0,16,1024,2048,8192,4352,283.328,304.454,280.545,-0.1317
mixed,8,3,0.375,4.0,16,1024,4096,16384,8704,303.265,351.264,322.114,0.3927
mixed,8,3,0.375,4.0,16,2048,128,512,272,271.394,273.506,270.528,-0.41
mixed,8,3,0.375,4.0,16,2048,256,1024,544,279.457,271.841,274.112,
mixed,8,3,0.375,4.0,16,2048,512,2048,1088,270.689,269.34,269.73,
mixed,8,3,0.375,4.0,16,2048,1024,4096,2176,274.304,281.635,277.725,0.4666
mixed,8,3,0.375,4.0,16,2048,2048,8192,4352,282.495,302.784,282.946,0.0222
mixed,8,3,0.375,4.0,16,2048,4096,16384,8704,307.553,352.576,328.384,0.4627
mixed,8,3,0.375,4.0,16,4096,128,512,272,286.114,288.003,287.201,0.5754
mixed,8,3,0.375,4.0,16,4096,256,1024,544,289.087,286.881,287.842,
mixed,8,3,0.375,4.0,16,4096,512,2048,1088,286.109,289.028,287.455,0.4611
mixed,8,3,0.375,4.0,16,4096,1024,4096,2176,292.227,295.137,288.127,-1.4089
mixed,8,3,0.375,4.0,16,4096,2048,8192,4352,294.877,309.668,300.129,0.3551
mixed,8,3,0.375,4.0,16,4096,4096,16384,8704,314.303,361.952,334.56,0.4251
mixed,8,3,0.375,4.0,16,8192,128,512,272,310.113,311.329,310.24,0.1044
mixed,8,3,0.375,4.0,16,8192,256,1024,544,309.728,311.842,307.171,-1.2096
mixed,8,3,0.375,4.0,16,8192,512,2048,1088,310.756,314.529,309.504,-0.3318
mixed,8,3,0.375,4.0,16,8192,1024,4096,2176,311.712,320.67,311.458,-0.0284
mixed,8,3,0.375,4.0,16,8192,2048,8192,4352,313.759,334.145,317.858,0.2011
mixed,8,3,0.375,4.0,16,8192,4096,16384,8704,331.843,375.489,336.383,0.104
mixed,8,3,0.375,4.0,32,0,128,512,272,237.569,241.666,242.273,1.1482
mixed,8,3,0.375,4.0,32,0,256,1024,544,245.28,249.023,242.914,-0.6321
mixed,8,3,0.375,4.0,32,0,512,2048,1088,249.089,259.072,256.063,0.6986
mixed,8,3,0.375,4.0,32,0,1024,4096,2176,261.729,280.966,274.912,0.6853
mixed,8,3,0.375,4.0,32,0,2048,8192,4352,279.139,319.011,315.072,0.9012
mixed,8,3,0.375,4.0,32,0,4096,16384,8704,330.05,400.002,391.201,0.8742
mixed,8,3,0.375,4.0,32,512,128,512,272,268.037,268.606,267.009,-1.8067
mixed,8,3,0.375,4.0,32,512,256,1024,544,267.904,269.953,262.24,-2.7643
mixed,8,3,0.375,4.0,32,512,512,2048,1088,266.72,270.465,262.272,-1.1877
mixed,8,3,0.375,4.0,32,512,1024,4096,2176,273.729,288.384,286.534,0.8738
mixed,8,3,0.375,4.0,32,512,2048,8192,4352,290.302,322.303,324.094,1.056
mixed,8,3,0.375,4.0,32,512,4096,16384,8704,331.164,400.997,391.775,0.8679
mixed,8,3,0.375,4.0,32,1024,128,512,272,275.012,279.489,274.463,-0.1226
mixed,8,3,0.375,4.0,32,1024,256,1024,544,275.424,277.441,278.435,1.4928
mixed,8,3,0.375,4.0,32,1024,512,2048,1088,276.19,279.233,270.625,-1.8288
mixed,8,3,0.375,4.0,32,1024,1024,4096,2176,280.097,288.896,287.364,0.8259
mixed,8,3,0.375,4.0,32,1024,2048,8192,4352,291.328,327.874,325.22,0.9274
mixed,8,3,0.375,4.0,32,1024,4096,16384,8704,335.777,404.415,403.298,0.9837
mixed,8,3,0.375,4.0,32,2048,128,512,272,288.476,289.729,288.321,-0.1237
mixed,8,3,0.375,4.0,32,2048,256,1024,544,291.873,289.986,288.351,
mixed,8,3,0.375,4.0,32,2048,512,2048,1088,291.872,289.215,289.534,
mixed,8,3,0.375,4.0,32,2048,1024,4096,2176,292.642,303.332,288.253,-0.4106
mixed,8,3,0.375,4.0,32,2048,2048,8192,4352,299.619,334.59,327.519,0.7978
mixed,8,3,0.375,4.0,32,2048,4096,16384,8704,339.267,406.433,405.858,0.9914
mixed,8,3,0.375,4.0,32,4096,128,512,272,300.642,309.919,312.833,1.3141
mixed,8,3,0.375,4.0,32,4096,256,1024,544,311.78,311.072,310.783,
mixed,8,3,0.375,4.0,32,4096,512,2048,1088,312.863,316.32,311.967,-0.2592
mixed,8,3,0.375,4.0,32,4096,1024,4096,2176,315.422,326.53,315.298,-0.0112
mixed,8,3,0.375,4.0,32,4096,2048,8192,4352,320.254,340.514,329.598,0.4612
mixed,8,3,0.375,4.0,32,4096,4096,16384,8704,337.442,410.563,406.274,0.9413
mixed,8,3,0.375,4.0,32,8192,128,512,272,351.647,337.058,352.864,
mixed,8,3,0.375,4.0,32,8192,256,1024,544,339.523,353.188,343.523,0.2927
mixed,8,3,0.375,4.0,32,8192,512,2048,1088,356.254,355.456,360.768,
mixed,8,3,0.375,4.0,32,8192,1024,4096,2176,357.369,367.27,356.448,-0.093
mixed,8,3,0.375,4.0,32,8192,2048,8192,4352,368.642,381.314,366.561,-0.1642
mixed,8,3,0.375,4.0,32,8192,4096,16384,8704,381.981,415.361,406.533,0.7355
mixed,8,3,0.375,4.0,64,0,128,512,272,242.433,248.612,244.001,0.2538
mixed,8,3,0.375,4.0,64,0,256,1024,544,251.587,257.51,256.061,0.7554
mixed,8,3,0.375,4.0,64,0,512,2048,1088,259.905,275.012,276.355,1.0889
mixed,8,3,0.375,4.0,64,0,1024,4096,2176,275.773,316.994,315.71,0.9689
mixed,8,3,0.375,4.0,64,0,2048,8192,4352,320.994,393.504,390.178,0.9541
mixed,8,3,0.375,4.0,64,0,4096,16384,8704,401.569,549.794,547.33,0.9834
mixed,8,3,0.375,4.0,64,512,128,512,272,288.547,290.974,290.144,0.658
mixed,8,3,0.375,4.0,64,512,256,1024,544,292.226,279.841,279.938,
mixed,8,3,0.375,4.0,64,512,512,2048,1088,281.821,295.967,297.761,1.1268
mixed,8,3,0.375,4.0,64,512,1024,4096,2176,296.959,333.119,331.391,0.9522
mixed,8,3,0.375,4.0,64,512,2048,8192,4352,339.331,396.292,410.563,1.2505
mixed,8,3,0.375,4.0,64,512,4096,16384,8704,401.408,551.714,545.25,0.957
mixed,8,3,0.375,4.0,64,1024,128,512,272,305.662,299.778,310.371,
mixed,8,3,0.375,4.0,64,1024,256,1024,544,298.69,302.299,296.418,-0.6295
mixed,8,3,0.375,4.0,64,1024,512,2048,1088,299.871,297.858,297.5,
mixed,8,3,0.375,4.0,64,1024,1024,4096,2176,298.275,333.667,333.984,1.009
mixed,8,3,0.375,4.0,64,1024,2048,8192,4352,337.633,412.0,408.291,0.9501
mixed,8,3,0.375,4.0,64,1024,4096,16384,8704,417.475,550.462,560.739,1.0773
mixed,8,3,0.375,4.0,64,2048,128,512,272,311.522,347.777,315.743,0.1164
mixed,8,3,0.375,4.0,64,2048,256,1024,544,347.105,348.481,350.243,2.2805
mixed,8,3,0.375,4.0,64,2048,512,2048,1088,350.627,327.968,350.018,
mixed,8,3,0.375,4.0,64,2048,1024,4096,2176,324.763,338.05,335.806,0.8311
mixed,8,3,0.375,4.0,64,2048,2048,8192,4352,343.556,411.965,417.28,1.0777
mixed,8,3,0.375,4.0,64,2048,4096,16384,8704,422.781,568.13,562.241,0.9595
mixed,8,3,0.375,4.0,64,4096,128,512,272,359.362,349.86,357.858,
mixed,8,3,0.375,4.0,64,4096,256,1024,544,352.479,427.298,365.12,0.169
mixed,8,3,0.375,4.0,64,4096,512,2048,1088,431.039,431.073,431.136,2.8529
mixed,8,3,0.375,4.0,64,4096,1024,4096,2176,436.61,376.16,429.153,
mixed,8,3,0.375,4.0,64,4096,2048,8192,4352,374.178,418.723,417.378,0.9698
mixed,8,3,0.375,4.0,64,4096,4096,16384,8704,429.217,567.298,569.952,1.0192
mixed,8,3,0.375,4.0,64,8192,128,512,272,437.376,435.967,435.362,
mixed,8,3,0.375,4.0,64,8192,256,1024,544,438.081,427.23,436.833,
mixed,8,3,0.375,4.0,64,8192,512,2048,1088,439.2,584.032,465.921,0.1845
mixed,8,3,0.375,4.0,64,8192,1024,4096,2176,593.124,589.286,591.169,
mixed,8,3,0.375,4.0,64,8192,2048,8192,4352,599.009,487.009,590.146,
mixed,8,3,0.375,4.0,64,8192,4096,16384,8704,482.914,574.369,572.323,0.9776
mixed,8,3,0.375,4.0,128,0,128,512,272,262.847,275.007,273.503,0.8763
mixed,8,3,0.375,4.0,128,0,256,1024,544,276.421,293.056,291.714,0.9193
mixed,8,3,0.375,4.0,128,0,512,2048,1088,298.273,334.69,332.9,0.9508
mixed,8,3,0.375,4.0,128,0,1024,4096,2176,339.968,409.572,409.344,0.9967
mixed,8,3,0.375,4.0,128,0,2048,8192,4352,417.856,562.022,561.761,0.9982
mixed,8,3,0.375,4.0,128,0,4096,16384,8704,579.936,871.81,867.839,0.9864
mixed,8,3,0.375,4.0,128,512,128,512,272,351.492,356.29,354.785,0.6863
mixed,8,3,0.375,4.0,128,512,256,1024,544,360.065,376.704,375.012,0.8983
mixed,8,3,0.375,4.0,128,512,512,2048,1088,379.109,415.042,416.384,1.0373
mixed,8,3,0.375,4.0,128,512,1024,4096,2176,419.454,413.312,492.194,
mixed,8,3,0.375,4.0,128,512,2048,8192,4352,418.947,563.585,563.457,0.9991
mixed,8,3,0.375,4.0,128,512,4096,16384,8704,583.362,872.993,873.888,1.0031
mixed,8,3,0.375,4.0,128,1024,128,512,272,342.533,390.627,362.498,0.4151
mixed,8,3,0.375,4.0,128,1024,256,1024,544,391.043,397.954,393.062,0.2921
mixed,8,3,0.375,4.0,128,1024,512,2048,1088,399.327,437.729,434.914,0.9267
mixed,8,3,0.375,4.0,128,1024,1024,4096,2176,439.588,511.97,513.732,1.0243
mixed,8,3,0.375,4.0,128,1024,2048,8192,4352,518.145,562.689,664.64,3.2888
mixed,8,3,0.375,4.0,128,1024,4096,16384,8704,581.694,875.716,873.73,0.9932
mixed,8,3,0.375,4.0,128,2048,128,512,272,392.802,382.021,391.042,
mixed,8,3,0.375,4.0,128,2048,256,1024,544,381.923,470.943,411.134,0.3281
mixed,8,3,0.375,4.0,128,2048,512,2048,1088,474.11,477.793,472.578,-0.416
mixed,8,3,0.375,4.0,128,2048,1024,4096,2176,481.282,552.159,556.062,1.0551
mixed,8,3,0.375,4.0,128,2048,2048,8192,4352,562.527,704.479,706.501,1.0142
mixed,8,3,0.375,4.0,128,2048,4096,16384,8704,724.158,874.787,1011.139,1.9052
mixed,8,3,0.375,4.0,128,4096,128,512,272,469.124,467.681,470.336,
mixed,8,3,0.375,4.0,128,4096,256,1024,544,468.929,463.199,471.874,
mixed,8,3,0.375,4.0,128,4096,512,2048,1088,473.602,628.445,513.312,0.2565
mixed,8,3,0.375,4.0,128,4096,1024,4096,2176,640.673,633.89,629.954,
mixed,8,3,0.375,4.0,128,4096,2048,8192,4352,643.174,785.699,787.075,1.0097
mixed,8,3,0.375,4.0,128,4096,4096,16384,8704,807.616,1095.939,1097.44,1.0052
mixed,8,3,0.375,4.0,128,8192,128,512,272,626.273,621.729,631.168,
mixed,8,3,0.375,4.0,128,8192,256,1024,544,625.504,624.767,626.372,
mixed,8,3,0.375,4.0,128,8192,512,2048,1088,626.019,621.666,626.243,
mixed,8,3,0.375,4.0,128,8192,1024,4096,2176,643.555,940.353,707.585,0.2157
mixed,8,3,0.375,4.0,128,8192,2048,8192,4352,959.298,942.82,948.898,
mixed,8,3,0.375,4.0,128,8192,4096,16384,8704,965.215,1256.419,1252.611,0.9869
mixed,8,3,0.375,4.0,256,0,128,512,272,311.807,326.338,324.0,0.8391
mixed,8,3,0.375,4.0,256,0,256,1024,544,328.929,366.047,363.073,0.9199
mixed,8,3,0.375,4.0,256,0,512,2048,1088,368.352,438.755,440.254,1.0213
mixed,8,3,0.375,4.0,256,0,1024,4096,2176,450.85,602.597,591.264,0.9253
mixed,8,3,0.375,4.0,256,0,2048,8192,4352,621.695,918.594,909.404,0.969
mixed,8,3,0.375,4.0,256,0,4096,16384,8704,954.881,1530.144,1533.89,1.0065
mixed,8,3,0.375,4.0,256,512,128,512,272,342.084,380.739,350.273,0.2118
mixed,8,3,0.375,4.0,256,512,256,1024,544,384.639,421.54,364.961,-0.5333
mixed,8,3,0.375,4.0,256,512,512,2048,1088,427.103,499.17,441.057,0.1936
mixed,8,3,0.375,4.0,256,512,1024,4096,2176,511.553,666.944,594.695,0.5351
mixed,8,3,0.375,4.0,256,512,2048,8192,4352,686.752,978.145,913.733,0.779
mixed,8,3,0.375,4.0,256,512,4096,16384,8704,1014.884,1591.715,1528.13,0.8898
mixed,8,3,0.375,4.0,256,1024,128,512,272,380.515,382.081,381.441,0.5913
mixed,8,3,0.375,4.0,256,1024,256,1024,544,382.211,458.339,400.291,0.2375
mixed,8,3,0.375,4.0,256,1024,512,2048,1088,464.417,536.8,441.091,-0.3223
mixed,8,3,0.375,4.0,256,1024,1024,4096,2176,549.25,705.821,595.84,0.2976
mixed,8,3,0.375,4.0,256,1024,2048,8192,4352,723.107,1014.626,914.659,0.6571
mixed,8,3,0.375,4.0,256,1024,4096,16384,8704,1054.564,1628.931,1532.385,0.8319
mixed,8,3,0.375,4.0,256,2048,128,512,272,460.576,459.585,458.177,
mixed,8,3,0.375,4.0,256,2048,256,1024,544,456.001,459.68,457.73,0.47
mixed,8,3,0.375,4.0,256,2048,512,2048,1088,469.412,617.249,498.56,0.1972
mixed,8,3,0.375,4.0,256,2048,1024,4096,2176,627.773,782.304,599.365,-0.1838
mixed,8,3,0.375,4.0,256,2048,2048,8192,4352,801.986,1094.368,914.689,0.3855
mixed,8,3,0.375,4.0,256,2048,4096,16384,8704,1133.637,1704.837,1535.171,0.703
mixed,8,3,0.375,4.0,256,4096,128,512,272,618.849,617.92,616.766,
mixed,8,3,0.375,4.0,256,4096,256,1024,544,619.331,618.467,617.275,
mixed,8,3,0.375,4.0,256,4096,512,2048,1088,622.015,620.93,617.792,
mixed,8,3,0.375,4.0,256,4096,1024,4096,2176,642.692,939.651,702.017,0.1998
mixed,8,3,0.375,4.0,256,4096,2048,8192,4352,961.443,1254.502,921.664,-0.1357
mixed,8,3,0.375,4.0,256,4096,4096,16384,8704,1293.923,1871.428,1538.021,0.4227
mixed,8,3,0.375,4.0,256,8192,128,512,272,923.202,924.454,922.334,-0.6933
mixed,8,3,0.375,4.0,256,8192,256,1024,544,921.343,926.787,923.68,0.4293
mixed,8,3,0.375,4.0,256,8192,512,2048,1088,927.332,933.378,926.945,-0.064
mixed,8,3,0.375,4.0,256,8192,1024,4096,2176,933.22,938.017,933.03,-0.0396
mixed,8,3,0.375,4.0,256,8192,2048,8192,4352,975.526,1558.306,1093.217,0.2019
mixed,8,3,0.375,4.0,256,8192,4096,16384,8704,1596.513,2173.123,1535.559,-0.1057
mixed,8,3,0.375,4.0,512,0,128,512,272,459.394,458.786,462.37,
mixed,8,3,0.375,4.0,512,0,256,1024,544,462.335,482.277,480.449,0.9083
mixed,8,3,0.375,4.0,512,0,512,2048,1088,481.957,554.917,549.535,0.9262
mixed,8,3,0.375,4.0,512,0,1024,4096,2176,568.768,708.705,707.585,0.992
mixed,8,3,0.375,4.0,512,0,2048,8192,4352,728.478,1021.636,1016.484,0.9824
mixed,8,3,0.375,4.0,512,0,4096,16384,8704,1061.891,1633.347,1630.019,0.9942
mixed,8,3,0.375,4.0,512,512,128,512,272,533.985,536.832,533.252,-0.2575
mixed,8,3,0.375,4.0,512,512,256,1024,544,531.267,569.7,571.552,1.0482
mixed,8,3,0.375,4.0,512,512,512,2048,1088,575.426,651.903,644.674,0.9055
mixed,8,3,0.375,4.0,512,512,1024,4096,2176,661.413,811.75,801.185,0.9297
mixed,8,3,0.375,4.0,512,512,2048,8192,4352,825.091,1119.618,1112.96,0.9774
mixed,8,3,0.375,4.0,512,512,4096,16384,8704,1153.572,1733.255,1729.346,0.9933
mixed,8,3,0.375,4.0,512,1024,128,512,272,614.848,613.12,617.539,
mixed,8,3,0.375,4.0,512,1024,256,1024,544,612.289,616.485,610.909,-0.3289
mixed,8,3,0.375,4.0,512,1024,512,2048,1088,619.327,692.417,690.274,0.9707
mixed,8,3,0.375,4.0,512,1024,1024,4096,2176,703.971,850.082,844.254,0.9601
mixed,8,3,0.375,4.0,512,1024,2048,8192,4352,865.923,1156.994,1160.389,1.0117
mixed,8,3,0.375,4.0,512,1024,4096,16384,8704,1197.506,1770.757,1773.38,1.0046
mixed,8,3,0.375,4.0,512,2048,128,512,272,772.162,773.86,770.148,-1.1861
mixed,8,3,0.375,4.0,512,2048,256,1024,544,774.751,770.368,772.134,
mixed,8,3,0.375,4.0,512,2048,512,2048,1088,772.834,772.705,776.543,
mixed,8,3,0.375,4.0,512,2048,1024,4096,2176,783.619,933.311,925.669,0.9489
mixed,8,3,0.375,4.0,512,2048,2048,8192,4352,947.265,1243.399,1236.451,0.9765
mixed,8,3,0.375,4.0,512,2048,4096,16384,8704,1275.845,1860.966,1857.826,0.9946
mixed,8,3,0.375,4.0,512,4096,128,512,272,1080.261,1079.461,1082.659,
mixed,8,3,0.375,4.0,512,4096,256,1024,544,1078.497,1083.778,1081.215,0.5147
mixed,8,3,0.375,4.0,512,4096,512,2048,1088,1081.853,1084.034,1084.929,1.4104
mixed,8,3,0.375,4.0,512,4096,1024,4096,2176,1086.081,1083.36,1080.067,
mixed,8,3,0.375,4.0,512,4096,2048,8192,4352,1104.29,1393.442,1391.137,0.992
mixed,8,3,0.375,4.0,512,4096,4096,16384,8704,1440.13,2014.787,2015.014,1.0004
mixed,8,3,0.375,4.0,512,8192,128,512,272,1691.333,1690.819,1688.193,
mixed,8,3,0.375,4.0,512,8192,256,1024,544,1685.728,1687.428,1687.522,1.0553
mixed,8,3,0.375,4.0,512,8192,512,2048,1088,1681.635,1686.43,1687.299,1.1812
mixed,8,3,0.375,4.0,512,8192,1024,4096,2176,1684.678,1682.372,1689.315,
mixed,8,3,0.375,4.0,512,8192,2048,8192,4352,1688.996,1690.371,1691.428,1.7687
mixed,8,3,0.375,4.0,512,8192,4096,16384,8704,1736.161,2316.263,2317.797,1.0026
mixed,8,3,0.375,4.0,1024,0,128,512,272,770.918,771.233,771.459,1.7175
mixed,8,3,0.375,4.0,1024,0,256,1024,544,775.108,780.58,775.072,-0.0066
mixed,8,3,0.375,4.0,1024,0,512,2048,1088,786.272,793.059,784.833,-0.212
mixed,8,3,0.375,4.0,1024,0,1024,4096,2176,792.195,811.299,799.682,0.3919
mixed,8,3,0.375,4.0,1024,0,2048,8192,4352,812.577,840.577,817.989,0.1933
mixed,8,3,0.375,4.0,1024,0,4096,16384,8704,842.785,897.188,847.042,0.0782
mixed,8,3,0.375,4.0,1024,512,128,512,272,932.327,934.018,929.189,-1.8557
mixed,8,3,0.375,4.0,1024,512,256,1024,544,934.721,944.644,938.975,0.4287
mixed,8,3,0.375,4.0,1024,512,512,2048,1088,946.882,956.901,946.882,0.0
mixed,8,3,0.375,4.0,1024,512,1024,4096,2176,957.632,977.223,960.391,0.1408
mixed,8,3,0.375,4.0,1024,512,2048,8192,4352,980.455,1002.815,983.201,0.1228
mixed,8,3,0.375,4.0,1024,512,4096,16384,8704,1005.632,1061.535,1008.131,0.0447
mixed,8,3,0.375,4.0,1024,1024,128,512,272,1006.945,1015.396,1007.234,0.0342
mixed,8,3,0.375,4.0,1024,1024,256,1024,544,1012.224,1021.474,1012.39,0.0179
mixed,8,3,0.375,4.0,1024,1024,512,2048,1088,1021.317,1029.413,1023.135,0.2246
mixed,8,3,0.375,4.0,1024,1024,1024,4096,2176,1035.046,1049.185,1036.035,0.0699
mixed,8,3,0.375,4.0,1024,1024,2048,8192,4352,1055.231,1080.864,1051.235,-0.1559
mixed,8,3,0.375,4.0,1024,1024,4096,16384,8704,1080.291,1131.585,1081.863,0.0306
mixed,8,3,0.375,4.0,1024,2048,128,512,272,1161.055,1163.561,1163.778,1.0866
mixed,8,3,0.375,4.0,1024,2048,256,1024,544,1164.322,1173.953,1169.248,0.5115
mixed,8,3,0.375,4.0,1024,2048,512,2048,1088,1172.004,1191.877,1178.179,0.3107
mixed,8,3,0.375,4.0,1024,2048,1024,4096,2176,1189.763,1203.555,1192.159,0.1737
mixed,8,3,0.375,4.0,1024,2048,2048,8192,4352,1206.95,1235.426,1210.344,0.1192
mixed,8,3,0.375,4.0,1024,2048,4096,16384,8704,1233.44,1284.546,1240.574,0.1396
mixed,8,3,0.375,4.0,1024,4096,128,512,272,1495.297,1492.74,1487.207,
mixed,8,3,0.375,4.0,1024,4096,256,1024,544,1495.233,1494.693,1493.604,
mixed,8,3,0.375,4.0,1024,4096,512,2048,1088,1502.528,1518.979,1500.487,-0.1241
mixed,8,3,0.375,4.0,1024,4096,1024,4096,2176,1512.387,1522.347,1521.35,0.8999
mixed,8,3,0.375,4.0,1024,4096,2048,8192,4352,1537.122,1560.228,1535.394,-0.0748
mixed,8,3,0.375,4.0,1024,4096,4096,16384,8704,1556.903,1616.84,1563.399,0.1084
mixed,8,3,0.375,4.0,1024,8192,128,512,272,2104.713,2110.017,2103.299,-0.2666
mixed,8,3,0.375,4.0,1024,8192,256,1024,544,2110.952,2117.959,2112.583,0.2328
mixed,8,3,0.375,4.0,1024,8192,512,2048,1088,2121.801,2132.938,2115.749,-0.5434
mixed,8,3,0.375,4.0,1024,8192,1024,4096,2176,2133.322,2142.946,2139.143,0.6048
mixed,8,3,0.375,4.0,1024,8192,2048,8192,4352,2149.48,2178.563,2151.4,0.066
mixed,8,3,0.375,4.0,1024,8192,4096,16384,8704,2174.471,2226.762,2182.754,0.1584
mixed,8,3,0.375,4.0,2048,0,128,512,272,1405.123,1408.451,1402.216,-0.8735
mixed,8,3,0.375,4.0,2048,0,256,1024,544,1409.507,1416.996,1407.205,-0.3074
mixed,8,3,0.375,4.0,2048,0,512,2048,1088,1421.316,1429.892,1419.17,-0.2502
mixed,8,3,0.375,4.0,2048,0,1024,4096,2176,1423.136,1448.962,1435.109,0.4636
mixed,8,3,0.375,4.0,2048,0,2048,8192,4352,1447.202,1475.845,1455.203,0.2793
mixed,8,3,0.375,4.0,2048,0,4096,16384,8704,1485.668,1530.469,1479.717,-0.1328
mixed,8,3,0.375,4.0,2048,512,128,512,272,1631.423,1626.724,1627.301,
mixed,8,3,0.375,4.0,2048,512,256,1024,544,1633.121,1641.766,1636.836,0.4297
mixed,8,3,0.375,4.0,2048,512,512,2048,1088,1639.361,1649.992,1639.973,0.0576
mixed,8,3,0.375,4.0,2048,512,1024,4096,2176,1655.331,1673.479,1657.669,0.1288
mixed,8,3,0.375,4.0,2048,512,2048,8192,4352,1675.745,1699.75,1678.465,0.1133
mixed,8,3,0.375,4.0,2048,512,4096,16384,8704,1704.422,1750.308,1701.091,-0.0726
mixed,8,3,0.375,4.0,2048,1024,128,512,272,1744.07,1742.308,1742.694,
mixed,8,3,0.375,4.0,2048,1024,256,1024,544,1743.712,1751.497,1745.314,0.2058
mixed,8,3,0.375,4.0,2048,1024,512,2048,1088,1753.733,1761.412,1759.461,0.7459
mixed,8,3,0.375,4.0,2048,1024,1024,4096,2176,1761.7,1783.108,1771.333,0.45
mixed,8,3,0.375,4.0,2048,1024,2048,8192,4352,1780.362,1811.782,1789.187,0.2809
mixed,8,3,0.375,4.0,2048,1024,4096,16384,8704,1809.286,1861.448,1820.388,0.2128
mixed,8,3,0.375,4.0,2048,2048,128,512,272,1969.316,1978.598,1973.537,0.4548
mixed,8,3,0.375,4.0,2048,2048,256,1024,544,1980.261,1985.412,1981.926,0.3232
mixed,8,3,0.375,4.0,2048,2048,512,2048,1088,1987.842,1995.267,1990.053,0.2978
mixed,8,3,0.375,4.0,2048,2048,1024,4096,2176,2001.767,2018.243,2008.963,0.4368
mixed,8,3,0.375,4.0,2048,2048,2048,8192,4352,2017.313,2053.353,2029.029,0.3251
mixed,8,3,0.375,4.0,2048,2048,4096,16384,8704,2044.262,2091.396,2047.722,0.0734
mixed,8,3,0.375,4.0,2048,4096,128,512,272,2430.984,2443.014,2436.164,0.4306
mixed,8,3,0.375,4.0,2048,4096,256,1024,544,2439.976,2449.513,2440.037,0.0064
mixed,8,3,0.375,4.0,2048,4096,512,2048,1088,2450.279,2461.418,2453.16,0.2586
mixed,8,3,0.375,4.0,2048,4096,1024,4096,2176,2461.64,2483.46,2464.967,0.1525
mixed,8,3,0.375,4.0,2048,4096,2048,8192,4352,2481.797,2509.629,2488.488,0.2404
mixed,8,3,0.375,4.0,2048,4096,4096,16384,8704,2515.103,2564.289,2515.624,0.0106
mixed,8,3,0.375,4.0,2048,8192,128,512,272,3319.719,3321.448,3317.993,-0.9983
mixed,8,3,0.375,4.0,2048,8192,256,1024,544,3325.8,3331.335,3327.819,0.3648
mixed,8,3,0.375,4.0,2048,8192,512,2048,1088,3340.81,3356.266,3334.506,-0.4079
mixed,8,3,0.375,4.0,2048,8192,1024,4096,2176,3348.486,3357.258,3351.18,0.3071
mixed,8,3,0.375,4.0,2048,8192,2048,8192,4352,3361.029,3401.284,3375.909,0.3696
mixed,8,3,0.375,4.0,2048,8192,4096,16384,8704,3383.307,3436.581,3397.761,0.2713
pure,8,4,0.5,4.0,0,0,128,512,320,214.557,215.01,213.313,-2.7461
pure,8,4,0.5,4.0,0,0,256,1024,640,216.608,221.437,221.282,0.9679
pure,8,4,0.5,4.0,0,0,512,2048,1280,226.238,236.993,226.463,0.0209
pure,8,4,0.5,4.0,0,0,1024,4096,2560,243.647,252.768,247.745,0.4493
pure,8,4,0.5,4.0,0,0,2048,8192,5120,261.57,278.37,265.216,0.217
pure,8,4,0.5,4.0,0,0,4096,16384,10240,284.955,326.371,295.168,0.2466
mixed,8,4,0.5,4.0,16,0,128,512,320,232.292,233.565,234.529,1.7573
mixed,8,4,0.5,4.0,16,0,256,1024,640,233.666,243.137,238.592,0.5201
mixed,8,4,0.5,4.0,16,0,512,2048,1280,247.234,252.865,240.675,-1.1648
mixed,8,4,0.5,4.0,16,0,1024,4096,2560,257.922,264.54,256.577,-0.2032
mixed,8,4,0.5,4.0,16,0,2048,8192,5120,276.545,297.698,280.415,0.183
mixed,8,4,0.5,4.0,16,0,4096,16384,10240,308.999,349.791,327.039,0.4422
mixed,8,4,0.5,4.0,16,512,128,512,320,251.106,249.635,250.496,
mixed,8,4,0.5,4.0,16,512,256,1024,640,248.862,258.18,253.507,0.4985
mixed,8,4,0.5,4.0,16,512,512,2048,1280,263.331,264.897,254.145,-5.8659
mixed,8,4,0.5,4.0,16,512,1024,4096,2560,260.703,278.047,263.33,0.1515
mixed,8,4,0.5,4.0,16,512,2048,8192,5120,278.82,302.272,286.079,0.3095
mixed,8,4,0.5,4.0,16,512,4096,16384,10240,312.128,351.842,335.748,0.5948
mixed,8,4,0.5,4.0,16,1024,128,512,320,260.606,262.204,261.25,0.403
mixed,8,4,0.5,4.0,16,1024,256,1024,640,265.629,257.311,262.178,
mixed,8,4,0.5,4.0,16,1024,512,2048,1280,260.544,264.991,262.111,0.3524
mixed,8,4,0.5,4.0,16,1024,1024,4096,2560,268.321,281.887,268.612,0.0215
mixed,8,4,0.5,4.0,16,1024,2048,8192,5120,278.434,299.619,288.129,0.4576
mixed,8,4,0.5,4.0,16,1024,4096,16384,10240,315.264,351.359,334.078,0.5212
mixed,8,4,0.5,4.0,16,2048,128,512,320,274.27,273.279,273.536,
mixed,8,4,0.5,4.0,16,2048,256,1024,640,275.201,268.64,273.889,
mixed,8,4,0.5,4.0,16,2048,512,2048,1280,269.57,273.539,268.865,-0.1776
mixed,8,4,0.5,4.0,16,2048,1024,4096,2560,274.307,286.364,273.538,-0.0638
mixed,8,4,0.5,4.0,16,2048,2048,8192,5120,283.044,306.204,290.527,0.3231
mixed,8,4,0.5,4.0,16,2048,4096,16384,10240,314.782,356.735,336.576,0.5195
mixed,8,4,0.5,4.0,16,4096,128,512,320,284.13,289.088,285.92,0.361
mixed,8,4,0.5,4.0,16,4096,256,1024,640,286.147,285.44,286.977,
mixed,8,4,0.5,4.0,16,4096,512,2048,1280,286.208,287.041,289.441,3.8812
mixed,8,4,0.5,4.0,16,4096,1024,4096,2560,288.83,294.209,289.155,0.0604
mixed,8,4,0.5,4.0,16,4096,2048,8192,5120,301.023,307.967,299.908,-0.1606
mixed,8,4,0.5,4.0,16,4096,4096,16384,10240,324.288,361.571,338.977,0.394
mixed,8,4,0.5,4.0,16,8192,128,512,320,310.626,309.573,310.114,
mixed,8,4,0.5,4.0,16,8192,256,1024,640,312.16,311.329,309.121,
mixed,8,4,0.5,4.0,16,8192,512,2048,1280,311.299,311.848,308.256,-5.5428
mixed,8,4,0.5,4.0,16,8192,1024,4096,2560,311.713,324.483,315.232,0.2756
mixed,8,4,0.5,4.0,16,8192,2048,8192,5120,313.053,334.178,320.765,0.3651
mixed,8,4,0.5,4.0,16,8192,4096,16384,10240,339.934,375.103,341.985,0.0583
mixed,8,4,0.5,4.0,32,0,128,512,320,241.119,245.342,239.518,-0.3791
mixed,8,4,0.5,4.0,32,0,256,1024,640,244.798,248.546,246.111,0.3503
mixed,8,4,0.5,4.0,32,0,512,2048,1280,254.529,255.33,254.913,0.4794
mixed,8,4,0.5,4.0,32,0,1024,4096,2560,265.535,279.842,275.487,0.6956
mixed,8,4,0.5,4.0,32,0,2048,8192,5120,289.253,319.488,313.376,0.7979
mixed,8,4,0.5,4.0,32,0,4096,16384,10240,340.446,403.073,396.192,0.8901
mixed,8,4,0.5,4.0,32,512,128,512,320,265.025,268.481,267.812,0.8064
mixed,8,4,0.5,4.0,32,512,256,1024,640,267.875,269.345,261.634,-4.2456
mixed,8,4,0.5,4.0,32,512,512,2048,1280,268.704,268.223,264.737,
mixed,8,4,0.5,4.0,32,512,1024,4096,2560,274.884,289.889,285.602,0.7143
mixed,8,4,0.5,4.0,32,512,2048,8192,5120,300.227,318.719,324.381,1.3062
mixed,8,4,0.5,4.0,32,512,4096,16384,10240,342.4,403.105,396.126,0.885
mixed,8,4,0.5,4.0,32,1024,128,512,320,276.095,277.185,273.12,-2.7294
mixed,8,4,0.5,4.0,32,1024,256,1024,640,278.209,276.256,277.154,
mixed,8,4,0.5,4.0,32,1024,512,2048,1280,277.538,276.356,268.993,
mixed,8,4,0.5,4.0,32,1024,1024,4096,2560,274.082,290.432,286.785,0.7769
mixed,8,4,0.5,4.0,32,1024,2048,8192,5120,300.61,330.401,327.171,0.8916
mixed,8,4,0.5,4.0,32,1024,4096,16384,10240,346.175,402.783,401.665,0.9803
mixed,8,4,0.5,4.0,32,2048,128,512,320,287.2,287.358,288.193,6.2848
mixed,8,4,0.5,4.0,32,2048,256,1024,640,288.296,290.497,287.612,-0.3108
mixed,8,4,0.5,4.0,32,2048,512,2048,1280,291.136,289.216,290.115,
mixed,8,4,0.5,4.0,32,2048,1024,4096,2560,290.176,299.976,287.68,-0.2547
mixed,8,4,0.5,4.0,32,2048,2048,8192,5120,303.298,334.849,330.915,0.8753
mixed,8,4,0.5,4.0,32,2048,4096,16384,10240,350.494,410.271,405.407,0.9186
mixed,8,4,0.5,4.0,32,4096,128,512,320,312.222,312.004,314.461,
mixed,8,4,0.5,4.0,32,4096,256,1024,640,314.88,310.755,311.038,
mixed,8,4,0.5,4.0,32,4096,512,2048,1280,316.58,316.35,315.906,
mixed,8,4,0.5,4.0,32,4096,1024,4096,2560,316.452,326.563,316.61,0.0156
mixed,8,4,0.5,4.0,32,4096,2048,8192,5120,317.088,343.01,332.257,0.5852
mixed,8,4,0.5,4.0,32,4096,4096,16384,10240,353.473,413.279,407.136,0.8973
mixed,8,4,0.5,4.0,32,8192,128,512,320,353.569,339.365,350.429,
mixed,8,4,0.5,4.0,32,8192,256,1024,640,363.488,356.352,342.268,
mixed,8,4,0.5,4.0,32,8192,512,2048,1280,355.487,355.429,355.807,
mixed,8,4,0.5,4.0,32,8192,1024,4096,2560,397.061,366.466,359.234,
mixed,8,4,0.5,4.0,32,8192,2048,8192,5120,363.934,379.714,370.143,0.3935
mixed,8,4,0.5,4.0,32,8192,4096,16384,10240,379.359,412.932,411.166,0.9474
mixed,8,4,0.5,4.0,64,0,128,512,320,242.849,249.25,248.034,0.81
mixed,8,4,0.5,4.0,64,0,256,1024,640,249.056,258.308,256.417,0.7956
mixed,8,4,0.5,4.0,64,0,512,2048,1280,265.345,277.314,277.408,1.0079
mixed,8,4,0.5,4.0,64,0,1024,4096,2560,286.816,316.833,316.353,0.984
mixed,8,4,0.5,4.0,64,0,2048,8192,5120,337.731,396.512,392.128,0.9254
mixed,8,4,0.5,4.0,64,0,4096,16384,10240,431.997,545.635,546.179,1.0048
mixed,8,4,0.5,4.0,64,512,128,512,320,289.252,289.762,288.192,-2.0784
mixed,8,4,0.5,4.0,64,512,256,1024,640,285.887,280.125,278.625,
mixed,8,4,0.5,4.0,64,512,512,2048,1280,285.314,292.611,298.818,1.8506
mixed,8,4,0.5,4.0,64,512,1024,4096,2560,306.528,335.839,333.887,0.9334
mixed,8,4,0.5,4.0,64,512,2048,8192,5120,349.634,391.169,409.444,1.44
mixed,8,4,0.5,4.0,64,512,4096,16384,10240,432.416,551.327,547.104,0.9645
mixed,8,4,0.5,4.0,64,1024,128,512,320,303.679,298.626,313.218,
mixed,8,4,0.5,4.0,64,1024,256,1024,640,300.45,302.37,299.583,-0.4516
mixed,8,4,0.5,4.0,64,1024,512,2048,1280,298.658,300.096,297.506,-0.8011
mixed,8,4,0.5,4.0,64,1024,1024,4096,2560,309.888,333.662,335.553,1.0795
mixed,8,4,0.5,4.0,64,1024,2048,8192,5120,352.834,410.016,412.642,1.0459
mixed,8,4,0.5,4.0,64,1024,4096,16384,10240,449.44,550.369,561.187,1.1072
mixed,8,4,0.5,4.0,64,2048,128,512,320,323.137,347.939,317.506,-0.227
mixed,8,4,0.5,4.0,64,2048,256,1024,640,337.122,351.009,351.23,1.0159
mixed,8,4,0.5,4.0,64,2048,512,2048,1280,327.361,331.871,327.038,-0.0716
mixed,8,4,0.5,4.0,64,2048,1024,4096,2560,326.337,340.863,339.617,0.9142
mixed,8,4,0.5,4.0,64,2048,2048,8192,5120,357.568,413.442,412.479,0.9828
mixed,8,4,0.5,4.0,64,2048,4096,16384,10240,451.391,567.357,562.529,0.9584
mixed,8,4,0.5,4.0,64,4096,128,512,320,358.463,350.784,357.826,
mixed,8,4,0.5,4.0,64,4096,256,1024,640,369.474,423.871,365.155,-0.0794
mixed,8,4,0.5,4.0,64,4096,512,2048,1280,399.875,434.21,426.982,0.7895
mixed,8,4,0.5,4.0,64,4096,1024,4096,2560,451.234,378.658,433.026,
mixed,8,4,0.5,4.0,64,4096,2048,8192,5120,373.441,420.069,416.385,0.921
mixed,8,4,0.5,4.0,64,4096,4096,16384,10240,455.074,568.132,566.688,0.9872
mixed,8,4,0.5,4.0,64,8192,128,512,320,437.983,435.046,434.848,
mixed,8,4,0.5,4.0,64,8192,256,1024,640,435.617,427.104,435.392,
mixed,8,4,0.5,4.0,64,8192,512,2048,1280,471.043,582.271,467.232,-0.0343
mixed,8,4,0.5,4.0,64,8192,1024,4096,2560,532.318,586.913,590.272,1.0615
mixed,8,4,0.5,4.0,64,8192,2048,8192,5120,560.994,489.604,586.531,
mixed,8,4,0.5,4.0,64,8192,4096,16384,10240,485.758,576.034,577.698,1.0184
mixed,8,4,0.5,4.0,128,0,128,512,320,264.801,274.686,276.928,1.2268
mixed,8,4,0.5,4.0,128,0,256,1024,640,280.83,295.235,292.992,0.8443
mixed,8,4,0.5,4.0,128,0,512,2048,1280,302.497,329.984,332.382,1.0872
mixed,8,4,0.5,4.0,128,0,1024,4096,2560,350.724,406.079,408.35,1.041
mixed,8,4,0.5,4.0,128,0,2048,8192,5120,444.513,560.354,563.458,1.0268
mixed,8,4,0.5,4.0,128,0,4096,16384,10240,636.735,874.79,868.191,0.9723
mixed,8,4,0.5,4.0,128,512,128,512,320,358.369,358.082,358.684,
mixed,8,4,0.5,4.0,128,512,256,1024,640,364.961,376.514,377.889,1.119
mixed,8,4,0.5,4.0,128,512,512,2048,1280,387.679,420.32,418.176,0.9343
mixed,8,4,0.5,4.0,128,512,1024,4096,2560,432.352,411.909,493.536,
mixed,8,4,0.5,4.0,128,512,2048,8192,5120,449.886,561.759,564.288,1.0226
mixed,8,4,0.5,4.0,128,512,4096,16384,10240,642.114,871.998,874.854,1.0124
mixed,8,4,0.5,4.0,128,1024,128,512,320,350.785,390.75,361.568,0.2698
mixed,8,4,0.5,4.0,128,1024,256,1024,640,400.734,400.002,396.382,
mixed,8,4,0.5,4.0,128,1024,512,2048,1280,406.945,436.066,437.214,1.0394
mixed,8,4,0.5,4.0,128,1024,1024,4096,2560,455.107,511.972,512.195,1.0039
mixed,8,4,0.5,4.0,128,1024,2048,8192,5120,547.842,563.615,661.311,7.1939
mixed,8,4,0.5,4.0,128,1024,4096,16384,10240,641.409,874.468,874.305,0.9993
mixed,8,4,0.5,4.0,128,2048,128,512,320,391.905,382.942,390.499,
mixed,8,4,0.5,4.0,128,2048,256,1024,640,403.999,471.968,412.959,0.1318
mixed,8,4,0.5,4.0,128,2048,512,2048,1280,448.289,477.342,478.499,1.0398
mixed,8,4,0.5,4.0,128,2048,1024,4096,2560,495.17,550.337,556.0,1.1027
mixed,8,4,0.5,4.0,128,2048,2048,8192,5120,590.404,704.227,703.199,0.991
mixed,8,4,0.5,4.0,128,2048,4096,16384,10240,782.335,873.41,1013.443,2.5376
mixed,8,4,0.5,4.0,128,4096,128,512,320,468.449,469.569,468.705,0.2286
mixed,8,4,0.5,4.0,128,4096,256,1024,640,469.569,460.834,468.959,
mixed,8,4,0.5,4.0,128,4096,512,2048,1280,500.415,629.698,513.053,0.0978
mixed,8,4,0.5,4.0,128,4096,1024,4096,2560,577.953,634.626,634.175,0.992
mixed,8,4,0.5,4.0,128,4096,2048,8192,5120,672.513,788.837,784.414,0.962
mixed,8,4,0.5,4.0,128,4096,4096,16384,10240,863.972,1098.019,1097.122,0.9962
mixed,8,4,0.5,4.0,128,8192,128,512,320,624.898,628.672,624.293,-0.1603
mixed,8,4,0.5,4.0,128,8192,256,1024,640,627.329,628.128,626.113,-1.5219
mixed,8,4,0.5,4.0,128,8192,512,2048,1280,624.8,622.561,626.814,
mixed,8,4,0.5,4.0,128,8192,1024,4096,2560,701.506,942.43,711.747,0.0425
mixed,8,4,0.5,4.0,128,8192,2048,8192,5120,831.971,946.18,945.537,0.9944
mixed,8,4,0.5,4.0,128,8192,4096,16384,10240,1017.989,1254.081,1253.985,0.9996
mixed,8,4,0.5,4.0,256,0,128,512,320,311.521,324.196,324.838,1.0507
mixed,8,4,0.5,4.0,256,0,256,1024,640,336.223,366.019,365.058,0.9677
mixed,8,4,0.5,4.0,256,0,512,2048,1280,383.552,439.519,442.851,1.0595
mixed,8,4,0.5,4.0,256,0,1024,4096,2560,479.135,604.446,593.024,0.9089
mixed,8,4,0.5,4.0,256,0,2048,8192,5120,683.489,918.114,915.073,0.987
mixed,8,4,0.5,4.0,256,0,4096,16384,10240,1072.774,1532.643,1529.794,0.9938
mixed,8,4,0.5,4.0,256,512,128,512,320,352.194,381.473,352.198,0.0001
mixed,8,4,0.5,4.0,256,512,256,1024,640,391.422,424.288,362.913,-0.8674
mixed,8,4,0.5,4.0,256,512,512,2048,1280,440.959,498.95,442.241,0.0221
mixed,8,4,0.5,4.0,256,512,1024,4096,2560,542.787,667.009,597.219,0.4382
mixed,8,4,0.5,4.0,256,512,2048,8192,5120,745.412,973.573,914.432,0.7408
mixed,8,4,0.5,4.0,256,512,4096,16384,10240,1130.592,1588.39,1528.581,0.8694
mixed,8,4,0.5,4.0,256,1024,128,512,320,383.652,381.441,383.84,
mixed,8,4,0.5,4.0,256,1024,256,1024,640,400.387,460.547,400.031,-0.0059
mixed,8,4,0.5,4.0,256,1024,512,2048,1280,483.939,540.354,441.92,-0.7448
mixed,8,4,0.5,4.0,256,1024,1024,4096,2560,585.73,703.399,599.075,0.1134
mixed,8,4,0.5,4.0,256,1024,2048,8192,5120,785.538,1013.379,916.064,0.5729
mixed,8,4,0.5,4.0,256,1024,4096,16384,10240,1171.143,1627.588,1531.392,0.7892
mixed,8,4,0.5,4.0,256,2048,128,512,320,457.219,460.677,457.761,0.1567
mixed,8,4,0.5,4.0,256,2048,256,1024,640,456.609,459.483,457.631,0.3556
mixed,8,4,0.5,4.0,256,2048,512,2048,1280,498.816,614.527,500.511,0.0146
mixed,8,4,0.5,4.0,256,2048,1024,4096,2560,659.616,781.855,603.011,-0.4631
mixed,8,4,0.5,4.0,256,2048,2048,8192,5120,864.224,1093.09,918.273,0.2362
mixed,8,4,0.5,4.0,256,2048,4096,16384,10240,1246.372,1706.442,1534.948,0.6272
mixed,8,4,0.5,4.0,256,4096,128,512,320,617.571,617.922,617.792,0.6296
mixed,8,4,0.5,4.0,256,4096,256,1024,640,619.681,622.88,619.813,0.0413
mixed,8,4,0.5,4.0,256,4096,512,2048,1280,619.681,622.788,619.011,-0.2156
mixed,8,4,0.5,4.0,256,4096,1024,4096,2560,701.953,944.453,709.151,0.0297
mixed,8,4,0.5,4.0,256,4096,2048,8192,5120,1021.155,1251.974,919.235,-0.4416
mixed,8,4,0.5,4.0,256,4096,4096,16384,10240,1408.519,1869.217,1537.895,0.2808
mixed,8,4,0.5,4.0,256,8192,128,512,320,926.912,922.083,922.019,
mixed,8,4,0.5,4.0,256,8192,256,1024,640,926.467,927.777,922.979,-2.6626
mixed,8,4,0.5,4.0,256,8192,512,2048,1280,926.783,933.217,926.532,-0.039
mixed,8,4,0.5,4.0,256,8192,1024,4096,2560,931.329,939.711,936.42,0.6074
mixed,8,4,0.5,4.0,256,8192,2048,8192,5120,1091.459,1557.538,1095.427,0.0085
mixed,8,4,0.5,4.0,256,8192,4096,16384,10240,1715.171,2174.691,1536.995,-0.3877
mixed,8,4,0.5,4.0,512,0,128,512,320,458.882,462.597,459.426,0.1464
mixed,8,4,0.5,4.0,512,0,256,1024,640,470.72,480.224,476.064,0.5623
mixed,8,4,0.5,4.0,512,0,512,2048,1280,497.439,551.233,555.845,1.0857
mixed,8,4,0.5,4.0,512,0,1024,4096,2560,594.115,710.405,710.625,1.0019
mixed,8,4,0.5,4.0,512,0,2048,8192,5120,786.368,1022.657,1016.198,0.9727
mixed,8,4,0.5,4.0,512,0,4096,16384,10240,1174.278,1633.441,1637.669,1.0092
mixed,8,4,0.5,4.0,512,512,128,512,320,533.281,538.463,536.32,0.5865
mixed,8,4,0.5,4.0,512,512,256,1024,640,541.923,573.12,568.002,0.8359
mixed,8,4,0.5,4.0,512,512,512,2048,1280,591.617,653.312,653.667,1.0058
mixed,8,4,0.5,4.0,512,512,1024,4096,2560,687.939,813.636,806.049,0.9396
mixed,8,4,0.5,4.0,512,512,2048,8192,5120,887.684,1115.173,1116.867,1.0074
mixed,8,4,0.5,4.0,512,512,4096,16384,10240,1271.683,1731.396,1730.825,0.9988
mixed,8,4,0.5,4.0,512,1024,128,512,320,613.122,613.502,614.754,4.2947
mixed,8,4,0.5,4.0,512,1024,256,1024,640,611.617,613.025,609.702,-1.3601
mixed,8,4,0.5,4.0,512,1024,512,2048,1280,634.499,688.418,690.529,1.0392
mixed,8,4,0.5,4.0,512,1024,1024,4096,2560,730.977,849.573,846.082,0.9706
mixed,8,4,0.5,4.0,512,1024,2048,8192,5120,925.537,1156.931,1160.9,1.0172
mixed,8,4,0.5,4.0,512,1024,4096,16384,10240,1312.804,1778.144,1772.776,0.9885
mixed,8,4,0.5,4.0,512,2048,128,512,320,774.627,772.291,771.809,
mixed,8,4,0.5,4.0,512,2048,256,1024,640,776.483,776.868,772.385,-10.6442
mixed,8,4,0.5,4.0,512,2048,512,2048,1280,772.58,778.687,773.863,0.2101
mixed,8,4,0.5,4.0,512,2048,1024,4096,2560,810.145,931.877,924.995,0.9435
mixed,8,4,0.5,4.0,512,2048,2048,8192,5120,1011.394,1240.067,1237.604,0.9892
mixed,8,4,0.5,4.0,512,2048,4096,16384,10240,1395.52,1855.495,1852.77,0.9941
mixed,8,4,0.5,4.0,512,4096,128,512,320,1080.419,1084.197,1078.436,-0.5249
mixed,8,4,0.5,4.0,512,4096,256,1024,640,1082.209,1078.403,1082.627,
mixed,8,4,0.5,4.0,512,4096,512,2048,1280,1082.432,1084.479,1082.882,0.2198
mixed,8,4,0.5,4.0,512,4096,1024,4096,2560,1081.54,1093.604,1080.961,-0.048
mixed,8,4,0.5,4.0,512,4096,2048,8192,5120,1162.692,1391.911,1398.822,1.0302
mixed,8,4,0.5,4.0,512,4096,4096,16384,10240,1555.142,2015.429,2011.105,0.9906
mixed,8,4,0.5,4.0,512,8192,128,512,320,1686.176,1685.252,1687.524,
mixed,8,4,0.5,4.0,512,8192,256,1024,640,1686.63,1689.7,1692.932,2.0528
mixed,8,4,0.5,4.0,512,8192,512,2048,1280,1691.718,1689.184,1687.36,
mixed,8,4,0.5,4.0,512,8192,1024,4096,2560,1686.435,1688.643,1690.051,1.6377
mixed,8,4,0.5,4.0,512,8192,2048,8192,5120,1688.007,1695.844,1692.353,0.5545
mixed,8,4,0.5,4.0,512,8192,4096,16384,10240,1854.085,2316.74,2306.823,0.9786
mixed,8,4,0.5,4.0,1024,0,128,512,320,768.962,773.538,769.353,0.0854
mixed,8,4,0.5,4.0,1024,0,256,1024,640,782.884,780.934,780.291,
mixed,8,4,0.5,4.0,1024,0,512,2048,1280,784.191,790.275,788.066,0.6369
mixed,8,4,0.5,4.0,1024,0,1024,4096,2560,806.787,813.858,806.308,-0.0677
mixed,8,4,0.5,4.0,1024,0,2048,8192,5120,823.584,840.799,820.579,-0.1746
mixed,8,4,0.5,4.0,1024,0,4096,16384,10240,855.043,897.857,855.265,0.0052
mixed,8,4,0.5,4.0,1024,512,128,512,320,931.652,935.647,930.114,-0.385
mixed,8,4,0.5,4.0,1024,512,256,1024,640,942.148,944.835,947.041,1.821
mixed,8,4,0.5,4.0,1024,512,512,2048,1280,945.667,955.458,948.833,0.3234
mixed,8,4,0.5,4.0,1024,512,1024,4096,2560,960.546,975.781,966.53,0.3928
mixed,8,4,0.5,4.0,1024,512,2048,8192,5120,982.051,1004.867,986.752,0.206
mixed,8,4,0.5,4.0,1024,512,4096,16384,10240,1013.538,1053.955,1022.846,0.2303
mixed,8,4,0.5,4.0,1024,1024,128,512,320,1007.782,1011.147,1005.338,-0.7263
mixed,8,4,0.5,4.0,1024,1024,256,1024,640,1014.081,1019.46,1021.761,1.4278
mixed,8,4,0.5,4.0,1024,1024,512,2048,1280,1022.464,1031.101,1023.839,0.1592
mixed,8,4,0.5,4.0,1024,1024,1024,4096,2560,1037.346,1050.497,1041.477,0.3141
mixed,8,4,0.5,4.0,1024,1024,2048,8192,5120,1056.641,1082.98,1063.585,0.2636
mixed,8,4,0.5,4.0,1024,1024,4096,16384,10240,1092.867,1130.088,1090.98,-0.0507
mixed,8,4,0.5,4.0,1024,2048,128,512,320,1161.824,1167.879,1164.226,0.3967
mixed,8,4,0.5,4.0,1024,2048,256,1024,640,1171.01,1175.363,1173.921,0.6687
mixed,8,4,0.5,4.0,1024,2048,512,2048,1280,1183.716,1185.601,1180.265,-1.8308
mixed,8,4,0.5,4.0,1024,2048,1024,4096,2560,1194.69,1205.505,1194.052,-0.059
mixed,8,4,0.5,4.0,1024,2048,2048,8192,5120,1212.358,1232.193,1217.282,0.2482
mixed,8,4,0.5,4.0,1024,2048,4096,16384,10240,1245.758,1288.323,1246.203,0.0105
mixed,8,4,0.5,4.0,1024,4096,128,512,320,1491.56,1495.553,1494.911,0.8392
mixed,8,4,0.5,4.0,1024,4096,256,1024,640,1498.627,1498.73,1502.527,37.8641
mixed,8,4,0.5,4.0,1024,4096,512,2048,1280,1502.4,1511.717,1505.736,0.3581
mixed,8,4,0.5,4.0,1024,4096,1024,4096,2560,1525.25,1525.925,1523.297,-2.8933
mixed,8,4,0.5,4.0,1024,4096,2048,8192,5120,1543.461,1558.658,1541.89,-0.1034
mixed,8,4,0.5,4.0,1024,4096,4096,16384,10240,1576.45,1614.241,1571.558,-0.1294
mixed,8,4,0.5,4.0,1024,8192,128,512,320,2101.54,2105.763,2105.256,0.8799
mixed,8,4,0.5,4.0,1024,8192,256,1024,640,2114.571,2111.435,2123.462,
mixed,8,4,0.5,4.0,1024,8192,512,2048,1280,2123.972,2128.169,2120.295,-0.8761
mixed,8,4,0.5,4.0,1024,8192,1024,4096,2560,2140.038,2151.913,2147.362,0.6168
mixed,8,4,0.5,4.0,1024,8192,2048,8192,5120,2149.513,2177.64,2157.636,0.2888
mixed,8,4,0.5,4.0,1024,8192,4096,16384,10240,2186.822,2222.821,2196.357,0.2649
mixed,8,4,0.5,4.0,2048,0,128,512,320,1402.182,1409.536,1407.908,0.7786
mixed,8,4,0.5,4.0,2048,0,256,1024,640,1413.664,1418.081,1416.031,0.5359
mixed,8,4,0.5,4.0,2048,0,512,2048,1280,1420.329,1434.021,1419.941,-0.0283
mixed,8,4,0.5,4.0,2048,0,1024,4096,2560,1432.229,1443.876,1442.979,0.923
mixed,8,4,0.5,4.0,2048,0,2048,8192,5120,1454.501,1481.7,1457.795,0.1211
mixed,8,4,0.5,4.0,2048,0,4096,16384,10240,1487.267,1531.46,1491.526,0.0964
mixed,8,4,0.5,4.0,2048,512,128,512,320,1627.976,1633.986,1629.954,0.3291
mixed,8,4,0.5,4.0,2048,512,256,1024,640,1636.935,1639.939,1639.365,0.8089
mixed,8,4,0.5,4.0,2048,512,512,2048,1280,1645.568,1654.216,1642.974,-0.3
mixed,8,4,0.5,4.0,2048,512,1024,4096,2560,1659.914,1674.113,1662.404,0.1754
mixed,8,4,0.5,4.0,2048,512,2048,8192,5120,1676.457,1697.76,1680.227,0.177
mixed,8,4,0.5,4.0,2048,512,4096,16384,10240,1709.026,1754.887,1720.547,0.2512
mixed,8,4,0.5,4.0,2048,1024,128,512,320,1740.525,1743.651,1739.976,-0.1756
mixed,8,4,0.5,4.0,2048,1024,256,1024,640,1748.745,1753.573,1750.341,0.3306
mixed,8,4,0.5,4.0,2048,1024,512,2048,1280,1752.802,1767.492,1755.844,0.2071
mixed,8,4,0.5,4.0,2048,1024,1024,4096,2560,1770.947,1782.57,1778.181,0.6224
mixed,8,4,0.5,4.0,2048,1024,2048,8192,5120,1794.218,1812.227,1791.718,-0.1388
mixed,8,4,0.5,4.0,2048,1024,4096,16384,10240,1824.804,1863.422,1828.992,0.1084
mixed,8,4,0.5,4.0,2048,2048,128,512,320,1972.609,1981.96,1983.206,1.1332
mixed,8,4,0.5,4.0,2048,2048,256,1024,640,1983.663,1985.256,1988.642,3.1255
mixed,8,4,0.5,4.0,2048,2048,512,2048,1280,1990.539,2000.293,1995.551,0.5138
mixed,8,4,0.5,4.0,2048,2048,1024,4096,2560,2003.3,2017.83,2012.413,0.6272
mixed,8,4,0.5,4.0,2048,2048,2048,8192,5120,2025.825,2043.874,2030.758,0.2733
mixed,8,4,0.5,4.0,2048,2048,4096,16384,10240,2056.779,2102.215,2055.653,-0.0248
mixed,8,4,0.5,4.0,2048,4096,128,512,320,2434.983,2441.774,2437.511,0.3723
mixed,8,4,0.5,4.0,2048,4096,256,1024,640,2444.902,2450.279,2450.948,1.1244
mixed,8,4,0.5,4.0,2048,4096,512,2048,1280,2453.639,2459.368,2455.681,0.3564
mixed,8,4,0.5,4.0,2048,4096,1024,4096,2560,2469.674,2473.768,2471.112,0.3512
mixed,8,4,0.5,4.0,2048,4096,2048,8192,5120,2492.038,2512.422,2491.848,-0.0093
mixed,8,4,0.5,4.0,2048,4096,4096,16384,10240,2520.462,2550.762,2518.536,-0.0636
mixed,8,4,0.5,4.0,2048,8192,128,512,320,3323.621,3331.466,3321.257,-0.3013
mixed,8,4,0.5,4.0,2048,8192,256,1024,640,3331.587,3333.515,3333.963,1.2324
mixed,8,4,0.5,4.0,2048,8192,512,2048,1280,3334.723,3349.257,3337.992,0.2249
mixed,8,4,0.5,4.0,2048,8192,1024,4096,2560,3361.326,3378.253,3354.16,-0.4233
mixed,8,4,0.5,4.0,2048,8192,2048,8192,5120,3371.178,3392.974,3376.969,0.2657
mixed,8,4,0.5,4.0,2048,8192,4096,16384,10240,3405.16,3437.764,3402.377,-0.0854
pure,8,6,0.75,4.0,0,0,128,512,416,216.191,215.106,214.626,
pure,8,6,0.75,4.0,0,0,256,1024,832,222.656,224.896,225.441,1.2433
pure,8,6,0.75,4.0,0,0,512,2048,1664,237.312,238.819,240.067,1.8281
pure,8,6,0.75,4.0,0,0,1024,4096,3328,250.688,250.914,248.764,-8.5133
pure,8,6,0.75,4.0,0,0,2048,8192,6656,270.272,277.155,274.081,0.5534
pure,8,6,0.75,4.0,0,0,4096,16384,13312,303.649,325.95,310.561,0.3099
mixed,8,6,0.75,4.0,16,0,128,512,416,233.918,232.159,236.637,
mixed,8,6,0.75,4.0,16,0,256,1024,832,237.954,242.016,239.68,0.4249
mixed,8,6,0.75,4.0,16,0,512,2048,1664,251.488,255.9,251.004,-0.1097
mixed,8,6,0.75,4.0,16,0,1024,4096,3328,264.096,264.575,266.241,4.4781
mixed,8,6,0.75,4.0,16,0,2048,8192,6656,290.402,299.842,291.17,0.0814
mixed,8,6,0.75,4.0,16,0,4096,16384,13312,326.02,352.063,339.167,0.5048
mixed,8,6,0.75,4.0,16,512,128,512,416,250.177,249.633,249.314,
mixed,8,6,0.75,4.0,16,512,256,1024,832,256.609,260.668,255.966,-0.1584
mixed,8,6,0.75,4.0,16,512,512,2048,1664,262.079,266.274,263.233,0.2751
mixed,8,6,0.75,4.0,16,512,1024,4096,3328,269.888,276.995,275.618,0.8062
mixed,8,6,0.75,4.0,16,512,2048,8192,6656,295.108,299.682,293.953,-0.2525
mixed,8,6,0.75,4.0,16,512,4096,16384,13312,329.253,350.08,336.864,0.3654
mixed,8,6,0.75,4.0,16,1024,128,512,416,261.118,260.48,260.7,
mixed,8,6,0.75,4.0,16,1024,256,1024,832,258.976,259.268,260.093,3.8253
mixed,8,6,0.75,4.0,16,1024,512,2048,1664,266.113,266.851,266.363,0.3388
mixed,8,6,0.75,4.0,16,1024,1024,4096,3328,276.098,283.68,269.823,-0.8276
mixed,8,6,0.75,4.0,16,1024,2048,8192,6656,288.319,301.219,292.288,0.3077
mixed,8,6,0.75,4.0,16,1024,4096,16384,13312,329.376,347.714,341.793,0.6771
mixed,8,6,0.75,4.0,16,2048,128,512,416,273.565,275.36,273.988,0.2357
mixed,8,6,0.75,4.0,16,2048,256,1024,832,267.715,273.503,269.952,0.3865
mixed,8,6,0.75,4.0,16,2048,512,2048,1664,272.611,270.367,272.672,
mixed,8,6,0.75,4.0,16,2048,1024,4096,3328,277.311,284.064,280.128,0.4171
mixed,8,6,0.75,4.0,16,2048,2048,8192,6656,293.663,303.325,297.602,0.4077
mixed,8,6,0.75,4.0,16,2048,4096,16384,13312,336.45,354.18,340.674,0.2382
mixed,8,6,0.75,4.0,16,4096,128,512,416,285.024,288.227,289.474,1.3893
mixed,8,6,0.75,4.0,16,4096,256,1024,832,284.546,287.262,285.537,0.3649
mixed,8,6,0.75,4.0,16,4096,512,2048,1664,287.042,287.523,285.473,-3.262
mixed,8,6,0.75,4.0,16,4096,1024,4096,3328,292.706,298.689,291.679,-0.1717
mixed,8,6,0.75,4.0,16,4096,2048,8192,6656,302.334,313.154,304.832,0.2309
mixed,8,6,0.75,4.0,16,4096,4096,16384,13312,344.255,363.199,345.762,0.0796
mixed,8,6,0.75,4.0,16,8192,128,512,416,310.081,309.89,308.543,
mixed,8,6,0.75,4.0,16,8192,256,1024,832,311.422,307.234,309.249,
mixed,8,6,0.75,4.0,16,8192,512,2048,1664,311.939,310.592,312.479,
mixed,8,6,0.75,4.0,16,8192,1024,4096,3328,316.483,319.327,319.744,1.1466
mixed,8,6,0.75,4.0,16,8192,2048,8192,6656,329.667,333.987,324.671,-1.1565
mixed,8,6,0.75,4.0,16,8192,4096,16384,13312,362.307,374.238,356.003,-0.5284
mixed,8,6,0.75,4.0,32,0,128,512,416,240.126,242.594,242.818,1.0908
mixed,8,6,0.75,4.0,32,0,256,1024,832,246.078,249.215,245.692,-0.123
mixed,8,6,0.75,4.0,32,0,512,2048,1664,255.298,258.501,256.8,0.4689
mixed,8,6,0.75,4.0,32,0,1024,4096,3328,271.265,281.346,278.912,0.7586
mixed,8,6,0.75,4.0,32,0,2048,8192,6656,304.927,323.521,322.494,0.9448
mixed,8,6,0.75,4.0,32,0,4096,16384,13312,371.167,399.874,398.944,0.9676
mixed,8,6,0.75,4.0,32,512,128,512,416,267.489,269.923,267.102,-0.159
mixed,8,6,0.75,4.0,32,512,256,1024,832,265.375,270.368,268.129,0.5516
mixed,8,6,0.75,4.0,32,512,512,2048,1664,264.033,270.724,266.335,0.344
mixed,8,6,0.75,4.0,32,512,1024,4096,3328,279.905,290.014,287.07,0.7088
mixed,8,6,0.75,4.0,32,512,2048,8192,6656,305.765,319.519,322.178,1.1933
mixed,8,6,0.75,4.0,32,512,4096,16384,13312,374.72,400.898,399.202,0.9352
mixed,8,6,0.75,4.0,32,1024,128,512,416,278.782,280.355,278.403,-0.2409
mixed,8,6,0.75,4.0,32,1024,256,1024,832,274.627,276.126,275.617,0.6604
mixed,8,6,0.75,4.0,32,1024,512,2048,1664,278.176,278.622,276.961,-2.7242
mixed,8,6,0.75,4.0,32,1024,1024,4096,3328,278.754,292.417,289.887,0.8148
mixed,8,6,0.75,4.0,32,1024,2048,8192,6656,317.473,329.761,326.849,0.763
mixed,8,6,0.75,4.0,32,1024,4096,16384,13312,373.188,403.234,396.769,0.7848
mixed,8,6,0.75,4.0,32,2048,128,512,416,288.548,288.638,289.692,12.7111
mixed,8,6,0.75,4.0,32,2048,256,1024,832,288.993,289.188,288.061,-4.7795
mixed,8,6,0.75,4.0,32,2048,512,2048,1664,290.304,288.543,290.943,
mixed,8,6,0.75,4.0,32,2048,1024,4096,3328,332.996,303.488,302.302,
mixed,8,6,0.75,4.0,32,2048,2048,8192,6656,318.819,333.438,334.624,1.0811
mixed,8,6,0.75,4.0,32,2048,4096,16384,13312,380.83,409.219,405.698,0.876
mixed,8,6,0.75,4.0,32,4096,128,512,416,310.944,313.411,311.966,0.4143
mixed,8,6,0.75,4.0,32,4096,256,1024,832,313.119,311.555,316.42,
mixed,8,6,0.75,4.0,32,4096,512,2048,1664,314.849,317.728,316.546,0.5894
mixed,8,6,0.75,4.0,32,4096,1024,4096,3328,319.169,327.298,325.121,0.7322
mixed,8,6,0.75,4.0,32,4096,2048,8192,6656,410.079,338.628,371.552,
mixed,8,6,0.75,4.0,32,4096,4096,16384,13312,382.369,415.645,408.701,0.7913
mixed,8,6,0.75,4.0,32,8192,128,512,416,352.412,339.009,339.26,
mixed,8,6,0.75,4.0,32,8192,256,1024,832,356.671,356.383,355.235,
mixed,8,6,0.75,4.0,32,8192,512,2048,1664,357.056,356.483,354.723,
mixed,8,6,0.75,4.0,32,8192,1024,4096,3328,429.76,369.728,419.042,
mixed,8,6,0.75,4.0,32,8192,2048,8192,6656,462.463,383.069,444.737,
mixed,8,6,0.75,4.0,32,8192,4096,16384,13312,545.374,412.898,486.398,
mixed,8,6,0.75,4.0,64,0,128,512,416,246.565,248.222,245.858,-0.4267
mixed,8,6,0.75,4.0,64,0,256,1024,832,252.609,260.318,258.753,0.797
mixed,8,6,0.75,4.0,64,0,512,2048,1664,268.002,277.602,276.896,0.9265
mixed,8,6,0.75,4.0,64,0,1024,4096,3328,302.878,316.032,315.486,0.9585
mixed,8,6,0.75,4.0,64,0,2048,8192,6656,363.199,391.842,390.975,0.9697
mixed,8,6,0.75,4.0,64,0,4096,16384,13312,489.791,548.449,550.816,1.0404
mixed,8,6,0.75,4.0,64,512,128,512,416,289.983,290.433,290.562,1.2867
mixed,8,6,0.75,4.0,64,512,256,1024,832,285.377,279.299,279.396,
mixed,8,6,0.75,4.0,64,512,512,2048,1664,282.656,294.69,292.446,0.8135
mixed,8,6,0.75,4.0,64,512,1024,4096,3328,318.368,336.257,333.983,0.8729
mixed,8,6,0.75,4.0,64,512,2048,8192,6656,364.448,394.529,396.483,1.065
mixed,8,6,0.75,4.0,64,512,4096,16384,13312,492.672,549.445,551.233,1.0315
mixed,8,6,0.75,4.0,64,1024,128,512,416,308.484,298.369,297.921,
mixed,8,6,0.75,4.0,64,1024,256,1024,832,298.59,301.121,300.576,0.7847
mixed,8,6,0.75,4.0,64,1024,512,2048,1664,297.89,299.463,299.583,1.0763
mixed,8,6,0.75,4.0,64,1024,1024,4096,3328,320.769,333.665,331.968,0.8684
mixed,8,6,0.75,4.0,64,1024,2048,8192,6656,379.426,410.463,411.168,1.0227
mixed,8,6,0.75,4.0,64,1024,4096,16384,13312,490.945,549.663,547.456,0.9624
mixed,8,6,0.75,4.0,64,2048,128,512,416,339.044,345.375,345.215,0.9747
mixed,8,6,0.75,4.0,64,2048,256,1024,832,341.407,355.394,350.691,0.6638
mixed,8,6,0.75,4.0,64,2048,512,2048,1664,329.379,330.146,329.955,0.751
mixed,8,6,0.75,4.0,64,2048,1024,4096,3328,321.315,337.571,337.955,1.0236
mixed,8,6,0.75,4.0,64,2048,2048,8192,6656,387.135,412.452,414.242,1.0707
mixed,8,6,0.75,4.0,64,2048,4096,16384,13312,508.032,567.555,561.601,0.9
mixed,8,6,0.75,4.0,64,4096,128,512,416,359.012,349.055,349.249,
mixed,8,6,0.75,4.0,64,4096,256,1024,832,406.91,423.33,425.762,1.1481
mixed,8,6,0.75,4.0,64,4096,512,2048,1664,416.929,433.281,429.984,0.7984
mixed,8,6,0.75,4.0,64,4096,1024,4096,3328,438.783,378.337,430.881,
mixed,8,6,0.75,4.0,64,4096,2048,8192,6656,389.892,420.32,415.778,0.8507
mixed,8,6,0.75,4.0,64,4096,4096,16384,13312,513.09,570.588,567.042,0.9383
mixed,8,6,0.75,4.0,64,8192,128,512,416,435.201,437.281,432.93,-1.0918
mixed,8,6,0.75,4.0,64,8192,256,1024,832,437.696,427.3,426.082,
mixed,8,6,0.75,4.0,64,8192,512,2048,1664,528.513,584.966,583.682,0.9773
mixed,8,6,0.75,4.0,64,8192,1024,4096,3328,556.993,587.459,589.729,1.0745
mixed,8,6,0.75,4.0,64,8192,2048,8192,6656,598.339,484.963,586.629,
mixed,8,6,0.75,4.0,64,8192,4096,16384,13312,516.062,573.764,575.461,1.0294
mixed,8,6,0.75,4.0,128,0,128,512,416,269.277,274.626,273.089,0.7127
mixed,8,6,0.75,4.0,128,0,256,1024,832,287.585,295.393,293.956,0.816
mixed,8,6,0.75,4.0,128,0,512,2048,1664,319.097,332.413,331.459,0.9284
mixed,8,6,0.75,4.0,128,0,1024,4096,3328,379.716,408.449,406.786,0.9421
mixed,8,6,0.75,4.0,128,0,2048,8192,6656,503.042,560.132,557.634,0.9562
mixed,8,6,0.75,4.0,128,0,4096,16384,13312,755.488,870.433,869.408,0.9911
mixed,8,6,0.75,4.0,128,512,128,512,416,352.417,359.681,358.18,0.7934
mixed,8,6,0.75,4.0,128,512,256,1024,832,366.785,379.078,379.012,0.9946
mixed,8,6,0.75,4.0,128,512,512,2048,1664,403.069,415.968,417.021,1.0816
mixed,8,6,0.75,4.0,128,512,1024,4096,3328,463.68,410.596,492.547,
mixed,8,6,0.75,4.0,128,512,2048,8192,6656,506.013,563.201,563.715,1.009
mixed,8,6,0.75,4.0,128,512,4096,16384,13312,759.903,871.362,871.746,1.0034
mixed,8,6,0.75,4.0,128,1024,128,512,416,362.272,388.899,390.623,1.0647
mixed,8,6,0.75,4.0,128,1024,256,1024,832,386.915,397.921,399.743,1.1655
mixed,8,6,0.75,4.0,128,1024,512,2048,1664,423.205,436.996,435.49,0.8908
mixed,8,6,0.75,4.0,128,1024,1024,4096,3328,484.741,513.63,511.844,0.9382
mixed,8,6,0.75,4.0,128,1024,2048,8192,6656,604.322,563.421,662.34,
mixed,8,6,0.75,4.0,128,1024,4096,16384,13312,759.138,875.49,873.027,0.9788
mixed,8,6,0.75,4.0,128,2048,128,512,416,390.558,381.056,383.044,
mixed,8,6,0.75,4.0,128,2048,256,1024,832,431.521,468.164,471.139,1.0812
mixed,8,6,0.75,4.0,128,2048,512,2048,1664,462.017,476.575,479.553,1.2046
mixed,8,6,0.75,4.0,128,2048,1024,4096,3328,523.555,550.943,551.589,1.0236
mixed,8,6,0.75,4.0,128,2048,2048,8192,6656,646.019,705.218,704.098,0.9811
mixed,8,6,0.75,4.0,128,2048,4096,16384,13312,897.061,876.674,1013.635,
mixed,8,6,0.75,4.0,128,4096,128,512,416,467.647,468.225,471.968,7.4758
mixed,8,6,0.75,4.0,128,4096,256,1024,832,468.609,462.245,461.25,
mixed,8,6,0.75,4.0,128,4096,512,2048,1664,559.681,629.89,630.402,1.0073
mixed,8,6,0.75,4.0,128,4096,1024,4096,3328,607.779,633.889,638.722,1.1851
mixed,8,6,0.75,4.0,128,4096,2048,8192,6656,727.968,786.437,785.312,0.9808
mixed,8,6,0.75,4.0,128,4096,4096,16384,13312,978.787,1098.943,1097.83,0.9907
mixed,8,6,0.75,4.0,128,8192,128,512,416,626.594,624.256,626.815,
mixed,8,6,0.75,4.0,128,8192,256,1024,832,626.051,623.715,624.836,
mixed,8,6,0.75,4.0,128,8192,512,2048,1664,624.639,620.575,619.903,
mixed,8,6,0.75,4.0,128,8192,1024,4096,3328,816.579,940.738,943.71,1.0239
mixed,8,6,0.75,4.0,128,8192,2048,8192,6656,885.665,946.884,944.672,0.9639
mixed,8,6,0.75,4.0,128,8192,4096,16384,13312,1139.523,1251.302,1255.584,1.0383
mixed,8,6,0.75,4.0,256,0,128,512,416,318.175,322.626,325.404,1.6241
mixed,8,6,0.75,4.0,256,0,256,1024,832,351.844,363.625,367.332,1.3147
mixed,8,6,0.75,4.0,256,0,512,2048,1664,413.12,440.769,440.577,0.9931
mixed,8,6,0.75,4.0,256,0,1024,4096,3328,542.848,602.025,598.432,0.9393
mixed,8,6,0.75,4.0,256,0,2048,8192,6656,799.808,918.883,919.07,1.0016
mixed,8,6,0.75,4.0,256,0,4096,16384,13312,1302.054,1532.702,1534.594,1.0082
mixed,8,6,0.75,4.0,256,512,128,512,416,363.937,385.185,385.538,1.0166
mixed,8,6,0.75,4.0,256,512,256,1024,832,405.825,423.52,423.937,1.0236
mixed,8,6,0.75,4.0,256,512,512,2048,1664,471.168,500.033,502.018,1.0688
mixed,8,6,0.75,4.0,256,512,1024,4096,3328,603.779,668.164,663.935,0.9343
mixed,8,6,0.75,4.0,256,512,2048,8192,6656,861.411,973.7,975.137,1.0128
mixed,8,6,0.75,4.0,256,512,4096,16384,13312,1360.516,1589.282,1588.613,0.9971
mixed,8,6,0.75,4.0,256,1024,128,512,416,380.544,384.066,381.219,0.1917
mixed,8,6,0.75,4.0,256,1024,256,1024,832,429.316,463.071,462.435,0.9812
mixed,8,6,0.75,4.0,256,1024,512,2048,1664,508.993,543.777,540.609,0.9089
mixed,8,6,0.75,4.0,256,1024,1024,4096,3328,645.791,705.056,703.232,0.9692
mixed,8,6,0.75,4.0,256,1024,2048,8192,6656,900.356,1013.732,1014.852,1.0099
mixed,8,6,0.75,4.0,256,1024,4096,16384,13312,1398.532,1628.1,1626.534,0.9932
mixed,8,6,0.75,4.0,256,2048,128,512,416,458.69,456.644,459.136,
mixed,8,6,0.75,4.0,256,2048,256,1024,832,456.131,459.809,458.467,0.6351
mixed,8,6,0.75,4.0,256,2048,512,2048,1664,556.286,620.353,618.465,0.9705
mixed,8,6,0.75,4.0,256,2048,1024,4096,3328,724.704,783.427,779.487,0.9329
mixed,8,6,0.75,4.0,256,2048,2048,8192,6656,981.026,1092.997,1094.593,1.0143
mixed,8,6,0.75,4.0,256,2048,4096,16384,13312,1478.724,1711.173,1706.758,0.981
mixed,8,6,0.75,4.0,256,4096,128,512,416,618.719,617.315,617.984,
mixed,8,6,0.75,4.0,256,4096,256,1024,832,617.471,619.584,618.112,0.3034
mixed,8,6,0.75,4.0,256,4096,512,2048,1664,621.025,621.983,621.441,0.4342
mixed,8,6,0.75,4.0,256,4096,1024,4096,3328,823.422,942.947,938.912,0.9662
mixed,8,6,0.75,4.0,256,4096,2048,8192,6656,1137.09,1251.201,1253.055,1.0162
mixed,8,6,0.75,4.0,256,4096,4096,16384,13312,1641.605,1870.308,1866.982,0.9855
mixed,8,6,0.75,4.0,256,8192,128,512,416,922.116,924.899,925.63,1.2627
mixed,8,6,0.75,4.0,256,8192,256,1024,832,923.748,930.372,926.47,0.4109
mixed,8,6,0.75,4.0,256,8192,512,2048,1664,930.977,930.818,931.459,
mixed,8,6,0.75,4.0,256,8192,1024,4096,3328,933.89,937.696,938.754,1.278
mixed,8,6,0.75,4.0,256,8192,2048,8192,6656,1328.897,1559.104,1555.941,0.9863
mixed,8,6,0.75,4.0,256,8192,4096,16384,13312,1946.183,2174.275,2171.524,0.9879
mixed,8,6,0.75,4.0,512,0,128,512,416,461.214,461.348,461.858,4.806
mixed,8,6,0.75,4.0,512,0,256,1024,832,478.786,478.21,478.432,
mixed,8,6,0.75,4.0,512,0,512,2048,1664,522.981,554.146,552.992,0.963
mixed,8,6,0.75,4.0,512,0,1024,4096,3328,650.82,712.286,711.074,0.9803
mixed,8,6,0.75,4.0,512,0,2048,8192,6656,905.506,1022.719,1018.629,0.9651
mixed,8,6,0.75,4.0,512,0,4096,16384,13312,1409.029,1636.387,1637.54,1.0051
mixed,8,6,0.75,4.0,512,512,128,512,416,537.345,536.55,536.837,
mixed,8,6,0.75,4.0,512,512,256,1024,832,558.369,573.222,569.892,0.7758
mixed,8,6,0.75,4.0,512,512,512,2048,1664,622.98,649.698,655.106,1.2024
mixed,8,6,0.75,4.0,512,512,1024,4096,3328,749.538,805.148,808.738,1.0646
mixed,8,6,0.75,4.0,512,512,2048,8192,6656,1000.29,1120.579,1117.478,0.9742
mixed,8,6,0.75,4.0,512,512,4096,16384,13312,1500.165,1728.391,1741.123,1.0558
mixed,8,6,0.75,4.0,512,1024,128,512,416,611.3,612.835,613.823,1.6436
mixed,8,6,0.75,4.0,512,1024,256,1024,832,613.539,615.745,610.018,-1.5961
mixed,8,6,0.75,4.0,512,1024,512,2048,1664,664.964,694.883,689.986,0.8363
mixed,8,6,0.75,4.0,512,1024,1024,4096,3328,790.113,845.859,846.627,1.0138
mixed,8,6,0.75,4.0,512,1024,2048,8192,6656,1041.665,1159.334,1156.253,0.9738
mixed,8,6,0.75,4.0,512,1024,4096,16384,13312,1544.548,1771.462,1775.622,1.0183
mixed,8,6,0.75,4.0,512,2048,128,512,416,773.985,771.617,780.099,
mixed,8,6,0.75,4.0,512,2048,256,1024,832,775.269,771.652,769.216,
mixed,8,6,0.75,4.0,512,2048,512,2048,1664,776.771,775.937,771.903,
mixed,8,6,0.75,4.0,512,2048,1024,4096,3328,871.039,929.635,932.255,1.0447
mixed,8,6,0.75,4.0,512,2048,2048,8192,6656,1125.73,1243.169,1239.234,0.9665
mixed,8,6,0.75,4.0,512,2048,4096,16384,13312,1631.334,1858.02,1855.459,0.9887
mixed,8,6,0.75,4.0,512,4096,128,512,416,1081.826,1079.589,1082.533,
mixed,8,6,0.75,4.0,512,4096,256,1024,832,1077.732,1081.7,1081.894,1.0489
mixed,8,6,0.75,4.0,512,4096,512,2048,1664,1080.933,1084.193,1084.386,1.0592
mixed,8,6,0.75,4.0,512,4096,1024,4096,3328,1080.066,1090.111,1084.895,0.4807
mixed,8,6,0.75,4.0,512,4096,2048,8192,6656,1282.306,1399.14,1397.637,0.9871
mixed,8,6,0.75,4.0,512,4096,4096,16384,13312,1787.364,2017.601,2018.595,1.0043
mixed,8,6,0.75,4.0,512,8192,128,512,416,1685.888,1687.204,1697.189,8.5874
mixed,8,6,0.75,4.0,512,8192,256,1024,832,1688.899,1685.602,1689.635,
mixed,8,6,0.75,4.0,512,8192,512,2048,1664,1689.347,1691.716,1685.925,-1.4445
mixed,8,6,0.75,4.0,512,8192,1024,4096,3328,1694.819,1686.885,1675.27,
mixed,8,6,0.75,4.0,512,8192,2048,8192,6656,1689.125,1688.772,1697.476,
mixed,8,6,0.75,4.0,512,8192,4096,16384,13312,2081.794,2321.159,2319.493,0.993
mixed,8,6,0.75,4.0,1024,0,128,512,416,775.398,773.822,768.708,
mixed,8,6,0.75,4.0,1024,0,256,1024,832,787.551,781.371,778.274,
mixed,8,6,0.75,4.0,1024,0,512,2048,1664,796.351,797.434,797.122,0.7119
mixed,8,6,0.75,4.0,1024,0,1024,4096,3328,807.522,809.632,807.394,-0.0607
mixed,8,6,0.75,4.0,1024,0,2048,8192,6656,828.516,844.102,835.228,0.4306
mixed,8,6,0.75,4.0,1024,0,4096,16384,13312,871.58,894.341,875.395,0.1676
mixed,8,6,0.75,4.0,1024,512,128,512,416,932.45,937.252,935.55,0.6456
mixed,8,6,0.75,4.0,1024,512,256,1024,832,948.641,947.459,949.567,
mixed,8,6,0.75,4.0,1024,512,512,2048,1664,956.804,956.834,957.435,21.0333
mixed,8,6,0.75,4.0,1024,512,1024,4096,3328,965.447,973.572,967.322,0.2308
mixed,8,6,0.75,4.0,1024,512,2048,8192,6656,1001.061,1004.676,994.914,-1.7004
mixed,8,6,0.75,4.0,1024,512,4096,16384,13312,1034.693,1059.68,1034.531,-0.0065
mixed,8,6,0.75,4.0,1024,1024,128,512,416,1007.646,1011.623,1006.723,-0.2321
mixed,8,6,0.75,4.0,1024,1024,256,1024,832,1022.853,1024.259,1023.038,0.1316
mixed,8,6,0.75,4.0,1024,1024,512,2048,1664,1032.77,1032.164,1033.316,
mixed,8,6,0.75,4.0,1024,1024,1024,4096,3328,1043.366,1049.797,1046.628,0.5072
mixed,8,6,0.75,4.0,1024,1024,2048,8192,6656,1071.209,1082.214,1074.783,0.3248
mixed,8,6,0.75,4.0,1024,1024,4096,16384,13312,1113.797,1127.744,1114.5,0.0504
mixed,8,6,0.75,4.0,1024,2048,128,512,416,1162.682,1167.846,1165.985,0.6396
mixed,8,6,0.75,4.0,1024,2048,256,1024,832,1180.005,1175.715,1182.946,
mixed,8,6,0.75,4.0,1024,2048,512,2048,1664,1181.83,1185.921,1186.889,1.2366
mixed,8,6,0.75,4.0,1024,2048,1024,4096,3328,1194.439,1201.762,1204.004,1.3062
mixed,8,6,0.75,4.0,1024,2048,2048,8192,6656,1224.0,1234.143,1221.408,-0.2555
mixed,8,6,0.75,4.0,1024,2048,4096,16384,13312,1262.338,1283.619,1265.926,0.1686
mixed,8,6,0.75,4.0,1024,4096,128,512,416,1492.777,1492.739,1488.483,
mixed,8,6,0.75,4.0,1024,4096,256,1024,832,1504.458,1504.485,1507.487,112.1852
mixed,8,6,0.75,4.0,1024,4096,512,2048,1664,1518.499,1512.488,1518.752,
mixed,8,6,0.75,4.0,1024,4096,1024,4096,3328,1529.28,1532.416,1528.003,-0.4072
mixed,8,6,0.75,4.0,1024,4096,2048,8192,6656,1546.086,1557.955,1561.953,1.3368
mixed,8,6,0.75,4.0,1024,4096,4096,16384,13312,1589.668,1607.329,1596.935,0.4115
mixed,8,6,0.75,4.0,1024,8192,128,512,416,2110.53,2112.229,2109.438,-0.6427
mixed,8,6,0.75,4.0,1024,8192,256,1024,832,2121.544,2114.052,2124.067,
mixed,8,6,0.75,4.0,1024,8192,512,2048,1664,2135.489,2132.935,2132.137,
mixed,8,6,0.75,4.0,1024,8192,1024,4096,3328,2144.872,2149.671,2144.257,-0.1282
mixed,8,6,0.75,4.0,1024,8192,2048,8192,6656,2170.496,2178.053,2165.092,-0.7151
mixed,8,6,0.75,4.0,1024,8192,4096,16384,13312,2202.447,2227.017,2214.214,0.4789
mixed,8,6,0.75,4.0,2048,0,128,512,416,1408.386,1406.25,1405.765,
mixed,8,6,0.75,4.0,2048,0,256,1024,832,1427.071,1420.675,1419.274,
mixed,8,6,0.75,4.0,2048,0,512,2048,1664,1426.821,1426.657,1432.453,
mixed,8,6,0.75,4.0,2048,0,1024,4096,3328,1437.861,1452.355,1442.69,0.3332
mixed,8,6,0.75,4.0,2048,0,2048,8192,6656,1470.339,1477.857,1468.549,-0.2381
mixed,8,6,0.75,4.0,2048,0,4096,16384,13312,1508.104,1529.189,1513.255,0.2443
mixed,8,6,0.75,4.0,2048,512,128,512,416,1628.0,1629.124,1637.377,8.3425
mixed,8,6,0.75,4.0,2048,512,256,1024,832,1644.641,1649.191,1644.223,-0.0919
mixed,8,6,0.75,4.0,2048,512,512,2048,1664,1652.449,1654.798,1653.602,0.4908
mixed,8,6,0.75,4.0,2048,512,1024,4096,3328,1671.588,1669.417,1666.721,
mixed,8,6,0.75,4.0,2048,512,2048,8192,6656,1692.579,1700.36,1694.183,0.2061
mixed,8,6,0.75,4.0,2048,512,4096,16384,13312,1728.583,1746.245,1731.745,0.179
mixed,8,6,0.75,4.0,2048,1024,128,512,416,1746.466,1743.749,1746.883,
mixed,8,6,0.75,4.0,2048,1024,256,1024,832,1762.212,1752.999,1754.757,
mixed,8,6,0.75,4.0,2048,1024,512,2048,1664,1763.232,1761.508,1767.46,
mixed,8,6,0.75,4.0,2048,1024,1024,4096,3328,1779.21,1781.894,1782.308,1.1542
mixed,8,6,0.75,4.0,2048,1024,2048,8192,6656,1801.733,1810.658,1805.187,0.387
mixed,8,6,0.75,4.0,2048,1024,4096,16384,13312,1838.255,1857.669,1844.578,0.3257
mixed,8,6,0.75,4.0,2048,2048,128,512,416,1983.458,1976.422,1974.091,
mixed,8,6,0.75,4.0,2048,2048,256,1024,832,1999.659,1986.909,1993.768,
mixed,8,6,0.75,4.0,2048,2048,512,2048,1664,2002.407,1993.795,2004.615,
mixed,8,6,0.75,4.0,2048,2048,1024,4096,3328,2012.419,2019.236,2009.387,-0.4448
mixed,8,6,0.75,4.0,2048,2048,2048,8192,6656,2037.542,2044.452,2040.669,0.4525
mixed,8,6,0.75,4.0,2048,2048,4096,16384,13312,2075.364,2096.584,2076.711,0.0635
mixed,8,6,0.75,4.0,2048,4096,128,512,416,2440.805,2450.274,2443.619,0.2972
mixed,8,6,0.75,4.0,2048,4096,256,1024,832,2455.08,2449.901,2459.207,
mixed,8,6,0.75,4.0,2048,4096,512,2048,1664,2463.846,2462.277,2467.91,
mixed,8,6,0.75,4.0,2048,4096,1024,4096,3328,2479.752,2481.925,2479.362,-0.1795
mixed,8,6,0.75,4.0,2048,4096,2048,8192,6656,2499.144,2510.661,2509.44,0.894
mixed,8,6,0.75,4.0,2048,4096,4096,16384,13312,2537.702,2555.235,2536.994,-0.0404
mixed,8,6,0.75,4.0,2048,8192,128,512,416,3332.586,3321.1,3319.847,
mixed,8,6,0.75,4.0,2048,8192,256,1024,832,3337.475,3335.146,3338.308,
mixed,8,6,0.75,4.0,2048,8192,512,2048,1664,3346.571,3346.599,3351.44,173.8929
mixed,8,6,0.75,4.0,2048,8192,1024,4096,3328,3360.8,3361.669,3363.088,2.6329
mixed,8,6,0.75,4.0,2048,8192,2048,8192,6656,3378.507,3408.617,3382.922,0.1466
mixed,8,6,0.75,4.0,2048,8192,4096,16384,13312,3418.796,3435.499,3420.706,0.1144
pure,8,7,0.875,4.0,0,0,128,512,464,217.408,215.776,213.728,
pure,8,7,0.875,4.0,0,0,256,1024,928,219.998,225.376,222.112,0.3931
pure,8,7,0.875,4.0,0,0,512,2048,1856,246.05,237.087,242.719,
pure,8,7,0.875,4.0,0,0,1024,4096,3712,250.176,251.777,252.035,1.1611
pure,8,7,0.875,4.0,0,0,2048,8192,7424,270.947,279.14,274.401,0.4216
pure,8,7,0.875,4.0,0,0,4096,16384,14848,316.318,325.983,317.536,0.126
mixed,8,7,0.875,4.0,16,0,128,512,464,237.252,231.712,235.684,
mixed,8,7,0.875,4.0,16,0,256,1024,928,243.588,242.849,244.221,
mixed,8,7,0.875,4.0,16,0,512,2048,1856,251.65,253.758,252.034,0.1822
mixed,8,7,0.875,4.0,16,0,1024,4096,3712,267.809,262.111,266.721,
mixed,8,7,0.875,4.0,16,0,2048,8192,7424,291.746,296.831,295.01,0.6419
mixed,8,7,0.875,4.0,16,0,4096,16384,14848,334.176,348.19,342.174,0.5707
mixed,8,7,0.875,4.0,16,512,128,512,464,249.955,250.047,248.991,-10.4783
mixed,8,7,0.875,4.0,16,512,256,1024,928,253.793,259.105,256.385,0.488
mixed,8,7,0.875,4.0,16,512,512,2048,1856,261.277,264.286,264.318,1.0106
mixed,8,7,0.875,4.0,16,512,1024,4096,3712,271.2,281.537,273.12,0.1857
mixed,8,7,0.875,4.0,16,512,2048,8192,7424,291.359,300.354,292.798,0.16
mixed,8,7,0.875,4.0,16,512,4096,16384,14848,340.483,351.62,343.201,0.2441
mixed,8,7,0.875,4.0,16,1024,128,512,464,264.932,261.698,259.297,
mixed,8,7,0.875,4.0,16,1024,256,1024,928,260.066,259.104,257.983,
mixed,8,7,0.875,4.0,16,1024,512,2048,1856,262.207,265.63,269.09,2.0108
mixed,8,7,0.875,4.0,16,1024,1024,4096,3712,280.127,279.996,283.552,
mixed,8,7,0.875,4.0,16,1024,2048,8192,7424,292.831,301.892,295.167,0.2578
mixed,8,7,0.875,4.0,16,1024,4096,16384,14848,339.612,349.57,343.296,0.37
mixed,8,7,0.875,4.0,16,2048,128,512,464,273.634,274.08,274.401,1.7197
mixed,8,7,0.875,4.0,16,2048,256,1024,928,268.48,269.248,266.563,-2.4961
mixed,8,7,0.875,4.0,16,2048,512,2048,1856,271.329,269.951,270.595,
mixed,8,7,0.875,4.0,16,2048,1024,4096,3712,279.616,281.599,284.867,2.648
mixed,8,7,0.875,4.0,16,2048,2048,8192,7424,299.042,303.777,300.035,0.2097
mixed,8,7,0.875,4.0,16,2048,4096,16384,14848,342.59,353.12,345.601,0.2859
mixed,8,7,0.875,4.0,16,4096,128,512,464,286.979,288.19,288.737,1.4517
mixed,8,7,0.875,4.0,16,4096,256,1024,928,288.449,288.386,285.95,
mixed,8,7,0.875,4.0,16,4096,512,2048,1856,287.012,287.265,285.121,-7.4743
mixed,8,7,0.875,4.0,16,4096,1024,4096,3712,292.83,295.68,292.48,-0.1228
mixed,8,7,0.875,4.0,16,4096,2048,8192,7424,310.688,310.752,310.178,-7.9687
mixed,8,7,0.875,4.0,16,4096,4096,16384,14848,351.136,361.468,350.014,-0.1086
mixed,8,7,0.875,4.0,16,8192,128,512,464,309.344,309.663,307.423,-6.0219
mixed,8,7,0.875,4.0,16,8192,256,1024,928,310.912,309.503,309.023,
mixed,8,7,0.875,4.0,16,8192,512,2048,1856,311.104,312.192,313.854,2.5276
mixed,8,7,0.875,4.0,16,8192,1024,4096,3712,316.292,321.508,317.444,0.2209
mixed,8,7,0.875,4.0,16,8192,2048,8192,7424,331.84,337.827,330.785,-0.1762
mixed,8,7,0.875,4.0,16,8192,4096,16384,14848,365.921,376.865,364.418,-0.1373
mixed,8,7,0.875,4.0,32,0,128,512,464,243.713,242.239,241.409,
mixed,8,7,0.875,4.0,32,0,256,1024,928,248.64,247.935,248.42,
mixed,8,7,0.875,4.0,32,0,512,2048,1856,261.118,255.554,257.536,
mixed,8,7,0.875,4.0,32,0,1024,4096,3712,274.589,280.48,278.688,0.6958
mixed,8,7,0.875,4.0,32,0,2048,8192,7424,310.051,320.545,321.505,1.0915
mixed,8,7,0.875,4.0,32,0,4096,16384,14848,387.904,398.913,399.297,1.0349
mixed,8,7,0.875,4.0,32,512,128,512,464,267.392,269.346,269.277,0.9647
mixed,8,7,0.875,4.0,32,512,256,1024,928,268.512,269.347,265.474,-3.6383
mixed,8,7,0.875,4.0,32,512,512,2048,1856,267.424,268.544,265.859,-1.3973
mixed,8,7,0.875,4.0,32,512,1024,4096,3712,284.385,288.351,290.048,1.4279
mixed,8,7,0.875,4.0,32,512,2048,8192,7424,314.433,321.761,323.744,1.2706
mixed,8,7,0.875,4.0,32,512,4096,16384,14848,388.546,400.933,399.233,0.8628
mixed,8,7,0.875,4.0,32,1024,128,512,464,276.865,277.885,277.378,0.5029
mixed,8,7,0.875,4.0,32,1024,256,1024,928,274.598,280.192,276.221,0.2901
mixed,8,7,0.875,4.0,32,1024,512,2048,1856,276.066,281.568,279.553,0.6338
mixed,8,7,0.875,4.0,32,1024,1024,4096,3712,285.729,290.563,294.176,1.7474
mixed,8,7,0.875,4.0,32,1024,2048,8192,7424,320.162,328.577,327.937,0.9239
mixed,8,7,0.875,4.0,32,1024,4096,16384,14848,388.99,403.331,400.098,0.7746
mixed,8,7,0.875,4.0,32,2048,128,512,464,288.004,291.456,286.885,-0.3242
mixed,8,7,0.875,4.0,32,2048,256,1024,928,287.712,289.858,287.743,0.0144
mixed,8,7,0.875,4.0,32,2048,512,2048,1856,288.997,289.726,288.098,-1.2332
mixed,8,7,0.875,4.0,32,2048,1024,4096,3712,298.432,298.047,297.627,
mixed,8,7,0.875,4.0,32,2048,2048,8192,7424,320.992,330.562,331.265,1.0735
mixed,8,7,0.875,4.0,32,2048,4096,16384,14848,395.298,408.642,408.895,1.019
mixed,8,7,0.875,4.0,32,4096,128,512,464,311.846,313.057,313.472,1.3427
mixed,8,7,0.875,4.0,32,4096,256,1024,928,310.912,314.846,312.707,0.4563
mixed,8,7,0.875,4.0,32,4096,512,2048,1856,316.829,317.028,315.997,-4.1809
mixed,8,7,0.875,4.0,32,4096,1024,4096,3712,321.567,326.272,323.52,0.4151
mixed,8,7,0.875,4.0,32,4096,2048,8192,7424,333.791,334.72,337.957,4.4844
mixed,8,7,0.875,4.0,32,4096,4096,16384,14848,401.022,412.993,409.408,0.7005
mixed,8,7,0.875,4.0,32,8192,128,512,464,343.106,340.767,340.162,
mixed,8,7,0.875,4.0,32,8192,256,1024,928,357.383,355.906,354.371,
mixed,8,7,0.875,4.0,32,8192,512,2048,1856,356.578,354.21,355.801,
mixed,8,7,0.875,4.0,32,8192,1024,4096,3712,364.128,366.08,366.052,0.9857
mixed,8,7,0.875,4.0,32,8192,2048,8192,7424,478.465,381.216,468.896,
mixed,8,7,0.875,4.0,32,8192,4096,16384,14848,417.603,411.844,417.122,
mixed,8,7,0.875,4.0,64,0,128,512,464,244.449,248.066,246.816,0.6544
mixed,8,7,0.875,4.0,64,0,256,1024,928,252.927,259.746,257.503,0.6711
mixed,8,7,0.875,4.0,64,0,512,2048,1856,271.107,276.609,276.317,0.9469
mixed,8,7,0.875,4.0,64,0,1024,4096,3712,305.925,314.334,313.6,0.9127
mixed,8,7,0.875,4.0,64,0,2048,8192,7424,378.398,396.224,392.671,0.8007
mixed,8,7,0.875,4.0,64,0,4096,16384,14848,517.916,547.167,549.664,1.0854
mixed,8,7,0.875,4.0,64,512,128,512,464,289.6,291.108,289.857,0.1704
mixed,8,7,0.875,4.0,64,512,256,1024,928,285.279,282.08,278.721,
mixed,8,7,0.875,4.0,64,512,512,2048,1856,293.087,293.539,295.551,5.4513
mixed,8,7,0.875,4.0,64,512,1024,4096,3712,323.14,332.448,333.89,1.1549
mixed,8,7,0.875,4.0,64,512,2048,8192,7424,378.661,394.239,397.663,1.2198
mixed,8,7,0.875,4.0,64,512,4096,16384,14848,523.268,549.668,549.984,1.012
mixed,8,7,0.875,4.0,64,1024,128,512,464,297.76,302.72,296.963,-0.1607
mixed,8,7,0.875,4.0,64,1024,256,1024,928,301.758,303.974,299.263,-1.1259
mixed,8,7,0.875,4.0,64,1024,512,2048,1856,292.542,301.73,302.43,1.0762
mixed,8,7,0.875,4.0,64,1024,1024,4096,3712,323.746,332.675,334.813,1.2394
mixed,8,7,0.875,4.0,64,1024,2048,8192,7424,395.266,410.115,409.792,0.9782
mixed,8,7,0.875,4.0,64,1024,4096,16384,14848,520.445,549.794,549.059,0.975
mixed,8,7,0.875,4.0,64,2048,128,512,464,342.43,347.941,346.048,0.6565
mixed,8,7,0.875,4.0,64,2048,256,1024,928,344.86,355.452,352.189,0.6919
mixed,8,7,0.875,4.0,64,2048,512,2048,1856,328.353,329.57,328.928,0.4725
mixed,8,7,0.875,4.0,64,2048,1024,4096,3712,329.408,339.102,337.023,0.7855
mixed,8,7,0.875,4.0,64,2048,2048,8192,7424,396.446,411.937,414.718,1.1795
mixed,8,7,0.875,4.0,64,2048,4096,16384,14848,540.03,565.411,564.549,0.966
mixed,8,7,0.875,4.0,64,4096,128,512,464,352.002,350.273,349.057,
mixed,8,7,0.875,4.0,64,4096,256,1024,928,416.068,426.079,424.097,0.802
mixed,8,7,0.875,4.0,64,4096,512,2048,1856,421.217,434.173,434.431,1.0199
mixed,8,7,0.875,4.0,64,4096,1024,4096,3712,371.073,378.43,376.513,0.7394
mixed,8,7,0.875,4.0,64,4096,2048,8192,7424,402.277,419.808,416.579,0.8158
mixed,8,7,0.875,4.0,64,4096,4096,16384,14848,539.363,569.309,569.185,0.9959
mixed,8,7,0.875,4.0,64,8192,128,512,464,434.274,436.964,436.899,0.9758
mixed,8,7,0.875,4.0,64,8192,256,1024,928,436.896,429.38,425.95,
mixed,8,7,0.875,4.0,64,8192,512,2048,1856,560.797,583.681,583.49,0.9917
mixed,8,7,0.875,4.0,64,8192,1024,4096,3712,575.872,586.975,590.564,1.3232
mixed,8,7,0.875,4.0,64,8192,2048,8192,7424,478.275,484.095,480.733,0.4223
mixed,8,7,0.875,4.0,64,8192,4096,16384,14848,547.651,574.977,575.043,1.0024
mixed,8,7,0.875,4.0,128,0,128,512,464,273.917,274.116,273.79,-0.6382
mixed,8,7,0.875,4.0,128,0,256,1024,928,290.723,293.889,289.247,-0.4662
mixed,8,7,0.875,4.0,128,0,512,2048,1856,324.672,333.568,334.403,1.0939
mixed,8,7,0.875,4.0,128,0,1024,4096,3712,397.823,407.551,406.625,0.9048
mixed,8,7,0.875,4.0,128,0,2048,8192,7424,530.785,561.219,561.987,1.0252
mixed,8,7,0.875,4.0,128,0,4096,16384,14848,813.38,874.917,870.752,0.9323
mixed,8,7,0.875,4.0,128,512,128,512,464,352.292,359.228,357.984,0.8206
mixed,8,7,0.875,4.0,128,512,256,1024,928,371.392,378.4,376.002,0.6578
mixed,8,7,0.875,4.0,128,512,512,2048,1856,407.84,417.283,416.002,0.8643
mixed,8,7,0.875,4.0,128,512,1024,4096,3712,396.194,411.649,412.354,1.0456
mixed,8,7,0.875,4.0,128,512,2048,8192,7424,534.339,562.337,567.491,1.1841
mixed,8,7,0.875,4.0,128,512,4096,16384,14848,813.825,874.757,872.605,0.9647
mixed,8,7,0.875,4.0,128,1024,128,512,464,379.713,390.435,391.681,1.1162
mixed,8,7,0.875,4.0,128,1024,256,1024,928,392.866,398.497,398.467,0.9947
mixed,8,7,0.875,4.0,128,1024,512,2048,1856,427.456,435.043,437.764,1.3586
mixed,8,7,0.875,4.0,128,1024,1024,4096,3712,497.728,509.822,509.987,1.0136
mixed,8,7,0.875,4.0,128,1024,2048,8192,7424,537.312,564.257,564.926,1.0248
mixed,8,7,0.875,4.0,128,1024,4096,16384,14848,816.291,874.752,871.3,0.941
mixed,8,7,0.875,4.0,128,2048,128,512,464,383.488,380.545,383.615,
mixed,8,7,0.875,4.0,128,2048,256,1024,928,440.831,469.98,470.504,1.018
mixed,8,7,0.875,4.0,128,2048,512,2048,1856,466.591,476.415,477.824,1.1434
mixed,8,7,0.875,4.0,128,2048,1024,4096,3712,539.492,550.239,555.903,1.527
mixed,8,7,0.875,4.0,128,2048,2048,8192,7424,673.024,701.795,702.559,1.0266
mixed,8,7,0.875,4.0,128,2048,4096,16384,14848,815.267,873.672,876.896,1.0552
mixed,8,7,0.875,4.0,128,4096,128,512,464,469.918,470.687,470.623,0.9168
mixed,8,7,0.875,4.0,128,4096,256,1024,928,468.352,460.703,459.554,
mixed,8,7,0.875,4.0,128,4096,512,2048,1856,588.866,628.734,629.28,1.0137
mixed,8,7,0.875,4.0,128,4096,1024,4096,3712,618.019,632.701,633.637,1.0638
mixed,8,7,0.875,4.0,128,4096,2048,8192,7424,755.746,786.659,783.421,0.8953
mixed,8,7,0.875,4.0,128,4096,4096,16384,14848,1037.541,1097.379,1096.962,0.993
mixed,8,7,0.875,4.0,128,8192,128,512,464,625.475,624.097,626.016,
mixed,8,7,0.875,4.0,128,8192,256,1024,928,626.434,625.923,624.674,
mixed,8,7,0.875,4.0,128,8192,512,2048,1856,624.674,622.017,620.706,
mixed,8,7,0.875,4.0,128,8192,1024,4096,3712,872.294,941.063,947.106,1.0879
mixed,8,7,0.875,4.0,128,8192,2048,8192,7424,914.659,945.955,946.627,1.0215
mixed,8,7,0.875,4.0,128,8192,4096,16384,14848,1197.894,1252.671,1255.397,1.0498
mixed,8,7,0.875,4.0,256,0,128,512,464,322.335,326.85,329.187,1.5176
mixed,8,7,0.875,4.0,256,0,256,1024,928,354.816,364.608,365.443,1.0853
mixed,8,7,0.875,4.0,256,0,512,2048,1856,427.333,443.429,443.521,1.0057
mixed,8,7,0.875,4.0,256,0,1024,4096,3712,574.401,606.078,600.133,0.8123
mixed,8,7,0.875,4.0,256,0,2048,8192,7424,859.747,918.976,915.874,0.9476
mixed,8,7,0.875,4.0,256,0,4096,16384,14848,1416.899,1533.603,1533.827,1.0019
mixed,8,7,0.875,4.0,256,512,128,512,464,371.712,382.719,377.987,0.5701
mixed,8,7,0.875,4.0,256,512,256,1024,928,416.033,425.346,421.315,0.5672
mixed,8,7,0.875,4.0,256,512,512,2048,1856,484.287,498.786,499.94,1.0796
mixed,8,7,0.875,4.0,256,512,1024,4096,3712,638.845,663.871,663.166,0.9718
mixed,8,7,0.875,4.0,256,512,2048,8192,7424,917.598,977.664,974.467,0.9468
mixed,8,7,0.875,4.0,256,512,4096,16384,14848,1473.062,1589.059,1586.822,0.9807
mixed,8,7,0.875,4.0,256,1024,128,512,464,381.088,380.927,380.191,
mixed,8,7,0.875,4.0,256,1024,256,1024,928,441.922,459.942,460.578,1.0353
mixed,8,7,0.875,4.0,256,1024,512,2048,1856,525.058,539.427,537.858,0.8908
mixed,8,7,0.875,4.0,256,1024,1024,4096,3712,676.548,705.476,701.697,0.8694
mixed,8,7,0.875,4.0,256,1024,2048,8192,7424,957.666,1016.162,1016.354,1.0033
mixed,8,7,0.875,4.0,256,1024,4096,16384,14848,1513.023,1628.674,1627.365,0.9887
mixed,8,7,0.875,4.0,256,2048,128,512,464,459.362,455.934,457.573,
mixed,8,7,0.875,4.0,256,2048,256,1024,928,460.996,459.074,456.514,
mixed,8,7,0.875,4.0,256,2048,512,2048,1856,586.397,616.194,614.241,0.9345
mixed,8,7,0.875,4.0,256,2048,1024,4096,3712,753.154,781.793,781.474,0.9889
mixed,8,7,0.875,4.0,256,2048,2048,8192,7424,1036.354,1093.733,1097.027,1.0574
mixed,8,7,0.875,4.0,256,2048,4096,16384,14848,1592.42,1710.532,1706.209,0.9634
mixed,8,7,0.875,4.0,256,4096,128,512,464,618.686,619.008,615.23,-10.7329
mixed,8,7,0.875,4.0,256,4096,256,1024,928,619.779,620.742,618.689,-1.1319
mixed,8,7,0.875,4.0,256,4096,512,2048,1856,619.46,623.297,617.692,-0.4608
mixed,8,7,0.875,4.0,256,4096,1024,4096,3712,879.551,943.398,941.06,0.9634
mixed,8,7,0.875,4.0,256,4096,2048,8192,7424,1194.342,1258.336,1255.491,0.9555
mixed,8,7,0.875,4.0,256,4096,4096,16384,14848,1754.914,1873.286,1869.954,0.9719
mixed,8,7,0.875,4.0,256,8192,128,512,464,921.958,928.292,921.572,-0.0609
mixed,8,7,0.875,4.0,256,8192,256,1024,928,925.473,929.058,922.948,-0.7043
mixed,8,7,0.875,4.0,256,8192,512,2048,1856,937.09,935.872,930.499,
mixed,8,7,0.875,4.0,256,8192,1024,4096,3712,932.194,940.324,941.601,1.1571
mixed,8,7,0.875,4.0,256,8192,2048,8192,7424,1440.514,1555.462,1555.56,1.0009
mixed,8,7,0.875,4.0,256,8192,4096,16384,14848,2061.283,2174.278,2172.968,0.9884
mixed,8,7,0.875,4.0,512,0,128,512,464,460.641,462.078,461.986,0.936
mixed,8,7,0.875,4.0,512,0,256,1024,928,478.337,477.479,478.946,
mixed,8,7,0.875,4.0,512,0,512,2048,1856,534.593,551.395,552.958,1.093
mixed,8,7,0.875,4.0,512,0,1024,4096,3712,685.029,710.721,711.396,1.0263
mixed,8,7,0.875,4.0,512,0,2048,8192,7424,963.139,1022.049,1019.364,0.9544
mixed,8,7,0.875,4.0,512,0,4096,16384,14848,1522.146,1636.776,1640.52,1.0327
mixed,8,7,0.875,4.0,512,512,128,512,464,533.152,536.931,536.481,0.8809
mixed,8,7,0.875,4.0,512,512,256,1024,928,562.212,567.492,576.9,2.7818
mixed,8,7,0.875,4.0,512,512,512,2048,1856,636.897,653.091,652.226,0.9466
mixed,8,7,0.875,4.0,512,512,1024,4096,3712,781.76,809.891,802.978,0.7543
mixed,8,7,0.875,4.0,512,512,2048,8192,7424,1059.616,1114.691,1116.257,1.0284
mixed,8,7,0.875,4.0,512,512,4096,16384,14848,1618.336,1732.361,1736.864,1.0395
mixed,8,7,0.875,4.0,512,1024,128,512,464,612.259,614.752,615.907,1.4633
mixed,8,7,0.875,4.0,512,1024,256,1024,928,613.535,614.34,614.278,0.923
mixed,8,7,0.875,4.0,512,1024,512,2048,1856,675.554,690.625,692.162,1.102
mixed,8,7,0.875,4.0,512,1024,1024,4096,3712,817.636,849.058,848.866,0.9939
mixed,8,7,0.875,4.0,512,1024,2048,8192,7424,1102.791,1162.051,1157.478,0.9228
mixed,8,7,0.875,4.0,512,1024,4096,16384,14848,1659.935,1782.405,1778.082,0.9647
mixed,8,7,0.875,4.0,512,2048,128,512,464,769.343,772.256,772.416,1.0549
mixed,8,7,0.875,4.0,512,2048,256,1024,928,773.341,772.737,769.791,
mixed,8,7,0.875,4.0,512,2048,512,2048,1856,772.962,779.042,771.713,-0.2054
mixed,8,7,0.875,4.0,512,2048,1024,4096,3712,898.206,927.748,929.63,1.0637
mixed,8,7,0.875,4.0,512,2048,2048,8192,7424,1185.091,1239.741,1241.955,1.0405
mixed,8,7,0.875,4.0,512,2048,4096,16384,14848,1738.213,1858.533,1857.92,0.9949
mixed,8,7,0.875,4.0,512,4096,128,512,464,1080.1,1081.282,1083.142,2.5736
mixed,8,7,0.875,4.0,512,4096,256,1024,928,1079.521,1083.107,1082.369,0.7942
mixed,8,7,0.875,4.0,512,4096,512,2048,1856,1079.011,1077.188,1083.395,
mixed,8,7,0.875,4.0,512,4096,1024,4096,3712,1078.753,1090.434,1084.449,0.4876
mixed,8,7,0.875,4.0,512,4096,2048,8192,7424,1339.489,1394.247,1397.414,1.0578
mixed,8,7,0.875,4.0,512,4096,4096,16384,14848,1898.755,2012.514,2011.237,0.9888
mixed,8,7,0.875,4.0,512,8192,128,512,464,1684.675,1696.133,1695.593,0.9529
mixed,8,7,0.875,4.0,512,8192,256,1024,928,1689.542,1685.348,1692.166,
mixed,8,7,0.875,4.0,512,8192,512,2048,1856,1691.303,1679.396,1686.626,
mixed,8,7,0.875,4.0,512,8192,1024,4096,3712,1684.872,1689.767,1689.19,0.8821
mixed,8,7,0.875,4.0,512,8192,2048,8192,7424,1687.461,1699.267,1690.439,0.2522
mixed,8,7,0.875,4.0,512,8192,4096,16384,14848,2205.541,2313.251,2320.102,1.0636
mixed,8,7,0.875,4.0,1024,0,128,512,464,777.217,776.512,778.144,
mixed,8,7,0.875,4.0,1024,0,256,1024,928,780.959,788.645,780.994,0.0046
mixed,8,7,0.875,4.0,1024,0,512,2048,1856,799.362,793.791,797.701,
mixed,8,7,0.875,4.0,1024,0,1024,4096,3712,812.066,814.947,808.102,-1.3759
mixed,8,7,0.875,4.0,1024,0,2048,8192,7424,837.635,843.97,837.28,-0.056
mixed,8,7,0.875,4.0,1024,0,4096,16384,14848,885.47,896.766,888.388,0.2583
mixed,8,7,0.875,4.0,1024,512,128,512,464,934.494,932.737,934.695,
mixed,8,7,0.875,4.0,1024,512,256,1024,928,949.377,943.971,943.973,
mixed,8,7,0.875,4.0,1024,512,512,2048,1856,963.233,954.883,961.344,
mixed,8,7,0.875,4.0,1024,512,1024,4096,3712,972.992,978.175,972.448,-0.105
mixed,8,7,0.875,4.0,1024,512,2048,8192,7424,992.099,1004.706,995.749,0.2895
mixed,8,7,0.875,4.0,1024,512,4096,16384,14848,1047.812,1054.879,1045.028,-0.3939
mixed,8,7,0.875,4.0,1024,1024,128,512,464,1010.726,1013.159,1007.205,-1.4472
mixed,8,7,0.875,4.0,1024,1024,256,1024,928,1026.629,1019.62,1019.364,
mixed,8,7,0.875,4.0,1024,1024,512,2048,1856,1037.792,1032.222,1037.159,
mixed,8,7,0.875,4.0,1024,1024,1024,4096,3712,1049.351,1046.372,1047.521,
mixed,8,7,0.875,4.0,1024,1024,2048,8192,7424,1072.161,1084.453,1072.766,0.0492
mixed,8,7,0.875,4.0,1024,1024,4096,16384,14848,1122.754,1131.714,1127.747,0.5573
mixed,8,7,0.875,4.0,1024,2048,128,512,464,1167.876,1168.325,1168.164,0.6414
mixed,8,7,0.875,4.0,1024,2048,256,1024,928,1181.221,1174.752,1173.285,
mixed,8,7,0.875,4.0,1024,2048,512,2048,1856,1192.577,1184.639,1194.177,
mixed,8,7,0.875,4.0,1024,2048,1024,4096,3712,1204.39,1211.65,1203.936,-0.0625
mixed,8,7,0.875,4.0,1024,2048,2048,8192,7424,1226.881,1238.116,1227.084,0.0181
mixed,8,7,0.875,4.0,1024,2048,4096,16384,14848,1279.331,1280.003,1279.781,0.6696
mixed,8,7,0.875,4.0,1024,4096,128,512,464,1491.105,1491.17,1496.356,80.7846
mixed,8,7,0.875,4.0,1024,4096,256,1024,928,1504.901,1500.866,1497.252,
mixed,8,7,0.875,4.0,1024,4096,512,2048,1856,1519.235,1511.908,1521.254,
mixed,8,7,0.875,4.0,1024,4096,1024,4096,3712,1529.215,1534.469,1533.248,0.7676
mixed,8,7,0.875,4.0,1024,4096,2048,8192,7424,1556.327,1556.647,1553.828,-7.8094
mixed,8,7,0.875,4.0,1024,4096,4096,16384,14848,1601.283,1610.598,1600.387,-0.0962
mixed,8,7,0.875,4.0,1024,8192,128,512,464,2103.876,2114.245,2108.615,0.457
mixed,8,7,0.875,4.0,1024,8192,256,1024,928,2125.704,2116.235,2114.497,
mixed,8,7,0.875,4.0,1024,8192,512,2048,1856,2136.873,2129.872,2135.969,
mixed,8,7,0.875,4.0,1024,8192,1024,4096,3712,2148.357,2150.15,2149.566,0.6743
mixed,8,7,0.875,4.0,1024,8192,2048,8192,7424,2165.825,2175.205,2169.062,0.3451
mixed,8,7,0.875,4.0,1024,8192,4096,16384,14848,2219.332,2228.739,2214.342,-0.5305
mixed,8,7,0.875,4.0,2048,0,128,512,464,1407.906,1410.209,1408.706,0.3474
mixed,8,7,0.875,4.0,2048,0,256,1024,928,1425.482,1412.901,1413.734,
mixed,8,7,0.875,4.0,2048,0,512,2048,1856,1436.387,1426.468,1432.291,
mixed,8,7,0.875,4.0,2048,0,1024,4096,3712,1445.832,1443.845,1444.164,
mixed,8,7,0.875,4.0,2048,0,2048,8192,7424,1467.041,1477.79,1472.58,0.5153
mixed,8,7,0.875,4.0,2048,0,4096,16384,14848,1522.791,1527.17,1519.299,-0.7974
mixed,8,7,0.875,4.0,2048,512,128,512,464,1632.541,1631.232,1631.301,
mixed,8,7,0.875,4.0,2048,512,256,1024,928,1645.193,1641.188,1638.627,
mixed,8,7,0.875,4.0,2048,512,512,2048,1856,1657.858,1650.089,1657.056,
mixed,8,7,0.875,4.0,2048,512,1024,4096,3712,1671.714,1672.034,1669.251,-7.6969
mixed,8,7,0.875,4.0,2048,512,2048,8192,7424,1697.635,1703.172,1693.734,-0.7045
mixed,8,7,0.875,4.0,2048,512,4096,16384,14848,1744.677,1749.25,1741.57,-0.6794
mixed,8,7,0.875,4.0,2048,1024,128,512,464,1744.9,1743.176,1743.874,
mixed,8,7,0.875,4.0,2048,1024,256,1024,928,1757.738,1751.557,1752.395,
mixed,8,7,0.875,4.0,2048,1024,512,2048,1856,1770.434,1767.52,1766.565,
mixed,8,7,0.875,4.0,2048,1024,1024,4096,3712,1783.33,1783.234,1784.034,
mixed,8,7,0.875,4.0,2048,1024,2048,8192,7424,1806.69,1809.445,1805.347,-0.4875
mixed,8,7,0.875,4.0,2048,1024,4096,16384,14848,1853.761,1863.753,1852.772,-0.099
mixed,8,7,0.875,4.0,2048,2048,128,512,464,1971.688,1971.496,1978.915,
mixed,8,7,0.875,4.0,2048,2048,256,1024,928,1994.471,1989.003,1990.279,
mixed,8,7,0.875,4.0,2048,2048,512,2048,1856,1999.752,1995.649,2003.976,
mixed,8,7,0.875,4.0,2048,2048,1024,4096,3712,2018.659,2016.901,2020.714,
mixed,8,7,0.875,4.0,2048,2048,2048,8192,7424,2040.014,2046.403,2042.371,0.3689
mixed,8,7,0.875,4.0,2048,2048,4096,16384,14848,2088.008,2094.793,2093.029,0.74
mixed,8,7,0.875,4.0,2048,4096,128,512,464,2441.224,2439.91,2445.127,
mixed,8,7,0.875,4.0,2048,4096,256,1024,928,2459.201,2451.753,2456.132,
mixed,8,7,0.875,4.0,2048,4096,512,2048,1856,2467.086,2461.705,2466.117,
mixed,8,7,0.875,4.0,2048,4096,1024,4096,3712,2478.951,2478.405,2481.378,
mixed,8,7,0.875,4.0,2048,4096,2048,8192,7424,2501.995,2508.102,2505.856,0.6322
mixed,8,7,0.875,4.0,2048,4096,4096,16384,14848,2543.852,2557.439,2541.227,-0.1932
mixed,8,7,0.875,4.0,2048,8192,128,512,464,3324.619,3323.493,3324.812,
mixed,8,7,0.875,4.0,2048,8192,256,1024,928,3339.66,3333.928,3334.738,
mixed,8,7,0.875,4.0,2048,8192,512,2048,1856,3353.539,3348.583,3347.371,
mixed,8,7,0.875,4.0,2048,8192,1024,4096,3712,3360.967,3361.736,3365.098,5.3719
mixed,8,7,0.875,4.0,2048,8192,2048,8192,7424,3381.319,3391.946,3384.812,0.3287
mixed,8,7,0.875,4.0,2048,8192,4096,16384,14848,3427.555,3438.224,3433.247,0.5335
pure,16,1,0.0625,4.0,0,0,128,512,152,197.475,223.33,214.88,0.6732
pure,16,1,0.0625,4.0,0,0,256,1024,304,216.29,233.537,220.0,0.2151
pure,16,1,0.0625,4.0,0,0,512,2048,608,227.649,248.607,228.481,0.0397
pure,16,1,0.0625,4.0,0,0,1024,4096,1216,236.224,274.56,238.274,0.0535
pure,16,1,0.0625,4.0,0,0,2048,8192,2432,254.113,324.066,258.171,0.058
pure,16,1,0.0625,4.0,0,0,4096,16384,4864,284.259,425.058,288.196,0.028
mixed,16,1,0.0625,4.0,16,0,128,512,152,224.8,243.966,236.545,0.6128
mixed,16,1,0.0625,4.0,16,0,256,1024,304,242.498,255.07,242.882,0.0305
mixed,16,1,0.0625,4.0,16,0,512,2048,608,251.458,267.263,250.174,-0.0812
mixed,16,1,0.0625,4.0,16,0,1024,4096,1216,259.393,294.882,259.809,0.0117
mixed,16,1,0.0625,4.0,16,0,2048,8192,2432,275.91,349.154,280.481,0.0624
mixed,16,1,0.0625,4.0,16,0,4096,16384,4864,306.56,447.232,333.697,0.1929
mixed,16,1,0.0625,4.0,16,512,128,512,152,254.88,259.458,252.736,-0.4683
mixed,16,1,0.0625,4.0,16,512,256,1024,304,255.811,264.991,257.22,0.1535
mixed,16,1,0.0625,4.0,16,512,512,2048,608,261.187,277.41,255.23,-0.3672
mixed,16,1,0.0625,4.0,16,512,1024,4096,1216,261.088,297.379,263.743,0.0732
mixed,16,1,0.0625,4.0,16,512,2048,8192,2432,274.467,407.297,287.427,0.0976
mixed,16,1,0.0625,4.0,16,512,4096,16384,4864,306.238,505.925,331.583,0.1269
mixed,16,1,0.0625,4.0,16,1024,128,512,152,264.833,267.132,263.999,-0.3628
mixed,16,1,0.0625,4.0,16,1024,256,1024,304,268.124,268.639,267.744,-0.7379
mixed,16,1,0.0625,4.0,16,1024,512,2048,608,265.445,278.72,268.8,0.2527
mixed,16,1,0.0625,4.0,16,1024,1024,4096,1216,270.941,299.97,264.515,-0.2214
mixed,16,1,0.0625,4.0,16,1024,2048,8192,2432,275.423,350.597,284.864,0.1256
mixed,16,1,0.0625,4.0,16,1024,4096,16384,4864,307.874,551.777,333.951,0.1069
mixed,16,1,0.0625,4.0,16,2048,128,512,152,276.768,273.15,276.642,
mixed,16,1,0.0625,4.0,16,2048,256,1024,304,278.816,278.048,280.287,
mixed,16,1,0.0625,4.0,16,2048,512,2048,608,273.855,279.9,275.329,0.2438
mixed,16,1,0.0625,4.0,16,2048,1024,4096,1216,281.446,301.121,279.138,-0.1173
mixed,16,1,0.0625,4.0,16,2048,2048,8192,2432,280.93,351.647,288.258,0.1036
mixed,16,1,0.0625,4.0,16,2048,4096,16384,4864,310.785,450.24,328.514,0.1271
mixed,16,1,0.0625,4.0,16,4096,128,512,152,290.689,288.258,292.291,
mixed,16,1,0.0625,4.0,16,4096,256,1024,304,292.897,289.28,288.511,
mixed,16,1,0.0625,4.0,16,4096,512,2048,608,291.776,298.815,290.275,-0.2132
mixed,16,1,0.0625,4.0,16,4096,1024,4096,1216,294.563,317.668,303.426,0.3836
mixed,16,1,0.0625,4.0,16,4096,2048,8192,2432,301.892,358.817,302.72,0.0145
mixed,16,1,0.0625,4.0,16,4096,4096,16384,4864,388.065,450.753,336.769,-0.8183
mixed,16,1,0.0625,4.0,16,8192,128,512,152,313.055,311.65,312.928,
mixed,16,1,0.0625,4.0,16,8192,256,1024,304,312.419,317.539,313.63,0.2365
mixed,16,1,0.0625,4.0,16,8192,512,2048,608,314.05,322.623,311.811,-0.2612
mixed,16,1,0.0625,4.0,16,8192,1024,4096,1216,318.176,337.346,315.682,-0.1301
mixed,16,1,0.0625,4.0,16,8192,2048,8192,2432,327.586,373.695,371.167,0.9452
mixed,16,1,0.0625,4.0,16,8192,4096,16384,4864,410.08,467.23,351.935,-1.0174
mixed,16,1,0.0625,4.0,32,0,128,512,152,222.786,250.724,242.173,0.6939
mixed,16,1,0.0625,4.0,32,0,256,1024,304,247.839,259.296,254.944,0.6201
mixed,16,1,0.0625,4.0,32,0,512,2048,608,250.499,274.433,262.532,0.5028
mixed,16,1,0.0625,4.0,32,0,1024,4096,1216,264.766,303.26,285.251,0.5322
mixed,16,1,0.0625,4.0,32,0,2048,8192,2432,282.562,354.878,328.928,0.6412
mixed,16,1,0.0625,4.0,32,0,4096,16384,4864,311.103,456.225,407.105,0.6615
mixed,16,1,0.0625,4.0,32,512,128,512,152,270.784,273.982,271.424,0.2001
mixed,16,1,0.0625,4.0,32,512,256,1024,304,274.787,271.715,268.544,
mixed,16,1,0.0625,4.0,32,512,512,2048,608,272.16,281.314,267.744,-0.4824
mixed,16,1,0.0625,4.0,32,512,1024,4096,1216,276.931,305.248,293.789,0.5953
mixed,16,1,0.0625,4.0,32,512,2048,8192,2432,284.35,361.246,331.424,0.6122
mixed,16,1,0.0625,4.0,32,512,4096,16384,4864,311.903,513.728,405.632,0.4644
mixed,16,1,0.0625,4.0,32,1024,128,512,152,277.539,281.824,278.722,0.2761
mixed,16,1,0.0625,4.0,32,1024,256,1024,304,284.768,285.022,280.322,-17.5039
mixed,16,1,0.0625,4.0,32,1024,512,2048,608,281.695,284.451,276.386,-1.9263
mixed,16,1,0.0625,4.0,32,1024,1024,4096,1216,284.612,307.197,292.766,0.361
mixed,16,1,0.0625,4.0,32,1024,2048,8192,2432,290.081,357.409,331.615,0.6169
mixed,16,1,0.0625,4.0,32,1024,4096,16384,4864,322.205,457.504,413.122,0.672
mixed,16,1,0.0625,4.0,32,2048,128,512,152,294.784,291.362,290.751,
mixed,16,1,0.0625,4.0,32,2048,256,1024,304,288.606,293.696,287.295,-0.2576
mixed,16,1,0.0625,4.0,32,2048,512,2048,608,295.042,301.664,297.47,0.3667
mixed,16,1,0.0625,4.0,32,2048,1024,4096,1216,294.14,319.264,303.425,0.3696
mixed,16,1,0.0625,4.0,32,2048,2048,8192,2432,300.292,371.522,335.198,0.49
mixed,16,1,0.0625,4.0,32,2048,4096,16384,4864,394.113,456.449,418.052,0.384
mixed,16,1,0.0625,4.0,32,4096,128,512,152,316.77,318.498,315.937,-0.4821
mixed,16,1,0.0625,4.0,32,4096,256,1024,304,318.366,318.979,316.639,-2.8173
mixed,16,1,0.0625,4.0,32,4096,512,2048,608,317.247,328.639,318.335,0.0955
mixed,16,1,0.0625,4.0,32,4096,1024,4096,1216,319.999,341.185,319.523,-0.0225
mixed,16,1,0.0625,4.0,32,4096,2048,8192,2432,332.256,389.314,376.0,0.7667
mixed,16,1,0.0625,4.0,32,4096,4096,16384,4864,417.058,487.235,414.976,-0.0297
mixed,16,1,0.0625,4.0,32,8192,128,512,152,354.687,360.096,354.818,0.0242
mixed,16,1,0.0625,4.0,32,8192,256,1024,304,340.413,361.025,343.585,0.1539
mixed,16,1,0.0625,4.0,32,8192,512,2048,608,360.034,368.577,359.937,-0.0114
mixed,16,1,0.0625,4.0,32,8192,1024,4096,1216,353.407,385.858,359.456,0.1864
mixed,16,1,0.0625,4.0,32,8192,2048,8192,2432,372.132,418.209,372.193,0.0013
mixed,16,1,0.0625,4.0,32,8192,4096,16384,4864,389.218,519.394,482.693,0.7181
mixed,16,1,0.0625,4.0,64,0,128,512,152,229.438,258.18,251.968,0.7839
mixed,16,1,0.0625,4.0,64,0,256,1024,304,251.971,268.385,262.431,0.6373
mixed,16,1,0.0625,4.0,64,0,512,2048,608,259.392,289.631,282.175,0.7534
mixed,16,1,0.0625,4.0,64,0,1024,4096,1216,267.9,327.36,322.786,0.9231
mixed,16,1,0.0625,4.0,64,0,2048,8192,2432,293.826,407.038,399.969,0.9376
mixed,16,1,0.0625,4.0,64,0,4096,16384,4864,346.177,564.448,558.239,0.9716
mixed,16,1,0.0625,4.0,64,512,128,512,152,290.141,314.367,292.703,0.1058
mixed,16,1,0.0625,4.0,64,512,256,1024,304,292.832,290.27,285.249,
mixed,16,1,0.0625,4.0,64,512,512,2048,608,315.428,302.851,314.782,
mixed,16,1,0.0625,4.0,64,512,1024,4096,1216,296.963,326.657,337.089,1.3513
mixed,16,1,0.0625,4.0,64,512,2048,8192,2432,310.496,407.841,418.914,1.1138
mixed,16,1,0.0625,4.0,64,512,4096,16384,4864,342.339,567.552,556.801,0.9523
mixed,16,1,0.0625,4.0,64,1024,128,512,152,305.886,303.261,301.953,
mixed,16,1,0.0625,4.0,64,1024,256,1024,304,302.881,340.415,304.893,0.0536
mixed,16,1,0.0625,4.0,64,1024,512,2048,608,306.95,313.024,305.732,-0.2005
mixed,16,1,0.0625,4.0,64,1024,1024,4096,1216,346.369,346.399,341.602,-158.9
mixed,16,1,0.0625,4.0,64,1024,2048,8192,2432,308.9,407.778,418.21,1.1055
mixed,16,1,0.0625,4.0,64,1024,4096,16384,4864,359.264,569.473,572.996,1.0168
mixed,16,1,0.0625,4.0,64,2048,128,512,152,323.588,350.399,319.264,-0.1613
mixed,16,1,0.0625,4.0,64,2048,256,1024,304,332.448,332.128,331.234,
mixed,16,1,0.0625,4.0,64,2048,512,2048,608,330.242,396.928,329.283,-0.0144
mixed,16,1,0.0625,4.0,64,2048,1024,4096,1216,331.041,351.329,341.472,0.5141
mixed,16,1,0.0625,4.0,64,2048,2048,8192,2432,404.45,422.853,421.281,0.9146
mixed,16,1,0.0625,4.0,64,2048,4096,16384,4864,360.29,567.494,575.522,1.0387
mixed,16,1,0.0625,4.0,64,4096,128,512,152,360.322,391.81,362.082,0.0559
mixed,16,1,0.0625,4.0,64,4096,256,1024,304,369.506,430.784,373.023,0.0574
mixed,16,1,0.0625,4.0,64,4096,512,2048,608,393.249,379.358,393.122,
mixed,16,1,0.0625,4.0,64,4096,1024,4096,1216,447.615,499.167,426.848,-0.4028
mixed,16,1,0.0625,4.0,64,4096,2048,8192,2432,383.329,427.488,419.264,0.8138
mixed,16,1,0.0625,4.0,64,4096,4096,16384,4864,521.957,585.76,575.618,0.841
mixed,16,1,0.0625,4.0,64,8192,128,512,152,439.298,467.23,440.449,0.0412
mixed,16,1,0.0625,4.0,64,8192,256,1024,304,439.424,509.889,432.516,-0.098
mixed,16,1,0.0625,4.0,64,8192,512,2048,608,474.718,587.744,470.334,-0.0388
mixed,16,1,0.0625,4.0,64,8192,1024,4096,1216,525.378,489.408,508.67,
mixed,16,1,0.0625,4.0,64,8192,2048,8192,2432,616.003,711.552,582.814,-0.3474
mixed,16,1,0.0625,4.0,64,8192,4096,16384,4864,487.007,591.842,581.412,0.9005
mixed,16,1,0.0625,4.0,128,0,128,512,152,257.375,286.814,281.505,0.8197
mixed,16,1,0.0625,4.0,128,0,256,1024,304,280.319,304.352,306.976,1.1092
mixed,16,1,0.0625,4.0,128,0,512,2048,608,291.52,341.54,340.677,0.9827
mixed,16,1,0.0625,4.0,128,0,1024,4096,1216,314.016,419.94,423.04,1.0293
mixed,16,1,0.0625,4.0,128,0,2048,8192,2432,360.386,578.562,589.89,1.0519
mixed,16,1,0.0625,4.0,128,0,4096,16384,4864,445.89,893.793,886.372,0.9834
mixed,16,1,0.0625,4.0,128,512,128,512,152,348.483,375.52,353.475,0.1846
mixed,16,1,0.0625,4.0,128,512,256,1024,304,359.235,385.12,356.706,-0.0977
mixed,16,1,0.0625,4.0,128,512,512,2048,608,372.674,343.074,377.924,
mixed,16,1,0.0625,4.0,128,512,1024,4096,1216,394.403,423.971,452.251,1.9564
mixed,16,1,0.0625,4.0,128,512,2048,8192,2432,365.79,586.045,574.019,0.9454
mixed,16,1,0.0625,4.0,128,512,4096,16384,4864,448.608,890.278,891.076,1.0018
mixed,16,1,0.0625,4.0,128,1024,128,512,152,368.608,404.929,373.124,0.1243
mixed,16,1,0.0625,4.0,128,1024,256,1024,304,377.478,402.853,381.666,0.165
mixed,16,1,0.0625,4.0,128,1024,512,2048,608,416.548,441.31,408.737,-0.3154
mixed,16,1,0.0625,4.0,128,1024,1024,4096,1216,413.664,427.396,456.002,3.0832
mixed,16,1,0.0625,4.0,128,1024,2048,8192,2432,454.465,576.703,601.635,1.204
mixed,16,1,0.0625,4.0,128,1024,4096,16384,4864,453.761,897.315,888.929,0.9811
mixed,16,1,0.0625,4.0,128,2048,128,512,152,385.093,437.345,403.457,0.3515
mixed,16,1,0.0625,4.0,128,2048,256,1024,304,429.313,478.178,421.024,-0.1696
mixed,16,1,0.0625,4.0,128,2048,512,2048,608,448.033,492.482,432.0,-0.3607
mixed,16,1,0.0625,4.0,128,2048,1024,4096,1216,487.74,561.22,482.529,-0.0709
mixed,16,1,0.0625,4.0,128,2048,2048,8192,2432,494.69,584.927,606.115,1.2348
mixed,16,1,0.0625,4.0,128,2048,4096,16384,4864,596.195,892.418,913.987,1.0728
mixed,16,1,0.0625,4.0,128,4096,128,512,152,482.236,505.284,473.379,-0.3843
mixed,16,1,0.0625,4.0,128,4096,256,1024,304,478.207,555.935,472.226,-0.0769
mixed,16,1,0.0625,4.0,128,4096,512,2048,608,520.995,632.774,518.114,-0.0258
mixed,16,1,0.0625,4.0,128,4096,1024,4096,1216,568.22,637.665,555.745,-0.1796
mixed,16,1,0.0625,4.0,128,4096,2048,8192,2432,670.148,799.36,630.056,-0.3103
mixed,16,1,0.0625,4.0,128,4096,4096,16384,4864,683.11,906.563,927.429,1.0934
mixed,16,1,0.0625,4.0,128,8192,128,512,152,631.586,639.588,631.456,-0.0162
mixed,16,1,0.0625,4.0,128,8192,256,1024,304,632.352,660.739,630.566,-0.0629
mixed,16,1,0.0625,4.0,128,8192,512,2048,608,632.961,787.775,632.992,0.0002
mixed,16,1,0.0625,4.0,128,8192,1024,4096,1216,734.306,948.096,717.761,-0.0774
mixed,16,1,0.0625,4.0,128,8192,2048,8192,2432,818.723,952.8,794.212,-0.1828
mixed,16,1,0.0625,4.0,128,8192,4096,16384,4864,997.218,1260.067,942.309,-0.2089
mixed,16,1,0.0625,4.0,256,0,128,512,152,307.168,325.534,320.738,0.7389
mixed,16,1,0.0625,4.0,256,0,256,1024,304,308.931,363.682,363.808,1.0023
mixed,16,1,0.0625,4.0,256,0,512,2048,608,327.14,435.871,438.596,1.0251
mixed,16,1,0.0625,4.0,256,0,1024,4096,1216,375.65,594.497,591.363,0.9857
mixed,16,1,0.0625,4.0,256,0,2048,8192,2432,465.597,903.172,895.075,0.9815
mixed,16,1,0.0625,4.0,256,0,4096,16384,4864,650.979,1523.074,1513.415,0.9889
mixed,16,1,0.0625,4.0,256,512,128,512,152,352.26,380.706,350.88,-0.0485
mixed,16,1,0.0625,4.0,256,512,256,1024,304,363.968,418.851,359.329,-0.0845
mixed,16,1,0.0625,4.0,256,512,512,2048,608,390.276,498.309,437.634,0.4384
mixed,16,1,0.0625,4.0,256,512,1024,4096,1216,434.788,648.035,591.265,0.7338
mixed,16,1,0.0625,4.0,256,512,2048,8192,2432,524.547,957.92,896.353,0.8579
mixed,16,1,0.0625,4.0,256,512,4096,16384,4864,706.596,1573.347,1508.928,0.9257
mixed,16,1,0.0625,4.0,256,1024,128,512,152,376.579,420.1,389.344,0.2933
mixed,16,1,0.0625,4.0,256,1024,256,1024,304,402.912,460.226,399.518,-0.0592
mixed,16,1,0.0625,4.0,256,1024,512,2048,608,425.793,535.712,439.969,0.129
mixed,16,1,0.0625,4.0,256,1024,1024,4096,1216,474.82,692.099,590.758,0.5336
mixed,16,1,0.0625,4.0,256,1024,2048,8192,2432,564.994,1002.087,898.433,0.7629
mixed,16,1,0.0625,4.0,256,1024,4096,16384,4864,749.31,1614.184,1513.893,0.884
mixed,16,1,0.0625,4.0,256,2048,128,512,152,454.081,489.344,454.177,0.0027
mixed,16,1,0.0625,4.0,256,2048,256,1024,304,457.73,538.433,456.863,-0.0107
mixed,16,1,0.0625,4.0,256,2048,512,2048,608,503.747,616.484,499.296,-0.0395
mixed,16,1,0.0625,4.0,256,2048,1024,4096,1216,548.672,770.468,593.412,0.2017
mixed,16,1,0.0625,4.0,256,2048,2048,8192,2432,645.059,1077.473,901.216,0.5924
mixed,16,1,0.0625,4.0,256,2048,4096,16384,4864,824.45,1694.885,1517.222,0.7959
mixed,16,1,0.0625,4.0,256,4096,128,512,152,615.201,615.552,616.418,3.4672
mixed,16,1,0.0625,4.0,256,4096,256,1024,304,615.586,652.033,615.842,0.007
mixed,16,1,0.0625,4.0,256,4096,512,2048,608,615.233,774.116,620.577,0.0336
mixed,16,1,0.0625,4.0,256,4096,1024,4096,1216,709.731,930.687,697.671,-0.0546
mixed,16,1,0.0625,4.0,256,4096,2048,8192,2432,804.387,1237.472,908.098,0.2395
mixed,16,1,0.0625,4.0,256,4096,4096,16384,4864,984.703,1855.366,1518.789,0.6134
mixed,16,1,0.0625,4.0,256,8192,128,512,152,923.329,919.137,920.77,
mixed,16,1,0.0625,4.0,256,8192,256,1024,304,919.743,922.557,919.393,-0.1244
mixed,16,1,0.0625,4.0,256,8192,512,2048,608,920.191,960.609,916.131,-0.1005
mixed,16,1,0.0625,4.0,256,8192,1024,4096,1216,920.609,1237.223,917.671,-0.0093
mixed,16,1,0.0625,4.0,256,8192,2048,8192,2432,1077.985,1543.846,1075.618,-0.0051
mixed,16,1,0.0625,4.0,256,8192,4096,16384,4864,1292.706,2155.142,1524.448,0.2687
mixed,16,1,0.0625,4.0,512,0,128,512,152,490.974,504.451,492.162,0.0882
mixed,16,1,0.0625,4.0,512,0,256,1024,304,502.658,509.599,509.216,0.9448
mixed,16,1,0.0625,4.0,512,0,512,2048,608,503.904,582.401,575.778,0.9156
mixed,16,1,0.0625,4.0,512,0,1024,4096,1216,517.891,737.989,731.875,0.9722
mixed,16,1,0.0625,4.0,512,0,2048,8192,2432,615.584,1048.513,1042.787,0.9868
mixed,16,1,0.0625,4.0,512,0,4096,16384,4864,797.987,1665.062,1661.059,0.9954
mixed,16,1,0.0625,4.0,512,512,128,512,152,558.082,609.983,584.255,0.5043
mixed,16,1,0.0625,4.0,512,512,256,1024,304,580.968,653.504,596.736,0.2174
mixed,16,1,0.0625,4.0,512,512,512,2048,608,620.16,739.263,672.287,0.4377
mixed,16,1,0.0625,4.0,512,512,1024,4096,1216,664.612,891.364,827.777,0.7196
mixed,16,1,0.0625,4.0,512,512,2048,8192,2432,766.754,1191.173,1140.481,0.8806
mixed,16,1,0.0625,4.0,512,512,4096,16384,4864,943.876,1810.47,1755.622,0.9367
mixed,16,1,0.0625,4.0,512,1024,128,512,152,636.357,653.023,637.602,0.0747
mixed,16,1,0.0625,4.0,512,1024,256,1024,304,638.976,731.97,648.42,0.1016
mixed,16,1,0.0625,4.0,512,1024,512,2048,608,668.322,813.443,716.066,0.329
mixed,16,1,0.0625,4.0,512,1024,1024,4096,1216,749.183,965.155,869.251,0.5559
mixed,16,1,0.0625,4.0,512,1024,2048,8192,2432,842.787,1273.122,1179.972,0.7835
mixed,16,1,0.0625,4.0,512,1024,4096,16384,4864,1025.472,1892.995,1792.26,0.8839
mixed,16,1,0.0625,4.0,512,2048,128,512,152,798.563,795.746,798.723,
mixed,16,1,0.0625,4.0,512,2048,256,1024,304,796.417,815.267,797.95,0.0813
mixed,16,1,0.0625,4.0,512,2048,512,2048,608,796.837,962.756,804.608,0.0468
mixed,16,1,0.0625,4.0,512,2048,1024,4096,1216,842.403,1124.801,951.651,0.3869
mixed,16,1,0.0625,4.0,512,2048,2048,8192,2432,997.028,1434.984,1260.261,0.601
mixed,16,1,0.0625,4.0,512,2048,4096,16384,4864,1186.213,2046.821,1878.95,0.8049
mixed,16,1,0.0625,4.0,512,4096,128,512,152,1104.77,1103.873,1105.955,
mixed,16,1,0.0625,4.0,512,4096,256,1024,304,1107.713,1105.025,1100.451,
mixed,16,1,0.0625,4.0,512,4096,512,2048,608,1110.819,1124.48,1103.775,-0.5156
mixed,16,1,0.0625,4.0,512,4096,1024,4096,1216,1104.992,1434.981,1107.266,0.0069
mixed,16,1,0.0625,4.0,512,4096,2048,8192,2432,1185.186,1734.882,1413.57,0.4155
mixed,16,1,0.0625,4.0,512,4096,4096,16384,4864,1487.974,2359.048,2031.013,0.6234
mixed,16,1,0.0625,4.0,512,8192,128,512,152,1716.389,1711.33,1715.909,
mixed,16,1,0.0625,4.0,512,8192,256,1024,304,1712.132,1716.547,1711.299,-0.1887
mixed,16,1,0.0625,4.0,512,8192,512,2048,608,1720.449,1711.653,1718.282,
mixed,16,1,0.0625,4.0,512,8192,1024,4096,1216,1708.932,1738.622,1710.086,0.0389
mixed,16,1,0.0625,4.0,512,8192,2048,8192,2432,1713.124,2344.388,1713.475,0.0006
mixed,16,1,0.0625,4.0,512,8192,4096,16384,4864,1861.092,2955.046,2335.974,0.4341
mixed,16,1,0.0625,4.0,1024,0,128,512,152,812.452,825.31,811.715,-0.0573
mixed,16,1,0.0625,4.0,1024,0,256,1024,304,814.629,827.491,817.763,0.2437
mixed,16,1,0.0625,4.0,1024,0,512,2048,608,825.254,839.878,825.916,0.0453
mixed,16,1,0.0625,4.0,1024,0,1024,4096,1216,828.804,880.004,833.501,0.0917
mixed,16,1,0.0625,4.0,1024,0,2048,8192,2432,854.053,939.076,855.682,0.0192
mixed,16,1,0.0625,4.0,1024,0,4096,16384,4864,891.425,1028.678,898.177,0.0492
mixed,16,1,0.0625,4.0,1024,512,128,512,152,972.158,983.457,968.417,-0.3311
mixed,16,1,0.0625,4.0,1024,512,256,1024,304,978.98,997.282,983.012,0.2203
mixed,16,1,0.0625,4.0,1024,512,512,2048,608,990.402,1012.899,979.841,-0.4694
mixed,16,1,0.0625,4.0,1024,512,1024,4096,1216,995.968,1039.109,994.723,-0.0289
mixed,16,1,0.0625,4.0,1024,512,2048,8192,2432,1022.115,1095.489,1017.056,-0.0689
mixed,16,1,0.0625,4.0,1024,512,4096,16384,4864,1053.03,1192.385,1054.464,0.0103
mixed,16,1,0.0625,4.0,1024,1024,128,512,152,1045.701,1058.852,1052.39,0.5086
mixed,16,1,0.0625,4.0,1024,1024,256,1024,304,1057.159,1070.974,1056.506,-0.0473
mixed,16,1,0.0625,4.0,1024,1024,512,2048,608,1068.973,1090.596,1068.29,-0.0316
mixed,16,1,0.0625,4.0,1024,1024,1024,4096,1216,1070.308,1117.091,1079.747,0.2018
mixed,16,1,0.0625,4.0,1024,1024,2048,8192,2432,1090.596,1174.151,1097.602,0.0838
mixed,16,1,0.0625,4.0,1024,1024,4096,16384,4864,1124.325,1271.201,1135.076,0.0732
mixed,16,1,0.0625,4.0,1024,2048,128,512,152,1200.58,1210.083,1205.473,0.5149
mixed,16,1,0.0625,4.0,1024,2048,256,1024,304,1213.351,1224.105,1214.595,0.1157
mixed,16,1,0.0625,4.0,1024,2048,512,2048,608,1213.021,1243.206,1220.1,0.2345
mixed,16,1,0.0625,4.0,1024,2048,1024,4096,1216,1227.165,1269.316,1231.81,0.1102
mixed,16,1,0.0625,4.0,1024,2048,2048,8192,2432,1244.261,1318.308,1247.905,0.0492
mixed,16,1,0.0625,4.0,1024,2048,4096,16384,4864,1278.917,1424.865,1284.099,0.0355
mixed,16,1,0.0625,4.0,1024,4096,128,512,152,1529.7,1538.497,1539.779,1.1457
mixed,16,1,0.0625,4.0,1024,4096,256,1024,304,1533.731,1550.27,1537.249,0.2127
mixed,16,1,0.0625,4.0,1024,4096,512,2048,608,1538.465,1563.428,1544.228,0.2309
mixed,16,1,0.0625,4.0,1024,4096,1024,4096,1216,1554.083,1594.693,1555.396,0.0323
mixed,16,1,0.0625,4.0,1024,4096,2048,8192,2432,1575.815,1644.32,1578.851,0.0443
mixed,16,1,0.0625,4.0,1024,4096,4096,16384,4864,1611.397,1742.944,1605.988,-0.0411
mixed,16,1,0.0625,4.0,1024,8192,128,512,152,2144.709,2154.789,2145.672,0.0955
mixed,16,1,0.0625,4.0,1024,8192,256,1024,304,2150.752,2165.119,2158.853,0.5639
mixed,16,1,0.0625,4.0,1024,8192,512,2048,608,2159.269,2180.168,2161.7,0.1163
mixed,16,1,0.0625,4.0,1024,8192,1024,4096,1216,2165.569,2209.155,2168.1,0.0581
mixed,16,1,0.0625,4.0,1024,8192,2048,8192,2432,2182.085,2265.254,2191.587,0.1142
mixed,16,1,0.0625,4.0,1024,8192,4096,16384,4864,2224.744,2363.527,2224.646,-0.0007
mixed,16,1,0.0625,4.0,2048,0,128,512,152,1420.039,1426.983,1426.536,0.9356
mixed,16,1,0.0625,4.0,2048,0,256,1024,304,1426.205,1441.639,1430.664,0.2889
mixed,16,1,0.0625,4.0,2048,0,512,2048,608,1435.106,1456.096,1435.523,0.0199
mixed,16,1,0.0625,4.0,2048,0,1024,4096,1216,1442.372,1487.587,1442.815,0.0098
mixed,16,1,0.0625,4.0,2048,0,2048,8192,2432,1467.874,1540.898,1468.036,0.0022
mixed,16,1,0.0625,4.0,2048,0,4096,16384,4864,1499.175,1643.682,1502.208,0.021
mixed,16,1,0.0625,4.0,2048,512,128,512,152,1648.93,1649.796,1642.435,-7.5
mixed,16,1,0.0625,4.0,2048,512,256,1024,304,1649.731,1660.806,1656.419,0.6039
mixed,16,1,0.0625,4.0,2048,512,512,2048,608,1656.487,1681.895,1656.296,-0.0075
mixed,16,1,0.0625,4.0,2048,512,1024,4096,1216,1666.91,1706.304,1670.757,0.0977
mixed,16,1,0.0625,4.0,2048,512,2048,8192,2432,1688.837,1756.74,1687.72,-0.0164
mixed,16,1,0.0625,4.0,2048,512,4096,16384,4864,1717.675,1864.832,1722.597,0.0334
mixed,16,1,0.0625,4.0,2048,1024,128,512,152,1757.925,1769.026,1752.417,-0.4962
mixed,16,1,0.0625,4.0,2048,1024,256,1024,304,1765.313,1771.27,1767.525,0.3713
mixed,16,1,0.0625,4.0,2048,1024,512,2048,608,1775.041,1791.97,1770.496,-0.2685
mixed,16,1,0.0625,4.0,2048,1024,1024,4096,1216,1778.375,1819.755,1780.007,0.0394
mixed,16,1,0.0625,4.0,2048,1024,2048,8192,2432,1799.464,1877.988,1813.319,0.1764
mixed,16,1,0.0625,4.0,2048,1024,4096,16384,4864,1833.281,1972.067,1830.882,-0.0173
mixed,16,1,0.0625,4.0,2048,2048,128,512,152,1998.374,1998.73,1993.604,-13.3989
mixed,16,1,0.0625,4.0,2048,2048,256,1024,304,1997.155,2011.305,1997.956,0.0566
mixed,16,1,0.0625,4.0,2048,2048,512,2048,608,2004.836,2025.987,2004.931,0.0045
mixed,16,1,0.0625,4.0,2048,2048,1024,4096,1216,2007.882,2049.952,2019.298,0.2714
mixed,16,1,0.0625,4.0,2048,2048,2048,8192,2432,2035.715,2111.306,2039.687,0.0525
mixed,16,1,0.0625,4.0,2048,2048,4096,16384,4864,2068.321,2206.699,2070.499,0.0157
mixed,16,1,0.0625,4.0,2048,4096,128,512,152,2451.368,2471.11,2460.681,0.4717
mixed,16,1,0.0625,4.0,2048,4096,256,1024,304,2458.085,2471.176,2461.827,0.2858
mixed,16,1,0.0625,4.0,2048,4096,512,2048,608,2467.077,2493.221,2471.944,0.1862
mixed,16,1,0.0625,4.0,2048,4096,1024,4096,1216,2476.869,2515.944,2480.04,0.0812
mixed,16,1,0.0625,4.0,2048,4096,2048,8192,2432,2494.343,2569.353,2501.671,0.0977
mixed,16,1,0.0625,4.0,2048,4096,4096,16384,4864,2529.186,2666.086,2530.024,0.0061
mixed,16,1,0.0625,4.0,2048,8192,128,512,152,3343.436,3346.154,3334.446,-3.3076
mixed,16,1,0.0625,4.0,2048,8192,256,1024,304,3338.403,3360.933,3345.773,0.3271
mixed,16,1,0.0625,4.0,2048,8192,512,2048,608,3351.519,3375.373,3348.997,-0.1057
mixed,16,1,0.0625,4.0,2048,8192,1024,4096,1216,3361.386,3396.647,3366.346,0.1407
mixed,16,1,0.0625,4.0,2048,8192,2048,8192,2432,3377.416,3452.909,3378.883,0.0194
mixed,16,1,0.0625,4.0,2048,8192,4096,16384,4864,3412.486,3546.828,3421.063,0.0638
pure,16,2,0.125,4.0,0,0,128,512,176,200.671,222.142,213.699,0.6068
pure,16,2,0.125,4.0,0,0,256,1024,352,222.273,232.609,220.927,-0.1302
pure,16,2,0.125,4.0,0,0,512,2048,704,229.284,247.775,234.656,0.2905
pure,16,2,0.125,4.0,0,0,1024,4096,1408,237.952,273.919,241.919,0.1103
pure,16,2,0.125,4.0,0,0,2048,8192,2816,258.595,325.281,269.116,0.1578
pure,16,2,0.125,4.0,0,0,4096,16384,5632,296.256,424.255,300.257,0.0313
mixed,16,2,0.125,4.0,16,0,128,512,176,222.333,245.538,238.178,0.6828
mixed,16,2,0.125,4.0,16,0,256,1024,352,242.912,253.088,246.241,0.3271
mixed,16,2,0.125,4.0,16,0,512,2048,704,253.281,266.081,250.786,-0.1949
mixed,16,2,0.125,4.0,16,0,1024,4096,1408,258.466,295.232,261.41,0.0801
mixed,16,2,0.125,4.0,16,0,2048,8192,2816,279.071,348.77,282.879,0.0546
mixed,16,2,0.125,4.0,16,0,4096,16384,5632,318.462,446.306,334.049,0.1219
mixed,16,2,0.125,4.0,16,512,128,512,176,253.827,256.675,252.961,-0.3041
mixed,16,2,0.125,4.0,16,512,256,1024,352,256.831,263.49,257.153,0.0484
mixed,16,2,0.125,4.0,16,512,512,2048,704,262.34,274.786,263.267,0.0745
mixed,16,2,0.125,4.0,16,512,1024,4096,1408,261.571,297.534,264.738,0.0881
mixed,16,2,0.125,4.0,16,512,2048,8192,2816,279.493,410.721,286.436,0.0529
mixed,16,2,0.125,4.0,16,512,4096,16384,5632,315.583,508.964,329.922,0.0741
mixed,16,2,0.125,4.0,16,1024,128,512,176,266.049,265.669,265.765,
mixed,16,2,0.125,4.0,16,1024,256,1024,352,269.538,269.692,265.76,-24.5325
mixed,16,2,0.125,4.0,16,1024,512,2048,704,270.112,275.807,270.369,0.0451
mixed,16,2,0.125,4.0,16,1024,1024,4096,1408,268.804,303.459,278.943,0.2926
mixed,16,2,0.125,4.0,16,1024,2048,8192,2816,281.089,348.962,287.969,0.1014
mixed,16,2,0.125,4.0,16,1024,4096,16384,5632,313.695,550.054,335.009,0.0902
mixed,16,2,0.125,4.0,16,2048,128,512,176,276.16,272.508,274.336,
mixed,16,2,0.125,4.0,16,2048,256,1024,352,281.183,279.266,273.475,
mixed,16,2,0.125,4.0,16,2048,512,2048,704,278.274,283.811,276.227,-0.3697
mixed,16,2,0.125,4.0,16,2048,1024,4096,1408,279.359,301.666,281.444,0.0935
mixed,16,2,0.125,4.0,16,2048,2048,8192,2816,295.203,353.859,297.44,0.0381
mixed,16,2,0.125,4.0,16,2048,4096,16384,5632,322.401,450.369,336.577,0.1108
mixed,16,2,0.125,4.0,16,4096,128,512,176,290.817,291.394,292.389,2.7244
mixed,16,2,0.125,4.0,16,4096,256,1024,352,288.131,290.913,290.271,0.7692
mixed,16,2,0.125,4.0,16,4096,512,2048,704,295.808,298.882,289.634,-2.0085
mixed,16,2,0.125,4.0,16,4096,1024,4096,1408,296.287,314.974,295.873,-0.0222
mixed,16,2,0.125,4.0,16,4096,2048,8192,2816,303.87,356.417,308.258,0.0835
mixed,16,2,0.125,4.0,16,4096,4096,16384,5632,336.031,449.12,340.768,0.0419
mixed,16,2,0.125,4.0,16,8192,128,512,176,311.169,313.569,314.689,1.4667
mixed,16,2,0.125,4.0,16,8192,256,1024,352,310.176,319.681,314.497,0.4546
mixed,16,2,0.125,4.0,16,8192,512,2048,704,316.8,322.529,315.363,-0.2508
mixed,16,2,0.125,4.0,16,8192,1024,4096,1408,318.688,339.006,316.476,-0.1089
mixed,16,2,0.125,4.0,16,8192,2048,8192,2816,334.756,375.233,331.299,-0.0854
mixed,16,2,0.125,4.0,16,8192,4096,16384,5632,431.107,466.4,418.111,-0.3682
mixed,16,2,0.125,4.0,32,0,128,512,176,225.792,253.054,242.724,0.6211
mixed,16,2,0.125,4.0,32,0,256,1024,352,248.831,258.497,254.303,0.5661
mixed,16,2,0.125,4.0,32,0,512,2048,704,256.194,277.632,266.244,0.4688
mixed,16,2,0.125,4.0,32,0,1024,4096,1408,263.618,301.344,284.64,0.5572
mixed,16,2,0.125,4.0,32,0,2048,8192,2816,287.201,356.349,324.826,0.5441
mixed,16,2,0.125,4.0,32,0,4096,16384,5632,322.723,460.928,411.747,0.6441
mixed,16,2,0.125,4.0,32,512,128,512,176,269.507,276.831,272.483,0.4063
mixed,16,2,0.125,4.0,32,512,256,1024,352,273.12,272.834,270.947,
mixed,16,2,0.125,4.0,32,512,512,2048,704,277.344,282.851,273.889,-0.6274
mixed,16,2,0.125,4.0,32,512,1024,4096,1408,274.56,304.542,290.434,0.5295
mixed,16,2,0.125,4.0,32,512,2048,8192,2816,294.399,359.776,331.425,0.5663
mixed,16,2,0.125,4.0,32,512,4096,16384,5632,323.806,511.2,401.858,0.4165
mixed,16,2,0.125,4.0,32,1024,128,512,176,280.318,279.872,279.013,
mixed,16,2,0.125,4.0,32,1024,256,1024,352,278.271,284.572,279.906,0.2595
mixed,16,2,0.125,4.0,32,1024,512,2048,704,280.384,289.568,291.841,1.2475
mixed,16,2,0.125,4.0,32,1024,1024,4096,1408,285.76,308.672,292.193,0.2808
mixed,16,2,0.125,4.0,32,1024,2048,8192,2816,300.196,357.024,330.398,0.5315
mixed,16,2,0.125,4.0,32,1024,4096,16384,5632,334.686,459.073,418.431,0.6733
mixed,16,2,0.125,4.0,32,2048,128,512,176,292.704,293.055,290.432,-6.4729
mixed,16,2,0.125,4.0,32,2048,256,1024,352,289.76,292.64,290.207,0.1552
mixed,16,2,0.125,4.0,32,2048,512,2048,704,296.893,303.487,309.438,1.9025
mixed,16,2,0.125,4.0,32,2048,1024,4096,1408,288.577,316.799,325.67,1.3143
mixed,16,2,0.125,4.0,32,2048,2048,8192,2816,310.303,367.585,331.458,0.3693
mixed,16,2,0.125,4.0,32,2048,4096,16384,5632,343.649,454.305,412.575,0.6229
mixed,16,2,0.125,4.0,32,4096,128,512,176,316.865,313.441,316.671,
mixed,16,2,0.125,4.0,32,4096,256,1024,352,315.905,320.191,317.828,0.4487
mixed,16,2,0.125,4.0,32,4096,512,2048,704,318.719,327.681,316.126,-0.2893
mixed,16,2,0.125,4.0,32,4096,1024,4096,1408,316.574,340.26,357.122,1.7119
mixed,16,2,0.125,4.0,32,4096,2048,8192,2816,325.123,386.496,379.522,0.8864
mixed,16,2,0.125,4.0,32,4096,4096,16384,5632,438.944,482.626,428.417,-0.241
mixed,16,2,0.125,4.0,32,8192,128,512,176,355.134,359.618,360.13,1.1142
mixed,16,2,0.125,4.0,32,8192,256,1024,352,344.576,363.234,359.075,0.7771
mixed,16,2,0.125,4.0,32,8192,512,2048,704,359.874,372.639,361.661,0.14
mixed,16,2,0.125,4.0,32,8192,1024,4096,1408,391.806,388.767,413.698,
mixed,16,2,0.125,4.0,32,8192,2048,8192,2816,365.44,420.384,434.307,1.2534
mixed,16,2,0.125,4.0,32,8192,4096,16384,5632,401.504,518.821,487.363,0.7319
mixed,16,2,0.125,4.0,64,0,128,512,176,230.817,257.73,252.48,0.8049
mixed,16,2,0.125,4.0,64,0,256,1024,352,252.289,267.937,264.831,0.8015
mixed,16,2,0.125,4.0,64,0,512,2048,704,259.33,289.375,284.576,0.8403
mixed,16,2,0.125,4.0,64,0,1024,4096,1408,269.853,324.539,321.63,0.9468
mixed,16,2,0.125,4.0,64,0,2048,8192,2816,303.646,404.638,404.225,0.9959
mixed,16,2,0.125,4.0,64,0,4096,16384,5632,360.098,563.458,558.431,0.9753
mixed,16,2,0.125,4.0,64,512,128,512,176,296.898,312.228,295.589,-0.0854
mixed,16,2,0.125,4.0,64,512,256,1024,352,296.32,293.346,282.622,
mixed,16,2,0.125,4.0,64,512,512,2048,704,318.342,306.372,314.211,
mixed,16,2,0.125,4.0,64,512,1024,4096,1408,291.934,328.578,336.768,1.2235
mixed,16,2,0.125,4.0,64,512,2048,8192,2816,305.149,408.005,401.44,0.9362
mixed,16,2,0.125,4.0,64,512,4096,16384,5632,359.679,568.578,558.303,0.9508
mixed,16,2,0.125,4.0,64,1024,128,512,176,302.433,301.793,302.406,
mixed,16,2,0.125,4.0,64,1024,256,1024,352,303.969,338.815,302.178,-0.0514
mixed,16,2,0.125,4.0,64,1024,512,2048,704,306.56,309.598,304.51,-0.6748
mixed,16,2,0.125,4.0,64,1024,1024,4096,1408,350.787,344.8,342.31,
mixed,16,2,0.125,4.0,64,1024,2048,8192,2816,321.343,410.751,418.756,1.0895
mixed,16,2,0.125,4.0,64,1024,4096,16384,5632,360.9,569.727,558.724,0.9473
mixed,16,2,0.125,4.0,64,2048,128,512,176,318.853,349.153,320.477,0.0536
mixed,16,2,0.125,4.0,64,2048,256,1024,352,335.236,330.494,330.979,
mixed,16,2,0.125,4.0,64,2048,512,2048,704,329.76,395.331,328.956,-0.0123
mixed,16,2,0.125,4.0,64,2048,1024,4096,1408,328.192,349.217,337.762,0.4552
mixed,16,2,0.125,4.0,64,2048,2048,8192,2816,417.733,424.158,420.898,0.4926
mixed,16,2,0.125,4.0,64,2048,4096,16384,5632,376.228,566.209,575.426,1.0485
mixed,16,2,0.125,4.0,64,4096,128,512,176,360.417,389.153,356.576,-0.1337
mixed,16,2,0.125,4.0,64,4096,256,1024,352,373.311,433.374,370.079,-0.0538
mixed,16,2,0.125,4.0,64,4096,512,2048,704,407.138,378.272,390.623,
mixed,16,2,0.125,4.0,64,4096,1024,4096,1408,413.12,502.372,433.405,0.2273
mixed,16,2,0.125,4.0,64,4096,2048,8192,2816,379.904,428.61,420.673,0.837
mixed,16,2,0.125,4.0,64,4096,4096,16384,5632,540.965,587.137,578.784,0.8191
mixed,16,2,0.125,4.0,64,8192,128,512,176,439.999,468.611,441.343,0.047
mixed,16,2,0.125,4.0,64,8192,256,1024,352,438.143,508.576,429.949,-0.1163
mixed,16,2,0.125,4.0,64,8192,512,2048,704,484.481,588.511,470.559,-0.1338
mixed,16,2,0.125,4.0,64,8192,1024,4096,1408,539.582,487.525,513.825,
mixed,16,2,0.125,4.0,64,8192,2048,8192,2816,544.993,709.828,588.867,0.2662
mixed,16,2,0.125,4.0,64,8192,4096,16384,5632,481.089,590.786,579.934,0.9011
mixed,16,2,0.125,4.0,128,0,128,512,176,257.602,284.257,287.87,1.1355
mixed,16,2,0.125,4.0,128,0,256,1024,352,288.194,303.167,307.298,1.2759
mixed,16,2,0.125,4.0,128,0,512,2048,704,305.506,351.46,341.986,0.7938
mixed,16,2,0.125,4.0,128,0,1024,4096,1408,322.912,421.444,420.128,0.9866
mixed,16,2,0.125,4.0,128,0,2048,8192,2816,371.743,574.178,571.391,0.9862
mixed,16,2,0.125,4.0,128,0,4096,16384,5632,478.433,896.45,882.434,0.9665
mixed,16,2,0.125,4.0,128,512,128,512,176,348.674,365.571,349.023,0.0207
mixed,16,2,0.125,4.0,128,512,256,1024,352,363.811,384.419,358.017,-0.2812
mixed,16,2,0.125,4.0,128,512,512,2048,704,375.97,341.633,379.487,
mixed,16,2,0.125,4.0,128,512,1024,4096,1408,398.944,418.563,452.386,2.724
mixed,16,2,0.125,4.0,128,512,2048,8192,2816,377.919,578.722,574.626,0.9796
mixed,16,2,0.125,4.0,128,512,4096,16384,5632,478.529,890.02,893.698,1.0089
mixed,16,2,0.125,4.0,128,1024,128,512,176,374.911,399.458,375.903,0.0404
mixed,16,2,0.125,4.0,128,1024,256,1024,352,388.958,401.156,383.073,-0.4825
mixed,16,2,0.125,4.0,128,1024,512,2048,704,416.995,442.817,399.135,-0.6917
mixed,16,2,0.125,4.0,128,1024,1024,4096,1408,422.847,428.323,469.639,8.5449
mixed,16,2,0.125,4.0,128,1024,2048,8192,2816,467.811,573.664,601.474,1.2627
mixed,16,2,0.125,4.0,128,1024,4096,16384,5632,484.548,894.914,887.685,0.9824
mixed,16,2,0.125,4.0,128,2048,128,512,176,386.209,437.731,405.12,0.367
mixed,16,2,0.125,4.0,128,2048,256,1024,352,422.438,482.817,422.109,-0.0054
mixed,16,2,0.125,4.0,128,2048,512,2048,704,453.697,482.463,442.785,-0.3793
mixed,16,2,0.125,4.0,128,2048,1024,4096,1408,459.424,565.731,474.244,0.1394
mixed,16,2,0.125,4.0,128,2048,2048,8192,2816,517.598,586.718,610.433,1.3431
mixed,16,2,0.125,4.0,128,2048,4096,16384,5632,622.305,898.5,922.015,1.0851
mixed,16,2,0.125,4.0,128,4096,128,512,176,480.192,497.441,480.002,-0.011
mixed,16,2,0.125,4.0,128,4096,256,1024,352,493.696,556.544,474.785,-0.3009
mixed,16,2,0.125,4.0,128,4096,512,2048,704,526.882,631.937,527.262,0.0036
mixed,16,2,0.125,4.0,128,4096,1024,4096,1408,583.297,642.5,558.274,-0.4227
mixed,16,2,0.125,4.0,128,4096,2048,8192,2816,597.252,798.37,629.729,0.1615
mixed,16,2,0.125,4.0,128,4096,4096,16384,5632,700.933,903.107,915.426,1.0609
mixed,16,2,0.125,4.0,128,8192,128,512,176,633.315,636.064,637.633,1.5708
mixed,16,2,0.125,4.0,128,8192,256,1024,352,631.04,664.385,632.353,0.0394
mixed,16,2,0.125,4.0,128,8192,512,2048,704,639.584,798.369,637.985,-0.0101
mixed,16,2,0.125,4.0,128,8192,1024,4096,1408,754.017,946.309,726.239,-0.1445
mixed,16,2,0.125,4.0,128,8192,2048,8192,2816,846.915,951.713,788.068,-0.5615
mixed,16,2,0.125,4.0,128,8192,4096,16384,5632,859.969,1266.532,947.078,0.2143
mixed,16,2,0.125,4.0,256,0,128,512,176,307.202,323.81,323.554,0.9846
mixed,16,2,0.125,4.0,256,0,256,1024,352,310.624,360.833,358.755,0.9586
mixed,16,2,0.125,4.0,256,0,512,2048,704,338.053,438.85,441.343,1.0247
mixed,16,2,0.125,4.0,256,0,1024,4096,1408,388.606,594.216,591.396,0.9863
mixed,16,2,0.125,4.0,256,0,2048,8192,2816,500.384,905.731,898.018,0.981
mixed,16,2,0.125,4.0,256,0,4096,16384,5632,711.846,1529.221,1515.043,0.9827
mixed,16,2,0.125,4.0,256,512,128,512,176,355.105,383.777,349.059,-0.2109
mixed,16,2,0.125,4.0,256,512,256,1024,352,369.317,423.874,362.525,-0.1245
mixed,16,2,0.125,4.0,256,512,512,2048,704,398.657,496.321,437.217,0.3948
mixed,16,2,0.125,4.0,256,512,1024,4096,1408,447.874,652.096,589.343,0.6927
mixed,16,2,0.125,4.0,256,512,2048,8192,2816,554.017,956.736,895.235,0.8473
mixed,16,2,0.125,4.0,256,512,4096,16384,5632,765.379,1571.01,1509.986,0.9243
mixed,16,2,0.125,4.0,256,1024,128,512,176,382.879,422.403,390.784,0.2
mixed,16,2,0.125,4.0,256,1024,256,1024,352,404.642,458.654,402.335,-0.0427
mixed,16,2,0.125,4.0,256,1024,512,2048,704,434.786,537.955,437.216,0.0236
mixed,16,2,0.125,4.0,256,1024,1024,4096,1408,487.519,689.987,592.515,0.5186
mixed,16,2,0.125,4.0,256,1024,2048,8192,2816,593.506,998.147,897.217,0.7506
mixed,16,2,0.125,4.0,256,1024,4096,16384,5632,805.468,1611.206,1521.028,0.8881
mixed,16,2,0.125,4.0,256,2048,128,512,176,458.206,495.684,456.065,-0.0571
mixed,16,2,0.125,4.0,256,2048,256,1024,352,456.481,536.351,454.596,-0.0236
mixed,16,2,0.125,4.0,256,2048,512,2048,704,515.201,614.242,499.588,-0.1576
mixed,16,2,0.125,4.0,256,2048,1024,4096,1408,567.007,770.082,593.76,0.1317
mixed,16,2,0.125,4.0,256,2048,2048,8192,2816,674.913,1077.827,901.441,0.5622
mixed,16,2,0.125,4.0,256,2048,4096,16384,5632,887.586,1697.476,1518.242,0.7787
mixed,16,2,0.125,4.0,256,4096,128,512,176,617.442,616.45,614.175,
mixed,16,2,0.125,4.0,256,4096,256,1024,352,619.683,653.217,616.738,-0.0878
mixed,16,2,0.125,4.0,256,4096,512,2048,704,616.576,771.91,614.56,-0.013
mixed,16,2,0.125,4.0,256,4096,1024,4096,1408,727.741,927.3,697.024,-0.1539
mixed,16,2,0.125,4.0,256,4096,2048,8192,2816,829.503,1240.644,905.573,0.185
mixed,16,2,0.125,4.0,256,4096,4096,16384,5632,1042.916,1855.33,1521.218,0.5887
mixed,16,2,0.125,4.0,256,8192,128,512,176,919.932,920.899,920.096,0.1696
mixed,16,2,0.125,4.0,256,8192,256,1024,352,921.216,916.705,922.146,
mixed,16,2,0.125,4.0,256,8192,512,2048,704,916.101,961.666,919.395,0.0723
mixed,16,2,0.125,4.0,256,8192,1024,4096,1408,918.755,1235.169,919.748,0.0031
mixed,16,2,0.125,4.0,256,8192,2048,8192,2816,1133.982,1542.728,1078.979,-0.1346
mixed,16,2,0.125,4.0,256,8192,4096,16384,5632,1349.381,2157.956,1523.651,0.2155
mixed,16,2,0.125,4.0,512,0,128,512,176,496.706,503.809,491.811,-0.6891
mixed,16,2,0.125,4.0,512,0,256,1024,352,501.379,512.674,502.53,0.1019
mixed,16,2,0.125,4.0,512,0,512,2048,704,508.769,584.925,576.29,0.8866
mixed,16,2,0.125,4.0,512,0,1024,4096,1408,534.401,740.897,730.946,0.9518
mixed,16,2,0.125,4.0,512,0,2048,8192,2816,643.649,1055.974,1045.793,0.9753
mixed,16,2,0.125,4.0,512,0,4096,16384,5632,854.305,1664.068,1664.77,1.0009
mixed,16,2,0.125,4.0,512,512,128,512,176,558.655,614.469,581.412,0.4077
mixed,16,2,0.125,4.0,512,512,256,1024,352,584.802,651.97,595.109,0.1535
mixed,16,2,0.125,4.0,512,512,512,2048,704,628.516,734.277,674.274,0.4327
mixed,16,2,0.125,4.0,512,512,1024,4096,1408,685.216,887.841,829.636,0.7127
mixed,16,2,0.125,4.0,512,512,2048,8192,2816,790.979,1196.775,1139.812,0.8596
mixed,16,2,0.125,4.0,512,512,4096,16384,5632,1004.419,1810.757,1759.78,0.9368
mixed,16,2,0.125,4.0,512,1024,128,512,176,638.146,654.464,637.54,-0.0371
mixed,16,2,0.125,4.0,512,1024,256,1024,352,637.506,730.053,650.757,0.1432
mixed,16,2,0.125,4.0,512,1024,512,2048,704,685.921,810.854,719.841,0.2715
mixed,16,2,0.125,4.0,512,1024,1024,4096,1408,764.803,966.4,873.278,0.5381
mixed,16,2,0.125,4.0,512,1024,2048,8192,2816,870.754,1273.921,1182.725,0.7738
mixed,16,2,0.125,4.0,512,1024,4096,16384,5632,1080.196,1886.209,1801.38,0.8948
mixed,16,2,0.125,4.0,512,2048,128,512,176,797.568,798.527,798.434,0.903
mixed,16,2,0.125,4.0,512,2048,256,1024,352,795.778,818.338,796.516,0.0327
mixed,16,2,0.125,4.0,512,2048,512,2048,704,796.131,967.649,797.889,0.0102
mixed,16,2,0.125,4.0,512,2048,1024,4096,1408,876.9,1126.568,955.875,0.3163
mixed,16,2,0.125,4.0,512,2048,2048,8192,2816,1027.264,1432.357,1262.595,0.5809
mixed,16,2,0.125,4.0,512,2048,4096,16384,5632,1243.814,2046.568,1880.549,0.7932
mixed,16,2,0.125,4.0,512,4096,128,512,176,1105.601,1104.255,1104.481,
mixed,16,2,0.125,4.0,512,4096,256,1024,352,1106.464,1108.452,1104.869,-0.8023
mixed,16,2,0.125,4.0,512,4096,512,2048,704,1104.417,1125.632,1108.609,0.1976
mixed,16,2,0.125,4.0,512,4096,1024,4096,1408,1101.188,1426.786,1107.362,0.019
mixed,16,2,0.125,4.0,512,4096,2048,8192,2816,1250.312,1740.772,1415.972,0.3378
mixed,16,2,0.125,4.0,512,4096,4096,16384,5632,1545.605,2348.931,2029.798,0.6027
mixed,16,2,0.125,4.0,512,8192,128,512,176,1715.237,1714.268,1712.197,
mixed,16,2,0.125,4.0,512,8192,256,1024,352,1708.265,1707.816,1716.678,
mixed,16,2,0.125,4.0,512,8192,512,2048,704,1716.29,1716.743,1710.786,-12.1501
mixed,16,2,0.125,4.0,512,8192,1024,4096,1408,1710.275,1740.036,1709.768,-0.017
mixed,16,2,0.125,4.0,512,8192,2048,8192,2816,1707.553,2342.468,1717.859,0.0162
mixed,16,2,0.125,4.0,512,8192,4096,16384,5632,1975.913,2956.966,2339.528,0.3706
mixed,16,2,0.125,4.0,1024,0,128,512,176,806.656,822.591,813.855,0.4518
mixed,16,2,0.125,4.0,1024,0,256,1024,352,813.06,826.724,820.453,0.5411
mixed,16,2,0.125,4.0,1024,0,512,2048,704,825.699,839.654,831.233,0.3966
mixed,16,2,0.125,4.0,1024,0,1024,4096,1408,833.603,879.553,844.322,0.2333
mixed,16,2,0.125,4.0,1024,0,2048,8192,2816,858.911,940.324,867.936,0.1109
mixed,16,2,0.125,4.0,1024,0,4096,16384,5632,899.62,1032.201,897.479,-0.0161
mixed,16,2,0.125,4.0,1024,512,128,512,176,962.564,979.649,972.23,0.5658
mixed,16,2,0.125,4.0,1024,512,256,1024,352,972.967,986.185,989.123,1.2223
mixed,16,2,0.125,4.0,1024,512,512,2048,704,986.591,1011.395,989.761,0.1278
mixed,16,2,0.125,4.0,1024,512,1024,4096,1408,995.201,1034.28,1001.47,0.1604
mixed,16,2,0.125,4.0,1024,512,2048,8192,2816,1024.867,1094.082,1027.91,0.044
mixed,16,2,0.125,4.0,1024,512,4096,16384,5632,1061.506,1196.165,1063.136,0.0121
mixed,16,2,0.125,4.0,1024,1024,128,512,176,1047.014,1065.055,1048.097,0.06
mixed,16,2,0.125,4.0,1024,1024,256,1024,352,1054.338,1066.434,1059.779,0.4498
mixed,16,2,0.125,4.0,1024,1024,512,2048,704,1063.81,1084.293,1066.015,0.1077
mixed,16,2,0.125,4.0,1024,1024,1024,4096,1408,1079.872,1116.486,1080.325,0.0124
mixed,16,2,0.125,4.0,1024,1024,2048,8192,2816,1096.065,1172.899,1099.397,0.0434
mixed,16,2,0.125,4.0,1024,1024,4096,16384,5632,1134.849,1265.806,1138.982,0.0316
mixed,16,2,0.125,4.0,1024,2048,128,512,176,1200.579,1217.311,1203.332,0.1645
mixed,16,2,0.125,4.0,1024,2048,256,1024,352,1208.42,1222.337,1219.332,0.7841
mixed,16,2,0.125,4.0,1024,2048,512,2048,704,1217.952,1236.869,1219.936,0.1049
mixed,16,2,0.125,4.0,1024,2048,1024,4096,1408,1225.515,1266.561,1241.195,0.382
mixed,16,2,0.125,4.0,1024,2048,2048,8192,2816,1257.504,1324.736,1262.466,0.0738
mixed,16,2,0.125,4.0,1024,2048,4096,16384,5632,1290.73,1417.443,1288.836,-0.0149
mixed,16,2,0.125,4.0,1024,4096,128,512,176,1532.517,1543.683,1527.076,-0.4873
mixed,16,2,0.125,4.0,1024,4096,256,1024,352,1535.684,1552.421,1541.955,0.3747
mixed,16,2,0.125,4.0,1024,4096,512,2048,704,1543.874,1571.141,1555.623,0.4309
mixed,16,2,0.125,4.0,1024,4096,1024,4096,1408,1551.688,1601.763,1562.21,0.2101
mixed,16,2,0.125,4.0,1024,4096,2048,8192,2816,1579.94,1656.099,1586.465,0.0857
mixed,16,2,0.125,4.0,1024,4096,4096,16384,5632,1611.78,1743.56,1615.366,0.0272
mixed,16,2,0.125,4.0,1024,8192,128,512,176,2143.879,2153.636,2146.732,0.2924
mixed,16,2,0.125,4.0,1024,8192,256,1024,352,2154.501,2160.607,2154.919,0.0685
mixed,16,2,0.125,4.0,1024,8192,512,2048,704,2163.206,2180.136,2168.165,0.2929
mixed,16,2,0.125,4.0,1024,8192,1024,4096,1408,2170.247,2209.159,2179.626,0.241
mixed,16,2,0.125,4.0,1024,8192,2048,8192,2816,2193.732,2265.671,2201.249,0.1045
mixed,16,2,0.125,4.0,1024,8192,4096,16384,5632,2235.427,2357.155,2233.601,-0.015
mixed,16,2,0.125,4.0,2048,0,128,512,176,1421.247,1428.804,1423.878,0.3482
mixed,16,2,0.125,4.0,2048,0,256,1024,352,1428.417,1442.336,1434.945,0.469
mixed,16,2,0.125,4.0,2048,0,512,2048,704,1438.878,1458.465,1441.696,0.1439
mixed,16,2,0.125,4.0,2048,0,1024,4096,1408,1445.44,1489.09,1452.958,0.1722
mixed,16,2,0.125,4.0,2048,0,2048,8192,2816,1469.255,1541.472,1479.942,0.148
mixed,16,2,0.125,4.0,2048,0,4096,16384,5632,1511.876,1645.125,1510.722,-0.0087
mixed,16,2,0.125,4.0,2048,512,128,512,176,1645.154,1656.453,1643.498,-0.1466
mixed,16,2,0.125,4.0,2048,512,256,1024,352,1651.529,1667.81,1660.833,0.5715
mixed,16,2,0.125,4.0,2048,512,512,2048,704,1663.559,1678.403,1662.337,-0.0823
mixed,16,2,0.125,4.0,2048,512,1024,4096,1408,1669.829,1711.972,1682.656,0.3044
mixed,16,2,0.125,4.0,2048,512,2048,8192,2816,1694.621,1762.82,1703.876,0.1357
mixed,16,2,0.125,4.0,2048,512,4096,16384,5632,1734.787,1864.424,1733.823,-0.0074
mixed,16,2,0.125,4.0,2048,1024,128,512,176,1762.028,1766.053,1760.197,-0.4549
mixed,16,2,0.125,4.0,2048,1024,256,1024,352,1764.84,1774.565,1767.394,0.2626
mixed,16,2,0.125,4.0,2048,1024,512,2048,704,1778.183,1796.197,1774.557,-0.2013
mixed,16,2,0.125,4.0,2048,1024,1024,4096,1408,1787.395,1825.931,1787.716,0.0083
mixed,16,2,0.125,4.0,2048,1024,2048,8192,2816,1812.164,1874.086,1820.39,0.1328
mixed,16,2,0.125,4.0,2048,1024,4096,16384,5632,1846.5,1975.747,1847.111,0.0047
mixed,16,2,0.125,4.0,2048,2048,128,512,176,1988.866,2001.121,1993.48,0.3765
mixed,16,2,0.125,4.0,2048,2048,256,1024,352,1997.924,2013.287,2005.536,0.4955
mixed,16,2,0.125,4.0,2048,2048,512,2048,704,2011.427,2027.209,2007.334,-0.2593
mixed,16,2,0.125,4.0,2048,2048,1024,4096,1408,2015.429,2049.316,2026.947,0.3399
mixed,16,2,0.125,4.0,2048,2048,2048,8192,2816,2039.525,2109.991,2042.342,0.04
mixed,16,2,0.125,4.0,2048,2048,4096,16384,5632,2079.104,2209.154,2078.187,-0.0071
mixed,16,2,0.125,4.0,2048,4096,128,512,176,2453.865,2463.623,2459.394,0.5666
mixed,16,2,0.125,4.0,2048,4096,256,1024,352,2459.623,2478.629,2464.418,0.2523
mixed,16,2,0.125,4.0,2048,4096,512,2048,704,2473.701,2489.965,2471.975,-0.1061
mixed,16,2,0.125,4.0,2048,4096,1024,4096,1408,2482.374,2516.52,2478.023,-0.1274
mixed,16,2,0.125,4.0,2048,4096,2048,8192,2816,2500.012,2567.943,2507.557,0.1111
mixed,16,2,0.125,4.0,2048,4096,4096,16384,5632,2542.241,2671.817,2542.12,-0.0009
mixed,16,2,0.125,4.0,2048,8192,128,512,176,3338.469,3352.548,3336.716,-0.1245
mixed,16,2,0.125,4.0,2048,8192,256,1024,352,3348.393,3359.816,3348.905,0.0448
mixed,16,2,0.125,4.0,2048,8192,512,2048,704,3354.059,3378.153,3357.954,0.1617
mixed,16,2,0.125,4.0,2048,8192,1024,4096,1408,3360.043,3399.205,3367.85,0.1994
mixed,16,2,0.125,4.0,2048,8192,2048,8192,2816,3381.29,3448.263,3393.475,0.1819
mixed,16,2,0.125,4.0,2048,8192,4096,16384,5632,3426.502,3551.018,3425.382,-0.009
pure,16,3,0.1875,4.0,0,0,128,512,200,201.343,222.814,215.231,0.6468
pure,16,3,0.1875,4.0,0,0,256,1024,400,220.094,231.716,225.249,0.4436
pure,16,3,0.1875,4.0,0,0,512,2048,800,231.233,247.523,239.392,0.5009
pure,16,3,0.1875,4.0,0,0,1024,4096,1600,241.985,273.123,248.705,0.2158
pure,16,3,0.1875,4.0,0,0,2048,8192,3200,261.823,322.431,268.863,0.1162
pure,16,3,0.1875,4.0,0,0,4096,16384,6400,300.448,425.28,301.632,0.0095
mixed,16,3,0.1875,4.0,16,0,128,512,200,225.026,244.673,238.43,0.6822
mixed,16,3,0.1875,4.0,16,0,256,1024,400,244.769,252.065,244.804,0.0048
mixed,16,3,0.1875,4.0,16,0,512,2048,800,254.173,266.784,253.505,-0.053
mixed,16,3,0.1875,4.0,16,0,1024,4096,1600,260.989,296.228,270.816,0.2789
mixed,16,3,0.1875,4.0,16,0,2048,8192,3200,283.426,348.064,288.188,0.0737
mixed,16,3,0.1875,4.0,16,0,4096,16384,6400,325.63,451.011,338.816,0.1052
mixed,16,3,0.1875,4.0,16,512,128,512,200,254.914,259.106,256.447,0.3657
mixed,16,3,0.1875,4.0,16,512,256,1024,400,255.615,263.778,257.888,0.2785
mixed,16,3,0.1875,4.0,16,512,512,2048,800,257.889,275.172,263.808,0.3425
mixed,16,3,0.1875,4.0,16,512,1024,4096,1600,269.536,297.922,270.053,0.0182
mixed,16,3,0.1875,4.0,16,512,2048,8192,3200,285.09,406.88,299.328,0.1169
mixed,16,3,0.1875,4.0,16,512,4096,16384,6400,324.513,504.897,343.937,0.1077
mixed,16,3,0.1875,4.0,16,1024,128,512,200,262.432,265.472,265.344,0.9579
mixed,16,3,0.1875,4.0,16,1024,256,1024,400,259.198,266.847,263.235,0.5278
mixed,16,3,0.1875,4.0,16,1024,512,2048,800,268.929,279.842,272.546,0.3314
mixed,16,3,0.1875,4.0,16,1024,1024,4096,1600,269.952,299.424,274.878,0.1671
mixed,16,3,0.1875,4.0,16,1024,2048,8192,3200,329.603,346.979,324.479,-0.2949
mixed,16,3,0.1875,4.0,16,1024,4096,16384,6400,329.763,549.696,345.919,0.0735
mixed,16,3,0.1875,4.0,16,2048,128,512,200,277.923,273.123,276.896,
mixed,16,3,0.1875,4.0,16,2048,256,1024,400,273.668,278.081,273.859,0.0433
mixed,16,3,0.1875,4.0,16,2048,512,2048,800,284.255,282.015,281.827,
mixed,16,3,0.1875,4.0,16,2048,1024,4096,1600,281.856,302.56,282.306,0.0217
mixed,16,3,0.1875,4.0,16,2048,2048,8192,3200,293.473,350.817,298.722,0.0915
mixed,16,3,0.1875,4.0,16,2048,4096,16384,6400,404.609,450.848,370.147,-0.7453
mixed,16,3,0.1875,4.0,16,4096,128,512,200,290.559,291.65,289.665,-0.8194
mixed,16,3,0.1875,4.0,16,4096,256,1024,400,290.687,293.025,289.057,-0.6972
mixed,16,3,0.1875,4.0,16,4096,512,2048,800,290.98,300.033,292.576,0.1763
mixed,16,3,0.1875,4.0,16,4096,1024,4096,1600,304.804,316.642,297.183,-0.6438
mixed,16,3,0.1875,4.0,16,4096,2048,8192,3200,309.859,356.29,305.794,-0.0875
mixed,16,3,0.1875,4.0,16,4096,4096,16384,6400,333.472,449.284,342.976,0.0821
mixed,16,3,0.1875,4.0,16,8192,128,512,200,316.547,313.889,315.936,
mixed,16,3,0.1875,4.0,16,8192,256,1024,400,314.53,315.874,314.047,-0.3594
mixed,16,3,0.1875,4.0,16,8192,512,2048,800,315.904,322.691,313.829,-0.3057
mixed,16,3,0.1875,4.0,16,8192,1024,4096,1600,323.521,336.961,319.939,-0.2665
mixed,16,3,0.1875,4.0,16,8192,2048,8192,3200,373.217,377.279,364.066,-2.2528
mixed,16,3,0.1875,4.0,16,8192,4096,16384,6400,360.448,465.602,360.061,-0.0037
mixed,16,3,0.1875,4.0,32,0,128,512,200,230.497,252.674,246.881,0.7388
mixed,16,3,0.1875,4.0,32,0,256,1024,400,247.872,260.544,252.834,0.3916
mixed,16,3,0.1875,4.0,32,0,512,2048,800,258.815,276.321,265.825,0.4004
mixed,16,3,0.1875,4.0,32,0,1024,4096,1600,268.065,302.913,283.741,0.4498
mixed,16,3,0.1875,4.0,32,0,2048,8192,3200,297.09,352.962,328.415,0.5607
mixed,16,3,0.1875,4.0,32,0,4096,16384,6400,334.112,457.157,408.415,0.6039
mixed,16,3,0.1875,4.0,32,512,128,512,200,269.213,278.051,272.289,0.348
mixed,16,3,0.1875,4.0,32,512,256,1024,400,270.08,271.104,269.347,-0.7158
mixed,16,3,0.1875,4.0,32,512,512,2048,800,273.536,279.487,272.419,-0.1877
mixed,16,3,0.1875,4.0,32,512,1024,4096,1600,277.057,306.147,291.744,0.5049
mixed,16,3,0.1875,4.0,32,512,2048,8192,3200,340.257,358.561,333.089,-0.3916
mixed,16,3,0.1875,4.0,32,512,4096,16384,6400,330.751,516.292,403.808,0.3938
mixed,16,3,0.1875,4.0,32,1024,128,512,200,283.327,279.812,281.822,
mixed,16,3,0.1875,4.0,32,1024,256,1024,400,278.628,282.66,279.168,0.1339
mixed,16,3,0.1875,4.0,32,1024,512,2048,800,297.056,287.333,283.583,
mixed,16,3,0.1875,4.0,32,1024,1024,4096,1600,288.548,310.176,293.698,0.2381
mixed,16,3,0.1875,4.0,32,1024,2048,8192,3200,296.986,355.108,331.393,0.592
mixed,16,3,0.1875,4.0,32,1024,4096,16384,6400,400.932,455.137,417.758,0.3104
mixed,16,3,0.1875,4.0,32,2048,128,512,200,290.433,293.952,293.982,1.0085
mixed,16,3,0.1875,4.0,32,2048,256,1024,400,294.336,295.906,291.012,-2.1172
mixed,16,3,0.1875,4.0,32,2048,512,2048,800,293.95,303.455,296.257,0.2427
mixed,16,3,0.1875,4.0,32,2048,1024,4096,1600,338.849,320.451,324.83,
mixed,16,3,0.1875,4.0,32,2048,2048,8192,3200,307.488,371.813,333.828,0.4095
mixed,16,3,0.1875,4.0,32,2048,4096,16384,6400,338.694,457.118,412.96,0.6271
mixed,16,3,0.1875,4.0,32,4096,128,512,200,318.114,314.943,317.475,
mixed,16,3,0.1875,4.0,32,4096,256,1024,400,316.64,317.219,318.116,2.5492
mixed,16,3,0.1875,4.0,32,4096,512,2048,800,319.106,326.404,317.089,-0.2764
mixed,16,3,0.1875,4.0,32,4096,1024,4096,1600,329.087,339.936,325.794,-0.3035
mixed,16,3,0.1875,4.0,32,4096,2048,8192,3200,399.01,388.095,380.929,
mixed,16,3,0.1875,4.0,32,4096,4096,16384,6400,368.641,483.359,418.56,0.4351
mixed,16,3,0.1875,4.0,32,8192,128,512,200,350.816,359.266,354.753,0.4659
mixed,16,3,0.1875,4.0,32,8192,256,1024,400,360.639,360.001,358.849,
mixed,16,3,0.1875,4.0,32,8192,512,2048,800,357.953,370.53,357.155,-0.0634
mixed,16,3,0.1875,4.0,32,8192,1024,4096,1600,405.283,390.849,425.154,
mixed,16,3,0.1875,4.0,32,8192,2048,8192,3200,442.245,420.384,433.827,
mixed,16,3,0.1875,4.0,32,8192,4096,16384,6400,522.308,523.584,488.897,-26.1842
mixed,16,3,0.1875,4.0,64,0,128,512,200,234.207,257.853,254.69,0.8662
mixed,16,3,0.1875,4.0,64,0,256,1024,400,253.92,268.48,263.423,0.6527
mixed,16,3,0.1875,4.0,64,0,512,2048,800,265.186,287.135,282.242,0.7771
mixed,16,3,0.1875,4.0,64,0,1024,4096,1600,277.084,326.304,323.008,0.933
mixed,16,3,0.1875,4.0,64,0,2048,8192,3200,307.009,408.806,404.678,0.9594
mixed,16,3,0.1875,4.0,64,0,4096,16384,6400,372.26,566.302,556.419,0.9491
mixed,16,3,0.1875,4.0,64,512,128,512,200,291.456,313.343,291.91,0.0207
mixed,16,3,0.1875,4.0,64,512,256,1024,400,290.594,290.05,306.016,
mixed,16,3,0.1875,4.0,64,512,512,2048,800,292.482,305.987,299.169,0.4951
mixed,16,3,0.1875,4.0,64,512,1024,4096,1600,295.231,328.032,337.086,1.276
mixed,16,3,0.1875,4.0,64,512,2048,8192,3200,309.507,406.946,401.856,0.9478
mixed,16,3,0.1875,4.0,64,512,4096,16384,6400,373.089,568.74,557.761,0.9439
mixed,16,3,0.1875,4.0,64,1024,128,512,200,303.902,301.788,306.306,
mixed,16,3,0.1875,4.0,64,1024,256,1024,400,301.986,341.6,302.816,0.021
mixed,16,3,0.1875,4.0,64,1024,512,2048,800,300.897,314.178,326.145,1.9011
mixed,16,3,0.1875,4.0,64,1024,1024,4096,1600,348.509,346.081,342.241,
mixed,16,3,0.1875,4.0,64,1024,2048,8192,3200,322.782,410.851,416.573,1.065
mixed,16,3,0.1875,4.0,64,1024,4096,16384,6400,371.778,568.609,559.301,0.9527
mixed,16,3,0.1875,4.0,64,2048,128,512,200,328.064,351.235,320.835,-0.312
mixed,16,3,0.1875,4.0,64,2048,256,1024,400,341.155,329.952,354.016,
mixed,16,3,0.1875,4.0,64,2048,512,2048,800,329.918,398.053,332.865,0.0433
mixed,16,3,0.1875,4.0,64,2048,1024,4096,1600,326.015,351.232,362.561,1.4493
mixed,16,3,0.1875,4.0,64,2048,2048,8192,3200,405.667,424.165,422.337,0.9012
mixed,16,3,0.1875,4.0,64,2048,4096,16384,6400,388.418,569.506,571.396,1.0104
mixed,16,3,0.1875,4.0,64,4096,128,512,200,366.819,390.401,362.272,-0.1928
mixed,16,3,0.1875,4.0,64,4096,256,1024,400,381.057,433.6,371.49,-0.1821
mixed,16,3,0.1875,4.0,64,4096,512,2048,800,411.78,379.458,436.447,
mixed,16,3,0.1875,4.0,64,4096,1024,4096,1600,420.609,499.871,432.257,0.147
mixed,16,3,0.1875,4.0,64,4096,2048,8192,3200,451.682,428.383,443.295,
mixed,16,3,0.1875,4.0,64,4096,4096,16384,6400,518.817,583.904,574.878,0.8613
mixed,16,3,0.1875,4.0,64,8192,128,512,200,439.395,468.228,439.49,0.0033
mixed,16,3,0.1875,4.0,64,8192,256,1024,400,429.409,507.904,447.811,0.2344
mixed,16,3,0.1875,4.0,64,8192,512,2048,800,489.538,586.245,469.344,-0.2088
mixed,16,3,0.1875,4.0,64,8192,1024,4096,1600,555.236,487.04,593.38,
mixed,16,3,0.1875,4.0,64,8192,2048,8192,3200,559.743,708.835,592.288,0.2183
mixed,16,3,0.1875,4.0,64,8192,4096,16384,6400,614.756,591.074,601.795,
mixed,16,3,0.1875,4.0,128,0,128,512,200,253.792,285.024,290.305,1.1691
mixed,16,3,0.1875,4.0,128,0,256,1024,400,280.608,302.555,303.458,1.0411
mixed,16,3,0.1875,4.0,128,0,512,2048,800,294.465,344.803,345.76,1.019
mixed,16,3,0.1875,4.0,128,0,1024,4096,1600,336.287,422.208,418.05,0.9516
mixed,16,3,0.1875,4.0,128,0,2048,8192,3200,392.516,573.919,575.489,1.0087
mixed,16,3,0.1875,4.0,128,0,4096,16384,6400,518.788,898.465,880.516,0.9527
mixed,16,3,0.1875,4.0,128,512,128,512,200,359.17,365.794,356.768,-0.3626
mixed,16,3,0.1875,4.0,128,512,256,1024,400,372.578,390.592,381.76,0.5097
mixed,16,3,0.1875,4.0,128,512,512,2048,800,374.688,350.943,422.558,
mixed,16,3,0.1875,4.0,128,512,1024,4096,1600,405.567,430.369,509.088,4.1739
mixed,16,3,0.1875,4.0,128,512,2048,8192,3200,384.802,577.6,585.826,1.0427
mixed,16,3,0.1875,4.0,128,512,4096,16384,6400,505.793,896.609,884.195,0.9682
mixed,16,3,0.1875,4.0,128,1024,128,512,200,376.515,404.48,367.202,-0.333
mixed,16,3,0.1875,4.0,128,1024,256,1024,400,387.616,408.928,402.946,0.7193
mixed,16,3,0.1875,4.0,128,1024,512,2048,800,406.753,438.595,452.574,1.439
mixed,16,3,0.1875,4.0,128,1024,1024,4096,1600,425.764,427.586,521.438,52.5104
mixed,16,3,0.1875,4.0,128,1024,2048,8192,3200,481.697,589.763,671.619,1.7575
mixed,16,3,0.1875,4.0,128,1024,4096,16384,6400,509.154,885.955,888.196,1.0059
mixed,16,3,0.1875,4.0,128,2048,128,512,200,416.353,435.555,403.937,-0.6466
mixed,16,3,0.1875,4.0,128,2048,256,1024,400,431.904,488.099,416.929,-0.2665
mixed,16,3,0.1875,4.0,128,2048,512,2048,800,462.596,481.538,488.766,1.3816
mixed,16,3,0.1875,4.0,128,2048,1024,4096,1600,462.338,559.173,562.179,1.031
mixed,16,3,0.1875,4.0,128,2048,2048,8192,3200,527.553,580.161,723.296,3.7208
mixed,16,3,0.1875,4.0,128,2048,4096,16384,6400,645.349,886.246,1021.252,1.5604
mixed,16,3,0.1875,4.0,128,4096,128,512,200,481.314,510.687,476.193,-0.1743
mixed,16,3,0.1875,4.0,128,4096,256,1024,400,461.825,562.688,485.89,0.2386
mixed,16,3,0.1875,4.0,128,4096,512,2048,800,533.599,637.666,524.194,-0.0904
mixed,16,3,0.1875,4.0,128,4096,1024,4096,1600,606.593,635.331,635.23,0.9965
mixed,16,3,0.1875,4.0,128,4096,2048,8192,3200,605.889,805.381,787.169,0.9087
mixed,16,3,0.1875,4.0,128,4096,4096,16384,6400,732.99,898.661,1105.828,2.2505
mixed,16,3,0.1875,4.0,128,8192,128,512,200,629.472,634.915,631.747,0.418
mixed,16,3,0.1875,4.0,128,8192,256,1024,400,641.183,662.11,631.073,-0.4831
mixed,16,3,0.1875,4.0,128,8192,512,2048,800,637.506,790.816,628.705,-0.0574
mixed,16,3,0.1875,4.0,128,8192,1024,4096,1600,760.993,942.042,714.814,-0.2551
mixed,16,3,0.1875,4.0,128,8192,2048,8192,3200,876.353,956.45,953.955,0.9689
mixed,16,3,0.1875,4.0,128,8192,4096,16384,6400,878.914,1261.792,1264.772,1.0078
mixed,16,3,0.1875,4.0,256,0,128,512,200,306.945,323.649,320.449,0.8084
mixed,16,3,0.1875,4.0,256,0,256,1024,400,316.225,363.432,361.121,0.951
mixed,16,3,0.1875,4.0,256,0,512,2048,800,342.401,435.71,438.815,1.0333
mixed,16,3,0.1875,4.0,256,0,1024,4096,1600,404.514,597.311,590.598,0.9652
mixed,16,3,0.1875,4.0,256,0,2048,8192,3200,521.568,900.837,896.901,0.9896
mixed,16,3,0.1875,4.0,256,0,4096,16384,6400,768.035,1520.42,1510.788,0.9872
mixed,16,3,0.1875,4.0,256,512,128,512,200,358.977,380.188,352.671,-0.2973
mixed,16,3,0.1875,4.0,256,512,256,1024,400,371.105,423.106,363.742,-0.1416
mixed,16,3,0.1875,4.0,256,512,512,2048,800,401.985,494.882,438.689,0.3951
mixed,16,3,0.1875,4.0,256,512,1024,4096,1600,464.033,651.556,593.286,0.6893
mixed,16,3,0.1875,4.0,256,512,2048,8192,3200,584.257,956.899,899.968,0.8472
mixed,16,3,0.1875,4.0,256,512,4096,16384,6400,824.194,1572.006,1510.66,0.918
mixed,16,3,0.1875,4.0,256,1024,128,512,200,395.199,420.258,390.018,-0.2068
mixed,16,3,0.1875,4.0,256,1024,256,1024,400,410.757,458.945,402.271,-0.1761
mixed,16,3,0.1875,4.0,256,1024,512,2048,800,441.343,535.873,438.689,-0.0281
mixed,16,3,0.1875,4.0,256,1024,1024,4096,1600,504.639,693.158,594.563,0.477
mixed,16,3,0.1875,4.0,256,1024,2048,8192,3200,623.997,999.814,904.738,0.747
mixed,16,3,0.1875,4.0,256,1024,4096,16384,6400,865.376,1616.384,1515.106,0.8651
mixed,16,3,0.1875,4.0,256,2048,128,512,200,457.406,492.067,457.315,-0.0026
mixed,16,3,0.1875,4.0,256,2048,256,1024,400,456.099,535.684,472.806,0.2099
mixed,16,3,0.1875,4.0,256,2048,512,2048,800,519.269,618.499,499.199,-0.2023
mixed,16,3,0.1875,4.0,256,2048,1024,4096,1600,577.317,771.07,595.81,0.0954
mixed,16,3,0.1875,4.0,256,2048,2048,8192,3200,701.021,1078.305,904.29,0.5388
mixed,16,3,0.1875,4.0,256,2048,4096,16384,6400,942.469,1689.35,1518.244,0.7709
mixed,16,3,0.1875,4.0,256,4096,128,512,200,615.523,617.284,612.576,-1.6735
mixed,16,3,0.1875,4.0,256,4096,256,1024,400,615.97,652.864,618.081,0.0572
mixed,16,3,0.1875,4.0,256,4096,512,2048,800,617.95,773.443,614.493,-0.0222
mixed,16,3,0.1875,4.0,256,4096,1024,4096,1600,739.392,929.957,695.33,-0.2312
mixed,16,3,0.1875,4.0,256,4096,2048,8192,3200,860.831,1237.22,910.337,0.1315
mixed,16,3,0.1875,4.0,256,4096,4096,16384,6400,1105.092,1852.513,1522.249,0.5581
mixed,16,3,0.1875,4.0,256,8192,128,512,200,918.822,921.636,918.468,-0.1258
mixed,16,3,0.1875,4.0,256,8192,256,1024,400,923.363,918.081,920.933,
mixed,16,3,0.1875,4.0,256,8192,512,2048,800,918.149,959.812,920.418,0.0545
mixed,16,3,0.1875,4.0,256,8192,1024,4096,1600,923.362,1233.22,918.656,-0.0152
mixed,16,3,0.1875,4.0,256,8192,2048,8192,3200,1163.043,1546.401,1078.818,-0.2197
mixed,16,3,0.1875,4.0,256,8192,4096,16384,6400,1405.03,2157.571,1531.077,0.1675
mixed,16,3,0.1875,4.0,512,0,128,512,200,504.895,502.532,492.994,
mixed,16,3,0.1875,4.0,512,0,256,1024,400,502.562,508.864,503.491,0.1474
mixed,16,3,0.1875,4.0,512,0,512,2048,800,507.396,583.743,577.06,0.9125
mixed,16,3,0.1875,4.0,512,0,1024,4096,1600,545.246,745.762,732.802,0.9354
mixed,16,3,0.1875,4.0,512,0,2048,8192,3200,671.874,1049.569,1046.305,0.9914
mixed,16,3,0.1875,4.0,512,0,4096,16384,6400,915.524,1673.031,1661.412,0.9847
mixed,16,3,0.1875,4.0,512,512,128,512,200,564.58,613.857,581.182,0.3369
mixed,16,3,0.1875,4.0,512,512,256,1024,400,593.124,651.713,594.498,0.0235
mixed,16,3,0.1875,4.0,512,512,512,2048,800,634.88,731.264,675.428,0.4207
mixed,16,3,0.1875,4.0,512,512,1024,4096,1600,699.809,883.998,832.226,0.7189
mixed,16,3,0.1875,4.0,512,512,2048,8192,3200,820.384,1196.769,1142.785,0.8566
mixed,16,3,0.1875,4.0,512,512,4096,16384,6400,1062.531,1807.235,1762.307,0.9397
mixed,16,3,0.1875,4.0,512,1024,128,512,200,636.931,652.101,642.276,0.3523
mixed,16,3,0.1875,4.0,512,1024,256,1024,400,638.431,731.716,651.457,0.1396
mixed,16,3,0.1875,4.0,512,1024,512,2048,800,694.912,814.85,713.024,0.151
mixed,16,3,0.1875,4.0,512,1024,1024,4096,1600,776.164,968.384,868.772,0.4818
mixed,16,3,0.1875,4.0,512,1024,2048,8192,3200,902.178,1276.992,1178.146,0.7363
mixed,16,3,0.1875,4.0,512,1024,4096,16384,6400,1138.275,1893.86,1799.65,0.8753
mixed,16,3,0.1875,4.0,512,2048,128,512,200,801.883,800.867,798.214,
mixed,16,3,0.1875,4.0,512,2048,256,1024,400,797.156,816.48,800.258,0.1605
mixed,16,3,0.1875,4.0,512,2048,512,2048,800,802.851,964.258,802.4,-0.0028
mixed,16,3,0.1875,4.0,512,2048,1024,4096,1600,904.935,1126.055,954.4,0.2237
mixed,16,3,0.1875,4.0,512,2048,2048,8192,3200,1054.468,1431.362,1264.77,0.558
mixed,16,3,0.1875,4.0,512,2048,4096,16384,6400,1296.13,2046.403,1880.519,0.7789
mixed,16,3,0.1875,4.0,512,4096,128,512,200,1105.12,1106.948,1106.914,0.9814
mixed,16,3,0.1875,4.0,512,4096,256,1024,400,1107.334,1103.362,1103.556,
mixed,16,3,0.1875,4.0,512,4096,512,2048,800,1103.398,1129.121,1105.599,0.0856
mixed,16,3,0.1875,4.0,512,4096,1024,4096,1600,1107.426,1427.78,1111.713,0.0134
mixed,16,3,0.1875,4.0,512,4096,2048,8192,3200,1307.554,1737.061,1418.724,0.2588
mixed,16,3,0.1875,4.0,512,4096,4096,16384,6400,1604.358,2360.49,2039.302,0.5752
mixed,16,3,0.1875,4.0,512,8192,128,512,200,1709.795,1711.368,1717.825,5.1049
mixed,16,3,0.1875,4.0,512,8192,256,1024,400,1714.057,1712.131,1714.978,
mixed,16,3,0.1875,4.0,512,8192,512,2048,800,1710.082,1711.114,1713.862,3.6628
mixed,16,3,0.1875,4.0,512,8192,1024,4096,1600,1710.566,1739.977,1708.742,-0.062
mixed,16,3,0.1875,4.0,512,8192,2048,8192,3200,1714.567,2343.943,1721.41,0.0109
mixed,16,3,0.1875,4.0,512,8192,4096,16384,6400,2088.355,2958.403,2339.651,0.2888
mixed,16,3,0.1875,4.0,1024,0,128,512,200,809.216,816.542,808.931,-0.0389
mixed,16,3,0.1875,4.0,1024,0,256,1024,400,821.568,832.928,818.883,-0.2364
mixed,16,3,0.1875,4.0,1024,0,512,2048,800,822.431,849.217,831.008,0.3202
mixed,16,3,0.1875,4.0,1024,0,1024,4096,1600,837.632,879.649,848.512,0.2589
mixed,16,3,0.1875,4.0,1024,0,2048,8192,3200,861.791,931.142,868.929,0.1029
mixed,16,3,0.1875,4.0,1024,0,4096,16384,6400,907.334,1035.872,914.156,0.0531
mixed,16,3,0.1875,4.0,1024,512,128,512,200,973.154,986.434,973.762,0.0458
mixed,16,3,0.1875,4.0,1024,512,256,1024,400,983.489,994.183,989.092,0.5239
mixed,16,3,0.1875,4.0,1024,512,512,2048,800,991.679,1007.586,995.422,0.2353
mixed,16,3,0.1875,4.0,1024,512,1024,4096,1600,996.936,1035.713,1008.639,0.3018
mixed,16,3,0.1875,4.0,1024,512,2048,8192,3200,1030.976,1092.292,1032.542,0.0255
mixed,16,3,0.1875,4.0,1024,512,4096,16384,6400,1067.266,1195.139,1074.018,0.0528
mixed,16,3,0.1875,4.0,1024,1024,128,512,200,1047.041,1057.727,1047.65,0.057
mixed,16,3,0.1875,4.0,1024,1024,256,1024,400,1057.092,1077.184,1064.519,0.3696
mixed,16,3,0.1875,4.0,1024,1024,512,2048,800,1068.391,1088.414,1073.857,0.273
mixed,16,3,0.1875,4.0,1024,1024,1024,4096,1600,1080.13,1115.428,1085.731,0.1587
mixed,16,3,0.1875,4.0,1024,1024,2048,8192,3200,1102.787,1167.904,1109.418,0.1018
mixed,16,3,0.1875,4.0,1024,1024,4096,16384,6400,1146.785,1275.045,1150.819,0.0315
mixed,16,3,0.1875,4.0,1024,2048,128,512,200,1199.834,1216.579,1209.347,0.5681
mixed,16,3,0.1875,4.0,1024,2048,256,1024,400,1212.544,1223.846,1218.627,0.5382
mixed,16,3,0.1875,4.0,1024,2048,512,2048,800,1224.224,1238.721,1230.112,0.4062
mixed,16,3,0.1875,4.0,1024,2048,1024,4096,1600,1229.828,1269.028,1232.868,0.0776
mixed,16,3,0.1875,4.0,1024,2048,2048,8192,3200,1253.702,1323.999,1263.876,0.1447
mixed,16,3,0.1875,4.0,1024,2048,4096,16384,6400,1295.967,1419.749,1300.157,0.0338
mixed,16,3,0.1875,4.0,1024,4096,128,512,200,1526.629,1541.477,1528.935,0.1553
mixed,16,3,0.1875,4.0,1024,4096,256,1024,400,1536.516,1549.897,1545.154,0.6455
mixed,16,3,0.1875,4.0,1024,4096,512,2048,800,1551.623,1567.876,1552.805,0.0727
mixed,16,3,0.1875,4.0,1024,4096,1024,4096,1600,1557.636,1595.048,1569.188,0.3088
mixed,16,3,0.1875,4.0,1024,4096,2048,8192,3200,1580.995,1647.143,1582.596,0.0242
mixed,16,3,0.1875,4.0,1024,4096,4096,16384,6400,1622.887,1743.618,1622.117,-0.0064
mixed,16,3,0.1875,4.0,1024,8192,128,512,200,2146.565,2160.96,2145.573,-0.0689
mixed,16,3,0.1875,4.0,1024,8192,256,1024,400,2151.778,2158.345,2164.807,1.984
mixed,16,3,0.1875,4.0,1024,8192,512,2048,800,2163.876,2188.426,2169.344,0.2227
mixed,16,3,0.1875,4.0,1024,8192,1024,4096,1600,2179.427,2210.629,2182.792,0.1078
mixed,16,3,0.1875,4.0,1024,8192,2048,8192,3200,2190.594,2257.16,2208.42,0.2678
mixed,16,3,0.1875,4.0,1024,8192,4096,16384,6400,2233.447,2361.83,2241.351,0.0616
mixed,16,3,0.1875,4.0,2048,0,128,512,200,1422.175,1429.576,1421.67,-0.0682
mixed,16,3,0.1875,4.0,2048,0,256,1024,400,1428.227,1438.472,1433.352,0.5002
mixed,16,3,0.1875,4.0,2048,0,512,2048,800,1437.382,1453.377,1447.102,0.6077
mixed,16,3,0.1875,4.0,2048,0,1024,4096,1600,1449.347,1487.746,1455.491,0.16
mixed,16,3,0.1875,4.0,2048,0,2048,8192,3200,1476.677,1544.454,1478.911,0.033
mixed,16,3,0.1875,4.0,2048,0,4096,16384,6400,1519.944,1635.139,1525.574,0.0489
mixed,16,3,0.1875,4.0,2048,512,128,512,200,1642.466,1653.156,1642.88,0.0387
mixed,16,3,0.1875,4.0,2048,512,256,1024,400,1655.202,1666.437,1660.93,0.5098
mixed,16,3,0.1875,4.0,2048,512,512,2048,800,1660.42,1680.837,1663.052,0.1289
mixed,16,3,0.1875,4.0,2048,512,1024,4096,1600,1676.162,1709.06,1681.664,0.1672
mixed,16,3,0.1875,4.0,2048,512,2048,8192,3200,1697.413,1759.332,1711.131,0.2215
mixed,16,3,0.1875,4.0,2048,512,4096,16384,6400,1741.092,1857.637,1747.811,0.0577
mixed,16,3,0.1875,4.0,2048,1024,128,512,200,1755.4,1769.728,1761.442,0.4217
mixed,16,3,0.1875,4.0,2048,1024,256,1024,400,1763.616,1772.199,1770.5,0.8021
mixed,16,3,0.1875,4.0,2048,1024,512,2048,800,1773.034,1791.914,1780.484,0.3946
mixed,16,3,0.1875,4.0,2048,1024,1024,4096,1600,1783.211,1821.796,1789.705,0.1683
mixed,16,3,0.1875,4.0,2048,1024,2048,8192,3200,1813.542,1875.14,1816.962,0.0555
mixed,16,3,0.1875,4.0,2048,1024,4096,16384,6400,1851.11,1970.979,1857.535,0.0536
mixed,16,3,0.1875,4.0,2048,2048,128,512,200,1996.741,1996.867,1993.16,-28.4206
mixed,16,3,0.1875,4.0,2048,2048,256,1024,400,1997.694,2011.238,2008.323,0.7848
mixed,16,3,0.1875,4.0,2048,2048,512,2048,800,2008.608,2034.95,2022.917,0.5432
mixed,16,3,0.1875,4.0,2048,2048,1024,4096,1600,2022.666,2048.715,2022.564,-0.0039
mixed,16,3,0.1875,4.0,2048,2048,2048,8192,3200,2043.24,2111.206,2047.842,0.0677
mixed,16,3,0.1875,4.0,2048,2048,4096,16384,6400,2087.813,2205.863,2089.471,0.014
mixed,16,3,0.1875,4.0,2048,4096,128,512,200,2455.659,2465.316,2454.53,-0.1169
mixed,16,3,0.1875,4.0,2048,4096,256,1024,400,2470.116,2473.316,2469.545,-0.1784
mixed,16,3,0.1875,4.0,2048,4096,512,2048,800,2470.762,2489.288,2477.349,0.3556
mixed,16,3,0.1875,4.0,2048,4096,1024,4096,1600,2483.976,2516.354,2491.626,0.2363
mixed,16,3,0.1875,4.0,2048,4096,2048,8192,3200,2509.726,2563.046,2510.693,0.0181
mixed,16,3,0.1875,4.0,2048,4096,4096,16384,6400,2550.505,2663.751,2559.174,0.0766
mixed,16,3,0.1875,4.0,2048,8192,128,512,200,3330.89,3351.629,3334.793,0.1882
mixed,16,3,0.1875,4.0,2048,8192,256,1024,400,3346.055,3354.371,3352.938,0.8277
mixed,16,3,0.1875,4.0,2048,8192,512,2048,800,3356.65,3372.802,3358.311,0.1028
mixed,16,3,0.1875,4.0,2048,8192,1024,4096,1600,3370.215,3394.086,3373.507,0.1379
mixed,16,3,0.1875,4.0,2048,8192,2048,8192,3200,3393.576,3448.837,3400.192,0.1197
mixed,16,3,0.1875,4.0,2048,8192,4096,16384,6400,3431.657,3555.75,3432.236,0.0047
pure,16,4,0.25,4.0,0,0,128,512,224,201.825,223.041,215.713,0.6546
pure,16,4,0.25,4.0,0,0,256,1024,448,221.921,229.917,221.921,0.0
pure,16,4,0.25,4.0,0,0,512,2048,896,234.468,247.073,239.843,0.4264
pure,16,4,0.25,4.0,0,0,1024,4096,1792,243.328,273.123,251.652,0.2794
pure,16,4,0.25,4.0,0,0,2048,8192,3584,270.879,324.702,275.873,0.0928
pure,16,4,0.25,4.0,0,0,4096,16384,7168,309.89,423.87,320.318,0.0915
mixed,16,4,0.25,4.0,16,0,128,512,224,227.839,244.992,235.773,0.4625
mixed,16,4,0.25,4.0,16,0,256,1024,448,245.921,254.175,244.45,-0.1782
mixed,16,4,0.25,4.0,16,0,512,2048,896,255.332,266.048,254.241,-0.1018
mixed,16,4,0.25,4.0,16,0,1024,4096,1792,269.505,295.551,268.61,-0.0344
mixed,16,4,0.25,4.0,16,0,2048,8192,3584,291.809,347.586,297.665,0.105
mixed,16,4,0.25,4.0,16,0,4096,16384,7168,333.825,449.311,344.484,0.0923
mixed,16,4,0.25,4.0,16,512,128,512,224,255.551,260.131,253.698,-0.4046
mixed,16,4,0.25,4.0,16,512,256,1024,448,257.888,265.6,258.754,0.1123
mixed,16,4,0.25,4.0,16,512,512,2048,896,265.469,273.669,265.92,0.055
mixed,16,4,0.25,4.0,16,512,1024,4096,1792,270.049,299.395,278.403,0.2847
mixed,16,4,0.25,4.0,16,512,2048,8192,3584,289.346,407.9,294.31,0.0419
mixed,16,4,0.25,4.0,16,512,4096,16384,7168,391.069,506.755,346.882,-0.382
mixed,16,4,0.25,4.0,16,1024,128,512,224,266.786,263.107,263.872,
mixed,16,4,0.25,4.0,16,1024,256,1024,448,259.458,267.775,265.634,0.7426
mixed,16,4,0.25,4.0,16,1024,512,2048,896,267.647,274.081,267.521,-0.0196
mixed,16,4,0.25,4.0,16,1024,1024,4096,1792,272.29,300.832,275.267,0.1043
mixed,16,4,0.25,4.0,16,1024,2048,8192,3584,291.615,347.393,299.585,0.1429
mixed,16,4,0.25,4.0,16,1024,4096,16384,7168,338.527,547.104,342.049,0.0169
mixed,16,4,0.25,4.0,16,2048,128,512,224,278.148,274.048,278.366,
mixed,16,4,0.25,4.0,16,2048,256,1024,448,274.656,278.495,274.017,-0.1664
mixed,16,4,0.25,4.0,16,2048,512,2048,896,276.605,279.584,273.058,-1.1907
mixed,16,4,0.25,4.0,16,2048,1024,4096,1792,281.154,300.258,281.983,0.0434
mixed,16,4,0.25,4.0,16,2048,2048,8192,3584,298.178,354.752,302.401,0.0746
mixed,16,4,0.25,4.0,16,2048,4096,16384,7168,339.298,452.225,348.386,0.0805
mixed,16,4,0.25,4.0,16,4096,128,512,224,292.288,287.872,291.232,
mixed,16,4,0.25,4.0,16,4096,256,1024,448,289.055,292.419,288.227,-0.2461
mixed,16,4,0.25,4.0,16,4096,512,2048,896,292.001,300.067,292.928,0.1149
mixed,16,4,0.25,4.0,16,4096,1024,4096,1792,301.311,315.807,298.4,-0.2008
mixed,16,4,0.25,4.0,16,4096,2048,8192,3584,306.592,357.731,307.524,0.0182
mixed,16,4,0.25,4.0,16,4096,4096,16384,7168,342.367,450.111,355.807,0.1247
mixed,16,4,0.25,4.0,16,8192,128,512,224,311.072,312.737,314.176,1.8643
mixed,16,4,0.25,4.0,16,8192,256,1024,448,313.795,317.957,311.171,-0.6305
mixed,16,4,0.25,4.0,16,8192,512,2048,896,318.302,321.283,315.522,-0.9326
mixed,16,4,0.25,4.0,16,8192,1024,4096,1792,322.624,339.201,322.144,-0.029
mixed,16,4,0.25,4.0,16,8192,2048,8192,3584,338.492,374.208,337.088,-0.0393
mixed,16,4,0.25,4.0,16,8192,4096,16384,7168,359.808,466.241,369.699,0.0929
mixed,16,4,0.25,4.0,32,0,128,512,224,230.46,249.919,245.536,0.7748
mixed,16,4,0.25,4.0,32,0,256,1024,448,248.925,259.714,251.741,0.261
mixed,16,4,0.25,4.0,32,0,512,2048,896,256.449,273.667,262.017,0.3234
mixed,16,4,0.25,4.0,32,0,1024,4096,1792,271.487,304.512,285.251,0.4168
mixed,16,4,0.25,4.0,32,0,2048,8192,3584,297.568,355.2,328.989,0.5452
mixed,16,4,0.25,4.0,32,0,4096,16384,7168,343.746,461.854,408.801,0.5508
mixed,16,4,0.25,4.0,32,512,128,512,224,270.629,272.452,274.881,2.3324
mixed,16,4,0.25,4.0,32,512,256,1024,448,271.807,268.638,270.788,
mixed,16,4,0.25,4.0,32,512,512,2048,896,270.847,281.601,272.578,0.161
mixed,16,4,0.25,4.0,32,512,1024,4096,1792,281.281,307.487,289.921,0.3297
mixed,16,4,0.25,4.0,32,512,2048,8192,3584,295.169,358.114,329.955,0.5526
mixed,16,4,0.25,4.0,32,512,4096,16384,7168,343.392,513.535,406.242,0.3694
mixed,16,4,0.25,4.0,32,1024,128,512,224,281.634,279.841,277.985,
mixed,16,4,0.25,4.0,32,1024,256,1024,448,282.211,285.314,279.647,-0.8263
mixed,16,4,0.25,4.0,32,1024,512,2048,896,286.435,287.01,283.905,-4.4
mixed,16,4,0.25,4.0,32,1024,1024,4096,1792,286.337,308.477,293.372,0.3178
mixed,16,4,0.25,4.0,32,1024,2048,8192,3584,303.424,355.776,333.505,0.5746
mixed,16,4,0.25,4.0,32,1024,4096,16384,7168,342.401,455.902,407.746,0.5757
mixed,16,4,0.25,4.0,32,2048,128,512,224,293.087,292.863,294.145,
mixed,16,4,0.25,4.0,32,2048,256,1024,448,294.273,295.331,290.557,-3.5123
mixed,16,4,0.25,4.0,32,2048,512,2048,896,297.506,301.633,295.294,-0.536
mixed,16,4,0.25,4.0,32,2048,1024,4096,1792,303.645,320.769,302.366,-0.0747
mixed,16,4,0.25,4.0,32,2048,2048,8192,3584,311.876,371.392,334.367,0.3779
mixed,16,4,0.25,4.0,32,2048,4096,16384,7168,353.056,459.007,412.736,0.5633
mixed,16,4,0.25,4.0,32,4096,128,512,224,317.79,315.459,315.903,
mixed,16,4,0.25,4.0,32,4096,256,1024,448,318.913,320.419,316.128,-1.8493
mixed,16,4,0.25,4.0,32,4096,512,2048,896,316.736,326.848,318.051,0.13
mixed,16,4,0.25,4.0,32,4096,1024,4096,1792,329.539,341.343,325.794,-0.3173
mixed,16,4,0.25,4.0,32,4096,2048,8192,3584,345.152,389.123,342.276,-0.0654
mixed,16,4,0.25,4.0,32,4096,4096,16384,7168,365.922,482.338,418.37,0.4505
mixed,16,4,0.25,4.0,32,8192,128,512,224,350.401,358.975,353.474,0.3584
mixed,16,4,0.25,4.0,32,8192,256,1024,448,361.09,357.794,359.073,
mixed,16,4,0.25,4.0,32,8192,512,2048,896,359.422,371.549,365.058,0.4647
mixed,16,4,0.25,4.0,32,8192,1024,4096,1792,371.746,390.689,371.358,-0.0205
mixed,16,4,0.25,4.0,32,8192,2048,8192,3584,462.56,419.519,440.543,
mixed,16,4,0.25,4.0,32,8192,4096,16384,7168,424.511,518.782,416.866,-0.0811
mixed,16,4,0.25,4.0,64,0,128,512,224,238.975,257.667,253.827,0.7946
mixed,16,4,0.25,4.0,64,0,256,1024,448,253.313,270.05,262.78,0.5656
mixed,16,4,0.25,4.0,64,0,512,2048,896,262.912,288.701,282.62,0.7642
mixed,16,4,0.25,4.0,64,0,1024,4096,1792,280.835,327.869,324.512,0.9286
mixed,16,4,0.25,4.0,64,0,2048,8192,3584,318.594,410.305,401.857,0.9079
mixed,16,4,0.25,4.0,64,0,4096,16384,7168,388.193,565.279,557.567,0.9565
mixed,16,4,0.25,4.0,64,512,128,512,224,294.434,312.801,291.81,-0.1429
mixed,16,4,0.25,4.0,64,512,256,1024,448,291.168,290.563,307.298,
mixed,16,4,0.25,4.0,64,512,512,2048,896,295.55,305.953,298.37,0.2711
mixed,16,4,0.25,4.0,64,512,1024,4096,1792,298.43,328.193,340.256,1.4053
mixed,16,4,0.25,4.0,64,512,2048,8192,3584,318.527,407.84,401.702,0.9313
mixed,16,4,0.25,4.0,64,512,4096,16384,7168,388.931,568.387,559.934,0.9529
mixed,16,4,0.25,4.0,64,1024,128,512,224,301.696,302.145,300.673,-2.2784
mixed,16,4,0.25,4.0,64,1024,256,1024,448,301.283,338.976,300.963,-0.0085
mixed,16,4,0.25,4.0,64,1024,512,2048,896,332.832,313.41,321.277,
mixed,16,4,0.25,4.0,64,1024,1024,4096,1792,313.822,344.094,335.329,0.7105
mixed,16,4,0.25,4.0,64,1024,2048,8192,3584,333.763,410.815,416.735,1.0768
mixed,16,4,0.25,4.0,64,1024,4096,16384,7168,386.304,569.605,558.306,0.9384
mixed,16,4,0.25,4.0,64,2048,128,512,224,327.588,351.867,322.527,-0.2085
mixed,16,4,0.25,4.0,64,2048,256,1024,448,346.559,328.991,352.864,
mixed,16,4,0.25,4.0,64,2048,512,2048,896,329.699,399.395,329.504,-0.0028
mixed,16,4,0.25,4.0,64,2048,1024,4096,1792,376.641,352.994,364.191,
mixed,16,4,0.25,4.0,64,2048,2048,8192,3584,353.28,425.182,414.085,0.8457
mixed,16,4,0.25,4.0,64,2048,4096,16384,7168,402.944,569.024,572.384,1.0202
mixed,16,4,0.25,4.0,64,4096,128,512,224,366.273,390.368,360.101,-0.2562
mixed,16,4,0.25,4.0,64,4096,256,1024,448,384.446,430.433,368.673,-0.343
mixed,16,4,0.25,4.0,64,4096,512,2048,896,421.442,380.77,438.463,
mixed,16,4,0.25,4.0,64,4096,1024,4096,1792,380.833,498.182,377.28,-0.0303
mixed,16,4,0.25,4.0,64,4096,2048,8192,3584,473.409,427.649,445.47,
mixed,16,4,0.25,4.0,64,4096,4096,16384,7168,431.843,584.643,574.561,0.934
mixed,16,4,0.25,4.0,64,8192,128,512,224,438.882,466.947,439.678,0.0284
mixed,16,4,0.25,4.0,64,8192,256,1024,448,448.126,507.04,446.24,-0.032
mixed,16,4,0.25,4.0,64,8192,512,2048,896,498.849,585.985,472.319,-0.3045
mixed,16,4,0.25,4.0,64,8192,1024,4096,1792,564.863,489.088,592.772,
mixed,16,4,0.25,4.0,64,8192,2048,8192,3584,571.808,710.08,592.416,0.149
mixed,16,4,0.25,4.0,64,8192,4096,16384,7168,654.693,589.054,603.141,
mixed,16,4,0.25,4.0,128,0,128,512,224,265.758,297.315,282.561,0.5325
mixed,16,4,0.25,4.0,128,0,256,1024,448,282.947,303.231,301.602,0.9197
mixed,16,4,0.25,4.0,128,0,512,2048,896,300.356,341.697,340.222,0.9643
mixed,16,4,0.25,4.0,128,0,1024,4096,1792,340.317,423.645,419.136,0.9459
mixed,16,4,0.25,4.0,128,0,2048,8192,3584,404.543,574.302,575.62,1.0078
mixed,16,4,0.25,4.0,128,0,4096,16384,7168,539.869,884.608,884.832,1.0006
mixed,16,4,0.25,4.0,128,512,128,512,224,359.361,367.012,357.989,-0.1793
mixed,16,4,0.25,4.0,128,512,256,1024,448,358.819,387.455,387.49,1.0012
mixed,16,4,0.25,4.0,128,512,512,2048,896,378.562,344.002,433.729,
mixed,16,4,0.25,4.0,128,512,1024,4096,1792,335.681,420.255,424.418,1.0492
mixed,16,4,0.25,4.0,128,512,2048,8192,3584,403.586,586.722,583.174,0.9806
mixed,16,4,0.25,4.0,128,512,4096,16384,7168,534.5,898.05,897.281,0.9979
mixed,16,4,0.25,4.0,128,1024,128,512,224,373.154,405.246,369.184,-0.1237
mixed,16,4,0.25,4.0,128,1024,256,1024,448,412.031,403.234,402.53,
mixed,16,4,0.25,4.0,128,1024,512,2048,896,410.177,446.466,438.497,0.7804
mixed,16,4,0.25,4.0,128,1024,1024,4096,1792,442.721,427.235,523.332,
mixed,16,4,0.25,4.0,128,1024,2048,8192,3584,405.824,577.471,585.373,1.046
mixed,16,4,0.25,4.0,128,1024,4096,16384,7168,539.361,905.792,883.455,0.939
mixed,16,4,0.25,4.0,128,2048,128,512,224,413.023,445.312,412.382,-0.0199
mixed,16,4,0.25,4.0,128,2048,256,1024,448,433.726,494.497,418.364,-0.2528
mixed,16,4,0.25,4.0,128,2048,512,2048,896,472.256,488.928,486.433,0.8503
mixed,16,4,0.25,4.0,128,2048,1024,4096,1792,472.163,557.638,560.422,1.0326
mixed,16,4,0.25,4.0,128,2048,2048,8192,3584,547.776,584.193,715.299,4.6001
mixed,16,4,0.25,4.0,128,2048,4096,16384,7168,538.277,886.306,889.188,1.0083
mixed,16,4,0.25,4.0,128,4096,128,512,224,481.057,517.732,478.501,-0.0697
mixed,16,4,0.25,4.0,128,4096,256,1024,448,485.119,556.641,488.133,0.0421
mixed,16,4,0.25,4.0,128,4096,512,2048,896,558.723,637.536,533.123,-0.3248
mixed,16,4,0.25,4.0,128,4096,1024,4096,1792,621.762,645.152,638.497,0.7155
mixed,16,4,0.25,4.0,128,4096,2048,8192,3584,622.496,792.677,793.602,1.0054
mixed,16,4,0.25,4.0,128,4096,4096,16384,7168,754.567,890.66,1096.417,2.5119
mixed,16,4,0.25,4.0,128,8192,128,512,224,635.617,632.831,631.807,
mixed,16,4,0.25,4.0,128,8192,256,1024,448,639.842,656.418,640.929,0.0656
mixed,16,4,0.25,4.0,128,8192,512,2048,896,621.919,797.537,638.752,0.0959
mixed,16,4,0.25,4.0,128,8192,1024,4096,1792,781.024,940.455,719.393,-0.3866
mixed,16,4,0.25,4.0,128,8192,2048,8192,3584,900.671,962.464,943.845,0.6987
mixed,16,4,0.25,4.0,128,8192,4096,16384,7168,919.203,1276.869,1255.875,0.9413
mixed,16,4,0.25,4.0,256,0,128,512,224,308.353,324.033,321.887,0.8631
mixed,16,4,0.25,4.0,256,0,256,1024,448,316.61,364.0,360.129,0.9183
mixed,16,4,0.25,4.0,256,0,512,2048,896,350.046,437.089,438.116,1.0118
mixed,16,4,0.25,4.0,256,0,1024,4096,1792,418.943,594.145,587.876,0.9642
mixed,16,4,0.25,4.0,256,0,2048,8192,3584,554.239,903.52,899.972,0.9898
mixed,16,4,0.25,4.0,256,0,4096,16384,7168,825.6,1524.802,1513.731,0.9842
mixed,16,4,0.25,4.0,256,512,128,512,224,359.232,386.849,351.97,-0.263
mixed,16,4,0.25,4.0,256,512,256,1024,448,377.221,419.107,364.834,-0.2957
mixed,16,4,0.25,4.0,256,512,512,2048,896,410.913,496.994,437.826,0.3126
mixed,16,4,0.25,4.0,256,512,1024,4096,1792,477.667,652.062,588.065,0.633
mixed,16,4,0.25,4.0,256,512,2048,8192,3584,612.8,958.21,898.08,0.8259
mixed,16,4,0.25,4.0,256,512,4096,16384,7168,881.41,1569.027,1513.893,0.9198
mixed,16,4,0.25,4.0,256,1024,128,512,224,398.112,419.261,389.759,-0.395
mixed,16,4,0.25,4.0,256,1024,256,1024,448,415.617,457.377,403.588,-0.2881
mixed,16,4,0.25,4.0,256,1024,512,2048,896,448.801,537.825,439.743,-0.1017
mixed,16,4,0.25,4.0,256,1024,1024,4096,1792,518.787,696.261,594.31,0.4255
mixed,16,4,0.25,4.0,256,1024,2048,8192,3584,651.939,997.121,899.871,0.7183
mixed,16,4,0.25,4.0,256,1024,4096,16384,7168,922.433,1615.488,1515.204,0.8553
mixed,16,4,0.25,4.0,256,2048,128,512,224,455.551,491.904,456.672,0.0308
mixed,16,4,0.25,4.0,256,2048,256,1024,448,470.815,538.912,470.563,-0.0037
mixed,16,4,0.25,4.0,256,2048,512,2048,896,526.72,613.41,498.404,-0.3266
mixed,16,4,0.25,4.0,256,2048,1024,4096,1792,594.37,770.852,593.44,-0.0053
mixed,16,4,0.25,4.0,256,2048,2048,8192,3584,731.973,1081.539,904.449,0.4934
mixed,16,4,0.25,4.0,256,2048,4096,16384,7168,1002.183,1699.747,1521.792,0.7449
mixed,16,4,0.25,4.0,256,4096,128,512,224,617.187,613.635,620.836,
mixed,16,4,0.25,4.0,256,4096,256,1024,448,618.401,649.123,616.005,-0.078
mixed,16,4,0.25,4.0,256,4096,512,2048,896,612.319,774.304,620.352,0.0496
mixed,16,4,0.25,4.0,256,4096,1024,4096,1792,754.819,927.556,693.405,-0.3555
mixed,16,4,0.25,4.0,256,4096,2048,8192,3584,891.808,1236.706,909.797,0.0522
mixed,16,4,0.25,4.0,256,4096,4096,16384,7168,1163.458,1850.02,1522.179,0.5225
mixed,16,4,0.25,4.0,256,8192,128,512,224,921.186,918.689,919.62,
mixed,16,4,0.25,4.0,256,8192,256,1024,448,920.066,918.368,921.345,
mixed,16,4,0.25,4.0,256,8192,512,2048,896,921.504,958.498,921.379,-0.0034
mixed,16,4,0.25,4.0,256,8192,1024,4096,1792,916.032,1236.098,916.675,0.002
mixed,16,4,0.25,4.0,256,8192,2048,8192,3584,1196.291,1545.287,1084.29,-0.3209
mixed,16,4,0.25,4.0,256,8192,4096,16384,7168,1465.092,2158.856,1525.186,0.0866
mixed,16,4,0.25,4.0,512,0,128,512,224,502.21,503.36,490.726,-9.9861
mixed,16,4,0.25,4.0,512,0,256,1024,448,499.458,506.276,500.545,0.1594
mixed,16,4,0.25,4.0,512,0,512,2048,896,508.006,578.689,578.624,0.9991
mixed,16,4,0.25,4.0,512,0,1024,4096,1792,560.737,744.065,736.834,0.9606
mixed,16,4,0.25,4.0,512,0,2048,8192,3584,697.951,1049.414,1047.777,0.9953
mixed,16,4,0.25,4.0,512,0,4096,16384,7168,970.757,1672.422,1659.809,0.982
mixed,16,4,0.25,4.0,512,512,128,512,224,564.926,610.302,582.559,0.3886
mixed,16,4,0.25,4.0,512,512,256,1024,448,603.044,653.925,600.511,-0.0498
mixed,16,4,0.25,4.0,512,512,512,2048,896,643.035,733.477,677.153,0.3772
mixed,16,4,0.25,4.0,512,512,1024,4096,1792,716.768,888.708,829.794,0.6574
mixed,16,4,0.25,4.0,512,512,2048,8192,3584,853.09,1194.531,1137.278,0.8323
mixed,16,4,0.25,4.0,512,512,4096,16384,7168,1119.682,1809.828,1760.774,0.9289
mixed,16,4,0.25,4.0,512,1024,128,512,224,637.726,652.708,641.054,0.2221
mixed,16,4,0.25,4.0,512,1024,256,1024,448,646.305,726.881,651.812,0.0683
mixed,16,4,0.25,4.0,512,1024,512,2048,896,713.602,809.891,716.642,0.0316
mixed,16,4,0.25,4.0,512,1024,1024,4096,1792,788.96,966.724,869.923,0.4555
mixed,16,4,0.25,4.0,512,1024,2048,8192,3584,929.634,1272.64,1180.832,0.7323
mixed,16,4,0.25,4.0,512,1024,4096,16384,7168,1198.817,1891.266,1799.782,0.8679
mixed,16,4,0.25,4.0,512,2048,128,512,224,801.316,797.219,797.602,
mixed,16,4,0.25,4.0,512,2048,256,1024,448,798.112,812.706,800.548,0.1669
mixed,16,4,0.25,4.0,512,2048,512,2048,896,796.227,967.074,798.369,0.0125
mixed,16,4,0.25,4.0,512,2048,1024,4096,1792,933.507,1121.987,953.346,0.1053
mixed,16,4,0.25,4.0,512,2048,2048,8192,3584,1081.605,1429.955,1263.076,0.5209
mixed,16,4,0.25,4.0,512,2048,4096,16384,7168,1354.629,2046.756,1876.58,0.7541
mixed,16,4,0.25,4.0,512,4096,128,512,224,1102.021,1105.826,1105.058,0.7982
mixed,16,4,0.25,4.0,512,4096,256,1024,448,1108.928,1105.854,1108.48,
mixed,16,4,0.25,4.0,512,4096,512,2048,896,1105.026,1128.258,1103.81,-0.0523
mixed,16,4,0.25,4.0,512,4096,1024,4096,1792,1105.632,1428.611,1107.3,0.0052
mixed,16,4,0.25,4.0,512,4096,2048,8192,3584,1365.254,1734.6,1421.026,0.151
mixed,16,4,0.25,4.0,512,4096,4096,16384,7168,1661.767,2354.792,2039.431,0.545
mixed,16,4,0.25,4.0,512,8192,128,512,224,1707.973,1716.066,1715.27,0.9016
mixed,16,4,0.25,4.0,512,8192,256,1024,448,1710.118,1715.203,1712.832,0.5337
mixed,16,4,0.25,4.0,512,8192,512,2048,896,1712.744,1708.292,1718.053,
mixed,16,4,0.25,4.0,512,8192,1024,4096,1792,1711.073,1733.605,1712.805,0.0769
mixed,16,4,0.25,4.0,512,8192,2048,8192,3584,1705.121,2346.472,1721.093,0.0249
mixed,16,4,0.25,4.0,512,8192,4096,16384,7168,2206.021,2957.417,2344.261,0.184
mixed,16,4,0.25,4.0,1024,0,128,512,224,812.195,823.522,816.167,0.3507
mixed,16,4,0.25,4.0,1024,0,256,1024,448,820.74,829.154,821.568,0.0984
mixed,16,4,0.25,4.0,1024,0,512,2048,896,826.59,846.365,830.849,0.2154
mixed,16,4,0.25,4.0,1024,0,1024,4096,1792,838.273,886.277,849.733,0.2387
mixed,16,4,0.25,4.0,1024,0,2048,8192,3584,873.572,932.768,874.693,0.0189
mixed,16,4,0.25,4.0,1024,0,4096,16384,7168,914.691,1037.286,926.049,0.0926
mixed,16,4,0.25,4.0,1024,512,128,512,224,981.512,982.658,970.745,-9.3953
mixed,16,4,0.25,4.0,1024,512,256,1024,448,984.711,993.313,983.167,-0.1795
mixed,16,4,0.25,4.0,1024,512,512,2048,896,987.627,1010.725,997.538,0.4291
mixed,16,4,0.25,4.0,1024,512,1024,4096,1792,1001.35,1040.45,1009.728,0.2143
mixed,16,4,0.25,4.0,1024,512,2048,8192,3584,1032.508,1096.993,1038.85,0.0983
mixed,16,4,0.25,4.0,1024,512,4096,16384,7168,1083.428,1193.443,1082.589,-0.0076
mixed,16,4,0.25,4.0,1024,1024,128,512,224,1048.26,1060.134,1053.795,0.4661
mixed,16,4,0.25,4.0,1024,1024,256,1024,448,1059.912,1066.691,1059.039,-0.1288
mixed,16,4,0.25,4.0,1024,1024,512,2048,896,1071.777,1081.214,1072.996,0.1292
mixed,16,4,0.25,4.0,1024,1024,1024,4096,1792,1075.713,1117.123,1085.538,0.2373
mixed,16,4,0.25,4.0,1024,1024,2048,8192,3584,1113.762,1170.919,1110.369,-0.0594
mixed,16,4,0.25,4.0,1024,1024,4096,16384,7168,1151.998,1271.654,1165.668,0.1142
mixed,16,4,0.25,4.0,1024,2048,128,512,224,1202.945,1210.951,1203.718,0.0966
mixed,16,4,0.25,4.0,1024,2048,256,1024,448,1212.139,1221.668,1212.099,-0.0042
mixed,16,4,0.25,4.0,1024,2048,512,2048,896,1224.546,1236.55,1231.681,0.5944
mixed,16,4,0.25,4.0,1024,2048,1024,4096,1792,1228.866,1263.843,1241.796,0.3697
mixed,16,4,0.25,4.0,1024,2048,2048,8192,3584,1261.191,1323.746,1271.076,0.158
mixed,16,4,0.25,4.0,1024,2048,4096,16384,7168,1306.947,1421.377,1311.399,0.0389
mixed,16,4,0.25,4.0,1024,4096,128,512,224,1532.416,1542.181,1524.52,-0.8086
mixed,16,4,0.25,4.0,1024,4096,256,1024,448,1544.331,1552.711,1544.23,-0.0121
mixed,16,4,0.25,4.0,1024,4096,512,2048,896,1546.148,1567.009,1555.528,0.4496
mixed,16,4,0.25,4.0,1024,4096,1024,4096,1792,1560.097,1595.334,1566.754,0.1889
mixed,16,4,0.25,4.0,1024,4096,2048,8192,3584,1589.797,1656.552,1598.596,0.1318
mixed,16,4,0.25,4.0,1024,4096,4096,16384,7168,1633.316,1747.558,1639.681,0.0557
mixed,16,4,0.25,4.0,1024,8192,128,512,224,2151.072,2153.734,2145.127,-2.2333
mixed,16,4,0.25,4.0,1024,8192,256,1024,448,2157.127,2170.781,2157.608,0.0352
mixed,16,4,0.25,4.0,1024,8192,512,2048,896,2163.554,2176.391,2170.276,0.5236
mixed,16,4,0.25,4.0,1024,8192,1024,4096,1792,2181.99,2212.263,2189.348,0.2431
mixed,16,4,0.25,4.0,1024,8192,2048,8192,3584,2207.301,2261.447,2204.674,-0.0485
mixed,16,4,0.25,4.0,1024,8192,4096,16384,7168,2256.194,2356.742,2254.149,-0.0203
mixed,16,4,0.25,4.0,2048,0,128,512,224,1424.101,1429.573,1418.305,-1.0592
mixed,16,4,0.25,4.0,2048,0,256,1024,448,1429.926,1438.531,1432.069,0.249
mixed,16,4,0.25,4.0,2048,0,512,2048,896,1439.267,1454.657,1441.189,0.1249
mixed,16,4,0.25,4.0,2048,0,1024,4096,1792,1451.236,1486.817,1459.908,0.2437
mixed,16,4,0.25,4.0,2048,0,2048,8192,3584,1480.55,1540.777,1479.591,-0.0159
mixed,16,4,0.25,4.0,2048,0,4096,16384,7168,1529.475,1637.863,1537.289,0.0721
mixed,16,4,0.25,4.0,2048,512,128,512,224,1644.476,1656.264,1646.313,0.1558
mixed,16,4,0.25,4.0,2048,512,256,1024,448,1654.249,1667.555,1655.686,0.108
mixed,16,4,0.25,4.0,2048,512,512,2048,896,1664.902,1673.475,1676.073,1.303
mixed,16,4,0.25,4.0,2048,512,1024,4096,1792,1681.224,1706.54,1681.474,0.0099
mixed,16,4,0.25,4.0,2048,512,2048,8192,3584,1705.343,1766.469,1708.803,0.0566
mixed,16,4,0.25,4.0,2048,512,4096,16384,7168,1748.48,1865.185,1757.219,0.0749
mixed,16,4,0.25,4.0,2048,1024,128,512,224,1762.847,1767.939,1757.865,-0.9784
mixed,16,4,0.25,4.0,2048,1024,256,1024,448,1767.359,1776.356,1768.584,0.1362
mixed,16,4,0.25,4.0,2048,1024,512,2048,896,1778.187,1796.328,1783.554,0.2958
mixed,16,4,0.25,4.0,2048,1024,1024,4096,1792,1794.306,1823.045,1796.454,0.0747
mixed,16,4,0.25,4.0,2048,1024,2048,8192,3584,1816.647,1873.223,1824.386,0.1368
mixed,16,4,0.25,4.0,2048,1024,4096,16384,7168,1868.006,1974.568,1873.125,0.048
mixed,16,4,0.25,4.0,2048,2048,128,512,224,1992.707,2002.182,1995.111,0.2537
mixed,16,4,0.25,4.0,2048,2048,256,1024,448,2001.699,2010.023,2006.316,0.5547
mixed,16,4,0.25,4.0,2048,2048,512,2048,896,2011.399,2030.247,2012.294,0.0475
mixed,16,4,0.25,4.0,2048,2048,1024,4096,1792,2024.605,2053.927,2032.328,0.2634
mixed,16,4,0.25,4.0,2048,2048,2048,8192,3584,2050.89,2109.672,2054.532,0.062
mixed,16,4,0.25,4.0,2048,2048,4096,16384,7168,2094.923,2207.427,2103.169,0.0733
mixed,16,4,0.25,4.0,2048,4096,128,512,224,2458.759,2463.018,2458.248,-0.12
mixed,16,4,0.25,4.0,2048,4096,256,1024,448,2473.668,2472.678,2454.117,
mixed,16,4,0.25,4.0,2048,4096,512,2048,896,2474.512,2489.671,2477.543,0.1999
mixed,16,4,0.25,4.0,2048,4096,1024,4096,1792,2482.467,2528.005,2493.475,0.2417
mixed,16,4,0.25,4.0,2048,4096,2048,8192,3584,2520.292,2573.479,2517.252,-0.0572
mixed,16,4,0.25,4.0,2048,4096,4096,16384,7168,2557.986,2662.062,2565.74,0.0745
mixed,16,4,0.25,4.0,2048,8192,128,512,224,3342.928,3345.514,3340.393,-0.9803
mixed,16,4,0.25,4.0,2048,8192,256,1024,448,3343.944,3363.021,3349.003,0.2652
mixed,16,4,0.25,4.0,2048,8192,512,2048,896,3350.123,3377.871,3365.671,0.5603
mixed,16,4,0.25,4.0,2048,8192,1024,4096,1792,3373.32,3401.096,3391.815,0.6659
mixed,16,4,0.25,4.0,2048,8192,2048,8192,3584,3400.426,3454.149,3404.073,0.0679
mixed,16,4,0.25,4.0,2048,8192,4096,16384,7168,3442.47,3551.557,3448.647,0.0566
pure,16,8,0.5,4.0,0,0,128,512,320,218.85,222.366,217.985,-0.246
pure,16,8,0.5,4.0,0,0,256,1024,640,225.533,231.552,227.746,0.3677
pure,16,8,0.5,4.0,0,0,512,2048,1280,238.335,247.391,240.768,0.2687
pure,16,8,0.5,4.0,0,0,1024,4096,2560,253.505,276.123,259.685,0.2732
pure,16,8,0.5,4.0,0,0,2048,8192,5120,292.446,327.712,289.728,-0.0771
pure,16,8,0.5,4.0,0,0,4096,16384,10240,346.337,421.091,350.689,0.0582
mixed,16,8,0.5,4.0,16,0,128,512,320,241.373,245.347,242.978,0.4039
mixed,16,8,0.5,4.0,16,0,256,1024,640,249.439,256.606,250.72,0.1787
mixed,16,8,0.5,4.0,16,0,512,2048,1280,257.733,268.384,260.032,0.2158
mixed,16,8,0.5,4.0,16,0,1024,4096,2560,277.409,297.058,276.384,-0.0522
mixed,16,8,0.5,4.0,16,0,2048,8192,5120,311.647,346.629,311.937,0.0083
mixed,16,8,0.5,4.0,16,0,4096,16384,10240,370.724,449.795,377.919,0.091
mixed,16,8,0.5,4.0,16,512,128,512,320,258.084,257.312,259.172,
mixed,16,8,0.5,4.0,16,512,256,1024,640,259.104,263.265,259.011,-0.0224
mixed,16,8,0.5,4.0,16,512,512,2048,1280,261.823,271.199,260.291,-0.1634
mixed,16,8,0.5,4.0,16,512,1024,4096,2560,277.091,300.131,279.424,0.1013
mixed,16,8,0.5,4.0,16,512,2048,8192,5120,309.888,408.577,313.15,0.0331
mixed,16,8,0.5,4.0,16,512,4096,16384,10240,375.043,509.153,372.739,-0.0172
mixed,16,8,0.5,4.0,16,1024,128,512,320,271.166,266.976,268.067,
mixed,16,8,0.5,4.0,16,1024,256,1024,640,268.32,266.561,266.88,
mixed,16,8,0.5,4.0,16,1024,512,2048,1280,286.687,277.761,283.941,
mixed,16,8,0.5,4.0,16,1024,1024,4096,2560,278.274,299.458,281.889,0.1706
mixed,16,8,0.5,4.0,16,1024,2048,8192,5120,313.729,349.055,317.761,0.1141
mixed,16,8,0.5,4.0,16,1024,4096,16384,10240,374.593,552.098,378.206,0.0204
mixed,16,8,0.5,4.0,16,2048,128,512,320,282.493,273.759,279.231,
mixed,16,8,0.5,4.0,16,2048,256,1024,640,276.287,277.503,276.326,0.0321
mixed,16,8,0.5,4.0,16,2048,512,2048,1280,286.88,283.422,278.626,
mixed,16,8,0.5,4.0,16,2048,1024,4096,2560,326.977,303.999,306.18,
mixed,16,8,0.5,4.0,16,2048,2048,8192,5120,376.446,352.382,317.477,
mixed,16,8,0.5,4.0,16,2048,4096,16384,10240,378.308,449.12,378.753,0.0063
mixed,16,8,0.5,4.0,16,4096,128,512,320,290.786,291.101,291.871,3.4444
mixed,16,8,0.5,4.0,16,4096,256,1024,640,291.552,293.793,292.098,0.2436
mixed,16,8,0.5,4.0,16,4096,512,2048,1280,291.937,299.167,294.434,0.3454
mixed,16,8,0.5,4.0,16,4096,1024,4096,2560,335.358,315.332,300.993,
mixed,16,8,0.5,4.0,16,4096,2048,8192,5120,388.962,354.239,364.16,
mixed,16,8,0.5,4.0,16,4096,4096,16384,10240,494.08,451.39,385.405,
mixed,16,8,0.5,4.0,16,8192,128,512,320,314.082,312.543,313.918,
mixed,16,8,0.5,4.0,16,8192,256,1024,640,313.377,315.939,313.22,-0.0613
mixed,16,8,0.5,4.0,16,8192,512,2048,1280,317.087,323.332,317.73,0.103
mixed,16,8,0.5,4.0,16,8192,1024,4096,2560,329.698,339.294,328.485,-0.1264
mixed,16,8,0.5,4.0,16,8192,2048,8192,5120,412.484,375.01,346.466,
mixed,16,8,0.5,4.0,16,8192,4096,16384,10240,527.422,467.615,489.375,
mixed,16,8,0.5,4.0,32,0,128,512,320,250.049,253.184,250.017,-0.0102
mixed,16,8,0.5,4.0,32,0,256,1024,640,255.646,259.171,255.459,-0.053
mixed,16,8,0.5,4.0,32,0,512,2048,1280,264.99,273.571,266.432,0.168
mixed,16,8,0.5,4.0,32,0,1024,4096,2560,281.599,302.785,288.863,0.3429
mixed,16,8,0.5,4.0,32,0,2048,8192,5120,318.561,358.753,329.567,0.2738
mixed,16,8,0.5,4.0,32,0,4096,16384,10240,385.089,458.146,411.075,0.3557
mixed,16,8,0.5,4.0,32,512,128,512,320,276.386,274.05,288.579,
mixed,16,8,0.5,4.0,32,512,256,1024,640,271.2,269.25,272.451,
mixed,16,8,0.5,4.0,32,512,512,2048,1280,294.269,280.642,273.44,
mixed,16,8,0.5,4.0,32,512,1024,4096,2560,285.921,305.695,297.414,0.5812
mixed,16,8,0.5,4.0,32,512,2048,8192,5120,316.671,360.516,332.511,0.3613
mixed,16,8,0.5,4.0,32,512,4096,16384,10240,382.883,515.327,414.209,0.2365
mixed,16,8,0.5,4.0,32,1024,128,512,320,279.168,282.176,277.473,-0.5635
mixed,16,8,0.5,4.0,32,1024,256,1024,640,281.313,282.562,288.126,5.4548
mixed,16,8,0.5,4.0,32,1024,512,2048,1280,284.738,287.103,286.21,0.6224
mixed,16,8,0.5,4.0,32,1024,1024,4096,2560,337.412,309.282,316.898,
mixed,16,8,0.5,4.0,32,1024,2048,8192,5120,324.356,358.177,339.037,0.4341
mixed,16,8,0.5,4.0,32,1024,4096,16384,10240,377.89,456.901,408.447,0.3867
mixed,16,8,0.5,4.0,32,2048,128,512,320,290.975,293.283,291.199,0.0971
mixed,16,8,0.5,4.0,32,2048,256,1024,640,291.041,295.778,294.177,0.662
mixed,16,8,0.5,4.0,32,2048,512,2048,1280,296.477,303.009,317.79,3.2629
mixed,16,8,0.5,4.0,32,2048,1024,4096,2560,346.946,317.92,344.259,
mixed,16,8,0.5,4.0,32,2048,2048,8192,5120,400.609,367.042,385.73,
mixed,16,8,0.5,4.0,32,2048,4096,16384,10240,493.028,458.499,423.076,
mixed,16,8,0.5,4.0,32,4096,128,512,320,316.286,315.747,314.528,
mixed,16,8,0.5,4.0,32,4096,256,1024,640,317.215,318.945,316.994,-0.1277
mixed,16,8,0.5,4.0,32,4096,512,2048,1280,321.986,327.198,320.194,-0.3438
mixed,16,8,0.5,4.0,32,4096,1024,4096,2560,325.632,336.64,360.606,3.1771
mixed,16,8,0.5,4.0,32,4096,2048,8192,5120,424.578,389.473,430.723,
mixed,16,8,0.5,4.0,32,4096,4096,16384,10240,524.515,481.7,496.032,
mixed,16,8,0.5,4.0,32,8192,128,512,320,347.076,360.384,345.633,-0.1084
mixed,16,8,0.5,4.0,32,8192,256,1024,640,359.165,359.204,359.04,-3.2051
mixed,16,8,0.5,4.0,32,8192,512,2048,1280,377.505,371.041,352.641,
mixed,16,8,0.5,4.0,32,8192,1024,4096,2560,371.394,390.403,371.49,0.0051
mixed,16,8,0.5,4.0,32,8192,2048,8192,5120,387.941,420.452,442.4,1.6751
mixed,16,8,0.5,4.0,32,8192,4096,16384,10240,583.682,517.855,592.514,
mixed,16,8,0.5,4.0,64,0,128,512,320,252.064,258.462,256.289,0.6604
mixed,16,8,0.5,4.0,64,0,256,1024,640,258.53,268.898,268.29,0.9414
mixed,16,8,0.5,4.0,64,0,512,2048,1280,274.528,287.998,286.53,0.891
mixed,16,8,0.5,4.0,64,0,1024,4096,2560,296.638,327.137,325.055,0.9317
mixed,16,8,0.5,4.0,64,0,2048,8192,5120,347.429,405.569,404.416,0.9802
mixed,16,8,0.5,4.0,64,0,4096,16384,10240,441.886,565.478,557.732,0.9373
mixed,16,8,0.5,4.0,64,512,128,512,320,296.48,313.601,295.811,-0.0391
mixed,16,8,0.5,4.0,64,512,256,1024,640,319.326,292.929,313.34,
mixed,16,8,0.5,4.0,64,512,512,2048,1280,289.119,308.125,298.079,0.4714
mixed,16,8,0.5,4.0,64,512,1024,4096,2560,316.45,329.699,344.709,2.1329
mixed,16,8,0.5,4.0,64,512,2048,8192,5120,347.552,407.428,400.286,0.8807
mixed,16,8,0.5,4.0,64,512,4096,16384,10240,450.722,571.523,560.992,0.9128
mixed,16,8,0.5,4.0,64,1024,128,512,320,302.909,301.25,304.604,
mixed,16,8,0.5,4.0,64,1024,256,1024,640,307.587,337.924,303.839,-0.1235
mixed,16,8,0.5,4.0,64,1024,512,2048,1280,345.952,311.872,337.667,
mixed,16,8,0.5,4.0,64,1024,1024,4096,2560,315.778,345.283,339.775,0.8133
mixed,16,8,0.5,4.0,64,1024,2048,8192,5120,362.981,408.193,418.174,1.2208
mixed,16,8,0.5,4.0,64,1024,4096,16384,10240,446.755,570.113,560.288,0.9204
mixed,16,8,0.5,4.0,64,2048,128,512,320,335.362,350.882,350.399,0.9689
mixed,16,8,0.5,4.0,64,2048,256,1024,640,330.531,330.403,329.95,
mixed,16,8,0.5,4.0,64,2048,512,2048,1280,332.893,397.214,330.657,-0.0348
mixed,16,8,0.5,4.0,64,2048,1024,4096,2560,410.496,353.694,383.23,
mixed,16,8,0.5,4.0,64,2048,2048,8192,5120,365.73,424.77,416.703,0.8634
mixed,16,8,0.5,4.0,64,2048,4096,16384,10240,466.788,569.247,575.778,1.0637
mixed,16,8,0.5,4.0,64,4096,128,512,320,376.323,392.32,359.682,-1.0403
mixed,16,8,0.5,4.0,64,4096,256,1024,640,399.361,433.253,429.857,0.8998
mixed,16,8,0.5,4.0,64,4096,512,2048,1280,447.421,382.179,436.13,
mixed,16,8,0.5,4.0,64,4096,1024,4096,2560,381.542,498.209,381.567,0.0002
mixed,16,8,0.5,4.0,64,4096,2048,8192,5120,528.128,428.545,474.496,
mixed,16,8,0.5,4.0,64,4096,4096,16384,10240,467.199,585.917,574.081,0.9003
mixed,16,8,0.5,4.0,64,8192,128,512,320,440.608,470.913,441.091,0.0159
mixed,16,8,0.5,4.0,64,8192,256,1024,640,481.73,512.928,451.516,-0.9685
mixed,16,8,0.5,4.0,64,8192,512,2048,1280,528.994,586.274,585.535,0.9871
mixed,16,8,0.5,4.0,64,8192,1024,4096,2560,537.186,486.566,593.155,
mixed,16,8,0.5,4.0,64,8192,2048,8192,5120,489.665,708.095,487.01,-0.0122
mixed,16,8,0.5,4.0,64,8192,4096,16384,10240,761.766,590.946,661.507,
mixed,16,8,0.5,4.0,128,0,128,512,320,280.512,294.851,285.057,0.317
mixed,16,8,0.5,4.0,128,0,256,1024,640,292.226,307.84,301.249,0.5779
mixed,16,8,0.5,4.0,128,0,512,2048,1280,318.461,340.736,347.2,1.2902
mixed,16,8,0.5,4.0,128,0,1024,4096,2560,364.735,422.305,424.702,1.0416
mixed,16,8,0.5,4.0,128,0,2048,8192,5120,469.409,579.362,572.32,0.936
mixed,16,8,0.5,4.0,128,0,4096,16384,10240,654.946,898.116,881.73,0.9326
mixed,16,8,0.5,4.0,128,512,128,512,320,365.536,366.977,363.038,-1.7335
mixed,16,8,0.5,4.0,128,512,256,1024,640,373.824,392.099,390.655,0.921
mixed,16,8,0.5,4.0,128,512,512,2048,1280,400.417,345.888,422.945,
mixed,16,8,0.5,4.0,128,512,1024,4096,2560,370.367,425.923,418.047,0.8582
mixed,16,8,0.5,4.0,128,512,2048,8192,5120,457.411,575.074,580.288,1.0443
mixed,16,8,0.5,4.0,128,512,4096,16384,10240,655.617,894.821,889.924,0.9795
mixed,16,8,0.5,4.0,128,1024,128,512,320,383.873,399.552,405.023,1.3489
mixed,16,8,0.5,4.0,128,1024,256,1024,640,412.992,408.221,410.849,
mixed,16,8,0.5,4.0,128,1024,512,2048,1280,413.505,441.635,441.635,1.0
mixed,16,8,0.5,4.0,128,1024,1024,4096,2560,459.394,430.275,529.118,
mixed,16,8,0.5,4.0,128,1024,2048,8192,5120,466.305,578.34,587.142,1.0786
mixed,16,8,0.5,4.0,128,1024,4096,16384,10240,652.865,900.162,884.898,0.9383
mixed,16,8,0.5,4.0,128,2048,128,512,320,424.194,443.937,402.656,-1.0909
mixed,16,8,0.5,4.0,128,2048,256,1024,640,448.287,475.841,482.24,1.2322
mixed,16,8,0.5,4.0,128,2048,512,2048,1280,501.953,487.171,485.41,
mixed,16,8,0.5,4.0,128,2048,1024,4096,2560,507.902,560.161,563.553,1.0649
mixed,16,8,0.5,4.0,128,2048,2048,8192,5120,600.769,583.938,712.997,
mixed,16,8,0.5,4.0,128,2048,4096,16384,10240,661.665,890.338,894.02,1.0161
mixed,16,8,0.5,4.0,128,4096,128,512,320,483.746,516.069,476.353,-0.2287
mixed,16,8,0.5,4.0,128,4096,256,1024,640,533.252,561.474,499.52,-1.1952
mixed,16,8,0.5,4.0,128,4096,512,2048,1280,579.841,642.178,633.283,0.8573
mixed,16,8,0.5,4.0,128,4096,1024,4096,2560,683.011,649.825,645.436,
mixed,16,8,0.5,4.0,128,4096,2048,8192,5120,676.869,803.234,790.947,0.9028
mixed,16,8,0.5,4.0,128,4096,4096,16384,10240,880.834,895.236,1104.421,15.5247
mixed,16,8,0.5,4.0,128,8192,128,512,320,637.794,635.139,632.579,
mixed,16,8,0.5,4.0,128,8192,256,1024,640,639.747,660.871,639.074,-0.0319
mixed,16,8,0.5,4.0,128,8192,512,2048,1280,734.589,800.514,674.438,-0.9124
mixed,16,8,0.5,4.0,128,8192,1024,4096,2560,829.406,948.48,944.577,0.9672
mixed,16,8,0.5,4.0,128,8192,2048,8192,5120,1033.41,961.797,963.399,
mixed,16,8,0.5,4.0,128,8192,4096,16384,10240,1035.267,1273.67,1263.301,0.9565
mixed,16,8,0.5,4.0,256,0,128,512,320,308.802,324.99,322.436,0.8422
mixed,16,8,0.5,4.0,256,0,256,1024,640,333.664,364.194,362.467,0.9434
mixed,16,8,0.5,4.0,256,0,512,2048,1280,381.504,439.809,439.713,0.9984
mixed,16,8,0.5,4.0,256,0,1024,4096,2560,475.682,593.123,589.442,0.9687
mixed,16,8,0.5,4.0,256,0,2048,8192,5120,667.335,903.041,899.586,0.9853
mixed,16,8,0.5,4.0,256,0,4096,16384,10240,1058.563,1521.315,1518.534,0.994
mixed,16,8,0.5,4.0,256,512,128,512,320,370.175,380.384,381.791,1.1378
mixed,16,8,0.5,4.0,256,512,256,1024,640,394.146,420.641,422.754,1.0798
mixed,16,8,0.5,4.0,256,512,512,2048,1280,438.53,497.31,495.104,0.9625
mixed,16,8,0.5,4.0,256,512,1024,4096,2560,538.401,653.214,652.516,0.9939
mixed,16,8,0.5,4.0,256,512,2048,8192,5120,726.02,956.964,956.775,0.9992
mixed,16,8,0.5,4.0,256,512,4096,16384,10240,1114.434,1572.678,1574.436,1.0038
mixed,16,8,0.5,4.0,256,1024,128,512,320,401.984,421.733,390.209,-0.5962
mixed,16,8,0.5,4.0,256,1024,256,1024,640,429.41,461.571,455.582,0.8138
mixed,16,8,0.5,4.0,256,1024,512,2048,1280,476.867,537.504,533.6,0.9356
mixed,16,8,0.5,4.0,256,1024,1024,4096,2560,578.945,690.849,692.515,1.0149
mixed,16,8,0.5,4.0,256,1024,2048,8192,5120,768.964,1003.65,994.724,0.962
mixed,16,8,0.5,4.0,256,1024,4096,16384,10240,1150.787,1616.324,1610.823,0.9882
mixed,16,8,0.5,4.0,256,2048,128,512,320,454.145,493.153,454.978,0.0214
mixed,16,8,0.5,4.0,256,2048,256,1024,640,515.395,534.498,477.539,-1.9817
mixed,16,8,0.5,4.0,256,2048,512,2048,1280,559.138,616.386,616.254,0.9977
mixed,16,8,0.5,4.0,256,2048,1024,4096,2560,653.925,768.867,770.885,1.0176
mixed,16,8,0.5,4.0,256,2048,2048,8192,5120,846.976,1079.394,1081.093,1.0073
mixed,16,8,0.5,4.0,256,2048,4096,16384,10240,1231.623,1693.701,1690.663,0.9934
mixed,16,8,0.5,4.0,256,4096,128,512,320,617.059,619.748,614.241,-1.048
mixed,16,8,0.5,4.0,256,4096,256,1024,640,618.403,654.402,616.704,-0.0472
mixed,16,8,0.5,4.0,256,4096,512,2048,1280,716.258,772.003,661.124,-0.989
mixed,16,8,0.5,4.0,256,4096,1024,4096,2560,812.802,929.41,928.392,0.9913
mixed,16,8,0.5,4.0,256,4096,2048,8192,5120,1006.567,1240.997,1236.1,0.9791
mixed,16,8,0.5,4.0,256,4096,4096,16384,10240,1402.311,1855.783,1853.128,0.9941
mixed,16,8,0.5,4.0,256,8192,128,512,320,921.859,919.01,922.757,
mixed,16,8,0.5,4.0,256,8192,256,1024,640,917.986,922.405,916.263,-0.3899
mixed,16,8,0.5,4.0,256,8192,512,2048,1280,925.731,960.962,920.957,-0.1355
mixed,16,8,0.5,4.0,256,8192,1024,4096,2560,1119.46,1233.447,1002.241,-1.0284
mixed,16,8,0.5,4.0,256,8192,2048,8192,5120,1308.322,1546.568,1540.706,0.9754
mixed,16,8,0.5,4.0,256,8192,4096,16384,10240,1705.573,2157.223,2157.572,1.0008
mixed,16,8,0.5,4.0,512,0,128,512,320,505.346,505.024,493.409,
mixed,16,8,0.5,4.0,512,0,256,1024,640,507.559,507.815,504.412,-12.293
mixed,16,8,0.5,4.0,512,0,512,2048,1280,525.411,583.232,580.613,0.9547
mixed,16,8,0.5,4.0,512,0,1024,4096,2560,624.578,743.392,735.747,0.9357
mixed,16,8,0.5,4.0,512,0,2048,8192,5120,816.835,1050.175,1050.496,1.0014
mixed,16,8,0.5,4.0,512,0,4096,16384,10240,1203.784,1666.311,1667.335,1.0022
mixed,16,8,0.5,4.0,512,512,128,512,320,580.356,612.957,582.304,0.0598
mixed,16,8,0.5,4.0,512,512,256,1024,640,624.388,647.779,598.113,-1.1233
mixed,16,8,0.5,4.0,512,512,512,2048,1280,675.393,731.428,680.931,0.0988
mixed,16,8,0.5,4.0,512,512,1024,4096,2560,770.053,889.891,832.578,0.5217
mixed,16,8,0.5,4.0,512,512,2048,8192,5120,967.557,1197.157,1139.746,0.75
mixed,16,8,0.5,4.0,512,512,4096,16384,10240,1353.507,1807.783,1756.648,0.8874
mixed,16,8,0.5,4.0,512,1024,128,512,320,634.946,653.059,637.604,0.1467
mixed,16,8,0.5,4.0,512,1024,256,1024,640,672.485,730.434,673.632,0.0198
mixed,16,8,0.5,4.0,512,1024,512,2048,1280,750.884,811.009,721.446,-0.4896
mixed,16,8,0.5,4.0,512,1024,1024,4096,2560,851.494,975.747,872.8,0.1715
mixed,16,8,0.5,4.0,512,1024,2048,8192,5120,1046.819,1270.177,1181.475,0.6029
mixed,16,8,0.5,4.0,512,1024,4096,16384,10240,1434.4,1890.951,1799.463,0.7996
mixed,16,8,0.5,4.0,512,2048,128,512,320,799.397,797.413,798.659,
mixed,16,8,0.5,4.0,512,2048,256,1024,640,800.545,818.339,803.105,0.1439
mixed,16,8,0.5,4.0,512,2048,512,2048,1280,853.605,966.245,848.645,-0.044
mixed,16,8,0.5,4.0,512,2048,1024,4096,2560,1004.099,1132.42,951.879,-0.4069
mixed,16,8,0.5,4.0,512,2048,2048,8192,5120,1199.624,1430.37,1267.46,0.294
mixed,16,8,0.5,4.0,512,2048,4096,16384,10240,1582.47,2046.571,1892.643,0.6683
mixed,16,8,0.5,4.0,512,4096,128,512,320,1106.756,1112.931,1102.757,-0.6476
mixed,16,8,0.5,4.0,512,4096,256,1024,640,1101.924,1111.971,1106.467,0.4522
mixed,16,8,0.5,4.0,512,4096,512,2048,1280,1103.265,1130.175,1106.371,0.1154
mixed,16,8,0.5,4.0,512,4096,1024,4096,2560,1202.531,1431.619,1192.418,-0.0441
mixed,16,8,0.5,4.0,512,4096,2048,8192,5120,1508.517,1740.455,1422.853,-0.3693
mixed,16,8,0.5,4.0,512,4096,4096,16384,10240,1894.148,2359.844,2034.661,0.3017
mixed,16,8,0.5,4.0,512,8192,128,512,320,1712.966,1715.589,1710.529,-0.9291
mixed,16,8,0.5,4.0,512,8192,256,1024,640,1719.141,1711.398,1717.668,
mixed,16,8,0.5,4.0,512,8192,512,2048,1280,1715.142,1717.926,1711.398,-1.3448
mixed,16,8,0.5,4.0,512,8192,1024,4096,2560,1711.237,1738.822,1715.493,0.1543
mixed,16,8,0.5,4.0,512,8192,2048,8192,5120,1893.384,2341.48,1887.333,-0.0135
mixed,16,8,0.5,4.0,512,8192,4096,16384,10240,2495.245,2957.095,2348.421,-0.3179
mixed,16,8,0.5,4.0,1024,0,128,512,320,818.434,816.449,820.164,
mixed,16,8,0.5,4.0,1024,0,256,1024,640,826.691,829.702,828.548,0.6167
mixed,16,8,0.5,4.0,1024,0,512,2048,1280,838.243,841.023,836.673,-0.5647
mixed,16,8,0.5,4.0,1024,0,1024,4096,2560,854.209,875.328,856.323,0.1001
mixed,16,8,0.5,4.0,1024,0,2048,8192,5120,894.66,930.082,894.847,0.0053
mixed,16,8,0.5,4.0,1024,0,4096,16384,10240,951.453,1025.697,969.735,0.2462
mixed,16,8,0.5,4.0,1024,512,128,512,320,980.579,984.958,979.495,-0.2475
mixed,16,8,0.5,4.0,1024,512,256,1024,640,981.793,991.364,992.77,1.1469
mixed,16,8,0.5,4.0,1024,512,512,2048,1280,1001.027,1009.827,999.298,-0.1965
mixed,16,8,0.5,4.0,1024,512,1024,4096,2560,1020.001,1042.237,1019.813,-0.0085
mixed,16,8,0.5,4.0,1024,512,2048,8192,5120,1052.77,1094.116,1059.236,0.1564
mixed,16,8,0.5,4.0,1024,512,4096,16384,10240,1115.044,1195.652,1118.179,0.0389
mixed,16,8,0.5,4.0,1024,1024,128,512,320,1053.574,1057.988,1050.82,-0.6239
mixed,16,8,0.5,4.0,1024,1024,256,1024,640,1057.443,1072.196,1065.604,0.5532
mixed,16,8,0.5,4.0,1024,1024,512,2048,1280,1070.463,1081.505,1078.245,0.7048
mixed,16,8,0.5,4.0,1024,1024,1024,4096,2560,1095.524,1123.304,1096.74,0.0438
mixed,16,8,0.5,4.0,1024,1024,2048,8192,5120,1133.638,1171.166,1133.253,-0.0103
mixed,16,8,0.5,4.0,1024,1024,4096,16384,10240,1192.166,1271.141,1202.851,0.1353
mixed,16,8,0.5,4.0,1024,2048,128,512,320,1210.597,1212.774,1209.125,-0.6762
mixed,16,8,0.5,4.0,1024,2048,256,1024,640,1219.878,1221.477,1215.557,-2.7023
mixed,16,8,0.5,4.0,1024,2048,512,2048,1280,1230.977,1238.179,1226.721,-0.5909
mixed,16,8,0.5,4.0,1024,2048,1024,4096,2560,1247.009,1269.675,1251.941,0.2176
mixed,16,8,0.5,4.0,1024,2048,2048,8192,5120,1279.907,1317.64,1288.16,0.2187
mixed,16,8,0.5,4.0,1024,2048,4096,16384,10240,1346.177,1418.018,1347.21,0.0144
mixed,16,8,0.5,4.0,1024,4096,128,512,320,1531.393,1539.815,1536.646,0.6237
mixed,16,8,0.5,4.0,1024,4096,256,1024,640,1543.204,1553.253,1542.657,-0.0544
mixed,16,8,0.5,4.0,1024,4096,512,2048,1280,1553.509,1560.067,1549.896,-0.5509
mixed,16,8,0.5,4.0,1024,4096,1024,4096,2560,1573.028,1596.547,1578.725,0.2422
mixed,16,8,0.5,4.0,1024,4096,2048,8192,5120,1606.184,1645.445,1609.643,0.0881
mixed,16,8,0.5,4.0,1024,4096,4096,16384,10240,1665.632,1745.256,1672.614,0.0877
mixed,16,8,0.5,4.0,1024,8192,128,512,320,2150.701,2155.876,2149.636,-0.2058
mixed,16,8,0.5,4.0,1024,8192,256,1024,640,2159.245,2168.106,2158.281,-0.1088
mixed,16,8,0.5,4.0,1024,8192,512,2048,1280,2168.549,2186.348,2168.553,0.0002
mixed,16,8,0.5,4.0,1024,8192,1024,4096,2560,2186.186,2209.253,2196.326,0.4396
mixed,16,8,0.5,4.0,1024,8192,2048,8192,5120,2224.357,2261.158,2225.575,0.0331
mixed,16,8,0.5,4.0,1024,8192,4096,16384,10240,2283.143,2354.44,2286.435,0.0462
mixed,16,8,0.5,4.0,2048,0,128,512,320,1424.84,1432.231,1427.557,0.3676
mixed,16,8,0.5,4.0,2048,0,256,1024,640,1433.348,1436.107,1436.353,1.0892
mixed,16,8,0.5,4.0,2048,0,512,2048,1280,1447.268,1458.246,1443.779,-0.3178
mixed,16,8,0.5,4.0,2048,0,1024,4096,2560,1473.993,1493.054,1475.393,0.0734
mixed,16,8,0.5,4.0,2048,0,2048,8192,5120,1500.386,1545.35,1505.094,0.1047
mixed,16,8,0.5,4.0,2048,0,4096,16384,10240,1567.3,1642.981,1580.774,0.178
mixed,16,8,0.5,4.0,2048,512,128,512,320,1647.205,1658.215,1653.027,0.5288
mixed,16,8,0.5,4.0,2048,512,256,1024,640,1659.784,1664.036,1662.6,0.6623
mixed,16,8,0.5,4.0,2048,512,512,2048,1280,1670.502,1680.133,1673.546,0.3161
mixed,16,8,0.5,4.0,2048,512,1024,4096,2560,1687.851,1708.932,1696.417,0.4063
mixed,16,8,0.5,4.0,2048,512,2048,8192,5120,1726.883,1767.048,1728.936,0.0511
mixed,16,8,0.5,4.0,2048,512,4096,16384,10240,1790.269,1857.286,1800.869,0.1582
mixed,16,8,0.5,4.0,2048,1024,128,512,320,1764.686,1765.733,1764.23,-0.4355
mixed,16,8,0.5,4.0,2048,1024,256,1024,640,1771.684,1776.481,1779.746,1.6806
mixed,16,8,0.5,4.0,2048,1024,512,2048,1280,1784.201,1792.355,1786.343,0.2627
mixed,16,8,0.5,4.0,2048,1024,1024,4096,2560,1811.558,1823.523,1807.652,-0.3265
mixed,16,8,0.5,4.0,2048,1024,2048,8192,5120,1838.024,1874.921,1834.654,-0.0913
mixed,16,8,0.5,4.0,2048,1024,4096,16384,10240,1895.714,1972.197,1905.414,0.1268
mixed,16,8,0.5,4.0,2048,2048,128,512,320,1999.85,2008.297,1998.89,-0.1136
mixed,16,8,0.5,4.0,2048,2048,256,1024,640,2005.832,2011.556,2007.691,0.3248
mixed,16,8,0.5,4.0,2048,2048,512,2048,1280,2017.635,2031.975,2020.578,0.2052
mixed,16,8,0.5,4.0,2048,2048,1024,4096,2560,2042.087,2054.69,2038.374,-0.2946
mixed,16,8,0.5,4.0,2048,2048,2048,8192,5120,2076.198,2115.947,2076.803,0.0152
mixed,16,8,0.5,4.0,2048,2048,4096,16384,10240,2135.112,2208.712,2141.67,0.0891
mixed,16,8,0.5,4.0,2048,4096,128,512,320,2466.89,2469.389,2462.534,-1.7431
mixed,16,8,0.5,4.0,2048,4096,256,1024,640,2468.331,2477.193,2470.344,0.2271
mixed,16,8,0.5,4.0,2048,4096,512,2048,1280,2479.548,2491.496,2483.689,0.3466
mixed,16,8,0.5,4.0,2048,4096,1024,4096,2560,2498.567,2524.55,2502.857,0.1651
mixed,16,8,0.5,4.0,2048,4096,2048,8192,5120,2536.546,2570.627,2532.582,-0.1163
mixed,16,8,0.5,4.0,2048,4096,4096,16384,10240,2599.687,2666.728,2603.592,0.0582
mixed,16,8,0.5,4.0,2048,8192,128,512,320,3346.059,3363.399,3354.216,0.4704
mixed,16,8,0.5,4.0,2048,8192,256,1024,640,3365.515,3357.166,3355.594,
mixed,16,8,0.5,4.0,2048,8192,512,2048,1280,3363.917,3371.498,3371.785,1.0379
mixed,16,8,0.5,4.0,2048,8192,1024,4096,2560,3387.883,3413.1,3393.865,0.2372
mixed,16,8,0.5,4.0,2048,8192,2048,8192,5120,3421.806,3459.725,3419.529,-0.06
mixed,16,8,0.5,4.0,2048,8192,4096,16384,10240,3477.606,3553.776,3484.397,0.0892
pure,16,12,0.75,4.0,0,0,128,512,416,220.511,222.208,219.455,-0.6223
pure,16,12,0.75,4.0,0,0,256,1024,832,233.697,231.807,235.04,
pure,16,12,0.75,4.0,0,0,512,2048,1664,240.962,249.345,244.415,0.4119
pure,16,12,0.75,4.0,0,0,1024,4096,3328,266.626,272.417,266.851,0.0389
pure,16,12,0.75,4.0,0,0,2048,8192,6656,310.945,323.327,307.684,-0.2634
pure,16,12,0.75,4.0,0,0,4096,16384,13312,385.283,423.042,387.397,0.056
mixed,16,12,0.75,4.0,16,0,128,512,416,244.93,245.313,245.055,0.3264
mixed,16,12,0.75,4.0,16,0,256,1024,832,258.179,254.628,254.142,
mixed,16,12,0.75,4.0,16,0,512,2048,1664,260.959,267.614,265.023,0.6107
mixed,16,12,0.75,4.0,16,0,1024,4096,3328,285.597,296.448,287.935,0.2155
mixed,16,12,0.75,4.0,16,0,2048,8192,6656,327.135,351.904,328.542,0.0568
mixed,16,12,0.75,4.0,16,0,4096,16384,13312,408.452,448.001,410.242,0.0453
mixed,16,12,0.75,4.0,16,512,128,512,416,254.946,260.162,256.927,0.3798
mixed,16,12,0.75,4.0,16,512,256,1024,832,259.33,264.286,258.432,-0.1812
mixed,16,12,0.75,4.0,16,512,512,2048,1664,270.178,274.721,273.405,0.7103
mixed,16,12,0.75,4.0,16,512,1024,4096,3328,286.816,296.637,303.551,1.704
mixed,16,12,0.75,4.0,16,512,2048,8192,6656,327.007,405.921,329.632,0.0333
mixed,16,12,0.75,4.0,16,512,4096,16384,13312,470.467,511.646,412.93,-1.3972
mixed,16,12,0.75,4.0,16,1024,128,512,416,261.539,266.625,265.246,0.7289
mixed,16,12,0.75,4.0,16,1024,256,1024,832,267.903,267.615,269.214,
mixed,16,12,0.75,4.0,16,1024,512,2048,1664,272.385,276.068,273.086,0.1903
mixed,16,12,0.75,4.0,16,1024,1024,4096,3328,295.524,300.228,291.491,-0.8574
mixed,16,12,0.75,4.0,16,1024,2048,8192,6656,328.097,348.995,371.747,2.0887
mixed,16,12,0.75,4.0,16,1024,4096,16384,13312,508.161,548.225,415.263,-2.3187
mixed,16,12,0.75,4.0,16,2048,128,512,416,275.266,273.57,272.962,
mixed,16,12,0.75,4.0,16,2048,256,1024,832,277.599,276.866,277.054,
mixed,16,12,0.75,4.0,16,2048,512,2048,1664,279.647,283.362,279.84,0.052
mixed,16,12,0.75,4.0,16,2048,1024,4096,3328,293.119,304.353,295.039,0.1709
mixed,16,12,0.75,4.0,16,2048,2048,8192,6656,341.058,350.206,333.539,-0.8219
mixed,16,12,0.75,4.0,16,2048,4096,16384,13312,416.513,452.989,482.846,1.8185
mixed,16,12,0.75,4.0,16,4096,128,512,416,290.432,290.117,289.735,
mixed,16,12,0.75,4.0,16,4096,256,1024,832,295.105,292.001,290.178,
mixed,16,12,0.75,4.0,16,4096,512,2048,1664,303.808,305.05,294.817,-7.2391
mixed,16,12,0.75,4.0,16,4096,1024,4096,3328,304.479,315.043,304.514,0.0033
mixed,16,12,0.75,4.0,16,4096,2048,8192,6656,338.272,357.602,344.833,0.3394
mixed,16,12,0.75,4.0,16,4096,4096,16384,13312,427.172,454.398,418.495,-0.3187
mixed,16,12,0.75,4.0,16,8192,128,512,416,314.659,312.61,315.363,
mixed,16,12,0.75,4.0,16,8192,256,1024,832,317.728,317.828,315.265,-24.63
mixed,16,12,0.75,4.0,16,8192,512,2048,1664,321.478,324.702,322.659,0.3663
mixed,16,12,0.75,4.0,16,8192,1024,4096,3328,381.474,341.06,359.104,
mixed,16,12,0.75,4.0,16,8192,2048,8192,6656,360.128,376.483,359.776,-0.0215
mixed,16,12,0.75,4.0,16,8192,4096,16384,13312,433.377,467.04,439.968,0.1958
mixed,16,12,0.75,4.0,32,0,128,512,416,249.413,250.878,249.665,0.172
mixed,16,12,0.75,4.0,32,0,256,1024,832,259.358,260.515,257.571,-1.5445
mixed,16,12,0.75,4.0,32,0,512,2048,1664,268.001,273.856,269.118,0.1908
mixed,16,12,0.75,4.0,32,0,1024,4096,3328,293.377,301.921,294.144,0.0898
mixed,16,12,0.75,4.0,32,0,2048,8192,6656,338.498,355.549,342.529,0.2364
mixed,16,12,0.75,4.0,32,0,4096,16384,13312,420.963,460.481,427.97,0.1773
mixed,16,12,0.75,4.0,32,512,128,512,416,270.239,277.597,274.499,0.579
mixed,16,12,0.75,4.0,32,512,256,1024,832,271.647,269.758,270.851,
mixed,16,12,0.75,4.0,32,512,512,2048,1664,281.153,283.106,276.323,-2.4731
mixed,16,12,0.75,4.0,32,512,1024,4096,3328,293.151,304.834,294.781,0.1395
mixed,16,12,0.75,4.0,32,512,2048,8192,6656,333.182,361.47,340.74,0.2672
mixed,16,12,0.75,4.0,32,512,4096,16384,13312,418.817,512.159,428.705,0.1059
mixed,16,12,0.75,4.0,32,1024,128,512,416,282.239,279.327,280.863,
mixed,16,12,0.75,4.0,32,1024,256,1024,832,283.074,284.192,281.697,-1.2317
mixed,16,12,0.75,4.0,32,1024,512,2048,1664,289.954,285.795,285.405,
mixed,16,12,0.75,4.0,32,1024,1024,4096,3328,298.945,312.894,304.16,0.3739
mixed,16,12,0.75,4.0,32,1024,2048,8192,6656,332.962,354.21,338.366,0.2543
mixed,16,12,0.75,4.0,32,1024,4096,16384,13312,420.672,459.233,429.379,0.2258
mixed,16,12,0.75,4.0,32,2048,128,512,416,296.253,293.791,290.813,
mixed,16,12,0.75,4.0,32,2048,256,1024,832,293.027,294.372,298.081,3.7576
mixed,16,12,0.75,4.0,32,2048,512,2048,1664,335.653,306.145,339.203,
mixed,16,12,0.75,4.0,32,2048,1024,4096,3328,310.111,321.761,312.193,0.1787
mixed,16,12,0.75,4.0,32,2048,2048,8192,6656,346.786,368.164,353.665,0.3218
mixed,16,12,0.75,4.0,32,2048,4096,16384,13312,415.006,457.537,422.05,0.1656
mixed,16,12,0.75,4.0,32,4096,128,512,416,317.056,315.358,315.809,
mixed,16,12,0.75,4.0,32,4096,256,1024,832,316.99,318.625,317.76,0.4709
mixed,16,12,0.75,4.0,32,4096,512,2048,1664,326.016,326.594,327.648,2.8235
mixed,16,12,0.75,4.0,32,4096,1024,4096,3328,404.739,341.375,406.238,
mixed,16,12,0.75,4.0,32,4096,2048,8192,6656,371.556,386.915,364.612,-0.4521
mixed,16,12,0.75,4.0,32,4096,4096,16384,13312,437.183,482.722,449.057,0.2607
mixed,16,12,0.75,4.0,32,8192,128,512,416,361.51,358.75,361.571,
mixed,16,12,0.75,4.0,32,8192,256,1024,832,358.887,358.943,358.02,-15.4821
mixed,16,12,0.75,4.0,32,8192,512,2048,1664,412.034,372.608,438.172,
mixed,16,12,0.75,4.0,32,8192,1024,4096,3328,452.642,390.43,451.233,
mixed,16,12,0.75,4.0,32,8192,2048,8192,6656,529.666,418.723,531.713,
mixed,16,12,0.75,4.0,32,8192,4096,16384,13312,477.152,521.026,472.033,-0.1167
mixed,16,12,0.75,4.0,64,0,128,512,416,253.954,259.074,258.463,0.8807
mixed,16,12,0.75,4.0,64,0,256,1024,832,263.742,268.032,268.163,1.0305
mixed,16,12,0.75,4.0,64,0,512,2048,1664,275.425,286.946,286.946,1.0
mixed,16,12,0.75,4.0,64,0,1024,4096,3328,313.283,331.237,329.022,0.8766
mixed,16,12,0.75,4.0,64,0,2048,8192,6656,376.384,407.042,404.542,0.9185
mixed,16,12,0.75,4.0,64,0,4096,16384,13312,503.33,565.857,560.229,0.91
mixed,16,12,0.75,4.0,64,512,128,512,416,292.612,315.01,307.069,0.6455
mixed,16,12,0.75,4.0,64,512,256,1024,832,293.244,293.155,291.745,
mixed,16,12,0.75,4.0,64,512,512,2048,1664,294.372,304.963,302.079,0.7277
mixed,16,12,0.75,4.0,64,512,1024,4096,3328,315.233,327.713,326.527,0.905
mixed,16,12,0.75,4.0,64,512,2048,8192,6656,380.995,410.178,405.058,0.8246
mixed,16,12,0.75,4.0,64,512,4096,16384,13312,508.289,567.228,562.435,0.9187
mixed,16,12,0.75,4.0,64,1024,128,512,416,303.041,303.295,304.773,6.8189
mixed,16,12,0.75,4.0,64,1024,256,1024,832,301.663,339.457,326.656,0.6613
mixed,16,12,0.75,4.0,64,1024,512,2048,1664,313.374,311.842,310.336,
mixed,16,12,0.75,4.0,64,1024,1024,4096,3328,329.949,343.455,344.252,1.059
mixed,16,12,0.75,4.0,64,1024,2048,8192,6656,377.57,409.058,408.834,0.9929
mixed,16,12,0.75,4.0,64,1024,4096,16384,13312,508.479,571.395,565.727,0.9099
mixed,16,12,0.75,4.0,64,2048,128,512,416,342.592,351.394,352.193,1.0908
mixed,16,12,0.75,4.0,64,2048,256,1024,832,330.849,330.946,329.599,-12.8866
mixed,16,12,0.75,4.0,64,2048,512,2048,1664,369.759,399.585,380.413,0.3572
mixed,16,12,0.75,4.0,64,2048,1024,4096,3328,412.127,348.893,425.92,
mixed,16,12,0.75,4.0,64,2048,2048,8192,6656,393.732,424.833,419.205,0.819
mixed,16,12,0.75,4.0,64,2048,4096,16384,13312,510.046,572.291,565.662,0.8935
mixed,16,12,0.75,4.0,64,4096,128,512,416,379.234,391.521,391.81,1.0235
mixed,16,12,0.75,4.0,64,4096,256,1024,832,414.145,430.398,429.22,0.9275
mixed,16,12,0.75,4.0,64,4096,512,2048,1664,423.334,381.504,436.894,
mixed,16,12,0.75,4.0,64,4096,1024,4096,3328,458.91,502.847,469.311,0.2367
mixed,16,12,0.75,4.0,64,4096,2048,8192,6656,524.673,426.853,552.226,
mixed,16,12,0.75,4.0,64,4096,4096,16384,13312,527.681,587.138,581.57,0.9064
mixed,16,12,0.75,4.0,64,8192,128,512,416,428.35,468.737,440.541,0.3019
mixed,16,12,0.75,4.0,64,8192,256,1024,832,493.888,511.614,509.154,0.8612
mixed,16,12,0.75,4.0,64,8192,512,2048,1664,561.601,588.606,590.62,1.0746
mixed,16,12,0.75,4.0,64,8192,1024,4096,3328,560.769,488.741,591.619,
mixed,16,12,0.75,4.0,64,8192,2048,8192,6656,632.611,709.699,654.21,0.2802
mixed,16,12,0.75,4.0,64,8192,4096,16384,13312,757.667,590.909,819.172,
mixed,16,12,0.75,4.0,128,0,128,512,416,286.558,292.993,284.065,-0.3874
mixed,16,12,0.75,4.0,128,0,256,1024,832,300.513,315.552,306.594,0.4043
mixed,16,12,0.75,4.0,128,0,512,2048,1664,328.577,346.561,347.043,1.0268
mixed,16,12,0.75,4.0,128,0,1024,4096,3328,387.328,425.728,422.048,0.9042
mixed,16,12,0.75,4.0,128,0,2048,8192,6656,523.907,573.729,579.168,1.1092
mixed,16,12,0.75,4.0,128,0,4096,16384,13312,766.303,892.069,883.714,0.9336
mixed,16,12,0.75,4.0,128,512,128,512,416,369.886,369.729,369.57,
mixed,16,12,0.75,4.0,128,512,256,1024,832,376.801,389.348,384.607,0.6221
mixed,16,12,0.75,4.0,128,512,512,2048,1664,408.705,342.947,428.639,
mixed,16,12,0.75,4.0,128,512,1024,4096,3328,391.871,428.194,424.417,0.896
mixed,16,12,0.75,4.0,128,512,2048,8192,6656,519.589,575.427,573.154,0.9593
mixed,16,12,0.75,4.0,128,512,4096,16384,13312,781.377,889.122,892.964,1.0357
mixed,16,12,0.75,4.0,128,1024,128,512,416,391.357,404.095,407.167,1.2412
mixed,16,12,0.75,4.0,128,1024,256,1024,832,395.427,405.855,407.938,1.1998
mixed,16,12,0.75,4.0,128,1024,512,2048,1664,436.769,441.538,447.552,2.2611
mixed,16,12,0.75,4.0,128,1024,1024,4096,3328,486.85,419.362,530.563,
mixed,16,12,0.75,4.0,128,1024,2048,8192,6656,518.69,588.383,581.503,0.9013
mixed,16,12,0.75,4.0,128,1024,4096,16384,13312,778.759,882.722,886.561,1.0369
mixed,16,12,0.75,4.0,128,2048,128,512,416,431.908,436.513,441.986,2.1885
mixed,16,12,0.75,4.0,128,2048,256,1024,832,468.256,477.473,483.552,1.6595
mixed,16,12,0.75,4.0,128,2048,512,2048,1664,469.505,481.826,489.312,1.6076
mixed,16,12,0.75,4.0,128,2048,1024,4096,3328,534.111,565.823,556.865,0.7175
mixed,16,12,0.75,4.0,128,2048,2048,8192,6656,659.33,584.481,712.096,
mixed,16,12,0.75,4.0,128,2048,4096,16384,13312,774.692,907.3,886.467,0.8429
mixed,16,12,0.75,4.0,128,4096,128,512,416,474.465,502.435,477.666,0.1144
mixed,16,12,0.75,4.0,128,4096,256,1024,832,546.751,557.667,562.627,1.4544
mixed,16,12,0.75,4.0,128,4096,512,2048,1664,604.224,640.192,640.452,1.0072
mixed,16,12,0.75,4.0,128,4096,1024,4096,3328,606.53,644.29,645.439,1.0304
mixed,16,12,0.75,4.0,128,4096,2048,8192,6656,743.428,803.938,796.417,0.8757
mixed,16,12,0.75,4.0,128,4096,4096,16384,13312,990.882,895.042,1106.824,
mixed,16,12,0.75,4.0,128,8192,128,512,416,634.4,634.212,636.421,
mixed,16,12,0.75,4.0,128,8192,256,1024,832,633.695,664.77,634.947,0.0403
mixed,16,12,0.75,4.0,128,8192,512,2048,1664,760.73,795.333,794.046,0.9628
mixed,16,12,0.75,4.0,128,8192,1024,4096,3328,891.875,941.158,951.651,1.2129
mixed,16,12,0.75,4.0,128,8192,2048,8192,6656,895.782,953.954,960.291,1.1089
mixed,16,12,0.75,4.0,128,8192,4096,16384,13312,1149.408,1271.458,1272.191,1.006
mixed,16,12,0.75,4.0,256,0,128,512,416,312.93,325.311,326.138,1.0668
mixed,16,12,0.75,4.0,256,0,256,1024,832,352.898,363.746,361.247,0.7696
mixed,16,12,0.75,4.0,256,0,512,2048,1664,409.697,435.806,438.399,1.0993
mixed,16,12,0.75,4.0,256,0,1024,4096,3328,534.497,595.202,590.686,0.9256
mixed,16,12,0.75,4.0,256,0,2048,8192,6656,783.134,899.814,904.262,1.0381
mixed,16,12,0.75,4.0,256,0,4096,16384,13312,1288.388,1522.307,1518.759,0.9848
mixed,16,12,0.75,4.0,256,512,128,512,416,375.167,382.017,380.066,0.7152
mixed,16,12,0.75,4.0,256,512,256,1024,832,408.319,421.667,419.524,0.8395
mixed,16,12,0.75,4.0,256,512,512,2048,1664,467.775,497.12,499.263,1.073
mixed,16,12,0.75,4.0,256,512,1024,4096,3328,592.895,652.418,649.731,0.9549
mixed,16,12,0.75,4.0,256,512,2048,8192,6656,845.123,958.693,958.946,1.0022
mixed,16,12,0.75,4.0,256,512,4096,16384,13312,1343.842,1577.15,1578.627,1.0063
mixed,16,12,0.75,4.0,256,1024,128,512,416,410.721,422.115,421.696,0.9632
mixed,16,12,0.75,4.0,256,1024,256,1024,832,449.981,459.455,455.874,0.622
mixed,16,12,0.75,4.0,256,1024,512,2048,1664,510.397,539.137,535.813,0.8843
mixed,16,12,0.75,4.0,256,1024,1024,4096,3328,635.201,692.257,692.512,1.0045
mixed,16,12,0.75,4.0,256,1024,2048,8192,6656,883.202,1001.796,999.077,0.9771
mixed,16,12,0.75,4.0,256,1024,4096,16384,13312,1386.819,1615.781,1615.554,0.999
mixed,16,12,0.75,4.0,256,2048,128,512,416,456.032,494.72,460.547,0.1167
mixed,16,12,0.75,4.0,256,2048,256,1024,832,525.025,539.587,537.922,0.8857
mixed,16,12,0.75,4.0,256,2048,512,2048,1664,584.932,619.33,614.724,0.8661
mixed,16,12,0.75,4.0,256,2048,1024,4096,3328,714.148,774.782,773.507,0.979
mixed,16,12,0.75,4.0,256,2048,2048,8192,6656,964.13,1077.09,1077.607,1.0046
mixed,16,12,0.75,4.0,256,2048,4096,16384,13312,1470.085,1695.814,1693.988,0.9919
mixed,16,12,0.75,4.0,256,4096,128,512,416,616.481,620.289,616.962,0.1263
mixed,16,12,0.75,4.0,256,4096,256,1024,832,619.586,650.848,616.227,-0.1074
mixed,16,12,0.75,4.0,256,4096,512,2048,1664,744.324,773.889,772.193,0.9426
mixed,16,12,0.75,4.0,256,4096,1024,4096,3328,873.445,929.574,930.624,1.0187
mixed,16,12,0.75,4.0,256,4096,2048,8192,6656,1124.615,1240.001,1240.415,1.0036
mixed,16,12,0.75,4.0,256,4096,4096,16384,13312,1625.572,1862.466,1855.692,0.9714
mixed,16,12,0.75,4.0,256,8192,128,512,416,924.097,919.938,921.632,
mixed,16,12,0.75,4.0,256,8192,256,1024,832,924.358,920.9,918.785,
mixed,16,12,0.75,4.0,256,8192,512,2048,1664,920.227,963.427,923.715,0.0807
mixed,16,12,0.75,4.0,256,8192,1024,4096,3328,1177.059,1235.588,1234.47,0.9809
mixed,16,12,0.75,4.0,256,8192,2048,8192,6656,1429.123,1544.066,1545.536,1.0128
mixed,16,12,0.75,4.0,256,8192,4096,16384,13312,1931.043,2157.989,2158.18,1.0008
mixed,16,12,0.75,4.0,512,0,128,512,416,501.727,502.275,501.695,-0.0584
mixed,16,12,0.75,4.0,512,0,256,1024,832,508.835,510.404,508.003,-0.5303
mixed,16,12,0.75,4.0,512,0,512,2048,1664,551.807,583.073,582.334,0.9764
mixed,16,12,0.75,4.0,512,0,1024,4096,3328,685.315,742.083,744.836,1.0485
mixed,16,12,0.75,4.0,512,0,2048,8192,6656,935.941,1054.115,1047.428,0.9434
mixed,16,12,0.75,4.0,512,0,4096,16384,13312,1436.643,1664.737,1668.512,1.0166
mixed,16,12,0.75,4.0,512,512,128,512,416,597.124,614.82,614.501,0.982
mixed,16,12,0.75,4.0,512,512,256,1024,832,638.241,649.218,654.497,1.4809
mixed,16,12,0.75,4.0,512,512,512,2048,1664,704.835,735.297,734.563,0.9759
mixed,16,12,0.75,4.0,512,512,1024,4096,3328,836.292,890.913,891.461,1.01
mixed,16,12,0.75,4.0,512,512,2048,8192,6656,1079.873,1196.581,1194.691,0.9838
mixed,16,12,0.75,4.0,512,512,4096,16384,13312,1579.75,1811.91,1809.958,0.9916
mixed,16,12,0.75,4.0,512,1024,128,512,416,639.075,655.584,656.962,1.0835
mixed,16,12,0.75,4.0,512,1024,256,1024,832,706.081,736.866,731.682,0.8316
mixed,16,12,0.75,4.0,512,1024,512,2048,1664,783.745,815.62,810.755,0.8474
mixed,16,12,0.75,4.0,512,1024,1024,4096,3328,907.586,971.332,971.908,1.009
mixed,16,12,0.75,4.0,512,1024,2048,8192,6656,1156.166,1276.832,1278.311,1.0123
mixed,16,12,0.75,4.0,512,1024,4096,16384,13312,1658.145,1886.949,1890.946,1.0175
mixed,16,12,0.75,4.0,512,2048,128,512,416,797.505,803.583,796.771,-0.1208
mixed,16,12,0.75,4.0,512,2048,256,1024,832,800.9,817.635,816.578,0.9368
mixed,16,12,0.75,4.0,512,2048,512,2048,1664,912.608,971.973,964.866,0.8803
mixed,16,12,0.75,4.0,512,2048,1024,4096,3328,1069.379,1125.213,1125.735,1.0093
mixed,16,12,0.75,4.0,512,2048,2048,8192,6656,1313.922,1431.076,1435.268,1.0358
mixed,16,12,0.75,4.0,512,2048,4096,16384,13312,1817.254,2048.547,2043.206,0.9769
mixed,16,12,0.75,4.0,512,4096,128,512,416,1111.008,1106.979,1111.268,
mixed,16,12,0.75,4.0,512,4096,256,1024,832,1112.1,1113.83,1107.522,-2.6462
mixed,16,12,0.75,4.0,512,4096,512,2048,1664,1109.026,1133.443,1129.217,0.8269
mixed,16,12,0.75,4.0,512,4096,1024,4096,3328,1329.92,1428.965,1433.863,1.0495
mixed,16,12,0.75,4.0,512,4096,2048,8192,6656,1627.205,1744.451,1742.439,0.9828
mixed,16,12,0.75,4.0,512,4096,4096,16384,13312,2124.067,2350.915,2353.926,1.0133
mixed,16,12,0.75,4.0,512,8192,128,512,416,1716.711,1714.499,1717.764,
mixed,16,12,0.75,4.0,512,8192,256,1024,832,1720.322,1717.859,1719.747,
mixed,16,12,0.75,4.0,512,8192,512,2048,1664,1710.858,1713.732,1710.693,-0.0574
mixed,16,12,0.75,4.0,512,8192,1024,4096,3328,1707.237,1737.89,1735.682,0.928
mixed,16,12,0.75,4.0,512,8192,2048,8192,6656,2132.135,2343.299,2343.59,1.0014
mixed,16,12,0.75,4.0,512,8192,4096,16384,13312,2736.07,2957.672,2954.309,0.9848
mixed,16,12,0.75,4.0,1024,0,128,512,416,822.048,823.971,819.363,-1.3963
mixed,16,12,0.75,4.0,1024,0,256,1024,832,830.718,835.586,826.664,-0.8328
mixed,16,12,0.75,4.0,1024,0,512,2048,1664,838.051,849.985,844.449,0.5361
mixed,16,12,0.75,4.0,1024,0,1024,4096,3328,868.705,881.923,869.411,0.0534
mixed,16,12,0.75,4.0,1024,0,2048,8192,6656,914.881,937.124,910.851,-0.1812
mixed,16,12,0.75,4.0,1024,0,4096,16384,13312,995.62,1036.415,997.988,0.058
mixed,16,12,0.75,4.0,1024,512,128,512,416,986.339,983.008,984.642,
mixed,16,12,0.75,4.0,1024,512,256,1024,832,989.631,991.304,988.736,-0.535
mixed,16,12,0.75,4.0,1024,512,512,2048,1664,1003.909,1009.505,1002.815,-0.1955
mixed,16,12,0.75,4.0,1024,512,1024,4096,3328,1030.182,1036.992,1028.163,-0.2965
mixed,16,12,0.75,4.0,1024,512,2048,8192,6656,1072.677,1092.861,1071.266,-0.0699
mixed,16,12,0.75,4.0,1024,512,4096,16384,13312,1157.247,1194.342,1160.901,0.0985
mixed,16,12,0.75,4.0,1024,1024,128,512,416,1057.218,1064.26,1067.142,1.4093
mixed,16,12,0.75,4.0,1024,1024,256,1024,832,1069.091,1071.806,1070.213,0.4133
mixed,16,12,0.75,4.0,1024,1024,512,2048,1664,1075.261,1082.755,1081.022,0.7687
mixed,16,12,0.75,4.0,1024,1024,1024,4096,3328,1111.486,1115.458,1112.132,0.1626
mixed,16,12,0.75,4.0,1024,1024,2048,8192,6656,1152.934,1170.882,1151.078,-0.1034
mixed,16,12,0.75,4.0,1024,1024,4096,16384,13312,1228.897,1272.802,1231.967,0.0699
mixed,16,12,0.75,4.0,1024,2048,128,512,416,1217.478,1220.806,1218.086,0.1827
mixed,16,12,0.75,4.0,1024,2048,256,1024,832,1222.147,1218.018,1224.677,
mixed,16,12,0.75,4.0,1024,2048,512,2048,1664,1233.222,1245.442,1237.798,0.3745
mixed,16,12,0.75,4.0,1024,2048,1024,4096,3328,1255.837,1269.638,1259.398,0.258
mixed,16,12,0.75,4.0,1024,2048,2048,8192,6656,1305.38,1322.239,1305.697,0.0188
mixed,16,12,0.75,4.0,1024,2048,4096,16384,13312,1384.966,1427.874,1379.684,-0.1231
mixed,16,12,0.75,4.0,1024,4096,128,512,416,1543.041,1543.272,1537.286,-24.9134
mixed,16,12,0.75,4.0,1024,4096,256,1024,832,1553.283,1557.825,1549.057,-0.9304
mixed,16,12,0.75,4.0,1024,4096,512,2048,1664,1565.448,1569.224,1570.21,1.2611
mixed,16,12,0.75,4.0,1024,4096,1024,4096,3328,1586.501,1598.852,1588.29,0.1448
mixed,16,12,0.75,4.0,1024,4096,2048,8192,6656,1636.767,1645.734,1632.098,-0.5207
mixed,16,12,0.75,4.0,1024,4096,4096,16384,13312,1708.803,1741.696,1717.862,0.2754
mixed,16,12,0.75,4.0,1024,8192,128,512,416,2162.373,2159.112,2163.624,
mixed,16,12,0.75,4.0,1024,8192,256,1024,832,2171.752,2162.821,2171.37,
mixed,16,12,0.75,4.0,1024,8192,512,2048,1664,2180.161,2185.223,2184.485,0.8542
mixed,16,12,0.75,4.0,1024,8192,1024,4096,3328,2197.22,2217.223,2204.992,0.3885
mixed,16,12,0.75,4.0,1024,8192,2048,8192,6656,2246.914,2264.104,2243.583,-0.1938
mixed,16,12,0.75,4.0,1024,8192,4096,16384,13312,2317.702,2358.439,2331.169,0.3306
mixed,16,12,0.75,4.0,2048,0,128,512,416,1435.335,1434.213,1433.829,
mixed,16,12,0.75,4.0,2048,0,256,1024,832,1442.915,1440.545,1440.097,
mixed,16,12,0.75,4.0,2048,0,512,2048,1664,1453.13,1458.244,1454.562,0.28
mixed,16,12,0.75,4.0,2048,0,1024,4096,3328,1479.07,1483.076,1480.836,0.4408
mixed,16,12,0.75,4.0,2048,0,2048,8192,6656,1529.156,1546.916,1529.475,0.018
mixed,16,12,0.75,4.0,2048,0,4096,16384,13312,1603.778,1648.866,1608.329,0.1009
mixed,16,12,0.75,4.0,2048,512,128,512,416,1658.814,1661.033,1655.685,-1.4101
mixed,16,12,0.75,4.0,2048,512,256,1024,832,1664.931,1666.147,1666.369,1.1826
mixed,16,12,0.75,4.0,2048,512,512,2048,1664,1675.525,1679.205,1678.529,0.8163
mixed,16,12,0.75,4.0,2048,512,1024,4096,3328,1700.363,1711.325,1706.339,0.5452
mixed,16,12,0.75,4.0,2048,512,2048,8192,6656,1749.41,1767.389,1747.458,-0.1086
mixed,16,12,0.75,4.0,2048,512,4096,16384,13312,1831.363,1866.346,1826.631,-0.1353
mixed,16,12,0.75,4.0,2048,1024,128,512,416,1767.329,1771.035,1767.239,-0.0243
mixed,16,12,0.75,4.0,2048,1024,256,1024,832,1781.569,1778.957,1779.691,
mixed,16,12,0.75,4.0,2048,1024,512,2048,1664,1788.899,1795.62,1790.688,0.2662
mixed,16,12,0.75,4.0,2048,1024,1024,4096,3328,1816.52,1823.813,1819.241,0.3731
mixed,16,12,0.75,4.0,2048,1024,2048,8192,6656,1863.683,1877.765,1860.103,-0.2542
mixed,16,12,0.75,4.0,2048,1024,4096,16384,13312,1945.054,1979.173,1942.338,-0.0796
mixed,16,12,0.75,4.0,2048,2048,128,512,416,2005.38,2007.562,2005.128,-0.1155
mixed,16,12,0.75,4.0,2048,2048,256,1024,832,2020.676,2015.265,2013.864,
mixed,16,12,0.75,4.0,2048,2048,512,2048,1664,2022.407,2030.695,2025.986,0.4318
mixed,16,12,0.75,4.0,2048,2048,1024,4096,3328,2050.278,2059.114,2049.86,-0.0473
mixed,16,12,0.75,4.0,2048,2048,2048,8192,6656,2091.619,2117.033,2095.173,0.1398
mixed,16,12,0.75,4.0,2048,2048,4096,16384,13312,2169.319,2209.633,2169.862,0.0135
mixed,16,12,0.75,4.0,2048,4096,128,512,416,2474.632,2467.596,2466.31,
mixed,16,12,0.75,4.0,2048,4096,256,1024,832,2479.01,2478.978,2478.6,
mixed,16,12,0.75,4.0,2048,4096,512,2048,1664,2485.543,2493.992,2497.439,1.408
mixed,16,12,0.75,4.0,2048,4096,1024,4096,3328,2514.116,2521.866,2509.537,-0.5908
mixed,16,12,0.75,4.0,2048,4096,2048,8192,6656,2551.181,2575.816,2557.481,0.2557
mixed,16,12,0.75,4.0,2048,4096,4096,16384,13312,2630.597,2671.908,2635.367,0.1155
mixed,16,12,0.75,4.0,2048,8192,128,512,416,3348.197,3356.934,3347.045,-0.1319
mixed,16,12,0.75,4.0,2048,8192,256,1024,832,3362.31,3368.295,3363.756,0.2416
mixed,16,12,0.75,4.0,2048,8192,512,2048,1664,3374.477,3380.457,3382.954,1.4176
mixed,16,12,0.75,4.0,2048,8192,1024,4096,3328,3392.588,3409.261,3395.302,0.1628
mixed,16,12,0.75,4.0,2048,8192,2048,8192,6656,3445.581,3458.798,3434.349,-0.8498
mixed,16,12,0.75,4.0,2048,8192,4096,16384,13312,3519.947,3552.359,3519.433,-0.0159
pure,16,14,0.875,4.0,0,0,128,512,464,221.474,221.921,219.712,-3.9418
pure,16,14,0.875,4.0,0,0,256,1024,928,236.575,234.076,230.53,
pure,16,14,0.875,4.0,0,0,512,2048,1856,242.754,251.328,246.915,0.4853
pure,16,14,0.875,4.0,0,0,1024,4096,3712,271.937,275.742,274.429,0.6549
pure,16,14,0.875,4.0,0,0,2048,8192,7424,315.425,323.647,319.421,0.486
pure,16,14,0.875,4.0,0,0,4096,16384,14848,405.664,422.593,404.097,-0.0926
mixed,16,14,0.875,4.0,16,0,128,512,464,243.234,246.944,243.523,0.0779
mixed,16,14,0.875,4.0,16,0,256,1024,928,252.801,253.76,255.262,2.5662
mixed,16,14,0.875,4.0,16,0,512,2048,1856,269.023,268.002,265.703,
mixed,16,14,0.875,4.0,16,0,1024,4096,3712,291.037,296.99,291.966,0.1561
mixed,16,14,0.875,4.0,16,0,2048,8192,7424,336.29,346.789,339.297,0.2864
mixed,16,14,0.875,4.0,16,0,4096,16384,14848,426.146,448.128,426.752,0.0276
mixed,16,14,0.875,4.0,16,512,128,512,464,262.399,257.407,258.18,
mixed,16,14,0.875,4.0,16,512,256,1024,928,265.693,267.2,263.619,-1.3762
mixed,16,14,0.875,4.0,16,512,512,2048,1856,271.969,274.717,274.947,1.0837
mixed,16,14,0.875,4.0,16,512,1024,4096,3712,293.343,298.047,292.512,-0.1767
mixed,16,14,0.875,4.0,16,512,2048,8192,7424,340.769,407.391,342.626,0.0279
mixed,16,14,0.875,4.0,16,512,4096,16384,14848,492.803,507.012,492.226,-0.0406
mixed,16,14,0.875,4.0,16,1024,128,512,464,263.008,268.705,265.41,0.4216
mixed,16,14,0.875,4.0,16,1024,256,1024,928,265.282,269.697,265.792,0.1155
mixed,16,14,0.875,4.0,16,1024,512,2048,1856,280.002,279.618,275.359,
mixed,16,14,0.875,4.0,16,1024,1024,4096,3712,293.729,301.183,295.069,0.1798
mixed,16,14,0.875,4.0,16,1024,2048,8192,7424,337.47,348.509,339.299,0.1657
mixed,16,14,0.875,4.0,16,1024,4096,16384,14848,529.473,551.714,432.614,-4.355
mixed,16,14,0.875,4.0,16,2048,128,512,464,276.39,276.063,274.594,
mixed,16,14,0.875,4.0,16,2048,256,1024,928,278.851,279.262,279.646,1.9343
mixed,16,14,0.875,4.0,16,2048,512,2048,1856,277.988,279.551,281.344,2.1472
mixed,16,14,0.875,4.0,16,2048,1024,4096,3712,303.077,301.473,298.014,
mixed,16,14,0.875,4.0,16,2048,2048,8192,7424,335.297,353.024,339.522,0.2383
mixed,16,14,0.875,4.0,16,2048,4096,16384,14848,437.67,454.335,431.104,-0.394
mixed,16,14,0.875,4.0,16,4096,128,512,464,290.944,288.483,291.457,
mixed,16,14,0.875,4.0,16,4096,256,1024,928,291.843,294.947,290.722,-0.3611
mixed,16,14,0.875,4.0,16,4096,512,2048,1856,300.515,300.448,299.261,
mixed,16,14,0.875,4.0,16,4096,1024,4096,3712,314.365,317.246,314.561,0.068
mixed,16,14,0.875,4.0,16,4096,2048,8192,7424,352.703,357.313,422.784,15.202
mixed,16,14,0.875,4.0,16,4096,4096,16384,14848,435.84,449.441,436.064,0.0165
mixed,16,14,0.875,4.0,16,8192,128,512,464,313.41,313.925,314.147,1.4311
mixed,16,14,0.875,4.0,16,8192,256,1024,928,314.436,318.111,317.217,0.7567
mixed,16,14,0.875,4.0,16,8192,512,2048,1856,320.004,321.79,325.699,3.1887
mixed,16,14,0.875,4.0,16,8192,1024,4096,3712,337.219,339.969,337.89,0.244
mixed,16,14,0.875,4.0,16,8192,2048,8192,7424,367.872,376.03,445.538,9.5202
mixed,16,14,0.875,4.0,16,8192,4096,16384,14848,447.328,467.969,594.243,7.1176
mixed,16,14,0.875,4.0,32,0,128,512,464,252.293,254.628,252.931,0.2732
mixed,16,14,0.875,4.0,32,0,256,1024,928,256.545,257.889,257.216,0.4993
mixed,16,14,0.875,4.0,32,0,512,2048,1856,272.289,274.37,271.329,-0.4613
mixed,16,14,0.875,4.0,32,0,1024,4096,3712,299.812,302.243,295.583,-1.7396
mixed,16,14,0.875,4.0,32,0,2048,8192,7424,346.494,353.474,345.604,-0.1275
mixed,16,14,0.875,4.0,32,0,4096,16384,14848,444.031,457.825,443.838,-0.014
mixed,16,14,0.875,4.0,32,512,128,512,464,269.598,275.007,275.941,1.1727
mixed,16,14,0.875,4.0,32,512,256,1024,928,272.544,272.096,271.742,
mixed,16,14,0.875,4.0,32,512,512,2048,1856,278.879,279.842,279.646,0.7965
mixed,16,14,0.875,4.0,32,512,1024,4096,3712,297.633,305.793,301.504,0.4744
mixed,16,14,0.875,4.0,32,512,2048,8192,7424,342.946,359.265,348.033,0.3117
mixed,16,14,0.875,4.0,32,512,4096,16384,14848,501.922,516.257,441.795,-4.1944
mixed,16,14,0.875,4.0,32,1024,128,512,464,281.695,283.423,280.576,-0.6476
mixed,16,14,0.875,4.0,32,1024,256,1024,928,281.923,284.867,284.288,0.8033
mixed,16,14,0.875,4.0,32,1024,512,2048,1856,291.135,286.242,283.169,
mixed,16,14,0.875,4.0,32,1024,1024,4096,3712,302.143,311.521,307.837,0.6072
mixed,16,14,0.875,4.0,32,1024,2048,8192,7424,341.697,358.302,348.771,0.426
mixed,16,14,0.875,4.0,32,1024,4096,16384,14848,439.619,456.099,443.648,0.2445
mixed,16,14,0.875,4.0,32,2048,128,512,464,294.144,294.661,294.883,1.4294
mixed,16,14,0.875,4.0,32,2048,256,1024,928,298.402,296.701,298.435,
mixed,16,14,0.875,4.0,32,2048,512,2048,1856,304.223,303.619,303.808,
mixed,16,14,0.875,4.0,32,2048,1024,4096,3712,312.002,320.766,319.647,0.8723
mixed,16,14,0.875,4.0,32,2048,2048,8192,7424,361.892,370.014,435.071,9.01
mixed,16,14,0.875,4.0,32,2048,4096,16384,14848,440.736,460.13,439.109,-0.0839
mixed,16,14,0.875,4.0,32,4096,128,512,464,316.258,316.992,318.143,2.5681
mixed,16,14,0.875,4.0,32,4096,256,1024,928,318.079,317.568,321.598,
mixed,16,14,0.875,4.0,32,4096,512,2048,1856,326.081,325.665,327.134,
mixed,16,14,0.875,4.0,32,4096,1024,4096,3712,344.156,337.92,339.138,
mixed,16,14,0.875,4.0,32,4096,2048,8192,7424,372.736,386.271,454.531,6.0432
mixed,16,14,0.875,4.0,32,4096,4096,16384,14848,460.002,481.856,612.481,6.9772
mixed,16,14,0.875,4.0,32,8192,128,512,464,360.64,358.722,360.354,
mixed,16,14,0.875,4.0,32,8192,256,1024,928,356.609,359.776,357.537,0.293
mixed,16,14,0.875,4.0,32,8192,512,2048,1856,372.384,370.466,372.959,
mixed,16,14,0.875,4.0,32,8192,1024,4096,3712,387.745,391.646,385.342,-0.616
mixed,16,14,0.875,4.0,32,8192,2048,8192,7424,424.737,420.067,417.404,
mixed,16,14,0.875,4.0,32,8192,4096,16384,14848,497.246,522.531,651.715,6.1091
mixed,16,14,0.875,4.0,64,0,128,512,464,253.345,260.833,257.693,0.5807
mixed,16,14,0.875,4.0,64,0,256,1024,928,263.263,272.51,270.336,0.7649
mixed,16,14,0.875,4.0,64,0,512,2048,1856,280.35,288.224,287.201,0.8701
mixed,16,14,0.875,4.0,64,0,1024,4096,3712,316.128,326.239,324.864,0.864
mixed,16,14,0.875,4.0,64,0,2048,8192,7424,390.561,408.068,406.688,0.9212
mixed,16,14,0.875,4.0,64,0,4096,16384,14848,534.691,564.609,563.422,0.9603
mixed,16,14,0.875,4.0,64,512,128,512,464,291.072,317.827,315.521,0.9138
mixed,16,14,0.875,4.0,64,512,256,1024,928,294.206,292.542,290.394,
mixed,16,14,0.875,4.0,64,512,512,2048,1856,300.894,305.534,302.271,0.2968
mixed,16,14,0.875,4.0,64,512,1024,4096,3712,317.025,327.203,328.324,1.1101
mixed,16,14,0.875,4.0,64,512,2048,8192,7424,394.72,408.254,406.531,0.8727
mixed,16,14,0.875,4.0,64,512,4096,16384,14848,537.217,568.8,566.752,0.9352
mixed,16,14,0.875,4.0,64,1024,128,512,464,304.193,302.528,306.819,
mixed,16,14,0.875,4.0,64,1024,256,1024,928,336.48,339.106,337.602,0.4273
mixed,16,14,0.875,4.0,64,1024,512,2048,1856,314.944,311.334,311.713,
mixed,16,14,0.875,4.0,64,1024,1024,4096,3712,334.082,345.151,341.216,0.6445
mixed,16,14,0.875,4.0,64,1024,2048,8192,7424,392.514,408.16,407.042,0.9285
mixed,16,14,0.875,4.0,64,1024,4096,16384,14848,539.011,568.734,565.856,0.9032
mixed,16,14,0.875,4.0,64,2048,128,512,464,344.444,349.633,350.496,1.1663
mixed,16,14,0.875,4.0,64,2048,256,1024,928,327.842,329.724,330.43,1.3751
mixed,16,14,0.875,4.0,64,2048,512,2048,1856,384.515,399.553,394.37,0.6553
mixed,16,14,0.875,4.0,64,2048,1024,4096,3712,351.711,349.795,348.414,
mixed,16,14,0.875,4.0,64,2048,2048,8192,7424,411.745,426.173,423.398,0.8077
mixed,16,14,0.875,4.0,64,2048,4096,16384,14848,538.4,569.124,567.84,0.9582
mixed,16,14,0.875,4.0,64,4096,128,512,464,386.495,390.114,389.695,0.8842
mixed,16,14,0.875,4.0,64,4096,256,1024,928,419.678,429.605,430.595,1.0997
mixed,16,14,0.875,4.0,64,4096,512,2048,1856,380.418,380.451,377.443,-90.1515
mixed,16,14,0.875,4.0,64,4096,1024,4096,3712,481.89,502.624,499.968,0.8719
mixed,16,14,0.875,4.0,64,4096,2048,8192,7424,431.552,428.288,424.226,
mixed,16,14,0.875,4.0,64,4096,4096,16384,14848,559.62,587.01,586.207,0.9707
mixed,16,14,0.875,4.0,64,8192,128,512,464,448.194,469.661,468.738,0.957
mixed,16,14,0.875,4.0,64,8192,256,1024,928,497.699,512.8,509.473,0.7797
mixed,16,14,0.875,4.0,64,8192,512,2048,1856,571.843,587.393,588.225,1.0535
mixed,16,14,0.875,4.0,64,8192,1024,4096,3712,486.465,485.859,486.915,
mixed,16,14,0.875,4.0,64,8192,2048,8192,7424,667.682,706.56,710.53,1.1021
mixed,16,14,0.875,4.0,64,8192,4096,16384,14848,598.403,593.347,586.566,
mixed,16,14,0.875,4.0,128,0,128,512,464,281.411,282.625,289.25,6.4572
mixed,16,14,0.875,4.0,128,0,256,1024,928,303.359,303.616,303.84,1.8716
mixed,16,14,0.875,4.0,128,0,512,2048,1856,333.57,346.816,346.559,0.9806
mixed,16,14,0.875,4.0,128,0,1024,4096,3712,403.168,423.713,416.289,0.6386
mixed,16,14,0.875,4.0,128,0,2048,8192,7424,550.625,573.697,583.49,1.4245
mixed,16,14,0.875,4.0,128,0,4096,16384,14848,825.088,884.003,881.251,0.9533
mixed,16,14,0.875,4.0,128,512,128,512,464,361.182,371.811,361.598,0.0391
mixed,16,14,0.875,4.0,128,512,256,1024,928,398.495,385.989,389.73,
mixed,16,14,0.875,4.0,128,512,512,2048,1856,335.264,345.377,346.368,1.098
mixed,16,14,0.875,4.0,128,512,1024,4096,3712,404.835,422.02,430.245,1.4786
mixed,16,14,0.875,4.0,128,512,2048,8192,7424,548.479,577.825,577.791,0.9988
mixed,16,14,0.875,4.0,128,512,4096,16384,14848,826.494,902.593,887.234,0.7982
mixed,16,14,0.875,4.0,128,1024,128,512,464,400.032,411.037,396.608,-0.3111
mixed,16,14,0.875,4.0,128,1024,256,1024,928,402.596,411.457,404.959,0.2667
mixed,16,14,0.875,4.0,128,1024,512,2048,1856,442.306,441.89,442.946,
mixed,16,14,0.875,4.0,128,1024,1024,4096,3712,401.889,435.23,420.96,0.572
mixed,16,14,0.875,4.0,128,1024,2048,8192,7424,552.996,579.363,582.115,1.1044
mixed,16,14,0.875,4.0,128,1024,4096,16384,14848,832.353,893.604,885.217,0.8631
mixed,16,14,0.875,4.0,128,2048,128,512,464,434.241,436.095,439.294,2.7255
mixed,16,14,0.875,4.0,128,2048,256,1024,928,461.665,474.147,477.312,1.2536
mixed,16,14,0.875,4.0,128,2048,512,2048,1856,475.972,482.849,498.817,3.3219
mixed,16,14,0.875,4.0,128,2048,1024,4096,3712,542.304,565.825,559.935,0.7496
mixed,16,14,0.875,4.0,128,2048,2048,8192,7424,559.074,578.467,576.353,0.891
mixed,16,14,0.875,4.0,128,2048,4096,16384,14848,830.912,889.254,893.185,1.0674
mixed,16,14,0.875,4.0,128,4096,128,512,464,486.689,522.463,500.866,0.3963
mixed,16,14,0.875,4.0,128,4096,256,1024,928,547.362,561.44,555.584,0.584
mixed,16,14,0.875,4.0,128,4096,512,2048,1856,616.802,646.562,631.266,0.486
mixed,16,14,0.875,4.0,128,4096,1024,4096,3712,626.048,643.394,639.455,0.7729
mixed,16,14,0.875,4.0,128,4096,2048,8192,7424,773.731,795.304,794.982,0.9851
mixed,16,14,0.875,4.0,128,4096,4096,16384,14848,832.035,903.327,887.553,0.7787
mixed,16,14,0.875,4.0,128,8192,128,512,464,639.587,635.685,639.458,
mixed,16,14,0.875,4.0,128,8192,256,1024,928,629.888,660.609,664.418,1.124
mixed,16,14,0.875,4.0,128,8192,512,2048,1856,776.933,800.065,792.163,0.6584
mixed,16,14,0.875,4.0,128,8192,1024,4096,3712,913.376,948.13,943.203,0.8582
mixed,16,14,0.875,4.0,128,8192,2048,8192,7424,925.795,957.537,947.648,0.6885
mixed,16,14,0.875,4.0,128,8192,4096,16384,14848,1201.473,1261.989,1259.458,0.9582
mixed,16,14,0.875,4.0,256,0,128,512,464,319.136,323.584,320.994,0.4177
mixed,16,14,0.875,4.0,256,0,256,1024,928,355.167,362.338,364.036,1.2368
mixed,16,14,0.875,4.0,256,0,512,2048,1856,421.439,440.481,435.872,0.758
mixed,16,14,0.875,4.0,256,0,1024,4096,3712,562.529,597.06,593.888,0.9081
mixed,16,14,0.875,4.0,256,0,2048,8192,7424,842.596,901.795,900.164,0.9724
mixed,16,14,0.875,4.0,256,0,4096,16384,14848,1402.884,1522.788,1517.947,0.9596
mixed,16,14,0.875,4.0,256,512,128,512,464,374.497,381.345,380.8,0.9204
mixed,16,14,0.875,4.0,256,512,256,1024,928,410.911,418.595,422.24,1.4744
mixed,16,14,0.875,4.0,256,512,512,2048,1856,482.113,494.469,494.528,1.0048
mixed,16,14,0.875,4.0,256,512,1024,4096,3712,622.819,651.296,650.272,0.964
mixed,16,14,0.875,4.0,256,512,2048,8192,7424,898.564,960.834,958.849,0.9681
mixed,16,14,0.875,4.0,256,512,4096,16384,14848,1454.945,1572.709,1572.739,1.0003
mixed,16,14,0.875,4.0,256,1024,128,512,464,419.107,422.044,418.945,-0.0552
mixed,16,14,0.875,4.0,256,1024,256,1024,928,450.881,460.577,459.171,0.855
mixed,16,14,0.875,4.0,256,1024,512,2048,1856,520.642,535.681,535.104,0.9616
mixed,16,14,0.875,4.0,256,1024,1024,4096,3712,662.911,689.441,691.749,1.087
mixed,16,14,0.875,4.0,256,1024,2048,8192,7424,942.275,998.723,996.163,0.9546
mixed,16,14,0.875,4.0,256,1024,4096,16384,14848,1499.844,1614.148,1612.36,0.9844
mixed,16,14,0.875,4.0,256,2048,128,512,464,473.857,490.273,490.116,0.9904
mixed,16,14,0.875,4.0,256,2048,256,1024,928,530.177,537.059,539.746,1.3904
mixed,16,14,0.875,4.0,256,2048,512,2048,1856,597.345,614.913,617.635,1.1549
mixed,16,14,0.875,4.0,256,2048,1024,4096,3712,740.095,770.017,770.562,1.0182
mixed,16,14,0.875,4.0,256,2048,2048,8192,7424,1021.764,1079.331,1079.972,1.0111
mixed,16,14,0.875,4.0,256,2048,4096,16384,14848,1579.843,1693.316,1690.049,0.9712
mixed,16,14,0.875,4.0,256,4096,128,512,464,619.776,617.091,615.234,
mixed,16,14,0.875,4.0,256,4096,256,1024,928,616.672,654.147,650.434,0.9009
mixed,16,14,0.875,4.0,256,4096,512,2048,1856,755.809,774.341,775.169,1.0447
mixed,16,14,0.875,4.0,256,4096,1024,4096,3712,903.267,930.467,925.598,0.821
mixed,16,14,0.875,4.0,256,4096,2048,8192,7424,1177.379,1235.777,1238.18,1.0411
mixed,16,14,0.875,4.0,256,4096,4096,16384,14848,1738.628,1854.664,1854.726,1.0005
mixed,16,14,0.875,4.0,256,8192,128,512,464,920.322,918.785,917.602,
mixed,16,14,0.875,4.0,256,8192,256,1024,928,919.423,924.804,923.846,0.822
mixed,16,14,0.875,4.0,256,8192,512,2048,1856,916.002,959.875,957.761,0.9518
mixed,16,14,0.875,4.0,256,8192,1024,4096,3712,1203.716,1232.803,1233.506,1.0242
mixed,16,14,0.875,4.0,256,8192,2048,8192,7424,1484.384,1544.962,1543.33,0.9731
mixed,16,14,0.875,4.0,256,8192,4096,16384,14848,2042.468,2156.036,2157.447,1.0124
mixed,16,14,0.875,4.0,512,0,128,512,464,505.312,502.72,504.483,
mixed,16,14,0.875,4.0,512,0,256,1024,928,513.152,510.243,510.273,
mixed,16,14,0.875,4.0,512,0,512,2048,1856,566.271,579.874,578.849,0.9246
mixed,16,14,0.875,4.0,512,0,1024,4096,3712,708.515,741.41,740.035,0.9582
mixed,16,14,0.875,4.0,512,0,2048,8192,7424,989.701,1050.371,1047.906,0.9594
mixed,16,14,0.875,4.0,512,0,4096,16384,14848,1552.738,1667.206,1668.836,1.0142
mixed,16,14,0.875,4.0,512,512,128,512,464,606.496,612.48,609.987,0.5834
mixed,16,14,0.875,4.0,512,512,256,1024,928,643.809,651.267,653.537,1.3044
mixed,16,14,0.875,4.0,512,512,512,2048,1856,719.009,736.769,731.717,0.7155
mixed,16,14,0.875,4.0,512,512,1024,4096,3712,856.773,885.728,889.823,1.1414
mixed,16,14,0.875,4.0,512,512,2048,8192,7424,1137.346,1198.561,1194.436,0.9326
mixed,16,14,0.875,4.0,512,512,4096,16384,14848,1693.797,1808.038,1811.876,1.0336
mixed,16,14,0.875,4.0,512,1024,128,512,464,641.155,658.242,652.927,0.6889
mixed,16,14,0.875,4.0,512,1024,256,1024,928,717.601,732.868,728.486,0.713
mixed,16,14,0.875,4.0,512,1024,512,2048,1856,793.54,809.221,809.569,1.0222
mixed,16,14,0.875,4.0,512,1024,1024,4096,3712,935.777,967.842,966.143,0.947
mixed,16,14,0.875,4.0,512,1024,2048,8192,7424,1214.724,1272.997,1279.875,1.118
mixed,16,14,0.875,4.0,512,1024,4096,16384,14848,1771.074,1885.732,1887.078,1.0117
mixed,16,14,0.875,4.0,512,2048,128,512,464,795.777,799.652,796.45,0.1737
mixed,16,14,0.875,4.0,512,2048,256,1024,928,797.087,815.105,816.321,1.0675
mixed,16,14,0.875,4.0,512,2048,512,2048,1856,944.739,972.23,965.892,0.7695
mixed,16,14,0.875,4.0,512,2048,1024,4096,3712,1092.132,1124.832,1125.284,1.0138
mixed,16,14,0.875,4.0,512,2048,2048,8192,7424,1374.112,1433.382,1433.762,1.0064
mixed,16,14,0.875,4.0,512,2048,4096,16384,14848,1928.357,2044.164,2052.517,1.0721
mixed,16,14,0.875,4.0,512,4096,128,512,464,1108.323,1107.396,1105.76,
mixed,16,14,0.875,4.0,512,4096,256,1024,928,1110.98,1106.785,1106.021,
mixed,16,14,0.875,4.0,512,4096,512,2048,1856,1105.056,1129.189,1128.383,0.9666
mixed,16,14,0.875,4.0,512,4096,1024,4096,3712,1379.298,1428.771,1428.354,0.9916
mixed,16,14,0.875,4.0,512,4096,2048,8192,7424,1680.609,1740.387,1736.007,0.9267
mixed,16,14,0.875,4.0,512,4096,4096,16384,14848,2235.527,2352.87,2349.606,0.9722
mixed,16,14,0.875,4.0,512,8192,128,512,464,1716.067,1716.802,1712.647,-4.6531
mixed,16,14,0.875,4.0,512,8192,256,1024,928,1709.699,1714.982,1709.957,0.0488
mixed,16,14,0.875,4.0,512,8192,512,2048,1856,1712.549,1717.634,1709.188,-0.661
mixed,16,14,0.875,4.0,512,8192,1024,4096,3712,1713.54,1749.032,1741.924,0.7997
mixed,16,14,0.875,4.0,512,8192,2048,8192,7424,2246.085,2340.611,2342.215,1.017
mixed,16,14,0.875,4.0,512,8192,4096,16384,14848,2839.047,2958.155,2958.949,1.0067
mixed,16,14,0.875,4.0,1024,0,128,512,464,820.13,817.921,823.526,
mixed,16,14,0.875,4.0,1024,0,256,1024,928,828.128,830.053,830.755,1.3647
mixed,16,14,0.875,4.0,1024,0,512,2048,1856,843.359,847.168,843.938,0.152
mixed,16,14,0.875,4.0,1024,0,1024,4096,3712,872.386,873.856,875.292,1.9769
mixed,16,14,0.875,4.0,1024,0,2048,8192,7424,920.355,933.155,924.352,0.3123
mixed,16,14,0.875,4.0,1024,0,4096,16384,14848,1016.292,1026.563,1011.489,-0.4676
mixed,16,14,0.875,4.0,1024,512,128,512,464,980.64,982.787,985.761,2.3852
mixed,16,14,0.875,4.0,1024,512,256,1024,928,990.628,992.267,988.959,-1.0183
mixed,16,14,0.875,4.0,1024,512,512,2048,1856,1003.779,1005.123,1004.355,0.4286
mixed,16,14,0.875,4.0,1024,512,1024,4096,3712,1041.279,1040.043,1034.08,
mixed,16,14,0.875,4.0,1024,512,2048,8192,7424,1083.015,1088.608,1087.235,0.7545
mixed,16,14,0.875,4.0,1024,512,4096,16384,14848,1176.866,1191.135,1174.467,-0.1681
mixed,16,14,0.875,4.0,1024,1024,128,512,464,1059.812,1064.258,1056.511,-0.7425
mixed,16,14,0.875,4.0,1024,1024,256,1024,928,1066.569,1069.03,1068.71,0.87
mixed,16,14,0.875,4.0,1024,1024,512,2048,1856,1085.415,1084.707,1080.51,
mixed,16,14,0.875,4.0,1024,1024,1024,4096,3712,1112.706,1115.486,1118.18,1.9691
mixed,16,14,0.875,4.0,1024,1024,2048,8192,7424,1153.895,1171.776,1163.14,0.517
mixed,16,14,0.875,4.0,1024,1024,4096,16384,14848,1247.461,1266.275,1251.838,0.2326
mixed,16,14,0.875,4.0,1024,2048,128,512,464,1209.475,1215.526,1212.515,0.5024
mixed,16,14,0.875,4.0,1024,2048,256,1024,928,1224.733,1223.005,1214.949,
mixed,16,14,0.875,4.0,1024,2048,512,2048,1856,1240.355,1237.25,1235.461,
mixed,16,14,0.875,4.0,1024,2048,1024,4096,3712,1263.328,1264.614,1267.045,2.8904
mixed,16,14,0.875,4.0,1024,2048,2048,8192,7424,1311.681,1323.811,1314.979,0.2719
mixed,16,14,0.875,4.0,1024,2048,4096,16384,14848,1402.694,1415.332,1397.6,-0.4031
mixed,16,14,0.875,4.0,1024,4096,128,512,464,1536.707,1543.048,1537.762,0.1664
mixed,16,14,0.875,4.0,1024,4096,256,1024,928,1554.888,1549.667,1547.178,
mixed,16,14,0.875,4.0,1024,4096,512,2048,1856,1560.482,1567.749,1568.012,1.0362
mixed,16,14,0.875,4.0,1024,4096,1024,4096,3712,1592.324,1589.857,1597.062,
mixed,16,14,0.875,4.0,1024,4096,2048,8192,7424,1640.707,1650.214,1644.935,0.4447
mixed,16,14,0.875,4.0,1024,4096,4096,16384,14848,1729.417,1743.491,1720.167,-0.6572
mixed,16,14,0.875,4.0,1024,8192,128,512,464,2154.06,2160.067,2159.207,0.8568
mixed,16,14,0.875,4.0,1024,8192,256,1024,928,2166.183,2160.264,2172.417,
mixed,16,14,0.875,4.0,1024,8192,512,2048,1856,2178.945,2184.295,2176.519,-0.4535
mixed,16,14,0.875,4.0,1024,8192,1024,4096,3712,2209.413,2217.575,2205.028,-0.5372
mixed,16,14,0.875,4.0,1024,8192,2048,8192,7424,2242.536,2264.939,2247.237,0.2098
mixed,16,14,0.875,4.0,1024,8192,4096,16384,14848,2345.834,2355.589,2346.345,0.0524
mixed,16,14,0.875,4.0,2048,0,128,512,464,1430.528,1426.722,1428.546,
mixed,16,14,0.875,4.0,2048,0,256,1024,928,1437.279,1438.436,1433.96,-2.8686
mixed,16,14,0.875,4.0,2048,0,512,2048,1856,1449.094,1456.162,1455.108,0.8509
mixed,16,14,0.875,4.0,2048,0,1024,4096,3712,1482.15,1484.935,1480.582,-0.563
mixed,16,14,0.875,4.0,2048,0,2048,8192,7424,1531.75,1541.891,1535.681,0.3876
mixed,16,14,0.875,4.0,2048,0,4096,16384,14848,1629.317,1646.147,1624.454,-0.2889
mixed,16,14,0.875,4.0,2048,512,128,512,464,1652.545,1653.32,1651.719,-1.0658
mixed,16,14,0.875,4.0,2048,512,256,1024,928,1662.156,1661.509,1662.151,
mixed,16,14,0.875,4.0,2048,512,512,2048,1856,1679.42,1678.661,1675.2,
mixed,16,14,0.875,4.0,2048,512,1024,4096,3712,1704.416,1709.571,1704.902,0.0943
mixed,16,14,0.875,4.0,2048,512,2048,8192,7424,1750.178,1762.18,1753.381,0.2669
mixed,16,14,0.875,4.0,2048,512,4096,16384,14848,1845.223,1862.878,1841.797,-0.1941
mixed,16,14,0.875,4.0,2048,1024,128,512,464,1763.971,1768.133,1764.226,0.0613
mixed,16,14,0.875,4.0,2048,1024,256,1024,928,1771.941,1773.508,1775.263,2.12
mixed,16,14,0.875,4.0,2048,1024,512,2048,1856,1784.648,1791.909,1792.419,1.0702
mixed,16,14,0.875,4.0,2048,1024,1024,4096,3712,1817.189,1821.634,1814.757,-0.5471
mixed,16,14,0.875,4.0,2048,1024,2048,8192,7424,1862.568,1871.239,1867.368,0.5536
mixed,16,14,0.875,4.0,2048,1024,4096,16384,14848,1953.098,1974.528,1958.918,0.2716
mixed,16,14,0.875,4.0,2048,2048,128,512,464,2001.189,1999.939,2000.52,
mixed,16,14,0.875,4.0,2048,2048,256,1024,928,2011.2,2011.043,2008.131,
mixed,16,14,0.875,4.0,2048,2048,512,2048,1856,2025.32,2024.352,2024.84,
mixed,16,14,0.875,4.0,2048,2048,1024,4096,3712,2055.617,2052.769,2051.971,
mixed,16,14,0.875,4.0,2048,2048,2048,8192,7424,2098.02,2107.944,2106.887,0.8935
mixed,16,14,0.875,4.0,2048,2048,4096,16384,14848,2193.385,2206.752,2186.084,-0.5462
mixed,16,14,0.875,4.0,2048,4096,128,512,464,2463.237,2465.123,2467.337,2.1739
mixed,16,14,0.875,4.0,2048,4096,256,1024,928,2471.881,2484.516,2468.971,-0.2303
mixed,16,14,0.875,4.0,2048,4096,512,2048,1856,2487.946,2487.433,2484.678,
mixed,16,14,0.875,4.0,2048,4096,1024,4096,3712,2512.871,2522.95,2512.323,-0.0544
mixed,16,14,0.875,4.0,2048,4096,2048,8192,7424,2553.157,2570.854,2554.63,0.0832
mixed,16,14,0.875,4.0,2048,4096,4096,16384,14848,2645.537,2667.427,2647.912,0.1085
mixed,16,14,0.875,4.0,2048,8192,128,512,464,3352.008,3349.008,3354.094,
mixed,16,14,0.875,4.0,2048,8192,256,1024,928,3368.989,3356.46,3360.266,
mixed,16,14,0.875,4.0,2048,8192,512,2048,1856,3371.111,3374.748,3370.858,-0.0696
mixed,16,14,0.875,4.0,2048,8192,1024,4096,3712,3398.662,3401.354,3398.703,0.0152
mixed,16,14,0.875,4.0,2048,8192,2048,8192,7424,3441.96,3449.222,3439.72,-0.3085
mixed,16,14,0.875,4.0,2048,8192,4096,16384,14848,3533.895,3558.185,3536.426,0.1042
pure,32,1,0.0312,4.0,0,0,128,512,140,213.889,249.889,234.305,0.5671
pure,32,1,0.0312,4.0,0,0,256,1024,280,240.703,262.462,240.578,-0.0057
pure,32,1,0.0312,4.0,0,0,512,2048,560,250.21,288.098,250.497,0.0076
pure,32,1,0.0312,4.0,0,0,1024,4096,1120,265.253,336.0,291.877,0.3763
pure,32,1,0.0312,4.0,0,0,2048,8192,2240,291.776,435.586,337.828,0.3202
pure,32,1,0.0312,4.0,0,0,4096,16384,4480,347.587,638.432,427.679,0.2754
mixed,32,1,0.0312,4.0,16,0,128,512,140,229.024,266.305,252.578,0.6318
mixed,32,1,0.0312,4.0,16,0,256,1024,280,255.68,275.648,256.321,0.0321
mixed,32,1,0.0312,4.0,16,0,512,2048,560,266.21,303.039,263.998,-0.0601
mixed,32,1,0.0312,4.0,16,0,1024,4096,1120,280.033,356.736,311.491,0.4101
mixed,32,1,0.0312,4.0,16,0,2048,8192,2240,306.883,459.81,356.927,0.3272
mixed,32,1,0.0312,4.0,16,0,4096,16384,4480,368.292,655.904,444.131,0.2637
mixed,32,1,0.0312,4.0,16,512,128,512,140,270.463,279.072,271.583,0.1301
mixed,32,1,0.0312,4.0,16,512,256,1024,280,290.654,281.155,271.97,
mixed,32,1,0.0312,4.0,16,512,512,2048,560,280.608,352.415,273.858,-0.094
mixed,32,1,0.0312,4.0,16,512,1024,4096,1120,287.2,415.234,281.958,-0.0409
mixed,32,1,0.0312,4.0,16,512,2048,8192,2240,367.617,516.324,308.74,-0.3959
mixed,32,1,0.0312,4.0,16,512,4096,16384,4480,425.793,706.594,441.441,0.0557
mixed,32,1,0.0312,4.0,16,1024,128,512,140,292.481,297.185,293.567,0.2309
mixed,32,1,0.0312,4.0,16,1024,256,1024,280,279.65,288.703,278.402,-0.1379
mixed,32,1,0.0312,4.0,16,1024,512,2048,560,296.355,360.607,299.49,0.0488
mixed,32,1,0.0312,4.0,16,1024,1024,4096,1120,293.122,438.885,287.298,-0.04
mixed,32,1,0.0312,4.0,16,1024,2048,8192,2240,372.739,552.833,317.662,-0.3058
mixed,32,1,0.0312,4.0,16,1024,4096,16384,4480,451.135,747.425,439.777,-0.0383
mixed,32,1,0.0312,4.0,16,2048,128,512,140,285.029,288.484,279.582,-1.5766
mixed,32,1,0.0312,4.0,16,2048,256,1024,280,299.043,330.244,297.889,-0.037
mixed,32,1,0.0312,4.0,16,2048,512,2048,560,289.091,313.538,287.425,-0.0681
mixed,32,1,0.0312,4.0,16,2048,1024,4096,1120,332.257,443.772,330.016,-0.0201
mixed,32,1,0.0312,4.0,16,2048,2048,8192,2240,318.85,610.723,320.545,0.0058
mixed,32,1,0.0312,4.0,16,2048,4096,16384,4480,460.927,815.843,378.98,-0.2309
mixed,32,1,0.0312,4.0,16,4096,128,512,140,298.4,318.688,295.069,-0.1642
mixed,32,1,0.0312,4.0,16,4096,256,1024,280,294.717,312.545,296.287,0.0881
mixed,32,1,0.0312,4.0,16,4096,512,2048,560,317.44,387.039,319.328,0.0271
mixed,32,1,0.0312,4.0,16,4096,1024,4096,1120,317.439,367.139,315.393,-0.0412
mixed,32,1,0.0312,4.0,16,4096,2048,8192,2240,395.649,610.53,383.935,-0.0545
mixed,32,1,0.0312,4.0,16,4096,4096,16384,4480,375.97,948.162,382.4,0.0112
mixed,32,1,0.0312,4.0,16,8192,128,512,140,321.442,325.215,322.336,0.2369
mixed,32,1,0.0312,4.0,16,8192,256,1024,280,316.226,361.731,321.28,0.1111
mixed,32,1,0.0312,4.0,16,8192,512,2048,560,324.737,351.712,322.592,-0.0795
mixed,32,1,0.0312,4.0,16,8192,1024,4096,1120,365.158,492.545,362.627,-0.0199
mixed,32,1,0.0312,4.0,16,8192,2048,8192,2240,360.323,477.603,359.103,-0.0104
mixed,32,1,0.0312,4.0,16,8192,4096,16384,4480,509.633,941.861,493.537,-0.0372
mixed,32,1,0.0312,4.0,32,0,128,512,140,228.45,265.633,251.939,0.6317
mixed,32,1,0.0312,4.0,32,0,256,1024,280,256.222,288.227,258.21,0.0621
mixed,32,1,0.0312,4.0,32,0,512,2048,560,269.376,316.419,268.577,-0.017
mixed,32,1,0.0312,4.0,32,0,1024,4096,1120,292.415,359.457,291.868,-0.0082
mixed,32,1,0.0312,4.0,32,0,2048,8192,2240,326.211,463.844,344.034,0.1295
mixed,32,1,0.0312,4.0,32,0,4096,16384,4480,368.067,656.773,438.783,0.2449
mixed,32,1,0.0312,4.0,32,512,128,512,140,291.204,303.427,269.985,-1.736
mixed,32,1,0.0312,4.0,32,512,256,1024,280,277.055,282.845,277.22,0.0285
mixed,32,1,0.0312,4.0,32,512,512,2048,560,308.097,349.536,305.12,-0.0718
mixed,32,1,0.0312,4.0,32,512,1024,4096,1120,289.313,413.922,322.659,0.2676
mixed,32,1,0.0312,4.0,32,512,2048,8192,2240,361.634,514.53,334.625,-0.1766
mixed,32,1,0.0312,4.0,32,512,4096,16384,4480,422.685,710.593,427.838,0.0179
mixed,32,1,0.0312,4.0,32,1024,128,512,140,280.544,285.028,278.335,-0.4926
mixed,32,1,0.0312,4.0,32,1024,256,1024,280,292.512,331.007,293.182,0.0174
mixed,32,1,0.0312,4.0,32,1024,512,2048,560,285.599,315.553,303.296,0.5908
mixed,32,1,0.0312,4.0,32,1024,1024,4096,1120,334.37,435.585,330.242,-0.0408
mixed,32,1,0.0312,4.0,32,1024,2048,8192,2240,321.667,553.216,374.721,0.2291
mixed,32,1,0.0312,4.0,32,1024,4096,16384,4480,452.034,742.179,416.1,-0.1238
mixed,32,1,0.0312,4.0,32,2048,128,512,140,293.794,315.331,292.479,-0.0611
mixed,32,1,0.0312,4.0,32,2048,256,1024,280,295.679,309.951,294.368,-0.0919
mixed,32,1,0.0312,4.0,32,2048,512,2048,560,316.289,387.901,317.119,0.0116
mixed,32,1,0.0312,4.0,32,2048,1024,4096,1120,308.618,376.029,345.472,0.5467
mixed,32,1,0.0312,4.0,32,2048,2048,8192,2240,394.305,603.684,388.931,-0.0257
mixed,32,1,0.0312,4.0,32,2048,4096,16384,4480,382.819,812.61,475.909,0.2166
mixed,32,1,0.0312,4.0,32,4096,128,512,140,319.264,318.528,319.811,
mixed,32,1,0.0312,4.0,32,4096,256,1024,280,316.802,359.17,319.966,0.0747
mixed,32,1,0.0312,4.0,32,4096,512,2048,560,318.37,342.944,319.524,0.047
mixed,32,1,0.0312,4.0,32,4096,1024,4096,1120,365.248,493.024,360.419,-0.0378
mixed,32,1,0.0312,4.0,32,4096,2048,8192,2240,346.208,484.03,431.555,0.6193
mixed,32,1,0.0312,4.0,32,4096,4096,16384,4480,500.069,932.289,491.267,-0.0204
mixed,32,1,0.0312,4.0,32,8192,128,512,140,347.743,354.176,364.739,2.642
mixed,32,1,0.0312,4.0,32,8192,256,1024,280,363.71,374.69,363.81,0.0091
mixed,32,1,0.0312,4.0,32,8192,512,2048,560,355.36,440.032,353.022,-0.0276
mixed,32,1,0.0312,4.0,32,8192,1024,4096,1120,371.969,427.393,374.622,0.0479
mixed,32,1,0.0312,4.0,32,8192,2048,8192,2240,454.85,702.687,441.506,-0.0538
mixed,32,1,0.0312,4.0,32,8192,4096,16384,4480,432.031,708.289,586.625,0.5596
mixed,32,1,0.0312,4.0,64,0,128,512,140,236.288,273.468,264.512,0.7591
mixed,32,1,0.0312,4.0,64,0,256,1024,280,268.639,295.94,279.808,0.4091
mixed,32,1,0.0312,4.0,64,0,512,2048,560,271.742,321.603,301.601,0.5988
mixed,32,1,0.0312,4.0,64,0,1024,4096,1120,292.672,378.623,336.415,0.5089
mixed,32,1,0.0312,4.0,64,0,2048,8192,2240,339.01,480.064,431.168,0.6534
mixed,32,1,0.0312,4.0,64,0,4096,16384,4480,388.541,677.09,599.711,0.7318
mixed,32,1,0.0312,4.0,64,512,128,512,140,297.951,302.464,296.512,-0.3189
mixed,32,1,0.0312,4.0,64,512,256,1024,280,323.201,345.411,321.442,-0.0792
mixed,32,1,0.0312,4.0,64,512,512,2048,560,300.511,315.936,307.65,0.4628
mixed,32,1,0.0312,4.0,64,512,1024,4096,1120,343.875,418.34,348.703,0.0648
mixed,32,1,0.0312,4.0,64,512,2048,8192,2240,323.136,515.268,419.68,0.5025
mixed,32,1,0.0312,4.0,64,512,4096,16384,4480,427.294,712.062,584.545,0.5522
mixed,32,1,0.0312,4.0,64,1024,128,512,140,308.157,338.433,304.163,-0.1319
mixed,32,1,0.0312,4.0,64,1024,256,1024,280,304.866,319.457,306.655,0.1226
mixed,32,1,0.0312,4.0,64,1024,512,2048,560,340.128,390.337,339.423,-0.014
mixed,32,1,0.0312,4.0,64,1024,1024,4096,1120,320.64,374.719,348.613,0.5173
mixed,32,1,0.0312,4.0,64,1024,2048,8192,2240,396.572,551.235,430.881,0.2218
mixed,32,1,0.0312,4.0,64,1024,4096,16384,4480,384.479,744.163,580.031,0.5437
mixed,32,1,0.0312,4.0,64,2048,128,512,140,328.192,335.39,326.405,-0.2483
mixed,32,1,0.0312,4.0,64,2048,256,1024,280,334.372,379.268,335.359,0.022
mixed,32,1,0.0312,4.0,64,2048,512,2048,560,333.12,356.192,333.31,0.0082
mixed,32,1,0.0312,4.0,64,2048,1024,4096,1120,380.928,485.921,376.674,-0.0405
mixed,32,1,0.0312,4.0,64,2048,2048,8192,2240,354.625,488.194,432.864,0.5858
mixed,32,1,0.0312,4.0,64,2048,4096,16384,4480,502.336,804.034,588.322,0.285
mixed,32,1,0.0312,4.0,64,4096,128,512,140,366.401,397.183,366.623,0.0072
mixed,32,1,0.0312,4.0,64,4096,256,1024,280,377.988,382.558,378.719,0.16
mixed,32,1,0.0312,4.0,64,4096,512,2048,560,395.999,459.235,397.536,0.0243
mixed,32,1,0.0312,4.0,64,4096,1024,4096,1120,380.48,435.391,382.173,0.0308
mixed,32,1,0.0312,4.0,64,4096,2048,8192,2240,466.592,670.626,456.704,-0.0485
mixed,32,1,0.0312,4.0,64,4096,4096,16384,4480,447.362,706.817,593.89,0.5648
mixed,32,1,0.0312,4.0,64,8192,128,512,140,447.325,474.883,443.776,-0.1288
mixed,32,1,0.0312,4.0,64,8192,256,1024,280,458.944,515.072,458.207,-0.0131
mixed,32,1,0.0312,4.0,64,8192,512,2048,560,475.103,487.457,477.759,0.215
mixed,32,1,0.0312,4.0,64,8192,1024,4096,1120,519.228,616.613,516.035,-0.0328
mixed,32,1,0.0312,4.0,64,8192,2048,8192,2240,490.433,594.846,491.683,0.012
mixed,32,1,0.0312,4.0,64,8192,4096,16384,4480,643.074,1041.189,615.84,-0.0684
mixed,32,1,0.0312,4.0,128,0,128,512,140,263.907,310.496,301.986,0.8173
mixed,32,1,0.0312,4.0,128,0,256,1024,280,295.713,322.499,321.183,0.9509
mixed,32,1,0.0312,4.0,128,0,512,2048,560,306.756,366.568,364.993,0.9737
mixed,32,1,0.0312,4.0,128,0,1024,4096,1120,329.023,454.142,442.72,0.9087
mixed,32,1,0.0312,4.0,128,0,2048,8192,2240,373.187,603.046,600.736,0.99
mixed,32,1,0.0312,4.0,128,0,4096,16384,4480,459.17,918.818,912.677,0.9866
mixed,32,1,0.0312,4.0,128,512,128,512,140,363.71,385.278,360.386,-0.1541
mixed,32,1,0.0312,4.0,128,512,256,1024,280,371.748,323.938,370.403,
mixed,32,1,0.0312,4.0,128,512,512,2048,560,387.523,367.556,392.452,
mixed,32,1,0.0312,4.0,128,512,1024,4096,1120,331.936,452.483,443.01,0.9214
mixed,32,1,0.0312,4.0,128,512,2048,8192,2240,376.322,606.976,601.664,0.977
mixed,32,1,0.0312,4.0,128,512,4096,16384,4480,463.903,923.135,910.084,0.9716
mixed,32,1,0.0312,4.0,128,1024,128,512,140,381.41,408.58,381.247,-0.006
mixed,32,1,0.0312,4.0,128,1024,256,1024,280,393.764,424.736,389.248,-0.1458
mixed,32,1,0.0312,4.0,128,1024,512,2048,560,410.178,366.882,409.953,
mixed,32,1,0.0312,4.0,128,1024,1024,4096,1120,425.345,451.039,470.56,1.7597
mixed,32,1,0.0312,4.0,128,1024,2048,8192,2240,375.584,608.77,597.409,0.9513
mixed,32,1,0.0312,4.0,128,1024,4096,16384,4480,462.146,929.954,913.281,0.9644
mixed,32,1,0.0312,4.0,128,2048,128,512,140,421.669,450.977,420.675,-0.0339
mixed,32,1,0.0312,4.0,128,2048,256,1024,280,431.969,487.326,434.274,0.0416
mixed,32,1,0.0312,4.0,128,2048,512,2048,560,450.081,504.545,444.418,-0.104
mixed,32,1,0.0312,4.0,128,2048,1024,4096,1120,489.345,450.048,488.228,
mixed,32,1,0.0312,4.0,128,2048,2048,8192,2240,508.8,614.942,627.679,1.12
mixed,32,1,0.0312,4.0,128,2048,4096,16384,4480,466.116,928.134,913.443,0.9682
mixed,32,1,0.0312,4.0,128,4096,128,512,140,500.415,529.854,499.426,-0.0336
mixed,32,1,0.0312,4.0,128,4096,256,1024,280,512.738,564.577,511.684,-0.0203
mixed,32,1,0.0312,4.0,128,4096,512,2048,560,529.088,642.404,532.094,0.0265
mixed,32,1,0.0312,4.0,128,4096,1024,4096,1120,578.18,665.379,565.92,-0.1406
mixed,32,1,0.0312,4.0,128,4096,2048,8192,2240,657.187,611.429,644.256,
mixed,32,1,0.0312,4.0,128,4096,4096,16384,4480,678.881,931.425,941.279,1.039
mixed,32,1,0.0312,4.0,128,8192,128,512,140,643.973,687.618,643.78,-0.0044
mixed,32,1,0.0312,4.0,128,8192,256,1024,280,643.808,728.579,642.822,-0.0116
mixed,32,1,0.0312,4.0,128,8192,512,2048,560,693.473,801.698,690.628,-0.0263
mixed,32,1,0.0312,4.0,128,8192,1024,4096,1120,730.372,958.943,722.878,-0.0328
mixed,32,1,0.0312,4.0,128,8192,2048,8192,2240,812.192,979.269,800.895,-0.0676
mixed,32,1,0.0312,4.0,128,8192,4096,16384,4480,984.388,927.905,957.122,
mixed,32,1,0.0312,4.0,256,0,128,512,140,330.975,335.872,338.755,1.5887
mixed,32,1,0.0312,4.0,256,0,256,1024,280,326.403,369.859,376.545,1.1539
mixed,32,1,0.0312,4.0,256,0,512,2048,560,335.937,447.936,447.488,0.996
mixed,32,1,0.0312,4.0,256,0,1024,4096,1120,372.865,604.994,603.42,0.9932
mixed,32,1,0.0312,4.0,256,0,2048,8192,2240,461.635,912.419,906.112,0.986
mixed,32,1,0.0312,4.0,256,0,4096,16384,4480,630.588,1534.628,1524.643,0.989
mixed,32,1,0.0312,4.0,256,512,128,512,140,372.257,392.096,369.089,-0.1597
mixed,32,1,0.0312,4.0,256,512,256,1024,280,378.176,431.682,377.219,-0.0179
mixed,32,1,0.0312,4.0,256,512,512,2048,560,399.647,512.256,446.08,0.4123
mixed,32,1,0.0312,4.0,256,512,1024,4096,1120,439.137,666.979,599.971,0.7059
mixed,32,1,0.0312,4.0,256,512,2048,8192,2240,524.353,976.772,911.713,0.8562
mixed,32,1,0.0312,4.0,256,512,4096,16384,4480,694.428,1608.549,1518.374,0.9014
mixed,32,1,0.0312,4.0,256,1024,128,512,140,409.183,435.681,407.326,-0.0701
mixed,32,1,0.0312,4.0,256,1024,256,1024,280,415.678,472.834,416.932,0.0219
mixed,32,1,0.0312,4.0,256,1024,512,2048,560,439.552,549.792,451.612,0.1094
mixed,32,1,0.0312,4.0,256,1024,1024,4096,1120,479.458,706.752,602.881,0.543
mixed,32,1,0.0312,4.0,256,1024,2048,8192,2240,564.195,1014.5,909.058,0.7658
mixed,32,1,0.0312,4.0,256,1024,4096,16384,4480,732.897,1656.099,1531.59,0.8651
mixed,32,1,0.0312,4.0,256,2048,128,512,140,483.518,508.991,484.961,0.0566
mixed,32,1,0.0312,4.0,256,2048,256,1024,280,495.203,550.242,493.184,-0.0367
mixed,32,1,0.0312,4.0,256,2048,512,2048,560,515.072,629.345,512.225,-0.0249
mixed,32,1,0.0312,4.0,256,2048,1024,4096,1120,554.592,783.749,603.938,0.2153
mixed,32,1,0.0312,4.0,256,2048,2048,8192,2240,640.604,1091.3,913.282,0.605
mixed,32,1,0.0312,4.0,256,2048,4096,16384,4480,815.071,1731.524,1527.207,0.7771
mixed,32,1,0.0312,4.0,256,4096,128,512,140,632.128,673.443,633.351,0.0296
mixed,32,1,0.0312,4.0,256,4096,256,1024,280,630.244,708.609,632.388,0.0274
mixed,32,1,0.0312,4.0,256,4096,512,2048,560,672.064,788.738,669.219,-0.0244
mixed,32,1,0.0312,4.0,256,4096,1024,4096,1120,717.632,944.673,711.422,-0.0274
mixed,32,1,0.0312,4.0,256,4096,2048,8192,2240,802.848,1262.276,920.136,0.2553
mixed,32,1,0.0312,4.0,256,4096,4096,16384,4480,970.277,1891.716,1530.658,0.6082
mixed,32,1,0.0312,4.0,256,8192,128,512,140,937.831,933.058,932.678,
mixed,32,1,0.0312,4.0,256,8192,256,1024,280,935.201,1017.729,933.444,-0.0213
mixed,32,1,0.0312,4.0,256,8192,512,2048,560,931.648,1093.666,932.355,0.0044
mixed,32,1,0.0312,4.0,256,8192,1024,4096,1120,1020.289,1245.567,1011.618,-0.0385
mixed,32,1,0.0312,4.0,256,8192,2048,8192,2240,1107.299,1554.338,1095.427,-0.0266
mixed,32,1,0.0312,4.0,256,8192,4096,16384,4480,1275.109,2176.676,1534.339,0.2875
mixed,32,1,0.0312,4.0,512,0,128,512,140,523.491,551.264,544.96,0.773
mixed,32,1,0.0312,4.0,512,0,256,1024,280,545.729,556.994,531.873,-1.23
mixed,32,1,0.0312,4.0,512,0,512,2048,560,572.421,653.602,610.88,0.4737
mixed,32,1,0.0312,4.0,512,0,1024,4096,1120,560.579,787.453,774.848,0.9444
mixed,32,1,0.0312,4.0,512,0,2048,8192,2240,659.235,1113.121,1101.862,0.9752
mixed,32,1,0.0312,4.0,512,0,4096,16384,4480,827.268,1718.214,1720.771,1.0029
mixed,32,1,0.0312,4.0,512,512,128,512,140,642.405,655.492,636.036,-0.4867
mixed,32,1,0.0312,4.0,512,512,256,1024,280,661.185,697.155,651.297,-0.2749
mixed,32,1,0.0312,4.0,512,512,512,2048,560,670.143,783.523,741.726,0.6314
mixed,32,1,0.0312,4.0,512,512,1024,4096,1120,729.441,960.133,871.874,0.6174
mixed,32,1,0.0312,4.0,512,512,2048,8192,2240,810.689,1266.275,1183.396,0.8181
mixed,32,1,0.0312,4.0,512,512,4096,16384,4480,962.656,1875.875,1812.741,0.9309
mixed,32,1,0.0312,4.0,512,1024,128,512,140,718.149,754.882,712.644,-0.1499
mixed,32,1,0.0312,4.0,512,1024,256,1024,280,739.714,798.914,713.216,-0.4476
mixed,32,1,0.0312,4.0,512,1024,512,2048,560,763.709,875.3,769.407,0.0511
mixed,32,1,0.0312,4.0,512,1024,1024,4096,1120,798.434,1015.52,922.981,0.5737
mixed,32,1,0.0312,4.0,512,1024,2048,8192,2240,887.682,1324.384,1223.332,0.7686
mixed,32,1,0.0312,4.0,512,1024,4096,16384,4480,1045.757,1948.804,1854.088,0.8951
mixed,32,1,0.0312,4.0,512,2048,128,512,140,866.084,903.682,853.123,-0.3447
mixed,32,1,0.0312,4.0,512,2048,256,1024,280,842.69,944.224,847.55,0.0479
mixed,32,1,0.0312,4.0,512,2048,512,2048,560,915.905,1034.819,909.378,-0.0549
mixed,32,1,0.0312,4.0,512,2048,1024,4096,1120,953.539,1180.003,1020.224,0.2945
mixed,32,1,0.0312,4.0,512,2048,2048,8192,2240,1054.049,1485.667,1313.797,0.6018
mixed,32,1,0.0312,4.0,512,2048,4096,16384,4480,1194.338,2108.934,1913.829,0.7867
mixed,32,1,0.0312,4.0,512,4096,128,512,140,1156.642,1163.012,1157.731,0.171
mixed,32,1,0.0312,4.0,512,4096,256,1024,280,1150.337,1214.69,1148.192,-0.0333
mixed,32,1,0.0312,4.0,512,4096,512,2048,560,1151.845,1346.885,1154.211,0.0121
mixed,32,1,0.0312,4.0,512,4096,1024,4096,1120,1245.443,1470.055,1243.999,-0.0064
mixed,32,1,0.0312,4.0,512,4096,2048,8192,2240,1349.987,1798.47,1452.702,0.229
mixed,32,1,0.0312,4.0,512,4096,4096,16384,4480,1519.269,2410.373,2086.695,0.6368
mixed,32,1,0.0312,4.0,512,8192,128,512,140,1764.517,1762.53,1750.274,
mixed,32,1,0.0312,4.0,512,8192,256,1024,280,1759.013,1743.334,1745.287,
mixed,32,1,0.0312,4.0,512,8192,512,2048,560,1757.029,1821.092,1764.769,0.1208
mixed,32,1,0.0312,4.0,512,8192,1024,4096,1120,1758.887,2079.494,1778.919,0.0625
mixed,32,1,0.0312,4.0,512,8192,2048,8192,2240,1882.215,2407.144,1922.213,0.0762
mixed,32,1,0.0312,4.0,512,8192,4096,16384,4480,2127.524,3008.709,2391.463,0.2995
mixed,32,1,0.0312,4.0,1024,0,128,512,140,784.965,803.68,786.342,0.0736
mixed,32,1,0.0312,4.0,1024,0,256,1024,280,796.609,820.069,799.103,0.1063
mixed,32,1,0.0312,4.0,1024,0,512,2048,560,806.815,848.033,807.297,0.0117
mixed,32,1,0.0312,4.0,1024,0,1024,4096,1120,821.189,906.691,843.585,0.2619
mixed,32,1,0.0312,4.0,1024,0,2048,8192,2240,849.6,1002.723,894.661,0.2943
mixed,32,1,0.0312,4.0,1024,0,4096,16384,4480,914.98,1195.299,993.441,0.2799
mixed,32,1,0.0312,4.0,1024,512,128,512,140,946.396,960.546,952.028,0.398
mixed,32,1,0.0312,4.0,1024,512,256,1024,280,952.23,979.878,959.78,0.2731
mixed,32,1,0.0312,4.0,1024,512,512,2048,560,967.236,1012.545,970.914,0.0812
mixed,32,1,0.0312,4.0,1024,512,1024,4096,1120,987.006,1063.106,1010.182,0.3045
mixed,32,1,0.0312,4.0,1024,512,2048,8192,2240,1012.516,1167.269,1059.936,0.3064
mixed,32,1,0.0312,4.0,1024,512,4096,16384,4480,1074.627,1359.046,1149.029,0.2616
mixed,32,1,0.0312,4.0,1024,1024,128,512,140,1030.051,1037.189,1030.532,0.0674
mixed,32,1,0.0312,4.0,1024,1024,256,1024,280,1032.388,1055.294,1033.379,0.0433
mixed,32,1,0.0312,4.0,1024,1024,512,2048,560,1040.835,1093.862,1046.153,0.1003
mixed,32,1,0.0312,4.0,1024,1024,1024,4096,1120,1064.736,1146.817,1085.565,0.2538
mixed,32,1,0.0312,4.0,1024,1024,2048,8192,2240,1088.481,1244.097,1134.817,0.2978
mixed,32,1,0.0312,4.0,1024,1024,4096,16384,4480,1148.259,1434.694,1227.521,0.2767
mixed,32,1,0.0312,4.0,1024,2048,128,512,140,1178.054,1193.634,1185.122,0.4537
mixed,32,1,0.0312,4.0,1024,2048,256,1024,280,1191.806,1210.662,1192.485,0.036
mixed,32,1,0.0312,4.0,1024,2048,512,2048,560,1199.781,1239.65,1198.849,-0.0234
mixed,32,1,0.0312,4.0,1024,2048,1024,4096,1120,1213.665,1293.855,1235.33,0.2702
mixed,32,1,0.0312,4.0,1024,2048,2048,8192,2240,1241.413,1390.98,1288.351,0.3138
mixed,32,1,0.0312,4.0,1024,2048,4096,16384,4480,1306.728,1588.995,1377.446,0.2505
mixed,32,1,0.0312,4.0,1024,4096,128,512,140,1506.595,1518.434,1509.25,0.2243
mixed,32,1,0.0312,4.0,1024,4096,256,1024,280,1510.117,1542.981,1516.611,0.1976
mixed,32,1,0.0312,4.0,1024,4096,512,2048,560,1524.389,1563.872,1525.378,0.025
mixed,32,1,0.0312,4.0,1024,4096,1024,4096,1120,1540.93,1621.639,1569.83,0.3581
mixed,32,1,0.0312,4.0,1024,4096,2048,8192,2240,1566.337,1712.485,1609.479,0.2952
mixed,32,1,0.0312,4.0,1024,4096,4096,16384,4480,1629.087,1920.255,1695.297,0.2274
mixed,32,1,0.0312,4.0,1024,8192,128,512,140,2127.969,2136.327,2127.56,-0.0489
mixed,32,1,0.0312,4.0,1024,8192,256,1024,280,2129.153,2153.864,2132.519,0.1362
mixed,32,1,0.0312,4.0,1024,8192,512,2048,560,2142.431,2187.144,2142.342,-0.002
mixed,32,1,0.0312,4.0,1024,8192,1024,4096,1120,2157.574,2232.871,2189.542,0.4246
mixed,32,1,0.0312,4.0,1024,8192,2048,8192,2240,2186.891,2335.814,2225.38,0.2584
mixed,32,1,0.0312,4.0,1024,8192,4096,16384,4480,2245.344,2533.959,2316.873,0.2478
mixed,32,1,0.0312,4.0,2048,0,128,512,140,1481.217,1496.486,1481.314,0.0064
mixed,32,1,0.0312,4.0,2048,0,256,1024,280,1494.025,1513.669,1489.763,-0.217
mixed,32,1,0.0312,4.0,2048,0,512,2048,560,1501.19,1545.029,1496.87,-0.0985
mixed,32,1,0.0312,4.0,2048,0,1024,4096,1120,1513.991,1601.03,1545.795,0.3654
mixed,32,1,0.0312,4.0,2048,0,2048,8192,2240,1547.107,1703.428,1591.716,0.2854
mixed,32,1,0.0312,4.0,2048,0,4096,16384,4480,1611.527,1886.751,1689.381,0.2829
mixed,32,1,0.0312,4.0,2048,512,128,512,140,1708.103,1723.657,1704.744,-0.216
mixed,32,1,0.0312,4.0,2048,512,256,1024,280,1715.687,1736.037,1708.158,-0.37
mixed,32,1,0.0312,4.0,2048,512,512,2048,560,1723.236,1763.718,1721.096,-0.0529
mixed,32,1,0.0312,4.0,2048,512,1024,4096,1120,1738.243,1825.088,1765.246,0.3109
mixed,32,1,0.0312,4.0,2048,512,2048,8192,2240,1764.556,1933.952,1813.788,0.2906
mixed,32,1,0.0312,4.0,2048,512,4096,16384,4480,1828.873,2106.792,1899.105,0.2527
mixed,32,1,0.0312,4.0,2048,1024,128,512,140,1817.668,1834.497,1826.186,0.5062
mixed,32,1,0.0312,4.0,2048,1024,256,1024,280,1826.082,1848.236,1821.215,-0.2197
mixed,32,1,0.0312,4.0,2048,1024,512,2048,560,1837.696,1877.829,1835.109,-0.0645
mixed,32,1,0.0312,4.0,2048,1024,1024,4096,1120,1849.119,1926.629,1876.128,0.3485
mixed,32,1,0.0312,4.0,2048,1024,2048,8192,2240,1877.218,2031.782,1923.107,0.2969
mixed,32,1,0.0312,4.0,2048,1024,4096,16384,4480,1932.295,2225.952,2012.677,0.2737
mixed,32,1,0.0312,4.0,2048,2048,128,512,140,2052.486,2067.713,2052.68,0.0127
mixed,32,1,0.0312,4.0,2048,2048,256,1024,280,2060.102,2082.786,2057.764,-0.1031
mixed,32,1,0.0312,4.0,2048,2048,512,2048,560,2068.356,2112.741,2062.887,-0.1232
mixed,32,1,0.0312,4.0,2048,2048,1024,4096,1120,2083.042,2163.817,2111.653,0.3542
mixed,32,1,0.0312,4.0,2048,2048,2048,8192,2240,2111.621,2276.392,2158.856,0.2867
mixed,32,1,0.0312,4.0,2048,2048,4096,16384,4480,2171.495,2448.62,2248.523,0.278
mixed,32,1,0.0312,4.0,2048,4096,128,512,140,2516.517,2529.123,2516.64,0.0098
mixed,32,1,0.0312,4.0,2048,4096,256,1024,280,2523.403,2543.048,2523.398,-0.0003
mixed,32,1,0.0312,4.0,2048,4096,512,2048,560,2531.427,2564.937,2538.982,0.2255
mixed,32,1,0.0312,4.0,2048,4096,1024,4096,1120,2551.497,2623.81,2574.568,0.319
mixed,32,1,0.0312,4.0,2048,4096,2048,8192,2240,2586.663,2732.773,2616.737,0.2058
mixed,32,1,0.0312,4.0,2048,4096,4096,16384,4480,2633.125,2916.459,2706.309,0.2583
mixed,32,1,0.0312,4.0,2048,8192,128,512,140,3400.97,3412.201,3400.781,-0.0168
mixed,32,1,0.0312,4.0,2048,8192,256,1024,280,3408.712,3430.891,3413.422,0.2124
mixed,32,1,0.0312,4.0,2048,8192,512,2048,560,3418.692,3455.21,3420.583,0.0518
mixed,32,1,0.0312,4.0,2048,8192,1024,4096,1120,3433.227,3506.983,3462.119,0.3917
mixed,32,1,0.0312,4.0,2048,8192,2048,8192,2240,3454.154,3608.101,3511.241,0.3708
mixed,32,1,0.0312,4.0,2048,8192,4096,16384,4480,3514.021,3802.31,3601.762,0.3044
pure,32,2,0.0625,4.0,0,0,128,512,152,211.871,251.267,236.479,0.6246
pure,32,2,0.0625,4.0,0,0,256,1024,304,240.191,263.393,245.028,0.2085
pure,32,2,0.0625,4.0,0,0,512,2048,608,248.447,286.435,254.402,0.1568
pure,32,2,0.0625,4.0,0,0,1024,4096,1216,266.431,336.861,271.968,0.0786
pure,32,2,0.0625,4.0,0,0,2048,8192,2432,299.745,438.626,300.355,0.0044
pure,32,2,0.0625,4.0,0,0,4096,16384,4864,360.606,636.259,428.003,0.2445
mixed,32,2,0.0625,4.0,16,0,128,512,152,228.545,268.418,253.6,0.6284
mixed,32,2,0.0625,4.0,16,0,256,1024,304,257.728,277.119,257.407,-0.0166
mixed,32,2,0.0625,4.0,16,0,512,2048,608,275.552,307.52,270.404,-0.161
mixed,32,2,0.0625,4.0,16,0,1024,4096,1216,281.053,355.23,286.849,0.0781
mixed,32,2,0.0625,4.0,16,0,2048,8192,2432,313.919,457.087,316.637,0.019
mixed,32,2,0.0625,4.0,16,0,4096,16384,4864,376.93,652.032,447.68,0.2572
mixed,32,2,0.0625,4.0,16,512,128,512,152,273.123,276.418,273.345,0.0674
mixed,32,2,0.0625,4.0,16,512,256,1024,304,287.231,282.625,274.177,
mixed,32,2,0.0625,4.0,16,512,512,2048,608,273.023,350.179,276.254,0.0419
mixed,32,2,0.0625,4.0,16,512,1024,4096,1216,327.23,417.182,287.905,-0.4372
mixed,32,2,0.0625,4.0,16,512,2048,8192,2432,374.179,514.047,315.779,-0.4175
mixed,32,2,0.0625,4.0,16,512,4096,16384,4864,435.009,702.374,382.498,-0.1964
mixed,32,2,0.0625,4.0,16,1024,128,512,152,288.995,298.302,269.442,-2.1009
mixed,32,2,0.0625,4.0,16,1024,256,1024,304,280.96,291.774,279.683,-0.1181
mixed,32,2,0.0625,4.0,16,1024,512,2048,608,300.258,356.547,299.202,-0.0188
mixed,32,2,0.0625,4.0,16,1024,1024,4096,1216,290.977,436.639,323.36,0.2223
mixed,32,2,0.0625,4.0,16,1024,2048,8192,2432,376.832,555.327,320.766,-0.3141
mixed,32,2,0.0625,4.0,16,1024,4096,16384,4864,469.508,744.16,377.665,-0.3344
mixed,32,2,0.0625,4.0,16,2048,128,512,152,286.272,286.911,279.907,-9.9609
mixed,32,2,0.0625,4.0,16,2048,256,1024,304,293.25,330.403,296.383,0.0843
mixed,32,2,0.0625,4.0,16,2048,512,2048,608,292.13,315.457,289.794,-0.1001
mixed,32,2,0.0625,4.0,16,2048,1024,4096,1216,340.033,442.528,329.026,-0.1074
mixed,32,2,0.0625,4.0,16,2048,2048,8192,2432,321.058,609.887,389.598,0.2373
mixed,32,2,0.0625,4.0,16,2048,4096,16384,4864,475.806,814.819,378.947,-0.2857
mixed,32,2,0.0625,4.0,16,4096,128,512,152,297.377,318.176,296.673,-0.0338
mixed,32,2,0.0625,4.0,16,4096,256,1024,304,297.758,312.0,297.441,-0.0223
mixed,32,2,0.0625,4.0,16,4096,512,2048,608,320.836,385.694,316.511,-0.0667
mixed,32,2,0.0625,4.0,16,4096,1024,4096,1216,317.533,371.233,318.881,0.0251
mixed,32,2,0.0625,4.0,16,4096,2048,8192,2432,404.928,606.335,385.598,-0.096
mixed,32,2,0.0625,4.0,16,4096,4096,16384,4864,468.292,950.082,501.409,0.0687
mixed,32,2,0.0625,4.0,16,8192,128,512,152,322.337,321.283,319.519,
mixed,32,2,0.0625,4.0,16,8192,256,1024,304,315.105,360.164,323.551,0.1874
mixed,32,2,0.0625,4.0,16,8192,512,2048,608,325.663,348.929,324.161,-0.0646
mixed,32,2,0.0625,4.0,16,8192,1024,4096,1216,380.26,491.681,365.7,-0.1307
mixed,32,2,0.0625,4.0,16,8192,2048,8192,2432,406.628,483.906,362.145,-0.5756
mixed,32,2,0.0625,4.0,16,8192,4096,16384,4864,532.387,936.932,493.952,-0.095
mixed,32,2,0.0625,4.0,32,0,128,512,152,228.512,266.236,249.637,0.56
mixed,32,2,0.0625,4.0,32,0,256,1024,304,258.56,290.276,258.02,-0.017
mixed,32,2,0.0625,4.0,32,0,512,2048,608,273.314,315.487,268.74,-0.1085
mixed,32,2,0.0625,4.0,32,0,1024,4096,1216,301.343,358.399,293.824,-0.1318
mixed,32,2,0.0625,4.0,32,0,2048,8192,2432,325.635,462.56,335.454,0.0717
mixed,32,2,0.0625,4.0,32,0,4096,16384,4864,377.892,656.766,442.786,0.2327
mixed,32,2,0.0625,4.0,32,512,128,512,152,290.465,303.073,270.498,-1.5837
mixed,32,2,0.0625,4.0,32,512,256,1024,304,275.14,285.601,276.572,0.1369
mixed,32,2,0.0625,4.0,32,512,512,2048,608,303.199,351.072,307.133,0.0822
mixed,32,2,0.0625,4.0,32,512,1024,4096,1216,292.478,420.066,323.583,0.2438
mixed,32,2,0.0625,4.0,32,512,2048,8192,2432,369.916,514.685,338.332,-0.2182
mixed,32,2,0.0625,4.0,32,512,4096,16384,4864,435.492,710.467,423.041,-0.0453
mixed,32,2,0.0625,4.0,32,1024,128,512,152,279.616,283.839,278.627,-0.2342
mixed,32,2,0.0625,4.0,32,1024,256,1024,304,292.001,331.519,292.891,0.0225
mixed,32,2,0.0625,4.0,32,1024,512,2048,608,289.57,314.433,288.163,-0.0566
mixed,32,2,0.0625,4.0,32,1024,1024,4096,1216,336.672,433.442,332.195,-0.0463
mixed,32,2,0.0625,4.0,32,1024,2048,8192,2432,327.872,553.024,379.041,0.2273
mixed,32,2,0.0625,4.0,32,1024,4096,16384,4864,466.944,744.96,419.647,-0.1701
mixed,32,2,0.0625,4.0,32,2048,128,512,152,293.825,314.69,294.912,0.0521
mixed,32,2,0.0625,4.0,32,2048,256,1024,304,296.415,304.513,294.787,-0.201
mixed,32,2,0.0625,4.0,32,2048,512,2048,608,322.21,385.569,315.905,-0.0995
mixed,32,2,0.0625,4.0,32,2048,1024,4096,1216,306.368,372.866,349.505,0.6487
mixed,32,2,0.0625,4.0,32,2048,2048,8192,2432,394.658,601.692,389.28,-0.026
mixed,32,2,0.0625,4.0,32,2048,4096,16384,4864,468.255,806.113,477.73,0.028
mixed,32,2,0.0625,4.0,32,4096,128,512,152,320.001,320.738,322.113,2.8657
mixed,32,2,0.0625,4.0,32,4096,256,1024,304,315.618,359.331,319.391,0.0863
mixed,32,2,0.0625,4.0,32,4096,512,2048,608,317.059,346.078,322.081,0.1731
mixed,32,2,0.0625,4.0,32,4096,1024,4096,1216,374.751,491.168,361.663,-0.1124
mixed,32,2,0.0625,4.0,32,4096,2048,8192,2432,355.329,486.108,433.599,0.5985
mixed,32,2,0.0625,4.0,32,4096,4096,16384,4864,519.488,934.277,491.713,-0.067
mixed,32,2,0.0625,4.0,32,8192,128,512,152,347.198,354.973,363.742,2.1278
mixed,32,2,0.0625,4.0,32,8192,256,1024,304,363.715,372.417,362.11,-0.1844
mixed,32,2,0.0625,4.0,32,8192,512,2048,608,363.586,439.809,358.693,-0.0642
mixed,32,2,0.0625,4.0,32,8192,1024,4096,1216,370.88,422.4,370.693,-0.0036
mixed,32,2,0.0625,4.0,32,8192,2048,8192,2432,468.386,702.495,442.752,-0.1095
mixed,32,2,0.0625,4.0,32,8192,4096,16384,4864,528.386,708.961,590.275,0.3427
mixed,32,2,0.0625,4.0,64,0,128,512,152,236.003,275.358,264.225,0.7171
mixed,32,2,0.0625,4.0,64,0,256,1024,304,264.673,298.658,276.994,0.3625
mixed,32,2,0.0625,4.0,64,0,512,2048,608,282.979,323.393,297.156,0.3508
mixed,32,2,0.0625,4.0,64,0,1024,4096,1216,309.984,373.573,335.262,0.3975
mixed,32,2,0.0625,4.0,64,0,2048,8192,2432,338.367,476.162,421.888,0.6061
mixed,32,2,0.0625,4.0,64,0,4096,16384,4864,393.89,678.274,597.281,0.7152
mixed,32,2,0.0625,4.0,64,512,128,512,152,300.354,302.304,297.95,-1.2328
mixed,32,2,0.0625,4.0,64,512,256,1024,304,321.764,345.12,319.423,-0.1002
mixed,32,2,0.0625,4.0,64,512,512,2048,608,307.011,317.317,307.587,0.0559
mixed,32,2,0.0625,4.0,64,512,1024,4096,1216,348.29,418.845,350.815,0.0358
mixed,32,2,0.0625,4.0,64,512,2048,8192,2432,326.37,519.169,419.78,0.4845
mixed,32,2,0.0625,4.0,64,512,4096,16384,4864,434.241,715.713,580.958,0.5212
mixed,32,2,0.0625,4.0,64,1024,128,512,152,305.119,339.363,305.692,0.0167
mixed,32,2,0.0625,4.0,64,1024,256,1024,304,306.08,319.714,307.2,0.0821
mixed,32,2,0.0625,4.0,64,1024,512,2048,608,344.964,391.108,341.695,-0.0708
mixed,32,2,0.0625,4.0,64,1024,1024,4096,1216,320.066,374.207,350.205,0.5567
mixed,32,2,0.0625,4.0,64,1024,2048,8192,2432,401.309,551.202,428.927,0.1843
mixed,32,2,0.0625,4.0,64,1024,4096,16384,4864,397.728,747.487,583.171,0.5302
mixed,32,2,0.0625,4.0,64,2048,128,512,152,327.649,334.37,326.339,-0.1949
mixed,32,2,0.0625,4.0,64,2048,256,1024,304,333.92,377.952,335.588,0.0379
mixed,32,2,0.0625,4.0,64,2048,512,2048,608,334.977,357.825,337.505,0.1106
mixed,32,2,0.0625,4.0,64,2048,1024,4096,1216,390.879,485.602,396.482,0.0592
mixed,32,2,0.0625,4.0,64,2048,2048,8192,2432,366.849,485.475,432.096,0.55
mixed,32,2,0.0625,4.0,64,2048,4096,16384,4864,507.011,803.008,589.826,0.2798
mixed,32,2,0.0625,4.0,64,4096,128,512,152,369.861,396.48,365.858,-0.1504
mixed,32,2,0.0625,4.0,64,4096,256,1024,304,375.518,384.256,376.128,0.0698
mixed,32,2,0.0625,4.0,64,4096,512,2048,608,402.751,456.097,399.044,-0.0695
mixed,32,2,0.0625,4.0,64,4096,1024,4096,1216,381.793,436.29,383.587,0.0329
mixed,32,2,0.0625,4.0,64,4096,2048,8192,2432,485.248,670.115,483.841,-0.0076
mixed,32,2,0.0625,4.0,64,4096,4096,16384,4864,541.212,710.24,591.301,0.2963
mixed,32,2,0.0625,4.0,64,8192,128,512,152,446.496,476.157,444.258,-0.0755
mixed,32,2,0.0625,4.0,64,8192,256,1024,304,456.865,517.477,455.968,-0.0148
mixed,32,2,0.0625,4.0,64,8192,512,2048,608,484.802,489.698,476.349,-1.7265
mixed,32,2,0.0625,4.0,64,8192,1024,4096,1216,530.465,613.571,516.063,-0.1733
mixed,32,2,0.0625,4.0,64,8192,2048,8192,2432,490.047,596.352,491.169,0.0106
mixed,32,2,0.0625,4.0,64,8192,4096,16384,4864,669.25,1041.953,669.089,-0.0004
mixed,32,2,0.0625,4.0,128,0,128,512,152,265.026,310.913,303.009,0.8278
mixed,32,2,0.0625,4.0,128,0,256,1024,304,297.153,332.193,323.008,0.7379
mixed,32,2,0.0625,4.0,128,0,512,2048,608,312.384,368.673,364.261,0.9216
mixed,32,2,0.0625,4.0,128,0,1024,4096,1216,330.241,445.666,443.778,0.9836
mixed,32,2,0.0625,4.0,128,0,2048,8192,2432,381.789,601.381,599.904,0.9933
mixed,32,2,0.0625,4.0,128,0,4096,16384,4864,477.088,920.004,912.228,0.9824
mixed,32,2,0.0625,4.0,128,512,128,512,152,365.218,381.537,361.056,-0.255
mixed,32,2,0.0625,4.0,128,512,256,1024,304,372.097,327.134,372.226,
mixed,32,2,0.0625,4.0,128,512,512,2048,608,388.194,368.228,390.177,
mixed,32,2,0.0625,4.0,128,512,1024,4096,1216,331.938,450.718,442.749,0.9329
mixed,32,2,0.0625,4.0,128,512,2048,8192,2432,383.711,608.701,597.376,0.9497
mixed,32,2,0.0625,4.0,128,512,4096,16384,4864,479.173,919.203,912.26,0.9842
mixed,32,2,0.0625,4.0,128,1024,128,512,152,381.859,408.161,380.831,-0.0391
mixed,32,2,0.0625,4.0,128,1024,256,1024,304,392.703,426.017,390.205,-0.075
mixed,32,2,0.0625,4.0,128,1024,512,2048,608,417.728,366.722,412.736,
mixed,32,2,0.0625,4.0,128,1024,1024,4096,1216,429.698,453.605,467.97,1.6009
mixed,32,2,0.0625,4.0,128,1024,2048,8192,2432,382.818,607.232,600.961,0.9721
mixed,32,2,0.0625,4.0,128,1024,4096,16384,4864,481.984,924.737,913.666,0.975
mixed,32,2,0.0625,4.0,128,2048,128,512,152,418.208,447.712,421.503,0.1117
mixed,32,2,0.0625,4.0,128,2048,256,1024,304,432.42,485.151,433.952,0.0291
mixed,32,2,0.0625,4.0,128,2048,512,2048,608,458.211,507.394,449.986,-0.1672
mixed,32,2,0.0625,4.0,128,2048,1024,4096,1216,497.055,451.235,486.211,
mixed,32,2,0.0625,4.0,128,2048,2048,8192,2432,523.458,613.122,631.52,1.2052
mixed,32,2,0.0625,4.0,128,2048,4096,16384,4864,481.247,927.778,914.79,0.9709
mixed,32,2,0.0625,4.0,128,4096,128,512,152,500.58,528.548,499.904,-0.0242
mixed,32,2,0.0625,4.0,128,4096,256,1024,304,512.77,564.804,508.898,-0.0744
mixed,32,2,0.0625,4.0,128,4096,512,2048,608,535.621,645.249,530.882,-0.0432
mixed,32,2,0.0625,4.0,128,4096,1024,4096,1216,578.278,668.227,567.998,-0.1143
mixed,32,2,0.0625,4.0,128,4096,2048,8192,2432,675.17,612.356,643.683,
mixed,32,2,0.0625,4.0,128,4096,4096,16384,4864,691.842,931.52,938.499,1.0291
mixed,32,2,0.0625,4.0,128,8192,128,512,152,645.763,687.364,647.041,0.0307
mixed,32,2,0.0625,4.0,128,8192,256,1024,304,644.929,725.025,643.965,-0.012
mixed,32,2,0.0625,4.0,128,8192,512,2048,608,690.595,800.166,689.953,-0.0059
mixed,32,2,0.0625,4.0,128,8192,1024,4096,1216,739.395,958.529,730.883,-0.0388
mixed,32,2,0.0625,4.0,128,8192,2048,8192,2432,831.809,979.616,802.145,-0.2007
mixed,32,2,0.0625,4.0,128,8192,4096,16384,4864,1014.723,928.71,959.109,
mixed,32,2,0.0625,4.0,256,0,128,512,152,329.09,336.645,334.341,0.695
mixed,32,2,0.0625,4.0,256,0,256,1024,304,329.312,369.633,371.361,1.0429
mixed,32,2,0.0625,4.0,256,0,512,2048,608,337.981,447.97,448.225,1.0023
mixed,32,2,0.0625,4.0,256,0,1024,4096,1216,385.347,604.514,602.721,0.9918
mixed,32,2,0.0625,4.0,256,0,2048,8192,2432,478.944,913.409,909.444,0.9909
mixed,32,2,0.0625,4.0,256,0,4096,16384,4864,661.57,1531.456,1525.088,0.9927
mixed,32,2,0.0625,4.0,256,512,128,512,152,368.897,394.945,371.49,0.0995
mixed,32,2,0.0625,4.0,256,512,256,1024,304,377.344,432.898,377.762,0.0075
mixed,32,2,0.0625,4.0,256,512,512,2048,608,398.401,510.915,447.747,0.4386
mixed,32,2,0.0625,4.0,256,512,1024,4096,1216,446.56,667.874,598.977,0.6887
mixed,32,2,0.0625,4.0,256,512,2048,8192,2432,537.632,973.734,909.761,0.8533
mixed,32,2,0.0625,4.0,256,512,4096,16384,4864,722.111,1594.213,1521.795,0.917
mixed,32,2,0.0625,4.0,256,1024,128,512,152,410.021,432.932,409.596,-0.0186
mixed,32,2,0.0625,4.0,256,1024,256,1024,304,418.402,472.48,413.345,-0.0935
mixed,32,2,0.0625,4.0,256,1024,512,2048,608,438.209,550.402,449.056,0.0967
mixed,32,2,0.0625,4.0,256,1024,1024,4096,1216,487.072,706.151,601.187,0.5209
mixed,32,2,0.0625,4.0,256,1024,2048,8192,2432,579.615,1017.091,911.969,0.7597
mixed,32,2,0.0625,4.0,256,1024,4096,16384,4864,763.201,1657.151,1526.02,0.8533
mixed,32,2,0.0625,4.0,256,2048,128,512,152,487.329,511.36,484.608,-0.1132
mixed,32,2,0.0625,4.0,256,2048,256,1024,304,497.411,548.991,493.378,-0.0782
mixed,32,2,0.0625,4.0,256,2048,512,2048,608,520.13,629.091,512.514,-0.0699
mixed,32,2,0.0625,4.0,256,2048,1024,4096,1216,562.111,786.82,604.707,0.1896
mixed,32,2,0.0625,4.0,256,2048,2048,8192,2432,658.499,1092.004,915.073,0.5919
mixed,32,2,0.0625,4.0,256,2048,4096,16384,4864,844.1,1727.555,1530.563,0.777
mixed,32,2,0.0625,4.0,256,4096,128,512,152,629.185,669.698,630.05,0.0214
mixed,32,2,0.0625,4.0,256,4096,256,1024,304,630.597,707.712,627.007,-0.0466
mixed,32,2,0.0625,4.0,256,4096,512,2048,608,679.077,783.777,671.266,-0.0746
mixed,32,2,0.0625,4.0,256,4096,1024,4096,1216,725.342,944.322,709.569,-0.072
mixed,32,2,0.0625,4.0,256,4096,2048,8192,2432,814.21,1256.644,918.021,0.2346
mixed,32,2,0.0625,4.0,256,4096,4096,16384,4864,1001.661,1896.548,1535.619,0.5967
mixed,32,2,0.0625,4.0,256,8192,128,512,152,937.824,930.564,938.148,
mixed,32,2,0.0625,4.0,256,8192,256,1024,304,933.666,1013.186,936.128,0.031
mixed,32,2,0.0625,4.0,256,8192,512,2048,608,933.217,1090.207,932.068,-0.0073
mixed,32,2,0.0625,4.0,256,8192,1024,4096,1216,1027.745,1248.995,1013.287,-0.0653
mixed,32,2,0.0625,4.0,256,8192,2048,8192,2432,1124.101,1560.292,1095.331,-0.066
mixed,32,2,0.0625,4.0,256,8192,4096,16384,4864,1304.739,2172.997,1535.909,0.2662
mixed,32,2,0.0625,4.0,512,0,128,512,152,547.104,571.711,549.666,0.1041
mixed,32,2,0.0625,4.0,512,0,256,1024,304,565.443,576.611,560.865,-0.4099
mixed,32,2,0.0625,4.0,512,0,512,2048,608,567.299,626.335,605.892,0.6537
mixed,32,2,0.0625,4.0,512,0,1024,4096,1216,568.991,786.626,803.134,1.0759
mixed,32,2,0.0625,4.0,512,0,2048,8192,2432,660.258,1098.754,1104.416,1.0129
mixed,32,2,0.0625,4.0,512,0,4096,16384,4864,846.115,1728.933,1711.715,0.9805
mixed,32,2,0.0625,4.0,512,512,128,512,152,639.075,655.745,624.674,-0.8639
mixed,32,2,0.0625,4.0,512,512,256,1024,304,625.156,725.862,644.293,0.19
mixed,32,2,0.0625,4.0,512,512,512,2048,608,675.269,778.43,727.196,0.5034
mixed,32,2,0.0625,4.0,512,512,1024,4096,1216,716.101,932.99,884.895,0.7783
mixed,32,2,0.0625,4.0,512,512,2048,8192,2432,829.217,1240.229,1181.062,0.856
mixed,32,2,0.0625,4.0,512,512,4096,16384,4864,995.331,1854.243,1802.406,0.9396
mixed,32,2,0.0625,4.0,512,1024,128,512,152,716.513,740.484,715.009,-0.0627
mixed,32,2,0.0625,4.0,512,1024,256,1024,304,734.179,789.121,743.298,0.166
mixed,32,2,0.0625,4.0,512,1024,512,2048,608,746.371,877.249,756.161,0.0748
mixed,32,2,0.0625,4.0,512,1024,1024,4096,1216,805.22,1034.405,927.843,0.535
mixed,32,2,0.0625,4.0,512,1024,2048,8192,2432,891.556,1338.85,1223.713,0.7426
mixed,32,2,0.0625,4.0,512,1024,4096,16384,4864,1080.003,1957.827,1851.174,0.8785
mixed,32,2,0.0625,4.0,512,2048,128,512,152,854.403,877.728,849.192,-0.2234
mixed,32,2,0.0625,4.0,512,2048,256,1024,304,867.394,927.396,865.666,-0.0288
mixed,32,2,0.0625,4.0,512,2048,512,2048,608,896.674,1010.98,903.434,0.0591
mixed,32,2,0.0625,4.0,512,2048,1024,4096,1216,965.602,1169.954,1009.121,0.213
mixed,32,2,0.0625,4.0,512,2048,2048,8192,2432,1048.836,1495.718,1314.817,0.5952
mixed,32,2,0.0625,4.0,512,2048,4096,16384,4864,1228.705,2093.22,1949.415,0.8337
mixed,32,2,0.0625,4.0,512,4096,128,512,152,1170.691,1131.232,1163.617,
mixed,32,2,0.0625,4.0,512,4096,256,1024,304,1160.317,1204.578,1147.874,-0.2811
mixed,32,2,0.0625,4.0,512,4096,512,2048,608,1150.371,1340.933,1174.947,0.129
mixed,32,2,0.0625,4.0,512,4096,1024,4096,1216,1239.809,1472.225,1248.609,0.0379
mixed,32,2,0.0625,4.0,512,4096,2048,8192,2432,1333.381,1809.828,1463.012,0.2721
mixed,32,2,0.0625,4.0,512,4096,4096,16384,4864,1534.178,2415.109,2090.852,0.6319
mixed,32,2,0.0625,4.0,512,8192,128,512,152,1750.823,1763.877,1752.966,0.1642
mixed,32,2,0.0625,4.0,512,8192,256,1024,304,1753.796,1760.453,1756.228,0.3653
mixed,32,2,0.0625,4.0,512,8192,512,2048,608,1755.108,1828.227,1776.45,0.2919
mixed,32,2,0.0625,4.0,512,8192,1024,4096,1216,1756.898,2080.133,1764.548,0.0237
mixed,32,2,0.0625,4.0,512,8192,2048,8192,2432,1951.27,2385.51,1950.178,-0.0025
mixed,32,2,0.0625,4.0,512,8192,4096,16384,4864,2153.219,2999.304,2397.478,0.2887
mixed,32,2,0.0625,4.0,1024,0,128,512,152,789.699,802.113,792.775,0.2478
mixed,32,2,0.0625,4.0,1024,0,256,1024,304,795.97,820.582,798.785,0.1144
mixed,32,2,0.0625,4.0,1024,0,512,2048,608,802.276,851.203,812.508,0.2091
mixed,32,2,0.0625,4.0,1024,0,1024,4096,1216,821.215,907.62,833.95,0.1474
mixed,32,2,0.0625,4.0,1024,0,2048,8192,2432,861.891,1006.913,868.388,0.0448
mixed,32,2,0.0625,4.0,1024,0,4096,16384,4864,927.687,1200.386,989.664,0.2273
mixed,32,2,0.0625,4.0,1024,512,128,512,152,950.243,962.213,948.93,-0.1097
mixed,32,2,0.0625,4.0,1024,512,256,1024,304,958.916,979.073,958.882,-0.0017
mixed,32,2,0.0625,4.0,1024,512,512,2048,608,974.498,1006.243,972.68,-0.0573
mixed,32,2,0.0625,4.0,1024,512,1024,4096,1216,987.525,1064.801,992.386,0.0629
mixed,32,2,0.0625,4.0,1024,512,2048,8192,2432,1018.338,1161.988,1020.797,0.0171
mixed,32,2,0.0625,4.0,1024,512,4096,16384,4864,1089.988,1358.37,1151.136,0.2278
mixed,32,2,0.0625,4.0,1024,1024,128,512,152,1025.698,1044.512,1029.122,0.182
mixed,32,2,0.0625,4.0,1024,1024,256,1024,304,1037.44,1054.305,1036.001,-0.0853
mixed,32,2,0.0625,4.0,1024,1024,512,2048,608,1045.062,1085.86,1050.82,0.1411
mixed,32,2,0.0625,4.0,1024,1024,1024,4096,1216,1067.134,1144.095,1066.946,-0.0024
mixed,32,2,0.0625,4.0,1024,1024,2048,8192,2432,1099.362,1239.205,1101.891,0.0181
mixed,32,2,0.0625,4.0,1024,1024,4096,16384,4864,1162.657,1433.06,1224.642,0.2292
mixed,32,2,0.0625,4.0,1024,2048,128,512,152,1178.213,1196.393,1179.043,0.0457
mixed,32,2,0.0625,4.0,1024,2048,256,1024,304,1191.327,1214.43,1191.495,0.0073
mixed,32,2,0.0625,4.0,1024,2048,512,2048,608,1195.398,1239.755,1206.916,0.2597
mixed,32,2,0.0625,4.0,1024,2048,1024,4096,1216,1217.414,1287.809,1224.835,0.1054
mixed,32,2,0.0625,4.0,1024,2048,2048,8192,2432,1254.372,1393.445,1254.208,-0.0012
mixed,32,2,0.0625,4.0,1024,2048,4096,16384,4864,1316.168,1589.509,1386.204,0.2562
mixed,32,2,0.0625,4.0,1024,4096,128,512,152,1507.046,1527.141,1505.439,-0.08
mixed,32,2,0.0625,4.0,1024,4096,256,1024,304,1517.635,1539.654,1516.708,-0.0421
mixed,32,2,0.0625,4.0,1024,4096,512,2048,608,1531.715,1568.737,1529.094,-0.0708
mixed,32,2,0.0625,4.0,1024,4096,1024,4096,1216,1540.99,1624.161,1550.914,0.1193
mixed,32,2,0.0625,4.0,1024,4096,2048,8192,2432,1580.577,1720.165,1584.546,0.0284
mixed,32,2,0.0625,4.0,1024,4096,4096,16384,4864,1643.14,1920.197,1710.152,0.2419
mixed,32,2,0.0625,4.0,1024,8192,128,512,152,2125.699,2144.485,2131.333,0.2999
mixed,32,2,0.0625,4.0,1024,8192,256,1024,304,2127.905,2155.048,2131.203,0.1215
mixed,32,2,0.0625,4.0,1024,8192,512,2048,608,2140.742,2175.72,2148.808,0.2306
mixed,32,2,0.0625,4.0,1024,8192,1024,4096,1216,2163.976,2239.973,2171.561,0.0998
mixed,32,2,0.0625,4.0,1024,8192,2048,8192,2432,2193.796,2340.678,2196.224,0.0165
mixed,32,2,0.0625,4.0,1024,8192,4096,16384,4864,2265.765,2534.888,2319.556,0.1999
mixed,32,2,0.0625,4.0,2048,0,128,512,152,1480.84,1497.767,1481.766,0.0547
mixed,32,2,0.0625,4.0,2048,0,256,1024,304,1490.718,1519.107,1495.938,0.1839
mixed,32,2,0.0625,4.0,2048,0,512,2048,608,1493.702,1541.408,1504.029,0.2165
mixed,32,2,0.0625,4.0,2048,0,1024,4096,1216,1518.5,1598.726,1527.397,0.1109
mixed,32,2,0.0625,4.0,2048,0,2048,8192,2432,1555.304,1698.947,1560.677,0.0374
mixed,32,2,0.0625,4.0,2048,0,4096,16384,4864,1617.477,1885.384,1688.322,0.2644
mixed,32,2,0.0625,4.0,2048,512,128,512,152,1708.543,1723.911,1708.389,-0.01
mixed,32,2,0.0625,4.0,2048,512,256,1024,304,1714.367,1737.377,1713.314,-0.0458
mixed,32,2,0.0625,4.0,2048,512,512,2048,608,1720.036,1762.505,1733.064,0.3068
mixed,32,2,0.0625,4.0,2048,512,1024,4096,1216,1743.845,1825.571,1748.899,0.0618
mixed,32,2,0.0625,4.0,2048,512,2048,8192,2432,1776.095,1919.973,1780.168,0.0283
mixed,32,2,0.0625,4.0,2048,512,4096,16384,4864,1846.95,2112.561,1907.335,0.2273
mixed,32,2,0.0625,4.0,2048,1024,128,512,152,1827.5,1833.189,1815.915,-2.0364
mixed,32,2,0.0625,4.0,2048,1024,256,1024,304,1828.61,1848.65,1828.671,0.003
mixed,32,2,0.0625,4.0,2048,1024,512,2048,608,1843.619,1878.049,1840.904,-0.0789
mixed,32,2,0.0625,4.0,2048,1024,1024,4096,1216,1857.541,1939.174,1863.968,0.0787
mixed,32,2,0.0625,4.0,2048,1024,2048,8192,2432,1882.5,2031.816,1893.128,0.0712
mixed,32,2,0.0625,4.0,2048,1024,4096,16384,4864,1956.356,2214.794,2021.441,0.2518
mixed,32,2,0.0625,4.0,2048,2048,128,512,152,2062.595,2070.306,2050.635,-1.551
mixed,32,2,0.0625,4.0,2048,2048,256,1024,304,2056.958,2087.336,2061.602,0.1529
mixed,32,2,0.0625,4.0,2048,2048,512,2048,608,2070.693,2115.786,2073.219,0.056
mixed,32,2,0.0625,4.0,2048,2048,1024,4096,1216,2086.595,2161.636,2094.922,0.111
mixed,32,2,0.0625,4.0,2048,2048,2048,8192,2432,2132.614,2266.757,2130.824,-0.0133
mixed,32,2,0.0625,4.0,2048,2048,4096,16384,4864,2186.823,2463.109,2251.755,0.235
mixed,32,2,0.0625,4.0,2048,4096,128,512,152,2523.046,2529.994,2521.766,-0.1842
mixed,32,2,0.0625,4.0,2048,4096,256,1024,304,2528.039,2548.746,2521.667,-0.3077
mixed,32,2,0.0625,4.0,2048,4096,512,2048,608,2536.131,2571.939,2533.224,-0.0812
mixed,32,2,0.0625,4.0,2048,4096,1024,4096,1216,2548.204,2632.81,2559.305,0.1312
mixed,32,2,0.0625,4.0,2048,4096,2048,8192,2432,2580.26,2728.741,2593.928,0.0921
mixed,32,2,0.0625,4.0,2048,4096,4096,16384,4864,2652.579,2915.969,2706.016,0.2029
mixed,32,2,0.0625,4.0,2048,8192,128,512,152,3403.622,3418.663,3391.371,-0.8145
mixed,32,2,0.0625,4.0,2048,8192,256,1024,304,3419.306,3425.385,3424.39,0.8363
mixed,32,2,0.0625,4.0,2048,8192,512,2048,608,3414.662,3457.514,3417.288,0.0613
mixed,32,2,0.0625,4.0,2048,8192,1024,4096,1216,3431.882,3524.422,3442.25,0.112
mixed,32,2,0.0625,4.0,2048,8192,2048,8192,2432,3468.965,3615.53,3474.189,0.0356
mixed,32,2,0.0625,4.0,2048,8192,4096,16384,4864,3525.697,3810.505,3604.366,0.2762
pure,32,3,0.0938,4.0,0,0,128,512,164,212.642,248.899,236.767,0.6654
pure,32,3,0.0938,4.0,0,0,256,1024,328,248.48,261.311,244.349,-0.322
pure,32,3,0.0938,4.0,0,0,512,2048,656,252.929,285.983,255.549,0.0793
pure,32,3,0.0938,4.0,0,0,1024,4096,1312,268.1,336.481,271.966,0.0565
pure,32,3,0.0938,4.0,0,0,2048,8192,2624,303.199,438.303,305.792,0.0192
pure,32,3,0.0938,4.0,0,0,4096,16384,5248,364.705,635.873,370.498,0.0214
mixed,32,3,0.0938,4.0,16,0,128,512,164,229.216,263.973,252.291,0.6639
mixed,32,3,0.0938,4.0,16,0,256,1024,328,260.644,276.672,258.687,-0.1221
mixed,32,3,0.0938,4.0,16,0,512,2048,656,267.617,305.984,271.584,0.1034
mixed,32,3,0.0938,4.0,16,0,1024,4096,1312,283.617,360.386,286.401,0.0363
mixed,32,3,0.0938,4.0,16,0,2048,8192,2624,322.911,458.208,325.535,0.0194
mixed,32,3,0.0938,4.0,16,0,4096,16384,5248,383.618,653.665,385.152,0.0057
mixed,32,3,0.0938,4.0,16,512,128,512,164,274.08,276.318,273.055,-0.458
mixed,32,3,0.0938,4.0,16,512,256,1024,328,280.765,282.016,278.464,-1.8393
mixed,32,3,0.0938,4.0,16,512,512,2048,656,273.057,348.737,309.953,0.4875
mixed,32,3,0.0938,4.0,16,512,1024,4096,1312,289.603,414.689,320.26,0.2451
mixed,32,3,0.0938,4.0,16,512,2048,8192,2624,377.697,512.766,321.154,-0.4186
mixed,32,3,0.0938,4.0,16,512,4096,16384,5248,444.227,704.738,388.001,-0.2158
mixed,32,3,0.0938,4.0,16,1024,128,512,164,287.201,296.131,270.754,-1.8418
mixed,32,3,0.0938,4.0,16,1024,256,1024,328,279.712,288.704,276.991,-0.3026
mixed,32,3,0.0938,4.0,16,1024,512,2048,656,287.233,357.891,284.612,-0.0371
mixed,32,3,0.0938,4.0,16,1024,1024,4096,1312,293.345,437.986,335.681,0.2927
mixed,32,3,0.0938,4.0,16,1024,2048,8192,2624,383.65,554.752,386.687,0.0177
mixed,32,3,0.0938,4.0,16,1024,4096,16384,5248,477.379,749.666,392.258,-0.3126
mixed,32,3,0.0938,4.0,16,2048,128,512,164,286.816,287.55,281.95,-6.6294
mixed,32,3,0.0938,4.0,16,2048,256,1024,328,299.682,328.862,297.729,-0.0669
mixed,32,3,0.0938,4.0,16,2048,512,2048,656,293.059,315.139,289.504,-0.161
mixed,32,3,0.0938,4.0,16,2048,1024,4096,1312,342.211,443.552,331.844,-0.1023
mixed,32,3,0.0938,4.0,16,2048,2048,8192,2624,328.229,606.181,388.001,0.215
mixed,32,3,0.0938,4.0,16,2048,4096,16384,5248,485.342,817.346,491.137,0.0175
mixed,32,3,0.0938,4.0,16,4096,128,512,164,296.512,317.89,294.559,-0.0914
mixed,32,3,0.0938,4.0,16,4096,256,1024,328,297.923,314.207,295.136,-0.1711
mixed,32,3,0.0938,4.0,16,4096,512,2048,656,310.111,386.178,315.805,0.0749
mixed,32,3,0.0938,4.0,16,4096,1024,4096,1312,344.963,370.274,321.471,-0.9281
mixed,32,3,0.0938,4.0,16,4096,2048,8192,2624,413.375,608.928,385.315,-0.1435
mixed,32,3,0.0938,4.0,16,4096,4096,16384,5248,491.81,944.448,498.562,0.0149
mixed,32,3,0.0938,4.0,16,8192,128,512,164,323.393,320.9,321.663,
mixed,32,3,0.0938,4.0,16,8192,256,1024,328,323.46,367.262,320.833,-0.06
mixed,32,3,0.0938,4.0,16,8192,512,2048,656,323.52,348.192,325.253,0.0702
mixed,32,3,0.0938,4.0,16,8192,1024,4096,1312,378.336,489.122,364.578,-0.1242
mixed,32,3,0.0938,4.0,16,8192,2048,8192,2624,415.712,481.282,432.0,0.2484
mixed,32,3,0.0938,4.0,16,8192,4096,16384,5248,547.455,942.404,497.378,-0.1268
mixed,32,3,0.0938,4.0,32,0,128,512,164,232.032,265.567,252.896,0.6222
mixed,32,3,0.0938,4.0,32,0,256,1024,328,260.288,285.15,260.449,0.0065
mixed,32,3,0.0938,4.0,32,0,512,2048,656,266.529,311.041,274.563,0.1805
mixed,32,3,0.0938,4.0,32,0,1024,4096,1312,291.49,356.222,292.289,0.0123
mixed,32,3,0.0938,4.0,32,0,2048,8192,2624,331.873,461.029,342.176,0.0798
mixed,32,3,0.0938,4.0,32,0,4096,16384,5248,386.078,659.234,423.715,0.1378
mixed,32,3,0.0938,4.0,32,512,128,512,164,289.57,303.743,270.882,-1.3186
mixed,32,3,0.0938,4.0,32,512,256,1024,328,279.743,283.713,278.945,-0.201
mixed,32,3,0.0938,4.0,32,512,512,2048,656,281.505,347.905,274.432,-0.1065
mixed,32,3,0.0938,4.0,32,512,1024,4096,1312,291.234,414.113,327.873,0.2982
mixed,32,3,0.0938,4.0,32,512,2048,8192,2624,376.543,514.784,343.233,-0.241
mixed,32,3,0.0938,4.0,32,512,4096,16384,5248,443.458,709.216,429.536,-0.0524
mixed,32,3,0.0938,4.0,32,1024,128,512,164,277.76,284.832,278.175,0.0587
mixed,32,3,0.0938,4.0,32,1024,256,1024,328,294.468,333.957,294.112,-0.009
mixed,32,3,0.0938,4.0,32,1024,512,2048,656,290.241,314.559,285.057,-0.2132
mixed,32,3,0.0938,4.0,32,1024,1024,4096,1312,337.602,434.305,335.296,-0.0238
mixed,32,3,0.0938,4.0,32,1024,2048,8192,2624,335.265,554.34,382.271,0.2146
mixed,32,3,0.0938,4.0,32,1024,4096,16384,5248,472.449,744.993,427.324,-0.1656
mixed,32,3,0.0938,4.0,32,2048,128,512,164,293.76,316.898,295.648,0.0816
mixed,32,3,0.0938,4.0,32,2048,256,1024,328,293.728,303.297,292.672,-0.1104
mixed,32,3,0.0938,4.0,32,2048,512,2048,656,328.833,387.2,323.395,-0.0932
mixed,32,3,0.0938,4.0,32,2048,1024,4096,1312,344.035,374.467,311.648,-1.0642
mixed,32,3,0.0938,4.0,32,2048,2048,8192,2624,405.824,601.792,387.396,-0.094
mixed,32,3,0.0938,4.0,32,2048,4096,16384,5248,473.66,806.979,481.248,0.0228
mixed,32,3,0.0938,4.0,32,4096,128,512,164,320.448,320.322,322.179,
mixed,32,3,0.0938,4.0,32,4096,256,1024,328,321.95,359.135,321.565,-0.0104
mixed,32,3,0.0938,4.0,32,4096,512,2048,656,320.448,343.745,352.033,1.3558
mixed,32,3,0.0938,4.0,32,4096,1024,4096,1312,383.168,493.153,362.594,-0.1871
mixed,32,3,0.0938,4.0,32,4096,2048,8192,2624,419.743,485.088,430.911,0.1709
mixed,32,3,0.0938,4.0,32,4096,4096,16384,5248,529.536,930.561,499.362,-0.0752
mixed,32,3,0.0938,4.0,32,8192,128,512,164,351.071,353.02,362.563,5.8964
mixed,32,3,0.0938,4.0,32,8192,256,1024,328,363.776,371.938,363.837,0.0075
mixed,32,3,0.0938,4.0,32,8192,512,2048,656,372.03,442.945,386.084,0.1982
mixed,32,3,0.0938,4.0,32,8192,1024,4096,1312,372.453,426.971,434.335,1.1351
mixed,32,3,0.0938,4.0,32,8192,2048,8192,2624,482.273,701.444,442.944,-0.1794
mixed,32,3,0.0938,4.0,32,8192,4096,16384,5248,548.356,706.562,594.054,0.2889
mixed,32,3,0.0938,4.0,64,0,128,512,164,237.055,274.21,266.017,0.7795
mixed,32,3,0.0938,4.0,64,0,256,1024,328,270.917,297.694,279.68,0.3273
mixed,32,3,0.0938,4.0,64,0,512,2048,656,274.305,325.473,299.04,0.4834
mixed,32,3,0.0938,4.0,64,0,1024,4096,1312,307.361,371.584,338.82,0.4898
mixed,32,3,0.0938,4.0,64,0,2048,8192,2624,345.278,476.708,425.824,0.6128
mixed,32,3,0.0938,4.0,64,0,4096,16384,5248,407.485,676.194,579.937,0.6418
mixed,32,3,0.0938,4.0,64,512,128,512,164,297.024,298.69,298.371,0.8085
mixed,32,3,0.0938,4.0,64,512,256,1024,328,326.143,343.33,293.634,-1.8915
mixed,32,3,0.0938,4.0,64,512,512,2048,656,297.181,316.227,335.04,1.9878
mixed,32,3,0.0938,4.0,64,512,1024,4096,1312,353.895,417.41,333.474,-0.3215
mixed,32,3,0.0938,4.0,64,512,2048,8192,2624,335.936,519.617,421.54,0.466
mixed,32,3,0.0938,4.0,64,512,4096,16384,5248,447.106,714.976,581.894,0.5032
mixed,32,3,0.0938,4.0,64,1024,128,512,164,306.72,341.537,304.321,-0.0689
mixed,32,3,0.0938,4.0,64,1024,256,1024,328,308.327,321.314,333.474,1.9363
mixed,32,3,0.0938,4.0,64,1024,512,2048,656,348.578,390.847,341.51,-0.1672
mixed,32,3,0.0938,4.0,64,1024,1024,4096,1312,321.599,375.269,375.807,1.01
mixed,32,3,0.0938,4.0,64,1024,2048,8192,2624,410.527,551.522,430.716,0.1432
mixed,32,3,0.0938,4.0,64,1024,4096,16384,5248,473.281,746.499,581.25,0.3952
mixed,32,3,0.0938,4.0,64,2048,128,512,164,327.907,334.177,327.07,-0.1335
mixed,32,3,0.0938,4.0,64,2048,256,1024,328,333.893,374.532,335.044,0.0283
mixed,32,3,0.0938,4.0,64,2048,512,2048,656,337.919,354.145,360.866,1.4142
mixed,32,3,0.0938,4.0,64,2048,1024,4096,1312,402.113,481.409,393.123,-0.1134
mixed,32,3,0.0938,4.0,64,2048,2048,8192,2624,428.417,483.523,452.515,0.4373
mixed,32,3,0.0938,4.0,64,2048,4096,16384,5248,519.909,801.345,590.468,0.2507
mixed,32,3,0.0938,4.0,64,4096,128,512,164,364.734,394.821,368.8,0.1351
mixed,32,3,0.0938,4.0,64,4096,256,1024,328,380.707,384.094,375.973,-1.3977
mixed,32,3,0.0938,4.0,64,4096,512,2048,656,405.825,456.642,442.308,0.7179
mixed,32,3,0.0938,4.0,64,4096,1024,4096,1312,383.042,436.961,441.283,1.0802
mixed,32,3,0.0938,4.0,64,4096,2048,8192,2624,503.587,671.105,476.35,-0.1626
mixed,32,3,0.0938,4.0,64,4096,4096,16384,5248,561.887,710.785,609.41,0.3192
mixed,32,3,0.0938,4.0,64,8192,128,512,164,447.746,473.825,443.649,-0.1571
mixed,32,3,0.0938,4.0,64,8192,256,1024,328,462.906,513.567,454.463,-0.1667
mixed,32,3,0.0938,4.0,64,8192,512,2048,656,487.364,491.777,477.152,-2.3141
mixed,32,3,0.0938,4.0,64,8192,1024,4096,1312,535.166,614.978,596.96,0.7742
mixed,32,3,0.0938,4.0,64,8192,2048,8192,2624,491.2,598.723,599.873,1.0107
mixed,32,3,0.0938,4.0,64,8192,4096,16384,5248,700.228,1042.945,673.121,-0.0791
mixed,32,3,0.0938,4.0,128,0,128,512,164,265.283,309.568,294.436,0.6583
mixed,32,3,0.0938,4.0,128,0,256,1024,328,299.941,324.768,323.587,0.9524
mixed,32,3,0.0938,4.0,128,0,512,2048,656,315.005,367.007,364.161,0.9453
mixed,32,3,0.0938,4.0,128,0,1024,4096,1312,336.099,445.698,441.636,0.9629
mixed,32,3,0.0938,4.0,128,0,2048,8192,2624,387.458,598.781,599.329,1.0026
mixed,32,3,0.0938,4.0,128,0,4096,16384,5248,489.279,916.605,911.615,0.9883
mixed,32,3,0.0938,4.0,128,512,128,512,164,366.273,383.905,372.77,0.3685
mixed,32,3,0.0938,4.0,128,512,256,1024,328,375.65,327.779,396.161,
mixed,32,3,0.0938,4.0,128,512,512,2048,656,391.361,367.137,426.598,
mixed,32,3,0.0938,4.0,128,512,1024,4096,1312,338.945,447.878,440.479,0.9321
mixed,32,3,0.0938,4.0,128,512,2048,8192,2624,388.833,608.417,599.263,0.9583
mixed,32,3,0.0938,4.0,128,512,4096,16384,5248,494.657,919.457,912.357,0.9833
mixed,32,3,0.0938,4.0,128,1024,128,512,164,384.352,409.123,381.731,-0.1058
mixed,32,3,0.0938,4.0,128,1024,256,1024,328,396.931,420.611,411.362,0.6094
mixed,32,3,0.0938,4.0,128,1024,512,2048,656,418.148,363.712,451.614,
mixed,32,3,0.0938,4.0,128,1024,1024,4096,1312,433.123,454.018,534.142,4.8346
mixed,32,3,0.0938,4.0,128,1024,2048,8192,2624,390.691,609.472,594.434,0.9313
mixed,32,3,0.0938,4.0,128,1024,4096,16384,5248,495.136,929.667,908.479,0.9512
mixed,32,3,0.0938,4.0,128,2048,128,512,164,421.857,448.859,419.235,-0.0971
mixed,32,3,0.0938,4.0,128,2048,256,1024,328,436.867,486.463,432.065,-0.0968
mixed,32,3,0.0938,4.0,128,2048,512,2048,656,459.105,506.687,489.695,0.6429
mixed,32,3,0.0938,4.0,128,2048,1024,4096,1312,502.37,452.352,563.131,
mixed,32,3,0.0938,4.0,128,2048,2048,8192,2624,527.587,607.872,731.199,2.5361
mixed,32,3,0.0938,4.0,128,2048,4096,16384,5248,493.283,934.434,914.468,0.9547
mixed,32,3,0.0938,4.0,128,4096,128,512,164,500.256,530.31,498.626,-0.0542
mixed,32,3,0.0938,4.0,128,4096,256,1024,328,515.33,566.144,510.652,-0.0921
mixed,32,3,0.0938,4.0,128,4096,512,2048,656,543.619,643.389,531.648,-0.12
mixed,32,3,0.0938,4.0,128,4096,1024,4096,1312,585.412,663.395,651.006,0.8411
mixed,32,3,0.0938,4.0,128,4096,2048,8192,2624,688.998,613.986,808.739,
mixed,32,3,0.0938,4.0,128,4096,4096,16384,5248,708.032,932.898,1125.987,1.8587
mixed,32,3,0.0938,4.0,128,8192,128,512,164,645.021,688.995,646.209,0.027
mixed,32,3,0.0938,4.0,128,8192,256,1024,328,643.136,722.211,638.691,-0.0562
mixed,32,3,0.0938,4.0,128,8192,512,2048,656,692.769,803.138,687.171,-0.0507
mixed,32,3,0.0938,4.0,128,8192,1024,4096,1312,741.185,957.28,724.16,-0.0788
mixed,32,3,0.0938,4.0,128,8192,2048,8192,2624,845.183,977.348,962.468,0.8874
mixed,32,3,0.0938,4.0,128,8192,4096,16384,5248,1048.576,928.067,1272.578,
mixed,32,3,0.0938,4.0,256,0,128,512,164,330.181,335.552,337.247,1.3156
mixed,32,3,0.0938,4.0,256,0,256,1024,328,329.053,370.721,372.608,1.0453
mixed,32,3,0.0938,4.0,256,0,512,2048,656,343.586,447.999,448.867,1.0083
mixed,32,3,0.0938,4.0,256,0,1024,4096,1312,391.391,602.881,599.906,0.9859
mixed,32,3,0.0938,4.0,256,0,2048,8192,2624,492.163,913.732,908.672,0.988
mixed,32,3,0.0938,4.0,256,0,4096,16384,5248,689.251,1534.178,1521.954,0.9855
mixed,32,3,0.0938,4.0,256,512,128,512,164,371.33,392.769,367.935,-0.1584
mixed,32,3,0.0938,4.0,256,512,256,1024,328,387.326,432.99,379.711,-0.1668
mixed,32,3,0.0938,4.0,256,512,512,2048,656,406.464,513.921,449.312,0.3987
mixed,32,3,0.0938,4.0,256,512,1024,4096,1312,451.587,666.205,598.4,0.6841
mixed,32,3,0.0938,4.0,256,512,2048,8192,2624,552.447,972.192,910.174,0.8522
mixed,32,3,0.0938,4.0,256,512,4096,16384,5248,749.344,1611.684,1520.931,0.8948
mixed,32,3,0.0938,4.0,256,1024,128,512,164,407.267,432.415,406.911,-0.0142
mixed,32,3,0.0938,4.0,256,1024,256,1024,328,421.855,472.353,416.992,-0.0963
mixed,32,3,0.0938,4.0,256,1024,512,2048,656,445.025,548.804,449.856,0.0466
mixed,32,3,0.0938,4.0,256,1024,1024,4096,1312,489.985,707.747,601.828,0.5136
mixed,32,3,0.0938,4.0,256,1024,2048,8192,2624,594.4,1016.068,909.634,0.7476
mixed,32,3,0.0938,4.0,256,1024,4096,16384,5248,793.889,1654.115,1528.033,0.8534
mixed,32,3,0.0938,4.0,256,2048,128,512,164,487.487,510.913,483.52,-0.1693
mixed,32,3,0.0938,4.0,256,2048,256,1024,328,498.563,549.824,495.905,-0.0519
mixed,32,3,0.0938,4.0,256,2048,512,2048,656,520.642,627.459,513.249,-0.0692
mixed,32,3,0.0938,4.0,256,2048,1024,4096,1312,575.2,784.257,606.849,0.1514
mixed,32,3,0.0938,4.0,256,2048,2048,8192,2624,668.034,1096.898,913.857,0.5732
mixed,32,3,0.0938,4.0,256,2048,4096,16384,5248,867.461,1731.365,1530.307,0.7673
mixed,32,3,0.0938,4.0,256,4096,128,512,164,632.222,671.264,631.24,-0.0252
mixed,32,3,0.0938,4.0,256,4096,256,1024,328,628.837,707.042,634.147,0.0679
mixed,32,3,0.0938,4.0,256,4096,512,2048,656,683.264,789.888,673.923,-0.0876
mixed,32,3,0.0938,4.0,256,4096,1024,4096,1312,732.194,945.539,709.408,-0.1068
mixed,32,3,0.0938,4.0,256,4096,2048,8192,2624,832.322,1253.889,921.765,0.2122
mixed,32,3,0.0938,4.0,256,4096,4096,16384,5248,1029.918,1890.435,1534.917,0.5869
mixed,32,3,0.0938,4.0,256,8192,128,512,164,934.814,932.065,934.947,
mixed,32,3,0.0938,4.0,256,8192,256,1024,328,937.795,1015.139,935.427,-0.0306
mixed,32,3,0.0938,4.0,256,8192,512,2048,656,933.759,1094.306,930.308,-0.0215
mixed,32,3,0.0938,4.0,256,8192,1024,4096,1312,1035.617,1249.924,1014.145,-0.1002
mixed,32,3,0.0938,4.0,256,8192,2048,8192,2624,1138.051,1557.384,1095.265,-0.102
mixed,32,3,0.0938,4.0,256,8192,4096,16384,5248,1335.265,2177.732,1540.9,0.2441
mixed,32,3,0.0938,4.0,512,0,128,512,164,548.259,576.512,540.355,-0.2798
mixed,32,3,0.0938,4.0,512,0,256,1024,328,562.627,571.426,548.191,-1.6406
mixed,32,3,0.0938,4.0,512,0,512,2048,656,577.152,644.354,631.52,0.809
mixed,32,3,0.0938,4.0,512,0,1024,4096,1312,586.532,805.664,772.26,0.8476
mixed,32,3,0.0938,4.0,512,0,2048,8192,2624,681.25,1127.842,1096.099,0.9289
mixed,32,3,0.0938,4.0,512,0,4096,16384,5248,873.603,1729.635,1717.668,0.986
mixed,32,3,0.0938,4.0,512,512,128,512,164,652.164,673.381,636.803,-0.724
mixed,32,3,0.0938,4.0,512,512,256,1024,328,648.864,711.045,636.325,-0.2017
mixed,32,3,0.0938,4.0,512,512,512,2048,656,675.556,792.385,721.892,0.3966
mixed,32,3,0.0938,4.0,512,512,1024,4096,1312,735.359,943.937,893.506,0.7582
mixed,32,3,0.0938,4.0,512,512,2048,8192,2624,828.771,1260.608,1180.96,0.8156
mixed,32,3,0.0938,4.0,512,512,4096,16384,5248,1008.068,1862.053,1822.691,0.9539
mixed,32,3,0.0938,4.0,512,1024,128,512,164,721.764,749.695,727.809,0.2164
mixed,32,3,0.0938,4.0,512,1024,256,1024,328,724.289,790.081,715.841,-0.1284
mixed,32,3,0.0938,4.0,512,1024,512,2048,656,759.169,870.337,770.404,0.1011
mixed,32,3,0.0938,4.0,512,1024,1024,4096,1312,819.776,1036.165,926.88,0.495
mixed,32,3,0.0938,4.0,512,1024,2048,8192,2624,913.824,1337.382,1216.163,0.7138
mixed,32,3,0.0938,4.0,512,1024,4096,16384,5248,1113.764,1948.742,1858.566,0.892
mixed,32,3,0.0938,4.0,512,2048,128,512,164,844.929,917.411,851.841,0.0954
mixed,32,3,0.0938,4.0,512,2048,256,1024,328,854.689,933.248,861.345,0.0847
mixed,32,3,0.0938,4.0,512,2048,512,2048,656,900.963,1030.051,915.236,0.1106
mixed,32,3,0.0938,4.0,512,2048,1024,4096,1312,970.758,1192.962,998.589,0.1252
mixed,32,3,0.0938,4.0,512,2048,2048,8192,2624,1056.866,1488.165,1328.355,0.6295
mixed,32,3,0.0938,4.0,512,2048,4096,16384,5248,1251.266,2112.071,1935.816,0.7952
mixed,32,3,0.0938,4.0,512,4096,128,512,164,1157.7,1151.744,1143.484,
mixed,32,3,0.0938,4.0,512,4096,256,1024,328,1143.009,1209.634,1170.305,0.4097
mixed,32,3,0.0938,4.0,512,4096,512,2048,656,1149.921,1330.018,1158.302,0.0465
mixed,32,3,0.0938,4.0,512,4096,1024,4096,1312,1268.767,1472.707,1249.123,-0.0963
mixed,32,3,0.0938,4.0,512,4096,2048,8192,2624,1367.426,1785.219,1473.187,0.2531
mixed,32,3,0.0938,4.0,512,4096,4096,16384,5248,1565.797,2415.107,2094.185,0.6221
mixed,32,3,0.0938,4.0,512,8192,128,512,164,1757.311,1750.116,1760.518,
mixed,32,3,0.0938,4.0,512,8192,256,1024,328,1761.127,1774.693,1762.982,0.1367
mixed,32,3,0.0938,4.0,512,8192,512,2048,656,1759.875,1823.624,1742.017,-0.2801
mixed,32,3,0.0938,4.0,512,8192,1024,4096,1312,1761.254,2078.98,1775.97,0.0463
mixed,32,3,0.0938,4.0,512,8192,2048,8192,2624,1991.94,2410.116,1928.71,-0.1512
mixed,32,3,0.0938,4.0,512,8192,4096,16384,5248,2169.892,3010.919,2400.39,0.2741
mixed,32,3,0.0938,4.0,1024,0,128,512,164,792.547,804.741,785.76,-0.5566
mixed,32,3,0.0938,4.0,1024,0,256,1024,328,799.105,820.738,798.561,-0.0251
mixed,32,3,0.0938,4.0,1024,0,512,2048,656,807.999,844.485,807.203,-0.0218
mixed,32,3,0.0938,4.0,1024,0,1024,4096,1312,828.132,904.452,841.538,0.1757
mixed,32,3,0.0938,4.0,1024,0,2048,8192,2624,864.387,1009.957,871.814,0.051
mixed,32,3,0.0938,4.0,1024,0,4096,16384,5248,936.069,1199.779,939.843,0.0143
mixed,32,3,0.0938,4.0,1024,512,128,512,164,951.461,968.741,953.092,0.0944
mixed,32,3,0.0938,4.0,1024,512,256,1024,328,958.914,981.894,964.993,0.2645
mixed,32,3,0.0938,4.0,1024,512,512,2048,656,970.311,1012.36,974.914,0.1095
mixed,32,3,0.0938,4.0,1024,512,1024,4096,1312,988.614,1066.723,994.626,0.077
mixed,32,3,0.0938,4.0,1024,512,2048,8192,2624,1024.573,1171.848,1027.046,0.0168
mixed,32,3,0.0938,4.0,1024,512,4096,16384,5248,1086.85,1364.799,1098.753,0.0428
mixed,32,3,0.0938,4.0,1024,1024,128,512,164,1032.133,1046.434,1031.714,-0.0293
mixed,32,3,0.0938,4.0,1024,1024,256,1024,328,1038.849,1056.547,1039.076,0.0128
mixed,32,3,0.0938,4.0,1024,1024,512,2048,656,1045.15,1088.67,1046.533,0.0318
mixed,32,3,0.0938,4.0,1024,1024,1024,4096,1312,1069.439,1143.838,1070.301,0.0116
mixed,32,3,0.0938,4.0,1024,1024,2048,8192,2624,1102.787,1241.097,1108.417,0.0407
mixed,32,3,0.0938,4.0,1024,1024,4096,16384,5248,1169.313,1437.57,1174.564,0.0196
mixed,32,3,0.0938,4.0,1024,2048,128,512,164,1182.439,1197.703,1180.515,-0.126
mixed,32,3,0.0938,4.0,1024,2048,256,1024,328,1191.587,1218.69,1189.028,-0.0944
mixed,32,3,0.0938,4.0,1024,2048,512,2048,656,1201.795,1238.084,1204.832,0.0837
mixed,32,3,0.0938,4.0,1024,2048,1024,4096,1312,1224.099,1290.857,1223.621,-0.0072
mixed,32,3,0.0938,4.0,1024,2048,2048,8192,2624,1258.402,1392.451,1257.923,-0.0036
mixed,32,3,0.0938,4.0,1024,2048,4096,16384,5248,1321.221,1592.837,1322.661,0.0053
mixed,32,3,0.0938,4.0,1024,4096,128,512,164,1511.939,1520.135,1514.656,0.3315
mixed,32,3,0.0938,4.0,1024,4096,256,1024,328,1510.788,1540.515,1517.703,0.2326
mixed,32,3,0.0938,4.0,1024,4096,512,2048,656,1521.375,1565.188,1523.175,0.0411
mixed,32,3,0.0938,4.0,1024,4096,1024,4096,1312,1546.306,1623.048,1556.261,0.1297
mixed,32,3,0.0938,4.0,1024,4096,2048,8192,2624,1574.756,1721.827,1581.923,0.0487
mixed,32,3,0.0938,4.0,1024,4096,4096,16384,5248,1646.054,1918.853,1656.293,0.0375
mixed,32,3,0.0938,4.0,1024,8192,128,512,164,2131.622,2138.373,2128.415,-0.475
mixed,32,3,0.0938,4.0,1024,8192,256,1024,328,2141.413,2163.88,2137.449,-0.1764
mixed,32,3,0.0938,4.0,1024,8192,512,2048,656,2149.061,2195.114,2147.015,-0.0444
mixed,32,3,0.0938,4.0,1024,8192,1024,4096,1312,2163.87,2237.026,2169.637,0.0788
mixed,32,3,0.0938,4.0,1024,8192,2048,8192,2624,2204.614,2335.619,2210.664,0.0462
mixed,32,3,0.0938,4.0,1024,8192,4096,16384,5248,2260.518,2535.33,2269.891,0.0341
mixed,32,3,0.0938,4.0,2048,0,128,512,164,1485.604,1497.059,1479.392,-0.5423
mixed,32,3,0.0938,4.0,2048,0,256,1024,328,1499.814,1512.388,1496.932,-0.2292
mixed,32,3,0.0938,4.0,2048,0,512,2048,656,1501.187,1542.976,1505.925,0.1134
mixed,32,3,0.0938,4.0,2048,0,1024,4096,1312,1523.204,1598.404,1536.166,0.1724
mixed,32,3,0.0938,4.0,2048,0,2048,8192,2624,1559.232,1698.82,1563.137,0.028
mixed,32,3,0.0938,4.0,2048,0,4096,16384,5248,1621.699,1887.332,1634.466,0.0481
mixed,32,3,0.0938,4.0,2048,512,128,512,164,1704.226,1720.294,1706.983,0.1716
mixed,32,3,0.0938,4.0,2048,512,256,1024,328,1711.716,1733.834,1716.484,0.2156
mixed,32,3,0.0938,4.0,2048,512,512,2048,656,1727.977,1767.843,1727.934,-0.0011
mixed,32,3,0.0938,4.0,2048,512,1024,4096,1312,1748.358,1820.037,1750.209,0.0258
mixed,32,3,0.0938,4.0,2048,512,2048,8192,2624,1783.405,1924.197,1789.472,0.0431
mixed,32,3,0.0938,4.0,2048,512,4096,16384,5248,1844.906,2113.028,1855.465,0.0394
mixed,32,3,0.0938,4.0,2048,1024,128,512,164,1817.547,1838.05,1821.353,0.1856
mixed,32,3,0.0938,4.0,2048,1024,256,1024,328,1827.176,1845.448,1831.048,0.2119
mixed,32,3,0.0938,4.0,2048,1024,512,2048,656,1835.015,1876.458,1838.306,0.0794
mixed,32,3,0.0938,4.0,2048,1024,1024,4096,1312,1857.022,1930.247,1865.158,0.1111
mixed,32,3,0.0938,4.0,2048,1024,2048,8192,2624,1897.801,2024.038,1895.965,-0.0145
mixed,32,3,0.0938,4.0,2048,1024,4096,16384,5248,1955.46,2215.908,1963.715,0.0317
mixed,32,3,0.0938,4.0,2048,2048,128,512,164,2052.292,2070.083,2056.899,0.259
mixed,32,3,0.0938,4.0,2048,2048,256,1024,328,2063.168,2084.617,2064.84,0.078
mixed,32,3,0.0938,4.0,2048,2048,512,2048,656,2067.628,2113.925,2082.601,0.3234
mixed,32,3,0.0938,4.0,2048,2048,1024,4096,1312,2095.718,2166.79,2099.905,0.0589
mixed,32,3,0.0938,4.0,2048,2048,2048,8192,2624,2119.301,2268.678,2139.207,0.1333
mixed,32,3,0.0938,4.0,2048,2048,4096,16384,5248,2189.055,2453.739,2194.886,0.022
mixed,32,3,0.0938,4.0,2048,4096,128,512,164,2517.062,2536.259,2516.228,-0.0434
mixed,32,3,0.0938,4.0,2048,4096,256,1024,328,2522.243,2557.097,2520.579,-0.0477
mixed,32,3,0.0938,4.0,2048,4096,512,2048,656,2529.385,2571.365,2539.751,0.2469
mixed,32,3,0.0938,4.0,2048,4096,1024,4096,1312,2561.449,2626.476,2558.476,-0.0457
mixed,32,3,0.0938,4.0,2048,4096,2048,8192,2624,2584.361,2729.251,2602.537,0.1254
mixed,32,3,0.0938,4.0,2048,4096,4096,16384,5248,2659.595,2923.143,2657.483,-0.008
mixed,32,3,0.0938,4.0,2048,8192,128,512,164,3404.711,3423.589,3410.957,0.3309
mixed,32,3,0.0938,4.0,2048,8192,256,1024,328,3412.072,3426.729,3417.13,0.3451
mixed,32,3,0.0938,4.0,2048,8192,512,2048,656,3421.067,3457.485,3429.801,0.2398
mixed,32,3,0.0938,4.0,2048,8192,1024,4096,1312,3438.154,3510.735,3444.397,0.086
mixed,32,3,0.0938,4.0,2048,8192,2048,8192,2624,3465.064,3614.316,3474.445,0.0629
mixed,32,3,0.0938,4.0,2048,8192,4096,16384,5248,3536.36,3804.362,3542.728,0.0238
pure,32,4,0.125,4.0,0,0,128,512,176,212.0,247.841,235.683,0.6608
pure,32,4,0.125,4.0,0,0,256,1024,352,246.398,262.847,243.491,-0.1767
pure,32,4,0.125,4.0,0,0,512,2048,704,255.426,286.626,258.208,0.0892
pure,32,4,0.125,4.0,0,0,1024,4096,1408,270.653,335.459,277.919,0.1121
pure,32,4,0.125,4.0,0,0,2048,8192,2816,308.996,442.304,312.899,0.0293
pure,32,4,0.125,4.0,0,0,4096,16384,5632,379.264,634.914,383.68,0.0173
mixed,32,4,0.125,4.0,16,0,128,512,176,229.79,266.014,251.426,0.5973
mixed,32,4,0.125,4.0,16,0,256,1024,352,259.011,278.434,260.353,0.0691
mixed,32,4,0.125,4.0,16,0,512,2048,704,269.599,301.534,269.664,0.002
mixed,32,4,0.125,4.0,16,0,1024,4096,1408,286.914,357.887,292.097,0.073
mixed,32,4,0.125,4.0,16,0,2048,8192,2816,325.41,455.04,330.912,0.0424
mixed,32,4,0.125,4.0,16,0,4096,16384,5632,397.311,656.288,400.868,0.0137
mixed,32,4,0.125,4.0,16,512,128,512,176,275.838,278.941,274.145,-0.5456
mixed,32,4,0.125,4.0,16,512,256,1024,352,274.051,285.631,277.89,0.3315
mixed,32,4,0.125,4.0,16,512,512,2048,704,274.529,354.175,302.559,0.3519
mixed,32,4,0.125,4.0,16,512,1024,4096,1408,338.848,413.699,332.161,-0.0893
mixed,32,4,0.125,4.0,16,512,2048,8192,2816,382.528,513.631,333.216,-0.3761
mixed,32,4,0.125,4.0,16,512,4096,16384,5632,454.305,704.256,450.272,-0.0161
mixed,32,4,0.125,4.0,16,1024,128,512,176,289.794,295.745,270.913,-3.1727
mixed,32,4,0.125,4.0,16,1024,256,1024,352,278.177,290.112,279.264,0.0911
mixed,32,4,0.125,4.0,16,1024,512,2048,704,290.304,356.51,285.725,-0.0692
mixed,32,4,0.125,4.0,16,1024,1024,4096,1408,294.884,440.26,329.919,0.241
mixed,32,4,0.125,4.0,16,1024,2048,8192,2816,389.856,557.664,390.847,0.0059
mixed,32,4,0.125,4.0,16,1024,4096,16384,5632,488.833,744.225,487.045,-0.007
mixed,32,4,0.125,4.0,16,2048,128,512,176,288.544,289.342,280.542,-10.0276
mixed,32,4,0.125,4.0,16,2048,256,1024,352,299.68,328.734,298.143,-0.0529
mixed,32,4,0.125,4.0,16,2048,512,2048,704,294.594,315.9,296.351,0.0825
mixed,32,4,0.125,4.0,16,2048,1024,4096,1408,307.777,444.064,305.438,-0.0172
mixed,32,4,0.125,4.0,16,2048,2048,8192,2816,341.119,608.419,387.936,0.1751
mixed,32,4,0.125,4.0,16,2048,4096,16384,5632,495.391,816.799,491.748,-0.0113
mixed,32,4,0.125,4.0,16,4096,128,512,176,296.194,314.88,296.993,0.0428
mixed,32,4,0.125,4.0,16,4096,256,1024,352,297.254,310.627,296.516,-0.0552
mixed,32,4,0.125,4.0,16,4096,512,2048,704,314.208,384.993,316.995,0.0394
mixed,32,4,0.125,4.0,16,4096,1024,4096,1408,351.294,373.89,320.353,-1.3693
mixed,32,4,0.125,4.0,16,4096,2048,8192,2816,356.893,606.464,342.366,-0.0582
mixed,32,4,0.125,4.0,16,4096,4096,16384,5632,501.412,947.074,503.747,0.0052
mixed,32,4,0.125,4.0,16,8192,128,512,176,321.697,323.485,321.759,0.0347
mixed,32,4,0.125,4.0,16,8192,256,1024,352,322.882,362.914,326.273,0.0847
mixed,32,4,0.125,4.0,16,8192,512,2048,704,325.31,350.145,324.832,-0.0192
mixed,32,4,0.125,4.0,16,8192,1024,4096,1408,383.069,491.613,360.833,-0.2049
mixed,32,4,0.125,4.0,16,8192,2048,8192,2816,428.128,482.146,437.182,0.1676
mixed,32,4,0.125,4.0,16,8192,4096,16384,5632,435.552,942.271,425.38,-0.0201
mixed,32,4,0.125,4.0,32,0,128,512,176,229.316,263.714,252.287,0.6678
mixed,32,4,0.125,4.0,32,0,256,1024,352,263.01,291.075,260.579,-0.0866
mixed,32,4,0.125,4.0,32,0,512,2048,704,270.011,312.193,269.692,-0.0076
mixed,32,4,0.125,4.0,32,0,1024,4096,1408,302.88,358.532,295.841,-0.1265
mixed,32,4,0.125,4.0,32,0,2048,8192,2816,326.592,464.002,346.401,0.1442
mixed,32,4,0.125,4.0,32,0,4096,16384,5632,399.841,658.338,434.307,0.1333
mixed,32,4,0.125,4.0,32,512,128,512,176,289.668,302.691,272.611,-1.3098
mixed,32,4,0.125,4.0,32,512,256,1024,352,280.386,282.78,278.497,-0.7891
mixed,32,4,0.125,4.0,32,512,512,2048,704,284.865,349.921,275.712,-0.1407
mixed,32,4,0.125,4.0,32,512,1024,4096,1408,296.322,413.663,325.22,0.2463
mixed,32,4,0.125,4.0,32,512,2048,8192,2816,382.561,512.704,346.53,-0.2769
mixed,32,4,0.125,4.0,32,512,4096,16384,5632,452.513,710.079,434.275,-0.0708
mixed,32,4,0.125,4.0,32,1024,128,512,176,278.625,283.232,281.12,0.5416
mixed,32,4,0.125,4.0,32,1024,256,1024,352,295.999,333.92,294.881,-0.0295
mixed,32,4,0.125,4.0,32,1024,512,2048,704,292.354,314.049,288.224,-0.1904
mixed,32,4,0.125,4.0,32,1024,1024,4096,1408,306.529,435.585,300.962,-0.0431
mixed,32,4,0.125,4.0,32,1024,2048,8192,2816,342.973,553.156,376.577,0.1599
mixed,32,4,0.125,4.0,32,1024,4096,16384,5632,485.09,748.289,432.354,-0.2004
mixed,32,4,0.125,4.0,32,2048,128,512,176,296.416,315.713,293.57,-0.1475
mixed,32,4,0.125,4.0,32,2048,256,1024,352,294.785,304.162,295.619,0.0889
mixed,32,4,0.125,4.0,32,2048,512,2048,704,330.177,389.57,324.384,-0.0975
mixed,32,4,0.125,4.0,32,2048,1024,4096,1408,350.879,376.798,316.128,-1.3408
mixed,32,4,0.125,4.0,32,2048,2048,8192,2816,348.481,604.899,340.418,-0.0314
mixed,32,4,0.125,4.0,32,2048,4096,16384,5632,488.736,809.959,483.617,-0.0159
mixed,32,4,0.125,4.0,32,4096,128,512,176,321.921,322.207,321.827,-0.3287
mixed,32,4,0.125,4.0,32,4096,256,1024,352,321.215,362.146,320.741,-0.0116
mixed,32,4,0.125,4.0,32,4096,512,2048,704,314.175,344.13,349.634,1.1837
mixed,32,4,0.125,4.0,32,4096,1024,4096,1408,392.224,492.033,362.403,-0.2988
mixed,32,4,0.125,4.0,32,4096,2048,8192,2816,426.116,483.651,434.561,0.1468
mixed,32,4,0.125,4.0,32,4096,4096,16384,5632,422.176,932.609,430.273,0.0159
mixed,32,4,0.125,4.0,32,8192,128,512,176,346.789,355.876,364.608,1.9609
mixed,32,4,0.125,4.0,32,8192,256,1024,352,363.616,371.873,364.098,0.0584
mixed,32,4,0.125,4.0,32,8192,512,2048,704,381.215,438.275,388.45,0.1268
mixed,32,4,0.125,4.0,32,8192,1024,4096,1408,367.711,422.594,431.262,1.1579
mixed,32,4,0.125,4.0,32,8192,2048,8192,2816,496.098,703.107,443.14,-0.2558
mixed,32,4,0.125,4.0,32,8192,4096,16384,5632,570.783,711.424,591.359,0.1463
mixed,32,4,0.125,4.0,64,0,128,512,176,239.074,275.745,265.089,0.7094
mixed,32,4,0.125,4.0,64,0,256,1024,352,269.764,299.808,279.008,0.3077
mixed,32,4,0.125,4.0,64,0,512,2048,704,279.868,321.056,299.873,0.4857
mixed,32,4,0.125,4.0,64,0,1024,4096,1408,314.113,375.647,338.945,0.4035
mixed,32,4,0.125,4.0,64,0,2048,8192,2816,342.753,475.041,421.118,0.5924
mixed,32,4,0.125,4.0,64,0,4096,16384,5632,412.641,674.209,583.715,0.654
mixed,32,4,0.125,4.0,64,512,128,512,176,298.655,301.308,309.027,3.9095
mixed,32,4,0.125,4.0,64,512,256,1024,352,324.578,346.147,295.713,-1.3383
mixed,32,4,0.125,4.0,64,512,512,2048,704,299.105,316.477,333.919,2.004
mixed,32,4,0.125,4.0,64,512,1024,4096,1408,298.944,419.685,332.223,0.2756
mixed,32,4,0.125,4.0,64,512,2048,8192,2816,347.361,517.153,420.574,0.4312
mixed,32,4,0.125,4.0,64,512,4096,16384,5632,455.551,715.489,579.202,0.4757
mixed,32,4,0.125,4.0,64,1024,128,512,176,308.067,340.067,305.533,-0.0792
mixed,32,4,0.125,4.0,64,1024,256,1024,352,308.196,322.721,329.697,1.4803
mixed,32,4,0.125,4.0,64,1024,512,2048,704,348.578,393.44,342.017,-0.1462
mixed,32,4,0.125,4.0,64,1024,1024,4096,1408,367.52,378.691,373.154,0.5043
mixed,32,4,0.125,4.0,64,1024,2048,8192,2816,343.2,553.953,415.425,0.3427
mixed,32,4,0.125,4.0,64,1024,4096,16384,5632,484.93,746.626,580.642,0.3657
mixed,32,4,0.125,4.0,64,2048,128,512,176,324.865,333.853,327.649,0.3097
mixed,32,4,0.125,4.0,64,2048,256,1024,352,335.171,376.29,334.045,-0.0274
mixed,32,4,0.125,4.0,64,2048,512,2048,704,330.754,356.773,359.484,1.1042
mixed,32,4,0.125,4.0,64,2048,1024,4096,1408,406.014,481.918,391.141,-0.1959
mixed,32,4,0.125,4.0,64,2048,2048,8192,2816,438.016,486.66,453.281,0.3138
mixed,32,4,0.125,4.0,64,2048,4096,16384,5632,415.487,804.39,570.884,0.3996
mixed,32,4,0.125,4.0,64,4096,128,512,176,367.908,396.161,366.017,-0.0669
mixed,32,4,0.125,4.0,64,4096,256,1024,352,384.512,384.449,380.61,
mixed,32,4,0.125,4.0,64,4096,512,2048,704,411.042,456.447,442.43,0.6913
mixed,32,4,0.125,4.0,64,4096,1024,4096,1408,379.33,437.026,441.442,1.0765
mixed,32,4,0.125,4.0,64,4096,2048,8192,2816,510.146,670.402,480.223,-0.1867
mixed,32,4,0.125,4.0,64,4096,4096,16384,5632,585.984,713.726,613.632,0.2164
mixed,32,4,0.125,4.0,64,8192,128,512,176,445.7,478.111,442.976,-0.084
mixed,32,4,0.125,4.0,64,8192,256,1024,352,462.432,513.566,458.016,-0.0864
mixed,32,4,0.125,4.0,64,8192,512,2048,704,492.48,489.698,477.982,
mixed,32,4,0.125,4.0,64,8192,1024,4096,1408,544.065,616.708,597.73,0.7387
mixed,32,4,0.125,4.0,64,8192,2048,8192,2816,483.519,598.722,601.282,1.0222
mixed,32,4,0.125,4.0,64,8192,4096,16384,5632,725.919,1043.584,673.376,-0.1654
mixed,32,4,0.125,4.0,128,0,128,512,176,262.725,306.752,294.24,0.7158
mixed,32,4,0.125,4.0,128,0,256,1024,352,301.313,327.234,323.105,0.8407
mixed,32,4,0.125,4.0,128,0,512,2048,704,312.161,366.239,362.371,0.9285
mixed,32,4,0.125,4.0,128,0,1024,4096,1408,340.611,448.0,442.56,0.9493
mixed,32,4,0.125,4.0,128,0,2048,8192,2816,398.56,610.943,599.168,0.9446
mixed,32,4,0.125,4.0,128,0,4096,16384,5632,504.067,914.209,910.658,0.9913
mixed,32,4,0.125,4.0,128,512,128,512,176,363.935,383.682,372.899,0.4539
mixed,32,4,0.125,4.0,128,512,256,1024,352,377.275,326.688,392.098,
mixed,32,4,0.125,4.0,128,512,512,2048,704,391.073,374.114,430.881,
mixed,32,4,0.125,4.0,128,512,1024,4096,1408,340.773,448.991,439.967,0.9166
mixed,32,4,0.125,4.0,128,512,2048,8192,2816,401.182,608.675,601.312,0.9645
mixed,32,4,0.125,4.0,128,512,4096,16384,5632,510.53,922.079,914.818,0.9824
mixed,32,4,0.125,4.0,128,1024,128,512,176,385.44,407.074,380.064,-0.2485
mixed,32,4,0.125,4.0,128,1024,256,1024,352,397.217,425.634,412.517,0.5384
mixed,32,4,0.125,4.0,128,1024,512,2048,704,421.761,367.044,448.867,
mixed,32,4,0.125,4.0,128,1024,1024,4096,1408,439.552,457.408,532.415,5.2007
mixed,32,4,0.125,4.0,128,1024,2048,8192,2816,402.146,607.109,596.99,0.9506
mixed,32,4,0.125,4.0,128,1024,4096,16384,5632,509.443,925.312,914.305,0.9735
mixed,32,4,0.125,4.0,128,2048,128,512,176,420.706,452.094,420.834,0.0041
mixed,32,4,0.125,4.0,128,2048,256,1024,352,437.887,486.847,433.823,-0.083
mixed,32,4,0.125,4.0,128,2048,512,2048,704,463.843,508.224,491.679,0.6272
mixed,32,4,0.125,4.0,128,2048,1024,4096,1408,513.055,448.869,569.41,
mixed,32,4,0.125,4.0,128,2048,2048,8192,2816,532.451,610.914,737.601,2.6146
mixed,32,4,0.125,4.0,128,2048,4096,16384,5632,510.022,928.418,909.313,0.9543
mixed,32,4,0.125,4.0,128,4096,128,512,176,501.151,531.394,503.202,0.0678
mixed,32,4,0.125,4.0,128,4096,256,1024,352,516.256,566.433,510.591,-0.1129
mixed,32,4,0.125,4.0,128,4096,512,2048,704,543.009,642.528,532.352,-0.1071
mixed,32,4,0.125,4.0,128,4096,1024,4096,1408,595.392,662.241,643.839,0.7247
mixed,32,4,0.125,4.0,128,4096,2048,8192,2816,701.409,611.648,804.77,
mixed,32,4,0.125,4.0,128,4096,4096,16384,5632,726.051,932.162,1120.933,1.9159
mixed,32,4,0.125,4.0,128,8192,128,512,176,646.532,688.865,646.112,-0.0099
mixed,32,4,0.125,4.0,128,8192,256,1024,352,639.164,724.871,642.595,0.04
mixed,32,4,0.125,4.0,128,8192,512,2048,704,703.488,802.497,689.25,-0.1438
mixed,32,4,0.125,4.0,128,8192,1024,4096,1408,755.46,959.011,725.984,-0.1448
mixed,32,4,0.125,4.0,128,8192,2048,8192,2816,859.46,975.97,961.217,0.8734
mixed,32,4,0.125,4.0,128,8192,4096,16384,5632,1071.264,930.147,1273.25,
mixed,32,4,0.125,4.0,256,0,128,512,176,327.427,336.61,337.478,1.0945
mixed,32,4,0.125,4.0,256,0,256,1024,352,325.598,368.832,374.915,1.1407
mixed,32,4,0.125,4.0,256,0,512,2048,704,348.863,449.344,447.904,0.9857
mixed,32,4,0.125,4.0,256,0,1024,4096,1408,401.09,603.841,603.583,0.9987
mixed,32,4,0.125,4.0,256,0,2048,8192,2816,512.096,914.211,909.188,0.9875
mixed,32,4,0.125,4.0,256,0,4096,16384,5632,718.4,1535.172,1525.06,0.9876
mixed,32,4,0.125,4.0,256,512,128,512,176,370.335,397.061,368.195,-0.0801
mixed,32,4,0.125,4.0,256,512,256,1024,352,382.175,430.881,377.89,-0.088
mixed,32,4,0.125,4.0,256,512,512,2048,704,408.225,507.84,447.685,0.3961
mixed,32,4,0.125,4.0,256,512,1024,4096,1408,461.345,665.728,601.188,0.6842
mixed,32,4,0.125,4.0,256,512,2048,8192,2816,571.296,972.099,907.965,0.84
mixed,32,4,0.125,4.0,256,512,4096,16384,5632,778.179,1598.308,1525.444,0.9112
mixed,32,4,0.125,4.0,256,1024,128,512,176,409.569,432.797,407.334,-0.0962
mixed,32,4,0.125,4.0,256,1024,256,1024,352,419.293,472.415,415.36,-0.074
mixed,32,4,0.125,4.0,256,1024,512,2048,704,445.759,549.891,449.889,0.0397
mixed,32,4,0.125,4.0,256,1024,1024,4096,1408,498.141,706.687,602.115,0.4986
mixed,32,4,0.125,4.0,256,1024,2048,8192,2816,614.43,1019.141,913.216,0.7383
mixed,32,4,0.125,4.0,256,1024,4096,16384,5632,818.913,1649.891,1528.388,0.8538
mixed,32,4,0.125,4.0,256,2048,128,512,176,483.264,514.05,484.703,0.0467
mixed,32,4,0.125,4.0,256,2048,256,1024,352,500.196,549.601,493.535,-0.1348
mixed,32,4,0.125,4.0,256,2048,512,2048,704,523.649,629.061,513.438,-0.0969
mixed,32,4,0.125,4.0,256,2048,1024,4096,1408,582.755,785.126,607.522,0.1224
mixed,32,4,0.125,4.0,256,2048,2048,8192,2816,694.305,1092.449,914.047,0.5519
mixed,32,4,0.125,4.0,256,2048,4096,16384,5632,901.374,1726.501,1535.588,0.7686
mixed,32,4,0.125,4.0,256,4096,128,512,176,629.059,673.669,632.198,0.0704
mixed,32,4,0.125,4.0,256,4096,256,1024,352,629.315,707.587,637.313,0.1022
mixed,32,4,0.125,4.0,256,4096,512,2048,704,685.026,787.65,670.049,-0.1459
mixed,32,4,0.125,4.0,256,4096,1024,4096,1408,736.962,942.472,711.233,-0.1252
mixed,32,4,0.125,4.0,256,4096,2048,8192,2816,851.683,1255.269,919.745,0.1686
mixed,32,4,0.125,4.0,256,4096,4096,16384,5632,1059.399,1897.095,1535.173,0.568
mixed,32,4,0.125,4.0,256,8192,128,512,176,935.745,934.882,935.648,
mixed,32,4,0.125,4.0,256,8192,256,1024,352,935.073,1016.964,934.563,-0.0062
mixed,32,4,0.125,4.0,256,8192,512,2048,704,930.623,1092.162,935.585,0.0307
mixed,32,4,0.125,4.0,256,8192,1024,4096,1408,1044.638,1247.973,1017.12,-0.1353
mixed,32,4,0.125,4.0,256,8192,2048,8192,2816,1152.356,1557.476,1093.089,-0.1463
mixed,32,4,0.125,4.0,256,8192,4096,16384,5632,1362.791,2183.235,1538.118,0.2137
mixed,32,4,0.125,4.0,512,0,128,512,176,534.245,570.72,546.148,0.3263
mixed,32,4,0.125,4.0,512,0,256,1024,352,560.097,577.92,567.424,0.4111
mixed,32,4,0.125,4.0,512,0,512,2048,704,572.546,636.961,638.591,1.0253
mixed,32,4,0.125,4.0,512,0,1024,4096,1408,591.266,777.283,776.129,0.9938
mixed,32,4,0.125,4.0,512,0,2048,8192,2816,707.584,1115.076,1098.497,0.9593
mixed,32,4,0.125,4.0,512,0,4096,16384,5632,915.104,1729.096,1708.678,0.9749
mixed,32,4,0.125,4.0,512,512,128,512,176,615.677,648.642,637.282,0.6554
mixed,32,4,0.125,4.0,512,512,256,1024,352,665.632,727.104,650.467,-0.2467
mixed,32,4,0.125,4.0,512,512,512,2048,704,689.731,803.617,741.281,0.4526
mixed,32,4,0.125,4.0,512,512,1024,4096,1408,722.883,942.532,890.272,0.7621
mixed,32,4,0.125,4.0,512,512,2048,8192,2816,848.833,1254.625,1202.95,0.8727
mixed,32,4,0.125,4.0,512,512,4096,16384,5632,1063.424,1848.806,1820.742,0.9643
mixed,32,4,0.125,4.0,512,1024,128,512,176,704.803,739.681,729.439,0.7063
mixed,32,4,0.125,4.0,512,1024,256,1024,352,733.633,803.009,729.569,-0.0586
mixed,32,4,0.125,4.0,512,1024,512,2048,704,764.672,866.626,751.841,-0.1259
mixed,32,4,0.125,4.0,512,1024,1024,4096,1408,810.947,1028.099,917.313,0.4898
mixed,32,4,0.125,4.0,512,1024,2048,8192,2816,915.81,1343.78,1237.796,0.7524
mixed,32,4,0.125,4.0,512,1024,4096,16384,5632,1141.89,1952.392,1850.052,0.8737
mixed,32,4,0.125,4.0,512,2048,128,512,176,836.544,889.443,849.888,0.2523
mixed,32,4,0.125,4.0,512,2048,256,1024,352,855.456,938.115,841.248,-0.1719
mixed,32,4,0.125,4.0,512,2048,512,2048,704,896.768,1037.154,898.851,0.0148
mixed,32,4,0.125,4.0,512,2048,1024,4096,1408,977.508,1181.731,983.363,0.0287
mixed,32,4,0.125,4.0,512,2048,2048,8192,2816,1070.147,1476.676,1319.907,0.6144
mixed,32,4,0.125,4.0,512,2048,4096,16384,5632,1295.815,2117.635,1916.192,0.7549
mixed,32,4,0.125,4.0,512,4096,128,512,176,1172.933,1145.797,1168.965,
mixed,32,4,0.125,4.0,512,4096,256,1024,352,1156.385,1231.429,1149.407,-0.093
mixed,32,4,0.125,4.0,512,4096,512,2048,704,1158.596,1320.581,1148.609,-0.0617
mixed,32,4,0.125,4.0,512,4096,1024,4096,1408,1292.132,1478.022,1252.422,-0.2136
mixed,32,4,0.125,4.0,512,4096,2048,8192,2816,1387.841,1806.337,1463.808,0.1815
mixed,32,4,0.125,4.0,512,4096,4096,16384,5632,1610.146,2412.133,2085.318,0.5925
mixed,32,4,0.125,4.0,512,8192,128,512,176,1739.878,1773.126,1771.687,0.9567
mixed,32,4,0.125,4.0,512,8192,256,1024,352,1764.581,1746.885,1769.824,
mixed,32,4,0.125,4.0,512,8192,512,2048,704,1780.291,1841.732,1746.819,-0.5448
mixed,32,4,0.125,4.0,512,8192,1024,4096,1408,1754.469,2098.502,1745.028,-0.0274
mixed,32,4,0.125,4.0,512,8192,2048,8192,2816,1989.447,2404.423,1955.366,-0.0821
mixed,32,4,0.125,4.0,512,8192,4096,16384,5632,2225.19,3024.551,2396.009,0.2137
mixed,32,4,0.125,4.0,1024,0,128,512,176,791.65,800.225,794.821,0.3698
mixed,32,4,0.125,4.0,1024,0,256,1024,352,797.469,819.073,797.981,0.0237
mixed,32,4,0.125,4.0,1024,0,512,2048,704,810.438,846.305,808.002,-0.0679
mixed,32,4,0.125,4.0,1024,0,1024,4096,1408,836.774,910.085,839.138,0.0322
mixed,32,4,0.125,4.0,1024,0,2048,8192,2816,874.113,1008.099,872.292,-0.0136
mixed,32,4,0.125,4.0,1024,0,4096,16384,5632,948.069,1200.262,953.891,0.0231
mixed,32,4,0.125,4.0,1024,512,128,512,176,955.107,965.153,950.632,-0.4455
mixed,32,4,0.125,4.0,1024,512,256,1024,352,960.895,980.157,960.649,-0.0128
mixed,32,4,0.125,4.0,1024,512,512,2048,704,967.747,1008.322,975.524,0.1917
mixed,32,4,0.125,4.0,1024,512,1024,4096,1408,992.963,1063.454,1000.578,0.108
mixed,32,4,0.125,4.0,1024,512,2048,8192,2816,1030.403,1165.09,1036.772,0.0473
mixed,32,4,0.125,4.0,1024,512,4096,16384,5632,1101.989,1357.987,1107.619,0.022
mixed,32,4,0.125,4.0,1024,1024,128,512,176,1030.978,1039.328,1027.332,-0.4366
mixed,32,4,0.125,4.0,1024,1024,256,1024,352,1039.845,1058.913,1041.731,0.0989
mixed,32,4,0.125,4.0,1024,1024,512,2048,704,1044.71,1089.374,1049.897,0.1161
mixed,32,4,0.125,4.0,1024,1024,1024,4096,1408,1065.859,1139.01,1082.565,0.2284
mixed,32,4,0.125,4.0,1024,1024,2048,8192,2816,1113.601,1241.891,1113.737,0.0011
mixed,32,4,0.125,4.0,1024,1024,4096,16384,5632,1183.554,1435.549,1185.569,0.008
mixed,32,4,0.125,4.0,1024,2048,128,512,176,1182.337,1196.318,1183.142,0.0576
mixed,32,4,0.125,4.0,1024,2048,256,1024,352,1187.205,1207.592,1195.486,0.4062
mixed,32,4,0.125,4.0,1024,2048,512,2048,704,1200.775,1241.282,1200.834,0.0015
mixed,32,4,0.125,4.0,1024,2048,1024,4096,1408,1224.486,1289.988,1224.322,-0.0025
mixed,32,4,0.125,4.0,1024,2048,2048,8192,2816,1263.304,1399.556,1267.971,0.0343
mixed,32,4,0.125,4.0,1024,2048,4096,16384,5632,1332.933,1589.957,1336.421,0.0136
mixed,32,4,0.125,4.0,1024,4096,128,512,176,1515.46,1526.436,1508.355,-0.6473
mixed,32,4,0.125,4.0,1024,4096,256,1024,352,1522.054,1539.784,1516.902,-0.2906
mixed,32,4,0.125,4.0,1024,4096,512,2048,704,1529.834,1565.569,1533.892,0.1136
mixed,32,4,0.125,4.0,1024,4096,1024,4096,1408,1551.844,1619.423,1554.756,0.0431
mixed,32,4,0.125,4.0,1024,4096,2048,8192,2816,1593.985,1718.721,1601.509,0.0603
mixed,32,4,0.125,4.0,1024,4096,4096,16384,5632,1658.725,1917.514,1662.817,0.0158
mixed,32,4,0.125,4.0,1024,8192,128,512,176,2129.193,2139.138,2130.752,0.1568
mixed,32,4,0.125,4.0,1024,8192,256,1024,352,2132.863,2160.361,2138.534,0.2062
mixed,32,4,0.125,4.0,1024,8192,512,2048,704,2143.428,2183.85,2149.219,0.1433
mixed,32,4,0.125,4.0,1024,8192,1024,4096,1408,2167.682,2234.28,2176.164,0.1274
mixed,32,4,0.125,4.0,1024,8192,2048,8192,2816,2208.872,2338.888,2210.692,0.014
mixed,32,4,0.125,4.0,1024,8192,4096,16384,5632,2275.849,2538.758,2285.259,0.0358
mixed,32,4,0.125,4.0,2048,0,128,512,176,1486.306,1496.968,1483.296,-0.2823
mixed,32,4,0.125,4.0,2048,0,256,1024,352,1494.537,1514.596,1497.092,0.1274
mixed,32,4,0.125,4.0,2048,0,512,2048,704,1502.113,1543.905,1504.55,0.0583
mixed,32,4,0.125,4.0,2048,0,1024,4096,1408,1527.909,1598.048,1528.071,0.0023
mixed,32,4,0.125,4.0,2048,0,2048,8192,2816,1568.737,1701.347,1572.103,0.0254
mixed,32,4,0.125,4.0,2048,0,4096,16384,5632,1644.676,1894.885,1643.909,-0.0031
mixed,32,4,0.125,4.0,2048,512,128,512,176,1715.521,1724.2,1713.029,-0.2871
mixed,32,4,0.125,4.0,2048,512,256,1024,352,1722.085,1736.422,1719.939,-0.1497
mixed,32,4,0.125,4.0,2048,512,512,2048,704,1724.256,1762.407,1729.318,0.1327
mixed,32,4,0.125,4.0,2048,512,1024,4096,1408,1753.312,1820.523,1754.4,0.0162
mixed,32,4,0.125,4.0,2048,512,2048,8192,2816,1789.122,1923.33,1792.484,0.0251
mixed,32,4,0.125,4.0,2048,512,4096,16384,5632,1854.857,2103.206,1864.964,0.0407
mixed,32,4,0.125,4.0,2048,1024,128,512,176,1829.408,1833.317,1830.721,0.3359
mixed,32,4,0.125,4.0,2048,1024,256,1024,352,1828.517,1857.317,1826.532,-0.0689
mixed,32,4,0.125,4.0,2048,1024,512,2048,704,1841.6,1880.515,1844.491,0.0743
mixed,32,4,0.125,4.0,2048,1024,1024,4096,1408,1862.085,1925.129,1865.762,0.0583
mixed,32,4,0.125,4.0,2048,1024,2048,8192,2816,1899.978,2029.372,1900.481,0.0039
mixed,32,4,0.125,4.0,2048,1024,4096,16384,5632,1970.819,2224.103,1979.65,0.0349
mixed,32,4,0.125,4.0,2048,2048,128,512,176,2055.749,2076.136,2053.794,-0.0959
mixed,32,4,0.125,4.0,2048,2048,256,1024,352,2062.185,2081.603,2065.959,0.1944
mixed,32,4,0.125,4.0,2048,2048,512,2048,704,2067.243,2117.383,2076.395,0.1825
mixed,32,4,0.125,4.0,2048,2048,1024,4096,1408,2091.49,2165.799,2105.7,0.1912
mixed,32,4,0.125,4.0,2048,2048,2048,8192,2816,2135.621,2263.747,2138.727,0.0242
mixed,32,4,0.125,4.0,2048,2048,4096,16384,5632,2210.28,2457.539,2209.507,-0.0031
mixed,32,4,0.125,4.0,2048,4096,128,512,176,2516.87,2527.687,2521.25,0.4049
mixed,32,4,0.125,4.0,2048,4096,256,1024,352,2524.036,2544.869,2537.349,0.639
mixed,32,4,0.125,4.0,2048,4096,512,2048,704,2530.567,2576.967,2542.535,0.2579
mixed,32,4,0.125,4.0,2048,4096,1024,4096,1408,2563.53,2628.928,2566.823,0.0504
mixed,32,4,0.125,4.0,2048,4096,2048,8192,2816,2591.658,2728.519,2601.857,0.0745
mixed,32,4,0.125,4.0,2048,4096,4096,16384,5632,2676.038,2925.991,2669.032,-0.028
mixed,32,4,0.125,4.0,2048,8192,128,512,176,3407.917,3418.373,3400.07,-0.7505
mixed,32,4,0.125,4.0,2048,8192,256,1024,352,3416.99,3430.501,3415.273,-0.1271
mixed,32,4,0.125,4.0,2048,8192,512,2048,704,3419.047,3461.484,3432.107,0.3078
mixed,32,4,0.125,4.0,2048,8192,1024,4096,1408,3434.027,3511.244,3445.03,0.1425
mixed,32,4,0.125,4.0,2048,8192,2048,8192,2816,3478.986,3611.724,3480.329,0.0101
mixed,32,4,0.125,4.0,2048,8192,4096,16384,5632,3551.053,3807.979,3553.126,0.0081
pure,32,8,0.25,4.0,0,0,128,512,224,219.46,249.122,238.531,0.6429
pure,32,8,0.25,4.0,0,0,256,1024,448,244.16,261.54,246.462,0.1325
pure,32,8,0.25,4.0,0,0,512,2048,896,254.85,284.8,282.018,0.9071
pure,32,8,0.25,4.0,0,0,1024,4096,1792,280.352,336.004,312.992,0.5865
pure,32,8,0.25,4.0,0,0,2048,8192,3584,325.219,436.865,376.731,0.4614
pure,32,8,0.25,4.0,0,0,4096,16384,7168,411.969,638.21,493.759,0.3615
mixed,32,8,0.25,4.0,16,0,128,512,224,235.072,261.954,254.59,0.7261
mixed,32,8,0.25,4.0,16,0,256,1024,448,262.4,276.669,261.089,-0.0919
mixed,32,8,0.25,4.0,16,0,512,2048,896,277.663,305.024,274.689,-0.1087
mixed,32,8,0.25,4.0,16,0,1024,4096,1792,298.306,358.814,329.379,0.5135
mixed,32,8,0.25,4.0,16,0,2048,8192,3584,344.803,457.664,392.481,0.4224
mixed,32,8,0.25,4.0,16,0,4096,16384,7168,431.614,655.266,518.724,0.3895
mixed,32,8,0.25,4.0,16,512,128,512,224,271.009,278.208,271.424,0.0576
mixed,32,8,0.25,4.0,16,512,256,1024,448,273.219,282.684,277.954,0.5003
mixed,32,8,0.25,4.0,16,512,512,2048,896,287.555,349.89,282.115,-0.0873
mixed,32,8,0.25,4.0,16,512,1024,4096,1792,337.988,415.392,301.951,-0.4656
mixed,32,8,0.25,4.0,16,512,2048,8192,3584,401.632,518.176,392.513,-0.0782
mixed,32,8,0.25,4.0,16,512,4096,16384,7168,493.184,705.604,518.464,0.119
mixed,32,8,0.25,4.0,16,1024,128,512,224,277.986,297.636,273.088,-0.2493
mixed,32,8,0.25,4.0,16,1024,256,1024,448,280.958,288.253,283.905,0.404
mixed,32,8,0.25,4.0,16,1024,512,2048,896,293.055,355.233,292.639,-0.0067
mixed,32,8,0.25,4.0,16,1024,1024,4096,1792,346.079,437.506,307.073,-0.4266
mixed,32,8,0.25,4.0,16,1024,2048,8192,3584,415.039,555.935,347.324,-0.4806
mixed,32,8,0.25,4.0,16,1024,4096,16384,7168,526.559,746.691,506.24,-0.0923
mixed,32,8,0.25,4.0,16,2048,128,512,224,280.165,289.631,281.824,0.1753
mixed,32,8,0.25,4.0,16,2048,256,1024,448,292.575,328.83,282.466,-0.2788
mixed,32,8,0.25,4.0,16,2048,512,2048,896,328.257,316.606,295.934,
mixed,32,8,0.25,4.0,16,2048,1024,4096,1792,307.394,439.838,350.946,0.3288
mixed,32,8,0.25,4.0,16,2048,2048,8192,3584,419.105,601.474,356.163,-0.3451
mixed,32,8,0.25,4.0,16,2048,4096,16384,7168,566.402,818.819,443.074,-0.4886
mixed,32,8,0.25,4.0,16,4096,128,512,224,298.113,317.377,296.738,-0.0714
mixed,32,8,0.25,4.0,16,4096,256,1024,448,311.263,308.93,296.513,
mixed,32,8,0.25,4.0,16,4096,512,2048,896,310.111,384.608,306.85,-0.0438
mixed,32,8,0.25,4.0,16,4096,1024,4096,1792,368.222,368.321,328.992,-396.2626
mixed,32,8,0.25,4.0,16,4096,2048,8192,3584,357.599,613.989,440.29,0.3225
mixed,32,8,0.25,4.0,16,4096,4096,16384,7168,568.897,952.001,446.401,-0.3197
mixed,32,8,0.25,4.0,16,8192,128,512,224,318.848,321.922,322.559,1.2072
mixed,32,8,0.25,4.0,16,8192,256,1024,448,321.632,361.601,314.913,-0.1681
mixed,32,8,0.25,4.0,16,8192,512,2048,896,349.949,349.503,328.836,
mixed,32,8,0.25,4.0,16,8192,1024,4096,1792,349.855,492.481,345.313,-0.0318
mixed,32,8,0.25,4.0,16,8192,2048,8192,3584,466.307,481.281,443.233,-1.5409
mixed,32,8,0.25,4.0,16,8192,4096,16384,7168,463.493,935.266,605.572,0.3012
mixed,32,8,0.25,4.0,32,0,128,512,224,235.233,264.223,253.662,0.6357
mixed,32,8,0.25,4.0,32,0,256,1024,448,263.136,288.227,262.686,-0.0179
mixed,32,8,0.25,4.0,32,0,512,2048,896,274.722,309.792,270.788,-0.1122
mixed,32,8,0.25,4.0,32,0,1024,4096,1792,307.553,360.671,328.544,0.3952
mixed,32,8,0.25,4.0,32,0,2048,8192,3584,345.762,462.589,392.606,0.401
mixed,32,8,0.25,4.0,32,0,4096,16384,7168,436.129,656.129,509.376,0.3329
mixed,32,8,0.25,4.0,32,512,128,512,224,278.206,304.897,273.857,-0.1629
mixed,32,8,0.25,4.0,32,512,256,1024,448,273.729,286.435,291.97,1.4356
mixed,32,8,0.25,4.0,32,512,512,2048,896,284.353,350.241,284.739,0.0059
mixed,32,8,0.25,4.0,32,512,1024,4096,1792,337.728,411.359,305.153,-0.4424
mixed,32,8,0.25,4.0,32,512,2048,8192,3584,397.758,516.197,344.098,-0.4531
mixed,32,8,0.25,4.0,32,512,4096,16384,7168,490.56,713.378,512.099,0.0967
mixed,32,8,0.25,4.0,32,1024,128,512,224,282.816,284.092,282.177,-0.5008
mixed,32,8,0.25,4.0,32,1024,256,1024,448,286.018,329.86,285.282,-0.0168
mixed,32,8,0.25,4.0,32,1024,512,2048,896,329.662,315.039,322.238,
mixed,32,8,0.25,4.0,32,1024,1024,4096,1792,306.978,437.729,352.094,0.3451
mixed,32,8,0.25,4.0,32,1024,2048,8192,3584,413.728,554.592,348.193,-0.4652
mixed,32,8,0.25,4.0,32,1024,4096,16384,7168,523.649,744.835,441.503,-0.3714
mixed,32,8,0.25,4.0,32,2048,128,512,224,290.847,317.312,299.581,0.33
mixed,32,8,0.25,4.0,32,2048,256,1024,448,311.491,307.105,296.545,
mixed,32,8,0.25,4.0,32,2048,512,2048,896,305.409,385.729,303.009,-0.0299
mixed,32,8,0.25,4.0,32,2048,1024,4096,1792,372.476,377.763,361.7,-2.0382
mixed,32,8,0.25,4.0,32,2048,2048,8192,3584,358.913,601.06,441.344,0.3404
mixed,32,8,0.25,4.0,32,2048,4096,16384,7168,559.745,808.198,439.806,-0.4827
mixed,32,8,0.25,4.0,32,4096,128,512,224,320.191,319.264,321.571,
mixed,32,8,0.25,4.0,32,4096,256,1024,448,319.62,358.916,313.887,-0.1459
mixed,32,8,0.25,4.0,32,4096,512,2048,896,348.931,342.627,330.527,
mixed,32,8,0.25,4.0,32,4096,1024,4096,1792,348.544,491.649,340.416,-0.0568
mixed,32,8,0.25,4.0,32,4096,2048,8192,3584,462.015,485.153,444.223,-0.769
mixed,32,8,0.25,4.0,32,4096,4096,16384,7168,459.583,930.915,615.68,0.3312
mixed,32,8,0.25,4.0,32,8192,128,512,224,365.667,355.455,365.505,
mixed,32,8,0.25,4.0,32,8192,256,1024,448,363.075,373.954,362.081,-0.0914
mixed,32,8,0.25,4.0,32,8192,512,2048,896,373.058,438.882,376.544,0.053
mixed,32,8,0.25,4.0,32,8192,1024,4096,1792,422.978,422.785,432.929,
mixed,32,8,0.25,4.0,32,8192,2048,8192,3584,426.879,700.031,420.996,-0.0215
mixed,32,8,0.25,4.0,32,8192,4096,16384,7168,651.33,707.45,604.77,-0.8297
mixed,32,8,0.25,4.0,64,0,128,512,224,241.086,274.945,269.633,0.8431
mixed,32,8,0.25,4.0,64,0,256,1024,448,271.012,296.704,273.922,0.1133
mixed,32,8,0.25,4.0,64,0,512,2048,896,286.851,322.016,294.751,0.2247
mixed,32,8,0.25,4.0,64,0,1024,4096,1792,313.664,377.951,340.254,0.4136
mixed,32,8,0.25,4.0,64,0,2048,8192,3584,359.135,476.286,422.307,0.5392
mixed,32,8,0.25,4.0,64,0,4096,16384,7168,448.164,676.419,583.97,0.595
mixed,32,8,0.25,4.0,64,512,128,512,224,293.251,302.814,313.535,2.1211
mixed,32,8,0.25,4.0,64,512,256,1024,448,304.191,343.426,294.341,-0.2511
mixed,32,8,0.25,4.0,64,512,512,2048,896,336.641,315.011,335.232,
mixed,32,8,0.25,4.0,64,512,1024,4096,1792,307.327,417.122,339.651,0.2944
mixed,32,8,0.25,4.0,64,512,2048,8192,3584,399.747,518.209,415.875,0.1361
mixed,32,8,0.25,4.0,64,512,4096,16384,7168,496.869,715.3,572.962,0.3484
mixed,32,8,0.25,4.0,64,1024,128,512,224,309.316,341.091,301.535,-0.2449
mixed,32,8,0.25,4.0,64,1024,256,1024,448,328.896,320.797,331.941,
mixed,32,8,0.25,4.0,64,1024,512,2048,896,320.574,390.752,316.737,-0.0547
mixed,32,8,0.25,4.0,64,1024,1024,4096,1792,382.687,373.889,374.623,
mixed,32,8,0.25,4.0,64,1024,2048,8192,3584,357.502,548.194,418.979,0.3224
mixed,32,8,0.25,4.0,64,1024,4096,16384,7168,525.216,745.635,579.907,0.2481
mixed,32,8,0.25,4.0,64,2048,128,512,224,334.083,333.854,355.201,
mixed,32,8,0.25,4.0,64,2048,256,1024,448,334.88,375.844,332.257,-0.064
mixed,32,8,0.25,4.0,64,2048,512,2048,896,365.918,358.211,360.607,
mixed,32,8,0.25,4.0,64,2048,1024,4096,1792,357.313,483.775,353.023,-0.0339
mixed,32,8,0.25,4.0,64,2048,2048,8192,3584,464.926,487.587,455.202,-0.4291
mixed,32,8,0.25,4.0,64,2048,4096,16384,7168,458.272,804.352,573.507,0.333
mixed,32,8,0.25,4.0,64,4096,128,512,224,370.049,395.489,367.683,-0.093
mixed,32,8,0.25,4.0,64,4096,256,1024,448,390.401,384.419,436.802,
mixed,32,8,0.25,4.0,64,4096,512,2048,896,383.422,452.771,384.706,0.0185
mixed,32,8,0.25,4.0,64,4096,1024,4096,1792,436.006,435.586,441.889,
mixed,32,8,0.25,4.0,64,4096,2048,8192,3584,441.536,671.003,433.605,-0.0346
mixed,32,8,0.25,4.0,64,4096,4096,16384,7168,643.651,708.034,612.127,-0.4896
mixed,32,8,0.25,4.0,64,8192,128,512,224,452.192,476.513,448.418,-0.1552
mixed,32,8,0.25,4.0,64,8192,256,1024,448,468.675,515.136,454.272,-0.31
mixed,32,8,0.25,4.0,64,8192,512,2048,896,505.117,490.432,593.633,
mixed,32,8,0.25,4.0,64,8192,1024,4096,1792,489.405,612.866,492.358,0.0239
mixed,32,8,0.25,4.0,64,8192,2048,8192,3584,576.638,596.611,604.481,1.394
mixed,32,8,0.25,4.0,64,8192,4096,16384,7168,604.194,1042.53,591.746,-0.0284
mixed,32,8,0.25,4.0,128,0,128,512,224,268.319,308.161,298.208,0.7502
mixed,32,8,0.25,4.0,128,0,256,1024,448,303.36,326.083,322.113,0.8253
mixed,32,8,0.25,4.0,128,0,512,2048,896,324.318,367.682,363.137,0.8952
mixed,32,8,0.25,4.0,128,0,1024,4096,1792,356.259,444.61,443.046,0.9823
mixed,32,8,0.25,4.0,128,0,2048,8192,3584,425.342,607.457,596.224,0.9383
mixed,32,8,0.25,4.0,128,0,4096,16384,7168,563.39,918.18,909.345,0.9751
mixed,32,8,0.25,4.0,128,512,128,512,224,367.998,382.849,379.718,0.7892
mixed,32,8,0.25,4.0,128,512,256,1024,448,384.706,331.652,396.355,
mixed,32,8,0.25,4.0,128,512,512,2048,896,323.584,367.967,354.465,0.6958
mixed,32,8,0.25,4.0,128,512,1024,4096,1792,358.815,452.577,439.36,0.859
mixed,32,8,0.25,4.0,128,512,2048,8192,3584,429.504,606.205,597.218,0.9491
mixed,32,8,0.25,4.0,128,512,4096,16384,7168,568.897,920.225,911.362,0.9748
mixed,32,8,0.25,4.0,128,1024,128,512,224,388.16,410.045,407.329,0.8759
mixed,32,8,0.25,4.0,128,1024,256,1024,448,403.936,423.941,415.807,0.5934
mixed,32,8,0.25,4.0,128,1024,512,2048,896,415.581,365.315,454.05,
mixed,32,8,0.25,4.0,128,1024,1024,4096,1792,361.574,451.651,432.452,0.7869
mixed,32,8,0.25,4.0,128,1024,2048,8192,3584,429.92,609.667,604.993,0.974
mixed,32,8,0.25,4.0,128,1024,4096,16384,7168,571.201,924.769,919.139,0.9841
mixed,32,8,0.25,4.0,128,2048,128,512,224,423.871,447.362,421.508,-0.1006
mixed,32,8,0.25,4.0,128,2048,256,1024,448,443.106,485.761,484.704,0.9752
mixed,32,8,0.25,4.0,128,2048,512,2048,896,474.048,505.827,492.511,0.581
mixed,32,8,0.25,4.0,128,2048,1024,4096,1792,494.785,445.888,572.9,
mixed,32,8,0.25,4.0,128,2048,2048,8192,3584,442.278,614.594,594.534,0.8836
mixed,32,8,0.25,4.0,128,2048,4096,16384,7168,572.707,932.13,918.724,0.9627
mixed,32,8,0.25,4.0,128,4096,128,512,224,503.68,530.817,502.749,-0.0343
mixed,32,8,0.25,4.0,128,4096,256,1024,448,527.361,565.663,511.009,-0.4269
mixed,32,8,0.25,4.0,128,4096,512,2048,896,554.496,642.05,643.906,1.0212
mixed,32,8,0.25,4.0,128,4096,1024,4096,1792,619.906,662.851,647.585,0.6445
mixed,32,8,0.25,4.0,128,4096,2048,8192,3584,641.348,609.44,809.73,
mixed,32,8,0.25,4.0,128,4096,4096,16384,7168,609.024,931.491,905.601,0.9197
mixed,32,8,0.25,4.0,128,8192,128,512,224,647.076,686.208,648.193,0.0285
mixed,32,8,0.25,4.0,128,8192,256,1024,448,683.238,729.412,667.746,-0.3355
mixed,32,8,0.25,4.0,128,8192,512,2048,896,717.441,801.152,688.257,-0.3486
mixed,32,8,0.25,4.0,128,8192,1024,4096,1792,781.956,958.787,951.46,0.9586
mixed,32,8,0.25,4.0,128,8192,2048,8192,3584,915.583,979.235,967.107,0.8095
mixed,32,8,0.25,4.0,128,8192,4096,16384,7168,934.176,933.025,1277.089,
mixed,32,8,0.25,4.0,256,0,128,512,224,330.046,335.232,337.635,1.4634
mixed,32,8,0.25,4.0,256,0,256,1024,448,330.178,371.872,374.241,1.0568
mixed,32,8,0.25,4.0,256,0,512,2048,896,362.146,449.125,448.831,0.9966
mixed,32,8,0.25,4.0,256,0,1024,4096,1792,429.243,604.738,602.786,0.9889
mixed,32,8,0.25,4.0,256,0,2048,8192,3584,563.328,913.281,911.779,0.9957
mixed,32,8,0.25,4.0,256,0,4096,16384,7168,834.657,1538.402,1525.925,0.9823
mixed,32,8,0.25,4.0,256,512,128,512,224,374.238,394.462,397.218,1.1363
mixed,32,8,0.25,4.0,256,512,256,1024,448,390.916,433.153,437.697,1.1076
mixed,32,8,0.25,4.0,256,512,512,2048,896,423.135,508.513,506.147,0.9723
mixed,32,8,0.25,4.0,256,512,1024,4096,1792,491.778,667.618,659.711,0.955
mixed,32,8,0.25,4.0,256,512,2048,8192,3584,624.736,977.251,970.4,0.9806
mixed,32,8,0.25,4.0,256,512,4096,16384,7168,899.011,1607.075,1586.561,0.971
mixed,32,8,0.25,4.0,256,1024,128,512,224,414.208,434.434,408.67,-0.2738
mixed,32,8,0.25,4.0,256,1024,256,1024,448,430.369,470.368,473.279,1.0728
mixed,32,8,0.25,4.0,256,1024,512,2048,896,461.505,550.273,545.218,0.9431
mixed,32,8,0.25,4.0,256,1024,1024,4096,1792,527.55,708.544,700.61,0.9562
mixed,32,8,0.25,4.0,256,1024,2048,8192,3584,666.529,1013.794,1009.06,0.9864
mixed,32,8,0.25,4.0,256,1024,4096,16384,7168,939.266,1646.276,1622.82,0.9668
mixed,32,8,0.25,4.0,256,2048,128,512,224,489.026,510.784,483.936,-0.2339
mixed,32,8,0.25,4.0,256,2048,256,1024,448,507.103,551.329,493.41,-0.3096
mixed,32,8,0.25,4.0,256,2048,512,2048,896,537.47,627.714,624.868,0.9685
mixed,32,8,0.25,4.0,256,2048,1024,4096,1792,609.184,786.305,777.984,0.953
mixed,32,8,0.25,4.0,256,2048,2048,8192,3584,747.618,1095.558,1092.289,0.9906
mixed,32,8,0.25,4.0,256,2048,4096,16384,7168,1015.202,1731.459,1706.533,0.9652
mixed,32,8,0.25,4.0,256,4096,128,512,224,629.793,672.225,630.466,0.0159
mixed,32,8,0.25,4.0,256,4096,256,1024,448,668.23,711.429,654.815,-0.3105
mixed,32,8,0.25,4.0,256,4096,512,2048,896,701.249,787.809,671.269,-0.3463
mixed,32,8,0.25,4.0,256,4096,1024,4096,1792,766.049,945.696,936.673,0.9498
mixed,32,8,0.25,4.0,256,4096,2048,8192,3584,905.537,1252.838,1254.531,1.0049
mixed,32,8,0.25,4.0,256,4096,4096,16384,7168,1179.331,1886.915,1865.026,0.9691
mixed,32,8,0.25,4.0,256,8192,128,512,224,935.171,934.337,933.633,
mixed,32,8,0.25,4.0,256,8192,256,1024,448,932.673,1016.228,933.284,0.0073
mixed,32,8,0.25,4.0,256,8192,512,2048,896,964.962,1093.284,973.41,0.0658
mixed,32,8,0.25,4.0,256,8192,1024,4096,1792,1075.076,1245.158,1019.62,-0.3261
mixed,32,8,0.25,4.0,256,8192,2048,8192,3584,1214.468,1558.728,1554.465,0.9876
mixed,32,8,0.25,4.0,256,8192,4096,16384,7168,1478.659,2185.925,2173.379,0.9823
mixed,32,8,0.25,4.0,512,0,128,512,224,566.015,570.722,547.745,-3.8815
mixed,32,8,0.25,4.0,512,0,256,1024,448,576.802,572.894,554.208,
mixed,32,8,0.25,4.0,512,0,512,2048,896,582.813,641.251,626.945,0.7552
mixed,32,8,0.25,4.0,512,0,1024,4096,1792,607.806,809.632,795.237,0.9287
mixed,32,8,0.25,4.0,512,0,2048,8192,3584,737.153,1120.935,1105.378,0.9595
mixed,32,8,0.25,4.0,512,0,4096,16384,7168,1009.472,1739.554,1737.281,0.9969
mixed,32,8,0.25,4.0,512,512,128,512,224,643.711,681.283,641.348,-0.0629
mixed,32,8,0.25,4.0,512,512,256,1024,448,660.708,709.762,663.33,0.0535
mixed,32,8,0.25,4.0,512,512,512,2048,896,701.186,796.037,742.723,0.4379
mixed,32,8,0.25,4.0,512,512,1024,4096,1792,750.503,931.775,879.939,0.714
mixed,32,8,0.25,4.0,512,512,2048,8192,3584,892.609,1256.992,1188.931,0.8132
mixed,32,8,0.25,4.0,512,512,4096,16384,7168,1176.066,1858.467,1811.302,0.9309
mixed,32,8,0.25,4.0,512,1024,128,512,224,727.074,760.93,703.007,-0.7109
mixed,32,8,0.25,4.0,512,1024,256,1024,448,729.221,783.294,739.814,0.1959
mixed,32,8,0.25,4.0,512,1024,512,2048,896,779.138,869.216,760.0,-0.2125
mixed,32,8,0.25,4.0,512,1024,1024,4096,1792,852.227,1032.677,929.121,0.4261
mixed,32,8,0.25,4.0,512,1024,2048,8192,3584,983.908,1339.812,1207.526,0.6283
mixed,32,8,0.25,4.0,512,1024,4096,16384,7168,1241.827,1944.385,1838.113,0.8487
mixed,32,8,0.25,4.0,512,2048,128,512,224,845.536,889.438,842.882,-0.0605
mixed,32,8,0.25,4.0,512,2048,256,1024,448,876.865,944.963,876.708,-0.0023
mixed,32,8,0.25,4.0,512,2048,512,2048,896,933.281,1026.082,912.325,-0.2258
mixed,32,8,0.25,4.0,512,2048,1024,4096,1792,1007.874,1172.036,1007.911,0.0002
mixed,32,8,0.25,4.0,512,2048,2048,8192,3584,1153.892,1481.413,1316.168,0.4955
mixed,32,8,0.25,4.0,512,2048,4096,16384,7168,1425.191,2112.864,1941.096,0.7502
mixed,32,8,0.25,4.0,512,4096,128,512,224,1156.421,1157.927,1168.1,7.755
mixed,32,8,0.25,4.0,512,4096,256,1024,448,1161.509,1207.619,1161.698,0.0041
mixed,32,8,0.25,4.0,512,4096,512,2048,896,1152.839,1327.783,1163.14,0.0589
mixed,32,8,0.25,4.0,512,4096,1024,4096,1792,1323.364,1472.707,1257.636,-0.4401
mixed,32,8,0.25,4.0,512,4096,2048,8192,3584,1441.218,1780.71,1456.933,0.0463
mixed,32,8,0.25,4.0,512,4096,4096,16384,7168,1721.73,2401.316,2096.422,0.5514
mixed,32,8,0.25,4.0,512,8192,128,512,224,1769.444,1776.773,1771.33,0.2573
mixed,32,8,0.25,4.0,512,8192,256,1024,448,1775.49,1761.699,1764.227,
mixed,32,8,0.25,4.0,512,8192,512,2048,896,1765.318,1816.707,1750.405,-0.2902
mixed,32,8,0.25,4.0,512,8192,1024,4096,1792,1766.277,2093.096,1778.885,0.0386
mixed,32,8,0.25,4.0,512,8192,2048,8192,3584,2051.363,2417.571,1933.732,-0.3212
mixed,32,8,0.25,4.0,512,8192,4096,16384,7168,2301.189,3019.268,2390.564,0.1245
mixed,32,8,0.25,4.0,1024,0,128,512,224,791.331,803.041,795.527,0.3583
mixed,32,8,0.25,4.0,1024,0,256,1024,448,794.593,822.207,799.168,0.1657
mixed,32,8,0.25,4.0,1024,0,512,2048,896,816.509,848.447,833.219,0.5232
mixed,32,8,0.25,4.0,1024,0,1024,4096,1792,840.739,905.73,869.731,0.4461
mixed,32,8,0.25,4.0,1024,0,2048,8192,3584,896.452,1008.546,935.65,0.3497
mixed,32,8,0.25,4.0,1024,0,4096,16384,7168,976.448,1200.868,1056.289,0.3558
mixed,32,8,0.25,4.0,1024,512,128,512,224,956.073,966.814,949.892,-0.5755
mixed,32,8,0.25,4.0,1024,512,256,1024,448,966.15,977.413,961.513,-0.4117
mixed,32,8,0.25,4.0,1024,512,512,2048,896,977.024,1007.362,999.399,0.7375
mixed,32,8,0.25,4.0,1024,512,1024,4096,1792,1006.401,1061.766,1028.834,0.4052
mixed,32,8,0.25,4.0,1024,512,2048,8192,3584,1054.243,1168.488,1100.868,0.4081
mixed,32,8,0.25,4.0,1024,512,4096,16384,7168,1137.381,1357.351,1218.243,0.3676
mixed,32,8,0.25,4.0,1024,1024,128,512,224,1032.355,1042.438,1032.705,0.0347
mixed,32,8,0.25,4.0,1024,1024,256,1024,448,1049.283,1058.663,1043.108,-0.6583
mixed,32,8,0.25,4.0,1024,1024,512,2048,896,1055.874,1088.0,1078.115,0.6923
mixed,32,8,0.25,4.0,1024,1024,1024,4096,1792,1075.327,1141.188,1110.693,0.537
mixed,32,8,0.25,4.0,1024,1024,2048,8192,3584,1129.923,1245.763,1175.622,0.3945
mixed,32,8,0.25,4.0,1024,1024,4096,16384,7168,1220.702,1436.29,1299.493,0.3655
mixed,32,8,0.25,4.0,1024,2048,128,512,224,1185.888,1195.578,1186.817,0.0959
mixed,32,8,0.25,4.0,1024,2048,256,1024,448,1191.074,1209.827,1192.836,0.094
mixed,32,8,0.25,4.0,1024,2048,512,2048,896,1206.087,1239.203,1224.418,0.5535
mixed,32,8,0.25,4.0,1024,2048,1024,4096,1792,1238.754,1290.845,1256.29,0.3366
mixed,32,8,0.25,4.0,1024,2048,2048,8192,3584,1285.889,1397.862,1330.338,0.397
mixed,32,8,0.25,4.0,1024,2048,4096,16384,7168,1371.818,1592.034,1454.241,0.3743
mixed,32,8,0.25,4.0,1024,4096,128,512,224,1511.043,1519.939,1510.115,-0.1043
mixed,32,8,0.25,4.0,1024,4096,256,1024,448,1520.191,1546.47,1521.673,0.0564
mixed,32,8,0.25,4.0,1024,4096,512,2048,896,1536.734,1561.768,1554.348,0.7036
mixed,32,8,0.25,4.0,1024,4096,1024,4096,1792,1563.042,1618.079,1583.59,0.3733
mixed,32,8,0.25,4.0,1024,4096,2048,8192,3584,1602.63,1720.518,1650.149,0.4031
mixed,32,8,0.25,4.0,1024,4096,4096,16384,7168,1694.402,1915.333,1768.295,0.3345
mixed,32,8,0.25,4.0,1024,8192,128,512,224,2134.307,2143.424,2132.873,-0.1573
mixed,32,8,0.25,4.0,1024,8192,256,1024,448,2140.513,2159.084,2146.376,0.3157
mixed,32,8,0.25,4.0,1024,8192,512,2048,896,2152.004,2187.523,2176.522,0.6903
mixed,32,8,0.25,4.0,1024,8192,1024,4096,1792,2176.037,2241.571,2207.143,0.4747
mixed,32,8,0.25,4.0,1024,8192,2048,8192,3584,2233.612,2337.351,2269.034,0.3415
mixed,32,8,0.25,4.0,1024,8192,4096,16384,7168,2312.837,2535.912,2393.635,0.3622
mixed,32,8,0.25,4.0,2048,0,128,512,224,1489.062,1499.237,1486.47,-0.2547
mixed,32,8,0.25,4.0,2048,0,256,1024,448,1500.96,1513.477,1497.602,-0.2683
mixed,32,8,0.25,4.0,2048,0,512,2048,896,1511.652,1543.301,1530.09,0.5826
mixed,32,8,0.25,4.0,2048,0,1024,4096,1792,1539.3,1597.443,1561.824,0.3874
mixed,32,8,0.25,4.0,2048,0,2048,8192,3584,1586.756,1706.882,1630.725,0.366
mixed,32,8,0.25,4.0,2048,0,4096,16384,7168,1675.201,1882.631,1756.325,0.3911
mixed,32,8,0.25,4.0,2048,512,128,512,224,1713.217,1722.019,1713.253,0.0041
mixed,32,8,0.25,4.0,2048,512,256,1024,448,1717.072,1736.805,1718.757,0.0854
mixed,32,8,0.25,4.0,2048,512,512,2048,896,1731.615,1763.075,1752.902,0.6766
mixed,32,8,0.25,4.0,2048,512,1024,4096,1792,1764.064,1817.542,1785.574,0.4022
mixed,32,8,0.25,4.0,2048,512,2048,8192,3584,1809.284,1921.862,1862.5,0.4727
mixed,32,8,0.25,4.0,2048,512,4096,16384,7168,1895.398,2108.614,1971.044,0.3548
mixed,32,8,0.25,4.0,2048,1024,128,512,224,1821.573,1830.79,1822.884,0.1422
mixed,32,8,0.25,4.0,2048,1024,256,1024,448,1827.977,1844.201,1833.707,0.3532
mixed,32,8,0.25,4.0,2048,1024,512,2048,896,1844.992,1876.071,1866.919,0.7055
mixed,32,8,0.25,4.0,2048,1024,1024,4096,1792,1871.552,1933.632,1897.862,0.4238
mixed,32,8,0.25,4.0,2048,1024,2048,8192,3584,1922.753,2033.566,1966.98,0.3991
mixed,32,8,0.25,4.0,2048,1024,4096,16384,7168,2004.996,2223.236,2097.734,0.4249
mixed,32,8,0.25,4.0,2048,2048,128,512,224,2057.409,2069.19,2061.607,0.3563
mixed,32,8,0.25,4.0,2048,2048,256,1024,448,2063.783,2083.212,2066.276,0.1283
mixed,32,8,0.25,4.0,2048,2048,512,2048,896,2076.138,2118.146,2099.36,0.5528
mixed,32,8,0.25,4.0,2048,2048,1024,4096,1792,2107.844,2160.585,2139.94,0.6086
mixed,32,8,0.25,4.0,2048,2048,2048,8192,3584,2150.352,2267.94,2201.829,0.4378
mixed,32,8,0.25,4.0,2048,2048,4096,16384,7168,2234.059,2453.766,2324.423,0.4113
mixed,32,8,0.25,4.0,2048,4096,128,512,224,2524.198,2532.455,2519.047,-0.6238
mixed,32,8,0.25,4.0,2048,4096,256,1024,448,2529.64,2547.212,2529.804,0.0093
mixed,32,8,0.25,4.0,2048,4096,512,2048,896,2540.801,2574.916,2564.169,0.685
mixed,32,8,0.25,4.0,2048,4096,1024,4096,1792,2567.713,2627.913,2596.266,0.4743
mixed,32,8,0.25,4.0,2048,4096,2048,8192,3584,2619.692,2724.487,2662.052,0.4042
mixed,32,8,0.25,4.0,2048,4096,4096,16384,7168,2702.218,2913.451,2779.654,0.3666
mixed,32,8,0.25,4.0,2048,8192,128,512,224,3413.262,3407.941,3409.446,
mixed,32,8,0.25,4.0,2048,8192,256,1024,448,3415.915,3425.934,3421.929,0.6003
mixed,32,8,0.25,4.0,2048,8192,512,2048,896,3432.234,3459.664,3451.624,0.7069
mixed,32,8,0.25,4.0,2048,8192,1024,4096,1792,3447.278,3503.008,3483.469,0.6494
mixed,32,8,0.25,4.0,2048,8192,2048,8192,3584,3492.357,3611.437,3547.527,0.4633
mixed,32,8,0.25,4.0,2048,8192,4096,16384,7168,3589.483,3801.669,3668.743,0.3735
pure,32,16,0.5,4.0,0,0,128,512,320,244.448,249.154,239.806,-0.9864
pure,32,16,0.5,4.0,0,0,256,1024,640,248.065,261.121,252.96,0.3749
pure,32,16,0.5,4.0,0,0,512,2048,1280,270.24,285.668,268.45,-0.116
pure,32,16,0.5,4.0,0,0,1024,4096,2560,300.704,334.048,302.722,0.0605
pure,32,16,0.5,4.0,0,0,2048,8192,5120,364.196,437.79,371.617,0.1008
pure,32,16,0.5,4.0,0,0,4096,16384,10240,488.098,635.941,497.091,0.0608
mixed,32,16,0.5,4.0,16,0,128,512,320,260.163,264.064,261.182,0.2612
mixed,32,16,0.5,4.0,16,0,256,1024,640,271.84,277.473,272.929,0.1933
mixed,32,16,0.5,4.0,16,0,512,2048,1280,284.481,307.297,286.431,0.0855
mixed,32,16,0.5,4.0,16,0,1024,4096,2560,318.497,356.704,319.423,0.0242
mixed,32,16,0.5,4.0,16,0,2048,8192,5120,383.106,458.115,389.122,0.0802
mixed,32,16,0.5,4.0,16,0,4096,16384,10240,509.091,650.276,515.78,0.0474
mixed,32,16,0.5,4.0,16,512,128,512,320,276.673,278.689,271.715,-2.4593
mixed,32,16,0.5,4.0,16,512,256,1024,640,270.913,283.2,290.979,1.6331
mixed,32,16,0.5,4.0,16,512,512,2048,1280,288.386,351.33,291.809,0.0544
mixed,32,16,0.5,4.0,16,512,1024,4096,2560,373.251,415.361,363.776,-0.225
mixed,32,16,0.5,4.0,16,512,2048,8192,5120,442.818,516.705,416.802,-0.3521
mixed,32,16,0.5,4.0,16,512,4096,16384,10240,562.59,706.748,517.956,-0.3096
mixed,32,16,0.5,4.0,16,1024,128,512,320,280.097,295.905,274.306,-0.3663
mixed,32,16,0.5,4.0,16,1024,256,1024,640,287.841,291.266,281.6,-1.8222
mixed,32,16,0.5,4.0,16,1024,512,2048,1280,294.239,357.824,322.626,0.4464
mixed,32,16,0.5,4.0,16,1024,1024,4096,2560,378.622,438.462,326.814,-0.8658
mixed,32,16,0.5,4.0,16,1024,2048,8192,5120,470.624,554.27,456.227,-0.1721
mixed,32,16,0.5,4.0,16,1024,4096,16384,10240,601.698,745.029,559.17,-0.2967
mixed,32,16,0.5,4.0,16,2048,128,512,320,296.679,288.417,285.469,
mixed,32,16,0.5,4.0,16,2048,256,1024,640,293.313,332.926,287.485,-0.1471
mixed,32,16,0.5,4.0,16,2048,512,2048,1280,342.82,318.053,326.879,
mixed,32,16,0.5,4.0,16,2048,1024,4096,2560,326.721,439.394,367.301,0.3602
mixed,32,16,0.5,4.0,16,2048,2048,8192,5120,483.521,607.813,459.711,-0.1916
mixed,32,16,0.5,4.0,16,2048,4096,16384,10240,671.552,820.929,631.842,-0.2658
mixed,32,16,0.5,4.0,16,4096,128,512,320,298.975,318.719,291.169,-0.3954
mixed,32,16,0.5,4.0,16,4096,256,1024,640,311.106,313.376,297.444,-6.0185
mixed,32,16,0.5,4.0,16,4096,512,2048,1280,342.88,385.219,342.176,-0.0166
mixed,32,16,0.5,4.0,16,4096,1024,4096,2560,412.128,369.823,389.192,
mixed,32,16,0.5,4.0,16,4096,2048,8192,5120,480.228,611.071,452.129,-0.2148
mixed,32,16,0.5,4.0,16,4096,4096,16384,10240,678.208,948.737,637.411,-0.1508
mixed,32,16,0.5,4.0,16,8192,128,512,320,319.969,323.552,322.56,0.7231
mixed,32,16,0.5,4.0,16,8192,256,1024,640,324.832,361.601,322.464,-0.0644
mixed,32,16,0.5,4.0,16,8192,512,2048,1280,376.061,349.664,360.575,
mixed,32,16,0.5,4.0,16,8192,1024,4096,2560,411.807,493.377,422.535,0.1315
mixed,32,16,0.5,4.0,16,8192,2048,8192,5120,539.3,485.633,492.995,
mixed,32,16,0.5,4.0,16,8192,4096,16384,10240,684.351,940.163,620.546,-0.2494
mixed,32,16,0.5,4.0,32,0,128,512,320,256.575,266.37,261.761,0.5295
mixed,32,16,0.5,4.0,32,0,256,1024,640,267.076,288.576,266.468,-0.0283
mixed,32,16,0.5,4.0,32,0,512,2048,1280,295.076,311.681,295.551,0.0286
mixed,32,16,0.5,4.0,32,0,1024,4096,2560,323.363,361.344,324.482,0.0295
mixed,32,16,0.5,4.0,32,0,2048,8192,5120,390.754,466.565,387.65,-0.0409
mixed,32,16,0.5,4.0,32,0,4096,16384,10240,511.007,659.456,516.77,0.0388
mixed,32,16,0.5,4.0,32,512,128,512,320,280.127,305.281,279.425,-0.0279
mixed,32,16,0.5,4.0,32,512,256,1024,640,281.887,286.241,278.302,-0.8234
mixed,32,16,0.5,4.0,32,512,512,2048,1280,291.81,347.197,324.77,0.5951
mixed,32,16,0.5,4.0,32,512,1024,4096,2560,373.857,413.501,324.034,-1.2568
mixed,32,16,0.5,4.0,32,512,2048,8192,5120,441.505,516.513,421.506,-0.2666
mixed,32,16,0.5,4.0,32,512,4096,16384,10240,567.654,708.446,523.584,-0.313
mixed,32,16,0.5,4.0,32,1024,128,512,320,294.945,287.135,290.303,
mixed,32,16,0.5,4.0,32,1024,256,1024,640,288.064,331.998,286.402,-0.0378
mixed,32,16,0.5,4.0,32,1024,512,2048,1280,340.325,311.425,328.221,
mixed,32,16,0.5,4.0,32,1024,1024,4096,2560,330.689,433.952,370.847,0.3889
mixed,32,16,0.5,4.0,32,1024,2048,8192,5120,466.816,551.618,454.688,-0.143
mixed,32,16,0.5,4.0,32,1024,4096,16384,10240,599.295,746.054,561.92,-0.2547
mixed,32,16,0.5,4.0,32,2048,128,512,320,294.911,317.502,299.04,0.1828
mixed,32,16,0.5,4.0,32,2048,256,1024,640,327.973,305.341,318.721,
mixed,32,16,0.5,4.0,32,2048,512,2048,1280,346.846,384.77,346.85,0.0001
mixed,32,16,0.5,4.0,32,2048,1024,4096,2560,402.497,374.655,374.912,
mixed,32,16,0.5,4.0,32,2048,2048,8192,5120,475.492,601.476,450.69,-0.1969
mixed,32,16,0.5,4.0,32,2048,4096,16384,10240,657.317,806.627,626.627,-0.2055
mixed,32,16,0.5,4.0,32,4096,128,512,320,319.293,318.304,318.69,
mixed,32,16,0.5,4.0,32,4096,256,1024,640,319.583,358.114,332.672,0.3397
mixed,32,16,0.5,4.0,32,4096,512,2048,1280,379.264,345.089,367.295,
mixed,32,16,0.5,4.0,32,4096,1024,4096,2560,415.106,489.761,425.567,0.1401
mixed,32,16,0.5,4.0,32,4096,2048,8192,5120,526.628,487.615,475.006,
mixed,32,16,0.5,4.0,32,4096,4096,16384,10240,663.424,930.499,618.495,-0.1682
mixed,32,16,0.5,4.0,32,8192,128,512,320,364.034,355.203,365.889,
mixed,32,16,0.5,4.0,32,8192,256,1024,640,367.68,370.434,369.696,0.732
mixed,32,16,0.5,4.0,32,8192,512,2048,1280,375.745,440.738,394.212,0.2841
mixed,32,16,0.5,4.0,32,8192,1024,4096,2560,479.363,423.005,460.829,
mixed,32,16,0.5,4.0,32,8192,2048,8192,5120,542.431,704.866,587.039,0.2746
mixed,32,16,0.5,4.0,32,8192,4096,16384,10240,767.428,709.091,669.728,
mixed,32,16,0.5,4.0,64,0,128,512,320,267.489,277.15,269.026,0.1591
mixed,32,16,0.5,4.0,64,0,256,1024,640,274.815,296.133,277.919,0.1456
mixed,32,16,0.5,4.0,64,0,512,2048,1280,299.872,321.598,301.315,0.0664
mixed,32,16,0.5,4.0,64,0,1024,4096,2560,338.881,375.102,343.138,0.1175
mixed,32,16,0.5,4.0,64,0,2048,8192,5120,400.674,476.163,423.682,0.3048
mixed,32,16,0.5,4.0,64,0,4096,16384,10240,527.039,681.471,586.66,0.3861
mixed,32,16,0.5,4.0,64,512,128,512,320,324.127,301.794,318.785,
mixed,32,16,0.5,4.0,64,512,256,1024,640,294.592,343.807,294.273,-0.0065
mixed,32,16,0.5,4.0,64,512,512,2048,1280,354.687,316.189,345.791,
mixed,32,16,0.5,4.0,64,512,1024,4096,2560,330.274,418.241,345.218,0.1699
mixed,32,16,0.5,4.0,64,512,2048,8192,5120,442.662,520.42,426.144,-0.2124
mixed,32,16,0.5,4.0,64,512,4096,16384,10240,568.224,717.954,592.931,0.165
mixed,32,16,0.5,4.0,64,1024,128,512,320,306.239,338.305,315.68,0.2944
mixed,32,16,0.5,4.0,64,1024,256,1024,640,347.391,320.514,346.755,
mixed,32,16,0.5,4.0,64,1024,512,2048,1280,321.821,394.561,321.28,-0.0074
mixed,32,16,0.5,4.0,64,1024,1024,4096,2560,408.161,378.525,378.785,
mixed,32,16,0.5,4.0,64,1024,2048,8192,5120,403.007,552.576,429.283,0.1757
mixed,32,16,0.5,4.0,64,1024,4096,16384,10240,599.397,745.794,594.434,-0.0339
mixed,32,16,0.5,4.0,64,2048,128,512,320,334.239,335.073,335.458,1.4616
mixed,32,16,0.5,4.0,64,2048,256,1024,640,335.007,376.35,343.174,0.1975
mixed,32,16,0.5,4.0,64,2048,512,2048,1280,401.091,357.279,401.216,
mixed,32,16,0.5,4.0,64,2048,1024,4096,2560,421.793,483.041,435.81,0.2289
mixed,32,16,0.5,4.0,64,2048,2048,8192,5120,515.268,488.067,467.297,
mixed,32,16,0.5,4.0,64,2048,4096,16384,10240,653.41,801.056,593.76,-0.404
mixed,32,16,0.5,4.0,64,4096,128,512,320,383.331,395.138,396.771,1.1383
mixed,32,16,0.5,4.0,64,4096,256,1024,640,409.474,382.565,439.009,
mixed,32,16,0.5,4.0,64,4096,512,2048,1280,383.652,459.586,404.384,0.273
mixed,32,16,0.5,4.0,64,4096,1024,4096,2560,498.819,435.935,502.239,
mixed,32,16,0.5,4.0,64,4096,2048,8192,5120,553.254,670.401,595.843,0.3636
mixed,32,16,0.5,4.0,64,4096,4096,16384,10240,728.673,710.879,630.21,
mixed,32,16,0.5,4.0,64,8192,128,512,320,462.913,475.235,474.178,0.9142
mixed,32,16,0.5,4.0,64,8192,256,1024,640,488.162,516.702,515.367,0.9532
mixed,32,16,0.5,4.0,64,8192,512,2048,1280,533.057,491.809,593.571,
mixed,32,16,0.5,4.0,64,8192,1024,4096,2560,493.699,612.033,530.465,0.3107
mixed,32,16,0.5,4.0,64,8192,2048,8192,5120,689.475,599.456,713.249,
mixed,32,16,0.5,4.0,64,8192,4096,16384,10240,823.238,1038.15,907.268,0.391
mixed,32,16,0.5,4.0,128,0,128,512,320,300.638,308.002,300.451,-0.0254
mixed,32,16,0.5,4.0,128,0,256,1024,640,309.346,327.171,321.855,0.7018
mixed,32,16,0.5,4.0,128,0,512,2048,1280,334.112,369.185,359.038,0.7107
mixed,32,16,0.5,4.0,128,0,1024,4096,2560,392.029,444.32,442.467,0.9646
mixed,32,16,0.5,4.0,128,0,2048,8192,5120,482.912,606.628,598.431,0.9337
mixed,32,16,0.5,4.0,128,0,4096,16384,10240,686.276,917.508,913.758,0.9838
mixed,32,16,0.5,4.0,128,512,128,512,320,378.051,386.657,381.568,0.4087
mixed,32,16,0.5,4.0,128,512,256,1024,640,389.666,329.089,397.766,
mixed,32,16,0.5,4.0,128,512,512,2048,1280,335.141,371.971,355.937,0.5646
mixed,32,16,0.5,4.0,128,512,1024,4096,2560,384.77,450.4,438.881,0.8245
mixed,32,16,0.5,4.0,128,512,2048,8192,5120,485.633,607.618,601.922,0.9533
mixed,32,16,0.5,4.0,128,512,4096,16384,10240,685.509,921.985,916.609,0.9773
mixed,32,16,0.5,4.0,128,1024,128,512,320,392.128,408.802,411.488,1.1611
mixed,32,16,0.5,4.0,128,1024,256,1024,640,420.767,424.771,412.926,-1.9583
mixed,32,16,0.5,4.0,128,1024,512,2048,1280,435.81,365.378,452.672,
mixed,32,16,0.5,4.0,128,1024,1024,4096,2560,390.469,453.248,438.946,0.7722
mixed,32,16,0.5,4.0,128,1024,2048,8192,5120,492.611,609.857,600.133,0.9171
mixed,32,16,0.5,4.0,128,1024,4096,16384,10240,690.851,933.44,918.56,0.9387
mixed,32,16,0.5,4.0,128,2048,128,512,320,435.266,450.627,451.009,1.0249
mixed,32,16,0.5,4.0,128,2048,256,1024,640,455.968,482.719,485.377,1.0994
mixed,32,16,0.5,4.0,128,2048,512,2048,1280,504.226,507.201,491.171,-4.3882
mixed,32,16,0.5,4.0,128,2048,1024,4096,2560,525.668,450.56,572.356,
mixed,32,16,0.5,4.0,128,2048,2048,8192,5120,491.714,614.113,597.694,0.8659
mixed,32,16,0.5,4.0,128,2048,4096,16384,10240,693.665,931.329,913.695,0.9258
mixed,32,16,0.5,4.0,128,4096,128,512,320,516.254,531.172,512.516,-0.2506
mixed,32,16,0.5,4.0,128,4096,256,1024,640,540.991,563.912,569.696,1.2523
mixed,32,16,0.5,4.0,128,4096,512,2048,1280,584.004,640.511,639.776,0.987
mixed,32,16,0.5,4.0,128,4096,1024,4096,2560,683.646,663.999,653.57,
mixed,32,16,0.5,4.0,128,4096,2048,8192,5120,700.644,612.13,810.337,
mixed,32,16,0.5,4.0,128,4096,4096,16384,10240,695.204,934.787,911.397,0.9024
mixed,32,16,0.5,4.0,128,8192,128,512,320,645.502,685.28,645.89,0.0098
mixed,32,16,0.5,4.0,128,8192,256,1024,640,696.829,726.432,671.78,-0.8462
mixed,32,16,0.5,4.0,128,8192,512,2048,1280,742.24,801.543,804.292,1.0464
mixed,32,16,0.5,4.0,128,8192,1024,4096,2560,843.011,955.681,956.48,1.0071
mixed,32,16,0.5,4.0,128,8192,2048,8192,5120,1038.37,978.916,967.585,
mixed,32,16,0.5,4.0,128,8192,4096,16384,10240,1057.634,934.434,1277.606,
mixed,32,16,0.5,4.0,256,0,128,512,320,326.338,337.443,337.377,0.9941
mixed,32,16,0.5,4.0,256,0,256,1024,640,346.467,369.632,371.266,1.0705
mixed,32,16,0.5,4.0,256,0,512,2048,1280,391.904,448.867,448.292,0.9899
mixed,32,16,0.5,4.0,256,0,1024,4096,2560,486.691,604.895,602.272,0.9778
mixed,32,16,0.5,4.0,256,0,2048,8192,5120,676.898,913.759,912.098,0.993
mixed,32,16,0.5,4.0,256,0,4096,16384,10240,1069.377,1536.546,1529.09,0.984
mixed,32,16,0.5,4.0,256,512,128,512,320,384.607,397.027,394.144,0.7679
mixed,32,16,0.5,4.0,256,512,256,1024,640,407.171,435.936,432.29,0.8732
mixed,32,16,0.5,4.0,256,512,512,2048,1280,449.122,508.29,504.384,0.934
mixed,32,16,0.5,4.0,256,512,1024,4096,2560,549.184,664.129,662.431,0.9852
mixed,32,16,0.5,4.0,256,512,2048,8192,5120,740.224,975.297,969.442,0.9751
mixed,32,16,0.5,4.0,256,512,4096,16384,10240,1129.922,1600.55,1584.675,0.9663
mixed,32,16,0.5,4.0,256,1024,128,512,320,420.158,431.681,435.233,1.3083
mixed,32,16,0.5,4.0,256,1024,256,1024,640,443.874,470.691,472.259,1.0585
mixed,32,16,0.5,4.0,256,1024,512,2048,1280,487.748,548.835,548.832,1.0
mixed,32,16,0.5,4.0,256,1024,1024,4096,2560,586.084,702.113,699.936,0.9812
mixed,32,16,0.5,4.0,256,1024,2048,8192,5120,784.483,1014.98,1008.323,0.9711
mixed,32,16,0.5,4.0,256,1024,4096,16384,10240,1170.175,1653.473,1624.673,0.9404
mixed,32,16,0.5,4.0,256,2048,128,512,320,498.336,510.978,505.474,0.5646
mixed,32,16,0.5,4.0,256,2048,256,1024,640,520.925,547.04,550.754,1.1422
mixed,32,16,0.5,4.0,256,2048,512,2048,1280,568.868,629.796,625.761,0.9338
mixed,32,16,0.5,4.0,256,2048,1024,4096,2560,667.134,786.429,783.039,0.9716
mixed,32,16,0.5,4.0,256,2048,2048,8192,5120,861.061,1099.33,1090.725,0.9639
mixed,32,16,0.5,4.0,256,2048,4096,16384,10240,1254.18,1724.069,1706.308,0.9622
mixed,32,16,0.5,4.0,256,4096,128,512,320,629.958,673.057,634.782,0.1119
mixed,32,16,0.5,4.0,256,4096,256,1024,640,682.785,711.042,663.459,-0.6839
mixed,32,16,0.5,4.0,256,4096,512,2048,1280,729.923,786.658,788.003,1.0237
mixed,32,16,0.5,4.0,256,4096,1024,4096,2560,828.002,948.641,940.96,0.9363
mixed,32,16,0.5,4.0,256,4096,2048,8192,5120,1022.34,1255.332,1253.475,0.992
mixed,32,16,0.5,4.0,256,4096,4096,16384,10240,1410.978,1894.918,1872.163,0.953
mixed,32,16,0.5,4.0,256,8192,128,512,320,936.001,933.958,933.575,
mixed,32,16,0.5,4.0,256,8192,256,1024,640,932.484,1015.431,933.534,0.0127
mixed,32,16,0.5,4.0,256,8192,512,2048,1280,1033.217,1094.148,977.793,-0.9096
mixed,32,16,0.5,4.0,256,8192,1024,4096,2560,1130.497,1247.62,1244.321,0.9718
mixed,32,16,0.5,4.0,256,8192,2048,8192,5120,1326.436,1557.257,1556.355,0.9961
mixed,32,16,0.5,4.0,256,8192,4096,16384,10240,1714.244,2176.933,2177.382,1.001
mixed,32,16,0.5,4.0,512,0,128,512,320,574.943,576.067,563.294,-10.3639
mixed,32,16,0.5,4.0,512,0,256,1024,640,565.6,572.671,540.291,-3.5793
mixed,32,16,0.5,4.0,512,0,512,2048,1280,578.112,622.402,630.948,1.193
mixed,32,16,0.5,4.0,512,0,1024,4096,2560,675.265,785.693,769.377,0.8522
mixed,32,16,0.5,4.0,512,0,2048,8192,5120,876.671,1094.979,1095.617,1.0029
mixed,32,16,0.5,4.0,512,0,4096,16384,10240,1267.361,1733.702,1706.949,0.9426
mixed,32,16,0.5,4.0,512,512,128,512,320,643.266,680.835,670.914,0.7359
mixed,32,16,0.5,4.0,512,512,256,1024,640,679.493,717.407,704.679,0.6643
mixed,32,16,0.5,4.0,512,512,512,2048,1280,727.746,784.544,787.395,1.0502
mixed,32,16,0.5,4.0,512,512,1024,4096,2560,831.137,946.083,932.772,0.8842
mixed,32,16,0.5,4.0,512,512,2048,8192,5120,1021.89,1255.013,1244.676,0.9557
mixed,32,16,0.5,4.0,512,512,4096,16384,10240,1409.189,1874.182,1871.845,0.995
mixed,32,16,0.5,4.0,512,1024,128,512,320,725.312,750.174,704.929,-0.8198
mixed,32,16,0.5,4.0,512,1024,256,1024,640,758.689,789.568,778.848,0.6528
mixed,32,16,0.5,4.0,512,1024,512,2048,1280,790.946,861.988,863.3,1.0185
mixed,32,16,0.5,4.0,512,1024,1024,4096,2560,901.506,1027.428,1013.73,0.8912
mixed,32,16,0.5,4.0,512,1024,2048,8192,5120,1102.307,1305.41,1344.484,1.1924
mixed,32,16,0.5,4.0,512,1024,4096,16384,10240,1480.964,1960.295,1928.547,0.9338
mixed,32,16,0.5,4.0,512,2048,128,512,320,852.965,896.642,850.533,-0.0557
mixed,32,16,0.5,4.0,512,2048,256,1024,640,927.653,931.845,876.226,-12.2679
mixed,32,16,0.5,4.0,512,2048,512,2048,1280,963.684,1026.593,1021.572,0.9202
mixed,32,16,0.5,4.0,512,2048,1024,4096,2560,1066.114,1179.459,1172.64,0.9398
mixed,32,16,0.5,4.0,512,2048,2048,8192,5120,1238.531,1494.338,1463.365,0.8789
mixed,32,16,0.5,4.0,512,2048,4096,16384,10240,1630.119,2117.416,2099.27,0.9628
mixed,32,16,0.5,4.0,512,4096,128,512,320,1150.311,1146.018,1150.433,
mixed,32,16,0.5,4.0,512,4096,256,1024,640,1143.621,1211.17,1159.653,0.2373
mixed,32,16,0.5,4.0,512,4096,512,2048,1280,1274.946,1329.634,1216.317,-1.0721
mixed,32,16,0.5,4.0,512,4096,1024,4096,2560,1354.917,1489.502,1473.315,0.8797
mixed,32,16,0.5,4.0,512,4096,2048,8192,5120,1560.518,1786.082,1780.674,0.976
mixed,32,16,0.5,4.0,512,4096,4096,16384,10240,1953.347,2404.679,2413.031,1.0185
mixed,32,16,0.5,4.0,512,8192,128,512,320,1755.876,1755.976,1765.863,99.87
mixed,32,16,0.5,4.0,512,8192,256,1024,640,1768.579,1752.099,1752.804,
mixed,32,16,0.5,4.0,512,8192,512,2048,1280,1776.005,1818.309,1750.507,-0.6027
mixed,32,16,0.5,4.0,512,8192,1024,4096,2560,1981.286,2087.907,1858.981,-1.1471
mixed,32,16,0.5,4.0,512,8192,2048,8192,5120,2167.908,2400.678,2389.766,0.9531
mixed,32,16,0.5,4.0,512,8192,4096,16384,10240,2541.671,3019.112,3005.449,0.9714
mixed,32,16,0.5,4.0,1024,0,128,512,320,794.783,802.366,801.155,0.8403
mixed,32,16,0.5,4.0,1024,0,256,1024,640,806.657,822.21,806.24,-0.0268
mixed,32,16,0.5,4.0,1024,0,512,2048,1280,829.091,850.051,832.352,0.1556
mixed,32,16,0.5,4.0,1024,0,1024,4096,2560,862.719,901.884,867.781,0.1292
mixed,32,16,0.5,4.0,1024,0,2048,8192,5120,934.47,1005.221,936.291,0.0257
mixed,32,16,0.5,4.0,1024,0,4096,16384,10240,1055.108,1198.95,1065.831,0.0745
mixed,32,16,0.5,4.0,1024,512,128,512,320,959.266,963.587,958.947,-0.0738
mixed,32,16,0.5,4.0,1024,512,256,1024,640,961.726,983.937,967.844,0.2754
mixed,32,16,0.5,4.0,1024,512,512,2048,1280,993.064,1007.874,994.558,0.1009
mixed,32,16,0.5,4.0,1024,512,1024,4096,2560,1021.41,1060.612,1029.218,0.1992
mixed,32,16,0.5,4.0,1024,512,2048,8192,5120,1090.63,1166.271,1098.431,0.1031
mixed,32,16,0.5,4.0,1024,512,4096,16384,10240,1219.485,1362.468,1224.937,0.0381
mixed,32,16,0.5,4.0,1024,1024,128,512,320,1036.546,1043.393,1033.989,-0.3734
mixed,32,16,0.5,4.0,1024,1024,256,1024,640,1048.486,1059.076,1045.349,-0.2962
mixed,32,16,0.5,4.0,1024,1024,512,2048,1280,1065.057,1091.972,1071.972,0.2569
mixed,32,16,0.5,4.0,1024,1024,1024,4096,2560,1102.659,1140.513,1104.833,0.0574
mixed,32,16,0.5,4.0,1024,1024,2048,8192,5120,1163.425,1239.813,1176.422,0.1701
mixed,32,16,0.5,4.0,1024,1024,4096,16384,10240,1288.389,1431.457,1296.961,0.0599
mixed,32,16,0.5,4.0,1024,2048,128,512,320,1189.442,1195.075,1189.759,0.0563
mixed,32,16,0.5,4.0,1024,2048,256,1024,640,1198.439,1214.079,1197.383,-0.0675
mixed,32,16,0.5,4.0,1024,2048,512,2048,1280,1220.968,1236.036,1216.84,-0.274
mixed,32,16,0.5,4.0,1024,2048,1024,4096,2560,1256.327,1292.654,1256.61,0.0078
mixed,32,16,0.5,4.0,1024,2048,2048,8192,5120,1318.503,1388.48,1328.131,0.1376
mixed,32,16,0.5,4.0,1024,2048,4096,16384,10240,1441.631,1582.919,1457.25,0.1105
mixed,32,16,0.5,4.0,1024,4096,128,512,320,1521.447,1526.051,1517.762,-0.8004
mixed,32,16,0.5,4.0,1024,4096,256,1024,640,1527.907,1536.963,1533.861,0.6575
mixed,32,16,0.5,4.0,1024,4096,512,2048,1280,1546.82,1566.083,1545.093,-0.0897
mixed,32,16,0.5,4.0,1024,4096,1024,4096,2560,1582.79,1620.707,1585.377,0.0682
mixed,32,16,0.5,4.0,1024,4096,2048,8192,5120,1649.503,1713.607,1651.143,0.0256
mixed,32,16,0.5,4.0,1024,4096,4096,16384,10240,1765.604,1917.99,1771.079,0.0359
mixed,32,16,0.5,4.0,1024,8192,128,512,320,2135.527,2145.825,2141.38,0.5684
mixed,32,16,0.5,4.0,1024,8192,256,1024,640,2141.575,2156.489,2143.176,0.1073
mixed,32,16,0.5,4.0,1024,8192,512,2048,1280,2172.292,2185.961,2173.986,0.1239
mixed,32,16,0.5,4.0,1024,8192,1024,4096,2560,2202.083,2234.082,2207.713,0.1759
mixed,32,16,0.5,4.0,1024,8192,2048,8192,5120,2261.632,2341.35,2270.014,0.1051
mixed,32,16,0.5,4.0,1024,8192,4096,16384,10240,2381.737,2538.822,2394.95,0.0841
mixed,32,16,0.5,4.0,2048,0,128,512,320,1497.927,1496.898,1489.704,
mixed,32,16,0.5,4.0,2048,0,256,1024,640,1500.738,1517.187,1500.868,0.0079
mixed,32,16,0.5,4.0,2048,0,512,2048,1280,1520.511,1544.444,1528.327,0.3266
mixed,32,16,0.5,4.0,2048,0,1024,4096,2560,1561.155,1597.512,1567.366,0.1708
mixed,32,16,0.5,4.0,2048,0,2048,8192,5120,1625.891,1697.475,1628.609,0.038
mixed,32,16,0.5,4.0,2048,0,4096,16384,10240,1748.901,1888.451,1764.353,0.1107
mixed,32,16,0.5,4.0,2048,512,128,512,320,1714.307,1718.569,1714.946,0.1499
mixed,32,16,0.5,4.0,2048,512,256,1024,640,1719.521,1737.595,1728.231,0.4819
mixed,32,16,0.5,4.0,2048,512,512,2048,1280,1742.436,1767.11,1750.044,0.3083
mixed,32,16,0.5,4.0,2048,512,1024,4096,2560,1779.525,1819.331,1786.433,0.1735
mixed,32,16,0.5,4.0,2048,512,2048,8192,5120,1851.425,1913.123,1850.66,-0.0124
mixed,32,16,0.5,4.0,2048,512,4096,16384,10240,1972.991,2107.142,1978.308,0.0396
mixed,32,16,0.5,4.0,2048,1024,128,512,320,1835.562,1833.355,1828.71,
mixed,32,16,0.5,4.0,2048,1024,256,1024,640,1834.372,1852.19,1837.284,0.1634
mixed,32,16,0.5,4.0,2048,1024,512,2048,1280,1864.487,1883.724,1861.228,-0.1694
mixed,32,16,0.5,4.0,2048,1024,1024,4096,2560,1895.852,1934.086,1897.063,0.0317
mixed,32,16,0.5,4.0,2048,1024,2048,8192,5120,1954.305,2031.401,1965.541,0.1457
mixed,32,16,0.5,4.0,2048,1024,4096,16384,10240,2081.762,2217.16,2090.856,0.0672
mixed,32,16,0.5,4.0,2048,2048,128,512,320,2063.397,2066.171,2066.024,0.947
mixed,32,16,0.5,4.0,2048,2048,256,1024,640,2073.601,2086.629,2076.865,0.2505
mixed,32,16,0.5,4.0,2048,2048,512,2048,1280,2091.969,2116.23,2089.925,-0.0843
mixed,32,16,0.5,4.0,2048,2048,1024,4096,2560,2123.015,2167.367,2132.332,0.2101
mixed,32,16,0.5,4.0,2048,2048,2048,8192,5120,2191.658,2270.023,2194.503,0.0363
mixed,32,16,0.5,4.0,2048,2048,4096,16384,10240,2317.637,2464.357,2322.184,0.031
mixed,32,16,0.5,4.0,2048,4096,128,512,320,2528.61,2536.904,2526.569,-0.2461
mixed,32,16,0.5,4.0,2048,4096,256,1024,640,2531.178,2545.064,2538.15,0.5021
mixed,32,16,0.5,4.0,2048,4096,512,2048,1280,2556.263,2580.967,2550.534,-0.2319
mixed,32,16,0.5,4.0,2048,4096,1024,4096,2560,2589.765,2626.369,2586.475,-0.0899
mixed,32,16,0.5,4.0,2048,4096,2048,8192,5120,2656.644,2723.083,2655.97,-0.0101
mixed,32,16,0.5,4.0,2048,4096,4096,16384,10240,2785.77,2919.179,2780.107,-0.0424
mixed,32,16,0.5,4.0,2048,8192,128,512,320,3409.191,3423.042,3414.282,0.3676
mixed,32,16,0.5,4.0,2048,8192,256,1024,640,3419.154,3435.145,3423.914,0.2977
mixed,32,16,0.5,4.0,2048,8192,512,2048,1280,3444.613,3463.017,3437.194,-0.4031
mixed,32,16,0.5,4.0,2048,8192,1024,4096,2560,3480.196,3507.339,3479.942,-0.0094
mixed,32,16,0.5,4.0,2048,8192,2048,8192,5120,3535.783,3607.339,3535.151,-0.0088
mixed,32,16,0.5,4.0,2048,8192,4096,16384,10240,3651.564,3820.172,3666.246,0.0871
pure,32,24,0.75,4.0,0,0,128,512,416,244.545,249.218,264.129,4.1909
pure,32,24,0.75,4.0,0,0,256,1024,832,254.912,261.058,270.653,2.5612
pure,32,24,0.75,4.0,0,0,512,2048,1664,276.769,287.329,303.264,2.509
pure,32,24,0.75,4.0,0,0,1024,4096,3328,318.598,335.457,355.489,2.1882
pure,32,24,0.75,4.0,0,0,2048,8192,6656,400.736,437.955,450.852,1.3465
pure,32,24,0.75,4.0,0,0,4096,16384,13312,559.552,632.516,635.237,1.0373
mixed,32,24,0.75,4.0,16,0,128,512,416,274.337,264.29,261.692,
mixed,32,24,0.75,4.0,16,0,256,1024,832,269.312,276.769,289.406,2.6946
mixed,32,24,0.75,4.0,16,0,512,2048,1664,294.208,303.967,322.304,2.879
mixed,32,24,0.75,4.0,16,0,1024,4096,3328,339.97,356.195,381.026,2.5304
mixed,32,24,0.75,4.0,16,0,2048,8192,6656,424.293,458.082,477.154,1.5644
mixed,32,24,0.75,4.0,16,0,4096,16384,13312,583.328,654.369,671.618,1.2428
mixed,32,24,0.75,4.0,16,512,128,512,416,280.992,280.319,277.086,
mixed,32,24,0.75,4.0,16,512,256,1024,832,282.882,281.603,280.413,
mixed,32,24,0.75,4.0,16,512,512,2048,1664,345.249,348.93,342.242,-0.8169
mixed,32,24,0.75,4.0,16,512,1024,4096,3328,396.033,415.905,376.516,-0.9821
mixed,32,24,0.75,4.0,16,512,2048,8192,6656,479.778,514.081,479.774,-0.0001
mixed,32,24,0.75,4.0,16,512,4096,16384,13312,635.042,702.91,675.775,0.6002
mixed,32,24,0.75,4.0,16,1024,128,512,416,296.322,295.618,281.413,
mixed,32,24,0.75,4.0,16,1024,256,1024,832,284.317,284.034,303.391,
mixed,32,24,0.75,4.0,16,1024,512,2048,1664,301.924,356.609,305.667,0.0684
mixed,32,24,0.75,4.0,16,1024,1024,4096,3328,403.233,436.579,405.858,0.0787
mixed,32,24,0.75,4.0,16,1024,2048,8192,6656,515.33,557.247,483.166,-0.7673
mixed,32,24,0.75,4.0,16,1024,4096,16384,13312,669.537,744.067,670.724,0.0159
mixed,32,24,0.75,4.0,16,2048,128,512,416,288.83,289.217,285.475,-8.6693
mixed,32,24,0.75,4.0,16,2048,256,1024,832,320.512,329.758,289.282,-3.3777
mixed,32,24,0.75,4.0,16,2048,512,2048,1664,308.704,316.929,345.952,4.5286
mixed,32,24,0.75,4.0,16,2048,1024,4096,3328,408.9,440.257,346.082,-2.0033
mixed,32,24,0.75,4.0,16,2048,2048,8192,6656,528.93,607.359,525.472,-0.0441
mixed,32,24,0.75,4.0,16,2048,4096,16384,13312,744.703,821.762,666.116,-1.0198
mixed,32,24,0.75,4.0,16,4096,128,512,416,297.027,317.668,295.648,-0.0668
mixed,32,24,0.75,4.0,16,4096,256,1024,832,311.135,309.631,308.35,
mixed,32,24,0.75,4.0,16,4096,512,2048,1664,364.993,384.416,320.292,-2.3014
mixed,32,24,0.75,4.0,16,4096,1024,4096,3328,351.36,370.883,429.12,3.983
mixed,32,24,0.75,4.0,16,4096,2048,8192,6656,547.235,612.484,433.248,-1.747
mixed,32,24,0.75,4.0,16,4096,4096,16384,13312,754.662,949.059,750.211,-0.0229
mixed,32,24,0.75,4.0,16,8192,128,512,416,321.697,321.985,321.793,0.3333
mixed,32,24,0.75,4.0,16,8192,256,1024,832,345.248,362.11,332.734,-0.7421
mixed,32,24,0.75,4.0,16,8192,512,2048,1664,395.422,349.601,381.183,
mixed,32,24,0.75,4.0,16,8192,1024,4096,3328,452.704,492.417,369.791,-2.0878
mixed,32,24,0.75,4.0,16,8192,2048,8192,6656,443.553,481.441,585.536,3.7474
mixed,32,24,0.75,4.0,16,8192,4096,16384,13312,814.147,940.168,603.682,-1.6701
mixed,32,24,0.75,4.0,32,0,128,512,416,273.282,266.751,261.79,
mixed,32,24,0.75,4.0,32,0,256,1024,832,282.013,287.677,288.417,1.1306
mixed,32,24,0.75,4.0,32,0,512,2048,1664,310.017,312.128,322.463,5.8958
mixed,32,24,0.75,4.0,32,0,1024,4096,3328,340.83,357.891,383.584,2.5059
mixed,32,24,0.75,4.0,32,0,2048,8192,6656,422.82,458.466,472.579,1.3959
mixed,32,24,0.75,4.0,32,0,4096,16384,13312,584.381,659.364,671.648,1.1638
mixed,32,24,0.75,4.0,32,512,128,512,416,272.928,303.558,279.619,0.2184
mixed,32,24,0.75,4.0,32,512,256,1024,832,280.034,283.841,305.731,6.7499
mixed,32,24,0.75,4.0,32,512,512,2048,1664,296.291,351.937,296.095,-0.0035
mixed,32,24,0.75,4.0,32,512,1024,4096,3328,390.366,413.981,394.531,0.1764
mixed,32,24,0.75,4.0,32,512,2048,8192,6656,477.249,514.31,504.704,0.7408
mixed,32,24,0.75,4.0,32,512,4096,16384,13312,634.914,711.267,718.175,1.0905
mixed,32,24,0.75,4.0,32,1024,128,512,416,290.017,284.128,284.064,
mixed,32,24,0.75,4.0,32,1024,256,1024,832,317.894,333.634,288.131,-1.8909
mixed,32,24,0.75,4.0,32,1024,512,2048,1664,303.872,313.408,349.278,4.7615
mixed,32,24,0.75,4.0,32,1024,1024,4096,3328,401.857,435.903,338.914,-1.8488
mixed,32,24,0.75,4.0,32,1024,2048,8192,6656,514.912,553.508,506.628,-0.2146
mixed,32,24,0.75,4.0,32,1024,4096,16384,13312,673.407,745.41,728.192,0.7609
mixed,32,24,0.75,4.0,32,2048,128,512,416,291.972,317.919,291.711,-0.0101
mixed,32,24,0.75,4.0,32,2048,256,1024,832,306.786,306.078,303.036,
mixed,32,24,0.75,4.0,32,2048,512,2048,1664,362.302,385.058,314.37,-2.1063
mixed,32,24,0.75,4.0,32,2048,1024,4096,3328,350.437,378.561,432.385,2.9138
mixed,32,24,0.75,4.0,32,2048,2048,8192,6656,537.89,601.637,425.791,-1.7585
mixed,32,24,0.75,4.0,32,2048,4096,16384,13312,732.998,809.569,733.567,0.0074
mixed,32,24,0.75,4.0,32,4096,128,512,416,320.355,319.07,318.529,
mixed,32,24,0.75,4.0,32,4096,256,1024,832,346.144,358.947,328.831,-1.3523
mixed,32,24,0.75,4.0,32,4096,512,2048,1664,412.128,346.145,386.37,
mixed,32,24,0.75,4.0,32,4096,1024,4096,3328,449.38,489.055,366.882,-2.0793
mixed,32,24,0.75,4.0,32,4096,2048,8192,6656,441.667,482.659,590.237,3.6244
mixed,32,24,0.75,4.0,32,4096,4096,16384,13312,809.473,931.681,599.878,-1.7151
mixed,32,24,0.75,4.0,32,8192,128,512,416,363.004,353.119,358.913,
mixed,32,24,0.75,4.0,32,8192,256,1024,832,402.396,372.001,427.235,
mixed,32,24,0.75,4.0,32,8192,512,2048,1664,416.094,439.552,438.303,0.9468
mixed,32,24,0.75,4.0,32,8192,1024,4096,3328,538.275,425.312,489.886,
mixed,32,24,0.75,4.0,32,8192,2048,8192,6656,622.337,706.845,477.636,-1.7123
mixed,32,24,0.75,4.0,32,8192,4096,16384,13312,626.626,709.09,913.956,3.4843
mixed,32,24,0.75,4.0,64,0,128,512,416,272.45,272.477,270.566,-69.7778
mixed,32,24,0.75,4.0,64,0,256,1024,832,292.101,299.454,285.727,-0.8669
mixed,32,24,0.75,4.0,64,0,512,2048,1664,324.194,320.13,303.651,
mixed,32,24,0.75,4.0,64,0,1024,4096,3328,351.489,374.686,355.717,0.1823
mixed,32,24,0.75,4.0,64,0,2048,8192,6656,437.504,475.457,443.583,0.1602
mixed,32,24,0.75,4.0,64,0,4096,16384,13312,602.943,677.31,620.866,0.241
mixed,32,24,0.75,4.0,64,512,128,512,416,302.56,300.928,297.793,
mixed,32,24,0.75,4.0,64,512,256,1024,832,301.444,342.593,338.88,0.9098
mixed,32,24,0.75,4.0,64,512,512,2048,1664,303.55,314.204,348.705,4.2383
mixed,32,24,0.75,4.0,64,512,1024,4096,3328,393.374,418.304,409.218,0.6355
mixed,32,24,0.75,4.0,64,512,2048,8192,6656,480.29,516.29,443.296,-1.0276
mixed,32,24,0.75,4.0,64,512,4096,16384,13312,638.723,714.244,619.906,-0.2492
mixed,32,24,0.75,4.0,64,1024,128,512,416,299.838,342.015,332.771,0.7808
mixed,32,24,0.75,4.0,64,1024,256,1024,832,319.068,319.488,319.17,0.2429
mixed,32,24,0.75,4.0,64,1024,512,2048,1664,376.349,390.593,387.904,0.8112
mixed,32,24,0.75,4.0,64,1024,1024,4096,3328,351.106,376.131,430.592,3.1763
mixed,32,24,0.75,4.0,64,1024,2048,8192,6656,512.672,549.409,531.936,0.5244
mixed,32,24,0.75,4.0,64,1024,4096,16384,13312,669.602,749.124,620.229,-0.6209
mixed,32,24,0.75,4.0,64,2048,128,512,416,335.423,335.648,332.864,-11.3733
mixed,32,24,0.75,4.0,64,2048,256,1024,832,356.767,376.512,370.911,0.7163
mixed,32,24,0.75,4.0,64,2048,512,2048,1664,416.834,353.025,402.787,
mixed,32,24,0.75,4.0,64,2048,1024,4096,3328,458.34,484.223,482.177,0.921
mixed,32,24,0.75,4.0,64,2048,2048,8192,6656,440.671,485.859,592.706,3.3645
mixed,32,24,0.75,4.0,64,2048,4096,16384,13312,726.723,801.6,771.811,0.6022
mixed,32,24,0.75,4.0,64,4096,128,512,416,385.284,397.472,397.831,1.0295
mixed,32,24,0.75,4.0,64,4096,256,1024,832,384.898,380.643,383.266,
mixed,32,24,0.75,4.0,64,4096,512,2048,1664,426.689,455.653,450.436,0.8199
mixed,32,24,0.75,4.0,64,4096,1024,4096,3328,528.959,432.802,502.27,
mixed,32,24,0.75,4.0,64,4096,2048,8192,6656,624.289,667.233,663.974,0.9241
mixed,32,24,0.75,4.0,64,4096,4096,16384,13312,628.32,711.811,915.842,3.4437
mixed,32,24,0.75,4.0,64,8192,128,512,416,466.947,477.693,475.745,0.8187
mixed,32,24,0.75,4.0,64,8192,256,1024,832,500.835,513.604,515.876,1.1779
mixed,32,24,0.75,4.0,64,8192,512,2048,1664,559.904,494.623,590.403,
mixed,32,24,0.75,4.0,64,8192,1024,4096,3328,558.691,614.017,610.914,0.9439
mixed,32,24,0.75,4.0,64,8192,2048,8192,6656,765.859,596.866,717.697,
mixed,32,24,0.75,4.0,64,8192,4096,16384,13312,955.973,1038.18,1034.078,0.9501
mixed,32,24,0.75,4.0,128,0,128,512,416,301.602,305.187,304.16,0.7135
mixed,32,24,0.75,4.0,128,0,256,1024,832,321.088,325.283,320.803,-0.0679
mixed,32,24,0.75,4.0,128,0,512,2048,1664,348.898,367.812,363.969,0.7968
mixed,32,24,0.75,4.0,128,0,1024,4096,3328,417.057,447.358,441.854,0.8184
mixed,32,24,0.75,4.0,128,0,2048,8192,6656,546.657,603.296,604.351,1.0186
mixed,32,24,0.75,4.0,128,0,4096,16384,13312,800.996,919.042,915.874,0.9732
mixed,32,24,0.75,4.0,128,512,128,512,416,382.272,382.499,387.838,24.5198
mixed,32,24,0.75,4.0,128,512,256,1024,832,323.713,327.395,321.601,-0.5736
mixed,32,24,0.75,4.0,128,512,512,2048,1664,351.903,368.608,361.028,0.5462
mixed,32,24,0.75,4.0,128,512,1024,4096,3328,419.775,449.733,444.451,0.8237
mixed,32,24,0.75,4.0,128,512,2048,8192,6656,549.441,607.455,598.883,0.8522
mixed,32,24,0.75,4.0,128,512,4096,16384,13312,806.626,924.228,915.454,0.9254
mixed,32,24,0.75,4.0,128,1024,128,512,416,402.051,407.969,410.274,1.3895
mixed,32,24,0.75,4.0,128,1024,256,1024,832,429.857,423.873,420.486,
mixed,32,24,0.75,4.0,128,1024,512,2048,1664,446.816,366.851,463.231,
mixed,32,24,0.75,4.0,128,1024,1024,4096,3328,419.713,455.36,442.34,0.6348
mixed,32,24,0.75,4.0,128,1024,2048,8192,6656,551.742,611.2,600.928,0.8272
mixed,32,24,0.75,4.0,128,1024,4096,16384,13312,807.78,925.186,918.149,0.9401
mixed,32,24,0.75,4.0,128,2048,128,512,416,443.17,448.672,449.604,1.1694
mixed,32,24,0.75,4.0,128,2048,256,1024,832,469.762,488.509,488.324,0.9901
mixed,32,24,0.75,4.0,128,2048,512,2048,1664,490.531,505.569,505.185,0.9745
mixed,32,24,0.75,4.0,128,2048,1024,4096,3328,554.654,452.228,579.523,
mixed,32,24,0.75,4.0,128,2048,2048,8192,6656,552.514,612.93,606.494,0.8935
mixed,32,24,0.75,4.0,128,2048,4096,16384,13312,811.584,929.185,924.13,0.957
mixed,32,24,0.75,4.0,128,4096,128,512,416,522.338,526.47,528.29,1.4405
mixed,32,24,0.75,4.0,128,4096,256,1024,832,551.778,568.292,566.431,0.8873
mixed,32,24,0.75,4.0,128,4096,512,2048,1664,610.66,639.937,640.126,1.0065
mixed,32,24,0.75,4.0,128,4096,1024,4096,3328,632.703,664.612,658.206,0.7992
mixed,32,24,0.75,4.0,128,4096,2048,8192,6656,762.784,612.32,818.851,
mixed,32,24,0.75,4.0,128,4096,4096,16384,13312,813.216,930.471,921.631,0.9246
mixed,32,24,0.75,4.0,128,8192,128,512,416,679.682,691.263,659.778,-1.7187
mixed,32,24,0.75,4.0,128,8192,256,1024,832,712.07,730.051,729.188,0.952
mixed,32,24,0.75,4.0,128,8192,512,2048,1664,772.609,800.961,801.217,1.009
mixed,32,24,0.75,4.0,128,8192,1024,4096,3328,898.555,954.915,957.446,1.0449
mixed,32,24,0.75,4.0,128,8192,2048,8192,6656,919.744,977.41,971.844,0.9035
mixed,32,24,0.75,4.0,128,8192,4096,16384,13312,1172.867,933.41,1285.731,
mixed,32,24,0.75,4.0,256,0,128,512,416,328.928,335.424,339.103,1.5663
mixed,32,24,0.75,4.0,256,0,256,1024,832,356.834,371.103,368.829,0.8406
mixed,32,24,0.75,4.0,256,0,512,2048,1664,418.908,449.153,447.396,0.9419
mixed,32,24,0.75,4.0,256,0,1024,4096,3328,546.722,603.428,602.783,0.9886
mixed,32,24,0.75,4.0,256,0,2048,8192,6656,794.754,912.455,910.276,0.9815
mixed,32,24,0.75,4.0,256,0,4096,16384,13312,1300.451,1534.178,1529.129,0.9784
mixed,32,24,0.75,4.0,256,512,128,512,416,390.21,396.992,396.801,0.9718
mixed,32,24,0.75,4.0,256,512,256,1024,832,418.751,429.758,431.136,1.1252
mixed,32,24,0.75,4.0,256,512,512,2048,1664,480.707,511.811,506.721,0.8364
mixed,32,24,0.75,4.0,256,512,1024,4096,3328,608.702,667.395,663.647,0.9361
mixed,32,24,0.75,4.0,256,512,2048,8192,6656,858.624,973.921,972.452,0.9873
mixed,32,24,0.75,4.0,256,512,4096,16384,13312,1362.148,1605.38,1589.639,0.9353
mixed,32,24,0.75,4.0,256,1024,128,512,416,426.593,434.946,433.506,0.8276
mixed,32,24,0.75,4.0,256,1024,256,1024,832,457.249,472.225,469.76,0.8354
mixed,32,24,0.75,4.0,256,1024,512,2048,1664,517.411,549.572,550.401,1.0258
mixed,32,24,0.75,4.0,256,1024,1024,4096,3328,643.872,707.392,707.681,1.0045
mixed,32,24,0.75,4.0,256,1024,2048,8192,6656,900.481,1019.586,1014.947,0.9611
mixed,32,24,0.75,4.0,256,1024,4096,16384,13312,1407.621,1652.449,1638.18,0.9417
mixed,32,24,0.75,4.0,256,2048,128,512,416,504.096,510.624,511.168,1.0833
mixed,32,24,0.75,4.0,256,2048,256,1024,832,536.801,550.561,548.994,0.8861
mixed,32,24,0.75,4.0,256,2048,512,2048,1664,600.927,629.824,626.913,0.8993
mixed,32,24,0.75,4.0,256,2048,1024,4096,3328,725.22,786.049,787.461,1.0232
mixed,32,24,0.75,4.0,256,2048,2048,8192,6656,974.849,1093.697,1089.212,0.9623
mixed,32,24,0.75,4.0,256,2048,4096,16384,13312,1486.756,1737.448,1727.842,0.9617
mixed,32,24,0.75,4.0,256,4096,128,512,416,664.513,670.311,643.715,-3.5871
mixed,32,24,0.75,4.0,256,4096,256,1024,832,694.149,707.36,705.728,0.8765
mixed,32,24,0.75,4.0,256,4096,512,2048,1664,758.083,789.955,786.368,0.8875
mixed,32,24,0.75,4.0,256,4096,1024,4096,3328,885.953,949.121,943.972,0.9185
mixed,32,24,0.75,4.0,256,4096,2048,8192,6656,1138.782,1257.607,1254.531,0.9741
mixed,32,24,0.75,4.0,256,4096,4096,16384,13312,1643.209,1891.847,1892.58,1.0029
mixed,32,24,0.75,4.0,256,8192,128,512,416,935.813,935.682,934.976,
mixed,32,24,0.75,4.0,256,8192,256,1024,832,931.267,1013.346,932.133,0.0106
mixed,32,24,0.75,4.0,256,8192,512,2048,1664,1069.731,1092.542,1093.086,1.0238
mixed,32,24,0.75,4.0,256,8192,1024,4096,3328,1188.77,1248.418,1248.003,0.993
mixed,32,24,0.75,4.0,256,8192,2048,8192,6656,1443.268,1561.732,1553.637,0.9317
mixed,32,24,0.75,4.0,256,8192,4096,16384,13312,1944.708,2175.972,2173.413,0.9889
mixed,32,24,0.75,4.0,512,0,128,512,416,566.656,576.287,565.89,-0.0795
mixed,32,24,0.75,4.0,512,0,256,1024,832,563.811,569.346,568.705,0.8842
mixed,32,24,0.75,4.0,512,0,512,2048,1664,624.161,629.053,654.051,6.11
mixed,32,24,0.75,4.0,512,0,1024,4096,3328,728.321,808.799,795.521,0.835
mixed,32,24,0.75,4.0,512,0,2048,8192,6656,979.874,1096.675,1106.403,1.0833
mixed,32,24,0.75,4.0,512,0,4096,16384,13312,1490.341,1747.619,1713.313,0.8667
mixed,32,24,0.75,4.0,512,512,128,512,416,671.842,663.235,673.314,
mixed,32,24,0.75,4.0,512,512,256,1024,832,690.816,700.643,724.835,3.4618
mixed,32,24,0.75,4.0,512,512,512,2048,1664,746.914,772.549,769.665,0.8875
mixed,32,24,0.75,4.0,512,512,1024,4096,3328,860.449,938.82,936.707,0.973
mixed,32,24,0.75,4.0,512,512,2048,8192,6656,1128.417,1253.536,1242.436,0.9113
mixed,32,24,0.75,4.0,512,512,4096,16384,13312,1638.496,1876.194,1869.605,0.9723
mixed,32,24,0.75,4.0,512,1024,128,512,416,731.553,743.744,734.244,0.2207
mixed,32,24,0.75,4.0,512,1024,256,1024,832,761.121,782.306,782.816,1.0241
mixed,32,24,0.75,4.0,512,1024,512,2048,1664,839.94,858.272,875.076,1.9166
mixed,32,24,0.75,4.0,512,1024,1024,4096,3328,980.034,1025.346,1028.994,1.0805
mixed,32,24,0.75,4.0,512,1024,2048,8192,6656,1219.076,1324.806,1328.353,1.0335
mixed,32,24,0.75,4.0,512,1024,4096,16384,13312,1703.494,1940.998,1946.82,1.0245
mixed,32,24,0.75,4.0,512,2048,128,512,416,883.969,874.945,865.604,
mixed,32,24,0.75,4.0,512,2048,256,1024,832,920.159,938.273,929.347,0.5072
mixed,32,24,0.75,4.0,512,2048,512,2048,1664,982.08,1004.804,1017.665,1.566
mixed,32,24,0.75,4.0,512,2048,1024,4096,3328,1112.737,1167.97,1185.088,1.3099
mixed,32,24,0.75,4.0,512,2048,2048,8192,6656,1374.34,1462.018,1492.549,1.3482
mixed,32,24,0.75,4.0,512,2048,4096,16384,13312,1883.748,2092.583,2104.963,1.0593
mixed,32,24,0.75,4.0,512,4096,128,512,416,1166.116,1156.939,1164.605,
mixed,32,24,0.75,4.0,512,4096,256,1024,832,1158.214,1209.763,1145.064,-0.2551
mixed,32,24,0.75,4.0,512,4096,512,2048,1664,1300.739,1337.252,1341.125,1.1061
mixed,32,24,0.75,4.0,512,4096,1024,4096,3328,1428.002,1473.637,1488.997,1.3366
mixed,32,24,0.75,4.0,512,4096,2048,8192,6656,1685.285,1785.19,1807.779,1.2261
mixed,32,24,0.75,4.0,512,4096,4096,16384,13312,2154.726,2413.574,2406.982,0.9745
mixed,32,24,0.75,4.0,512,8192,128,512,416,1757.669,1787.97,1769.024,0.3747
mixed,32,24,0.75,4.0,512,8192,256,1024,832,1751.267,1765.639,1768.165,1.1758
mixed,32,24,0.75,4.0,512,8192,512,2048,1664,1763.813,1828.548,1768.705,0.0756
mixed,32,24,0.75,4.0,512,8192,1024,4096,3328,2033.154,2095.972,2076.356,0.6877
mixed,32,24,0.75,4.0,512,8192,2048,8192,6656,2285.415,2396.902,2401.672,1.0428
mixed,32,24,0.75,4.0,512,8192,4096,16384,13312,2798.947,3010.788,3022.858,1.057
mixed,32,24,0.75,4.0,1024,0,128,512,416,795.842,802.876,819.619,3.3803
mixed,32,24,0.75,4.0,1024,0,256,1024,832,809.442,817.252,828.22,2.4044
mixed,32,24,0.75,4.0,1024,0,512,2048,1664,839.327,847.619,866.144,3.2341
mixed,32,24,0.75,4.0,1024,0,1024,4096,3328,882.722,902.148,918.63,1.8485
mixed,32,24,0.75,4.0,1024,0,2048,8192,6656,968.068,1007.46,1016.257,1.2233
mixed,32,24,0.75,4.0,1024,0,4096,16384,13312,1128.164,1201.477,1192.645,0.8795
mixed,32,24,0.75,4.0,1024,512,128,512,416,959.585,967.168,974.363,1.9488
mixed,32,24,0.75,4.0,1024,512,256,1024,832,981.383,980.235,990.686,
mixed,32,24,0.75,4.0,1024,512,512,2048,1664,996.928,1008.898,1022.659,2.1496
mixed,32,24,0.75,4.0,1024,512,1024,4096,3328,1045.955,1067.492,1079.108,1.5394
mixed,32,24,0.75,4.0,1024,512,2048,8192,6656,1126.596,1168.87,1178.627,1.2308
mixed,32,24,0.75,4.0,1024,512,4096,16384,13312,1285.668,1354.661,1360.099,1.0788
mixed,32,24,0.75,4.0,1024,1024,128,512,416,1036.254,1051.452,1053.761,1.1519
mixed,32,24,0.75,4.0,1024,1024,256,1024,832,1050.529,1059.171,1062.658,1.4035
mixed,32,24,0.75,4.0,1024,1024,512,2048,1664,1075.587,1085.127,1100.263,2.5866
mixed,32,24,0.75,4.0,1024,1024,1024,4096,3328,1124.902,1142.785,1156.607,1.7729
mixed,32,24,0.75,4.0,1024,1024,2048,8192,6656,1212.073,1246.184,1257.506,1.3319
mixed,32,24,0.75,4.0,1024,1024,4096,16384,13312,1359.46,1433.508,1431.806,0.977
mixed,32,24,0.75,4.0,1024,2048,128,512,416,1186.944,1197.414,1207.138,1.9287
mixed,32,24,0.75,4.0,1024,2048,256,1024,832,1206.6,1210.498,1215.205,2.2075
mixed,32,24,0.75,4.0,1024,2048,512,2048,1664,1228.226,1239.778,1252.065,2.0636
mixed,32,24,0.75,4.0,1024,2048,1024,4096,3328,1273.188,1295.136,1305.182,1.4577
mixed,32,24,0.75,4.0,1024,2048,2048,8192,6656,1359.013,1395.654,1403.206,1.2061
mixed,32,24,0.75,4.0,1024,2048,4096,16384,13312,1519.008,1589.351,1592.872,1.0501
mixed,32,24,0.75,4.0,1024,4096,128,512,416,1518.151,1524.609,1533.983,2.4515
mixed,32,24,0.75,4.0,1024,4096,256,1024,832,1527.295,1543.558,1545.575,1.124
mixed,32,24,0.75,4.0,1024,4096,512,2048,1664,1548.581,1565.703,1577.828,1.7082
mixed,32,24,0.75,4.0,1024,4096,1024,4096,3328,1597.154,1616.389,1630.018,1.7086
mixed,32,24,0.75,4.0,1024,4096,2048,8192,6656,1680.45,1717.379,1726.021,1.234
mixed,32,24,0.75,4.0,1024,4096,4096,16384,13312,1840.843,1912.552,1910.436,0.9705
mixed,32,24,0.75,4.0,1024,8192,128,512,416,2139.557,2138.694,2155.429,
mixed,32,24,0.75,4.0,1024,8192,256,1024,832,2152.871,2159.719,2163.689,1.5797
mixed,32,24,0.75,4.0,1024,8192,512,2048,1664,2174.536,2185.795,2197.542,2.0433
mixed,32,24,0.75,4.0,1024,8192,1024,4096,3328,2220.36,2230.984,2255.332,3.2918
mixed,32,24,0.75,4.0,1024,8192,2048,8192,6656,2296.23,2336.292,2342.503,1.155
mixed,32,24,0.75,4.0,1024,8192,4096,16384,13312,2459.139,2535.911,2529.409,0.9153
mixed,32,24,0.75,4.0,2048,0,128,512,416,1496.099,1496.999,1510.209,15.6778
mixed,32,24,0.75,4.0,2048,0,256,1024,832,1508.834,1519.654,1519.971,1.0293
mixed,32,24,0.75,4.0,2048,0,512,2048,1664,1533.06,1542.435,1557.828,2.6419
mixed,32,24,0.75,4.0,2048,0,1024,4096,3328,1582.208,1598.468,1612.194,1.8442
mixed,32,24,0.75,4.0,2048,0,2048,8192,6656,1667.106,1703.307,1710.472,1.1979
mixed,32,24,0.75,4.0,2048,0,4096,16384,13312,1824.107,1891.076,1881.062,0.8505
mixed,32,24,0.75,4.0,2048,512,128,512,416,1721.031,1723.815,1734.057,4.6789
mixed,32,24,0.75,4.0,2048,512,256,1024,832,1731.234,1734.535,1746.471,4.6159
mixed,32,24,0.75,4.0,2048,512,512,2048,1664,1757.349,1764.711,1785.473,3.8202
mixed,32,24,0.75,4.0,2048,512,1024,4096,3328,1800.578,1820.48,1837.285,1.8444
mixed,32,24,0.75,4.0,2048,512,2048,8192,6656,1879.234,1914.407,1931.787,1.4941
mixed,32,24,0.75,4.0,2048,512,4096,16384,13312,2042.723,2103.715,2107.525,1.0625
mixed,32,24,0.75,4.0,2048,1024,128,512,416,1827.846,1830.056,1847.562,8.9213
mixed,32,24,0.75,4.0,2048,1024,256,1024,832,1844.768,1850.118,1852.167,1.383
mixed,32,24,0.75,4.0,2048,1024,512,2048,1664,1865.221,1878.817,1889.377,1.7767
mixed,32,24,0.75,4.0,2048,1024,1024,4096,3328,1911.872,1935.846,1938.141,1.0957
mixed,32,24,0.75,4.0,2048,1024,2048,8192,6656,1998.026,2033.125,2038.724,1.1595
mixed,32,24,0.75,4.0,2048,1024,4096,16384,13312,2146.754,2221.282,2225.382,1.055
mixed,32,24,0.75,4.0,2048,2048,128,512,416,2071.684,2068.256,2077.989,
mixed,32,24,0.75,4.0,2048,2048,256,1024,832,2076.097,2083.53,2088.449,1.6618
mixed,32,24,0.75,4.0,2048,2048,512,2048,1664,2095.848,2109.316,2128.038,2.3901
mixed,32,24,0.75,4.0,2048,2048,1024,4096,3328,2141.124,2167.207,2180.966,1.5275
mixed,32,24,0.75,4.0,2048,2048,2048,8192,6656,2225.475,2262.467,2269.861,1.1999
mixed,32,24,0.75,4.0,2048,2048,4096,16384,13312,2379.396,2456.384,2448.424,0.8966
mixed,32,24,0.75,4.0,2048,4096,128,512,416,2530.793,2529.387,2550.054,
mixed,32,24,0.75,4.0,2048,4096,256,1024,832,2541.766,2547.84,2555.401,2.2448
mixed,32,24,0.75,4.0,2048,4096,512,2048,1664,2559.781,2572.206,2585.863,2.0992
mixed,32,24,0.75,4.0,2048,4096,1024,4096,3328,2602.406,2627.433,2647.462,1.8003
mixed,32,24,0.75,4.0,2048,4096,2048,8192,6656,2689.799,2728.456,2731.136,1.0693
mixed,32,24,0.75,4.0,2048,4096,4096,16384,13312,2857.697,2915.556,2925.638,1.1743
mixed,32,24,0.75,4.0,2048,8192,128,512,416,3420.234,3419.975,3427.042,
mixed,32,24,0.75,4.0,2048,8192,256,1024,832,3428.486,3428.842,3440.835,34.6882
mixed,32,24,0.75,4.0,2048,8192,512,2048,1664,3442.09,3457.615,3477.159,2.2589
mixed,32,24,0.75,4.0,2048,8192,1024,4096,3328,3484.675,3513.123,3526.347,1.4648
mixed,32,24,0.75,4.0,2048,8192,2048,8192,6656,3569.837,3605.357,3619.341,1.3937
mixed,32,24,0.75,4.0,2048,8192,4096,16384,13312,3732.364,3806.379,3808.075,1.0229
pure,32,29,0.9062,4.0,0,0,128,512,476,245.25,248.77,247.3,0.5824
pure,32,29,0.9062,4.0,0,0,256,1024,952,254.98,261.728,260.45,0.8106
pure,32,29,0.9062,4.0,0,0,512,2048,1904,282.884,288.641,283.648,0.1327
pure,32,29,0.9062,4.0,0,0,1024,4096,3808,329.184,338.045,331.937,0.3107
pure,32,29,0.9062,4.0,0,0,2048,8192,7616,428.284,439.2,536.289,9.8942
pure,32,29,0.9062,4.0,0,0,4096,16384,15232,604.932,632.673,809.245,7.365
mixed,32,29,0.9062,4.0,16,0,128,512,476,260.801,263.616,261.378,0.205
mixed,32,29,0.9062,4.0,16,0,256,1024,952,277.316,274.721,277.343,
mixed,32,29,0.9062,4.0,16,0,512,2048,1904,300.445,302.303,299.743,-0.3778
mixed,32,29,0.9062,4.0,16,0,1024,4096,3808,347.298,356.033,351.231,0.4503
mixed,32,29,0.9062,4.0,16,0,2048,8192,7616,451.169,455.521,443.554,-1.7498
mixed,32,29,0.9062,4.0,16,0,4096,16384,15232,624.034,653.569,827.711,6.8961
mixed,32,29,0.9062,4.0,16,512,128,512,476,279.522,280.738,277.824,-1.3964
mixed,32,29,0.9062,4.0,16,512,256,1024,952,279.903,281.122,306.209,21.58
mixed,32,29,0.9062,4.0,16,512,512,2048,1904,346.913,349.603,299.071,-17.7851
mixed,32,29,0.9062,4.0,16,512,1024,4096,3808,409.571,414.824,346.877,-11.9349
mixed,32,29,0.9062,4.0,16,512,2048,8192,7616,496.803,517.692,447.876,-2.3422
mixed,32,29,0.9062,4.0,16,512,4096,16384,15232,678.114,701.445,629.279,-2.0931
mixed,32,29,0.9062,4.0,16,1024,128,512,476,282.918,295.998,282.335,-0.0446
mixed,32,29,0.9062,4.0,16,1024,256,1024,952,296.639,286.431,286.496,
mixed,32,29,0.9062,4.0,16,1024,512,2048,1904,313.247,356.575,349.696,0.8412
mixed,32,29,0.9062,4.0,16,1024,1024,4096,3808,430.85,438.658,350.818,-10.25
mixed,32,29,0.9062,4.0,16,1024,2048,8192,7616,535.328,555.741,446.37,-4.3579
mixed,32,29,0.9062,4.0,16,1024,4096,16384,15232,710.818,743.842,621.638,-2.7005
mixed,32,29,0.9062,4.0,16,2048,128,512,476,291.039,289.501,285.501,
mixed,32,29,0.9062,4.0,16,2048,256,1024,952,326.594,328.96,298.912,-11.6999
mixed,32,29,0.9062,4.0,16,2048,512,2048,1904,321.183,316.736,313.186,
mixed,32,29,0.9062,4.0,16,2048,1024,4096,3808,432.546,440.446,436.48,0.498
mixed,32,29,0.9062,4.0,16,2048,2048,8192,7616,590.784,613.442,444.677,-6.4484
mixed,32,29,0.9062,4.0,16,2048,4096,16384,15232,785.894,819.009,626.433,-4.8154
mixed,32,29,0.9062,4.0,16,4096,128,512,476,312.928,315.777,311.554,-0.4823
mixed,32,29,0.9062,4.0,16,4096,256,1024,952,314.274,310.88,310.95,
mixed,32,29,0.9062,4.0,16,4096,512,2048,1904,374.943,386.621,331.232,-3.743
mixed,32,29,0.9062,4.0,16,4096,1024,4096,3808,367.551,370.914,438.082,20.9726
mixed,32,29,0.9062,4.0,16,4096,2048,8192,7616,591.171,607.681,604.257,0.7926
mixed,32,29,0.9062,4.0,16,4096,4096,16384,15232,902.498,948.998,632.448,-5.8075
mixed,32,29,0.9062,4.0,16,8192,128,512,476,321.601,320.834,321.858,
mixed,32,29,0.9062,4.0,16,8192,256,1024,952,353.021,365.09,360.802,0.6447
mixed,32,29,0.9062,4.0,16,8192,512,2048,1904,352.321,348.193,351.934,
mixed,32,29,0.9062,4.0,16,8192,1024,4096,3808,475.393,490.207,483.813,0.5684
mixed,32,29,0.9062,4.0,16,8192,2048,8192,7616,477.664,483.263,597.634,21.427
mixed,32,29,0.9062,4.0,16,8192,4096,16384,15232,895.455,937.922,934.08,0.9095
mixed,32,29,0.9062,4.0,32,0,128,512,476,263.558,265.148,262.945,-0.3855
mixed,32,29,0.9062,4.0,32,0,256,1024,952,276.8,285.698,274.242,-0.2875
mixed,32,29,0.9062,4.0,32,0,512,2048,1904,307.65,313.152,302.435,-0.9478
mixed,32,29,0.9062,4.0,32,0,1024,4096,3808,352.386,357.66,350.624,-0.3341
mixed,32,29,0.9062,4.0,32,0,2048,8192,7616,453.919,464.258,449.184,-0.458
mixed,32,29,0.9062,4.0,32,0,4096,16384,15232,626.434,656.674,831.812,6.7916
mixed,32,29,0.9062,4.0,32,512,128,512,476,277.313,303.331,302.686,0.9752
mixed,32,29,0.9062,4.0,32,512,256,1024,952,284.898,284.542,282.945,
mixed,32,29,0.9062,4.0,32,512,512,2048,1904,304.256,348.579,344.445,0.9067
mixed,32,29,0.9062,4.0,32,512,1024,4096,3808,400.798,413.473,407.294,0.5125
mixed,32,29,0.9062,4.0,32,512,2048,8192,7616,500.608,513.729,504.003,0.2587
mixed,32,29,0.9062,4.0,32,512,4096,16384,15232,683.457,712.007,684.001,0.0191
mixed,32,29,0.9062,4.0,32,1024,128,512,476,284.705,283.646,287.839,
mixed,32,29,0.9062,4.0,32,1024,256,1024,952,330.402,331.262,333.057,3.0872
mixed,32,29,0.9062,4.0,32,1024,512,2048,1904,311.713,311.907,313.377,8.5773
mixed,32,29,0.9062,4.0,32,1024,1024,4096,3808,427.652,434.753,430.912,0.4591
mixed,32,29,0.9062,4.0,32,1024,2048,8192,7616,532.929,554.175,541.343,0.396
mixed,32,29,0.9062,4.0,32,1024,4096,16384,15232,715.107,744.419,724.164,0.309
mixed,32,29,0.9062,4.0,32,2048,128,512,476,310.147,315.386,314.722,0.8733
mixed,32,29,0.9062,4.0,32,2048,256,1024,952,307.773,305.183,307.137,
mixed,32,29,0.9062,4.0,32,2048,512,2048,1904,376.252,385.6,384.673,0.9008
mixed,32,29,0.9062,4.0,32,2048,1024,4096,3808,367.583,374.785,433.12,9.0998
mixed,32,29,0.9062,4.0,32,2048,2048,8192,7616,580.675,600.485,599.17,0.9336
mixed,32,29,0.9062,4.0,32,2048,4096,16384,15232,778.88,809.058,790.979,0.4009
mixed,32,29,0.9062,4.0,32,4096,128,512,476,319.008,316.771,321.408,
mixed,32,29,0.9062,4.0,32,4096,256,1024,952,349.564,359.618,356.959,0.7355
mixed,32,29,0.9062,4.0,32,4096,512,2048,1904,345.248,342.047,344.994,
mixed,32,29,0.9062,4.0,32,4096,1024,4096,3808,477.251,491.553,491.649,1.0067
mixed,32,29,0.9062,4.0,32,4096,2048,8192,7616,473.283,486.753,597.187,9.1985
mixed,32,29,0.9062,4.0,32,4096,4096,16384,15232,893.022,932.636,932.321,0.992
mixed,32,29,0.9062,4.0,32,8192,128,512,476,364.961,354.369,354.015,
mixed,32,29,0.9062,4.0,32,8192,256,1024,952,372.384,371.91,372.737,
mixed,32,29,0.9062,4.0,32,8192,512,2048,1904,426.016,442.146,438.239,0.7578
mixed,32,29,0.9062,4.0,32,8192,1024,4096,3808,423.071,424.098,421.541,-1.4898
mixed,32,29,0.9062,4.0,32,8192,2048,8192,7616,672.352,701.121,700.036,0.9623
mixed,32,29,0.9062,4.0,32,8192,4096,16384,15232,680.771,708.992,917.637,8.3933
mixed,32,29,0.9062,4.0,64,0,128,512,476,271.455,274.4,271.139,-0.1073
mixed,32,29,0.9062,4.0,64,0,256,1024,952,284.704,300.927,294.623,0.6114
mixed,32,29,0.9062,4.0,64,0,512,2048,1904,320.964,323.937,315.838,-1.7242
mixed,32,29,0.9062,4.0,64,0,1024,4096,3808,379.649,377.473,363.423,
mixed,32,29,0.9062,4.0,64,0,2048,8192,7616,468.449,473.472,459.172,-1.8469
mixed,32,29,0.9062,4.0,64,0,4096,16384,15232,651.424,679.777,651.201,-0.0079
mixed,32,29,0.9062,4.0,64,512,128,512,476,303.649,300.035,298.015,
mixed,32,29,0.9062,4.0,64,512,256,1024,952,340.834,344.066,341.279,0.1377
mixed,32,29,0.9062,4.0,64,512,512,2048,1904,315.68,315.074,315.234,
mixed,32,29,0.9062,4.0,64,512,1024,4096,3808,408.514,418.275,416.675,0.8361
mixed,32,29,0.9062,4.0,64,512,2048,8192,7616,504.035,522.692,509.571,0.2967
mixed,32,29,0.9062,4.0,64,512,4096,16384,15232,688.544,717.091,692.769,0.148
mixed,32,29,0.9062,4.0,64,1024,128,512,476,333.057,339.387,337.506,0.7028
mixed,32,29,0.9062,4.0,64,1024,256,1024,952,320.579,320.477,320.097,
mixed,32,29,0.9062,4.0,64,1024,512,2048,1904,384.639,390.019,390.048,1.0054
mixed,32,29,0.9062,4.0,64,1024,1024,4096,3808,366.974,376.125,438.27,7.7911
mixed,32,29,0.9062,4.0,64,1024,2048,8192,7616,533.154,552.479,546.337,0.6822
mixed,32,29,0.9062,4.0,64,1024,4096,16384,15232,709.57,744.893,729.281,0.558
mixed,32,29,0.9062,4.0,64,2048,128,512,476,335.714,338.145,335.008,-0.2904
mixed,32,29,0.9062,4.0,64,2048,256,1024,952,364.738,379.01,374.177,0.6614
mixed,32,29,0.9062,4.0,64,2048,512,2048,1904,362.019,355.392,354.685,
mixed,32,29,0.9062,4.0,64,2048,1024,4096,3808,473.694,484.929,483.232,0.849
mixed,32,29,0.9062,4.0,64,2048,2048,8192,7616,474.626,487.427,596.194,9.4968
mixed,32,29,0.9062,4.0,64,2048,4096,16384,15232,772.831,805.697,791.074,0.5551
mixed,32,29,0.9062,4.0,64,4096,128,512,476,391.614,396.416,396.932,1.1075
mixed,32,29,0.9062,4.0,64,4096,256,1024,952,384.836,384.962,383.583,-9.9444
mixed,32,29,0.9062,4.0,64,4096,512,2048,1904,439.586,454.564,458.819,1.2841
mixed,32,29,0.9062,4.0,64,4096,1024,4096,3808,441.217,437.725,434.721,
mixed,32,29,0.9062,4.0,64,4096,2048,8192,7616,654.465,671.205,668.642,0.8469
mixed,32,29,0.9062,4.0,64,4096,4096,16384,15232,682.401,713.666,917.603,7.5229
mixed,32,29,0.9062,4.0,64,8192,128,512,476,470.685,477.918,474.5,0.5274
mixed,32,29,0.9062,4.0,64,8192,256,1024,952,507.207,514.785,512.736,0.7296
mixed,32,29,0.9062,4.0,64,8192,512,2048,1904,494.592,490.817,493.99,
mixed,32,29,0.9062,4.0,64,8192,1024,4096,3808,587.233,612.61,612.353,0.9899
mixed,32,29,0.9062,4.0,64,8192,2048,8192,7616,602.08,601.121,597.957,
mixed,32,29,0.9062,4.0,64,8192,4096,16384,15232,1011.17,1044.482,1041.604,0.9136
mixed,32,29,0.9062,4.0,128,0,128,512,476,302.752,308.737,307.809,0.8449
mixed,32,29,0.9062,4.0,128,0,256,1024,952,319.169,326.978,321.184,0.258
mixed,32,29,0.9062,4.0,128,0,512,2048,1904,356.577,366.979,366.467,0.9508
mixed,32,29,0.9062,4.0,128,0,1024,4096,3808,435.715,449.187,445.311,0.7123
mixed,32,29,0.9062,4.0,128,0,2048,8192,7616,587.999,611.458,601.349,0.5691
mixed,32,29,0.9062,4.0,128,0,4096,16384,15232,870.69,915.81,914.531,0.9717
mixed,32,29,0.9062,4.0,128,512,128,512,476,385.283,385.568,383.008,-7.9825
mixed,32,29,0.9062,4.0,128,512,256,1024,952,327.713,327.779,331.04,50.4091
mixed,32,29,0.9062,4.0,128,512,512,2048,1904,360.005,372.8,367.36,0.5748
mixed,32,29,0.9062,4.0,128,512,1024,4096,3808,436.832,450.468,449.28,0.9129
mixed,32,29,0.9062,4.0,128,512,2048,8192,7616,586.336,606.591,606.337,0.9875
mixed,32,29,0.9062,4.0,128,512,4096,16384,15232,879.522,924.385,922.146,0.9501
mixed,32,29,0.9062,4.0,128,1024,128,512,476,407.136,407.455,410.976,12.0376
mixed,32,29,0.9062,4.0,128,1024,256,1024,952,422.368,423.231,427.968,6.489
mixed,32,29,0.9062,4.0,128,1024,512,2048,1904,364.833,369.504,364.929,0.0206
mixed,32,29,0.9062,4.0,128,1024,1024,4096,3808,439.328,451.074,449.854,0.8961
mixed,32,29,0.9062,4.0,128,1024,2048,8192,7616,589.059,610.91,610.079,0.962
mixed,32,29,0.9062,4.0,128,1024,4096,16384,15232,876.13,924.676,917.857,0.8595
mixed,32,29,0.9062,4.0,128,2048,128,512,476,446.466,451.106,449.507,0.6554
mixed,32,29,0.9062,4.0,128,2048,256,1024,952,476.159,484.165,483.809,0.9555
mixed,32,29,0.9062,4.0,128,2048,512,2048,1904,494.271,507.616,502.434,0.6117
mixed,32,29,0.9062,4.0,128,2048,1024,4096,3808,442.115,447.777,447.105,0.8813
mixed,32,29,0.9062,4.0,128,2048,2048,8192,7616,588.515,613.316,606.95,0.7433
mixed,32,29,0.9062,4.0,128,2048,4096,16384,15232,883.36,929.73,925.121,0.9006
mixed,32,29,0.9062,4.0,128,4096,128,512,476,523.554,531.202,530.277,0.8791
mixed,32,29,0.9062,4.0,128,4096,256,1024,952,559.429,565.631,563.743,0.6956
mixed,32,29,0.9062,4.0,128,4096,512,2048,1904,630.176,639.041,639.685,1.0726
mixed,32,29,0.9062,4.0,128,4096,1024,4096,3808,647.775,663.971,661.475,0.8459
mixed,32,29,0.9062,4.0,128,4096,2048,8192,7616,608.189,614.656,611.841,0.5647
mixed,32,29,0.9062,4.0,128,4096,4096,16384,15232,887.201,931.808,930.881,0.9792
mixed,32,29,0.9062,4.0,128,8192,128,512,476,685.251,686.4,684.899,-0.3064
mixed,32,29,0.9062,4.0,128,8192,256,1024,952,720.514,727.136,727.68,1.0822
mixed,32,29,0.9062,4.0,128,8192,512,2048,1904,786.882,801.855,800.579,0.9148
mixed,32,29,0.9062,4.0,128,8192,1024,4096,3808,933.795,958.525,961.377,1.1153
mixed,32,29,0.9062,4.0,128,8192,2048,8192,7616,954.847,977.732,979.363,1.0713
mixed,32,29,0.9062,4.0,128,8192,4096,16384,15232,921.312,929.922,930.755,1.0967
mixed,32,29,0.9062,4.0,256,0,128,512,476,329.506,335.552,336.641,1.1801
mixed,32,29,0.9062,4.0,256,0,256,1024,952,359.841,371.294,371.299,1.0004
mixed,32,29,0.9062,4.0,256,0,512,2048,1904,432.127,445.602,448.579,1.2209
mixed,32,29,0.9062,4.0,256,0,1024,4096,3808,581.952,601.31,602.689,1.0712
mixed,32,29,0.9062,4.0,256,0,2048,8192,7616,870.47,915.012,908.515,0.8541
mixed,32,29,0.9062,4.0,256,0,4096,16384,15232,1446.244,1538.367,1532.005,0.9309
mixed,32,29,0.9062,4.0,256,512,128,512,476,391.905,396.96,396.128,0.8354
mixed,32,29,0.9062,4.0,256,512,256,1024,952,422.337,429.954,431.52,1.2056
mixed,32,29,0.9062,4.0,256,512,512,2048,1904,495.072,507.52,509.571,1.1648
mixed,32,29,0.9062,4.0,256,512,1024,4096,3808,642.112,664.096,664.319,1.0101
mixed,32,29,0.9062,4.0,256,512,2048,8192,7616,931.583,973.411,973.471,1.0014
mixed,32,29,0.9062,4.0,256,512,4096,16384,15232,1509.344,1596.87,1596.838,0.9996
mixed,32,29,0.9062,4.0,256,1024,128,512,476,432.066,436.866,431.425,-0.1335
mixed,32,29,0.9062,4.0,256,1024,256,1024,952,464.324,469.698,472.547,1.5301
mixed,32,29,0.9062,4.0,256,1024,512,2048,1904,534.019,550.592,547.839,0.8339
mixed,32,29,0.9062,4.0,256,1024,1024,4096,3808,682.116,703.043,706.592,1.1696
mixed,32,29,0.9062,4.0,256,1024,2048,8192,7616,968.963,1014.53,1015.585,1.0232
mixed,32,29,0.9062,4.0,256,1024,4096,16384,15232,1544.675,1644.487,1644.133,0.9965
mixed,32,29,0.9062,4.0,256,2048,128,512,476,508.609,510.688,511.999,1.6306
mixed,32,29,0.9062,4.0,256,2048,256,1024,952,543.234,552.127,550.654,0.8344
mixed,32,29,0.9062,4.0,256,2048,512,2048,1904,614.852,627.075,628.353,1.1046
mixed,32,29,0.9062,4.0,256,2048,1024,4096,3808,761.411,785.185,786.917,1.0729
mixed,32,29,0.9062,4.0,256,2048,2048,8192,7616,1051.907,1095.59,1095.686,1.0022
mixed,32,29,0.9062,4.0,256,2048,4096,16384,15232,1627.811,1726.631,1731.363,1.0479
mixed,32,29,0.9062,4.0,256,4096,128,512,476,667.489,672.352,671.107,0.744
mixed,32,29,0.9062,4.0,256,4096,256,1024,952,703.228,708.066,708.993,1.1916
mixed,32,29,0.9062,4.0,256,4096,512,2048,1904,773.538,788.48,784.509,0.7342
mixed,32,29,0.9062,4.0,256,4096,1024,4096,3808,919.329,944.866,946.115,1.0489
mixed,32,29,0.9062,4.0,256,4096,2048,8192,7616,1211.429,1253.379,1254.495,1.0266
mixed,32,29,0.9062,4.0,256,4096,4096,16384,15232,1788.39,1889.895,1885.446,0.9562
mixed,32,29,0.9062,4.0,256,8192,128,512,476,938.82,936.225,934.435,
mixed,32,29,0.9062,4.0,256,8192,256,1024,952,976.161,1013.123,1014.915,1.0485
mixed,32,29,0.9062,4.0,256,8192,512,2048,1904,1081.314,1095.141,1093.251,0.8633
mixed,32,29,0.9062,4.0,256,8192,1024,4096,3808,1225.412,1250.148,1251.458,1.053
mixed,32,29,0.9062,4.0,256,8192,2048,8192,7616,1516.484,1556.703,1557.829,1.028
mixed,32,29,0.9062,4.0,256,8192,4096,16384,15232,2089.892,2178.76,2174.916,0.9567
mixed,32,29,0.9062,4.0,512,0,128,512,476,557.411,565.026,556.319,-0.1434
mixed,32,29,0.9062,4.0,512,0,256,1024,952,558.241,550.75,569.634,
mixed,32,29,0.9062,4.0,512,0,512,2048,1904,634.079,618.725,649.986,
mixed,32,29,0.9062,4.0,512,0,1024,4096,3808,761.282,784.837,791.392,1.2783
mixed,32,29,0.9062,4.0,512,0,2048,8192,7616,1062.947,1087.718,1102.785,1.6083
mixed,32,29,0.9062,4.0,512,0,4096,16384,15232,1631.491,1715.779,1715.971,1.0023
mixed,32,29,0.9062,4.0,512,512,128,512,476,668.576,670.5,675.81,3.7599
mixed,32,29,0.9062,4.0,512,512,256,1024,952,689.315,723.936,724.222,1.0083
mixed,32,29,0.9062,4.0,512,512,512,2048,1904,780.74,784.192,780.833,0.0269
mixed,32,29,0.9062,4.0,512,512,1024,4096,3808,934.688,951.487,960.42,1.5318
mixed,32,29,0.9062,4.0,512,512,2048,8192,7616,1186.916,1244.323,1270.053,1.4482
mixed,32,29,0.9062,4.0,512,512,4096,16384,15232,1796.902,1852.545,1868.577,1.2881
mixed,32,29,0.9062,4.0,512,1024,128,512,476,743.716,748.578,748.003,0.8817
mixed,32,29,0.9062,4.0,512,1024,256,1024,952,762.595,787.233,791.843,1.1871
mixed,32,29,0.9062,4.0,512,1024,512,2048,1904,867.777,876.229,845.921,-2.5859
mixed,32,29,0.9062,4.0,512,1024,1024,4096,3808,998.691,1028.933,1016.034,0.5735
mixed,32,29,0.9062,4.0,512,1024,2048,8192,7616,1268.102,1338.148,1322.849,0.7816
mixed,32,29,0.9062,4.0,512,1024,4096,16384,15232,1869.056,1939.526,1951.747,1.1734
mixed,32,29,0.9062,4.0,512,2048,128,512,476,887.812,895.331,892.222,0.5865
mixed,32,29,0.9062,4.0,512,2048,256,1024,952,924.195,945.348,918.819,-0.2541
mixed,32,29,0.9062,4.0,512,2048,512,2048,1904,1004.994,1013.186,1011.779,0.8282
mixed,32,29,0.9062,4.0,512,2048,1024,4096,3808,1159.167,1162.788,1179.298,5.5595
mixed,32,29,0.9062,4.0,512,2048,2048,8192,7616,1461.924,1477.729,1477.283,0.9718
mixed,32,29,0.9062,4.0,512,2048,4096,16384,15232,2012.456,2102.528,2094.633,0.9123
mixed,32,29,0.9062,4.0,512,4096,128,512,476,1151.364,1145.925,1171.779,
mixed,32,29,0.9062,4.0,512,4096,256,1024,952,1175.811,1212.479,1203.456,0.7539
mixed,32,29,0.9062,4.0,512,4096,512,2048,1904,1318.822,1331.554,1322.308,0.2738
mixed,32,29,0.9062,4.0,512,4096,1024,4096,3808,1464.742,1486.147,1479.558,0.6922
mixed,32,29,0.9062,4.0,512,4096,2048,8192,7616,1725.863,1795.714,1793.218,0.9643
mixed,32,29,0.9062,4.0,512,4096,4096,16384,15232,2329.831,2398.088,2415.205,1.2508
mixed,32,29,0.9062,4.0,512,8192,128,512,476,1766.337,1748.133,1768.998,
mixed,32,29,0.9062,4.0,512,8192,256,1024,952,1773.154,1771.62,1777.479,
mixed,32,29,0.9062,4.0,512,8192,512,2048,1904,1773.987,1838.535,1832.233,0.9024
mixed,32,29,0.9062,4.0,512,8192,1024,4096,3808,2063.718,2094.884,2094.502,0.9877
mixed,32,29,0.9062,4.0,512,8192,2048,8192,7616,2353.129,2398.343,2372.486,0.4281
mixed,32,29,0.9062,4.0,512,8192,4096,16384,15232,2920.965,3032.746,3033.094,1.0031
mixed,32,29,0.9062,4.0,1024,0,128,512,476,800.772,801.477,805.443,6.6255
mixed,32,29,0.9062,4.0,1024,0,256,1024,952,814.342,824.032,822.689,0.8614
mixed,32,29,0.9062,4.0,1024,0,512,2048,1904,850.494,846.335,851.137,
mixed,32,29,0.9062,4.0,1024,0,1024,4096,3808,894.849,902.886,896.894,0.2544
mixed,32,29,0.9062,4.0,1024,0,2048,8192,7616,998.109,1007.263,1102.109,11.3612
mixed,32,29,0.9062,4.0,1024,0,4096,16384,15232,1170.722,1202.668,1374.917,6.3919
mixed,32,29,0.9062,4.0,1024,512,128,512,476,966.113,964.512,965.89,
mixed,32,29,0.9062,4.0,1024,512,256,1024,952,978.271,978.555,977.247,-3.6056
mixed,32,29,0.9062,4.0,1024,512,512,2048,1904,1009.157,1008.771,1005.439,
mixed,32,29,0.9062,4.0,1024,512,1024,4096,3808,1055.75,1061.183,1060.583,0.8896
mixed,32,29,0.9062,4.0,1024,512,2048,8192,7616,1152.231,1170.528,1263.393,6.0754
mixed,32,29,0.9062,4.0,1024,512,4096,16384,15232,1331.169,1362.946,1529.89,6.2536
mixed,32,29,0.9062,4.0,1024,1024,128,512,476,1040.674,1038.311,1043.491,
mixed,32,29,0.9062,4.0,1024,1024,256,1024,952,1059.871,1058.496,1060.099,
mixed,32,29,0.9062,4.0,1024,1024,512,2048,1904,1091.4,1083.199,1084.837,
mixed,32,29,0.9062,4.0,1024,1024,1024,4096,3808,1134.461,1138.403,1137.893,0.8706
mixed,32,29,0.9062,4.0,1024,1024,2048,8192,7616,1235.808,1241.122,1340.039,19.6144
mixed,32,29,0.9062,4.0,1024,1024,4096,16384,15232,1408.422,1441.89,1608.512,5.9785
mixed,32,29,0.9062,4.0,1024,2048,128,512,476,1192.035,1199.139,1195.327,0.4634
mixed,32,29,0.9062,4.0,1024,2048,256,1024,952,1207.041,1211.556,1208.828,0.3958
mixed,32,29,0.9062,4.0,1024,2048,512,2048,1904,1234.081,1237.157,1239.586,1.7897
mixed,32,29,0.9062,4.0,1024,2048,1024,4096,3808,1283.842,1295.232,1288.673,0.4241
mixed,32,29,0.9062,4.0,1024,2048,2048,8192,7616,1384.869,1391.842,1488.196,14.8182
mixed,32,29,0.9062,4.0,1024,2048,4096,16384,15232,1558.944,1581.958,1766.337,9.0116
mixed,32,29,0.9062,4.0,1024,4096,128,512,476,1519.878,1520.031,1522.05,14.1961
mixed,32,29,0.9062,4.0,1024,4096,256,1024,952,1537.696,1539.657,1540.002,1.1759
mixed,32,29,0.9062,4.0,1024,4096,512,2048,1904,1560.415,1563.879,1570.813,3.0017
mixed,32,29,0.9062,4.0,1024,4096,1024,4096,3808,1611.555,1621.032,1615.522,0.4186
mixed,32,29,0.9062,4.0,1024,4096,2048,8192,7616,1709.252,1723.199,1815.392,7.6102
mixed,32,29,0.9062,4.0,1024,4096,4096,16384,15232,1889.666,1920.575,2087.557,6.4024
mixed,32,29,0.9062,4.0,1024,8192,128,512,476,2134.789,2144.324,2139.074,0.4494
mixed,32,29,0.9062,4.0,1024,8192,256,1024,952,2159.202,2156.13,2157.799,
mixed,32,29,0.9062,4.0,1024,8192,512,2048,1904,2184.163,2187.273,2181.887,-0.7318
mixed,32,29,0.9062,4.0,1024,8192,1024,4096,3808,2236.865,2240.067,2231.589,-1.6477
mixed,32,29,0.9062,4.0,1024,8192,2048,8192,7616,2326.661,2343.044,2432.843,6.4812
mixed,32,29,0.9062,4.0,1024,8192,4096,16384,15232,2508.903,2534.826,2705.286,7.5756
mixed,32,29,0.9062,4.0,2048,0,128,512,476,1496.962,1497.543,1496.995,0.0568
mixed,32,29,0.9062,4.0,2048,0,256,1024,952,1507.24,1511.335,1510.632,0.8283
mixed,32,29,0.9062,4.0,2048,0,512,2048,1904,1541.892,1540.034,1536.803,
mixed,32,29,0.9062,4.0,2048,0,1024,4096,3808,1589.858,1598.12,1594.081,0.5111
mixed,32,29,0.9062,4.0,2048,0,2048,8192,7616,1687.306,1704.324,1796.359,6.4081
mixed,32,29,0.9062,4.0,2048,0,4096,16384,15232,1863.586,1887.652,2062.504,8.2655
mixed,32,29,0.9062,4.0,2048,512,128,512,476,1718.888,1722.082,1722.375,1.0917
mixed,32,29,0.9062,4.0,2048,512,256,1024,952,1735.968,1739.335,1735.047,-0.2735
mixed,32,29,0.9062,4.0,2048,512,512,2048,1904,1763.749,1764.932,1764.449,0.5917
mixed,32,29,0.9062,4.0,2048,512,1024,4096,3808,1810.791,1822.502,1814.308,0.3003
mixed,32,29,0.9062,4.0,2048,512,2048,8192,7616,1913.187,1916.579,2010.343,28.6427
mixed,32,29,0.9062,4.0,2048,512,4096,16384,15232,2074.473,2105.766,2290.883,6.9156
mixed,32,29,0.9062,4.0,2048,1024,128,512,476,1833.735,1836.263,1828.962,-1.8881
mixed,32,29,0.9062,4.0,2048,1024,256,1024,952,1847.564,1849.096,1850.695,2.0437
mixed,32,29,0.9062,4.0,2048,1024,512,2048,1904,1875.143,1877.283,1873.124,-0.9435
mixed,32,29,0.9062,4.0,2048,1024,1024,4096,3808,1922.057,1930.403,1929.768,0.9239
mixed,32,29,0.9062,4.0,2048,1024,2048,8192,7616,2020.647,2036.455,2130.503,6.9494
mixed,32,29,0.9062,4.0,2048,1024,4096,16384,15232,2196.969,2217.29,2404.418,10.2086
mixed,32,29,0.9062,4.0,2048,2048,128,512,476,2069.183,2073.833,2066.399,-0.5987
mixed,32,29,0.9062,4.0,2048,2048,256,1024,952,2080.644,2085.892,2082.629,0.3782
mixed,32,29,0.9062,4.0,2048,2048,512,2048,1904,2110.213,2113.986,2110.341,0.0339
mixed,32,29,0.9062,4.0,2048,2048,1024,4096,3808,2163.752,2158.148,2159.976,
mixed,32,29,0.9062,4.0,2048,2048,2048,8192,7616,2246.557,2264.998,2362.436,6.2838
mixed,32,29,0.9062,4.0,2048,2048,4096,16384,15232,2429.16,2453.926,2628.742,8.0587
mixed,32,29,0.9062,4.0,2048,4096,128,512,476,2540.841,2531.588,2532.353,
mixed,32,29,0.9062,4.0,2048,4096,256,1024,952,2544.674,2542.697,2545.059,
mixed,32,29,0.9062,4.0,2048,4096,512,2048,1904,2573.383,2570.467,2574.696,
mixed,32,29,0.9062,4.0,2048,4096,1024,4096,3808,2616.584,2633.698,2623.078,0.3795
mixed,32,29,0.9062,4.0,2048,4096,2048,8192,7616,2716.165,2730.217,2818.98,7.3168
mixed,32,29,0.9062,4.0,2048,4096,4096,16384,15232,2898.023,2913.833,3087.174,11.964
mixed,32,29,0.9062,4.0,2048,8192,128,512,476,3411.047,3421.42,3412.523,0.1423
mixed,32,29,0.9062,4.0,2048,8192,256,1024,952,3435.109,3433.608,3435.532,
mixed,32,29,0.9062,4.0,2048,8192,512,2048,1904,3456.491,3457.993,3450.982,-3.6678
mixed,32,29,0.9062,4.0,2048,8192,1024,4096,3808,3504.493,3507.719,3496.425,-2.5009
mixed,32,29,0.9062,4.0,2048,8192,2048,8192,7616,3598.283,3619.21,3713.573,5.5092
mixed,32,29,0.9062,4.0,2048,8192,4096,16384,15232,3779.369,3810.225,4000.814,7.1767
pure,64,1,0.0156,4.0,0,0,128,512,134,226.146,276.288,256.322,0.6018
pure,64,1,0.0156,4.0,0,0,256,1024,268,265.666,304.674,261.762,-0.1001
pure,64,1,0.0156,4.0,0,0,512,2048,536,280.704,358.466,302.465,0.2798
pure,64,1,0.0156,4.0,0,0,1024,4096,1072,310.079,463.01,345.09,0.2289
pure,64,1,0.0156,4.0,0,0,2048,8192,2144,357.727,658.91,443.266,0.284
pure,64,1,0.0156,4.0,0,0,4096,16384,4288,465.278,1055.394,624.707,0.2702
mixed,64,1,0.0156,4.0,16,0,128,512,134,239.55,295.999,283.682,0.7818
mixed,64,1,0.0156,4.0,16,0,256,1024,268,282.915,323.616,297.09,0.3483
mixed,64,1,0.0156,4.0,16,0,512,2048,536,296.42,376.83,313.537,0.2129
mixed,64,1,0.0156,4.0,16,0,1024,4096,1072,320.638,479.808,372.708,0.3271
mixed,64,1,0.0156,4.0,16,0,2048,8192,2144,376.769,676.065,465.086,0.2951
mixed,64,1,0.0156,4.0,16,0,4096,16384,4288,483.202,1071.169,642.304,0.2706
mixed,64,1,0.0156,4.0,16,512,128,512,134,282.851,340.066,281.888,-0.0168
mixed,64,1,0.0156,4.0,16,512,256,1024,268,317.058,374.687,314.239,-0.0489
mixed,64,1,0.0156,4.0,16,512,512,2048,536,337.887,435.905,336.829,-0.0108
mixed,64,1,0.0156,4.0,16,512,1024,4096,1072,379.935,535.778,377.536,-0.0154
mixed,64,1,0.0156,4.0,16,512,2048,8192,2144,437.087,728.003,457.471,0.0701
mixed,64,1,0.0156,4.0,16,512,4096,16384,4288,536.48,1107.653,638.05,0.1778
mixed,64,1,0.0156,4.0,16,1024,128,512,134,287.168,338.846,287.458,0.0056
mixed,64,1,0.0156,4.0,16,1024,256,1024,268,316.192,381.857,316.896,0.0107
mixed,64,1,0.0156,4.0,16,1024,512,2048,536,336.896,463.233,334.532,-0.0187
mixed,64,1,0.0156,4.0,16,1024,1024,4096,1072,384.927,572.066,380.612,-0.0231
mixed,64,1,0.0156,4.0,16,1024,2048,8192,2144,470.207,766.788,466.269,-0.0133
mixed,64,1,0.0156,4.0,16,1024,4096,16384,4288,579.041,1146.084,636.576,0.1015
mixed,64,1,0.0156,4.0,16,2048,128,512,134,301.441,336.129,304.259,0.0812
mixed,64,1,0.0156,4.0,16,2048,256,1024,268,296.735,378.815,294.69,-0.0249
mixed,64,1,0.0156,4.0,16,2048,512,2048,536,338.978,468.609,340.896,0.0148
mixed,64,1,0.0156,4.0,16,2048,1024,4096,1072,380.926,636.769,382.661,0.0068
mixed,64,1,0.0156,4.0,16,2048,2048,8192,2144,474.271,834.849,470.722,-0.0098
mixed,64,1,0.0156,4.0,16,2048,4096,16384,4288,646.436,1224.419,638.818,-0.0132
mixed,64,1,0.0156,4.0,16,4096,128,512,134,304.831,317.855,306.048,0.0934
mixed,64,1,0.0156,4.0,16,4096,256,1024,268,323.204,379.649,312.193,-0.1951
mixed,64,1,0.0156,4.0,16,4096,512,2048,536,323.167,464.449,323.268,0.0007
mixed,64,1,0.0156,4.0,16,4096,1024,4096,1072,381.825,639.137,380.477,-0.0052
mixed,64,1,0.0156,4.0,16,4096,2048,8192,2144,470.463,974.468,468.447,-0.004
mixed,64,1,0.0156,4.0,16,4096,4096,16384,4288,644.832,1365.727,638.205,-0.0092
mixed,64,1,0.0156,4.0,16,8192,128,512,134,333.857,364.515,334.437,0.0189
mixed,64,1,0.0156,4.0,16,8192,256,1024,268,331.392,354.82,337.122,0.2446
mixed,64,1,0.0156,4.0,16,8192,512,2048,536,365.188,457.666,366.404,0.0131
mixed,64,1,0.0156,4.0,16,8192,1024,4096,1072,356.418,629.122,363.681,0.0266
mixed,64,1,0.0156,4.0,16,8192,2048,8192,2144,461.281,962.27,460.544,-0.0015
mixed,64,1,0.0156,4.0,16,8192,4096,16384,4288,642.368,1662.434,632.097,-0.0101
mixed,64,1,0.0156,4.0,32,0,128,512,134,245.409,317.57,292.959,0.6589
mixed,64,1,0.0156,4.0,32,0,256,1024,268,298.974,339.199,297.793,-0.0294
mixed,64,1,0.0156,4.0,32,0,512,2048,536,313.951,384.225,318.305,0.062
mixed,64,1,0.0156,4.0,32,0,1024,4096,1072,340.838,490.209,379.968,0.262
mixed,64,1,0.0156,4.0,32,0,2048,8192,2144,382.627,678.5,468.449,0.2901
mixed,64,1,0.0156,4.0,32,0,4096,16384,4288,492.612,1078.083,650.148,0.2691
mixed,64,1,0.0156,4.0,32,512,128,512,134,291.519,342.207,292.574,0.0208
mixed,64,1,0.0156,4.0,32,512,256,1024,268,328.225,378.784,328.032,-0.0038
mixed,64,1,0.0156,4.0,32,512,512,2048,536,343.551,434.594,343.297,-0.0028
mixed,64,1,0.0156,4.0,32,512,1024,4096,1072,378.526,542.273,379.617,0.0067
mixed,64,1,0.0156,4.0,32,512,2048,8192,2144,440.839,732.932,460.995,0.069
mixed,64,1,0.0156,4.0,32,512,4096,16384,4288,542.527,1121.351,639.614,0.1677
mixed,64,1,0.0156,4.0,32,1024,128,512,134,305.73,343.426,302.206,-0.0935
mixed,64,1,0.0156,4.0,32,1024,256,1024,268,300.992,383.619,301.344,0.0043
mixed,64,1,0.0156,4.0,32,1024,512,2048,536,347.011,465.06,345.509,-0.0127
mixed,64,1,0.0156,4.0,32,1024,1024,4096,1072,388.005,577.537,382.849,-0.0272
mixed,64,1,0.0156,4.0,32,1024,2048,8192,2144,465.282,764.768,465.861,0.0019
mixed,64,1,0.0156,4.0,32,1024,4096,16384,4288,579.778,1158.594,636.675,0.0983
mixed,64,1,0.0156,4.0,32,2048,128,512,134,314.085,318.755,307.586,-1.3916
mixed,64,1,0.0156,4.0,32,2048,256,1024,268,326.467,383.297,334.181,0.1357
mixed,64,1,0.0156,4.0,32,2048,512,2048,536,318.948,468.063,321.346,0.0161
mixed,64,1,0.0156,4.0,32,2048,1024,4096,1072,382.751,635.902,383.165,0.0016
mixed,64,1,0.0156,4.0,32,2048,2048,8192,2144,470.88,831.522,465.279,-0.0155
mixed,64,1,0.0156,4.0,32,2048,4096,16384,4288,634.176,1221.541,631.457,-0.0046
mixed,64,1,0.0156,4.0,32,4096,128,512,134,338.305,367.776,341.022,0.0922
mixed,64,1,0.0156,4.0,32,4096,256,1024,268,330.722,355.491,331.392,0.027
mixed,64,1,0.0156,4.0,32,4096,512,2048,536,366.056,462.91,366.878,0.0085
mixed,64,1,0.0156,4.0,32,4096,1024,4096,1072,357.506,630.535,354.751,-0.0101
mixed,64,1,0.0156,4.0,32,4096,2048,8192,2144,468.096,957.278,469.061,0.002
mixed,64,1,0.0156,4.0,32,4096,4096,16384,4288,635.426,1355.652,627.297,-0.0113
mixed,64,1,0.0156,4.0,32,8192,128,512,134,381.984,389.794,382.433,0.0575
mixed,64,1,0.0156,4.0,32,8192,256,1024,268,384.577,447.873,384.417,-0.0025
mixed,64,1,0.0156,4.0,32,8192,512,2048,536,390.69,432.706,390.817,0.003
mixed,64,1,0.0156,4.0,32,8192,1024,4096,1072,446.622,632.576,447.07,0.0024
mixed,64,1,0.0156,4.0,32,8192,2048,8192,2144,433.473,949.505,438.594,0.0099
mixed,64,1,0.0156,4.0,32,8192,4096,16384,4288,638.306,1617.383,631.265,-0.0072
mixed,64,1,0.0156,4.0,64,0,128,512,134,252.323,323.522,300.86,0.6817
mixed,64,1,0.0156,4.0,64,0,256,1024,268,308.864,350.592,309.127,0.0063
mixed,64,1,0.0156,4.0,64,0,512,2048,536,326.658,403.263,324.964,-0.0221
mixed,64,1,0.0156,4.0,64,0,1024,4096,1072,351.775,500.929,371.136,0.1298
mixed,64,1,0.0156,4.0,64,0,2048,8192,2144,408.704,697.119,465.44,0.1967
mixed,64,1,0.0156,4.0,64,0,4096,16384,4288,509.538,1091.681,647.908,0.2377
mixed,64,1,0.0156,4.0,64,512,128,512,134,329.409,357.728,310.43,-0.6702
mixed,64,1,0.0156,4.0,64,512,256,1024,268,311.677,382.498,305.058,-0.0935
mixed,64,1,0.0156,4.0,64,512,512,2048,536,359.742,442.08,354.846,-0.0595
mixed,64,1,0.0156,4.0,64,512,1024,4096,1072,383.493,544.324,380.287,-0.0199
mixed,64,1,0.0156,4.0,64,512,2048,8192,2144,436.228,732.613,449.567,0.045
mixed,64,1,0.0156,4.0,64,512,4096,16384,4288,551.491,1128.934,627.36,0.1314
mixed,64,1,0.0156,4.0,64,1024,128,512,134,318.339,328.769,317.985,-0.0339
mixed,64,1,0.0156,4.0,64,1024,256,1024,268,351.487,393.38,346.847,-0.1108
mixed,64,1,0.0156,4.0,64,1024,512,2048,536,331.01,461.601,323.262,-0.0593
mixed,64,1,0.0156,4.0,64,1024,1024,4096,1072,397.184,574.622,396.35,-0.0047
mixed,64,1,0.0156,4.0,64,1024,2048,8192,2144,469.343,759.618,463.264,-0.0209
mixed,64,1,0.0156,4.0,64,1024,4096,16384,4288,580.545,1156.385,626.496,0.0798
mixed,64,1,0.0156,4.0,64,2048,128,512,134,353.344,378.273,350.881,-0.0988
mixed,64,1,0.0156,4.0,64,2048,256,1024,268,346.048,366.238,341.63,-0.2188
mixed,64,1,0.0156,4.0,64,2048,512,2048,536,380.737,481.026,382.948,0.022
mixed,64,1,0.0156,4.0,64,2048,1024,4096,1072,366.688,625.634,364.064,-0.0101
mixed,64,1,0.0156,4.0,64,2048,2048,8192,2144,478.434,822.112,479.137,0.002
mixed,64,1,0.0156,4.0,64,2048,4096,16384,4288,630.53,1218.048,625.894,-0.0079
mixed,64,1,0.0156,4.0,64,4096,128,512,134,402.145,399.456,401.989,
mixed,64,1,0.0156,4.0,64,4096,256,1024,268,414.366,461.153,414.208,-0.0034
mixed,64,1,0.0156,4.0,64,4096,512,2048,536,400.22,447.909,399.745,-0.01
mixed,64,1,0.0156,4.0,64,4096,1024,4096,1072,464.225,637.185,461.314,-0.0168
mixed,64,1,0.0156,4.0,64,4096,2048,8192,2144,450.273,945.379,443.71,-0.0133
mixed,64,1,0.0156,4.0,64,4096,4096,16384,4288,644.161,1344.42,638.181,-0.0085
mixed,64,1,0.0156,4.0,64,8192,128,512,134,480.544,511.169,485.569,0.1641
mixed,64,1,0.0156,4.0,64,8192,256,1024,268,496.029,509.568,490.146,-0.4345
mixed,64,1,0.0156,4.0,64,8192,512,2048,536,512.292,618.465,510.179,-0.0199
mixed,64,1,0.0156,4.0,64,8192,1024,4096,1072,509.567,614.177,505.314,-0.0407
mixed,64,1,0.0156,4.0,64,8192,2048,8192,2144,627.679,957.12,618.944,-0.0265
mixed,64,1,0.0156,4.0,64,8192,4096,16384,4288,626.591,1574.69,609.925,-0.0176
mixed,64,1,0.0156,4.0,128,0,128,512,134,274.659,360.672,313.28,0.449
mixed,64,1,0.0156,4.0,128,0,256,1024,268,341.408,391.17,348.579,0.1441
mixed,64,1,0.0156,4.0,128,0,512,2048,536,364.515,442.819,396.545,0.409
mixed,64,1,0.0156,4.0,128,0,1024,4096,1072,390.753,539.266,484.772,0.6331
mixed,64,1,0.0156,4.0,128,0,2048,8192,2144,447.458,740.132,659.81,0.7256
mixed,64,1,0.0156,4.0,128,0,4096,16384,4288,547.648,1141.375,995.269,0.7539
mixed,64,1,0.0156,4.0,128,512,128,512,134,382.944,342.017,379.904,
mixed,64,1,0.0156,4.0,128,512,256,1024,268,390.751,413.185,388.64,-0.0941
mixed,64,1,0.0156,4.0,128,512,512,2048,536,342.495,468.996,376.256,0.2669
mixed,64,1,0.0156,4.0,128,512,1024,4096,1072,418.686,582.817,457.216,0.2348
mixed,64,1,0.0156,4.0,128,512,2048,8192,2144,469.091,767.009,627.012,0.5301
mixed,64,1,0.0156,4.0,128,512,4096,16384,4288,583.619,1158.404,965.636,0.6646
mixed,64,1,0.0156,4.0,128,1024,128,512,134,398.497,430.564,400.261,0.055
mixed,64,1,0.0156,4.0,128,1024,256,1024,268,408.26,377.472,403.169,
mixed,64,1,0.0156,4.0,128,1024,512,2048,536,430.498,492.161,431.523,0.0166
mixed,64,1,0.0156,4.0,128,1024,1024,4096,1072,370.847,606.116,450.85,0.34
mixed,64,1,0.0156,4.0,128,1024,2048,8192,2144,500.835,795.872,625.349,0.422
mixed,64,1,0.0156,4.0,128,1024,4096,16384,4288,612.449,1180.325,965.885,0.6224
mixed,64,1,0.0156,4.0,128,2048,128,512,134,437.405,472.64,436.452,-0.027
mixed,64,1,0.0156,4.0,128,2048,256,1024,268,450.851,514.688,449.827,-0.016
mixed,64,1,0.0156,4.0,128,2048,512,2048,536,475.65,449.315,476.925,
mixed,64,1,0.0156,4.0,128,2048,1024,4096,1072,516.1,659.038,516.353,0.0018
mixed,64,1,0.0156,4.0,128,2048,2048,8192,2144,462.822,856.897,611.552,0.3774
mixed,64,1,0.0156,4.0,128,2048,4096,16384,4288,659.393,1244.801,946.626,0.4907
mixed,64,1,0.0156,4.0,128,4096,128,512,134,518.752,547.903,517.767,-0.0338
mixed,64,1,0.0156,4.0,128,4096,256,1024,268,528.642,595.296,529.22,0.0087
mixed,64,1,0.0156,4.0,128,4096,512,2048,536,550.274,672.129,551.553,0.0105
mixed,64,1,0.0156,4.0,128,4096,1024,4096,1072,587.457,624.223,591.649,0.114
mixed,64,1,0.0156,4.0,128,4096,2048,8192,2144,684.096,977.862,671.3,-0.0436
mixed,64,1,0.0156,4.0,128,4096,4096,16384,4288,637.76,1381.218,930.911,0.3943
mixed,64,1,0.0156,4.0,128,8192,128,512,134,674.052,704.352,678.337,0.1414
mixed,64,1,0.0156,4.0,128,8192,256,1024,268,685.731,756.098,686.946,0.0173
mixed,64,1,0.0156,4.0,128,8192,512,2048,536,707.203,829.573,707.487,0.0023
mixed,64,1,0.0156,4.0,128,8192,1024,4096,1072,749.316,992.898,750.274,0.0039
mixed,64,1,0.0156,4.0,128,8192,2048,8192,2144,826.115,935.073,823.424,-0.0247
mixed,64,1,0.0156,4.0,128,8192,4096,16384,4288,996.092,1610.726,992.516,-0.0058
mixed,64,1,0.0156,4.0,256,0,128,512,134,375.809,381.572,380.644,0.839
mixed,64,1,0.0156,4.0,256,0,256,1024,268,363.486,408.705,403.172,0.8776
mixed,64,1,0.0156,4.0,256,0,512,2048,536,370.402,496.547,480.101,0.8696
mixed,64,1,0.0156,4.0,256,0,1024,4096,1072,404.767,658.241,631.685,0.8952
mixed,64,1,0.0156,4.0,256,0,2048,8192,2144,502.843,963.746,946.275,0.9621
mixed,64,1,0.0156,4.0,256,0,4096,16384,4288,667.456,1601.539,1566.438,0.9624
mixed,64,1,0.0156,4.0,256,512,128,512,134,403.716,430.241,394.402,-0.3511
mixed,64,1,0.0156,4.0,256,512,256,1024,268,419.398,482.428,420.257,0.0136
mixed,64,1,0.0156,4.0,256,512,512,2048,536,434.974,550.271,485.663,0.4396
mixed,64,1,0.0156,4.0,256,512,1024,4096,1072,478.847,703.169,636.867,0.7044
mixed,64,1,0.0156,4.0,256,512,2048,8192,2144,556.131,1024.447,939.972,0.8196
mixed,64,1,0.0156,4.0,256,512,4096,16384,4288,723.398,1658.243,1566.211,0.9016
mixed,64,1,0.0156,4.0,256,1024,128,512,134,442.754,475.998,441.829,-0.0278
mixed,64,1,0.0156,4.0,256,1024,256,1024,268,448.962,525.984,454.625,0.0735
mixed,64,1,0.0156,4.0,256,1024,512,2048,536,473.793,597.216,483.452,0.0783
mixed,64,1,0.0156,4.0,256,1024,1024,4096,1072,517.728,740.099,639.392,0.5471
mixed,64,1,0.0156,4.0,256,1024,2048,8192,2144,595.397,1076.644,951.875,0.7407
mixed,64,1,0.0156,4.0,256,1024,4096,16384,4288,771.781,1695.716,1567.937,0.8617
mixed,64,1,0.0156,4.0,256,2048,128,512,134,514.528,545.411,521.057,0.2114
mixed,64,1,0.0156,4.0,256,2048,256,1024,268,525.569,594.406,534.786,0.1339
mixed,64,1,0.0156,4.0,256,2048,512,2048,536,549.758,664.742,543.135,-0.0576
mixed,64,1,0.0156,4.0,256,2048,1024,4096,1072,596.322,827.489,642.85,0.2013
mixed,64,1,0.0156,4.0,256,2048,2048,8192,2144,667.234,1140.226,948.609,0.5949
mixed,64,1,0.0156,4.0,256,2048,4096,16384,4288,838.337,1784.738,1577.22,0.7807
mixed,64,1,0.0156,4.0,256,4096,128,512,134,675.874,715.938,681.89,0.1502
mixed,64,1,0.0156,4.0,256,4096,256,1024,268,683.552,744.835,686.658,0.0507
mixed,64,1,0.0156,4.0,256,4096,512,2048,536,716.195,816.771,704.513,-0.1162
mixed,64,1,0.0156,4.0,256,4096,1024,4096,1072,748.413,991.72,734.178,-0.0585
mixed,64,1,0.0156,4.0,256,4096,2048,8192,2144,829.122,1301.349,959.263,0.2756
mixed,64,1,0.0156,4.0,256,4096,4096,16384,4288,995.072,1938.153,1576.419,0.6164
mixed,64,1,0.0156,4.0,256,8192,128,512,134,964.8,1004.995,966.82,0.0503
mixed,64,1,0.0156,4.0,256,8192,256,1024,268,981.986,1059.52,967.785,-0.1832
mixed,64,1,0.0156,4.0,256,8192,512,2048,536,1008.23,1128.452,1007.107,-0.0093
mixed,64,1,0.0156,4.0,256,8192,1024,4096,1072,1057.504,1287.876,1047.681,-0.0426
mixed,64,1,0.0156,4.0,256,8192,2048,8192,2144,1143.235,1606.949,1141.058,-0.0047
mixed,64,1,0.0156,4.0,256,8192,4096,16384,4288,1309.731,2232.742,1569.38,0.2813
mixed,64,1,0.0156,4.0,512,0,128,512,134,521.441,549.217,519.679,-0.0634
mixed,64,1,0.0156,4.0,512,0,256,1024,268,536.642,565.09,537.987,0.0473
mixed,64,1,0.0156,4.0,512,0,512,2048,536,546.595,627.456,606.177,0.7368
mixed,64,1,0.0156,4.0,512,0,1024,4096,1072,567.49,790.017,763.043,0.8788
mixed,64,1,0.0156,4.0,512,0,2048,8192,2144,633.663,1105.447,1080.805,0.9478
mixed,64,1,0.0156,4.0,512,0,4096,16384,4288,806.497,1741.187,1707.462,0.9639
mixed,64,1,0.0156,4.0,512,512,128,512,134,611.232,648.388,610.941,-0.0078
mixed,64,1,0.0156,4.0,512,512,256,1024,268,624.033,692.132,626.786,0.0404
mixed,64,1,0.0156,4.0,512,512,512,2048,536,650.851,773.122,698.464,0.3894
mixed,64,1,0.0156,4.0,512,512,1024,4096,1072,695.074,932.128,863.298,0.7096
mixed,64,1,0.0156,4.0,512,512,2048,8192,2144,776.0,1245.954,1171.395,0.8413
mixed,64,1,0.0156,4.0,512,512,4096,16384,4288,941.347,1872.386,1792.514,0.9142
mixed,64,1,0.0156,4.0,512,1024,128,512,134,688.416,726.978,687.36,-0.0274
mixed,64,1,0.0156,4.0,512,1024,256,1024,268,699.006,771.46,697.475,-0.0211
mixed,64,1,0.0156,4.0,512,1024,512,2048,536,726.526,847.938,743.524,0.14
mixed,64,1,0.0156,4.0,512,1024,1024,4096,1072,772.098,1005.987,902.754,0.5586
mixed,64,1,0.0156,4.0,512,1024,2048,8192,2144,855.649,1322.34,1214.595,0.7691
mixed,64,1,0.0156,4.0,512,1024,4096,16384,4288,1021.059,1953.702,1830.019,0.8674
mixed,64,1,0.0156,4.0,512,2048,128,512,134,846.017,880.0,843.328,-0.0791
mixed,64,1,0.0156,4.0,512,2048,256,1024,268,854.175,923.332,853.218,-0.0138
mixed,64,1,0.0156,4.0,512,2048,512,2048,536,877.38,1000.036,878.402,0.0083
mixed,64,1,0.0156,4.0,512,2048,1024,4096,1072,925.091,1158.214,977.763,0.2259
mixed,64,1,0.0156,4.0,512,2048,2048,8192,2144,1005.409,1474.119,1290.659,0.6086
mixed,64,1,0.0156,4.0,512,2048,4096,16384,4288,1179.781,2107.269,1914.501,0.7922
mixed,64,1,0.0156,4.0,512,4096,128,512,134,1127.139,1177.283,1128.993,0.037
mixed,64,1,0.0156,4.0,512,4096,256,1024,268,1126.946,1223.88,1136.961,0.1033
mixed,64,1,0.0156,4.0,512,4096,512,2048,536,1183.812,1301.28,1179.52,-0.0365
mixed,64,1,0.0156,4.0,512,4096,1024,4096,1072,1222.529,1461.957,1230.241,0.0322
mixed,64,1,0.0156,4.0,512,4096,2048,8192,2144,1308.417,1783.204,1443.11,0.2837
mixed,64,1,0.0156,4.0,512,4096,4096,16384,4288,1478.372,2414.823,2064.454,0.6259
mixed,64,1,0.0156,4.0,512,8192,128,512,134,1737.572,1737.959,1740.931,8.6796
mixed,64,1,0.0156,4.0,512,8192,256,1024,268,1736.389,1829.285,1734.789,-0.0172
mixed,64,1,0.0156,4.0,512,8192,512,2048,536,1734.885,1912.999,1740.709,0.0327
mixed,64,1,0.0156,4.0,512,8192,1024,4096,1072,1829.383,2073.318,1830.663,0.0052
mixed,64,1,0.0156,4.0,512,8192,2048,8192,2144,1916.195,2376.742,1910.691,-0.012
mixed,64,1,0.0156,4.0,512,8192,4096,16384,4288,2087.713,3019.335,2366.659,0.2994
mixed,64,1,0.0156,4.0,1024,0,128,512,134,819.325,849.668,822.464,0.1035
mixed,64,1,0.0156,4.0,1024,0,256,1024,268,836.799,881.444,837.056,0.0058
mixed,64,1,0.0156,4.0,1024,0,512,2048,536,852.482,934.75,871.396,0.2299
mixed,64,1,0.0156,4.0,1024,0,1024,4096,1072,882.402,1038.176,921.73,0.2525
mixed,64,1,0.0156,4.0,1024,0,2048,8192,2144,936.131,1229.254,1019.299,0.2837
mixed,64,1,0.0156,4.0,1024,0,4096,16384,4288,1047.489,1644.933,1196.611,0.2496
mixed,64,1,0.0156,4.0,1024,512,128,512,134,988.708,1012.099,985.38,-0.1423
mixed,64,1,0.0156,4.0,1024,512,256,1024,268,996.226,1038.369,995.621,-0.0144
mixed,64,1,0.0156,4.0,1024,512,512,2048,536,1010.369,1096.93,1039.235,0.3335
mixed,64,1,0.0156,4.0,1024,512,1024,4096,1072,1047.172,1197.737,1083.425,0.2408
mixed,64,1,0.0156,4.0,1024,512,2048,8192,2144,1096.966,1397.957,1178.24,0.27
mixed,64,1,0.0156,4.0,1024,512,4096,16384,4288,1210.466,1806.663,1356.32,0.2446
mixed,64,1,0.0156,4.0,1024,1024,128,512,134,1064.231,1089.122,1063.429,-0.0322
mixed,64,1,0.0156,4.0,1024,1024,256,1024,268,1074.654,1120.351,1072.195,-0.0538
mixed,64,1,0.0156,4.0,1024,1024,512,2048,536,1089.41,1178.18,1115.43,0.2931
mixed,64,1,0.0156,4.0,1024,1024,1024,4096,1072,1122.755,1280.422,1160.703,0.2407
mixed,64,1,0.0156,4.0,1024,1024,2048,8192,2144,1173.508,1471.458,1255.425,0.2749
mixed,64,1,0.0156,4.0,1024,1024,4096,16384,4288,1289.505,1880.097,1432.901,0.2428
mixed,64,1,0.0156,4.0,1024,2048,128,512,134,1214.752,1243.045,1219.071,0.1527
mixed,64,1,0.0156,4.0,1024,2048,256,1024,268,1228.259,1270.943,1220.766,-0.1755
mixed,64,1,0.0156,4.0,1024,2048,512,2048,536,1243.513,1326.919,1267.497,0.2876
mixed,64,1,0.0156,4.0,1024,2048,1024,4096,1072,1272.866,1427.363,1309.734,0.2386
mixed,64,1,0.0156,4.0,1024,2048,2048,8192,2144,1331.584,1627.628,1409.508,0.2632
mixed,64,1,0.0156,4.0,1024,2048,4096,16384,4288,1433.126,2021.32,1589.607,0.266
mixed,64,1,0.0156,4.0,1024,4096,128,512,134,1543.264,1570.755,1548.514,0.191
mixed,64,1,0.0156,4.0,1024,4096,256,1024,268,1553.599,1599.3,1551.338,-0.0495
mixed,64,1,0.0156,4.0,1024,4096,512,2048,536,1576.777,1651.367,1594.079,0.232
mixed,64,1,0.0156,4.0,1024,4096,1024,4096,1072,1602.794,1760.551,1632.993,0.1914
mixed,64,1,0.0156,4.0,1024,4096,2048,8192,2144,1652.165,1948.387,1740.36,0.2977
mixed,64,1,0.0156,4.0,1024,4096,4096,16384,4288,1759.015,2347.076,1916.68,0.2681
mixed,64,1,0.0156,4.0,1024,8192,128,512,134,2167.172,2193.986,2165.957,-0.0453
mixed,64,1,0.0156,4.0,1024,8192,256,1024,268,2177.28,2221.158,2175.494,-0.0407
mixed,64,1,0.0156,4.0,1024,8192,512,2048,536,2193.098,2276.168,2221.351,0.3401
mixed,64,1,0.0156,4.0,1024,8192,1024,4096,1072,2218.373,2370.985,2262.531,0.2893
mixed,64,1,0.0156,4.0,1024,8192,2048,8192,2144,2271.657,2574.596,2350.218,0.2593
mixed,64,1,0.0156,4.0,1024,8192,4096,16384,4288,2380.62,2960.643,2531.169,0.2596
mixed,64,1,0.0156,4.0,2048,0,128,512,134,1548.551,1579.686,1550.402,0.0595
mixed,64,1,0.0156,4.0,2048,0,256,1024,268,1557.283,1607.909,1560.327,0.0601
mixed,64,1,0.0156,4.0,2048,0,512,2048,536,1579.874,1663.683,1602.404,0.2688
mixed,64,1,0.0156,4.0,2048,0,1024,4096,1072,1605.669,1766.469,1644.864,0.2438
mixed,64,1,0.0156,4.0,2048,0,2048,8192,2144,1661.159,1957.86,1740.933,0.2689
mixed,64,1,0.0156,4.0,2048,0,4096,16384,4288,1774.658,2352.109,1916.873,0.2463
mixed,64,1,0.0156,4.0,2048,512,128,512,134,1776.482,1802.344,1773.765,-0.1051
mixed,64,1,0.0156,4.0,2048,512,256,1024,268,1781.731,1832.485,1789.025,0.1437
mixed,64,1,0.0156,4.0,2048,512,512,2048,536,1809.865,1880.933,1826.276,0.2309
mixed,64,1,0.0156,4.0,2048,512,1024,4096,1072,1831.656,1985.505,1869.151,0.2437
mixed,64,1,0.0156,4.0,2048,512,2048,8192,2144,1885.384,2170.852,1968.225,0.2902
mixed,64,1,0.0156,4.0,2048,512,4096,16384,4288,2000.487,2581.804,2137.959,0.2365
mixed,64,1,0.0156,4.0,2048,1024,128,512,134,1887.173,1915.875,1887.016,-0.0055
mixed,64,1,0.0156,4.0,2048,1024,256,1024,268,1893.988,1943.337,1894.629,0.013
mixed,64,1,0.0156,4.0,2048,1024,512,2048,536,1913.258,1994.443,1940.484,0.3354
mixed,64,1,0.0156,4.0,2048,1024,1024,4096,1072,1946.913,2098.015,1976.289,0.1944
mixed,64,1,0.0156,4.0,2048,1024,2048,8192,2144,2002.722,2288.293,2078.279,0.2646
mixed,64,1,0.0156,4.0,2048,1024,4096,16384,4288,2104.707,2702.6,2261.9,0.2629
mixed,64,1,0.0156,4.0,2048,2048,128,512,134,2116.415,2148.929,2125.476,0.2787
mixed,64,1,0.0156,4.0,2048,2048,256,1024,268,2125.931,2178.053,2129.8,0.0742
mixed,64,1,0.0156,4.0,2048,2048,512,2048,536,2152.134,2228.804,2177.153,0.3263
mixed,64,1,0.0156,4.0,2048,2048,1024,4096,1072,2177.504,2333.481,2215.175,0.2415
mixed,64,1,0.0156,4.0,2048,2048,2048,8192,2144,2224.518,2513.476,2309.377,0.2937
mixed,64,1,0.0156,4.0,2048,2048,4096,16384,4288,2334.723,2912.39,2489.539,0.268
mixed,64,1,0.0156,4.0,2048,4096,128,512,134,2587.682,2610.086,2584.806,-0.1284
mixed,64,1,0.0156,4.0,2048,4096,256,1024,268,2593.9,2635.305,2598.348,0.1074
mixed,64,1,0.0156,4.0,2048,4096,512,2048,536,2613.091,2690.153,2648.52,0.4597
mixed,64,1,0.0156,4.0,2048,4096,1024,4096,1072,2643.778,2795.209,2669.509,0.1699
mixed,64,1,0.0156,4.0,2048,4096,2048,8192,2144,2686.215,2979.212,2771.107,0.2897
mixed,64,1,0.0156,4.0,2048,4096,4096,16384,4288,2795.11,3368.488,2948.425,0.2674
mixed,64,1,0.0156,4.0,2048,8192,128,512,134,3475.948,3495.241,3469.867,-0.3152
mixed,64,1,0.0156,4.0,2048,8192,256,1024,268,3480.904,3528.041,3480.913,0.0002
mixed,64,1,0.0156,4.0,2048,8192,512,2048,536,3500.164,3576.199,3528.513,0.3728
mixed,64,1,0.0156,4.0,2048,8192,1024,4096,1072,3517.067,3673.736,3562.957,0.2929
mixed,64,1,0.0156,4.0,2048,8192,2048,8192,2144,3577.67,3891.691,3665.484,0.2796
mixed,64,1,0.0156,4.0,2048,8192,4096,16384,4288,3686.246,4266.281,3853.996,0.2892
pure,64,2,0.0312,4.0,0,0,128,512,140,222.909,278.881,277.024,0.9668
pure,64,2,0.0312,4.0,0,0,256,1024,280,262.721,306.208,288.581,0.5947
pure,64,2,0.0312,4.0,0,0,512,2048,560,280.161,359.52,314.816,0.4367
pure,64,2,0.0312,4.0,0,0,1024,4096,1120,310.401,465.023,360.353,0.3231
pure,64,2,0.0312,4.0,0,0,2048,8192,2240,366.946,656.547,451.298,0.2913
pure,64,2,0.0312,4.0,0,0,4096,16384,4480,472.192,1046.591,634.499,0.2826
mixed,64,2,0.0312,4.0,16,0,128,512,140,242.657,295.428,300.067,1.0879
mixed,64,2,0.0312,4.0,16,0,256,1024,280,285.76,323.295,308.16,0.5968
mixed,64,2,0.0312,4.0,16,0,512,2048,560,296.385,377.793,333.822,0.4599
mixed,64,2,0.0312,4.0,16,0,1024,4096,1120,325.601,479.299,377.474,0.3375
mixed,64,2,0.0312,4.0,16,0,2048,8192,2240,384.097,669.381,470.432,0.3026
mixed,64,2,0.0312,4.0,16,0,4096,16384,4480,495.263,1069.252,648.355,0.2667
mixed,64,2,0.0312,4.0,16,512,128,512,140,276.478,337.251,281.026,0.0748
mixed,64,2,0.0312,4.0,16,512,256,1024,280,313.281,378.624,317.377,0.0627
mixed,64,2,0.0312,4.0,16,512,512,2048,560,338.911,434.561,340.736,0.0191
mixed,64,2,0.0312,4.0,16,512,1024,4096,1120,380.803,534.722,377.731,-0.02
mixed,64,2,0.0312,4.0,16,512,2048,8192,2240,446.401,728.863,464.674,0.0647
mixed,64,2,0.0312,4.0,16,512,4096,16384,4480,556.929,1106.879,646.306,0.1625
mixed,64,2,0.0312,4.0,16,1024,128,512,140,283.806,335.105,284.159,0.0069
mixed,64,2,0.0312,4.0,16,1024,256,1024,280,315.939,383.715,316.415,0.007
mixed,64,2,0.0312,4.0,16,1024,512,2048,560,340.574,463.391,337.54,-0.0247
mixed,64,2,0.0312,4.0,16,1024,1024,4096,1120,386.621,574.98,383.388,-0.0172
mixed,64,2,0.0312,4.0,16,1024,2048,8192,2240,475.996,764.899,468.611,-0.0256
mixed,64,2,0.0312,4.0,16,1024,4096,16384,4480,587.78,1151.075,639.84,0.0924
mixed,64,2,0.0312,4.0,16,2048,128,512,140,306.655,337.892,302.786,-0.1239
mixed,64,2,0.0312,4.0,16,2048,256,1024,280,296.07,382.625,299.939,0.0447
mixed,64,2,0.0312,4.0,16,2048,512,2048,560,337.828,466.977,340.516,0.0208
mixed,64,2,0.0312,4.0,16,2048,1024,4096,1120,385.444,637.277,380.42,-0.0199
mixed,64,2,0.0312,4.0,16,2048,2048,8192,2240,482.563,840.676,466.433,-0.045
mixed,64,2,0.0312,4.0,16,2048,4096,16384,4480,658.654,1223.013,639.587,-0.0338
mixed,64,2,0.0312,4.0,16,4096,128,512,140,304.383,323.169,311.331,0.3698
mixed,64,2,0.0312,4.0,16,4096,256,1024,280,321.857,376.672,315.459,-0.1167
mixed,64,2,0.0312,4.0,16,4096,512,2048,560,322.465,467.331,322.689,0.0015
mixed,64,2,0.0312,4.0,16,4096,1024,4096,1120,383.935,643.167,379.813,-0.0159
mixed,64,2,0.0312,4.0,16,4096,2048,8192,2240,477.22,974.369,463.267,-0.0281
mixed,64,2,0.0312,4.0,16,4096,4096,16384,4480,661.86,1368.708,639.042,-0.0323
mixed,64,2,0.0312,4.0,16,8192,128,512,140,336.193,366.277,333.345,-0.0947
mixed,64,2,0.0312,4.0,16,8192,256,1024,280,331.742,355.714,332.707,0.0403
mixed,64,2,0.0312,4.0,16,8192,512,2048,560,370.016,460.478,367.039,-0.0329
mixed,64,2,0.0312,4.0,16,8192,1024,4096,1120,366.369,629.982,366.144,-0.0009
mixed,64,2,0.0312,4.0,16,8192,2048,8192,2240,473.406,964.194,460.194,-0.0269
mixed,64,2,0.0312,4.0,16,8192,4096,16384,4480,657.47,1659.329,630.437,-0.027
mixed,64,2,0.0312,4.0,32,0,128,512,140,244.831,318.91,298.366,0.7227
mixed,64,2,0.0312,4.0,32,0,256,1024,280,301.502,338.015,313.373,0.3251
mixed,64,2,0.0312,4.0,32,0,512,2048,560,319.108,385.088,339.491,0.3089
mixed,64,2,0.0312,4.0,32,0,1024,4096,1120,346.242,489.154,385.506,0.2747
mixed,64,2,0.0312,4.0,32,0,2048,8192,2240,393.535,681.248,476.161,0.2872
mixed,64,2,0.0312,4.0,32,0,4096,16384,4480,504.353,1079.526,653.026,0.2585
mixed,64,2,0.0312,4.0,32,512,128,512,140,289.761,340.67,295.393,0.1106
mixed,64,2,0.0312,4.0,32,512,256,1024,280,326.368,377.953,297.6,-0.5577
mixed,64,2,0.0312,4.0,32,512,512,2048,560,344.899,436.034,341.538,-0.0369
mixed,64,2,0.0312,4.0,32,512,1024,4096,1120,382.588,543.301,378.209,-0.0272
mixed,64,2,0.0312,4.0,32,512,2048,8192,2240,443.97,730.4,463.39,0.0678
mixed,64,2,0.0312,4.0,32,512,4096,16384,4480,556.063,1123.775,647.618,0.1613
mixed,64,2,0.0312,4.0,32,1024,128,512,140,302.88,344.701,306.4,0.0842
mixed,64,2,0.0312,4.0,32,1024,256,1024,280,301.412,386.27,299.68,-0.0204
mixed,64,2,0.0312,4.0,32,1024,512,2048,560,352.315,464.994,351.681,-0.0056
mixed,64,2,0.0312,4.0,32,1024,1024,4096,1120,387.332,575.969,383.779,-0.0188
mixed,64,2,0.0312,4.0,32,1024,2048,8192,2240,473.637,762.724,464.767,-0.0307
mixed,64,2,0.0312,4.0,32,1024,4096,16384,4480,593.536,1157.15,644.067,0.0897
mixed,64,2,0.0312,4.0,32,2048,128,512,140,313.409,322.815,306.529,-0.7314
mixed,64,2,0.0312,4.0,32,2048,256,1024,280,333.535,383.522,325.792,-0.1549
mixed,64,2,0.0312,4.0,32,2048,512,2048,560,318.913,465.153,361.86,0.2937
mixed,64,2,0.0312,4.0,32,2048,1024,4096,1120,385.701,634.593,387.555,0.0074
mixed,64,2,0.0312,4.0,32,2048,2048,8192,2240,479.648,835.843,463.451,-0.0455
mixed,64,2,0.0312,4.0,32,2048,4096,16384,4480,652.574,1219.395,634.784,-0.0314
mixed,64,2,0.0312,4.0,32,4096,128,512,140,337.7,366.306,337.186,-0.018
mixed,64,2,0.0312,4.0,32,4096,256,1024,280,330.91,355.681,330.626,-0.0115
mixed,64,2,0.0312,4.0,32,4096,512,2048,560,368.931,462.366,369.787,0.0092
mixed,64,2,0.0312,4.0,32,4096,1024,4096,1120,356.29,627.489,441.181,0.313
mixed,64,2,0.0312,4.0,32,4096,2048,8192,2240,474.079,962.787,471.422,-0.0054
mixed,64,2,0.0312,4.0,32,4096,4096,16384,4480,651.262,1356.002,630.815,-0.029
mixed,64,2,0.0312,4.0,32,8192,128,512,140,379.042,390.655,377.986,-0.0909
mixed,64,2,0.0312,4.0,32,8192,256,1024,280,384.448,445.86,383.812,-0.0104
mixed,64,2,0.0312,4.0,32,8192,512,2048,560,390.048,438.946,390.56,0.0105
mixed,64,2,0.0312,4.0,32,8192,1024,4096,1120,456.611,628.675,447.198,-0.0547
mixed,64,2,0.0312,4.0,32,8192,2048,8192,2240,445.571,950.687,598.21,0.3022
mixed,64,2,0.0312,4.0,32,8192,4096,16384,4480,656.769,1611.81,634.534,-0.0233
mixed,64,2,0.0312,4.0,64,0,128,512,140,251.873,323.904,299.776,0.665
mixed,64,2,0.0312,4.0,64,0,256,1024,280,312.0,349.118,310.784,-0.0328
mixed,64,2,0.0312,4.0,64,0,512,2048,560,328.706,400.128,328.577,-0.0018
mixed,64,2,0.0312,4.0,64,0,1024,4096,1120,360.067,498.403,376.351,0.1177
mixed,64,2,0.0312,4.0,64,0,2048,8192,2240,414.467,697.023,467.296,0.187
mixed,64,2,0.0312,4.0,64,0,4096,16384,4480,514.82,1089.761,645.538,0.2274
mixed,64,2,0.0312,4.0,64,512,128,512,140,332.831,358.783,309.921,-0.8828
mixed,64,2,0.0312,4.0,64,512,256,1024,280,309.861,382.176,309.949,0.0012
mixed,64,2,0.0312,4.0,64,512,512,2048,560,357.507,438.913,356.223,-0.0158
mixed,64,2,0.0312,4.0,64,512,1024,4096,1120,388.961,546.049,382.593,-0.0405
mixed,64,2,0.0312,4.0,64,512,2048,8192,2240,448.929,737.535,447.589,-0.0046
mixed,64,2,0.0312,4.0,64,512,4096,16384,4480,555.553,1131.232,633.25,0.135
mixed,64,2,0.0312,4.0,64,1024,128,512,140,321.28,331.103,320.004,-0.1299
mixed,64,2,0.0312,4.0,64,1024,256,1024,280,351.968,396.448,349.728,-0.0504
mixed,64,2,0.0312,4.0,64,1024,512,2048,560,330.63,465.122,377.954,0.3519
mixed,64,2,0.0312,4.0,64,1024,1024,4096,1120,401.251,573.376,396.545,-0.0273
mixed,64,2,0.0312,4.0,64,1024,2048,8192,2240,472.639,764.958,463.294,-0.032
mixed,64,2,0.0312,4.0,64,1024,4096,16384,4480,589.217,1154.628,630.692,0.0734
mixed,64,2,0.0312,4.0,64,2048,128,512,140,354.017,379.01,351.775,-0.0897
mixed,64,2,0.0312,4.0,64,2048,256,1024,280,342.818,367.649,341.699,-0.0451
mixed,64,2,0.0312,4.0,64,2048,512,2048,560,383.681,476.995,400.063,0.1756
mixed,64,2,0.0312,4.0,64,2048,1024,4096,1120,367.265,625.826,454.98,0.3392
mixed,64,2,0.0312,4.0,64,2048,2048,8192,2240,490.56,827.966,480.576,-0.0296
mixed,64,2,0.0312,4.0,64,2048,4096,16384,4480,643.296,1213.764,631.747,-0.0202
mixed,64,2,0.0312,4.0,64,4096,128,512,140,407.844,403.136,401.472,
mixed,64,2,0.0312,4.0,64,4096,256,1024,280,414.886,461.598,412.83,-0.044
mixed,64,2,0.0312,4.0,64,4096,512,2048,560,401.475,444.511,401.473,-0.0
mixed,64,2,0.0312,4.0,64,4096,1024,4096,1120,467.966,636.736,487.935,0.1183
mixed,64,2,0.0312,4.0,64,4096,2048,8192,2240,463.427,945.443,615.618,0.3157
mixed,64,2,0.0312,4.0,64,4096,4096,16384,4480,658.558,1335.939,639.843,-0.0276
mixed,64,2,0.0312,4.0,64,8192,128,512,140,481.442,509.828,482.272,0.0292
mixed,64,2,0.0312,4.0,64,8192,256,1024,280,499.105,511.457,495.774,-0.2697
mixed,64,2,0.0312,4.0,64,8192,512,2048,560,512.932,617.601,515.556,0.0251
mixed,64,2,0.0312,4.0,64,8192,1024,4096,1120,510.974,611.173,507.266,-0.037
mixed,64,2,0.0312,4.0,64,8192,2048,8192,2240,644.707,957.824,671.489,0.0855
mixed,64,2,0.0312,4.0,64,8192,4096,16384,4480,641.44,1583.204,932.451,0.309
mixed,64,2,0.0312,4.0,128,0,128,512,140,275.555,358.083,315.553,0.4847
mixed,64,2,0.0312,4.0,128,0,256,1024,280,346.048,386.497,348.157,0.0521
mixed,64,2,0.0312,4.0,128,0,512,2048,560,364.512,440.513,395.166,0.4033
mixed,64,2,0.0312,4.0,128,0,1024,4096,1120,389.696,537.828,478.594,0.6001
mixed,64,2,0.0312,4.0,128,0,2048,8192,2240,445.983,734.498,658.626,0.737
mixed,64,2,0.0312,4.0,128,0,4096,16384,4480,554.531,1141.346,1000.8,0.7605
mixed,64,2,0.0312,4.0,128,512,128,512,140,382.464,339.073,381.601,
mixed,64,2,0.0312,4.0,128,512,256,1024,280,392.319,411.489,391.426,-0.0466
mixed,64,2,0.0312,4.0,128,512,512,2048,560,337.247,467.999,376.068,0.2969
mixed,64,2,0.0312,4.0,128,512,1024,4096,1120,417.155,576.963,466.402,0.3082
mixed,64,2,0.0312,4.0,128,512,2048,8192,2240,473.856,768.61,626.271,0.5171
mixed,64,2,0.0312,4.0,128,512,4096,16384,4480,586.434,1158.435,970.245,0.671
mixed,64,2,0.0312,4.0,128,1024,128,512,140,397.09,430.05,403.104,0.1825
mixed,64,2,0.0312,4.0,128,1024,256,1024,280,412.005,374.18,407.519,
mixed,64,2,0.0312,4.0,128,1024,512,2048,560,435.392,499.84,428.641,-0.1048
mixed,64,2,0.0312,4.0,128,1024,1024,4096,1120,378.24,608.322,456.449,0.3399
mixed,64,2,0.0312,4.0,128,1024,2048,8192,2240,504.706,805.635,626.785,0.4057
mixed,64,2,0.0312,4.0,128,1024,4096,16384,4480,620.543,1186.466,965.023,0.6087
mixed,64,2,0.0312,4.0,128,2048,128,512,140,441.699,471.392,442.532,0.0281
mixed,64,2,0.0312,4.0,128,2048,256,1024,280,448.287,512.289,449.949,0.026
mixed,64,2,0.0312,4.0,128,2048,512,2048,560,472.513,462.051,468.898,
mixed,64,2,0.0312,4.0,128,2048,1024,4096,1120,523.006,654.722,515.427,-0.0575
mixed,64,2,0.0312,4.0,128,2048,2048,8192,2240,478.271,844.768,615.681,0.3749
mixed,64,2,0.0312,4.0,128,2048,4096,16384,4480,679.009,1242.883,936.578,0.4568
mixed,64,2,0.0312,4.0,128,4096,128,512,140,518.115,544.672,515.744,-0.0893
mixed,64,2,0.0312,4.0,128,4096,256,1024,280,524.929,598.244,526.719,0.0244
mixed,64,2,0.0312,4.0,128,4096,512,2048,560,550.818,667.395,553.445,0.0225
mixed,64,2,0.0312,4.0,128,4096,1024,4096,1120,599.201,623.683,598.5,-0.0286
mixed,64,2,0.0312,4.0,128,4096,2048,8192,2240,690.145,969.187,676.194,-0.05
mixed,64,2,0.0312,4.0,128,4096,4096,16384,4480,653.346,1381.344,931.716,0.3824
mixed,64,2,0.0312,4.0,128,8192,128,512,140,674.914,704.484,675.23,0.0107
mixed,64,2,0.0312,4.0,128,8192,256,1024,280,685.154,750.117,688.228,0.0473
mixed,64,2,0.0312,4.0,128,8192,512,2048,560,705.984,833.635,710.335,0.0341
mixed,64,2,0.0312,4.0,128,8192,1024,4096,1120,749.727,986.979,752.898,0.0134
mixed,64,2,0.0312,4.0,128,8192,2048,8192,2240,845.256,945.121,835.397,-0.0987
mixed,64,2,0.0312,4.0,128,8192,4096,16384,4480,1008.258,1613.667,993.222,-0.0248
mixed,64,2,0.0312,4.0,256,0,128,512,140,367.49,369.122,365.822,-1.0221
mixed,64,2,0.0312,4.0,256,0,256,1024,280,366.308,412.831,397.765,0.6762
mixed,64,2,0.0312,4.0,256,0,512,2048,560,371.489,485.155,481.536,0.9682
mixed,64,2,0.0312,4.0,256,0,1024,4096,1120,423.397,654.013,646.305,0.9666
mixed,64,2,0.0312,4.0,256,0,2048,8192,2240,509.314,962.147,947.524,0.9677
mixed,64,2,0.0312,4.0,256,0,4096,16384,4480,689.823,1608.164,1570.629,0.9591
mixed,64,2,0.0312,4.0,256,512,128,512,140,404.736,429.663,406.556,0.073
mixed,64,2,0.0312,4.0,256,512,256,1024,280,406.175,469.922,417.027,0.1702
mixed,64,2,0.0312,4.0,256,512,512,2048,560,438.69,558.081,484.901,0.3871
mixed,64,2,0.0312,4.0,256,512,1024,4096,1120,477.533,716.259,624.644,0.6162
mixed,64,2,0.0312,4.0,256,512,2048,8192,2240,562.977,1027.422,946.659,0.8261
mixed,64,2,0.0312,4.0,256,512,4096,16384,4480,737.727,1658.885,1568.576,0.902
mixed,64,2,0.0312,4.0,256,1024,128,512,140,440.001,462.21,434.401,-0.2522
mixed,64,2,0.0312,4.0,256,1024,256,1024,280,439.906,516.13,455.523,0.2049
mixed,64,2,0.0312,4.0,256,1024,512,2048,560,477.857,601.439,485.342,0.0606
mixed,64,2,0.0312,4.0,256,1024,1024,4096,1120,523.238,753.153,640.772,0.5112
mixed,64,2,0.0312,4.0,256,1024,2048,8192,2240,605.284,1063.205,939.492,0.7298
mixed,64,2,0.0312,4.0,256,1024,4096,16384,4480,788.545,1712.87,1560.291,0.8349
mixed,64,2,0.0312,4.0,256,2048,128,512,140,520.193,552.543,517.823,-0.0733
mixed,64,2,0.0312,4.0,256,2048,256,1024,280,527.651,586.53,516.162,-0.1951
mixed,64,2,0.0312,4.0,256,2048,512,2048,560,550.622,674.051,548.193,-0.0197
mixed,64,2,0.0312,4.0,256,2048,1024,4096,1120,604.48,825.188,636.196,0.1437
mixed,64,2,0.0312,4.0,256,2048,2048,8192,2240,688.995,1140.324,946.562,0.5707
mixed,64,2,0.0312,4.0,256,2048,4096,16384,4480,865.572,1790.63,1570.722,0.7623
mixed,64,2,0.0312,4.0,256,4096,128,512,140,682.783,701.567,676.608,-0.3287
mixed,64,2,0.0312,4.0,256,4096,256,1024,280,686.785,743.551,686.277,-0.0089
mixed,64,2,0.0312,4.0,256,4096,512,2048,560,703.265,823.141,708.32,0.0422
mixed,64,2,0.0312,4.0,256,4096,1024,4096,1120,753.06,977.125,758.243,0.0231
mixed,64,2,0.0312,4.0,256,4096,2048,8192,2240,839.646,1301.923,949.124,0.2368
mixed,64,2,0.0312,4.0,256,4096,4096,16384,4480,1008.708,1938.496,1565.508,0.5988
mixed,64,2,0.0312,4.0,256,8192,128,512,140,966.947,1003.235,957.571,-0.2584
mixed,64,2,0.0312,4.0,256,8192,256,1024,280,968.196,1055.748,978.529,0.118
mixed,64,2,0.0312,4.0,256,8192,512,2048,560,1011.076,1128.836,1000.549,-0.0894
mixed,64,2,0.0312,4.0,256,8192,1024,4096,1120,1068.518,1295.042,1056.676,-0.0523
mixed,64,2,0.0312,4.0,256,8192,2048,8192,2240,1151.393,1616.038,1139.744,-0.0251
mixed,64,2,0.0312,4.0,256,8192,4096,16384,4480,1332.356,2249.667,1568.612,0.2576
mixed,64,2,0.0312,4.0,512,0,128,512,140,524.513,549.474,521.089,-0.1372
mixed,64,2,0.0312,4.0,512,0,256,1024,280,538.975,563.523,537.249,-0.0703
mixed,64,2,0.0312,4.0,512,0,512,2048,560,551.046,627.362,601.573,0.6621
mixed,64,2,0.0312,4.0,512,0,1024,4096,1120,564.704,792.292,763.746,0.8746
mixed,64,2,0.0312,4.0,512,0,2048,8192,2240,643.3,1104.516,1088.035,0.9643
mixed,64,2,0.0312,4.0,512,0,4096,16384,4480,816.066,1739.238,1708.258,0.9664
mixed,64,2,0.0312,4.0,512,512,128,512,140,610.336,647.555,610.336,0.0
mixed,64,2,0.0312,4.0,512,512,256,1024,280,625.216,691.711,623.078,-0.0322
mixed,64,2,0.0312,4.0,512,512,512,2048,560,653.7,771.076,706.176,0.4471
mixed,64,2,0.0312,4.0,512,512,1024,4096,1120,698.913,926.946,861.762,0.7141
mixed,64,2,0.0312,4.0,512,512,2048,8192,2240,788.8,1244.005,1177.829,0.8546
mixed,64,2,0.0312,4.0,512,512,4096,16384,4480,956.065,1874.244,1791.715,0.9101
mixed,64,2,0.0312,4.0,512,1024,128,512,140,687.334,725.186,689.119,0.0472
mixed,64,2,0.0312,4.0,512,1024,256,1024,280,702.21,770.306,700.896,-0.0193
mixed,64,2,0.0312,4.0,512,1024,512,2048,560,729.791,853.856,744.641,0.1197
mixed,64,2,0.0312,4.0,512,1024,1024,4096,1120,777.761,1004.678,899.617,0.537
mixed,64,2,0.0312,4.0,512,1024,2048,8192,2240,863.843,1325.764,1215.362,0.761
mixed,64,2,0.0312,4.0,512,1024,4096,16384,4480,1034.401,1951.428,1835.108,0.8732
mixed,64,2,0.0312,4.0,512,2048,128,512,140,845.19,879.203,841.827,-0.0989
mixed,64,2,0.0312,4.0,512,2048,256,1024,280,859.007,921.669,853.184,-0.0929
mixed,64,2,0.0312,4.0,512,2048,512,2048,560,882.658,1001.345,879.423,-0.0273
mixed,64,2,0.0312,4.0,512,2048,1024,4096,1120,929.282,1161.736,978.716,0.2127
mixed,64,2,0.0312,4.0,512,2048,2048,8192,2240,1016.322,1474.85,1295.784,0.6095
mixed,64,2,0.0312,4.0,512,2048,4096,16384,4480,1188.543,2106.951,1914.754,0.7907
mixed,64,2,0.0312,4.0,512,4096,128,512,140,1125.028,1178.626,1124.87,-0.0029
mixed,64,2,0.0312,4.0,512,4096,256,1024,280,1131.78,1223.398,1135.458,0.0401
mixed,64,2,0.0312,4.0,512,4096,512,2048,560,1180.096,1303.779,1181.473,0.0111
mixed,64,2,0.0312,4.0,512,4096,1024,4096,1120,1232.23,1459.109,1222.691,-0.042
mixed,64,2,0.0312,4.0,512,4096,2048,8192,2240,1320.128,1780.931,1447.171,0.2757
mixed,64,2,0.0312,4.0,512,4096,4096,16384,4480,1490.276,2410.184,2066.565,0.6265
mixed,64,2,0.0312,4.0,512,8192,128,512,140,1735.684,1739.399,1738.023,0.6296
mixed,64,2,0.0312,4.0,512,8192,256,1024,280,1738.21,1826.598,1736.388,-0.0206
mixed,64,2,0.0312,4.0,512,8192,512,2048,560,1738.374,1909.571,1742.756,0.0256
mixed,64,2,0.0312,4.0,512,8192,1024,4096,1120,1831.846,2068.099,1823.394,-0.0358
mixed,64,2,0.0312,4.0,512,8192,2048,8192,2240,1922.34,2380.135,1911.844,-0.0229
mixed,64,2,0.0312,4.0,512,8192,4096,16384,4480,2095.431,3014.343,2365.859,0.2943
mixed,64,2,0.0312,4.0,1024,0,128,512,140,824.356,849.635,839.713,0.6075
mixed,64,2,0.0312,4.0,1024,0,256,1024,280,837.957,878.561,860.291,0.55
mixed,64,2,0.0312,4.0,1024,0,512,2048,560,850.148,935.041,884.414,0.4036
mixed,64,2,0.0312,4.0,1024,0,1024,4096,1120,885.956,1040.005,931.715,0.297
mixed,64,2,0.0312,4.0,1024,0,2048,8192,2240,945.919,1228.869,1030.784,0.2999
mixed,64,2,0.0312,4.0,1024,0,4096,16384,4480,1052.965,1640.966,1203.044,0.2552
mixed,64,2,0.0312,4.0,1024,512,128,512,140,987.879,1010.339,1003.17,0.6808
mixed,64,2,0.0312,4.0,1024,512,256,1024,280,996.744,1039.81,1019.01,0.517
mixed,64,2,0.0312,4.0,1024,512,512,2048,560,1017.537,1094.944,1039.972,0.2898
mixed,64,2,0.0312,4.0,1024,512,1024,4096,1120,1041.538,1194.501,1093.893,0.3423
mixed,64,2,0.0312,4.0,1024,512,2048,8192,2240,1104.679,1389.095,1180.349,0.2661
mixed,64,2,0.0312,4.0,1024,512,4096,16384,4480,1211.452,1805.536,1360.322,0.2506
mixed,64,2,0.0312,4.0,1024,1024,128,512,140,1063.969,1090.976,1083.781,0.7336
mixed,64,2,0.0312,4.0,1024,1024,256,1024,280,1077.255,1122.913,1095.356,0.3964
mixed,64,2,0.0312,4.0,1024,1024,512,2048,560,1091.971,1169.213,1125.887,0.4391
mixed,64,2,0.0312,4.0,1024,1024,1024,4096,1120,1121.601,1274.019,1167.492,0.3011
mixed,64,2,0.0312,4.0,1024,1024,2048,8192,2240,1178.786,1472.736,1261.376,0.281
mixed,64,2,0.0312,4.0,1024,1024,4096,16384,4480,1281.345,1888.673,1439.553,0.2605
mixed,64,2,0.0312,4.0,1024,2048,128,512,140,1219.27,1243.68,1239.812,0.8415
mixed,64,2,0.0312,4.0,1024,2048,256,1024,280,1223.107,1274.24,1250.013,0.5262
mixed,64,2,0.0312,4.0,1024,2048,512,2048,560,1247.524,1323.776,1278.115,0.4012
mixed,64,2,0.0312,4.0,1024,2048,1024,4096,1120,1275.937,1429.949,1321.478,0.2957
mixed,64,2,0.0312,4.0,1024,2048,2048,8192,2240,1331.171,1618.792,1414.658,0.2903
mixed,64,2,0.0312,4.0,1024,2048,4096,16384,4480,1439.429,2020.615,1593.863,0.2657
mixed,64,2,0.0312,4.0,1024,4096,128,512,140,1548.327,1574.403,1566.405,0.6933
mixed,64,2,0.0312,4.0,1024,4096,256,1024,280,1562.789,1600.395,1588.129,0.6738
mixed,64,2,0.0312,4.0,1024,4096,512,2048,560,1576.579,1654.722,1605.029,0.3641
mixed,64,2,0.0312,4.0,1024,4096,1024,4096,1120,1602.533,1753.319,1648.03,0.3017
mixed,64,2,0.0312,4.0,1024,4096,2048,8192,2240,1661.729,1952.48,1742.594,0.2781
mixed,64,2,0.0312,4.0,1024,4096,4096,16384,4480,1774.531,2351.62,1916.003,0.2451
mixed,64,2,0.0312,4.0,1024,8192,128,512,140,2165.54,2189.801,2183.876,0.7558
mixed,64,2,0.0312,4.0,1024,8192,256,1024,280,2180.102,2220.104,2204.109,0.6001
mixed,64,2,0.0312,4.0,1024,8192,512,2048,560,2192.133,2276.928,2223.398,0.3687
mixed,64,2,0.0312,4.0,1024,8192,1024,4096,1120,2223.337,2371.719,2273.673,0.3392
mixed,64,2,0.0312,4.0,1024,8192,2048,8192,2240,2276.391,2581.767,2363.205,0.2843
mixed,64,2,0.0312,4.0,1024,8192,4096,16384,4480,2387.908,2958.252,2534.246,0.2566
mixed,64,2,0.0312,4.0,2048,0,128,512,140,1553.406,1579.395,1570.497,0.6576
mixed,64,2,0.0312,4.0,2048,0,256,1024,280,1565.509,1610.529,1587.331,0.4847
mixed,64,2,0.0312,4.0,2048,0,512,2048,560,1574.756,1668.097,1609.538,0.3726
mixed,64,2,0.0312,4.0,2048,0,1024,4096,1120,1616.349,1767.685,1658.657,0.2796
mixed,64,2,0.0312,4.0,2048,0,2048,8192,2240,1668.584,1951.81,1752.041,0.2947
mixed,64,2,0.0312,4.0,2048,0,4096,16384,4480,1784.067,2346.79,1929.605,0.2586
mixed,64,2,0.0312,4.0,2048,512,128,512,140,1775.752,1805.766,1795.207,0.6482
mixed,64,2,0.0312,4.0,2048,512,256,1024,280,1791.303,1832.004,1811.297,0.4912
mixed,64,2,0.0312,4.0,2048,512,512,2048,560,1802.661,1886.751,1838.757,0.4293
mixed,64,2,0.0312,4.0,2048,512,1024,4096,1120,1830.855,1988.648,1885.026,0.3433
mixed,64,2,0.0312,4.0,2048,512,2048,8192,2240,1899.141,2178.787,1973.9,0.2673
mixed,64,2,0.0312,4.0,2048,512,4096,16384,4480,1998.592,2587.684,2150.28,0.2575
mixed,64,2,0.0312,4.0,2048,1024,128,512,140,1889.986,1911.491,1907.525,0.8156
mixed,64,2,0.0312,4.0,2048,1024,256,1024,280,1897.738,1943.267,1921.159,0.5144
mixed,64,2,0.0312,4.0,2048,1024,512,2048,560,1921.571,1995.298,1949.475,0.3785
mixed,64,2,0.0312,4.0,2048,1024,1024,4096,1120,1943.529,2098.017,1994.692,0.3312
mixed,64,2,0.0312,4.0,2048,1024,2048,8192,2240,2004.579,2285.503,2090.467,0.3057
mixed,64,2,0.0312,4.0,2048,1024,4096,16384,4480,2114.311,2694.632,2261.731,0.254
mixed,64,2,0.0312,4.0,2048,2048,128,512,140,2124.805,2146.403,2142.504,0.8195
mixed,64,2,0.0312,4.0,2048,2048,256,1024,280,2132.871,2179.843,2158.604,0.5478
mixed,64,2,0.0312,4.0,2048,2048,512,2048,560,2158.149,2235.938,2188.13,0.3854
mixed,64,2,0.0312,4.0,2048,2048,1024,4096,1120,2185.827,2331.427,2226.155,0.277
mixed,64,2,0.0312,4.0,2048,2048,2048,8192,2240,2236.771,2516.613,2318.847,0.2933
mixed,64,2,0.0312,4.0,2048,2048,4096,16384,4480,2341.895,2921.287,2492.326,0.2596
mixed,64,2,0.0312,4.0,2048,4096,128,512,140,2590.312,2613.735,2606.12,0.6749
mixed,64,2,0.0312,4.0,2048,4096,256,1024,280,2601.766,2640.452,2623.91,0.5724
mixed,64,2,0.0312,4.0,2048,4096,512,2048,560,2623.911,2690.538,2649.861,0.3895
mixed,64,2,0.0312,4.0,2048,4096,1024,4096,1120,2645.797,2793.093,2700.741,0.373
mixed,64,2,0.0312,4.0,2048,4096,2048,8192,2240,2708.17,2979.686,2783.589,0.2778
mixed,64,2,0.0312,4.0,2048,4096,4096,16384,4480,2813.251,3381.19,2959.849,0.2581
mixed,64,2,0.0312,4.0,2048,8192,128,512,140,3482.343,3497.895,3493.129,0.6935
mixed,64,2,0.0312,4.0,2048,8192,256,1024,280,3481.803,3525.128,3509.864,0.6477
mixed,64,2,0.0312,4.0,2048,8192,512,2048,560,3499.467,3586.477,3547.178,0.5483
mixed,64,2,0.0312,4.0,2048,8192,1024,4096,1120,3533.578,3674.604,3591.594,0.4114
mixed,64,2,0.0312,4.0,2048,8192,2048,8192,2240,3582.76,3878.374,3668.906,0.2914
mixed,64,2,0.0312,4.0,2048,8192,4096,16384,4480,3696.871,4274.474,3848.106,0.2618
pure,64,3,0.0469,4.0,0,0,128,512,146,225.762,276.992,277.633,1.0125
pure,64,3,0.0469,4.0,0,0,256,1024,292,267.842,306.463,291.392,0.6098
pure,64,3,0.0469,4.0,0,0,512,2048,584,281.919,361.375,314.564,0.4109
pure,64,3,0.0469,4.0,0,0,1024,4096,1168,313.47,463.012,362.432,0.3274
pure,64,3,0.0469,4.0,0,0,2048,8192,2336,373.119,658.469,450.528,0.2713
pure,64,3,0.0469,4.0,0,0,4096,16384,4672,480.45,1054.241,633.951,0.2675
mixed,64,3,0.0469,4.0,16,0,128,512,146,239.87,292.609,293.313,1.0133
mixed,64,3,0.0469,4.0,16,0,256,1024,292,287.332,323.076,307.872,0.5746
mixed,64,3,0.0469,4.0,16,0,512,2048,584,295.423,378.208,337.665,0.5103
mixed,64,3,0.0469,4.0,16,0,1024,4096,1168,331.905,480.357,379.615,0.3214
mixed,64,3,0.0469,4.0,16,0,2048,8192,2336,392.864,674.081,469.665,0.2731
mixed,64,3,0.0469,4.0,16,0,4096,16384,4672,501.986,1068.514,648.512,0.2586
mixed,64,3,0.0469,4.0,16,512,128,512,146,282.686,338.851,281.024,-0.0296
mixed,64,3,0.0469,4.0,16,512,256,1024,292,316.898,379.137,314.211,-0.0432
mixed,64,3,0.0469,4.0,16,512,512,2048,584,342.979,433.572,341.056,-0.0212
mixed,64,3,0.0469,4.0,16,512,1024,4096,1168,388.802,537.09,378.718,-0.068
mixed,64,3,0.0469,4.0,16,512,2048,8192,2336,451.427,726.536,465.311,0.0505
mixed,64,3,0.0469,4.0,16,512,4096,16384,4672,558.946,1105.063,648.001,0.1631
mixed,64,3,0.0469,4.0,16,1024,128,512,146,285.378,338.018,288.444,0.0582
mixed,64,3,0.0469,4.0,16,1024,256,1024,292,317.375,381.955,291.52,-0.4004
mixed,64,3,0.0469,4.0,16,1024,512,2048,584,341.219,463.808,338.304,-0.0238
mixed,64,3,0.0469,4.0,16,1024,1024,4096,1168,394.561,574.884,383.522,-0.0612
mixed,64,3,0.0469,4.0,16,1024,2048,8192,2336,483.458,759.713,464.447,-0.0688
mixed,64,3,0.0469,4.0,16,1024,4096,16384,4672,596.259,1144.996,645.571,0.0899
mixed,64,3,0.0469,4.0,16,2048,128,512,146,299.36,338.177,305.025,0.1459
mixed,64,3,0.0469,4.0,16,2048,256,1024,292,296.703,380.191,297.825,0.0134
mixed,64,3,0.0469,4.0,16,2048,512,2048,584,345.919,468.767,343.585,-0.019
mixed,64,3,0.0469,4.0,16,2048,1024,4096,1168,390.851,637.124,379.204,-0.0473
mixed,64,3,0.0469,4.0,16,2048,2048,8192,2336,487.908,836.223,467.23,-0.0594
mixed,64,3,0.0469,4.0,16,2048,4096,16384,4672,667.329,1223.359,642.277,-0.0451
mixed,64,3,0.0469,4.0,16,4096,128,512,146,309.055,322.657,309.665,0.0448
mixed,64,3,0.0469,4.0,16,4096,256,1024,292,324.096,380.03,320.097,-0.0715
mixed,64,3,0.0469,4.0,16,4096,512,2048,584,320.128,465.566,324.479,0.0299
mixed,64,3,0.0469,4.0,16,4096,1024,4096,1168,385.025,641.825,384.576,-0.0017
mixed,64,3,0.0469,4.0,16,4096,2048,8192,2336,484.927,976.576,463.618,-0.0433
mixed,64,3,0.0469,4.0,16,4096,4096,16384,4672,674.432,1367.521,636.897,-0.0542
mixed,64,3,0.0469,4.0,16,8192,128,512,146,335.772,366.112,335.522,-0.0082
mixed,64,3,0.0469,4.0,16,8192,256,1024,292,330.588,355.46,334.561,0.1597
mixed,64,3,0.0469,4.0,16,8192,512,2048,584,376.42,460.766,366.527,-0.1173
mixed,64,3,0.0469,4.0,16,8192,1024,4096,1168,365.316,629.693,365.567,0.0009
mixed,64,3,0.0469,4.0,16,8192,2048,8192,2336,480.227,962.914,463.907,-0.0338
mixed,64,3,0.0469,4.0,16,8192,4096,16384,4672,668.801,1656.517,632.835,-0.0364
mixed,64,3,0.0469,4.0,32,0,128,512,146,244.611,314.913,300.35,0.7929
mixed,64,3,0.0469,4.0,32,0,256,1024,292,300.769,342.21,311.164,0.2508
mixed,64,3,0.0469,4.0,32,0,512,2048,584,320.16,382.978,337.855,0.2817
mixed,64,3,0.0469,4.0,32,0,1024,4096,1168,347.456,488.769,384.164,0.2598
mixed,64,3,0.0469,4.0,32,0,2048,8192,2336,395.49,682.212,472.611,0.269
mixed,64,3,0.0469,4.0,32,0,4096,16384,4672,510.277,1074.692,651.518,0.2502
mixed,64,3,0.0469,4.0,32,512,128,512,146,290.339,340.002,292.322,0.0399
mixed,64,3,0.0469,4.0,32,512,256,1024,292,326.688,377.602,294.427,-0.6336
mixed,64,3,0.0469,4.0,32,512,512,2048,584,346.238,438.113,341.892,-0.0473
mixed,64,3,0.0469,4.0,32,512,1024,4096,1168,384.288,544.098,378.179,-0.0382
mixed,64,3,0.0469,4.0,32,512,2048,8192,2336,453.952,731.903,466.016,0.0434
mixed,64,3,0.0469,4.0,32,512,4096,16384,4672,566.598,1119.395,648.899,0.1489
mixed,64,3,0.0469,4.0,32,1024,128,512,146,304.096,344.862,298.207,-0.1445
mixed,64,3,0.0469,4.0,32,1024,256,1024,292,302.977,384.896,300.001,-0.0363
mixed,64,3,0.0469,4.0,32,1024,512,2048,584,350.98,466.242,348.609,-0.0206
mixed,64,3,0.0469,4.0,32,1024,1024,4096,1168,394.338,578.815,384.705,-0.0522
mixed,64,3,0.0469,4.0,32,1024,2048,8192,2336,476.579,764.742,464.705,-0.0412
mixed,64,3,0.0469,4.0,32,1024,4096,16384,4672,601.026,1154.273,643.199,0.0762
mixed,64,3,0.0469,4.0,32,2048,128,512,146,313.12,322.847,304.193,-0.9178
mixed,64,3,0.0469,4.0,32,2048,256,1024,292,326.883,385.184,331.166,0.0735
mixed,64,3,0.0469,4.0,32,2048,512,2048,584,319.168,469.795,363.198,0.2923
mixed,64,3,0.0469,4.0,32,2048,1024,4096,1168,393.407,637.669,389.601,-0.0156
mixed,64,3,0.0469,4.0,32,2048,2048,8192,2336,483.425,831.713,469.062,-0.0412
mixed,64,3,0.0469,4.0,32,2048,4096,16384,4672,659.971,1221.314,632.419,-0.0491
mixed,64,3,0.0469,4.0,32,4096,128,512,146,339.197,368.287,338.494,-0.0242
mixed,64,3,0.0469,4.0,32,4096,256,1024,292,331.365,356.545,349.121,0.7052
mixed,64,3,0.0469,4.0,32,4096,512,2048,584,377.598,468.066,366.14,-0.1267
mixed,64,3,0.0469,4.0,32,4096,1024,4096,1168,356.898,634.976,437.727,0.2907
mixed,64,3,0.0469,4.0,32,4096,2048,8192,2336,486.27,954.622,473.282,-0.0277
mixed,64,3,0.0469,4.0,32,4096,4096,16384,4672,659.521,1353.571,632.61,-0.0388
mixed,64,3,0.0469,4.0,32,8192,128,512,146,378.177,390.015,379.551,0.1161
mixed,64,3,0.0469,4.0,32,8192,256,1024,292,384.765,446.113,387.235,0.0403
mixed,64,3,0.0469,4.0,32,8192,512,2048,584,383.485,437.247,409.342,0.481
mixed,64,3,0.0469,4.0,32,8192,1024,4096,1168,464.864,628.705,449.089,-0.0963
mixed,64,3,0.0469,4.0,32,8192,2048,8192,2336,451.073,946.918,602.529,0.3055
mixed,64,3,0.0469,4.0,32,8192,4096,16384,4672,667.298,1613.282,637.057,-0.032
mixed,64,3,0.0469,4.0,64,0,128,512,146,251.007,322.466,274.723,0.3319
mixed,64,3,0.0469,4.0,64,0,256,1024,292,310.113,350.24,322.335,0.3046
mixed,64,3,0.0469,4.0,64,0,512,2048,584,334.4,402.913,347.134,0.1859
mixed,64,3,0.0469,4.0,64,0,1024,4096,1168,358.592,503.968,393.537,0.2404
mixed,64,3,0.0469,4.0,64,0,2048,8192,2336,413.409,696.801,481.378,0.2398
mixed,64,3,0.0469,4.0,64,0,4096,16384,4672,526.244,1093.666,655.04,0.227
mixed,64,3,0.0469,4.0,64,512,128,512,146,330.882,358.624,313.956,-0.6101
mixed,64,3,0.0469,4.0,64,512,256,1024,292,312.065,384.575,343.297,0.4307
mixed,64,3,0.0469,4.0,64,512,512,2048,584,360.863,437.284,359.229,-0.0214
mixed,64,3,0.0469,4.0,64,512,1024,4096,1168,392.254,546.018,382.402,-0.0641
mixed,64,3,0.0469,4.0,64,512,2048,8192,2336,452.96,730.369,466.656,0.0494
mixed,64,3,0.0469,4.0,64,512,4096,16384,4672,565.471,1130.307,646.984,0.1443
mixed,64,3,0.0469,4.0,64,1024,128,512,146,320.514,329.919,331.553,1.1737
mixed,64,3,0.0469,4.0,64,1024,256,1024,292,352.258,394.722,349.346,-0.0686
mixed,64,3,0.0469,4.0,64,1024,512,2048,584,325.088,465.282,381.57,0.4029
mixed,64,3,0.0469,4.0,64,1024,1024,4096,1168,403.455,573.729,397.024,-0.0378
mixed,64,3,0.0469,4.0,64,1024,2048,8192,2336,473.409,764.321,465.727,-0.0264
mixed,64,3,0.0469,4.0,64,1024,4096,16384,4672,596.835,1154.693,639.462,0.0764
mixed,64,3,0.0469,4.0,64,2048,128,512,146,350.016,381.822,353.217,0.1006
mixed,64,3,0.0469,4.0,64,2048,256,1024,292,343.168,368.962,358.562,0.5968
mixed,64,3,0.0469,4.0,64,2048,512,2048,584,390.337,475.491,403.039,0.1492
mixed,64,3,0.0469,4.0,64,2048,1024,4096,1168,376.384,625.413,459.045,0.3319
mixed,64,3,0.0469,4.0,64,2048,2048,8192,2336,491.616,826.336,482.306,-0.0278
mixed,64,3,0.0469,4.0,64,2048,4096,16384,4672,649.477,1219.427,629.346,-0.0353
mixed,64,3,0.0469,4.0,64,4096,128,512,146,401.247,398.848,404.769,
mixed,64,3,0.0469,4.0,64,4096,256,1024,292,413.951,462.592,416.257,0.0474
mixed,64,3,0.0469,4.0,64,4096,512,2048,584,392.736,447.557,422.208,0.5376
mixed,64,3,0.0469,4.0,64,4096,1024,4096,1168,479.748,639.074,489.25,0.0596
mixed,64,3,0.0469,4.0,64,4096,2048,8192,2336,469.412,947.715,617.603,0.3098
mixed,64,3,0.0469,4.0,64,4096,4096,16384,4672,669.891,1342.948,641.697,-0.0419
mixed,64,3,0.0469,4.0,64,8192,128,512,146,487.073,511.806,483.903,-0.1282
mixed,64,3,0.0469,4.0,64,8192,256,1024,292,494.657,510.529,493.407,-0.0788
mixed,64,3,0.0469,4.0,64,8192,512,2048,584,516.16,617.826,514.431,-0.017
mixed,64,3,0.0469,4.0,64,8192,1024,4096,1168,506.596,607.84,541.537,0.3451
mixed,64,3,0.0469,4.0,64,8192,2048,8192,2336,658.242,959.138,670.273,0.04
mixed,64,3,0.0469,4.0,64,8192,4096,16384,4672,659.136,1579.68,936.353,0.3011
mixed,64,3,0.0469,4.0,128,0,128,512,146,273.601,359.808,313.538,0.4633
mixed,64,3,0.0469,4.0,128,0,256,1024,292,346.405,388.641,337.315,-0.2152
mixed,64,3,0.0469,4.0,128,0,512,2048,584,365.604,445.698,393.185,0.3444
mixed,64,3,0.0469,4.0,128,0,1024,4096,1168,391.647,539.329,484.481,0.6286
mixed,64,3,0.0469,4.0,128,0,2048,8192,2336,457.854,741.026,651.65,0.6844
mixed,64,3,0.0469,4.0,128,0,4096,16384,4672,566.629,1133.058,992.287,0.7515
mixed,64,3,0.0469,4.0,128,512,128,512,146,381.89,334.464,388.544,
mixed,64,3,0.0469,4.0,128,512,256,1024,292,391.39,410.847,409.916,0.9522
mixed,64,3,0.0469,4.0,128,512,512,2048,584,343.389,470.241,377.728,0.2707
mixed,64,3,0.0469,4.0,128,512,1024,4096,1168,425.987,567.235,467.97,0.2972
mixed,64,3,0.0469,4.0,128,512,2048,8192,2336,489.699,769.538,633.248,0.513
mixed,64,3,0.0469,4.0,128,512,4096,16384,4672,600.831,1161.375,967.589,0.6543
mixed,64,3,0.0469,4.0,128,1024,128,512,146,400.485,433.572,398.14,-0.0709
mixed,64,3,0.0469,4.0,128,1024,256,1024,292,411.138,371.038,426.563,
mixed,64,3,0.0469,4.0,128,1024,512,2048,584,435.936,494.753,468.289,0.5501
mixed,64,3,0.0469,4.0,128,1024,1024,4096,1168,380.544,606.336,461.917,0.3604
mixed,64,3,0.0469,4.0,128,1024,2048,8192,2336,517.282,792.831,626.912,0.3979
mixed,64,3,0.0469,4.0,128,1024,4096,16384,4672,628.481,1199.681,967.845,0.5941
mixed,64,3,0.0469,4.0,128,2048,128,512,146,441.411,469.731,439.169,-0.0792
mixed,64,3,0.0469,4.0,128,2048,256,1024,292,451.935,518.146,450.015,-0.029
mixed,64,3,0.0469,4.0,128,2048,512,2048,584,481.151,460.256,502.946,
mixed,64,3,0.0469,4.0,128,2048,1024,4096,1168,525.252,657.125,591.778,0.5045
mixed,64,3,0.0469,4.0,128,2048,2048,8192,2336,487.652,855.138,618.946,0.3573
mixed,64,3,0.0469,4.0,128,2048,4096,16384,4672,684.644,1244.322,943.779,0.463
mixed,64,3,0.0469,4.0,128,4096,128,512,146,521.441,551.613,520.962,-0.0159
mixed,64,3,0.0469,4.0,128,4096,256,1024,292,527.585,592.195,524.706,-0.0446
mixed,64,3,0.0469,4.0,128,4096,512,2048,584,555.682,666.499,555.653,-0.0003
mixed,64,3,0.0469,4.0,128,4096,1024,4096,1168,598.978,624.674,671.841,2.8356
mixed,64,3,0.0469,4.0,128,4096,2048,8192,2336,691.336,974.593,828.646,0.4848
mixed,64,3,0.0469,4.0,128,4096,4096,16384,4672,670.595,1378.851,929.54,0.3656
mixed,64,3,0.0469,4.0,128,8192,128,512,146,678.208,706.945,678.947,0.0257
mixed,64,3,0.0469,4.0,128,8192,256,1024,292,690.273,746.021,690.339,0.0012
mixed,64,3,0.0469,4.0,128,8192,512,2048,584,713.51,831.616,703.427,-0.0854
mixed,64,3,0.0469,4.0,128,8192,1024,4096,1168,757.825,989.249,748.642,-0.0397
mixed,64,3,0.0469,4.0,128,8192,2048,8192,2336,846.789,937.829,980.932,1.4735
mixed,64,3,0.0469,4.0,128,8192,4096,16384,4672,1039.585,1604.805,1297.442,0.4562
mixed,64,3,0.0469,4.0,256,0,128,512,146,370.557,369.282,369.95,
mixed,64,3,0.0469,4.0,256,0,256,1024,292,366.019,415.743,399.905,0.6815
mixed,64,3,0.0469,4.0,256,0,512,2048,584,371.808,487.297,490.24,1.0255
mixed,64,3,0.0469,4.0,256,0,1024,4096,1168,418.145,658.467,637.951,0.9146
mixed,64,3,0.0469,4.0,256,0,2048,8192,2336,514.691,969.378,956.641,0.972
mixed,64,3,0.0469,4.0,256,0,4096,16384,4672,705.349,1603.238,1574.115,0.9676
mixed,64,3,0.0469,4.0,256,512,128,512,146,409.313,431.361,407.137,-0.0987
mixed,64,3,0.0469,4.0,256,512,256,1024,292,412.063,463.711,430.465,0.3563
mixed,64,3,0.0469,4.0,256,512,512,2048,584,438.75,565.759,475.905,0.2925
mixed,64,3,0.0469,4.0,256,512,1024,4096,1168,489.792,710.593,636.769,0.6657
mixed,64,3,0.0469,4.0,256,512,2048,8192,2336,564.866,1032.899,955.267,0.8341
mixed,64,3,0.0469,4.0,256,512,4096,16384,4672,750.819,1661.248,1573.959,0.9041
mixed,64,3,0.0469,4.0,256,1024,128,512,146,442.021,477.377,448.993,0.1972
mixed,64,3,0.0469,4.0,256,1024,256,1024,292,455.518,511.966,448.864,-0.1179
mixed,64,3,0.0469,4.0,256,1024,512,2048,584,479.811,596.577,481.6,0.0153
mixed,64,3,0.0469,4.0,256,1024,1024,4096,1168,530.817,744.416,645.507,0.5369
mixed,64,3,0.0469,4.0,256,1024,2048,8192,2336,620.767,1070.694,953.794,0.7402
mixed,64,3,0.0469,4.0,256,1024,4096,16384,4672,798.084,1696.384,1581.666,0.8723
mixed,64,3,0.0469,4.0,256,2048,128,512,146,515.397,536.705,512.964,-0.1142
mixed,64,3,0.0469,4.0,256,2048,256,1024,292,534.336,587.808,522.598,-0.2195
mixed,64,3,0.0469,4.0,256,2048,512,2048,584,550.37,679.906,548.675,-0.0131
mixed,64,3,0.0469,4.0,256,2048,1024,4096,1168,612.965,834.852,645.409,0.1462
mixed,64,3,0.0469,4.0,256,2048,2048,8192,2336,688.706,1140.64,958.371,0.5967
mixed,64,3,0.0469,4.0,256,2048,4096,16384,4672,859.843,1780.546,1578.534,0.7806
mixed,64,3,0.0469,4.0,256,4096,128,512,146,676.674,696.162,664.482,-0.6256
mixed,64,3,0.0469,4.0,256,4096,256,1024,292,682.175,761.41,686.628,0.0562
mixed,64,3,0.0469,4.0,256,4096,512,2048,584,712.482,826.31,707.646,-0.0425
mixed,64,3,0.0469,4.0,256,4096,1024,4096,1168,763.747,982.269,750.016,-0.0628
mixed,64,3,0.0469,4.0,256,4096,2048,8192,2336,851.744,1301.474,964.03,0.2497
mixed,64,3,0.0469,4.0,256,4096,4096,16384,4672,1032.451,1938.149,1591.012,0.6167
mixed,64,3,0.0469,4.0,256,8192,128,512,146,981.476,1010.753,980.608,-0.0296
mixed,64,3,0.0469,4.0,256,8192,256,1024,292,975.808,1059.813,972.993,-0.0335
mixed,64,3,0.0469,4.0,256,8192,512,2048,584,1017.187,1147.042,1023.206,0.0464
mixed,64,3,0.0469,4.0,256,8192,1024,4096,1168,1065.153,1295.362,1062.752,-0.0104
mixed,64,3,0.0469,4.0,256,8192,2048,8192,2336,1150.785,1622.656,1140.259,-0.0223
mixed,64,3,0.0469,4.0,256,8192,4096,16384,4672,1341.38,2257.414,1587.971,0.2692
mixed,64,3,0.0469,4.0,512,0,128,512,146,524.098,552.031,524.771,0.0241
mixed,64,3,0.0469,4.0,512,0,256,1024,292,538.561,566.342,536.641,-0.0691
mixed,64,3,0.0469,4.0,512,0,512,2048,584,553.214,626.818,606.784,0.7278
mixed,64,3,0.0469,4.0,512,0,1024,4096,1168,570.914,789.347,766.05,0.8933
mixed,64,3,0.0469,4.0,512,0,2048,8192,2336,649.376,1105.342,1087.075,0.9599
mixed,64,3,0.0469,4.0,512,0,4096,16384,4672,838.271,1745.54,1701.028,0.9509
mixed,64,3,0.0469,4.0,512,512,128,512,146,612.384,651.844,609.949,-0.0617
mixed,64,3,0.0469,4.0,512,512,256,1024,292,624.863,697.537,623.586,-0.0176
mixed,64,3,0.0469,4.0,512,512,512,2048,584,656.224,770.914,703.874,0.4155
mixed,64,3,0.0469,4.0,512,512,1024,4096,1168,702.144,927.651,861.888,0.7084
mixed,64,3,0.0469,4.0,512,512,2048,8192,2336,789.982,1241.731,1170.339,0.842
mixed,64,3,0.0469,4.0,512,512,4096,16384,4672,969.954,1873.287,1789.255,0.907
mixed,64,3,0.0469,4.0,512,1024,128,512,146,690.181,725.475,687.714,-0.0699
mixed,64,3,0.0469,4.0,512,1024,256,1024,292,705.278,768.962,700.74,-0.0713
mixed,64,3,0.0469,4.0,512,1024,512,2048,584,734.534,849.278,741.665,0.0621
mixed,64,3,0.0469,4.0,512,1024,1024,4096,1168,779.844,1003.746,903.903,0.5541
mixed,64,3,0.0469,4.0,512,1024,2048,8192,2336,871.586,1318.66,1213.218,0.7642
mixed,64,3,0.0469,4.0,512,1024,4096,16384,4672,1047.236,1951.009,1831.011,0.8672
mixed,64,3,0.0469,4.0,512,2048,128,512,146,842.112,879.359,845.315,0.086
mixed,64,3,0.0469,4.0,512,2048,256,1024,292,857.989,922.273,858.178,0.0029
mixed,64,3,0.0469,4.0,512,2048,512,2048,584,884.288,996.291,876.255,-0.0717
mixed,64,3,0.0469,4.0,512,2048,1024,4096,1168,934.467,1158.114,984.45,0.2235
mixed,64,3,0.0469,4.0,512,2048,2048,8192,2336,1021.246,1478.752,1289.734,0.5869
mixed,64,3,0.0469,4.0,512,2048,4096,16384,4672,1199.076,2103.333,1907.429,0.7834
mixed,64,3,0.0469,4.0,512,4096,128,512,146,1132.64,1176.805,1126.053,-0.1491
mixed,64,3,0.0469,4.0,512,4096,256,1024,292,1128.707,1220.674,1135.972,0.079
mixed,64,3,0.0469,4.0,512,4096,512,2048,584,1186.98,1306.947,1179.586,-0.0616
mixed,64,3,0.0469,4.0,512,4096,1024,4096,1168,1232.42,1461.284,1227.746,-0.0204
mixed,64,3,0.0469,4.0,512,4096,2048,8192,2336,1326.565,1780.068,1446.817,0.2652
mixed,64,3,0.0469,4.0,512,4096,4096,16384,4672,1509.187,2413.475,2061.445,0.6107
mixed,64,3,0.0469,4.0,512,8192,128,512,146,1744.771,1736.87,1743.879,
mixed,64,3,0.0469,4.0,512,8192,256,1024,292,1740.808,1825.798,1746.659,0.0688
mixed,64,3,0.0469,4.0,512,8192,512,2048,584,1739.046,1908.1,1739.328,0.0017
mixed,64,3,0.0469,4.0,512,8192,1024,4096,1168,1843.816,2064.515,1835.078,-0.0396
mixed,64,3,0.0469,4.0,512,8192,2048,8192,2336,1931.427,2385.252,1908.419,-0.0507
mixed,64,3,0.0469,4.0,512,8192,4096,16384,4672,2108.387,3012.487,2372.449,0.2921
mixed,64,3,0.0469,4.0,1024,0,128,512,146,817.249,849.536,844.257,0.8365
mixed,64,3,0.0469,4.0,1024,0,256,1024,292,835.139,881.986,863.072,0.5963
mixed,64,3,0.0469,4.0,1024,0,512,2048,584,851.715,936.028,880.326,0.3393
mixed,64,3,0.0469,4.0,1024,0,1024,4096,1168,888.196,1041.571,933.542,0.2957
mixed,64,3,0.0469,4.0,1024,0,2048,8192,2336,953.537,1230.592,1024.644,0.2567
mixed,64,3,0.0469,4.0,1024,0,4096,16384,4672,1061.091,1644.514,1206.139,0.2486
mixed,64,3,0.0469,4.0,1024,512,128,512,146,989.215,1015.079,1004.483,0.5903
mixed,64,3,0.0469,4.0,1024,512,256,1024,292,994.753,1042.729,1021.472,0.5569
mixed,64,3,0.0469,4.0,1024,512,512,2048,584,1016.007,1095.813,1043.808,0.3484
mixed,64,3,0.0469,4.0,1024,512,1024,4096,1168,1047.874,1199.52,1099.297,0.3391
mixed,64,3,0.0469,4.0,1024,512,2048,8192,2336,1108.482,1397.667,1189.922,0.2816
mixed,64,3,0.0469,4.0,1024,512,4096,16384,4672,1224.482,1814.76,1367.97,0.2431
mixed,64,3,0.0469,4.0,1024,1024,128,512,146,1068.519,1087.489,1080.513,0.6323
mixed,64,3,0.0469,4.0,1024,1024,256,1024,292,1074.431,1122.593,1097.346,0.4758
mixed,64,3,0.0469,4.0,1024,1024,512,2048,584,1089.856,1174.176,1123.328,0.397
mixed,64,3,0.0469,4.0,1024,1024,1024,4096,1168,1125.507,1280.395,1168.964,0.2806
mixed,64,3,0.0469,4.0,1024,1024,2048,8192,2336,1189.952,1474.534,1263.584,0.2587
mixed,64,3,0.0469,4.0,1024,1024,4096,16384,4672,1301.634,1885.99,1443.879,0.2434
mixed,64,3,0.0469,4.0,1024,2048,128,512,146,1219.334,1240.577,1234.438,0.711
mixed,64,3,0.0469,4.0,1024,2048,256,1024,292,1231.103,1274.369,1252.705,0.4993
mixed,64,3,0.0469,4.0,1024,2048,512,2048,584,1246.917,1325.986,1273.053,0.3305
mixed,64,3,0.0469,4.0,1024,2048,1024,4096,1168,1279.427,1435.782,1324.937,0.2911
mixed,64,3,0.0469,4.0,1024,2048,2048,8192,2336,1336.253,1621.437,1416.833,0.2826
mixed,64,3,0.0469,4.0,1024,2048,4096,16384,4672,1447.231,2016.866,1591.623,0.2535
mixed,64,3,0.0469,4.0,1024,4096,128,512,146,1546.917,1576.1,1561.923,0.5142
mixed,64,3,0.0469,4.0,1024,4096,256,1024,292,1556.962,1598.815,1575.848,0.4512
mixed,64,3,0.0469,4.0,1024,4096,512,2048,584,1572.01,1651.269,1607.943,0.4534
mixed,64,3,0.0469,4.0,1024,4096,1024,4096,1168,1609.349,1755.687,1654.94,0.3115
mixed,64,3,0.0469,4.0,1024,4096,2048,8192,2336,1666.631,1951.339,1741.061,0.2614
mixed,64,3,0.0469,4.0,1024,4096,4096,16384,4672,1775.742,2339.746,1918.086,0.2524
mixed,64,3,0.0469,4.0,1024,8192,128,512,146,2171.715,2194.788,2186.789,0.6533
mixed,64,3,0.0469,4.0,1024,8192,256,1024,292,2178.282,2220.483,2206.566,0.6702
mixed,64,3,0.0469,4.0,1024,8192,512,2048,584,2201.153,2278.245,2224.992,0.3092
mixed,64,3,0.0469,4.0,1024,8192,1024,4096,1168,2227.077,2376.329,2279.652,0.3523
mixed,64,3,0.0469,4.0,1024,8192,2048,8192,2336,2285.635,2581.446,2364.778,0.2675
mixed,64,3,0.0469,4.0,1024,8192,4096,16384,4672,2402.342,2962.215,2537.125,0.2407
mixed,64,3,0.0469,4.0,2048,0,128,512,146,1553.794,1576.74,1566.372,0.5482
mixed,64,3,0.0469,4.0,2048,0,256,1024,292,1565.189,1610.306,1584.614,0.4305
mixed,64,3,0.0469,4.0,2048,0,512,2048,584,1578.853,1670.052,1607.748,0.3168
mixed,64,3,0.0469,4.0,2048,0,1024,4096,1168,1615.301,1770.85,1658.787,0.2796
mixed,64,3,0.0469,4.0,2048,0,2048,8192,2336,1672.99,1956.36,1753.41,0.2838
mixed,64,3,0.0469,4.0,2048,0,4096,16384,4672,1786.053,2348.225,1933.031,0.2614
mixed,64,3,0.0469,4.0,2048,512,128,512,146,1779.554,1803.742,1794.544,0.6197
mixed,64,3,0.0469,4.0,2048,512,256,1024,292,1789.25,1832.193,1810.116,0.4859
mixed,64,3,0.0469,4.0,2048,512,512,2048,584,1803.267,1879.047,1835.912,0.4308
mixed,64,3,0.0469,4.0,2048,512,1024,4096,1168,1833.514,1982.44,1879.426,0.3083
mixed,64,3,0.0469,4.0,2048,512,2048,8192,2336,1897.737,2173.279,1973.633,0.2754
mixed,64,3,0.0469,4.0,2048,512,4096,16384,4672,2004.264,2572.172,2156.774,0.2685
mixed,64,3,0.0469,4.0,2048,1024,128,512,146,1885.731,1914.851,1906.695,0.7199
mixed,64,3,0.0469,4.0,2048,1024,256,1024,292,1900.0,1942.79,1923.045,0.5386
mixed,64,3,0.0469,4.0,2048,1024,512,2048,584,1917.953,1990.659,1943.361,0.3495
mixed,64,3,0.0469,4.0,2048,1024,1024,4096,1168,1947.296,2103.787,1988.165,0.2612
mixed,64,3,0.0469,4.0,2048,1024,2048,8192,2336,2016.676,2286.182,2085.569,0.2556
mixed,64,3,0.0469,4.0,2048,1024,4096,16384,4672,2118.049,2699.393,2259.433,0.2432
mixed,64,3,0.0469,4.0,2048,2048,128,512,146,2125.637,2146.823,2144.515,0.8911
mixed,64,3,0.0469,4.0,2048,2048,256,1024,292,2132.451,2176.706,2161.473,0.6558
mixed,64,3,0.0469,4.0,2048,2048,512,2048,584,2150.12,2232.678,2181.444,0.3794
mixed,64,3,0.0469,4.0,2048,2048,1024,4096,1168,2186.531,2334.983,2229.891,0.2921
mixed,64,3,0.0469,4.0,2048,2048,2048,8192,2336,2242.948,2522.857,2319.713,0.2742
mixed,64,3,0.0469,4.0,2048,2048,4096,16384,4672,2357.287,2910.755,2499.878,0.2576
mixed,64,3,0.0469,4.0,2048,4096,128,512,146,2587.721,2618.441,2601.958,0.4634
mixed,64,3,0.0469,4.0,2048,4096,256,1024,292,2610.6,2639.905,2624.52,0.475
mixed,64,3,0.0469,4.0,2048,4096,512,2048,584,2613.091,2694.821,2650.339,0.4557
mixed,64,3,0.0469,4.0,2048,4096,1024,4096,1168,2650.794,2795.331,2695.305,0.308
mixed,64,3,0.0469,4.0,2048,4096,2048,8192,2336,2705.834,2985.833,2774.856,0.2465
mixed,64,3,0.0469,4.0,2048,4096,4096,16384,4672,2804.837,3375.468,2959.944,0.2718
mixed,64,3,0.0469,4.0,2048,8192,128,512,146,3476.581,3494.957,3495.556,1.0326
mixed,64,3,0.0469,4.0,2048,8192,256,1024,292,3486.538,3528.489,3513.224,0.6361
mixed,64,3,0.0469,4.0,2048,8192,512,2048,584,3503.206,3583.37,3535.304,0.4004
mixed,64,3,0.0469,4.0,2048,8192,1024,4096,1168,3538.186,3685.737,3586.793,0.3294
mixed,64,3,0.0469,4.0,2048,8192,2048,8192,2336,3601.193,3879.212,3673.579,0.2604
mixed,64,3,0.0469,4.0,2048,8192,4096,16384,4672,3714.7,4279.338,3849.935,0.2395
pure,64,4,0.0625,4.0,0,0,128,512,152,225.471,280.612,278.528,0.9622
pure,64,4,0.0625,4.0,0,0,256,1024,304,263.843,304.259,291.36,0.6808
pure,64,4,0.0625,4.0,0,0,512,2048,608,284.323,358.817,319.168,0.4678
pure,64,4,0.0625,4.0,0,0,1024,4096,1216,315.618,462.208,363.742,0.3283
pure,64,4,0.0625,4.0,0,0,2048,8192,2432,375.552,656.997,452.483,0.2733
pure,64,4,0.0625,4.0,0,0,4096,16384,4864,497.091,1046.466,634.628,0.2504
mixed,64,4,0.0625,4.0,16,0,128,512,152,246.437,295.43,299.489,1.0828
mixed,64,4,0.0625,4.0,16,0,256,1024,304,286.402,321.889,310.08,0.6672
mixed,64,4,0.0625,4.0,16,0,512,2048,608,297.249,378.241,334.658,0.4619
mixed,64,4,0.0625,4.0,16,0,1024,4096,1216,333.277,479.265,384.707,0.3523
mixed,64,4,0.0625,4.0,16,0,2048,8192,2432,394.434,670.399,469.377,0.2716
mixed,64,4,0.0625,4.0,16,0,4096,16384,4864,515.326,1066.21,647.649,0.2402
mixed,64,4,0.0625,4.0,16,512,128,512,152,283.903,337.567,282.72,-0.022
mixed,64,4,0.0625,4.0,16,512,256,1024,304,312.257,377.054,319.203,0.1072
mixed,64,4,0.0625,4.0,16,512,512,2048,608,342.141,436.833,338.754,-0.0358
mixed,64,4,0.0625,4.0,16,512,1024,4096,1216,388.191,534.849,381.953,-0.0425
mixed,64,4,0.0625,4.0,16,512,2048,8192,2432,457.571,725.923,466.719,0.0341
mixed,64,4,0.0625,4.0,16,512,4096,16384,4864,574.052,1106.34,647.619,0.1382
mixed,64,4,0.0625,4.0,16,1024,128,512,152,286.725,336.991,284.928,-0.0357
mixed,64,4,0.0625,4.0,16,1024,256,1024,304,316.034,380.932,291.004,-0.3857
mixed,64,4,0.0625,4.0,16,1024,512,2048,608,343.232,468.803,342.334,-0.0072
mixed,64,4,0.0625,4.0,16,1024,1024,4096,1216,395.548,575.393,385.698,-0.0548
mixed,64,4,0.0625,4.0,16,1024,2048,8192,2432,490.466,768.48,465.855,-0.0885
mixed,64,4,0.0625,4.0,16,1024,4096,16384,4864,610.147,1149.061,643.235,0.0614
mixed,64,4,0.0625,4.0,16,2048,128,512,152,304.001,336.866,306.593,0.0789
mixed,64,4,0.0625,4.0,16,2048,256,1024,304,298.527,378.595,297.597,-0.0116
mixed,64,4,0.0625,4.0,16,2048,512,2048,608,343.839,468.834,342.594,-0.01
mixed,64,4,0.0625,4.0,16,2048,1024,4096,1216,395.425,636.74,381.411,-0.0581
mixed,64,4,0.0625,4.0,16,2048,2048,8192,2432,495.908,840.448,469.668,-0.0762
mixed,64,4,0.0625,4.0,16,2048,4096,16384,4864,680.131,1222.562,639.328,-0.0752
mixed,64,4,0.0625,4.0,16,4096,128,512,152,305.217,321.409,310.688,0.3379
mixed,64,4,0.0625,4.0,16,4096,256,1024,304,325.823,380.77,323.907,-0.0349
mixed,64,4,0.0625,4.0,16,4096,512,2048,608,321.088,467.074,325.504,0.0302
mixed,64,4,0.0625,4.0,16,4096,1024,4096,1216,394.849,641.887,381.379,-0.0545
mixed,64,4,0.0625,4.0,16,4096,2048,8192,2432,499.104,973.186,463.839,-0.0744
mixed,64,4,0.0625,4.0,16,4096,4096,16384,4864,684.836,1371.107,641.952,-0.0625
mixed,64,4,0.0625,4.0,16,8192,128,512,152,334.337,366.305,336.769,0.0761
mixed,64,4,0.0625,4.0,16,8192,256,1024,304,333.411,355.17,332.447,-0.0443
mixed,64,4,0.0625,4.0,16,8192,512,2048,608,378.724,458.337,369.154,-0.1202
mixed,64,4,0.0625,4.0,16,8192,1024,4096,1216,359.647,627.841,365.953,0.0235
mixed,64,4,0.0625,4.0,16,8192,2048,8192,2432,486.527,960.614,466.464,-0.0423
mixed,64,4,0.0625,4.0,16,8192,4096,16384,4864,690.497,1660.195,636.289,-0.0559
mixed,64,4,0.0625,4.0,32,0,128,512,152,243.267,315.841,303.585,0.8311
mixed,64,4,0.0625,4.0,32,0,256,1024,304,301.918,339.646,313.279,0.3011
mixed,64,4,0.0625,4.0,32,0,512,2048,608,322.495,385.762,338.947,0.26
mixed,64,4,0.0625,4.0,32,0,1024,4096,1216,351.651,490.846,386.494,0.2503
mixed,64,4,0.0625,4.0,32,0,2048,8192,2432,401.856,682.977,477.188,0.268
mixed,64,4,0.0625,4.0,32,0,4096,16384,4864,527.94,1074.437,653.252,0.2293
mixed,64,4,0.0625,4.0,32,512,128,512,152,293.539,342.914,291.681,-0.0376
mixed,64,4,0.0625,4.0,32,512,256,1024,304,329.856,377.919,289.795,-0.8335
mixed,64,4,0.0625,4.0,32,512,512,2048,608,346.302,435.36,343.071,-0.0363
mixed,64,4,0.0625,4.0,32,512,1024,4096,1216,384.898,539.582,379.488,-0.035
mixed,64,4,0.0625,4.0,32,512,2048,8192,2432,460.162,733.15,468.161,0.0293
mixed,64,4,0.0625,4.0,32,512,4096,16384,4864,578.913,1129.315,648.579,0.1266
mixed,64,4,0.0625,4.0,32,1024,128,512,152,304.898,345.602,298.498,-0.1572
mixed,64,4,0.0625,4.0,32,1024,256,1024,304,300.036,384.293,301.731,0.0201
mixed,64,4,0.0625,4.0,32,1024,512,2048,608,350.683,467.745,352.863,0.0186
mixed,64,4,0.0625,4.0,32,1024,1024,4096,1216,398.204,575.617,386.594,-0.0654
mixed,64,4,0.0625,4.0,32,1024,2048,8192,2432,484.605,763.777,467.107,-0.0627
mixed,64,4,0.0625,4.0,32,1024,4096,16384,4864,609.887,1162.884,645.954,0.0652
mixed,64,4,0.0625,4.0,32,2048,128,512,152,314.783,319.361,304.319,-2.2857
mixed,64,4,0.0625,4.0,32,2048,256,1024,304,329.921,384.256,335.102,0.0954
mixed,64,4,0.0625,4.0,32,2048,512,2048,608,316.097,464.802,357.729,0.28
mixed,64,4,0.0625,4.0,32,2048,1024,4096,1216,397.28,632.286,388.995,-0.0353
mixed,64,4,0.0625,4.0,32,2048,2048,8192,2432,488.388,828.802,467.844,-0.0604
mixed,64,4,0.0625,4.0,32,2048,4096,16384,4864,669.056,1223.078,634.719,-0.062
mixed,64,4,0.0625,4.0,32,4096,128,512,152,339.104,366.688,342.528,0.1241
mixed,64,4,0.0625,4.0,32,4096,256,1024,304,331.076,356.738,349.474,0.7169
mixed,64,4,0.0625,4.0,32,4096,512,2048,608,377.603,462.626,365.983,-0.1367
mixed,64,4,0.0625,4.0,32,4096,1024,4096,1216,363.201,630.978,437.438,0.2772
mixed,64,4,0.0625,4.0,32,4096,2048,8192,2432,497.057,957.538,473.695,-0.0507
mixed,64,4,0.0625,4.0,32,4096,4096,16384,4864,673.38,1357.442,637.09,-0.0531
mixed,64,4,0.0625,4.0,32,8192,128,512,152,375.426,391.583,376.899,0.0912
mixed,64,4,0.0625,4.0,32,8192,256,1024,304,385.602,446.082,388.898,0.0545
mixed,64,4,0.0625,4.0,32,8192,512,2048,608,381.026,437.374,409.793,0.5105
mixed,64,4,0.0625,4.0,32,8192,1024,4096,1216,479.616,629.122,448.163,-0.2104
mixed,64,4,0.0625,4.0,32,8192,2048,8192,2432,504.48,952.45,599.303,0.2117
mixed,64,4,0.0625,4.0,32,8192,4096,16384,4864,686.147,1612.774,640.832,-0.0489
mixed,64,4,0.0625,4.0,64,0,128,512,152,252.96,323.203,278.049,0.3572
mixed,64,4,0.0625,4.0,64,0,256,1024,304,311.105,351.067,320.385,0.2322
mixed,64,4,0.0625,4.0,64,0,512,2048,608,330.658,401.091,345.697,0.2135
mixed,64,4,0.0625,4.0,64,0,1024,4096,1216,363.805,499.907,391.874,0.2062
mixed,64,4,0.0625,4.0,64,0,2048,8192,2432,425.02,694.786,481.057,0.2077
mixed,64,4,0.0625,4.0,64,0,4096,16384,4864,539.459,1089.479,658.466,0.2164
mixed,64,4,0.0625,4.0,64,512,128,512,152,331.202,357.668,311.201,-0.7557
mixed,64,4,0.0625,4.0,64,512,256,1024,304,313.119,383.874,340.738,0.3903
mixed,64,4,0.0625,4.0,64,512,512,2048,608,364.066,438.657,360.034,-0.0541
mixed,64,4,0.0625,4.0,64,512,1024,4096,1216,395.778,549.57,381.474,-0.093
mixed,64,4,0.0625,4.0,64,512,2048,8192,2432,455.199,735.938,473.599,0.0655
mixed,64,4,0.0625,4.0,64,512,4096,16384,4864,578.402,1130.469,653.984,0.1369
mixed,64,4,0.0625,4.0,64,1024,128,512,152,324.132,330.722,334.464,1.5678
mixed,64,4,0.0625,4.0,64,1024,256,1024,304,348.931,396.642,350.786,0.0389
mixed,64,4,0.0625,4.0,64,1024,512,2048,608,324.575,464.737,385.95,0.4379
mixed,64,4,0.0625,4.0,64,1024,1024,4096,1216,407.36,575.012,399.49,-0.0469
mixed,64,4,0.0625,4.0,64,1024,2048,8192,2432,484.16,763.202,468.388,-0.0565
mixed,64,4,0.0625,4.0,64,1024,4096,16384,4864,610.18,1156.899,639.903,0.0544
mixed,64,4,0.0625,4.0,64,2048,128,512,152,353.027,382.467,351.713,-0.0446
mixed,64,4,0.0625,4.0,64,2048,256,1024,304,343.584,367.326,359.62,0.6754
mixed,64,4,0.0625,4.0,64,2048,512,2048,608,398.242,483.453,400.963,0.0319
mixed,64,4,0.0625,4.0,64,2048,1024,4096,1216,381.794,630.687,462.431,0.324
mixed,64,4,0.0625,4.0,64,2048,2048,8192,2432,497.536,824.544,485.152,-0.0379
mixed,64,4,0.0625,4.0,64,2048,4096,16384,4864,662.374,1212.548,629.18,-0.0603
mixed,64,4,0.0625,4.0,64,4096,128,512,152,404.928,401.699,404.321,
mixed,64,4,0.0625,4.0,64,4096,256,1024,304,414.019,458.815,415.967,0.0435
mixed,64,4,0.0625,4.0,64,4096,512,2048,608,396.546,448.128,421.696,0.4876
mixed,64,4,0.0625,4.0,64,4096,1024,4096,1216,490.495,641.507,484.387,-0.0404
mixed,64,4,0.0625,4.0,64,4096,2048,8192,2432,479.616,942.117,618.658,0.3006
mixed,64,4,0.0625,4.0,64,4096,4096,16384,4864,682.339,1340.161,653.244,-0.0442
mixed,64,4,0.0625,4.0,64,8192,128,512,152,484.448,509.7,482.886,-0.0619
mixed,64,4,0.0625,4.0,64,8192,256,1024,304,496.928,510.145,493.186,-0.2831
mixed,64,4,0.0625,4.0,64,8192,512,2048,608,519.361,616.388,513.344,-0.062
mixed,64,4,0.0625,4.0,64,8192,1024,4096,1216,507.683,611.493,543.324,0.3433
mixed,64,4,0.0625,4.0,64,8192,2048,8192,2432,676.707,960.354,672.961,-0.0132
mixed,64,4,0.0625,4.0,64,8192,4096,16384,4864,705.852,1581.38,932.133,0.2585
mixed,64,4,0.0625,4.0,128,0,128,512,152,272.066,356.738,313.154,0.4853
mixed,64,4,0.0625,4.0,128,0,256,1024,304,347.934,397.122,333.698,-0.2894
mixed,64,4,0.0625,4.0,128,0,512,2048,608,369.278,439.934,398.781,0.4176
mixed,64,4,0.0625,4.0,128,0,1024,4096,1216,400.163,541.151,479.458,0.5624
mixed,64,4,0.0625,4.0,128,0,2048,8192,2432,455.999,728.096,650.911,0.7163
mixed,64,4,0.0625,4.0,128,0,4096,16384,4864,569.09,1140.288,997.474,0.75
mixed,64,4,0.0625,4.0,128,512,128,512,152,380.414,333.345,389.761,
mixed,64,4,0.0625,4.0,128,512,256,1024,304,391.456,419.297,412.29,0.7483
mixed,64,4,0.0625,4.0,128,512,512,2048,608,333.474,473.313,379.651,0.3302
mixed,64,4,0.0625,4.0,128,512,1024,4096,1216,425.632,568.767,468.867,0.3021
mixed,64,4,0.0625,4.0,128,512,2048,8192,2432,485.023,770.914,639.52,0.5404
mixed,64,4,0.0625,4.0,128,512,4096,16384,4864,610.078,1164.419,971.174,0.6514
mixed,64,4,0.0625,4.0,128,1024,128,512,152,404.449,427.039,401.028,-0.1514
mixed,64,4,0.0625,4.0,128,1024,256,1024,304,410.495,373.504,422.686,
mixed,64,4,0.0625,4.0,128,1024,512,2048,608,440.352,500.805,480.069,0.657
mixed,64,4,0.0625,4.0,128,1024,1024,4096,1216,392.386,599.713,464.061,0.3457
mixed,64,4,0.0625,4.0,128,1024,2048,8192,2432,509.093,799.81,631.362,0.4206
mixed,64,4,0.0625,4.0,128,1024,4096,16384,4864,636.386,1190.978,970.113,0.6018
mixed,64,4,0.0625,4.0,128,2048,128,512,152,445.791,475.071,440.579,-0.178
mixed,64,4,0.0625,4.0,128,2048,256,1024,304,449.471,517.566,447.65,-0.0267
mixed,64,4,0.0625,4.0,128,2048,512,2048,608,479.809,452.454,512.705,
mixed,64,4,0.0625,4.0,128,2048,1024,4096,1216,532.416,660.066,602.274,0.5473
mixed,64,4,0.0625,4.0,128,2048,2048,8192,2432,486.597,853.605,622.787,0.3711
mixed,64,4,0.0625,4.0,128,2048,4096,16384,4864,698.406,1250.171,946.208,0.4491
mixed,64,4,0.0625,4.0,128,4096,128,512,152,521.279,543.135,521.958,0.0311
mixed,64,4,0.0625,4.0,128,4096,256,1024,304,528.513,588.323,531.296,0.0465
mixed,64,4,0.0625,4.0,128,4096,512,2048,608,562.945,668.287,554.624,-0.079
mixed,64,4,0.0625,4.0,128,4096,1024,4096,1216,604.32,628.259,667.52,2.64
mixed,64,4,0.0625,4.0,128,4096,2048,8192,2432,701.569,972.897,829.539,0.4716
mixed,64,4,0.0625,4.0,128,4096,4096,16384,4864,690.944,1377.153,934.498,0.3549
mixed,64,4,0.0625,4.0,128,8192,128,512,152,677.537,707.682,677.827,0.0096
mixed,64,4,0.0625,4.0,128,8192,256,1024,304,686.883,752.224,689.442,0.0392
mixed,64,4,0.0625,4.0,128,8192,512,2048,608,716.798,830.818,703.811,-0.1139
mixed,64,4,0.0625,4.0,128,8192,1024,4096,1216,773.249,992.0,750.372,-0.1046
mixed,64,4,0.0625,4.0,128,8192,2048,8192,2432,863.299,939.586,991.844,1.685
mixed,64,4,0.0625,4.0,128,8192,4096,16384,4864,1044.263,1610.563,1311.78,0.4724
mixed,64,4,0.0625,4.0,256,0,128,512,152,372.03,373.666,360.674,-6.9413
mixed,64,4,0.0625,4.0,256,0,256,1024,304,378.944,409.506,403.007,0.7874
mixed,64,4,0.0625,4.0,256,0,512,2048,608,376.162,484.195,489.472,1.0488
mixed,64,4,0.0625,4.0,256,0,1024,4096,1216,441.122,660.032,642.401,0.9195
mixed,64,4,0.0625,4.0,256,0,2048,8192,2432,516.13,963.297,957.056,0.986
mixed,64,4,0.0625,4.0,256,0,4096,16384,4864,712.447,1602.628,1567.937,0.961
mixed,64,4,0.0625,4.0,256,512,128,512,152,405.121,431.679,417.664,0.4723
mixed,64,4,0.0625,4.0,256,512,256,1024,304,410.499,476.898,410.207,-0.0044
mixed,64,4,0.0625,4.0,256,512,512,2048,608,440.417,552.26,485.315,0.4014
mixed,64,4,0.0625,4.0,256,512,1024,4096,1216,491.04,718.628,637.793,0.6448
mixed,64,4,0.0625,4.0,256,512,2048,8192,2432,585.729,1031.075,951.872,0.8222
mixed,64,4,0.0625,4.0,256,512,4096,16384,4864,768.993,1662.497,1571.234,0.8979
mixed,64,4,0.0625,4.0,256,1024,128,512,152,453.503,475.583,433.057,-0.926
mixed,64,4,0.0625,4.0,256,1024,256,1024,304,458.879,513.954,454.144,-0.086
mixed,64,4,0.0625,4.0,256,1024,512,2048,608,477.249,602.21,483.012,0.0461
mixed,64,4,0.0625,4.0,256,1024,1024,4096,1216,524.642,744.543,647.422,0.5583
mixed,64,4,0.0625,4.0,256,1024,2048,8192,2432,621.889,1065.476,953.506,0.7476
mixed,64,4,0.0625,4.0,256,1024,4096,16384,4864,805.504,1701.509,1571.393,0.8548
mixed,64,4,0.0625,4.0,256,2048,128,512,152,516.802,553.597,511.714,-0.1383
mixed,64,4,0.0625,4.0,256,2048,256,1024,304,529.345,593.028,529.727,0.006
mixed,64,4,0.0625,4.0,256,2048,512,2048,608,565.087,661.761,548.032,-0.1764
mixed,64,4,0.0625,4.0,256,2048,1024,4096,1216,597.346,831.591,645.089,0.2038
mixed,64,4,0.0625,4.0,256,2048,2048,8192,2432,703.776,1144.196,958.56,0.5785
mixed,64,4,0.0625,4.0,256,2048,4096,16384,4864,889.377,1782.565,1584.552,0.7783
mixed,64,4,0.0625,4.0,256,4096,128,512,152,672.77,705.894,668.035,-0.1429
mixed,64,4,0.0625,4.0,256,4096,256,1024,304,691.94,753.379,681.599,-0.1683
mixed,64,4,0.0625,4.0,256,4096,512,2048,608,715.493,828.1,703.429,-0.1071
mixed,64,4,0.0625,4.0,256,4096,1024,4096,1216,764.959,992.065,749.252,-0.0692
mixed,64,4,0.0625,4.0,256,4096,2048,8192,2432,851.841,1290.468,966.818,0.2621
mixed,64,4,0.0625,4.0,256,4096,4096,16384,4864,1044.736,1932.035,1575.428,0.5981
mixed,64,4,0.0625,4.0,256,8192,128,512,152,969.185,1008.546,969.251,0.0017
mixed,64,4,0.0625,4.0,256,8192,256,1024,304,974.151,1058.116,963.78,-0.1235
mixed,64,4,0.0625,4.0,256,8192,512,2048,608,1010.657,1127.264,1009.731,-0.0079
mixed,64,4,0.0625,4.0,256,8192,1024,4096,1216,1069.504,1280.515,1057.698,-0.0559
mixed,64,4,0.0625,4.0,256,8192,2048,8192,2432,1153.957,1610.434,1146.53,-0.0163
mixed,64,4,0.0625,4.0,256,8192,4096,16384,4864,1346.918,2266.695,1575.973,0.249
mixed,64,4,0.0625,4.0,512,0,128,512,152,523.742,549.824,522.178,-0.06
mixed,64,4,0.0625,4.0,512,0,256,1024,304,538.915,564.417,536.257,-0.1042
mixed,64,4,0.0625,4.0,512,0,512,2048,608,555.718,630.241,605.823,0.6723
mixed,64,4,0.0625,4.0,512,0,1024,4096,1216,578.656,791.714,767.81,0.8878
mixed,64,4,0.0625,4.0,512,0,2048,8192,2432,660.673,1109.128,1088.098,0.9531
mixed,64,4,0.0625,4.0,512,0,4096,16384,4864,851.199,1739.171,1707.392,0.9642
mixed,64,4,0.0625,4.0,512,512,128,512,152,610.915,648.034,611.484,0.0153
mixed,64,4,0.0625,4.0,512,512,256,1024,304,626.977,691.998,625.985,-0.0153
mixed,64,4,0.0625,4.0,512,512,512,2048,608,657.792,772.003,705.09,0.4141
mixed,64,4,0.0625,4.0,512,512,1024,4096,1216,708.736,926.917,862.05,0.7027
mixed,64,4,0.0625,4.0,512,512,2048,8192,2432,802.179,1242.759,1174.113,0.8442
mixed,64,4,0.0625,4.0,512,512,4096,16384,4864,986.31,1873.282,1793.157,0.9097
mixed,64,4,0.0625,4.0,512,1024,128,512,152,690.627,723.008,688.899,-0.0534
mixed,64,4,0.0625,4.0,512,1024,256,1024,304,701.795,772.418,704.065,0.0321
mixed,64,4,0.0625,4.0,512,1024,512,2048,608,735.361,849.95,747.427,0.1053
mixed,64,4,0.0625,4.0,512,1024,1024,4096,1216,787.588,1006.373,904.803,0.5358
mixed,64,4,0.0625,4.0,512,1024,2048,8192,2432,879.332,1326.534,1214.084,0.7485
mixed,64,4,0.0625,4.0,512,1024,4096,16384,4864,1060.674,1952.192,1834.468,0.868
mixed,64,4,0.0625,4.0,512,2048,128,512,152,843.908,880.13,841.444,-0.068
mixed,64,4,0.0625,4.0,512,2048,256,1024,304,855.137,921.508,854.24,-0.0135
mixed,64,4,0.0625,4.0,512,2048,512,2048,608,886.082,1000.323,881.697,-0.0384
mixed,64,4,0.0625,4.0,512,2048,1024,4096,1216,936.996,1157.824,982.565,0.2064
mixed,64,4,0.0625,4.0,512,2048,2048,8192,2432,1029.253,1473.922,1295.299,0.5983
mixed,64,4,0.0625,4.0,512,2048,4096,16384,4864,1215.203,2104.422,1909.675,0.781
mixed,64,4,0.0625,4.0,512,4096,128,512,152,1131.936,1179.173,1123.552,-0.1775
mixed,64,4,0.0625,4.0,512,4096,256,1024,304,1129.73,1222.915,1145.73,0.1717
mixed,64,4,0.0625,4.0,512,4096,512,2048,608,1187.174,1305.796,1177.35,-0.0828
mixed,64,4,0.0625,4.0,512,4096,1024,4096,1216,1238.18,1460.037,1225.731,-0.0561
mixed,64,4,0.0625,4.0,512,4096,2048,8192,2432,1334.821,1778.851,1448.481,0.256
mixed,64,4,0.0625,4.0,512,4096,4096,16384,4864,1519.65,2409.475,2062.18,0.6097
mixed,64,4,0.0625,4.0,512,8192,128,512,152,1735.367,1733.89,1729.249,
mixed,64,4,0.0625,4.0,512,8192,256,1024,304,1744.069,1824.901,1741.41,-0.0329
mixed,64,4,0.0625,4.0,512,8192,512,2048,608,1737.093,1916.069,1735.621,-0.0082
mixed,64,4,0.0625,4.0,512,8192,1024,4096,1216,1843.618,2069.477,1831.877,-0.052
mixed,64,4,0.0625,4.0,512,8192,2048,8192,2432,1940.131,2379.337,1909.478,-0.0698
mixed,64,4,0.0625,4.0,512,8192,4096,16384,4864,2129.48,3022.091,2367.267,0.2664
mixed,64,4,0.0625,4.0,1024,0,128,512,152,824.964,847.07,840.707,0.7122
mixed,64,4,0.0625,4.0,1024,0,256,1024,304,837.665,881.31,860.929,0.533
mixed,64,4,0.0625,4.0,1024,0,512,2048,608,855.522,937.313,887.362,0.3893
mixed,64,4,0.0625,4.0,1024,0,1024,4096,1216,889.438,1035.744,934.304,0.3067
mixed,64,4,0.0625,4.0,1024,0,2048,8192,2432,956.988,1232.323,1029.633,0.2638
mixed,64,4,0.0625,4.0,1024,0,4096,16384,4864,1075.2,1642.601,1207.747,0.2336
mixed,64,4,0.0625,4.0,1024,512,128,512,152,990.31,1012.388,1004.163,0.6275
mixed,64,4,0.0625,4.0,1024,512,256,1024,304,994.37,1040.417,1021.117,0.5809
mixed,64,4,0.0625,4.0,1024,512,512,2048,608,1014.241,1096.165,1042.976,0.3508
mixed,64,4,0.0625,4.0,1024,512,1024,4096,1216,1049.377,1195.65,1091.459,0.2877
mixed,64,4,0.0625,4.0,1024,512,2048,8192,2432,1108.031,1392.068,1190.533,0.2905
mixed,64,4,0.0625,4.0,1024,512,4096,16384,4864,1231.81,1804.321,1362.56,0.2284
mixed,64,4,0.0625,4.0,1024,1024,128,512,152,1066.818,1091.459,1081.7,0.604
mixed,64,4,0.0625,4.0,1024,1024,256,1024,304,1072.003,1118.44,1095.969,0.5161
mixed,64,4,0.0625,4.0,1024,1024,512,2048,608,1094.978,1174.847,1125.086,0.377
mixed,64,4,0.0625,4.0,1024,1024,1024,4096,1216,1128.899,1274.53,1174.437,0.3127
mixed,64,4,0.0625,4.0,1024,1024,2048,8192,2432,1188.868,1472.292,1264.003,0.2651
mixed,64,4,0.0625,4.0,1024,1024,4096,16384,4864,1309.796,1880.616,1442.051,0.2317
mixed,64,4,0.0625,4.0,1024,2048,128,512,152,1217.157,1243.998,1232.642,0.5769
mixed,64,4,0.0625,4.0,1024,2048,256,1024,304,1229.415,1271.073,1252.869,0.563
mixed,64,4,0.0625,4.0,1024,2048,512,2048,608,1250.693,1327.332,1277.925,0.3553
mixed,64,4,0.0625,4.0,1024,2048,1024,4096,1216,1281.987,1433.284,1324.291,0.2796
mixed,64,4,0.0625,4.0,1024,2048,2048,8192,2432,1347.042,1628.163,1418.498,0.2542
mixed,64,4,0.0625,4.0,1024,2048,4096,16384,4864,1462.948,2020.616,1595.018,0.2368
mixed,64,4,0.0625,4.0,1024,4096,128,512,152,1547.529,1567.138,1564.259,0.8532
mixed,64,4,0.0625,4.0,1024,4096,256,1024,304,1561.699,1600.316,1582.756,0.5453
mixed,64,4,0.0625,4.0,1024,4096,512,2048,608,1575.837,1653.348,1606.212,0.3919
mixed,64,4,0.0625,4.0,1024,4096,1024,4096,1216,1609.798,1760.704,1657.698,0.3174
mixed,64,4,0.0625,4.0,1024,4096,2048,8192,2432,1670.946,1946.981,1740.099,0.2505
mixed,64,4,0.0625,4.0,1024,4096,4096,16384,4864,1789.127,2339.369,1919.492,0.2369
mixed,64,4,0.0625,4.0,1024,8192,128,512,152,2173.255,2198.795,2192.426,0.7506
mixed,64,4,0.0625,4.0,1024,8192,256,1024,304,2180.04,2229.927,2203.718,0.4746
mixed,64,4,0.0625,4.0,1024,8192,512,2048,608,2199.809,2284.069,2230.023,0.3586
mixed,64,4,0.0625,4.0,1024,8192,1024,4096,1216,2228.414,2379.912,2277.284,0.3226
mixed,64,4,0.0625,4.0,1024,8192,2048,8192,2432,2287.493,2580.551,2367.649,0.2735
mixed,64,4,0.0625,4.0,1024,8192,4096,16384,4864,2407.845,2964.844,2545.962,0.248
mixed,64,4,0.0625,4.0,2048,0,128,512,152,1555.007,1582.663,1574.402,0.7013
mixed,64,4,0.0625,4.0,2048,0,256,1024,304,1568.485,1605.534,1580.107,0.3137
mixed,64,4,0.0625,4.0,2048,0,512,2048,608,1587.261,1664.294,1610.177,0.2975
mixed,64,4,0.0625,4.0,2048,0,1024,4096,1216,1617.251,1765.993,1663.076,0.3081
mixed,64,4,0.0625,4.0,2048,0,2048,8192,2432,1679.656,1957.215,1755.078,0.2717
mixed,64,4,0.0625,4.0,2048,0,4096,16384,4864,1798.656,2345.733,1929.254,0.2387
mixed,64,4,0.0625,4.0,2048,512,128,512,152,1784.294,1801.123,1800.389,0.9564
mixed,64,4,0.0625,4.0,2048,512,256,1024,304,1792.259,1834.57,1814.507,0.5258
mixed,64,4,0.0625,4.0,2048,512,512,2048,608,1804.484,1889.181,1840.003,0.4194
mixed,64,4,0.0625,4.0,2048,512,1024,4096,1216,1836.674,1984.678,1883.337,0.3153
mixed,64,4,0.0625,4.0,2048,512,2048,8192,2432,1900.968,2176.553,1970.343,0.2517
mixed,64,4,0.0625,4.0,2048,512,4096,16384,4864,2023.687,2585.829,2158.211,0.2393
mixed,64,4,0.0625,4.0,2048,1024,128,512,152,1891.594,1912.744,1907.814,0.7669
mixed,64,4,0.0625,4.0,2048,1024,256,1024,304,1901.511,1941.67,1925.602,0.5999
mixed,64,4,0.0625,4.0,2048,1024,512,2048,608,1916.428,2003.309,1948.421,0.3682
mixed,64,4,0.0625,4.0,2048,1024,1024,4096,1216,1952.038,2100.808,1998.946,0.3153
mixed,64,4,0.0625,4.0,2048,1024,2048,8192,2432,2011.141,2280.776,2089.6,0.291
mixed,64,4,0.0625,4.0,2048,1024,4096,16384,4864,2140.742,2694.954,2261.193,0.2173
mixed,64,4,0.0625,4.0,2048,2048,128,512,152,2129.48,2156.517,2150.701,0.7849
mixed,64,4,0.0625,4.0,2048,2048,256,1024,304,2141.51,2173.671,2163.589,0.6865
mixed,64,4,0.0625,4.0,2048,2048,512,2048,608,2149.672,2234.566,2183.301,0.3961
mixed,64,4,0.0625,4.0,2048,2048,1024,4096,1216,2188.487,2332.933,2237.314,0.338
mixed,64,4,0.0625,4.0,2048,2048,2048,8192,2432,2241.352,2520.329,2329.958,0.3176
mixed,64,4,0.0625,4.0,2048,2048,4096,16384,4864,2370.146,2915.527,2493.736,0.2266
mixed,64,4,0.0625,4.0,2048,4096,128,512,152,2596.869,2615.624,2611.722,0.7919
mixed,64,4,0.0625,4.0,2048,4096,256,1024,304,2595.623,2641.675,2632.106,0.7922
mixed,64,4,0.0625,4.0,2048,4096,512,2048,608,2620.803,2692.642,2651.204,0.4232
mixed,64,4,0.0625,4.0,2048,4096,1024,4096,1216,2651.915,2799.847,2691.171,0.2654
mixed,64,4,0.0625,4.0,2048,4096,2048,8192,2432,2708.004,2987.721,2775.269,0.2405
mixed,64,4,0.0625,4.0,2048,4096,4096,16384,4864,2841.51,3381.544,2957.704,0.2152
mixed,64,4,0.0625,4.0,2048,8192,128,512,152,3479.462,3512.555,3496.454,0.5135
mixed,64,4,0.0625,4.0,2048,8192,256,1024,304,3492.23,3524.168,3516.876,0.7717
mixed,64,4,0.0625,4.0,2048,8192,512,2048,608,3505.576,3583.498,3539.048,0.4296
mixed,64,4,0.0625,4.0,2048,8192,1024,4096,1216,3544.361,3687.529,3584.399,0.2797
mixed,64,4,0.0625,4.0,2048,8192,2048,8192,2432,3600.931,3894.929,3673.703,0.2475
mixed,64,4,0.0625,4.0,2048,8192,4096,16384,4864,3715.526,4283.602,3853.769,0.2434
pure,64,8,0.125,4.0,0,0,128,512,176,223.387,279.745,278.754,0.9824
pure,64,8,0.125,4.0,0,0,256,1024,352,272.127,307.714,292.193,0.5639
pure,64,8,0.125,4.0,0,0,512,2048,704,293.313,354.658,319.778,0.4314
pure,64,8,0.125,4.0,0,0,1024,4096,1408,324.48,465.797,367.654,0.3055
pure,64,8,0.125,4.0,0,0,2048,8192,2816,396.737,659.745,456.801,0.2284
pure,64,8,0.125,4.0,0,0,4096,16384,5632,537.955,1051.457,637.51,0.1939
mixed,64,8,0.125,4.0,16,0,128,512,176,241.152,293.47,267.361,0.501
mixed,64,8,0.125,4.0,16,0,256,1024,352,286.784,323.904,307.965,0.5706
mixed,64,8,0.125,4.0,16,0,512,2048,704,306.27,380.094,339.681,0.4526
mixed,64,8,0.125,4.0,16,0,1024,4096,1408,341.924,483.809,387.967,0.3245
mixed,64,8,0.125,4.0,16,0,2048,8192,2816,417.312,674.244,475.619,0.2269
mixed,64,8,0.125,4.0,16,0,4096,16384,5632,551.045,1062.561,653.441,0.2002
mixed,64,8,0.125,4.0,16,512,128,512,176,282.656,336.481,282.525,-0.0024
mixed,64,8,0.125,4.0,16,512,256,1024,352,321.731,375.712,288.195,-0.6213
mixed,64,8,0.125,4.0,16,512,512,2048,704,357.954,435.488,344.61,-0.1721
mixed,64,8,0.125,4.0,16,512,1024,4096,1408,401.95,534.845,382.306,-0.1478
mixed,64,8,0.125,4.0,16,512,2048,8192,2816,474.723,724.29,472.126,-0.0104
mixed,64,8,0.125,4.0,16,512,4096,16384,5632,606.529,1105.123,653.858,0.0949
mixed,64,8,0.125,4.0,16,1024,128,512,176,286.401,338.051,289.153,0.0533
mixed,64,8,0.125,4.0,16,1024,256,1024,352,319.843,384.832,288.672,-0.4796
mixed,64,8,0.125,4.0,16,1024,512,2048,704,353.856,463.139,343.553,-0.0943
mixed,64,8,0.125,4.0,16,1024,1024,4096,1408,409.247,576.321,385.087,-0.1446
mixed,64,8,0.125,4.0,16,1024,2048,8192,2816,512.067,766.435,469.472,-0.1675
mixed,64,8,0.125,4.0,16,1024,4096,16384,5632,640.737,1148.516,648.703,0.0157
mixed,64,8,0.125,4.0,16,2048,128,512,176,304.413,337.057,295.583,-0.2705
mixed,64,8,0.125,4.0,16,2048,256,1024,352,301.915,383.522,300.547,-0.0168
mixed,64,8,0.125,4.0,16,2048,512,2048,704,354.372,466.24,310.175,-0.3951
mixed,64,8,0.125,4.0,16,2048,1024,4096,1408,409.793,640.863,381.731,-0.1214
mixed,64,8,0.125,4.0,16,2048,2048,8192,2816,512.897,844.576,471.175,-0.1258
mixed,64,8,0.125,4.0,16,2048,4096,16384,5632,717.855,1223.044,650.144,-0.134
mixed,64,8,0.125,4.0,16,4096,128,512,176,308.413,322.175,308.707,0.0214
mixed,64,8,0.125,4.0,16,4096,256,1024,352,319.042,379.553,327.169,0.1343
mixed,64,8,0.125,4.0,16,4096,512,2048,704,354.398,465.123,326.943,-0.248
mixed,64,8,0.125,4.0,16,4096,1024,4096,1408,410.785,639.876,351.232,-0.26
mixed,64,8,0.125,4.0,16,4096,2048,8192,2816,526.977,975.716,472.195,-0.1221
mixed,64,8,0.125,4.0,16,4096,4096,16384,5632,721.889,1365.669,647.298,-0.1159
mixed,64,8,0.125,4.0,16,8192,128,512,176,334.722,362.594,332.609,-0.0758
mixed,64,8,0.125,4.0,16,8192,256,1024,352,337.692,355.487,345.859,0.4589
mixed,64,8,0.125,4.0,16,8192,512,2048,704,389.12,458.56,373.891,-0.2193
mixed,64,8,0.125,4.0,16,8192,1024,4096,1408,412.675,631.458,441.921,0.1337
mixed,64,8,0.125,4.0,16,8192,2048,8192,2816,520.638,963.457,433.854,-0.196
mixed,64,8,0.125,4.0,16,8192,4096,16384,5632,750.401,1662.308,646.529,-0.1139
mixed,64,8,0.125,4.0,32,0,128,512,176,244.286,315.617,271.744,0.3849
mixed,64,8,0.125,4.0,32,0,256,1024,352,306.147,342.466,315.068,0.2456
mixed,64,8,0.125,4.0,32,0,512,2048,704,325.661,384.996,342.148,0.2779
mixed,64,8,0.125,4.0,32,0,1024,4096,1408,358.241,486.531,388.992,0.2397
mixed,64,8,0.125,4.0,32,0,2048,8192,2816,421.058,680.131,479.49,0.2255
mixed,64,8,0.125,4.0,32,0,4096,16384,5632,558.788,1074.274,662.21,0.2006
mixed,64,8,0.125,4.0,32,512,128,512,176,291.232,344.255,293.597,0.0446
mixed,64,8,0.125,4.0,32,512,256,1024,352,326.462,378.752,293.921,-0.6223
mixed,64,8,0.125,4.0,32,512,512,2048,704,355.523,433.732,347.999,-0.0962
mixed,64,8,0.125,4.0,32,512,1024,4096,1408,403.101,542.463,384.579,-0.1329
mixed,64,8,0.125,4.0,32,512,2048,8192,2816,479.965,735.361,473.314,-0.026
mixed,64,8,0.125,4.0,32,512,4096,16384,5632,607.875,1122.079,654.4,0.0905
mixed,64,8,0.125,4.0,32,1024,128,512,176,304.192,343.97,309.154,0.1247
mixed,64,8,0.125,4.0,32,1024,256,1024,352,304.127,382.817,304.992,0.011
mixed,64,8,0.125,4.0,32,1024,512,2048,704,357.859,464.386,311.169,-0.4383
mixed,64,8,0.125,4.0,32,1024,1024,4096,1408,405.954,577.791,391.266,-0.0855
mixed,64,8,0.125,4.0,32,1024,2048,8192,2816,508.797,764.481,469.441,-0.1539
mixed,64,8,0.125,4.0,32,1024,4096,16384,5632,642.465,1157.921,650.977,0.0165
mixed,64,8,0.125,4.0,32,2048,128,512,176,313.346,317.189,304.318,-2.3492
mixed,64,8,0.125,4.0,32,2048,256,1024,352,339.33,386.054,333.247,-0.1302
mixed,64,8,0.125,4.0,32,2048,512,2048,704,358.051,467.648,329.278,-0.2625
mixed,64,8,0.125,4.0,32,2048,1024,4096,1408,411.364,631.585,356.03,-0.2513
mixed,64,8,0.125,4.0,32,2048,2048,8192,2816,509.538,830.5,475.358,-0.1065
mixed,64,8,0.125,4.0,32,2048,4096,16384,5632,709.536,1220.005,640.704,-0.1348
mixed,64,8,0.125,4.0,32,4096,128,512,176,342.526,367.774,338.627,-0.1544
mixed,64,8,0.125,4.0,32,4096,256,1024,352,335.297,356.514,345.666,0.4887
mixed,64,8,0.125,4.0,32,4096,512,2048,704,398.499,464.48,368.705,-0.4516
mixed,64,8,0.125,4.0,32,4096,1024,4096,1408,423.105,633.858,442.209,0.0906
mixed,64,8,0.125,4.0,32,4096,2048,8192,2816,529.248,955.683,437.408,-0.2154
mixed,64,8,0.125,4.0,32,4096,4096,16384,5632,714.782,1355.364,645.795,-0.1077
mixed,64,8,0.125,4.0,32,8192,128,512,176,376.196,390.402,378.018,0.1283
mixed,64,8,0.125,4.0,32,8192,256,1024,352,390.336,447.871,389.283,-0.0183
mixed,64,8,0.125,4.0,32,8192,512,2048,704,399.167,435.838,411.553,0.3378
mixed,64,8,0.125,4.0,32,8192,1024,4096,1408,509.376,628.77,450.082,-0.4966
mixed,64,8,0.125,4.0,32,8192,2048,8192,2816,534.336,949.153,599.073,0.1561
mixed,64,8,0.125,4.0,32,8192,4096,16384,5632,749.987,1615.652,603.392,-0.1693
mixed,64,8,0.125,4.0,64,0,128,512,176,254.308,323.136,281.724,0.3983
mixed,64,8,0.125,4.0,64,0,256,1024,352,317.153,352.833,323.199,0.1695
mixed,64,8,0.125,4.0,64,0,512,2048,704,338.819,404.288,347.614,0.1343
mixed,64,8,0.125,4.0,64,0,1024,4096,1408,371.267,497.631,394.276,0.1821
mixed,64,8,0.125,4.0,64,0,2048,8192,2816,435.391,702.883,483.232,0.1789
mixed,64,8,0.125,4.0,64,0,4096,16384,5632,576.513,1088.996,660.642,0.1642
mixed,64,8,0.125,4.0,64,512,128,512,176,331.459,357.189,316.866,-0.5672
mixed,64,8,0.125,4.0,64,512,256,1024,352,309.119,381.472,341.952,0.4538
mixed,64,8,0.125,4.0,64,512,512,2048,704,356.031,436.734,309.219,-0.5801
mixed,64,8,0.125,4.0,64,512,1024,4096,1408,403.65,549.569,388.519,-0.1037
mixed,64,8,0.125,4.0,64,512,2048,8192,2816,480.735,734.148,477.31,-0.0135
mixed,64,8,0.125,4.0,64,512,4096,16384,5632,612.8,1129.762,659.171,0.0897
mixed,64,8,0.125,4.0,64,1024,128,512,176,324.738,332.768,340.033,1.9047
mixed,64,8,0.125,4.0,64,1024,256,1024,352,356.481,395.938,352.575,-0.099
mixed,64,8,0.125,4.0,64,1024,512,2048,704,375.775,465.378,386.175,0.1161
mixed,64,8,0.125,4.0,64,1024,1024,4096,1408,411.393,576.93,347.648,-0.3851
mixed,64,8,0.125,4.0,64,1024,2048,8192,2816,504.702,762.463,473.153,-0.1224
mixed,64,8,0.125,4.0,64,1024,4096,16384,5632,645.124,1151.845,651.905,0.0134
mixed,64,8,0.125,4.0,64,2048,128,512,176,355.106,377.822,350.719,-0.1931
mixed,64,8,0.125,4.0,64,2048,256,1024,352,355.587,367.941,366.208,0.8597
mixed,64,8,0.125,4.0,64,2048,512,2048,704,415.936,477.058,403.077,-0.2104
mixed,64,8,0.125,4.0,64,2048,1024,4096,1408,430.432,625.695,464.576,0.1749
mixed,64,8,0.125,4.0,64,2048,2048,8192,2816,523.905,822.433,429.633,-0.3158
mixed,64,8,0.125,4.0,64,2048,4096,16384,5632,705.568,1212.71,636.704,-0.1358
mixed,64,8,0.125,4.0,64,4096,128,512,176,404.258,399.683,402.943,
mixed,64,8,0.125,4.0,64,4096,256,1024,352,421.471,458.884,450.177,0.7673
mixed,64,8,0.125,4.0,64,4096,512,2048,704,413.026,443.17,423.679,0.3534
mixed,64,8,0.125,4.0,64,4096,1024,4096,1408,513.891,637.091,492.003,-0.1777
mixed,64,8,0.125,4.0,64,4096,2048,8192,2816,545.701,944.067,618.98,0.1839
mixed,64,8,0.125,4.0,64,4096,4096,16384,5632,744.324,1342.977,598.146,-0.2442
mixed,64,8,0.125,4.0,64,8192,128,512,176,482.847,511.201,482.915,0.0024
mixed,64,8,0.125,4.0,64,8192,256,1024,352,500.961,510.75,491.039,-1.0136
mixed,64,8,0.125,4.0,64,8192,512,2048,704,527.36,619.39,607.716,0.8732
mixed,64,8,0.125,4.0,64,8192,1024,4096,1408,524.449,609.762,550.662,0.3073
mixed,64,8,0.125,4.0,64,8192,2048,8192,2816,737.275,956.709,679.14,-0.2649
mixed,64,8,0.125,4.0,64,8192,4096,16384,5632,767.873,1582.757,935.652,0.2059
mixed,64,8,0.125,4.0,128,0,128,512,176,276.161,357.117,314.24,0.4704
mixed,64,8,0.125,4.0,128,0,256,1024,352,348.097,390.945,337.153,-0.2554
mixed,64,8,0.125,4.0,128,0,512,2048,704,371.521,441.378,395.494,0.3432
mixed,64,8,0.125,4.0,128,0,1024,4096,1408,407.393,540.962,484.129,0.5745
mixed,64,8,0.125,4.0,128,0,2048,8192,2816,477.536,733.664,658.24,0.7055
mixed,64,8,0.125,4.0,128,0,4096,16384,5632,610.242,1136.773,1003.684,0.7472
mixed,64,8,0.125,4.0,128,512,128,512,176,379.168,337.536,390.468,
mixed,64,8,0.125,4.0,128,512,256,1024,352,397.057,417.666,411.36,0.694
mixed,64,8,0.125,4.0,128,512,512,2048,704,350.629,463.938,399.68,0.4329
mixed,64,8,0.125,4.0,128,512,1024,4096,1408,442.818,576.096,465.661,0.1714
mixed,64,8,0.125,4.0,128,512,2048,8192,2816,517.093,763.551,642.052,0.507
mixed,64,8,0.125,4.0,128,512,4096,16384,5632,645.056,1155.971,973.667,0.6432
mixed,64,8,0.125,4.0,128,1024,128,512,176,400.035,426.558,424.641,0.9277
mixed,64,8,0.125,4.0,128,1024,256,1024,352,414.145,375.744,429.697,
mixed,64,8,0.125,4.0,128,1024,512,2048,704,453.026,492.031,471.777,0.4807
mixed,64,8,0.125,4.0,128,1024,1024,4096,1408,450.787,604.191,468.483,0.1154
mixed,64,8,0.125,4.0,128,1024,2048,8192,2816,544.548,795.588,625.668,0.3231
mixed,64,8,0.125,4.0,128,1024,4096,16384,5632,678.785,1186.052,975.361,0.5847
mixed,64,8,0.125,4.0,128,2048,128,512,176,443.076,466.625,439.234,-0.1631
mixed,64,8,0.125,4.0,128,2048,256,1024,352,450.529,517.219,503.038,0.7874
mixed,64,8,0.125,4.0,128,2048,512,2048,704,486.595,452.225,512.865,
mixed,64,8,0.125,4.0,128,2048,1024,4096,1408,547.652,653.764,600.226,0.4955
mixed,64,8,0.125,4.0,128,2048,2048,8192,2816,564.931,852.925,632.322,0.234
mixed,64,8,0.125,4.0,128,2048,4096,16384,5632,746.083,1252.773,952.612,0.4076
mixed,64,8,0.125,4.0,128,4096,128,512,176,525.442,550.05,520.449,-0.2029
mixed,64,8,0.125,4.0,128,4096,256,1024,352,533.597,586.271,527.296,-0.1196
mixed,64,8,0.125,4.0,128,4096,512,2048,704,564.132,673.281,664.512,0.9197
mixed,64,8,0.125,4.0,128,4096,1024,4096,1408,619.585,628.991,677.472,6.1543
mixed,64,8,0.125,4.0,128,4096,2048,8192,2816,736.61,973.119,832.353,0.4048
mixed,64,8,0.125,4.0,128,4096,4096,16384,5632,788.194,1371.429,956.035,0.2878
mixed,64,8,0.125,4.0,128,8192,128,512,176,677.38,705.568,679.809,0.0862
mixed,64,8,0.125,4.0,128,8192,256,1024,352,691.779,749.823,684.32,-0.1285
mixed,64,8,0.125,4.0,128,8192,512,2048,704,723.811,829.859,708.838,-0.1412
mixed,64,8,0.125,4.0,128,8192,1024,4096,1408,779.651,989.409,991.395,1.0095
mixed,64,8,0.125,4.0,128,8192,2048,8192,2816,890.18,939.2,989.923,2.0347
mixed,64,8,0.125,4.0,128,8192,4096,16384,5632,1111.653,1600.227,1310.116,0.4062
mixed,64,8,0.125,4.0,256,0,128,512,176,366.207,380.992,366.782,0.0389
mixed,64,8,0.125,4.0,256,0,256,1024,352,374.755,405.055,416.0,1.3612
mixed,64,8,0.125,4.0,256,0,512,2048,704,390.37,488.707,492.864,1.0423
mixed,64,8,0.125,4.0,256,0,1024,4096,1408,441.635,650.461,638.304,0.9418
mixed,64,8,0.125,4.0,256,0,2048,8192,2816,556.933,966.565,945.953,0.9497
mixed,64,8,0.125,4.0,256,0,4096,16384,5632,773.698,1599.713,1571.075,0.9653
mixed,64,8,0.125,4.0,256,512,128,512,176,415.202,430.111,428.13,0.8671
mixed,64,8,0.125,4.0,256,512,256,1024,352,424.292,482.02,474.369,0.8675
mixed,64,8,0.125,4.0,256,512,512,2048,704,445.73,558.145,542.754,0.8631
mixed,64,8,0.125,4.0,256,512,1024,4096,1408,500.479,718.657,706.049,0.9422
mixed,64,8,0.125,4.0,256,512,2048,8192,2816,603.459,1028.614,1011.458,0.9596
mixed,64,8,0.125,4.0,256,512,4096,16384,5632,839.361,1662.819,1632.324,0.963
mixed,64,8,0.125,4.0,256,1024,128,512,176,436.227,471.908,439.583,0.0941
mixed,64,8,0.125,4.0,256,1024,256,1024,352,461.475,521.471,494.562,0.5515
mixed,64,8,0.125,4.0,256,1024,512,2048,704,488.863,594.918,574.56,0.808
mixed,64,8,0.125,4.0,256,1024,1024,4096,1408,535.2,754.084,741.696,0.9434
mixed,64,8,0.125,4.0,256,1024,2048,8192,2816,659.936,1069.252,1045.028,0.9408
mixed,64,8,0.125,4.0,256,1024,4096,16384,5632,877.092,1694.597,1672.391,0.9728
mixed,64,8,0.125,4.0,256,2048,128,512,176,520.389,550.724,526.275,0.194
mixed,64,8,0.125,4.0,256,2048,256,1024,352,529.506,591.17,540.292,0.1749
mixed,64,8,0.125,4.0,256,2048,512,2048,704,554.337,679.906,668.863,0.9121
mixed,64,8,0.125,4.0,256,2048,1024,4096,1408,614.562,825.343,819.521,0.9724
mixed,64,8,0.125,4.0,256,2048,2048,8192,2816,728.769,1136.612,1128.133,0.9792
mixed,64,8,0.125,4.0,256,2048,4096,16384,5632,944.9,1771.97,1740.548,0.962
mixed,64,8,0.125,4.0,256,4096,128,512,176,674.147,700.805,677.315,0.1188
mixed,64,8,0.125,4.0,256,4096,256,1024,352,691.524,745.119,681.891,-0.1797
mixed,64,8,0.125,4.0,256,4096,512,2048,704,727.586,822.499,708.896,-0.1969
mixed,64,8,0.125,4.0,256,4096,1024,4096,1408,767.711,978.629,981.478,1.0135
mixed,64,8,0.125,4.0,256,4096,2048,8192,2816,882.883,1310.502,1295.009,0.9638
mixed,64,8,0.125,4.0,256,4096,4096,16384,5632,1116.932,1932.257,1904.87,0.9664
mixed,64,8,0.125,4.0,256,8192,128,512,176,969.026,1026.851,962.37,-0.1151
mixed,64,8,0.125,4.0,256,8192,256,1024,352,991.041,1057.6,990.498,-0.0082
mixed,64,8,0.125,4.0,256,8192,512,2048,704,1029.217,1135.582,1013.665,-0.1462
mixed,64,8,0.125,4.0,256,8192,1024,4096,1408,1077.829,1294.056,1059.461,-0.0849
mixed,64,8,0.125,4.0,256,8192,2048,8192,2816,1199.202,1614.472,1588.932,0.9385
mixed,64,8,0.125,4.0,256,8192,4096,16384,5632,1417.312,2251.618,2209.03,0.949
mixed,64,8,0.125,4.0,512,0,128,512,176,524.831,551.042,522.24,-0.0989
mixed,64,8,0.125,4.0,512,0,256,1024,352,541.216,565.216,536.515,-0.1959
mixed,64,8,0.125,4.0,512,0,512,2048,704,551.487,624.673,606.143,0.7468
mixed,64,8,0.125,4.0,512,0,1024,4096,1408,593.122,787.842,769.091,0.9037
mixed,64,8,0.125,4.0,512,0,2048,8192,2816,699.393,1106.949,1088.159,0.9539
mixed,64,8,0.125,4.0,512,0,4096,16384,5632,906.753,1740.895,1715.012,0.969
mixed,64,8,0.125,4.0,512,512,128,512,176,614.722,648.61,613.379,-0.0396
mixed,64,8,0.125,4.0,512,512,256,1024,352,633.25,691.778,628.036,-0.0891
mixed,64,8,0.125,4.0,512,512,512,2048,704,663.583,774.882,705.214,0.374
mixed,64,8,0.125,4.0,512,512,1024,4096,1408,720.483,924.321,866.559,0.7166
mixed,64,8,0.125,4.0,512,512,2048,8192,2816,831.138,1237.574,1172.354,0.8395
mixed,64,8,0.125,4.0,512,512,4096,16384,5632,1043.84,1868.579,1799.328,0.916
mixed,64,8,0.125,4.0,512,1024,128,512,176,690.43,727.938,687.875,-0.0681
mixed,64,8,0.125,4.0,512,1024,256,1024,352,707.681,770.535,703.011,-0.0743
mixed,64,8,0.125,4.0,512,1024,512,2048,704,743.234,850.245,748.99,0.0538
mixed,64,8,0.125,4.0,512,1024,1024,4096,1408,801.441,1004.994,901.985,0.4939
mixed,64,8,0.125,4.0,512,1024,2048,8192,2816,912.003,1320.488,1216.357,0.7451
mixed,64,8,0.125,4.0,512,1024,4096,16384,5632,1124.162,1953.092,1829.862,0.8513
mixed,64,8,0.125,4.0,512,2048,128,512,176,847.073,877.696,841.155,-0.1933
mixed,64,8,0.125,4.0,512,2048,256,1024,352,860.007,922.883,858.373,-0.026
mixed,64,8,0.125,4.0,512,2048,512,2048,704,898.622,1006.246,880.26,-0.1706
mixed,64,8,0.125,4.0,512,2048,1024,4096,1408,954.879,1161.863,983.904,0.1402
mixed,64,8,0.125,4.0,512,2048,2048,8192,2816,1066.528,1477.696,1296.387,0.559
mixed,64,8,0.125,4.0,512,2048,4096,16384,5632,1276.543,2105.732,1915.14,0.7701
mixed,64,8,0.125,4.0,512,4096,128,512,176,1128.738,1180.226,1126.817,-0.0373
mixed,64,8,0.125,4.0,512,4096,256,1024,352,1151.968,1221.54,1154.503,0.0364
mixed,64,8,0.125,4.0,512,4096,512,2048,704,1197.701,1303.781,1180.867,-0.1587
mixed,64,8,0.125,4.0,512,4096,1024,4096,1408,1258.947,1460.801,1226.052,-0.163
mixed,64,8,0.125,4.0,512,4096,2048,8192,2816,1365.923,1780.133,1450.757,0.2048
mixed,64,8,0.125,4.0,512,4096,4096,16384,5632,1578.465,2408.453,2075.942,0.5994
mixed,64,8,0.125,4.0,512,8192,128,512,176,1746.468,1738.53,1743.235,
mixed,64,8,0.125,4.0,512,8192,256,1024,352,1737.189,1829.987,1736.832,-0.0038
mixed,64,8,0.125,4.0,512,8192,512,2048,704,1736.452,1914.148,1735.971,-0.0027
mixed,64,8,0.125,4.0,512,8192,1024,4096,1408,1860.26,2072.485,1832.298,-0.1318
mixed,64,8,0.125,4.0,512,8192,2048,8192,2816,1971.172,2380.069,1912.007,-0.1447
mixed,64,8,0.125,4.0,512,8192,4096,16384,5632,2187.459,3024.391,2376.36,0.2257
mixed,64,8,0.125,4.0,1024,0,128,512,176,826.497,850.112,846.848,0.8618
mixed,64,8,0.125,4.0,1024,0,256,1024,352,836.386,883.105,854.69,0.3918
mixed,64,8,0.125,4.0,1024,0,512,2048,704,861.122,937.024,887.684,0.35
mixed,64,8,0.125,4.0,1024,0,1024,4096,1408,901.499,1038.531,936.288,0.2539
mixed,64,8,0.125,4.0,1024,0,2048,8192,2816,977.315,1234.114,1035.201,0.2254
mixed,64,8,0.125,4.0,1024,0,4096,16384,5632,1115.621,1645.763,1213.122,0.1839
mixed,64,8,0.125,4.0,1024,512,128,512,176,991.806,1015.363,1003.875,0.5123
mixed,64,8,0.125,4.0,1024,512,256,1024,352,998.115,1046.305,1024.037,0.5379
mixed,64,8,0.125,4.0,1024,512,512,2048,704,1026.333,1096.711,1053.219,0.382
mixed,64,8,0.125,4.0,1024,512,1024,4096,1408,1058.084,1202.626,1094.816,0.2541
mixed,64,8,0.125,4.0,1024,512,2048,8192,2816,1136.773,1392.901,1196.676,0.2339
mixed,64,8,0.125,4.0,1024,512,4096,16384,5632,1271.942,1808.01,1369.606,0.1822
mixed,64,8,0.125,4.0,1024,1024,128,512,176,1062.725,1087.295,1083.292,0.8371
mixed,64,8,0.125,4.0,1024,1024,256,1024,352,1075.554,1118.186,1099.198,0.5546
mixed,64,8,0.125,4.0,1024,1024,512,2048,704,1098.945,1173.57,1126.537,0.3697
mixed,64,8,0.125,4.0,1024,1024,1024,4096,1408,1147.295,1275.104,1177.725,0.2381
mixed,64,8,0.125,4.0,1024,1024,2048,8192,2816,1212.96,1472.263,1274.084,0.2357
mixed,64,8,0.125,4.0,1024,1024,4096,16384,5632,1348.358,1880.837,1451.037,0.1928
mixed,64,8,0.125,4.0,1024,2048,128,512,176,1224.035,1243.998,1240.166,0.808
mixed,64,8,0.125,4.0,1024,2048,256,1024,352,1228.68,1270.751,1248.481,0.4707
mixed,64,8,0.125,4.0,1024,2048,512,2048,704,1255.325,1325.702,1279.688,0.3462
mixed,64,8,0.125,4.0,1024,2048,1024,4096,1408,1290.501,1421.955,1328.452,0.2887
mixed,64,8,0.125,4.0,1024,2048,2048,8192,2816,1363.144,1619.232,1416.029,0.2065
mixed,64,8,0.125,4.0,1024,2048,4096,16384,5632,1494.178,2026.918,1600.934,0.2004
mixed,64,8,0.125,4.0,1024,4096,128,512,176,1548.67,1570.878,1565.786,0.7707
mixed,64,8,0.125,4.0,1024,4096,256,1024,352,1557.413,1598.948,1578.347,0.504
mixed,64,8,0.125,4.0,1024,4096,512,2048,704,1581.473,1649.7,1608.264,0.3927
mixed,64,8,0.125,4.0,1024,4096,1024,4096,1408,1620.159,1750.822,1654.37,0.2618
mixed,64,8,0.125,4.0,1024,4096,2048,8192,2816,1690.659,1947.112,1750.661,0.234
mixed,64,8,0.125,4.0,1024,4096,4096,16384,5632,1826.187,2336.674,1924.767,0.1931
mixed,64,8,0.125,4.0,1024,8192,128,512,176,2172.01,2196.516,2186.345,0.585
mixed,64,8,0.125,4.0,1024,8192,256,1024,352,2179.339,2220.035,2203.815,0.6014
mixed,64,8,0.125,4.0,1024,8192,512,2048,704,2198.666,2276.865,2229.093,0.3891
mixed,64,8,0.125,4.0,1024,8192,1024,4096,1408,2246.432,2370.633,2273.705,0.2196
mixed,64,8,0.125,4.0,1024,8192,2048,8192,2816,2321.155,2575.268,2367.686,0.1831
mixed,64,8,0.125,4.0,1024,8192,4096,16384,5632,2450.122,2968.65,2550.049,0.1927
mixed,64,8,0.125,4.0,2048,0,128,512,176,1559.263,1577.031,1575.588,0.9188
mixed,64,8,0.125,4.0,2048,0,256,1024,352,1564.769,1609.917,1589.027,0.5373
mixed,64,8,0.125,4.0,2048,0,512,2048,704,1590.314,1665.538,1618.534,0.3751
mixed,64,8,0.125,4.0,2048,0,1024,4096,1408,1628.649,1773.381,1662.852,0.2363
mixed,64,8,0.125,4.0,2048,0,2048,8192,2816,1703.145,1958.913,1763.306,0.2352
mixed,64,8,0.125,4.0,2048,0,4096,16384,5632,1838.66,2343.876,1941.697,0.2039
mixed,64,8,0.125,4.0,2048,512,128,512,176,1778.085,1799.778,1794.981,0.7789
mixed,64,8,0.125,4.0,2048,512,256,1024,352,1786.307,1831.915,1813.541,0.5971
mixed,64,8,0.125,4.0,2048,512,512,2048,704,1813.351,1881.287,1837.022,0.3484
mixed,64,8,0.125,4.0,2048,512,1024,4096,1408,1850.208,1984.296,1885.698,0.2647
mixed,64,8,0.125,4.0,2048,512,2048,8192,2816,1921.446,2187.553,1982.594,0.2298
mixed,64,8,0.125,4.0,2048,512,4096,16384,5632,2053.379,2585.185,2152.103,0.1856
mixed,64,8,0.125,4.0,2048,1024,128,512,176,1889.318,1918.185,1907.841,0.6417
mixed,64,8,0.125,4.0,2048,1024,256,1024,352,1901.094,1938.405,1921.761,0.5539
mixed,64,8,0.125,4.0,2048,1024,512,2048,704,1922.722,1992.29,1958.089,0.5084
mixed,64,8,0.125,4.0,2048,1024,1024,4096,1408,1959.526,2096.457,1996.837,0.2725
mixed,64,8,0.125,4.0,2048,1024,2048,8192,2816,2036.196,2284.424,2093.888,0.2324
mixed,64,8,0.125,4.0,2048,1024,4096,16384,5632,2172.101,2688.902,2271.24,0.1918
mixed,64,8,0.125,4.0,2048,2048,128,512,176,2129.344,2152.71,2146.304,0.7258
mixed,64,8,0.125,4.0,2048,2048,256,1024,352,2134.306,2175.237,2159.367,0.6123
mixed,64,8,0.125,4.0,2048,2048,512,2048,704,2153.574,2228.999,2190.823,0.4939
mixed,64,8,0.125,4.0,2048,2048,1024,4096,1408,2192.522,2330.852,2235.264,0.309
mixed,64,8,0.125,4.0,2048,2048,2048,8192,2816,2271.915,2516.907,2326.08,0.2211
mixed,64,8,0.125,4.0,2048,2048,4096,16384,5632,2403.426,2917.513,2504.13,0.1959
mixed,64,8,0.125,4.0,2048,4096,128,512,176,2585.895,2611.111,2607.366,0.8515
mixed,64,8,0.125,4.0,2048,4096,256,1024,352,2600.679,2640.682,2623.17,0.5622
mixed,64,8,0.125,4.0,2048,4096,512,2048,704,2619.913,2687.174,2653.254,0.4957
mixed,64,8,0.125,4.0,2048,4096,1024,4096,1408,2671.625,2802.375,2702.982,0.2398
mixed,64,8,0.125,4.0,2048,4096,2048,8192,2816,2733.861,2980.454,2790.952,0.2315
mixed,64,8,0.125,4.0,2048,4096,4096,16384,5632,2864.838,3367.908,2972.428,0.2139
mixed,64,8,0.125,4.0,2048,8192,128,512,176,3478.723,3500.449,3496.997,0.8411
mixed,64,8,0.125,4.0,2048,8192,256,1024,352,3500.231,3532.269,3520.964,0.6471
mixed,64,8,0.125,4.0,2048,8192,512,2048,704,3515.213,3578.437,3540.012,0.3922
mixed,64,8,0.125,4.0,2048,8192,1024,4096,1408,3558.412,3685.159,3585.002,0.2098
mixed,64,8,0.125,4.0,2048,8192,2048,8192,2816,3617.485,3890.186,3681.16,0.2335
mixed,64,8,0.125,4.0,2048,8192,4096,16384,5632,3750.188,4278.666,3864.173,0.2157
pure,64,16,0.25,4.0,0,0,128,512,224,230.242,277.661,254.53,0.5122
pure,64,16,0.25,4.0,0,0,256,1024,448,275.867,307.296,266.463,-0.2992
pure,64,16,0.25,4.0,0,0,512,2048,896,300.675,357.661,324.32,0.4149
pure,64,16,0.25,4.0,0,0,1024,4096,1792,349.056,460.735,376.868,0.249
pure,64,16,0.25,4.0,0,0,2048,8192,3584,433.856,657.761,480.898,0.2101
pure,64,16,0.25,4.0,0,0,4096,16384,7168,612.255,1048.29,663.744,0.1181
mixed,64,16,0.25,4.0,16,0,128,512,224,247.395,296.864,271.679,0.4909
mixed,64,16,0.25,4.0,16,0,256,1024,448,286.117,322.971,286.529,0.0112
mixed,64,16,0.25,4.0,16,0,512,2048,896,315.967,377.375,306.046,-0.1616
mixed,64,16,0.25,4.0,16,0,1024,4096,1792,364.352,480.642,393.249,0.2485
mixed,64,16,0.25,4.0,16,0,2048,8192,3584,451.776,674.499,493.566,0.1876
mixed,64,16,0.25,4.0,16,0,4096,16384,7168,629.665,1070.557,682.977,0.1209
mixed,64,16,0.25,4.0,16,512,128,512,224,312.544,336.894,287.745,-1.0184
mixed,64,16,0.25,4.0,16,512,256,1024,448,331.038,376.993,294.498,-0.7951
mixed,64,16,0.25,4.0,16,512,512,2048,896,363.907,433.668,307.934,-0.8024
mixed,64,16,0.25,4.0,16,512,1024,4096,1792,424.445,535.84,350.722,-0.6618
mixed,64,16,0.25,4.0,16,512,2048,8192,3584,509.315,727.586,497.118,-0.0559
mixed,64,16,0.25,4.0,16,512,4096,16384,7168,676.032,1108.992,686.431,0.024
mixed,64,16,0.25,4.0,16,1024,128,512,224,287.615,337.986,297.73,0.2008
mixed,64,16,0.25,4.0,16,1024,256,1024,448,330.884,382.083,299.903,-0.6051
mixed,64,16,0.25,4.0,16,1024,512,2048,896,367.424,466.142,318.239,-0.4982
mixed,64,16,0.25,4.0,16,1024,1024,4096,1792,439.9,578.946,353.122,-0.6241
mixed,64,16,0.25,4.0,16,1024,2048,8192,3584,550.85,765.347,494.53,-0.2626
mixed,64,16,0.25,4.0,16,1024,4096,16384,7168,712.066,1149.089,684.29,-0.0636
mixed,64,16,0.25,4.0,16,2048,128,512,224,294.977,339.937,308.835,0.3082
mixed,64,16,0.25,4.0,16,2048,256,1024,448,329.026,377.444,327.04,-0.041
mixed,64,16,0.25,4.0,16,2048,512,2048,896,369.507,469.186,321.664,-0.48
mixed,64,16,0.25,4.0,16,2048,1024,4096,1792,450.466,637.636,365.605,-0.4534
mixed,64,16,0.25,4.0,16,2048,2048,8192,3584,591.521,837.249,441.854,-0.6091
mixed,64,16,0.25,4.0,16,2048,4096,16384,7168,788.0,1221.828,682.18,-0.2439
mixed,64,16,0.25,4.0,16,4096,128,512,224,314.463,320.13,308.095,-1.1237
mixed,64,16,0.25,4.0,16,4096,256,1024,448,318.208,381.022,321.794,0.0571
mixed,64,16,0.25,4.0,16,4096,512,2048,896,368.002,467.2,367.073,-0.0094
mixed,64,16,0.25,4.0,16,4096,1024,4096,1792,439.168,644.838,438.083,-0.0053
mixed,64,16,0.25,4.0,16,4096,2048,8192,3584,593.892,975.747,452.77,-0.3696
mixed,64,16,0.25,4.0,16,4096,4096,16384,7168,890.948,1366.147,621.473,-0.5671
mixed,64,16,0.25,4.0,16,8192,128,512,224,336.098,365.218,339.807,0.1274
mixed,64,16,0.25,4.0,16,8192,256,1024,448,358.27,356.864,344.866,
mixed,64,16,0.25,4.0,16,8192,512,2048,896,355.233,462.621,364.417,0.0855
mixed,64,16,0.25,4.0,16,8192,1024,4096,1792,437.922,629.694,447.394,0.0494
mixed,64,16,0.25,4.0,16,8192,2048,8192,3584,582.63,964.671,605.314,0.0594
mixed,64,16,0.25,4.0,16,8192,4096,16384,7168,882.24,1658.948,628.743,-0.3264
mixed,64,16,0.25,4.0,32,0,128,512,224,248.679,315.617,278.046,0.4387
mixed,64,16,0.25,4.0,32,0,256,1024,448,311.17,340.413,288.099,-0.7889
mixed,64,16,0.25,4.0,32,0,512,2048,896,335.49,382.332,311.103,-0.5206
mixed,64,16,0.25,4.0,32,0,1024,4096,1792,370.911,486.5,399.519,0.2475
mixed,64,16,0.25,4.0,32,0,2048,8192,3584,460.033,682.881,497.858,0.1697
mixed,64,16,0.25,4.0,32,0,4096,16384,7168,633.057,1076.259,687.139,0.122
mixed,64,16,0.25,4.0,32,512,128,512,224,288.223,343.103,314.116,0.4718
mixed,64,16,0.25,4.0,32,512,256,1024,448,338.4,377.922,301.279,-0.9392
mixed,64,16,0.25,4.0,32,512,512,2048,896,369.762,436.801,314.524,-0.824
mixed,64,16,0.25,4.0,32,512,1024,4096,1792,423.682,540.483,358.942,-0.5543
mixed,64,16,0.25,4.0,32,512,2048,8192,3584,515.588,729.792,528.671,0.0611
mixed,64,16,0.25,4.0,32,512,4096,16384,7168,686.017,1123.713,737.088,0.1167
mixed,64,16,0.25,4.0,32,1024,128,512,224,298.946,345.215,308.607,0.2088
mixed,64,16,0.25,4.0,32,1024,256,1024,448,337.793,388.227,331.46,-0.1256
mixed,64,16,0.25,4.0,32,1024,512,2048,896,372.547,465.539,326.111,-0.4994
mixed,64,16,0.25,4.0,32,1024,1024,4096,1792,444.448,572.13,363.91,-0.6308
mixed,64,16,0.25,4.0,32,1024,2048,8192,3584,548.93,763.139,451.904,-0.453
mixed,64,16,0.25,4.0,32,1024,4096,16384,7168,715.907,1153.383,749.727,0.0773
mixed,64,16,0.25,4.0,32,2048,128,512,224,313.628,319.967,315.715,0.3292
mixed,64,16,0.25,4.0,32,2048,256,1024,448,318.243,384.574,326.975,0.1316
mixed,64,16,0.25,4.0,32,2048,512,2048,896,373.601,467.299,365.986,-0.0813
mixed,64,16,0.25,4.0,32,2048,1024,4096,1792,442.915,635.456,449.377,0.0336
mixed,64,16,0.25,4.0,32,2048,2048,8192,3584,594.211,827.682,449.696,-0.619
mixed,64,16,0.25,4.0,32,2048,4096,16384,7168,783.685,1218.629,628.354,-0.3571
mixed,64,16,0.25,4.0,32,4096,128,512,224,339.681,364.194,331.329,-0.3407
mixed,64,16,0.25,4.0,32,4096,256,1024,448,355.711,355.714,350.815,-1632.0
mixed,64,16,0.25,4.0,32,4096,512,2048,896,358.176,463.202,368.257,0.096
mixed,64,16,0.25,4.0,32,4096,1024,4096,1792,448.868,631.105,449.893,0.0056
mixed,64,16,0.25,4.0,32,4096,2048,8192,3584,585.986,957.281,612.579,0.0716
mixed,64,16,0.25,4.0,32,4096,4096,16384,7168,875.553,1358.148,627.006,-0.515
mixed,64,16,0.25,4.0,32,8192,128,512,224,383.075,386.879,375.874,-1.893
mixed,64,16,0.25,4.0,32,8192,256,1024,448,390.433,445.373,388.899,-0.0279
mixed,64,16,0.25,4.0,32,8192,512,2048,896,430.273,439.041,409.852,-2.329
mixed,64,16,0.25,4.0,32,8192,1024,4096,1792,436.032,629.984,448.357,0.0635
mixed,64,16,0.25,4.0,32,8192,2048,8192,3584,588.672,946.179,614.338,0.0718
mixed,64,16,0.25,4.0,32,8192,4096,16384,7168,869.603,1607.137,927.62,0.0787
mixed,64,16,0.25,4.0,64,0,128,512,224,256.481,324.447,285.665,0.4294
mixed,64,16,0.25,4.0,64,0,256,1024,448,323.074,353.154,295.424,-0.9192
mixed,64,16,0.25,4.0,64,0,512,2048,896,345.661,404.035,318.34,-0.468
mixed,64,16,0.25,4.0,64,0,1024,4096,1792,390.529,506.791,410.15,0.1688
mixed,64,16,0.25,4.0,64,0,2048,8192,3584,475.428,696.894,500.993,0.1154
mixed,64,16,0.25,4.0,64,0,4096,16384,7168,649.983,1091.685,681.445,0.0712
mixed,64,16,0.25,4.0,64,512,128,512,224,312.188,359.455,319.069,0.1456
mixed,64,16,0.25,4.0,64,512,256,1024,448,352.709,382.884,349.537,-0.1051
mixed,64,16,0.25,4.0,64,512,512,2048,896,371.773,436.351,325.921,-0.71
mixed,64,16,0.25,4.0,64,512,1024,4096,1792,422.017,548.354,421.634,-0.003
mixed,64,16,0.25,4.0,64,512,2048,8192,3584,519.39,739.328,518.081,-0.006
mixed,64,16,0.25,4.0,64,512,4096,16384,7168,683.711,1129.185,686.338,0.0059
mixed,64,16,0.25,4.0,64,1024,128,512,224,332.96,331.749,341.535,
mixed,64,16,0.25,4.0,64,1024,256,1024,448,329.691,398.051,342.147,0.1822
mixed,64,16,0.25,4.0,64,1024,512,2048,896,388.71,461.38,390.017,0.018
mixed,64,16,0.25,4.0,64,1024,1024,4096,1792,441.125,576.64,446.338,0.0385
mixed,64,16,0.25,4.0,64,1024,2048,8192,3584,549.765,763.872,554.239,0.0209
mixed,64,16,0.25,4.0,64,1024,4096,16384,7168,715.68,1153.41,729.216,0.0309
mixed,64,16,0.25,4.0,64,2048,128,512,224,352.737,383.904,347.392,-0.1715
mixed,64,16,0.25,4.0,64,2048,256,1024,448,369.761,368.993,388.997,
mixed,64,16,0.25,4.0,64,2048,512,2048,896,369.122,478.497,384.195,0.1378
mixed,64,16,0.25,4.0,64,2048,1024,4096,1792,461.413,628.549,470.303,0.0532
mixed,64,16,0.25,4.0,64,2048,2048,8192,3584,585.345,823.455,608.257,0.0962
mixed,64,16,0.25,4.0,64,2048,4096,16384,7168,775.551,1211.973,801.57,0.0596
mixed,64,16,0.25,4.0,64,4096,128,512,224,410.432,401.925,411.492,
mixed,64,16,0.25,4.0,64,4096,256,1024,448,400.546,460.032,401.122,0.0097
mixed,64,16,0.25,4.0,64,4096,512,2048,896,442.595,446.147,449.606,1.9738
mixed,64,16,0.25,4.0,64,4096,1024,4096,1792,448.928,639.428,462.717,0.0724
mixed,64,16,0.25,4.0,64,4096,2048,8192,3584,605.698,946.402,635.681,0.088
mixed,64,16,0.25,4.0,64,4096,4096,16384,7168,863.455,1340.868,931.46,0.1424
mixed,64,16,0.25,4.0,64,8192,128,512,224,489.859,512.417,494.593,0.2099
mixed,64,16,0.25,4.0,64,8192,256,1024,448,509.475,510.465,531.041,21.7838
mixed,64,16,0.25,4.0,64,8192,512,2048,896,507.361,616.867,510.752,0.031
mixed,64,16,0.25,4.0,64,8192,1024,4096,1792,579.073,611.397,600.927,0.6761
mixed,64,16,0.25,4.0,64,8192,2048,8192,3584,610.722,956.128,628.542,0.0516
mixed,64,16,0.25,4.0,64,8192,4096,16384,7168,885.67,1581.156,955.683,0.1007
mixed,64,16,0.25,4.0,128,0,128,512,224,281.79,360.545,314.4,0.4141
mixed,64,16,0.25,4.0,128,0,256,1024,448,356.32,386.115,344.096,-0.4103
mixed,64,16,0.25,4.0,128,0,512,2048,896,381.186,438.69,380.834,-0.0061
mixed,64,16,0.25,4.0,128,0,1024,4096,1792,431.968,541.472,472.192,0.3673
mixed,64,16,0.25,4.0,128,0,2048,8192,3584,515.775,739.774,657.634,0.6333
mixed,64,16,0.25,4.0,128,0,4096,16384,7168,686.406,1135.811,995.809,0.6885
mixed,64,16,0.25,4.0,128,512,128,512,224,381.281,339.966,392.645,
mixed,64,16,0.25,4.0,128,512,256,1024,448,338.401,413.858,358.529,0.2667
mixed,64,16,0.25,4.0,128,512,512,2048,896,404.546,470.049,398.848,-0.087
mixed,64,16,0.25,4.0,128,512,1024,4096,1792,450.945,579.395,472.706,0.1694
mixed,64,16,0.25,4.0,128,512,2048,8192,3584,552.767,763.874,632.192,0.3762
mixed,64,16,0.25,4.0,128,512,4096,16384,7168,717.596,1156.931,947.015,0.5222
mixed,64,16,0.25,4.0,128,1024,128,512,224,408.897,431.042,420.131,0.5073
mixed,64,16,0.25,4.0,128,1024,256,1024,448,430.048,375.167,432.545,
mixed,64,16,0.25,4.0,128,1024,512,2048,896,384.797,494.722,397.634,0.1168
mixed,64,16,0.25,4.0,128,1024,1024,4096,1792,483.679,603.971,484.575,0.0074
mixed,64,16,0.25,4.0,128,1024,2048,8192,3584,574.947,799.619,631.776,0.2529
mixed,64,16,0.25,4.0,128,1024,4096,16384,7168,751.327,1189.445,949.087,0.4514
mixed,64,16,0.25,4.0,128,2048,128,512,224,445.824,470.24,468.068,0.911
mixed,64,16,0.25,4.0,128,2048,256,1024,448,461.765,511.744,504.962,0.8643
mixed,64,16,0.25,4.0,128,2048,512,2048,896,501.761,455.425,526.464,
mixed,64,16,0.25,4.0,128,2048,1024,4096,1792,458.756,662.017,484.833,0.1283
mixed,64,16,0.25,4.0,128,2048,2048,8192,3584,622.69,852.802,644.034,0.0928
mixed,64,16,0.25,4.0,128,2048,4096,16384,7168,816.256,1254.471,942.115,0.2872
mixed,64,16,0.25,4.0,128,4096,128,512,224,524.098,552.61,544.834,0.7273
mixed,64,16,0.25,4.0,128,4096,256,1024,448,540.354,590.563,581.377,0.817
mixed,64,16,0.25,4.0,128,4096,512,2048,896,583.296,666.144,674.338,1.0989
mixed,64,16,0.25,4.0,128,4096,1024,4096,1792,648.898,621.536,682.877,
mixed,64,16,0.25,4.0,128,4096,2048,8192,3584,629.824,972.132,649.763,0.0582
mixed,64,16,0.25,4.0,128,4096,4096,16384,7168,899.232,1374.341,962.724,0.1336
mixed,64,16,0.25,4.0,128,8192,128,512,224,684.995,699.682,684.067,-0.0632
mixed,64,16,0.25,4.0,128,8192,256,1024,448,705.024,751.136,695.971,-0.1963
mixed,64,16,0.25,4.0,128,8192,512,2048,896,739.037,828.645,830.055,1.0157
mixed,64,16,0.25,4.0,128,8192,1024,4096,1792,805.284,992.77,991.236,0.9918
mixed,64,16,0.25,4.0,128,8192,2048,8192,3584,949.023,941.504,999.839,
mixed,64,16,0.25,4.0,128,8192,4096,16384,7168,937.088,1607.207,959.75,0.0338
mixed,64,16,0.25,4.0,256,0,128,512,224,371.295,370.525,368.926,
mixed,64,16,0.25,4.0,256,0,256,1024,448,372.83,415.396,402.788,0.7038
mixed,64,16,0.25,4.0,256,0,512,2048,896,398.758,490.4,489.505,0.9902
mixed,64,16,0.25,4.0,256,0,1024,4096,1792,473.089,658.658,643.264,0.917
mixed,64,16,0.25,4.0,256,0,2048,8192,3584,621.153,964.384,963.234,0.9966
mixed,64,16,0.25,4.0,256,0,4096,16384,7168,881.696,1603.878,1576.165,0.9616
mixed,64,16,0.25,4.0,256,512,128,512,224,414.532,437.502,431.135,0.7228
mixed,64,16,0.25,4.0,256,512,256,1024,448,423.714,475.52,478.595,1.0594
mixed,64,16,0.25,4.0,256,512,512,2048,896,466.177,567.681,540.641,0.7336
mixed,64,16,0.25,4.0,256,512,1024,4096,1792,522.787,719.107,707.714,0.942
mixed,64,16,0.25,4.0,256,512,2048,8192,3584,677.123,1042.561,1012.771,0.9185
mixed,64,16,0.25,4.0,256,512,4096,16384,7168,945.602,1666.403,1634.659,0.956
mixed,64,16,0.25,4.0,256,1024,128,512,224,454.788,485.088,466.465,0.3854
mixed,64,16,0.25,4.0,256,1024,256,1024,448,468.065,512.96,504.833,0.819
mixed,64,16,0.25,4.0,256,1024,512,2048,896,493.825,592.1,582.717,0.9045
mixed,64,16,0.25,4.0,256,1024,1024,4096,1792,580.896,759.133,738.975,0.8869
mixed,64,16,0.25,4.0,256,1024,2048,8192,3584,700.71,1072.801,1052.706,0.946
mixed,64,16,0.25,4.0,256,1024,4096,16384,7168,998.275,1707.014,1673.412,0.9526
mixed,64,16,0.25,4.0,256,2048,128,512,224,529.566,550.817,533.411,0.1809
mixed,64,16,0.25,4.0,256,2048,256,1024,448,545.727,597.824,587.455,0.801
mixed,64,16,0.25,4.0,256,2048,512,2048,896,582.531,668.29,655.393,0.8496
mixed,64,16,0.25,4.0,256,2048,1024,4096,1792,642.751,817.089,824.289,1.0413
mixed,64,16,0.25,4.0,256,2048,2048,8192,3584,796.963,1137.634,1128.583,0.9734
mixed,64,16,0.25,4.0,256,2048,4096,16384,7168,1065.252,1783.845,1762.051,0.9697
mixed,64,16,0.25,4.0,256,4096,128,512,224,684.835,706.817,672.864,-0.5446
mixed,64,16,0.25,4.0,256,4096,256,1024,448,706.339,756.0,695.302,-0.2222
mixed,64,16,0.25,4.0,256,4096,512,2048,896,732.325,818.689,812.644,0.93
mixed,64,16,0.25,4.0,256,4096,1024,4096,1792,800.129,984.07,978.435,0.9694
mixed,64,16,0.25,4.0,256,4096,2048,8192,3584,951.745,1305.284,1287.11,0.9486
mixed,64,16,0.25,4.0,256,4096,4096,16384,7168,1219.171,1925.123,1911.11,0.9802
mixed,64,16,0.25,4.0,256,8192,128,512,224,967.299,1013.985,972.13,0.1035
mixed,64,16,0.25,4.0,256,8192,256,1024,448,1011.105,1048.23,993.793,-0.4663
mixed,64,16,0.25,4.0,256,8192,512,2048,896,1040.162,1133.669,1020.481,-0.2105
mixed,64,16,0.25,4.0,256,8192,1024,4096,1792,1113.955,1298.178,1287.074,0.9397
mixed,64,16,0.25,4.0,256,8192,2048,8192,3584,1255.458,1614.531,1589.83,0.9312
mixed,64,16,0.25,4.0,256,8192,4096,16384,7168,1533.314,2254.597,2217.994,0.9493
mixed,64,16,0.25,4.0,512,0,128,512,224,531.806,546.526,531.488,-0.0216
mixed,64,16,0.25,4.0,512,0,256,1024,448,544.444,567.491,539.138,-0.2302
mixed,64,16,0.25,4.0,512,0,512,2048,896,560.192,627.329,609.279,0.7311
mixed,64,16,0.25,4.0,512,0,1024,4096,1792,605.031,791.267,774.34,0.9091
mixed,64,16,0.25,4.0,512,0,2048,8192,3584,751.685,1105.348,1094.977,0.9707
mixed,64,16,0.25,4.0,512,0,4096,16384,7168,1024.835,1741.249,1713.86,0.9618
mixed,64,16,0.25,4.0,512,512,128,512,224,616.418,646.4,635.845,0.648
mixed,64,16,0.25,4.0,512,512,256,1024,448,642.882,688.322,680.93,0.8373
mixed,64,16,0.25,4.0,512,512,512,2048,896,683.525,772.672,763.137,0.893
mixed,64,16,0.25,4.0,512,512,1024,4096,1792,753.825,925.154,917.698,0.9565
mixed,64,16,0.25,4.0,512,512,2048,8192,3584,886.05,1239.557,1227.809,0.9668
mixed,64,16,0.25,4.0,512,512,4096,16384,7168,1163.588,1868.742,1843.079,0.9636
mixed,64,16,0.25,4.0,512,1024,128,512,224,703.232,725.281,691.204,-0.5455
mixed,64,16,0.25,4.0,512,1024,256,1024,448,720.962,766.981,756.645,0.7754
mixed,64,16,0.25,4.0,512,1024,512,2048,896,762.116,849.857,840.325,0.8914
mixed,64,16,0.25,4.0,512,1024,1024,4096,1792,829.281,1002.723,999.424,0.981
mixed,64,16,0.25,4.0,512,1024,2048,8192,3584,964.995,1319.009,1306.79,0.9655
mixed,64,16,0.25,4.0,512,1024,4096,16384,7168,1234.277,1948.232,1921.509,0.9626
mixed,64,16,0.25,4.0,512,2048,128,512,224,847.203,878.466,843.974,-0.1033
mixed,64,16,0.25,4.0,512,2048,256,1024,448,875.781,922.82,859.683,-0.3422
mixed,64,16,0.25,4.0,512,2048,512,2048,896,911.074,999.044,992.613,0.9269
mixed,64,16,0.25,4.0,512,2048,1024,4096,1792,981.953,1163.844,1150.372,0.9259
mixed,64,16,0.25,4.0,512,2048,2048,8192,3584,1117.762,1471.688,1462.207,0.9732
mixed,64,16,0.25,4.0,512,2048,4096,16384,7168,1395.555,2110.534,2075.588,0.9511
mixed,64,16,0.25,4.0,512,4096,128,512,224,1128.549,1178.788,1123.361,-0.1033
mixed,64,16,0.25,4.0,512,4096,256,1024,448,1178.146,1222.918,1162.562,-0.3481
mixed,64,16,0.25,4.0,512,4096,512,2048,896,1210.692,1301.795,1184.513,-0.2874
mixed,64,16,0.25,4.0,512,4096,1024,4096,1792,1287.203,1459.015,1452.485,0.962
mixed,64,16,0.25,4.0,512,4096,2048,8192,3584,1418.852,1777.026,1765.604,0.9681
mixed,64,16,0.25,4.0,512,4096,4096,16384,7168,1701.319,2410.216,2384.166,0.9633
mixed,64,16,0.25,4.0,512,8192,128,512,224,1739.873,1732.998,1736.482,
mixed,64,16,0.25,4.0,512,8192,256,1024,448,1741.413,1827.301,1736.195,-0.0608
mixed,64,16,0.25,4.0,512,8192,512,2048,896,1798.244,1907.236,1789.217,-0.0828
mixed,64,16,0.25,4.0,512,8192,1024,4096,1792,1891.298,2064.548,1834.117,-0.33
mixed,64,16,0.25,4.0,512,8192,2048,8192,3584,2024.55,2378.822,2373.447,0.9848
mixed,64,16,0.25,4.0,512,8192,4096,16384,7168,2296.809,3018.377,2993.479,0.9655
mixed,64,16,0.25,4.0,1024,0,128,512,224,837.152,850.404,827.358,-0.7391
mixed,64,16,0.25,4.0,1024,0,256,1024,448,840.994,880.929,846.883,0.1475
mixed,64,16,0.25,4.0,1024,0,512,2048,896,876.096,931.172,896.414,0.3689
mixed,64,16,0.25,4.0,1024,0,1024,4096,1792,923.651,1042.687,950.435,0.225
mixed,64,16,0.25,4.0,1024,0,2048,8192,3584,1012.897,1230.718,1057.349,0.2041
mixed,64,16,0.25,4.0,1024,0,4096,16384,7168,1184.064,1646.407,1236.416,0.1132
mixed,64,16,0.25,4.0,1024,512,128,512,224,992.485,1010.176,988.706,-0.2136
mixed,64,16,0.25,4.0,1024,512,256,1024,448,1006.149,1040.127,998.277,-0.2317
mixed,64,16,0.25,4.0,1024,512,512,2048,896,1033.41,1097.121,1053.792,0.3199
mixed,64,16,0.25,4.0,1024,512,1024,4096,1792,1083.522,1199.907,1108.161,0.2117
mixed,64,16,0.25,4.0,1024,512,2048,8192,3584,1172.515,1391.107,1211.651,0.179
mixed,64,16,0.25,4.0,1024,512,4096,16384,7168,1348.002,1806.982,1405.895,0.1261
mixed,64,16,0.25,4.0,1024,1024,128,512,224,1072.861,1094.565,1065.346,-0.3462
mixed,64,16,0.25,4.0,1024,1024,256,1024,448,1090.015,1120.71,1081.346,-0.2824
mixed,64,16,0.25,4.0,1024,1024,512,2048,896,1110.049,1175.588,1134.761,0.3771
mixed,64,16,0.25,4.0,1024,1024,1024,4096,1792,1158.179,1273.315,1181.474,0.2023
mixed,64,16,0.25,4.0,1024,1024,2048,8192,3584,1252.707,1466.915,1289.922,0.1737
mixed,64,16,0.25,4.0,1024,1024,4096,16384,7168,1420.74,1885.224,1480.289,0.1282
mixed,64,16,0.25,4.0,1024,2048,128,512,224,1225.028,1241.954,1216.577,-0.4993
mixed,64,16,0.25,4.0,1024,2048,256,1024,448,1237.993,1272.709,1235.228,-0.0796
mixed,64,16,0.25,4.0,1024,2048,512,2048,896,1264.55,1322.627,1288.099,0.4055
mixed,64,16,0.25,4.0,1024,2048,1024,4096,1792,1311.681,1429.982,1344.611,0.2784
mixed,64,16,0.25,4.0,1024,2048,2048,8192,3584,1401.311,1620.197,1445.091,0.2
mixed,64,16,0.25,4.0,1024,2048,4096,16384,7168,1568.769,2028.009,1624.415,0.1212
mixed,64,16,0.25,4.0,1024,4096,128,512,224,1556.609,1570.562,1542.977,-0.977
mixed,64,16,0.25,4.0,1024,4096,256,1024,448,1565.572,1600.9,1567.909,0.0662
mixed,64,16,0.25,4.0,1024,4096,512,2048,896,1597.125,1654.184,1616.447,0.3386
mixed,64,16,0.25,4.0,1024,4096,1024,4096,1792,1644.006,1754.947,1663.717,0.1777
mixed,64,16,0.25,4.0,1024,4096,2048,8192,3584,1727.2,1948.201,1769.412,0.191
mixed,64,16,0.25,4.0,1024,4096,4096,16384,7168,1898.756,2344.126,1960.296,0.1382
mixed,64,16,0.25,4.0,1024,8192,128,512,224,2177.129,2191.718,2168.805,-0.5706
mixed,64,16,0.25,4.0,1024,8192,256,1024,448,2191.077,2223.045,2179.75,-0.3543
mixed,64,16,0.25,4.0,1024,8192,512,2048,896,2213.701,2276.134,2240.831,0.4345
mixed,64,16,0.25,4.0,1024,8192,1024,4096,1792,2264.351,2379.681,2289.381,0.217
mixed,64,16,0.25,4.0,1024,8192,2048,8192,3584,2350.379,2568.169,2396.484,0.2117
mixed,64,16,0.25,4.0,1024,8192,4096,16384,7168,2527.399,2975.973,2575.969,0.1083
mixed,64,16,0.25,4.0,2048,0,128,512,224,1562.788,1578.119,1557.993,-0.3128
mixed,64,16,0.25,4.0,2048,0,256,1024,448,1571.877,1606.82,1567.363,-0.1292
mixed,64,16,0.25,4.0,2048,0,512,2048,896,1604.066,1663.812,1621.187,0.2866
mixed,64,16,0.25,4.0,2048,0,1024,4096,1792,1652.26,1775.458,1675.391,0.1878
mixed,64,16,0.25,4.0,2048,0,2048,8192,3584,1735.238,1957.446,1783.424,0.2169
mixed,64,16,0.25,4.0,2048,0,4096,16384,7168,1913.481,2353.001,1958.015,0.1013
mixed,64,16,0.25,4.0,2048,512,128,512,224,1790.722,1811.141,1780.162,-0.5172
mixed,64,16,0.25,4.0,2048,512,256,1024,448,1802.726,1833.347,1791.65,-0.3617
mixed,64,16,0.25,4.0,2048,512,512,2048,896,1826.306,1886.115,1846.378,0.3356
mixed,64,16,0.25,4.0,2048,512,1024,4096,1792,1874.179,1992.17,1898.883,0.2094
mixed,64,16,0.25,4.0,2048,512,2048,8192,3584,1960.038,2175.398,2002.694,0.1981
mixed,64,16,0.25,4.0,2048,512,4096,16384,7168,2130.373,2587.724,2190.308,0.131
mixed,64,16,0.25,4.0,2048,1024,128,512,224,1895.141,1915.046,1893.41,-0.087
mixed,64,16,0.25,4.0,2048,1024,256,1024,448,1912.737,1940.065,1911.3,-0.0526
mixed,64,16,0.25,4.0,2048,1024,512,2048,896,1942.211,1994.696,1957.863,0.2982
mixed,64,16,0.25,4.0,2048,1024,1024,4096,1792,1986.177,2099.116,2010.532,0.2156
mixed,64,16,0.25,4.0,2048,1024,2048,8192,3584,2069.794,2288.588,2121.926,0.2383
mixed,64,16,0.25,4.0,2048,1024,4096,16384,7168,2239.171,2700.617,2293.064,0.1168
mixed,64,16,0.25,4.0,2048,2048,128,512,224,2131.367,2152.195,2130.984,-0.0184
mixed,64,16,0.25,4.0,2048,2048,256,1024,448,2141.73,2177.862,2136.097,-0.1559
mixed,64,16,0.25,4.0,2048,2048,512,2048,896,2167.653,2231.363,2196.614,0.4546
mixed,64,16,0.25,4.0,2048,2048,1024,4096,1792,2217.415,2337.993,2254.475,0.3074
mixed,64,16,0.25,4.0,2048,2048,2048,8192,3584,2301.896,2530.371,2349.929,0.2102
mixed,64,16,0.25,4.0,2048,2048,4096,16384,7168,2466.378,2913.957,2531.206,0.1448
mixed,64,16,0.25,4.0,2048,4096,128,512,224,2595.4,2612.863,2595.553,0.0088
mixed,64,16,0.25,4.0,2048,4096,256,1024,448,2608.011,2642.918,2606.6,-0.0404
mixed,64,16,0.25,4.0,2048,4096,512,2048,896,2633.353,2696.483,2659.904,0.4206
mixed,64,16,0.25,4.0,2048,4096,1024,4096,1792,2680.714,2799.397,2718.411,0.3176
mixed,64,16,0.25,4.0,2048,4096,2048,8192,3584,2767.885,2987.653,2813.833,0.2091
mixed,64,16,0.25,4.0,2048,4096,4096,16384,7168,2938.983,3370.888,2987.236,0.1117
mixed,64,16,0.25,4.0,2048,8192,128,512,224,3485.8,3507.016,3476.11,-0.4567
mixed,64,16,0.25,4.0,2048,8192,256,1024,448,3497.927,3525.862,3491.564,-0.2278
mixed,64,16,0.25,4.0,2048,8192,512,2048,896,3521.902,3578.962,3549.063,0.476
mixed,64,16,0.25,4.0,2048,8192,1024,4096,1792,3569.128,3697.737,3601.155,0.249
mixed,64,16,0.25,4.0,2048,8192,2048,8192,3584,3655.052,3885.93,3708.744,0.2326
mixed,64,16,0.25,4.0,2048,8192,4096,16384,7168,3833.926,4277.701,3890.475,0.1274
pure,64,32,0.5,4.0,0,0,128,512,320,270.146,277.375,265.408,-0.6554
pure,64,32,0.5,4.0,0,0,256,1024,640,285.987,305.057,284.194,-0.094
pure,64,32,0.5,4.0,0,0,512,2048,1280,322.687,359.36,311.614,-0.3019
pure,64,32,0.5,4.0,0,0,1024,4096,2560,381.666,463.14,384.832,0.0389
pure,64,32,0.5,4.0,0,0,2048,8192,5120,512.222,658.402,512.546,0.0022
pure,64,32,0.5,4.0,0,0,4096,16384,10240,755.037,1048.996,763.142,0.0276
mixed,64,32,0.5,4.0,16,0,128,512,320,282.432,293.12,280.547,-0.1764
mixed,64,32,0.5,4.0,16,0,256,1024,640,300.642,322.434,305.441,0.2202
mixed,64,32,0.5,4.0,16,0,512,2048,1280,336.129,377.503,334.722,-0.034
mixed,64,32,0.5,4.0,16,0,1024,4096,2560,402.37,481.217,400.702,-0.0212
mixed,64,32,0.5,4.0,16,0,2048,8192,5120,528.194,671.556,530.082,0.0132
mixed,64,32,0.5,4.0,16,0,4096,16384,10240,770.371,1068.703,781.602,0.0376
mixed,64,32,0.5,4.0,16,512,128,512,320,320.77,336.674,310.401,-0.652
mixed,64,32,0.5,4.0,16,512,256,1024,640,351.328,377.125,334.979,-0.6338
mixed,64,32,0.5,4.0,16,512,512,2048,1280,397.695,433.981,369.345,-0.7813
mixed,64,32,0.5,4.0,16,512,1024,4096,2560,462.432,533.25,429.443,-0.4658
mixed,64,32,0.5,4.0,16,512,2048,8192,5120,583.04,727.806,528.674,-0.3755
mixed,64,32,0.5,4.0,16,512,4096,16384,10240,821.121,1108.287,779.49,-0.145
mixed,64,32,0.5,4.0,16,1024,128,512,320,319.076,335.935,297.888,-1.2568
mixed,64,32,0.5,4.0,16,1024,256,1024,640,348.959,381.629,331.074,-0.5474
mixed,64,32,0.5,4.0,16,1024,512,2048,1280,406.432,464.035,381.314,-0.4361
mixed,64,32,0.5,4.0,16,1024,1024,4096,2560,491.617,573.057,456.095,-0.4362
mixed,64,32,0.5,4.0,16,1024,2048,8192,5120,617.6,764.702,568.833,-0.3315
mixed,64,32,0.5,4.0,16,1024,4096,16384,10240,865.091,1149.188,777.602,-0.308
mixed,64,32,0.5,4.0,16,2048,128,512,320,300.546,343.586,313.44,0.2996
mixed,64,32,0.5,4.0,16,2048,256,1024,640,349.985,382.687,316.703,-1.0177
mixed,64,32,0.5,4.0,16,2048,512,2048,1280,405.602,466.434,386.337,-0.3167
mixed,64,32,0.5,4.0,16,2048,1024,4096,2560,507.297,634.594,471.746,-0.2793
mixed,64,32,0.5,4.0,16,2048,2048,8192,5120,694.946,837.536,639.298,-0.3903
mixed,64,32,0.5,4.0,16,2048,4096,16384,10240,930.784,1221.859,835.651,-0.3268
mixed,64,32,0.5,4.0,16,4096,128,512,320,317.184,320.256,323.679,2.1143
mixed,64,32,0.5,4.0,16,4096,256,1024,640,323.712,377.885,327.746,0.0745
mixed,64,32,0.5,4.0,16,4096,512,2048,1280,396.319,466.431,400.319,0.0571
mixed,64,32,0.5,4.0,16,4096,1024,4096,2560,504.608,640.959,482.369,-0.1631
mixed,64,32,0.5,4.0,16,4096,2048,8192,5120,698.049,973.886,642.015,-0.2031
mixed,64,32,0.5,4.0,16,4096,4096,16384,10240,1083.714,1367.039,983.17,-0.3549
mixed,64,32,0.5,4.0,16,8192,128,512,320,338.881,366.273,332.161,-0.2453
mixed,64,32,0.5,4.0,16,8192,256,1024,640,381.312,358.688,373.475,
mixed,64,32,0.5,4.0,16,8192,512,2048,1280,406.562,461.127,402.851,-0.068
mixed,64,32,0.5,4.0,16,8192,1024,4096,2560,498.114,629.919,502.816,0.0357
mixed,64,32,0.5,4.0,16,8192,2048,8192,5120,707.491,962.114,677.729,-0.1169
mixed,64,32,0.5,4.0,16,8192,4096,16384,10240,1078.561,1658.881,978.211,-0.1729
mixed,64,32,0.5,4.0,32,0,128,512,320,301.377,314.496,296.227,-0.3926
mixed,64,32,0.5,4.0,32,0,256,1024,640,318.687,341.151,316.933,-0.0781
mixed,64,32,0.5,4.0,32,0,512,2048,1280,350.752,381.695,337.378,-0.4322
mixed,64,32,0.5,4.0,32,0,1024,4096,2560,411.136,488.228,405.187,-0.0772
mixed,64,32,0.5,4.0,32,0,2048,8192,5120,534.08,678.242,533.118,-0.0067
mixed,64,32,0.5,4.0,32,0,4096,16384,10240,785.444,1073.954,787.039,0.0055
mixed,64,32,0.5,4.0,32,512,128,512,320,324.291,341.634,294.719,-1.7051
mixed,64,32,0.5,4.0,32,512,256,1024,640,354.175,377.346,342.018,-0.5247
mixed,64,32,0.5,4.0,32,512,512,2048,1280,391.107,431.137,373.472,-0.4405
mixed,64,32,0.5,4.0,32,512,1024,4096,2560,464.127,550.083,432.896,-0.3633
mixed,64,32,0.5,4.0,32,512,2048,8192,5120,586.691,729.953,533.632,-0.3704
mixed,64,32,0.5,4.0,32,512,4096,16384,10240,831.267,1116.579,779.203,-0.1825
mixed,64,32,0.5,4.0,32,1024,128,512,320,303.997,345.184,306.078,0.0505
mixed,64,32,0.5,4.0,32,1024,256,1024,640,353.727,382.623,316.611,-1.2845
mixed,64,32,0.5,4.0,32,1024,512,2048,1280,402.307,465.376,384.161,-0.2877
mixed,64,32,0.5,4.0,32,1024,1024,4096,2560,490.18,574.627,462.784,-0.3244
mixed,64,32,0.5,4.0,32,1024,2048,8192,5120,621.409,764.902,572.033,-0.3441
mixed,64,32,0.5,4.0,32,1024,4096,16384,10240,864.643,1156.642,773.638,-0.3117
mixed,64,32,0.5,4.0,32,2048,128,512,320,338.976,317.982,333.375,
mixed,64,32,0.5,4.0,32,2048,256,1024,640,328.064,385.953,328.927,0.0149
mixed,64,32,0.5,4.0,32,2048,512,2048,1280,402.817,467.52,403.746,0.0144
mixed,64,32,0.5,4.0,32,2048,1024,4096,2560,494.018,635.332,470.432,-0.1669
mixed,64,32,0.5,4.0,32,2048,2048,8192,5120,686.916,829.12,631.425,-0.3902
mixed,64,32,0.5,4.0,32,2048,4096,16384,10240,924.225,1222.853,835.683,-0.2965
mixed,64,32,0.5,4.0,32,4096,128,512,320,337.343,365.668,335.936,-0.0497
mixed,64,32,0.5,4.0,32,4096,256,1024,640,385.855,357.669,381.281,
mixed,64,32,0.5,4.0,32,4096,512,2048,1280,410.72,462.529,409.855,-0.0167
mixed,64,32,0.5,4.0,32,4096,1024,4096,2560,507.389,630.595,510.686,0.0268
mixed,64,32,0.5,4.0,32,4096,2048,8192,5120,688.096,957.156,639.456,-0.1808
mixed,64,32,0.5,4.0,32,4096,4096,16384,10240,1068.545,1352.161,965.246,-0.3642
mixed,64,32,0.5,4.0,32,8192,128,512,320,393.218,387.646,378.178,
mixed,64,32,0.5,4.0,32,8192,256,1024,640,388.45,448.674,389.599,0.0191
mixed,64,32,0.5,4.0,32,8192,512,2048,1280,487.005,435.36,459.581,
mixed,64,32,0.5,4.0,32,8192,1024,4096,2560,512.48,625.156,534.021,0.1912
mixed,64,32,0.5,4.0,32,8192,2048,8192,5120,707.106,947.907,719.008,0.0494
mixed,64,32,0.5,4.0,32,8192,4096,16384,10240,1056.834,1613.445,972.55,-0.1514
mixed,64,32,0.5,4.0,64,0,128,512,320,315.359,324.191,309.187,-0.6988
mixed,64,32,0.5,4.0,64,0,256,1024,640,335.136,347.966,327.839,-0.5687
mixed,64,32,0.5,4.0,64,0,512,2048,1280,363.813,402.979,352.867,-0.2795
mixed,64,32,0.5,4.0,64,0,1024,4096,2560,424.576,497.825,414.976,-0.1311
mixed,64,32,0.5,4.0,64,0,2048,8192,5120,548.386,694.21,547.075,-0.009
mixed,64,32,0.5,4.0,64,0,4096,16384,10240,794.592,1092.132,804.612,0.0337
mixed,64,32,0.5,4.0,64,512,128,512,320,308.579,356.607,333.312,0.515
mixed,64,32,0.5,4.0,64,512,256,1024,640,350.367,383.712,316.833,-1.0057
mixed,64,32,0.5,4.0,64,512,512,2048,1280,400.737,436.002,378.276,-0.6369
mixed,64,32,0.5,4.0,64,512,1024,4096,2560,466.525,547.075,438.5,-0.3479
mixed,64,32,0.5,4.0,64,512,2048,8192,5120,591.519,729.475,542.083,-0.3583
mixed,64,32,0.5,4.0,64,512,4096,16384,10240,833.505,1128.323,785.188,-0.1639
mixed,64,32,0.5,4.0,64,1024,128,512,320,354.879,330.338,351.425,
mixed,64,32,0.5,4.0,64,1024,256,1024,640,331.2,395.363,364.925,0.5256
mixed,64,32,0.5,4.0,64,1024,512,2048,1280,409.918,461.73,408.194,-0.0333
mixed,64,32,0.5,4.0,64,1024,1024,4096,2560,489.218,575.839,463.681,-0.2948
mixed,64,32,0.5,4.0,64,1024,2048,8192,5120,620.481,762.498,574.462,-0.324
mixed,64,32,0.5,4.0,64,1024,4096,16384,10240,857.887,1154.496,782.274,-0.2549
mixed,64,32,0.5,4.0,64,2048,128,512,320,350.4,381.473,347.201,-0.103
mixed,64,32,0.5,4.0,64,2048,256,1024,640,412.384,366.916,390.753,
mixed,64,32,0.5,4.0,64,2048,512,2048,1280,423.873,477.087,428.99,0.0962
mixed,64,32,0.5,4.0,64,2048,1024,4096,2560,505.537,625.73,508.386,0.0237
mixed,64,32,0.5,4.0,64,2048,2048,8192,5120,678.24,825.896,634.658,-0.2952
mixed,64,32,0.5,4.0,64,2048,4096,16384,10240,921.279,1213.797,840.1,-0.2775
mixed,64,32,0.5,4.0,64,4096,128,512,320,418.372,401.507,412.611,
mixed,64,32,0.5,4.0,64,4096,256,1024,640,400.35,457.983,402.148,0.0312
mixed,64,32,0.5,4.0,64,4096,512,2048,1280,506.913,443.362,472.991,
mixed,64,32,0.5,4.0,64,4096,1024,4096,2560,522.786,640.898,548.0,0.2135
mixed,64,32,0.5,4.0,64,4096,2048,8192,5120,691.811,944.161,702.723,0.0432
mixed,64,32,0.5,4.0,64,4096,4096,16384,10240,1051.711,1339.97,964.416,-0.3028
mixed,64,32,0.5,4.0,64,8192,128,512,320,502.495,517.152,491.582,-0.7446
mixed,64,32,0.5,4.0,64,8192,256,1024,640,523.297,510.814,531.712,
mixed,64,32,0.5,4.0,64,8192,512,2048,1280,504.898,615.904,506.688,0.0161
mixed,64,32,0.5,4.0,64,8192,1024,4096,2560,695.266,611.295,632.966,
mixed,64,32,0.5,4.0,64,8192,2048,8192,5120,727.782,958.081,788.415,0.2633
mixed,64,32,0.5,4.0,64,8192,4096,16384,10240,1063.585,1577.764,1088.674,0.0488
mixed,64,32,0.5,4.0,128,0,128,512,320,346.048,359.012,325.664,-1.5724
mixed,64,32,0.5,4.0,128,0,256,1024,640,367.487,390.432,346.786,-0.9022
mixed,64,32,0.5,4.0,128,0,512,2048,1280,396.927,437.665,396.162,-0.0188
mixed,64,32,0.5,4.0,128,0,1024,4096,2560,458.689,542.69,479.36,0.2461
mixed,64,32,0.5,4.0,128,0,2048,8192,5120,585.153,742.885,647.205,0.3934
mixed,64,32,0.5,4.0,128,0,4096,16384,10240,837.407,1136.288,964.772,0.4261
mixed,64,32,0.5,4.0,128,512,128,512,320,395.876,333.506,408.897,
mixed,64,32,0.5,4.0,128,512,256,1024,640,345.853,406.88,379.137,0.5454
mixed,64,32,0.5,4.0,128,512,512,2048,1280,424.383,465.825,408.352,-0.3868
mixed,64,32,0.5,4.0,128,512,1024,4096,2560,500.002,571.615,484.642,-0.2145
mixed,64,32,0.5,4.0,128,512,2048,8192,5120,618.56,765.122,638.816,0.1382
mixed,64,32,0.5,4.0,128,512,4096,16384,10240,864.294,1160.834,965.856,0.3425
mixed,64,32,0.5,4.0,128,1024,128,512,320,416.033,435.332,424.128,0.4195
mixed,64,32,0.5,4.0,128,1024,256,1024,640,448.034,374.305,450.562,
mixed,64,32,0.5,4.0,128,1024,512,2048,1280,403.647,494.756,438.756,0.3854
mixed,64,32,0.5,4.0,128,1024,1024,4096,2560,517.699,611.715,495.138,-0.24
mixed,64,32,0.5,4.0,128,1024,2048,8192,5120,652.354,798.017,648.289,-0.0279
mixed,64,32,0.5,4.0,128,1024,4096,16384,10240,899.168,1189.475,961.857,0.2159
mixed,64,32,0.5,4.0,128,2048,128,512,320,452.866,468.705,463.683,0.6829
mixed,64,32,0.5,4.0,128,2048,256,1024,640,482.37,515.812,501.279,0.5654
mixed,64,32,0.5,4.0,128,2048,512,2048,1280,531.421,461.987,523.586,
mixed,64,32,0.5,4.0,128,2048,1024,4096,2560,539.234,652.862,564.253,0.2202
mixed,64,32,0.5,4.0,128,2048,2048,8192,5120,712.035,855.042,658.148,-0.3768
mixed,64,32,0.5,4.0,128,2048,4096,16384,10240,955.457,1258.02,966.276,0.0358
mixed,64,32,0.5,4.0,128,4096,128,512,320,531.01,546.787,541.761,0.6814
mixed,64,32,0.5,4.0,128,4096,256,1024,640,557.442,590.75,584.385,0.8089
mixed,64,32,0.5,4.0,128,4096,512,2048,1280,615.295,674.244,673.694,0.9907
mixed,64,32,0.5,4.0,128,4096,1024,4096,2560,706.176,622.081,694.149,
mixed,64,32,0.5,4.0,128,4096,2048,8192,5120,747.204,969.473,809.475,0.2802
mixed,64,32,0.5,4.0,128,4096,4096,16384,10240,1077.537,1377.251,976.776,-0.3362
mixed,64,32,0.5,4.0,128,8192,128,512,320,690.464,708.484,701.055,0.5877
mixed,64,32,0.5,4.0,128,8192,256,1024,640,721.922,744.61,744.063,0.9759
mixed,64,32,0.5,4.0,128,8192,512,2048,1280,766.308,834.528,829.923,0.9325
mixed,64,32,0.5,4.0,128,8192,1024,4096,2560,865.952,988.547,986.144,0.9804
mixed,64,32,0.5,4.0,128,8192,2048,8192,5120,1068.707,947.588,1012.577,
mixed,64,32,0.5,4.0,128,8192,4096,16384,10240,1139.651,1606.241,1275.011,0.2901
mixed,64,32,0.5,4.0,256,0,128,512,320,376.39,375.681,373.827,
mixed,64,32,0.5,4.0,256,0,256,1024,640,390.466,407.485,409.821,1.1373
mixed,64,32,0.5,4.0,256,0,512,2048,1280,430.016,492.866,484.549,0.8677
mixed,64,32,0.5,4.0,256,0,1024,4096,2560,528.326,652.675,647.779,0.9606
mixed,64,32,0.5,4.0,256,0,2048,8192,5120,734.243,960.608,954.885,0.9747
mixed,64,32,0.5,4.0,256,0,4096,16384,10240,1123.521,1612.677,1581.349,0.936
mixed,64,32,0.5,4.0,256,512,128,512,320,423.685,423.329,421.408,
mixed,64,32,0.5,4.0,256,512,256,1024,640,447.937,473.568,469.283,0.8328
mixed,64,32,0.5,4.0,256,512,512,2048,1280,492.383,549.25,548.702,0.9904
mixed,64,32,0.5,4.0,256,512,1024,4096,2560,589.121,703.653,702.593,0.9907
mixed,64,32,0.5,4.0,256,512,2048,8192,5120,785.28,1020.832,1023.172,1.0099
mixed,64,32,0.5,4.0,256,512,4096,16384,10240,1193.444,1663.204,1647.266,0.9661
mixed,64,32,0.5,4.0,256,1024,128,512,320,448.611,465.152,472.965,1.4723
mixed,64,32,0.5,4.0,256,1024,256,1024,640,480.832,504.769,509.76,1.2085
mixed,64,32,0.5,4.0,256,1024,512,2048,1280,537.186,594.976,588.159,0.882
mixed,64,32,0.5,4.0,256,1024,1024,4096,2560,639.617,739.458,745.699,1.0625
mixed,64,32,0.5,4.0,256,1024,2048,8192,5120,820.356,1067.778,1061.25,0.9736
mixed,64,32,0.5,4.0,256,1024,4096,16384,10240,1230.531,1707.298,1679.267,0.9412
mixed,64,32,0.5,4.0,256,2048,128,512,320,531.902,539.81,533.377,0.1865
mixed,64,32,0.5,4.0,256,2048,256,1024,640,556.736,597.085,584.928,0.6987
mixed,64,32,0.5,4.0,256,2048,512,2048,1280,616.738,667.329,665.598,0.9658
mixed,64,32,0.5,4.0,256,2048,1024,4096,2560,703.968,842.245,825.732,0.8806
mixed,64,32,0.5,4.0,256,2048,2048,8192,5120,915.939,1161.284,1129.058,0.8687
mixed,64,32,0.5,4.0,256,2048,4096,16384,10240,1309.925,1788.774,1756.835,0.9333
mixed,64,32,0.5,4.0,256,4096,128,512,320,689.633,697.505,705.311,1.9916
mixed,64,32,0.5,4.0,256,4096,256,1024,640,717.249,759.264,737.7,0.4868
mixed,64,32,0.5,4.0,256,4096,512,2048,1280,759.269,834.978,825.252,0.8715
mixed,64,32,0.5,4.0,256,4096,1024,4096,2560,855.49,990.021,986.912,0.9769
mixed,64,32,0.5,4.0,256,4096,2048,8192,5120,1078.148,1303.901,1296.481,0.9671
mixed,64,32,0.5,4.0,256,4096,4096,16384,10240,1467.62,1939.399,1923.748,0.9668
mixed,64,32,0.5,4.0,256,8192,128,512,320,975.394,1007.459,986.878,0.3581
mixed,64,32,0.5,4.0,256,8192,256,1024,640,1035.33,1054.852,1050.726,0.7886
mixed,64,32,0.5,4.0,256,8192,512,2048,1280,1077.953,1140.097,1130.051,0.8383
mixed,64,32,0.5,4.0,256,8192,1024,4096,2560,1172.547,1297.797,1282.654,0.8791
mixed,64,32,0.5,4.0,256,8192,2048,8192,5120,1376.992,1613.189,1593.443,0.9164
mixed,64,32,0.5,4.0,256,8192,4096,16384,10240,1775.143,2251.011,2222.214,0.9395
mixed,64,32,0.5,4.0,512,0,128,512,320,541.151,545.567,535.586,-1.2602
mixed,64,32,0.5,4.0,512,0,256,1024,640,555.171,566.466,546.273,-0.7878
mixed,64,32,0.5,4.0,512,0,512,2048,1280,582.656,627.743,614.656,0.7097
mixed,64,32,0.5,4.0,512,0,1024,4096,2560,669.024,790.947,779.358,0.9049
mixed,64,32,0.5,4.0,512,0,2048,8192,5120,866.784,1105.666,1095.491,0.9574
mixed,64,32,0.5,4.0,512,0,4096,16384,10240,1261.538,1741.541,1724.93,0.9654
mixed,64,32,0.5,4.0,512,512,128,512,320,631.486,646.976,639.616,0.5249
mixed,64,32,0.5,4.0,512,512,256,1024,640,662.718,692.003,685.791,0.7879
mixed,64,32,0.5,4.0,512,512,512,2048,1280,711.684,771.874,764.993,0.8857
mixed,64,32,0.5,4.0,512,512,1024,4096,2560,808.004,930.054,923.367,0.9452
mixed,64,32,0.5,4.0,512,512,2048,8192,5120,1006.914,1242.945,1229.635,0.9436
mixed,64,32,0.5,4.0,512,512,4096,16384,10240,1397.539,1877.253,1850.501,0.9442
mixed,64,32,0.5,4.0,512,1024,128,512,320,708.703,725.888,719.233,0.6127
mixed,64,32,0.5,4.0,512,1024,256,1024,640,739.2,769.694,763.139,0.785
mixed,64,32,0.5,4.0,512,1024,512,2048,1280,790.948,851.554,844.162,0.878
mixed,64,32,0.5,4.0,512,1024,1024,4096,2560,888.034,1006.499,997.537,0.9243
mixed,64,32,0.5,4.0,512,1024,2048,8192,5120,1082.177,1321.955,1311.493,0.9564
mixed,64,32,0.5,4.0,512,1024,4096,16384,10240,1472.388,1952.802,1932.453,0.9576
mixed,64,32,0.5,4.0,512,2048,128,512,320,861.889,878.693,878.435,0.9846
mixed,64,32,0.5,4.0,512,2048,256,1024,640,889.955,922.593,915.462,0.7815
mixed,64,32,0.5,4.0,512,2048,512,2048,1280,937.283,1000.644,996.803,0.9394
mixed,64,32,0.5,4.0,512,2048,1024,4096,2560,1043.202,1157.09,1151.556,0.9514
mixed,64,32,0.5,4.0,512,2048,2048,8192,5120,1235.489,1473.285,1466.853,0.973
mixed,64,32,0.5,4.0,512,2048,4096,16384,10240,1631.044,2109.923,2080.642,0.9389
mixed,64,32,0.5,4.0,512,4096,128,512,320,1133.383,1184.354,1140.1,0.1318
mixed,64,32,0.5,4.0,512,4096,256,1024,640,1194.4,1223.679,1187.037,-0.2515
mixed,64,32,0.5,4.0,512,4096,512,2048,1280,1246.019,1303.587,1301.061,0.9561
mixed,64,32,0.5,4.0,512,4096,1024,4096,2560,1340.932,1465.893,1455.907,0.9201
mixed,64,32,0.5,4.0,512,4096,2048,8192,5120,1540.517,1780.451,1771.01,0.9607
mixed,64,32,0.5,4.0,512,4096,4096,16384,10240,1942.53,2416.071,2390.086,0.9451
mixed,64,32,0.5,4.0,512,8192,128,512,320,1738.692,1736.902,1746.149,
mixed,64,32,0.5,4.0,512,8192,256,1024,640,1736.741,1825.667,1737.348,0.0068
mixed,64,32,0.5,4.0,512,8192,512,2048,1280,1857.063,1911.012,1809.667,-0.8785
mixed,64,32,0.5,4.0,512,8192,1024,4096,2560,1949.765,2068.163,2073.506,1.0451
mixed,64,32,0.5,4.0,512,8192,2048,8192,5120,2148.427,2389.128,2372.165,0.9295
mixed,64,32,0.5,4.0,512,8192,4096,16384,10240,2533.509,3010.151,2992.71,0.9634
mixed,64,32,0.5,4.0,1024,0,128,512,320,833.153,852.708,833.25,0.005
mixed,64,32,0.5,4.0,1024,0,256,1024,640,859.365,878.782,854.081,-0.2721
mixed,64,32,0.5,4.0,1024,0,512,2048,1280,891.424,939.27,887.204,-0.0882
mixed,64,32,0.5,4.0,1024,0,1024,4096,2560,958.084,1043.204,961.12,0.0357
mixed,64,32,0.5,4.0,1024,0,2048,8192,5120,1087.33,1235.038,1090.499,0.0215
mixed,64,32,0.5,4.0,1024,0,4096,16384,10240,1337.538,1643.624,1344.288,0.0221
mixed,64,32,0.5,4.0,1024,512,128,512,320,995.875,1010.433,995.426,-0.0308
mixed,64,32,0.5,4.0,1024,512,256,1024,640,1018.173,1042.596,1019.361,0.0486
mixed,64,32,0.5,4.0,1024,512,512,2048,1280,1056.832,1093.442,1053.344,-0.0953
mixed,64,32,0.5,4.0,1024,512,1024,4096,2560,1120.87,1198.85,1124.769,0.05
mixed,64,32,0.5,4.0,1024,512,2048,8192,5120,1247.779,1392.74,1244.675,-0.0214
mixed,64,32,0.5,4.0,1024,512,4096,16384,10240,1493.343,1810.153,1504.708,0.0359
mixed,64,32,0.5,4.0,1024,1024,128,512,320,1070.147,1088.576,1070.207,0.0033
mixed,64,32,0.5,4.0,1024,1024,256,1024,640,1101.919,1119.809,1096.903,-0.2804
mixed,64,32,0.5,4.0,1024,1024,512,2048,1280,1130.467,1174.31,1133.281,0.0642
mixed,64,32,0.5,4.0,1024,1024,1024,4096,2560,1198.757,1276.77,1197.507,-0.016
mixed,64,32,0.5,4.0,1024,1024,2048,8192,5120,1323.526,1477.277,1328.514,0.0324
mixed,64,32,0.5,4.0,1024,1024,4096,16384,10240,1576.831,1886.176,1583.461,0.0214
mixed,64,32,0.5,4.0,1024,2048,128,512,320,1224.259,1242.748,1226.749,0.1347
mixed,64,32,0.5,4.0,1024,2048,256,1024,640,1252.865,1274.623,1248.293,-0.2101
mixed,64,32,0.5,4.0,1024,2048,512,2048,1280,1282.593,1322.532,1283.458,0.0217
mixed,64,32,0.5,4.0,1024,2048,1024,4096,2560,1350.724,1422.721,1351.784,0.0147
mixed,64,32,0.5,4.0,1024,2048,2048,8192,5120,1481.705,1624.739,1472.93,-0.0613
mixed,64,32,0.5,4.0,1024,2048,4096,16384,10240,1715.364,2022.63,1728.259,0.042
mixed,64,32,0.5,4.0,1024,4096,128,512,320,1557.952,1570.881,1550.215,-0.5984
mixed,64,32,0.5,4.0,1024,4096,256,1024,640,1576.575,1601.734,1573.157,-0.1359
mixed,64,32,0.5,4.0,1024,4096,512,2048,1280,1609.473,1651.142,1606.565,-0.0698
mixed,64,32,0.5,4.0,1024,4096,1024,4096,2560,1676.804,1758.016,1672.324,-0.0552
mixed,64,32,0.5,4.0,1024,4096,2048,8192,5120,1803.202,1951.338,1807.517,0.0291
mixed,64,32,0.5,4.0,1024,4096,4096,16384,10240,2041.67,2339.4,2065.891,0.0814
mixed,64,32,0.5,4.0,1024,8192,128,512,320,2180.362,2200.609,2178.85,-0.0747
mixed,64,32,0.5,4.0,1024,8192,256,1024,640,2209.284,2223.268,2203.402,-0.4206
mixed,64,32,0.5,4.0,1024,8192,512,2048,1280,2235.362,2282.821,2232.964,-0.0505
mixed,64,32,0.5,4.0,1024,8192,1024,4096,2560,2302.797,2375.399,2299.779,-0.0416
mixed,64,32,0.5,4.0,1024,8192,2048,8192,5120,2416.997,2586.373,2421.162,0.0246
mixed,64,32,0.5,4.0,1024,8192,4096,16384,10240,2674.345,2964.199,2669.669,-0.0161
mixed,64,32,0.5,4.0,2048,0,128,512,320,1566.886,1574.534,1564.772,-0.2764
mixed,64,32,0.5,4.0,2048,0,256,1024,640,1585.087,1607.747,1586.244,0.0511
mixed,64,32,0.5,4.0,2048,0,512,2048,1280,1621.92,1663.135,1616.739,-0.1257
mixed,64,32,0.5,4.0,2048,0,1024,4096,2560,1687.426,1773.508,1685.283,-0.0249
mixed,64,32,0.5,4.0,2048,0,2048,8192,5120,1815.368,1956.231,1814.919,-0.0032
mixed,64,32,0.5,4.0,2048,0,4096,16384,10240,2049.796,2353.381,2057.222,0.0245
mixed,64,32,0.5,4.0,2048,512,128,512,320,1787.043,1798.792,1782.662,-0.3729
mixed,64,32,0.5,4.0,2048,512,256,1024,640,1811.297,1829.551,1806.434,-0.2664
mixed,64,32,0.5,4.0,2048,512,512,2048,1280,1845.187,1885.893,1839.107,-0.1494
mixed,64,32,0.5,4.0,2048,512,1024,4096,2560,1913.12,1988.418,1907.908,-0.0692
mixed,64,32,0.5,4.0,2048,512,2048,8192,5120,2033.508,2173.357,2035.882,0.017
mixed,64,32,0.5,4.0,2048,512,4096,16384,10240,2270.082,2584.101,2280.295,0.0325
mixed,64,32,0.5,4.0,2048,1024,128,512,320,1899.236,1915.967,1895.755,-0.2081
mixed,64,32,0.5,4.0,2048,1024,256,1024,640,1918.568,1940.934,1919.555,0.0441
mixed,64,32,0.5,4.0,2048,1024,512,2048,1280,1961.739,1998.953,1954.215,-0.2022
mixed,64,32,0.5,4.0,2048,1024,1024,4096,2560,2022.726,2102.47,2023.428,0.0088
mixed,64,32,0.5,4.0,2048,1024,2048,8192,5120,2146.402,2294.916,2144.166,-0.0151
mixed,64,32,0.5,4.0,2048,1024,4096,16384,10240,2386.346,2701.321,2387.268,0.0029
mixed,64,32,0.5,4.0,2048,2048,128,512,320,2122.727,2158.366,2141.381,0.5234
mixed,64,32,0.5,4.0,2048,2048,256,1024,640,2159.746,2176.74,2158.053,-0.0996
mixed,64,32,0.5,4.0,2048,2048,512,2048,1280,2187.177,2227.818,2190.023,0.07
mixed,64,32,0.5,4.0,2048,2048,1024,4096,2560,2262.952,2331.082,2255.558,-0.1085
mixed,64,32,0.5,4.0,2048,2048,2048,8192,5120,2376.103,2518.794,2383.338,0.0507
mixed,64,32,0.5,4.0,2048,2048,4096,16384,10240,2614.082,2915.589,2631.941,0.0592
mixed,64,32,0.5,4.0,2048,4096,128,512,320,2598.505,2611.525,2594.825,-0.2826
mixed,64,32,0.5,4.0,2048,4096,256,1024,640,2619.688,2637.288,2614.409,-0.2999
mixed,64,32,0.5,4.0,2048,4096,512,2048,1280,2652.357,2687.469,2650.22,-0.0609
mixed,64,32,0.5,4.0,2048,4096,1024,4096,2560,2718.502,2797.831,2709.414,-0.1146
mixed,64,32,0.5,4.0,2048,4096,2048,8192,5120,2841.412,2988.226,2834.411,-0.0477
mixed,64,32,0.5,4.0,2048,4096,4096,16384,10240,3073.703,3374.538,3091.751,0.06
mixed,64,32,0.5,4.0,2048,8192,128,512,320,3480.715,3497.452,3485.351,0.277
mixed,64,32,0.5,4.0,2048,8192,256,1024,640,3512.777,3536.198,3511.082,-0.0724
mixed,64,32,0.5,4.0,2048,8192,512,2048,1280,3555.563,3578.025,3536.969,-0.8278
mixed,64,32,0.5,4.0,2048,8192,1024,4096,2560,3602.729,3689.613,3612.999,0.1182
mixed,64,32,0.5,4.0,2048,8192,2048,8192,5120,3727.338,3883.271,3729.574,0.0143
mixed,64,32,0.5,4.0,2048,8192,4096,16384,10240,3982.093,4281.836,3996.423,0.0478
pure,64,48,0.75,4.0,0,0,128,512,416,272.321,278.08,294.658,3.8786
pure,64,48,0.75,4.0,0,0,256,1024,832,292.289,307.971,327.782,2.2633
pure,64,48,0.75,4.0,0,0,512,2048,1664,335.748,357.634,390.398,2.497
pure,64,48,0.75,4.0,0,0,1024,4096,3328,422.88,462.975,511.648,2.2139
pure,64,48,0.75,4.0,0,0,2048,8192,6656,584.514,657.058,739.682,2.139
pure,64,48,0.75,4.0,0,0,4096,16384,13312,902.752,1048.71,1208.069,2.0918
mixed,64,48,0.75,4.0,16,0,128,512,416,287.968,294.944,291.521,0.5093
mixed,64,48,0.75,4.0,16,0,256,1024,832,311.107,324.382,348.509,2.8175
mixed,64,48,0.75,4.0,16,0,512,2048,1664,357.154,379.646,413.157,2.4899
mixed,64,48,0.75,4.0,16,0,1024,4096,3328,443.838,482.53,527.52,2.1628
mixed,64,48,0.75,4.0,16,0,2048,8192,6656,601.383,672.542,761.313,2.2475
mixed,64,48,0.75,4.0,16,0,4096,16384,13312,919.454,1069.315,1232.26,2.0873
mixed,64,48,0.75,4.0,16,512,128,512,416,327.967,336.223,297.661,-3.6708
mixed,64,48,0.75,4.0,16,512,256,1024,832,361.764,377.852,313.795,-2.9817
mixed,64,48,0.75,4.0,16,512,512,2048,1664,417.759,434.527,407.139,-0.6333
mixed,64,48,0.75,4.0,16,512,1024,4096,3328,504.1,535.712,527.458,0.7389
mixed,64,48,0.75,4.0,16,512,2048,8192,6656,658.756,732.614,757.375,1.3353
mixed,64,48,0.75,4.0,16,512,4096,16384,13312,965.537,1108.995,1224.703,1.8066
mixed,64,48,0.75,4.0,16,1024,128,512,416,324.799,333.984,304.0,-2.2645
mixed,64,48,0.75,4.0,16,1024,256,1024,832,363.747,381.022,321.442,-2.4489
mixed,64,48,0.75,4.0,16,1024,512,2048,1664,422.781,467.038,404.286,-0.4179
mixed,64,48,0.75,4.0,16,1024,1024,4096,3328,536.516,576.259,518.69,-0.4485
mixed,64,48,0.75,4.0,16,1024,2048,8192,6656,694.271,766.658,754.688,0.8346
mixed,64,48,0.75,4.0,16,1024,4096,16384,13312,1001.312,1150.274,1223.33,1.4904
mixed,64,48,0.75,4.0,16,2048,128,512,416,332.097,339.39,331.651,-0.0612
mixed,64,48,0.75,4.0,16,2048,256,1024,832,366.277,381.6,343.426,-1.4913
mixed,64,48,0.75,4.0,16,2048,512,2048,1664,435.39,468.255,365.667,-2.1215
mixed,64,48,0.75,4.0,16,2048,1024,4096,3328,549.314,637.376,516.419,-0.3735
mixed,64,48,0.75,4.0,16,2048,2048,8192,6656,766.981,839.458,752.48,-0.2001
mixed,64,48,0.75,4.0,16,2048,4096,16384,13312,1081.825,1223.333,1222.34,0.993
mixed,64,48,0.75,4.0,16,4096,128,512,416,317.856,319.006,315.265,-2.253
mixed,64,48,0.75,4.0,16,4096,256,1024,832,363.01,378.721,373.602,0.6742
mixed,64,48,0.75,4.0,16,4096,512,2048,1664,431.009,463.361,409.502,-0.6648
mixed,64,48,0.75,4.0,16,4096,1024,4096,3328,572.288,641.761,455.809,-1.6766
mixed,64,48,0.75,4.0,16,4096,2048,8192,6656,772.836,975.713,747.749,-0.1237
mixed,64,48,0.75,4.0,16,4096,4096,16384,13312,1233.38,1367.617,1212.581,-0.1549
mixed,64,48,0.75,4.0,16,8192,128,512,416,348.831,367.167,338.818,-0.5461
mixed,64,48,0.75,4.0,16,8192,256,1024,832,358.302,356.991,353.057,
mixed,64,48,0.75,4.0,16,8192,512,2048,1664,431.872,458.851,454.431,0.8362
mixed,64,48,0.75,4.0,16,8192,1024,4096,3328,560.289,631.235,539.874,-0.2878
mixed,64,48,0.75,4.0,16,8192,2048,8192,6656,837.605,959.363,628.932,-1.7138
mixed,64,48,0.75,4.0,16,8192,4096,16384,13312,1230.916,1659.94,1194.851,-0.0841
mixed,64,48,0.75,4.0,32,0,128,512,416,306.627,315.459,290.337,-1.8444
mixed,64,48,0.75,4.0,32,0,256,1024,832,329.535,339.523,353.186,2.3679
mixed,64,48,0.75,4.0,32,0,512,2048,1664,365.857,384.9,416.509,2.6599
mixed,64,48,0.75,4.0,32,0,1024,4096,3328,447.296,487.267,526.974,1.9934
mixed,64,48,0.75,4.0,32,0,2048,8192,6656,609.86,679.586,762.945,2.1955
mixed,64,48,0.75,4.0,32,0,4096,16384,13312,925.219,1075.877,1230.471,2.0261
mixed,64,48,0.75,4.0,32,512,128,512,416,331.936,341.185,322.464,-1.0241
mixed,64,48,0.75,4.0,32,512,256,1024,832,363.615,379.81,318.719,-2.7722
mixed,64,48,0.75,4.0,32,512,512,2048,1664,414.077,432.835,405.953,-0.4331
mixed,64,48,0.75,4.0,32,512,1024,4096,3328,500.286,543.618,522.177,0.5052
mixed,64,48,0.75,4.0,32,512,2048,8192,6656,662.499,728.546,757.476,1.438
mixed,64,48,0.75,4.0,32,512,4096,16384,13312,978.881,1119.839,1225.606,1.7503
mixed,64,48,0.75,4.0,32,1024,128,512,416,334.72,346.084,335.071,0.0309
mixed,64,48,0.75,4.0,32,1024,256,1024,832,365.823,384.897,352.834,-0.681
mixed,64,48,0.75,4.0,32,1024,512,2048,1664,433.856,467.873,363.106,-2.0798
mixed,64,48,0.75,4.0,32,1024,1024,4096,3328,535.138,577.895,517.339,-0.4163
mixed,64,48,0.75,4.0,32,1024,2048,8192,6656,698.086,764.352,757.761,0.9005
mixed,64,48,0.75,4.0,32,1024,4096,16384,13312,1012.388,1157.152,1221.922,1.4474
mixed,64,48,0.75,4.0,32,2048,128,512,416,318.783,319.808,317.921,-0.841
mixed,64,48,0.75,4.0,32,2048,256,1024,832,370.401,382.497,379.01,0.7117
mixed,64,48,0.75,4.0,32,2048,512,2048,1664,433.889,467.712,418.016,-0.4693
mixed,64,48,0.75,4.0,32,2048,1024,4096,3328,569.955,639.36,456.9,-1.6289
mixed,64,48,0.75,4.0,32,2048,2048,8192,6656,756.192,831.747,744.928,-0.1491
mixed,64,48,0.75,4.0,32,2048,4096,16384,13312,1078.501,1217.472,1213.286,0.9699
mixed,64,48,0.75,4.0,32,4096,128,512,416,348.607,364.415,341.024,-0.4797
mixed,64,48,0.75,4.0,32,4096,256,1024,832,359.334,356.644,356.513,
mixed,64,48,0.75,4.0,32,4096,512,2048,1664,434.335,467.585,458.078,0.7141
mixed,64,48,0.75,4.0,32,4096,1024,4096,3328,566.976,632.258,546.014,-0.3211
mixed,64,48,0.75,4.0,32,4096,2048,8192,6656,836.001,951.487,629.378,-1.7892
mixed,64,48,0.75,4.0,32,4096,4096,16384,13312,1216.131,1355.971,1194.628,-0.1538
mixed,64,48,0.75,4.0,32,8192,128,512,416,397.982,386.437,388.638,
mixed,64,48,0.75,4.0,32,8192,256,1024,832,417.442,449.568,447.714,0.9423
mixed,64,48,0.75,4.0,32,8192,512,2048,1664,545.025,434.751,466.499,
mixed,64,48,0.75,4.0,32,8192,1024,4096,3328,565.727,625.733,619.488,0.8959
mixed,64,48,0.75,4.0,32,8192,2048,8192,6656,826.081,947.459,786.751,-0.324
mixed,64,48,0.75,4.0,32,8192,4096,16384,13312,1374.697,1612.131,968.735,-1.7098
mixed,64,48,0.75,4.0,64,0,128,512,416,317.792,325.888,298.69,-2.3594
mixed,64,48,0.75,4.0,64,0,256,1024,832,345.184,351.07,364.642,3.3058
mixed,64,48,0.75,4.0,64,0,512,2048,1664,380.639,402.208,423.902,2.0058
mixed,64,48,0.75,4.0,64,0,1024,4096,3328,463.068,499.33,536.262,2.0185
mixed,64,48,0.75,4.0,64,0,2048,8192,6656,625.026,697.313,771.169,2.0217
mixed,64,48,0.75,4.0,64,0,4096,16384,13312,944.675,1089.284,1238.657,2.0329
mixed,64,48,0.75,4.0,64,512,128,512,416,314.756,355.457,353.76,0.9583
mixed,64,48,0.75,4.0,64,512,256,1024,832,365.187,382.916,355.872,-0.5254
mixed,64,48,0.75,4.0,64,512,512,2048,1664,415.651,438.373,385.184,-1.3409
mixed,64,48,0.75,4.0,64,512,1024,4096,3328,506.752,543.009,526.592,0.5472
mixed,64,48,0.75,4.0,64,512,2048,8192,6656,661.796,735.073,758.849,1.3245
mixed,64,48,0.75,4.0,64,512,4096,16384,13312,984.742,1128.32,1227.522,1.6909
mixed,64,48,0.75,4.0,64,1024,128,512,416,328.929,330.563,330.083,0.7062
mixed,64,48,0.75,4.0,64,1024,256,1024,832,380.736,392.448,394.492,1.1745
mixed,64,48,0.75,4.0,64,1024,512,2048,1664,433.084,462.015,417.473,-0.5396
mixed,64,48,0.75,4.0,64,1024,1024,4096,3328,532.415,575.842,476.478,-1.2881
mixed,64,48,0.75,4.0,64,1024,2048,8192,6656,691.396,759.84,753.796,0.9117
mixed,64,48,0.75,4.0,64,1024,4096,16384,13312,1008.129,1154.56,1221.314,1.4559
mixed,64,48,0.75,4.0,64,2048,128,512,416,362.24,381.026,379.17,0.9012
mixed,64,48,0.75,4.0,64,2048,256,1024,832,370.085,366.816,367.873,
mixed,64,48,0.75,4.0,64,2048,512,2048,1664,450.593,476.611,471.17,0.7909
mixed,64,48,0.75,4.0,64,2048,1024,4096,3328,565.026,624.101,547.141,-0.3028
mixed,64,48,0.75,4.0,64,2048,2048,8192,6656,751.808,824.579,644.289,-1.4775
mixed,64,48,0.75,4.0,64,2048,4096,16384,13312,1072.291,1216.676,1205.502,0.9226
mixed,64,48,0.75,4.0,64,4096,128,512,416,401.89,399.842,401.314,
mixed,64,48,0.75,4.0,64,4096,256,1024,832,434.175,458.817,461.28,1.1
mixed,64,48,0.75,4.0,64,4096,512,2048,1664,539.037,446.238,505.759,
mixed,64,48,0.75,4.0,64,4096,1024,4096,3328,584.675,639.584,633.473,0.8887
mixed,64,48,0.75,4.0,64,4096,2048,8192,6656,824.737,944.641,785.509,-0.3272
mixed,64,48,0.75,4.0,64,4096,4096,16384,13312,1199.971,1344.773,984.795,-1.486
mixed,64,48,0.75,4.0,64,8192,128,512,416,501.703,508.45,491.394,-1.5279
mixed,64,48,0.75,4.0,64,8192,256,1024,832,538.753,510.47,552.287,
mixed,64,48,0.75,4.0,64,8192,512,2048,1664,563.652,621.73,621.598,0.9977
mixed,64,48,0.75,4.0,64,8192,1024,4096,3328,774.438,608.226,692.353,
mixed,64,48,0.75,4.0,64,8192,2048,8192,6656,847.489,957.54,946.085,0.8959
mixed,64,48,0.75,4.0,64,8192,4096,16384,13312,1345.155,1579.428,1266.978,-0.3337
mixed,64,48,0.75,4.0,128,0,128,512,416,348.288,359.746,343.488,-0.4189
mixed,64,48,0.75,4.0,128,0,256,1024,832,382.627,390.689,365.984,-2.0644
mixed,64,48,0.75,4.0,128,0,512,2048,1664,418.494,440.319,408.416,-0.4618
mixed,64,48,0.75,4.0,128,0,1024,4096,3328,499.746,536.097,502.66,0.0802
mixed,64,48,0.75,4.0,128,0,2048,8192,6656,666.179,740.448,674.75,0.1154
mixed,64,48,0.75,4.0,128,0,4096,16384,13312,1001.089,1141.542,1004.294,0.0228
mixed,64,48,0.75,4.0,128,512,128,512,416,335.264,340.962,333.059,-0.387
mixed,64,48,0.75,4.0,128,512,256,1024,832,398.369,424.226,407.552,0.3551
mixed,64,48,0.75,4.0,128,512,512,2048,1664,447.327,469.794,462.976,0.6965
mixed,64,48,0.75,4.0,128,512,1024,4096,3328,538.593,580.671,561.571,0.5461
mixed,64,48,0.75,4.0,128,512,2048,8192,6656,694.689,762.528,716.677,0.3241
mixed,64,48,0.75,4.0,128,512,4096,16384,13312,1017.635,1153.989,1066.53,0.3586
mixed,64,48,0.75,4.0,128,1024,128,512,416,420.798,429.122,423.677,0.3459
mixed,64,48,0.75,4.0,128,1024,256,1024,832,376.578,376.479,384.353,
mixed,64,48,0.75,4.0,128,1024,512,2048,1664,467.808,491.075,489.092,0.9148
mixed,64,48,0.75,4.0,128,1024,1024,4096,3328,563.715,599.614,600.001,1.0108
mixed,64,48,0.75,4.0,128,1024,2048,8192,6656,723.332,801.856,756.388,0.421
mixed,64,48,0.75,4.0,128,1024,4096,16384,13312,1039.138,1187.172,1095.267,0.3792
mixed,64,48,0.75,4.0,128,2048,128,512,416,457.732,472.798,468.224,0.6964
mixed,64,48,0.75,4.0,128,2048,256,1024,832,502.882,510.978,513.215,1.2763
mixed,64,48,0.75,4.0,128,2048,512,2048,1664,570.847,453.569,595.394,
mixed,64,48,0.75,4.0,128,2048,1024,4096,3328,603.552,664.77,647.998,0.726
mixed,64,48,0.75,4.0,128,2048,2048,8192,6656,785.473,851.84,836.126,0.7632
mixed,64,48,0.75,4.0,128,2048,4096,16384,13312,1101.729,1250.692,1173.573,0.4823
mixed,64,48,0.75,4.0,128,4096,128,512,416,534.56,547.069,541.92,0.5884
mixed,64,48,0.75,4.0,128,4096,256,1024,832,575.424,594.273,595.744,1.078
mixed,64,48,0.75,4.0,128,4096,512,2048,1664,641.029,671.553,665.791,0.8112
mixed,64,48,0.75,4.0,128,4096,1024,4096,3328,763.333,621.409,706.305,
mixed,64,48,0.75,4.0,128,4096,2048,8192,6656,872.772,983.104,966.048,0.8454
mixed,64,48,0.75,4.0,128,4096,4096,16384,13312,1234.978,1372.324,1325.636,0.6601
mixed,64,48,0.75,4.0,128,8192,128,512,416,697.665,705.121,703.266,0.7512
mixed,64,48,0.75,4.0,128,8192,256,1024,832,731.168,747.776,743.455,0.7398
mixed,64,48,0.75,4.0,128,8192,512,2048,1664,799.172,829.759,829.215,0.9822
mixed,64,48,0.75,4.0,128,8192,1024,4096,3328,933.057,982.946,987.106,1.0834
mixed,64,48,0.75,4.0,128,8192,2048,8192,6656,1189.891,946.403,1037.442,
mixed,64,48,0.75,4.0,128,8192,4096,16384,13312,1380.834,1596.798,1602.501,1.0264
mixed,64,48,0.75,4.0,256,0,128,512,416,374.207,368.031,369.309,
mixed,64,48,0.75,4.0,256,0,256,1024,832,396.573,401.405,408.16,2.398
mixed,64,48,0.75,4.0,256,0,512,2048,1664,456.734,492.289,483.038,0.7398
mixed,64,48,0.75,4.0,256,0,1024,4096,3328,592.097,646.817,642.946,0.9293
mixed,64,48,0.75,4.0,256,0,2048,8192,6656,855.265,975.394,959.266,0.8657
mixed,64,48,0.75,4.0,256,0,4096,16384,13312,1356.284,1608.29,1593.09,0.9397
mixed,64,48,0.75,4.0,256,512,128,512,416,436.479,441.472,434.818,-0.3327
mixed,64,48,0.75,4.0,256,512,256,1024,832,460.607,474.146,479.297,1.3805
mixed,64,48,0.75,4.0,256,512,512,2048,1664,512.066,564.645,546.438,0.6537
mixed,64,48,0.75,4.0,256,512,1024,4096,3328,663.234,712.804,698.912,0.7197
mixed,64,48,0.75,4.0,256,512,2048,8192,6656,906.788,1029.346,1019.234,0.9175
mixed,64,48,0.75,4.0,256,512,4096,16384,13312,1420.936,1667.395,1650.374,0.9309
mixed,64,48,0.75,4.0,256,1024,128,512,416,461.825,474.818,457.188,-0.3569
mixed,64,48,0.75,4.0,256,1024,256,1024,832,498.69,515.713,516.448,1.0432
mixed,64,48,0.75,4.0,256,1024,512,2048,1664,569.762,591.713,578.052,0.3777
mixed,64,48,0.75,4.0,256,1024,1024,4096,3328,694.143,755.392,738.174,0.7189
mixed,64,48,0.75,4.0,256,1024,2048,8192,6656,942.948,1062.656,1059.748,0.9757
mixed,64,48,0.75,4.0,256,1024,4096,16384,13312,1459.65,1699.874,1697.09,0.9884
mixed,64,48,0.75,4.0,256,2048,128,512,416,548.0,551.331,547.235,-0.2297
mixed,64,48,0.75,4.0,256,2048,256,1024,832,572.769,607.073,580.353,0.2211
mixed,64,48,0.75,4.0,256,2048,512,2048,1664,648.005,668.288,658.018,0.4937
mixed,64,48,0.75,4.0,256,2048,1024,4096,3328,775.457,833.506,826.881,0.8859
mixed,64,48,0.75,4.0,256,2048,2048,8192,6656,1029.635,1150.756,1138.114,0.8956
mixed,64,48,0.75,4.0,256,2048,4096,16384,13312,1548.997,1789.411,1771.876,0.9271
mixed,64,48,0.75,4.0,256,4096,128,512,416,697.474,709.247,699.008,0.1303
mixed,64,48,0.75,4.0,256,4096,256,1024,832,724.13,752.385,742.083,0.6354
mixed,64,48,0.75,4.0,256,4096,512,2048,1664,793.44,824.065,825.124,1.0346
mixed,64,48,0.75,4.0,256,4096,1024,4096,3328,918.402,979.809,986.274,1.1053
mixed,64,48,0.75,4.0,256,4096,2048,8192,6656,1178.082,1298.434,1296.933,0.9875
mixed,64,48,0.75,4.0,256,4096,4096,16384,13312,1706.594,1934.662,1926.02,0.9621
mixed,64,48,0.75,4.0,256,8192,128,512,416,1001.315,1013.603,985.317,-1.3019
mixed,64,48,0.75,4.0,256,8192,256,1024,832,1034.34,1040.031,1044.354,1.7596
mixed,64,48,0.75,4.0,256,8192,512,2048,1664,1097.571,1130.274,1125.985,0.8688
mixed,64,48,0.75,4.0,256,8192,1024,4096,3328,1231.94,1302.725,1303.969,1.0176
mixed,64,48,0.75,4.0,256,8192,2048,8192,6656,1486.211,1604.932,1602.019,0.9755
mixed,64,48,0.75,4.0,256,8192,4096,16384,13312,2014.433,2248.967,2234.184,0.937
mixed,64,48,0.75,4.0,512,0,128,512,416,544.32,547.743,544.932,0.1788
mixed,64,48,0.75,4.0,512,0,256,1024,832,552.256,566.112,553.826,0.1133
mixed,64,48,0.75,4.0,512,0,512,2048,1664,600.223,627.299,618.146,0.662
mixed,64,48,0.75,4.0,512,0,1024,4096,3328,732.579,793.249,782.626,0.8249
mixed,64,48,0.75,4.0,512,0,2048,8192,6656,988.544,1108.002,1101.827,0.9483
mixed,64,48,0.75,4.0,512,0,4096,16384,13312,1504.931,1739.171,1730.085,0.9612
mixed,64,48,0.75,4.0,512,512,128,512,416,641.669,648.26,643.938,0.3443
mixed,64,48,0.75,4.0,512,512,256,1024,832,676.387,693.217,690.755,0.8537
mixed,64,48,0.75,4.0,512,512,512,2048,1664,742.113,769.566,769.665,1.0036
mixed,64,48,0.75,4.0,512,512,1024,4096,3328,867.748,925.601,925.504,0.9983
mixed,64,48,0.75,4.0,512,512,2048,8192,6656,1123.872,1242.563,1234.689,0.9337
mixed,64,48,0.75,4.0,512,512,4096,16384,13312,1640.034,1872.514,1856.52,0.9312
mixed,64,48,0.75,4.0,512,1024,128,512,416,715.683,725.604,722.14,0.6508
mixed,64,48,0.75,4.0,512,1024,256,1024,832,755.201,772.579,765.919,0.6168
mixed,64,48,0.75,4.0,512,1024,512,2048,1664,819.165,848.517,847.807,0.9758
mixed,64,48,0.75,4.0,512,1024,1024,4096,3328,943.746,1002.819,1002.339,0.9919
mixed,64,48,0.75,4.0,512,1024,2048,8192,6656,1202.53,1319.649,1312.676,0.9405
mixed,64,48,0.75,4.0,512,1024,4096,16384,13312,1718.628,1951.362,1934.755,0.9286
mixed,64,48,0.75,4.0,512,2048,128,512,416,865.986,877.538,876.128,0.8779
mixed,64,48,0.75,4.0,512,2048,256,1024,832,906.534,920.671,921.315,1.0456
mixed,64,48,0.75,4.0,512,2048,512,2048,1664,973.509,1002.817,999.941,0.9019
mixed,64,48,0.75,4.0,512,2048,1024,4096,3328,1101.795,1159.331,1159.429,1.0017
mixed,64,48,0.75,4.0,512,2048,2048,8192,6656,1354.434,1473.188,1467.074,0.9485
mixed,64,48,0.75,4.0,512,2048,4096,16384,13312,1872.55,2100.296,2089.669,0.9533
mixed,64,48,0.75,4.0,512,4096,128,512,416,1168.866,1181.729,1152.546,-1.2688
mixed,64,48,0.75,4.0,512,4096,256,1024,832,1206.784,1226.372,1219.84,0.6665
mixed,64,48,0.75,4.0,512,4096,512,2048,1664,1273.474,1304.9,1297.728,0.7718
mixed,64,48,0.75,4.0,512,4096,1024,4096,3328,1401.279,1459.075,1456.195,0.9502
mixed,64,48,0.75,4.0,512,4096,2048,8192,6656,1662.695,1782.722,1776.291,0.9464
mixed,64,48,0.75,4.0,512,4096,4096,16384,13312,2176.675,2415.203,2404.709,0.956
mixed,64,48,0.75,4.0,512,8192,128,512,416,1739.876,1739.427,1737.507,
mixed,64,48,0.75,4.0,512,8192,256,1024,832,1767.142,1824.39,1762.116,-0.0878
mixed,64,48,0.75,4.0,512,8192,512,2048,1664,1880.773,1908.452,1916.356,1.2856
mixed,64,48,0.75,4.0,512,8192,1024,4096,3328,2006.309,2071.941,2070.275,0.9746
mixed,64,48,0.75,4.0,512,8192,2048,8192,6656,2265.989,2382.758,2381.86,0.9923
mixed,64,48,0.75,4.0,512,8192,4096,16384,13312,2786.917,3015.95,3001.507,0.9369
mixed,64,48,0.75,4.0,1024,0,128,512,416,843.079,852.354,864.031,2.259
mixed,64,48,0.75,4.0,1024,0,256,1024,832,868.801,879.845,899.744,2.8018
mixed,64,48,0.75,4.0,1024,0,512,2048,1664,916.33,934.983,963.363,2.5215
mixed,64,48,0.75,4.0,1024,0,1024,4096,3328,998.434,1042.725,1077.407,1.783
mixed,64,48,0.75,4.0,1024,0,2048,8192,6656,1163.841,1238.147,1315.683,2.0435
mixed,64,48,0.75,4.0,1024,0,4096,16384,13312,1495.619,1647.656,1791.784,1.948
mixed,64,48,0.75,4.0,1024,512,128,512,416,1001.126,1008.287,1028.0,3.7528
mixed,64,48,0.75,4.0,1024,512,256,1024,832,1028.066,1038.469,1063.204,3.3777
mixed,64,48,0.75,4.0,1024,512,512,2048,1664,1073.089,1096.613,1124.011,2.1647
mixed,64,48,0.75,4.0,1024,512,1024,4096,3328,1158.337,1196.323,1240.68,2.1677
mixed,64,48,0.75,4.0,1024,512,2048,8192,6656,1320.449,1391.876,1476.451,2.1841
mixed,64,48,0.75,4.0,1024,512,4096,16384,13312,1653.093,1812.297,1950.112,1.8657
mixed,64,48,0.75,4.0,1024,1024,128,512,416,1086.406,1086.438,1102.821,512.9687
mixed,64,48,0.75,4.0,1024,1024,256,1024,832,1101.188,1119.137,1139.27,2.1217
mixed,64,48,0.75,4.0,1024,1024,512,2048,1664,1151.201,1172.322,1202.243,2.4166
mixed,64,48,0.75,4.0,1024,1024,1024,4096,3328,1233.227,1276.003,1322.312,2.0826
mixed,64,48,0.75,4.0,1024,1024,2048,8192,6656,1396.641,1465.636,1558.979,2.3529
mixed,64,48,0.75,4.0,1024,1024,4096,16384,13312,1722.083,1881.155,2025.828,1.9095
mixed,64,48,0.75,4.0,1024,2048,128,512,416,1236.775,1246.629,1265.701,2.9355
mixed,64,48,0.75,4.0,1024,2048,256,1024,832,1260.64,1270.662,1293.891,3.3178
mixed,64,48,0.75,4.0,1024,2048,512,2048,1664,1299.366,1326.047,1355.527,2.1049
mixed,64,48,0.75,4.0,1024,2048,1024,4096,3328,1389.665,1426.372,1469.411,2.1725
mixed,64,48,0.75,4.0,1024,2048,2048,8192,6656,1552.45,1623.11,1705.825,2.1706
mixed,64,48,0.75,4.0,1024,2048,4096,16384,13312,1865.283,2028.831,2174.301,1.8895
mixed,64,48,0.75,4.0,1024,4096,128,512,416,1567.62,1574.339,1592.708,3.7339
mixed,64,48,0.75,4.0,1024,4096,256,1024,832,1587.139,1596.0,1618.112,3.4954
mixed,64,48,0.75,4.0,1024,4096,512,2048,1664,1631.749,1653.894,1680.871,2.2182
mixed,64,48,0.75,4.0,1024,4096,1024,4096,3328,1713.22,1757.444,1801.507,1.9964
mixed,64,48,0.75,4.0,1024,4096,2048,8192,6656,1878.687,1950.471,2033.093,2.151
mixed,64,48,0.75,4.0,1024,4096,4096,16384,13312,2196.706,2342.661,2506.018,2.1192
mixed,64,48,0.75,4.0,1024,8192,128,512,416,2191.489,2193.922,2216.997,10.4842
mixed,64,48,0.75,4.0,1024,8192,256,1024,832,2209.503,2222.47,2244.965,2.7348
mixed,64,48,0.75,4.0,1024,8192,512,2048,1664,2257.412,2275.463,2304.773,2.6237
mixed,64,48,0.75,4.0,1024,8192,1024,4096,3328,2338.211,2372.712,2419.557,2.3578
mixed,64,48,0.75,4.0,1024,8192,2048,8192,6656,2496.099,2568.836,2656.235,2.2016
mixed,64,48,0.75,4.0,1024,8192,4096,16384,13312,2820.396,2968.487,3119.687,2.021
mixed,64,48,0.75,4.0,2048,0,128,512,416,1572.032,1580.484,1592.612,2.4349
mixed,64,48,0.75,4.0,2048,0,256,1024,832,1592.103,1607.621,1625.508,2.1527
mixed,64,48,0.75,4.0,2048,0,512,2048,1664,1640.415,1663.811,1689.891,2.1147
mixed,64,48,0.75,4.0,2048,0,1024,4096,3328,1726.376,1769.539,1813.412,2.0164
mixed,64,48,0.75,4.0,2048,0,2048,8192,6656,1887.681,1956.962,2048.457,2.3206
mixed,64,48,0.75,4.0,2048,0,4096,16384,13312,2200.807,2350.722,2510.178,2.0636
mixed,64,48,0.75,4.0,2048,512,128,512,416,1792.64,1802.022,1827.338,3.6984
mixed,64,48,0.75,4.0,2048,512,256,1024,832,1815.523,1831.369,1852.933,2.3608
mixed,64,48,0.75,4.0,2048,512,512,2048,1664,1864.548,1886.854,1915.207,2.2711
mixed,64,48,0.75,4.0,2048,512,1024,4096,3328,1948.483,1979.968,2028.554,2.5431
mixed,64,48,0.75,4.0,2048,512,2048,8192,6656,2110.854,2182.18,2258.085,2.0642
mixed,64,48,0.75,4.0,2048,512,4096,16384,13312,2426.084,2582.341,2731.942,1.9574
mixed,64,48,0.75,4.0,2048,1024,128,512,416,1920.322,1917.319,1932.161,
mixed,64,48,0.75,4.0,2048,1024,256,1024,832,1928.617,1940.994,1968.641,3.2337
mixed,64,48,0.75,4.0,2048,1024,512,2048,1664,1973.634,1994.278,2027.488,2.6087
mixed,64,48,0.75,4.0,2048,1024,1024,4096,3328,2055.906,2101.062,2141.794,1.902
mixed,64,48,0.75,4.0,2048,1024,2048,8192,6656,2214.565,2292.417,2366.98,1.9578
mixed,64,48,0.75,4.0,2048,1024,4096,16384,13312,2538.441,2693.572,2848.581,1.9992
mixed,64,48,0.75,4.0,2048,2048,128,512,416,2141.92,2147.653,2163.019,3.6803
mixed,64,48,0.75,4.0,2048,2048,256,1024,832,2167.783,2177.325,2202.055,3.5917
mixed,64,48,0.75,4.0,2048,2048,512,2048,1664,2215.846,2231.49,2264.164,3.0886
mixed,64,48,0.75,4.0,2048,2048,1024,4096,3328,2290.947,2333.028,2375.778,2.0159
mixed,64,48,0.75,4.0,2048,2048,2048,8192,6656,2454.406,2521.477,2610.437,2.3264
mixed,64,48,0.75,4.0,2048,2048,4096,16384,13312,2766.638,2912.588,3082.339,2.1631
mixed,64,48,0.75,4.0,2048,4096,128,512,416,2599.628,2611.948,2631.621,2.5968
mixed,64,48,0.75,4.0,2048,4096,256,1024,832,2625.796,2647.015,2664.679,1.8325
mixed,64,48,0.75,4.0,2048,4096,512,2048,1664,2678.147,2694.281,2720.326,2.6143
mixed,64,48,0.75,4.0,2048,4096,1024,4096,3328,2758.022,2796.354,2842.567,2.2056
mixed,64,48,0.75,4.0,2048,4096,2048,8192,6656,2931.333,2977.991,3068.97,2.9499
mixed,64,48,0.75,4.0,2048,4096,4096,16384,13312,3227.856,3378.597,3537.548,2.0545
mixed,64,48,0.75,4.0,2048,8192,128,512,416,3500.809,3501.161,3516.965,45.8977
mixed,64,48,0.75,4.0,2048,8192,256,1024,832,3516.488,3530.733,3554.376,2.6597
mixed,64,48,0.75,4.0,2048,8192,512,2048,1664,3560.521,3582.315,3616.326,2.5606
mixed,64,48,0.75,4.0,2048,8192,1024,4096,3328,3643.145,3684.523,3729.126,2.0779
mixed,64,48,0.75,4.0,2048,8192,2048,8192,6656,3804.521,3890.539,3973.769,1.9676
mixed,64,48,0.75,4.0,2048,8192,4096,16384,13312,4118.953,4266.246,4454.091,2.2753
pure,64,58,0.9062,4.0,0,0,128,512,476,278.785,277.026,274.589,
pure,64,58,0.9062,4.0,0,0,256,1024,952,302.465,306.945,303.167,0.1567
pure,64,58,0.9062,4.0,0,0,512,2048,1904,347.746,361.251,352.098,0.3223
pure,64,58,0.9062,4.0,0,0,1024,4096,3808,444.707,462.305,458.435,0.7801
pure,64,58,0.9062,4.0,0,0,2048,8192,7616,628.13,658.496,750.913,4.0434
pure,64,58,0.9062,4.0,0,0,4096,16384,15232,1001.955,1055.49,1218.152,4.0384
mixed,64,58,0.9062,4.0,16,0,128,512,476,287.617,293.186,292.259,0.8335
mixed,64,58,0.9062,4.0,16,0,256,1024,952,318.052,323.329,319.681,0.3087
mixed,64,58,0.9062,4.0,16,0,512,2048,1904,369.824,378.911,372.992,0.3486
mixed,64,58,0.9062,4.0,16,0,1024,4096,3808,465.726,480.195,474.655,0.6171
mixed,64,58,0.9062,4.0,16,0,2048,8192,7616,644.736,672.933,651.811,0.2509
mixed,64,58,0.9062,4.0,16,0,4096,16384,15232,1014.174,1068.422,1235.81,4.0856
mixed,64,58,0.9062,4.0,16,512,128,512,476,330.946,337.892,321.437,-1.369
mixed,64,58,0.9062,4.0,16,512,256,1024,952,366.017,376.353,320.927,-4.3624
mixed,64,58,0.9062,4.0,16,512,512,2048,1904,427.715,436.865,367.39,-6.5929
mixed,64,58,0.9062,4.0,16,512,1024,4096,3808,515.939,534.945,465.698,-2.6434
mixed,64,58,0.9062,4.0,16,512,2048,8192,7616,700.161,727.427,645.634,-1.9998
mixed,64,58,0.9062,4.0,16,512,4096,16384,15232,1058.625,1105.474,1013.573,-0.9616
mixed,64,58,0.9062,4.0,16,1024,128,512,476,331.778,339.837,332.484,0.0876
mixed,64,58,0.9062,4.0,16,1024,256,1024,952,371.841,383.489,355.325,-1.4179
mixed,64,58,0.9062,4.0,16,1024,512,2048,1904,449.892,462.176,368.644,-6.6141
mixed,64,58,0.9062,4.0,16,1024,1024,4096,3808,555.938,568.96,466.276,-6.8854
mixed,64,58,0.9062,4.0,16,1024,2048,8192,7616,736.578,762.335,646.72,-3.4887
mixed,64,58,0.9062,4.0,16,1024,4096,16384,15232,1083.649,1149.348,1015.044,-1.0442
mixed,64,58,0.9062,4.0,16,2048,128,512,476,336.518,340.192,339.777,0.887
mixed,64,58,0.9062,4.0,16,2048,256,1024,952,370.274,382.113,376.323,0.5109
mixed,64,58,0.9062,4.0,16,2048,512,2048,1904,453.791,467.937,424.449,-2.0742
mixed,64,58,0.9062,4.0,16,2048,1024,4096,3808,609.823,635.747,469.665,-5.4065
mixed,64,58,0.9062,4.0,16,2048,2048,8192,7616,808.452,839.426,647.744,-5.1885
mixed,64,58,0.9062,4.0,16,2048,4096,16384,15232,1160.165,1226.593,1014.978,-2.1856
mixed,64,58,0.9062,4.0,16,4096,128,512,476,316.128,322.686,315.554,-0.0875
mixed,64,58,0.9062,4.0,16,4096,256,1024,952,372.99,380.866,377.731,0.602
mixed,64,58,0.9062,4.0,16,4096,512,2048,1904,448.543,467.104,459.811,0.6071
mixed,64,58,0.9062,4.0,16,4096,1024,4096,3808,612.963,638.719,557.504,-2.1532
mixed,64,58,0.9062,4.0,16,4096,2048,8192,7616,924.742,975.361,649.151,-5.4444
mixed,64,58,0.9062,4.0,16,4096,4096,16384,15232,1312.451,1367.301,1010.245,-5.5097
mixed,64,58,0.9062,4.0,16,8192,128,512,476,355.457,364.352,364.835,1.0543
mixed,64,58,0.9062,4.0,16,8192,256,1024,952,358.433,353.763,358.179,
mixed,64,58,0.9062,4.0,16,8192,512,2048,1904,441.153,460.738,457.089,0.8137
mixed,64,58,0.9062,4.0,16,8192,1024,4096,3808,596.734,630.91,620.452,0.694
mixed,64,58,0.9062,4.0,16,8192,2048,8192,7616,917.346,964.448,807.326,-2.3358
mixed,64,58,0.9062,4.0,16,8192,4096,16384,15232,1561.603,1657.73,1019.427,-5.6402
mixed,64,58,0.9062,4.0,32,0,128,512,476,314.08,314.851,297.629,-21.3372
mixed,64,58,0.9062,4.0,32,0,256,1024,952,334.077,339.33,324.447,-1.8332
mixed,64,58,0.9062,4.0,32,0,512,2048,1904,373.536,379.235,376.77,0.5675
mixed,64,58,0.9062,4.0,32,0,1024,4096,3808,474.979,487.106,473.152,-0.1507
mixed,64,58,0.9062,4.0,32,0,2048,8192,7616,656.29,683.682,658.85,0.0935
mixed,64,58,0.9062,4.0,32,0,4096,16384,15232,1027.65,1077.667,1242.21,4.2897
mixed,64,58,0.9062,4.0,32,512,128,512,476,339.907,341.696,339.806,-0.0565
mixed,64,58,0.9062,4.0,32,512,256,1024,952,367.071,378.818,353.851,-1.1254
mixed,64,58,0.9062,4.0,32,512,512,2048,1904,422.367,435.17,389.345,-2.5792
mixed,64,58,0.9062,4.0,32,512,1024,4096,3808,525.537,541.22,475.971,-3.1605
mixed,64,58,0.9062,4.0,32,512,2048,8192,7616,704.767,733.731,653.603,-1.7665
mixed,64,58,0.9062,4.0,32,512,4096,16384,15232,1068.163,1122.816,1012.582,-1.017
mixed,64,58,0.9062,4.0,32,1024,128,512,476,341.088,349.22,340.671,-0.0513
mixed,64,58,0.9062,4.0,32,1024,256,1024,952,375.808,385.344,381.023,0.5469
mixed,64,58,0.9062,4.0,32,1024,512,2048,1904,448.961,465.7,420.71,-1.6877
mixed,64,58,0.9062,4.0,32,1024,1024,4096,3808,559.651,576.287,487.489,-4.3377
mixed,64,58,0.9062,4.0,32,1024,2048,8192,7616,741.794,758.879,657.793,-4.9167
mixed,64,58,0.9062,4.0,32,1024,4096,16384,15232,1095.138,1157.09,1016.486,-1.2696
mixed,64,58,0.9062,4.0,32,2048,128,512,476,320.255,316.991,322.334,
mixed,64,58,0.9062,4.0,32,2048,256,1024,952,375.615,383.329,382.113,0.8424
mixed,64,58,0.9062,4.0,32,2048,512,2048,1904,452.833,465.057,465.922,1.0708
mixed,64,58,0.9062,4.0,32,2048,1024,4096,3808,605.25,635.297,552.577,-1.753
mixed,64,58,0.9062,4.0,32,2048,2048,8192,7616,800.931,832.133,664.96,-4.3578
mixed,64,58,0.9062,4.0,32,2048,4096,16384,15232,1160.13,1218.05,1016.259,-2.484
mixed,64,58,0.9062,4.0,32,4096,128,512,476,357.537,365.54,367.071,1.1913
mixed,64,58,0.9062,4.0,32,4096,256,1024,952,358.529,356.098,356.352,
mixed,64,58,0.9062,4.0,32,4096,512,2048,1904,446.179,465.473,461.412,0.7895
mixed,64,58,0.9062,4.0,32,4096,1024,4096,3808,598.561,629.251,630.786,1.05
mixed,64,58,0.9062,4.0,32,4096,2048,8192,7616,912.161,961.022,795.264,-2.3924
mixed,64,58,0.9062,4.0,32,4096,4096,16384,15232,1295.554,1354.436,1029.507,-4.5183
mixed,64,58,0.9062,4.0,32,8192,128,512,476,390.818,387.872,390.948,
mixed,64,58,0.9062,4.0,32,8192,256,1024,952,429.7,448.865,446.338,0.8681
mixed,64,58,0.9062,4.0,32,8192,512,2048,1904,442.688,436.386,437.122,
mixed,64,58,0.9062,4.0,32,8192,1024,4096,3808,601.122,629.058,621.508,0.7297
mixed,64,58,0.9062,4.0,32,8192,2048,8192,7616,901.698,949.283,944.036,0.8897
mixed,64,58,0.9062,4.0,32,8192,4096,16384,15232,1527.523,1613.731,1302.981,-2.6047
mixed,64,58,0.9062,4.0,64,0,128,512,476,325.377,324.645,319.905,
mixed,64,58,0.9062,4.0,64,0,256,1024,952,346.462,350.783,335.389,-2.5626
mixed,64,58,0.9062,4.0,64,0,512,2048,1904,399.233,403.84,384.452,-3.2084
mixed,64,58,0.9062,4.0,64,0,1024,4096,3808,487.104,502.848,488.093,0.0628
mixed,64,58,0.9062,4.0,64,0,2048,8192,7616,669.541,699.682,670.467,0.0307
mixed,64,58,0.9062,4.0,64,0,4096,16384,15232,1036.608,1093.316,1247.367,3.7166
mixed,64,58,0.9062,4.0,64,512,128,512,476,354.499,356.646,357.087,1.2054
mixed,64,58,0.9062,4.0,64,512,256,1024,952,373.853,384.224,380.896,0.6791
mixed,64,58,0.9062,4.0,64,512,512,2048,1904,426.34,437.216,432.255,0.5439
mixed,64,58,0.9062,4.0,64,512,1024,4096,3808,524.578,547.745,542.208,0.761
mixed,64,58,0.9062,4.0,64,512,2048,8192,7616,705.825,733.154,717.377,0.4227
mixed,64,58,0.9062,4.0,64,512,4096,16384,15232,1069.567,1128.833,1098.114,0.4817
mixed,64,58,0.9062,4.0,64,1024,128,512,476,331.3,331.072,331.039,
mixed,64,58,0.9062,4.0,64,1024,256,1024,952,393.633,395.009,394.211,0.4201
mixed,64,58,0.9062,4.0,64,1024,512,2048,1904,446.691,460.068,461.315,1.0932
mixed,64,58,0.9062,4.0,64,1024,1024,4096,3808,555.809,575.171,573.923,0.9355
mixed,64,58,0.9062,4.0,64,1024,2048,8192,7616,731.877,763.08,752.869,0.6728
mixed,64,58,0.9062,4.0,64,1024,4096,16384,15232,1097.284,1160.93,1121.188,0.3756
mixed,64,58,0.9062,4.0,64,2048,128,512,476,371.615,381.376,378.882,0.7445
mixed,64,58,0.9062,4.0,64,2048,256,1024,952,370.532,365.221,365.25,
mixed,64,58,0.9062,4.0,64,2048,512,2048,1904,465.858,477.632,474.046,0.6954
mixed,64,58,0.9062,4.0,64,2048,1024,4096,3808,597.858,628.674,623.967,0.8473
mixed,64,58,0.9062,4.0,64,2048,2048,8192,7616,791.845,829.311,820.833,0.7737
mixed,64,58,0.9062,4.0,64,2048,4096,16384,15232,1155.425,1216.996,1183.394,0.4543
mixed,64,58,0.9062,4.0,64,4096,128,512,476,400.767,398.721,400.417,
mixed,64,58,0.9062,4.0,64,4096,256,1024,952,444.928,460.13,461.825,1.1115
mixed,64,58,0.9062,4.0,64,4096,512,2048,1904,450.018,445.219,444.286,
mixed,64,58,0.9062,4.0,64,4096,1024,4096,3808,613.987,640.865,631.523,0.6524
mixed,64,58,0.9062,4.0,64,4096,2048,8192,7616,902.145,946.177,941.632,0.8968
mixed,64,58,0.9062,4.0,64,4096,4096,16384,15232,1283.426,1343.171,1321.698,0.6406
mixed,64,58,0.9062,4.0,64,8192,128,512,476,506.847,512.48,511.138,0.7618
mixed,64,58,0.9062,4.0,64,8192,256,1024,952,510.692,511.998,510.751,0.0452
mixed,64,58,0.9062,4.0,64,8192,512,2048,1904,589.602,619.747,618.561,0.9607
mixed,64,58,0.9062,4.0,64,8192,1024,4096,3808,614.373,609.828,610.882,
mixed,64,58,0.9062,4.0,64,8192,2048,8192,7616,911.841,960.485,957.218,0.9328
mixed,64,58,0.9062,4.0,64,8192,4096,16384,15232,1493.284,1581.09,1580.225,0.9901
mixed,64,58,0.9062,4.0,128,0,128,512,476,357.505,357.949,356.065,-3.2432
mixed,64,58,0.9062,4.0,128,0,256,1024,952,386.37,394.625,376.8,-1.1593
mixed,64,58,0.9062,4.0,128,0,512,2048,1904,432.385,440.993,432.061,-0.0376
mixed,64,58,0.9062,4.0,128,0,1024,4096,3808,525.695,543.685,527.715,0.1123
mixed,64,58,0.9062,4.0,128,0,2048,8192,7616,710.402,734.4,724.576,0.5906
mixed,64,58,0.9062,4.0,128,0,4096,16384,15232,1088.29,1136.388,1079.617,-0.1803
mixed,64,58,0.9062,4.0,128,512,128,512,476,329.857,341.12,340.254,0.9231
mixed,64,58,0.9062,4.0,128,512,256,1024,952,407.391,412.959,412.033,0.8337
mixed,64,58,0.9062,4.0,128,512,512,2048,1904,461.053,468.961,469.474,1.0649
mixed,64,58,0.9062,4.0,128,512,1024,4096,3808,557.888,570.147,571.364,1.0993
mixed,64,58,0.9062,4.0,128,512,2048,8192,7616,744.674,774.561,748.197,0.1179
mixed,64,58,0.9062,4.0,128,512,4096,16384,15232,1100.515,1171.748,1134.627,0.4789
mixed,64,58,0.9062,4.0,128,1024,128,512,476,424.544,428.546,432.097,1.8873
mixed,64,58,0.9062,4.0,128,1024,256,1024,952,376.418,375.521,376.611,
mixed,64,58,0.9062,4.0,128,1024,512,2048,1904,486.149,503.457,498.084,0.6896
mixed,64,58,0.9062,4.0,128,1024,1024,4096,3808,588.07,612.639,598.21,0.4127
mixed,64,58,0.9062,4.0,128,1024,2048,8192,7616,772.228,793.281,783.136,0.5181
mixed,64,58,0.9062,4.0,128,1024,4096,16384,15232,1125.534,1184.194,1153.763,0.4812
mixed,64,58,0.9062,4.0,128,2048,128,512,476,464.32,470.695,473.981,1.5155
mixed,64,58,0.9062,4.0,128,2048,256,1024,952,508.771,515.488,511.169,0.357
mixed,64,58,0.9062,4.0,128,2048,512,2048,1904,455.491,449.984,456.159,
mixed,64,58,0.9062,4.0,128,2048,1024,4096,3808,631.33,647.362,652.732,1.335
mixed,64,58,0.9062,4.0,128,2048,2048,8192,7616,832.93,855.172,851.01,0.8129
mixed,64,58,0.9062,4.0,128,2048,4096,16384,15232,1185.346,1245.922,1220.738,0.5843
mixed,64,58,0.9062,4.0,128,4096,128,512,476,546.4,552.675,547.041,0.1022
mixed,64,58,0.9062,4.0,128,4096,256,1024,952,580.64,588.894,587.425,0.822
mixed,64,58,0.9062,4.0,128,4096,512,2048,1904,657.22,678.177,671.005,0.6578
mixed,64,58,0.9062,4.0,128,4096,1024,4096,3808,615.424,619.394,622.817,1.8622
mixed,64,58,0.9062,4.0,128,4096,2048,8192,7616,934.305,971.519,968.739,0.9253
mixed,64,58,0.9062,4.0,128,4096,4096,16384,15232,1314.82,1378.625,1359.3,0.6971
mixed,64,58,0.9062,4.0,128,8192,128,512,476,702.05,702.976,701.506,-0.5875
mixed,64,58,0.9062,4.0,128,8192,256,1024,952,737.89,754.021,748.416,0.6525
mixed,64,58,0.9062,4.0,128,8192,512,2048,1904,815.527,836.544,827.522,0.5707
mixed,64,58,0.9062,4.0,128,8192,1024,4096,3808,966.532,988.258,989.281,1.0471
mixed,64,58,0.9062,4.0,128,8192,2048,8192,7616,936.93,941.537,943.107,1.3408
mixed,64,58,0.9062,4.0,128,8192,4096,16384,15232,1518.848,1610.757,1603.649,0.9227
mixed,64,58,0.9062,4.0,256,0,128,512,476,386.468,372.388,374.435,
mixed,64,58,0.9062,4.0,256,0,256,1024,952,402.146,409.085,411.811,1.3929
mixed,64,58,0.9062,4.0,256,0,512,2048,1904,485.412,489.089,488.483,0.8352
mixed,64,58,0.9062,4.0,256,0,1024,4096,3808,618.047,650.211,643.006,0.776
mixed,64,58,0.9062,4.0,256,0,2048,8192,7616,916.77,971.555,959.167,0.7739
mixed,64,58,0.9062,4.0,256,0,4096,16384,15232,1528.262,1596.806,1593.864,0.9571
mixed,64,58,0.9062,4.0,256,512,128,512,476,429.952,422.398,423.489,
mixed,64,58,0.9062,4.0,256,512,256,1024,952,463.586,476.928,472.963,0.7028
mixed,64,58,0.9062,4.0,256,512,512,2048,1904,534.5,546.977,554.241,1.5822
mixed,64,58,0.9062,4.0,256,512,1024,4096,3808,689.474,711.81,704.034,0.6519
mixed,64,58,0.9062,4.0,256,512,2048,8192,7616,983.359,1033.315,1025.41,0.8418
mixed,64,58,0.9062,4.0,256,512,4096,16384,15232,1582.853,1669.828,1642.629,0.6873
mixed,64,58,0.9062,4.0,256,1024,128,512,476,465.38,481.408,468.575,0.1993
mixed,64,58,0.9062,4.0,256,1024,256,1024,952,504.418,514.978,513.342,0.8451
mixed,64,58,0.9062,4.0,256,1024,512,2048,1904,575.425,591.137,599.845,1.5542
mixed,64,58,0.9062,4.0,256,1024,1024,4096,3808,731.651,742.626,756.638,2.2767
mixed,64,58,0.9062,4.0,256,1024,2048,8192,7616,1028.26,1069.154,1078.945,1.2394
mixed,64,58,0.9062,4.0,256,1024,4096,16384,15232,1606.021,1698.949,1685.284,0.853
mixed,64,58,0.9062,4.0,256,2048,128,512,476,541.087,550.849,539.073,-0.2063
mixed,64,58,0.9062,4.0,256,2048,256,1024,952,585.441,582.72,600.898,
mixed,64,58,0.9062,4.0,256,2048,512,2048,1904,653.636,677.442,666.978,0.5604
mixed,64,58,0.9062,4.0,256,2048,1024,4096,3808,802.661,827.779,832.768,1.1986
mixed,64,58,0.9062,4.0,256,2048,2048,8192,7616,1104.962,1151.589,1144.036,0.838
mixed,64,58,0.9062,4.0,256,2048,4096,16384,15232,1688.931,1787.524,1783.845,0.9627
mixed,64,58,0.9062,4.0,256,4096,128,512,476,698.946,704.932,707.55,1.4374
mixed,64,58,0.9062,4.0,256,4096,256,1024,952,745.7,756.483,753.7,0.7419
mixed,64,58,0.9062,4.0,256,4096,512,2048,1904,812.515,822.753,827.426,1.4564
mixed,64,58,0.9062,4.0,256,4096,1024,4096,3808,957.761,986.718,987.01,1.0101
mixed,64,58,0.9062,4.0,256,4096,2048,8192,7616,1262.311,1320.865,1295.716,0.5705
mixed,64,58,0.9062,4.0,256,4096,4096,16384,15232,1847.395,1950.885,1927.333,0.7724
mixed,64,58,0.9062,4.0,256,8192,128,512,476,1006.532,1024.064,1013.761,0.4123
mixed,64,58,0.9062,4.0,256,8192,256,1024,952,1034.338,1051.877,1044.423,0.575
mixed,64,58,0.9062,4.0,256,8192,512,2048,1904,1122.786,1137.149,1138.916,1.123
mixed,64,58,0.9062,4.0,256,8192,1024,4096,3808,1263.873,1302.819,1294.943,0.7978
mixed,64,58,0.9062,4.0,256,8192,2048,8192,7616,1566.725,1617.124,1598.082,0.6222
mixed,64,58,0.9062,4.0,256,8192,4096,16384,15232,2158.662,2254.117,2233.603,0.7851
mixed,64,58,0.9062,4.0,512,0,128,512,476,543.81,549.378,546.176,0.4249
mixed,64,58,0.9062,4.0,512,0,256,1024,952,561.634,568.512,562.047,0.06
mixed,64,58,0.9062,4.0,512,0,512,2048,1904,611.167,632.127,621.663,0.5008
mixed,64,58,0.9062,4.0,512,0,1024,4096,3808,764.069,792.386,788.323,0.8565
mixed,64,58,0.9062,4.0,512,0,2048,8192,7616,1063.106,1106.276,1101.571,0.891
mixed,64,58,0.9062,4.0,512,0,4096,16384,15232,1652.484,1743.976,1736.927,0.923
mixed,64,58,0.9062,4.0,512,512,128,512,476,644.32,649.442,651.295,1.3618
mixed,64,58,0.9062,4.0,512,512,256,1024,952,686.591,694.051,692.804,0.8328
mixed,64,58,0.9062,4.0,512,512,512,2048,1904,763.107,773.502,774.564,1.1022
mixed,64,58,0.9062,4.0,512,512,1024,4096,3808,905.607,927.647,925.542,0.9045
mixed,64,58,0.9062,4.0,512,512,2048,8192,7616,1196.963,1242.719,1241.319,0.9694
mixed,64,58,0.9062,4.0,512,512,4096,16384,15232,1786.085,1875.619,1869.218,0.9285
mixed,64,58,0.9062,4.0,512,1024,128,512,476,722.659,726.275,724.612,0.5401
mixed,64,58,0.9062,4.0,512,1024,256,1024,952,760.327,768.642,769.025,1.0461
mixed,64,58,0.9062,4.0,512,1024,512,2048,1904,836.803,847.583,847.173,0.962
mixed,64,58,0.9062,4.0,512,1024,1024,4096,3808,982.562,1006.179,1002.435,0.8415
mixed,64,58,0.9062,4.0,512,1024,2048,8192,7616,1274.789,1319.717,1315.011,0.8953
mixed,64,58,0.9062,4.0,512,1024,4096,16384,15232,1860.741,1952.549,1948.192,0.9525
mixed,64,58,0.9062,4.0,512,2048,128,512,476,874.529,877.283,878.082,1.2901
mixed,64,58,0.9062,4.0,512,2048,256,1024,952,914.115,922.915,921.728,0.8651
mixed,64,58,0.9062,4.0,512,2048,512,2048,1904,986.211,1002.021,998.436,0.7732
mixed,64,58,0.9062,4.0,512,2048,1024,4096,3808,1135.263,1160.483,1159.841,0.9745
mixed,64,58,0.9062,4.0,512,2048,2048,8192,7616,1432.418,1473.859,1470.373,0.9159
mixed,64,58,0.9062,4.0,512,2048,4096,16384,15232,2017.764,2102.337,2097.959,0.9482
mixed,64,58,0.9062,4.0,512,4096,128,512,476,1172.451,1184.929,1177.412,0.3976
mixed,64,58,0.9062,4.0,512,4096,256,1024,952,1216.642,1224.995,1224.063,0.8884
mixed,64,58,0.9062,4.0,512,4096,512,2048,1904,1291.648,1299.809,1303.877,1.4985
mixed,64,58,0.9062,4.0,512,4096,1024,4096,3808,1438.243,1460.963,1457.86,0.8634
mixed,64,58,0.9062,4.0,512,4096,2048,8192,7616,1737.351,1778.69,1775.847,0.9312
mixed,64,58,0.9062,4.0,512,4096,4096,16384,15232,2321.733,2413.449,2404.582,0.9033
mixed,64,58,0.9062,4.0,512,8192,128,512,476,1738.66,1737.218,1738.116,
mixed,64,58,0.9062,4.0,512,8192,256,1024,952,1813.318,1826.18,1827.144,1.0749
mixed,64,58,0.9062,4.0,512,8192,512,2048,1904,1893.19,1909.928,1909.507,0.9748
mixed,64,58,0.9062,4.0,512,8192,1024,4096,3808,2037.667,2067.394,2067.49,1.0032
mixed,64,58,0.9062,4.0,512,8192,2048,8192,7616,2336.676,2381.254,2381.511,1.0058
mixed,64,58,0.9062,4.0,512,8192,4096,16384,15232,2927.72,3014.726,3009.062,0.9349
mixed,64,58,0.9062,4.0,1024,0,128,512,476,846.916,844.931,846.725,
mixed,64,58,0.9062,4.0,1024,0,256,1024,952,882.567,882.98,876.16,-15.5133
mixed,64,58,0.9062,4.0,1024,0,512,2048,1904,920.928,933.76,929.572,0.6736
mixed,64,58,0.9062,4.0,1024,0,1024,4096,3808,1023.396,1036.672,1030.877,0.5635
mixed,64,58,0.9062,4.0,1024,0,2048,8192,7616,1204.287,1229.573,1317.288,4.4689
mixed,64,58,0.9062,4.0,1024,0,4096,16384,15232,1589.795,1644.33,1802.151,3.8939
mixed,64,58,0.9062,4.0,1024,512,128,512,476,1014.402,1012.864,1006.821,
mixed,64,58,0.9062,4.0,1024,512,256,1024,952,1037.757,1041.538,1039.169,0.3734
mixed,64,58,0.9062,4.0,1024,512,512,2048,1904,1088.869,1096.127,1094.564,0.7847
mixed,64,58,0.9062,4.0,1024,512,1024,4096,3808,1183.555,1198.333,1187.295,0.2531
mixed,64,58,0.9062,4.0,1024,512,2048,8192,7616,1373.32,1395.495,1484.703,5.0229
mixed,64,58,0.9062,4.0,1024,512,4096,16384,15232,1744.099,1808.454,1957.13,3.3102
mixed,64,58,0.9062,4.0,1024,1024,128,512,476,1084.417,1084.384,1083.808,
mixed,64,58,0.9062,4.0,1024,1024,256,1024,952,1108.744,1118.918,1116.422,0.7547
mixed,64,58,0.9062,4.0,1024,1024,512,2048,1904,1164.583,1172.095,1160.834,-0.4991
mixed,64,58,0.9062,4.0,1024,1024,1024,4096,3808,1258.818,1276.641,1267.715,0.4992
mixed,64,58,0.9062,4.0,1024,1024,2048,8192,7616,1445.09,1465.702,1562.919,5.7165
mixed,64,58,0.9062,4.0,1024,1024,4096,16384,15232,1813.67,1888.07,2031.784,2.9316
mixed,64,58,0.9062,4.0,1024,2048,128,512,476,1240.71,1241.411,1244.188,4.9615
mixed,64,58,0.9062,4.0,1024,2048,256,1024,952,1268.676,1272.07,1264.998,-1.0837
mixed,64,58,0.9062,4.0,1024,2048,512,2048,1904,1317.409,1324.452,1318.626,0.1728
mixed,64,58,0.9062,4.0,1024,2048,1024,4096,3808,1411.525,1421.829,1417.921,0.6207
mixed,64,58,0.9062,4.0,1024,2048,2048,8192,7616,1595.946,1627.204,1710.373,3.6607
mixed,64,58,0.9062,4.0,1024,2048,4096,16384,15232,1962.114,2028.579,2183.495,3.3308
mixed,64,58,0.9062,4.0,1024,4096,128,512,476,1567.205,1566.693,1570.208,
mixed,64,58,0.9062,4.0,1024,4096,256,1024,952,1595.972,1597.573,1596.158,0.1162
mixed,64,58,0.9062,4.0,1024,4096,512,2048,1904,1643.618,1649.025,1643.426,-0.0355
mixed,64,58,0.9062,4.0,1024,4096,1024,4096,3808,1737.057,1754.091,1742.083,0.2951
mixed,64,58,0.9062,4.0,1024,4096,2048,8192,7616,1920.357,1949.796,2034.051,3.862
mixed,64,58,0.9062,4.0,1024,4096,4096,16384,15232,2285.675,2335.559,2504.9,4.3947
mixed,64,58,0.9062,4.0,1024,8192,128,512,476,2188.417,2194.979,2192.201,0.5767
mixed,64,58,0.9062,4.0,1024,8192,256,1024,952,2220.87,2222.114,2218.348,-2.0273
mixed,64,58,0.9062,4.0,1024,8192,512,2048,1904,2274.44,2277.607,2273.254,-0.3745
mixed,64,58,0.9062,4.0,1024,8192,1024,4096,3808,2358.531,2372.387,2367.201,0.6257
mixed,64,58,0.9062,4.0,1024,8192,2048,8192,7616,2547.017,2574.314,2662.338,4.2247
mixed,64,58,0.9062,4.0,1024,8192,4096,16384,15232,2918.34,2965.126,3130.857,4.5423
mixed,64,58,0.9062,4.0,2048,0,128,512,476,1577.667,1576.963,1571.553,
mixed,64,58,0.9062,4.0,2048,0,256,1024,952,1610.434,1614.567,1607.751,-0.6492
mixed,64,58,0.9062,4.0,2048,0,512,2048,1904,1650.499,1662.084,1658.404,0.6823
mixed,64,58,0.9062,4.0,2048,0,1024,4096,3808,1755.65,1766.659,1758.887,0.294
mixed,64,58,0.9062,4.0,2048,0,2048,8192,7616,1931.105,1959.138,2038.982,3.8482
mixed,64,58,0.9062,4.0,2048,0,4096,16384,15232,2294.598,2345.83,2513.317,4.2692
mixed,64,58,0.9062,4.0,2048,512,128,512,476,1795.843,1793.737,1800.674,
mixed,64,58,0.9062,4.0,2048,512,256,1024,952,1827.464,1830.085,1826.463,-0.3819
mixed,64,58,0.9062,4.0,2048,512,512,2048,1904,1878.753,1880.263,1879.818,0.7053
mixed,64,58,0.9062,4.0,2048,512,1024,4096,3808,1972.801,1984.099,1984.382,1.025
mixed,64,58,0.9062,4.0,2048,512,2048,8192,7616,2152.258,2176.391,2254.785,4.2484
mixed,64,58,0.9062,4.0,2048,512,4096,16384,15232,2523.466,2572.682,2736.489,4.3283
mixed,64,58,0.9062,4.0,2048,1024,128,512,476,1912.898,1915.141,1910.508,-1.0655
mixed,64,58,0.9062,4.0,2048,1024,256,1024,952,1937.413,1948.682,1937.411,-0.0002
mixed,64,58,0.9062,4.0,2048,1024,512,2048,1904,1984.768,1993.829,1988.417,0.4027
mixed,64,58,0.9062,4.0,2048,1024,1024,4096,3808,2087.555,2098.599,2089.864,0.2091
mixed,64,58,0.9062,4.0,2048,1024,2048,8192,7616,2265.194,2293.634,2381.257,4.081
mixed,64,58,0.9062,4.0,2048,1024,4096,16384,15232,2636.17,2689.193,2853.096,4.0912
mixed,64,58,0.9062,4.0,2048,2048,128,512,476,2149.255,2144.865,2145.798,
mixed,64,58,0.9062,4.0,2048,2048,256,1024,952,2171.586,2175.88,2169.759,-0.4255
mixed,64,58,0.9062,4.0,2048,2048,512,2048,1904,2219.776,2235.367,2224.993,0.3346
mixed,64,58,0.9062,4.0,2048,2048,1024,4096,3808,2314.691,2329.705,2328.225,0.9014
mixed,64,58,0.9062,4.0,2048,2048,2048,8192,7616,2496.613,2519.43,2605.67,4.7796
mixed,64,58,0.9062,4.0,2048,2048,4096,16384,15232,2857.928,2914.859,3077.417,3.8554
mixed,64,58,0.9062,4.0,2048,4096,128,512,476,2605.321,2611.938,2607.047,0.2608
mixed,64,58,0.9062,4.0,2048,4096,256,1024,952,2632.423,2636.196,2643.18,2.851
mixed,64,58,0.9062,4.0,2048,4096,512,2048,1904,2690.277,2693.89,2682.208,-2.2333
mixed,64,58,0.9062,4.0,2048,4096,1024,4096,3808,2774.566,2801.035,2791.428,0.637
mixed,64,58,0.9062,4.0,2048,4096,2048,8192,7616,2956.964,2980.04,3074.408,5.0894
mixed,64,58,0.9062,4.0,2048,4096,4096,16384,15232,3325.257,3373.863,3532.846,4.2709
mixed,64,58,0.9062,4.0,2048,8192,128,512,476,3502.666,3504.045,3492.714,-7.2168
mixed,64,58,0.9062,4.0,2048,8192,256,1024,952,3523.984,3532.266,3540.583,2.0042
mixed,64,58,0.9062,4.0,2048,8192,512,2048,1904,3568.14,3577.986,3572.782,0.4715
mixed,64,58,0.9062,4.0,2048,8192,1024,4096,3808,3673.641,3689.517,3676.88,0.204
mixed,64,58,0.9062,4.0,2048,8192,2048,8192,7616,3844.132,3883.5,3980.301,3.4589
mixed,64,58,0.9062,4.0,2048,8192,4096,16384,15232,4228.556,4282.826,4438.729,3.8727
pure,128,1,0.0078,4.0,0,0,128,512,131,241.309,308.736,269.601,0.4196
pure,128,1,0.0078,4.0,0,0,256,1024,262,281.476,361.634,286.27,0.0598
pure,128,1,0.0078,4.0,0,0,512,2048,524,311.715,463.107,310.944,-0.0051
pure,128,1,0.0078,4.0,0,0,1024,4096,1048,360.705,658.755,363.394,0.009
pure,128,1,0.0078,4.0,0,0,2048,8192,2096,467.426,1050.432,462.688,-0.0081
pure,128,1,0.0078,4.0,0,0,4096,16384,4192,662.338,1830.817,667.554,0.0045
mixed,128,1,0.0078,4.0,16,0,128,512,131,271.873,334.082,303.007,0.5005
mixed,128,1,0.0078,4.0,16,0,256,1024,262,300.767,383.392,319.072,0.2215
mixed,128,1,0.0078,4.0,16,0,512,2048,524,335.555,482.431,355.492,0.1357
mixed,128,1,0.0078,4.0,16,0,1024,4096,1048,384.894,681.121,405.954,0.0711
mixed,128,1,0.0078,4.0,16,0,2048,8192,2096,490.337,1080.93,496.062,0.0097
mixed,128,1,0.0078,4.0,16,0,4096,16384,4192,683.295,1861.572,691.299,0.0068
mixed,128,1,0.0078,4.0,16,512,128,512,131,325.891,384.639,320.994,-0.0834
mixed,128,1,0.0078,4.0,16,512,256,1024,262,347.199,448.35,342.979,-0.0417
mixed,128,1,0.0078,4.0,16,512,512,2048,524,383.873,551.072,380.321,-0.0212
mixed,128,1,0.0078,4.0,16,512,1024,4096,1048,452.866,742.917,439.774,-0.0451
mixed,128,1,0.0078,4.0,16,512,2048,8192,2096,547.521,1120.42,550.145,0.0046
mixed,128,1,0.0078,4.0,16,512,4096,16384,4192,736.289,1876.708,747.137,0.0095
mixed,128,1,0.0078,4.0,16,1024,128,512,131,325.089,387.269,325.826,0.0119
mixed,128,1,0.0078,4.0,16,1024,256,1024,262,340.003,467.553,341.153,0.009
mixed,128,1,0.0078,4.0,16,1024,512,2048,524,388.77,579.202,394.819,0.0318
mixed,128,1,0.0078,4.0,16,1024,1024,4096,1048,466.945,778.24,472.866,0.019
mixed,128,1,0.0078,4.0,16,1024,2048,8192,2096,582.626,1160.961,583.043,0.0007
mixed,128,1,0.0078,4.0,16,1024,4096,16384,4192,793.151,1904.325,784.641,-0.0077
mixed,128,1,0.0078,4.0,16,2048,128,512,131,327.708,385.792,326.496,-0.0209
mixed,128,1,0.0078,4.0,16,2048,256,1024,262,344.96,473.953,346.882,0.0149
mixed,128,1,0.0078,4.0,16,2048,512,2048,524,387.904,645.537,384.927,-0.0116
mixed,128,1,0.0078,4.0,16,2048,1024,4096,1048,479.136,852.194,472.257,-0.0184
mixed,128,1,0.0078,4.0,16,2048,2048,8192,2096,640.672,1236.934,638.079,-0.0043
mixed,128,1,0.0078,4.0,16,2048,4096,16384,4192,859.871,1990.176,854.085,-0.0051
mixed,128,1,0.0078,4.0,16,4096,128,512,131,334.626,383.648,353.759,0.3903
mixed,128,1,0.0078,4.0,16,4096,256,1024,262,352.252,471.902,351.013,-0.0104
mixed,128,1,0.0078,4.0,16,4096,512,2048,524,384.517,646.689,384.288,-0.0009
mixed,128,1,0.0078,4.0,16,4096,1024,4096,1048,471.683,982.658,473.155,0.0029
mixed,128,1,0.0078,4.0,16,4096,2048,8192,2096,646.275,1389.378,644.292,-0.0027
mixed,128,1,0.0078,4.0,16,4096,4096,16384,4192,992.865,2139.145,986.212,-0.0058
mixed,128,1,0.0078,4.0,16,8192,128,512,131,363.454,388.193,351.777,-0.472
mixed,128,1,0.0078,4.0,16,8192,256,1024,262,391.84,466.271,379.777,-0.1621
mixed,128,1,0.0078,4.0,16,8192,512,2048,524,391.361,633.888,391.038,-0.0013
mixed,128,1,0.0078,4.0,16,8192,1024,4096,1048,468.258,989.186,471.906,0.007
mixed,128,1,0.0078,4.0,16,8192,2048,8192,2096,638.98,1657.253,635.138,-0.0038
mixed,128,1,0.0078,4.0,16,8192,4096,16384,4192,991.971,2435.494,982.531,-0.0065
mixed,128,1,0.0078,4.0,32,0,128,512,131,286.849,353.662,312.61,0.3856
mixed,128,1,0.0078,4.0,32,0,256,1024,262,331.2,394.949,337.635,0.1009
mixed,128,1,0.0078,4.0,32,0,512,2048,524,358.434,503.073,359.331,0.0062
mixed,128,1,0.0078,4.0,32,0,1024,4096,1048,398.24,701.12,412.32,0.0465
mixed,128,1,0.0078,4.0,32,0,2048,8192,2096,508.287,1090.789,513.34,0.0087
mixed,128,1,0.0078,4.0,32,0,4096,16384,4192,701.791,1871.4,709.379,0.0065
mixed,128,1,0.0078,4.0,32,512,128,512,131,331.044,390.525,331.844,0.0134
mixed,128,1,0.0078,4.0,32,512,256,1024,262,358.815,454.111,359.364,0.0058
mixed,128,1,0.0078,4.0,32,512,512,2048,524,389.31,555.81,393.024,0.0223
mixed,128,1,0.0078,4.0,32,512,1024,4096,1048,458.69,749.955,450.912,-0.0267
mixed,128,1,0.0078,4.0,32,512,2048,8192,2096,554.719,1133.925,560.067,0.0092
mixed,128,1,0.0078,4.0,32,512,4096,16384,4192,743.815,1881.926,749.089,0.0046
mixed,128,1,0.0078,4.0,32,1024,128,512,131,334.53,405.248,331.968,-0.0362
mixed,128,1,0.0078,4.0,32,1024,256,1024,262,364.384,474.465,357.829,-0.0595
mixed,128,1,0.0078,4.0,32,1024,512,2048,524,402.271,591.713,401.282,-0.0052
mixed,128,1,0.0078,4.0,32,1024,1024,4096,1048,478.084,783.522,479.712,0.0053
mixed,128,1,0.0078,4.0,32,1024,2048,8192,2096,584.993,1176.674,587.522,0.0043
mixed,128,1,0.0078,4.0,32,1024,4096,16384,4192,783.904,1927.237,784.517,0.0005
mixed,128,1,0.0078,4.0,32,2048,128,512,131,363.232,399.106,361.919,-0.0366
mixed,128,1,0.0078,4.0,32,2048,256,1024,262,360.993,484.035,359.81,-0.0096
mixed,128,1,0.0078,4.0,32,2048,512,2048,524,396.254,645.701,397.729,0.0059
mixed,128,1,0.0078,4.0,32,2048,1024,4096,1048,488.866,850.112,486.336,-0.007
mixed,128,1,0.0078,4.0,32,2048,2048,8192,2096,648.833,1231.749,649.056,0.0004
mixed,128,1,0.0078,4.0,32,2048,4096,16384,4192,854.46,1982.372,851.71,-0.0024
mixed,128,1,0.0078,4.0,32,4096,128,512,131,389.25,400.962,383.102,-0.5249
mixed,128,1,0.0078,4.0,32,4096,256,1024,262,406.626,481.119,403.166,-0.0464
mixed,128,1,0.0078,4.0,32,4096,512,2048,524,402.722,653.343,400.482,-0.0089
mixed,128,1,0.0078,4.0,32,4096,1024,4096,1048,479.616,976.192,475.909,-0.0075
mixed,128,1,0.0078,4.0,32,4096,2048,8192,2096,656.771,1359.585,651.01,-0.0082
mixed,128,1,0.0078,4.0,32,4096,4096,16384,4192,988.482,2132.231,981.537,-0.0061
mixed,128,1,0.0078,4.0,32,8192,128,512,131,433.984,455.876,430.315,-0.1676
mixed,128,1,0.0078,4.0,32,8192,256,1024,262,434.66,484.352,437.952,0.0662
mixed,128,1,0.0078,4.0,32,8192,512,2048,524,456.448,644.801,455.713,-0.0039
mixed,128,1,0.0078,4.0,32,8192,1024,4096,1048,485.632,978.851,487.776,0.0043
mixed,128,1,0.0078,4.0,32,8192,2048,8192,2096,650.37,1633.152,644.991,-0.0055
mixed,128,1,0.0078,4.0,32,8192,4096,16384,4192,990.723,2411.236,987.045,-0.0026
mixed,128,1,0.0078,4.0,64,0,128,512,131,293.022,374.462,327.713,0.426
mixed,128,1,0.0078,4.0,64,0,256,1024,262,342.848,427.714,352.096,0.109
mixed,128,1,0.0078,4.0,64,0,512,2048,524,372.866,519.136,375.137,0.0155
mixed,128,1,0.0078,4.0,64,0,1024,4096,1048,428.385,719.265,436.447,0.0277
mixed,128,1,0.0078,4.0,64,0,2048,8192,2096,525.792,1118.24,530.403,0.0078
mixed,128,1,0.0078,4.0,64,0,4096,16384,4192,723.139,1896.902,734.499,0.0097
mixed,128,1,0.0078,4.0,64,512,128,512,131,347.874,399.009,349.408,0.03
mixed,128,1,0.0078,4.0,64,512,256,1024,262,374.369,462.527,380.258,0.0668
mixed,128,1,0.0078,4.0,64,512,512,2048,524,406.337,567.041,398.624,-0.048
mixed,128,1,0.0078,4.0,64,512,1024,4096,1048,458.114,770.722,461.442,0.0106
mixed,128,1,0.0078,4.0,64,512,2048,8192,2096,569.694,1156.839,571.173,0.0025
mixed,128,1,0.0078,4.0,64,512,4096,16384,4192,764.898,1945.924,767.811,0.0025
mixed,128,1,0.0078,4.0,64,1024,128,512,131,382.561,424.416,374.149,-0.201
mixed,128,1,0.0078,4.0,64,1024,256,1024,262,369.22,487.17,367.684,-0.013
mixed,128,1,0.0078,4.0,64,1024,512,2048,524,425.631,605.407,428.865,0.018
mixed,128,1,0.0078,4.0,64,1024,1024,4096,1048,486.368,803.681,485.54,-0.0026
mixed,128,1,0.0078,4.0,64,1024,2048,8192,2096,603.072,1189.601,597.795,-0.009
mixed,128,1,0.0078,4.0,64,1024,4096,16384,4192,793.473,1969.639,802.177,0.0074
mixed,128,1,0.0078,4.0,64,2048,128,512,131,400.292,410.337,399.809,-0.0481
mixed,128,1,0.0078,4.0,64,2048,256,1024,262,412.708,508.738,412.415,-0.0031
mixed,128,1,0.0078,4.0,64,2048,512,2048,524,422.24,655.972,420.795,-0.0062
mixed,128,1,0.0078,4.0,64,2048,1024,4096,1048,499.713,866.367,509.537,0.0268
mixed,128,1,0.0078,4.0,64,2048,2048,8192,2096,666.662,1246.5,649.092,-0.0303
mixed,128,1,0.0078,4.0,64,2048,4096,16384,4192,866.978,2034.595,860.48,-0.0056
mixed,128,1,0.0078,4.0,64,4096,128,512,131,428.771,478.946,438.497,0.1938
mixed,128,1,0.0078,4.0,64,4096,256,1024,262,449.409,500.959,453.762,0.0844
mixed,128,1,0.0078,4.0,64,4096,512,2048,524,481.952,666.241,478.817,-0.017
mixed,128,1,0.0078,4.0,64,4096,1024,4096,1048,504.482,970.085,504.162,-0.0007
mixed,128,1,0.0078,4.0,64,4096,2048,8192,2096,668.227,1372.26,658.275,-0.0141
mixed,128,1,0.0078,4.0,64,4096,4096,16384,4192,990.593,2153.989,985.346,-0.0045
mixed,128,1,0.0078,4.0,64,8192,128,512,131,515.171,536.579,513.058,-0.0987
mixed,128,1,0.0078,4.0,64,8192,256,1024,262,531.711,631.077,528.257,-0.0348
mixed,128,1,0.0078,4.0,64,8192,512,2048,524,534.048,661.792,530.72,-0.0261
mixed,128,1,0.0078,4.0,64,8192,1024,4096,1048,631.746,988.195,638.339,0.0185
mixed,128,1,0.0078,4.0,64,8192,2048,8192,2096,667.138,1615.522,670.753,0.0038
mixed,128,1,0.0078,4.0,64,8192,4096,16384,4192,994.176,2404.867,989.76,-0.0031
mixed,128,1,0.0078,4.0,128,0,128,512,131,309.218,393.828,349.858,0.4803
mixed,128,1,0.0078,4.0,128,0,256,1024,262,365.41,445.535,364.418,-0.0124
mixed,128,1,0.0078,4.0,128,0,512,2048,524,398.497,547.139,406.556,0.0542
mixed,128,1,0.0078,4.0,128,0,1024,4096,1048,450.592,744.258,500.708,0.1707
mixed,128,1,0.0078,4.0,128,0,2048,8192,2096,548.225,1148.068,685.213,0.2284
mixed,128,1,0.0078,4.0,128,0,4096,16384,4192,750.431,1921.86,1040.836,0.2479
mixed,128,1,0.0078,4.0,128,512,128,512,131,393.253,412.444,394.589,0.0696
mixed,128,1,0.0078,4.0,128,512,256,1024,262,366.502,466.883,365.218,-0.0128
mixed,128,1,0.0078,4.0,128,512,512,2048,524,412.863,566.975,409.762,-0.0201
mixed,128,1,0.0078,4.0,128,512,1024,4096,1048,474.561,771.202,476.51,0.0066
mixed,128,1,0.0078,4.0,128,512,2048,8192,2096,573.825,1164.962,652.193,0.1326
mixed,128,1,0.0078,4.0,128,512,4096,16384,4192,775.172,1943.715,1010.369,0.2013
mixed,128,1,0.0078,4.0,128,1024,128,512,131,412.796,407.616,412.516,
mixed,128,1,0.0078,4.0,128,1024,256,1024,262,429.219,493.726,431.777,0.0397
mixed,128,1,0.0078,4.0,128,1024,512,2048,524,408.354,600.131,412.897,0.0237
mixed,128,1,0.0078,4.0,128,1024,1024,4096,1048,493.884,800.961,497.602,0.0121
mixed,128,1,0.0078,4.0,128,1024,2048,8192,2096,606.146,1186.405,647.906,0.072
mixed,128,1,0.0078,4.0,128,1024,4096,16384,4192,800.482,1973.38,993.539,0.1646
mixed,128,1,0.0078,4.0,128,2048,128,512,131,453.375,502.402,453.86,0.0099
mixed,128,1,0.0078,4.0,128,2048,256,1024,262,469.441,493.025,469.503,0.0026
mixed,128,1,0.0078,4.0,128,2048,512,2048,524,506.047,657.215,505.123,-0.0061
mixed,128,1,0.0078,4.0,128,2048,1024,4096,1048,492.127,857.634,493.025,0.0025
mixed,128,1,0.0078,4.0,128,2048,2048,8192,2096,657.314,1252.997,655.81,-0.0025
mixed,128,1,0.0078,4.0,128,2048,4096,16384,4192,860.1,2029.834,977.313,0.1002
mixed,128,1,0.0078,4.0,128,4096,128,512,131,532.195,580.097,532.062,-0.0028
mixed,128,1,0.0078,4.0,128,4096,256,1024,262,550.402,634.622,552.483,0.0247
mixed,128,1,0.0078,4.0,128,4096,512,2048,524,576.899,658.081,581.823,0.0607
mixed,128,1,0.0078,4.0,128,4096,1024,4096,1048,631.838,974.82,636.131,0.0125
mixed,128,1,0.0078,4.0,128,4096,2048,8192,2096,658.338,1375.364,656.389,-0.0027
mixed,128,1,0.0078,4.0,128,4096,4096,16384,4192,990.342,2152.03,982.015,-0.0072
mixed,128,1,0.0078,4.0,128,8192,128,512,131,696.933,738.723,697.857,0.0221
mixed,128,1,0.0078,4.0,128,8192,256,1024,262,707.14,793.794,709.474,0.0269
mixed,128,1,0.0078,4.0,128,8192,512,2048,524,738.623,885.887,736.513,-0.0143
mixed,128,1,0.0078,4.0,128,8192,1024,4096,1048,794.721,978.85,793.222,-0.0081
mixed,128,1,0.0078,4.0,128,8192,2048,8192,2096,898.467,1607.49,891.968,-0.0092
mixed,128,1,0.0078,4.0,128,8192,4096,16384,4192,986.915,2401.092,976.354,-0.0075
mixed,128,1,0.0078,4.0,256,0,128,512,131,376.322,418.849,378.465,0.0504
mixed,128,1,0.0078,4.0,256,0,256,1024,262,391.357,472.863,414.241,0.2808
mixed,128,1,0.0078,4.0,256,0,512,2048,524,421.088,569.377,505.57,0.5697
mixed,128,1,0.0078,4.0,256,0,1024,4096,1048,471.615,765.281,674.112,0.6895
mixed,128,1,0.0078,4.0,256,0,2048,8192,2096,577.568,1174.248,1002.691,0.7125
mixed,128,1,0.0078,4.0,256,0,4096,16384,4192,773.377,1977.251,1671.558,0.7461
mixed,128,1,0.0078,4.0,256,512,128,512,131,414.752,468.002,415.84,0.0204
mixed,128,1,0.0078,4.0,256,512,256,1024,262,435.202,519.332,432.961,-0.0266
mixed,128,1,0.0078,4.0,256,512,512,2048,524,466.56,620.641,498.497,0.2073
mixed,128,1,0.0078,4.0,256,512,1024,4096,1048,525.185,815.872,667.042,0.488
mixed,128,1,0.0078,4.0,256,512,2048,8192,2096,619.011,1211.425,999.586,0.6424
mixed,128,1,0.0078,4.0,256,512,4096,16384,4192,820.161,1989.41,1651.91,0.7114
mixed,128,1,0.0078,4.0,256,1024,128,512,131,451.17,503.01,453.313,0.0413
mixed,128,1,0.0078,4.0,256,1024,256,1024,262,474.051,563.491,473.185,-0.0097
mixed,128,1,0.0078,4.0,256,1024,512,2048,524,505.027,660.832,505.188,0.001
mixed,128,1,0.0078,4.0,256,1024,1024,4096,1048,558.244,850.433,676.961,0.4063
mixed,128,1,0.0078,4.0,256,1024,2048,8192,2096,659.812,1246.114,994.021,0.57
mixed,128,1,0.0078,4.0,256,1024,4096,16384,4192,857.41,2019.751,1654.41,0.6857
mixed,128,1,0.0078,4.0,256,2048,128,512,131,528.672,576.898,527.966,-0.0146
mixed,128,1,0.0078,4.0,256,2048,256,1024,262,546.847,632.418,547.491,0.0075
mixed,128,1,0.0078,4.0,256,2048,512,2048,524,578.306,730.019,580.834,0.0167
mixed,128,1,0.0078,4.0,256,2048,1024,4096,1048,634.691,926.529,667.235,0.1115
mixed,128,1,0.0078,4.0,256,2048,2048,8192,2096,735.777,1315.076,998.946,0.4543
mixed,128,1,0.0078,4.0,256,2048,4096,16384,4192,924.898,2086.181,1645.156,0.6202
mixed,128,1,0.0078,4.0,256,4096,128,512,131,685.506,734.82,684.032,-0.0299
mixed,128,1,0.0078,4.0,256,4096,256,1024,262,697.534,786.66,700.927,0.0381
mixed,128,1,0.0078,4.0,256,4096,512,2048,524,732.9,879.077,733.441,0.0037
mixed,128,1,0.0078,4.0,256,4096,1024,4096,1048,786.945,1078.752,788.415,0.005
mixed,128,1,0.0078,4.0,256,4096,2048,8192,2096,887.136,1470.849,995.552,0.1857
mixed,128,1,0.0078,4.0,256,4096,4096,16384,4192,1083.106,2240.518,1649.152,0.4891
mixed,128,1,0.0078,4.0,256,8192,128,512,131,986.437,1023.268,984.454,-0.0538
mixed,128,1,0.0078,4.0,256,8192,256,1024,262,997.121,1083.205,995.331,-0.0208
mixed,128,1,0.0078,4.0,256,8192,512,2048,524,1025.828,1177.282,1024.573,-0.0083
mixed,128,1,0.0078,4.0,256,8192,1024,4096,1048,1081.601,1372.801,1080.643,-0.0033
mixed,128,1,0.0078,4.0,256,8192,2048,8192,2096,1178.148,1770.053,1179.874,0.0029
mixed,128,1,0.0078,4.0,256,8192,4096,16384,4192,1380.614,2532.197,1636.547,0.2222
mixed,128,1,0.0078,4.0,512,0,128,512,131,537.633,585.796,535.904,-0.0359
mixed,128,1,0.0078,4.0,512,0,256,1024,262,555.808,644.385,559.679,0.0437
mixed,128,1,0.0078,4.0,512,0,512,2048,524,586.336,744.769,626.4,0.2529
mixed,128,1,0.0078,4.0,512,0,1024,4096,1048,646.939,936.836,791.233,0.4977
mixed,128,1,0.0078,4.0,512,0,2048,8192,2096,748.228,1319.551,1128.865,0.6662
mixed,128,1,0.0078,4.0,512,0,4096,16384,4192,939.811,2093.188,1796.518,0.7428
mixed,128,1,0.0078,4.0,512,512,128,512,131,617.41,666.593,615.555,-0.0377
mixed,128,1,0.0078,4.0,512,512,256,1024,262,639.681,723.877,634.625,-0.0601
mixed,128,1,0.0078,4.0,512,512,512,2048,524,671.905,824.351,718.338,0.3046
mixed,128,1,0.0078,4.0,512,512,1024,4096,1048,723.744,1017.185,886.852,0.5558
mixed,128,1,0.0078,4.0,512,512,2048,8192,2096,828.325,1407.107,1217.287,0.672
mixed,128,1,0.0078,4.0,512,512,4096,16384,4192,1026.624,2191.015,1869.123,0.7236
mixed,128,1,0.0078,4.0,512,1024,128,512,131,695.526,743.039,696.961,0.0302
mixed,128,1,0.0078,4.0,512,1024,256,1024,262,716.572,796.964,713.637,-0.0365
mixed,128,1,0.0078,4.0,512,1024,512,2048,524,745.377,899.171,754.207,0.0574
mixed,128,1,0.0078,4.0,512,1024,1024,4096,1048,798.881,1096.831,925.058,0.4235
mixed,128,1,0.0078,4.0,512,1024,2048,8192,2096,904.099,1483.394,1248.291,0.5942
mixed,128,1,0.0078,4.0,512,1024,4096,16384,4192,1093.951,2259.43,1915.741,0.7051
mixed,128,1,0.0078,4.0,512,2048,128,512,131,851.458,896.742,854.851,0.0749
mixed,128,1,0.0078,4.0,512,2048,256,1024,262,874.527,949.122,868.806,-0.0767
mixed,128,1,0.0078,4.0,512,2048,512,2048,524,898.472,1043.523,896.516,-0.0135
mixed,128,1,0.0078,4.0,512,2048,1024,4096,1048,950.911,1243.815,998.628,0.1629
mixed,128,1,0.0078,4.0,512,2048,2048,8192,2096,1051.076,1644.992,1326.467,0.4637
mixed,128,1,0.0078,4.0,512,2048,4096,16384,4192,1241.312,2410.629,1986.277,0.6371
mixed,128,1,0.0078,4.0,512,4096,128,512,131,1148.58,1190.982,1147.586,-0.0234
mixed,128,1,0.0078,4.0,512,4096,256,1024,262,1163.774,1239.649,1163.396,-0.005
mixed,128,1,0.0078,4.0,512,4096,512,2048,524,1192.291,1335.46,1193.25,0.0067
mixed,128,1,0.0078,4.0,512,4096,1024,4096,1048,1237.729,1537.156,1239.486,0.0059
mixed,128,1,0.0078,4.0,512,4096,2048,8192,2096,1341.571,1921.029,1466.079,0.2149
mixed,128,1,0.0078,4.0,512,4096,4096,16384,4192,1533.763,2694.853,2117.349,0.5026
mixed,128,1,0.0078,4.0,512,8192,128,512,131,1739.526,1791.747,1741.989,0.0472
mixed,128,1,0.0078,4.0,512,8192,256,1024,262,1738.979,1840.357,1743.266,0.0423
mixed,128,1,0.0078,4.0,512,8192,512,2048,524,1792.771,1928.23,1793.091,0.0024
mixed,128,1,0.0078,4.0,512,8192,1024,4096,1048,1841.536,2127.876,1840.55,-0.0034
mixed,128,1,0.0078,4.0,512,8192,2048,8192,2096,1932.327,2523.238,1932.002,-0.0005
mixed,128,1,0.0078,4.0,512,8192,4096,16384,4192,2122.566,3290.052,2424.323,0.2585
mixed,128,1,0.0078,4.0,1024,0,128,512,131,868.446,916.802,874.751,0.1304
mixed,128,1,0.0078,4.0,1024,0,256,1024,262,888.222,971.236,896.03,0.0941
mixed,128,1,0.0078,4.0,1024,0,512,2048,524,922.34,1074.852,919.106,-0.0212
mixed,128,1,0.0078,4.0,1024,0,1024,4096,1048,968.734,1269.8,974.401,0.0188
mixed,128,1,0.0078,4.0,1024,0,2048,8192,2096,1076.229,1684.968,1083.465,0.0119
mixed,128,1,0.0078,4.0,1024,0,4096,16384,4192,1272.002,2517.635,1269.155,-0.0023
mixed,128,1,0.0078,4.0,1024,512,128,512,131,1028.288,1079.332,1044.321,0.3141
mixed,128,1,0.0078,4.0,1024,512,256,1024,262,1044.742,1129.159,1051.17,0.0761
mixed,128,1,0.0078,4.0,1024,512,512,2048,524,1079.041,1237.412,1074.08,-0.0313
mixed,128,1,0.0078,4.0,1024,512,1024,4096,1048,1130.534,1432.484,1136.419,0.0195
mixed,128,1,0.0078,4.0,1024,512,2048,8192,2096,1238.688,1847.33,1229.763,-0.0147
mixed,128,1,0.0078,4.0,1024,512,4096,16384,4192,1433.252,2670.532,1433.155,-0.0001
mixed,128,1,0.0078,4.0,1024,1024,128,512,131,1113.763,1151.651,1112.064,-0.0448
mixed,128,1,0.0078,4.0,1024,1024,256,1024,262,1123.556,1211.046,1127.587,0.0461
mixed,128,1,0.0078,4.0,1024,1024,512,2048,524,1155.429,1308.77,1163.527,0.0528
mixed,128,1,0.0078,4.0,1024,1024,1024,4096,1048,1211.998,1499.84,1211.425,-0.002
mixed,128,1,0.0078,4.0,1024,1024,2048,8192,2096,1316.131,1923.559,1305.826,-0.017
mixed,128,1,0.0078,4.0,1024,1024,4096,16384,4192,1506.498,2730.18,1501.574,-0.004
mixed,128,1,0.0078,4.0,1024,2048,128,512,131,1262.15,1311.555,1267.976,0.1179
mixed,128,1,0.0078,4.0,1024,2048,256,1024,262,1282.561,1363.653,1290.749,0.101
mixed,128,1,0.0078,4.0,1024,2048,512,2048,524,1312.065,1463.488,1312.194,0.0009
mixed,128,1,0.0078,4.0,1024,2048,1024,4096,1048,1358.943,1651.778,1358.082,-0.0029
mixed,128,1,0.0078,4.0,1024,2048,2048,8192,2096,1469.632,2060.991,1469.509,-0.0002
mixed,128,1,0.0078,4.0,1024,2048,4096,16384,4192,1656.799,2849.578,1660.707,0.0033
mixed,128,1,0.0078,4.0,1024,4096,128,512,131,1585.317,1634.338,1588.961,0.0743
mixed,128,1,0.0078,4.0,1024,4096,256,1024,262,1608.006,1689.506,1607.555,-0.0055
mixed,128,1,0.0078,4.0,1024,4096,512,2048,524,1643.809,1792.226,1639.619,-0.0282
mixed,128,1,0.0078,4.0,1024,4096,1024,4096,1048,1686.565,1984.708,1688.292,0.0058
mixed,128,1,0.0078,4.0,1024,4096,2048,8192,2096,1794.215,2383.398,1793.922,-0.0005
mixed,128,1,0.0078,4.0,1024,4096,4096,16384,4192,1982.885,3155.555,1980.705,-0.0019
mixed,128,1,0.0078,4.0,1024,8192,128,512,131,2212.17,2261.669,2227.145,0.3025
mixed,128,1,0.0078,4.0,1024,8192,256,1024,262,2236.194,2302.408,2236.743,0.0083
mixed,128,1,0.0078,4.0,1024,8192,512,2048,524,2251.176,2415.752,2260.837,0.0587
mixed,128,1,0.0078,4.0,1024,8192,1024,4096,1048,2305.859,2603.715,2315.872,0.0336
mixed,128,1,0.0078,4.0,1024,8192,2048,8192,2096,2425.091,3006.217,2401.19,-0.0411
mixed,128,1,0.0078,4.0,1024,8192,4096,16384,4192,2611.052,3785.734,2608.678,-0.002
mixed,128,1,0.0078,4.0,2048,0,128,512,131,1548.323,1598.79,1556.546,0.1629
mixed,128,1,0.0078,4.0,2048,0,256,1024,262,1571.682,1659.618,1572.58,0.0102
mixed,128,1,0.0078,4.0,2048,0,512,2048,524,1608.128,1751.582,1602.022,-0.0426
mixed,128,1,0.0078,4.0,2048,0,1024,4096,1048,1652.808,1945.891,1652.45,-0.0012
mixed,128,1,0.0078,4.0,2048,0,2048,8192,2096,1752.901,2340.612,1759.109,0.0106
mixed,128,1,0.0078,4.0,2048,0,4096,16384,4192,1948.966,3134.501,1941.476,-0.0063
mixed,128,1,0.0078,4.0,2048,512,128,512,131,1787.21,1819.557,1775.494,-0.3622
mixed,128,1,0.0078,4.0,2048,512,256,1024,262,1791.616,1871.232,1795.335,0.0467
mixed,128,1,0.0078,4.0,2048,512,512,2048,524,1824.294,1967.072,1819.206,-0.0356
mixed,128,1,0.0078,4.0,2048,512,1024,4096,1048,1869.7,2153.512,1872.068,0.0083
mixed,128,1,0.0078,4.0,2048,512,2048,8192,2096,1975.426,2582.436,1971.97,-0.0057
mixed,128,1,0.0078,4.0,2048,512,4096,16384,4192,2170.216,3399.817,2173.416,0.0026
mixed,128,1,0.0078,4.0,2048,1024,128,512,131,1890.047,1937.855,1889.222,-0.0173
mixed,128,1,0.0078,4.0,2048,1024,256,1024,262,1909.028,1986.984,1909.283,0.0033
mixed,128,1,0.0078,4.0,2048,1024,512,2048,524,1944.26,2082.662,1931.555,-0.0918
mixed,128,1,0.0078,4.0,2048,1024,1024,4096,1048,1992.105,2279.466,1983.43,-0.0302
mixed,128,1,0.0078,4.0,2048,1024,2048,8192,2096,2105.094,2686.755,2087.138,-0.0309
mixed,128,1,0.0078,4.0,2048,1024,4096,16384,4192,2273.862,3500.777,2278.534,0.0038
mixed,128,1,0.0078,4.0,2048,2048,128,512,131,2129.442,2165.698,2127.494,-0.0537
mixed,128,1,0.0078,4.0,2048,2048,256,1024,262,2143.27,2224.804,2145.892,0.0322
mixed,128,1,0.0078,4.0,2048,2048,512,2048,524,2168.51,2312.295,2177.473,0.0623
mixed,128,1,0.0078,4.0,2048,2048,1024,4096,1048,2218.15,2513.161,2218.724,0.0019
mixed,128,1,0.0078,4.0,2048,2048,2048,8192,2096,2328.68,2913.285,2321.67,-0.012
mixed,128,1,0.0078,4.0,2048,2048,4096,16384,4192,2517.806,3690.344,2513.796,-0.0034
mixed,128,1,0.0078,4.0,2048,4096,128,512,131,2580.606,2629.319,2579.303,-0.0267
mixed,128,1,0.0078,4.0,2048,4096,256,1024,262,2596.495,2683.651,2612.839,0.1875
mixed,128,1,0.0078,4.0,2048,4096,512,2048,524,2637.858,2778.406,2626.597,-0.0801
mixed,128,1,0.0078,4.0,2048,4096,1024,4096,1048,2678.026,2966.053,2681.319,0.0114
mixed,128,1,0.0078,4.0,2048,4096,2048,8192,2096,2791.623,3371.335,2781.061,-0.0182
mixed,128,1,0.0078,4.0,2048,4096,4096,16384,4192,2973.964,4153.0,2983.304,0.0079
mixed,128,1,0.0078,4.0,2048,8192,128,512,131,3468.998,3510.632,3481.964,0.3114
mixed,128,1,0.0078,4.0,2048,8192,256,1024,262,3495.013,3577.006,3491.205,-0.0464
mixed,128,1,0.0078,4.0,2048,8192,512,2048,524,3525.003,3674.569,3515.399,-0.0642
mixed,128,1,0.0078,4.0,2048,8192,1024,4096,1048,3573.255,3876.839,3576.902,0.012
mixed,128,1,0.0078,4.0,2048,8192,2048,8192,2096,3674.86,4273.286,3658.665,-0.0271
mixed,128,1,0.0078,4.0,2048,8192,4096,16384,4192,3878.893,5053.642,3876.615,-0.0019
pure,128,2,0.0156,4.0,0,0,128,512,134,241.955,308.452,269.023,0.4071
pure,128,2,0.0156,4.0,0,0,256,1024,268,283.615,360.704,287.14,0.0457
pure,128,2,0.0156,4.0,0,0,512,2048,536,312.188,460.703,358.05,0.3088
pure,128,2,0.0156,4.0,0,0,1024,4096,1072,361.313,660.388,445.061,0.28
pure,128,2,0.0156,4.0,0,0,2048,8192,2144,469.151,1055.427,623.492,0.2633
pure,128,2,0.0156,4.0,0,0,4096,16384,4288,673.794,1832.453,972.995,0.2582
mixed,128,2,0.0156,4.0,16,0,128,512,134,272.83,330.496,306.501,0.5839
mixed,128,2,0.0156,4.0,16,0,256,1024,268,305.086,381.789,324.038,0.2471
mixed,128,2,0.0156,4.0,16,0,512,2048,536,329.825,485.312,345.989,0.104
mixed,128,2,0.0156,4.0,16,0,1024,4096,1072,389.089,685.956,478.209,0.3002
mixed,128,2,0.0156,4.0,16,0,2048,8192,2144,495.778,1079.331,655.65,0.274
mixed,128,2,0.0156,4.0,16,0,4096,16384,4288,700.705,1860.772,1012.099,0.2684
mixed,128,2,0.0156,4.0,16,512,128,512,134,324.962,381.535,327.618,0.0469
mixed,128,2,0.0156,4.0,16,512,256,1024,268,345.279,447.327,345.894,0.006
mixed,128,2,0.0156,4.0,16,512,512,2048,536,385.119,546.784,380.157,-0.0307
mixed,128,2,0.0156,4.0,16,512,1024,4096,1072,452.382,742.598,466.946,0.0502
mixed,128,2,0.0156,4.0,16,512,2048,8192,2144,555.359,1115.267,648.129,0.1657
mixed,128,2,0.0156,4.0,16,512,4096,16384,4288,743.871,1879.624,995.902,0.2219
mixed,128,2,0.0156,4.0,16,1024,128,512,134,320.702,397.793,322.66,0.0254
mixed,128,2,0.0156,4.0,16,1024,256,1024,268,343.167,468.671,342.656,-0.0041
mixed,128,2,0.0156,4.0,16,1024,512,2048,536,398.499,586.211,397.283,-0.0065
mixed,128,2,0.0156,4.0,16,1024,1024,4096,1072,471.197,778.657,469.92,-0.0042
mixed,128,2,0.0156,4.0,16,1024,2048,8192,2144,595.78,1164.161,644.675,0.086
mixed,128,2,0.0156,4.0,16,1024,4096,16384,4288,793.254,1911.746,1000.642,0.1854
mixed,128,2,0.0156,4.0,16,2048,128,512,134,323.679,385.794,325.314,0.0263
mixed,128,2,0.0156,4.0,16,2048,256,1024,268,347.103,475.554,346.815,-0.0022
mixed,128,2,0.0156,4.0,16,2048,512,2048,536,385.988,639.396,384.004,-0.0078
mixed,128,2,0.0156,4.0,16,2048,1024,4096,1072,477.382,853.856,476.352,-0.0027
mixed,128,2,0.0156,4.0,16,2048,2048,8192,2144,655.907,1238.021,650.404,-0.0095
mixed,128,2,0.0156,4.0,16,2048,4096,16384,4288,854.975,1991.044,990.787,0.1195
mixed,128,2,0.0156,4.0,16,4096,128,512,134,334.624,389.917,354.975,0.3681
mixed,128,2,0.0156,4.0,16,4096,256,1024,268,353.76,469.475,348.03,-0.0495
mixed,128,2,0.0156,4.0,16,4096,512,2048,536,384.126,647.97,387.263,0.0119
mixed,128,2,0.0156,4.0,16,4096,1024,4096,1072,473.633,981.798,470.718,-0.0057
mixed,128,2,0.0156,4.0,16,4096,2048,8192,2144,662.754,1374.594,647.523,-0.0214
mixed,128,2,0.0156,4.0,16,4096,4096,16384,4288,1005.153,2136.612,985.984,-0.0169
mixed,128,2,0.0156,4.0,16,8192,128,512,134,357.855,388.416,360.578,0.0891
mixed,128,2,0.0156,4.0,16,8192,256,1024,268,394.625,468.355,376.349,-0.2479
mixed,128,2,0.0156,4.0,16,8192,512,2048,536,392.708,633.828,389.856,-0.0118
mixed,128,2,0.0156,4.0,16,8192,1024,4096,1072,469.279,983.266,467.167,-0.0041
mixed,128,2,0.0156,4.0,16,8192,2048,8192,2144,647.489,1654.661,640.605,-0.0068
mixed,128,2,0.0156,4.0,16,8192,4096,16384,4288,1007.233,2433.35,985.281,-0.0154
mixed,128,2,0.0156,4.0,32,0,128,512,134,285.822,359.007,315.617,0.4071
mixed,128,2,0.0156,4.0,32,0,256,1024,268,330.884,399.073,335.581,0.0689
mixed,128,2,0.0156,4.0,32,0,512,2048,536,356.991,498.658,359.91,0.0206
mixed,128,2,0.0156,4.0,32,0,1024,4096,1072,401.475,695.042,492.96,0.3116
mixed,128,2,0.0156,4.0,32,0,2048,8192,2144,508.323,1091.075,666.243,0.271
mixed,128,2,0.0156,4.0,32,0,4096,16384,4288,711.041,1873.635,1016.865,0.2631
mixed,128,2,0.0156,4.0,32,512,128,512,134,330.626,390.529,328.636,-0.0332
mixed,128,2,0.0156,4.0,32,512,256,1024,268,358.688,449.662,361.888,0.0352
mixed,128,2,0.0156,4.0,32,512,512,2048,536,393.792,558.436,390.302,-0.0212
mixed,128,2,0.0156,4.0,32,512,1024,4096,1072,457.117,748.578,477.214,0.069
mixed,128,2,0.0156,4.0,32,512,2048,8192,2144,562.946,1126.629,654.34,0.1621
mixed,128,2,0.0156,4.0,32,512,4096,16384,4288,759.908,1897.444,1007.65,0.2178
mixed,128,2,0.0156,4.0,32,1024,128,512,134,334.273,403.296,334.786,0.0074
mixed,128,2,0.0156,4.0,32,1024,256,1024,268,363.043,476.388,363.967,0.0082
mixed,128,2,0.0156,4.0,32,1024,512,2048,536,402.401,587.266,405.343,0.0159
mixed,128,2,0.0156,4.0,32,1024,1024,4096,1072,479.007,780.515,478.152,-0.0028
mixed,128,2,0.0156,4.0,32,1024,2048,8192,2144,596.321,1159.205,647.871,0.0916
mixed,128,2,0.0156,4.0,32,1024,4096,16384,4288,798.242,1909.701,1002.656,0.1839
mixed,128,2,0.0156,4.0,32,2048,128,512,134,362.206,397.123,362.334,0.0037
mixed,128,2,0.0156,4.0,32,2048,256,1024,268,359.327,489.117,361.12,0.0138
mixed,128,2,0.0156,4.0,32,2048,512,2048,536,397.086,645.216,396.352,-0.003
mixed,128,2,0.0156,4.0,32,2048,1024,4096,1072,490.558,855.681,485.821,-0.013
mixed,128,2,0.0156,4.0,32,2048,2048,8192,2144,659.971,1226.949,650.115,-0.0174
mixed,128,2,0.0156,4.0,32,2048,4096,16384,4288,866.337,1982.052,990.115,0.1109
mixed,128,2,0.0156,4.0,32,4096,128,512,134,386.271,400.222,386.591,0.0229
mixed,128,2,0.0156,4.0,32,4096,256,1024,268,406.111,486.144,398.85,-0.0907
mixed,128,2,0.0156,4.0,32,4096,512,2048,536,402.047,653.536,408.352,0.0251
mixed,128,2,0.0156,4.0,32,4096,1024,4096,1072,482.499,980.643,479.873,-0.0053
mixed,128,2,0.0156,4.0,32,4096,2048,8192,2144,664.512,1354.849,654.178,-0.015
mixed,128,2,0.0156,4.0,32,4096,4096,16384,4288,990.31,2131.555,983.875,-0.0056
mixed,128,2,0.0156,4.0,32,8192,128,512,134,430.434,455.237,431.491,0.0426
mixed,128,2,0.0156,4.0,32,8192,256,1024,268,434.753,483.553,439.551,0.0983
mixed,128,2,0.0156,4.0,32,8192,512,2048,536,456.385,649.571,454.846,-0.008
mixed,128,2,0.0156,4.0,32,8192,1024,4096,1072,488.801,978.819,492.453,0.0075
mixed,128,2,0.0156,4.0,32,8192,2048,8192,2144,654.942,1631.395,643.047,-0.0122
mixed,128,2,0.0156,4.0,32,8192,4096,16384,4288,1000.546,2409.349,986.659,-0.0099
mixed,128,2,0.0156,4.0,64,0,128,512,134,291.939,377.698,328.192,0.4227
mixed,128,2,0.0156,4.0,64,0,256,1024,268,346.755,426.819,352.513,0.0719
mixed,128,2,0.0156,4.0,64,0,512,2048,536,380.417,520.511,373.536,-0.0491
mixed,128,2,0.0156,4.0,64,0,1024,4096,1072,434.113,718.692,509.921,0.2664
mixed,128,2,0.0156,4.0,64,0,2048,8192,2144,532.261,1113.603,689.216,0.27
mixed,128,2,0.0156,4.0,64,0,4096,16384,4288,735.395,1899.811,1039.588,0.2612
mixed,128,2,0.0156,4.0,64,512,128,512,134,349.344,405.953,344.641,-0.0831
mixed,128,2,0.0156,4.0,64,512,256,1024,268,373.924,462.304,379.714,0.0655
mixed,128,2,0.0156,4.0,64,512,512,2048,536,410.433,570.848,403.903,-0.0407
mixed,128,2,0.0156,4.0,64,512,1024,4096,1072,462.048,765.956,458.018,-0.0133
mixed,128,2,0.0156,4.0,64,512,2048,8192,2144,576.962,1151.873,671.429,0.1643
mixed,128,2,0.0156,4.0,64,512,4096,16384,4288,777.282,1951.492,1015.267,0.2027
mixed,128,2,0.0156,4.0,64,1024,128,512,134,376.61,421.666,374.115,-0.0554
mixed,128,2,0.0156,4.0,64,1024,256,1024,268,364.45,482.657,370.88,0.0544
mixed,128,2,0.0156,4.0,64,1024,512,2048,536,422.691,605.537,418.945,-0.0205
mixed,128,2,0.0156,4.0,64,1024,1024,4096,1072,501.894,790.979,484.415,-0.0605
mixed,128,2,0.0156,4.0,64,1024,2048,8192,2144,603.043,1198.752,669.311,0.1112
mixed,128,2,0.0156,4.0,64,1024,4096,16384,4288,812.453,1973.635,1019.297,0.1781
mixed,128,2,0.0156,4.0,64,2048,128,512,134,396.739,409.952,398.654,0.1449
mixed,128,2,0.0156,4.0,64,2048,256,1024,268,414.176,504.481,407.518,-0.0737
mixed,128,2,0.0156,4.0,64,2048,512,2048,536,414.786,649.409,423.007,0.035
mixed,128,2,0.0156,4.0,64,2048,1024,4096,1072,499.493,857.507,502.431,0.0082
mixed,128,2,0.0156,4.0,64,2048,2048,8192,2144,670.307,1249.666,656.13,-0.0245
mixed,128,2,0.0156,4.0,64,2048,4096,16384,4288,870.339,2025.699,1001.67,0.1137
mixed,128,2,0.0156,4.0,64,4096,128,512,134,428.062,487.104,435.138,0.1198
mixed,128,2,0.0156,4.0,64,4096,256,1024,268,449.087,499.041,450.112,0.0205
mixed,128,2,0.0156,4.0,64,4096,512,2048,536,484.48,666.752,476.772,-0.0423
mixed,128,2,0.0156,4.0,64,4096,1024,4096,1072,501.888,977.025,505.442,0.0075
mixed,128,2,0.0156,4.0,64,4096,2048,8192,2144,675.906,1381.058,662.082,-0.0196
mixed,128,2,0.0156,4.0,64,4096,4096,16384,4288,994.88,2148.611,982.499,-0.0107
mixed,128,2,0.0156,4.0,64,8192,128,512,134,515.137,535.2,519.137,0.1994
mixed,128,2,0.0156,4.0,64,8192,256,1024,268,529.182,640.099,528.802,-0.0034
mixed,128,2,0.0156,4.0,64,8192,512,2048,536,539.748,667.422,533.12,-0.0519
mixed,128,2,0.0156,4.0,64,8192,1024,4096,1072,632.481,985.377,630.757,-0.0049
mixed,128,2,0.0156,4.0,64,8192,2048,8192,2144,679.554,1615.847,663.327,-0.0173
mixed,128,2,0.0156,4.0,64,8192,4096,16384,4288,1004.354,2403.749,980.799,-0.0168
mixed,128,2,0.0156,4.0,128,0,128,512,134,307.233,397.349,351.426,0.4904
mixed,128,2,0.0156,4.0,128,0,256,1024,268,372.003,444.704,365.347,-0.0916
mixed,128,2,0.0156,4.0,128,0,512,2048,536,398.178,545.315,410.783,0.0857
mixed,128,2,0.0156,4.0,128,0,1024,4096,1072,448.225,745.153,499.811,0.1737
mixed,128,2,0.0156,4.0,128,0,2048,8192,2144,555.395,1152.389,684.675,0.2166
mixed,128,2,0.0156,4.0,128,0,4096,16384,4288,760.835,1923.331,1044.324,0.2439
mixed,128,2,0.0156,4.0,128,512,128,512,134,394.913,411.937,392.516,-0.1408
mixed,128,2,0.0156,4.0,128,512,256,1024,268,369.86,466.336,364.129,-0.0594
mixed,128,2,0.0156,4.0,128,512,512,2048,536,414.557,571.583,411.651,-0.0185
mixed,128,2,0.0156,4.0,128,512,1024,4096,1072,473.218,767.908,480.543,0.0249
mixed,128,2,0.0156,4.0,128,512,2048,8192,2144,577.408,1165.635,653.633,0.1296
mixed,128,2,0.0156,4.0,128,512,4096,16384,4288,782.181,1938.949,1007.877,0.1951
mixed,128,2,0.0156,4.0,128,1024,128,512,134,413.631,411.523,413.504,
mixed,128,2,0.0156,4.0,128,1024,256,1024,268,432.004,494.113,430.207,-0.0289
mixed,128,2,0.0156,4.0,128,1024,512,2048,536,411.231,601.345,409.697,-0.0081
mixed,128,2,0.0156,4.0,128,1024,1024,4096,1072,496.609,800.643,496.159,-0.0015
mixed,128,2,0.0156,4.0,128,1024,2048,8192,2144,602.85,1196.067,650.946,0.0811
mixed,128,2,0.0156,4.0,128,1024,4096,16384,4288,815.361,1973.152,1002.469,0.1616
mixed,128,2,0.0156,4.0,128,2048,128,512,134,454.466,502.978,454.465,-0.0
mixed,128,2,0.0156,4.0,128,2048,256,1024,268,473.154,493.665,472.417,-0.0359
mixed,128,2,0.0156,4.0,128,2048,512,2048,536,502.623,653.951,504.863,0.0148
mixed,128,2,0.0156,4.0,128,2048,1024,4096,1072,495.649,854.338,493.857,-0.005
mixed,128,2,0.0156,4.0,128,2048,2048,8192,2144,666.337,1249.696,655.648,-0.0183
mixed,128,2,0.0156,4.0,128,2048,4096,16384,4288,876.771,2030.021,983.268,0.0923
mixed,128,2,0.0156,4.0,128,4096,128,512,134,537.605,581.025,535.199,-0.0554
mixed,128,2,0.0156,4.0,128,4096,256,1024,268,553.856,629.985,550.048,-0.05
mixed,128,2,0.0156,4.0,128,4096,512,2048,536,579.617,655.491,583.171,0.0468
mixed,128,2,0.0156,4.0,128,4096,1024,4096,1072,633.472,980.549,640.641,0.0207
mixed,128,2,0.0156,4.0,128,4096,2048,8192,2144,667.522,1380.388,656.546,-0.0154
mixed,128,2,0.0156,4.0,128,4096,4096,16384,4288,993.378,2154.437,980.513,-0.0111
mixed,128,2,0.0156,4.0,128,8192,128,512,134,692.961,738.785,695.523,0.0559
mixed,128,2,0.0156,4.0,128,8192,256,1024,268,709.731,790.466,703.874,-0.0725
mixed,128,2,0.0156,4.0,128,8192,512,2048,536,739.041,890.627,737.57,-0.0097
mixed,128,2,0.0156,4.0,128,8192,1024,4096,1072,796.993,982.562,794.244,-0.0148
mixed,128,2,0.0156,4.0,128,8192,2048,8192,2144,897.668,1608.613,896.776,-0.0013
mixed,128,2,0.0156,4.0,128,8192,4096,16384,4288,1004.227,2396.705,979.166,-0.018
mixed,128,2,0.0156,4.0,256,0,128,512,134,376.547,418.626,378.112,0.0372
mixed,128,2,0.0156,4.0,256,0,256,1024,268,394.145,471.649,415.714,0.2783
mixed,128,2,0.0156,4.0,256,0,512,2048,536,420.256,571.615,504.193,0.5546
mixed,128,2,0.0156,4.0,256,0,1024,4096,1072,473.763,763.296,673.251,0.689
mixed,128,2,0.0156,4.0,256,0,2048,8192,2144,580.897,1173.345,1003.012,0.7125
mixed,128,2,0.0156,4.0,256,0,4096,16384,4288,783.203,1971.618,1677.253,0.7523
mixed,128,2,0.0156,4.0,256,512,128,512,134,414.783,467.619,415.582,0.0151
mixed,128,2,0.0156,4.0,256,512,256,1024,268,434.689,523.04,432.38,-0.0261
mixed,128,2,0.0156,4.0,256,512,512,2048,536,468.449,619.554,498.656,0.1999
mixed,128,2,0.0156,4.0,256,512,1024,4096,1072,525.285,818.563,668.928,0.4898
mixed,128,2,0.0156,4.0,256,512,2048,8192,2144,628.547,1207.14,996.739,0.6364
mixed,128,2,0.0156,4.0,256,512,4096,16384,4288,832.768,1981.509,1664.71,0.7242
mixed,128,2,0.0156,4.0,256,1024,128,512,134,453.088,506.789,450.338,-0.0512
mixed,128,2,0.0156,4.0,256,1024,256,1024,268,477.09,557.605,473.443,-0.0453
mixed,128,2,0.0156,4.0,256,1024,512,2048,536,504.544,655.267,505.218,0.0045
mixed,128,2,0.0156,4.0,256,1024,1024,4096,1072,562.529,849.345,672.483,0.3834
mixed,128,2,0.0156,4.0,256,1024,2048,8192,2144,663.586,1252.226,1003.939,0.5782
mixed,128,2,0.0156,4.0,256,1024,4096,16384,4288,870.371,2016.967,1660.197,0.6888
mixed,128,2,0.0156,4.0,256,2048,128,512,134,526.757,577.536,527.587,0.0163
mixed,128,2,0.0156,4.0,256,2048,256,1024,268,549.188,630.946,549.89,0.0086
mixed,128,2,0.0156,4.0,256,2048,512,2048,536,580.227,733.408,579.904,-0.0021
mixed,128,2,0.0156,4.0,256,2048,1024,4096,1072,633.7,924.543,664.672,0.1065
mixed,128,2,0.0156,4.0,256,2048,2048,8192,2144,733.506,1310.887,997.638,0.4575
mixed,128,2,0.0156,4.0,256,2048,4096,16384,4288,939.33,2089.957,1653.764,0.6209
mixed,128,2,0.0156,4.0,256,4096,128,512,134,686.242,734.755,684.227,-0.0415
mixed,128,2,0.0156,4.0,256,4096,256,1024,268,699.297,784.418,700.867,0.0184
mixed,128,2,0.0156,4.0,256,4096,512,2048,536,738.273,882.115,733.794,-0.0311
mixed,128,2,0.0156,4.0,256,4096,1024,4096,1072,786.144,1079.91,790.754,0.0157
mixed,128,2,0.0156,4.0,256,4096,2048,8192,2144,886.563,1475.615,1001.7,0.1955
mixed,128,2,0.0156,4.0,256,4096,4096,16384,4288,1096.102,2240.613,1655.617,0.4889
mixed,128,2,0.0156,4.0,256,8192,128,512,134,984.867,1025.695,984.772,-0.0023
mixed,128,2,0.0156,4.0,256,8192,256,1024,268,998.212,1080.289,994.598,-0.044
mixed,128,2,0.0156,4.0,256,8192,512,2048,536,1026.849,1178.113,1025.444,-0.0093
mixed,128,2,0.0156,4.0,256,8192,1024,4096,1072,1078.177,1370.402,1080.323,0.0073
mixed,128,2,0.0156,4.0,256,8192,2048,8192,2144,1180.194,1766.24,1184.29,0.007
mixed,128,2,0.0156,4.0,256,8192,4096,16384,4288,1382.467,2529.638,1640.706,0.2251
mixed,128,2,0.0156,4.0,512,0,128,512,134,544.226,585.088,540.673,-0.087
mixed,128,2,0.0156,4.0,512,0,256,1024,268,557.441,641.091,557.188,-0.003
mixed,128,2,0.0156,4.0,512,0,512,2048,536,587.011,740.739,626.497,0.2569
mixed,128,2,0.0156,4.0,512,0,1024,4096,1072,646.592,934.882,796.801,0.521
mixed,128,2,0.0156,4.0,512,0,2048,8192,2144,753.412,1321.891,1139.936,0.6799
mixed,128,2,0.0156,4.0,512,0,4096,16384,4288,953.955,2097.028,1802.819,0.7426
mixed,128,2,0.0156,4.0,512,512,128,512,134,618.818,667.813,619.232,0.0084
mixed,128,2,0.0156,4.0,512,512,256,1024,268,637.183,724.706,637.6,0.0048
mixed,128,2,0.0156,4.0,512,512,512,2048,536,670.147,824.353,718.243,0.3119
mixed,128,2,0.0156,4.0,512,512,1024,4096,1072,723.362,1019.361,886.211,0.5502
mixed,128,2,0.0156,4.0,512,512,2048,8192,2144,830.08,1411.685,1212.606,0.6577
mixed,128,2,0.0156,4.0,512,512,4096,16384,4288,1039.042,2186.793,1882.308,0.7347
mixed,128,2,0.0156,4.0,512,1024,128,512,134,693.345,741.827,697.566,0.0871
mixed,128,2,0.0156,4.0,512,1024,256,1024,268,715.619,797.63,715.75,0.0016
mixed,128,2,0.0156,4.0,512,1024,512,2048,536,745.024,892.323,757.668,0.0858
mixed,128,2,0.0156,4.0,512,1024,1024,4096,1072,803.618,1098.308,926.145,0.4158
mixed,128,2,0.0156,4.0,512,1024,2048,8192,2144,904.9,1490.943,1252.866,0.5938
mixed,128,2,0.0156,4.0,512,1024,4096,16384,4288,1107.331,2253.318,1917.603,0.7071
mixed,128,2,0.0156,4.0,512,2048,128,512,134,852.033,896.642,847.041,-0.1119
mixed,128,2,0.0156,4.0,512,2048,256,1024,268,868.963,948.192,866.721,-0.0283
mixed,128,2,0.0156,4.0,512,2048,512,2048,536,898.244,1045.571,894.878,-0.0228
mixed,128,2,0.0156,4.0,512,2048,1024,4096,1072,948.864,1244.066,1003.014,0.1834
mixed,128,2,0.0156,4.0,512,2048,2048,8192,2144,1052.672,1640.676,1327.074,0.4667
mixed,128,2,0.0156,4.0,512,2048,4096,16384,4288,1256.937,2422.216,1988.388,0.6277
mixed,128,2,0.0156,4.0,512,4096,128,512,134,1150.626,1190.626,1150.786,0.004
mixed,128,2,0.0156,4.0,512,4096,256,1024,268,1169.345,1239.78,1164.836,-0.064
mixed,128,2,0.0156,4.0,512,4096,512,2048,536,1193.887,1337.476,1189.826,-0.0283
mixed,128,2,0.0156,4.0,512,4096,1024,4096,1072,1243.616,1537.313,1239.009,-0.0157
mixed,128,2,0.0156,4.0,512,4096,2048,8192,2144,1342.273,1933.095,1471.683,0.219
mixed,128,2,0.0156,4.0,512,4096,4096,16384,4288,1547.813,2696.361,2135.523,0.5117
mixed,128,2,0.0156,4.0,512,8192,128,512,134,1737.253,1788.899,1741.06,0.0737
mixed,128,2,0.0156,4.0,512,8192,256,1024,268,1738.082,1834.116,1750.179,0.126
mixed,128,2,0.0156,4.0,512,8192,512,2048,536,1791.714,1930.087,1798.628,0.05
mixed,128,2,0.0156,4.0,512,8192,1024,4096,1072,1838.758,2132.676,1839.365,0.0021
mixed,128,2,0.0156,4.0,512,8192,2048,8192,2144,1936.512,2519.75,1935.077,-0.0025
mixed,128,2,0.0156,4.0,512,8192,4096,16384,4288,2136.999,3301.062,2429.091,0.2509
mixed,128,2,0.0156,4.0,1024,0,128,512,134,875.04,921.831,871.042,-0.0854
mixed,128,2,0.0156,4.0,1024,0,256,1024,268,887.079,968.551,895.682,0.1056
mixed,128,2,0.0156,4.0,1024,0,512,2048,536,916.964,1075.779,964.704,0.3006
mixed,128,2,0.0156,4.0,1024,0,1024,4096,1072,974.081,1266.115,1057.472,0.2856
mixed,128,2,0.0156,4.0,1024,0,2048,8192,2144,1077.796,1690.849,1234.111,0.255
mixed,128,2,0.0156,4.0,1024,0,4096,16384,4288,1280.458,2510.763,1587.237,0.2494
mixed,128,2,0.0156,4.0,1024,512,128,512,134,1030.752,1086.271,1038.975,0.1481
mixed,128,2,0.0156,4.0,1024,512,256,1024,268,1053.478,1137.639,1059.463,0.0711
mixed,128,2,0.0156,4.0,1024,512,512,2048,536,1084.192,1227.873,1121.993,0.2631
mixed,128,2,0.0156,4.0,1024,512,1024,4096,1072,1136.675,1426.436,1216.228,0.2745
mixed,128,2,0.0156,4.0,1024,512,2048,8192,2144,1235.141,1854.021,1387.78,0.2466
mixed,128,2,0.0156,4.0,1024,512,4096,16384,4288,1441.898,2690.375,1749.764,0.2466
mixed,128,2,0.0156,4.0,1024,1024,128,512,134,1114.116,1160.005,1111.397,-0.0593
mixed,128,2,0.0156,4.0,1024,1024,256,1024,268,1125.443,1206.819,1126.882,0.0177
mixed,128,2,0.0156,4.0,1024,1024,512,2048,536,1155.39,1303.168,1205.761,0.3409
mixed,128,2,0.0156,4.0,1024,1024,1024,4096,1072,1213.505,1505.572,1301.444,0.3011
mixed,128,2,0.0156,4.0,1024,1024,2048,8192,2144,1313.696,1918.886,1471.716,0.2611
mixed,128,2,0.0156,4.0,1024,1024,4096,16384,4288,1522.915,2743.171,1821.218,0.2445
mixed,128,2,0.0156,4.0,1024,2048,128,512,134,1257.918,1308.833,1269.673,0.2309
mixed,128,2,0.0156,4.0,1024,2048,256,1024,268,1283.97,1359.81,1283.65,-0.0042
mixed,128,2,0.0156,4.0,1024,2048,512,2048,536,1311.331,1465.288,1359.525,0.313
mixed,128,2,0.0156,4.0,1024,2048,1024,4096,1072,1361.891,1654.724,1448.709,0.2965
mixed,128,2,0.0156,4.0,1024,2048,2048,8192,2144,1471.171,2060.319,1617.541,0.2484
mixed,128,2,0.0156,4.0,1024,2048,4096,16384,4288,1670.98,2845.826,1980.064,0.2631
mixed,128,2,0.0156,4.0,1024,4096,128,512,134,1588.48,1630.086,1588.487,0.0002
mixed,128,2,0.0156,4.0,1024,4096,256,1024,268,1600.611,1696.194,1614.919,0.1497
mixed,128,2,0.0156,4.0,1024,4096,512,2048,536,1637.41,1785.731,1694.882,0.3875
mixed,128,2,0.0156,4.0,1024,4096,1024,4096,1072,1687.65,1986.214,1774.34,0.2904
mixed,128,2,0.0156,4.0,1024,4096,2048,8192,2144,1796.446,2379.942,1947.138,0.2583
mixed,128,2,0.0156,4.0,1024,4096,4096,16384,4288,1997.804,3156.781,2303.335,0.2636
mixed,128,2,0.0156,4.0,1024,8192,128,512,134,2214.179,2256.674,2227.405,0.3112
mixed,128,2,0.0156,4.0,1024,8192,256,1024,268,2232.835,2307.305,2235.654,0.0379
mixed,128,2,0.0156,4.0,1024,8192,512,2048,536,2258.821,2402.628,2304.324,0.3164
mixed,128,2,0.0156,4.0,1024,8192,1024,4096,1072,2314.499,2604.745,2401.833,0.3009
mixed,128,2,0.0156,4.0,1024,8192,2048,8192,2144,2409.928,2997.8,2573.925,0.279
mixed,128,2,0.0156,4.0,1024,8192,4096,16384,4288,2619.465,3782.088,2930.976,0.2679
mixed,128,2,0.0156,4.0,2048,0,128,512,134,1556.742,1598.788,1554.791,-0.0464
mixed,128,2,0.0156,4.0,2048,0,256,1024,268,1572.388,1654.243,1568.324,-0.0496
mixed,128,2,0.0156,4.0,2048,0,512,2048,536,1611.332,1752.87,1651.101,0.281
mixed,128,2,0.0156,4.0,2048,0,1024,4096,1072,1655.687,1942.243,1733.637,0.272
mixed,128,2,0.0156,4.0,2048,0,2048,8192,2144,1764.615,2346.316,1922.147,0.2708
mixed,128,2,0.0156,4.0,2048,0,4096,16384,4288,1959.014,3138.567,2269.892,0.2636
mixed,128,2,0.0156,4.0,2048,512,128,512,134,1778.438,1815.68,1778.246,-0.0052
mixed,128,2,0.0156,4.0,2048,512,256,1024,268,1797.862,1872.485,1791.652,-0.0832
mixed,128,2,0.0156,4.0,2048,512,512,2048,536,1816.418,1972.454,1874.248,0.3706
mixed,128,2,0.0156,4.0,2048,512,1024,4096,1072,1871.849,2154.309,1959.078,0.3088
mixed,128,2,0.0156,4.0,2048,512,2048,8192,2144,1976.773,2574.85,2143.655,0.279
mixed,128,2,0.0156,4.0,2048,512,4096,16384,4288,2187.46,3399.75,2492.842,0.2519
mixed,128,2,0.0156,4.0,2048,1024,128,512,134,1886.303,1931.589,1888.201,0.0419
mixed,128,2,0.0156,4.0,2048,1024,256,1024,268,1906.633,1980.61,1911.175,0.0614
mixed,128,2,0.0156,4.0,2048,1024,512,2048,536,1935.784,2084.005,1977.637,0.2824
mixed,128,2,0.0156,4.0,2048,1024,1024,4096,1072,1982.401,2274.021,2071.874,0.3068
mixed,128,2,0.0156,4.0,2048,1024,2048,8192,2144,2086.824,2691.236,2245.573,0.2627
mixed,128,2,0.0156,4.0,2048,1024,4096,16384,4288,2294.344,3506.696,2604.175,0.2556
mixed,128,2,0.0156,4.0,2048,2048,128,512,134,2124.3,2164.543,2120.841,-0.086
mixed,128,2,0.0156,4.0,2048,2048,256,1024,268,2146.023,2221.831,2143.818,-0.0291
mixed,128,2,0.0156,4.0,2048,2048,512,2048,536,2174.282,2318.021,2215.301,0.2854
mixed,128,2,0.0156,4.0,2048,2048,1024,4096,1072,2218.526,2503.399,2303.876,0.2996
mixed,128,2,0.0156,4.0,2048,2048,2048,8192,2144,2325.513,2911.174,2475.366,0.2559
mixed,128,2,0.0156,4.0,2048,2048,4096,16384,4288,2523.749,3693.706,2838.468,0.269
mixed,128,2,0.0156,4.0,2048,4096,128,512,134,2594.214,2635.53,2592.39,-0.0441
mixed,128,2,0.0156,4.0,2048,4096,256,1024,268,2598.217,2676.65,2611.814,0.1734
mixed,128,2,0.0156,4.0,2048,4096,512,2048,536,2631.526,2779.237,2679.943,0.3278
mixed,128,2,0.0156,4.0,2048,4096,1024,4096,1072,2688.739,2972.709,2768.069,0.2794
mixed,128,2,0.0156,4.0,2048,4096,2048,8192,2144,2782.376,3361.257,2941.156,0.2743
mixed,128,2,0.0156,4.0,2048,4096,4096,16384,4288,2992.838,4160.203,3303.592,0.2662
mixed,128,2,0.0156,4.0,2048,8192,128,512,134,3470.153,3515.498,3479.398,0.2039
mixed,128,2,0.0156,4.0,2048,8192,256,1024,268,3488.524,3570.537,3493.192,0.0569
mixed,128,2,0.0156,4.0,2048,8192,512,2048,536,3525.929,3678.952,3570.246,0.2896
mixed,128,2,0.0156,4.0,2048,8192,1024,4096,1072,3567.436,3870.543,3657.223,0.2962
mixed,128,2,0.0156,4.0,2048,8192,2048,8192,2144,3678.125,4267.943,3845.165,0.2832
mixed,128,2,0.0156,4.0,2048,8192,4096,16384,4288,3893.032,5047.18,4186.826,0.2546
pure,128,3,0.0234,4.0,0,0,128,512,137,241.953,311.393,293.761,0.7461
pure,128,3,0.0234,4.0,0,0,256,1024,274,283.009,358.595,316.704,0.4458
pure,128,3,0.0234,4.0,0,0,512,2048,548,311.586,458.689,363.617,0.3537
pure,128,3,0.0234,4.0,0,0,1024,4096,1096,369.569,657.507,450.499,0.2811
pure,128,3,0.0234,4.0,0,0,2048,8192,2192,474.88,1050.887,628.227,0.2662
pure,128,3,0.0234,4.0,0,0,4096,16384,4384,684.801,1834.888,978.211,0.2551
mixed,128,3,0.0234,4.0,16,0,128,512,137,268.191,332.894,312.988,0.6923
mixed,128,3,0.0234,4.0,16,0,256,1024,274,304.511,387.937,339.198,0.4158
mixed,128,3,0.0234,4.0,16,0,512,2048,548,333.475,483.615,382.849,0.3289
mixed,128,3,0.0234,4.0,16,0,1024,4096,1096,388.094,679.166,482.276,0.3236
mixed,128,3,0.0234,4.0,16,0,2048,8192,2192,499.008,1083.584,654.437,0.2659
mixed,128,3,0.0234,4.0,16,0,4096,16384,4384,706.498,1857.349,1007.107,0.2612
mixed,128,3,0.0234,4.0,16,512,128,512,137,322.974,381.984,326.398,0.058
mixed,128,3,0.0234,4.0,16,512,256,1024,274,348.414,448.225,345.313,-0.0311
mixed,128,3,0.0234,4.0,16,512,512,2048,548,385.44,548.612,378.368,-0.0433
mixed,128,3,0.0234,4.0,16,512,1024,4096,1096,454.462,738.24,469.604,0.0534
mixed,128,3,0.0234,4.0,16,512,2048,8192,2192,560.093,1118.436,647.456,0.1565
mixed,128,3,0.0234,4.0,16,512,4096,16384,4384,763.456,1884.961,999.072,0.2101
mixed,128,3,0.0234,4.0,16,1024,128,512,137,321.537,391.139,322.753,0.0175
mixed,128,3,0.0234,4.0,16,1024,256,1024,274,339.198,468.097,347.075,0.0611
mixed,128,3,0.0234,4.0,16,1024,512,2048,548,395.103,587.588,388.576,-0.0339
mixed,128,3,0.0234,4.0,16,1024,1024,4096,1096,480.324,776.163,470.851,-0.032
mixed,128,3,0.0234,4.0,16,1024,2048,8192,2192,592.319,1156.868,647.393,0.0976
mixed,128,3,0.0234,4.0,16,1024,4096,16384,4384,800.834,1912.39,1000.323,0.1795
mixed,128,3,0.0234,4.0,16,2048,128,512,137,323.166,383.456,324.898,0.0287
mixed,128,3,0.0234,4.0,16,2048,256,1024,274,348.355,473.41,343.299,-0.0404
mixed,128,3,0.0234,4.0,16,2048,512,2048,548,385.664,640.351,382.212,-0.0136
mixed,128,3,0.0234,4.0,16,2048,1024,4096,1096,486.627,854.564,477.758,-0.0241
mixed,128,3,0.0234,4.0,16,2048,2048,8192,2192,665.119,1235.905,647.361,-0.0311
mixed,128,3,0.0234,4.0,16,2048,4096,16384,4384,881.794,1986.403,992.806,0.1005
mixed,128,3,0.0234,4.0,16,4096,128,512,137,333.504,382.433,358.365,0.5081
mixed,128,3,0.0234,4.0,16,4096,256,1024,274,355.232,467.36,349.312,-0.0528
mixed,128,3,0.0234,4.0,16,4096,512,2048,548,391.457,647.999,386.721,-0.0185
mixed,128,3,0.0234,4.0,16,4096,1024,4096,1096,485.953,985.379,468.129,-0.0357
mixed,128,3,0.0234,4.0,16,4096,2048,8192,2192,667.619,1374.147,645.7,-0.031
mixed,128,3,0.0234,4.0,16,4096,4096,16384,4384,1028.579,2135.909,987.969,-0.0367
mixed,128,3,0.0234,4.0,16,8192,128,512,137,358.112,387.395,361.76,0.1246
mixed,128,3,0.0234,4.0,16,8192,256,1024,274,390.498,469.951,384.13,-0.0801
mixed,128,3,0.0234,4.0,16,8192,512,2048,548,391.487,640.095,389.183,-0.0093
mixed,128,3,0.0234,4.0,16,8192,1024,4096,1096,486.206,984.67,472.319,-0.0279
mixed,128,3,0.0234,4.0,16,8192,2048,8192,2192,658.878,1663.042,636.768,-0.022
mixed,128,3,0.0234,4.0,16,8192,4096,16384,4384,1016.003,2439.528,979.843,-0.0254
mixed,128,3,0.0234,4.0,32,0,128,512,137,289.858,357.374,324.066,0.5067
mixed,128,3,0.0234,4.0,32,0,256,1024,274,331.586,395.038,348.866,0.2723
mixed,128,3,0.0234,4.0,32,0,512,2048,548,354.463,493.889,396.896,0.3043
mixed,128,3,0.0234,4.0,32,0,1024,4096,1096,401.697,694.174,489.091,0.2988
mixed,128,3,0.0234,4.0,32,0,2048,8192,2192,512.577,1095.234,663.011,0.2582
mixed,128,3,0.0234,4.0,32,0,4096,16384,4384,719.235,1874.406,1016.837,0.2576
mixed,128,3,0.0234,4.0,32,512,128,512,137,328.638,394.306,330.882,0.0342
mixed,128,3,0.0234,4.0,32,512,256,1024,274,361.377,452.738,362.6,0.0134
mixed,128,3,0.0234,4.0,32,512,512,2048,548,392.993,553.057,393.95,0.006
mixed,128,3,0.0234,4.0,32,512,1024,4096,1096,459.135,747.842,474.019,0.0516
mixed,128,3,0.0234,4.0,32,512,2048,8192,2192,571.842,1129.248,656.324,0.1516
mixed,128,3,0.0234,4.0,32,512,4096,16384,4384,769.282,1892.993,1006.661,0.2112
mixed,128,3,0.0234,4.0,32,1024,128,512,137,331.618,399.398,336.672,0.0746
mixed,128,3,0.0234,4.0,32,1024,256,1024,274,367.52,477.503,362.814,-0.0428
mixed,128,3,0.0234,4.0,32,1024,512,2048,548,404.288,586.721,404.001,-0.0016
mixed,128,3,0.0234,4.0,32,1024,1024,4096,1096,488.581,781.728,476.162,-0.0424
mixed,128,3,0.0234,4.0,32,1024,2048,8192,2192,605.216,1160.514,652.062,0.0844
mixed,128,3,0.0234,4.0,32,1024,4096,16384,4384,804.866,1912.997,1008.705,0.1839
mixed,128,3,0.0234,4.0,32,2048,128,512,137,368.318,396.7,361.153,-0.2524
mixed,128,3,0.0234,4.0,32,2048,256,1024,274,357.95,488.388,354.145,-0.0292
mixed,128,3,0.0234,4.0,32,2048,512,2048,548,402.527,646.147,397.312,-0.0214
mixed,128,3,0.0234,4.0,32,2048,1024,4096,1096,500.034,849.892,486.084,-0.0399
mixed,128,3,0.0234,4.0,32,2048,2048,8192,2192,666.498,1224.995,648.131,-0.0329
mixed,128,3,0.0234,4.0,32,2048,4096,16384,4384,878.243,1979.365,992.77,0.104
mixed,128,3,0.0234,4.0,32,4096,128,512,137,386.432,400.322,367.969,-1.3292
mixed,128,3,0.0234,4.0,32,4096,256,1024,274,403.457,479.107,395.939,-0.0994
mixed,128,3,0.0234,4.0,32,4096,512,2048,548,404.831,651.933,441.44,0.1482
mixed,128,3,0.0234,4.0,32,4096,1024,4096,1096,491.714,978.947,477.633,-0.0289
mixed,128,3,0.0234,4.0,32,4096,2048,8192,2192,671.746,1363.909,655.139,-0.024
mixed,128,3,0.0234,4.0,32,4096,4096,16384,4384,1011.042,2136.04,978.883,-0.0286
mixed,128,3,0.0234,4.0,32,8192,128,512,137,429.506,449.409,431.553,0.1028
mixed,128,3,0.0234,4.0,32,8192,256,1024,274,437.282,487.709,439.293,0.0399
mixed,128,3,0.0234,4.0,32,8192,512,2048,548,456.739,643.071,455.744,-0.0053
mixed,128,3,0.0234,4.0,32,8192,1024,4096,1096,493.213,980.607,567.071,0.1515
mixed,128,3,0.0234,4.0,32,8192,2048,8192,2192,662.275,1635.11,652.834,-0.0097
mixed,128,3,0.0234,4.0,32,8192,4096,16384,4384,1014.531,2409.412,980.417,-0.0245
mixed,128,3,0.0234,4.0,64,0,128,512,137,294.115,378.111,336.384,0.5032
mixed,128,3,0.0234,4.0,64,0,256,1024,274,348.798,423.493,367.234,0.2468
mixed,128,3,0.0234,4.0,64,0,512,2048,548,381.793,514.561,420.419,0.2909
mixed,128,3,0.0234,4.0,64,0,1024,4096,1096,440.639,725.986,510.532,0.2449
mixed,128,3,0.0234,4.0,64,0,2048,8192,2192,539.717,1122.273,686.338,0.2517
mixed,128,3,0.0234,4.0,64,0,4096,16384,4384,751.268,1896.448,1035.46,0.2482
mixed,128,3,0.0234,4.0,64,512,128,512,137,348.477,408.259,363.648,0.2538
mixed,128,3,0.0234,4.0,64,512,256,1024,274,381.762,460.801,358.307,-0.2968
mixed,128,3,0.0234,4.0,64,512,512,2048,548,406.754,570.179,410.846,0.025
mixed,128,3,0.0234,4.0,64,512,1024,4096,1096,471.778,769.891,483.425,0.0391
mixed,128,3,0.0234,4.0,64,512,2048,8192,2192,585.058,1149.666,669.212,0.149
mixed,128,3,0.0234,4.0,64,512,4096,16384,4384,780.129,1949.829,1027.681,0.2116
mixed,128,3,0.0234,4.0,64,1024,128,512,137,372.83,418.72,377.729,0.1068
mixed,128,3,0.0234,4.0,64,1024,256,1024,274,368.095,490.691,394.945,0.219
mixed,128,3,0.0234,4.0,64,1024,512,2048,548,425.89,606.433,424.291,-0.0089
mixed,128,3,0.0234,4.0,64,1024,1024,4096,1096,504.353,796.29,486.755,-0.0603
mixed,128,3,0.0234,4.0,64,1024,2048,8192,2192,614.372,1179.584,662.369,0.0849
mixed,128,3,0.0234,4.0,64,1024,4096,16384,4384,822.369,1971.973,1024.389,0.1757
mixed,128,3,0.0234,4.0,64,2048,128,512,137,399.168,418.721,399.586,0.0214
mixed,128,3,0.0234,4.0,64,2048,256,1024,274,409.186,502.691,409.438,0.0027
mixed,128,3,0.0234,4.0,64,2048,512,2048,548,419.744,651.135,467.616,0.2069
mixed,128,3,0.0234,4.0,64,2048,1024,4096,1096,514.113,858.209,510.56,-0.0103
mixed,128,3,0.0234,4.0,64,2048,2048,8192,2192,668.994,1239.108,656.672,-0.0216
mixed,128,3,0.0234,4.0,64,2048,4096,16384,4384,885.7,2015.011,997.377,0.0989
mixed,128,3,0.0234,4.0,64,4096,128,512,137,436.899,485.025,439.838,0.0611
mixed,128,3,0.0234,4.0,64,4096,256,1024,274,458.177,494.657,448.671,-0.2606
mixed,128,3,0.0234,4.0,64,4096,512,2048,548,480.13,661.928,482.085,0.0108
mixed,128,3,0.0234,4.0,64,4096,1024,4096,1096,515.262,978.944,579.616,0.1388
mixed,128,3,0.0234,4.0,64,4096,2048,8192,2192,678.02,1376.226,667.714,-0.0148
mixed,128,3,0.0234,4.0,64,4096,4096,16384,4384,1002.406,2160.007,978.273,-0.0208
mixed,128,3,0.0234,4.0,64,8192,128,512,137,516.258,537.315,507.966,-0.3938
mixed,128,3,0.0234,4.0,64,8192,256,1024,274,536.865,637.186,534.846,-0.0201
mixed,128,3,0.0234,4.0,64,8192,512,2048,548,532.642,659.777,534.05,0.0111
mixed,128,3,0.0234,4.0,64,8192,1024,4096,1096,636.675,990.719,636.193,-0.0014
mixed,128,3,0.0234,4.0,64,8192,2048,8192,2192,685.186,1614.404,829.664,0.1555
mixed,128,3,0.0234,4.0,64,8192,4096,16384,4384,1018.019,2404.325,986.817,-0.0225
mixed,128,3,0.0234,4.0,128,0,128,512,137,309.949,394.08,347.745,0.4493
mixed,128,3,0.0234,4.0,128,0,256,1024,274,368.255,446.145,368.096,-0.002
mixed,128,3,0.0234,4.0,128,0,512,2048,548,395.106,544.385,410.531,0.1033
mixed,128,3,0.0234,4.0,128,0,1024,4096,1096,452.546,744.035,506.562,0.1853
mixed,128,3,0.0234,4.0,128,0,2048,8192,2192,559.04,1152.065,683.872,0.2105
mixed,128,3,0.0234,4.0,128,0,4096,16384,4384,773.601,1927.553,1039.939,0.2308
mixed,128,3,0.0234,4.0,128,512,128,512,137,392.958,412.961,393.76,0.0401
mixed,128,3,0.0234,4.0,128,512,256,1024,274,369.473,465.923,393.571,0.2498
mixed,128,3,0.0234,4.0,128,512,512,2048,548,410.913,572.003,416.258,0.0332
mixed,128,3,0.0234,4.0,128,512,1024,4096,1096,478.945,769.12,477.955,-0.0034
mixed,128,3,0.0234,4.0,128,512,2048,8192,2192,583.005,1161.667,661.407,0.1355
mixed,128,3,0.0234,4.0,128,512,4096,16384,4384,797.087,1936.517,1013.535,0.19
mixed,128,3,0.0234,4.0,128,1024,128,512,137,414.945,411.586,418.628,
mixed,128,3,0.0234,4.0,128,1024,256,1024,274,434.4,493.411,441.025,0.1123
mixed,128,3,0.0234,4.0,128,1024,512,2048,548,415.457,603.967,450.688,0.1869
mixed,128,3,0.0234,4.0,128,1024,1024,4096,1096,504.64,800.611,491.294,-0.0451
mixed,128,3,0.0234,4.0,128,1024,2048,8192,2192,613.281,1192.673,654.18,0.0706
mixed,128,3,0.0234,4.0,128,1024,4096,16384,4384,819.81,1974.085,1010.368,0.1651
mixed,128,3,0.0234,4.0,128,2048,128,512,137,456.225,499.904,452.063,-0.0953
mixed,128,3,0.0234,4.0,128,2048,256,1024,274,473.378,493.158,468.576,-0.2428
mixed,128,3,0.0234,4.0,128,2048,512,2048,548,505.569,661.699,540.768,0.2254
mixed,128,3,0.0234,4.0,128,2048,1024,4096,1096,504.866,857.377,574.274,0.1969
mixed,128,3,0.0234,4.0,128,2048,2048,8192,2192,669.567,1251.525,655.489,-0.0242
mixed,128,3,0.0234,4.0,128,2048,4096,16384,4384,881.857,2029.922,984.962,0.0898
mixed,128,3,0.0234,4.0,128,4096,128,512,137,533.892,580.61,534.014,0.0026
mixed,128,3,0.0234,4.0,128,4096,256,1024,274,551.266,634.113,546.591,-0.0564
mixed,128,3,0.0234,4.0,128,4096,512,2048,548,581.249,658.912,580.834,-0.0053
mixed,128,3,0.0234,4.0,128,4096,1024,4096,1096,636.289,980.292,701.154,0.1886
mixed,128,3,0.0234,4.0,128,4096,2048,8192,2192,680.606,1375.617,818.304,0.1981
mixed,128,3,0.0234,4.0,128,4096,4096,16384,4384,1002.498,2162.207,979.55,-0.0198
mixed,128,3,0.0234,4.0,128,8192,128,512,137,696.068,739.809,696.096,0.0006
mixed,128,3,0.0234,4.0,128,8192,256,1024,274,707.843,792.354,707.458,-0.0046
mixed,128,3,0.0234,4.0,128,8192,512,2048,548,739.973,887.97,736.673,-0.0223
mixed,128,3,0.0234,4.0,128,8192,1024,4096,1096,800.711,980.068,794.4,-0.0352
mixed,128,3,0.0234,4.0,128,8192,2048,8192,2192,898.43,1609.155,1041.218,0.2009
mixed,128,3,0.0234,4.0,128,8192,4096,16384,4384,1019.971,2404.71,1283.489,0.1903
mixed,128,3,0.0234,4.0,256,0,128,512,137,377.443,421.636,376.641,-0.0181
mixed,128,3,0.0234,4.0,256,0,256,1024,274,395.714,476.927,417.434,0.2674
mixed,128,3,0.0234,4.0,256,0,512,2048,548,421.503,571.588,504.925,0.5558
mixed,128,3,0.0234,4.0,256,0,1024,4096,1096,478.911,767.101,676.836,0.6868
mixed,128,3,0.0234,4.0,256,0,2048,8192,2192,582.497,1169.027,1011.33,0.7311
mixed,128,3,0.0234,4.0,256,0,4096,16384,4384,791.971,1969.349,1675.622,0.7505
mixed,128,3,0.0234,4.0,256,512,128,512,137,417.695,466.817,415.489,-0.0449
mixed,128,3,0.0234,4.0,256,512,256,1024,274,436.512,518.176,436.386,-0.0015
mixed,128,3,0.0234,4.0,256,512,512,2048,548,469.855,624.512,503.169,0.2154
mixed,128,3,0.0234,4.0,256,512,1024,4096,1096,527.392,816.546,668.062,0.4865
mixed,128,3,0.0234,4.0,256,512,2048,8192,2192,628.101,1207.491,1002.886,0.6469
mixed,128,3,0.0234,4.0,256,512,4096,16384,4384,843.458,1987.652,1670.308,0.7226
mixed,128,3,0.0234,4.0,256,1024,128,512,137,451.781,503.265,451.649,-0.0026
mixed,128,3,0.0234,4.0,256,1024,256,1024,274,471.522,559.264,472.449,0.0106
mixed,128,3,0.0234,4.0,256,1024,512,2048,548,506.749,659.811,508.192,0.0094
mixed,128,3,0.0234,4.0,256,1024,1024,4096,1096,565.19,853.634,676.546,0.3861
mixed,128,3,0.0234,4.0,256,1024,2048,8192,2192,667.394,1240.708,998.433,0.5774
mixed,128,3,0.0234,4.0,256,1024,4096,16384,4384,881.666,2022.467,1665.86,0.6874
mixed,128,3,0.0234,4.0,256,2048,128,512,137,527.873,578.914,530.308,0.0477
mixed,128,3,0.0234,4.0,256,2048,256,1024,274,551.359,628.127,548.066,-0.0429
mixed,128,3,0.0234,4.0,256,2048,512,2048,548,583.778,726.595,580.608,-0.0222
mixed,128,3,0.0234,4.0,256,2048,1024,4096,1096,637.122,927.652,671.521,0.1184
mixed,128,3,0.0234,4.0,256,2048,2048,8192,2192,741.408,1312.805,994.467,0.4429
mixed,128,3,0.0234,4.0,256,2048,4096,16384,4384,957.346,2086.725,1649.182,0.6126
mixed,128,3,0.0234,4.0,256,4096,128,512,137,683.358,731.237,683.746,0.0081
mixed,128,3,0.0234,4.0,256,4096,256,1024,274,699.428,786.913,699.299,-0.0015
mixed,128,3,0.0234,4.0,256,4096,512,2048,548,738.592,884.194,736.513,-0.0143
mixed,128,3,0.0234,4.0,256,4096,1024,4096,1096,794.306,1077.634,790.147,-0.0147
mixed,128,3,0.0234,4.0,256,4096,2048,8192,2192,893.633,1464.295,1003.329,0.1922
mixed,128,3,0.0234,4.0,256,4096,4096,16384,4384,1100.803,2248.517,1653.541,0.4816
mixed,128,3,0.0234,4.0,256,8192,128,512,137,983.555,1025.632,983.744,0.0045
mixed,128,3,0.0234,4.0,256,8192,256,1024,274,998.47,1075.554,995.263,-0.0416
mixed,128,3,0.0234,4.0,256,8192,512,2048,548,1028.547,1177.986,1028.772,0.0015
mixed,128,3,0.0234,4.0,256,8192,1024,4096,1096,1090.851,1372.87,1088.384,-0.0087
mixed,128,3,0.0234,4.0,256,8192,2048,8192,2192,1191.747,1766.88,1188.834,-0.0051
mixed,128,3,0.0234,4.0,256,8192,4096,16384,4384,1404.992,2530.915,1657.574,0.2243
mixed,128,3,0.0234,4.0,512,0,128,512,137,539.55,588.063,539.328,-0.0046
mixed,128,3,0.0234,4.0,512,0,256,1024,274,557.153,641.987,555.935,-0.0144
mixed,128,3,0.0234,4.0,512,0,512,2048,548,588.61,744.225,628.834,0.2585
mixed,128,3,0.0234,4.0,512,0,1024,4096,1096,651.136,936.16,801.827,0.5287
mixed,128,3,0.0234,4.0,512,0,2048,8192,2192,753.28,1317.537,1139.202,0.6839
mixed,128,3,0.0234,4.0,512,0,4096,16384,4384,961.854,2094.564,1795.719,0.7362
mixed,128,3,0.0234,4.0,512,512,128,512,137,617.442,669.507,618.18,0.0142
mixed,128,3,0.0234,4.0,512,512,256,1024,274,636.031,718.913,638.533,0.0302
mixed,128,3,0.0234,4.0,512,512,512,2048,548,671.3,823.906,723.587,0.3426
mixed,128,3,0.0234,4.0,512,512,1024,4096,1096,730.495,1020.574,891.841,0.5562
mixed,128,3,0.0234,4.0,512,512,2048,8192,2192,834.628,1409.316,1217.702,0.6666
mixed,128,3,0.0234,4.0,512,512,4096,16384,4384,1042.499,2177.123,1883.813,0.7415
mixed,128,3,0.0234,4.0,512,1024,128,512,137,700.099,744.929,698.115,-0.0443
mixed,128,3,0.0234,4.0,512,1024,256,1024,274,715.487,797.182,713.441,-0.025
mixed,128,3,0.0234,4.0,512,1024,512,2048,548,749.791,894.078,756.9,0.0493
mixed,128,3,0.0234,4.0,512,1024,1024,4096,1096,801.827,1093.987,929.854,0.4382
mixed,128,3,0.0234,4.0,512,1024,2048,8192,2192,906.336,1486.884,1255.811,0.602
mixed,128,3,0.0234,4.0,512,1024,4096,16384,4384,1117.217,2273.443,1920.708,0.6949
mixed,128,3,0.0234,4.0,512,2048,128,512,137,849.695,896.74,850.499,0.0171
mixed,128,3,0.0234,4.0,512,2048,256,1024,274,870.145,945.954,868.929,-0.016
mixed,128,3,0.0234,4.0,512,2048,512,2048,548,899.559,1044.866,903.554,0.0275
mixed,128,3,0.0234,4.0,512,2048,1024,4096,1096,953.701,1244.223,1003.487,0.1714
mixed,128,3,0.0234,4.0,512,2048,2048,8192,2192,1055.012,1638.917,1336.996,0.4829
mixed,128,3,0.0234,4.0,512,2048,4096,16384,4384,1266.753,2401.383,1990.149,0.6376
mixed,128,3,0.0234,4.0,512,4096,128,512,137,1150.533,1190.975,1147.524,-0.0744
mixed,128,3,0.0234,4.0,512,4096,256,1024,274,1164.994,1235.971,1167.426,0.0343
mixed,128,3,0.0234,4.0,512,4096,512,2048,548,1191.136,1339.394,1190.335,-0.0054
mixed,128,3,0.0234,4.0,512,4096,1024,4096,1096,1242.852,1540.836,1240.546,-0.0077
mixed,128,3,0.0234,4.0,512,4096,2048,8192,2192,1348.61,1930.374,1476.257,0.2194
mixed,128,3,0.0234,4.0,512,4096,4096,16384,4384,1557.924,2707.207,2137.607,0.5044
mixed,128,3,0.0234,4.0,512,8192,128,512,137,1738.564,1786.082,1744.515,0.1252
mixed,128,3,0.0234,4.0,512,8192,256,1024,274,1738.084,1834.657,1745.671,0.0786
mixed,128,3,0.0234,4.0,512,8192,512,2048,548,1792.482,1933.954,1792.262,-0.0016
mixed,128,3,0.0234,4.0,512,8192,1024,4096,1096,1847.013,2136.421,1839.462,-0.0261
mixed,128,3,0.0234,4.0,512,8192,2048,8192,2192,1942.24,2522.629,1938.277,-0.0068
mixed,128,3,0.0234,4.0,512,8192,4096,16384,4384,2155.399,3308.519,2433.639,0.2413
mixed,128,3,0.0234,4.0,1024,0,128,512,137,871.712,917.922,892.226,0.4439
mixed,128,3,0.0234,4.0,1024,0,256,1024,274,893.663,970.082,918.501,0.325
mixed,128,3,0.0234,4.0,1024,0,512,2048,548,922.339,1074.754,968.639,0.3038
mixed,128,3,0.0234,4.0,1024,0,1024,4096,1096,974.238,1268.035,1058.467,0.2867
mixed,128,3,0.0234,4.0,1024,0,2048,8192,2192,1080.038,1690.853,1233.377,0.251
mixed,128,3,0.0234,4.0,1024,0,4096,16384,4384,1292.226,2501.383,1591.393,0.2474
mixed,128,3,0.0234,4.0,1024,512,128,512,137,1029.633,1077.764,1053.062,0.4868
mixed,128,3,0.0234,4.0,1024,512,256,1024,274,1046.694,1134.53,1084.321,0.4284
mixed,128,3,0.0234,4.0,1024,512,512,2048,548,1079.202,1235.303,1130.693,0.3299
mixed,128,3,0.0234,4.0,1024,512,1024,4096,1096,1142.818,1424.035,1220.579,0.2765
mixed,128,3,0.0234,4.0,1024,512,2048,8192,2192,1242.657,1844.517,1394.852,0.2529
mixed,128,3,0.0234,4.0,1024,512,4096,16384,4384,1449.76,2673.48,1744.577,0.2409
mixed,128,3,0.0234,4.0,1024,1024,128,512,137,1111.014,1154.434,1132.354,0.4915
mixed,128,3,0.0234,4.0,1024,1024,256,1024,274,1124.449,1206.468,1155.873,0.3831
mixed,128,3,0.0234,4.0,1024,1024,512,2048,548,1160.132,1311.265,1203.268,0.2854
mixed,128,3,0.0234,4.0,1024,1024,1024,4096,1096,1211.491,1509.83,1298.629,0.2921
mixed,128,3,0.0234,4.0,1024,1024,2048,8192,2192,1328.743,1918.788,1473.671,0.2456
mixed,128,3,0.0234,4.0,1024,1024,4096,16384,4384,1530.247,2749.449,1826.694,0.2431
mixed,128,3,0.0234,4.0,1024,2048,128,512,137,1271.65,1311.943,1282.728,0.2749
mixed,128,3,0.0234,4.0,1024,2048,256,1024,274,1284.194,1360.77,1316.991,0.4283
mixed,128,3,0.0234,4.0,1024,2048,512,2048,548,1314.534,1462.98,1356.585,0.2833
mixed,128,3,0.0234,4.0,1024,2048,1024,4096,1096,1370.02,1662.05,1452.227,0.2815
mixed,128,3,0.0234,4.0,1024,2048,2048,8192,2192,1473.984,2056.999,1623.521,0.2565
mixed,128,3,0.0234,4.0,1024,2048,4096,16384,4384,1673.767,2842.666,1975.841,0.2584
mixed,128,3,0.0234,4.0,1024,4096,128,512,137,1596.359,1632.092,1616.482,0.5631
mixed,128,3,0.0234,4.0,1024,4096,256,1024,274,1600.738,1684.674,1640.265,0.4709
mixed,128,3,0.0234,4.0,1024,4096,512,2048,548,1633.509,1781.798,1693.735,0.4061
mixed,128,3,0.0234,4.0,1024,4096,1024,4096,1096,1696.803,1988.769,1777.191,0.2753
mixed,128,3,0.0234,4.0,1024,4096,2048,8192,2192,1806.72,2380.386,1952.517,0.2541
mixed,128,3,0.0234,4.0,1024,4096,4096,16384,4384,2002.595,3157.743,2307.143,0.2636
mixed,128,3,0.0234,4.0,1024,8192,128,512,137,2212.355,2260.29,2230.18,0.3719
mixed,128,3,0.0234,4.0,1024,8192,256,1024,274,2236.774,2311.503,2263.045,0.3516
mixed,128,3,0.0234,4.0,1024,8192,512,2048,548,2264.872,2400.965,2305.923,0.3016
mixed,128,3,0.0234,4.0,1024,8192,1024,4096,1096,2309.958,2604.874,2400.713,0.3077
mixed,128,3,0.0234,4.0,1024,8192,2048,8192,2192,2422.403,3011.555,2569.474,0.2496
mixed,128,3,0.0234,4.0,1024,8192,4096,16384,4384,2625.127,3786.313,2936.998,0.2686
mixed,128,3,0.0234,4.0,2048,0,128,512,137,1550.18,1604.775,1574.18,0.4396
mixed,128,3,0.0234,4.0,2048,0,256,1024,274,1574.913,1655.141,1601.633,0.3331
mixed,128,3,0.0234,4.0,2048,0,512,2048,548,1597.864,1752.452,1652.001,0.3502
mixed,128,3,0.0234,4.0,2048,0,1024,4096,1096,1654.243,1940.323,1735.908,0.2855
mixed,128,3,0.0234,4.0,2048,0,2048,8192,2192,1769.092,2342.725,1922.532,0.2675
mixed,128,3,0.0234,4.0,2048,0,4096,16384,4384,1968.386,3131.044,2265.544,0.2556
mixed,128,3,0.0234,4.0,2048,512,128,512,137,1778.95,1816.806,1794.211,0.4031
mixed,128,3,0.0234,4.0,2048,512,256,1024,274,1786.754,1866.274,1820.421,0.4234
mixed,128,3,0.0234,4.0,2048,512,512,2048,548,1825.065,1969.191,1871.969,0.3254
mixed,128,3,0.0234,4.0,2048,512,1024,4096,1096,1878.474,2168.39,1959.369,0.279
mixed,128,3,0.0234,4.0,2048,512,2048,8192,2192,1986.917,2584.165,2137.543,0.2522
mixed,128,3,0.0234,4.0,2048,512,4096,16384,4384,2194.759,3400.2,2483.242,0.2393
mixed,128,3,0.0234,4.0,2048,1024,128,512,137,1891.303,1941.314,1915.746,0.4888
mixed,128,3,0.0234,4.0,2048,1024,256,1024,274,1909.412,1983.589,1930.244,0.2808
mixed,128,3,0.0234,4.0,2048,1024,512,2048,548,1932.133,2088.164,1981.282,0.315
mixed,128,3,0.0234,4.0,2048,1024,1024,4096,1096,1994.473,2273.799,2074.508,0.2865
mixed,128,3,0.0234,4.0,2048,1024,2048,8192,2192,2097.765,2685.254,2251.012,0.2609
mixed,128,3,0.0234,4.0,2048,1024,4096,16384,4384,2298.624,3504.044,2608.357,0.257
mixed,128,3,0.0234,4.0,2048,2048,128,512,137,2116.164,2173.925,2140.839,0.4272
mixed,128,3,0.0234,4.0,2048,2048,256,1024,274,2145.318,2221.344,2169.476,0.3178
mixed,128,3,0.0234,4.0,2048,2048,512,2048,548,2166.306,2312.71,2220.513,0.3703
mixed,128,3,0.0234,4.0,2048,2048,1024,4096,1096,2226.185,2510.886,2305.574,0.2789
mixed,128,3,0.0234,4.0,2048,2048,2048,8192,2192,2326.089,2902.06,2490.285,0.2851
mixed,128,3,0.0234,4.0,2048,2048,4096,16384,4384,2524.939,3686.949,2840.394,0.2715
mixed,128,3,0.0234,4.0,2048,4096,128,512,137,2578.884,2620.034,2606.533,0.6719
mixed,128,3,0.0234,4.0,2048,4096,256,1024,274,2611.748,2677.315,2634.667,0.3496
mixed,128,3,0.0234,4.0,2048,4096,512,2048,548,2630.855,2784.484,2682.183,0.3341
mixed,128,3,0.0234,4.0,2048,4096,1024,4096,1096,2685.037,2972.837,2774.695,0.3115
mixed,128,3,0.0234,4.0,2048,4096,2048,8192,2192,2798.531,3365.063,2941.829,0.2529
mixed,128,3,0.0234,4.0,2048,4096,4096,16384,4384,2988.354,4143.017,3300.708,0.2705
mixed,128,3,0.0234,4.0,2048,8192,128,512,137,3470.917,3523.141,3514.632,0.8371
mixed,128,3,0.0234,4.0,2048,8192,256,1024,274,3494.084,3564.519,3523.272,0.4144
mixed,128,3,0.0234,4.0,2048,8192,512,2048,548,3522.504,3666.823,3585.188,0.4343
mixed,128,3,0.0234,4.0,2048,8192,1024,4096,1096,3572.235,3862.955,3672.65,0.3454
mixed,128,3,0.0234,4.0,2048,8192,2048,8192,2192,3679.438,4266.121,3828.111,0.2534
mixed,128,3,0.0234,4.0,2048,8192,4096,16384,4384,3896.68,5043.565,4205.032,0.2689
pure,128,4,0.0312,4.0,0,0,128,512,140,244.097,307.586,292.224,0.758
pure,128,4,0.0312,4.0,0,0,256,1024,280,282.211,358.178,316.388,0.4499
pure,128,4,0.0312,4.0,0,0,512,2048,560,310.049,461.957,360.579,0.3326
pure,128,4,0.0312,4.0,0,0,1024,4096,1120,369.407,658.304,452.193,0.2866
pure,128,4,0.0312,4.0,0,0,2048,8192,2240,476.833,1054.595,628.671,0.2628
pure,128,4,0.0312,4.0,0,0,4096,16384,4480,688.613,1833.478,983.488,0.2576
mixed,128,4,0.0312,4.0,16,0,128,512,140,270.24,330.339,313.761,0.7242
mixed,128,4,0.0312,4.0,16,0,256,1024,280,307.327,384.034,335.423,0.3663
mixed,128,4,0.0312,4.0,16,0,512,2048,560,327.81,483.233,384.768,0.3665
mixed,128,4,0.0312,4.0,16,0,1024,4096,1120,391.328,681.695,477.921,0.2982
mixed,128,4,0.0312,4.0,16,0,2048,8192,2240,502.718,1084.131,656.929,0.2652
mixed,128,4,0.0312,4.0,16,0,4096,16384,4480,711.425,1861.028,1007.138,0.2572
mixed,128,4,0.0312,4.0,16,512,128,512,140,322.783,384.288,321.82,-0.0157
mixed,128,4,0.0312,4.0,16,512,256,1024,280,349.152,446.88,346.527,-0.0269
mixed,128,4,0.0312,4.0,16,512,512,2048,560,381.762,545.125,382.782,0.0062
mixed,128,4,0.0312,4.0,16,512,1024,4096,1120,455.487,741.247,470.493,0.0525
mixed,128,4,0.0312,4.0,16,512,2048,8192,2240,563.359,1116.225,646.847,0.151
mixed,128,4,0.0312,4.0,16,512,4096,16384,4480,779.204,1877.892,1000.353,0.2013
mixed,128,4,0.0312,4.0,16,1024,128,512,140,320.226,388.894,321.504,0.0186
mixed,128,4,0.0312,4.0,16,1024,256,1024,280,341.89,467.747,345.246,0.0267
mixed,128,4,0.0312,4.0,16,1024,512,2048,560,391.647,586.466,398.05,0.0329
mixed,128,4,0.0312,4.0,16,1024,1024,4096,1120,481.791,778.08,470.241,-0.039
mixed,128,4,0.0312,4.0,16,1024,2048,8192,2240,608.672,1166.753,651.039,0.0759
mixed,128,4,0.0312,4.0,16,1024,4096,16384,4480,806.978,1914.791,1001.891,0.1759
mixed,128,4,0.0312,4.0,16,2048,128,512,140,326.304,392.098,324.925,-0.021
mixed,128,4,0.0312,4.0,16,2048,256,1024,280,352.416,474.113,354.049,0.0134
mixed,128,4,0.0312,4.0,16,2048,512,2048,560,385.09,637.534,383.84,-0.005
mixed,128,4,0.0312,4.0,16,2048,1024,4096,1120,492.128,856.737,478.69,-0.0369
mixed,128,4,0.0312,4.0,16,2048,2048,8192,2240,667.714,1231.652,654.913,-0.0227
mixed,128,4,0.0312,4.0,16,2048,4096,16384,4480,891.201,1987.683,993.733,0.0935
mixed,128,4,0.0312,4.0,16,4096,128,512,140,333.061,385.859,355.873,0.4321
mixed,128,4,0.0312,4.0,16,4096,256,1024,280,347.454,466.045,342.657,-0.0404
mixed,128,4,0.0312,4.0,16,4096,512,2048,560,386.914,650.306,389.889,0.0113
mixed,128,4,0.0312,4.0,16,4096,1024,4096,1120,477.442,982.145,469.281,-0.0162
mixed,128,4,0.0312,4.0,16,4096,2048,8192,2240,677.73,1378.081,650.111,-0.0394
mixed,128,4,0.0312,4.0,16,4096,4096,16384,4480,1035.683,2143.3,993.47,-0.0381
mixed,128,4,0.0312,4.0,16,8192,128,512,140,358.977,389.283,359.744,0.0253
mixed,128,4,0.0312,4.0,16,8192,256,1024,280,395.104,466.816,383.55,-0.1611
mixed,128,4,0.0312,4.0,16,8192,512,2048,560,400.896,635.679,395.267,-0.024
mixed,128,4,0.0312,4.0,16,8192,1024,4096,1120,478.979,984.547,472.387,-0.013
mixed,128,4,0.0312,4.0,16,8192,2048,8192,2240,668.256,1657.476,638.205,-0.0304
mixed,128,4,0.0312,4.0,16,8192,4096,16384,4480,1031.236,2441.001,982.852,-0.0343
mixed,128,4,0.0312,4.0,32,0,128,512,140,289.726,355.745,319.457,0.4503
mixed,128,4,0.0312,4.0,32,0,256,1024,280,327.616,396.548,352.258,0.3575
mixed,128,4,0.0312,4.0,32,0,512,2048,560,358.945,497.569,394.21,0.2544
mixed,128,4,0.0312,4.0,32,0,1024,4096,1120,406.339,699.14,489.214,0.283
mixed,128,4,0.0312,4.0,32,0,2048,8192,2240,518.946,1095.142,662.562,0.2492
mixed,128,4,0.0312,4.0,32,0,4096,16384,4480,728.702,1875.141,1014.403,0.2492
mixed,128,4,0.0312,4.0,32,512,128,512,140,335.586,389.121,331.841,-0.07
mixed,128,4,0.0312,4.0,32,512,256,1024,280,360.865,449.248,360.956,0.001
mixed,128,4,0.0312,4.0,32,512,512,2048,560,393.764,552.959,392.675,-0.0068
mixed,128,4,0.0312,4.0,32,512,1024,4096,1120,462.657,747.905,476.42,0.0482
mixed,128,4,0.0312,4.0,32,512,2048,8192,2240,571.711,1131.265,658.113,0.1544
mixed,128,4,0.0312,4.0,32,512,4096,16384,4480,777.989,1885.737,1012.674,0.2119
mixed,128,4,0.0312,4.0,32,1024,128,512,140,332.321,402.53,336.259,0.0561
mixed,128,4,0.0312,4.0,32,1024,256,1024,280,364.48,478.305,361.248,-0.0284
mixed,128,4,0.0312,4.0,32,1024,512,2048,560,404.579,586.714,405.919,0.0074
mixed,128,4,0.0312,4.0,32,1024,1024,4096,1120,488.578,775.877,478.405,-0.0354
mixed,128,4,0.0312,4.0,32,1024,2048,8192,2240,603.775,1158.662,651.683,0.0863
mixed,128,4,0.0312,4.0,32,1024,4096,16384,4480,814.817,1915.81,1001.344,0.1694
mixed,128,4,0.0312,4.0,32,2048,128,512,140,365.412,398.977,363.263,-0.064
mixed,128,4,0.0312,4.0,32,2048,256,1024,280,363.006,487.873,353.699,-0.0745
mixed,128,4,0.0312,4.0,32,2048,512,2048,560,399.429,650.017,401.599,0.0087
mixed,128,4,0.0312,4.0,32,2048,1024,4096,1120,499.488,843.968,487.813,-0.0339
mixed,128,4,0.0312,4.0,32,2048,2048,8192,2240,675.84,1233.31,645.154,-0.055
mixed,128,4,0.0312,4.0,32,2048,4096,16384,4480,885.027,1985.223,991.074,0.0964
mixed,128,4,0.0312,4.0,32,4096,128,512,140,386.756,403.038,371.522,-0.9356
mixed,128,4,0.0312,4.0,32,4096,256,1024,280,406.82,475.171,400.125,-0.098
mixed,128,4,0.0312,4.0,32,4096,512,2048,560,405.602,652.42,434.947,0.1189
mixed,128,4,0.0312,4.0,32,4096,1024,4096,1120,491.971,978.657,483.423,-0.0176
mixed,128,4,0.0312,4.0,32,4096,2048,8192,2240,677.861,1358.499,653.343,-0.036
mixed,128,4,0.0312,4.0,32,4096,4096,16384,4480,1022.658,2129.797,983.746,-0.0351
mixed,128,4,0.0312,4.0,32,8192,128,512,140,434.082,454.05,430.11,-0.1989
mixed,128,4,0.0312,4.0,32,8192,256,1024,280,436.549,485.216,436.896,0.0071
mixed,128,4,0.0312,4.0,32,8192,512,2048,560,463.681,639.235,456.417,-0.0414
mixed,128,4,0.0312,4.0,32,8192,1024,4096,1120,501.633,983.109,569.063,0.14
mixed,128,4,0.0312,4.0,32,8192,2048,8192,2240,678.085,1633.091,649.922,-0.0295
mixed,128,4,0.0312,4.0,32,8192,4096,16384,4480,1020.067,2397.286,978.88,-0.0299
mixed,128,4,0.0312,4.0,64,0,128,512,140,294.497,367.968,331.583,0.5048
mixed,128,4,0.0312,4.0,64,0,256,1024,280,350.917,423.938,371.136,0.2769
mixed,128,4,0.0312,4.0,64,0,512,2048,560,381.885,519.716,421.024,0.284
mixed,128,4,0.0312,4.0,64,0,1024,4096,1120,437.923,719.68,502.367,0.2287
mixed,128,4,0.0312,4.0,64,0,2048,8192,2240,535.203,1122.499,683.394,0.2523
mixed,128,4,0.0312,4.0,64,0,4096,16384,4480,754.015,1891.938,1040.615,0.2519
mixed,128,4,0.0312,4.0,64,512,128,512,140,352.417,407.233,361.794,0.1711
mixed,128,4,0.0312,4.0,64,512,256,1024,280,381.214,455.618,355.138,-0.3505
mixed,128,4,0.0312,4.0,64,512,512,2048,560,412.064,562.24,404.674,-0.0492
mixed,128,4,0.0312,4.0,64,512,1024,4096,1120,472.067,764.708,489.154,0.0584
mixed,128,4,0.0312,4.0,64,512,2048,8192,2240,593.182,1151.907,676.611,0.1493
mixed,128,4,0.0312,4.0,64,512,4096,16384,4480,799.264,1948.933,1028.894,0.1997
mixed,128,4,0.0312,4.0,64,1024,128,512,140,372.831,424.13,379.553,0.131
mixed,128,4,0.0312,4.0,64,1024,256,1024,280,373.852,485.315,397.697,0.2139
mixed,128,4,0.0312,4.0,64,1024,512,2048,560,420.831,607.454,421.31,0.0026
mixed,128,4,0.0312,4.0,64,1024,1024,4096,1120,501.762,797.89,489.438,-0.0416
mixed,128,4,0.0312,4.0,64,1024,2048,8192,2240,621.28,1184.769,661.122,0.0707
mixed,128,4,0.0312,4.0,64,1024,4096,16384,4480,830.66,1946.469,1012.29,0.1628
mixed,128,4,0.0312,4.0,64,2048,128,512,140,399.456,415.039,402.204,0.1763
mixed,128,4,0.0312,4.0,64,2048,256,1024,280,411.458,504.321,411.876,0.0045
mixed,128,4,0.0312,4.0,64,2048,512,2048,560,418.689,657.278,454.627,0.1506
mixed,128,4,0.0312,4.0,64,2048,1024,4096,1120,506.018,855.295,504.866,-0.0033
mixed,128,4,0.0312,4.0,64,2048,2048,8192,2240,676.066,1254.213,659.778,-0.0282
mixed,128,4,0.0312,4.0,64,2048,4096,16384,4480,888.707,2033.57,1001.059,0.0981
mixed,128,4,0.0312,4.0,64,4096,128,512,140,428.448,481.088,439.201,0.2043
mixed,128,4,0.0312,4.0,64,4096,256,1024,280,454.724,502.948,456.703,0.041
mixed,128,4,0.0312,4.0,64,4096,512,2048,560,485.536,661.984,480.737,-0.0272
mixed,128,4,0.0312,4.0,64,4096,1024,4096,1120,512.481,978.564,581.638,0.1484
mixed,128,4,0.0312,4.0,64,4096,2048,8192,2240,680.896,1377.667,659.648,-0.0305
mixed,128,4,0.0312,4.0,64,4096,4096,16384,4480,1017.218,2148.579,981.279,-0.0318
mixed,128,4,0.0312,4.0,64,8192,128,512,140,519.075,531.391,514.721,-0.3535
mixed,128,4,0.0312,4.0,64,8192,256,1024,280,534.786,638.109,524.131,-0.1031
mixed,128,4,0.0312,4.0,64,8192,512,2048,560,537.12,664.93,535.396,-0.0135
mixed,128,4,0.0312,4.0,64,8192,1024,4096,1120,635.169,984.802,640.765,0.016
mixed,128,4,0.0312,4.0,64,8192,2048,8192,2240,693.728,1619.619,821.792,0.1383
mixed,128,4,0.0312,4.0,64,8192,4096,16384,4480,1030.562,2403.619,990.398,-0.0293
mixed,128,4,0.0312,4.0,128,0,128,512,140,309.184,397.634,352.772,0.4928
mixed,128,4,0.0312,4.0,128,0,256,1024,280,368.164,447.426,367.006,-0.0146
mixed,128,4,0.0312,4.0,128,0,512,2048,560,397.763,545.856,411.998,0.0961
mixed,128,4,0.0312,4.0,128,0,1024,4096,1120,455.555,742.911,505.535,0.1739
mixed,128,4,0.0312,4.0,128,0,2048,8192,2240,567.521,1149.089,693.312,0.2163
mixed,128,4,0.0312,4.0,128,0,4096,16384,4480,775.937,1927.268,1041.954,0.2311
mixed,128,4,0.0312,4.0,128,512,128,512,140,395.715,411.201,394.467,-0.0806
mixed,128,4,0.0312,4.0,128,512,256,1024,280,367.458,468.0,394.368,0.2676
mixed,128,4,0.0312,4.0,128,512,512,2048,560,418.4,574.336,414.976,-0.022
mixed,128,4,0.0312,4.0,128,512,1024,4096,1120,477.087,769.6,476.8,-0.001
mixed,128,4,0.0312,4.0,128,512,2048,8192,2240,586.623,1159.811,661.378,0.1304
mixed,128,4,0.0312,4.0,128,512,4096,16384,4480,800.642,1937.828,1016.801,0.1901
mixed,128,4,0.0312,4.0,128,1024,128,512,140,414.594,412.256,414.785,
mixed,128,4,0.0312,4.0,128,1024,256,1024,280,438.371,496.226,446.562,0.1416
mixed,128,4,0.0312,4.0,128,1024,512,2048,560,414.207,599.17,454.849,0.2197
mixed,128,4,0.0312,4.0,128,1024,1024,4096,1120,506.271,798.24,497.059,-0.0316
mixed,128,4,0.0312,4.0,128,1024,2048,8192,2240,623.874,1194.017,653.892,0.0526
mixed,128,4,0.0312,4.0,128,1024,4096,16384,4480,826.401,1975.558,1012.067,0.1616
mixed,128,4,0.0312,4.0,128,2048,128,512,140,454.719,501.662,452.446,-0.0484
mixed,128,4,0.0312,4.0,128,2048,256,1024,280,473.697,494.016,471.01,-0.1322
mixed,128,4,0.0312,4.0,128,2048,512,2048,560,510.145,655.525,540.832,0.2111
mixed,128,4,0.0312,4.0,128,2048,1024,4096,1120,504.128,856.257,574.849,0.2008
mixed,128,4,0.0312,4.0,128,2048,2048,8192,2240,676.351,1250.978,654.398,-0.0382
mixed,128,4,0.0312,4.0,128,2048,4096,16384,4480,888.382,2025.221,986.208,0.0861
mixed,128,4,0.0312,4.0,128,4096,128,512,140,536.126,577.861,534.848,-0.0306
mixed,128,4,0.0312,4.0,128,4096,256,1024,280,553.118,629.922,552.801,-0.0041
mixed,128,4,0.0312,4.0,128,4096,512,2048,560,582.462,657.124,580.385,-0.0278
mixed,128,4,0.0312,4.0,128,4096,1024,4096,1120,640.479,978.659,712.194,0.2121
mixed,128,4,0.0312,4.0,128,4096,2048,8192,2240,690.368,1375.617,817.569,0.1856
mixed,128,4,0.0312,4.0,128,4096,4096,16384,4480,1017.727,2153.472,977.342,-0.0356
mixed,128,4,0.0312,4.0,128,8192,128,512,140,697.06,733.921,690.976,-0.1651
mixed,128,4,0.0312,4.0,128,8192,256,1024,280,710.495,792.514,708.356,-0.0261
mixed,128,4,0.0312,4.0,128,8192,512,2048,560,742.719,885.443,740.899,-0.0128
mixed,128,4,0.0312,4.0,128,8192,1024,4096,1120,804.512,978.02,796.577,-0.0457
mixed,128,4,0.0312,4.0,128,8192,2048,8192,2240,902.4,1610.755,1042.917,0.1984
mixed,128,4,0.0312,4.0,128,8192,4096,16384,4480,1038.468,2405.794,1289.218,0.1834
mixed,128,4,0.0312,4.0,256,0,128,512,140,374.372,422.111,378.909,0.095
mixed,128,4,0.0312,4.0,256,0,256,1024,280,393.887,471.461,415.94,0.2843
mixed,128,4,0.0312,4.0,256,0,512,2048,560,422.213,570.048,503.267,0.5483
mixed,128,4,0.0312,4.0,256,0,1024,4096,1120,480.033,768.259,677.217,0.6841
mixed,128,4,0.0312,4.0,256,0,2048,8192,2240,589.727,1169.761,1013.635,0.7308
mixed,128,4,0.0312,4.0,256,0,4096,16384,4480,802.753,1977.763,1673.542,0.7411
mixed,128,4,0.0312,4.0,256,512,128,512,140,414.052,465.694,415.04,0.0191
mixed,128,4,0.0312,4.0,256,512,256,1024,280,432.866,522.53,436.643,0.0421
mixed,128,4,0.0312,4.0,256,512,512,2048,560,468.991,619.874,503.809,0.2308
mixed,128,4,0.0312,4.0,256,512,1024,4096,1120,528.96,814.5,674.847,0.5109
mixed,128,4,0.0312,4.0,256,512,2048,8192,2240,635.583,1211.974,1002.112,0.6359
mixed,128,4,0.0312,4.0,256,512,4096,16384,4480,848.482,1977.67,1665.286,0.7234
mixed,128,4,0.0312,4.0,256,1024,128,512,140,454.59,503.233,453.09,-0.0308
mixed,128,4,0.0312,4.0,256,1024,256,1024,280,473.343,558.625,472.449,-0.0105
mixed,128,4,0.0312,4.0,256,1024,512,2048,560,508.708,655.778,506.241,-0.0168
mixed,128,4,0.0312,4.0,256,1024,1024,4096,1120,565.859,851.65,677.41,0.3903
mixed,128,4,0.0312,4.0,256,1024,2048,8192,2240,672.384,1245.857,1003.107,0.5767
mixed,128,4,0.0312,4.0,256,1024,4096,16384,4480,886.661,2015.234,1661.476,0.6865
mixed,128,4,0.0312,4.0,256,2048,128,512,140,532.416,578.339,535.076,0.0579
mixed,128,4,0.0312,4.0,256,2048,256,1024,280,549.094,633.956,551.526,0.0287
mixed,128,4,0.0312,4.0,256,2048,512,2048,560,581.766,727.682,584.385,0.0179
mixed,128,4,0.0312,4.0,256,2048,1024,4096,1120,638.243,928.102,674.911,0.1265
mixed,128,4,0.0312,4.0,256,2048,2048,8192,2240,749.342,1316.225,999.426,0.4412
mixed,128,4,0.0312,4.0,256,2048,4096,16384,4480,961.246,2094.022,1660.964,0.6177
mixed,128,4,0.0312,4.0,256,4096,128,512,140,685.794,729.923,684.002,-0.0406
mixed,128,4,0.0312,4.0,256,4096,256,1024,280,700.13,786.69,698.691,-0.0166
mixed,128,4,0.0312,4.0,256,4096,512,2048,560,734.084,880.385,736.001,0.0131
mixed,128,4,0.0312,4.0,256,4096,1024,4096,1120,793.187,1081.791,792.03,-0.004
mixed,128,4,0.0312,4.0,256,4096,2048,8192,2240,900.447,1469.411,1007.01,0.1873
mixed,128,4,0.0312,4.0,256,4096,4096,16384,4480,1106.021,2246.023,1662.722,0.4883
mixed,128,4,0.0312,4.0,256,8192,128,512,140,983.522,1026.847,983.872,0.0081
mixed,128,4,0.0312,4.0,256,8192,256,1024,280,1000.163,1080.579,998.431,-0.0215
mixed,128,4,0.0312,4.0,256,8192,512,2048,560,1028.837,1182.402,1031.522,0.0175
mixed,128,4,0.0312,4.0,256,8192,1024,4096,1120,1085.476,1369.727,1088.642,0.0111
mixed,128,4,0.0312,4.0,256,8192,2048,8192,2240,1193.35,1768.608,1191.167,-0.0038
mixed,128,4,0.0312,4.0,256,8192,4096,16384,4480,1405.312,2539.303,1661.636,0.226
mixed,128,4,0.0312,4.0,512,0,128,512,140,541.538,587.65,540.382,-0.0251
mixed,128,4,0.0312,4.0,512,0,256,1024,280,560.381,645.119,556.643,-0.0441
mixed,128,4,0.0312,4.0,512,0,512,2048,560,589.152,741.511,629.568,0.2653
mixed,128,4,0.0312,4.0,512,0,1024,4096,1120,655.904,933.411,804.45,0.5353
mixed,128,4,0.0312,4.0,512,0,2048,8192,2240,759.965,1317.697,1138.048,0.6779
mixed,128,4,0.0312,4.0,512,0,4096,16384,4480,966.496,2096.902,1806.081,0.7427
mixed,128,4,0.0312,4.0,512,512,128,512,140,617.438,671.458,622.402,0.0919
mixed,128,4,0.0312,4.0,512,512,256,1024,280,636.994,720.707,640.799,0.0455
mixed,128,4,0.0312,4.0,512,512,512,2048,560,672.414,820.513,724.127,0.3492
mixed,128,4,0.0312,4.0,512,512,1024,4096,1120,735.171,1020.032,889.539,0.5419
mixed,128,4,0.0312,4.0,512,512,2048,8192,2240,838.238,1417.702,1222.881,0.6638
mixed,128,4,0.0312,4.0,512,512,4096,16384,4480,1051.97,2192.231,1875.588,0.7223
mixed,128,4,0.0312,4.0,512,1024,128,512,140,696.961,743.01,695.333,-0.0354
mixed,128,4,0.0312,4.0,512,1024,256,1024,280,714.438,796.514,715.394,0.0116
mixed,128,4,0.0312,4.0,512,1024,512,2048,560,745.122,893.698,760.707,0.1049
mixed,128,4,0.0312,4.0,512,1024,1024,4096,1120,806.209,1094.146,926.081,0.4163
mixed,128,4,0.0312,4.0,512,1024,2048,8192,2240,912.443,1486.021,1257.571,0.6017
mixed,128,4,0.0312,4.0,512,1024,4096,16384,4480,1124.295,2253.414,1921.989,0.7065
mixed,128,4,0.0312,4.0,512,2048,128,512,140,856.579,896.866,850.4,-0.1534
mixed,128,4,0.0312,4.0,512,2048,256,1024,280,870.753,948.51,869.186,-0.0202
mixed,128,4,0.0312,4.0,512,2048,512,2048,560,899.488,1043.905,903.681,0.029
mixed,128,4,0.0312,4.0,512,2048,1024,4096,1120,956.324,1245.063,1005.634,0.1708
mixed,128,4,0.0312,4.0,512,2048,2048,8192,2240,1058.785,1636.196,1335.972,0.4801
mixed,128,4,0.0312,4.0,512,2048,4096,16384,4480,1271.872,2412.359,1993.54,0.6328
mixed,128,4,0.0312,4.0,512,4096,128,512,140,1149.793,1194.179,1150.275,0.0109
mixed,128,4,0.0312,4.0,512,4096,256,1024,280,1163.362,1236.837,1165.986,0.0357
mixed,128,4,0.0312,4.0,512,4096,512,2048,560,1195.617,1338.24,1191.271,-0.0305
mixed,128,4,0.0312,4.0,512,4096,1024,4096,1120,1243.974,1539.844,1243.425,-0.0019
mixed,128,4,0.0312,4.0,512,4096,2048,8192,2240,1357.38,1936.225,1481.314,0.2141
mixed,128,4,0.0312,4.0,512,4096,4096,16384,4480,1564.577,2707.146,2140.962,0.5045
mixed,128,4,0.0312,4.0,512,8192,128,512,140,1741.601,1792.255,1745.221,0.0715
mixed,128,4,0.0312,4.0,512,8192,256,1024,280,1739.175,1839.141,1757.156,0.1799
mixed,128,4,0.0312,4.0,512,8192,512,2048,560,1793.957,1938.501,1789.057,-0.0339
mixed,128,4,0.0312,4.0,512,8192,1024,4096,1120,1846.149,2129.928,1838.819,-0.0258
mixed,128,4,0.0312,4.0,512,8192,2048,8192,2240,1945.033,2524.998,1942.467,-0.0044
mixed,128,4,0.0312,4.0,512,8192,4096,16384,4480,2160.07,3301.929,2433.957,0.2399
mixed,128,4,0.0312,4.0,1024,0,128,512,140,868.415,916.741,893.575,0.5206
mixed,128,4,0.0312,4.0,1024,0,256,1024,280,894.335,971.876,919.423,0.3235
mixed,128,4,0.0312,4.0,1024,0,512,2048,560,918.691,1069.571,981.665,0.4174
mixed,128,4,0.0312,4.0,1024,0,1024,4096,1120,978.241,1266.053,1055.839,0.2696
mixed,128,4,0.0312,4.0,1024,0,2048,8192,2240,1086.663,1683.238,1230.152,0.2405
mixed,128,4,0.0312,4.0,1024,0,4096,16384,4480,1298.822,2503.461,1586.434,0.2388
mixed,128,4,0.0312,4.0,1024,512,128,512,140,1034.082,1083.009,1056.648,0.4612
mixed,128,4,0.0312,4.0,1024,512,256,1024,280,1053.541,1130.591,1088.644,0.4556
mixed,128,4,0.0312,4.0,1024,512,512,2048,560,1085.95,1228.869,1133.255,0.331
mixed,128,4,0.0312,4.0,1024,512,1024,4096,1120,1137.925,1428.131,1221.025,0.2863
mixed,128,4,0.0312,4.0,1024,512,2048,8192,2240,1245.057,1842.276,1396.613,0.2538
mixed,128,4,0.0312,4.0,1024,512,4096,16384,4480,1457.639,2677.51,1748.998,0.2388
mixed,128,4,0.0312,4.0,1024,1024,128,512,140,1107.43,1158.085,1139.809,0.6392
mixed,128,4,0.0312,4.0,1024,1024,256,1024,280,1128.578,1200.677,1163.941,0.4905
mixed,128,4,0.0312,4.0,1024,1024,512,2048,560,1159.424,1306.179,1207.749,0.3293
mixed,128,4,0.0312,4.0,1024,1024,1024,4096,1120,1213.062,1502.721,1296.869,0.2893
mixed,128,4,0.0312,4.0,1024,1024,2048,8192,2240,1320.453,1922.471,1470.656,0.2495
mixed,128,4,0.0312,4.0,1024,1024,4096,16384,4480,1545.092,2734.722,1827.144,0.2371
mixed,128,4,0.0312,4.0,1024,2048,128,512,140,1259.653,1308.739,1287.682,0.571
mixed,128,4,0.0312,4.0,1024,2048,256,1024,280,1286.6,1361.631,1315.718,0.3881
mixed,128,4,0.0312,4.0,1024,2048,512,2048,560,1311.427,1467.842,1360.127,0.3114
mixed,128,4,0.0312,4.0,1024,2048,1024,4096,1120,1368.159,1656.896,1446.116,0.27
mixed,128,4,0.0312,4.0,1024,2048,2048,8192,2240,1475.328,2056.674,1629.862,0.2658
mixed,128,4,0.0312,4.0,1024,2048,4096,16384,4480,1685.921,2847.875,1980.033,0.2531
mixed,128,4,0.0312,4.0,1024,4096,128,512,140,1589.893,1636.997,1623.945,0.7229
mixed,128,4,0.0312,4.0,1024,4096,256,1024,280,1608.417,1690.825,1639.746,0.3802
mixed,128,4,0.0312,4.0,1024,4096,512,2048,560,1639.876,1792.838,1681.991,0.2753
mixed,128,4,0.0312,4.0,1024,4096,1024,4096,1120,1690.533,1983.43,1774.213,0.2857
mixed,128,4,0.0312,4.0,1024,4096,2048,8192,2240,1808.673,2375.403,1960.256,0.2675
mixed,128,4,0.0312,4.0,1024,4096,4096,16384,4480,2020.452,3162.632,2304.963,0.2491
mixed,128,4,0.0312,4.0,1024,8192,128,512,140,2219.591,2264.422,2237.058,0.3896
mixed,128,4,0.0312,4.0,1024,8192,256,1024,280,2227.141,2311.626,2270.664,0.5152
mixed,128,4,0.0312,4.0,1024,8192,512,2048,560,2260.674,2417.735,2303.297,0.2714
mixed,128,4,0.0312,4.0,1024,8192,1024,4096,1120,2321.187,2604.993,2398.087,0.271
mixed,128,4,0.0312,4.0,1024,8192,2048,8192,2240,2425.834,3000.262,2566.375,0.2447
mixed,128,4,0.0312,4.0,1024,8192,4096,16384,4480,2642.789,3786.756,2927.013,0.2485
mixed,128,4,0.0312,4.0,2048,0,128,512,140,1549.858,1601.921,1571.65,0.4186
mixed,128,4,0.0312,4.0,2048,0,256,1024,280,1570.951,1662.404,1601.123,0.3299
mixed,128,4,0.0312,4.0,2048,0,512,2048,560,1611.042,1750.403,1647.496,0.2616
mixed,128,4,0.0312,4.0,2048,0,1024,4096,1120,1659.81,1939.14,1744.9,0.3046
mixed,128,4,0.0312,4.0,2048,0,2048,8192,2240,1769.57,2348.197,1920.202,0.2603
mixed,128,4,0.0312,4.0,2048,0,4096,16384,4480,1988.095,3128.007,2272.805,0.2498
mixed,128,4,0.0312,4.0,2048,512,128,512,140,1777.476,1820.674,1794.95,0.4045
mixed,128,4,0.0312,4.0,2048,512,256,1024,280,1790.695,1871.682,1825.631,0.4314
mixed,128,4,0.0312,4.0,2048,512,512,2048,560,1824.289,1966.818,1869.695,0.3186
mixed,128,4,0.0312,4.0,2048,512,1024,4096,1120,1876.417,2161.607,1960.65,0.2954
mixed,128,4,0.0312,4.0,2048,512,2048,8192,2240,1987.495,2572.839,2135.909,0.2536
mixed,128,4,0.0312,4.0,2048,512,4096,16384,4480,2192.483,3401.35,2490.43,0.2465
mixed,128,4,0.0312,4.0,2048,1024,128,512,140,1889.961,1938.756,1921.23,0.6408
mixed,128,4,0.0312,4.0,2048,1024,256,1024,280,1907.079,1985.83,1939.172,0.4075
mixed,128,4,0.0312,4.0,2048,1024,512,2048,560,1944.067,2093.092,1976.128,0.2151
mixed,128,4,0.0312,4.0,2048,1024,1024,4096,1120,1989.575,2277.897,2074.022,0.2929
mixed,128,4,0.0312,4.0,2048,1024,2048,8192,2240,2101.637,2686.916,2258.797,0.2685
mixed,128,4,0.0312,4.0,2048,1024,4096,16384,4480,2307.527,3506.562,2591.141,0.2365
mixed,128,4,0.0312,4.0,2048,2048,128,512,140,2118.181,2166.462,2154.275,0.7476
mixed,128,4,0.0312,4.0,2048,2048,256,1024,280,2142.629,2218.465,2168.708,0.3439
mixed,128,4,0.0312,4.0,2048,2048,512,2048,560,2168.384,2315.3,2209.927,0.2828
mixed,128,4,0.0312,4.0,2048,2048,1024,4096,1120,2229.222,2505.952,2301.953,0.2628
mixed,128,4,0.0312,4.0,2048,2048,2048,8192,2240,2337.733,2915.334,2480.58,0.2473
mixed,128,4,0.0312,4.0,2048,2048,4096,16384,4480,2537.0,3702.12,2837.322,0.2578
mixed,128,4,0.0312,4.0,2048,4096,128,512,140,2581.541,2637.222,2614.341,0.5891
mixed,128,4,0.0312,4.0,2048,4096,256,1024,280,2601.354,2680.833,2640.452,0.4919
mixed,128,4,0.0312,4.0,2048,4096,512,2048,560,2633.029,2778.662,2685.795,0.3623
mixed,128,4,0.0312,4.0,2048,4096,1024,4096,1120,2694.057,2971.819,2761.48,0.2427
mixed,128,4,0.0312,4.0,2048,4096,2048,8192,2240,2795.145,3355.115,2946.852,0.2709
mixed,128,4,0.0312,4.0,2048,4096,4096,16384,4480,3017.992,4154.955,3289.443,0.2388
mixed,128,4,0.0312,4.0,2048,8192,128,512,140,3472.204,3513.224,3496.549,0.5935
mixed,128,4,0.0312,4.0,2048,8192,256,1024,280,3490.702,3565.769,3525.508,0.4637
mixed,128,4,0.0312,4.0,2048,8192,512,2048,560,3527.275,3666.571,3570.343,0.3092
mixed,128,4,0.0312,4.0,2048,8192,1024,4096,1120,3579.211,3857.223,3674.985,0.3445
mixed,128,4,0.0312,4.0,2048,8192,2048,8192,2240,3710.579,4268.647,3832.393,0.2183
mixed,128,4,0.0312,4.0,2048,8192,4096,16384,4480,3913.255,5042.248,4202.445,0.2561
pure,128,8,0.0625,4.0,0,0,128,512,152,242.046,310.531,295.714,0.7836
pure,128,8,0.0625,4.0,0,0,256,1024,304,288.0,361.122,320.542,0.445
pure,128,8,0.0625,4.0,0,0,512,2048,608,316.193,462.084,364.997,0.3345
pure,128,8,0.0625,4.0,0,0,1024,4096,1216,379.395,660.228,458.37,0.2812
pure,128,8,0.0625,4.0,0,0,2048,8192,2432,499.429,1053.886,638.369,0.2506
pure,128,8,0.0625,4.0,0,0,4096,16384,4864,730.782,1835.523,984.998,0.2301
mixed,128,8,0.0625,4.0,16,0,128,512,152,274.077,334.914,316.575,0.6986
mixed,128,8,0.0625,4.0,16,0,256,1024,304,305.442,381.763,344.065,0.5061
mixed,128,8,0.0625,4.0,16,0,512,2048,608,341.38,482.274,390.24,0.3468
mixed,128,8,0.0625,4.0,16,0,1024,4096,1216,401.632,680.449,476.8,0.2696
mixed,128,8,0.0625,4.0,16,0,2048,8192,2432,519.006,1084.288,658.336,0.2465
mixed,128,8,0.0625,4.0,16,0,4096,16384,4864,754.24,1855.938,1008.352,0.2307
mixed,128,8,0.0625,4.0,16,512,128,512,152,327.904,381.278,321.409,-0.1217
mixed,128,8,0.0625,4.0,16,512,256,1024,304,346.624,446.533,348.83,0.0221
mixed,128,8,0.0625,4.0,16,512,512,2048,608,401.09,552.544,390.724,-0.0684
mixed,128,8,0.0625,4.0,16,512,1024,4096,1216,468.13,744.099,472.483,0.0158
mixed,128,8,0.0625,4.0,16,512,2048,8192,2432,589.284,1116.417,649.827,0.1149
mixed,128,8,0.0625,4.0,16,512,4096,16384,4864,811.236,1878.343,1003.073,0.1798
mixed,128,8,0.0625,4.0,16,1024,128,512,152,324.801,389.92,323.746,-0.0162
mixed,128,8,0.0625,4.0,16,1024,256,1024,304,354.526,470.624,344.453,-0.0868
mixed,128,8,0.0625,4.0,16,1024,512,2048,608,400.895,590.56,394.304,-0.0348
mixed,128,8,0.0625,4.0,16,1024,1024,4096,1216,504.607,778.117,472.994,-0.1156
mixed,128,8,0.0625,4.0,16,1024,2048,8192,2432,623.356,1157.859,649.282,0.0485
mixed,128,8,0.0625,4.0,16,1024,4096,16384,4864,852.64,1911.718,996.61,0.1359
mixed,128,8,0.0625,4.0,16,2048,128,512,152,322.21,385.381,323.683,0.0233
mixed,128,8,0.0625,4.0,16,2048,256,1024,304,348.387,480.898,344.995,-0.0256
mixed,128,8,0.0625,4.0,16,2048,512,2048,608,402.275,642.143,389.184,-0.0546
mixed,128,8,0.0625,4.0,16,2048,1024,4096,1216,504.255,856.197,476.9,-0.0777
mixed,128,8,0.0625,4.0,16,2048,2048,8192,2432,695.813,1229.767,647.875,-0.0898
mixed,128,8,0.0625,4.0,16,2048,4096,16384,4864,916.323,1986.565,999.14,0.0774
mixed,128,8,0.0625,4.0,16,4096,128,512,152,334.212,384.866,360.032,0.5097
mixed,128,8,0.0625,4.0,16,4096,256,1024,304,355.423,469.763,350.85,-0.04
mixed,128,8,0.0625,4.0,16,4096,512,2048,608,396.417,652.16,391.971,-0.0174
mixed,128,8,0.0625,4.0,16,4096,1024,4096,1216,507.844,983.421,475.265,-0.0685
mixed,128,8,0.0625,4.0,16,4096,2048,8192,2432,696.96,1374.911,654.689,-0.0624
mixed,128,8,0.0625,4.0,16,4096,4096,16384,4864,1068.19,2135.107,984.004,-0.0789
mixed,128,8,0.0625,4.0,16,8192,128,512,152,361.956,390.113,359.806,-0.0764
mixed,128,8,0.0625,4.0,16,8192,256,1024,304,393.122,471.744,377.952,-0.1929
mixed,128,8,0.0625,4.0,16,8192,512,2048,608,404.131,635.842,395.265,-0.0383
mixed,128,8,0.0625,4.0,16,8192,1024,4096,1216,500.55,982.788,476.608,-0.0496
mixed,128,8,0.0625,4.0,16,8192,2048,8192,2432,699.458,1660.803,645.507,-0.0561
mixed,128,8,0.0625,4.0,16,8192,4096,16384,4864,1065.795,2439.717,984.26,-0.0593
mixed,128,8,0.0625,4.0,32,0,128,512,152,291.552,354.4,331.493,0.6355
mixed,128,8,0.0625,4.0,32,0,256,1024,304,332.802,396.257,360.865,0.4423
mixed,128,8,0.0625,4.0,32,0,512,2048,608,367.169,497.731,399.039,0.2441
mixed,128,8,0.0625,4.0,32,0,1024,4096,1216,415.872,694.595,493.57,0.2788
mixed,128,8,0.0625,4.0,32,0,2048,8192,2432,533.475,1091.362,666.435,0.2383
mixed,128,8,0.0625,4.0,32,0,4096,16384,4864,768.354,1868.517,1019.333,0.2281
mixed,128,8,0.0625,4.0,32,512,128,512,152,331.552,392.127,331.489,-0.001
mixed,128,8,0.0625,4.0,32,512,256,1024,304,361.919,449.539,359.169,-0.0314
mixed,128,8,0.0625,4.0,32,512,512,2048,608,407.454,559.071,393.473,-0.0922
mixed,128,8,0.0625,4.0,32,512,1024,4096,1216,474.657,754.689,483.011,0.0298
mixed,128,8,0.0625,4.0,32,512,2048,8192,2432,586.207,1129.73,660.481,0.1367
mixed,128,8,0.0625,4.0,32,512,4096,16384,4864,821.821,1889.569,1014.144,0.1801
mixed,128,8,0.0625,4.0,32,1024,128,512,152,331.842,400.448,336.196,0.0635
mixed,128,8,0.0625,4.0,32,1024,256,1024,304,367.106,473.856,357.663,-0.0885
mixed,128,8,0.0625,4.0,32,1024,512,2048,608,412.771,586.625,404.929,-0.0451
mixed,128,8,0.0625,4.0,32,1024,1024,4096,1216,505.059,773.858,481.379,-0.0881
mixed,128,8,0.0625,4.0,32,1024,2048,8192,2432,617.058,1158.368,659.234,0.0779
mixed,128,8,0.0625,4.0,32,1024,4096,16384,4864,851.491,1945.024,1007.745,0.1429
mixed,128,8,0.0625,4.0,32,2048,128,512,152,363.808,397.505,368.132,0.1283
mixed,128,8,0.0625,4.0,32,2048,256,1024,304,365.596,485.408,352.997,-0.1052
mixed,128,8,0.0625,4.0,32,2048,512,2048,608,408.351,648.382,408.323,-0.0001
mixed,128,8,0.0625,4.0,32,2048,1024,4096,1216,512.896,845.408,488.673,-0.0728
mixed,128,8,0.0625,4.0,32,2048,2048,8192,2432,692.673,1226.018,648.16,-0.0835
mixed,128,8,0.0625,4.0,32,2048,4096,16384,4864,924.992,1997.317,995.493,0.0657
mixed,128,8,0.0625,4.0,32,4096,128,512,152,386.884,401.796,367.615,-1.2922
mixed,128,8,0.0625,4.0,32,4096,256,1024,304,404.318,476.419,406.143,0.0253
mixed,128,8,0.0625,4.0,32,4096,512,2048,608,415.967,653.732,441.504,0.1074
mixed,128,8,0.0625,4.0,32,4096,1024,4096,1216,510.785,977.508,483.681,-0.0581
mixed,128,8,0.0625,4.0,32,4096,2048,8192,2432,705.665,1362.981,657.023,-0.074
mixed,128,8,0.0625,4.0,32,4096,4096,16384,4864,1057.537,2136.066,979.046,-0.0728
mixed,128,8,0.0625,4.0,32,8192,128,512,152,432.894,455.039,435.2,0.1041
mixed,128,8,0.0625,4.0,32,8192,256,1024,304,439.556,485.347,434.466,-0.1112
mixed,128,8,0.0625,4.0,32,8192,512,2048,608,474.752,638.337,461.376,-0.0818
mixed,128,8,0.0625,4.0,32,8192,1024,4096,1216,517.796,976.579,571.645,0.1174
mixed,128,8,0.0625,4.0,32,8192,2048,8192,2432,705.761,1634.595,655.422,-0.0542
mixed,128,8,0.0625,4.0,32,8192,4096,16384,4864,1059.971,2419.462,987.269,-0.0535
mixed,128,8,0.0625,4.0,64,0,128,512,152,295.903,371.778,340.994,0.5943
mixed,128,8,0.0625,4.0,64,0,256,1024,304,355.235,432.29,367.81,0.1632
mixed,128,8,0.0625,4.0,64,0,512,2048,608,390.848,512.706,419.426,0.2345
mixed,128,8,0.0625,4.0,64,0,1024,4096,1216,452.866,719.813,504.189,0.1923
mixed,128,8,0.0625,4.0,64,0,2048,8192,2432,557.026,1112.227,690.37,0.2402
mixed,128,8,0.0625,4.0,64,0,4096,16384,4864,795.492,1897.924,1037.861,0.2198
mixed,128,8,0.0625,4.0,64,512,128,512,152,351.969,398.305,360.356,0.181
mixed,128,8,0.0625,4.0,64,512,256,1024,304,381.056,469.088,362.237,-0.2138
mixed,128,8,0.0625,4.0,64,512,512,2048,608,418.338,577.47,404.64,-0.0861
mixed,128,8,0.0625,4.0,64,512,1024,4096,1216,487.84,770.177,484.032,-0.0135
mixed,128,8,0.0625,4.0,64,512,2048,8192,2432,609.055,1152.643,667.327,0.1072
mixed,128,8,0.0625,4.0,64,512,4096,16384,4864,828.354,1947.205,1028.896,0.1792
mixed,128,8,0.0625,4.0,64,1024,128,512,152,379.135,422.686,360.446,-0.4291
mixed,128,8,0.0625,4.0,64,1024,256,1024,304,373.409,496.927,397.183,0.1925
mixed,128,8,0.0625,4.0,64,1024,512,2048,608,429.15,605.728,429.729,0.0033
mixed,128,8,0.0625,4.0,64,1024,1024,4096,1216,512.546,796.483,490.562,-0.0774
mixed,128,8,0.0625,4.0,64,1024,2048,8192,2432,639.235,1192.643,667.172,0.0505
mixed,128,8,0.0625,4.0,64,1024,4096,16384,4864,870.659,1970.467,1020.292,0.1361
mixed,128,8,0.0625,4.0,64,2048,128,512,152,397.919,420.322,402.208,0.1914
mixed,128,8,0.0625,4.0,64,2048,256,1024,304,416.287,504.832,411.745,-0.0513
mixed,128,8,0.0625,4.0,64,2048,512,2048,608,435.135,648.511,461.346,0.1228
mixed,128,8,0.0625,4.0,64,2048,1024,4096,1216,533.123,854.014,517.47,-0.0488
mixed,128,8,0.0625,4.0,64,2048,2048,8192,2432,696.258,1256.39,660.131,-0.0645
mixed,128,8,0.0625,4.0,64,2048,4096,16384,4864,933.537,2037.86,1006.855,0.0664
mixed,128,8,0.0625,4.0,64,4096,128,512,152,431.875,474.561,431.999,0.0029
mixed,128,8,0.0625,4.0,64,4096,256,1024,304,456.799,495.427,456.8,0.0
mixed,128,8,0.0625,4.0,64,4096,512,2048,608,501.347,660.32,496.868,-0.0282
mixed,128,8,0.0625,4.0,64,4096,1024,4096,1216,527.071,971.711,584.037,0.1281
mixed,128,8,0.0625,4.0,64,4096,2048,8192,2432,703.039,1375.363,675.199,-0.0414
mixed,128,8,0.0625,4.0,64,4096,4096,16384,4864,1057.698,2154.117,986.306,-0.0651
mixed,128,8,0.0625,4.0,64,8192,128,512,152,521.508,538.05,512.133,-0.5667
mixed,128,8,0.0625,4.0,64,8192,256,1024,304,532.064,637.857,533.95,0.0178
mixed,128,8,0.0625,4.0,64,8192,512,2048,608,556.001,657.888,539.171,-0.1652
mixed,128,8,0.0625,4.0,64,8192,1024,4096,1216,656.93,983.044,648.515,-0.0258
mixed,128,8,0.0625,4.0,64,8192,2048,8192,2432,724.737,1614.596,819.007,0.1059
mixed,128,8,0.0625,4.0,64,8192,4096,16384,4864,1076.708,2400.581,1008.483,-0.0515
mixed,128,8,0.0625,4.0,128,0,128,512,152,309.441,393.318,351.46,0.501
mixed,128,8,0.0625,4.0,128,0,256,1024,304,370.53,446.876,377.091,0.0859
mixed,128,8,0.0625,4.0,128,0,512,2048,608,401.345,545.729,426.591,0.1749
mixed,128,8,0.0625,4.0,128,0,1024,4096,1216,467.874,742.307,519.775,0.1891
mixed,128,8,0.0625,4.0,128,0,2048,8192,2432,582.593,1150.083,696.321,0.2004
mixed,128,8,0.0625,4.0,128,0,4096,16384,4864,810.686,1924.034,1047.971,0.2131
mixed,128,8,0.0625,4.0,128,512,128,512,152,399.136,414.851,415.394,1.0346
mixed,128,8,0.0625,4.0,128,512,256,1024,304,372.896,466.849,391.138,0.1942
mixed,128,8,0.0625,4.0,128,512,512,2048,608,421.247,572.159,415.969,-0.035
mixed,128,8,0.0625,4.0,128,512,1024,4096,1216,492.096,772.674,506.62,0.0518
mixed,128,8,0.0625,4.0,128,512,2048,8192,2432,609.314,1162.563,683.652,0.1344
mixed,128,8,0.0625,4.0,128,512,4096,16384,4864,837.636,1941.541,1040.703,0.184
mixed,128,8,0.0625,4.0,128,1024,128,512,152,415.008,408.929,436.765,
mixed,128,8,0.0625,4.0,128,1024,256,1024,304,439.265,496.607,451.393,0.2115
mixed,128,8,0.0625,4.0,128,1024,512,2048,608,421.825,601.251,452.454,0.1707
mixed,128,8,0.0625,4.0,128,1024,1024,4096,1216,513.858,803.075,497.092,-0.058
mixed,128,8,0.0625,4.0,128,1024,2048,8192,2432,636.195,1192.835,675.937,0.0714
mixed,128,8,0.0625,4.0,128,1024,4096,16384,4864,870.27,1972.612,1026.531,0.1418
mixed,128,8,0.0625,4.0,128,2048,128,512,152,457.088,500.864,453.122,-0.0906
mixed,128,8,0.0625,4.0,128,2048,256,1024,304,475.237,494.369,519.68,2.323
mixed,128,8,0.0625,4.0,128,2048,512,2048,608,515.072,660.708,542.786,0.1903
mixed,128,8,0.0625,4.0,128,2048,1024,4096,1216,526.691,853.891,575.97,0.1506
mixed,128,8,0.0625,4.0,128,2048,2048,8192,2432,695.231,1242.817,659.46,-0.0653
mixed,128,8,0.0625,4.0,128,2048,4096,16384,4864,928.323,2032.551,1006.818,0.0711
mixed,128,8,0.0625,4.0,128,4096,128,512,152,536.32,575.522,533.731,-0.066
mixed,128,8,0.0625,4.0,128,4096,256,1024,304,555.394,636.706,550.622,-0.0587
mixed,128,8,0.0625,4.0,128,4096,512,2048,608,589.188,660.962,687.551,1.3705
mixed,128,8,0.0625,4.0,128,4096,1024,4096,1216,654.751,981.118,713.312,0.1794
mixed,128,8,0.0625,4.0,128,4096,2048,8192,2432,724.61,1379.683,817.986,0.1425
mixed,128,8,0.0625,4.0,128,4096,4096,16384,4864,1053.699,2157.893,985.026,-0.0622
mixed,128,8,0.0625,4.0,128,8192,128,512,152,696.033,735.618,698.978,0.0744
mixed,128,8,0.0625,4.0,128,8192,256,1024,304,709.251,789.059,708.832,-0.0053
mixed,128,8,0.0625,4.0,128,8192,512,2048,608,747.552,891.616,741.346,-0.0431
mixed,128,8,0.0625,4.0,128,8192,1024,4096,1216,816.096,979.268,1016.643,1.2291
mixed,128,8,0.0625,4.0,128,8192,2048,8192,2432,923.745,1605.988,1059.17,0.1985
mixed,128,8,0.0625,4.0,128,8192,4096,16384,4864,1098.624,2403.331,1292.417,0.1485
mixed,128,8,0.0625,4.0,256,0,128,512,152,376.926,421.221,377.218,0.0066
mixed,128,8,0.0625,4.0,256,0,256,1024,304,395.233,472.931,417.442,0.2858
mixed,128,8,0.0625,4.0,256,0,512,2048,608,430.304,569.187,507.201,0.5537
mixed,128,8,0.0625,4.0,256,0,1024,4096,1216,490.657,765.697,681.54,0.694
mixed,128,8,0.0625,4.0,256,0,2048,8192,2432,608.191,1169.668,1015.522,0.7255
mixed,128,8,0.0625,4.0,256,0,4096,16384,4864,837.024,1985.22,1672.771,0.7279
mixed,128,8,0.0625,4.0,256,512,128,512,152,416.611,467.201,426.527,0.196
mixed,128,8,0.0625,4.0,256,512,256,1024,304,435.748,521.538,472.93,0.4334
mixed,128,8,0.0625,4.0,256,512,512,2048,608,476.353,621.888,562.175,0.5897
mixed,128,8,0.0625,4.0,256,512,1024,4096,1216,539.075,814.914,732.384,0.7008
mixed,128,8,0.0625,4.0,256,512,2048,8192,2432,662.98,1208.579,1061.564,0.7305
mixed,128,8,0.0625,4.0,256,512,4096,16384,4864,887.457,1983.846,1717.411,0.757
mixed,128,8,0.0625,4.0,256,1024,128,512,152,453.311,504.353,454.337,0.0201
mixed,128,8,0.0625,4.0,256,1024,256,1024,304,477.088,561.217,510.721,0.3998
mixed,128,8,0.0625,4.0,256,1024,512,2048,608,513.38,658.466,603.17,0.6189
mixed,128,8,0.0625,4.0,256,1024,1024,4096,1216,579.264,852.321,768.931,0.6946
mixed,128,8,0.0625,4.0,256,1024,2048,8192,2432,692.993,1252.034,1094.304,0.7179
mixed,128,8,0.0625,4.0,256,1024,4096,16384,4864,919.264,2015.303,1752.452,0.7602
mixed,128,8,0.0625,4.0,256,2048,128,512,152,532.706,580.961,532.614,-0.0019
mixed,128,8,0.0625,4.0,256,2048,256,1024,304,550.048,631.967,546.016,-0.0492
mixed,128,8,0.0625,4.0,256,2048,512,2048,608,590.24,727.648,672.831,0.6011
mixed,128,8,0.0625,4.0,256,2048,1024,4096,1216,652.9,922.372,847.745,0.7231
mixed,128,8,0.0625,4.0,256,2048,2048,8192,2432,763.202,1317.377,1171.715,0.7372
mixed,128,8,0.0625,4.0,256,2048,4096,16384,4864,993.603,2091.202,1826.18,0.7585
mixed,128,8,0.0625,4.0,256,4096,128,512,152,685.793,733.697,685.443,-0.0073
mixed,128,8,0.0625,4.0,256,4096,256,1024,304,702.048,786.591,704.581,0.03
mixed,128,8,0.0625,4.0,256,4096,512,2048,608,740.479,888.002,741.153,0.0046
mixed,128,8,0.0625,4.0,256,4096,1024,4096,1216,802.273,1075.521,1000.195,0.7243
mixed,128,8,0.0625,4.0,256,4096,2048,8192,2432,916.579,1469.38,1330.565,0.7489
mixed,128,8,0.0625,4.0,256,4096,4096,16384,4864,1150.372,2248.357,1977.859,0.7536
mixed,128,8,0.0625,4.0,256,8192,128,512,152,988.547,1026.213,984.994,-0.0943
mixed,128,8,0.0625,4.0,256,8192,256,1024,304,998.598,1084.068,1002.051,0.0404
mixed,128,8,0.0625,4.0,256,8192,512,2048,608,1032.87,1178.339,1034.309,0.0099
mixed,128,8,0.0625,4.0,256,8192,1024,4096,1216,1101.89,1375.299,1087.938,-0.051
mixed,128,8,0.0625,4.0,256,8192,2048,8192,2432,1215.077,1763.939,1625.566,0.7479
mixed,128,8,0.0625,4.0,256,8192,4096,16384,4864,1438.178,2531.333,2287.878,0.7773
mixed,128,8,0.0625,4.0,512,0,128,512,152,542.146,587.332,538.56,-0.0794
mixed,128,8,0.0625,4.0,512,0,256,1024,304,560.482,640.771,558.656,-0.0227
mixed,128,8,0.0625,4.0,512,0,512,2048,608,602.049,744.48,631.49,0.2067
mixed,128,8,0.0625,4.0,512,0,1024,4096,1216,663.619,938.435,808.871,0.5285
mixed,128,8,0.0625,4.0,512,0,2048,8192,2432,779.491,1318.338,1140.163,0.6693
mixed,128,8,0.0625,4.0,512,0,4096,16384,4864,1006.24,2096.42,1803.239,0.7311
mixed,128,8,0.0625,4.0,512,512,128,512,152,620.93,673.152,616.258,-0.0895
mixed,128,8,0.0625,4.0,512,512,256,1024,304,644.286,722.686,641.728,-0.0326
mixed,128,8,0.0625,4.0,512,512,512,2048,608,681.889,822.884,721.7,0.2824
mixed,128,8,0.0625,4.0,512,512,1024,4096,1216,743.263,1017.631,892.996,0.5457
mixed,128,8,0.0625,4.0,512,512,2048,8192,2432,855.78,1412.389,1222.082,0.6581
mixed,128,8,0.0625,4.0,512,512,4096,16384,4864,1088.42,2190.726,1878.916,0.7171
mixed,128,8,0.0625,4.0,512,1024,128,512,152,701.152,744.868,696.29,-0.1112
mixed,128,8,0.0625,4.0,512,1024,256,1024,304,718.402,795.552,718.782,0.0049
mixed,128,8,0.0625,4.0,512,1024,512,2048,608,756.8,892.963,759.231,0.0179
mixed,128,8,0.0625,4.0,512,1024,1024,4096,1216,812.261,1096.672,931.077,0.4178
mixed,128,8,0.0625,4.0,512,1024,2048,8192,2432,928.769,1485.22,1261.83,0.5985
mixed,128,8,0.0625,4.0,512,1024,4096,16384,4864,1163.202,2259.238,1918.817,0.6894
mixed,128,8,0.0625,4.0,512,2048,128,512,152,853.378,897.38,850.687,-0.0612
mixed,128,8,0.0625,4.0,512,2048,256,1024,304,868.898,945.602,875.456,0.0855
mixed,128,8,0.0625,4.0,512,2048,512,2048,608,905.217,1043.301,905.087,-0.0009
mixed,128,8,0.0625,4.0,512,2048,1024,4096,1216,969.121,1242.049,1009.314,0.1473
mixed,128,8,0.0625,4.0,512,2048,2048,8192,2432,1079.65,1631.717,1342.562,0.4762
mixed,128,8,0.0625,4.0,512,2048,4096,16384,4864,1316.161,2404.353,2003.718,0.6318
mixed,128,8,0.0625,4.0,512,4096,128,512,152,1151.651,1191.014,1153.442,0.0455
mixed,128,8,0.0625,4.0,512,4096,256,1024,304,1166.242,1240.645,1169.952,0.0499
mixed,128,8,0.0625,4.0,512,4096,512,2048,608,1201.284,1332.74,1197.664,-0.0275
mixed,128,8,0.0625,4.0,512,4096,1024,4096,1216,1256.643,1543.587,1255.525,-0.0039
mixed,128,8,0.0625,4.0,512,4096,2048,8192,2432,1374.209,1937.093,1488.419,0.2029
mixed,128,8,0.0625,4.0,512,4096,4096,16384,4864,1608.646,2693.029,2153.635,0.5026
mixed,128,8,0.0625,4.0,512,8192,128,512,152,1745.091,1791.909,1739.171,-0.1264
mixed,128,8,0.0625,4.0,512,8192,256,1024,304,1743.746,1836.548,1770.598,0.2893
mixed,128,8,0.0625,4.0,512,8192,512,2048,608,1805.698,1927.462,1794.565,-0.0914
mixed,128,8,0.0625,4.0,512,8192,1024,4096,1216,1851.749,2129.988,1844.483,-0.0261
mixed,128,8,0.0625,4.0,512,8192,2048,8192,2432,1961.827,2528.035,1959.976,-0.0033
mixed,128,8,0.0625,4.0,512,8192,4096,16384,4864,2196.55,3300.71,2458.698,0.2374
mixed,128,8,0.0625,4.0,1024,0,128,512,152,870.881,920.739,899.397,0.5719
mixed,128,8,0.0625,4.0,1024,0,256,1024,304,893.539,968.006,928.356,0.4675
mixed,128,8,0.0625,4.0,1024,0,512,2048,608,927.04,1068.451,964.418,0.2643
mixed,128,8,0.0625,4.0,1024,0,1024,4096,1216,990.695,1269.892,1063.813,0.2619
mixed,128,8,0.0625,4.0,1024,0,2048,8192,2432,1109.283,1685.476,1242.888,0.2319
mixed,128,8,0.0625,4.0,1024,0,4096,16384,4864,1338.531,2501.257,1595.079,0.2206
mixed,128,8,0.0625,4.0,1024,512,128,512,152,1033.062,1082.34,1060.672,0.5603
mixed,128,8,0.0625,4.0,1024,512,256,1024,304,1052.191,1131.359,1092.131,0.5045
mixed,128,8,0.0625,4.0,1024,512,512,2048,608,1088.931,1229.439,1130.913,0.2988
mixed,128,8,0.0625,4.0,1024,512,1024,4096,1216,1155.171,1424.768,1226.116,0.2632
mixed,128,8,0.0625,4.0,1024,512,2048,8192,2432,1265.86,1848.132,1407.714,0.2436
mixed,128,8,0.0625,4.0,1024,512,4096,16384,4864,1495.686,2672.258,1752.871,0.2186
mixed,128,8,0.0625,4.0,1024,1024,128,512,152,1111.553,1154.114,1136.26,0.5805
mixed,128,8,0.0625,4.0,1024,1024,256,1024,304,1134.181,1209.189,1162.534,0.378
mixed,128,8,0.0625,4.0,1024,1024,512,2048,608,1165.156,1317.351,1212.613,0.3118
mixed,128,8,0.0625,4.0,1024,1024,1024,4096,1216,1234.08,1499.362,1305.537,0.2694
mixed,128,8,0.0625,4.0,1024,1024,2048,8192,2432,1347.646,1923.649,1479.559,0.229
mixed,128,8,0.0625,4.0,1024,1024,4096,16384,4864,1576.994,2741.385,1827.877,0.2155
mixed,128,8,0.0625,4.0,1024,2048,128,512,152,1266.243,1306.145,1291.14,0.624
mixed,128,8,0.0625,4.0,1024,2048,256,1024,304,1285.51,1362.308,1316.992,0.4099
mixed,128,8,0.0625,4.0,1024,2048,512,2048,608,1312.423,1462.306,1364.642,0.3484
mixed,128,8,0.0625,4.0,1024,2048,1024,4096,1216,1379.333,1655.62,1455.523,0.2758
mixed,128,8,0.0625,4.0,1024,2048,2048,8192,2432,1494.111,2064.324,1627.977,0.2348
mixed,128,8,0.0625,4.0,1024,2048,4096,16384,4864,1725.154,2841.865,1986.762,0.2343
mixed,128,8,0.0625,4.0,1024,4096,128,512,152,1593.699,1637.628,1618.345,0.561
mixed,128,8,0.0625,4.0,1024,4096,256,1024,304,1608.55,1692.037,1648.319,0.4763
mixed,128,8,0.0625,4.0,1024,4096,512,2048,608,1642.824,1782.661,1689.664,0.335
mixed,128,8,0.0625,4.0,1024,4096,1024,4096,1216,1705.351,1991.654,1786.052,0.2819
mixed,128,8,0.0625,4.0,1024,4096,2048,8192,2432,1827.653,2384.777,1955.111,0.2288
mixed,128,8,0.0625,4.0,1024,4096,4096,16384,4864,2051.234,3153.994,2305.667,0.2307
mixed,128,8,0.0625,4.0,1024,8192,128,512,152,2218.077,2263.714,2247.781,0.6509
mixed,128,8,0.0625,4.0,1024,8192,256,1024,304,2239.904,2301.474,2267.206,0.4434
mixed,128,8,0.0625,4.0,1024,8192,512,2048,608,2266.502,2406.726,2308.617,0.3003
mixed,128,8,0.0625,4.0,1024,8192,1024,4096,1216,2324.004,2603.401,2398.345,0.2661
mixed,128,8,0.0625,4.0,1024,8192,2048,8192,2432,2432.067,3008.259,2576.582,0.2508
mixed,128,8,0.0625,4.0,1024,8192,4096,16384,4864,2674.701,3785.322,2930.697,0.2305
mixed,128,8,0.0625,4.0,2048,0,128,512,152,1554.915,1604.355,1577.954,0.466
mixed,128,8,0.0625,4.0,2048,0,256,1024,304,1572.579,1651.586,1601.472,0.3657
mixed,128,8,0.0625,4.0,2048,0,512,2048,608,1607.558,1748.898,1650.054,0.3007
mixed,128,8,0.0625,4.0,2048,0,1024,4096,1216,1679.207,1948.418,1744.77,0.2435
mixed,128,8,0.0625,4.0,2048,0,2048,8192,2432,1783.779,2343.398,1916.773,0.2377
mixed,128,8,0.0625,4.0,2048,0,4096,16384,4864,2014.243,3129.83,2266.855,0.2264
mixed,128,8,0.0625,4.0,2048,512,128,512,152,1777.696,1818.535,1800.736,0.5642
mixed,128,8,0.0625,4.0,2048,512,256,1024,304,1794.116,1866.723,1836.841,0.5884
mixed,128,8,0.0625,4.0,2048,512,512,2048,608,1825.159,1969.609,1874.151,0.3392
mixed,128,8,0.0625,4.0,2048,512,1024,4096,1216,1887.647,2171.883,1970.344,0.2909
mixed,128,8,0.0625,4.0,2048,512,2048,8192,2432,1998.561,2573.541,2134.408,0.2363
mixed,128,8,0.0625,4.0,2048,512,4096,16384,4864,2239.781,3400.683,2491.651,0.217
mixed,128,8,0.0625,4.0,2048,1024,128,512,152,1889.187,1931.4,1923.742,0.8186
mixed,128,8,0.0625,4.0,2048,1024,256,1024,304,1907.333,1983.4,1937.089,0.3912
mixed,128,8,0.0625,4.0,2048,1024,512,2048,608,1939.591,2087.203,1989.348,0.3371
mixed,128,8,0.0625,4.0,2048,1024,1024,4096,1216,2007.329,2273.381,2075.558,0.2564
mixed,128,8,0.0625,4.0,2048,1024,2048,8192,2432,2121.64,2695.53,2256.068,0.2342
mixed,128,8,0.0625,4.0,2048,1024,4096,16384,4864,2342.408,3494.509,2601.188,0.2246
mixed,128,8,0.0625,4.0,2048,2048,128,512,152,2124.514,2164.93,2147.845,0.5773
mixed,128,8,0.0625,4.0,2048,2048,256,1024,304,2142.978,2220.582,2174.529,0.4066
mixed,128,8,0.0625,4.0,2048,2048,512,2048,608,2174.76,2321.956,2220.87,0.3133
mixed,128,8,0.0625,4.0,2048,2048,1024,4096,1216,2237.607,2514.626,2307.723,0.2531
mixed,128,8,0.0625,4.0,2048,2048,2048,8192,2432,2357.158,2903.21,2480.52,0.2259
mixed,128,8,0.0625,4.0,2048,2048,4096,16384,4864,2579.463,3691.782,2846.983,0.2405
mixed,128,8,0.0625,4.0,2048,4096,128,512,152,2583.946,2627.655,2609.416,0.5827
mixed,128,8,0.0625,4.0,2048,4096,256,1024,304,2604.52,2681.895,2649.631,0.583
mixed,128,8,0.0625,4.0,2048,4096,512,2048,608,2636.712,2775.667,2684.646,0.345
mixed,128,8,0.0625,4.0,2048,4096,1024,4096,1216,2696.447,2961.314,2773.829,0.2922
mixed,128,8,0.0625,4.0,2048,4096,2048,8192,2432,2817.766,3376.166,2942.056,0.2226
mixed,128,8,0.0625,4.0,2048,4096,4096,16384,4864,3035.049,4166.953,3295.141,0.2298
mixed,128,8,0.0625,4.0,2048,8192,128,512,152,3473.161,3524.132,3499.721,0.5211
mixed,128,8,0.0625,4.0,2048,8192,256,1024,304,3499.463,3570.156,3526.187,0.378
mixed,128,8,0.0625,4.0,2048,8192,512,2048,608,3524.298,3670.125,3571.688,0.325
mixed,128,8,0.0625,4.0,2048,8192,1024,4096,1216,3587.366,3870.793,3675.018,0.3093
mixed,128,8,0.0625,4.0,2048,8192,2048,8192,2432,3721.937,4258.984,3863.621,0.2638
mixed,128,8,0.0625,4.0,2048,8192,4096,16384,4864,3943.306,5063.437,4197.928,0.2273
pure,128,16,0.125,4.0,0,0,128,512,176,243.712,307.071,297.028,0.8415
pure,128,16,0.125,4.0,0,0,256,1024,352,290.784,359.264,323.775,0.4818
pure,128,16,0.125,4.0,0,0,512,2048,704,329.952,461.918,370.496,0.3072
pure,128,16,0.125,4.0,0,0,1024,4096,1408,396.609,659.905,463.231,0.253
pure,128,16,0.125,4.0,0,0,2048,8192,2816,542.147,1056.385,641.664,0.1935
pure,128,16,0.125,4.0,0,0,4096,16384,5632,806.342,1833.511,992.13,0.1809
mixed,128,16,0.125,4.0,16,0,128,512,176,270.754,331.198,311.71,0.6776
mixed,128,16,0.125,4.0,16,0,256,1024,352,314.43,383.678,349.89,0.5121
mixed,128,16,0.125,4.0,16,0,512,2048,704,353.952,492.736,389.887,0.2589
mixed,128,16,0.125,4.0,16,0,1024,4096,1408,419.678,688.069,486.912,0.2505
mixed,128,16,0.125,4.0,16,0,2048,8192,2816,563.55,1079.874,666.311,0.199
mixed,128,16,0.125,4.0,16,0,4096,16384,5632,821.571,1860.133,1020.677,0.1917
mixed,128,16,0.125,4.0,16,512,128,512,176,325.538,386.689,316.93,-0.1408
mixed,128,16,0.125,4.0,16,512,256,1024,352,358.37,447.84,351.197,-0.0802
mixed,128,16,0.125,4.0,16,512,512,2048,704,415.554,548.647,393.378,-0.1666
mixed,128,16,0.125,4.0,16,512,1024,4096,1408,492.576,745.89,484.45,-0.0321
mixed,128,16,0.125,4.0,16,512,2048,8192,2816,627.745,1111.586,660.642,0.068
mixed,128,16,0.125,4.0,16,512,4096,16384,5632,880.033,1876.036,1021.663,0.1422
mixed,128,16,0.125,4.0,16,1024,128,512,176,323.774,394.754,319.488,-0.0604
mixed,128,16,0.125,4.0,16,1024,256,1024,352,362.172,471.3,346.014,-0.1481
mixed,128,16,0.125,4.0,16,1024,512,2048,704,413.953,588.065,395.488,-0.1061
mixed,128,16,0.125,4.0,16,1024,1024,4096,1408,519.392,778.053,486.24,-0.1282
mixed,128,16,0.125,4.0,16,1024,2048,8192,2816,656.065,1159.49,663.906,0.0156
mixed,128,16,0.125,4.0,16,1024,4096,16384,5632,911.266,1909.989,1023.358,0.1122
mixed,128,16,0.125,4.0,16,2048,128,512,176,327.393,389.314,325.057,-0.0377
mixed,128,16,0.125,4.0,16,2048,256,1024,352,360.576,481.729,350.304,-0.0848
mixed,128,16,0.125,4.0,16,2048,512,2048,704,414.433,638.814,396.032,-0.082
mixed,128,16,0.125,4.0,16,2048,1024,4096,1408,525.921,849.442,488.223,-0.1165
mixed,128,16,0.125,4.0,16,2048,2048,8192,2816,736.258,1237.217,662.052,-0.1481
mixed,128,16,0.125,4.0,16,2048,4096,16384,5632,995.174,1989.99,1016.674,0.0216
mixed,128,16,0.125,4.0,16,4096,128,512,176,332.577,390.111,333.855,0.0222
mixed,128,16,0.125,4.0,16,4096,256,1024,352,354.818,471.36,369.954,0.1299
mixed,128,16,0.125,4.0,16,4096,512,2048,704,416.384,647.073,396.127,-0.0878
mixed,128,16,0.125,4.0,16,4096,1024,4096,1408,535.459,989.507,484.479,-0.1123
mixed,128,16,0.125,4.0,16,4096,2048,8192,2816,738.402,1367.685,658.174,-0.1275
mixed,128,16,0.125,4.0,16,4096,4096,16384,5632,1141.32,2138.564,1008.386,-0.1333
mixed,128,16,0.125,4.0,16,8192,128,512,176,365.633,391.965,354.112,-0.4375
mixed,128,16,0.125,4.0,16,8192,256,1024,352,378.242,468.897,387.971,0.1073
mixed,128,16,0.125,4.0,16,8192,512,2048,704,419.873,638.946,437.09,0.0786
mixed,128,16,0.125,4.0,16,8192,1024,4096,1408,526.051,983.236,480.063,-0.1006
mixed,128,16,0.125,4.0,16,8192,2048,8192,2816,769.859,1657.924,658.242,-0.1257
mixed,128,16,0.125,4.0,16,8192,4096,16384,5632,1138.177,2439.879,1002.114,-0.1045
mixed,128,16,0.125,4.0,32,0,128,512,176,291.234,351.427,327.17,0.597
mixed,128,16,0.125,4.0,32,0,256,1024,352,338.974,397.799,362.59,0.4015
mixed,128,16,0.125,4.0,32,0,512,2048,704,365.31,499.006,403.967,0.2891
mixed,128,16,0.125,4.0,32,0,1024,4096,1408,436.803,698.272,497.248,0.2312
mixed,128,16,0.125,4.0,32,0,2048,8192,2816,577.475,1093.282,677.121,0.1932
mixed,128,16,0.125,4.0,32,0,4096,16384,5632,842.757,1881.668,1029.41,0.1797
mixed,128,16,0.125,4.0,32,512,128,512,176,335.651,391.647,334.084,-0.028
mixed,128,16,0.125,4.0,32,512,256,1024,352,371.585,454.016,354.592,-0.2061
mixed,128,16,0.125,4.0,32,512,512,2048,704,415.68,556.675,399.525,-0.1146
mixed,128,16,0.125,4.0,32,512,1024,4096,1408,497.63,747.807,491.744,-0.0235
mixed,128,16,0.125,4.0,32,512,2048,8192,2816,628.962,1128.738,672.48,0.0871
mixed,128,16,0.125,4.0,32,512,4096,16384,5632,889.188,1893.379,1021.186,0.1314
mixed,128,16,0.125,4.0,32,1024,128,512,176,336.771,403.392,347.551,0.1618
mixed,128,16,0.125,4.0,32,1024,256,1024,352,365.409,476.929,357.411,-0.0717
mixed,128,16,0.125,4.0,32,1024,512,2048,704,429.438,585.535,408.449,-0.1345
mixed,128,16,0.125,4.0,32,1024,1024,4096,1408,522.402,776.926,488.64,-0.1326
mixed,128,16,0.125,4.0,32,1024,2048,8192,2816,659.617,1154.526,668.993,0.0189
mixed,128,16,0.125,4.0,32,1024,4096,16384,5632,916.868,1929.191,1028.387,0.1102
mixed,128,16,0.125,4.0,32,2048,128,512,176,363.777,395.747,360.287,-0.1092
mixed,128,16,0.125,4.0,32,2048,256,1024,352,367.457,484.419,383.454,0.1368
mixed,128,16,0.125,4.0,32,2048,512,2048,704,429.729,650.181,402.431,-0.1238
mixed,128,16,0.125,4.0,32,2048,1024,4096,1408,538.367,849.63,490.943,-0.1524
mixed,128,16,0.125,4.0,32,2048,2048,8192,2816,735.233,1227.585,663.204,-0.1463
mixed,128,16,0.125,4.0,32,2048,4096,16384,5632,996.447,1981.128,1019.937,0.0239
mixed,128,16,0.125,4.0,32,4096,128,512,176,388.834,401.283,367.492,-1.7144
mixed,128,16,0.125,4.0,32,4096,256,1024,352,410.53,483.585,410.372,-0.0022
mixed,128,16,0.125,4.0,32,4096,512,2048,704,428.292,651.235,441.792,0.0606
mixed,128,16,0.125,4.0,32,4096,1024,4096,1408,541.634,980.804,495.552,-0.1049
mixed,128,16,0.125,4.0,32,4096,2048,8192,2816,734.881,1359.204,667.679,-0.1076
mixed,128,16,0.125,4.0,32,4096,4096,16384,5632,1128.418,2126.852,999.362,-0.1293
mixed,128,16,0.125,4.0,32,8192,128,512,176,431.555,456.127,423.329,-0.3348
mixed,128,16,0.125,4.0,32,8192,256,1024,352,455.68,482.977,438.085,-0.6446
mixed,128,16,0.125,4.0,32,8192,512,2048,704,506.751,640.193,496.485,-0.0769
mixed,128,16,0.125,4.0,32,8192,1024,4096,1408,540.96,983.106,566.909,0.0587
mixed,128,16,0.125,4.0,32,8192,2048,8192,2816,764.226,1630.947,670.653,-0.108
mixed,128,16,0.125,4.0,32,8192,4096,16384,5632,1135.809,2410.791,1012.228,-0.0969
mixed,128,16,0.125,4.0,64,0,128,512,176,298.431,386.305,336.227,0.4301
mixed,128,16,0.125,4.0,64,0,256,1024,352,354.659,423.424,380.768,0.3797
mixed,128,16,0.125,4.0,64,0,512,2048,704,399.392,524.608,418.5,0.1526
mixed,128,16,0.125,4.0,64,0,1024,4096,1408,470.336,717.633,510.179,0.1611
mixed,128,16,0.125,4.0,64,0,2048,8192,2816,600.768,1113.154,698.147,0.1901
mixed,128,16,0.125,4.0,64,0,4096,16384,5632,866.463,1900.356,1046.822,0.1744
mixed,128,16,0.125,4.0,64,512,128,512,176,352.163,404.003,364.479,0.2376
mixed,128,16,0.125,4.0,64,512,256,1024,352,373.409,465.571,366.144,-0.0788
mixed,128,16,0.125,4.0,64,512,512,2048,704,431.551,570.629,413.697,-0.1284
mixed,128,16,0.125,4.0,64,512,1024,4096,1408,512.833,765.407,494.368,-0.0731
mixed,128,16,0.125,4.0,64,512,2048,8192,2816,656.575,1157.894,688.286,0.0633
mixed,128,16,0.125,4.0,64,512,4096,16384,5632,903.522,1945.478,1044.737,0.1355
mixed,128,16,0.125,4.0,64,1024,128,512,176,375.52,422.308,378.527,0.0643
mixed,128,16,0.125,4.0,64,1024,256,1024,352,387.359,494.82,393.986,0.0617
mixed,128,16,0.125,4.0,64,1024,512,2048,704,431.393,608.512,408.002,-0.1321
mixed,128,16,0.125,4.0,64,1024,1024,4096,1408,526.464,797.89,505.795,-0.0761
mixed,128,16,0.125,4.0,64,1024,2048,8192,2816,681.249,1179.813,682.753,0.003
mixed,128,16,0.125,4.0,64,1024,4096,16384,5632,941.315,1968.325,1036.006,0.0922
mixed,128,16,0.125,4.0,64,2048,128,512,176,403.169,414.498,399.876,-0.2907
mixed,128,16,0.125,4.0,64,2048,256,1024,352,426.818,502.238,416.606,-0.1354
mixed,128,16,0.125,4.0,64,2048,512,2048,704,449.408,647.134,456.93,0.038
mixed,128,16,0.125,4.0,64,2048,1024,4096,1408,550.401,856.293,502.594,-0.1563
mixed,128,16,0.125,4.0,64,2048,2048,8192,2816,738.338,1260.485,662.563,-0.1451
mixed,128,16,0.125,4.0,64,2048,4096,16384,5632,997.698,2024.484,1021.828,0.0235
mixed,128,16,0.125,4.0,64,4096,128,512,176,440.866,483.105,430.53,-0.2447
mixed,128,16,0.125,4.0,64,4096,256,1024,352,461.731,496.513,458.879,-0.082
mixed,128,16,0.125,4.0,64,4096,512,2048,704,508.317,665.763,503.363,-0.0315
mixed,128,16,0.125,4.0,64,4096,1024,4096,1408,568.223,987.073,589.121,0.0499
mixed,128,16,0.125,4.0,64,4096,2048,8192,2816,782.591,1379.14,661.602,-0.2028
mixed,128,16,0.125,4.0,64,4096,4096,16384,5632,1131.973,2161.476,998.785,-0.1294
mixed,128,16,0.125,4.0,64,8192,128,512,176,517.316,536.224,514.433,-0.1525
mixed,128,16,0.125,4.0,64,8192,256,1024,352,539.777,637.732,561.439,0.2211
mixed,128,16,0.125,4.0,64,8192,512,2048,704,594.048,665.316,587.261,-0.0952
mixed,128,16,0.125,4.0,64,8192,1024,4096,1408,667.809,993.794,647.775,-0.0615
mixed,128,16,0.125,4.0,64,8192,2048,8192,2816,793.058,1617.35,823.556,0.037
mixed,128,16,0.125,4.0,64,8192,4096,16384,5632,1217.061,2409.029,982.463,-0.1968
mixed,128,16,0.125,4.0,128,0,128,512,176,308.738,395.871,356.128,0.5439
mixed,128,16,0.125,4.0,128,0,256,1024,352,376.483,446.946,381.471,0.0708
mixed,128,16,0.125,4.0,128,0,512,2048,704,414.304,544.51,433.412,0.1468
mixed,128,16,0.125,4.0,128,0,1024,4096,1408,485.924,741.539,521.795,0.1403
mixed,128,16,0.125,4.0,128,0,2048,8192,2816,620.415,1151.556,697.38,0.1449
mixed,128,16,0.125,4.0,128,0,4096,16384,5632,895.265,1927.14,1049.758,0.1497
mixed,128,16,0.125,4.0,128,512,128,512,176,396.9,408.355,367.616,-2.5564
mixed,128,16,0.125,4.0,128,512,256,1024,352,378.302,468.544,390.177,0.1316
mixed,128,16,0.125,4.0,128,512,512,2048,704,435.174,574.689,419.263,-0.114
mixed,128,16,0.125,4.0,128,512,1024,4096,1408,510.337,769.794,516.543,0.0239
mixed,128,16,0.125,4.0,128,512,2048,8192,2816,654.147,1166.376,688.065,0.0662
mixed,128,16,0.125,4.0,128,512,4096,16384,5632,917.38,1945.187,1044.191,0.1234
mixed,128,16,0.125,4.0,128,1024,128,512,176,415.905,410.431,437.088,
mixed,128,16,0.125,4.0,128,1024,256,1024,352,444.8,494.404,481.282,0.7355
mixed,128,16,0.125,4.0,128,1024,512,2048,704,437.89,596.798,456.738,0.1186
mixed,128,16,0.125,4.0,128,1024,1024,4096,1408,531.424,796.548,508.223,-0.0875
mixed,128,16,0.125,4.0,128,1024,2048,8192,2816,674.782,1188.545,682.722,0.0155
mixed,128,16,0.125,4.0,128,1024,4096,16384,5632,940.452,1969.859,1036.994,0.0938
mixed,128,16,0.125,4.0,128,2048,128,512,176,458.876,503.231,471.938,0.2945
mixed,128,16,0.125,4.0,128,2048,256,1024,352,484.639,495.361,525.536,3.8143
mixed,128,16,0.125,4.0,128,2048,512,2048,704,524.066,660.293,564.454,0.2965
mixed,128,16,0.125,4.0,128,2048,1024,4096,1408,561.062,855.265,582.978,0.0745
mixed,128,16,0.125,4.0,128,2048,2048,8192,2816,739.109,1247.686,674.815,-0.1264
mixed,128,16,0.125,4.0,128,2048,4096,16384,5632,998.692,2030.118,1022.755,0.0233
mixed,128,16,0.125,4.0,128,4096,128,512,176,539.23,577.216,545.952,0.177
mixed,128,16,0.125,4.0,128,4096,256,1024,352,557.988,632.963,597.022,0.5206
mixed,128,16,0.125,4.0,128,4096,512,2048,704,602.4,654.655,691.522,1.7055
mixed,128,16,0.125,4.0,128,4096,1024,4096,1408,670.494,983.234,731.523,0.1951
mixed,128,16,0.125,4.0,128,4096,2048,8192,2816,784.932,1374.628,817.44,0.0551
mixed,128,16,0.125,4.0,128,4096,4096,16384,5632,1128.262,2155.555,1016.29,-0.109
mixed,128,16,0.125,4.0,128,8192,128,512,176,698.593,738.592,693.762,-0.1208
mixed,128,16,0.125,4.0,128,8192,256,1024,352,719.618,788.353,715.903,-0.054
mixed,128,16,0.125,4.0,128,8192,512,2048,704,759.68,892.992,848.066,0.663
mixed,128,16,0.125,4.0,128,8192,1024,4096,1408,833.088,983.171,1022.724,1.2635
mixed,128,16,0.125,4.0,128,8192,2048,8192,2816,969.987,1608.164,1070.626,0.1577
mixed,128,16,0.125,4.0,128,8192,4096,16384,5632,1215.653,2400.067,1292.547,0.0649
mixed,128,16,0.125,4.0,256,0,128,512,176,380.803,422.59,387.329,0.1562
mixed,128,16,0.125,4.0,256,0,256,1024,352,402.589,473.314,418.69,0.2277
mixed,128,16,0.125,4.0,256,0,512,2048,704,440.641,568.515,513.056,0.5663
mixed,128,16,0.125,4.0,256,0,1024,4096,1408,510.342,768.227,682.784,0.6687
mixed,128,16,0.125,4.0,256,0,2048,8192,2816,647.522,1169.859,1018.692,0.7106
mixed,128,16,0.125,4.0,256,0,4096,16384,5632,910.565,1975.365,1681.766,0.7243
mixed,128,16,0.125,4.0,256,512,128,512,176,423.232,464.897,424.579,0.0323
mixed,128,16,0.125,4.0,256,512,256,1024,352,444.064,517.058,472.575,0.3906
mixed,128,16,0.125,4.0,256,512,512,2048,704,485.89,622.591,567.266,0.5953
mixed,128,16,0.125,4.0,256,512,1024,4096,1408,560.672,818.786,736.578,0.6815
mixed,128,16,0.125,4.0,256,512,2048,8192,2816,693.091,1209.376,1065.187,0.7207
mixed,128,16,0.125,4.0,256,512,4096,16384,5632,963.938,1986.601,1722.275,0.7415
mixed,128,16,0.125,4.0,256,1024,128,512,176,454.501,504.287,463.777,0.1863
mixed,128,16,0.125,4.0,256,1024,256,1024,352,481.409,562.694,511.683,0.3724
mixed,128,16,0.125,4.0,256,1024,512,2048,704,525.791,654.623,601.699,0.5892
mixed,128,16,0.125,4.0,256,1024,1024,4096,1408,598.242,854.726,771.587,0.6759
mixed,128,16,0.125,4.0,256,1024,2048,8192,2816,731.843,1251.651,1100.674,0.7096
mixed,128,16,0.125,4.0,256,1024,4096,16384,5632,997.378,2018.853,1754.919,0.7416
mixed,128,16,0.125,4.0,256,2048,128,512,176,533.857,576.031,534.085,0.0054
mixed,128,16,0.125,4.0,256,2048,256,1024,352,557.279,629.602,586.914,0.4098
mixed,128,16,0.125,4.0,256,2048,512,2048,704,601.441,732.514,679.747,0.5974
mixed,128,16,0.125,4.0,256,2048,1024,4096,1408,672.673,925.924,849.22,0.6971
mixed,128,16,0.125,4.0,256,2048,2048,8192,2816,809.598,1319.107,1179.332,0.7257
mixed,128,16,0.125,4.0,256,2048,4096,16384,5632,1074.144,2093.284,1837.414,0.7489
mixed,128,16,0.125,4.0,256,4096,128,512,176,688.003,734.183,683.966,-0.0874
mixed,128,16,0.125,4.0,256,4096,256,1024,352,709.665,785.891,707.456,-0.029
mixed,128,16,0.125,4.0,256,4096,512,2048,704,749.986,881.058,834.271,0.643
mixed,128,16,0.125,4.0,256,4096,1024,4096,1408,822.084,1081.538,1006.657,0.7114
mixed,128,16,0.125,4.0,256,4096,2048,8192,2816,953.988,1467.235,1335.81,0.7439
mixed,128,16,0.125,4.0,256,4096,4096,16384,5632,1220.738,2244.138,1985.796,0.7476
mixed,128,16,0.125,4.0,256,8192,128,512,176,987.938,1025.411,985.088,-0.0761
mixed,128,16,0.125,4.0,256,8192,256,1024,352,1008.742,1079.97,1005.89,-0.04
mixed,128,16,0.125,4.0,256,8192,512,2048,704,1040.804,1178.565,1039.81,-0.0072
mixed,128,16,0.125,4.0,256,8192,1024,4096,1408,1116.132,1371.943,1307.296,0.7473
mixed,128,16,0.125,4.0,256,8192,2048,8192,2816,1249.413,1765.668,1632.131,0.7413
mixed,128,16,0.125,4.0,256,8192,4096,16384,5632,1514.306,2535.876,2294.691,0.7639
mixed,128,16,0.125,4.0,512,0,128,512,176,543.327,586.752,551.138,0.1799
mixed,128,16,0.125,4.0,512,0,256,1024,352,565.287,643.454,576.385,0.142
mixed,128,16,0.125,4.0,512,0,512,2048,704,610.657,743.52,633.729,0.1737
mixed,128,16,0.125,4.0,512,0,1024,4096,1408,680.573,937.857,810.691,0.5057
mixed,128,16,0.125,4.0,512,0,2048,8192,2816,820.645,1318.401,1144.1,0.6498
mixed,128,16,0.125,4.0,512,0,4096,16384,5632,1075.776,2096.642,1810.594,0.7198
mixed,128,16,0.125,4.0,512,512,128,512,176,624.862,668.261,641.889,0.3923
mixed,128,16,0.125,4.0,512,512,256,1024,352,648.32,718.978,686.047,0.5339
mixed,128,16,0.125,4.0,512,512,512,2048,704,692.289,826.337,780.228,0.656
mixed,128,16,0.125,4.0,512,512,1024,4096,1408,761.315,1017.538,949.31,0.7337
mixed,128,16,0.125,4.0,512,512,2048,8192,2816,897.509,1411.909,1277.186,0.7381
mixed,128,16,0.125,4.0,512,512,4096,16384,5632,1168.327,2194.37,1932.613,0.7449
mixed,128,16,0.125,4.0,512,1024,128,512,176,700.486,746.879,699.265,-0.0263
mixed,128,16,0.125,4.0,512,1024,256,1024,352,726.468,798.147,765.857,0.5495
mixed,128,16,0.125,4.0,512,1024,512,2048,704,769.251,893.669,856.867,0.7042
mixed,128,16,0.125,4.0,512,1024,1024,4096,1408,834.339,1094.498,1024.225,0.7299
mixed,128,16,0.125,4.0,512,1024,2048,8192,2816,969.985,1486.664,1357.955,0.7509
mixed,128,16,0.125,4.0,512,1024,4096,16384,5632,1236.706,2266.628,2009.124,0.75
mixed,128,16,0.125,4.0,512,2048,128,512,176,855.072,897.222,856.483,0.0335
mixed,128,16,0.125,4.0,512,2048,256,1024,352,877.792,949.156,870.213,-0.1062
mixed,128,16,0.125,4.0,512,2048,512,2048,704,916.867,1044.901,1007.17,0.7053
mixed,128,16,0.125,4.0,512,2048,1024,4096,1408,987.33,1247.01,1182.981,0.7534
mixed,128,16,0.125,4.0,512,2048,2048,8192,2816,1118.724,1641.858,1509.664,0.7473
mixed,128,16,0.125,4.0,512,2048,4096,16384,5632,1385.889,2402.212,2169.895,0.7714
mixed,128,16,0.125,4.0,512,4096,128,512,176,1155.042,1192.288,1154.629,-0.0111
mixed,128,16,0.125,4.0,512,4096,256,1024,352,1174.533,1240.191,1167.199,-0.1117
mixed,128,16,0.125,4.0,512,4096,512,2048,704,1209.027,1335.906,1200.967,-0.0635
mixed,128,16,0.125,4.0,512,4096,1024,4096,1408,1276.642,1536.324,1469.542,0.7428
mixed,128,16,0.125,4.0,512,4096,2048,8192,2816,1409.701,1927.109,1810.307,0.7743
mixed,128,16,0.125,4.0,512,4096,4096,16384,5632,1680.099,2697.351,2460.427,0.7671
mixed,128,16,0.125,4.0,512,8192,128,512,176,1734.977,1790.824,1740.549,0.0998
mixed,128,16,0.125,4.0,512,8192,256,1024,352,1773.125,1839.651,1769.314,-0.0573
mixed,128,16,0.125,4.0,512,8192,512,2048,704,1811.872,1928.643,1797.285,-0.1249
mixed,128,16,0.125,4.0,512,8192,1024,4096,1408,1870.341,2133.323,1859.458,-0.0414
mixed,128,16,0.125,4.0,512,8192,2048,8192,2816,2013.348,2527.684,2406.02,0.7635
mixed,128,16,0.125,4.0,512,8192,4096,16384,5632,2267.399,3297.032,3070.439,0.7799
mixed,128,16,0.125,4.0,1024,0,128,512,176,884.384,923.424,897.413,0.3337
mixed,128,16,0.125,4.0,1024,0,256,1024,352,900.891,973.506,929.348,0.3919
mixed,128,16,0.125,4.0,1024,0,512,2048,704,938.436,1073.566,973.734,0.2612
mixed,128,16,0.125,4.0,1024,0,1024,4096,1408,1015.906,1266.306,1076.996,0.244
mixed,128,16,0.125,4.0,1024,0,2048,8192,2816,1145.282,1688.005,1244.866,0.1835
mixed,128,16,0.125,4.0,1024,0,4096,16384,5632,1417.54,2504.423,1603.716,0.1713
mixed,128,16,0.125,4.0,1024,512,128,512,176,1040.896,1080.419,1060.61,0.4988
mixed,128,16,0.125,4.0,1024,512,256,1024,352,1069.44,1130.818,1089.983,0.3347
mixed,128,16,0.125,4.0,1024,512,512,2048,704,1097.342,1236.322,1134.403,0.2667
mixed,128,16,0.125,4.0,1024,512,1024,4096,1408,1169.032,1435.749,1231.999,0.2361
mixed,128,16,0.125,4.0,1024,512,2048,8192,2816,1303.784,1851.491,1411.363,0.1964
mixed,128,16,0.125,4.0,1024,512,4096,16384,5632,1574.437,2681.383,1757.925,0.1658
mixed,128,16,0.125,4.0,1024,1024,128,512,176,1108.609,1156.803,1139.172,0.6342
mixed,128,16,0.125,4.0,1024,1024,256,1024,352,1135.521,1203.75,1173.501,0.5567
mixed,128,16,0.125,4.0,1024,1024,512,2048,704,1179.552,1310.407,1209.445,0.2284
mixed,128,16,0.125,4.0,1024,1024,1024,4096,1408,1247.747,1500.445,1310.625,0.2488
mixed,128,16,0.125,4.0,1024,1024,2048,8192,2816,1391.009,1919.361,1483.777,0.1756
mixed,128,16,0.125,4.0,1024,1024,4096,16384,5632,1653.577,2749.77,1842.21,0.1721
mixed,128,16,0.125,4.0,1024,2048,128,512,176,1270.589,1309.347,1289.698,0.493
mixed,128,16,0.125,4.0,1024,2048,256,1024,352,1289.411,1366.824,1323.101,0.4352
mixed,128,16,0.125,4.0,1024,2048,512,2048,704,1334.464,1452.964,1363.746,0.2471
mixed,128,16,0.125,4.0,1024,2048,1024,4096,1408,1398.248,1657.991,1455.747,0.2214
mixed,128,16,0.125,4.0,1024,2048,2048,8192,2816,1544.993,2060.642,1637.156,0.1787
mixed,128,16,0.125,4.0,1024,2048,4096,16384,5632,1800.681,2843.811,1993.125,0.1845
mixed,128,16,0.125,4.0,1024,4096,128,512,176,1589.864,1636.486,1624.708,0.7474
mixed,128,16,0.125,4.0,1024,4096,256,1024,352,1616.901,1683.27,1646.249,0.4422
mixed,128,16,0.125,4.0,1024,4096,512,2048,704,1655.782,1798.535,1687.744,0.2239
mixed,128,16,0.125,4.0,1024,4096,1024,4096,1408,1724.871,1982.438,1791.267,0.2578
mixed,128,16,0.125,4.0,1024,4096,2048,8192,2816,1866.985,2390.08,1965.698,0.1887
mixed,128,16,0.125,4.0,1024,4096,4096,16384,5632,2126.754,3156.234,2319.846,0.1876
mixed,128,16,0.125,4.0,1024,8192,128,512,176,2215.496,2258.598,2244.257,0.6673
mixed,128,16,0.125,4.0,1024,8192,256,1024,352,2239.718,2306.637,2274.237,0.5158
mixed,128,16,0.125,4.0,1024,8192,512,2048,704,2275.232,2406.279,2316.97,0.3185
mixed,128,16,0.125,4.0,1024,8192,1024,4096,1408,2344.452,2608.774,2410.405,0.2495
mixed,128,16,0.125,4.0,1024,8192,2048,8192,2816,2492.511,2995.371,2577.957,0.1699
mixed,128,16,0.125,4.0,1024,8192,4096,16384,5632,2751.37,3783.051,2930.187,0.1733
mixed,128,16,0.125,4.0,2048,0,128,512,176,1551.397,1596.163,1581.22,0.6662
mixed,128,16,0.125,4.0,2048,0,256,1024,352,1580.797,1652.898,1613.22,0.4497
mixed,128,16,0.125,4.0,2048,0,512,2048,704,1618.438,1755.78,1663.33,0.3269
mixed,128,16,0.125,4.0,2048,0,1024,4096,1408,1692.77,1944.863,1749.221,0.2239
mixed,128,16,0.125,4.0,2048,0,2048,8192,2816,1841.83,2349.602,1922.598,0.1591
mixed,128,16,0.125,4.0,2048,0,4096,16384,5632,2087.688,3122.851,2284.804,0.1904
mixed,128,16,0.125,4.0,2048,512,128,512,176,1780.611,1819.97,1806.791,0.6652
mixed,128,16,0.125,4.0,2048,512,256,1024,352,1807.554,1877.735,1833.505,0.3698
mixed,128,16,0.125,4.0,2048,512,512,2048,704,1838.694,1966.888,1876.45,0.2945
mixed,128,16,0.125,4.0,2048,512,1024,4096,1408,1905.895,2160.542,1983.368,0.3042
mixed,128,16,0.125,4.0,2048,512,2048,8192,2816,2048.39,2583.434,2152.07,0.1938
mixed,128,16,0.125,4.0,2048,512,4096,16384,5632,2313.643,3407.722,2502.857,0.1729
mixed,128,16,0.125,4.0,2048,1024,128,512,176,1884.456,1932.741,1919.942,0.7349
mixed,128,16,0.125,4.0,2048,1024,256,1024,352,1911.076,1992.169,1944.995,0.4183
mixed,128,16,0.125,4.0,2048,1024,512,2048,704,1951.817,2077.094,1992.355,0.3236
mixed,128,16,0.125,4.0,2048,1024,1024,4096,1408,2024.231,2289.51,2075.974,0.1951
mixed,128,16,0.125,4.0,2048,1024,2048,8192,2816,2168.451,2697.418,2260.866,0.1747
mixed,128,16,0.125,4.0,2048,1024,4096,16384,5632,2430.375,3497.164,2605.348,0.164
mixed,128,16,0.125,4.0,2048,2048,128,512,176,2132.133,2163.972,2154.435,0.7005
mixed,128,16,0.125,4.0,2048,2048,256,1024,352,2149.697,2215.78,2187.46,0.5714
mixed,128,16,0.125,4.0,2048,2048,512,2048,704,2187.046,2327.268,2224.555,0.2675
mixed,128,16,0.125,4.0,2048,2048,1024,4096,1408,2261.446,2515.879,2329.313,0.2667
mixed,128,16,0.125,4.0,2048,2048,2048,8192,2816,2391.678,2905.444,2493.606,0.1984
mixed,128,16,0.125,4.0,2048,2048,4096,16384,5632,2656.836,3702.41,2848.454,0.1833
mixed,128,16,0.125,4.0,2048,4096,128,512,176,2597.734,2628.58,2609.411,0.3786
mixed,128,16,0.125,4.0,2048,4096,256,1024,352,2603.335,2671.043,2642.059,0.5719
mixed,128,16,0.125,4.0,2048,4096,512,2048,704,2650.474,2776.449,2691.043,0.322
mixed,128,16,0.125,4.0,2048,4096,1024,4096,1408,2722.277,2973.802,2776.928,0.2173
mixed,128,16,0.125,4.0,2048,4096,2048,8192,2816,2848.639,3363.658,2946.275,0.1896
mixed,128,16,0.125,4.0,2048,4096,4096,16384,5632,3114.694,4145.549,3299.943,0.1797
mixed,128,16,0.125,4.0,2048,8192,128,512,176,3479.749,3518.627,3507.205,0.7062
mixed,128,16,0.125,4.0,2048,8192,256,1024,352,3504.073,3576.807,3538.149,0.4685
mixed,128,16,0.125,4.0,2048,8192,512,2048,704,3543.274,3662.955,3591.083,0.3995
mixed,128,16,0.125,4.0,2048,8192,1024,4096,1408,3604.488,3866.286,3675.431,0.271
mixed,128,16,0.125,4.0,2048,8192,2048,8192,2816,3741.705,4271.312,3857.162,0.218
mixed,128,16,0.125,4.0,2048,8192,4096,16384,5632,4010.824,5052.783,4209.069,0.1903
pure,128,32,0.25,4.0,0,0,128,512,224,247.713,309.12,301.761,0.8802
pure,128,32,0.25,4.0,0,0,256,1024,448,304.034,361.182,326.43,0.3919
pure,128,32,0.25,4.0,0,0,512,2048,896,346.56,459.11,393.442,0.4165
pure,128,32,0.25,4.0,0,0,1024,4096,1792,431.561,661.38,494.174,0.2724
pure,128,32,0.25,4.0,0,0,2048,8192,3584,607.97,1056.771,709.054,0.2252
pure,128,32,0.25,4.0,0,0,4096,16384,7168,949.058,1833.285,1124.514,0.1984
mixed,128,32,0.25,4.0,16,0,128,512,224,275.168,330.016,320.033,0.818
mixed,128,32,0.25,4.0,16,0,256,1024,448,326.817,384.705,349.121,0.3853
mixed,128,32,0.25,4.0,16,0,512,2048,896,372.898,484.319,397.825,0.2237
mixed,128,32,0.25,4.0,16,0,1024,4096,1792,452.192,682.366,524.705,0.315
mixed,128,32,0.25,4.0,16,0,2048,8192,3584,628.995,1084.067,735.554,0.2342
mixed,128,32,0.25,4.0,16,0,4096,16384,7168,973.636,1864.132,1156.288,0.2051
mixed,128,32,0.25,4.0,16,512,128,512,224,330.21,382.495,328.579,-0.0312
mixed,128,32,0.25,4.0,16,512,256,1024,448,374.88,451.743,348.414,-0.3443
mixed,128,32,0.25,4.0,16,512,512,2048,896,439.201,542.527,400.863,-0.371
mixed,128,32,0.25,4.0,16,512,1024,4096,1792,525.411,743.618,514.467,-0.0502
mixed,128,32,0.25,4.0,16,512,2048,8192,3584,688.484,1120.256,729.858,0.0958
mixed,128,32,0.25,4.0,16,512,4096,16384,7168,1022.781,1878.816,1142.499,0.1399
mixed,128,32,0.25,4.0,16,1024,128,512,224,332.961,393.921,342.562,0.1575
mixed,128,32,0.25,4.0,16,1024,256,1024,448,371.073,470.175,354.244,-0.1698
mixed,128,32,0.25,4.0,16,1024,512,2048,896,449.059,586.686,397.152,-0.3772
mixed,128,32,0.25,4.0,16,1024,1024,4096,1792,561.76,781.25,492.863,-0.3139
mixed,128,32,0.25,4.0,16,1024,2048,8192,3584,727.876,1157.985,732.93,0.0118
mixed,128,32,0.25,4.0,16,1024,4096,16384,7168,1062.785,1905.54,1139.874,0.0915
mixed,128,32,0.25,4.0,16,2048,128,512,224,329.341,385.185,341.472,0.2172
mixed,128,32,0.25,4.0,16,2048,256,1024,448,374.496,481.087,368.956,-0.052
mixed,128,32,0.25,4.0,16,2048,512,2048,896,452.062,641.823,406.817,-0.2384
mixed,128,32,0.25,4.0,16,2048,1024,4096,1792,595.65,853.891,493.249,-0.3965
mixed,128,32,0.25,4.0,16,2048,2048,8192,3584,799.937,1232.484,727.91,-0.1665
mixed,128,32,0.25,4.0,16,2048,4096,16384,7168,1138.756,1986.721,1139.201,0.0005
mixed,128,32,0.25,4.0,16,4096,128,512,224,337.538,388.64,342.435,0.0958
mixed,128,32,0.25,4.0,16,4096,256,1024,448,371.552,469.504,371.33,-0.0023
mixed,128,32,0.25,4.0,16,4096,512,2048,896,458.337,651.711,435.743,-0.1168
mixed,128,32,0.25,4.0,16,4096,1024,4096,1792,597.213,981.893,499.487,-0.254
mixed,128,32,0.25,4.0,16,4096,2048,8192,3584,892.131,1370.017,674.532,-0.4553
mixed,128,32,0.25,4.0,16,4096,4096,16384,7168,1282.66,2138.534,1127.812,-0.1809
mixed,128,32,0.25,4.0,16,8192,128,512,224,374.369,388.19,377.889,0.2547
mixed,128,32,0.25,4.0,16,8192,256,1024,448,380.546,467.777,383.136,0.0297
mixed,128,32,0.25,4.0,16,8192,512,2048,896,449.214,634.371,442.301,-0.0373
mixed,128,32,0.25,4.0,16,8192,1024,4096,1792,588.706,979.648,564.674,-0.0615
mixed,128,32,0.25,4.0,16,8192,2048,8192,3584,895.809,1651.457,682.949,-0.2817
mixed,128,32,0.25,4.0,16,8192,4096,16384,7168,1494.372,2437.894,1023.681,-0.4989
mixed,128,32,0.25,4.0,32,0,128,512,224,302.37,357.604,333.858,0.5701
mixed,128,32,0.25,4.0,32,0,256,1024,448,350.145,394.274,362.051,0.2698
mixed,128,32,0.25,4.0,32,0,512,2048,896,386.369,497.602,409.791,0.2106
mixed,128,32,0.25,4.0,32,0,1024,4096,1792,473.92,698.884,532.705,0.2613
mixed,128,32,0.25,4.0,32,0,2048,8192,3584,645.059,1093.76,742.721,0.2177
mixed,128,32,0.25,4.0,32,0,4096,16384,7168,987.52,1876.582,1159.332,0.1933
mixed,128,32,0.25,4.0,32,512,128,512,224,347.78,392.641,350.977,0.0713
mixed,128,32,0.25,4.0,32,512,256,1024,448,375.232,452.323,353.023,-0.2881
mixed,128,32,0.25,4.0,32,512,512,2048,896,438.178,557.345,402.436,-0.2999
mixed,128,32,0.25,4.0,32,512,1024,4096,1792,527.201,747.713,503.616,-0.107
mixed,128,32,0.25,4.0,32,512,2048,8192,3584,697.246,1130.306,743.455,0.1067
mixed,128,32,0.25,4.0,32,512,4096,16384,7168,1032.837,1917.639,1156.545,0.1398
mixed,128,32,0.25,4.0,32,1024,128,512,224,343.712,402.497,360.895,0.2923
mixed,128,32,0.25,4.0,32,1024,256,1024,448,392.93,478.18,382.945,-0.1171
mixed,128,32,0.25,4.0,32,1024,512,2048,896,454.817,588.834,407.454,-0.3534
mixed,128,32,0.25,4.0,32,1024,1024,4096,1792,561.663,781.474,499.138,-0.2844
mixed,128,32,0.25,4.0,32,1024,2048,8192,3584,730.88,1160.48,736.131,0.0122
mixed,128,32,0.25,4.0,32,1024,4096,16384,7168,1057.281,1927.104,1149.797,0.1064
mixed,128,32,0.25,4.0,32,2048,128,512,224,347.938,401.822,361.599,0.2535
mixed,128,32,0.25,4.0,32,2048,256,1024,448,385.762,486.653,390.465,0.0466
mixed,128,32,0.25,4.0,32,2048,512,2048,896,461.859,644.195,449.406,-0.0683
mixed,128,32,0.25,4.0,32,2048,1024,4096,1792,603.552,848.835,499.844,-0.4228
mixed,128,32,0.25,4.0,32,2048,2048,8192,3584,797.859,1231.297,680.064,-0.2718
mixed,128,32,0.25,4.0,32,2048,4096,16384,7168,1131.685,2008.737,1150.624,0.0216
mixed,128,32,0.25,4.0,32,4096,128,512,224,377.569,398.02,393.09,0.7589
mixed,128,32,0.25,4.0,32,4096,256,1024,448,391.71,479.134,392.419,0.0081
mixed,128,32,0.25,4.0,32,4096,512,2048,896,457.249,647.619,458.501,0.0066
mixed,128,32,0.25,4.0,32,4096,1024,4096,1792,602.753,976.8,579.01,-0.0635
mixed,128,32,0.25,4.0,32,4096,2048,8192,3584,893.058,1362.593,681.316,-0.451
mixed,128,32,0.25,4.0,32,4096,4096,16384,7168,1267.525,2135.427,1037.091,-0.2655
mixed,128,32,0.25,4.0,32,8192,128,512,224,415.752,456.898,428.004,0.2978
mixed,128,32,0.25,4.0,32,8192,256,1024,448,438.436,483.52,431.201,-0.1605
mixed,128,32,0.25,4.0,32,8192,512,2048,896,470.079,645.345,465.31,-0.0272
mixed,128,32,0.25,4.0,32,8192,1024,4096,1792,604.1,974.947,581.222,-0.0617
mixed,128,32,0.25,4.0,32,8192,2048,8192,3584,885.696,1636.773,824.225,-0.0818
mixed,128,32,0.25,4.0,32,8192,4096,16384,7168,1467.685,2399.464,1040.223,-0.4588
mixed,128,32,0.25,4.0,64,0,128,512,224,304.481,380.765,345.888,0.5428
mixed,128,32,0.25,4.0,64,0,256,1024,448,369.986,431.39,371.007,0.0166
mixed,128,32,0.25,4.0,64,0,512,2048,896,419.841,520.739,428.32,0.084
mixed,128,32,0.25,4.0,64,0,1024,4096,1792,505.377,729.317,557.922,0.2346
mixed,128,32,0.25,4.0,64,0,2048,8192,3584,673.22,1116.93,763.745,0.204
mixed,128,32,0.25,4.0,64,0,4096,16384,7168,1017.25,1900.485,1181.382,0.1858
mixed,128,32,0.25,4.0,64,512,128,512,224,374.209,402.629,371.715,-0.0878
mixed,128,32,0.25,4.0,64,512,256,1024,448,396.354,466.979,386.399,-0.141
mixed,128,32,0.25,4.0,64,512,512,2048,896,451.105,570.112,415.135,-0.3023
mixed,128,32,0.25,4.0,64,512,1024,4096,1792,542.145,770.148,521.41,-0.0909
mixed,128,32,0.25,4.0,64,512,2048,8192,3584,714.564,1155.297,758.24,0.0991
mixed,128,32,0.25,4.0,64,512,4096,16384,7168,1053.445,1931.814,1154.786,0.1154
mixed,128,32,0.25,4.0,64,1024,128,512,224,363.391,421.246,379.78,0.2833
mixed,128,32,0.25,4.0,64,1024,256,1024,448,409.541,487.871,407.391,-0.0274
mixed,128,32,0.25,4.0,64,1024,512,2048,896,463.425,599.006,456.705,-0.0496
mixed,128,32,0.25,4.0,64,1024,1024,4096,1792,579.107,798.176,507.17,-0.3284
mixed,128,32,0.25,4.0,64,1024,2048,8192,3584,741.828,1182.369,703.008,-0.0881
mixed,128,32,0.25,4.0,64,1024,4096,16384,7168,1084.863,1956.836,1160.899,0.0872
mixed,128,32,0.25,4.0,64,2048,128,512,224,412.543,417.089,400.994,-2.5405
mixed,128,32,0.25,4.0,64,2048,256,1024,448,406.082,512.1,410.27,0.0395
mixed,128,32,0.25,4.0,64,2048,512,2048,896,491.519,656.13,467.684,-0.1448
mixed,128,32,0.25,4.0,64,2048,1024,4096,1792,610.722,851.65,579.71,-0.1287
mixed,128,32,0.25,4.0,64,2048,2048,8192,3584,813.443,1250.532,693.025,-0.2755
mixed,128,32,0.25,4.0,64,2048,4096,16384,7168,1149.731,2027.397,1049.251,-0.1145
mixed,128,32,0.25,4.0,64,4096,128,512,224,423.523,479.009,438.399,0.2681
mixed,128,32,0.25,4.0,64,4096,256,1024,448,471.874,501.888,460.708,-0.372
mixed,128,32,0.25,4.0,64,4096,512,2048,896,484.481,667.328,484.772,0.0016
mixed,128,32,0.25,4.0,64,4096,1024,4096,1792,621.89,981.44,593.508,-0.0789
mixed,128,32,0.25,4.0,64,4096,2048,8192,3584,902.783,1382.049,830.496,-0.1508
mixed,128,32,0.25,4.0,64,4096,4096,16384,7168,1276.387,2158.981,1050.881,-0.2555
mixed,128,32,0.25,4.0,64,8192,128,512,224,519.679,535.872,520.384,0.0435
mixed,128,32,0.25,4.0,64,8192,256,1024,448,543.78,636.929,545.955,0.0233
mixed,128,32,0.25,4.0,64,8192,512,2048,896,620.287,668.736,590.88,-0.607
mixed,128,32,0.25,4.0,64,8192,1024,4096,1792,651.141,993.087,641.186,-0.0291
mixed,128,32,0.25,4.0,64,8192,2048,8192,3584,907.272,1618.051,843.139,-0.0902
mixed,128,32,0.25,4.0,64,8192,4096,16384,7168,1446.598,2404.388,1300.996,-0.152
mixed,128,32,0.25,4.0,128,0,128,512,224,318.721,397.633,364.033,0.5742
mixed,128,32,0.25,4.0,128,0,256,1024,448,387.839,444.929,389.795,0.0343
mixed,128,32,0.25,4.0,128,0,512,2048,896,431.971,543.808,441.504,0.0852
mixed,128,32,0.25,4.0,128,0,1024,4096,1792,522.655,740.576,537.473,0.068
mixed,128,32,0.25,4.0,128,0,2048,8192,3584,692.8,1150.883,722.464,0.0648
mixed,128,32,0.25,4.0,128,0,4096,16384,7168,1043.11,1925.541,1080.354,0.0422
mixed,128,32,0.25,4.0,128,512,128,512,224,358.077,411.713,375.201,0.3193
mixed,128,32,0.25,4.0,128,512,256,1024,448,401.985,469.122,394.208,-0.1158
mixed,128,32,0.25,4.0,128,512,512,2048,896,452.097,572.164,467.169,0.1255
mixed,128,32,0.25,4.0,128,512,1024,4096,1792,546.339,771.587,588.096,0.1854
mixed,128,32,0.25,4.0,128,512,2048,8192,3584,715.076,1164.993,769.187,0.1203
mixed,128,32,0.25,4.0,128,512,4096,16384,7168,1060.449,1943.588,1125.634,0.0738
mixed,128,32,0.25,4.0,128,1024,128,512,224,426.817,409.953,438.336,
mixed,128,32,0.25,4.0,128,1024,256,1024,448,396.063,494.785,405.891,0.0996
mixed,128,32,0.25,4.0,128,1024,512,2048,896,474.243,599.682,462.434,-0.0941
mixed,128,32,0.25,4.0,128,1024,1024,4096,1792,578.273,801.634,603.01,0.1107
mixed,128,32,0.25,4.0,128,1024,2048,8192,3584,747.296,1191.841,808.351,0.1373
mixed,128,32,0.25,4.0,128,1024,4096,16384,7168,1086.85,1969.189,1165.728,0.0894
mixed,128,32,0.25,4.0,128,2048,128,512,224,464.065,498.366,473.188,0.266
mixed,128,32,0.25,4.0,128,2048,256,1024,448,491.809,493.571,526.047,19.4313
mixed,128,32,0.25,4.0,128,2048,512,2048,896,467.172,656.419,468.034,0.0046
mixed,128,32,0.25,4.0,128,2048,1024,4096,1792,615.548,852.325,586.209,-0.1239
mixed,128,32,0.25,4.0,128,2048,2048,8192,3584,804.324,1255.845,857.12,0.1169
mixed,128,32,0.25,4.0,128,2048,4096,16384,7168,1151.397,2030.341,1237.825,0.0983
mixed,128,32,0.25,4.0,128,4096,128,512,224,544.226,579.523,557.922,0.388
mixed,128,32,0.25,4.0,128,4096,256,1024,448,572.42,631.873,604.387,0.5377
mixed,128,32,0.25,4.0,128,4096,512,2048,896,618.753,657.121,690.979,1.8825
mixed,128,32,0.25,4.0,128,4096,1024,4096,1792,632.801,982.337,636.67,0.0111
mixed,128,32,0.25,4.0,128,4096,2048,8192,3584,901.572,1374.085,831.617,-0.148
mixed,128,32,0.25,4.0,128,4096,4096,16384,7168,1277.826,2157.512,1374.498,0.1099
mixed,128,32,0.25,4.0,128,8192,128,512,224,704.224,735.458,714.275,0.3218
mixed,128,32,0.25,4.0,128,8192,256,1024,448,728.514,788.157,761.634,0.5553
mixed,128,32,0.25,4.0,128,8192,512,2048,896,776.802,885.731,850.433,0.676
mixed,128,32,0.25,4.0,128,8192,1024,4096,1792,865.57,977.214,1024.771,1.426
mixed,128,32,0.25,4.0,128,8192,2048,8192,3584,951.874,1607.04,951.301,-0.0009
mixed,128,32,0.25,4.0,128,8192,4096,16384,7168,1458.406,2397.319,1312.224,-0.1557
mixed,128,32,0.25,4.0,256,0,128,512,224,390.657,419.427,393.214,0.0889
mixed,128,32,0.25,4.0,256,0,256,1024,448,415.357,471.551,419.555,0.0747
mixed,128,32,0.25,4.0,256,0,512,2048,896,458.885,571.296,514.37,0.4936
mixed,128,32,0.25,4.0,256,0,1024,4096,1792,545.222,771.585,684.482,0.6152
mixed,128,32,0.25,4.0,256,0,2048,8192,3584,717.889,1170.436,1018.368,0.664
mixed,128,32,0.25,4.0,256,0,4096,16384,7168,1065.797,1975.235,1683.206,0.6789
mixed,128,32,0.25,4.0,256,512,128,512,224,427.264,466.08,429.54,0.0586
mixed,128,32,0.25,4.0,256,512,256,1024,448,455.871,520.162,477.823,0.3414
mixed,128,32,0.25,4.0,256,512,512,2048,896,506.273,622.561,571.72,0.5628
mixed,128,32,0.25,4.0,256,512,1024,4096,1792,599.043,815.649,741.347,0.657
mixed,128,32,0.25,4.0,256,512,2048,8192,3584,765.825,1209.541,1075.394,0.6977
mixed,128,32,0.25,4.0,256,512,4096,16384,7168,1106.112,1982.217,1737.38,0.7205
mixed,128,32,0.25,4.0,256,1024,128,512,224,467.712,503.074,471.428,0.1051
mixed,128,32,0.25,4.0,256,1024,256,1024,448,496.223,558.046,515.453,0.311
mixed,128,32,0.25,4.0,256,1024,512,2048,896,544.611,662.21,609.216,0.5494
mixed,128,32,0.25,4.0,256,1024,1024,4096,1792,630.306,853.986,783.364,0.6843
mixed,128,32,0.25,4.0,256,1024,2048,8192,3584,802.947,1250.533,1107.873,0.6813
mixed,128,32,0.25,4.0,256,1024,4096,16384,7168,1150.438,2014.596,1772.324,0.7196
mixed,128,32,0.25,4.0,256,2048,128,512,224,541.152,577.858,542.69,0.0419
mixed,128,32,0.25,4.0,256,2048,256,1024,448,569.665,634.561,593.348,0.3649
mixed,128,32,0.25,4.0,256,2048,512,2048,896,613.827,730.851,686.564,0.6216
mixed,128,32,0.25,4.0,256,2048,1024,4096,1792,704.002,924.74,851.199,0.6668
mixed,128,32,0.25,4.0,256,2048,2048,8192,3584,880.16,1317.633,1178.374,0.6817
mixed,128,32,0.25,4.0,256,2048,4096,16384,7168,1214.915,2083.65,1845.668,0.7261
mixed,128,32,0.25,4.0,256,4096,128,512,224,694.564,734.175,703.975,0.2376
mixed,128,32,0.25,4.0,256,4096,256,1024,448,721.25,785.763,748.673,0.4251
mixed,128,32,0.25,4.0,256,4096,512,2048,896,770.051,881.636,837.827,0.6074
mixed,128,32,0.25,4.0,256,4096,1024,4096,1792,857.413,1079.361,1009.156,0.6837
mixed,128,32,0.25,4.0,256,4096,2048,8192,3584,1030.757,1468.703,1340.547,0.7074
mixed,128,32,0.25,4.0,256,4096,4096,16384,7168,1363.908,2237.16,1999.85,0.7282
mixed,128,32,0.25,4.0,256,8192,128,512,224,990.24,1025.092,991.362,0.0322
mixed,128,32,0.25,4.0,256,8192,256,1024,448,1018.85,1081.058,1054.979,0.5808
mixed,128,32,0.25,4.0,256,8192,512,2048,896,1061.607,1181.668,1144.581,0.6911
mixed,128,32,0.25,4.0,256,8192,1024,4096,1792,1148.644,1373.508,1307.427,0.7061
mixed,128,32,0.25,4.0,256,8192,2048,8192,3584,1323.586,1768.159,1641.222,0.7145
mixed,128,32,0.25,4.0,256,8192,4096,16384,7168,1667.493,2531.044,2297.35,0.7294
mixed,128,32,0.25,4.0,512,0,128,512,224,548.543,584.643,553.758,0.1445
mixed,128,32,0.25,4.0,512,0,256,1024,448,578.976,641.442,584.196,0.0836
mixed,128,32,0.25,4.0,512,0,512,2048,896,628.293,745.536,635.586,0.0622
mixed,128,32,0.25,4.0,512,0,1024,4096,1792,723.747,936.226,815.395,0.4313
mixed,128,32,0.25,4.0,512,0,2048,8192,3584,889.954,1316.613,1148.387,0.6057
mixed,128,32,0.25,4.0,512,0,4096,16384,7168,1223.459,2093.83,1808.837,0.6726
mixed,128,32,0.25,4.0,512,512,128,512,224,630.529,669.764,643.715,0.3361
mixed,128,32,0.25,4.0,512,512,256,1024,448,660.32,724.515,696.773,0.5678
mixed,128,32,0.25,4.0,512,512,512,2048,896,706.016,825.12,784.034,0.655
mixed,128,32,0.25,4.0,512,512,1024,4096,1792,794.24,1018.339,950.207,0.696
mixed,128,32,0.25,4.0,512,512,2048,8192,3584,967.712,1412.0,1282.915,0.7095
mixed,128,32,0.25,4.0,512,512,4096,16384,7168,1306.531,2195.11,1937.519,0.7101
mixed,128,32,0.25,4.0,512,1024,128,512,224,709.442,744.677,725.12,0.445
mixed,128,32,0.25,4.0,512,1024,256,1024,448,735.682,799.201,771.332,0.5612
mixed,128,32,0.25,4.0,512,1024,512,2048,896,786.114,899.746,862.529,0.6725
mixed,128,32,0.25,4.0,512,1024,1024,4096,1792,871.199,1097.54,1028.449,0.6947
mixed,128,32,0.25,4.0,512,1024,2048,8192,3584,1041.76,1482.242,1358.213,0.7184
mixed,128,32,0.25,4.0,512,1024,4096,16384,7168,1379.106,2258.471,2015.361,0.7235
mixed,128,32,0.25,4.0,512,2048,128,512,224,862.498,896.322,877.508,0.4438
mixed,128,32,0.25,4.0,512,2048,256,1024,448,886.431,948.932,930.59,0.7065
mixed,128,32,0.25,4.0,512,2048,512,2048,896,933.471,1046.626,1014.306,0.7144
mixed,128,32,0.25,4.0,512,2048,1024,4096,1792,1017.637,1247.712,1180.449,0.7076
mixed,128,32,0.25,4.0,512,2048,2048,8192,3584,1193.794,1638.95,1513.796,0.7189
mixed,128,32,0.25,4.0,512,2048,4096,16384,7168,1535.879,2411.658,2167.554,0.7213
mixed,128,32,0.25,4.0,512,4096,128,512,224,1158.496,1190.756,1151.648,-0.2123
mixed,128,32,0.25,4.0,512,4096,256,1024,448,1184.514,1237.152,1190.082,0.1058
mixed,128,32,0.25,4.0,512,4096,512,2048,896,1228.004,1335.974,1307.234,0.7338
mixed,128,32,0.25,4.0,512,4096,1024,4096,1792,1311.585,1541.097,1475.905,0.716
mixed,128,32,0.25,4.0,512,4096,2048,8192,3584,1483.046,1930.825,1812.835,0.7365
mixed,128,32,0.25,4.0,512,4096,4096,16384,7168,1827.589,2703.876,2464.646,0.727
mixed,128,32,0.25,4.0,512,8192,128,512,224,1738.083,1790.786,1736.064,-0.0383
mixed,128,32,0.25,4.0,512,8192,256,1024,448,1783.972,1839.94,1769.827,-0.2527
mixed,128,32,0.25,4.0,512,8192,512,2048,896,1827.811,1927.231,1817.735,-0.1013
mixed,128,32,0.25,4.0,512,8192,1024,4096,1792,1904.704,2142.983,2086.598,0.7634
mixed,128,32,0.25,4.0,512,8192,2048,8192,3584,2073.509,2528.708,2422.531,0.7667
mixed,128,32,0.25,4.0,512,8192,4096,16384,7168,2412.515,3300.968,3087.335,0.7595
mixed,128,32,0.25,4.0,1024,0,128,512,224,886.592,912.99,901.374,0.56
mixed,128,32,0.25,4.0,1024,0,256,1024,448,916.677,971.585,928.355,0.2127
mixed,128,32,0.25,4.0,1024,0,512,2048,896,960.031,1073.315,997.571,0.3314
mixed,128,32,0.25,4.0,1024,0,1024,4096,1792,1048.644,1262.086,1106.753,0.2722
mixed,128,32,0.25,4.0,1024,0,2048,8192,3584,1213.63,1685.763,1317.795,0.2206
mixed,128,32,0.25,4.0,1024,0,4096,16384,7168,1569.955,2505.699,1746.72,0.1889
mixed,128,32,0.25,4.0,1024,512,128,512,224,1044.07,1079.459,1063.296,0.5433
mixed,128,32,0.25,4.0,1024,512,256,1024,448,1077.413,1130.345,1102.752,0.4787
mixed,128,32,0.25,4.0,1024,512,512,2048,896,1122.533,1237.698,1155.134,0.2831
mixed,128,32,0.25,4.0,1024,512,1024,4096,1792,1206.818,1430.787,1262.468,0.2485
mixed,128,32,0.25,4.0,1024,512,2048,8192,3584,1374.085,1848.294,1478.627,0.2205
mixed,128,32,0.25,4.0,1024,512,4096,16384,7168,1739.397,2668.134,1906.275,0.1797
mixed,128,32,0.25,4.0,1024,1024,128,512,224,1119.777,1155.738,1147.873,0.7813
mixed,128,32,0.25,4.0,1024,1024,256,1024,448,1144.575,1208.872,1166.181,0.336
mixed,128,32,0.25,4.0,1024,1024,512,2048,896,1200.256,1309.474,1232.584,0.296
mixed,128,32,0.25,4.0,1024,1024,1024,4096,1792,1291.17,1502.051,1344.387,0.2524
mixed,128,32,0.25,4.0,1024,1024,2048,8192,3584,1447.844,1917.509,1549.921,0.2173
mixed,128,32,0.25,4.0,1024,1024,4096,16384,7168,1810.598,2742.559,1968.837,0.1698
mixed,128,32,0.25,4.0,1024,2048,128,512,224,1277.924,1310.721,1298.437,0.6255
mixed,128,32,0.25,4.0,1024,2048,256,1024,448,1309.218,1362.309,1322.661,0.2532
mixed,128,32,0.25,4.0,1024,2048,512,2048,896,1343.81,1459.176,1390.305,0.403
mixed,128,32,0.25,4.0,1024,2048,1024,4096,1792,1429.702,1652.619,1498.463,0.3085
mixed,128,32,0.25,4.0,1024,2048,2048,8192,3584,1611.269,2056.452,1711.043,0.2241
mixed,128,32,0.25,4.0,1024,2048,4096,16384,7168,1948.073,2853.224,2123.175,0.1935
mixed,128,32,0.25,4.0,1024,4096,128,512,224,1604.737,1642.053,1623.14,0.4932
mixed,128,32,0.25,4.0,1024,4096,256,1024,448,1628.039,1685.41,1654.374,0.459
mixed,128,32,0.25,4.0,1024,4096,512,2048,896,1669.786,1776.329,1723.685,0.5059
mixed,128,32,0.25,4.0,1024,4096,1024,4096,1792,1772.068,1981.51,1828.389,0.2689
mixed,128,32,0.25,4.0,1024,4096,2048,8192,3584,1929.409,2378.182,2040.002,0.2464
mixed,128,32,0.25,4.0,1024,4096,4096,16384,7168,2267.971,3152.295,2455.492,0.2121
mixed,128,32,0.25,4.0,1024,8192,128,512,224,2220.546,2257.163,2251.908,0.8565
mixed,128,32,0.25,4.0,1024,8192,256,1024,448,2255.203,2312.324,2278.023,0.3995
mixed,128,32,0.25,4.0,1024,8192,512,2048,896,2289.541,2402.633,2338.942,0.4368
mixed,128,32,0.25,4.0,1024,8192,1024,4096,1792,2381.218,2602.953,2437.801,0.2552
mixed,128,32,0.25,4.0,1024,8192,2048,8192,3584,2559.368,3005.191,2645.032,0.1921
mixed,128,32,0.25,4.0,1024,8192,4096,16384,7168,2896.967,3790.795,3086.276,0.2118
mixed,128,32,0.25,4.0,2048,0,128,512,224,1573.79,1593.926,1584.258,0.5199
mixed,128,32,0.25,4.0,2048,0,256,1024,448,1600.647,1663.52,1609.091,0.1343
mixed,128,32,0.25,4.0,2048,0,512,2048,896,1645.926,1754.82,1681.952,0.3308
mixed,128,32,0.25,4.0,2048,0,1024,4096,1792,1723.11,1945.729,1784.035,0.2737
mixed,128,32,0.25,4.0,2048,0,2048,8192,3584,1900.994,2344.487,2001.733,0.2271
mixed,128,32,0.25,4.0,2048,0,4096,16384,7168,2242.372,3134.983,2413.63,0.1919
mixed,128,32,0.25,4.0,2048,512,128,512,224,1789.729,1822.303,1809.86,0.618
mixed,128,32,0.25,4.0,2048,512,256,1024,448,1810.981,1871.589,1834.534,0.3886
mixed,128,32,0.25,4.0,2048,512,512,2048,896,1853.735,1968.644,1901.066,0.4119
mixed,128,32,0.25,4.0,2048,512,1024,4096,1792,1967.526,2161.094,2007.942,0.2088
mixed,128,32,0.25,4.0,2048,512,2048,8192,3584,2114.724,2576.746,2219.051,0.2258
mixed,128,32,0.25,4.0,2048,512,4096,16384,7168,2463.784,3406.855,2630.119,0.1764
mixed,128,32,0.25,4.0,2048,1024,128,512,224,1901.664,1927.878,1922.245,0.7851
mixed,128,32,0.25,4.0,2048,1024,256,1024,448,1918.592,1984.286,1944.169,0.3893
mixed,128,32,0.25,4.0,2048,1024,512,2048,896,1975.974,2081.984,2014.623,0.3646
mixed,128,32,0.25,4.0,2048,1024,1024,4096,1792,2053.126,2280.932,2121.282,0.2992
mixed,128,32,0.25,4.0,2048,1024,2048,8192,3584,2231.234,2689.577,2339.364,0.2359
mixed,128,32,0.25,4.0,2048,1024,4096,16384,7168,2576.143,3500.226,2760.327,0.1993
mixed,128,32,0.25,4.0,2048,2048,128,512,224,2129.193,2157.644,2154.729,0.8975
mixed,128,32,0.25,4.0,2048,2048,256,1024,448,2164.163,2220.521,2180.01,0.2812
mixed,128,32,0.25,4.0,2048,2048,512,2048,896,2210.051,2318.79,2253.706,0.4015
mixed,128,32,0.25,4.0,2048,2048,1024,4096,1792,2291.778,2511.592,2358.948,0.3056
mixed,128,32,0.25,4.0,2048,2048,2048,8192,3584,2459.397,2910.373,2562.759,0.2292
mixed,128,32,0.25,4.0,2048,2048,4096,16384,7168,2806.823,3693.89,2988.809,0.2052
mixed,128,32,0.25,4.0,2048,4096,128,512,224,2603.015,2625.732,2616.748,0.6045
mixed,128,32,0.25,4.0,2048,4096,256,1024,448,2618.827,2678.479,2635.815,0.2848
mixed,128,32,0.25,4.0,2048,4096,512,2048,896,2665.376,2773.414,2712.686,0.4379
mixed,128,32,0.25,4.0,2048,4096,1024,4096,1792,2755.397,2968.714,2822.535,0.3147
mixed,128,32,0.25,4.0,2048,4096,2048,8192,3584,2915.91,3358.442,3032.231,0.2629
mixed,128,32,0.25,4.0,2048,4096,4096,16384,7168,3256.943,4153.703,3441.991,0.2064
mixed,128,32,0.25,4.0,2048,8192,128,512,224,3482.152,3519.021,3504.076,0.5946
mixed,128,32,0.25,4.0,2048,8192,256,1024,448,3518.662,3570.083,3538.73,0.3903
mixed,128,32,0.25,4.0,2048,8192,512,2048,896,3559.947,3659.081,3601.42,0.4184
mixed,128,32,0.25,4.0,2048,8192,1024,4096,1792,3640.42,3877.066,3701.32,0.2573
mixed,128,32,0.25,4.0,2048,8192,2048,8192,3584,3829.159,4275.181,3918.088,0.1994
mixed,128,32,0.25,4.0,2048,8192,4096,16384,7168,4159.977,5056.874,4343.308,0.2044
pure,128,64,0.5,4.0,0,0,128,512,320,292.93,308.832,320.542,1.7364
pure,128,64,0.5,4.0,0,0,256,1024,640,321.152,364.349,359.549,0.8889
pure,128,64,0.5,4.0,0,0,512,2048,1280,384.031,462.755,427.651,0.5541
pure,128,64,0.5,4.0,0,0,1024,4096,2560,514.049,658.43,573.57,0.4122
pure,128,64,0.5,4.0,0,0,2048,8192,5120,751.811,1054.372,847.139,0.3151
pure,128,64,0.5,4.0,0,0,4096,16384,10240,1246.437,1834.592,1396.131,0.2545
mixed,128,64,0.5,4.0,16,0,128,512,320,308.096,329.827,350.948,1.9719
mixed,128,64,0.5,4.0,16,0,256,1024,640,343.011,380.158,377.763,0.9355
mixed,128,64,0.5,4.0,16,0,512,2048,1280,409.795,481.374,453.57,0.6116
mixed,128,64,0.5,4.0,16,0,1024,4096,2560,533.696,680.933,596.129,0.424
mixed,128,64,0.5,4.0,16,0,2048,8192,5120,779.521,1081.221,869.248,0.2974
mixed,128,64,0.5,4.0,16,0,4096,16384,10240,1266.533,1863.108,1415.3,0.2494
mixed,128,64,0.5,4.0,16,512,128,512,320,352.834,380.997,358.244,0.1921
mixed,128,64,0.5,4.0,16,512,256,1024,640,401.569,447.68,400.671,-0.0195
mixed,128,64,0.5,4.0,16,512,512,2048,1280,476.67,543.267,457.251,-0.2916
mixed,128,64,0.5,4.0,16,512,1024,4096,2560,591.648,746.72,594.464,0.0182
mixed,128,64,0.5,4.0,16,512,2048,8192,5120,834.753,1122.85,865.73,0.1075
mixed,128,64,0.5,4.0,16,512,4096,16384,10240,1306.819,1878.149,1413.06,0.186
mixed,128,64,0.5,4.0,16,1024,128,512,320,361.505,391.968,355.618,-0.1933
mixed,128,64,0.5,4.0,16,1024,256,1024,640,409.506,474.496,400.643,-0.1364
mixed,128,64,0.5,4.0,16,1024,512,2048,1280,505.983,581.281,485.378,-0.2736
mixed,128,64,0.5,4.0,16,1024,1024,4096,2560,629.6,781.35,602.212,-0.1805
mixed,128,64,0.5,4.0,16,1024,2048,8192,5120,865.412,1156.031,862.305,-0.0107
mixed,128,64,0.5,4.0,16,1024,4096,16384,10240,1341.702,1908.936,1412.832,0.1254
mixed,128,64,0.5,4.0,16,2048,128,512,320,355.17,382.884,325.181,-1.0821
mixed,128,64,0.5,4.0,16,2048,256,1024,640,411.395,480.864,397.026,-0.2068
mixed,128,64,0.5,4.0,16,2048,512,2048,1280,512.324,642.014,489.952,-0.1725
mixed,128,64,0.5,4.0,16,2048,1024,4096,2560,700.449,854.533,661.085,-0.2555
mixed,128,64,0.5,4.0,16,2048,2048,8192,5120,954.145,1234.277,872.673,-0.2908
mixed,128,64,0.5,4.0,16,2048,4096,16384,10240,1417.761,1995.139,1405.122,-0.0219
mixed,128,64,0.5,4.0,16,4096,128,512,320,353.058,383.969,353.982,0.0299
mixed,128,64,0.5,4.0,16,4096,256,1024,640,408.931,469.633,376.515,-0.534
mixed,128,64,0.5,4.0,16,4096,512,2048,1280,521.279,646.559,489.248,-0.2557
mixed,128,64,0.5,4.0,16,4096,1024,4096,2560,714.114,980.611,666.527,-0.1786
mixed,128,64,0.5,4.0,16,4096,2048,8192,5120,1089.982,1378.175,1001.824,-0.3059
mixed,128,64,0.5,4.0,16,4096,4096,16384,10240,1566.85,2133.25,1406.339,-0.2834
mixed,128,64,0.5,4.0,16,8192,128,512,320,380.996,393.059,385.824,0.4002
mixed,128,64,0.5,4.0,16,8192,256,1024,640,412.19,470.271,402.816,-0.1614
mixed,128,64,0.5,4.0,16,8192,512,2048,1280,510.975,634.818,496.159,-0.1196
mixed,128,64,0.5,4.0,16,8192,1024,4096,2560,721.857,982.85,658.981,-0.2409
mixed,128,64,0.5,4.0,16,8192,2048,8192,5120,1095.615,1659.302,995.588,-0.1775
mixed,128,64,0.5,4.0,16,8192,4096,16384,10240,1865.384,2438.854,1716.451,-0.2597
mixed,128,64,0.5,4.0,32,0,128,512,320,335.714,356.958,354.979,0.9068
mixed,128,64,0.5,4.0,32,0,256,1024,640,370.465,398.274,392.767,0.802
mixed,128,64,0.5,4.0,32,0,512,2048,1280,419.104,495.2,467.711,0.6388
mixed,128,64,0.5,4.0,32,0,1024,4096,2560,553.059,697.313,612.672,0.4133
mixed,128,64,0.5,4.0,32,0,2048,8192,5120,792.77,1093.825,880.836,0.2925
mixed,128,64,0.5,4.0,32,0,4096,16384,10240,1282.69,1871.745,1429.922,0.2499
mixed,128,64,0.5,4.0,32,512,128,512,320,369.758,390.592,371.17,0.0678
mixed,128,64,0.5,4.0,32,512,256,1024,640,410.018,454.275,407.139,-0.0651
mixed,128,64,0.5,4.0,32,512,512,2048,1280,479.649,559.295,466.018,-0.1711
mixed,128,64,0.5,4.0,32,512,1024,4096,2560,601.247,751.233,601.568,0.0021
mixed,128,64,0.5,4.0,32,512,2048,8192,5120,841.125,1138.596,875.077,0.1141
mixed,128,64,0.5,4.0,32,512,4096,16384,10240,1312.931,1876.068,1423.618,0.1966
mixed,128,64,0.5,4.0,32,1024,128,512,320,366.305,400.705,340.064,-0.7628
mixed,128,64,0.5,4.0,32,1024,256,1024,640,420.223,475.232,412.704,-0.1367
mixed,128,64,0.5,4.0,32,1024,512,2048,1280,510.978,585.245,494.501,-0.2219
mixed,128,64,0.5,4.0,32,1024,1024,4096,2560,634.274,777.731,606.365,-0.1945
mixed,128,64,0.5,4.0,32,1024,2048,8192,5120,875.683,1170.592,869.473,-0.0211
mixed,128,64,0.5,4.0,32,1024,4096,16384,10240,1350.435,1921.697,1425.221,0.1309
mixed,128,64,0.5,4.0,32,2048,128,512,320,364.321,398.339,362.69,-0.0479
mixed,128,64,0.5,4.0,32,2048,256,1024,640,420.831,483.744,382.785,-0.6047
mixed,128,64,0.5,4.0,32,2048,512,2048,1280,520.768,645.6,500.482,-0.1625
mixed,128,64,0.5,4.0,32,2048,1024,4096,2560,698.082,846.724,675.714,-0.1505
mixed,128,64,0.5,4.0,32,2048,2048,8192,5120,948.039,1238.499,875.106,-0.2511
mixed,128,64,0.5,4.0,32,2048,4096,16384,10240,1419.01,2001.54,1420.904,0.0033
mixed,128,64,0.5,4.0,32,4096,128,512,320,412.641,402.785,396.993,
mixed,128,64,0.5,4.0,32,4096,256,1024,640,425.182,479.552,424.29,-0.0164
mixed,128,64,0.5,4.0,32,4096,512,2048,1280,522.242,649.41,507.387,-0.1168
mixed,128,64,0.5,4.0,32,4096,1024,4096,2560,705.539,978.116,678.656,-0.0986
mixed,128,64,0.5,4.0,32,4096,2048,8192,5120,1077.862,1359.973,1014.631,-0.2241
mixed,128,64,0.5,4.0,32,4096,4096,16384,10240,1561.191,2148.838,1416.326,-0.2465
mixed,128,64,0.5,4.0,32,8192,128,512,320,458.019,456.197,426.851,
mixed,128,64,0.5,4.0,32,8192,256,1024,640,496.994,487.489,471.582,
mixed,128,64,0.5,4.0,32,8192,512,2048,1280,524.132,643.011,530.556,0.054
mixed,128,64,0.5,4.0,32,8192,1024,4096,2560,723.781,986.818,673.091,-0.1927
mixed,128,64,0.5,4.0,32,8192,2048,8192,5120,1079.138,1635.426,1002.753,-0.1373
mixed,128,64,0.5,4.0,32,8192,4096,16384,10240,1837.478,2410.693,1701.828,-0.2366
mixed,128,64,0.5,4.0,64,0,128,512,320,361.222,376.226,367.999,0.4517
mixed,128,64,0.5,4.0,64,0,256,1024,640,382.594,426.401,407.17,0.561
mixed,128,64,0.5,4.0,64,0,512,2048,1280,444.322,520.444,481.246,0.4851
mixed,128,64,0.5,4.0,64,0,1024,4096,2560,575.263,728.578,625.442,0.3273
mixed,128,64,0.5,4.0,64,0,2048,8192,5120,825.157,1117.733,893.476,0.2335
mixed,128,64,0.5,4.0,64,0,4096,16384,10240,1305.09,1901.889,1455.428,0.2519
mixed,128,64,0.5,4.0,64,512,128,512,320,378.823,408.319,340.609,-1.2956
mixed,128,64,0.5,4.0,64,512,256,1024,640,419.234,467.842,420.957,0.0354
mixed,128,64,0.5,4.0,64,512,512,2048,1280,496.833,575.682,478.433,-0.2334
mixed,128,64,0.5,4.0,64,512,1024,4096,2560,611.105,763.875,625.928,0.097
mixed,128,64,0.5,4.0,64,512,2048,8192,5120,856.549,1150.851,887.842,0.1063
mixed,128,64,0.5,4.0,64,512,4096,16384,10240,1339.074,1935.907,1434.339,0.1596
mixed,128,64,0.5,4.0,64,1024,128,512,320,381.537,428.772,382.051,0.0109
mixed,128,64,0.5,4.0,64,1024,256,1024,640,422.82,482.596,387.935,-0.5836
mixed,128,64,0.5,4.0,64,1024,512,2048,1280,519.71,596.16,508.737,-0.1435
mixed,128,64,0.5,4.0,64,1024,1024,4096,2560,647.426,798.623,620.293,-0.1795
mixed,128,64,0.5,4.0,64,1024,2048,8192,5120,890.275,1182.562,882.914,-0.0252
mixed,128,64,0.5,4.0,64,1024,4096,16384,10240,1378.501,1957.796,1429.025,0.0872
mixed,128,64,0.5,4.0,64,2048,128,512,320,420.611,413.92,411.425,
mixed,128,64,0.5,4.0,64,2048,256,1024,640,443.649,494.782,435.903,-0.1515
mixed,128,64,0.5,4.0,64,2048,512,2048,1280,535.295,655.232,536.799,0.0125
mixed,128,64,0.5,4.0,64,2048,1024,4096,2560,697.958,862.849,671.552,-0.1601
mixed,128,64,0.5,4.0,64,2048,2048,8192,5120,958.018,1253.061,875.619,-0.2793
mixed,128,64,0.5,4.0,64,2048,4096,16384,10240,1433.569,2020.291,1420.579,-0.0221
mixed,128,64,0.5,4.0,64,4096,128,512,320,464.513,481.344,448.766,-0.9356
mixed,128,64,0.5,4.0,64,4096,256,1024,640,499.688,498.048,492.481,
mixed,128,64,0.5,4.0,64,4096,512,2048,1280,550.914,674.947,547.585,-0.0268
mixed,128,64,0.5,4.0,64,4096,1024,4096,2560,720.419,979.171,707.076,-0.0516
mixed,128,64,0.5,4.0,64,4096,2048,8192,5120,1078.081,1382.468,994.885,-0.2733
mixed,128,64,0.5,4.0,64,4096,4096,16384,10240,1569.189,2153.061,1410.945,-0.271
mixed,128,64,0.5,4.0,64,8192,128,512,320,539.583,538.595,543.075,
mixed,128,64,0.5,4.0,64,8192,256,1024,640,566.782,632.256,571.423,0.0709
mixed,128,64,0.5,4.0,64,8192,512,2048,1280,660.097,665.729,665.699,0.9947
mixed,128,64,0.5,4.0,64,8192,1024,4096,2560,740.417,983.326,744.642,0.0174
mixed,128,64,0.5,4.0,64,8192,2048,8192,5120,1091.073,1623.842,1038.851,-0.098
mixed,128,64,0.5,4.0,64,8192,4096,16384,10240,1818.882,2401.924,1642.245,-0.303
mixed,128,64,0.5,4.0,128,0,128,512,320,372.578,394.399,385.155,0.5764
mixed,128,64,0.5,4.0,128,0,256,1024,640,407.586,447.364,424.417,0.4231
mixed,128,64,0.5,4.0,128,0,512,2048,1280,468.288,544.0,495.265,0.3563
mixed,128,64,0.5,4.0,128,0,1024,4096,2560,595.172,744.128,637.827,0.2864
mixed,128,64,0.5,4.0,128,0,2048,8192,5120,846.558,1146.626,911.494,0.2164
mixed,128,64,0.5,4.0,128,0,4096,16384,10240,1335.102,1923.972,1461.634,0.2149
mixed,128,64,0.5,4.0,128,512,128,512,320,376.575,412.518,376.096,-0.0133
mixed,128,64,0.5,4.0,128,512,256,1024,640,428.77,467.523,404.03,-0.6384
mixed,128,64,0.5,4.0,128,512,512,2048,1280,497.855,572.356,491.295,-0.0881
mixed,128,64,0.5,4.0,128,512,1024,4096,2560,619.938,771.684,634.496,0.0959
mixed,128,64,0.5,4.0,128,512,2048,8192,5120,862.625,1158.981,906.401,0.1477
mixed,128,64,0.5,4.0,128,512,4096,16384,10240,1355.523,1938.18,1454.017,0.169
mixed,128,64,0.5,4.0,128,1024,128,512,320,437.888,411.684,444.002,
mixed,128,64,0.5,4.0,128,1024,256,1024,640,432.61,497.602,431.11,-0.0231
mixed,128,64,0.5,4.0,128,1024,512,2048,1280,521.12,600.16,524.063,0.0372
mixed,128,64,0.5,4.0,128,1024,1024,4096,2560,647.585,800.035,632.002,-0.1022
mixed,128,64,0.5,4.0,128,1024,2048,8192,5120,894.241,1201.797,904.13,0.0322
mixed,128,64,0.5,4.0,128,1024,4096,16384,10240,1376.546,1969.862,1455.108,0.1324
mixed,128,64,0.5,4.0,128,2048,128,512,320,482.912,503.744,484.193,0.0615
mixed,128,64,0.5,4.0,128,2048,256,1024,640,516.163,490.976,535.873,
mixed,128,64,0.5,4.0,128,2048,512,2048,1280,532.545,653.925,533.665,0.0092
mixed,128,64,0.5,4.0,128,2048,1024,4096,2560,710.087,850.014,694.724,-0.1098
mixed,128,64,0.5,4.0,128,2048,2048,8192,5120,953.121,1251.905,901.181,-0.1738
mixed,128,64,0.5,4.0,128,2048,4096,16384,10240,1443.364,2028.707,1448.357,0.0085
mixed,128,64,0.5,4.0,128,4096,128,512,320,556.609,576.831,565.698,0.4495
mixed,128,64,0.5,4.0,128,4096,256,1024,640,594.111,632.418,609.825,0.4102
mixed,128,64,0.5,4.0,128,4096,512,2048,1280,662.113,660.1,701.346,
mixed,128,64,0.5,4.0,128,4096,1024,4096,2560,741.057,978.433,740.58,-0.002
mixed,128,64,0.5,4.0,128,4096,2048,8192,5120,1076.611,1372.678,1031.49,-0.1524
mixed,128,64,0.5,4.0,128,4096,4096,16384,10240,1573.697,2157.379,1454.143,-0.2048
mixed,128,64,0.5,4.0,128,8192,128,512,320,711.872,738.087,718.976,0.271
mixed,128,64,0.5,4.0,128,8192,256,1024,640,750.115,791.556,769.121,0.4586
mixed,128,64,0.5,4.0,128,8192,512,2048,1280,813.412,888.609,854.564,0.5473
mixed,128,64,0.5,4.0,128,8192,1024,4096,2560,940.932,977.827,1029.025,2.3877
mixed,128,64,0.5,4.0,128,8192,2048,8192,5120,1137.186,1608.003,1134.24,-0.0063
mixed,128,64,0.5,4.0,128,8192,4096,16384,10240,1810.759,2398.15,1693.702,-0.1993
mixed,128,64,0.5,4.0,256,0,128,512,320,399.457,420.06,399.712,0.0124
mixed,128,64,0.5,4.0,256,0,256,1024,640,435.199,474.303,426.529,-0.2217
mixed,128,64,0.5,4.0,256,0,512,2048,1280,495.745,568.767,521.216,0.3488
mixed,128,64,0.5,4.0,256,0,1024,4096,2560,622.431,769.504,698.02,0.514
mixed,128,64,0.5,4.0,256,0,2048,8192,5120,863.686,1166.371,1032.031,0.5562
mixed,128,64,0.5,4.0,256,0,4096,16384,10240,1368.801,1971.843,1703.333,0.5547
mixed,128,64,0.5,4.0,256,512,128,512,320,442.178,465.892,437.664,-0.1904
mixed,128,64,0.5,4.0,256,512,256,1024,640,481.216,519.776,487.936,0.1743
mixed,128,64,0.5,4.0,256,512,512,2048,1280,544.832,620.8,578.243,0.4398
mixed,128,64,0.5,4.0,256,512,1024,4096,2560,668.769,815.941,753.06,0.5727
mixed,128,64,0.5,4.0,256,512,2048,8192,5120,910.819,1210.371,1088.161,0.592
mixed,128,64,0.5,4.0,256,512,4096,16384,10240,1398.85,1991.586,1750.343,0.593
mixed,128,64,0.5,4.0,256,1024,128,512,320,482.435,503.649,474.306,-0.3832
mixed,128,64,0.5,4.0,256,1024,256,1024,640,515.393,561.408,523.427,0.1746
mixed,128,64,0.5,4.0,256,1024,512,2048,1280,582.72,660.675,618.787,0.4627
mixed,128,64,0.5,4.0,256,1024,1024,4096,2560,708.069,850.623,787.169,0.5549
mixed,128,64,0.5,4.0,256,1024,2048,8192,5120,950.752,1244.866,1123.204,0.5863
mixed,128,64,0.5,4.0,256,1024,4096,16384,10240,1434.787,2016.002,1790.242,0.6116
mixed,128,64,0.5,4.0,256,2048,128,512,320,555.039,579.393,550.243,-0.1969
mixed,128,64,0.5,4.0,256,2048,256,1024,640,593.412,635.008,600.128,0.1615
mixed,128,64,0.5,4.0,256,2048,512,2048,1280,654.817,731.201,687.78,0.4315
mixed,128,64,0.5,4.0,256,2048,1024,4096,2560,772.292,925.605,860.576,0.5758
mixed,128,64,0.5,4.0,256,2048,2048,8192,5120,1017.348,1313.092,1198.051,0.611
mixed,128,64,0.5,4.0,256,2048,4096,16384,10240,1506.689,2090.661,1863.141,0.6104
mixed,128,64,0.5,4.0,256,4096,128,512,320,708.642,732.833,709.662,0.0422
mixed,128,64,0.5,4.0,256,4096,256,1024,640,744.387,785.891,756.61,0.2945
mixed,128,64,0.5,4.0,256,4096,512,2048,1280,811.517,878.084,843.809,0.4851
mixed,128,64,0.5,4.0,256,4096,1024,4096,2560,929.665,1079.172,1013.411,0.5601
mixed,128,64,0.5,4.0,256,4096,2048,8192,5120,1170.306,1473.028,1355.076,0.6104
mixed,128,64,0.5,4.0,256,4096,4096,16384,10240,1660.388,2245.221,2023.718,0.6213
mixed,128,64,0.5,4.0,256,8192,128,512,320,1003.265,1022.467,1012.576,0.4849
mixed,128,64,0.5,4.0,256,8192,256,1024,640,1035.552,1079.425,1058.532,0.5238
mixed,128,64,0.5,4.0,256,8192,512,2048,1280,1105.346,1179.493,1145.762,0.5451
mixed,128,64,0.5,4.0,256,8192,1024,4096,2560,1224.803,1374.72,1313.893,0.5943
mixed,128,64,0.5,4.0,256,8192,2048,8192,5120,1472.419,1767.143,1650.114,0.6029
mixed,128,64,0.5,4.0,256,8192,4096,16384,10240,1949.218,2537.351,2320.451,0.6312
mixed,128,64,0.5,4.0,512,0,128,512,320,564.226,586.467,560.029,-0.1887
mixed,128,64,0.5,4.0,512,0,256,1024,640,604.415,642.846,601.443,-0.0773
mixed,128,64,0.5,4.0,512,0,512,2048,1280,668.419,745.822,663.743,-0.0604
mixed,128,64,0.5,4.0,512,0,1024,4096,2560,795.845,935.556,828.801,0.2359
mixed,128,64,0.5,4.0,512,0,2048,8192,5120,1031.012,1317.508,1160.964,0.4536
mixed,128,64,0.5,4.0,512,0,4096,16384,10240,1512.867,2094.696,1832.452,0.5493
mixed,128,64,0.5,4.0,512,512,128,512,320,644.543,668.74,654.531,0.4128
mixed,128,64,0.5,4.0,512,512,256,1024,640,683.329,721.857,704.449,0.5482
mixed,128,64,0.5,4.0,512,512,512,2048,1280,748.321,821.92,793.665,0.6161
mixed,128,64,0.5,4.0,512,512,1024,4096,2560,867.363,1017.288,965.055,0.6516
mixed,128,64,0.5,4.0,512,512,2048,8192,5120,1114.528,1411.174,1294.662,0.6072
mixed,128,64,0.5,4.0,512,512,4096,16384,10240,1603.013,2184.357,1966.148,0.6246
mixed,128,64,0.5,4.0,512,1024,128,512,320,725.697,742.948,731.103,0.3134
mixed,128,64,0.5,4.0,512,1024,256,1024,640,762.945,802.435,779.842,0.4279
mixed,128,64,0.5,4.0,512,1024,512,2048,1280,819.776,900.323,869.442,0.6166
mixed,128,64,0.5,4.0,512,1024,1024,4096,2560,942.242,1092.548,1035.588,0.621
mixed,128,64,0.5,4.0,512,1024,2048,8192,5120,1190.118,1486.531,1368.736,0.6026
mixed,128,64,0.5,4.0,512,1024,4096,16384,10240,1680.966,2257.092,2039.173,0.6218
mixed,128,64,0.5,4.0,512,2048,128,512,320,870.53,896.414,881.631,0.4289
mixed,128,64,0.5,4.0,512,2048,256,1024,640,908.994,946.627,932.707,0.6301
mixed,128,64,0.5,4.0,512,2048,512,2048,1280,971.011,1042.88,1016.96,0.6393
mixed,128,64,0.5,4.0,512,2048,1024,4096,2560,1091.041,1244.29,1190.852,0.6513
mixed,128,64,0.5,4.0,512,2048,2048,8192,5120,1338.341,1636.705,1529.41,0.6404
mixed,128,64,0.5,4.0,512,2048,4096,16384,10240,1820.902,2407.943,2193.989,0.6355
mixed,128,64,0.5,4.0,512,4096,128,512,320,1168.324,1190.149,1180.42,0.5542
mixed,128,64,0.5,4.0,512,4096,256,1024,640,1202.404,1237.637,1223.169,0.5894
mixed,128,64,0.5,4.0,512,4096,512,2048,1280,1260.644,1335.49,1309.921,0.6584
mixed,128,64,0.5,4.0,512,4096,1024,4096,2560,1378.979,1539.781,1480.196,0.6295
mixed,128,64,0.5,4.0,512,4096,2048,8192,5120,1628.769,1927.749,1828.515,0.6681
mixed,128,64,0.5,4.0,512,4096,4096,16384,10240,2120.743,2701.129,2489.892,0.636
mixed,128,64,0.5,4.0,512,8192,128,512,320,1773.288,1791.429,1759.588,-0.7552
mixed,128,64,0.5,4.0,512,8192,256,1024,640,1804.037,1837.636,1832.259,0.84
mixed,128,64,0.5,4.0,512,8192,512,2048,1280,1860.101,1931.045,1921.031,0.8588
mixed,128,64,0.5,4.0,512,8192,1024,4096,2560,1979.909,2125.318,2084.581,0.7198
mixed,128,64,0.5,4.0,512,8192,2048,8192,5120,2219.303,2524.358,2424.77,0.6735
mixed,128,64,0.5,4.0,512,8192,4096,16384,10240,2710.886,3292.169,3099.082,0.6678
mixed,128,64,0.5,4.0,1024,0,128,512,320,898.499,914.403,926.787,1.7787
mixed,128,64,0.5,4.0,1024,0,256,1024,640,936.643,972.737,958.112,0.5948
mixed,128,64,0.5,4.0,1024,0,512,2048,1280,992.606,1071.845,1034.113,0.5238
mixed,128,64,0.5,4.0,1024,0,1024,4096,2560,1118.147,1267.011,1174.852,0.3809
mixed,128,64,0.5,4.0,1024,0,2048,8192,5120,1368.29,1689.125,1452.832,0.2635
mixed,128,64,0.5,4.0,1024,0,4096,16384,10240,1875.562,2510.787,2016.77,0.2223
mixed,128,64,0.5,4.0,1024,512,128,512,320,1057.701,1083.33,1077.512,0.773
mixed,128,64,0.5,4.0,1024,512,256,1024,640,1092.417,1135.906,1121.702,0.6734
mixed,128,64,0.5,4.0,1024,512,512,2048,1280,1157.347,1238.822,1195.689,0.4706
mixed,128,64,0.5,4.0,1024,512,1024,4096,2560,1276.546,1426.439,1336.961,0.4031
mixed,128,64,0.5,4.0,1024,512,2048,8192,5120,1536.003,1851.716,1613.348,0.245
mixed,128,64,0.5,4.0,1024,512,4096,16384,10240,2045.952,2676.615,2183.554,0.2182
mixed,128,64,0.5,4.0,1024,1024,128,512,320,1136.197,1160.191,1157.888,0.904
mixed,128,64,0.5,4.0,1024,1024,256,1024,640,1166.243,1205.664,1201.062,0.8833
mixed,128,64,0.5,4.0,1024,1024,512,2048,1280,1230.114,1303.88,1274.656,0.6038
mixed,128,64,0.5,4.0,1024,1024,1024,4096,2560,1357.218,1505.797,1428.93,0.4827
mixed,128,64,0.5,4.0,1024,1024,2048,8192,5120,1602.084,1926.693,1690.081,0.2711
mixed,128,64,0.5,4.0,1024,1024,4096,16384,10240,2119.458,2740.451,2260.224,0.2267
mixed,128,64,0.5,4.0,1024,2048,128,512,320,1285.954,1309.478,1315.685,1.2639
mixed,128,64,0.5,4.0,1024,2048,256,1024,640,1319.719,1362.088,1347.267,0.6502
mixed,128,64,0.5,4.0,1024,2048,512,2048,1280,1383.451,1450.501,1418.598,0.5242
mixed,128,64,0.5,4.0,1024,2048,1024,4096,2560,1509.573,1652.615,1563.912,0.3799
mixed,128,64,0.5,4.0,1024,2048,2048,8192,5120,1757.697,2058.21,1842.759,0.2831
mixed,128,64,0.5,4.0,1024,2048,4096,16384,10240,2250.559,2844.075,2399.3,0.2506
mixed,128,64,0.5,4.0,1024,4096,128,512,320,1613.477,1634.789,1639.875,1.2386
mixed,128,64,0.5,4.0,1024,4096,256,1024,640,1649.701,1690.245,1683.486,0.8333
mixed,128,64,0.5,4.0,1024,4096,512,2048,1280,1713.765,1790.435,1756.127,0.5525
mixed,128,64,0.5,4.0,1024,4096,1024,4096,2560,1837.279,1985.251,1896.198,0.3982
mixed,128,64,0.5,4.0,1024,4096,2048,8192,5120,2078.021,2374.21,2160.736,0.2793
mixed,128,64,0.5,4.0,1024,4096,4096,16384,10240,2569.987,3151.75,2715.306,0.2498
mixed,128,64,0.5,4.0,1024,8192,128,512,320,2234.374,2256.937,2265.635,1.3855
mixed,128,64,0.5,4.0,1024,8192,256,1024,640,2266.663,2307.494,2308.743,1.0306
mixed,128,64,0.5,4.0,1024,8192,512,2048,1280,2332.39,2411.144,2381.704,0.6262
mixed,128,64,0.5,4.0,1024,8192,1024,4096,2560,2462.253,2605.029,2513.61,0.3597
mixed,128,64,0.5,4.0,1024,8192,2048,8192,5120,2698.468,2998.084,2783.757,0.2847
mixed,128,64,0.5,4.0,1024,8192,4096,16384,10240,3200.867,3781.542,3342.411,0.2438
mixed,128,64,0.5,4.0,2048,0,128,512,320,1571.97,1599.141,1605.35,1.2285
mixed,128,64,0.5,4.0,2048,0,256,1024,640,1612.258,1649.76,1644.523,0.8604
mixed,128,64,0.5,4.0,2048,0,512,2048,1280,1680.967,1762.112,1719.846,0.4791
mixed,128,64,0.5,4.0,2048,0,1024,4096,2560,1799.941,1941.898,1855.94,0.3945
mixed,128,64,0.5,4.0,2048,0,2048,8192,5120,2044.006,2358.599,2121.736,0.2471
mixed,128,64,0.5,4.0,2048,0,4096,16384,10240,2539.969,3126.659,2688.645,0.2534
mixed,128,64,0.5,4.0,2048,512,128,512,320,1796.257,1819.749,1824.071,1.184
mixed,128,64,0.5,4.0,2048,512,256,1024,640,1833.928,1873.893,1863.65,0.7437
mixed,128,64,0.5,4.0,2048,512,512,2048,1280,1903.871,1975.337,1931.939,0.3927
mixed,128,64,0.5,4.0,2048,512,1024,4096,2560,2019.494,2179.334,2080.099,0.3792
mixed,128,64,0.5,4.0,2048,512,2048,8192,5120,2272.876,2583.269,2349.089,0.2455
mixed,128,64,0.5,4.0,2048,512,4096,16384,10240,2780.418,3408.839,2915.271,0.2146
mixed,128,64,0.5,4.0,2048,1024,128,512,320,1916.068,1932.162,1938.949,1.4217
mixed,128,64,0.5,4.0,2048,1024,256,1024,640,1954.308,1982.31,1976.556,0.7945
mixed,128,64,0.5,4.0,2048,1024,512,2048,1280,2018.055,2096.929,2049.379,0.3971
mixed,128,64,0.5,4.0,2048,1024,1024,4096,2560,2134.792,2274.275,2189.826,0.3946
mixed,128,64,0.5,4.0,2048,1024,2048,8192,5120,2376.231,2688.81,2456.836,0.2579
mixed,128,64,0.5,4.0,2048,1024,4096,16384,10240,2885.448,3504.235,3030.7,0.2347
mixed,128,64,0.5,4.0,2048,2048,128,512,320,2152.42,2169.705,2175.491,1.3347
mixed,128,64,0.5,4.0,2048,2048,256,1024,640,2181.704,2226.215,2208.172,0.5946
mixed,128,64,0.5,4.0,2048,2048,512,2048,1280,2245.861,2315.04,2285.221,0.569
mixed,128,64,0.5,4.0,2048,2048,1024,4096,2560,2368.676,2520.292,2428.899,0.3972
mixed,128,64,0.5,4.0,2048,2048,2048,8192,5120,2604.642,2912.586,2684.68,0.2599
mixed,128,64,0.5,4.0,2048,2048,4096,16384,10240,3117.031,3696.493,3240.387,0.2129
mixed,128,64,0.5,4.0,2048,4096,128,512,320,2612.902,2624.97,2640.609,2.2959
mixed,128,64,0.5,4.0,2048,4096,256,1024,640,2654.181,2674.724,2672.643,0.8987
mixed,128,64,0.5,4.0,2048,4096,512,2048,1280,2699.145,2770.151,2744.841,0.6436
mixed,128,64,0.5,4.0,2048,4096,1024,4096,2560,2823.14,2967.753,2884.649,0.4253
mixed,128,64,0.5,4.0,2048,4096,2048,8192,5120,3067.016,3366.603,3145.763,0.2629
mixed,128,64,0.5,4.0,2048,4096,4096,16384,10240,3556.71,4153.931,3699.859,0.2397
mixed,128,64,0.5,4.0,2048,8192,128,512,320,3496.077,3514.542,3519.942,1.2924
mixed,128,64,0.5,4.0,2048,8192,256,1024,640,3542.892,3569.994,3572.906,1.1074
mixed,128,64,0.5,4.0,2048,8192,512,2048,1280,3601.036,3682.57,3633.386,0.3968
mixed,128,64,0.5,4.0,2048,8192,1024,4096,2560,3729.161,3863.37,3785.19,0.4175
mixed,128,64,0.5,4.0,2048,8192,2048,8192,5120,3973.064,4270.636,4061.291,0.2965
mixed,128,64,0.5,4.0,2048,8192,4096,16384,10240,4467.625,5049.516,4604.429,0.2351
pure,128,96,0.75,4.0,0,0,128,512,416,298.847,309.89,340.034,3.7297
pure,128,96,0.75,4.0,0,0,256,1024,832,341.025,360.128,385.156,2.3102
pure,128,96,0.75,4.0,0,0,512,2048,1664,419.84,458.631,485.505,1.6928
pure,128,96,0.75,4.0,0,0,1024,4096,3328,581.506,663.559,671.392,1.0955
pure,128,96,0.75,4.0,0,0,2048,8192,6656,905.473,1058.596,1017.568,0.7321
pure,128,96,0.75,4.0,0,0,4096,16384,13312,1542.052,1836.068,1731.334,0.6438
mixed,128,96,0.75,4.0,16,0,128,512,416,318.913,330.853,325.92,0.5869
mixed,128,96,0.75,4.0,16,0,256,1024,832,362.882,382.942,416.928,2.6942
mixed,128,96,0.75,4.0,16,0,512,2048,1664,447.52,485.312,509.953,1.652
mixed,128,96,0.75,4.0,16,0,1024,4096,3328,609.41,686.818,689.763,1.038
mixed,128,96,0.75,4.0,16,0,2048,8192,6656,931.744,1078.948,1040.803,0.7409
mixed,128,96,0.75,4.0,16,0,4096,16384,13312,1568.64,1859.044,1750.947,0.6278
mixed,128,96,0.75,4.0,16,512,128,512,416,362.562,381.062,327.682,-1.8854
mixed,128,96,0.75,4.0,16,512,256,1024,832,425.15,447.837,412.863,-0.5416
mixed,128,96,0.75,4.0,16,512,512,2048,1664,507.905,549.058,508.48,0.014
mixed,128,96,0.75,4.0,16,512,1024,4096,3328,667.583,742.53,695.01,0.366
mixed,128,96,0.75,4.0,16,512,2048,8192,6656,980.1,1115.967,1041.185,0.4496
mixed,128,96,0.75,4.0,16,512,4096,16384,13312,1592.997,1880.772,1754.437,0.561
mixed,128,96,0.75,4.0,16,1024,128,512,416,363.618,392.641,333.73,-1.0298
mixed,128,96,0.75,4.0,16,1024,256,1024,832,436.512,472.416,368.001,-1.9082
mixed,128,96,0.75,4.0,16,1024,512,2048,1664,552.257,585.474,511.618,-1.2234
mixed,128,96,0.75,4.0,16,1024,1024,4096,3328,706.304,777.728,693.376,-0.181
mixed,128,96,0.75,4.0,16,1024,2048,8192,6656,1014.111,1166.243,1045.605,0.207
mixed,128,96,0.75,4.0,16,1024,4096,16384,13312,1624.228,1908.996,1753.06,0.4524
mixed,128,96,0.75,4.0,16,2048,128,512,416,369.538,382.081,351.553,-1.4339
mixed,128,96,0.75,4.0,16,2048,256,1024,832,438.299,476.159,370.337,-1.7951
mixed,128,96,0.75,4.0,16,2048,512,2048,1664,551.267,640.483,526.237,-0.2806
mixed,128,96,0.75,4.0,16,2048,1024,4096,3328,786.047,856.129,689.506,-1.3775
mixed,128,96,0.75,4.0,16,2048,2048,8192,6656,1090.177,1245.443,1046.239,-0.283
mixed,128,96,0.75,4.0,16,2048,4096,16384,13312,1709.063,1989.635,1756.004,0.1673
mixed,128,96,0.75,4.0,16,4096,128,512,416,366.527,386.465,380.192,0.6854
mixed,128,96,0.75,4.0,16,4096,256,1024,832,435.744,474.753,410.751,-0.6407
mixed,128,96,0.75,4.0,16,4096,512,2048,1664,578.816,643.904,462.564,-1.7861
mixed,128,96,0.75,4.0,16,4096,1024,4096,3328,787.297,986.496,696.8,-0.4543
mixed,128,96,0.75,4.0,16,4096,2048,8192,6656,1239.879,1374.756,1043.139,-1.4587
mixed,128,96,0.75,4.0,16,4096,4096,16384,13312,1860.485,2142.407,1775.399,-0.3018
mixed,128,96,0.75,4.0,16,8192,128,512,416,374.278,390.08,386.463,0.7711
mixed,128,96,0.75,4.0,16,8192,256,1024,832,438.944,468.96,468.705,0.9915
mixed,128,96,0.75,4.0,16,8192,512,2048,1664,569.538,636.768,524.226,-0.674
mixed,128,96,0.75,4.0,16,8192,1024,4096,3328,847.363,981.958,643.938,-1.5114
mixed,128,96,0.75,4.0,16,8192,2048,8192,6656,1242.116,1658.022,1052.323,-0.4563
mixed,128,96,0.75,4.0,16,8192,4096,16384,13312,2160.902,2441.095,1776.676,-1.3713
mixed,128,96,0.75,4.0,32,0,128,512,416,348.672,358.177,332.289,-1.7236
mixed,128,96,0.75,4.0,32,0,256,1024,832,376.094,394.659,427.138,2.7495
mixed,128,96,0.75,4.0,32,0,512,2048,1664,461.822,498.496,524.482,1.7086
mixed,128,96,0.75,4.0,32,0,1024,4096,3328,622.367,697.22,709.12,1.159
mixed,128,96,0.75,4.0,32,0,2048,8192,6656,944.385,1091.17,1056.257,0.7621
mixed,128,96,0.75,4.0,32,0,4096,16384,13312,1579.654,1875.301,1768.001,0.6371
mixed,128,96,0.75,4.0,32,512,128,512,416,369.154,390.43,334.019,-1.6514
mixed,128,96,0.75,4.0,32,512,256,1024,832,433.44,451.966,380.225,-2.8724
mixed,128,96,0.75,4.0,32,512,512,2048,1664,514.501,552.897,518.72,0.1099
mixed,128,96,0.75,4.0,32,512,1024,4096,3328,669.537,748.419,706.019,0.4625
mixed,128,96,0.75,4.0,32,512,2048,8192,6656,989.858,1125.667,1057.953,0.5014
mixed,128,96,0.75,4.0,32,512,4096,16384,13312,1606.182,1887.465,1769.926,0.5821
mixed,128,96,0.75,4.0,32,1024,128,512,416,373.472,403.617,370.08,-0.1125
mixed,128,96,0.75,4.0,32,1024,256,1024,832,445.634,477.922,379.748,-2.0406
mixed,128,96,0.75,4.0,32,1024,512,2048,1664,550.694,588.768,520.704,-0.7877
mixed,128,96,0.75,4.0,32,1024,1024,4096,3328,705.506,772.579,707.586,0.031
mixed,128,96,0.75,4.0,32,1024,2048,8192,6656,1027.233,1156.609,1060.068,0.2538
mixed,128,96,0.75,4.0,32,1024,4096,16384,13312,1630.885,1927.047,1769.895,0.4694
mixed,128,96,0.75,4.0,32,2048,128,512,416,379.714,396.896,391.999,0.715
mixed,128,96,0.75,4.0,32,2048,256,1024,832,448.705,489.537,429.822,-0.4625
mixed,128,96,0.75,4.0,32,2048,512,2048,1664,579.973,646.24,468.419,-1.6834
mixed,128,96,0.75,4.0,32,2048,1024,4096,3328,774.915,847.074,704.228,-0.9796
mixed,128,96,0.75,4.0,32,2048,2048,8192,6656,1093.474,1232.545,1056.318,-0.2672
mixed,128,96,0.75,4.0,32,2048,4096,16384,13312,1709.764,2013.924,1773.634,0.21
mixed,128,96,0.75,4.0,32,4096,128,512,416,386.559,400.127,396.354,0.7219
mixed,128,96,0.75,4.0,32,4096,256,1024,832,452.356,479.713,473.214,0.7624
mixed,128,96,0.75,4.0,32,4096,512,2048,1664,581.346,653.444,537.125,-0.6133
mixed,128,96,0.75,4.0,32,4096,1024,4096,3328,852.322,981.827,649.728,-1.5644
mixed,128,96,0.75,4.0,32,4096,2048,8192,6656,1226.47,1358.307,1055.494,-1.2969
mixed,128,96,0.75,4.0,32,4096,4096,16384,13312,1853.413,2140.067,1772.609,-0.2819
mixed,128,96,0.75,4.0,32,8192,128,512,416,464.675,452.962,431.551,
mixed,128,96,0.75,4.0,32,8192,256,1024,832,469.026,487.46,477.056,0.4356
mixed,128,96,0.75,4.0,32,8192,512,2048,1664,582.947,644.51,638.5,0.9024
mixed,128,96,0.75,4.0,32,8192,1024,4096,3328,849.764,976.449,752.549,-0.7674
mixed,128,96,0.75,4.0,32,8192,2048,8192,6656,1389.413,1636.133,1002.657,-1.5676
mixed,128,96,0.75,4.0,32,8192,4096,16384,13312,2111.427,2410.662,1788.581,-1.0789
mixed,128,96,0.75,4.0,64,0,128,512,416,364.898,373.06,347.328,-2.1527
mixed,128,96,0.75,4.0,64,0,256,1024,832,402.754,425.696,435.81,1.4409
mixed,128,96,0.75,4.0,64,0,512,2048,1664,482.469,519.294,539.778,1.5563
mixed,128,96,0.75,4.0,64,0,1024,4096,3328,643.776,724.738,718.499,0.9229
mixed,128,96,0.75,4.0,64,0,2048,8192,6656,972.258,1122.083,1068.069,0.6395
mixed,128,96,0.75,4.0,64,0,4096,16384,13312,1605.474,1888.454,1781.546,0.6222
mixed,128,96,0.75,4.0,64,512,128,512,416,384.126,407.265,379.008,-0.2212
mixed,128,96,0.75,4.0,64,512,256,1024,832,444.931,466.689,409.346,-1.6355
mixed,128,96,0.75,4.0,64,512,512,2048,1664,526.655,569.22,527.583,0.0218
mixed,128,96,0.75,4.0,64,512,1024,4096,3328,679.811,771.36,713.538,0.3684
mixed,128,96,0.75,4.0,64,512,2048,8192,6656,1000.741,1146.245,1066.402,0.4513
mixed,128,96,0.75,4.0,64,512,4096,16384,13312,1635.941,1939.655,1776.355,0.4623
mixed,128,96,0.75,4.0,64,1024,128,512,416,400.225,422.278,414.944,0.6674
mixed,128,96,0.75,4.0,64,1024,256,1024,832,454.754,491.267,429.507,-0.6915
mixed,128,96,0.75,4.0,64,1024,512,2048,1664,561.698,611.97,483.873,-1.5481
mixed,128,96,0.75,4.0,64,1024,1024,4096,3328,717.725,796.415,720.032,0.0293
mixed,128,96,0.75,4.0,64,1024,2048,8192,6656,1033.796,1193.285,1073.89,0.2514
mixed,128,96,0.75,4.0,64,1024,4096,16384,13312,1673.443,1952.834,1783.491,0.3939
mixed,128,96,0.75,4.0,64,2048,128,512,416,396.769,412.355,408.385,0.7453
mixed,128,96,0.75,4.0,64,2048,256,1024,832,471.269,503.328,496.227,0.7785
mixed,128,96,0.75,4.0,64,2048,512,2048,1664,588.031,652.387,530.85,-0.8885
mixed,128,96,0.75,4.0,64,2048,1024,4096,3328,784.674,863.843,667.711,-1.4774
mixed,128,96,0.75,4.0,64,2048,2048,8192,6656,1090.339,1255.685,1063.942,-0.1596
mixed,128,96,0.75,4.0,64,2048,4096,16384,13312,1734.37,2030.056,1782.981,0.1644
mixed,128,96,0.75,4.0,64,4096,128,512,416,469.823,483.357,478.175,0.6171
mixed,128,96,0.75,4.0,64,4096,256,1024,832,484.772,500.737,492.483,0.483
mixed,128,96,0.75,4.0,64,4096,512,2048,1664,598.108,666.531,662.211,0.9369
mixed,128,96,0.75,4.0,64,4096,1024,4096,3328,851.681,982.212,736.381,-0.8833
mixed,128,96,0.75,4.0,64,4096,2048,8192,6656,1226.628,1375.234,1021.636,-1.3794
mixed,128,96,0.75,4.0,64,4096,4096,16384,13312,1864.548,2157.254,1780.489,-0.2872
mixed,128,96,0.75,4.0,64,8192,128,512,416,555.395,540.193,541.766,
mixed,128,96,0.75,4.0,64,8192,256,1024,832,619.971,631.039,588.577,-2.8365
mixed,128,96,0.75,4.0,64,8192,512,2048,1664,691.074,665.216,722.66,
mixed,128,96,0.75,4.0,64,8192,1024,4096,3328,863.678,989.153,982.85,0.9498
mixed,128,96,0.75,4.0,64,8192,2048,8192,6656,1367.812,1615.524,1155.202,-0.8583
mixed,128,96,0.75,4.0,64,8192,4096,16384,13312,2113.862,2402.02,1672.839,-1.5305
mixed,128,96,0.75,4.0,128,0,128,512,416,385.569,395.103,377.566,-0.8394
mixed,128,96,0.75,4.0,128,0,256,1024,832,428.61,448.801,453.662,1.2408
mixed,128,96,0.75,4.0,128,0,512,2048,1664,509.76,545.059,552.609,1.2139
mixed,128,96,0.75,4.0,128,0,1024,4096,3328,667.776,745.601,735.616,0.8717
mixed,128,96,0.75,4.0,128,0,2048,8192,6656,992.834,1146.435,1091.491,0.6423
mixed,128,96,0.75,4.0,128,0,4096,16384,13312,1629.763,1924.676,1806.272,0.5985
mixed,128,96,0.75,4.0,128,512,128,512,416,390.243,412.772,405.183,0.6631
mixed,128,96,0.75,4.0,128,512,256,1024,832,444.674,467.173,462.367,0.7864
mixed,128,96,0.75,4.0,128,512,512,2048,1664,540.097,573.345,561.824,0.6535
mixed,128,96,0.75,4.0,128,512,1024,4096,3328,693.858,772.996,730.211,0.4594
mixed,128,96,0.75,4.0,128,512,2048,8192,6656,1019.525,1163.396,1085.056,0.4555
mixed,128,96,0.75,4.0,128,512,4096,16384,13312,1643.355,1943.655,1798.561,0.5168
mixed,128,96,0.75,4.0,128,1024,128,512,416,388.569,406.109,403.968,0.8779
mixed,128,96,0.75,4.0,128,1024,256,1024,832,463.811,496.511,492.321,0.8719
mixed,128,96,0.75,4.0,128,1024,512,2048,1664,564.387,600.799,596.224,0.8744
mixed,128,96,0.75,4.0,128,1024,1024,4096,3328,724.769,797.152,770.723,0.6349
mixed,128,96,0.75,4.0,128,1024,2048,8192,6656,1046.595,1196.773,1085.566,0.2595
mixed,128,96,0.75,4.0,128,1024,4096,16384,13312,1676.07,1971.747,1799.329,0.4169
mixed,128,96,0.75,4.0,128,2048,128,512,416,488.61,507.586,495.328,0.354
mixed,128,96,0.75,4.0,128,2048,256,1024,832,469.924,494.627,488.417,0.7486
mixed,128,96,0.75,4.0,128,2048,512,2048,1664,596.673,657.762,653.474,0.9298
mixed,128,96,0.75,4.0,128,2048,1024,4096,3328,781.509,856.708,836.385,0.7297
mixed,128,96,0.75,4.0,128,2048,2048,8192,6656,1097.191,1249.221,1179.874,0.5439
mixed,128,96,0.75,4.0,128,2048,4096,16384,13312,1737.862,2024.418,1800.007,0.2169
mixed,128,96,0.75,4.0,128,4096,128,512,416,565.439,580.26,569.985,0.3067
mixed,128,96,0.75,4.0,128,4096,256,1024,832,615.076,633.984,616.514,0.0761
mixed,128,96,0.75,4.0,128,4096,512,2048,1664,692.131,659.006,710.816,
mixed,128,96,0.75,4.0,128,4096,1024,4096,3328,852.672,979.582,975.457,0.9675
mixed,128,96,0.75,4.0,128,4096,2048,8192,6656,1228.356,1380.162,1346.691,0.7795
mixed,128,96,0.75,4.0,128,4096,4096,16384,13312,1865.926,2155.049,2027.62,0.5593
mixed,128,96,0.75,4.0,128,8192,128,512,416,731.201,739.777,728.676,-0.2944
mixed,128,96,0.75,4.0,128,8192,256,1024,832,771.136,792.292,780.066,0.4221
mixed,128,96,0.75,4.0,128,8192,512,2048,1664,852.996,888.676,868.289,0.4286
mixed,128,96,0.75,4.0,128,8192,1024,4096,3328,1012.897,979.656,1044.161,
mixed,128,96,0.75,4.0,128,8192,2048,8192,6656,1377.027,1607.012,1601.923,0.9779
mixed,128,96,0.75,4.0,128,8192,4096,16384,13312,2098.942,2398.533,2335.171,0.7885
mixed,128,96,0.75,4.0,256,0,128,512,416,408.158,418.211,405.503,-0.2641
mixed,128,96,0.75,4.0,256,0,256,1024,832,455.555,472.74,451.171,-0.2551
mixed,128,96,0.75,4.0,256,0,512,2048,1664,534.305,572.642,526.85,-0.1945
mixed,128,96,0.75,4.0,256,0,1024,4096,3328,694.113,767.04,720.034,0.3554
mixed,128,96,0.75,4.0,256,0,2048,8192,6656,1013.25,1168.132,1057.216,0.2839
mixed,128,96,0.75,4.0,256,0,4096,16384,13312,1677.989,1972.837,1743.363,0.2217
mixed,128,96,0.75,4.0,256,512,128,512,416,451.458,462.688,451.776,0.0283
mixed,128,96,0.75,4.0,256,512,256,1024,832,498.723,521.377,501.027,0.1017
mixed,128,96,0.75,4.0,256,512,512,2048,1664,583.971,620.965,590.466,0.1756
mixed,128,96,0.75,4.0,256,512,1024,4096,3328,740.673,815.524,770.876,0.4035
mixed,128,96,0.75,4.0,256,512,2048,8192,6656,1056.387,1207.364,1115.204,0.3896
mixed,128,96,0.75,4.0,256,512,4096,16384,13312,1692.965,1987.714,1797.955,0.3562
mixed,128,96,0.75,4.0,256,1024,128,512,416,488.836,502.528,489.151,0.023
mixed,128,96,0.75,4.0,256,1024,256,1024,832,538.945,561.248,539.265,0.0143
mixed,128,96,0.75,4.0,256,1024,512,2048,1664,616.799,656.8,629.795,0.3249
mixed,128,96,0.75,4.0,256,1024,1024,4096,3328,776.768,853.987,809.731,0.4269
mixed,128,96,0.75,4.0,256,1024,2048,8192,6656,1094.213,1246.467,1152.737,0.3844
mixed,128,96,0.75,4.0,256,1024,4096,16384,13312,1726.212,2020.773,1830.402,0.3537
mixed,128,96,0.75,4.0,256,2048,128,512,416,564.899,576.836,562.754,-0.1797
mixed,128,96,0.75,4.0,256,2048,256,1024,832,611.268,630.274,613.732,0.1296
mixed,128,96,0.75,4.0,256,2048,512,2048,1664,692.61,729.763,707.332,0.3963
mixed,128,96,0.75,4.0,256,2048,1024,4096,3328,845.408,923.523,879.681,0.4388
mixed,128,96,0.75,4.0,256,2048,2048,8192,6656,1175.33,1316.609,1218.659,0.3067
mixed,128,96,0.75,4.0,256,2048,4096,16384,13312,1802.119,2090.529,1904.552,0.3552
mixed,128,96,0.75,4.0,256,4096,128,512,416,711.168,731.777,722.275,0.5389
mixed,128,96,0.75,4.0,256,4096,256,1024,832,762.69,783.331,769.857,0.3472
mixed,128,96,0.75,4.0,256,4096,512,2048,1664,842.913,881.729,859.105,0.4171
mixed,128,96,0.75,4.0,256,4096,1024,4096,3328,1004.77,1079.075,1031.872,0.3647
mixed,128,96,0.75,4.0,256,4096,2048,8192,6656,1317.732,1474.882,1383.044,0.4156
mixed,128,96,0.75,4.0,256,4096,4096,16384,13312,1950.118,2244.194,2062.66,0.3827
mixed,128,96,0.75,4.0,256,8192,128,512,416,1015.14,1029.252,1017.825,0.1903
mixed,128,96,0.75,4.0,256,8192,256,1024,832,1058.596,1082.529,1068.065,0.3956
mixed,128,96,0.75,4.0,256,8192,512,2048,1664,1140.96,1180.289,1152.579,0.2954
mixed,128,96,0.75,4.0,256,8192,1024,4096,3328,1298.051,1381.731,1327.141,0.3476
mixed,128,96,0.75,4.0,256,8192,2048,8192,6656,1616.131,1772.934,1673.159,0.3637
mixed,128,96,0.75,4.0,256,8192,4096,16384,13312,2250.022,2538.311,2366.246,0.4032
mixed,128,96,0.75,4.0,512,0,128,512,416,574.946,587.17,573.025,-0.1571
mixed,128,96,0.75,4.0,512,0,256,1024,832,624.225,639.65,617.603,-0.4293
mixed,128,96,0.75,4.0,512,0,512,2048,1664,705.217,747.204,697.761,-0.1776
mixed,128,96,0.75,4.0,512,0,1024,4096,3328,866.919,937.892,855.07,-0.167
mixed,128,96,0.75,4.0,512,0,2048,8192,6656,1173.473,1317.093,1203.144,0.2066
mixed,128,96,0.75,4.0,512,0,4096,16384,13312,1803.107,2094.691,1887.426,0.2892
mixed,128,96,0.75,4.0,512,512,128,512,416,654.369,668.513,657.25,0.2037
mixed,128,96,0.75,4.0,512,512,256,1024,832,700.068,727.334,705.892,0.2136
mixed,128,96,0.75,4.0,512,512,512,2048,1664,781.281,820.511,801.439,0.5138
mixed,128,96,0.75,4.0,512,512,1024,4096,3328,943.264,1021.987,977.217,0.4313
mixed,128,96,0.75,4.0,512,512,2048,8192,6656,1260.163,1410.662,1323.777,0.4227
mixed,128,96,0.75,4.0,512,512,4096,16384,13312,1889.922,2185.545,2029.413,0.4719
mixed,128,96,0.75,4.0,512,1024,128,512,416,735.393,744.772,732.29,-0.3308
mixed,128,96,0.75,4.0,512,1024,256,1024,832,778.403,801.986,784.284,0.2494
mixed,128,96,0.75,4.0,512,1024,512,2048,1664,855.684,894.849,876.422,0.5295
mixed,128,96,0.75,4.0,512,1024,1024,4096,3328,1019.936,1096.066,1055.777,0.4708
mixed,128,96,0.75,4.0,512,1024,2048,8192,6656,1336.003,1493.73,1405.122,0.4382
mixed,128,96,0.75,4.0,512,1024,4096,16384,13312,1966.501,2263.843,2082.596,0.3904
mixed,128,96,0.75,4.0,512,2048,128,512,416,884.801,898.083,887.269,0.1858
mixed,128,96,0.75,4.0,512,2048,256,1024,832,929.826,949.283,934.627,0.2467
mixed,128,96,0.75,4.0,512,2048,512,2048,1664,1007.073,1042.084,1023.487,0.4688
mixed,128,96,0.75,4.0,512,2048,1024,4096,3328,1166.082,1240.835,1202.786,0.491
mixed,128,96,0.75,4.0,512,2048,2048,8192,6656,1484.0,1644.391,1551.238,0.4192
mixed,128,96,0.75,4.0,512,2048,4096,16384,13312,2116.518,2413.7,2235.331,0.3998
mixed,128,96,0.75,4.0,512,4096,128,512,416,1181.311,1193.155,1190.722,0.7946
mixed,128,96,0.75,4.0,512,4096,256,1024,832,1219.747,1242.914,1234.754,0.6478
mixed,128,96,0.75,4.0,512,4096,512,2048,1664,1296.93,1337.48,1314.307,0.4285
mixed,128,96,0.75,4.0,512,4096,1024,4096,3328,1459.044,1541.506,1494.823,0.4339
mixed,128,96,0.75,4.0,512,4096,2048,8192,6656,1776.195,1921.862,1841.478,0.4482
mixed,128,96,0.75,4.0,512,4096,4096,16384,13312,2411.525,2701.543,2529.16,0.4056
mixed,128,96,0.75,4.0,512,8192,128,512,416,1777.509,1797.0,1788.103,0.5435
mixed,128,96,0.75,4.0,512,8192,256,1024,832,1820.674,1839.91,1833.288,0.6557
mixed,128,96,0.75,4.0,512,8192,512,2048,1664,1894.434,1935.332,1927.655,0.8123
mixed,128,96,0.75,4.0,512,8192,1024,4096,3328,2052.935,2131.749,2096.101,0.5477
mixed,128,96,0.75,4.0,512,8192,2048,8192,6656,2366.984,2518.277,2442.374,0.4983
mixed,128,96,0.75,4.0,512,8192,4096,16384,13312,3013.833,3304.232,3138.443,0.4291
mixed,128,96,0.75,4.0,1024,0,128,512,416,905.54,919.682,938.689,2.344
mixed,128,96,0.75,4.0,1024,0,256,1024,832,953.633,972.736,999.648,2.4088
mixed,128,96,0.75,4.0,1024,0,512,2048,1664,1029.249,1071.462,1089.185,1.4198
mixed,128,96,0.75,4.0,1024,0,1024,4096,3328,1196.226,1266.531,1269.733,1.0455
mixed,128,96,0.75,4.0,1024,0,2048,8192,6656,1511.272,1685.344,1622.566,0.6394
mixed,128,96,0.75,4.0,1024,0,4096,16384,13312,2187.59,2506.219,2375.176,0.5887
mixed,128,96,0.75,4.0,1024,512,128,512,416,1067.686,1081.505,1098.82,2.253
mixed,128,96,0.75,4.0,1024,512,256,1024,832,1111.809,1131.234,1154.724,2.2093
mixed,128,96,0.75,4.0,1024,512,512,2048,1664,1198.049,1237.543,1249.63,1.306
mixed,128,96,0.75,4.0,1024,512,1024,4096,3328,1353.155,1427.617,1432.192,1.0614
mixed,128,96,0.75,4.0,1024,512,2048,8192,6656,1680.421,1845.597,1793.602,0.6852
mixed,128,96,0.75,4.0,1024,512,4096,16384,13312,2362.886,2678.343,2526.727,0.5194
mixed,128,96,0.75,4.0,1024,1024,128,512,416,1140.959,1156.386,1181.287,2.6141
mixed,128,96,0.75,4.0,1024,1024,256,1024,832,1188.838,1202.91,1232.582,3.1086
mixed,128,96,0.75,4.0,1024,1024,512,2048,1664,1272.964,1311.011,1328.894,1.47
mixed,128,96,0.75,4.0,1024,1024,1024,4096,3328,1426.754,1500.359,1508.319,1.1081
mixed,128,96,0.75,4.0,1024,1024,2048,8192,6656,1758.917,1920.389,1863.492,0.6476
mixed,128,96,0.75,4.0,1024,1024,4096,16384,13312,2430.054,2741.897,2599.174,0.5423
mixed,128,96,0.75,4.0,1024,2048,128,512,416,1299.677,1310.046,1337.76,3.6728
mixed,128,96,0.75,4.0,1024,2048,256,1024,832,1342.337,1359.621,1391.556,2.8477
mixed,128,96,0.75,4.0,1024,2048,512,2048,1664,1417.828,1453.218,1490.369,2.0498
mixed,128,96,0.75,4.0,1024,2048,1024,4096,3328,1587.136,1659.208,1661.219,1.0279
mixed,128,96,0.75,4.0,1024,2048,2048,8192,6656,1901.888,2062.177,2011.94,0.6866
mixed,128,96,0.75,4.0,1024,2048,4096,16384,13312,2545.798,2853.12,2740.132,0.6323
mixed,128,96,0.75,4.0,1024,4096,128,512,416,1630.528,1640.034,1665.959,3.7272
mixed,128,96,0.75,4.0,1024,4096,256,1024,832,1671.427,1688.418,1717.796,2.729
mixed,128,96,0.75,4.0,1024,4096,512,2048,1664,1749.893,1785.575,1810.978,1.7119
mixed,128,96,0.75,4.0,1024,4096,1024,4096,3328,1911.715,1989.639,1991.209,1.0201
mixed,128,96,0.75,4.0,1024,4096,2048,8192,6656,2225.539,2375.427,2339.904,0.763
mixed,128,96,0.75,4.0,1024,4096,4096,16384,13312,2853.316,3146.76,3047.941,0.6632
mixed,128,96,0.75,4.0,1024,8192,128,512,416,2254.567,2255.307,2288.362,45.6689
mixed,128,96,0.75,4.0,1024,8192,256,1024,832,2294.214,2306.212,2337.254,3.5873
mixed,128,96,0.75,4.0,1024,8192,512,2048,1664,2371.267,2408.869,2425.382,1.4392
mixed,128,96,0.75,4.0,1024,8192,1024,4096,3328,2538.436,2604.61,2604.481,0.9981
mixed,128,96,0.75,4.0,1024,8192,2048,8192,6656,2858.952,3002.665,2961.861,0.7161
mixed,128,96,0.75,4.0,1024,8192,4096,16384,13312,3491.595,3780.808,3674.694,0.6331
mixed,128,96,0.75,4.0,2048,0,128,512,416,1581.922,1599.654,1616.645,1.9582
mixed,128,96,0.75,4.0,2048,0,256,1024,832,1636.483,1652.677,1673.892,2.3101
mixed,128,96,0.75,4.0,2048,0,512,2048,1664,1712.387,1749.512,1768.774,1.5188
mixed,128,96,0.75,4.0,2048,0,1024,4096,3328,1871.938,1941.636,1949.545,1.1135
mixed,128,96,0.75,4.0,2048,0,2048,8192,6656,2183.015,2343.844,2295.811,0.7013
mixed,128,96,0.75,4.0,2048,0,4096,16384,13312,2838.825,3140.843,3017.483,0.5915
mixed,128,96,0.75,4.0,2048,512,128,512,416,1808.015,1815.432,1853.835,6.1777
mixed,128,96,0.75,4.0,2048,512,256,1024,832,1852.227,1870.404,1895.977,2.4069
mixed,128,96,0.75,4.0,2048,512,512,2048,1664,1928.516,1971.521,1998.47,1.6266
mixed,128,96,0.75,4.0,2048,512,1024,4096,3328,2091.2,2168.867,2171.914,1.0392
mixed,128,96,0.75,4.0,2048,512,2048,8192,6656,2414.85,2575.145,2532.036,0.7311
mixed,128,96,0.75,4.0,2048,512,4096,16384,13312,3083.782,3407.463,3256.131,0.5325
mixed,128,96,0.75,4.0,2048,1024,128,512,416,1919.33,1928.451,1954.886,3.8983
mixed,128,96,0.75,4.0,2048,1024,256,1024,832,1971.463,1984.322,2010.886,3.0658
mixed,128,96,0.75,4.0,2048,1024,512,2048,1664,2044.001,2080.712,2106.217,1.6948
mixed,128,96,0.75,4.0,2048,1024,1024,4096,3328,2201.575,2274.567,2284.294,1.1333
mixed,128,96,0.75,4.0,2048,1024,2048,8192,6656,2528.904,2686.464,2635.301,0.6753
mixed,128,96,0.75,4.0,2048,1024,4096,16384,13312,3193.031,3502.917,3376.841,0.5932
mixed,128,96,0.75,4.0,2048,2048,128,512,416,2162.045,2169.509,2202.374,5.4031
mixed,128,96,0.75,4.0,2048,2048,256,1024,832,2199.273,2215.72,2242.085,2.603
mixed,128,96,0.75,4.0,2048,2048,512,2048,1664,2281.8,2312.327,2344.042,2.0389
mixed,128,96,0.75,4.0,2048,2048,1024,4096,3328,2440.81,2516.739,2516.742,1.0
mixed,128,96,0.75,4.0,2048,2048,2048,8192,6656,2753.536,2912.196,2861.002,0.6773
mixed,128,96,0.75,4.0,2048,2048,4096,16384,13312,3396.875,3701.606,3587.469,0.6254
mixed,128,96,0.75,4.0,2048,4096,128,512,416,2624.677,2627.53,2657.638,11.5531
mixed,128,96,0.75,4.0,2048,4096,256,1024,832,2655.816,2698.278,2712.9,1.3444
mixed,128,96,0.75,4.0,2048,4096,512,2048,1664,2738.756,2777.766,2798.465,1.5306
mixed,128,96,0.75,4.0,2048,4096,1024,4096,3328,2896.999,2979.404,2976.485,0.9646
mixed,128,96,0.75,4.0,2048,4096,2048,8192,6656,3215.69,3370.665,3323.941,0.6985
mixed,128,96,0.75,4.0,2048,4096,4096,16384,13312,3857.965,4148.266,4043.756,0.64
mixed,128,96,0.75,4.0,2048,8192,128,512,416,3521.095,3534.508,3557.511,2.715
mixed,128,96,0.75,4.0,2048,8192,256,1024,832,3536.836,3561.677,3592.841,2.2545
mixed,128,96,0.75,4.0,2048,8192,512,2048,1664,3634.311,3662.702,3684.425,1.7651
mixed,128,96,0.75,4.0,2048,8192,1024,4096,3328,3791.597,3868.71,3889.128,1.2648
mixed,128,96,0.75,4.0,2048,8192,2048,8192,6656,4117.835,4273.0,4222.854,0.6768
mixed,128,96,0.75,4.0,2048,8192,4096,16384,13312,4758.189,5038.344,4950.698,0.6872
pure,128,115,0.8984,4.0,0,0,128,512,473,304.226,308.29,302.784,-0.3548
pure,128,115,0.8984,4.0,0,0,256,1024,946,350.946,360.864,358.274,0.7389
pure,128,115,0.8984,4.0,0,0,512,2048,1892,444.834,459.772,451.328,0.4347
pure,128,115,0.8984,4.0,0,0,1024,4096,3784,623.332,657.951,645.09,0.6285
pure,128,115,0.8984,4.0,0,0,2048,8192,7568,990.757,1056.001,1052.611,0.948
pure,128,115,0.8984,4.0,0,0,4096,16384,15136,1723.943,1839.268,1790.98,0.5813
mixed,128,115,0.8984,4.0,16,0,128,512,473,323.425,332.994,330.366,0.7254
mixed,128,115,0.8984,4.0,16,0,256,1024,946,375.136,387.075,377.985,0.2386
mixed,128,115,0.8984,4.0,16,0,512,2048,1892,463.613,481.666,472.959,0.5177
mixed,128,115,0.8984,4.0,16,0,1024,4096,3784,648.257,681.569,663.806,0.4668
mixed,128,115,0.8984,4.0,16,0,2048,8192,7568,1016.261,1075.84,1077.028,1.0199
mixed,128,115,0.8984,4.0,16,0,4096,16384,15136,1747.104,1861.765,1806.467,0.5177
mixed,128,115,0.8984,4.0,16,512,128,512,473,373.093,385.79,332.321,-3.2112
mixed,128,115,0.8984,4.0,16,512,256,1024,946,436.704,444.481,375.2,-7.9084
mixed,128,115,0.8984,4.0,16,512,512,2048,1892,536.291,550.59,467.909,-4.7823
mixed,128,115,0.8984,4.0,16,512,1024,4096,3784,713.058,742.754,664.547,-1.6336
mixed,128,115,0.8984,4.0,16,512,2048,8192,7568,1055.426,1116.962,1081.057,0.4165
mixed,128,115,0.8984,4.0,16,512,4096,16384,15136,1749.22,1875.46,1814.019,0.5133
mixed,128,115,0.8984,4.0,16,1024,128,512,473,372.45,392.354,359.134,-0.669
mixed,128,115,0.8984,4.0,16,1024,256,1024,946,449.631,467.298,373.663,-4.3
mixed,128,115,0.8984,4.0,16,1024,512,2048,1892,574.659,586.72,474.435,-8.3098
mixed,128,115,0.8984,4.0,16,1024,1024,4096,3784,740.319,777.534,660.384,-2.1479
mixed,128,115,0.8984,4.0,16,1024,2048,8192,7568,1096.644,1163.359,1025.25,-1.0701
mixed,128,115,0.8984,4.0,16,1024,4096,16384,15136,1797.097,1911.045,1815.366,0.1603
mixed,128,115,0.8984,4.0,16,2048,128,512,473,377.888,384.157,383.168,0.8422
mixed,128,115,0.8984,4.0,16,2048,256,1024,946,450.818,474.943,419.775,-1.2868
mixed,128,115,0.8984,4.0,16,2048,512,2048,1892,618.782,639.875,480.767,-6.5432
mixed,128,115,0.8984,4.0,16,2048,1024,4096,3784,819.813,855.778,662.786,-4.3661
mixed,128,115,0.8984,4.0,16,2048,2048,8192,7568,1179.174,1245.538,1032.035,-2.2172
mixed,128,115,0.8984,4.0,16,2048,4096,16384,15136,1870.467,1998.211,1809.445,-0.4777
mixed,128,115,0.8984,4.0,16,4096,128,512,473,379.075,385.828,380.098,0.1515
mixed,128,115,0.8984,4.0,16,4096,256,1024,946,456.226,473.152,466.755,0.6221
mixed,128,115,0.8984,4.0,16,4096,512,2048,1892,614.751,644.034,522.366,-3.1549
mixed,128,115,0.8984,4.0,16,4096,1024,4096,3784,927.49,987.235,663.583,-4.4172
mixed,128,115,0.8984,4.0,16,4096,2048,8192,7568,1323.205,1383.3,1028.835,-4.8984
mixed,128,115,0.8984,4.0,16,4096,4096,16384,15136,2028.611,2142.786,1739.365,-2.5334
mixed,128,115,0.8984,4.0,16,8192,128,512,473,380.61,391.62,387.997,0.6709
mixed,128,115,0.8984,4.0,16,8192,256,1024,946,455.682,466.368,467.778,1.1319
mixed,128,115,0.8984,4.0,16,8192,512,2048,1892,612.164,634.53,643.198,1.3876
mixed,128,115,0.8984,4.0,16,8192,1024,4096,3784,918.369,985.827,751.17,-2.4786
mixed,128,115,0.8984,4.0,16,8192,2048,8192,7568,1560.452,1654.371,1029.576,-5.6525
mixed,128,115,0.8984,4.0,16,8192,4096,16384,15136,2339.589,2439.172,1745.407,-5.9667
mixed,128,115,0.8984,4.0,32,0,128,512,473,355.234,356.414,339.871,-13.0195
mixed,128,115,0.8984,4.0,32,0,256,1024,946,382.944,399.324,388.835,0.3596
mixed,128,115,0.8984,4.0,32,0,512,2048,1892,481.025,498.563,482.591,0.0893
mixed,128,115,0.8984,4.0,32,0,1024,4096,3784,658.917,695.489,675.581,0.4556
mixed,128,115,0.8984,4.0,32,0,2048,8192,7568,1025.027,1089.89,1092.259,1.0365
mixed,128,115,0.8984,4.0,32,0,4096,16384,15136,1761.667,1878.596,1828.804,0.5742
mixed,128,115,0.8984,4.0,32,512,128,512,473,379.459,387.938,361.631,-2.1026
mixed,128,115,0.8984,4.0,32,512,256,1024,946,443.552,453.376,388.419,-5.6121
mixed,128,115,0.8984,4.0,32,512,512,2048,1892,541.025,555.326,485.507,-3.8821
mixed,128,115,0.8984,4.0,32,512,1024,4096,3784,710.271,756.449,675.875,-0.7449
mixed,128,115,0.8984,4.0,32,512,2048,8192,7568,1069.185,1131.235,1059.079,-0.1629
mixed,128,115,0.8984,4.0,32,512,4096,16384,15136,1771.459,1879.009,1825.673,0.5041
mixed,128,115,0.8984,4.0,32,1024,128,512,473,395.553,405.824,400.225,0.4549
mixed,128,115,0.8984,4.0,32,1024,256,1024,946,456.067,473.953,417.793,-2.1399
mixed,128,115,0.8984,4.0,32,1024,512,2048,1892,573.857,588.706,490.111,-5.6398
mixed,128,115,0.8984,4.0,32,1024,1024,4096,3784,744.161,776.29,681.859,-1.9391
mixed,128,115,0.8984,4.0,32,1024,2048,8192,7568,1105.312,1164.579,1051.749,-0.9038
mixed,128,115,0.8984,4.0,32,1024,4096,16384,15136,1811.713,1915.045,1828.42,0.1617
mixed,128,115,0.8984,4.0,32,2048,128,512,473,386.689,393.76,397.313,1.5025
mixed,128,115,0.8984,4.0,32,2048,256,1024,946,462.849,485.854,487.037,1.0514
mixed,128,115,0.8984,4.0,32,2048,512,2048,1892,613.985,646.627,527.424,-2.6518
mixed,128,115,0.8984,4.0,32,2048,1024,4096,3784,810.657,848.867,671.841,-3.633
mixed,128,115,0.8984,4.0,32,2048,2048,8192,7568,1173.281,1234.946,1051.331,-1.9776
mixed,128,115,0.8984,4.0,32,2048,4096,16384,15136,1891.653,1996.518,1786.178,-1.0058
mixed,128,115,0.8984,4.0,32,4096,128,512,473,393.12,403.619,400.289,0.6828
mixed,128,115,0.8984,4.0,32,4096,256,1024,946,466.5,477.121,476.415,0.9335
mixed,128,115,0.8984,4.0,32,4096,512,2048,1892,612.481,650.495,650.847,1.0093
mixed,128,115,0.8984,4.0,32,4096,1024,4096,3784,923.554,977.763,747.043,-3.2561
mixed,128,115,0.8984,4.0,32,4096,2048,8192,7568,1313.95,1365.024,1058.814,-4.9954
mixed,128,115,0.8984,4.0,32,4096,4096,16384,15136,2011.625,2126.854,1803.075,-1.8099
mixed,128,115,0.8984,4.0,32,8192,128,512,473,441.279,455.518,450.787,0.6677
mixed,128,115,0.8984,4.0,32,8192,256,1024,946,468.612,490.302,481.662,0.6017
mixed,128,115,0.8984,4.0,32,8192,512,2048,1892,610.496,649.027,639.967,0.7649
mixed,128,115,0.8984,4.0,32,8192,1024,4096,3784,922.437,982.533,973.379,0.8477
mixed,128,115,0.8984,4.0,32,8192,2048,8192,7568,1533.538,1633.444,1167.586,-3.663
mixed,128,115,0.8984,4.0,32,8192,4096,16384,15136,2307.302,2401.382,1800.678,-5.385
mixed,128,115,0.8984,4.0,64,0,128,512,473,369.026,378.144,354.946,-1.5442
mixed,128,115,0.8984,4.0,64,0,256,1024,946,407.428,428.449,405.886,-0.0734
mixed,128,115,0.8984,4.0,64,0,512,2048,1892,510.432,516.448,521.537,1.8459
mixed,128,115,0.8984,4.0,64,0,1024,4096,3784,692.384,721.025,699.711,0.2558
mixed,128,115,0.8984,4.0,64,0,2048,8192,7568,1056.322,1115.17,1105.698,0.839
mixed,128,115,0.8984,4.0,64,0,4096,16384,15136,1780.58,1906.498,1839.908,0.4712
mixed,128,115,0.8984,4.0,64,512,128,512,473,403.363,397.537,407.296,
mixed,128,115,0.8984,4.0,64,512,256,1024,946,449.92,466.369,464.451,0.8834
mixed,128,115,0.8984,4.0,64,512,512,2048,1892,553.76,564.321,568.034,1.3516
mixed,128,115,0.8984,4.0,64,512,1024,4096,3784,724.677,757.503,751.138,0.8061
mixed,128,115,0.8984,4.0,64,512,2048,8192,7568,1098.881,1148.515,1122.079,0.4674
mixed,128,115,0.8984,4.0,64,512,4096,16384,15136,1825.19,1945.891,1850.916,0.2131
mixed,128,115,0.8984,4.0,64,1024,128,512,473,418.756,420.066,420.032,0.974
mixed,128,115,0.8984,4.0,64,1024,256,1024,946,475.775,488.447,484.609,0.6971
mixed,128,115,0.8984,4.0,64,1024,512,2048,1892,580.992,608.388,602.531,0.7862
mixed,128,115,0.8984,4.0,64,1024,1024,4096,3784,753.664,794.719,788.706,0.8535
mixed,128,115,0.8984,4.0,64,1024,2048,8192,7568,1123.942,1202.145,1156.064,0.4108
mixed,128,115,0.8984,4.0,64,1024,4096,16384,15136,1852.163,1971.779,1887.492,0.2954
mixed,128,115,0.8984,4.0,64,2048,128,512,473,407.393,420.42,416.192,0.6754
mixed,128,115,0.8984,4.0,64,2048,256,1024,946,494.014,502.272,499.039,0.6085
mixed,128,115,0.8984,4.0,64,2048,512,2048,1892,625.983,654.366,659.777,1.1906
mixed,128,115,0.8984,4.0,64,2048,1024,4096,3784,825.859,866.179,856.834,0.7682
mixed,128,115,0.8984,4.0,64,2048,2048,8192,7568,1184.321,1259.103,1223.651,0.5259
mixed,128,115,0.8984,4.0,64,2048,4096,16384,15136,1932.191,2028.967,1948.674,0.1703
mixed,128,115,0.8984,4.0,64,4096,128,512,473,484.066,484.35,477.539,-22.9824
mixed,128,115,0.8984,4.0,64,4096,256,1024,946,485.148,503.907,497.313,0.6485
mixed,128,115,0.8984,4.0,64,4096,512,2048,1892,632.225,672.03,663.265,0.7798
mixed,128,115,0.8984,4.0,64,4096,1024,4096,3784,927.328,979.232,979.94,1.0136
mixed,128,115,0.8984,4.0,64,4096,2048,8192,7568,1319.716,1366.726,1364.293,0.9482
mixed,128,115,0.8984,4.0,64,4096,4096,16384,15136,2052.327,2157.411,2094.696,0.4032
mixed,128,115,0.8984,4.0,64,8192,128,512,473,539.394,536.48,533.698,
mixed,128,115,0.8984,4.0,64,8192,256,1024,946,625.792,635.103,625.762,-0.0032
mixed,128,115,0.8984,4.0,64,8192,512,2048,1892,657.856,661.888,662.497,1.151
mixed,128,115,0.8984,4.0,64,8192,1024,4096,3784,936.193,993.023,987.587,0.9043
mixed,128,115,0.8984,4.0,64,8192,2048,8192,7568,1514.981,1625.829,1615.458,0.9064
mixed,128,115,0.8984,4.0,64,8192,4096,16384,15136,2299.364,2404.933,2356.548,0.5417
mixed,128,115,0.8984,4.0,128,0,128,512,473,391.875,396.641,390.242,-0.3426
mixed,128,115,0.8984,4.0,128,0,256,1024,946,437.249,445.955,434.53,-0.3123
mixed,128,115,0.8984,4.0,128,0,512,2048,1892,527.84,544.545,529.091,0.0749
mixed,128,115,0.8984,4.0,128,0,1024,4096,3784,713.764,743.263,720.035,0.2126
mixed,128,115,0.8984,4.0,128,0,2048,8192,7568,1079.716,1149.476,1092.005,0.1762
mixed,128,115,0.8984,4.0,128,0,4096,16384,15136,1812.166,1926.122,1856.387,0.3881
mixed,128,115,0.8984,4.0,128,512,128,512,473,400.419,414.464,410.498,0.7176
mixed,128,115,0.8984,4.0,128,512,256,1024,946,457.282,468.547,468.672,1.0111
mixed,128,115,0.8984,4.0,128,512,512,2048,1892,553.758,573.632,567.587,0.6958
mixed,128,115,0.8984,4.0,128,512,1024,4096,3784,735.268,774.564,758.695,0.5962
mixed,128,115,0.8984,4.0,128,512,2048,8192,7568,1102.789,1163.81,1126.561,0.3896
mixed,128,115,0.8984,4.0,128,512,4096,16384,15136,1817.346,1947.716,1861.602,0.3395
mixed,128,115,0.8984,4.0,128,1024,128,512,473,398.786,407.203,407.585,1.0454
mixed,128,115,0.8984,4.0,128,1024,256,1024,946,478.146,492.93,495.167,1.1513
mixed,128,115,0.8984,4.0,128,1024,512,2048,1892,583.266,601.122,600.865,0.9856
mixed,128,115,0.8984,4.0,128,1024,1024,4096,3784,762.47,800.767,789.853,0.715
mixed,128,115,0.8984,4.0,128,1024,2048,8192,7568,1131.555,1194.53,1158.563,0.4289
mixed,128,115,0.8984,4.0,128,1024,4096,16384,15136,1862.435,1975.046,1895.393,0.2927
mixed,128,115,0.8984,4.0,128,2048,128,512,473,496.899,501.761,495.809,-0.2242
mixed,128,115,0.8984,4.0,128,2048,256,1024,946,474.111,494.621,489.601,0.7552
mixed,128,115,0.8984,4.0,128,2048,512,2048,1892,627.169,655.678,656.802,1.0394
mixed,128,115,0.8984,4.0,128,2048,1024,4096,3784,827.009,855.206,849.152,0.7853
mixed,128,115,0.8984,4.0,128,2048,2048,8192,7568,1186.406,1250.819,1222.754,0.5643
mixed,128,115,0.8984,4.0,128,2048,4096,16384,15136,1910.979,2024.708,1958.435,0.4173
mixed,128,115,0.8984,4.0,128,4096,128,512,473,574.913,579.171,573.248,-0.391
mixed,128,115,0.8984,4.0,128,4096,256,1024,946,622.275,632.928,624.415,0.2009
mixed,128,115,0.8984,4.0,128,4096,512,2048,1892,640.29,660.991,656.834,0.7992
mixed,128,115,0.8984,4.0,128,4096,1024,4096,3784,928.513,982.818,975.177,0.8593
mixed,128,115,0.8984,4.0,128,4096,2048,8192,7568,1313.381,1375.106,1365.472,0.8439
mixed,128,115,0.8984,4.0,128,4096,4096,16384,15136,2040.866,2157.025,2100.774,0.5157
mixed,128,115,0.8984,4.0,128,8192,128,512,473,734.367,733.893,737.538,
mixed,128,115,0.8984,4.0,128,8192,256,1024,946,781.923,792.607,782.559,0.0595
mixed,128,115,0.8984,4.0,128,8192,512,2048,1892,872.733,889.249,877.633,0.2967
mixed,128,115,0.8984,4.0,128,8192,1024,4096,3784,957.348,980.836,976.674,0.8228
mixed,128,115,0.8984,4.0,128,8192,2048,8192,7568,1510.437,1609.922,1603.905,0.9395
mixed,128,115,0.8984,4.0,128,8192,4096,16384,15136,2286.66,2407.494,2372.394,0.7095
mixed,128,115,0.8984,4.0,256,0,128,512,473,419.075,420.449,414.754,-3.1448
mixed,128,115,0.8984,4.0,256,0,256,1024,946,463.492,470.368,462.431,-0.1543
mixed,128,115,0.8984,4.0,256,0,512,2048,1892,551.965,569.951,556.705,0.2635
mixed,128,115,0.8984,4.0,256,0,1024,4096,3784,736.609,765.091,749.343,0.4471
mixed,128,115,0.8984,4.0,256,0,2048,8192,7568,1099.01,1173.604,1124.547,0.3423
mixed,128,115,0.8984,4.0,256,0,4096,16384,15136,1861.8,1980.165,1866.086,0.0362
mixed,128,115,0.8984,4.0,256,512,128,512,473,456.514,467.905,460.963,0.3906
mixed,128,115,0.8984,4.0,256,512,256,1024,946,512.707,524.612,514.368,0.1395
mixed,128,115,0.8984,4.0,256,512,512,2048,1892,603.968,617.922,610.433,0.4633
mixed,128,115,0.8984,4.0,256,512,1024,4096,3784,781.152,819.105,800.736,0.516
mixed,128,115,0.8984,4.0,256,512,2048,8192,7568,1141.92,1208.961,1162.916,0.3132
mixed,128,115,0.8984,4.0,256,512,4096,16384,15136,1860.547,1974.5,1880.004,0.1707
mixed,128,115,0.8984,4.0,256,1024,128,512,473,496.77,503.868,499.487,0.3828
mixed,128,115,0.8984,4.0,256,1024,256,1024,946,550.052,557.796,555.039,0.644
mixed,128,115,0.8984,4.0,256,1024,512,2048,1892,642.657,658.693,645.282,0.1637
mixed,128,115,0.8984,4.0,256,1024,1024,4096,3784,820.867,853.123,835.808,0.4632
mixed,128,115,0.8984,4.0,256,1024,2048,8192,7568,1174.724,1245.219,1203.108,0.4026
mixed,128,115,0.8984,4.0,256,1024,4096,16384,15136,1889.506,2009.764,1928.967,0.3281
mixed,128,115,0.8984,4.0,256,2048,128,512,473,567.33,576.963,575.585,0.857
mixed,128,115,0.8984,4.0,256,2048,256,1024,946,622.595,633.222,630.82,0.774
mixed,128,115,0.8984,4.0,256,2048,512,2048,1892,712.9,730.85,720.353,0.4152
mixed,128,115,0.8984,4.0,256,2048,1024,4096,3784,893.73,923.425,907.459,0.4623
mixed,128,115,0.8984,4.0,256,2048,2048,8192,7568,1246.722,1315.716,1270.98,0.3516
mixed,128,115,0.8984,4.0,256,2048,4096,16384,15136,1965.888,2095.328,1997.764,0.2463
mixed,128,115,0.8984,4.0,256,4096,128,512,473,723.04,732.832,725.378,0.2388
mixed,128,115,0.8984,4.0,256,4096,256,1024,946,771.426,785.12,777.89,0.472
mixed,128,115,0.8984,4.0,256,4096,512,2048,1892,868.96,881.218,871.266,0.1881
mixed,128,115,0.8984,4.0,256,4096,1024,4096,3784,1044.386,1080.927,1060.291,0.4353
mixed,128,115,0.8984,4.0,256,4096,2048,8192,7568,1404.514,1470.914,1430.977,0.3985
mixed,128,115,0.8984,4.0,256,4096,4096,16384,15136,2126.017,2239.842,2153.411,0.2407
mixed,128,115,0.8984,4.0,256,8192,128,512,473,1019.044,1030.626,1019.011,-0.0028
mixed,128,115,0.8984,4.0,256,8192,256,1024,946,1064.451,1077.539,1072.355,0.6039
mixed,128,115,0.8984,4.0,256,8192,512,2048,1892,1155.938,1179.266,1165.277,0.4003
mixed,128,115,0.8984,4.0,256,8192,1024,4096,3784,1340.229,1373.987,1355.619,0.4559
mixed,128,115,0.8984,4.0,256,8192,2048,8192,7568,1699.618,1763.462,1719.076,0.3048
mixed,128,115,0.8984,4.0,256,8192,4096,16384,15136,2417.766,2528.965,2460.07,0.3804
mixed,128,115,0.8984,4.0,512,0,128,512,473,581.727,586.307,582.948,0.2666
mixed,128,115,0.8984,4.0,512,0,256,1024,946,632.611,648.196,634.27,0.1064
mixed,128,115,0.8984,4.0,512,0,512,2048,1892,728.45,745.446,726.333,-0.1246
mixed,128,115,0.8984,4.0,512,0,1024,4096,3784,904.644,936.13,910.401,0.1828
mixed,128,115,0.8984,4.0,512,0,2048,8192,7568,1259.904,1320.515,1265.248,0.0882
mixed,128,115,0.8984,4.0,512,0,4096,16384,15136,1978.566,2095.591,2013.635,0.2997
mixed,128,115,0.8984,4.0,512,512,128,512,473,663.358,669.28,663.522,0.0277
mixed,128,115,0.8984,4.0,512,512,256,1024,946,715.622,724.935,716.164,0.0582
mixed,128,115,0.8984,4.0,512,512,512,2048,1892,807.494,820.258,813.699,0.4861
mixed,128,115,0.8984,4.0,512,512,1024,4096,3784,986.367,1016.612,1000.706,0.4741
mixed,128,115,0.8984,4.0,512,512,2048,8192,7568,1346.021,1411.298,1364.067,0.2765
mixed,128,115,0.8984,4.0,512,512,4096,16384,15136,2076.102,2180.933,2083.397,0.0696
mixed,128,115,0.8984,4.0,512,1024,128,512,473,736.993,746.368,741.857,0.5188
mixed,128,115,0.8984,4.0,512,1024,256,1024,946,787.842,798.944,793.408,0.5014
mixed,128,115,0.8984,4.0,512,1024,512,2048,1892,878.626,896.227,888.29,0.5491
mixed,128,115,0.8984,4.0,512,1024,1024,4096,3784,1058.788,1091.714,1074.722,0.4839
mixed,128,115,0.8984,4.0,512,1024,2048,8192,7568,1422.021,1488.904,1439.108,0.2555
mixed,128,115,0.8984,4.0,512,1024,4096,16384,15136,2140.481,2263.297,2172.449,0.2603
mixed,128,115,0.8984,4.0,512,2048,128,512,473,889.765,895.012,895.652,1.122
mixed,128,115,0.8984,4.0,512,2048,256,1024,946,938.849,947.808,940.48,0.1821
mixed,128,115,0.8984,4.0,512,2048,512,2048,1892,1026.274,1046.05,1032.509,0.3153
mixed,128,115,0.8984,4.0,512,2048,1024,4096,3784,1217.124,1244.067,1225.216,0.3003
mixed,128,115,0.8984,4.0,512,2048,2048,8192,7568,1573.41,1636.838,1590.274,0.2659
mixed,128,115,0.8984,4.0,512,2048,4096,16384,15136,2303.491,2410.791,2307.814,0.0403
mixed,128,115,0.8984,4.0,512,4096,128,512,473,1185.923,1188.098,1188.23,1.0607
mixed,128,115,0.8984,4.0,512,4096,256,1024,946,1227.874,1237.184,1234.565,0.7187
mixed,128,115,0.8984,4.0,512,4096,512,2048,1892,1316.069,1334.694,1323.14,0.3797
mixed,128,115,0.8984,4.0,512,4096,1024,4096,3784,1497.22,1540.965,1518.822,0.4938
mixed,128,115,0.8984,4.0,512,4096,2048,8192,7568,1860.101,1929.826,1887.394,0.3914
mixed,128,115,0.8984,4.0,512,4096,4096,16384,15136,2582.697,2701.476,2597.448,0.1242
mixed,128,115,0.8984,4.0,512,8192,128,512,473,1784.35,1790.756,1788.645,0.6705
mixed,128,115,0.8984,4.0,512,8192,256,1024,946,1828.097,1840.261,1834.947,0.5631
mixed,128,115,0.8984,4.0,512,8192,512,2048,1892,1910.023,1936.29,1926.21,0.6162
mixed,128,115,0.8984,4.0,512,8192,1024,4096,3784,2085.092,2130.021,2109.384,0.5407
mixed,128,115,0.8984,4.0,512,8192,2048,8192,7568,2448.2,2526.821,2481.888,0.4285
mixed,128,115,0.8984,4.0,512,8192,4096,16384,15136,3182.372,3299.399,3202.022,0.1679
mixed,128,115,0.8984,4.0,1024,0,128,512,473,914.34,914.401,914.212,-2.0984
mixed,128,115,0.8984,4.0,1024,0,256,1024,946,966.691,976.801,971.074,0.4335
mixed,128,115,0.8984,4.0,1024,0,512,2048,1892,1049.316,1079.364,1059.047,0.3238
mixed,128,115,0.8984,4.0,1024,0,1024,4096,3784,1235.011,1275.077,1240.036,0.1254
mixed,128,115,0.8984,4.0,1024,0,2048,8192,7568,1616.552,1684.737,1663.141,0.6833
mixed,128,115,0.8984,4.0,1024,0,4096,16384,15136,2385.187,2515.492,2434.082,0.3752
mixed,128,115,0.8984,4.0,1024,512,128,512,473,1073.345,1078.404,1078.628,1.0443
mixed,128,115,0.8984,4.0,1024,512,256,1024,946,1115.427,1132.708,1126.625,0.648
mixed,128,115,0.8984,4.0,1024,512,512,2048,1892,1214.465,1226.15,1229.125,1.2546
mixed,128,115,0.8984,4.0,1024,512,1024,4096,3784,1393.64,1434.046,1406.531,0.319
mixed,128,115,0.8984,4.0,1024,512,2048,8192,7568,1774.115,1848.743,1834.884,0.8143
mixed,128,115,0.8984,4.0,1024,512,4096,16384,15136,2549.255,2678.152,2601.673,0.4067
mixed,128,115,0.8984,4.0,1024,1024,128,512,473,1150.885,1154.889,1154.844,0.9888
mixed,128,115,0.8984,4.0,1024,1024,256,1024,946,1201.086,1207.557,1211.583,1.6222
mixed,128,115,0.8984,4.0,1024,1024,512,2048,1892,1297.16,1305.987,1301.028,0.4382
mixed,128,115,0.8984,4.0,1024,1024,1024,4096,3784,1472.708,1506.558,1487.521,0.4376
mixed,128,115,0.8984,4.0,1024,1024,2048,8192,7568,1848.485,1922.213,1902.694,0.7353
mixed,128,115,0.8984,4.0,1024,1024,4096,16384,15136,2622.533,2739.815,2671.874,0.4207
mixed,128,115,0.8984,4.0,1024,2048,128,512,473,1301.826,1305.926,1302.533,0.1724
mixed,128,115,0.8984,4.0,1024,2048,256,1024,946,1346.787,1361.895,1358.66,0.7859
mixed,128,115,0.8984,4.0,1024,2048,512,2048,1892,1447.266,1455.453,1453.728,0.7893
mixed,128,115,0.8984,4.0,1024,2048,1024,4096,3784,1619.712,1656.772,1627.841,0.2193
mixed,128,115,0.8984,4.0,1024,2048,2048,8192,7568,1992.771,2060.322,2049.284,0.8366
mixed,128,115,0.8984,4.0,1024,2048,4096,16384,15136,2744.803,2848.774,2794.345,0.4765
mixed,128,115,0.8984,4.0,1024,4096,128,512,473,1628.613,1633.281,1627.841,-0.1654
mixed,128,115,0.8984,4.0,1024,4096,256,1024,946,1677.504,1687.459,1680.674,0.3184
mixed,128,115,0.8984,4.0,1024,4096,512,2048,1892,1773.221,1779.559,1778.946,0.9033
mixed,128,115,0.8984,4.0,1024,4096,1024,4096,3784,1951.11,1979.424,1967.083,0.5641
mixed,128,115,0.8984,4.0,1024,4096,2048,8192,7568,2312.77,2373.22,2372.294,0.9847
mixed,128,115,0.8984,4.0,1024,4096,4096,16384,15136,3047.201,3157.41,3100.622,0.4847
mixed,128,115,0.8984,4.0,1024,8192,128,512,473,2251.876,2254.245,2258.373,2.7425
mixed,128,115,0.8984,4.0,1024,8192,256,1024,946,2295.681,2311.207,2308.068,0.7978
mixed,128,115,0.8984,4.0,1024,8192,512,2048,1892,2384.681,2407.392,2400.641,0.7027
mixed,128,115,0.8984,4.0,1024,8192,1024,4096,3784,2568.837,2603.718,2584.166,0.4395
mixed,128,115,0.8984,4.0,1024,8192,2048,8192,7568,2935.012,2998.854,2993.769,0.9204
mixed,128,115,0.8984,4.0,1024,8192,4096,16384,15136,3666.276,3787.979,3728.585,0.512
mixed,128,115,0.8984,4.0,2048,0,128,512,473,1596.935,1602.146,1593.286,-0.7002
mixed,128,115,0.8984,4.0,2048,0,256,1024,946,1646.532,1649.955,1647.362,0.2425
mixed,128,115,0.8984,4.0,2048,0,512,2048,1892,1737.83,1748.232,1739.686,0.1784
mixed,128,115,0.8984,4.0,2048,0,1024,4096,3784,1915.881,1943.715,1922.176,0.2262
mixed,128,115,0.8984,4.0,2048,0,2048,8192,7568,2276.421,2348.611,2336.492,0.8321
mixed,128,115,0.8984,4.0,2048,0,4096,16384,15136,3026.817,3130.594,3074.727,0.4617
mixed,128,115,0.8984,4.0,2048,512,128,512,473,1815.745,1826.368,1818.371,0.2472
mixed,128,115,0.8984,4.0,2048,512,256,1024,946,1859.107,1870.471,1868.454,0.8225
mixed,128,115,0.8984,4.0,2048,512,512,2048,1892,1952.486,1983.074,1962.084,0.3138
mixed,128,115,0.8984,4.0,2048,512,1024,4096,3784,2127.299,2161.416,2144.736,0.5111
mixed,128,115,0.8984,4.0,2048,512,2048,8192,7568,2503.365,2581.896,2560.935,0.7331
mixed,128,115,0.8984,4.0,2048,512,4096,16384,15136,3291.243,3401.963,3328.127,0.3331
mixed,128,115,0.8984,4.0,2048,1024,128,512,473,1935.359,1929.572,1933.28,
mixed,128,115,0.8984,4.0,2048,1024,256,1024,946,1975.208,1984.551,1979.524,0.462
mixed,128,115,0.8984,4.0,2048,1024,512,2048,1892,2065.861,2075.461,2079.905,1.4629
mixed,128,115,0.8984,4.0,2048,1024,1024,4096,3784,2241.025,2281.603,2255.937,0.3675
mixed,128,115,0.8984,4.0,2048,1024,2048,8192,7568,2619.623,2684.869,2677.931,0.8937
mixed,128,115,0.8984,4.0,2048,1024,4096,16384,15136,3386.249,3503.21,3445.797,0.5091
mixed,128,115,0.8984,4.0,2048,2048,128,512,473,2167.462,2161.993,2164.263,
mixed,128,115,0.8984,4.0,2048,2048,256,1024,946,2210.248,2222.401,2212.55,0.1894
mixed,128,115,0.8984,4.0,2048,2048,512,2048,1892,2300.708,2322.7,2300.099,-0.0277
mixed,128,115,0.8984,4.0,2048,2048,1024,4096,3784,2490.663,2503.782,2490.46,-0.0155
mixed,128,115,0.8984,4.0,2048,2048,2048,8192,7568,2839.269,2898.854,2901.286,1.0408
mixed,128,115,0.8984,4.0,2048,2048,4096,16384,15136,3579.85,3707.878,3632.008,0.4074
mixed,128,115,0.8984,4.0,2048,4096,128,512,473,2623.332,2630.698,2622.918,-0.0562
mixed,128,115,0.8984,4.0,2048,4096,256,1024,946,2665.992,2692.225,2680.452,0.5512
mixed,128,115,0.8984,4.0,2048,4096,512,2048,1892,2768.128,2774.797,2771.947,0.5726
mixed,128,115,0.8984,4.0,2048,4096,1024,4096,3784,2941.899,2967.973,2946.662,0.1827
mixed,128,115,0.8984,4.0,2048,4096,2048,8192,7568,3303.879,3369.704,3358.242,0.8259
mixed,128,115,0.8984,4.0,2048,4096,4096,16384,15136,4041.196,4164.236,4100.811,0.4845
mixed,128,115,0.8984,4.0,2048,8192,128,512,473,3524.105,3522.982,3521.029,
mixed,128,115,0.8984,4.0,2048,8192,256,1024,946,3553.26,3594.47,3569.192,0.3866
mixed,128,115,0.8984,4.0,2048,8192,512,2048,1892,3672.582,3674.509,3652.358,-10.4951
mixed,128,115,0.8984,4.0,2048,8192,1024,4096,3784,3848.038,3874.665,3859.3,0.423
mixed,128,115,0.8984,4.0,2048,8192,2048,8192,7568,4197.034,4281.159,4262.699,0.7806
mixed,128,115,0.8984,4.0,2048,8192,4096,16384,15136,4938.635,5055.53,4990.576,0.4443
pure,256,1,0.0039,4.0,0,0,128,512,129,305.923,447.327,358.529,0.372
pure,256,1,0.0039,4.0,0,0,256,1024,259,394.658,551.492,393.185,-0.0094
pure,256,1,0.0039,4.0,0,0,512,2048,518,455.043,745.41,451.935,-0.0107
pure,256,1,0.0039,4.0,0,0,1024,4096,1036,549.824,1142.564,556.772,0.0117
pure,256,1,0.0039,4.0,0,0,2048,8192,2072,752.449,1918.95,748.036,-0.0038
pure,256,1,0.0039,4.0,0,0,4096,16384,4144,1135.555,3450.569,1142.916,0.0032
pure,256,2,0.0078,4.0,0,0,128,512,131,301.539,447.678,361.185,0.4081
pure,256,2,0.0078,4.0,0,0,256,1024,262,391.649,549.248,391.137,-0.0032
pure,256,2,0.0078,4.0,0,0,512,2048,524,448.996,743.873,452.481,0.0118
pure,256,2,0.0078,4.0,0,0,1024,4096,1048,555.234,1137.702,557.762,0.0043
pure,256,2,0.0078,4.0,0,0,2048,8192,2096,759.712,1913.479,754.434,-0.0046
pure,256,2,0.0078,4.0,0,0,4096,16384,4192,1148.163,3452.331,1148.771,0.0003
pure,256,3,0.0117,4.0,0,0,128,512,132,305.059,449.09,364.001,0.4092
pure,256,3,0.0117,4.0,0,0,256,1024,265,390.912,550.432,403.648,0.0798
pure,256,3,0.0117,4.0,0,0,512,2048,530,448.099,747.68,484.062,0.12
pure,256,3,0.0117,4.0,0,0,1024,4096,1060,555.746,1137.093,632.161,0.1314
pure,256,3,0.0117,4.0,0,0,2048,8192,2120,773.858,1912.646,910.754,0.1202
pure,256,3,0.0117,4.0,0,0,4096,16384,4240,1163.84,3459.885,1458.34,0.1283
pure,256,4,0.0156,4.0,0,0,128,512,134,303.589,451.812,369.346,0.4436
pure,256,4,0.0156,4.0,0,0,256,1024,268,393.155,552.386,410.145,0.1067
pure,256,4,0.0156,4.0,0,0,512,2048,536,455.331,745.316,489.636,0.1183
pure,256,4,0.0156,4.0,0,0,1024,4096,1072,554.368,1138.079,629.379,0.1285
pure,256,4,0.0156,4.0,0,0,2048,8192,2144,755.493,1914.087,912.642,0.1356
pure,256,4,0.0156,4.0,0,0,4096,16384,4288,1172.162,3445.189,1457.96,0.1257
pure,256,16,0.0625,4.0,0,0,128,512,152,306.66,451.52,384.095,0.5346
pure,256,16,0.0625,4.0,0,0,256,1024,304,395.907,549.856,418.273,0.1453
pure,256,16,0.0625,4.0,0,0,512,2048,608,464.197,742.782,493.154,0.1039
pure,256,16,0.0625,4.0,0,0,1024,4096,1216,591.713,1141.504,638.723,0.0855
pure,256,16,0.0625,4.0,0,0,2048,8192,2432,816.195,1918.086,915.204,0.0899
pure,256,16,0.0625,4.0,0,0,4096,16384,4864,1272.741,3451.531,1468.292,0.0898
pure,256,32,0.125,4.0,0,0,128,512,176,304.543,453.054,386.209,0.5499
pure,256,32,0.125,4.0,0,0,256,1024,352,415.363,548.545,428.45,0.0983
pure,256,32,0.125,4.0,0,0,512,2048,704,490.785,747.909,504.962,0.0551
pure,256,32,0.125,4.0,0,0,1024,4096,1408,623.492,1143.139,652.64,0.0561
pure,256,32,0.125,4.0,0,0,2048,8192,2816,897.794,1917.673,928.484,0.0301
pure,256,32,0.125,4.0,0,0,4096,16384,5632,1430.466,3450.537,1489.989,0.0295
pure,256,64,0.25,4.0,0,0,128,512,224,318.561,450.307,394.976,0.58
pure,256,64,0.25,4.0,0,0,256,1024,448,437.056,550.915,432.291,-0.0419
pure,256,64,0.25,4.0,0,0,512,2048,896,526.787,743.938,563.617,0.1696
pure,256,64,0.25,4.0,0,0,1024,4096,1792,696.357,1138.404,760.829,0.1458
pure,256,64,0.25,4.0,0,0,2048,8192,3584,1037.507,1916.865,1131.01,0.1063
pure,256,64,0.25,4.0,0,0,4096,16384,7168,1712.354,3459.849,1875.653,0.0934
pure,256,128,0.5,4.0,0,0,128,512,320,412.513,447.652,406.596,-0.1684
pure,256,128,0.5,4.0,0,0,256,1024,640,477.917,545.155,471.108,-0.1013
pure,256,128,0.5,4.0,0,0,512,2048,1280,597.246,742.977,596.77,-0.0033
pure,256,128,0.5,4.0,0,0,1024,4096,2560,844.869,1144.644,844.551,-0.0011
pure,256,128,0.5,4.0,0,0,2048,8192,5120,1330.146,1913.158,1334.821,0.008
pure,256,128,0.5,4.0,0,0,4096,16384,10240,2290.153,3454.28,2300.39,0.0088
pure,256,192,0.75,4.0,0,0,128,512,416,423.234,450.466,434.691,0.4207
pure,256,192,0.75,4.0,0,0,256,1024,832,515.042,552.639,535.555,0.5456
pure,256,192,0.75,4.0,0,0,512,2048,1664,671.811,749.44,724.899,0.6839
pure,256,192,0.75,4.0,0,0,1024,4096,3328,990.304,1142.37,1075.267,0.5587
pure,256,192,0.75,4.0,0,0,2048,8192,6656,1625.413,1915.713,1806.147,0.6226
pure,256,192,0.75,4.0,0,0,4096,16384,13312,2879.398,3445.801,3245.352,0.6461
pure,256,230,0.8984,4.0,0,0,128,512,473,434.686,450.493,441.184,0.4111
pure,256,230,0.8984,4.0,0,0,256,1024,946,535.969,551.809,538.684,0.1714
pure,256,230,0.8984,4.0,0,0,512,2048,1892,709.056,741.759,728.962,0.6087
pure,256,230,0.8984,4.0,0,0,1024,4096,3784,1070.591,1146.178,1100.678,0.398
pure,256,230,0.8984,4.0,0,0,2048,8192,7568,1786.789,1918.916,1837.223,0.3817
pure,256,230,0.8984,4.0,0,0,4096,16384,15136,3224.04,3451.08,3305.706,0.3597
mixed,4,1,0.25,1.5,16,0,128,192,144,215.173,219.684,218.464,0.7295
mixed,4,1,0.25,2.0,16,0,128,256,160,215.616,227.456,224.768,0.773
mixed,4,1,0.25,8.0,16,0,128,1024,352,228.418,236.994,231.363,0.3434
mixed,4,1,0.25,16.0,16,0,128,2048,608,231.363,246.978,236.735,0.344
mixed,8,1,0.125,1.5,16,0,128,192,136,216.415,224.736,222.975,0.7884
mixed,8,1,0.125,2.0,16,0,128,256,144,216.931,230.592,231.71,1.0818
mixed,8,1,0.125,8.0,16,0,128,1024,240,223.75,244.673,236.255,0.5977
mixed,8,1,0.125,16.0,16,0,128,2048,368,234.369,254.591,238.049,0.182
mixed,4,2,0.5,1.5,16,0,128,192,160,220.481,220.863,219.042,-3.767
mixed,4,2,0.5,2.0,16,0,128,256,192,221.796,228.58,227.041,0.7731
pure,4,1,0.25,2.0,0,0,128,256,160,196.483,204.03,206.177,1.2845
pure,4,1,0.25,8.0,0,0,128,1024,352,205.795,213.889,214.813,1.1142
pure,4,1,0.25,16.0,0,0,128,2048,608,211.36,219.776,217.024,0.673
