regime,n,nb,ratio,skew,pc,kp,kvs,kv_big,kv_mean,t_mean_us,t_max_us,t_skew_us,alpha
pure,2,1,0.5,4.0,0,0,128,512,320,41.537,43.521,42.976,0.7253
pure,2,1,0.5,4.0,0,0,256,1024,640,45.408,46.271,47.551,2.4832
pure,2,1,0.5,4.0,0,0,512,2048,1280,47.84,47.169,47.424,
pure,2,1,0.5,4.0,0,0,1024,4096,2560,48.737,52.16,48.864,0.0371
pure,2,1,0.5,4.0,0,0,2048,8192,5120,53.568,60.352,56.704,0.4623
pure,2,1,0.5,4.0,0,0,4096,16384,10240,62.401,72.447,66.112,0.3694
mixed,2,1,0.5,4.0,16,0,128,512,320,47.712,50.433,54.142,2.3631
mixed,2,1,0.5,4.0,16,0,256,1024,640,50.718,53.055,52.575,0.7946
mixed,2,1,0.5,4.0,16,0,512,2048,1280,53.343,53.44,54.369,10.5773
mixed,2,1,0.5,4.0,16,0,1024,4096,2560,54.911,57.887,57.858,0.9903
mixed,2,1,0.5,4.0,16,0,2048,8192,5120,59.648,65.601,62.08,0.4085
mixed,2,1,0.5,4.0,16,0,4096,16384,10240,66.366,77.694,69.12,0.2431
mixed,2,1,0.5,4.0,16,512,128,512,320,58.016,59.2,56.385,-1.3775
mixed,2,1,0.5,4.0,16,512,256,1024,640,58.751,53.568,54.53,
mixed,2,1,0.5,4.0,16,512,512,2048,1280,54.624,53.922,54.559,
mixed,2,1,0.5,4.0,16,512,1024,4096,2560,54.913,64.8,56.96,0.207
mixed,2,1,0.5,4.0,16,512,2048,8192,5120,66.271,70.944,68.351,0.4451
mixed,2,1,0.5,4.0,16,512,4096,16384,10240,73.056,77.984,73.889,0.169
mixed,2,1,0.5,4.0,16,1024,128,512,320,60.961,61.119,59.937,-6.481
mixed,2,1,0.5,4.0,16,1024,256,1024,640,60.928,61.184,60.928,0.0
mixed,2,1,0.5,4.0,16,1024,512,2048,1280,55.424,54.655,54.464,
mixed,2,1,0.5,4.0,16,1024,1024,4096,2560,56.287,67.134,57.984,0.1564
mixed,2,1,0.5,4.0,16,1024,2048,8192,5120,68.671,73.152,70.624,0.4358
mixed,2,1,0.5,4.0,16,1024,4096,16384,10240,76.225,81.632,78.593,0.438
mixed,2,1,0.5,4.0,16,2048,128,512,320,63.327,62.206,63.648,
mixed,2,1,0.5,4.0,16,2048,256,1024,640,63.295,64.192,61.472,-2.0323
mixed,2,1,0.5,4.0,16,2048,512,2048,1280,64.353,63.394,63.682,
mixed,2,1,0.5,4.0,16,2048,1024,4096,2560,58.975,66.625,59.327,0.046
mixed,2,1,0.5,4.0,16,2048,2048,8192,5120,69.472,72.095,70.688,0.4636
mixed,2,1,0.5,4.0,16,2048,4096,16384,10240,77.953,83.488,76.833,-0.2023
mixed,2,1,0.5,4.0,16,4096,128,512,320,67.905,67.134,67.392,
mixed,2,1,0.5,4.0,16,4096,256,1024,640,67.425,67.295,67.49,
mixed,2,1,0.5,4.0,16,4096,512,2048,1280,67.775,67.456,68.416,
mixed,2,1,0.5,4.0,16,4096,1024,4096,2560,68.48,68.895,68.096,-0.9253
mixed,2,1,0.5,4.0,16,4096,2048,8192,5120,72.8,74.496,75.647,1.6787
mixed,2,1,0.5,4.0,16,4096,4096,16384,10240,76.32,85.471,80.543,0.4615
mixed,2,1,0.5,4.0,16,8192,128,512,320,73.087,72.67,72.257,
mixed,2,1,0.5,4.0,16,8192,256,1024,640,72.288,72.482,72.129,-0.8196
mixed,2,1,0.5,4.0,16,8192,512,2048,1280,72.096,71.615,71.776,
mixed,2,1,0.5,4.0,16,8192,1024,4096,2560,74.911,73.599,75.072,
mixed,2,1,0.5,4.0,16,8192,2048,8192,5120,73.12,78.114,73.92,0.1602
mixed,2,1,0.5,4.0,16,8192,4096,16384,10240,79.68,90.208,79.873,0.0183
mixed,2,1,0.5,4.0,32,0,128,512,320,48.64,51.392,51.198,0.9295
mixed,2,1,0.5,4.0,32,0,256,1024,640,50.594,52.8,52.35,0.796
mixed,2,1,0.5,4.0,32,0,512,2048,1280,52.93,53.887,54.144,1.2685
mixed,2,1,0.5,4.0,32,0,1024,4096,2560,54.431,58.402,56.832,0.6046
mixed,2,1,0.5,4.0,32,0,2048,8192,5120,60.543,65.152,62.881,0.5073
mixed,2,1,0.5,4.0,32,0,4096,16384,10240,66.464,78.719,74.048,0.6188
mixed,2,1,0.5,4.0,32,512,128,512,320,57.504,56.801,58.942,
mixed,2,1,0.5,4.0,32,512,256,1024,640,58.879,55.328,55.04,
mixed,2,1,0.5,4.0,32,512,512,2048,1280,55.521,55.232,56.032,
mixed,2,1,0.5,4.0,32,512,1024,4096,2560,56.321,66.561,57.408,0.1062
mixed,2,1,0.5,4.0,32,512,2048,8192,5120,67.521,70.912,63.584,-1.161
mixed,2,1,0.5,4.0,32,512,4096,16384,10240,73.056,77.438,74.752,0.387
mixed,2,1,0.5,4.0,32,1024,128,512,320,62.816,62.016,62.179,
mixed,2,1,0.5,4.0,32,1024,256,1024,640,62.72,61.823,62.336,
mixed,2,1,0.5,4.0,32,1024,512,2048,1280,56.129,57.152,56.767,0.6237
mixed,2,1,0.5,4.0,32,1024,1024,4096,2560,59.232,67.552,60.416,0.1423
mixed,2,1,0.5,4.0,32,1024,2048,8192,5120,69.473,74.239,63.296,-1.2961
mixed,2,1,0.5,4.0,32,1024,4096,16384,10240,78.526,83.295,74.145,-0.9186
mixed,2,1,0.5,4.0,32,2048,128,512,320,63.2,63.487,63.808,2.1185
mixed,2,1,0.5,4.0,32,2048,256,1024,640,63.552,64.224,63.456,-0.1429
mixed,2,1,0.5,4.0,32,2048,512,2048,1280,63.841,64.737,64.222,0.4252
mixed,2,1,0.5,4.0,32,2048,1024,4096,2560,65.57,68.831,67.648,0.6372
mixed,2,1,0.5,4.0,32,2048,2048,8192,5120,73.728,76.384,65.79,-2.9887
mixed,2,1,0.5,4.0,32,2048,4096,16384,10240,78.462,82.688,77.44,-0.2418
mixed,2,1,0.5,4.0,32,4096,128,512,320,68.288,68.417,68.416,0.9922
mixed,2,1,0.5,4.0,32,4096,256,1024,640,69.92,69.343,69.567,
mixed,2,1,0.5,4.0,32,4096,512,2048,1280,69.6,71.329,70.273,0.3892
mixed,2,1,0.5,4.0,32,4096,1024,4096,2560,68.129,71.423,73.343,1.5829
mixed,2,1,0.5,4.0,32,4096,2048,8192,5120,72.576,78.336,75.233,0.4613
mixed,2,1,0.5,4.0,32,4096,4096,16384,10240,82.753,88.991,77.345,-0.8669
mixed,2,1,0.5,4.0,32,8192,128,512,320,76.544,76.322,75.71,
mixed,2,1,0.5,4.0,32,8192,256,1024,640,76.832,77.663,77.279,0.5379
mixed,2,1,0.5,4.0,32,8192,512,2048,1280,76.447,81.25,77.504,0.2201
mixed,2,1,0.5,4.0,32,8192,1024,4096,2560,86.112,78.4,86.176,
mixed,2,1,0.5,4.0,32,8192,2048,8192,5120,82.144,84.993,82.049,-0.0333
mixed,2,1,0.5,4.0,32,8192,4096,16384,10240,87.232,94.366,87.649,0.0585
mixed,2,1,0.5,4.0,64,0,128,512,320,48.514,51.744,53.792,1.6341
mixed,2,1,0.5,4.0,64,0,256,1024,640,53.12,53.344,54.176,4.7143
mixed,2,1,0.5,4.0,64,0,512,2048,1280,53.792,55.361,54.56,0.4895
mixed,2,1,0.5,4.0,64,0,1024,4096,2560,55.264,61.407,61.376,0.995
mixed,2,1,0.5,4.0,64,0,2048,8192,5120,61.856,72.447,73.086,1.0603
mixed,2,1,0.5,4.0,64,0,4096,16384,10240,76.704,90.913,91.296,1.027
mixed,2,1,0.5,4.0,64,512,128,512,320,60.064,59.487,61.791,
mixed,2,1,0.5,4.0,64,512,256,1024,640,60.415,57.345,56.703,
mixed,2,1,0.5,4.0,64,512,512,2048,1280,58.752,59.103,57.056,-4.8319
mixed,2,1,0.5,4.0,64,512,1024,4096,2560,64.864,61.248,62.494,
mixed,2,1,0.5,4.0,64,512,2048,8192,5120,62.849,72.896,71.905,0.9014
mixed,2,1,0.5,4.0,64,512,4096,16384,10240,77.696,91.84,91.36,0.9661
mixed,2,1,0.5,4.0,64,1024,128,512,320,64.672,63.679,63.682,
mixed,2,1,0.5,4.0,64,1024,256,1024,640,63.169,62.688,64.126,
mixed,2,1,0.5,4.0,64,1024,512,2048,1280,64.512,66.784,61.183,-1.4652
mixed,2,1,0.5,4.0,64,1024,1024,4096,2560,67.423,63.552,61.439,
mixed,2,1,0.5,4.0,64,1024,2048,8192,5120,65.889,72.384,72.32,0.9901
mixed,2,1,0.5,4.0,64,1024,4096,16384,10240,78.175,92.415,92.289,0.9912
mixed,2,1,0.5,4.0,64,2048,128,512,320,69.152,70.08,69.633,0.5183
mixed,2,1,0.5,4.0,64,2048,256,1024,640,70.11,70.015,69.856,
mixed,2,1,0.5,4.0,64,2048,512,2048,1280,71.166,71.873,71.426,0.3678
mixed,2,1,0.5,4.0,64,2048,1024,4096,2560,73.344,73.697,67.041,-17.8555
mixed,2,1,0.5,4.0,64,2048,2048,8192,5120,75.937,76.321,74.047,-4.9219
mixed,2,1,0.5,4.0,64,2048,4096,16384,10240,78.335,93.119,92.993,0.9915
mixed,2,1,0.5,4.0,64,4096,128,512,320,79.231,77.727,77.281,
mixed,2,1,0.5,4.0,64,4096,256,1024,640,78.977,79.551,78.881,-0.1672
mixed,2,1,0.5,4.0,64,4096,512,2048,1280,77.727,80.833,78.465,0.2376
mixed,2,1,0.5,4.0,64,4096,1024,4096,2560,84.19,77.088,83.838,
mixed,2,1,0.5,4.0,64,4096,2048,8192,5120,83.52,85.632,77.216,-2.9848
mixed,2,1,0.5,4.0,64,4096,4096,16384,10240,83.553,93.281,93.12,0.9834
mixed,2,1,0.5,4.0,64,8192,128,512,320,92.608,93.76,89.346,-2.8316
mixed,2,1,0.5,4.0,64,8192,256,1024,640,92.8,93.344,93.153,0.6489
mixed,2,1,0.5,4.0,64,8192,512,2048,1280,93.022,92.64,93.248,
mixed,2,1,0.5,4.0,64,8192,1024,4096,2560,92.16,94.176,92.031,-0.064
mixed,2,1,0.5,4.0,64,8192,2048,8192,5120,94.943,97.795,95.072,0.0452
mixed,2,1,0.5,4.0,64,8192,4096,16384,10240,102.497,106.175,96.479,-1.6362
mixed,2,1,0.5,4.0,128,0,128,512,320,49.248,53.376,53.663,1.0695
mixed,2,1,0.5,4.0,128,0,256,1024,640,52.32,55.36,54.846,0.8309
mixed,2,1,0.5,4.0,128,0,512,2048,1280,55.712,60.129,59.744,0.9128
mixed,2,1,0.5,4.0,128,0,1024,4096,2560,60.672,70.143,69.792,0.9629
mixed,2,1,0.5,4.0,128,0,2048,8192,5120,75.808,89.728,90.079,1.0252
mixed,2,1,0.5,4.0,128,0,4096,16384,10240,100.002,128.673,129.058,1.0134
mixed,2,1,0.5,4.0,128,512,128,512,320,67.744,68.321,69.248,2.6066
mixed,2,1,0.5,4.0,128,512,256,1024,640,67.456,66.657,66.079,
mixed,2,1,0.5,4.0,128,512,512,2048,1280,66.878,65.92,64.225,
mixed,2,1,0.5,4.0,128,512,1024,4096,2560,65.951,73.538,73.759,1.0291
mixed,2,1,0.5,4.0,128,512,2048,8192,5120,76.961,92.128,91.647,0.9683
mixed,2,1,0.5,4.0,128,512,4096,16384,10240,102.4,128.191,130.625,1.0944
mixed,2,1,0.5,4.0,128,1024,128,512,320,70.398,70.654,70.624,0.8828
mixed,2,1,0.5,4.0,128,1024,256,1024,640,70.975,70.369,70.464,
mixed,2,1,0.5,4.0,128,1024,512,2048,1280,69.599,69.76,68.576,-6.354
mixed,2,1,0.5,4.0,128,1024,1024,4096,2560,70.592,73.792,74.402,1.1906
mixed,2,1,0.5,4.0,128,1024,2048,8192,5120,78.43,93.663,92.544,0.9265
mixed,2,1,0.5,4.0,128,1024,4096,16384,10240,102.751,131.166,130.657,0.9821
mixed,2,1,0.5,4.0,128,2048,128,512,320,77.634,76.896,76.224,
mixed,2,1,0.5,4.0,128,2048,256,1024,640,76.992,76.8,76.958,
mixed,2,1,0.5,4.0,128,2048,512,2048,1280,77.41,76.831,76.672,
mixed,2,1,0.5,4.0,128,2048,1024,4096,2560,78.177,79.743,75.936,-1.431
mixed,2,1,0.5,4.0,128,2048,2048,8192,5120,79.616,93.441,94.177,1.0532
mixed,2,1,0.5,4.0,128,2048,4096,16384,10240,102.752,132.225,131.586,0.9783
mixed,2,1,0.5,4.0,128,4096,128,512,320,92.192,91.615,91.682,
mixed,2,1,0.5,4.0,128,4096,256,1024,640,90.848,91.36,91.167,0.623
mixed,2,1,0.5,4.0,128,4096,512,2048,1280,92.319,91.904,92.129,
mixed,2,1,0.5,4.0,128,4096,1024,4096,2560,90.238,90.143,91.137,
mixed,2,1,0.5,4.0,128,4096,2048,8192,5120,90.56,94.593,95.711,1.2772
mixed,2,1,0.5,4.0,128,4096,4096,16384,10240,103.647,132.033,131.903,0.9954
mixed,2,1,0.5,4.0,128,8192,128,512,320,113.662,113.152,113.918,
mixed,2,1,0.5,4.0,128,8192,256,1024,640,112.927,113.6,113.824,1.3328
mixed,2,1,0.5,4.0,128,8192,512,2048,1280,115.042,116.224,114.464,-0.489
mixed,2,1,0.5,4.0,128,8192,1024,4096,2560,114.976,115.104,115.552,4.5
mixed,2,1,0.5,4.0,128,8192,2048,8192,5120,114.846,114.688,114.752,
mixed,2,1,0.5,4.0,128,8192,4096,16384,10240,115.936,133.28,134.144,1.0498
mixed,2,1,0.5,4.0,256,0,128,512,320,48.704,64.446,64.608,1.0103
mixed,2,1,0.5,4.0,256,0,256,1024,640,64.864,67.745,66.271,0.4884
mixed,2,1,0.5,4.0,256,0,512,2048,1280,67.519,70.047,76.288,3.4688
mixed,2,1,0.5,4.0,256,0,1024,4096,2560,75.295,88.928,88.737,0.986
mixed,2,1,0.5,4.0,256,0,2048,8192,5120,99.616,127.777,127.584,0.9931
mixed,2,1,0.5,4.0,256,0,4096,16384,10240,147.23,205.312,203.616,0.9708
mixed,2,1,0.5,4.0,256,512,128,512,320,75.934,76.543,75.583,-0.5764
mixed,2,1,0.5,4.0,256,512,256,1024,640,76.415,72.416,71.84,
mixed,2,1,0.5,4.0,256,512,512,2048,1280,71.426,77.312,78.272,1.1631
mixed,2,1,0.5,4.0,256,512,1024,4096,2560,81.439,95.646,96.351,1.0496
mixed,2,1,0.5,4.0,256,512,2048,8192,5120,105.632,134.24,134.177,0.9978
mixed,2,1,0.5,4.0,256,512,4096,16384,10240,154.207,204.13,211.199,1.1416
mixed,2,1,0.5,4.0,256,1024,128,512,320,82.05,77.12,80.226,
mixed,2,1,0.5,4.0,256,1024,256,1024,640,76.737,76.415,77.024,
mixed,2,1,0.5,4.0,256,1024,512,2048,1280,81.889,79.168,78.559,
mixed,2,1,0.5,4.0,256,1024,1024,4096,2560,83.872,98.209,97.888,0.9776
mixed,2,1,0.5,4.0,256,1024,2048,8192,5120,105.856,134.495,134.784,1.0101
mixed,2,1,0.5,4.0,256,1024,4096,16384,10240,153.248,211.966,211.552,0.9929
mixed,2,1,0.5,4.0,256,2048,128,512,320,92.161,91.039,92.255,
mixed,2,1,0.5,4.0,256,2048,256,1024,640,92.417,93.25,92.895,0.5738
mixed,2,1,0.5,4.0,256,2048,512,2048,1280,93.664,92.798,93.535,
mixed,2,1,0.5,4.0,256,2048,1024,4096,2560,93.73,98.079,98.369,1.0667
mixed,2,1,0.5,4.0,256,2048,2048,8192,5120,108.03,136.129,136.161,1.0011
mixed,2,1,0.5,4.0,256,2048,4096,16384,10240,155.423,211.454,213.313,1.0332
mixed,2,1,0.5,4.0,256,4096,128,512,320,111.488,110.849,111.167,
mixed,2,1,0.5,4.0,256,4096,256,1024,640,111.167,110.466,111.073,
mixed,2,1,0.5,4.0,256,4096,512,2048,1280,123.264,140.382,121.278,-0.116
mixed,2,1,0.5,4.0,256,4096,1024,4096,2560,133.377,152.257,141.536,0.4322
mixed,2,1,0.5,4.0,256,4096,2048,8192,5120,152.478,137.281,181.919,
mixed,2,1,0.5,4.0,256,4096,4096,16384,10240,155.967,213.952,213.025,0.984
mixed,2,1,0.5,4.0,256,8192,128,512,320,149.536,148.704,149.41,
mixed,2,1,0.5,4.0,256,8192,256,1024,640,149.728,149.216,149.472,
mixed,2,1,0.5,4.0,256,8192,512,2048,1280,148.96,150.176,148.928,-0.0263
mixed,2,1,0.5,4.0,256,8192,1024,4096,2560,169.248,217.634,179.712,0.2163
mixed,2,1,0.5,4.0,256,8192,2048,8192,5120,204.32,219.712,218.303,0.9085
mixed,2,1,0.5,4.0,256,8192,4096,16384,10240,240.0,214.144,296.576,
mixed,2,1,0.5,4.0,512,0,128,512,320,56.094,78.176,78.72,1.0246
mixed,2,1,0.5,4.0,512,0,256,1024,640,78.752,88.611,85.601,0.6947
mixed,2,1,0.5,4.0,512,0,512,2048,1280,92.545,107.906,103.937,0.7416
mixed,2,1,0.5,4.0,512,0,1024,4096,2560,116.447,130.497,142.463,1.8517
mixed,2,1,0.5,4.0,512,0,2048,8192,5120,149.664,207.456,206.4,0.9817
mixed,2,1,0.5,4.0,512,0,4096,16384,10240,245.952,360.544,360.863,1.0028
mixed,2,1,0.5,4.0,512,512,128,512,320,91.968,86.976,86.814,
mixed,2,1,0.5,4.0,512,512,256,1024,640,102.333,112.288,102.942,0.0612
mixed,2,1,0.5,4.0,512,512,512,2048,1280,115.904,129.568,112.224,-0.2693
mixed,2,1,0.5,4.0,512,512,1024,4096,2560,139.805,169.694,143.648,0.1286
mixed,2,1,0.5,4.0,512,512,2048,8192,5120,188.255,244.544,220.8,0.5782
mixed,2,1,0.5,4.0,512,512,4096,16384,10240,283.52,359.488,372.352,1.1693
mixed,2,1,0.5,4.0,512,1024,128,512,320,102.816,101.345,102.081,
mixed,2,1,0.5,4.0,512,1024,256,1024,640,101.888,120.64,110.398,0.4538
mixed,2,1,0.5,4.0,512,1024,512,2048,1280,125.666,139.745,120.737,-0.3501
mixed,2,1,0.5,4.0,512,1024,1024,4096,2560,149.824,177.44,143.68,-0.2225
mixed,2,1,0.5,4.0,512,1024,2048,8192,5120,196.703,254.944,220.29,0.405
mixed,2,1,0.5,4.0,512,1024,4096,16384,10240,293.376,408.544,373.312,0.6941
mixed,2,1,0.5,4.0,512,2048,128,512,320,120.64,122.112,123.232,1.7609
mixed,2,1,0.5,4.0,512,2048,256,1024,640,121.983,122.4,121.154,-1.988
mixed,2,1,0.5,4.0,512,2048,512,2048,1280,116.96,158.784,138.688,0.5195
mixed,2,1,0.5,4.0,512,2048,1024,4096,2560,168.803,197.343,160.097,-0.305
mixed,2,1,0.5,4.0,512,2048,2048,8192,5120,217.664,274.272,221.92,0.0752
mixed,2,1,0.5,4.0,512,2048,4096,16384,10240,312.64,427.071,373.536,0.5322
mixed,2,1,0.5,4.0,512,4096,128,512,320,158.784,158.431,158.048,
mixed,2,1,0.5,4.0,512,4096,256,1024,640,160.479,158.976,159.872,
mixed,2,1,0.5,4.0,512,4096,512,2048,1280,159.038,160.191,160.098,0.9193
mixed,2,1,0.5,4.0,512,4096,1024,4096,2560,177.405,237.184,196.606,0.3212
mixed,2,1,0.5,4.0,512,4096,2048,8192,5120,256.96,313.022,237.664,-0.3442
mixed,2,1,0.5,4.0,512,4096,4096,16384,10240,352.384,468.798,376.735,0.2092
mixed,2,1,0.5,4.0,512,8192,128,512,320,235.87,234.464,235.391,
mixed,2,1,0.5,4.0,512,8192,256,1024,640,234.719,235.327,235.421,1.1546
mixed,2,1,0.5,4.0,512,8192,512,2048,1280,235.615,235.521,236.381,
mixed,2,1,0.5,4.0,512,8192,1024,4096,2560,234.911,235.264,234.656,-0.7224
mixed,2,1,0.5,4.0,512,8192,2048,8192,5120,276.128,393.089,316.256,0.3431
mixed,2,1,0.5,4.0,512,8192,4096,16384,10240,430.464,546.974,394.015,-0.3128
mixed,2,1,0.5,4.0,1024,0,128,512,320,81.631,81.409,80.352,
mixed,2,1,0.5,4.0,1024,0,256,1024,640,81.023,84.159,84.768,1.1942
mixed,2,1,0.5,4.0,1024,0,512,2048,1280,93.472,120.545,119.711,0.9692
mixed,2,1,0.5,4.0,1024,0,1024,4096,2560,139.52,192.897,192.702,0.9963
mixed,2,1,0.5,4.0,1024,0,2048,8192,5120,228.191,336.703,336.48,0.9979
mixed,2,1,0.5,4.0,1024,0,4096,16384,10240,409.28,625.886,625.79,0.9996
mixed,2,1,0.5,4.0,1024,512,128,512,320,99.807,100.961,99.711,-0.0832
mixed,2,1,0.5,4.0,1024,512,256,1024,640,99.359,100.192,99.745,0.4634
mixed,2,1,0.5,4.0,1024,512,512,2048,1280,98.944,121.568,119.744,0.9194
mixed,2,1,0.5,4.0,1024,512,1024,4096,2560,139.166,192.832,192.192,0.9881
mixed,2,1,0.5,4.0,1024,512,2048,8192,5120,229.058,337.535,338.24,1.0065
mixed,2,1,0.5,4.0,1024,512,4096,16384,10240,410.656,626.174,624.126,0.9905
mixed,2,1,0.5,4.0,1024,1024,128,512,320,117.726,117.665,117.728,
mixed,2,1,0.5,4.0,1024,1024,256,1024,640,117.953,117.47,117.663,
mixed,2,1,0.5,4.0,1024,1024,512,2048,1280,117.76,121.568,121.76,1.0504
mixed,2,1,0.5,4.0,1024,1024,1024,4096,2560,139.265,194.333,193.981,0.9936
mixed,2,1,0.5,4.0,1024,1024,2048,8192,5120,229.92,338.562,337.473,0.99
mixed,2,1,0.5,4.0,1024,1024,4096,16384,10240,410.783,626.654,627.071,1.0019
mixed,2,1,0.5,4.0,1024,2048,128,512,320,153.63,155.041,154.111,0.3409
mixed,2,1,0.5,4.0,1024,2048,256,1024,640,155.168,153.824,153.824,
mixed,2,1,0.5,4.0,1024,2048,512,2048,1280,154.655,154.272,154.176,
mixed,2,1,0.5,4.0,1024,2048,1024,4096,2560,155.135,194.846,193.698,0.9711
mixed,2,1,0.5,4.0,1024,2048,2048,8192,5120,231.936,340.352,339.744,0.9944
mixed,2,1,0.5,4.0,1024,2048,4096,16384,10240,413.952,629.341,628.321,0.9953
mixed,2,1,0.5,4.0,1024,4096,128,512,320,225.855,225.823,225.632,
mixed,2,1,0.5,4.0,1024,4096,256,1024,640,226.432,226.367,225.92,
mixed,2,1,0.5,4.0,1024,4096,512,2048,1280,226.206,227.679,225.312,-0.6069
mixed,2,1,0.5,4.0,1024,4096,1024,4096,2560,226.782,226.561,226.495,
mixed,2,1,0.5,4.0,1024,4096,2048,8192,5120,231.551,344.095,343.264,0.9926
mixed,2,1,0.5,4.0,1024,4096,4096,16384,10240,418.078,631.871,633.597,1.0081
mixed,2,1,0.5,4.0,1024,8192,128,512,320,376.989,376.033,376.543,
mixed,2,1,0.5,4.0,1024,8192,256,1024,640,376.927,376.769,375.039,
mixed,2,1,0.5,4.0,1024,8192,512,2048,1280,377.343,376.512,376.737,
mixed,2,1,0.5,4.0,1024,8192,1024,4096,2560,376.801,379.71,377.727,0.3183
mixed,2,1,0.5,4.0,1024,8192,2048,8192,5120,378.015,379.296,376.862,-0.9001
mixed,2,1,0.5,4.0,1024,8192,4096,16384,10240,421.215,640.127,636.671,0.9842
mixed,2,1,0.5,4.0,2048,0,128,512,320,151.711,160.478,159.936,0.9382
mixed,2,1,0.5,4.0,2048,0,256,1024,640,165.281,178.24,178.782,1.0418
mixed,2,1,0.5,4.0,2048,0,512,2048,1280,187.36,214.496,214.591,1.0035
mixed,2,1,0.5,4.0,2048,0,1024,4096,2560,232.799,287.68,287.041,0.9884
mixed,2,1,0.5,4.0,2048,0,2048,8192,5120,324.287,431.453,430.848,0.9944
mixed,2,1,0.5,4.0,2048,0,4096,16384,10240,503.68,721.568,720.704,0.996
mixed,2,1,0.5,4.0,2048,512,128,512,320,180.448,180.672,181.279,3.7098
mixed,2,1,0.5,4.0,2048,512,256,1024,640,183.294,196.64,195.584,0.9209
mixed,2,1,0.5,4.0,2048,512,512,2048,1280,205.184,232.29,233.538,1.046
mixed,2,1,0.5,4.0,2048,512,1024,4096,2560,252.0,307.904,308.77,1.0155
mixed,2,1,0.5,4.0,2048,512,2048,8192,5120,344.511,451.327,450.784,0.9949
mixed,2,1,0.5,4.0,2048,512,4096,16384,10240,524.896,742.335,740.64,0.9922
mixed,2,1,0.5,4.0,2048,1024,128,512,320,217.664,216.673,216.576,
mixed,2,1,0.5,4.0,2048,1024,256,1024,640,217.344,216.288,217.217,
mixed,2,1,0.5,4.0,2048,1024,512,2048,1280,224.316,251.648,251.393,0.9907
mixed,2,1,0.5,4.0,2048,1024,1024,4096,2560,270.783,327.168,326.654,0.9909
mixed,2,1,0.5,4.0,2048,1024,2048,8192,5120,363.615,472.129,470.944,0.9891
mixed,2,1,0.5,4.0,2048,1024,4096,16384,10240,543.68,762.429,760.797,0.9925
mixed,2,1,0.5,4.0,2048,2048,128,512,320,293.565,292.8,294.048,
mixed,2,1,0.5,4.0,2048,2048,256,1024,640,293.088,292.512,293.728,
mixed,2,1,0.5,4.0,2048,2048,512,2048,1280,293.599,293.757,294.177,3.6582
mixed,2,1,0.5,4.0,2048,2048,1024,4096,2560,312.0,366.75,365.694,0.9807
mixed,2,1,0.5,4.0,2048,2048,2048,8192,5120,405.789,512.033,512.189,1.0015
mixed,2,1,0.5,4.0,2048,2048,4096,16384,10240,583.869,801.632,801.086,0.9975
mixed,2,1,0.5,4.0,2048,4096,128,512,320,444.575,445.024,445.118,1.2094
mixed,2,1,0.5,4.0,2048,4096,256,1024,640,444.928,445.47,447.168,4.1328
mixed,2,1,0.5,4.0,2048,4096,512,2048,1280,446.145,444.767,445.694,
mixed,2,1,0.5,4.0,2048,4096,1024,4096,2560,444.543,448.029,445.885,0.385
mixed,2,1,0.5,4.0,2048,4096,2048,8192,5120,481.473,590.815,589.728,0.9901
mixed,2,1,0.5,4.0,2048,4096,4096,16384,10240,663.967,880.287,878.945,0.9938
mixed,2,1,0.5,4.0,2048,8192,128,512,320,732.769,731.744,732.159,
mixed,2,1,0.5,4.0,2048,8192,256,1024,640,733.471,732.286,732.414,
mixed,2,1,0.5,4.0,2048,8192,512,2048,1280,735.039,731.711,731.459,
mixed,2,1,0.5,4.0,2048,8192,1024,4096,2560,731.553,732.8,731.454,-0.0794
mixed,2,1,0.5,4.0,2048,8192,2048,8192,5120,729.024,736.254,734.911,0.8142
mixed,2,1,0.5,4.0,2048,8192,4096,16384,10240,805.565,1023.841,1023.935,1.0004
pure,4,1,0.25,4.0,0,0,128,512,224,38.4,45.152,45.152,1.0
pure,4,1,0.25,4.0,0,0,256,1024,448,45.344,47.584,48.095,1.2281
pure,4,1,0.25,4.0,0,0,512,2048,896,47.488,51.007,48.992,0.4274
pure,4,1,0.25,4.0,0,0,1024,4096,1792,49.281,56.992,52.767,0.4521
pure,4,1,0.25,4.0,0,0,2048,8192,3584,54.432,72.96,59.36,0.266
pure,4,1,0.25,4.0,0,0,4096,16384,7168,68.03,97.792,72.353,0.1453
mixed,4,1,0.25,4.0,16,0,128,512,224,44.032,51.714,50.912,0.8956
mixed,4,1,0.25,4.0,16,0,256,1024,448,52.384,53.152,52.35,-0.0443
mixed,4,1,0.25,4.0,16,0,512,2048,896,53.696,55.518,54.143,0.2453
mixed,4,1,0.25,4.0,16,0,1024,4096,1792,55.231,61.278,56.96,0.2859
mixed,4,1,0.25,4.0,16,0,2048,8192,3584,60.48,74.56,63.679,0.2272
mixed,4,1,0.25,4.0,16,0,4096,16384,7168,71.231,100.225,75.296,0.1402
mixed,4,1,0.25,4.0,16,512,128,512,224,59.232,58.912,60.0,
mixed,4,1,0.25,4.0,16,512,256,1024,448,59.424,56.545,55.968,
mixed,4,1,0.25,4.0,16,512,512,2048,896,56.031,64.767,56.352,0.0367
mixed,4,1,0.25,4.0,16,512,1024,4096,1792,63.616,68.799,65.279,0.3209
mixed,4,1,0.25,4.0,16,512,2048,8192,3584,67.073,76.928,69.088,0.2045
mixed,4,1,0.25,4.0,16,512,4096,16384,7168,72.481,102.526,76.384,0.1299
mixed,4,1,0.25,4.0,16,1024,128,512,224,62.4,62.209,61.857,
mixed,4,1,0.25,4.0,16,1024,256,1024,448,62.464,61.056,61.729,
mixed,4,1,0.25,4.0,16,1024,512,2048,896,62.688,65.377,56.48,-2.3087
mixed,4,1,0.25,4.0,16,1024,1024,4096,1792,65.376,70.208,65.216,-0.0331
mixed,4,1,0.25,4.0,16,1024,2048,8192,3584,68.096,79.263,70.591,0.2234
mixed,4,1,0.25,4.0,16,1024,4096,16384,7168,73.345,101.504,76.447,0.1102
mixed,4,1,0.25,4.0,16,2048,128,512,224,63.487,65.054,62.591,-0.5718
mixed,4,1,0.25,4.0,16,2048,256,1024,448,65.151,64.545,63.808,
mixed,4,1,0.25,4.0,16,2048,512,2048,896,65.024,65.696,63.616,-2.0952
mixed,4,1,0.25,4.0,16,2048,1024,4096,1792,66.752,71.872,66.753,0.0002
mixed,4,1,0.25,4.0,16,2048,2048,8192,3584,69.376,80.319,71.936,0.2339
mixed,4,1,0.25,4.0,16,2048,4096,16384,7168,79.679,104.511,81.503,0.0735
mixed,4,1,0.25,4.0,16,4096,128,512,224,67.969,68.223,67.711,-1.0157
mixed,4,1,0.25,4.0,16,4096,256,1024,448,68.802,66.882,67.071,
mixed,4,1,0.25,4.0,16,4096,512,2048,896,67.679,68.448,66.718,-1.2497
mixed,4,1,0.25,4.0,16,4096,1024,4096,1792,68.705,73.662,67.522,-0.2387
mixed,4,1,0.25,4.0,16,4096,2048,8192,3584,71.649,84.287,72.738,0.0862
mixed,4,1,0.25,4.0,16,4096,4096,16384,7168,80.319,103.871,84.223,0.1658
mixed,4,1,0.25,4.0,16,8192,128,512,224,70.272,71.873,73.086,1.7577
mixed,4,1,0.25,4.0,16,8192,256,1024,448,72.192,73.44,72.032,-0.1282
mixed,4,1,0.25,4.0,16,8192,512,2048,896,74.016,72.959,72.192,
mixed,4,1,0.25,4.0,16,8192,1024,4096,1792,73.055,77.728,73.569,0.11
mixed,4,1,0.25,4.0,16,8192,2048,8192,3584,77.311,87.616,77.792,0.0467
mixed,4,1,0.25,4.0,16,8192,4096,16384,7168,83.489,113.121,85.408,0.0648
mixed,4,1,0.25,4.0,32,0,128,512,224,42.977,50.879,51.872,1.1257
mixed,4,1,0.25,4.0,32,0,256,1024,448,52.77,54.24,54.017,0.8483
mixed,4,1,0.25,4.0,32,0,512,2048,896,54.558,57.344,53.888,-0.2405
mixed,4,1,0.25,4.0,32,0,1024,4096,1792,55.776,62.144,58.4,0.4121
mixed,4,1,0.25,4.0,32,0,2048,8192,3584,60.577,76.48,65.088,0.2837
mixed,4,1,0.25,4.0,32,0,4096,16384,7168,71.007,99.52,77.409,0.2245
mixed,4,1,0.25,4.0,32,512,128,512,224,58.943,58.976,58.081,-26.1212
mixed,4,1,0.25,4.0,32,512,256,1024,448,57.889,54.688,55.52,
mixed,4,1,0.25,4.0,32,512,512,2048,896,56.123,63.233,55.423,-0.0985
mixed,4,1,0.25,4.0,32,512,1024,4096,1792,62.272,68.896,64.192,0.2899
mixed,4,1,0.25,4.0,32,512,2048,8192,3584,64.608,76.671,69.153,0.3768
mixed,4,1,0.25,4.0,32,512,4096,16384,7168,73.088,101.44,78.367,0.1862
mixed,4,1,0.25,4.0,32,1024,128,512,224,62.305,61.12,62.433,
mixed,4,1,0.25,4.0,32,1024,256,1024,448,62.207,62.177,62.432,
mixed,4,1,0.25,4.0,32,1024,512,2048,896,63.808,64.769,57.281,-6.7919
mixed,4,1,0.25,4.0,32,1024,1024,4096,1792,64.031,72.864,66.08,0.232
mixed,4,1,0.25,4.0,32,1024,2048,8192,3584,69.282,80.128,72.065,0.2566
mixed,4,1,0.25,4.0,32,1024,4096,16384,7168,78.72,100.352,79.936,0.0562
mixed,4,1,0.25,4.0,32,2048,128,512,224,62.364,64.544,63.297,0.428
mixed,4,1,0.25,4.0,32,2048,256,1024,448,62.72,63.743,63.809,1.0645
mixed,4,1,0.25,4.0,32,2048,512,2048,896,63.84,65.858,64.128,0.1427
mixed,4,1,0.25,4.0,32,2048,1024,4096,1792,66.752,74.56,68.831,0.2663
mixed,4,1,0.25,4.0,32,2048,2048,8192,3584,70.049,80.67,73.791,0.3523
mixed,4,1,0.25,4.0,32,2048,4096,16384,7168,81.152,106.111,82.464,0.0526
mixed,4,1,0.25,4.0,32,4096,128,512,224,69.823,69.184,70.112,
mixed,4,1,0.25,4.0,32,4096,256,1024,448,69.248,69.693,69.184,-0.1438
mixed,4,1,0.25,4.0,32,4096,512,2048,896,71.776,71.07,70.017,
mixed,4,1,0.25,4.0,32,4096,1024,4096,1792,71.808,74.463,72.512,0.2652
mixed,4,1,0.25,4.0,32,4096,2048,8192,3584,72.479,88.288,77.346,0.3079
mixed,4,1,0.25,4.0,32,4096,4096,16384,7168,80.927,104.67,82.592,0.0701
mixed,4,1,0.25,4.0,32,8192,128,512,224,74.976,76.641,75.553,0.3465
mixed,4,1,0.25,4.0,32,8192,256,1024,448,76.417,84.927,77.568,0.1353
mixed,4,1,0.25,4.0,32,8192,512,2048,896,78.753,78.625,78.081,
mixed,4,1,0.25,4.0,32,8192,1024,4096,1792,78.69,81.953,78.432,-0.0791
mixed,4,1,0.25,4.0,32,8192,2048,8192,3584,82.24,89.984,82.112,-0.0165
mixed,4,1,0.25,4.0,32,8192,4096,16384,7168,85.888,114.367,89.568,0.1292
mixed,4,1,0.25,4.0,64,0,128,512,224,43.708,52.894,52.286,0.9338
mixed,4,1,0.25,4.0,64,0,256,1024,448,52.738,53.791,55.677,2.7911
mixed,4,1,0.25,4.0,64,0,512,2048,896,55.009,57.31,55.968,0.4168
mixed,4,1,0.25,4.0,64,0,1024,4096,1792,56.8,63.167,61.408,0.7237
mixed,4,1,0.25,4.0,64,0,2048,8192,3584,60.544,74.848,72.352,0.8255
mixed,4,1,0.25,4.0,64,0,4096,16384,7168,72.287,101.953,91.937,0.6624
mixed,4,1,0.25,4.0,64,512,128,512,224,62.592,64.992,63.232,0.2667
mixed,4,1,0.25,4.0,64,512,256,1024,448,66.271,60.16,58.434,
mixed,4,1,0.25,4.0,64,512,512,2048,896,62.112,68.0,60.287,-0.31
mixed,4,1,0.25,4.0,64,512,1024,4096,1792,67.519,75.359,62.078,-0.694
mixed,4,1,0.25,4.0,64,512,2048,8192,3584,73.918,76.448,73.088,-0.3281
mixed,4,1,0.25,4.0,64,512,4096,16384,7168,73.888,101.628,90.846,0.6113
mixed,4,1,0.25,4.0,64,1024,128,512,224,66.432,65.504,65.759,
mixed,4,1,0.25,4.0,64,1024,256,1024,448,65.667,67.296,65.599,-0.0417
mixed,4,1,0.25,4.0,64,1024,512,2048,896,68.991,72.48,65.923,-0.8793
mixed,4,1,0.25,4.0,64,1024,1024,4096,1792,69.664,77.024,63.839,-0.7914
mixed,4,1,0.25,4.0,64,1024,2048,8192,3584,75.709,80.992,72.864,-0.5385
mixed,4,1,0.25,4.0,64,1024,4096,16384,7168,79.999,104.096,92.064,0.5007
mixed,4,1,0.25,4.0,64,2048,128,512,224,70.752,68.672,71.07,
mixed,4,1,0.25,4.0,64,2048,256,1024,448,71.584,74.752,70.305,-0.4037
mixed,4,1,0.25,4.0,64,2048,512,2048,896,74.368,73.73,69.823,
mixed,4,1,0.25,4.0,64,2048,1024,4096,1792,75.52,80.351,73.216,-0.4769
mixed,4,1,0.25,4.0,64,2048,2048,8192,3584,78.048,90.302,73.182,-0.3971
mixed,4,1,0.25,4.0,64,2048,4096,16384,7168,83.456,106.944,93.408,0.4237
mixed,4,1,0.25,4.0,64,4096,128,512,224,76.255,78.496,77.92,0.743
mixed,4,1,0.25,4.0,64,4096,256,1024,448,75.552,83.841,80.096,0.5482
mixed,4,1,0.25,4.0,64,4096,512,2048,896,80.225,81.217,80.449,0.2258
mixed,4,1,0.25,4.0,64,4096,1024,4096,1792,80.381,85.663,79.616,-0.1448
mixed,4,1,0.25,4.0,64,4096,2048,8192,3584,84.129,91.039,86.559,0.3517
mixed,4,1,0.25,4.0,64,4096,4096,16384,7168,90.016,114.208,94.879,0.201
mixed,4,1,0.25,4.0,64,8192,128,512,224,93.761,94.56,93.791,0.0375
mixed,4,1,0.25,4.0,64,8192,256,1024,448,93.791,93.12,93.984,
mixed,4,1,0.25,4.0,64,8192,512,2048,896,93.631,94.336,93.471,-0.227
mixed,4,1,0.25,4.0,64,8192,1024,4096,1792,91.392,99.617,93.855,0.2995
mixed,4,1,0.25,4.0,64,8192,2048,8192,3584,96.354,105.087,98.239,0.2158
mixed,4,1,0.25,4.0,64,8192,4096,16384,7168,105.088,124.161,108.125,0.1592
mixed,4,1,0.25,4.0,128,0,128,512,224,45.184,53.888,54.335,1.0514
mixed,4,1,0.25,4.0,128,0,256,1024,448,53.76,54.85,55.297,1.4101
mixed,4,1,0.25,4.0,128,0,512,2048,896,55.52,60.513,61.185,1.1346
mixed,4,1,0.25,4.0,128,0,1024,4096,1792,60.417,70.623,70.882,1.0254
mixed,4,1,0.25,4.0,128,0,2048,8192,3584,69.409,90.913,89.631,0.9404
mixed,4,1,0.25,4.0,128,0,4096,16384,7168,86.111,131.552,128.864,0.9408
mixed,4,1,0.25,4.0,128,512,128,512,224,69.887,68.832,67.872,
mixed,4,1,0.25,4.0,128,512,256,1024,448,70.018,68.576,66.08,
mixed,4,1,0.25,4.0,128,512,512,2048,896,68.544,67.999,64.097,
mixed,4,1,0.25,4.0,128,512,1024,4096,1792,68.673,75.295,73.346,0.7057
mixed,4,1,0.25,4.0,128,512,2048,8192,3584,73.088,90.527,91.967,1.0826
mixed,4,1,0.25,4.0,128,512,4096,16384,7168,85.408,131.553,127.583,0.914
mixed,4,1,0.25,4.0,128,1024,128,512,224,71.168,69.984,70.401,
mixed,4,1,0.25,4.0,128,1024,256,1024,448,71.423,69.984,69.856,
mixed,4,1,0.25,4.0,128,1024,512,2048,896,72.447,73.216,67.232,-6.7815
mixed,4,1,0.25,4.0,128,1024,1024,4096,1792,75.839,76.032,73.535,-11.9378
mixed,4,1,0.25,4.0,128,1024,2048,8192,3584,74.4,95.679,92.992,0.8737
mixed,4,1,0.25,4.0,128,1024,4096,16384,7168,90.24,131.969,131.04,0.9777
mixed,4,1,0.25,4.0,128,2048,128,512,224,76.865,76.832,76.735,
mixed,4,1,0.25,4.0,128,2048,256,1024,448,76.866,78.464,76.575,-0.1821
mixed,4,1,0.25,4.0,128,2048,512,2048,896,76.288,79.007,73.664,-0.9651
mixed,4,1,0.25,4.0,128,2048,1024,4096,1792,79.168,82.848,79.101,-0.0182
mixed,4,1,0.25,4.0,128,2048,2048,8192,3584,82.56,97.022,94.271,0.8098
mixed,4,1,0.25,4.0,128,2048,4096,16384,7168,91.071,134.72,131.807,0.9333
mixed,4,1,0.25,4.0,128,4096,128,512,224,92.128,91.871,91.777,
mixed,4,1,0.25,4.0,128,4096,256,1024,448,92.192,92.192,91.937,
mixed,4,1,0.25,4.0,128,4096,512,2048,896,91.679,90.625,91.392,
mixed,4,1,0.25,4.0,128,4096,1024,4096,1792,90.368,93.792,90.335,-0.0096
mixed,4,1,0.25,4.0,128,4096,2048,8192,3584,91.554,102.816,94.367,0.2498
mixed,4,1,0.25,4.0,128,4096,4096,16384,7168,103.071,136.191,132.639,0.8928
mixed,4,1,0.25,4.0,128,8192,128,512,224,113.214,108.447,113.311,
mixed,4,1,0.25,4.0,128,8192,256,1024,448,112.897,116.064,113.121,0.0707
mixed,4,1,0.25,4.0,128,8192,512,2048,896,115.582,116.03,115.456,-0.2812
mixed,4,1,0.25,4.0,128,8192,1024,4096,1792,116.254,116.478,115.873,-1.7009
mixed,4,1,0.25,4.0,128,8192,2048,8192,3584,114.816,127.424,114.784,-0.0025
mixed,4,1,0.25,4.0,128,8192,4096,16384,7168,123.841,143.071,132.704,0.4609
mixed,4,1,0.25,4.0,256,0,128,512,224,48.193,64.544,64.8,1.0157
mixed,4,1,0.25,4.0,256,0,256,1024,448,54.242,63.36,66.497,1.344
mixed,4,1,0.25,4.0,256,0,512,2048,896,63.456,71.071,70.176,0.8825
mixed,4,1,0.25,4.0,256,0,1024,4096,1792,65.504,89.599,89.441,0.9934
mixed,4,1,0.25,4.0,256,0,2048,8192,3584,85.12,128.383,127.938,0.9897
mixed,4,1,0.25,4.0,256,0,4096,16384,7168,117.92,206.623,204.029,0.9708
mixed,4,1,0.25,4.0,256,512,128,512,224,77.024,74.977,76.355,
mixed,4,1,0.25,4.0,256,512,256,1024,448,77.57,78.658,71.553,-5.5303
mixed,4,1,0.25,4.0,256,512,512,2048,896,77.727,78.369,77.727,0.0
mixed,4,1,0.25,4.0,256,512,1024,4096,1792,74.176,96.928,96.288,0.9719
mixed,4,1,0.25,4.0,256,512,2048,8192,3584,92.8,128.222,134.751,1.1843
mixed,4,1,0.25,4.0,256,512,4096,16384,7168,118.72,205.247,204.831,0.9952
mixed,4,1,0.25,4.0,256,1024,128,512,224,81.119,78.016,82.271,
mixed,4,1,0.25,4.0,256,1024,256,1024,448,81.249,81.664,76.255,-12.0337
mixed,4,1,0.25,4.0,256,1024,512,2048,896,81.886,80.161,79.807,
mixed,4,1,0.25,4.0,256,1024,1024,4096,1792,82.912,97.312,98.528,1.0844
mixed,4,1,0.25,4.0,256,1024,2048,8192,3584,92.608,135.713,134.847,0.9799
mixed,4,1,0.25,4.0,256,1024,4096,16384,7168,126.145,205.313,211.136,1.0736
mixed,4,1,0.25,4.0,256,2048,128,512,224,90.528,95.264,89.983,-0.1151
mixed,4,1,0.25,4.0,256,2048,256,1024,448,94.817,94.08,93.887,
mixed,4,1,0.25,4.0,256,2048,512,2048,896,95.136,94.848,93.89,
mixed,4,1,0.25,4.0,256,2048,1024,4096,1792,94.559,99.167,99.392,1.0488
mixed,4,1,0.25,4.0,256,2048,2048,8192,3584,94.462,137.408,136.832,0.9866
mixed,4,1,0.25,4.0,256,2048,4096,16384,7168,125.538,212.864,211.647,0.9861
mixed,4,1,0.25,4.0,256,4096,128,512,224,110.753,113.441,111.231,0.1778
mixed,4,1,0.25,4.0,256,4096,256,1024,448,106.658,142.049,112.224,0.1573
mixed,4,1,0.25,4.0,256,4096,512,2048,896,139.264,145.023,125.121,-2.4558
mixed,4,1,0.25,4.0,256,4096,1024,4096,1792,137.63,122.464,150.816,
mixed,4,1,0.25,4.0,256,4096,2048,8192,3584,150.174,137.823,182.018,
mixed,4,1,0.25,4.0,256,4096,4096,16384,7168,128.48,212.448,214.176,1.0206
mixed,4,1,0.25,4.0,256,8192,128,512,224,149.889,149.823,149.919,
mixed,4,1,0.25,4.0,256,8192,256,1024,448,149.664,152.129,150.24,0.2337
mixed,4,1,0.25,4.0,256,8192,512,2048,896,144.895,218.367,147.424,0.0344
mixed,4,1,0.25,4.0,256,8192,1024,4096,1792,211.135,220.413,182.528,-3.0833
mixed,4,1,0.25,4.0,256,8192,2048,8192,3584,210.686,171.871,221.216,
mixed,4,1,0.25,4.0,256,8192,4096,16384,7168,170.912,215.871,213.505,0.9474
mixed,4,1,0.25,4.0,512,0,128,512,224,56.799,79.615,77.696,0.9159
mixed,4,1,0.25,4.0,512,0,256,1024,448,56.64,89.28,84.96,0.8676
mixed,4,1,0.25,4.0,512,0,512,2048,896,83.872,92.895,104.031,2.2342
mixed,4,1,0.25,4.0,512,0,1024,4096,1792,88.48,132.384,131.872,0.9883
mixed,4,1,0.25,4.0,512,0,2048,8192,3584,122.751,208.476,208.191,0.9967
mixed,4,1,0.25,4.0,512,0,4096,16384,7168,189.247,362.369,359.902,0.9857
mixed,4,1,0.25,4.0,512,512,128,512,224,96.865,110.753,97.247,0.0275
mixed,4,1,0.25,4.0,512,512,256,1024,448,106.816,111.264,101.632,-1.1655
mixed,4,1,0.25,4.0,512,512,512,2048,896,106.015,129.923,110.56,0.1901
mixed,4,1,0.25,4.0,512,512,1024,4096,1792,124.895,168.32,143.487,0.4281
mixed,4,1,0.25,4.0,512,512,2048,8192,3584,158.849,208.096,220.413,1.2501
mixed,4,1,0.25,4.0,512,512,4096,16384,7168,189.279,362.815,360.829,0.9886
mixed,4,1,0.25,4.0,512,1024,128,512,224,99.138,120.383,105.601,0.3042
mixed,4,1,0.25,4.0,512,1024,256,1024,448,112.128,120.287,111.743,-0.0472
mixed,4,1,0.25,4.0,512,1024,512,2048,896,115.167,139.069,120.577,0.2263
mixed,4,1,0.25,4.0,512,1024,1024,4096,1792,134.208,177.282,143.296,0.211
mixed,4,1,0.25,4.0,512,1024,2048,8192,3584,166.624,254.688,219.936,0.6054
mixed,4,1,0.25,4.0,512,1024,4096,16384,7168,235.265,364.608,373.791,1.071
mixed,4,1,0.25,4.0,512,2048,128,512,224,119.36,122.783,120.576,0.3552
mixed,4,1,0.25,4.0,512,2048,256,1024,448,118.495,159.936,126.145,0.1846
mixed,4,1,0.25,4.0,512,2048,512,2048,896,152.767,159.329,139.841,-1.9698
mixed,4,1,0.25,4.0,512,2048,1024,4096,1792,153.953,197.6,159.81,0.1342
mixed,4,1,0.25,4.0,512,2048,2048,8192,3584,187.39,274.687,221.182,0.3871
mixed,4,1,0.25,4.0,512,2048,4096,16384,7168,254.976,363.487,372.989,1.0876
mixed,4,1,0.25,4.0,512,4096,128,512,224,157.535,157.119,157.408,
mixed,4,1,0.25,4.0,512,4096,256,1024,448,157.664,161.055,157.505,-0.0469
mixed,4,1,0.25,4.0,512,4096,512,2048,896,157.216,237.023,155.648,-0.0196
mixed,4,1,0.25,4.0,512,4096,1024,4096,1792,218.656,237.79,197.983,-1.0804
mixed,4,1,0.25,4.0,512,4096,2048,8192,3584,226.527,316.001,237.631,0.1241
mixed,4,1,0.25,4.0,512,4096,4096,16384,7168,296.319,470.656,377.471,0.4655
mixed,4,1,0.25,4.0,512,8192,128,512,224,234.112,234.559,235.168,2.3624
mixed,4,1,0.25,4.0,512,8192,256,1024,448,233.791,234.207,233.952,0.387
mixed,4,1,0.25,4.0,512,8192,512,2048,896,234.305,237.088,234.143,-0.0582
mixed,4,1,0.25,4.0,512,8192,1024,4096,1792,233.441,392.512,234.303,0.0054
mixed,4,1,0.25,4.0,512,8192,2048,8192,3584,355.871,394.015,315.873,-1.0486
mixed,4,1,0.25,4.0,512,8192,4096,16384,7168,373.15,548.672,394.081,0.1193
mixed,4,1,0.25,4.0,1024,0,128,512,224,81.182,80.865,80.8,
mixed,4,1,0.25,4.0,1024,0,256,1024,448,80.896,99.392,84.417,0.1904
mixed,4,1,0.25,4.0,1024,0,512,2048,896,95.263,135.327,120.64,0.6334
mixed,4,1,0.25,4.0,1024,0,1024,4096,1792,126.048,207.104,192.353,0.818
mixed,4,1,0.25,4.0,1024,0,2048,8192,3584,189.696,352.927,337.088,0.903
mixed,4,1,0.25,4.0,1024,0,4096,16384,7168,315.488,641.981,625.47,0.9494
mixed,4,1,0.25,4.0,1024,512,128,512,224,100.449,99.393,99.776,
mixed,4,1,0.25,4.0,1024,512,256,1024,448,100.673,117.472,100.064,-0.0363
mixed,4,1,0.25,4.0,1024,512,512,2048,896,113.152,152.864,121.055,0.199
mixed,4,1,0.25,4.0,1024,512,1024,4096,1792,144.864,226.56,193.376,0.5938
mixed,4,1,0.25,4.0,1024,512,2048,8192,3584,208.478,371.007,337.248,0.7923
mixed,4,1,0.25,4.0,1024,512,4096,16384,7168,333.952,660.127,626.112,0.8957
mixed,4,1,0.25,4.0,1024,1024,128,512,224,118.752,117.792,117.792,
mixed,4,1,0.25,4.0,1024,1024,256,1024,448,118.783,136.254,117.824,-0.0549
mixed,4,1,0.25,4.0,1024,1024,512,2048,896,128.0,172.479,121.472,-0.1468
mixed,4,1,0.25,4.0,1024,1024,1024,4096,1792,162.688,244.255,193.728,0.3805
mixed,4,1,0.25,4.0,1024,1024,2048,8192,3584,226.592,388.321,337.759,0.6874
mixed,4,1,0.25,4.0,1024,1024,4096,16384,7168,352.8,677.695,626.495,0.8424
mixed,4,1,0.25,4.0,1024,2048,128,512,224,154.784,154.88,154.401,-3.9896
mixed,4,1,0.25,4.0,1024,2048,256,1024,448,155.071,154.399,155.103,
mixed,4,1,0.25,4.0,1024,2048,512,2048,896,154.752,208.735,153.345,-0.0261
mixed,4,1,0.25,4.0,1024,2048,1024,4096,1792,191.198,283.04,193.726,0.0275
mixed,4,1,0.25,4.0,1024,2048,2048,8192,3584,263.393,427.199,339.902,0.4671
mixed,4,1,0.25,4.0,1024,2048,4096,16384,7168,390.848,716.543,628.927,0.731
mixed,4,1,0.25,4.0,1024,4096,128,512,224,225.824,226.241,227.073,2.9952
mixed,4,1,0.25,4.0,1024,4096,256,1024,448,226.27,227.742,226.846,0.3913
mixed,4,1,0.25,4.0,1024,4096,512,2048,896,227.295,226.751,226.879,
mixed,4,1,0.25,4.0,1024,4096,1024,4096,1792,226.079,359.552,226.4,0.0024
mixed,4,1,0.25,4.0,1024,4096,2048,8192,3584,323.103,502.911,343.551,0.1137
mixed,4,1,0.25,4.0,1024,4096,4096,16384,7168,468.925,792.319,633.216,0.508
mixed,4,1,0.25,4.0,1024,8192,128,512,224,376.576,377.247,377.087,0.7615
mixed,4,1,0.25,4.0,1024,8192,256,1024,448,377.185,376.96,378.048,
mixed,4,1,0.25,4.0,1024,8192,512,2048,896,378.304,377.246,376.255,
mixed,4,1,0.25,4.0,1024,8192,1024,4096,1792,377.821,378.91,376.96,-0.7906
mixed,4,1,0.25,4.0,1024,8192,2048,8192,3584,378.079,652.032,377.952,-0.0005
mixed,4,1,0.25,4.0,1024,8192,4096,16384,7168,580.863,944.256,638.4,0.1583
mixed,4,1,0.25,4.0,2048,0,128,512,224,147.68,161.792,160.383,0.9002
mixed,4,1,0.25,4.0,2048,0,256,1024,448,156.479,177.727,179.233,1.0709
mixed,4,1,0.25,4.0,2048,0,512,2048,896,174.591,215.072,214.784,0.9929
mixed,4,1,0.25,4.0,2048,0,1024,4096,1792,204.928,287.905,286.43,0.9822
mixed,4,1,0.25,4.0,2048,0,2048,8192,3584,268.862,432.575,431.23,0.9918
mixed,4,1,0.25,4.0,2048,0,4096,16384,7168,396.094,721.696,719.903,0.9945
mixed,4,1,0.25,4.0,2048,512,128,512,224,180.129,181.568,180.928,0.5552
mixed,4,1,0.25,4.0,2048,512,256,1024,448,180.8,196.992,195.841,0.9289
mixed,4,1,0.25,4.0,2048,512,512,2048,896,192.256,233.822,232.608,0.9708
mixed,4,1,0.25,4.0,2048,512,1024,4096,1792,225.664,308.927,307.936,0.9881
mixed,4,1,0.25,4.0,2048,512,2048,8192,3584,290.494,453.088,451.998,0.9933
mixed,4,1,0.25,4.0,2048,512,4096,16384,7168,416.351,741.663,740.765,0.9972
mixed,4,1,0.25,4.0,2048,1024,128,512,224,216.32,217.024,216.962,0.9119
mixed,4,1,0.25,4.0,2048,1024,256,1024,448,217.12,216.575,216.384,
mixed,4,1,0.25,4.0,2048,1024,512,2048,896,216.991,252.126,252.928,1.0228
mixed,4,1,0.25,4.0,2048,1024,1024,4096,1792,243.136,327.902,326.688,0.9857
mixed,4,1,0.25,4.0,2048,1024,2048,8192,3584,308.829,472.831,472.416,0.9975
mixed,4,1,0.25,4.0,2048,1024,4096,16384,7168,438.463,766.082,761.983,0.9875
mixed,4,1,0.25,4.0,2048,2048,128,512,224,293.758,292.575,292.768,
mixed,4,1,0.25,4.0,2048,2048,256,1024,448,292.991,294.783,292.574,-0.2327
mixed,4,1,0.25,4.0,2048,2048,512,2048,896,293.215,292.8,294.015,
mixed,4,1,0.25,4.0,2048,2048,1024,4096,1792,292.574,366.975,367.615,1.0086
mixed,4,1,0.25,4.0,2048,2048,2048,8192,3584,349.693,513.377,513.312,0.9996
mixed,4,1,0.25,4.0,2048,2048,4096,16384,7168,477.694,802.527,804.896,1.0073
mixed,4,1,0.25,4.0,2048,4096,128,512,224,444.831,444.863,447.007,68.0
mixed,4,1,0.25,4.0,2048,4096,256,1024,448,444.128,445.439,446.559,1.8543
mixed,4,1,0.25,4.0,2048,4096,512,2048,896,445.376,445.343,445.345,
mixed,4,1,0.25,4.0,2048,4096,1024,4096,1792,445.472,446.337,445.314,-0.1827
mixed,4,1,0.25,4.0,2048,4096,2048,8192,3584,444.48,590.846,589.568,0.9913
mixed,4,1,0.25,4.0,2048,4096,4096,16384,7168,554.75,882.654,879.837,0.9914
mixed,4,1,0.25,4.0,2048,8192,128,512,224,735.166,732.991,732.705,
mixed,4,1,0.25,4.0,2048,8192,256,1024,448,732.48,732.769,730.333,-7.4291
mixed,4,1,0.25,4.0,2048,8192,512,2048,896,735.71,733.406,734.4,
mixed,4,1,0.25,4.0,2048,8192,1024,4096,1792,730.08,733.568,732.927,0.8162
mixed,4,1,0.25,4.0,2048,8192,2048,8192,3584,730.495,734.88,735.005,1.0285
mixed,4,1,0.25,4.0,2048,8192,4096,16384,7168,731.488,1028.16,1024.093,0.9863
pure,4,2,0.5,4.0,0,0,128,512,320,42.304,45.665,44.61,0.6861
pure,4,2,0.5,4.0,0,0,256,1024,640,45.28,48.351,47.84,0.8336
pure,4,2,0.5,4.0,0,0,512,2048,1280,48.289,50.656,49.601,0.5543
pure,4,2,0.5,4.0,0,0,1024,4096,2560,52.255,56.83,54.272,0.4409
pure,4,2,0.5,4.0,0,0,2048,8192,5120,60.866,70.976,62.59,0.1705
pure,4,2,0.5,4.0,0,0,4096,16384,10240,78.815,96.256,81.471,0.1523
mixed,4,2,0.5,4.0,16,0,128,512,320,48.738,51.744,51.808,1.0213
mixed,4,2,0.5,4.0,16,0,256,1024,640,52.576,53.407,53.342,0.9218
mixed,4,2,0.5,4.0,16,0,512,2048,1280,53.856,56.287,54.529,0.2768
mixed,4,2,0.5,4.0,16,0,1024,4096,2560,57.376,61.055,58.431,0.2868
mixed,4,2,0.5,4.0,16,0,2048,8192,5120,64.318,74.72,66.944,0.2525
mixed,4,2,0.5,4.0,16,0,4096,16384,10240,82.848,98.753,84.129,0.0805
mixed,4,2,0.5,4.0,16,512,128,512,320,59.102,58.399,60.256,
mixed,4,2,0.5,4.0,16,512,256,1024,640,60.194,55.552,56.351,
mixed,4,2,0.5,4.0,16,512,512,2048,1280,56.321,64.096,57.376,0.1357
mixed,4,2,0.5,4.0,16,512,1024,4096,2560,65.985,68.958,65.792,-0.0649
mixed,4,2,0.5,4.0,16,512,2048,8192,5120,69.088,76.128,69.57,0.0685
mixed,4,2,0.5,4.0,16,512,4096,16384,10240,83.874,100.702,84.8,0.055
mixed,4,2,0.5,4.0,16,1024,128,512,320,61.407,61.73,61.184,-0.6904
mixed,4,2,0.5,4.0,16,1024,256,1024,640,62.56,61.984,61.374,
mixed,4,2,0.5,4.0,16,1024,512,2048,1280,56.769,64.671,56.832,0.008
mixed,4,2,0.5,4.0,16,1024,1024,4096,2560,66.112,70.335,66.847,0.174
mixed,4,2,0.5,4.0,16,1024,2048,8192,5120,71.616,78.272,73.631,0.3027
mixed,4,2,0.5,4.0,16,1024,4096,16384,10240,81.345,99.552,85.311,0.2178
mixed,4,2,0.5,4.0,16,2048,128,512,320,64.063,64.478,64.161,0.2361
mixed,4,2,0.5,4.0,16,2048,256,1024,640,64.189,64.32,64.833,4.916
mixed,4,2,0.5,4.0,16,2048,512,2048,1280,63.872,65.345,67.488,2.4549
mixed,4,2,0.5,4.0,16,2048,1024,4096,2560,67.456,71.711,68.035,0.1361
mixed,4,2,0.5,4.0,16,2048,2048,8192,5120,74.783,82.304,76.608,0.2427
mixed,4,2,0.5,4.0,16,2048,4096,16384,10240,87.84,104.064,90.273,0.15
mixed,4,2,0.5,4.0,16,4096,128,512,320,67.678,68.288,67.327,-0.5754
mixed,4,2,0.5,4.0,16,4096,256,1024,640,68.512,67.647,68.448,
mixed,4,2,0.5,4.0,16,4096,512,2048,1280,66.88,68.735,67.715,0.4501
mixed,4,2,0.5,4.0,16,4096,1024,4096,2560,69.506,74.271,68.193,-0.2756
mixed,4,2,0.5,4.0,16,4096,2048,8192,5120,75.424,84.64,76.768,0.1458
mixed,4,2,0.5,4.0,16,4096,4096,16384,10240,92.031,103.872,92.321,0.0245
mixed,4,2,0.5,4.0,16,8192,128,512,320,70.912,70.975,72.225,20.8413
mixed,4,2,0.5,4.0,16,8192,256,1024,640,72.96,72.512,72.416,
mixed,4,2,0.5,4.0,16,8192,512,2048,1280,76.479,72.894,71.65,
mixed,4,2,0.5,4.0,16,8192,1024,4096,2560,74.4,77.791,74.048,-0.1038
mixed,4,2,0.5,4.0,16,8192,2048,8192,5120,77.664,89.153,78.496,0.0724
mixed,4,2,0.5,4.0,16,8192,4096,16384,10240,95.648,114.016,98.143,0.1358
mixed,4,2,0.5,4.0,32,0,128,512,320,47.841,51.584,50.976,0.8376
mixed,4,2,0.5,4.0,32,0,256,1024,640,51.935,53.248,52.959,0.7799
mixed,4,2,0.5,4.0,32,0,512,2048,1280,53.538,56.126,54.239,0.2709
mixed,4,2,0.5,4.0,32,0,1024,4096,2560,58.369,62.4,59.967,0.3964
mixed,4,2,0.5,4.0,32,0,2048,8192,5120,66.175,75.873,66.08,-0.0098
mixed,4,2,0.5,4.0,32,0,4096,16384,10240,82.784,100.8,84.221,0.0798
mixed,4,2,0.5,4.0,32,512,128,512,320,58.816,58.88,57.279,-24.0156
mixed,4,2,0.5,4.0,32,512,256,1024,640,59.743,55.776,55.743,
mixed,4,2,0.5,4.0,32,512,512,2048,1280,56.415,62.08,56.8,0.068
mixed,4,2,0.5,4.0,32,512,1024,4096,2560,66.944,67.68,67.713,1.0448
mixed,4,2,0.5,4.0,32,512,2048,8192,5120,69.502,77.185,70.56,0.1377
mixed,4,2,0.5,4.0,32,512,4096,16384,10240,83.008,101.823,83.296,0.0153
mixed,4,2,0.5,4.0,32,1024,128,512,320,62.143,62.239,62.687,5.6667
mixed,4,2,0.5,4.0,32,1024,256,1024,640,62.529,62.175,62.241,
mixed,4,2,0.5,4.0,32,1024,512,2048,1280,62.592,64.097,63.935,0.8924
mixed,4,2,0.5,4.0,32,1024,1024,4096,2560,67.36,73.792,67.744,0.0597
mixed,4,2,0.5,4.0,32,1024,2048,8192,5120,68.767,79.713,69.92,0.1053
mixed,4,2,0.5,4.0,32,1024,4096,16384,10240,82.432,101.664,85.343,0.1514
mixed,4,2,0.5,4.0,32,2048,128,512,320,63.102,64.319,63.169,0.0551
mixed,4,2,0.5,4.0,32,2048,256,1024,640,63.071,63.966,63.2,0.1441
mixed,4,2,0.5,4.0,32,2048,512,2048,1280,65.888,65.697,64.703,
mixed,4,2,0.5,4.0,32,2048,1024,4096,2560,70.977,75.424,72.831,0.4169
mixed,4,2,0.5,4.0,32,2048,2048,8192,5120,75.84,82.914,76.255,0.0587
mixed,4,2,0.5,4.0,32,2048,4096,16384,10240,84.833,103.232,89.25,0.2401
mixed,4,2,0.5,4.0,32,4096,128,512,320,68.801,69.214,69.246,1.0775
mixed,4,2,0.5,4.0,32,4096,256,1024,640,69.31,66.72,70.047,
mixed,4,2,0.5,4.0,32,4096,512,2048,1280,73.375,71.103,74.144,
mixed,4,2,0.5,4.0,32,4096,1024,4096,2560,74.656,74.304,75.422,
mixed,4,2,0.5,4.0,32,4096,2048,8192,5120,78.433,87.008,79.04,0.0708
mixed,4,2,0.5,4.0,32,4096,4096,16384,10240,92.353,106.239,94.272,0.1382
mixed,4,2,0.5,4.0,32,8192,128,512,320,77.023,75.935,76.001,
mixed,4,2,0.5,4.0,32,8192,256,1024,640,81.407,84.514,81.375,-0.0103
mixed,4,2,0.5,4.0,32,8192,512,2048,1280,80.832,78.592,81.856,
mixed,4,2,0.5,4.0,32,8192,1024,4096,2560,81.792,82.176,78.624,-8.25
mixed,4,2,0.5,4.0,32,8192,2048,8192,5120,84.192,92.417,85.059,0.1054
mixed,4,2,0.5,4.0,32,8192,4096,16384,10240,96.512,111.68,98.016,0.0992
mixed,4,2,0.5,4.0,64,0,128,512,320,48.192,52.287,52.096,0.9534
mixed,4,2,0.5,4.0,64,0,256,1024,640,53.438,55.297,54.943,0.8096
mixed,4,2,0.5,4.0,64,0,512,2048,1280,55.168,56.96,55.649,0.2684
mixed,4,2,0.5,4.0,64,0,1024,4096,2560,58.497,63.295,61.119,0.5465
mixed,4,2,0.5,4.0,64,0,2048,8192,5120,64.544,74.527,72.737,0.8207
mixed,4,2,0.5,4.0,64,0,4096,16384,10240,82.943,103.746,93.663,0.5153
mixed,4,2,0.5,4.0,64,512,128,512,320,61.218,62.047,63.232,2.4294
mixed,4,2,0.5,4.0,64,512,256,1024,640,63.232,59.167,58.689,
mixed,4,2,0.5,4.0,64,512,512,2048,1280,65.725,66.688,66.112,0.4019
mixed,4,2,0.5,4.0,64,512,1024,4096,2560,72.415,76.097,62.496,-2.6939
mixed,4,2,0.5,4.0,64,512,2048,8192,5120,70.208,77.409,73.375,0.4398
mixed,4,2,0.5,4.0,64,512,4096,16384,10240,84.0,102.304,95.2,0.6119
mixed,4,2,0.5,4.0,64,1024,128,512,320,65.153,64.415,65.025,
mixed,4,2,0.5,4.0,64,1024,256,1024,640,66.208,66.399,64.767,-7.5445
mixed,4,2,0.5,4.0,64,1024,512,2048,1280,68.0,69.12,68.736,0.6571
mixed,4,2,0.5,4.0,64,1024,1024,4096,2560,74.175,78.784,65.183,-1.951
mixed,4,2,0.5,4.0,64,1024,2048,8192,5120,73.377,82.272,72.927,-0.0506
mixed,4,2,0.5,4.0,64,1024,4096,16384,10240,84.736,103.743,95.134,0.5471
mixed,4,2,0.5,4.0,64,2048,128,512,320,70.783,71.456,68.928,-2.7563
mixed,4,2,0.5,4.0,64,2048,256,1024,640,73.152,74.498,71.585,-1.1642
mixed,4,2,0.5,4.0,64,2048,512,2048,1280,75.52,75.23,75.648,
mixed,4,2,0.5,4.0,64,2048,1024,4096,2560,77.568,79.553,79.902,1.1758
mixed,4,2,0.5,4.0,64,2048,2048,8192,5120,84.065,89.248,75.519,-1.6489
mixed,4,2,0.5,4.0,64,2048,4096,16384,10240,86.751,105.727,96.258,0.501
mixed,4,2,0.5,4.0,64,4096,128,512,320,79.423,78.689,78.944,
mixed,4,2,0.5,4.0,64,4096,256,1024,640,82.495,83.297,79.52,-3.7095
mixed,4,2,0.5,4.0,64,4096,512,2048,1280,81.344,81.152,80.0,
mixed,4,2,0.5,4.0,64,4096,1024,4096,2560,84.224,86.206,82.112,-1.0656
mixed,4,2,0.5,4.0,64,4096,2048,8192,5120,87.712,88.479,88.48,1.0013
mixed,4,2,0.5,4.0,64,4096,4096,16384,10240,92.256,112.898,95.295,0.1472
mixed,4,2,0.5,4.0,64,8192,128,512,320,93.44,94.464,93.76,0.3125
mixed,4,2,0.5,4.0,64,8192,256,1024,640,93.024,93.441,93.761,1.7674
mixed,4,2,0.5,4.0,64,8192,512,2048,1280,92.288,93.92,93.697,0.8634
mixed,4,2,0.5,4.0,64,8192,1024,4096,2560,95.584,99.809,95.519,-0.0154
mixed,4,2,0.5,4.0,64,8192,2048,8192,5120,97.505,104.193,101.697,0.6268
mixed,4,2,0.5,4.0,64,8192,4096,16384,10240,107.584,122.592,110.335,0.1833
mixed,4,2,0.5,4.0,128,0,128,512,320,49.087,54.144,54.688,1.1076
mixed,4,2,0.5,4.0,128,0,256,1024,640,54.624,55.968,55.392,0.5714
mixed,4,2,0.5,4.0,128,0,512,2048,1280,55.2,60.705,60.639,0.988
mixed,4,2,0.5,4.0,128,0,1024,4096,2560,61.44,71.073,70.209,0.9103
mixed,4,2,0.5,4.0,128,0,2048,8192,5120,76.478,91.744,89.824,0.8742
mixed,4,2,0.5,4.0,128,0,4096,16384,10240,100.93,134.081,130.72,0.8986
mixed,4,2,0.5,4.0,128,512,128,512,320,69.151,67.999,68.352,
mixed,4,2,0.5,4.0,128,512,256,1024,640,69.375,68.833,68.224,
mixed,4,2,0.5,4.0,128,512,512,2048,1280,67.072,68.255,66.113,-0.8107
mixed,4,2,0.5,4.0,128,512,1024,4096,2560,72.768,75.423,73.248,0.1808
mixed,4,2,0.5,4.0,128,512,2048,8192,5120,80.13,90.433,92.256,1.1769
mixed,4,2,0.5,4.0,128,512,4096,16384,10240,102.048,131.648,128.576,0.8962
mixed,4,2,0.5,4.0,128,1024,128,512,320,70.912,70.015,71.007,
mixed,4,2,0.5,4.0,128,1024,256,1024,640,71.712,70.111,71.071,
mixed,4,2,0.5,4.0,128,1024,512,2048,1280,71.07,74.723,70.24,-0.2272
mixed,4,2,0.5,4.0,128,1024,1024,4096,2560,72.354,75.838,74.177,0.5232
mixed,4,2,0.5,4.0,128,1024,2048,8192,5120,81.247,95.105,93.663,0.8959
mixed,4,2,0.5,4.0,128,1024,4096,16384,10240,105.63,130.561,131.775,1.0487
mixed,4,2,0.5,4.0,128,2048,128,512,320,77.215,77.184,76.511,
mixed,4,2,0.5,4.0,128,2048,256,1024,640,78.529,78.336,77.313,
mixed,4,2,0.5,4.0,128,2048,512,2048,1280,76.351,79.201,76.991,0.2246
mixed,4,2,0.5,4.0,128,2048,1024,4096,2560,80.029,83.296,79.937,-0.0282
mixed,4,2,0.5,4.0,128,2048,2048,8192,5120,83.681,96.608,94.4,0.8292
mixed,4,2,0.5,4.0,128,2048,4096,16384,10240,107.298,135.614,132.224,0.8803
mixed,4,2,0.5,4.0,128,4096,128,512,320,91.424,91.776,92.224,2.2727
mixed,4,2,0.5,4.0,128,4096,256,1024,640,92.127,91.52,92.546,
mixed,4,2,0.5,4.0,128,4096,512,2048,1280,90.785,90.144,90.336,
mixed,4,2,0.5,4.0,128,4096,1024,4096,2560,90.467,93.599,91.2,0.234
mixed,4,2,0.5,4.0,128,4096,2048,8192,5120,93.857,103.776,95.455,0.1611
mixed,4,2,0.5,4.0,128,4096,4096,16384,10240,107.712,136.672,133.887,0.9038
mixed,4,2,0.5,4.0,128,8192,128,512,320,112.992,108.513,113.568,
mixed,4,2,0.5,4.0,128,8192,256,1024,640,115.874,116.031,115.2,-4.293
mixed,4,2,0.5,4.0,128,8192,512,2048,1280,116.096,116.322,115.583,-2.2699
mixed,4,2,0.5,4.0,128,8192,1024,4096,2560,115.008,116.77,114.785,-0.1266
mixed,4,2,0.5,4.0,128,8192,2048,8192,5120,115.329,127.073,114.848,-0.041
mixed,4,2,0.5,4.0,128,8192,4096,16384,10240,124.607,142.272,135.712,0.6286
mixed,4,2,0.5,4.0,256,0,128,512,320,49.792,64.384,64.608,1.0154
mixed,4,2,0.5,4.0,256,0,256,1024,640,65.408,61.888,66.721,
mixed,4,2,0.5,4.0,256,0,512,2048,1280,62.944,70.335,70.304,0.9958
mixed,4,2,0.5,4.0,256,0,1024,4096,2560,75.072,89.6,89.185,0.9714
mixed,4,2,0.5,4.0,256,0,2048,8192,5120,98.913,127.776,127.937,1.0056
mixed,4,2,0.5,4.0,256,0,4096,16384,10240,147.296,206.144,204.992,0.9804
mixed,4,2,0.5,4.0,256,512,128,512,320,77.12,76.511,76.319,
mixed,4,2,0.5,4.0,256,512,256,1024,640,76.96,78.431,72.191,-3.242
mixed,4,2,0.5,4.0,256,512,512,2048,1280,77.505,77.602,77.951,4.5979
mixed,4,2,0.5,4.0,256,512,1024,4096,2560,82.497,97.472,96.16,0.9124
mixed,4,2,0.5,4.0,256,512,2048,8192,5120,106.432,128.641,135.168,1.2939
mixed,4,2,0.5,4.0,256,512,4096,16384,10240,147.746,205.727,204.768,0.9835
mixed,4,2,0.5,4.0,256,1024,128,512,320,75.969,77.024,77.663,1.6057
mixed,4,2,0.5,4.0,256,1024,256,1024,640,82.432,82.368,82.431,
mixed,4,2,0.5,4.0,256,1024,512,2048,1280,81.694,79.841,80.192,
mixed,4,2,0.5,4.0,256,1024,1024,4096,2560,83.038,97.345,96.16,0.9172
mixed,4,2,0.5,4.0,256,1024,2048,8192,5120,106.43,135.136,135.103,0.9989
mixed,4,2,0.5,4.0,256,1024,4096,16384,10240,155.679,205.726,213.215,1.1496
mixed,4,2,0.5,4.0,256,2048,128,512,320,94.239,95.328,94.688,0.4123
mixed,4,2,0.5,4.0,256,2048,256,1024,640,95.392,94.401,93.6,
mixed,4,2,0.5,4.0,256,2048,512,2048,1280,94.879,94.623,94.624,
mixed,4,2,0.5,4.0,256,2048,1024,4096,2560,89.855,99.103,97.92,0.8721
mixed,4,2,0.5,4.0,256,2048,2048,8192,5120,108.127,137.281,137.311,1.001
mixed,4,2,0.5,4.0,256,2048,4096,16384,10240,155.519,213.824,212.195,0.9721
mixed,4,2,0.5,4.0,256,4096,128,512,320,111.168,113.185,110.241,-0.4596
mixed,4,2,0.5,4.0,256,4096,256,1024,640,129.664,142.784,113.665,-1.2194
mixed,4,2,0.5,4.0,256,4096,512,2048,1280,129.216,143.998,141.921,0.8595
mixed,4,2,0.5,4.0,256,4096,1024,4096,2560,152.799,122.59,153.505,
mixed,4,2,0.5,4.0,256,4096,2048,8192,5120,121.984,137.728,137.598,0.9917
mixed,4,2,0.5,4.0,256,4096,4096,16384,10240,157.28,212.737,214.753,1.0364
mixed,4,2,0.5,4.0,256,8192,128,512,320,150.303,148.929,149.984,
mixed,4,2,0.5,4.0,256,8192,256,1024,640,149.665,151.455,149.248,-0.233
mixed,4,2,0.5,4.0,256,8192,512,2048,1280,171.169,219.456,162.271,-0.1843
mixed,4,2,0.5,4.0,256,8192,1024,4096,2560,188.352,219.775,218.622,0.9633
mixed,4,2,0.5,4.0,256,8192,2048,8192,5120,241.408,171.937,221.408,
mixed,4,2,0.5,4.0,256,8192,4096,16384,10240,173.859,215.714,214.656,0.9747
mixed,4,2,0.5,4.0,512,0,128,512,320,57.024,79.168,78.431,0.9667
mixed,4,2,0.5,4.0,512,0,256,1024,640,79.361,89.278,87.967,0.8678
mixed,4,2,0.5,4.0,512,0,512,2048,1280,94.657,93.248,108.993,
mixed,4,2,0.5,4.0,512,0,1024,4096,2560,102.368,131.52,130.977,0.9814
mixed,4,2,0.5,4.0,512,0,2048,8192,5120,151.102,207.648,207.425,0.9961
mixed,4,2,0.5,4.0,512,0,4096,16384,10240,246.304,361.216,361.375,1.0014
mixed,4,2,0.5,4.0,512,512,128,512,320,101.28,111.135,97.985,-0.3343
mixed,4,2,0.5,4.0,512,512,256,1024,640,100.893,110.689,110.752,1.0064
mixed,4,2,0.5,4.0,512,512,512,2048,1280,115.998,129.565,130.078,1.0378
mixed,4,2,0.5,4.0,512,512,1024,4096,2560,139.807,167.55,167.969,1.0151
mixed,4,2,0.5,4.0,512,512,2048,8192,5120,187.265,208.478,243.808,2.6655
mixed,4,2,0.5,4.0,512,512,4096,16384,10240,247.584,362.527,361.888,0.9944
mixed,4,2,0.5,4.0,512,1024,128,512,320,102.272,120.449,106.369,0.2254
mixed,4,2,0.5,4.0,512,1024,256,1024,640,125.023,119.392,119.041,
mixed,4,2,0.5,4.0,512,1024,512,2048,1280,124.383,138.88,139.104,1.0155
mixed,4,2,0.5,4.0,512,1024,1024,4096,2560,148.639,177.919,177.505,0.9859
mixed,4,2,0.5,4.0,512,1024,2048,8192,5120,197.185,254.975,253.215,0.9695
mixed,4,2,0.5,4.0,512,1024,4096,16384,10240,247.457,362.785,361.761,0.9911
mixed,4,2,0.5,4.0,512,2048,128,512,320,119.84,120.191,119.201,-1.8205
mixed,4,2,0.5,4.0,512,2048,256,1024,640,130.974,159.202,130.493,-0.017
mixed,4,2,0.5,4.0,512,2048,512,2048,1280,168.896,159.616,158.72,
mixed,4,2,0.5,4.0,512,2048,1024,4096,2560,168.321,197.92,197.151,0.974
mixed,4,2,0.5,4.0,512,2048,2048,8192,5120,216.769,274.177,273.6,0.9899
mixed,4,2,0.5,4.0,512,2048,4096,16384,10240,314.337,362.336,428.352,2.3754
mixed,4,2,0.5,4.0,512,4096,128,512,320,157.311,157.152,157.184,
mixed,4,2,0.5,4.0,512,4096,256,1024,640,157.953,160.384,157.694,-0.1065
mixed,4,2,0.5,4.0,512,4096,512,2048,1280,178.848,236.608,179.904,0.0183
mixed,4,2,0.5,4.0,512,4096,1024,4096,2560,256.639,236.255,237.248,
mixed,4,2,0.5,4.0,512,4096,2048,8192,5120,257.504,317.568,313.984,0.9403
mixed,4,2,0.5,4.0,512,4096,4096,16384,10240,354.049,472.382,467.776,0.9611
mixed,4,2,0.5,4.0,512,8192,128,512,320,234.273,233.857,234.464,
mixed,4,2,0.5,4.0,512,8192,256,1024,640,234.271,233.856,234.656,
mixed,4,2,0.5,4.0,512,8192,512,2048,1280,233.856,236.961,234.593,0.2374
mixed,4,2,0.5,4.0,512,8192,1024,4096,2560,276.895,392.416,276.511,-0.0033
mixed,4,2,0.5,4.0,512,8192,2048,8192,5120,334.815,394.433,393.598,0.986
mixed,4,2,0.5,4.0,512,8192,4096,16384,10240,433.151,548.48,548.095,0.9967
mixed,4,2,0.5,4.0,1024,0,128,512,320,80.8,81.536,81.246,0.606
mixed,4,2,0.5,4.0,1024,0,256,1024,640,85.569,99.487,84.384,-0.0851
mixed,4,2,0.5,4.0,1024,0,512,2048,1280,108.704,136.509,120.961,0.4408
mixed,4,2,0.5,4.0,1024,0,1024,4096,2560,153.761,207.328,192.926,0.7311
mixed,4,2,0.5,4.0,1024,0,2048,8192,5120,243.807,354.015,337.407,0.8493
mixed,4,2,0.5,4.0,1024,0,4096,16384,10240,424.831,642.783,626.241,0.9241
mixed,4,2,0.5,4.0,1024,512,128,512,320,99.68,99.584,99.424,
mixed,4,2,0.5,4.0,1024,512,256,1024,640,104.767,117.472,100.031,-0.3728
mixed,4,2,0.5,4.0,1024,512,512,2048,1280,126.367,153.374,121.249,-0.1895
mixed,4,2,0.5,4.0,1024,512,1024,4096,2560,171.39,225.344,193.758,0.4146
mixed,4,2,0.5,4.0,1024,512,2048,8192,5120,261.373,369.312,338.077,0.7106
mixed,4,2,0.5,4.0,1024,512,4096,16384,10240,442.752,660.8,625.984,0.8403
mixed,4,2,0.5,4.0,1024,1024,128,512,320,118.175,118.175,118.496,
mixed,4,2,0.5,4.0,1024,1024,256,1024,640,118.24,136.381,118.399,0.0088
mixed,4,2,0.5,4.0,1024,1024,512,2048,1280,145.795,171.776,121.952,-0.9177
mixed,4,2,0.5,4.0,1024,1024,1024,4096,2560,190.72,244.832,194.528,0.0704
mixed,4,2,0.5,4.0,1024,1024,2048,8192,5120,280.672,387.873,338.432,0.5388
mixed,4,2,0.5,4.0,1024,1024,4096,16384,10240,460.316,678.462,627.742,0.7675
mixed,4,2,0.5,4.0,1024,2048,128,512,320,154.399,154.593,154.145,-1.3093
mixed,4,2,0.5,4.0,1024,2048,256,1024,640,154.592,155.168,154.464,-0.2222
mixed,4,2,0.5,4.0,1024,2048,512,2048,1280,154.913,210.27,154.53,-0.0069
mixed,4,2,0.5,4.0,1024,2048,1024,4096,2560,227.649,284.35,194.559,-0.5836
mixed,4,2,0.5,4.0,1024,2048,2048,8192,5120,318.429,429.021,340.608,0.2005
mixed,4,2,0.5,4.0,1024,2048,4096,16384,10240,499.227,717.79,631.2,0.6038
mixed,4,2,0.5,4.0,1024,4096,128,512,320,225.408,226.368,225.728,0.3333
mixed,4,2,0.5,4.0,1024,4096,256,1024,640,225.408,225.889,226.303,1.8607
mixed,4,2,0.5,4.0,1024,4096,512,2048,1280,226.497,226.495,225.663,
mixed,4,2,0.5,4.0,1024,4096,1024,4096,2560,245.632,358.783,246.239,0.0054
mixed,4,2,0.5,4.0,1024,4096,2048,8192,5120,394.814,504.192,345.856,-0.4476
mixed,4,2,0.5,4.0,1024,4096,4096,16384,10240,576.476,794.526,633.63,0.2621
mixed,4,2,0.5,4.0,1024,8192,128,512,320,376.511,377.918,376.512,0.0007
mixed,4,2,0.5,4.0,1024,8192,256,1024,640,377.182,378.113,376.095,-1.1676
mixed,4,2,0.5,4.0,1024,8192,512,2048,1280,377.631,378.239,376.832,-1.3141
mixed,4,2,0.5,4.0,1024,8192,1024,4096,2560,378.209,379.551,378.494,0.2124
mixed,4,2,0.5,4.0,1024,8192,2048,8192,5120,436.512,653.406,435.489,-0.0047
mixed,4,2,0.5,4.0,1024,8192,4096,16384,10240,723.937,942.623,643.008,-0.3701
mixed,4,2,0.5,4.0,2048,0,128,512,320,152.0,160.992,161.119,1.0141
mixed,4,2,0.5,4.0,2048,0,256,1024,640,164.704,179.326,178.463,0.941
mixed,4,2,0.5,4.0,2048,0,512,2048,1280,187.135,214.493,215.648,1.0422
mixed,4,2,0.5,4.0,2048,0,1024,4096,2560,232.514,287.68,287.71,1.0005
mixed,4,2,0.5,4.0,2048,0,2048,8192,5120,323.584,431.968,431.872,0.9991
mixed,4,2,0.5,4.0,2048,0,4096,16384,10240,503.328,721.629,723.808,1.01
mixed,4,2,0.5,4.0,2048,512,128,512,320,180.513,181.122,180.16,-0.5796
mixed,4,2,0.5,4.0,2048,512,256,1024,640,184.639,197.087,196.0,0.9127
mixed,4,2,0.5,4.0,2048,512,512,2048,1280,207.586,233.76,233.248,0.9804
mixed,4,2,0.5,4.0,2048,512,1024,4096,2560,252.575,307.968,308.705,1.0133
mixed,4,2,0.5,4.0,2048,512,2048,8192,5120,344.226,453.663,452.991,0.9939
mixed,4,2,0.5,4.0,2048,512,4096,16384,10240,526.69,741.183,741.311,1.0006
mixed,4,2,0.5,4.0,2048,1024,128,512,320,216.446,216.834,216.544,0.2526
mixed,4,2,0.5,4.0,2048,1024,256,1024,640,217.377,217.02,217.695,
mixed,4,2,0.5,4.0,2048,1024,512,2048,1280,225.311,251.553,252.735,1.045
mixed,4,2,0.5,4.0,2048,1024,1024,4096,2560,270.847,327.809,327.294,0.991
mixed,4,2,0.5,4.0,2048,1024,2048,8192,5120,363.52,472.735,472.542,0.9982
mixed,4,2,0.5,4.0,2048,1024,4096,16384,10240,544.989,764.606,761.44,0.9856
mixed,4,2,0.5,4.0,2048,2048,128,512,320,292.96,293.47,294.305,2.6373
mixed,4,2,0.5,4.0,2048,2048,256,1024,640,292.704,292.896,292.448,-1.3333
mixed,4,2,0.5,4.0,2048,2048,512,2048,1280,294.591,294.336,293.217,
mixed,4,2,0.5,4.0,2048,2048,1024,4096,2560,311.936,368.257,366.912,0.9761
mixed,4,2,0.5,4.0,2048,2048,2048,8192,5120,406.176,513.373,511.644,0.9839
mixed,4,2,0.5,4.0,2048,2048,4096,16384,10240,586.238,802.813,803.038,1.001
mixed,4,2,0.5,4.0,2048,4096,128,512,320,445.888,445.726,444.481,
mixed,4,2,0.5,4.0,2048,4096,256,1024,640,445.119,445.726,446.304,1.9522
mixed,4,2,0.5,4.0,2048,4096,512,2048,1280,445.28,446.816,445.63,0.2279
mixed,4,2,0.5,4.0,2048,4096,1024,4096,2560,444.798,446.336,445.952,0.7503
mixed,4,2,0.5,4.0,2048,4096,2048,8192,5120,483.328,591.935,591.423,0.9953
mixed,4,2,0.5,4.0,2048,4096,4096,16384,10240,664.158,882.368,881.213,0.9947
mixed,4,2,0.5,4.0,2048,8192,128,512,320,731.101,731.359,731.902,3.1047
mixed,4,2,0.5,4.0,2048,8192,256,1024,640,732.544,731.552,733.374,
mixed,4,2,0.5,4.0,2048,8192,512,2048,1280,734.942,733.664,732.864,
mixed,4,2,0.5,4.0,2048,8192,1024,4096,2560,732.577,733.664,731.104,-1.3551
mixed,4,2,0.5,4.0,2048,8192,2048,8192,5120,730.686,738.303,733.821,0.4116
mixed,4,2,0.5,4.0,2048,8192,4096,16384,10240,809.245,1025.149,1024.35,0.9963
pure,4,3,0.75,4.0,0,0,128,512,416,44.929,46.112,44.992,0.0533
pure,4,3,0.75,4.0,0,0,256,1024,832,47.169,47.904,47.359,0.2585
pure,4,3,0.75,4.0,0,0,512,2048,1664,48.833,51.232,49.824,0.4131
pure,4,3,0.75,4.0,0,0,1024,4096,3328,54.815,56.608,55.167,0.1963
pure,4,3,0.75,4.0,0,0,2048,8192,6656,65.762,71.136,65.281,-0.0895
pure,4,3,0.75,4.0,0,0,4096,16384,13312,87.104,95.965,87.552,0.0506
mixed,4,3,0.75,4.0,16,0,128,512,416,52.224,51.264,52.862,
mixed,4,3,0.75,4.0,16,0,256,1024,832,51.906,54.241,52.094,0.0805
mixed,4,3,0.75,4.0,16,0,512,2048,1664,53.888,55.585,53.536,-0.2074
mixed,4,3,0.75,4.0,16,0,1024,4096,3328,60.545,61.153,59.52,-1.6859
mixed,4,3,0.75,4.0,16,0,2048,8192,6656,69.728,74.369,70.752,0.2206
mixed,4,3,0.75,4.0,16,0,4096,16384,13312,93.599,102.336,94.495,0.1026
mixed,4,3,0.75,4.0,16,512,128,512,416,59.616,57.471,60.159,
mixed,4,3,0.75,4.0,16,512,256,1024,832,56.416,55.104,56.48,
mixed,4,3,0.75,4.0,16,512,512,2048,1664,64.257,64.35,63.009,-13.4194
mixed,4,3,0.75,4.0,16,512,1024,4096,3328,67.168,68.225,64.801,-2.2394
mixed,4,3,0.75,4.0,16,512,2048,8192,6656,70.561,76.705,70.72,0.0259
mixed,4,3,0.75,4.0,16,512,4096,16384,13312,94.913,101.729,95.744,0.1219
mixed,4,3,0.75,4.0,16,1024,128,512,416,63.391,61.856,61.951,
mixed,4,3,0.75,4.0,16,1024,256,1024,832,62.4,61.439,61.857,
mixed,4,3,0.75,4.0,16,1024,512,2048,1664,64.927,63.711,65.409,
mixed,4,3,0.75,4.0,16,1024,1024,4096,3328,67.968,69.885,69.441,0.7684
mixed,4,3,0.75,4.0,16,1024,2048,8192,6656,71.328,78.752,70.815,-0.0691
mixed,4,3,0.75,4.0,16,1024,4096,16384,13312,94.049,100.992,95.519,0.2117
mixed,4,3,0.75,4.0,16,2048,128,512,416,64.512,63.807,64.543,
mixed,4,3,0.75,4.0,16,2048,256,1024,832,64.288,63.488,65.055,
mixed,4,3,0.75,4.0,16,2048,512,2048,1664,65.951,65.056,66.497,
mixed,4,3,0.75,4.0,16,2048,1024,4096,3328,69.056,71.2,69.631,0.2682
mixed,4,3,0.75,4.0,16,2048,2048,8192,6656,77.826,80.416,78.848,0.3946
mixed,4,3,0.75,4.0,16,2048,4096,16384,13312,95.937,102.272,95.679,-0.0407
mixed,4,3,0.75,4.0,16,4096,128,512,416,67.744,68.351,66.784,-1.5815
mixed,4,3,0.75,4.0,16,4096,256,1024,832,67.201,66.944,66.721,
mixed,4,3,0.75,4.0,16,4096,512,2048,1664,68.386,69.085,67.743,-0.9199
mixed,4,3,0.75,4.0,16,4096,1024,4096,3328,71.328,73.887,69.474,-0.7245
mixed,4,3,0.75,4.0,16,4096,2048,8192,6656,80.866,83.935,81.184,0.1036
mixed,4,3,0.75,4.0,16,4096,4096,16384,13312,95.616,107.008,95.936,0.0281
mixed,4,3,0.75,4.0,16,8192,128,512,416,72.352,71.357,72.416,
mixed,4,3,0.75,4.0,16,8192,256,1024,832,72.96,72.832,71.777,
mixed,4,3,0.75,4.0,16,8192,512,2048,1664,72.546,73.535,72.513,-0.0334
mixed,4,3,0.75,4.0,16,8192,1024,4096,3328,77.28,77.025,78.752,
mixed,4,3,0.75,4.0,16,8192,2048,8192,6656,83.742,87.743,84.928,0.2964
mixed,4,3,0.75,4.0,16,8192,4096,16384,13312,102.88,113.6,105.503,0.2447
mixed,4,3,0.75,4.0,32,0,128,512,416,51.84,51.808,52.927,
mixed,4,3,0.75,4.0,32,0,256,1024,832,53.346,53.055,52.895,
mixed,4,3,0.75,4.0,32,0,512,2048,1664,55.073,57.791,54.368,-0.2594
mixed,4,3,0.75,4.0,32,0,1024,4096,3328,60.386,62.081,61.76,0.8106
mixed,4,3,0.75,4.0,32,0,2048,8192,6656,69.663,74.882,71.04,0.2638
mixed,4,3,0.75,4.0,32,0,4096,16384,13312,94.913,101.537,94.592,-0.0485
mixed,4,3,0.75,4.0,32,512,128,512,416,59.008,57.601,58.178,
mixed,4,3,0.75,4.0,32,512,256,1024,832,55.072,55.84,55.649,0.7513
mixed,4,3,0.75,4.0,32,512,512,2048,1664,62.786,63.551,63.007,0.2889
mixed,4,3,0.75,4.0,32,512,1024,4096,3328,68.64,68.064,65.76,
mixed,4,3,0.75,4.0,32,512,2048,8192,6656,70.047,76.352,71.616,0.2489
mixed,4,3,0.75,4.0,32,512,4096,16384,13312,94.241,100.735,94.879,0.0982
mixed,4,3,0.75,4.0,32,1024,128,512,416,62.946,62.304,63.072,
mixed,4,3,0.75,4.0,32,1024,256,1024,832,62.304,61.728,62.272,
mixed,4,3,0.75,4.0,32,1024,512,2048,1664,63.456,62.943,64.77,
mixed,4,3,0.75,4.0,32,1024,1024,4096,3328,70.335,73.342,70.944,0.2025
mixed,4,3,0.75,4.0,32,1024,2048,8192,6656,71.168,81.792,72.833,0.1567
mixed,4,3,0.75,4.0,32,1024,4096,16384,13312,95.136,102.688,94.88,-0.0339
mixed,4,3,0.75,4.0,32,2048,128,512,416,64.674,64.417,63.842,
mixed,4,3,0.75,4.0,32,2048,256,1024,832,64.991,62.815,64.706,
mixed,4,3,0.75,4.0,32,2048,512,2048,1664,65.984,65.92,66.239,
mixed,4,3,0.75,4.0,32,2048,1024,4096,3328,70.529,75.424,71.807,0.2611
mixed,4,3,0.75,4.0,32,2048,2048,8192,6656,79.295,81.408,79.869,0.2717
mixed,4,3,0.75,4.0,32,2048,4096,16384,13312,91.808,102.785,94.784,0.2711
mixed,4,3,0.75,4.0,32,4096,128,512,416,69.854,69.152,68.609,
mixed,4,3,0.75,4.0,32,4096,256,1024,832,69.634,70.464,69.504,-0.1566
mixed,4,3,0.75,4.0,32,4096,512,2048,1664,71.039,70.751,70.559,
mixed,4,3,0.75,4.0,32,4096,1024,4096,3328,79.808,75.294,80.255,
mixed,4,3,0.75,4.0,32,4096,2048,8192,6656,80.095,86.912,82.112,0.2959
mixed,4,3,0.75,4.0,32,4096,4096,16384,13312,101.345,107.361,101.727,0.0635
mixed,4,3,0.75,4.0,32,8192,128,512,416,75.808,76.703,76.479,0.7497
mixed,4,3,0.75,4.0,32,8192,256,1024,832,80.958,84.415,80.928,-0.0087
mixed,4,3,0.75,4.0,32,8192,512,2048,1664,78.464,78.4,77.857,
mixed,4,3,0.75,4.0,32,8192,1024,4096,3328,82.24,82.337,84.641,24.7526
mixed,4,3,0.75,4.0,32,8192,2048,8192,6656,86.398,90.721,86.654,0.0592
mixed,4,3,0.75,4.0,32,8192,4096,16384,13312,105.822,111.968,106.912,0.1774
mixed,4,3,0.75,4.0,64,0,128,512,416,52.639,53.345,52.544,-0.1346
mixed,4,3,0.75,4.0,64,0,256,1024,832,54.686,54.336,54.27,
mixed,4,3,0.75,4.0,64,0,512,2048,1664,55.393,57.664,55.327,-0.0291
mixed,4,3,0.75,4.0,64,0,1024,4096,3328,61.056,63.2,61.536,0.2239
mixed,4,3,0.75,4.0,64,0,2048,8192,6656,70.849,75.743,73.407,0.5227
mixed,4,3,0.75,4.0,64,0,4096,16384,13312,94.176,102.464,98.88,0.5676
mixed,4,3,0.75,4.0,64,512,128,512,416,64.704,63.488,63.585,
mixed,4,3,0.75,4.0,64,512,256,1024,832,59.616,60.415,59.265,-0.4393
mixed,4,3,0.75,4.0,64,512,512,2048,1664,66.817,68.672,68.096,0.6895
mixed,4,3,0.75,4.0,64,512,1024,4096,3328,73.312,74.752,74.401,0.7563
mixed,4,3,0.75,4.0,64,512,2048,8192,6656,73.439,77.631,75.617,0.5196
mixed,4,3,0.75,4.0,64,512,4096,16384,13312,96.159,101.44,99.553,0.6427
mixed,4,3,0.75,4.0,64,1024,128,512,416,64.478,66.242,66.11,0.9252
mixed,4,3,0.75,4.0,64,1024,256,1024,832,66.015,67.713,63.746,-1.3363
mixed,4,3,0.75,4.0,64,1024,512,2048,1664,70.047,71.487,70.4,0.2451
mixed,4,3,0.75,4.0,64,1024,1024,4096,3328,76.897,77.663,78.08,1.5444
mixed,4,3,0.75,4.0,64,1024,2048,8192,6656,82.303,82.209,83.552,
mixed,4,3,0.75,4.0,64,1024,4096,16384,13312,95.712,106.047,99.359,0.3529
mixed,4,3,0.75,4.0,64,2048,128,512,416,71.807,70.656,71.807,
mixed,4,3,0.75,4.0,64,2048,256,1024,832,73.023,75.52,72.545,-0.1914
mixed,4,3,0.75,4.0,64,2048,512,2048,1664,74.24,75.456,74.785,0.4482
mixed,4,3,0.75,4.0,64,2048,1024,4096,3328,79.234,80.031,78.206,-1.2898
mixed,4,3,0.75,4.0,64,2048,2048,8192,6656,83.81,88.289,87.168,0.7497
mixed,4,3,0.75,4.0,64,2048,4096,16384,13312,98.752,105.951,100.096,0.1867
mixed,4,3,0.75,4.0,64,4096,128,512,416,76.672,78.241,78.816,1.3665
mixed,4,3,0.75,4.0,64,4096,256,1024,832,81.215,83.777,81.344,0.0504
mixed,4,3,0.75,4.0,64,4096,512,2048,1664,79.552,82.304,80.383,0.302
mixed,4,3,0.75,4.0,64,4096,1024,4096,3328,83.87,85.983,84.191,0.1519
mixed,4,3,0.75,4.0,64,4096,2048,8192,6656,89.217,92.128,91.04,0.6262
mixed,4,3,0.75,4.0,64,4096,4096,16384,13312,99.97,116.704,101.599,0.0973
mixed,4,3,0.75,4.0,64,8192,128,512,416,93.73,94.497,94.111,0.4967
mixed,4,3,0.75,4.0,64,8192,256,1024,832,93.341,93.152,93.89,
mixed,4,3,0.75,4.0,64,8192,512,2048,1664,90.625,94.304,92.768,0.5825
mixed,4,3,0.75,4.0,64,8192,1024,4096,3328,98.334,99.617,98.368,0.0265
mixed,4,3,0.75,4.0,64,8192,2048,8192,6656,103.296,107.232,103.296,0.0
mixed,4,3,0.75,4.0,64,8192,4096,16384,13312,111.233,120.639,112.448,0.1292
mixed,4,3,0.75,4.0,128,0,128,512,416,53.696,54.016,54.464,2.4
mixed,4,3,0.75,4.0,128,0,256,1024,832,54.848,55.615,55.937,1.4198
mixed,4,3,0.75,4.0,128,0,512,2048,1664,56.448,60.253,60.768,1.1353
mixed,4,3,0.75,4.0,128,0,1024,4096,3328,66.209,71.454,70.431,0.805
mixed,4,3,0.75,4.0,128,0,2048,8192,6656,80.928,90.816,90.239,0.9416
mixed,4,3,0.75,4.0,128,0,4096,16384,13312,116.095,132.801,131.552,0.9252
mixed,4,3,0.75,4.0,128,512,128,512,416,68.864,68.607,68.77,
mixed,4,3,0.75,4.0,128,512,256,1024,832,68.096,67.775,67.392,
mixed,4,3,0.75,4.0,128,512,512,2048,1664,69.633,68.672,66.433,
mixed,4,3,0.75,4.0,128,512,1024,4096,3328,70.112,74.912,72.992,0.6
mixed,4,3,0.75,4.0,128,512,2048,8192,6656,81.822,90.399,89.567,0.903
mixed,4,3,0.75,4.0,128,512,4096,16384,13312,116.993,130.271,130.72,1.0338
mixed,4,3,0.75,4.0,128,1024,128,512,416,71.808,69.921,69.727,
mixed,4,3,0.75,4.0,128,1024,256,1024,832,70.91,70.337,70.528,
mixed,4,3,0.75,4.0,128,1024,512,2048,1664,71.744,72.864,72.192,0.4
mixed,4,3,0.75,4.0,128,1024,1024,4096,3328,73.568,75.584,73.761,0.0957
mixed,4,3,0.75,4.0,128,1024,2048,8192,6656,85.792,95.136,93.248,0.7979
mixed,4,3,0.75,4.0,128,1024,4096,16384,13312,114.977,133.055,129.439,0.8
mixed,4,3,0.75,4.0,128,2048,128,512,416,77.344,77.376,76.286,-33.0625
mixed,4,3,0.75,4.0,128,2048,256,1024,832,76.159,78.241,77.729,0.7541
mixed,4,3,0.75,4.0,128,2048,512,2048,1664,78.815,78.335,79.264,
mixed,4,3,0.75,4.0,128,2048,1024,4096,3328,82.239,83.393,82.559,0.2773
mixed,4,3,0.75,4.0,128,2048,2048,8192,6656,88.096,96.446,94.271,0.7395
mixed,4,3,0.75,4.0,128,2048,4096,16384,13312,120.287,135.585,132.48,0.797
mixed,4,3,0.75,4.0,128,4096,128,512,416,91.711,91.809,91.904,1.9694
mixed,4,3,0.75,4.0,128,4096,256,1024,832,92.672,92.064,91.008,
mixed,4,3,0.75,4.0,128,4096,512,2048,1664,90.496,90.557,90.24,-4.1967
mixed,4,3,0.75,4.0,128,4096,1024,4096,3328,93.696,94.368,93.856,0.2381
mixed,4,3,0.75,4.0,128,4096,2048,8192,6656,128.001,104.351,101.248,
mixed,4,3,0.75,4.0,128,4096,4096,16384,13312,121.852,134.815,133.376,0.889
mixed,4,3,0.75,4.0,128,8192,128,512,416,113.119,108.671,108.962,
mixed,4,3,0.75,4.0,128,8192,256,1024,832,115.777,115.776,115.616,
mixed,4,3,0.75,4.0,128,8192,512,2048,1664,115.584,116.607,116.383,0.781
mixed,4,3,0.75,4.0,128,8192,1024,4096,3328,113.953,116.095,116.704,1.2843
mixed,4,3,0.75,4.0,128,8192,2048,8192,6656,124.029,127.325,124.286,0.078
mixed,4,3,0.75,4.0,128,8192,4096,16384,13312,201.728,142.75,164.991,
mixed,4,3,0.75,4.0,256,0,128,512,416,54.175,64.45,65.056,1.059
mixed,4,3,0.75,4.0,256,0,256,1024,832,65.63,61.792,61.727,
mixed,4,3,0.75,4.0,256,0,512,2048,1664,66.366,70.017,70.976,1.2627
mixed,4,3,0.75,4.0,256,0,1024,4096,3328,79.487,89.76,88.8,0.9066
mixed,4,3,0.75,4.0,256,0,2048,8192,6656,114.207,128.129,127.231,0.9355
mixed,4,3,0.75,4.0,256,0,4096,16384,13312,177.12,205.599,205.279,0.9888
mixed,4,3,0.75,4.0,256,512,128,512,416,76.992,75.713,76.576,
mixed,4,3,0.75,4.0,256,512,256,1024,832,77.598,78.368,78.11,0.6649
mixed,4,3,0.75,4.0,256,512,512,2048,1664,73.025,78.624,78.111,0.9084
mixed,4,3,0.75,4.0,256,512,1024,4096,3328,87.137,97.505,96.702,0.9226
mixed,4,3,0.75,4.0,256,512,2048,8192,6656,113.92,129.088,129.28,1.0127
mixed,4,3,0.75,4.0,256,512,4096,16384,13312,176.609,204.961,206.177,1.0429
mixed,4,3,0.75,4.0,256,1024,128,512,416,78.144,76.129,76.769,
mixed,4,3,0.75,4.0,256,1024,256,1024,832,82.305,81.889,82.144,
mixed,4,3,0.75,4.0,256,1024,512,2048,1664,82.623,80.195,80.928,
mixed,4,3,0.75,4.0,256,1024,1024,4096,3328,86.912,96.832,96.061,0.9223
mixed,4,3,0.75,4.0,256,1024,2048,8192,6656,121.214,135.489,134.528,0.9327
mixed,4,3,0.75,4.0,256,1024,4096,16384,13312,176.544,205.569,205.631,1.0021
mixed,4,3,0.75,4.0,256,2048,128,512,416,95.137,95.136,94.56,
mixed,4,3,0.75,4.0,256,2048,256,1024,832,94.623,94.463,94.24,
mixed,4,3,0.75,4.0,256,2048,512,2048,1664,93.793,94.977,94.4,0.5127
mixed,4,3,0.75,4.0,256,2048,1024,4096,3328,90.336,99.104,99.487,1.0437
mixed,4,3,0.75,4.0,256,2048,2048,8192,6656,120.671,135.519,135.489,0.998
mixed,4,3,0.75,4.0,256,2048,4096,16384,13312,185.248,213.184,212.128,0.9622
mixed,4,3,0.75,4.0,256,4096,128,512,416,105.536,113.697,113.855,1.0194
mixed,4,3,0.75,4.0,256,4096,256,1024,832,134.879,141.886,142.273,1.0552
mixed,4,3,0.75,4.0,256,4096,512,2048,1664,134.144,144.031,142.143,0.809
mixed,4,3,0.75,4.0,256,4096,1024,4096,3328,144.127,121.439,153.023,
mixed,4,3,0.75,4.0,256,4096,2048,8192,6656,123.071,138.207,138.527,1.0211
mixed,4,3,0.75,4.0,256,4096,4096,16384,13312,184.415,214.145,212.318,0.9385
mixed,4,3,0.75,4.0,256,8192,128,512,416,148.992,149.313,149.695,2.19
mixed,4,3,0.75,4.0,256,8192,256,1024,832,149.664,151.967,152.062,1.0413
mixed,4,3,0.75,4.0,256,8192,512,2048,1664,201.314,219.999,220.096,1.0052
mixed,4,3,0.75,4.0,256,8192,1024,4096,3328,204.448,221.09,219.071,0.8787
mixed,4,3,0.75,4.0,256,8192,2048,8192,6656,170.685,171.937,171.039,0.2827
mixed,4,3,0.75,4.0,256,8192,4096,16384,13312,185.28,215.489,215.744,1.0084
mixed,4,3,0.75,4.0,512,0,128,512,416,56.226,78.335,80.639,1.1042
mixed,4,3,0.75,4.0,512,0,256,1024,832,84.224,89.567,89.184,0.9283
mixed,4,3,0.75,4.0,512,0,512,2048,1664,83.68,92.991,93.632,1.0688
mixed,4,3,0.75,4.0,512,0,1024,4096,3328,116.223,131.905,131.361,0.9653
mixed,4,3,0.75,4.0,512,0,2048,8192,6656,179.937,207.296,206.974,0.9882
mixed,4,3,0.75,4.0,512,0,4096,16384,13312,306.175,363.552,361.055,0.9565
mixed,4,3,0.75,4.0,512,512,128,512,416,105.727,110.494,110.143,0.9264
mixed,4,3,0.75,4.0,512,512,256,1024,832,106.144,110.401,111.072,1.1576
mixed,4,3,0.75,4.0,512,512,512,2048,1664,120.704,129.984,130.912,1.1
mixed,4,3,0.75,4.0,512,512,1024,4096,3328,152.927,168.511,168.161,0.9775
mixed,4,3,0.75,4.0,512,512,2048,8192,6656,179.488,209.76,208.32,0.9524
mixed,4,3,0.75,4.0,512,512,4096,16384,13312,304.288,362.624,362.047,0.9901
mixed,4,3,0.75,4.0,512,1024,128,512,416,111.104,119.808,120.769,1.1104
mixed,4,3,0.75,4.0,512,1024,256,1024,832,129.727,120.832,119.424,
mixed,4,3,0.75,4.0,512,1024,512,2048,1664,130.176,138.944,138.784,0.9818
mixed,4,3,0.75,4.0,512,1024,1024,4096,3328,163.105,176.703,177.504,1.0589
mixed,4,3,0.75,4.0,512,1024,2048,8192,6656,225.182,254.88,254.141,0.9751
mixed,4,3,0.75,4.0,512,1024,4096,16384,13312,306.718,363.774,363.87,1.0017
mixed,4,3,0.75,4.0,512,2048,128,512,416,118.497,122.014,121.313,0.8007
mixed,4,3,0.75,4.0,512,2048,256,1024,832,140.224,159.04,158.304,0.9609
mixed,4,3,0.75,4.0,512,2048,512,2048,1664,147.711,159.647,157.663,0.8338
mixed,4,3,0.75,4.0,512,2048,1024,4096,3328,183.008,196.384,197.472,1.0813
mixed,4,3,0.75,4.0,512,2048,2048,8192,6656,246.112,274.561,274.656,1.0033
mixed,4,3,0.75,4.0,512,2048,4096,16384,13312,370.848,363.296,429.118,
mixed,4,3,0.75,4.0,512,4096,128,512,416,157.759,157.92,158.432,4.1801
mixed,4,3,0.75,4.0,512,4096,256,1024,832,157.664,160.608,159.233,0.5329
mixed,4,3,0.75,4.0,512,4096,512,2048,1664,208.928,237.375,237.469,1.0033
mixed,4,3,0.75,4.0,512,4096,1024,4096,3328,221.888,236.704,237.153,1.0303
mixed,4,3,0.75,4.0,512,4096,2048,8192,6656,286.785,316.478,314.304,0.9268
mixed,4,3,0.75,4.0,512,4096,4096,16384,13312,412.8,470.56,467.326,0.944
mixed,4,3,0.75,4.0,512,8192,128,512,416,234.303,234.015,234.464,
mixed,4,3,0.75,4.0,512,8192,256,1024,832,233.597,234.688,234.368,0.7067
mixed,4,3,0.75,4.0,512,8192,512,2048,1664,234.079,237.758,237.055,0.8089
mixed,4,3,0.75,4.0,512,8192,1024,4096,3328,336.444,393.537,391.453,0.9635
mixed,4,3,0.75,4.0,512,8192,2048,8192,6656,364.832,394.848,392.991,0.9381
mixed,4,3,0.75,4.0,512,8192,4096,16384,13312,490.592,551.487,546.049,0.9107
mixed,4,3,0.75,4.0,1024,0,128,512,416,81.728,81.087,81.216,
mixed,4,3,0.75,4.0,1024,0,256,1024,832,90.304,99.424,98.754,0.9265
mixed,4,3,0.75,4.0,1024,0,512,2048,1664,122.464,136.16,136.096,0.9953
mixed,4,3,0.75,4.0,1024,0,1024,4096,3328,180.446,207.873,208.064,1.007
mixed,4,3,0.75,4.0,1024,0,2048,8192,6656,297.695,352.191,352.8,1.0112
mixed,4,3,0.75,4.0,1024,0,4096,16384,13312,532.446,642.462,640.893,0.9857
mixed,4,3,0.75,4.0,1024,512,128,512,416,101.057,99.68,99.936,
mixed,4,3,0.75,4.0,1024,512,256,1024,832,108.609,116.8,116.706,0.9885
mixed,4,3,0.75,4.0,1024,512,512,2048,1664,139.743,154.017,153.473,0.9619
mixed,4,3,0.75,4.0,1024,512,1024,4096,3328,198.337,225.601,226.625,1.0376
mixed,4,3,0.75,4.0,1024,512,2048,8192,6656,316.065,370.015,371.136,1.0208
mixed,4,3,0.75,4.0,1024,512,4096,16384,13312,550.655,658.878,659.709,1.0077
mixed,4,3,0.75,4.0,1024,1024,128,512,416,119.198,117.952,118.143,
mixed,4,3,0.75,4.0,1024,1024,256,1024,832,118.049,135.84,136.608,1.0432
mixed,4,3,0.75,4.0,1024,1024,512,2048,1664,159.2,172.383,171.583,0.9393
mixed,4,3,0.75,4.0,1024,1024,1024,4096,3328,217.246,243.999,243.935,0.9976
mixed,4,3,0.75,4.0,1024,1024,2048,8192,6656,335.039,388.576,388.928,1.0066
mixed,4,3,0.75,4.0,1024,1024,4096,16384,13312,568.768,678.495,677.439,0.9904
mixed,4,3,0.75,4.0,1024,2048,128,512,416,154.272,154.624,154.209,-0.179
mixed,4,3,0.75,4.0,1024,2048,256,1024,832,155.134,154.783,153.823,
mixed,4,3,0.75,4.0,1024,2048,512,2048,1664,181.345,208.8,208.384,0.9848
mixed,4,3,0.75,4.0,1024,2048,1024,4096,3328,256.062,282.493,282.912,1.0159
mixed,4,3,0.75,4.0,1024,2048,2048,8192,6656,373.087,427.936,426.879,0.9807
mixed,4,3,0.75,4.0,1024,2048,4096,16384,13312,609.185,717.022,715.838,0.989
mixed,4,3,0.75,4.0,1024,4096,128,512,416,226.272,226.558,226.208,-0.2238
mixed,4,3,0.75,4.0,1024,4096,256,1024,832,226.209,226.657,226.786,1.2879
mixed,4,3,0.75,4.0,1024,4096,512,2048,1664,227.712,226.463,226.177,
mixed,4,3,0.75,4.0,1024,4096,1024,4096,3328,304.64,359.743,358.591,0.9791
mixed,4,3,0.75,4.0,1024,4096,2048,8192,6656,449.439,502.367,501.824,0.9897
mixed,4,3,0.75,4.0,1024,4096,4096,16384,13312,684.703,792.222,794.559,1.0217
mixed,4,3,0.75,4.0,1024,8192,128,512,416,376.701,376.158,377.951,
mixed,4,3,0.75,4.0,1024,8192,256,1024,832,377.921,377.312,376.865,
mixed,4,3,0.75,4.0,1024,8192,512,2048,1664,377.758,377.855,377.567,-1.9691
mixed,4,3,0.75,4.0,1024,8192,1024,4096,3328,377.985,377.469,378.079,
mixed,4,3,0.75,4.0,1024,8192,2048,8192,6656,543.039,651.837,651.456,0.9965
mixed,4,3,0.75,4.0,1024,8192,4096,16384,13312,834.685,942.656,941.665,0.9908
mixed,4,3,0.75,4.0,2048,0,128,512,416,155.327,159.681,160.928,1.2864
mixed,4,3,0.75,4.0,2048,0,256,1024,832,168.99,178.72,178.625,0.9902
mixed,4,3,0.75,4.0,2048,0,512,2048,1664,201.44,214.239,215.103,1.0675
mixed,4,3,0.75,4.0,2048,0,1024,4096,3328,260.096,287.999,286.911,0.961
mixed,4,3,0.75,4.0,2048,0,2048,8192,6656,378.303,432.32,430.813,0.9721
mixed,4,3,0.75,4.0,2048,0,4096,16384,13312,612.254,721.373,721.215,0.9986
mixed,4,3,0.75,4.0,2048,512,128,512,416,180.446,180.543,180.768,3.3196
mixed,4,3,0.75,4.0,2048,512,256,1024,832,188.864,196.608,197.279,1.0866
mixed,4,3,0.75,4.0,2048,512,512,2048,1664,219.615,233.472,233.408,0.9954
mixed,4,3,0.75,4.0,2048,512,1024,4096,3328,280.608,307.932,309.313,1.0505
mixed,4,3,0.75,4.0,2048,512,2048,8192,6656,398.785,452.19,453.343,1.0216
mixed,4,3,0.75,4.0,2048,512,4096,16384,13312,635.935,741.885,743.037,1.0109
mixed,4,3,0.75,4.0,2048,1024,128,512,416,216.992,217.566,216.704,-0.5017
mixed,4,3,0.75,4.0,2048,1024,256,1024,832,216.576,217.599,217.696,1.0948
mixed,4,3,0.75,4.0,2048,1024,512,2048,1664,238.528,252.254,251.489,0.9443
mixed,4,3,0.75,4.0,2048,1024,1024,4096,3328,300.159,327.904,327.39,0.9815
mixed,4,3,0.75,4.0,2048,1024,2048,8192,6656,418.047,473.182,472.351,0.9849
mixed,4,3,0.75,4.0,2048,1024,4096,16384,13312,654.016,763.455,762.975,0.9956
mixed,4,3,0.75,4.0,2048,2048,128,512,416,292.958,293.922,293.057,0.1027
mixed,4,3,0.75,4.0,2048,2048,256,1024,832,292.735,293.438,293.601,1.2319
mixed,4,3,0.75,4.0,2048,2048,512,2048,1664,293.344,292.703,294.463,
mixed,4,3,0.75,4.0,2048,2048,1024,4096,3328,339.296,368.992,367.552,0.9515
mixed,4,3,0.75,4.0,2048,2048,2048,8192,6656,460.094,513.695,514.207,1.0096
mixed,4,3,0.75,4.0,2048,2048,4096,16384,13312,693.792,804.478,801.215,0.9705
mixed,4,3,0.75,4.0,2048,4096,128,512,416,444.544,446.046,446.914,1.5779
mixed,4,3,0.75,4.0,2048,4096,256,1024,832,445.76,445.405,443.839,
mixed,4,3,0.75,4.0,2048,4096,512,2048,1664,445.344,445.504,445.758,2.5875
mixed,4,3,0.75,4.0,2048,4096,1024,4096,3328,447.008,446.079,447.39,
mixed,4,3,0.75,4.0,2048,4096,2048,8192,6656,540.96,591.391,590.753,0.9873
mixed,4,3,0.75,4.0,2048,4096,4096,16384,13312,773.214,880.03,882.91,1.027
mixed,4,3,0.75,4.0,2048,8192,128,512,416,732.668,731.871,732.066,
mixed,4,3,0.75,4.0,2048,8192,256,1024,832,731.646,731.614,732.927,
mixed,4,3,0.75,4.0,2048,8192,512,2048,1664,732.127,730.975,731.713,
mixed,4,3,0.75,4.0,2048,8192,1024,4096,3328,733.374,732.477,731.007,
mixed,4,3,0.75,4.0,2048,8192,2048,8192,6656,733.921,734.59,735.999,3.1061
mixed,4,3,0.75,4.0,2048,8192,4096,16384,13312,917.215,1028.159,1026.813,0.9879
pure,8,1,0.125,4.0,0,0,128,512,176,37.25,45.633,45.056,0.9312
pure,8,1,0.125,4.0,0,0,256,1024,352,40.448,49.568,48.192,0.8491
pure,8,1,0.125,4.0,0,0,512,2048,704,46.751,54.655,49.503,0.3482
pure,8,1,0.125,4.0,0,0,1024,4096,1408,51.52,70.913,53.345,0.0941
pure,8,1,0.125,4.0,0,0,2048,8192,2816,59.871,95.456,63.071,0.0899
pure,8,1,0.125,4.0,0,0,4096,16384,5632,81.12,140.609,83.681,0.043
mixed,8,1,0.125,4.0,16,0,128,512,176,45.535,52.192,51.68,0.9231
mixed,8,1,0.125,4.0,16,0,256,1024,352,49.537,54.625,53.696,0.8174
mixed,8,1,0.125,4.0,16,0,512,2048,704,53.44,60.704,54.302,0.1187
mixed,8,1,0.125,4.0,16,0,1024,4096,1408,56.319,73.699,58.176,0.1068
mixed,8,1,0.125,4.0,16,0,2048,8192,2816,66.046,101.631,68.126,0.0585
mixed,8,1,0.125,4.0,16,0,4096,16384,5632,85.249,146.337,89.344,0.067
mixed,8,1,0.125,4.0,16,512,128,512,176,58.816,59.328,58.72,-0.1875
mixed,8,1,0.125,4.0,16,512,256,1024,352,57.695,63.296,56.161,-0.2739
mixed,8,1,0.125,4.0,16,512,512,2048,704,61.536,67.233,55.936,-0.983
mixed,8,1,0.125,4.0,16,512,1024,4096,1408,66.015,75.424,66.591,0.0612
mixed,8,1,0.125,4.0,16,512,2048,8192,2816,65.537,100.928,68.352,0.0795
mixed,8,1,0.125,4.0,16,512,4096,16384,5632,85.278,148.64,88.383,0.049
mixed,8,1,0.125,4.0,16,1024,128,512,176,61.951,61.888,60.894,
mixed,8,1,0.125,4.0,16,1024,256,1024,352,61.472,62.785,61.28,-0.1462
mixed,8,1,0.125,4.0,16,1024,512,2048,704,62.624,67.2,63.2,0.1259
mixed,8,1,0.125,4.0,16,1024,1024,4096,1408,66.786,78.24,67.776,0.0864
mixed,8,1,0.125,4.0,16,1024,2048,8192,2816,66.434,102.622,69.888,0.0954
mixed,8,1,0.125,4.0,16,1024,4096,16384,5632,86.751,146.753,89.441,0.0448
mixed,8,1,0.125,4.0,16,2048,128,512,176,63.551,62.976,61.569,
mixed,8,1,0.125,4.0,16,2048,256,1024,352,62.113,64.863,63.649,0.5585
mixed,8,1,0.125,4.0,16,2048,512,2048,704,64.418,68.608,64.224,-0.0463
mixed,8,1,0.125,4.0,16,2048,1024,4096,1408,68.03,79.68,68.509,0.0411
mixed,8,1,0.125,4.0,16,2048,2048,8192,2816,69.791,102.847,75.2,0.1636
mixed,8,1,0.125,4.0,16,2048,4096,16384,5632,86.239,146.593,89.535,0.0546
mixed,8,1,0.125,4.0,16,4096,128,512,176,68.929,67.583,67.616,
mixed,8,1,0.125,4.0,16,4096,256,1024,352,68.16,69.533,66.4,-1.2819
mixed,8,1,0.125,4.0,16,4096,512,2048,704,68.288,69.918,67.584,-0.4319
mixed,8,1,0.125,4.0,16,4096,1024,4096,1408,70.016,82.015,70.272,0.0213
mixed,8,1,0.125,4.0,16,4096,2048,8192,2816,75.297,105.056,76.001,0.0237
mixed,8,1,0.125,4.0,16,4096,4096,16384,5632,94.497,154.59,98.399,0.0649
mixed,8,1,0.125,4.0,16,8192,128,512,176,71.935,71.49,72.319,
mixed,8,1,0.125,4.0,16,8192,256,1024,352,70.976,72.894,71.008,0.0167
mixed,8,1,0.125,4.0,16,8192,512,2048,704,78.561,77.025,73.087,
mixed,8,1,0.125,4.0,16,8192,1024,4096,1408,74.335,87.969,75.009,0.0494
mixed,8,1,0.125,4.0,16,8192,2048,8192,2816,79.906,109.983,80.736,0.0276
mixed,8,1,0.125,4.0,16,8192,4096,16384,5632,100.383,153.088,100.416,0.0006
mixed,8,1,0.125,4.0,32,0,128,512,176,44.45,51.967,52.095,1.017
mixed,8,1,0.125,4.0,32,0,256,1024,352,48.353,56.001,54.049,0.7448
mixed,8,1,0.125,4.0,32,0,512,2048,704,54.432,61.217,55.519,0.1602
mixed,8,1,0.125,4.0,32,0,1024,4096,1408,58.687,75.999,59.999,0.0758
mixed,8,1,0.125,4.0,32,0,2048,8192,2816,65.921,104.255,68.319,0.0626
mixed,8,1,0.125,4.0,32,0,4096,16384,5632,86.655,149.15,87.202,0.0088
mixed,8,1,0.125,4.0,32,512,128,512,176,59.84,64.029,60.735,0.2137
mixed,8,1,0.125,4.0,32,512,256,1024,352,60.929,63.808,56.159,-1.6568
mixed,8,1,0.125,4.0,32,512,512,2048,704,68.992,67.391,63.838,
mixed,8,1,0.125,4.0,32,512,1024,4096,1408,67.136,74.88,70.337,0.4134
mixed,8,1,0.125,4.0,32,512,2048,8192,2816,66.72,103.423,68.801,0.0567
mixed,8,1,0.125,4.0,32,512,4096,16384,5632,85.407,150.434,89.888,0.0689
mixed,8,1,0.125,4.0,32,1024,128,512,176,64.384,64.16,63.137,
mixed,8,1,0.125,4.0,32,1024,256,1024,352,64.415,65.504,64.128,-0.2635
mixed,8,1,0.125,4.0,32,1024,512,2048,704,64.258,70.431,62.465,-0.2905
mixed,8,1,0.125,4.0,32,1024,1024,4096,1408,69.76,74.367,69.759,-0.0002
mixed,8,1,0.125,4.0,32,1024,2048,8192,2816,67.073,102.848,69.567,0.0697
mixed,8,1,0.125,4.0,32,1024,4096,16384,5632,85.313,149.44,88.704,0.0529
mixed,8,1,0.125,4.0,32,2048,128,512,176,65.057,65.503,64.96,-0.2175
mixed,8,1,0.125,4.0,32,2048,256,1024,352,65.889,68.96,63.073,-0.917
mixed,8,1,0.125,4.0,32,2048,512,2048,704,67.008,72.386,66.624,-0.0714
mixed,8,1,0.125,4.0,32,2048,1024,4096,1408,69.502,80.352,72.222,0.2507
mixed,8,1,0.125,4.0,32,2048,2048,8192,2816,74.559,103.2,76.096,0.0537
mixed,8,1,0.125,4.0,32,2048,4096,16384,5632,86.752,149.12,91.072,0.0693
mixed,8,1,0.125,4.0,32,4096,128,512,176,71.232,72.608,71.712,0.3488
mixed,8,1,0.125,4.0,32,4096,256,1024,352,69.984,73.857,69.856,-0.033
mixed,8,1,0.125,4.0,32,4096,512,2048,704,79.713,77.855,75.2,
mixed,8,1,0.125,4.0,32,4096,1024,4096,1408,76.255,85.152,77.824,0.1764
mixed,8,1,0.125,4.0,32,4096,2048,8192,2816,80.864,103.616,80.447,-0.0183
mixed,8,1,0.125,4.0,32,4096,4096,16384,5632,92.832,153.088,93.087,0.0042
mixed,8,1,0.125,4.0,32,8192,128,512,176,76.383,77.887,75.968,-0.2759
mixed,8,1,0.125,4.0,32,8192,256,1024,352,80.992,79.423,81.566,
mixed,8,1,0.125,4.0,32,8192,512,2048,704,88.03,84.482,79.841,
mixed,8,1,0.125,4.0,32,8192,1024,4096,1408,86.785,91.264,80.577,-1.386
mixed,8,1,0.125,4.0,32,8192,2048,8192,2816,87.616,115.839,87.937,0.0114
mixed,8,1,0.125,4.0,32,8192,4096,16384,5632,104.577,154.079,101.376,-0.0647
mixed,8,1,0.125,4.0,64,0,128,512,176,45.119,53.215,51.392,0.7748
mixed,8,1,0.125,4.0,64,0,256,1024,352,49.407,58.016,53.536,0.4796
mixed,8,1,0.125,4.0,64,0,512,2048,704,57.216,61.152,56.448,-0.1951
mixed,8,1,0.125,4.0,64,0,1024,4096,1408,58.305,75.52,61.984,0.2137
mixed,8,1,0.125,4.0,64,0,2048,8192,2816,65.794,115.392,72.673,0.1387
mixed,8,1,0.125,4.0,64,0,4096,16384,5632,87.361,159.104,97.218,0.1374
mixed,8,1,0.125,4.0,64,512,128,512,176,61.312,66.785,61.341,0.0053
mixed,8,1,0.125,4.0,64,512,256,1024,352,61.248,63.776,58.081,-1.2528
mixed,8,1,0.125,4.0,64,512,512,2048,704,63.552,70.43,62.656,-0.1303
mixed,8,1,0.125,4.0,64,512,1024,4096,1408,69.888,75.777,63.039,-1.163
mixed,8,1,0.125,4.0,64,512,2048,8192,2816,68.896,118.72,74.144,0.1053
mixed,8,1,0.125,4.0,64,512,4096,16384,5632,85.793,178.528,96.446,0.1149
mixed,8,1,0.125,4.0,64,1024,128,512,176,63.199,63.583,63.841,1.6719
mixed,8,1,0.125,4.0,64,1024,256,1024,352,63.199,67.935,60.8,-0.5065
mixed,8,1,0.125,4.0,64,1024,512,2048,704,65.887,72.481,65.534,-0.0535
mixed,8,1,0.125,4.0,64,1024,1024,4096,1408,71.457,76.129,72.385,0.1986
mixed,8,1,0.125,4.0,64,1024,2048,8192,2816,69.697,103.262,74.334,0.1381
mixed,8,1,0.125,4.0,64,1024,4096,16384,5632,87.04,201.889,98.593,0.1006
mixed,8,1,0.125,4.0,64,2048,128,512,176,69.95,71.71,70.815,0.4915
mixed,8,1,0.125,4.0,64,2048,256,1024,352,68.159,73.022,68.992,0.1713
mixed,8,1,0.125,4.0,64,2048,512,2048,704,73.471,74.656,72.801,-0.5654
mixed,8,1,0.125,4.0,64,2048,1024,4096,1408,75.167,80.864,75.201,0.006
mixed,8,1,0.125,4.0,64,2048,2048,8192,2816,79.04,106.337,82.496,0.1266
mixed,8,1,0.125,4.0,64,2048,4096,16384,5632,94.304,153.024,100.832,0.1112
mixed,8,1,0.125,4.0,64,4096,128,512,176,75.968,80.063,77.217,0.305
mixed,8,1,0.125,4.0,64,4096,256,1024,352,81.312,76.543,81.088,
mixed,8,1,0.125,4.0,64,4096,512,2048,704,82.527,82.303,78.145,
mixed,8,1,0.125,4.0,64,4096,1024,4096,1408,82.624,87.264,78.144,-0.9655
mixed,8,1,0.125,4.0,64,4096,2048,8192,2816,84.193,112.641,86.304,0.0742
mixed,8,1,0.125,4.0,64,4096,4096,16384,5632,100.0,155.777,98.591,-0.0253
mixed,8,1,0.125,4.0,64,8192,128,512,176,92.767,93.536,93.088,0.4174
mixed,8,1,0.125,4.0,64,8192,256,1024,352,92.063,89.185,92.416,
mixed,8,1,0.125,4.0,64,8192,512,2048,704,94.688,93.185,91.773,
mixed,8,1,0.125,4.0,64,8192,1024,4096,1408,95.169,102.365,92.768,-0.3337
mixed,8,1,0.125,4.0,64,8192,2048,8192,2816,97.921,122.945,98.303,0.0153
mixed,8,1,0.125,4.0,64,8192,4096,16384,5632,112.159,164.32,115.552,0.065
mixed,8,1,0.125,4.0,128,0,128,512,176,46.944,57.887,53.632,0.6112
mixed,8,1,0.125,4.0,128,0,256,1024,352,50.785,56.928,55.584,0.7812
mixed,8,1,0.125,4.0,128,0,512,2048,704,59.744,67.68,61.344,0.2016
mixed,8,1,0.125,4.0,128,0,1024,4096,1408,59.84,77.6,71.137,0.6361
mixed,8,1,0.125,4.0,128,0,2048,8192,2816,70.752,116.67,89.856,0.416
mixed,8,1,0.125,4.0,128,0,4096,16384,5632,90.015,163.903,131.968,0.5678
mixed,8,1,0.125,4.0,128,512,128,512,176,72.512,72.352,70.109,
mixed,8,1,0.125,4.0,128,512,256,1024,352,71.359,74.816,71.747,0.1122
mixed,8,1,0.125,4.0,128,512,512,2048,704,72.257,75.584,67.392,-1.4623
mixed,8,1,0.125,4.0,128,512,1024,4096,1408,75.872,79.36,73.696,-0.6239
mixed,8,1,0.125,4.0,128,512,2048,8192,2816,73.343,105.535,92.192,0.5855
mixed,8,1,0.125,4.0,128,512,4096,16384,5632,88.735,182.911,131.84,0.4577
mixed,8,1,0.125,4.0,128,1024,128,512,176,74.912,74.175,74.625,
mixed,8,1,0.125,4.0,128,1024,256,1024,352,74.559,79.231,72.415,-0.4589
mixed,8,1,0.125,4.0,128,1024,512,2048,704,75.519,74.592,76.192,
mixed,8,1,0.125,4.0,128,1024,1024,4096,1408,80.03,82.08,74.752,-2.5746
mixed,8,1,0.125,4.0,128,1024,2048,8192,2816,84.223,104.097,92.67,0.425
mixed,8,1,0.125,4.0,128,1024,4096,16384,5632,94.559,154.495,135.04,0.6754
mixed,8,1,0.125,4.0,128,2048,128,512,176,79.838,78.433,79.358,
mixed,8,1,0.125,4.0,128,2048,256,1024,352,80.288,80.608,80.734,1.3938
mixed,8,1,0.125,4.0,128,2048,512,2048,704,81.216,86.817,81.888,0.12
mixed,8,1,0.125,4.0,128,2048,1024,4096,1408,82.303,87.584,87.837,1.0479
mixed,8,1,0.125,4.0,128,2048,2048,8192,2816,91.873,111.968,94.013,0.1065
mixed,8,1,0.125,4.0,128,2048,4096,16384,5632,103.04,155.489,133.664,0.5839
mixed,8,1,0.125,4.0,128,4096,128,512,176,92.415,94.911,92.927,0.2051
mixed,8,1,0.125,4.0,128,4096,256,1024,352,92.96,93.729,92.159,-1.0416
mixed,8,1,0.125,4.0,128,4096,512,2048,704,93.889,96.064,94.558,0.3076
mixed,8,1,0.125,4.0,128,4096,1024,4096,1408,94.625,105.25,103.777,0.8614
mixed,8,1,0.125,4.0,128,4096,2048,8192,2816,95.328,119.71,116.832,0.882
mixed,8,1,0.125,4.0,128,4096,4096,16384,5632,116.895,163.968,133.534,0.3535
mixed,8,1,0.125,4.0,128,8192,128,512,176,114.175,117.182,114.079,-0.0319
mixed,8,1,0.125,4.0,128,8192,256,1024,352,116.895,116.991,116.862,-0.3438
mixed,8,1,0.125,4.0,128,8192,512,2048,704,116.638,118.24,117.311,0.4201
mixed,8,1,0.125,4.0,128,8192,1024,4096,1408,117.984,126.784,117.375,-0.0692
mixed,8,1,0.125,4.0,128,8192,2048,8192,2816,116.382,144.671,145.566,1.0316
mixed,8,1,0.125,4.0,128,8192,4096,16384,5632,127.585,180.543,169.474,0.791
mixed,8,1,0.125,4.0,256,0,128,512,176,48.96,62.273,62.336,1.0047
mixed,8,1,0.125,4.0,256,0,256,1024,352,50.75,65.44,61.248,0.7146
mixed,8,1,0.125,4.0,256,0,512,2048,704,63.232,72.992,70.301,0.7243
mixed,8,1,0.125,4.0,256,0,1024,4096,1408,64.672,92.286,90.401,0.9317
mixed,8,1,0.125,4.0,256,0,2048,8192,2816,78.464,134.911,128.479,0.8861
mixed,8,1,0.125,4.0,256,0,4096,16384,5632,108.223,209.888,205.473,0.9566
mixed,8,1,0.125,4.0,256,512,128,512,176,76.64,77.055,75.648,-2.3904
mixed,8,1,0.125,4.0,256,512,256,1024,352,75.072,78.048,77.888,0.9462
mixed,8,1,0.125,4.0,256,512,512,2048,704,77.728,78.432,77.152,-0.8182
mixed,8,1,0.125,4.0,256,512,1024,4096,1408,74.432,92.032,97.217,1.2946
mixed,8,1,0.125,4.0,256,512,2048,8192,2816,86.561,132.384,135.583,1.0698
mixed,8,1,0.125,4.0,256,512,4096,16384,5632,109.056,210.493,206.687,0.9625
mixed,8,1,0.125,4.0,256,1024,128,512,176,81.729,81.889,81.47,-1.6188
mixed,8,1,0.125,4.0,256,1024,256,1024,352,82.335,94.176,81.54,-0.0671
mixed,8,1,0.125,4.0,256,1024,512,2048,704,82.718,87.68,80.48,-0.451
mixed,8,1,0.125,4.0,256,1024,1024,4096,1408,87.167,100.672,96.542,0.6942
mixed,8,1,0.125,4.0,256,1024,2048,8192,2816,84.93,133.536,135.2,1.0342
mixed,8,1,0.125,4.0,256,1024,4096,16384,5632,119.071,211.584,215.104,1.038
mixed,8,1,0.125,4.0,256,2048,128,512,176,93.729,94.335,94.112,0.632
mixed,8,1,0.125,4.0,256,2048,256,1024,352,93.408,93.471,93.344,-1.0159
mixed,8,1,0.125,4.0,256,2048,512,2048,704,94.528,122.304,93.44,-0.0392
mixed,8,1,0.125,4.0,256,2048,1024,4096,1408,94.848,106.368,99.136,0.3722
mixed,8,1,0.125,4.0,256,2048,2048,8192,2816,132.384,141.76,137.504,0.5461
mixed,8,1,0.125,4.0,256,2048,4096,16384,5632,117.313,210.336,213.278,1.0316
mixed,8,1,0.125,4.0,256,4096,128,512,176,107.264,122.88,108.512,0.0799
mixed,8,1,0.125,4.0,256,4096,256,1024,352,114.207,144.097,113.824,-0.0128
mixed,8,1,0.125,4.0,256,4096,512,2048,704,129.44,120.766,125.918,
mixed,8,1,0.125,4.0,256,4096,1024,4096,1408,132.8,172.096,150.879,0.4601
mixed,8,1,0.125,4.0,256,4096,2048,8192,2816,120.736,143.454,137.856,0.7536
mixed,8,1,0.125,4.0,256,4096,4096,16384,5632,193.023,219.426,215.707,0.8591
mixed,8,1,0.125,4.0,256,8192,128,512,176,149.409,159.871,149.281,-0.0122
mixed,8,1,0.125,4.0,256,8192,256,1024,352,144.286,181.66,150.399,0.1636
mixed,8,1,0.125,4.0,256,8192,512,2048,704,166.751,221.568,162.081,-0.0852
mixed,8,1,0.125,4.0,256,8192,1024,4096,1408,195.424,171.647,182.049,
mixed,8,1,0.125,4.0,256,8192,2048,8192,2816,199.423,278.431,223.328,0.3026
mixed,8,1,0.125,4.0,256,8192,4096,16384,5632,168.256,220.864,216.319,0.9136
mixed,8,1,0.125,4.0,512,0,128,512,176,56.577,97.472,78.847,0.5446
mixed,8,1,0.125,4.0,512,0,256,1024,352,56.223,75.073,85.12,1.533
mixed,8,1,0.125,4.0,512,0,512,2048,704,97.694,94.336,104.64,
mixed,8,1,0.125,4.0,512,0,1024,4096,1408,80.256,132.158,132.161,1.0001
mixed,8,1,0.125,4.0,512,0,2048,8192,2816,108.896,210.497,208.928,0.9846
mixed,8,1,0.125,4.0,512,0,4096,16384,5632,162.719,362.944,362.144,0.996
mixed,8,1,0.125,4.0,512,512,128,512,176,97.951,112.128,98.016,0.0046
mixed,8,1,0.125,4.0,512,512,256,1024,352,103.265,116.32,103.169,-0.0074
mixed,8,1,0.125,4.0,512,512,512,2048,704,116.799,136.256,111.233,-0.2861
mixed,8,1,0.125,4.0,512,512,1024,4096,1408,121.216,133.31,143.263,1.823
mixed,8,1,0.125,4.0,512,512,2048,8192,2816,110.112,211.328,207.905,0.9662
mixed,8,1,0.125,4.0,512,512,4096,16384,5632,162.335,362.977,361.726,0.9938
mixed,8,1,0.125,4.0,512,1024,128,512,176,106.977,121.471,106.56,-0.0288
mixed,8,1,0.125,4.0,512,1024,256,1024,352,111.104,126.238,112.32,0.0803
mixed,8,1,0.125,4.0,512,1024,512,2048,704,126.206,143.104,121.631,-0.2707
mixed,8,1,0.125,4.0,512,1024,1024,4096,1408,130.205,184.255,143.264,0.2416
mixed,8,1,0.125,4.0,512,1024,2048,8192,2816,158.753,211.136,219.904,1.1674
mixed,8,1,0.125,4.0,512,1024,4096,16384,5632,162.463,365.184,362.238,0.9855
mixed,8,1,0.125,4.0,512,2048,128,512,176,126.144,140.415,126.397,0.0177
mixed,8,1,0.125,4.0,512,2048,256,1024,352,130.751,161.121,130.463,-0.0095
mixed,8,1,0.125,4.0,512,2048,512,2048,704,145.602,164.127,140.704,-0.2644
mixed,8,1,0.125,4.0,512,2048,1024,4096,1408,174.431,204.608,160.286,-0.4687
mixed,8,1,0.125,4.0,512,2048,2048,8192,2816,179.233,210.688,221.92,1.3571
mixed,8,1,0.125,4.0,512,2048,4096,16384,5632,233.153,365.823,376.607,1.0813
mixed,8,1,0.125,4.0,512,4096,128,512,176,157.408,178.624,157.309,-0.0047
mixed,8,1,0.125,4.0,512,4096,256,1024,352,159.006,198.112,169.118,0.2586
mixed,8,1,0.125,4.0,512,4096,512,2048,704,182.334,238.048,179.713,-0.047
mixed,8,1,0.125,4.0,512,4096,1024,4096,1408,214.176,244.256,199.553,-0.4861
mixed,8,1,0.125,4.0,512,4096,2048,8192,2816,266.719,321.214,239.232,-0.5044
mixed,8,1,0.125,4.0,512,4096,4096,16384,5632,275.872,367.168,381.665,1.1588
mixed,8,1,0.125,4.0,512,8192,128,512,176,235.712,235.072,234.687,
mixed,8,1,0.125,4.0,512,8192,256,1024,352,234.689,266.847,234.175,-0.016
mixed,8,1,0.125,4.0,512,8192,512,2048,704,234.046,315.584,235.648,0.0196
mixed,8,1,0.125,4.0,512,8192,1024,4096,1408,289.664,395.999,275.487,-0.1333
mixed,8,1,0.125,4.0,512,8192,2048,8192,2816,345.374,402.655,320.193,-0.4396
mixed,8,1,0.125,4.0,512,8192,4096,16384,5632,352.0,554.08,398.401,0.2296
mixed,8,1,0.125,4.0,1024,0,128,512,176,82.079,82.112,81.249,-25.1515
mixed,8,1,0.125,4.0,1024,0,256,1024,352,81.281,100.511,83.232,0.1015
mixed,8,1,0.125,4.0,1024,0,512,2048,704,87.295,136.799,119.871,0.658
mixed,8,1,0.125,4.0,1024,0,1024,4096,1408,112.897,208.513,192.191,0.8293
mixed,8,1,0.125,4.0,1024,0,2048,8192,2816,163.36,353.793,337.087,0.9123
mixed,8,1,0.125,4.0,1024,0,4096,16384,5632,261.76,642.976,625.536,0.9543
mixed,8,1,0.125,4.0,1024,512,128,512,176,100.064,99.68,100.544,
mixed,8,1,0.125,4.0,1024,512,256,1024,352,99.584,117.727,100.446,0.0475
mixed,8,1,0.125,4.0,1024,512,512,2048,704,104.446,153.696,120.798,0.332
mixed,8,1,0.125,4.0,1024,512,1024,4096,1408,132.543,226.431,193.121,0.6452
mixed,8,1,0.125,4.0,1024,512,2048,8192,2816,181.502,370.079,337.152,0.8254
mixed,8,1,0.125,4.0,1024,512,4096,16384,5632,280.734,659.424,624.896,0.9088
mixed,8,1,0.125,4.0,1024,1024,128,512,176,118.272,118.464,117.856,-2.1667
mixed,8,1,0.125,4.0,1024,1024,256,1024,352,117.825,137.28,118.752,0.0476
mixed,8,1,0.125,4.0,1024,1024,512,2048,704,123.519,172.063,120.863,-0.0547
mixed,8,1,0.125,4.0,1024,1024,1024,4096,1408,149.728,245.918,192.737,0.4471
mixed,8,1,0.125,4.0,1024,1024,2048,8192,2816,200.415,391.454,338.88,0.7248
mixed,8,1,0.125,4.0,1024,1024,4096,16384,5632,299.744,679.965,625.887,0.8578
mixed,8,1,0.125,4.0,1024,2048,128,512,176,154.079,153.953,154.336,
mixed,8,1,0.125,4.0,1024,2048,256,1024,352,154.494,173.087,154.08,-0.0223
mixed,8,1,0.125,4.0,1024,2048,512,2048,704,158.464,209.856,154.624,-0.0747
mixed,8,1,0.125,4.0,1024,2048,1024,4096,1408,185.856,284.767,193.633,0.0786
mixed,8,1,0.125,4.0,1024,2048,2048,8192,2816,236.447,429.12,340.288,0.5389
mixed,8,1,0.125,4.0,1024,2048,4096,16384,5632,337.377,722.303,631.199,0.7633
mixed,8,1,0.125,4.0,1024,4096,128,512,176,226.4,225.982,226.336,
mixed,8,1,0.125,4.0,1024,4096,256,1024,352,225.824,234.08,226.688,0.1047
mixed,8,1,0.125,4.0,1024,4096,512,2048,704,225.632,284.32,227.2,0.0267
mixed,8,1,0.125,4.0,1024,4096,1024,4096,1408,259.36,360.862,245.154,-0.14
mixed,8,1,0.125,4.0,1024,4096,2048,8192,2816,312.802,504.767,344.32,0.1642
mixed,8,1,0.125,4.0,1024,4096,4096,16384,5632,413.824,794.334,636.096,0.5841
mixed,8,1,0.125,4.0,1024,8192,128,512,176,376.318,377.438,377.408,0.9732
mixed,8,1,0.125,4.0,1024,8192,256,1024,352,377.087,378.528,377.281,0.1346
mixed,8,1,0.125,4.0,1024,8192,512,2048,704,378.399,387.488,377.855,-0.0599
mixed,8,1,0.125,4.0,1024,8192,1024,4096,1408,379.006,507.966,379.328,0.0025
mixed,8,1,0.125,4.0,1024,8192,2048,8192,2816,461.118,653.726,435.646,-0.1322
mixed,8,1,0.125,4.0,1024,8192,4096,16384,5632,562.08,943.037,639.552,0.2034
mixed,8,1,0.125,4.0,2048,0,128,512,176,157.984,171.616,159.36,0.1009
mixed,8,1,0.125,4.0,2048,0,256,1024,352,163.906,189.248,177.983,0.5555
mixed,8,1,0.125,4.0,2048,0,512,2048,704,177.248,225.376,214.945,0.7833
mixed,8,1,0.125,4.0,2048,0,1024,4096,1408,203.775,299.165,287.648,0.8793
mixed,8,1,0.125,4.0,2048,0,2048,8192,2816,252.833,443.359,432.638,0.9437
mixed,8,1,0.125,4.0,2048,0,4096,16384,5632,353.118,731.998,721.92,0.9734
mixed,8,1,0.125,4.0,2048,512,128,512,176,183.744,206.88,192.383,0.3734
mixed,8,1,0.125,4.0,2048,512,256,1024,352,194.816,224.065,196.896,0.0711
mixed,8,1,0.125,4.0,2048,512,512,2048,704,212.543,261.951,233.151,0.4171
mixed,8,1,0.125,4.0,2048,512,1024,4096,1408,237.761,336.576,307.038,0.7011
mixed,8,1,0.125,4.0,2048,512,2048,8192,2816,291.07,481.312,454.847,0.8609
mixed,8,1,0.125,4.0,2048,512,4096,16384,5632,390.655,768.605,742.398,0.9307
mixed,8,1,0.125,4.0,2048,1024,128,512,176,216.448,229.31,216.833,0.0299
mixed,8,1,0.125,4.0,2048,1024,256,1024,352,216.383,261.312,233.567,0.3825
mixed,8,1,0.125,4.0,2048,1024,512,2048,704,238.559,299.647,252.032,0.2206
mixed,8,1,0.125,4.0,2048,1024,1024,4096,1408,275.808,373.663,327.584,0.5291
mixed,8,1,0.125,4.0,2048,1024,2048,8192,2816,328.288,517.501,471.647,0.7577
mixed,8,1,0.125,4.0,2048,1024,4096,16384,5632,427.874,806.75,760.51,0.878
mixed,8,1,0.125,4.0,2048,2048,128,512,176,292.639,292.895,293.503,3.375
mixed,8,1,0.125,4.0,2048,2048,256,1024,352,293.696,305.277,293.12,-0.0497
mixed,8,1,0.125,4.0,2048,2048,512,2048,704,292.512,374.466,300.351,0.0957
mixed,8,1,0.125,4.0,2048,2048,1024,4096,1408,334.398,448.892,367.327,0.2876
mixed,8,1,0.125,4.0,2048,2048,2048,8192,2816,403.455,593.793,512.576,0.5733
mixed,8,1,0.125,4.0,2048,2048,4096,16384,5632,502.976,881.919,800.638,0.7855
mixed,8,1,0.125,4.0,2048,4096,128,512,176,446.305,446.049,445.853,
mixed,8,1,0.125,4.0,2048,4096,256,1024,352,445.984,445.535,445.889,
mixed,8,1,0.125,4.0,2048,4096,512,2048,704,445.407,459.872,445.694,0.0198
mixed,8,1,0.125,4.0,2048,4096,1024,4096,1408,445.824,594.718,445.918,0.0006
mixed,8,1,0.125,4.0,2048,4096,2048,8192,2816,514.722,739.455,591.071,0.3397
mixed,8,1,0.125,4.0,2048,4096,4096,16384,5632,650.08,1028.766,879.998,0.6071
mixed,8,1,0.125,4.0,2048,8192,128,512,176,732.189,732.446,735.103,11.3385
mixed,8,1,0.125,4.0,2048,8192,256,1024,352,731.742,731.711,732.895,
mixed,8,1,0.125,4.0,2048,8192,512,2048,704,731.744,734.494,734.588,1.0342
mixed,8,1,0.125,4.0,2048,8192,1024,4096,1408,734.014,750.3,730.975,-0.1866
mixed,8,1,0.125,4.0,2048,8192,2048,8192,2816,732.542,1022.141,733.694,0.004
mixed,8,1,0.125,4.0,2048,8192,4096,16384,5632,856.703,1311.133,1022.882,0.3657
pure,8,2,0.25,4.0,0,0,128,512,224,37.182,47.743,44.864,0.7274
pure,8,2,0.25,4.0,0,0,256,1024,448,44.288,48.767,47.582,0.7354
pure,8,2,0.25,4.0,0,0,512,2048,896,49.247,54.017,51.359,0.4428
pure,8,2,0.25,4.0,0,0,1024,4096,1792,52.319,68.959,54.977,0.1597
pure,8,2,0.25,4.0,0,0,2048,8192,3584,66.24,95.263,68.416,0.075
pure,8,2,0.25,4.0,0,0,4096,16384,7168,90.432,142.785,91.136,0.0134
mixed,8,2,0.25,4.0,16,0,128,512,224,45.438,52.959,51.809,0.8471
mixed,8,2,0.25,4.0,16,0,256,1024,448,53.536,55.01,52.896,-0.4342
mixed,8,2,0.25,4.0,16,0,512,2048,896,54.815,60.385,56.288,0.2645
mixed,8,2,0.25,4.0,16,0,1024,4096,1792,59.967,74.621,62.495,0.1725
mixed,8,2,0.25,4.0,16,0,2048,8192,3584,70.816,101.376,72.289,0.0482
mixed,8,2,0.25,4.0,16,0,4096,16384,7168,94.752,146.336,97.599,0.0552
mixed,8,2,0.25,4.0,16,512,128,512,224,57.472,57.691,57.758,1.3059
mixed,8,2,0.25,4.0,16,512,256,1024,448,58.944,62.432,56.096,-0.8165
mixed,8,2,0.25,4.0,16,512,512,2048,896,63.008,67.808,63.488,0.1
mixed,8,2,0.25,4.0,16,512,1024,4096,1792,66.847,74.496,68.961,0.2764
mixed,8,2,0.25,4.0,16,512,2048,8192,3584,70.975,101.058,73.375,0.0798
mixed,8,2,0.25,4.0,16,512,4096,16384,7168,94.496,146.048,99.297,0.0931
mixed,8,2,0.25,4.0,16,1024,128,512,224,62.143,62.656,61.599,-1.0604
mixed,8,2,0.25,4.0,16,1024,256,1024,448,62.241,62.719,61.472,-1.6088
mixed,8,2,0.25,4.0,16,1024,512,2048,896,62.655,67.776,63.166,0.0998
mixed,8,2,0.25,4.0,16,1024,1024,4096,1792,68.191,77.409,69.664,0.1598
mixed,8,2,0.25,4.0,16,1024,2048,8192,3584,77.791,101.185,77.6,-0.0082
mixed,8,2,0.25,4.0,16,1024,4096,16384,7168,95.999,147.84,98.592,0.05
mixed,8,2,0.25,4.0,16,2048,128,512,224,63.265,64.191,62.113,-1.2441
mixed,8,2,0.25,4.0,16,2048,256,1024,448,63.616,63.711,63.744,1.3474
mixed,8,2,0.25,4.0,16,2048,512,2048,896,64.512,69.121,64.448,-0.0139
mixed,8,2,0.25,4.0,16,2048,1024,4096,1792,68.832,78.786,69.344,0.0514
mixed,8,2,0.25,4.0,16,2048,2048,8192,3584,79.905,100.288,80.574,0.0328
mixed,8,2,0.25,4.0,16,2048,4096,16384,7168,109.055,148.704,107.136,-0.0484
mixed,8,2,0.25,4.0,16,4096,128,512,224,66.976,67.167,68.417,7.5445
mixed,8,2,0.25,4.0,16,4096,256,1024,448,68.478,69.693,66.079,-1.9745
mixed,8,2,0.25,4.0,16,4096,512,2048,896,68.606,71.297,68.351,-0.0948
mixed,8,2,0.25,4.0,16,4096,1024,4096,1792,71.744,81.12,72.063,0.034
mixed,8,2,0.25,4.0,16,4096,2048,8192,3584,80.32,103.649,80.512,0.0082
mixed,8,2,0.25,4.0,16,4096,4096,16384,7168,102.337,151.68,106.145,0.0772
mixed,8,2,0.25,4.0,16,8192,128,512,224,69.984,71.809,71.745,0.9649
mixed,8,2,0.25,4.0,16,8192,256,1024,448,73.439,73.184,72.64,
mixed,8,2,0.25,4.0,16,8192,512,2048,896,72.639,77.345,72.734,0.0202
mixed,8,2,0.25,4.0,16,8192,1024,4096,1792,76.29,87.326,76.226,-0.0058
mixed,8,2,0.25,4.0,16,8192,2048,8192,3584,84.801,109.47,82.879,-0.0779
mixed,8,2,0.25,4.0,16,8192,4096,16384,7168,105.92,152.258,103.938,-0.0428
mixed,8,2,0.25,4.0,32,0,128,512,224,44.257,51.104,51.616,1.0748
mixed,8,2,0.25,4.0,32,0,256,1024,448,52.063,56.481,53.344,0.29
mixed,8,2,0.25,4.0,32,0,512,2048,896,56.257,61.407,56.03,-0.0441
mixed,8,2,0.25,4.0,32,0,1024,4096,1792,60.574,74.432,62.175,0.1155
mixed,8,2,0.25,4.0,32,0,2048,8192,3584,70.879,101.92,73.504,0.0846
mixed,8,2,0.25,4.0,32,0,4096,16384,7168,94.752,150.368,96.769,0.0363
mixed,8,2,0.25,4.0,32,512,128,512,224,59.007,63.937,60.544,0.3118
mixed,8,2,0.25,4.0,32,512,256,1024,448,59.744,63.519,55.584,-1.102
mixed,8,2,0.25,4.0,32,512,512,2048,896,62.721,68.127,63.07,0.0646
mixed,8,2,0.25,4.0,32,512,1024,4096,1792,64.927,75.807,67.584,0.2442
mixed,8,2,0.25,4.0,32,512,2048,8192,3584,72.894,100.608,73.184,0.0105
mixed,8,2,0.25,4.0,32,512,4096,16384,7168,95.487,148.289,97.855,0.0448
mixed,8,2,0.25,4.0,32,1024,128,512,224,63.904,64.703,63.552,-0.4406
mixed,8,2,0.25,4.0,32,1024,256,1024,448,64.96,65.473,64.768,-0.3743
mixed,8,2,0.25,4.0,32,1024,512,2048,896,62.272,70.561,64.864,0.3127
mixed,8,2,0.25,4.0,32,1024,1024,4096,1792,70.081,75.392,71.488,0.2649
mixed,8,2,0.25,4.0,32,1024,2048,8192,3584,75.745,101.311,76.51,0.0299
mixed,8,2,0.25,4.0,32,1024,4096,16384,7168,108.288,147.997,106.656,-0.0411
mixed,8,2,0.25,4.0,32,2048,128,512,224,65.664,64.897,65.152,
mixed,8,2,0.25,4.0,32,2048,256,1024,448,66.207,67.295,63.394,-2.5855
mixed,8,2,0.25,4.0,32,2048,512,2048,896,70.401,71.359,67.199,-3.3424
mixed,8,2,0.25,4.0,32,2048,1024,4096,1792,72.319,80.448,73.856,0.1891
mixed,8,2,0.25,4.0,32,2048,2048,8192,3584,80.864,103.521,78.562,-0.1016
mixed,8,2,0.25,4.0,32,2048,4096,16384,7168,103.422,148.222,100.96,-0.055
mixed,8,2,0.25,4.0,32,4096,128,512,224,71.264,72.769,71.009,-0.1694
mixed,8,2,0.25,4.0,32,4096,256,1024,448,72.832,74.081,72.353,-0.3835
mixed,8,2,0.25,4.0,32,4096,512,2048,896,71.648,77.377,71.105,-0.0948
mixed,8,2,0.25,4.0,32,4096,1024,4096,1792,76.639,82.817,76.003,-0.1029
mixed,8,2,0.25,4.0,32,4096,2048,8192,3584,81.438,104.224,82.4,0.0422
mixed,8,2,0.25,4.0,32,4096,4096,16384,7168,103.678,154.526,101.344,-0.0459
mixed,8,2,0.25,4.0,32,8192,128,512,224,76.831,79.519,76.16,-0.2496
mixed,8,2,0.25,4.0,32,8192,256,1024,448,75.68,80.575,85.313,1.9679
mixed,8,2,0.25,4.0,32,8192,512,2048,896,81.473,83.711,79.841,-0.7292
mixed,8,2,0.25,4.0,32,8192,1024,4096,1792,85.823,92.639,83.232,-0.3801
mixed,8,2,0.25,4.0,32,8192,2048,8192,3584,92.222,112.385,87.936,-0.2126
mixed,8,2,0.25,4.0,32,8192,4096,16384,7168,107.232,154.656,105.183,-0.0432
mixed,8,2,0.25,4.0,64,0,128,512,224,45.345,53.471,51.904,0.8072
mixed,8,2,0.25,4.0,64,0,256,1024,448,53.216,57.374,54.912,0.4079
mixed,8,2,0.25,4.0,64,0,512,2048,896,56.962,61.279,57.568,0.1404
mixed,8,2,0.25,4.0,64,0,1024,4096,1792,60.895,75.297,63.521,0.1823
mixed,8,2,0.25,4.0,64,0,2048,8192,3584,85.792,116.287,74.335,-0.3757
mixed,8,2,0.25,4.0,64,0,4096,16384,7168,110.335,160.416,99.487,-0.2166
mixed,8,2,0.25,4.0,64,512,128,512,224,62.56,68.0,62.272,-0.0529
mixed,8,2,0.25,4.0,64,512,256,1024,448,62.114,65.312,58.365,-1.1723
mixed,8,2,0.25,4.0,64,512,512,2048,896,64.991,69.952,64.737,-0.0512
mixed,8,2,0.25,4.0,64,512,1024,4096,1792,69.728,76.129,70.655,0.1448
mixed,8,2,0.25,4.0,64,512,2048,8192,3584,73.663,118.017,74.848,0.0267
mixed,8,2,0.25,4.0,64,512,4096,16384,7168,108.672,181.056,101.247,-0.1026
mixed,8,2,0.25,4.0,64,1024,128,512,224,63.391,62.975,63.87,
mixed,8,2,0.25,4.0,64,1024,256,1024,448,65.153,68.481,62.912,-0.6734
mixed,8,2,0.25,4.0,64,1024,512,2048,896,69.311,72.033,67.679,-0.5996
mixed,8,2,0.25,4.0,64,1024,1024,4096,1792,73.182,76.704,75.488,0.6547
mixed,8,2,0.25,4.0,64,1024,2048,8192,3584,76.288,104.638,79.52,0.114
mixed,8,2,0.25,4.0,64,1024,4096,16384,7168,98.688,200.992,102.016,0.0325
mixed,8,2,0.25,4.0,64,2048,128,512,224,70.112,71.937,71.01,0.4921
mixed,8,2,0.25,4.0,64,2048,256,1024,448,74.464,73.249,71.488,
mixed,8,2,0.25,4.0,64,2048,512,2048,896,70.177,75.744,68.223,-0.351
mixed,8,2,0.25,4.0,64,2048,1024,4096,1792,74.623,82.337,74.208,-0.0538
mixed,8,2,0.25,4.0,64,2048,2048,8192,3584,78.689,106.942,82.432,0.1325
mixed,8,2,0.25,4.0,64,2048,4096,16384,7168,100.928,151.197,102.271,0.0267
mixed,8,2,0.25,4.0,64,4096,128,512,224,75.873,78.72,77.376,0.5279
mixed,8,2,0.25,4.0,64,4096,256,1024,448,75.679,76.544,81.855,7.1399
mixed,8,2,0.25,4.0,64,4096,512,2048,896,79.552,82.495,79.649,0.033
mixed,8,2,0.25,4.0,64,4096,1024,4096,1792,82.434,87.295,80.864,-0.323
mixed,8,2,0.25,4.0,64,4096,2048,8192,3584,89.823,110.976,87.456,-0.1119
mixed,8,2,0.25,4.0,64,4096,4096,16384,7168,104.095,153.696,105.281,0.0239
mixed,8,2,0.25,4.0,64,8192,128,512,224,92.961,93.183,92.543,-1.8829
mixed,8,2,0.25,4.0,64,8192,256,1024,448,92.32,89.856,92.832,
mixed,8,2,0.25,4.0,64,8192,512,2048,896,89.601,91.582,91.521,0.9692
mixed,8,2,0.25,4.0,64,8192,1024,4096,1792,93.856,100.962,93.824,-0.0045
mixed,8,2,0.25,4.0,64,8192,2048,8192,3584,100.064,123.2,101.312,0.0539
mixed,8,2,0.25,4.0,64,8192,4096,16384,7168,112.287,164.447,112.767,0.0092
mixed,8,2,0.25,4.0,128,0,128,512,224,47.457,58.241,55.071,0.706
mixed,8,2,0.25,4.0,128,0,256,1024,448,54.912,57.121,55.778,0.392
mixed,8,2,0.25,4.0,128,0,512,2048,896,57.473,67.808,61.151,0.3559
mixed,8,2,0.25,4.0,128,0,1024,4096,1792,67.361,76.897,70.463,0.3253
mixed,8,2,0.25,4.0,128,0,2048,8192,3584,74.336,117.183,90.721,0.3824
mixed,8,2,0.25,4.0,128,0,4096,16384,7168,108.96,163.423,133.247,0.4459
mixed,8,2,0.25,4.0,128,512,128,512,224,72.032,71.872,72.352,
mixed,8,2,0.25,4.0,128,512,256,1024,448,71.264,74.428,72.064,0.2528
mixed,8,2,0.25,4.0,128,512,512,2048,896,74.687,75.647,68.192,-6.7656
mixed,8,2,0.25,4.0,128,512,1024,4096,1792,75.872,80.543,73.537,-0.4999
mixed,8,2,0.25,4.0,128,512,2048,8192,3584,74.336,105.088,91.007,0.5421
mixed,8,2,0.25,4.0,128,512,4096,16384,7168,102.816,182.369,131.358,0.3588
mixed,8,2,0.25,4.0,128,1024,128,512,224,75.423,74.239,74.723,
mixed,8,2,0.25,4.0,128,1024,256,1024,448,74.337,78.367,73.601,-0.1826
mixed,8,2,0.25,4.0,128,1024,512,2048,896,76.223,75.008,77.567,
mixed,8,2,0.25,4.0,128,1024,1024,4096,1792,75.391,82.367,74.015,-0.1972
mixed,8,2,0.25,4.0,128,1024,2048,8192,3584,81.918,104.639,93.665,0.517
mixed,8,2,0.25,4.0,128,1024,4096,16384,7168,98.752,152.803,134.496,0.6613
mixed,8,2,0.25,4.0,128,2048,128,512,224,80.736,77.952,77.888,
mixed,8,2,0.25,4.0,128,2048,256,1024,448,79.68,80.674,80.864,1.1911
mixed,8,2,0.25,4.0,128,2048,512,2048,896,83.393,86.912,82.432,-0.2731
mixed,8,2,0.25,4.0,128,2048,1024,4096,1792,85.184,88.895,87.072,0.5088
mixed,8,2,0.25,4.0,128,2048,2048,8192,3584,88.959,110.656,94.432,0.2522
mixed,8,2,0.25,4.0,128,2048,4096,16384,7168,103.68,154.846,134.878,0.6097
mixed,8,2,0.25,4.0,128,4096,128,512,224,92.672,94.081,93.537,0.6139
mixed,8,2,0.25,4.0,128,4096,256,1024,448,92.639,94.592,92.449,-0.0973
mixed,8,2,0.25,4.0,128,4096,512,2048,896,94.557,96.768,93.472,-0.4907
mixed,8,2,0.25,4.0,128,4096,1024,4096,1792,96.32,105.888,96.897,0.0603
mixed,8,2,0.25,4.0,128,4096,2048,8192,3584,105.311,119.073,106.302,0.072
mixed,8,2,0.25,4.0,128,4096,4096,16384,7168,116.479,165.792,134.495,0.3653
mixed,8,2,0.25,4.0,128,8192,128,512,224,114.303,116.834,117.376,1.2141
mixed,8,2,0.25,4.0,128,8192,256,1024,448,117.375,116.51,117.246,
mixed,8,2,0.25,4.0,128,8192,512,2048,896,117.664,117.985,116.673,-3.0872
mixed,8,2,0.25,4.0,128,8192,1024,4096,1792,118.688,127.007,118.879,0.023
mixed,8,2,0.25,4.0,128,8192,2048,8192,3584,126.272,145.537,126.591,0.0166
mixed,8,2,0.25,4.0,128,8192,4096,16384,7168,145.76,180.321,142.751,-0.0871
mixed,8,2,0.25,4.0,256,0,128,512,224,48.64,62.433,64.288,1.1345
mixed,8,2,0.25,4.0,256,0,256,1024,448,55.296,63.328,61.696,0.7968
mixed,8,2,0.25,4.0,256,0,512,2048,896,62.945,75.775,70.401,0.5811
mixed,8,2,0.25,4.0,256,0,1024,4096,1792,70.497,92.545,89.214,0.8489
mixed,8,2,0.25,4.0,256,0,2048,8192,3584,87.169,134.208,127.519,0.8578
mixed,8,2,0.25,4.0,256,0,4096,16384,7168,123.649,209.76,207.358,0.9721
mixed,8,2,0.25,4.0,256,512,128,512,224,76.418,77.313,76.192,-0.2525
mixed,8,2,0.25,4.0,256,512,256,1024,448,77.631,78.398,77.857,0.2947
mixed,8,2,0.25,4.0,256,512,512,2048,896,77.149,78.879,77.536,0.2237
mixed,8,2,0.25,4.0,256,512,1024,4096,1792,74.368,93.537,96.576,1.1585
mixed,8,2,0.25,4.0,256,512,2048,8192,3584,89.376,132.575,127.969,0.8934
mixed,8,2,0.25,4.0,256,512,4096,16384,7168,123.774,210.175,207.584,0.97
mixed,8,2,0.25,4.0,256,1024,128,512,224,80.802,80.48,82.208,
mixed,8,2,0.25,4.0,256,1024,256,1024,448,82.207,94.369,81.92,-0.0236
mixed,8,2,0.25,4.0,256,1024,512,2048,896,81.665,88.417,92.352,1.5828
mixed,8,2,0.25,4.0,256,1024,1024,4096,1792,87.488,99.423,96.928,0.791
mixed,8,2,0.25,4.0,256,1024,2048,8192,3584,96.288,134.017,136.224,1.0585
mixed,8,2,0.25,4.0,256,1024,4096,16384,7168,122.623,209.409,205.378,0.9536
mixed,8,2,0.25,4.0,256,2048,128,512,224,93.311,94.624,93.888,0.4395
mixed,8,2,0.25,4.0,256,2048,256,1024,448,94.145,94.367,93.503,-2.8919
mixed,8,2,0.25,4.0,256,2048,512,2048,896,94.273,122.528,93.791,-0.0171
mixed,8,2,0.25,4.0,256,2048,1024,4096,1792,117.696,106.562,109.535,
mixed,8,2,0.25,4.0,256,2048,2048,8192,3584,106.688,141.215,136.351,0.8591
mixed,8,2,0.25,4.0,256,2048,4096,16384,7168,131.36,209.824,214.69,1.062
mixed,8,2,0.25,4.0,256,4096,128,512,224,107.329,123.616,109.376,0.1257
mixed,8,2,0.25,4.0,256,4096,256,1024,448,118.177,143.807,115.392,-0.1087
mixed,8,2,0.25,4.0,256,4096,512,2048,896,138.272,120.448,141.407,
mixed,8,2,0.25,4.0,256,4096,1024,4096,1792,120.255,170.783,120.222,-0.0007
mixed,8,2,0.25,4.0,256,4096,2048,8192,3584,161.153,145.793,149.119,
mixed,8,2,0.25,4.0,256,4096,4096,16384,7168,146.592,220.928,212.735,0.8898
mixed,8,2,0.25,4.0,256,8192,128,512,224,149.823,160.159,148.673,-0.1113
mixed,8,2,0.25,4.0,256,8192,256,1024,448,154.368,181.632,149.76,-0.169
mixed,8,2,0.25,4.0,256,8192,512,2048,896,176.736,221.567,163.39,-0.2977
mixed,8,2,0.25,4.0,256,8192,1024,4096,1792,211.041,171.009,218.366,
mixed,8,2,0.25,4.0,256,8192,2048,8192,3584,171.072,277.695,170.431,-0.006
mixed,8,2,0.25,4.0,256,8192,4096,16384,7168,251.778,221.344,227.265,
mixed,8,2,0.25,4.0,512,0,128,512,224,56.832,96.864,80.192,0.5835
mixed,8,2,0.25,4.0,512,0,256,1024,448,56.895,75.296,89.696,1.7826
mixed,8,2,0.25,4.0,512,0,512,2048,896,71.424,93.76,94.781,1.0457
mixed,8,2,0.25,4.0,512,0,1024,4096,1792,89.312,131.776,131.904,1.003
mixed,8,2,0.25,4.0,512,0,2048,8192,3584,122.398,209.952,208.541,0.9839
mixed,8,2,0.25,4.0,512,0,4096,16384,7168,191.232,363.679,362.622,0.9939
mixed,8,2,0.25,4.0,512,512,128,512,224,98.208,111.71,98.784,0.0427
mixed,8,2,0.25,4.0,512,512,256,1024,448,107.582,116.416,110.431,0.3225
mixed,8,2,0.25,4.0,512,512,512,2048,896,112.256,134.688,129.762,0.7804
mixed,8,2,0.25,4.0,512,512,1024,4096,1792,130.334,132.577,169.44,17.4347
mixed,8,2,0.25,4.0,512,512,2048,8192,3584,123.774,210.527,209.152,0.9842
mixed,8,2,0.25,4.0,512,512,4096,16384,7168,190.783,363.935,364.415,1.0028
mixed,8,2,0.25,4.0,512,1024,128,512,224,106.015,122.207,107.937,0.1187
mixed,8,2,0.25,4.0,512,1024,256,1024,448,115.262,125.184,119.136,0.3904
mixed,8,2,0.25,4.0,512,1024,512,2048,896,136.543,144.16,139.327,0.3655
mixed,8,2,0.25,4.0,512,1024,1024,4096,1792,140.193,184.575,176.83,0.8255
mixed,8,2,0.25,4.0,512,1024,2048,8192,3584,174.562,212.352,255.647,2.1457
mixed,8,2,0.25,4.0,512,1024,4096,16384,7168,191.327,364.671,363.2,0.9915
mixed,8,2,0.25,4.0,512,2048,128,512,224,125.505,140.704,126.686,0.0777
mixed,8,2,0.25,4.0,512,2048,256,1024,448,136.16,160.864,132.098,-0.1644
mixed,8,2,0.25,4.0,512,2048,512,2048,896,154.304,162.88,158.56,0.4963
mixed,8,2,0.25,4.0,512,2048,1024,4096,1792,159.04,204.704,196.799,0.8269
mixed,8,2,0.25,4.0,512,2048,2048,8192,3584,194.208,211.04,273.566,4.7147
mixed,8,2,0.25,4.0,512,2048,4096,16384,7168,261.949,364.544,428.608,1.6244
mixed,8,2,0.25,4.0,512,4096,128,512,224,159.073,179.231,158.464,-0.0302
mixed,8,2,0.25,4.0,512,4096,256,1024,448,169.696,199.169,169.023,-0.0228
mixed,8,2,0.25,4.0,512,4096,512,2048,896,193.856,238.113,180.414,-0.3037
mixed,8,2,0.25,4.0,512,4096,1024,4096,1792,228.512,243.647,237.151,0.5708
mixed,8,2,0.25,4.0,512,4096,2048,8192,3584,233.055,323.296,316.224,0.9216
mixed,8,2,0.25,4.0,512,4096,4096,16384,7168,303.039,366.815,469.535,2.6106
mixed,8,2,0.25,4.0,512,8192,128,512,224,234.273,235.266,234.783,0.5136
mixed,8,2,0.25,4.0,512,8192,256,1024,448,234.976,264.384,235.391,0.0141
mixed,8,2,0.25,4.0,512,8192,512,2048,896,245.216,316.511,245.151,-0.0009
mixed,8,2,0.25,4.0,512,8192,1024,4096,1792,304.799,395.968,277.216,-0.3025
mixed,8,2,0.25,4.0,512,8192,2048,8192,3584,376.285,401.697,391.777,0.6096
mixed,8,2,0.25,4.0,512,8192,4096,16384,7168,382.398,553.983,548.672,0.969
mixed,8,2,0.25,4.0,1024,0,128,512,224,81.92,82.016,81.087,-8.6771
mixed,8,2,0.25,4.0,1024,0,256,1024,448,81.792,99.742,84.992,0.1783
mixed,8,2,0.25,4.0,1024,0,512,2048,896,95.648,136.895,120.895,0.6121
mixed,8,2,0.25,4.0,1024,0,1024,4096,1792,127.007,208.448,192.864,0.8086
mixed,8,2,0.25,4.0,1024,0,2048,8192,3584,190.367,353.567,337.919,0.9041
mixed,8,2,0.25,4.0,1024,0,4096,16384,7168,316.64,642.462,625.504,0.948
mixed,8,2,0.25,4.0,1024,512,128,512,224,100.961,100.031,99.166,
mixed,8,2,0.25,4.0,1024,512,256,1024,448,99.936,117.792,99.935,-0.0001
mixed,8,2,0.25,4.0,1024,512,512,2048,896,113.344,153.664,120.669,0.1817
mixed,8,2,0.25,4.0,1024,512,1024,4096,1792,144.735,226.304,194.27,0.6073
mixed,8,2,0.25,4.0,1024,512,2048,8192,3584,207.616,370.398,337.535,0.7981
mixed,8,2,0.25,4.0,1024,512,4096,16384,7168,334.496,659.361,625.663,0.8963
mixed,8,2,0.25,4.0,1024,1024,128,512,224,118.528,117.952,119.2,
mixed,8,2,0.25,4.0,1024,1024,256,1024,448,117.345,136.608,118.304,0.0498
mixed,8,2,0.25,4.0,1024,1024,512,2048,896,132.064,173.311,122.496,-0.232
mixed,8,2,0.25,4.0,1024,1024,1024,4096,1792,164.448,245.28,194.465,0.3714
mixed,8,2,0.25,4.0,1024,1024,2048,8192,3584,227.329,391.006,338.783,0.6809
mixed,8,2,0.25,4.0,1024,1024,4096,16384,7168,353.983,680.157,627.903,0.8398
mixed,8,2,0.25,4.0,1024,2048,128,512,224,154.658,154.912,153.311,-5.3031
mixed,8,2,0.25,4.0,1024,2048,256,1024,448,154.976,173.056,154.688,-0.0159
mixed,8,2,0.25,4.0,1024,2048,512,2048,896,167.836,209.599,155.52,-0.2949
mixed,8,2,0.25,4.0,1024,2048,1024,4096,1792,200.383,283.936,194.655,-0.0686
mixed,8,2,0.25,4.0,1024,2048,2048,8192,3584,264.928,429.407,341.534,0.4657
mixed,8,2,0.25,4.0,1024,2048,4096,16384,7168,393.44,718.656,631.168,0.731
mixed,8,2,0.25,4.0,1024,4096,128,512,224,226.944,226.369,225.793,
mixed,8,2,0.25,4.0,1024,4096,256,1024,448,226.783,234.43,225.536,-0.1631
mixed,8,2,0.25,4.0,1024,4096,512,2048,896,226.237,285.502,226.72,0.0081
mixed,8,2,0.25,4.0,1024,4096,1024,4096,1792,273.311,359.169,247.104,-0.3052
mixed,8,2,0.25,4.0,1024,4096,2048,8192,3584,340.8,504.03,346.08,0.0323
mixed,8,2,0.25,4.0,1024,4096,4096,16384,7168,471.615,793.951,634.111,0.5041
mixed,8,2,0.25,4.0,1024,8192,128,512,224,377.791,377.598,376.449,
mixed,8,2,0.25,4.0,1024,8192,256,1024,448,378.177,377.024,375.903,
mixed,8,2,0.25,4.0,1024,8192,512,2048,896,378.144,387.102,376.768,-0.1536
mixed,8,2,0.25,4.0,1024,8192,1024,4096,1792,378.113,508.287,379.87,0.0135
mixed,8,2,0.25,4.0,1024,8192,2048,8192,3584,489.567,652.864,436.607,-0.3243
mixed,8,2,0.25,4.0,1024,8192,4096,16384,7168,615.551,942.432,638.362,0.0698
mixed,8,2,0.25,4.0,2048,0,128,512,224,159.551,173.022,160.481,0.069
mixed,8,2,0.25,4.0,2048,0,256,1024,448,168.065,189.664,178.592,0.4874
mixed,8,2,0.25,4.0,2048,0,512,2048,896,185.472,225.632,215.103,0.7378
mixed,8,2,0.25,4.0,2048,0,1024,4096,1792,216.959,298.88,286.56,0.8496
mixed,8,2,0.25,4.0,2048,0,2048,8192,3584,280.512,444.094,431.711,0.9243
mixed,8,2,0.25,4.0,2048,0,4096,16384,7168,406.752,732.093,720.03,0.9629
mixed,8,2,0.25,4.0,2048,512,128,512,224,184.416,207.039,193.312,0.3932
mixed,8,2,0.25,4.0,2048,512,256,1024,448,202.881,225.184,197.665,-0.2339
mixed,8,2,0.25,4.0,2048,512,512,2048,896,220.831,261.439,232.801,0.2948
mixed,8,2,0.25,4.0,2048,512,1024,4096,1792,252.225,335.421,307.617,0.6658
mixed,8,2,0.25,4.0,2048,512,2048,8192,3584,317.985,480.512,453.599,0.8344
mixed,8,2,0.25,4.0,2048,512,4096,16384,7168,445.055,769.693,741.824,0.9142
mixed,8,2,0.25,4.0,2048,1024,128,512,224,218.621,228.64,217.122,-0.1496
mixed,8,2,0.25,4.0,2048,1024,256,1024,448,220.383,261.408,232.866,0.3043
mixed,8,2,0.25,4.0,2048,1024,512,2048,896,257.375,299.008,252.319,-0.1214
mixed,8,2,0.25,4.0,2048,1024,1024,4096,1792,289.6,372.545,328.512,0.4691
mixed,8,2,0.25,4.0,2048,1024,2048,8192,3584,355.521,518.848,472.096,0.7138
mixed,8,2,0.25,4.0,2048,1024,4096,16384,7168,481.568,805.183,762.239,0.8673
mixed,8,2,0.25,4.0,2048,2048,128,512,224,293.823,294.018,292.865,-4.9128
mixed,8,2,0.25,4.0,2048,2048,256,1024,448,293.406,306.401,293.281,-0.0096
mixed,8,2,0.25,4.0,2048,2048,512,2048,896,297.727,375.808,300.575,0.0365
mixed,8,2,0.25,4.0,2048,2048,1024,4096,1792,363.617,448.703,368.127,0.053
mixed,8,2,0.25,4.0,2048,2048,2048,8192,3584,430.176,592.158,514.303,0.5194
mixed,8,2,0.25,4.0,2048,2048,4096,16384,7168,556.192,882.302,802.817,0.7563
mixed,8,2,0.25,4.0,2048,4096,128,512,224,444.255,444.896,444.894,0.9969
mixed,8,2,0.25,4.0,2048,4096,256,1024,448,444.318,444.864,445.244,1.696
mixed,8,2,0.25,4.0,2048,4096,512,2048,896,448.095,459.999,445.824,-0.1908
mixed,8,2,0.25,4.0,2048,4096,1024,4096,1792,445.152,596.416,445.6,0.003
mixed,8,2,0.25,4.0,2048,4096,2048,8192,3584,568.255,739.584,592.8,0.1433
mixed,8,2,0.25,4.0,2048,4096,4096,16384,7168,704.508,1026.942,880.734,0.5465
mixed,8,2,0.25,4.0,2048,8192,128,512,224,733.248,732.0,732.031,
mixed,8,2,0.25,4.0,2048,8192,256,1024,448,732.674,730.879,735.135,
mixed,8,2,0.25,4.0,2048,8192,512,2048,896,732.19,731.742,731.967,
mixed,8,2,0.25,4.0,2048,8192,1024,4096,1792,731.104,748.737,730.496,-0.0345
mixed,8,2,0.25,4.0,2048,8192,2048,8192,3584,731.84,1023.966,734.845,0.0103
mixed,8,2,0.25,4.0,2048,8192,4096,16384,7168,967.808,1314.142,1024.028,0.1623
pure,8,3,0.375,4.0,0,0,128,512,272,40.544,45.695,45.761,1.0128
pure,8,3,0.375,4.0,0,0,256,1024,544,44.802,49.696,48.161,0.6864
pure,8,3,0.375,4.0,0,0,512,2048,1088,48.958,54.848,51.392,0.4132
pure,8,3,0.375,4.0,0,0,1024,4096,2176,55.166,70.016,57.474,0.1554
pure,8,3,0.375,4.0,0,0,2048,8192,4352,71.167,96.224,73.634,0.0985
pure,8,3,0.375,4.0,0,0,4096,16384,8704,98.176,144.19,99.072,0.0195
mixed,8,3,0.375,4.0,16,0,128,512,272,49.059,53.183,51.679,0.6353
mixed,8,3,0.375,4.0,16,0,256,1024,544,53.28,54.944,52.639,-0.3852
mixed,8,3,0.375,4.0,16,0,512,2048,1088,55.169,59.681,56.286,0.2476
mixed,8,3,0.375,4.0,16,0,1024,4096,2176,60.83,74.208,61.951,0.0838
mixed,8,3,0.375,4.0,16,0,2048,8192,4352,75.133,101.952,77.151,0.0752
mixed,8,3,0.375,4.0,16,0,4096,16384,8704,103.295,147.072,106.976,0.0841
mixed,8,3,0.375,4.0,16,512,128,512,272,57.376,58.304,59.04,1.7931
mixed,8,3,0.375,4.0,16,512,256,1024,544,59.168,62.752,55.488,-1.0268
mixed,8,3,0.375,4.0,16,512,512,2048,1088,61.952,67.552,63.552,0.2857
mixed,8,3,0.375,4.0,16,512,1024,4096,2176,68.224,74.753,70.368,0.3284
mixed,8,3,0.375,4.0,16,512,2048,8192,4352,75.71,100.736,77.92,0.0883
mixed,8,3,0.375,4.0,16,512,4096,16384,8704,104.032,145.056,105.982,0.0475
mixed,8,3,0.375,4.0,16,1024,128,512,272,61.952,61.247,60.929,
mixed,8,3,0.375,4.0,16,1024,256,1024,544,62.56,62.241,62.112,
mixed,8,3,0.375,4.0,16,1024,512,2048,1088,62.783,67.808,64.033,0.2488
mixed,8,3,0.375,4.0,16,1024,1024,4096,2176,70.528,78.207,70.623,0.0124
mixed,8,3,0.375,4.0,16,1024,2048,8192,4352,77.281,102.592,79.838,0.101
mixed,8,3,0.375,4.0,16,1024,4096,16384,8704,105.151,148.256,105.536,0.0089
mixed,8,3,0.375,4.0,16,2048,128,512,272,63.231,63.711,63.424,0.4021
mixed,8,3,0.375,4.0,16,2048,256,1024,544,63.968,64.864,63.808,-0.1786
mixed,8,3,0.375,4.0,16,2048,512,2048,1088,64.351,68.414,65.952,0.394
mixed,8,3,0.375,4.0,16,2048,1024,4096,2176,69.698,80.29,71.039,0.1266
mixed,8,3,0.375,4.0,16,2048,2048,8192,4352,81.472,103.104,79.551,-0.0888
mixed,8,3,0.375,4.0,16,2048,4096,16384,8704,104.958,149.473,105.823,0.0194
mixed,8,3,0.375,4.0,16,4096,128,512,272,66.72,65.696,68.128,
mixed,8,3,0.375,4.0,16,4096,256,1024,544,66.273,68.831,67.552,0.5
mixed,8,3,0.375,4.0,16,4096,512,2048,1088,69.857,69.504,67.97,
mixed,8,3,0.375,4.0,16,4096,1024,4096,2176,75.456,81.888,69.665,-0.9003
mixed,8,3,0.375,4.0,16,4096,2048,8192,4352,85.6,103.903,87.679,0.1136
mixed,8,3,0.375,4.0,16,4096,4096,16384,8704,105.12,152.576,107.712,0.0546
mixed,8,3,0.375,4.0,16,8192,128,512,272,71.615,71.679,71.135,-7.5
mixed,8,3,0.375,4.0,16,8192,256,1024,544,72.896,72.799,69.92,
mixed,8,3,0.375,4.0,16,8192,512,2048,1088,72.416,76.576,72.703,0.069
mixed,8,3,0.375,4.0,16,8192,1024,4096,2176,76.161,88.992,77.504,0.1047
mixed,8,3,0.375,4.0,16,8192,2048,8192,4352,88.032,107.872,89.248,0.0613
mixed,8,3,0.375,4.0,16,8192,4096,16384,8704,119.136,153.312,116.672,-0.0721
mixed,8,3,0.375,4.0,32,0,128,512,272,47.872,52.192,52.447,1.059
mixed,8,3,0.375,4.0,32,0,256,1024,544,51.328,56.672,52.514,0.2219
mixed,8,3,0.375,4.0,32,0,512,2048,1088,55.903,61.888,56.384,0.0804
mixed,8,3,0.375,4.0,32,0,1024,4096,2176,61.631,74.367,62.334,0.0552
mixed,8,3,0.375,4.0,32,0,2048,8192,4352,75.423,100.513,77.214,0.0714
mixed,8,3,0.375,4.0,32,0,4096,16384,8704,104.8,149.376,107.327,0.0567
mixed,8,3,0.375,4.0,32,512,128,512,272,60.417,62.848,61.76,0.5524
mixed,8,3,0.375,4.0,32,512,256,1024,544,63.457,62.175,56.704,
mixed,8,3,0.375,4.0,32,512,512,2048,1088,63.68,68.16,65.599,0.4283
mixed,8,3,0.375,4.0,32,512,1024,4096,2176,70.433,73.982,71.744,0.3694
mixed,8,3,0.375,4.0,32,512,2048,8192,4352,75.744,101.41,77.568,0.0711
mixed,8,3,0.375,4.0,32,512,4096,16384,8704,104.416,147.999,106.817,0.0551
mixed,8,3,0.375,4.0,32,1024,128,512,272,63.712,64.064,63.934,0.6307
mixed,8,3,0.375,4.0,32,1024,256,1024,544,63.52,62.945,64.065,
mixed,8,3,0.375,4.0,32,1024,512,2048,1088,65.504,70.017,66.816,0.2907
mixed,8,3,0.375,4.0,32,1024,1024,4096,2176,73.792,77.089,73.471,-0.0974
mixed,8,3,0.375,4.0,32,1024,2048,8192,4352,78.496,102.559,77.952,-0.0226
mixed,8,3,0.375,4.0,32,1024,4096,16384,8704,104.32,148.766,107.549,0.0726
mixed,8,3,0.375,4.0,32,2048,128,512,272,64.544,64.224,66.655,
mixed,8,3,0.375,4.0,32,2048,256,1024,544,65.824,69.76,64.575,-0.3173
mixed,8,3,0.375,4.0,32,2048,512,2048,1088,68.831,71.649,69.506,0.2395
mixed,8,3,0.375,4.0,32,2048,1024,4096,2176,75.041,79.71,78.369,0.7128
mixed,8,3,0.375,4.0,32,2048,2048,8192,4352,83.84,103.744,85.758,0.0964
mixed,8,3,0.375,4.0,32,2048,4096,16384,8704,105.15,150.144,107.521,0.0527
mixed,8,3,0.375,4.0,32,4096,128,512,272,70.112,73.313,71.263,0.3596
mixed,8,3,0.375,4.0,32,4096,256,1024,544,71.584,73.567,75.136,1.7912
mixed,8,3,0.375,4.0,32,4096,512,2048,1088,73.407,76.704,72.064,-0.4073
mixed,8,3,0.375,4.0,32,4096,1024,4096,2176,77.472,86.465,76.896,-0.064
mixed,8,3,0.375,4.0,32,4096,2048,8192,4352,86.786,105.569,87.136,0.0186
mixed,8,3,0.375,4.0,32,4096,4096,16384,8704,116.094,153.951,116.16,0.0017
mixed,8,3,0.375,4.0,32,8192,128,512,272,81.28,80.224,77.408,
mixed,8,3,0.375,4.0,32,8192,256,1024,544,79.134,80.289,85.825,5.7931
mixed,8,3,0.375,4.0,32,8192,512,2048,1088,78.464,84.001,81.376,0.5259
mixed,8,3,0.375,4.0,32,8192,1024,4096,2176,83.999,91.008,83.967,-0.0046
mixed,8,3,0.375,4.0,32,8192,2048,8192,4352,94.465,112.833,92.67,-0.0977
mixed,8,3,0.375,4.0,32,8192,4096,16384,8704,114.688,154.015,115.808,0.0285
mixed,8,3,0.375,4.0,64,0,128,512,272,49.568,53.119,53.187,1.0191
mixed,8,3,0.375,4.0,64,0,256,1024,544,53.023,57.567,54.817,0.3948
mixed,8,3,0.375,4.0,64,0,512,2048,1088,57.44,61.536,59.104,0.4063
mixed,8,3,0.375,4.0,64,0,1024,4096,2176,61.376,74.944,63.232,0.1368
mixed,8,3,0.375,4.0,64,0,2048,8192,4352,76.735,115.23,77.856,0.0291
mixed,8,3,0.375,4.0,64,0,4096,16384,8704,105.248,160.129,108.065,0.0513
mixed,8,3,0.375,4.0,64,512,128,512,272,62.208,66.945,63.136,0.1959
mixed,8,3,0.375,4.0,64,512,256,1024,544,68.383,65.376,60.032,
mixed,8,3,0.375,4.0,64,512,512,2048,1088,66.719,70.144,66.144,-0.1679
mixed,8,3,0.375,4.0,64,512,1024,4096,2176,73.921,74.976,73.088,-0.7896
mixed,8,3,0.375,4.0,64,512,2048,8192,4352,77.695,118.367,77.279,-0.0102
mixed,8,3,0.375,4.0,64,512,4096,16384,8704,105.439,182.366,107.168,0.0225
mixed,8,3,0.375,4.0,64,1024,128,512,272,62.656,63.359,63.711,1.5007
mixed,8,3,0.375,4.0,64,1024,256,1024,544,63.104,67.936,64.287,0.2448
mixed,8,3,0.375,4.0,64,1024,512,2048,1088,68.224,71.935,69.504,0.3449
mixed,8,3,0.375,4.0,64,1024,1024,4096,2176,76.223,77.505,76.0,-0.1739
mixed,8,3,0.375,4.0,64,1024,2048,8192,4352,81.087,105.216,82.688,0.0664
mixed,8,3,0.375,4.0,64,1024,4096,16384,8704,106.432,202.079,107.966,0.016
mixed,8,3,0.375,4.0,64,2048,128,512,272,68.672,71.167,71.136,0.9876
mixed,8,3,0.375,4.0,64,2048,256,1024,544,71.23,73.216,71.713,0.2432
mixed,8,3,0.375,4.0,64,2048,512,2048,1088,73.345,75.392,70.656,-1.3136
mixed,8,3,0.375,4.0,64,2048,1024,4096,2176,76.256,82.303,76.161,-0.0157
mixed,8,3,0.375,4.0,64,2048,2048,8192,4352,85.825,105.663,83.68,-0.1081
mixed,8,3,0.375,4.0,64,2048,4096,16384,8704,106.016,152.831,110.879,0.1039
mixed,8,3,0.375,4.0,64,4096,128,512,272,81.634,79.776,78.144,
mixed,8,3,0.375,4.0,64,4096,256,1024,544,79.68,75.936,81.984,
mixed,8,3,0.375,4.0,64,4096,512,2048,1088,76.481,81.473,78.336,0.3716
mixed,8,3,0.375,4.0,64,4096,1024,4096,2176,82.37,86.558,82.977,0.1449
mixed,8,3,0.375,4.0,64,4096,2048,8192,4352,92.641,110.141,87.648,-0.2853
mixed,8,3,0.375,4.0,64,4096,4096,16384,8704,114.176,154.688,116.894,0.0671
mixed,8,3,0.375,4.0,64,8192,128,512,272,92.512,93.984,92.735,0.1515
mixed,8,3,0.375,4.0,64,8192,256,1024,544,93.631,89.31,89.248,
mixed,8,3,0.375,4.0,64,8192,512,2048,1088,89.28,92.993,91.616,0.6291
mixed,8,3,0.375,4.0,64,8192,1024,4096,2176,93.472,102.272,95.583,0.2399
mixed,8,3,0.375,4.0,64,8192,2048,8192,4352,101.505,119.936,101.152,-0.0192
mixed,8,3,0.375,4.0,64,8192,4096,16384,8704,121.569,163.938,121.44,-0.003
mixed,8,3,0.375,4.0,128,0,128,512,272,50.592,57.984,54.176,0.4848
mixed,8,3,0.375,4.0,128,0,256,1024,544,58.527,57.631,55.552,
mixed,8,3,0.375,4.0,128,0,512,2048,1088,57.344,67.648,61.824,0.4348
mixed,8,3,0.375,4.0,128,0,1024,4096,2176,64.959,77.024,71.487,0.5411
mixed,8,3,0.375,4.0,128,0,2048,8192,4352,78.593,116.032,91.648,0.3487
mixed,8,3,0.375,4.0,128,0,4096,16384,8704,108.609,164.415,134.433,0.4627
mixed,8,3,0.375,4.0,128,512,128,512,272,70.527,71.201,72.61,3.0905
mixed,8,3,0.375,4.0,128,512,256,1024,544,73.216,75.329,74.272,0.4998
mixed,8,3,0.375,4.0,128,512,512,2048,1088,74.591,75.455,68.927,-6.5556
mixed,8,3,0.375,4.0,128,512,1024,4096,2176,72.833,80.736,74.048,0.1537
mixed,8,3,0.375,4.0,128,512,2048,8192,4352,81.633,104.64,92.865,0.4882
mixed,8,3,0.375,4.0,128,512,4096,16384,8704,108.895,181.341,133.633,0.3415
mixed,8,3,0.375,4.0,128,1024,128,512,272,74.624,74.753,72.542,-16.1395
mixed,8,3,0.375,4.0,128,1024,256,1024,544,73.665,78.688,74.883,0.2425
mixed,8,3,0.375,4.0,128,1024,512,2048,1088,79.488,75.264,77.504,
mixed,8,3,0.375,4.0,128,1024,1024,4096,2176,75.2,83.712,74.559,-0.0753
mixed,8,3,0.375,4.0,128,1024,2048,8192,4352,84.735,107.616,95.583,0.4741
mixed,8,3,0.375,4.0,128,1024,4096,16384,8704,107.199,154.112,133.601,0.5628
mixed,8,3,0.375,4.0,128,2048,128,512,272,79.711,78.049,78.816,
mixed,8,3,0.375,4.0,128,2048,256,1024,544,79.266,80.639,80.352,0.791
mixed,8,3,0.375,4.0,128,2048,512,2048,1088,81.888,86.079,82.624,0.1756
mixed,8,3,0.375,4.0,128,2048,1024,4096,2176,88.286,87.425,86.4,
mixed,8,3,0.375,4.0,128,2048,2048,8192,4352,91.04,110.56,95.455,0.2262
mixed,8,3,0.375,4.0,128,2048,4096,16384,8704,115.521,156.768,134.942,0.4708
mixed,8,3,0.375,4.0,128,4096,128,512,272,93.024,94.336,92.544,-0.3659
mixed,8,3,0.375,4.0,128,4096,256,1024,544,94.818,94.238,94.338,
mixed,8,3,0.375,4.0,128,4096,512,2048,1088,94.465,96.481,94.975,0.253
mixed,8,3,0.375,4.0,128,4096,1024,4096,2176,95.776,106.275,97.181,0.1338
mixed,8,3,0.375,4.0,128,4096,2048,8192,4352,105.087,120.032,103.103,-0.1328
mixed,8,3,0.375,4.0,128,4096,4096,16384,8704,124.864,164.864,139.072,0.3552
mixed,8,3,0.375,4.0,128,8192,128,512,272,116.288,117.665,116.864,0.4183
mixed,8,3,0.375,4.0,128,8192,256,1024,544,116.992,117.569,116.672,-0.5546
mixed,8,3,0.375,4.0,128,8192,512,2048,1088,117.215,118.849,111.584,-3.4461
mixed,8,3,0.375,4.0,128,8192,1024,4096,2176,118.239,127.424,119.104,0.0942
mixed,8,3,0.375,4.0,128,8192,2048,8192,4352,127.523,144.352,126.111,-0.0839
mixed,8,3,0.375,4.0,128,8192,4096,16384,8704,141.185,182.015,147.103,0.1449
mixed,8,3,0.375,4.0,256,0,128,512,272,50.657,62.176,64.193,1.1751
mixed,8,3,0.375,4.0,256,0,256,1024,544,61.889,65.697,62.623,0.1928
mixed,8,3,0.375,4.0,256,0,512,2048,1088,64.735,74.814,70.528,0.5748
mixed,8,3,0.375,4.0,256,0,1024,4096,2176,74.401,93.344,89.6,0.8024
mixed,8,3,0.375,4.0,256,0,2048,8192,4352,92.639,133.631,128.832,0.8829
mixed,8,3,0.375,4.0,256,0,4096,16384,8704,139.041,210.816,207.68,0.9563
mixed,8,3,0.375,4.0,256,512,128,512,272,75.68,76.991,76.768,0.8299
mixed,8,3,0.375,4.0,256,512,256,1024,544,73.953,77.92,77.377,0.8631
mixed,8,3,0.375,4.0,256,512,512,2048,1088,77.984,78.945,77.854,-0.1353
mixed,8,3,0.375,4.0,256,512,1024,4096,2176,78.526,92.321,96.704,1.3177
mixed,8,3,0.375,4.0,256,512,2048,8192,4352,93.214,133.76,129.247,0.8887
mixed,8,3,0.375,4.0,256,512,4096,16384,8704,136.576,210.462,206.11,0.9411
mixed,8,3,0.375,4.0,256,1024,128,512,272,82.975,82.368,82.304,
mixed,8,3,0.375,4.0,256,1024,256,1024,544,82.048,94.239,82.561,0.0421
mixed,8,3,0.375,4.0,256,1024,512,2048,1088,93.951,86.72,93.213,
mixed,8,3,0.375,4.0,256,1024,1024,4096,2176,84.96,99.841,96.738,0.7915
mixed,8,3,0.375,4.0,256,1024,2048,8192,4352,101.628,132.192,135.424,1.1057
mixed,8,3,0.375,4.0,256,1024,4096,16384,8704,137.374,211.521,206.144,0.9275
mixed,8,3,0.375,4.0,256,2048,128,512,272,94.145,94.239,93.952,-2.0532
mixed,8,3,0.375,4.0,256,2048,256,1024,544,93.728,93.632,94.176,
mixed,8,3,0.375,4.0,256,2048,512,2048,1088,93.92,122.783,92.8,-0.0388
mixed,8,3,0.375,4.0,256,2048,1024,4096,2176,122.944,105.472,113.855,
mixed,8,3,0.375,4.0,256,2048,2048,8192,4352,107.104,140.928,135.744,0.8467
mixed,8,3,0.375,4.0,256,2048,4096,16384,8704,146.687,210.56,213.92,1.0526
mixed,8,3,0.375,4.0,256,4096,128,512,272,113.569,123.713,112.575,-0.098
mixed,8,3,0.375,4.0,256,4096,256,1024,544,123.198,144.192,141.279,0.8612
mixed,8,3,0.375,4.0,256,4096,512,2048,1088,143.486,120.863,140.449,
mixed,8,3,0.375,4.0,256,4096,1024,4096,2176,120.832,172.064,121.12,0.0056
mixed,8,3,0.375,4.0,256,4096,2048,8192,4352,176.993,143.808,150.751,
mixed,8,3,0.375,4.0,256,4096,4096,16384,8704,144.8,220.479,214.336,0.9188
mixed,8,3,0.375,4.0,256,8192,128,512,272,144.096,159.456,146.11,0.1311
mixed,8,3,0.375,4.0,256,8192,256,1024,544,159.967,181.248,152.576,-0.3473
mixed,8,3,0.375,4.0,256,8192,512,2048,1088,181.472,221.504,220.061,0.964
mixed,8,3,0.375,4.0,256,8192,1024,4096,2176,226.081,171.583,219.84,
mixed,8,3,0.375,4.0,256,8192,2048,8192,4352,172.448,276.768,170.174,-0.0218
mixed,8,3,0.375,4.0,256,8192,4096,16384,8704,284.255,220.384,229.601,
mixed,8,3,0.375,4.0,512,0,128,512,272,57.056,97.152,92.289,0.8787
mixed,8,3,0.375,4.0,512,0,256,1024,544,96.514,74.944,96.992,
mixed,8,3,0.375,4.0,512,0,512,2048,1088,74.336,94.079,94.655,1.0292
mixed,8,3,0.375,4.0,512,0,1024,4096,2176,94.911,132.642,132.225,0.9889
mixed,8,3,0.375,4.0,512,0,2048,8192,4352,138.08,210.784,209.248,0.9789
mixed,8,3,0.375,4.0,512,0,4096,16384,8704,220.158,363.137,364.543,1.0098
mixed,8,3,0.375,4.0,512,512,128,512,272,102.846,112.671,111.489,0.8797
mixed,8,3,0.375,4.0,512,512,256,1024,544,113.441,115.552,110.653,-1.3207
mixed,8,3,0.375,4.0,512,512,512,2048,1088,116.096,135.775,130.85,0.7497
mixed,8,3,0.375,4.0,512,512,1024,4096,2176,136.351,132.896,169.023,
mixed,8,3,0.375,4.0,512,512,2048,8192,4352,137.504,210.654,209.534,0.9847
mixed,8,3,0.375,4.0,512,512,4096,16384,8704,220.606,365.086,364.253,0.9942
mixed,8,3,0.375,4.0,512,1024,128,512,272,112.352,121.953,120.832,0.8832
mixed,8,3,0.375,4.0,512,1024,256,1024,544,121.696,125.502,121.569,-0.0334
mixed,8,3,0.375,4.0,512,1024,512,2048,1088,124.864,144.832,139.838,0.7499
mixed,8,3,0.375,4.0,512,1024,1024,4096,2176,145.822,183.231,177.983,0.8597
mixed,8,3,0.375,4.0,512,1024,2048,8192,4352,139.452,211.422,209.984,0.98
mixed,8,3,0.375,4.0,512,1024,4096,16384,8704,221.216,364.608,363.105,0.9895
mixed,8,3,0.375,4.0,512,2048,128,512,272,130.209,140.288,126.078,-0.4099
mixed,8,3,0.375,4.0,512,2048,256,1024,544,140.512,161.088,159.424,0.9191
mixed,8,3,0.375,4.0,512,2048,512,2048,1088,160.415,163.742,159.647,-0.2308
mixed,8,3,0.375,4.0,512,2048,1024,4096,2176,164.382,203.296,197.377,0.8479
mixed,8,3,0.375,4.0,512,2048,2048,8192,4352,209.632,210.656,275.775,64.5928
mixed,8,3,0.375,4.0,512,2048,4096,16384,8704,221.759,366.236,364.225,0.9861
mixed,8,3,0.375,4.0,512,4096,128,512,272,157.983,179.168,163.201,0.2463
mixed,8,3,0.375,4.0,512,4096,256,1024,544,178.72,199.008,168.863,-0.4859
mixed,8,3,0.375,4.0,512,4096,512,2048,1088,198.239,238.686,237.63,0.9739
mixed,8,3,0.375,4.0,512,4096,1024,4096,2176,243.679,243.358,236.959,
mixed,8,3,0.375,4.0,512,4096,2048,8192,4352,249.503,321.761,315.679,0.9158
mixed,8,3,0.375,4.0,512,4096,4096,16384,8704,332.095,369.44,469.888,3.6897
mixed,8,3,0.375,4.0,512,8192,128,512,272,235.039,234.527,234.528,
mixed,8,3,0.375,4.0,512,8192,256,1024,544,234.975,265.183,234.752,-0.0074
mixed,8,3,0.375,4.0,512,8192,512,2048,1088,264.863,316.512,255.264,-0.1859
mixed,8,3,0.375,4.0,512,8192,1024,4096,2176,321.697,396.447,390.656,0.9225
mixed,8,3,0.375,4.0,512,8192,2048,8192,4352,406.559,403.329,393.024,
mixed,8,3,0.375,4.0,512,8192,4096,16384,8704,411.486,554.75,550.529,0.9705
mixed,8,3,0.375,4.0,1024,0,128,512,272,80.478,82.239,80.64,0.092
mixed,8,3,0.375,4.0,1024,0,256,1024,544,81.728,99.681,98.464,0.9322
mixed,8,3,0.375,4.0,1024,0,512,2048,1088,100.703,135.68,135.455,0.9936
mixed,8,3,0.375,4.0,1024,0,1024,4096,2176,140.128,208.8,206.27,0.9632
mixed,8,3,0.375,4.0,1024,0,2048,8192,4352,216.831,352.448,351.229,0.991
mixed,8,3,0.375,4.0,1024,0,4096,16384,8704,371.264,641.887,641.535,0.9987
mixed,8,3,0.375,4.0,1024,512,128,512,272,99.901,100.351,99.106,-1.7667
mixed,8,3,0.375,4.0,1024,512,256,1024,544,100.446,118.016,117.31,0.9598
mixed,8,3,0.375,4.0,1024,512,512,2048,1088,117.952,154.401,153.12,0.9649
mixed,8,3,0.375,4.0,1024,512,1024,4096,2176,158.623,226.176,225.633,0.992
mixed,8,3,0.375,4.0,1024,512,2048,8192,4352,234.88,371.358,369.215,0.9843
mixed,8,3,0.375,4.0,1024,512,4096,16384,8704,388.608,659.328,659.005,0.9988
mixed,8,3,0.375,4.0,1024,1024,128,512,272,118.976,118.336,118.273,
mixed,8,3,0.375,4.0,1024,1024,256,1024,544,118.016,136.768,135.488,0.9317
mixed,8,3,0.375,4.0,1024,1024,512,2048,1088,137.631,172.64,171.072,0.9552
mixed,8,3,0.375,4.0,1024,1024,1024,4096,2176,177.087,245.408,244.382,0.985
mixed,8,3,0.375,4.0,1024,1024,2048,8192,4352,254.336,390.079,389.214,0.9936
mixed,8,3,0.375,4.0,1024,1024,4096,16384,8704,408.799,678.367,679.039,1.0025
mixed,8,3,0.375,4.0,1024,2048,128,512,272,154.144,154.818,154.242,0.1454
mixed,8,3,0.375,4.0,1024,2048,256,1024,544,154.336,172.991,154.751,0.0222
mixed,8,3,0.375,4.0,1024,2048,512,2048,1088,172.416,209.184,208.352,0.9774
mixed,8,3,0.375,4.0,1024,2048,1024,4096,2176,214.655,284.161,281.793,0.9659
mixed,8,3,0.375,4.0,1024,2048,2048,8192,4352,293.153,429.76,426.975,0.9796
mixed,8,3,0.375,4.0,1024,2048,4096,16384,8704,447.806,719.229,717.439,0.9934
mixed,8,3,0.375,4.0,1024,4096,128,512,272,226.848,226.208,226.689,
mixed,8,3,0.375,4.0,1024,4096,256,1024,544,226.495,235.037,226.016,-0.0561
mixed,8,3,0.375,4.0,1024,4096,512,2048,1088,236.736,284.703,226.784,-0.2075
mixed,8,3,0.375,4.0,1024,4096,1024,4096,2176,289.504,359.998,358.721,0.9819
mixed,8,3,0.375,4.0,1024,4096,2048,8192,4352,369.76,504.447,504.578,1.001
mixed,8,3,0.375,4.0,1024,4096,4096,16384,8704,524.413,793.727,793.343,0.9986
mixed,8,3,0.375,4.0,1024,8192,128,512,272,376.768,376.704,377.245,
mixed,8,3,0.375,4.0,1024,8192,256,1024,544,377.183,376.862,377.088,
mixed,8,3,0.375,4.0,1024,8192,512,2048,1088,378.241,388.543,377.568,-0.0653
mixed,8,3,0.375,4.0,1024,8192,1024,4096,2176,406.208,506.398,396.797,-0.0939
mixed,8,3,0.375,4.0,1024,8192,2048,8192,4352,516.736,655.55,654.401,0.9917
mixed,8,3,0.375,4.0,1024,8192,4096,16384,8704,677.184,944.445,942.401,0.9924
mixed,8,3,0.375,4.0,2048,0,128,512,272,162.43,172.672,161.019,-0.1378
mixed,8,3,0.375,4.0,2048,0,256,1024,544,171.136,190.143,178.4,0.3822
mixed,8,3,0.375,4.0,2048,0,512,2048,1088,190.368,225.856,215.264,0.7015
mixed,8,3,0.375,4.0,2048,0,1024,4096,2176,230.973,299.328,288.32,0.839
mixed,8,3,0.375,4.0,2048,0,2048,8192,4352,308.511,442.27,434.08,0.9388
mixed,8,3,0.375,4.0,2048,0,4096,16384,8704,462.911,732.768,722.142,0.9606
mixed,8,3,0.375,4.0,2048,512,128,512,272,193.311,206.304,193.057,-0.0195
mixed,8,3,0.375,4.0,2048,512,256,1024,544,206.783,224.096,199.103,-0.4436
mixed,8,3,0.375,4.0,2048,512,512,2048,1088,226.622,262.656,232.736,0.1697
mixed,8,3,0.375,4.0,2048,512,1024,4096,2176,266.465,336.352,308.064,0.5952
mixed,8,3,0.375,4.0,2048,512,2048,8192,4352,344.608,480.605,453.6,0.8014
mixed,8,3,0.375,4.0,2048,512,4096,16384,8704,498.654,769.95,744.446,0.906
mixed,8,3,0.375,4.0,2048,1024,128,512,272,216.415,229.183,217.12,0.0552
mixed,8,3,0.375,4.0,2048,1024,256,1024,544,228.864,261.343,234.464,0.1724
mixed,8,3,0.375,4.0,2048,1024,512,2048,1088,262.175,299.649,251.999,-0.2715
mixed,8,3,0.375,4.0,2048,1024,1024,4096,2176,304.448,372.64,328.256,0.3491
mixed,8,3,0.375,4.0,2048,1024,2048,8192,4352,381.089,518.689,472.031,0.6609
mixed,8,3,0.375,4.0,2048,1024,4096,16384,8704,536.798,807.518,763.103,0.8359
mixed,8,3,0.375,4.0,2048,2048,128,512,272,293.822,293.984,295.776,12.0617
mixed,8,3,0.375,4.0,2048,2048,256,1024,544,293.76,305.182,292.833,-0.0812
mixed,8,3,0.375,4.0,2048,2048,512,2048,1088,305.825,375.231,319.424,0.1959
mixed,8,3,0.375,4.0,2048,2048,1024,4096,2176,379.71,449.439,368.768,-0.1569
mixed,8,3,0.375,4.0,2048,2048,2048,8192,4352,457.151,591.997,514.814,0.4276
mixed,8,3,0.375,4.0,2048,2048,4096,16384,8704,612.382,882.239,803.871,0.7096
mixed,8,3,0.375,4.0,2048,4096,128,512,272,446.814,444.703,446.334,
mixed,8,3,0.375,4.0,2048,4096,256,1024,544,445.663,445.569,445.567,
mixed,8,3,0.375,4.0,2048,4096,512,2048,1088,445.246,460.382,445.309,0.0042
mixed,8,3,0.375,4.0,2048,4096,1024,4096,2176,468.0,594.144,484.737,0.1327
mixed,8,3,0.375,4.0,2048,4096,2048,8192,4352,604.799,738.495,591.229,-0.1015
mixed,8,3,0.375,4.0,2048,4096,4096,16384,8704,757.054,1029.471,881.63,0.4573
mixed,8,3,0.375,4.0,2048,8192,128,512,272,732.128,731.774,732.672,
mixed,8,3,0.375,4.0,2048,8192,256,1024,544,730.656,732.157,732.609,1.3011
mixed,8,3,0.375,4.0,2048,8192,512,2048,1088,731.581,731.645,731.134,-6.9844
mixed,8,3,0.375,4.0,2048,8192,1024,4096,2176,737.984,748.543,732.832,-0.4879
mixed,8,3,0.375,4.0,2048,8192,2048,8192,4352,767.742,1022.814,803.167,0.1389
mixed,8,3,0.375,4.0,2048,8192,4096,16384,8704,1040.638,1310.141,1023.964,-0.0619
pure,8,4,0.5,4.0,0,0,128,512,320,40.768,45.44,45.215,0.9518
pure,8,4,0.5,4.0,0,0,256,1024,640,45.792,49.215,47.775,0.5793
pure,8,4,0.5,4.0,0,0,512,2048,1280,50.974,54.752,50.527,-0.1183
pure,8,4,0.5,4.0,0,0,1024,4096,2560,57.856,69.536,59.104,0.1068
pure,8,4,0.5,4.0,0,0,2048,8192,5120,76.863,96.16,80.0,0.1626
pure,8,4,0.5,4.0,0,0,4096,16384,10240,107.136,144.031,109.023,0.0511
mixed,8,4,0.5,4.0,16,0,128,512,320,48.639,52.641,52.031,0.8476
mixed,8,4,0.5,4.0,16,0,256,1024,640,53.6,54.753,53.471,-0.1119
mixed,8,4,0.5,4.0,16,0,512,2048,1280,56.256,59.968,55.52,-0.1983
mixed,8,4,0.5,4.0,16,0,1024,4096,2560,61.696,73.985,63.232,0.125
mixed,8,4,0.5,4.0,16,0,2048,8192,5120,83.071,103.392,83.491,0.0207
mixed,8,4,0.5,4.0,16,0,4096,16384,10240,112.768,146.272,114.337,0.0468
mixed,8,4,0.5,4.0,16,512,128,512,320,58.048,59.105,59.104,0.9991
mixed,8,4,0.5,4.0,16,512,256,1024,640,58.659,62.657,55.775,-0.7214
mixed,8,4,0.5,4.0,16,512,512,2048,1280,64.032,67.295,63.678,-0.1085
mixed,8,4,0.5,4.0,16,512,1024,4096,2560,66.432,74.081,70.464,0.5271
mixed,8,4,0.5,4.0,16,512,2048,8192,5120,81.119,98.977,83.135,0.1129
mixed,8,4,0.5,4.0,16,512,4096,16384,10240,110.558,149.441,116.193,0.1449
mixed,8,4,0.5,4.0,16,1024,128,512,320,61.825,61.856,61.759,-2.129
mixed,8,4,0.5,4.0,16,1024,256,1024,640,61.889,63.17,61.408,-0.3755
mixed,8,4,0.5,4.0,16,1024,512,2048,1280,64.447,68.706,64.896,0.1054
mixed,8,4,0.5,4.0,16,1024,1024,4096,2560,72.384,77.12,71.295,-0.2299
mixed,8,4,0.5,4.0,16,1024,2048,8192,5120,82.304,101.886,82.72,0.0212
mixed,8,4,0.5,4.0,16,1024,4096,16384,10240,111.2,146.849,114.623,0.096
mixed,8,4,0.5,4.0,16,2048,128,512,320,63.936,64.033,63.585,-3.6186
mixed,8,4,0.5,4.0,16,2048,256,1024,640,64.417,64.894,63.904,-1.0755
mixed,8,4,0.5,4.0,16,2048,512,2048,1280,67.265,69.501,66.304,-0.4298
mixed,8,4,0.5,4.0,16,2048,1024,4096,2560,73.953,79.647,73.247,-0.124
mixed,8,4,0.5,4.0,16,2048,2048,8192,5120,84.224,103.712,88.768,0.2332
mixed,8,4,0.5,4.0,16,2048,4096,16384,10240,116.096,146.719,117.6,0.0491
mixed,8,4,0.5,4.0,16,4096,128,512,320,68.095,66.274,66.592,
mixed,8,4,0.5,4.0,16,4096,256,1024,640,67.488,68.543,66.751,-0.6986
mixed,8,4,0.5,4.0,16,4096,512,2048,1280,68.64,71.008,69.09,0.19
mixed,8,4,0.5,4.0,16,4096,1024,4096,2560,73.889,80.095,74.592,0.1133
mixed,8,4,0.5,4.0,16,4096,2048,8192,5120,90.239,105.568,92.224,0.1295
mixed,8,4,0.5,4.0,16,4096,4096,16384,10240,115.202,149.918,119.138,0.1134
mixed,8,4,0.5,4.0,16,8192,128,512,320,71.647,71.872,71.008,-2.84
mixed,8,4,0.5,4.0,16,8192,256,1024,640,78.301,73.152,74.944,
mixed,8,4,0.5,4.0,16,8192,512,2048,1280,72.48,77.183,72.351,-0.0274
mixed,8,4,0.5,4.0,16,8192,1024,4096,2560,78.688,86.08,79.105,0.0564
mixed,8,4,0.5,4.0,16,8192,2048,8192,5120,94.593,110.144,92.863,-0.1112
mixed,8,4,0.5,4.0,16,8192,4096,16384,10240,118.782,153.598,122.336,0.1021
mixed,8,4,0.5,4.0,32,0,128,512,320,47.455,51.714,52.064,1.0822
mixed,8,4,0.5,4.0,32,0,256,1024,640,54.623,56.288,53.024,-0.9604
mixed,8,4,0.5,4.0,32,0,512,2048,1280,56.703,60.862,58.558,0.446
mixed,8,4,0.5,4.0,32,0,1024,4096,2560,62.304,74.942,62.272,-0.0025
mixed,8,4,0.5,4.0,32,0,2048,8192,5120,82.047,102.879,82.975,0.0445
mixed,8,4,0.5,4.0,32,0,4096,16384,10240,114.209,148.413,115.041,0.0243
mixed,8,4,0.5,4.0,32,512,128,512,320,60.542,63.838,60.384,-0.0479
mixed,8,4,0.5,4.0,32,512,256,1024,640,67.359,62.945,56.416,
mixed,8,4,0.5,4.0,32,512,512,2048,1280,67.233,68.384,66.593,-0.556
mixed,8,4,0.5,4.0,32,512,1024,4096,2560,69.12,74.113,74.144,1.0062
mixed,8,4,0.5,4.0,32,512,2048,8192,5120,81.856,100.254,83.809,0.1062
mixed,8,4,0.5,4.0,32,512,4096,16384,10240,113.216,147.807,114.497,0.037
mixed,8,4,0.5,4.0,32,1024,128,512,320,63.903,64.768,64.127,0.259
mixed,8,4,0.5,4.0,32,1024,256,1024,640,64.671,65.76,61.057,-3.3186
mixed,8,4,0.5,4.0,32,1024,512,2048,1280,69.727,69.89,69.44,-1.7607
mixed,8,4,0.5,4.0,32,1024,1024,4096,2560,67.328,76.961,68.384,0.1096
mixed,8,4,0.5,4.0,32,1024,2048,8192,5120,83.648,100.96,83.297,-0.0203
mixed,8,4,0.5,4.0,32,1024,4096,16384,10240,116.32,149.152,116.896,0.0175
mixed,8,4,0.5,4.0,32,2048,128,512,320,65.279,63.648,66.08,
mixed,8,4,0.5,4.0,32,2048,256,1024,640,65.631,70.079,64.159,-0.3309
mixed,8,4,0.5,4.0,32,2048,512,2048,1280,69.791,72.032,69.119,-0.2999
mixed,8,4,0.5,4.0,32,2048,1024,4096,2560,75.616,81.057,73.376,-0.4117
mixed,8,4,0.5,4.0,32,2048,2048,8192,5120,85.375,101.984,85.376,0.0001
mixed,8,4,0.5,4.0,32,2048,4096,16384,10240,116.35,149.28,116.513,0.0049
mixed,8,4,0.5,4.0,32,4096,128,512,320,70.144,72.001,70.655,0.2752
mixed,8,4,0.5,4.0,32,4096,256,1024,640,79.039,73.693,74.273,
mixed,8,4,0.5,4.0,32,4096,512,2048,1280,71.103,77.983,73.15,0.2975
mixed,8,4,0.5,4.0,32,4096,1024,4096,2560,77.248,84.639,77.984,0.0996
mixed,8,4,0.5,4.0,32,4096,2048,8192,5120,90.112,104.896,88.384,-0.1169
mixed,8,4,0.5,4.0,32,4096,4096,16384,10240,117.055,155.391,117.63,0.015
mixed,8,4,0.5,4.0,32,8192,128,512,320,80.703,76.032,76.512,
mixed,8,4,0.5,4.0,32,8192,256,1024,640,89.054,77.951,88.672,
mixed,8,4,0.5,4.0,32,8192,512,2048,1280,80.481,85.343,80.959,0.0983
mixed,8,4,0.5,4.0,32,8192,1024,4096,2560,83.904,90.497,81.887,-0.3059
mixed,8,4,0.5,4.0,32,8192,2048,8192,5120,100.961,114.049,98.688,-0.1737
mixed,8,4,0.5,4.0,32,8192,4096,16384,10240,129.825,154.304,126.591,-0.1321
mixed,8,4,0.5,4.0,64,0,128,512,320,49.153,53.408,52.287,0.7365
mixed,8,4,0.5,4.0,64,0,256,1024,640,58.336,57.312,53.888,
mixed,8,4,0.5,4.0,64,0,512,2048,1280,56.544,61.024,58.048,0.3357
mixed,8,4,0.5,4.0,64,0,1024,4096,2560,65.984,75.199,65.378,-0.0658
mixed,8,4,0.5,4.0,64,0,2048,8192,5120,82.624,116.447,83.808,0.035
mixed,8,4,0.5,4.0,64,0,4096,16384,10240,126.655,158.527,116.063,-0.3323
mixed,8,4,0.5,4.0,64,512,128,512,320,62.113,67.68,63.584,0.2642
mixed,8,4,0.5,4.0,64,512,256,1024,640,63.967,64.833,60.833,-3.6189
mixed,8,4,0.5,4.0,64,512,512,2048,1280,68.509,69.729,68.384,-0.1025
mixed,8,4,0.5,4.0,64,512,1024,4096,2560,68.736,74.976,69.119,0.0614
mixed,8,4,0.5,4.0,64,512,2048,8192,5120,82.272,118.849,83.775,0.0411
mixed,8,4,0.5,4.0,64,512,4096,16384,10240,117.473,180.129,117.952,0.0076
mixed,8,4,0.5,4.0,64,1024,128,512,320,64.544,63.936,62.048,
mixed,8,4,0.5,4.0,64,1024,256,1024,640,63.904,67.616,62.624,-0.3448
mixed,8,4,0.5,4.0,64,1024,512,2048,1280,67.231,72.673,68.702,0.2703
mixed,8,4,0.5,4.0,64,1024,1024,4096,2560,72.479,76.641,69.792,-0.6456
mixed,8,4,0.5,4.0,64,1024,2048,8192,5120,86.591,103.168,86.464,-0.0077
mixed,8,4,0.5,4.0,64,1024,4096,16384,10240,117.024,203.263,116.674,-0.0041
mixed,8,4,0.5,4.0,64,2048,128,512,320,67.839,71.745,71.072,0.8277
mixed,8,4,0.5,4.0,64,2048,256,1024,640,74.496,72.958,73.407,
mixed,8,4,0.5,4.0,64,2048,512,2048,1280,71.872,75.168,72.097,0.0683
mixed,8,4,0.5,4.0,64,2048,1024,4096,2560,88.254,81.921,84.674,
mixed,8,4,0.5,4.0,64,2048,2048,8192,5120,86.688,106.24,87.296,0.0311
mixed,8,4,0.5,4.0,64,2048,4096,16384,10240,119.743,152.128,122.463,0.084
mixed,8,4,0.5,4.0,64,4096,128,512,320,81.569,80.159,77.408,
mixed,8,4,0.5,4.0,64,4096,256,1024,640,82.369,75.393,82.783,
mixed,8,4,0.5,4.0,64,4096,512,2048,1280,79.232,81.919,80.384,0.4287
mixed,8,4,0.5,4.0,64,4096,1024,4096,2560,91.743,87.777,85.278,
mixed,8,4,0.5,4.0,64,4096,2048,8192,5120,124.0,111.265,97.952,
mixed,8,4,0.5,4.0,64,4096,4096,16384,10240,169.632,154.465,122.657,
mixed,8,4,0.5,4.0,64,8192,128,512,320,92.415,93.344,92.352,-0.0678
mixed,8,4,0.5,4.0,64,8192,256,1024,640,94.271,89.537,89.056,
mixed,8,4,0.5,4.0,64,8192,512,2048,1280,92.447,92.833,94.336,4.8938
mixed,8,4,0.5,4.0,64,8192,1024,4096,2560,95.903,103.168,94.752,-0.1584
mixed,8,4,0.5,4.0,64,8192,2048,8192,5120,132.832,121.567,104.224,
mixed,8,4,0.5,4.0,64,8192,4096,16384,10240,186.656,165.921,162.433,
mixed,8,4,0.5,4.0,128,0,128,512,320,50.241,57.983,55.201,0.6407
mixed,8,4,0.5,4.0,128,0,256,1024,640,58.432,56.416,56.096,
mixed,8,4,0.5,4.0,128,0,512,2048,1280,63.871,67.679,61.536,-0.6132
mixed,8,4,0.5,4.0,128,0,1024,4096,2560,65.377,76.927,71.967,0.5706
mixed,8,4,0.5,4.0,128,0,2048,8192,5120,85.377,117.406,94.335,0.2797
mixed,8,4,0.5,4.0,128,0,4096,16384,10240,129.695,162.591,137.088,0.2247
mixed,8,4,0.5,4.0,128,512,128,512,320,71.328,72.224,72.16,0.9286
mixed,8,4,0.5,4.0,128,512,256,1024,640,74.272,74.913,73.855,-0.6505
mixed,8,4,0.5,4.0,128,512,512,2048,1280,75.135,77.088,75.936,0.4101
mixed,8,4,0.5,4.0,128,512,1024,4096,2560,72.29,80.064,75.712,0.4402
mixed,8,4,0.5,4.0,128,512,2048,8192,5120,87.808,107.295,93.664,0.3005
mixed,8,4,0.5,4.0,128,512,4096,16384,10240,120.031,182.398,134.816,0.2371
mixed,8,4,0.5,4.0,128,1024,128,512,320,74.784,73.791,74.079,
mixed,8,4,0.5,4.0,128,1024,256,1024,640,75.135,79.424,81.504,1.485
mixed,8,4,0.5,4.0,128,1024,512,2048,1280,77.473,75.84,78.08,
mixed,8,4,0.5,4.0,128,1024,1024,4096,2560,90.432,83.198,77.729,
mixed,8,4,0.5,4.0,128,1024,2048,8192,5120,88.544,104.831,95.712,0.4401
mixed,8,4,0.5,4.0,128,1024,4096,16384,10240,118.112,155.648,135.648,0.4672
mixed,8,4,0.5,4.0,128,2048,128,512,320,80.253,79.136,79.329,
mixed,8,4,0.5,4.0,128,2048,256,1024,640,81.633,81.312,81.056,
mixed,8,4,0.5,4.0,128,2048,512,2048,1280,82.817,86.145,84.991,0.6532
mixed,8,4,0.5,4.0,128,2048,1024,4096,2560,90.815,89.12,91.65,
mixed,8,4,0.5,4.0,128,2048,2048,8192,5120,128.287,110.015,102.592,
mixed,8,4,0.5,4.0,128,2048,4096,16384,10240,125.952,154.784,137.472,0.3996
mixed,8,4,0.5,4.0,128,4096,128,512,320,93.055,93.504,91.679,-3.0646
mixed,8,4,0.5,4.0,128,4096,256,1024,640,94.272,93.951,93.92,
mixed,8,4,0.5,4.0,128,4096,512,2048,1280,93.438,95.936,92.896,-0.217
mixed,8,4,0.5,4.0,128,4096,1024,4096,2560,96.544,105.216,107.297,1.24
mixed,8,4,0.5,4.0,128,4096,2048,8192,5120,131.04,118.463,132.032,
mixed,8,4,0.5,4.0,128,4096,4096,16384,10240,189.535,164.032,164.512,
mixed,8,4,0.5,4.0,128,8192,128,512,320,117.184,116.96,117.632,
mixed,8,4,0.5,4.0,128,8192,256,1024,640,116.481,117.44,116.639,0.1648
mixed,8,4,0.5,4.0,128,8192,512,2048,1280,118.786,117.824,117.858,
mixed,8,4,0.5,4.0,128,8192,1024,4096,2560,117.63,127.136,117.855,0.0237
mixed,8,4,0.5,4.0,128,8192,2048,8192,5120,124.896,145.729,147.904,1.1044
mixed,8,4,0.5,4.0,128,8192,4096,16384,10240,209.535,181.088,218.145,
mixed,8,4,0.5,4.0,256,0,128,512,320,51.072,61.792,63.71,1.1789
mixed,8,4,0.5,4.0,256,0,256,1024,640,62.719,65.086,64.352,0.6899
mixed,8,4,0.5,4.0,256,0,512,2048,1280,64.48,75.615,71.007,0.5862
mixed,8,4,0.5,4.0,256,0,1024,4096,2560,79.039,92.383,89.952,0.8178
mixed,8,4,0.5,4.0,256,0,2048,8192,5120,103.295,135.167,128.479,0.7902
mixed,8,4,0.5,4.0,256,0,4096,16384,10240,152.831,209.955,207.456,0.9563
mixed,8,4,0.5,4.0,256,512,128,512,320,74.176,77.408,76.768,0.802
mixed,8,4,0.5,4.0,256,512,256,1024,640,77.473,78.111,77.792,0.5
mixed,8,4,0.5,4.0,256,512,512,2048,1280,73.983,78.432,78.496,1.0144
mixed,8,4,0.5,4.0,256,512,1024,4096,2560,83.936,91.551,97.216,1.7439
mixed,8,4,0.5,4.0,256,512,2048,8192,5120,104.384,133.248,128.319,0.8292
mixed,8,4,0.5,4.0,256,512,4096,16384,10240,153.823,210.43,206.911,0.9378
mixed,8,4,0.5,4.0,256,1024,128,512,320,81.729,81.697,81.471,
mixed,8,4,0.5,4.0,256,1024,256,1024,640,81.632,94.4,82.207,0.045
mixed,8,4,0.5,4.0,256,1024,512,2048,1280,86.24,87.422,87.04,0.6768
mixed,8,4,0.5,4.0,256,1024,1024,4096,2560,83.871,100.353,97.632,0.8349
mixed,8,4,0.5,4.0,256,1024,2048,8192,5120,112.542,133.6,137.698,1.1946
mixed,8,4,0.5,4.0,256,1024,4096,16384,10240,154.399,209.535,207.232,0.9582
mixed,8,4,0.5,4.0,256,2048,128,512,320,93.151,93.952,93.537,0.4819
mixed,8,4,0.5,4.0,256,2048,256,1024,640,94.242,94.176,93.661,
mixed,8,4,0.5,4.0,256,2048,512,2048,1280,93.981,122.398,93.696,-0.01
mixed,8,4,0.5,4.0,256,2048,1024,4096,2560,126.752,105.888,116.609,
mixed,8,4,0.5,4.0,256,2048,2048,8192,5120,109.6,142.08,136.769,0.8365
mixed,8,4,0.5,4.0,256,2048,4096,16384,10240,159.616,210.784,215.87,1.0994
mixed,8,4,0.5,4.0,256,4096,128,512,320,114.239,123.552,112.864,-0.1476
mixed,8,4,0.5,4.0,256,4096,256,1024,640,129.023,144.385,142.975,0.9082
mixed,8,4,0.5,4.0,256,4096,512,2048,1280,153.15,120.831,142.368,
mixed,8,4,0.5,4.0,256,4096,1024,4096,2560,120.928,172.48,120.032,-0.0174
mixed,8,4,0.5,4.0,256,4096,2048,8192,5120,187.647,143.966,161.343,
mixed,8,4,0.5,4.0,256,4096,4096,16384,10240,159.36,221.248,215.583,0.9085
mixed,8,4,0.5,4.0,256,8192,128,512,320,143.808,159.489,145.728,0.1224
mixed,8,4,0.5,4.0,256,8192,256,1024,640,166.688,181.249,153.343,-0.9165
mixed,8,4,0.5,4.0,256,8192,512,2048,1280,191.392,221.184,218.912,0.9237
mixed,8,4,0.5,4.0,256,8192,1024,4096,2560,243.073,170.528,220.512,
mixed,8,4,0.5,4.0,256,8192,2048,8192,5120,172.192,278.143,171.425,-0.0072
mixed,8,4,0.5,4.0,256,8192,4096,16384,10240,303.105,221.087,251.935,
mixed,8,4,0.5,4.0,512,0,128,512,320,56.449,97.44,93.215,0.8969
mixed,8,4,0.5,4.0,512,0,256,1024,640,97.538,74.753,95.87,
mixed,8,4,0.5,4.0,512,0,512,2048,1280,80.321,93.889,93.408,0.9645
mixed,8,4,0.5,4.0,512,0,1024,4096,2560,104.257,132.961,132.382,0.9798
mixed,8,4,0.5,4.0,512,0,2048,8192,5120,152.288,209.726,211.136,1.0245
mixed,8,4,0.5,4.0,512,0,4096,16384,10240,248.256,363.265,362.656,0.9947
mixed,8,4,0.5,4.0,512,512,128,512,320,102.946,112.608,111.584,0.894
mixed,8,4,0.5,4.0,512,512,256,1024,640,116.191,115.327,111.073,
mixed,8,4,0.5,4.0,512,512,512,2048,1280,120.864,135.552,130.943,0.6862
mixed,8,4,0.5,4.0,512,512,1024,4096,2560,104.896,132.927,132.544,0.9863
mixed,8,4,0.5,4.0,512,512,2048,8192,5120,152.64,209.759,210.592,1.0146
mixed,8,4,0.5,4.0,512,512,4096,16384,10240,248.927,362.976,364.127,1.0101
mixed,8,4,0.5,4.0,512,1024,128,512,320,111.103,121.47,121.536,1.0064
mixed,8,4,0.5,4.0,512,1024,256,1024,640,125.887,125.213,120.608,
mixed,8,4,0.5,4.0,512,1024,512,2048,1280,130.56,144.319,139.967,0.6837
mixed,8,4,0.5,4.0,512,1024,1024,4096,2560,154.433,183.455,178.594,0.8325
mixed,8,4,0.5,4.0,512,1024,2048,8192,5120,153.537,211.584,209.952,0.9719
mixed,8,4,0.5,4.0,512,1024,4096,16384,10240,249.184,364.959,363.328,0.9859
mixed,8,4,0.5,4.0,512,2048,128,512,320,130.048,140.767,126.336,-0.3463
mixed,8,4,0.5,4.0,512,2048,256,1024,640,145.248,161.375,160.511,0.9464
mixed,8,4,0.5,4.0,512,2048,512,2048,1280,170.749,162.784,159.905,
mixed,8,4,0.5,4.0,512,2048,1024,4096,2560,174.24,204.352,198.081,0.7917
mixed,8,4,0.5,4.0,512,2048,2048,8192,5120,224.672,211.422,274.209,
mixed,8,4,0.5,4.0,512,2048,4096,16384,10240,250.977,365.853,364.991,0.9925
mixed,8,4,0.5,4.0,512,4096,128,512,320,159.425,178.751,163.261,0.1985
mixed,8,4,0.5,4.0,512,4096,256,1024,640,182.081,198.56,169.373,-0.7712
mixed,8,4,0.5,4.0,512,4096,512,2048,1280,208.96,238.143,238.304,1.0055
mixed,8,4,0.5,4.0,512,4096,1024,4096,2560,257.696,243.072,238.271,
mixed,8,4,0.5,4.0,512,4096,2048,8192,5120,264.574,322.783,317.952,0.917
mixed,8,4,0.5,4.0,512,4096,4096,16384,10240,361.185,368.256,469.409,15.3053
mixed,8,4,0.5,4.0,512,8192,128,512,320,234.272,234.562,235.455,4.0793
mixed,8,4,0.5,4.0,512,8192,256,1024,640,234.941,264.095,234.081,-0.0295
mixed,8,4,0.5,4.0,512,8192,512,2048,1280,285.376,316.991,256.576,-0.911
mixed,8,4,0.5,4.0,512,8192,1024,4096,2560,335.936,395.008,394.88,0.9978
mixed,8,4,0.5,4.0,512,8192,2048,8192,5120,433.824,400.67,395.389,
mixed,8,4,0.5,4.0,512,8192,4096,16384,10240,439.648,553.505,552.031,0.9871
mixed,8,4,0.5,4.0,1024,0,128,512,320,81.12,81.761,82.431,2.0452
mixed,8,4,0.5,4.0,1024,0,256,1024,640,86.56,100.607,98.815,0.8724
mixed,8,4,0.5,4.0,1024,0,512,2048,1280,108.735,136.0,136.097,1.0036
mixed,8,4,0.5,4.0,1024,0,1024,4096,2560,154.496,208.064,208.192,1.0024
mixed,8,4,0.5,4.0,1024,0,2048,8192,5120,244.767,352.864,352.96,1.0009
mixed,8,4,0.5,4.0,1024,0,4096,16384,10240,424.798,642.72,641.18,0.9929
mixed,8,4,0.5,4.0,1024,512,128,512,320,99.519,100.671,99.934,0.3602
mixed,8,4,0.5,4.0,1024,512,256,1024,640,104.929,118.432,117.791,0.9525
mixed,8,4,0.5,4.0,1024,512,512,2048,1280,127.391,153.568,154.241,1.0257
mixed,8,4,0.5,4.0,1024,512,1024,4096,2560,171.424,225.664,225.02,0.9881
mixed,8,4,0.5,4.0,1024,512,2048,8192,5120,261.696,370.368,369.504,0.992
mixed,8,4,0.5,4.0,1024,512,4096,16384,10240,442.623,659.36,660.798,1.0066
mixed,8,4,0.5,4.0,1024,1024,128,512,320,119.17,118.56,118.847,
mixed,8,4,0.5,4.0,1024,1024,256,1024,640,122.945,135.616,136.766,1.0908
mixed,8,4,0.5,4.0,1024,1024,512,2048,1280,145.984,172.607,171.806,0.9699
mixed,8,4,0.5,4.0,1024,1024,1024,4096,2560,190.337,245.374,244.382,0.982
mixed,8,4,0.5,4.0,1024,1024,2048,8192,5120,281.31,389.345,388.382,0.9911
mixed,8,4,0.5,4.0,1024,1024,4096,16384,10240,461.95,678.142,678.622,1.0022
mixed,8,4,0.5,4.0,1024,2048,128,512,320,154.625,154.657,154.08,-17.0313
mixed,8,4,0.5,4.0,1024,2048,256,1024,640,159.841,172.064,153.887,-0.4871
mixed,8,4,0.5,4.0,1024,2048,512,2048,1280,182.335,209.919,208.8,0.9594
mixed,8,4,0.5,4.0,1024,2048,1024,4096,2560,228.351,283.968,283.905,0.9989
mixed,8,4,0.5,4.0,1024,2048,2048,8192,5120,320.255,429.312,427.423,0.9827
mixed,8,4,0.5,4.0,1024,2048,4096,16384,10240,504.543,717.953,717.949,1.0
mixed,8,4,0.5,4.0,1024,4096,128,512,320,227.039,225.856,226.399,
mixed,8,4,0.5,4.0,1024,4096,256,1024,640,226.621,235.456,226.494,-0.0144
mixed,8,4,0.5,4.0,1024,4096,512,2048,1280,254.88,284.896,226.367,-0.9499
mixed,8,4,0.5,4.0,1024,4096,1024,4096,2560,304.096,360.064,358.784,0.9771
mixed,8,4,0.5,4.0,1024,4096,2048,8192,5120,398.016,505.152,502.815,0.9782
mixed,8,4,0.5,4.0,1024,4096,4096,16384,10240,577.311,795.456,792.414,0.9861
mixed,8,4,0.5,4.0,1024,8192,128,512,320,376.254,377.505,377.696,1.1527
mixed,8,4,0.5,4.0,1024,8192,256,1024,640,378.144,378.463,377.888,-0.8025
mixed,8,4,0.5,4.0,1024,8192,512,2048,1280,379.871,387.357,378.367,-0.2009
mixed,8,4,0.5,4.0,1024,8192,1024,4096,2560,452.928,506.912,397.311,-1.0302
mixed,8,4,0.5,4.0,1024,8192,2048,8192,5120,545.44,654.753,653.503,0.9886
mixed,8,4,0.5,4.0,1024,8192,4096,16384,10240,726.975,941.213,941.152,0.9997
mixed,8,4,0.5,4.0,2048,0,128,512,320,162.816,171.071,161.152,-0.2016
mixed,8,4,0.5,4.0,2048,0,256,1024,640,176.702,190.017,179.295,0.1947
mixed,8,4,0.5,4.0,2048,0,512,2048,1280,199.744,226.369,215.456,0.5901
mixed,8,4,0.5,4.0,2048,0,1024,4096,2560,244.032,298.976,289.12,0.8206
mixed,8,4,0.5,4.0,2048,0,2048,8192,5120,335.872,442.75,431.426,0.894
mixed,8,4,0.5,4.0,2048,0,4096,16384,10240,515.646,731.136,722.784,0.9612
mixed,8,4,0.5,4.0,2048,512,128,512,320,193.089,206.912,194.368,0.0925
mixed,8,4,0.5,4.0,2048,512,256,1024,640,211.585,224.514,197.566,-1.0843
mixed,8,4,0.5,4.0,2048,512,512,2048,1280,233.567,262.72,233.216,-0.012
mixed,8,4,0.5,4.0,2048,512,1024,4096,2560,281.342,335.776,308.256,0.4944
mixed,8,4,0.5,4.0,2048,512,2048,8192,5120,370.497,479.614,453.791,0.7633
mixed,8,4,0.5,4.0,2048,512,4096,16384,10240,551.199,768.672,741.952,0.8771
mixed,8,4,0.5,4.0,2048,1024,128,512,320,217.277,229.343,217.278,0.0001
mixed,8,4,0.5,4.0,2048,1024,256,1024,640,238.689,261.953,233.824,-0.2091
mixed,8,4,0.5,4.0,2048,1024,512,2048,1280,270.239,299.901,252.639,-0.5934
mixed,8,4,0.5,4.0,2048,1024,1024,4096,2560,318.463,374.047,327.871,0.1693
mixed,8,4,0.5,4.0,2048,1024,2048,8192,5120,409.825,519.006,472.032,0.5698
mixed,8,4,0.5,4.0,2048,1024,4096,16384,10240,589.888,808.031,761.695,0.7876
mixed,8,4,0.5,4.0,2048,2048,128,512,320,294.368,293.663,293.375,
mixed,8,4,0.5,4.0,2048,2048,256,1024,640,292.864,305.76,293.568,0.0546
mixed,8,4,0.5,4.0,2048,2048,512,2048,1280,324.128,375.359,318.399,-0.1118
mixed,8,4,0.5,4.0,2048,2048,1024,4096,2560,394.498,448.223,369.152,-0.4718
mixed,8,4,0.5,4.0,2048,2048,2048,8192,5120,483.773,591.423,514.301,0.2836
mixed,8,4,0.5,4.0,2048,2048,4096,16384,10240,666.08,883.197,802.912,0.6302
mixed,8,4,0.5,4.0,2048,4096,128,512,320,445.023,445.472,445.693,1.4922
mixed,8,4,0.5,4.0,2048,4096,256,1024,640,445.727,444.896,445.536,
mixed,8,4,0.5,4.0,2048,4096,512,2048,1280,445.278,459.487,445.184,-0.0066
mixed,8,4,0.5,4.0,2048,4096,1024,4096,2560,496.735,595.487,485.921,-0.1095
mixed,8,4,0.5,4.0,2048,4096,2048,8192,5120,632.19,740.318,591.616,-0.3752
mixed,8,4,0.5,4.0,2048,4096,4096,16384,10240,810.781,1028.254,881.885,0.327
mixed,8,4,0.5,4.0,2048,8192,128,512,320,732.705,731.743,733.215,
mixed,8,4,0.5,4.0,2048,8192,256,1024,640,732.062,731.135,731.39,
mixed,8,4,0.5,4.0,2048,8192,512,2048,1280,732.159,731.231,732.254,
mixed,8,4,0.5,4.0,2048,8192,1024,4096,2560,731.327,750.815,731.774,0.0229
mixed,8,4,0.5,4.0,2048,8192,2048,8192,5120,820.255,1023.644,806.88,-0.0658
mixed,8,4,0.5,4.0,2048,8192,4096,16384,10240,1095.838,1311.997,1026.654,-0.3201
pure,8,6,0.75,4.0,0,0,128,512,416,44.224,45.088,45.217,1.1493
pure,8,6,0.75,4.0,0,0,256,1024,832,48.065,50.017,48.256,0.0978
pure,8,6,0.75,4.0,0,0,512,2048,1664,52.642,55.071,52.801,0.0655
pure,8,6,0.75,4.0,0,0,1024,4096,3328,64.673,71.744,64.641,-0.0045
pure,8,6,0.75,4.0,0,0,2048,8192,6656,86.655,96.64,86.623,-0.0032
pure,8,6,0.75,4.0,0,0,4096,16384,13312,125.632,142.177,127.489,0.1122
mixed,8,6,0.75,4.0,16,0,128,512,416,53.281,53.054,52.609,
mixed,8,6,0.75,4.0,16,0,256,1024,832,52.864,54.559,55.071,1.3021
mixed,8,6,0.75,4.0,16,0,512,2048,1664,59.261,61.086,58.561,-0.3836
mixed,8,6,0.75,4.0,16,0,1024,4096,3328,68.575,74.305,69.534,0.1674
mixed,8,6,0.75,4.0,16,0,2048,8192,6656,92.863,100.512,92.609,-0.0332
mixed,8,6,0.75,4.0,16,0,4096,16384,13312,132.32,148.096,134.049,0.1096
mixed,8,6,0.75,4.0,16,512,128,512,416,58.273,58.656,59.328,2.7546
mixed,8,6,0.75,4.0,16,512,256,1024,832,60.928,61.983,62.912,1.8806
mixed,8,6,0.75,4.0,16,512,512,2048,1664,66.723,67.231,66.206,-1.0177
mixed,8,6,0.75,4.0,16,512,1024,4096,3328,69.056,74.592,70.015,0.1732
mixed,8,6,0.75,4.0,16,512,2048,8192,6656,92.894,100.61,93.438,0.0705
mixed,8,6,0.75,4.0,16,512,4096,16384,13312,130.015,147.102,132.545,0.1481
mixed,8,6,0.75,4.0,16,1024,128,512,416,62.4,61.982,61.376,
mixed,8,6,0.75,4.0,16,1024,256,1024,832,62.721,63.008,63.041,1.115
mixed,8,6,0.75,4.0,16,1024,512,2048,1664,67.041,67.776,66.975,-0.0898
mixed,8,6,0.75,4.0,16,1024,1024,4096,3328,69.313,75.072,70.207,0.1552
mixed,8,6,0.75,4.0,16,1024,2048,8192,6656,93.024,102.144,92.959,-0.0071
mixed,8,6,0.75,4.0,16,1024,4096,16384,13312,130.046,147.616,131.842,0.1022
mixed,8,6,0.75,4.0,16,2048,128,512,416,63.554,64.414,63.711,0.1826
mixed,8,6,0.75,4.0,16,2048,256,1024,832,64.383,65.408,64.45,0.0654
mixed,8,6,0.75,4.0,16,2048,512,2048,1664,67.103,69.28,67.968,0.3973
mixed,8,6,0.75,4.0,16,2048,1024,4096,3328,73.024,79.04,75.234,0.3674
mixed,8,6,0.75,4.0,16,2048,2048,8192,6656,90.847,102.752,94.015,0.2661
mixed,8,6,0.75,4.0,16,2048,4096,16384,13312,134.784,150.879,133.503,-0.0796
mixed,8,6,0.75,4.0,16,4096,128,512,416,67.072,67.616,67.071,-0.0018
mixed,8,6,0.75,4.0,16,4096,256,1024,832,67.36,70.336,68.384,0.3441
mixed,8,6,0.75,4.0,16,4096,512,2048,1664,68.383,71.265,69.28,0.3112
mixed,8,6,0.75,4.0,16,4096,1024,4096,3328,79.648,81.472,78.72,-0.5088
mixed,8,6,0.75,4.0,16,4096,2048,8192,6656,93.791,104.414,94.881,0.1026
mixed,8,6,0.75,4.0,16,4096,4096,16384,13312,131.709,154.111,135.263,0.1586
mixed,8,6,0.75,4.0,16,8192,128,512,416,72.896,71.713,71.233,
mixed,8,6,0.75,4.0,16,8192,256,1024,832,71.648,72.448,73.633,2.4812
mixed,8,6,0.75,4.0,16,8192,512,2048,1664,73.822,75.678,74.336,0.2769
mixed,8,6,0.75,4.0,16,8192,1024,4096,3328,81.856,87.551,82.078,0.039
mixed,8,6,0.75,4.0,16,8192,2048,8192,6656,105.215,108.994,105.951,0.1948
mixed,8,6,0.75,4.0,16,8192,4096,16384,13312,134.337,153.696,136.064,0.0892
mixed,8,6,0.75,4.0,32,0,128,512,416,52.384,52.798,51.457,-2.2391
mixed,8,6,0.75,4.0,32,0,256,1024,832,54.209,55.744,55.264,0.6873
mixed,8,6,0.75,4.0,32,0,512,2048,1664,59.136,61.12,58.977,-0.0801
mixed,8,6,0.75,4.0,32,0,1024,4096,3328,68.125,74.752,69.376,0.1888
mixed,8,6,0.75,4.0,32,0,2048,8192,6656,93.024,101.983,91.649,-0.1535
mixed,8,6,0.75,4.0,32,0,4096,16384,13312,131.104,147.871,131.968,0.0515
mixed,8,6,0.75,4.0,32,512,128,512,416,59.331,63.841,60.222,0.1976
mixed,8,6,0.75,4.0,32,512,256,1024,832,62.081,63.745,62.878,0.479
mixed,8,6,0.75,4.0,32,512,512,2048,1664,63.296,68.448,63.936,0.1242
mixed,8,6,0.75,4.0,32,512,1024,4096,3328,68.897,75.584,70.625,0.2584
mixed,8,6,0.75,4.0,32,512,2048,8192,6656,93.154,101.984,93.568,0.0469
mixed,8,6,0.75,4.0,32,512,4096,16384,13312,132.417,148.672,131.266,-0.0708
mixed,8,6,0.75,4.0,32,1024,128,512,416,64.063,65.407,64.287,0.1667
mixed,8,6,0.75,4.0,32,1024,256,1024,832,63.873,65.503,64.576,0.4313
mixed,8,6,0.75,4.0,32,1024,512,2048,1664,68.126,69.792,69.344,0.7311
mixed,8,6,0.75,4.0,32,1024,1024,4096,3328,69.342,76.159,70.399,0.1551
mixed,8,6,0.75,4.0,32,1024,2048,8192,6656,92.48,103.328,95.328,0.2625
mixed,8,6,0.75,4.0,32,1024,4096,16384,13312,130.303,150.177,134.625,0.2175
mixed,8,6,0.75,4.0,32,2048,128,512,416,65.857,65.28,64.832,
mixed,8,6,0.75,4.0,32,2048,256,1024,832,67.009,70.178,67.072,0.0199
mixed,8,6,0.75,4.0,32,2048,512,2048,1664,69.185,71.904,70.239,0.3876
mixed,8,6,0.75,4.0,32,2048,1024,4096,3328,80.864,82.431,80.255,-0.3886
mixed,8,6,0.75,4.0,32,2048,2048,8192,6656,92.832,104.192,94.496,0.1465
mixed,8,6,0.75,4.0,32,2048,4096,16384,13312,130.816,148.382,132.575,0.1001
mixed,8,6,0.75,4.0,32,4096,128,512,416,72.128,69.983,72.322,
mixed,8,6,0.75,4.0,32,4096,256,1024,832,70.367,73.986,70.752,0.1064
mixed,8,6,0.75,4.0,32,4096,512,2048,1664,75.389,78.177,76.288,0.3225
mixed,8,6,0.75,4.0,32,4096,1024,4096,3328,80.992,84.384,80.639,-0.1041
mixed,8,6,0.75,4.0,32,4096,2048,8192,6656,100.002,105.792,104.352,0.7513
mixed,8,6,0.75,4.0,32,4096,4096,16384,13312,132.672,151.136,133.792,0.0607
mixed,8,6,0.75,4.0,32,8192,128,512,416,75.648,79.904,77.918,0.5334
mixed,8,6,0.75,4.0,32,8192,256,1024,832,79.711,79.201,78.24,
mixed,8,6,0.75,4.0,32,8192,512,2048,1664,83.616,85.119,84.064,0.2981
mixed,8,6,0.75,4.0,32,8192,1024,4096,3328,88.064,91.23,85.887,-0.6876
mixed,8,6,0.75,4.0,32,8192,2048,8192,6656,109.439,112.576,103.776,-1.8052
mixed,8,6,0.75,4.0,32,8192,4096,16384,13312,149.727,153.121,141.923,-2.2994
mixed,8,6,0.75,4.0,64,0,128,512,416,53.088,52.865,53.215,
mixed,8,6,0.75,4.0,64,0,256,1024,832,53.952,57.665,55.615,0.4479
mixed,8,6,0.75,4.0,64,0,512,2048,1664,61.856,61.024,60.255,
mixed,8,6,0.75,4.0,64,0,1024,4096,3328,69.024,74.975,70.304,0.2151
mixed,8,6,0.75,4.0,64,0,2048,8192,6656,94.785,114.847,94.688,-0.0048
mixed,8,6,0.75,4.0,64,0,4096,16384,13312,130.11,159.52,136.447,0.2155
mixed,8,6,0.75,4.0,64,512,128,512,416,64.829,66.24,65.854,0.7264
mixed,8,6,0.75,4.0,64,512,256,1024,832,62.625,64.896,63.071,0.1964
mixed,8,6,0.75,4.0,64,512,512,2048,1664,68.223,70.111,67.072,-0.6096
mixed,8,6,0.75,4.0,64,512,1024,4096,3328,71.455,75.424,82.848,2.8705
mixed,8,6,0.75,4.0,64,512,2048,8192,6656,94.495,118.752,93.759,-0.0303
mixed,8,6,0.75,4.0,64,512,4096,16384,13312,135.966,179.52,134.144,-0.0418
mixed,8,6,0.75,4.0,64,1024,128,512,416,65.888,63.776,62.274,
mixed,8,6,0.75,4.0,64,1024,256,1024,832,65.152,67.84,66.752,0.5952
mixed,8,6,0.75,4.0,64,1024,512,2048,1664,70.433,71.393,71.296,0.899
mixed,8,6,0.75,4.0,64,1024,1024,4096,3328,77.92,76.575,76.896,
mixed,8,6,0.75,4.0,64,1024,2048,8192,6656,94.816,103.84,99.936,0.5674
mixed,8,6,0.75,4.0,64,1024,4096,16384,13312,132.928,201.568,131.871,-0.0154
mixed,8,6,0.75,4.0,64,2048,128,512,416,72.673,68.642,70.176,
mixed,8,6,0.75,4.0,64,2048,256,1024,832,69.441,72.961,71.36,0.5452
mixed,8,6,0.75,4.0,64,2048,512,2048,1664,73.695,75.393,74.784,0.6413
mixed,8,6,0.75,4.0,64,2048,1024,4096,3328,76.704,82.239,79.553,0.5147
mixed,8,6,0.75,4.0,64,2048,2048,8192,6656,100.926,105.568,98.944,-0.427
mixed,8,6,0.75,4.0,64,2048,4096,16384,13312,134.4,152.704,168.159,1.8444
mixed,8,6,0.75,4.0,64,4096,128,512,416,75.873,79.039,78.047,0.6867
mixed,8,6,0.75,4.0,64,4096,256,1024,832,78.368,76.768,76.225,
mixed,8,6,0.75,4.0,64,4096,512,2048,1664,80.926,81.825,80.129,-0.8865
mixed,8,6,0.75,4.0,64,4096,1024,4096,3328,85.407,88.766,86.24,0.248
mixed,8,6,0.75,4.0,64,4096,2048,8192,6656,100.862,108.959,101.792,0.1149
mixed,8,6,0.75,4.0,64,4096,4096,16384,13312,147.49,156.703,138.943,-0.9277
mixed,8,6,0.75,4.0,64,8192,128,512,416,92.285,93.376,92.386,0.0926
mixed,8,6,0.75,4.0,64,8192,256,1024,832,90.014,88.959,90.56,
mixed,8,6,0.75,4.0,64,8192,512,2048,1664,97.923,93.247,94.176,
mixed,8,6,0.75,4.0,64,8192,1024,4096,3328,105.855,101.375,96.383,
mixed,8,6,0.75,4.0,64,8192,2048,8192,6656,110.047,121.249,112.447,0.2142
mixed,8,6,0.75,4.0,64,8192,4096,16384,13312,144.705,166.112,146.912,0.1031
mixed,8,6,0.75,4.0,128,0,128,512,416,55.488,58.753,56.448,0.294
mixed,8,6,0.75,4.0,128,0,256,1024,832,56.736,56.864,56.287,-3.5078
mixed,8,6,0.75,4.0,128,0,512,2048,1664,61.441,67.712,63.04,0.255
mixed,8,6,0.75,4.0,128,0,1024,4096,3328,70.721,77.854,73.791,0.4304
mixed,8,6,0.75,4.0,128,0,2048,8192,6656,96.544,117.216,97.537,0.048
mixed,8,6,0.75,4.0,128,0,4096,16384,13312,137.569,163.263,141.919,0.1693
mixed,8,6,0.75,4.0,128,512,128,512,416,74.496,71.585,72.258,
mixed,8,6,0.75,4.0,128,512,256,1024,832,72.832,74.656,73.855,0.5609
mixed,8,6,0.75,4.0,128,512,512,2048,1664,75.841,75.552,76.607,
mixed,8,6,0.75,4.0,128,512,1024,4096,3328,73.953,80.482,74.496,0.0832
mixed,8,6,0.75,4.0,128,512,2048,8192,6656,95.52,104.576,98.656,0.3463
mixed,8,6,0.75,4.0,128,512,4096,16384,13312,136.958,182.081,139.904,0.0653
mixed,8,6,0.75,4.0,128,1024,128,512,416,74.496,73.057,74.303,
mixed,8,6,0.75,4.0,128,1024,256,1024,832,76.577,78.913,76.448,-0.0552
mixed,8,6,0.75,4.0,128,1024,512,2048,1664,75.232,75.807,74.365,-1.5078
mixed,8,6,0.75,4.0,128,1024,1024,4096,3328,85.181,84.223,83.777,
mixed,8,6,0.75,4.0,128,1024,2048,8192,6656,97.534,103.936,100.065,0.3953
mixed,8,6,0.75,4.0,128,1024,4096,16384,13312,135.424,155.808,140.831,0.2653
mixed,8,6,0.75,4.0,128,2048,128,512,416,79.39,76.064,78.079,
mixed,8,6,0.75,4.0,128,2048,256,1024,832,83.744,80.768,79.937,
mixed,8,6,0.75,4.0,128,2048,512,2048,1664,87.646,86.176,86.4,
mixed,8,6,0.75,4.0,128,2048,1024,4096,3328,90.559,89.856,91.104,
mixed,8,6,0.75,4.0,128,2048,2048,8192,6656,102.112,112.704,104.832,0.2568
mixed,8,6,0.75,4.0,128,2048,4096,16384,13312,142.785,154.143,140.574,-0.1947
mixed,8,6,0.75,4.0,128,4096,128,512,416,92.767,94.241,93.374,0.4118
mixed,8,6,0.75,4.0,128,4096,256,1024,832,93.345,93.76,93.249,-0.2313
mixed,8,6,0.75,4.0,128,4096,512,2048,1664,97.6,95.456,96.416,
mixed,8,6,0.75,4.0,128,4096,1024,4096,3328,126.335,105.695,124.8,
mixed,8,6,0.75,4.0,128,4096,2048,8192,6656,116.64,119.519,115.231,-0.4894
mixed,8,6,0.75,4.0,128,4096,4096,16384,13312,146.369,164.447,150.018,0.2018
mixed,8,6,0.75,4.0,128,8192,128,512,416,116.67,116.767,116.481,-1.9485
mixed,8,6,0.75,4.0,128,8192,256,1024,832,116.735,116.864,117.153,3.2403
mixed,8,6,0.75,4.0,128,8192,512,2048,1664,117.854,117.601,117.536,
mixed,8,6,0.75,4.0,128,8192,1024,4096,3328,127.552,127.742,126.464,-5.7263
mixed,8,6,0.75,4.0,128,8192,2048,8192,6656,183.552,142.24,191.967,
mixed,8,6,0.75,4.0,128,8192,4096,16384,13312,169.408,181.502,168.897,-0.0423
mixed,8,6,0.75,4.0,256,0,128,512,416,54.723,61.696,61.824,1.0184
mixed,8,6,0.75,4.0,256,0,256,1024,832,60.832,63.808,65.248,1.4839
mixed,8,6,0.75,4.0,256,0,512,2048,1664,69.632,74.657,72.096,0.4903
mixed,8,6,0.75,4.0,256,0,1024,4096,3328,82.976,91.807,92.671,1.0978
mixed,8,6,0.75,4.0,256,0,2048,8192,6656,118.752,133.151,132.448,0.9512
mixed,8,6,0.75,4.0,256,0,4096,16384,13312,180.768,209.886,208.448,0.9506
mixed,8,6,0.75,4.0,256,512,128,512,416,76.767,76.991,76.931,0.7321
mixed,8,6,0.75,4.0,256,512,256,1024,832,77.088,78.144,77.25,0.1534
mixed,8,6,0.75,4.0,256,512,512,2048,1664,74.464,78.879,78.626,0.9427
mixed,8,6,0.75,4.0,256,512,1024,4096,3328,83.169,92.607,92.896,1.0306
mixed,8,6,0.75,4.0,256,512,2048,8192,6656,119.071,132.639,132.733,1.0069
mixed,8,6,0.75,4.0,256,512,4096,16384,13312,181.28,210.944,208.992,0.9342
mixed,8,6,0.75,4.0,256,1024,128,512,416,82.464,81.919,80.062,
mixed,8,6,0.75,4.0,256,1024,256,1024,832,82.112,93.695,92.896,0.931
mixed,8,6,0.75,4.0,256,1024,512,2048,1664,86.848,87.52,87.327,0.7128
mixed,8,6,0.75,4.0,256,1024,1024,4096,3328,88.864,99.809,97.504,0.7894
mixed,8,6,0.75,4.0,256,1024,2048,8192,6656,117.952,132.575,132.063,0.965
mixed,8,6,0.75,4.0,256,1024,4096,16384,13312,181.248,210.817,207.872,0.9004
mixed,8,6,0.75,4.0,256,2048,128,512,416,93.28,94.4,94.558,1.1411
mixed,8,6,0.75,4.0,256,2048,256,1024,832,94.56,93.92,93.312,
mixed,8,6,0.75,4.0,256,2048,512,2048,1664,90.656,121.664,116.864,0.8452
mixed,8,6,0.75,4.0,256,2048,1024,4096,3328,107.392,106.111,106.144,
mixed,8,6,0.75,4.0,256,2048,2048,8192,6656,126.4,141.057,139.681,0.9061
mixed,8,6,0.75,4.0,256,2048,4096,16384,13312,182.976,210.496,207.711,0.8988
mixed,8,6,0.75,4.0,256,4096,128,512,416,118.272,123.647,121.312,0.5656
mixed,8,6,0.75,4.0,256,4096,256,1024,832,133.792,144.606,144.319,0.9735
mixed,8,6,0.75,4.0,256,4096,512,2048,1664,136.672,121.088,144.353,
mixed,8,6,0.75,4.0,256,4096,1024,4096,3328,154.175,172.414,161.183,0.3842
mixed,8,6,0.75,4.0,256,4096,2048,8192,6656,146.113,143.904,144.095,
mixed,8,6,0.75,4.0,256,4096,4096,16384,13312,190.368,221.023,217.312,0.8789
mixed,8,6,0.75,4.0,256,8192,128,512,416,155.615,160.256,148.895,-1.448
mixed,8,6,0.75,4.0,256,8192,256,1024,832,171.423,181.728,178.848,0.7205
mixed,8,6,0.75,4.0,256,8192,512,2048,1664,205.472,220.705,220.576,0.9915
mixed,8,6,0.75,4.0,256,8192,1024,4096,3328,170.975,171.264,170.56,-1.436
mixed,8,6,0.75,4.0,256,8192,2048,8192,6656,239.425,277.887,252.706,0.3453
mixed,8,6,0.75,4.0,256,8192,4096,16384,13312,310.816,222.175,333.599,
mixed,8,6,0.75,4.0,512,0,128,512,416,56.385,96.929,96.64,0.9929
mixed,8,6,0.75,4.0,512,0,256,1024,832,71.166,74.88,75.136,1.0689
mixed,8,6,0.75,4.0,512,0,512,2048,1664,85.087,94.464,93.697,0.9182
mixed,8,6,0.75,4.0,512,0,1024,4096,3328,118.529,132.64,133.696,1.0748
mixed,8,6,0.75,4.0,512,0,2048,8192,6656,181.887,210.528,209.823,0.9754
mixed,8,6,0.75,4.0,512,0,4096,16384,13312,306.528,364.032,364.065,1.0006
mixed,8,6,0.75,4.0,512,512,128,512,416,107.486,111.905,112.478,1.1297
mixed,8,6,0.75,4.0,512,512,256,1024,832,112.735,116.577,113.762,0.2673
mixed,8,6,0.75,4.0,512,512,512,2048,1664,126.112,135.52,133.502,0.7855
mixed,8,6,0.75,4.0,512,512,1024,4096,3328,117.982,132.417,132.352,0.9955
mixed,8,6,0.75,4.0,512,512,2048,8192,6656,182.208,211.68,209.95,0.9413
mixed,8,6,0.75,4.0,512,512,4096,16384,13312,305.822,363.678,365.087,1.0244
mixed,8,6,0.75,4.0,512,1024,128,512,416,115.776,121.248,122.08,1.152
mixed,8,6,0.75,4.0,512,1024,256,1024,832,131.039,126.304,122.462,
mixed,8,6,0.75,4.0,512,1024,512,2048,1664,137.089,146.016,144.16,0.7921
mixed,8,6,0.75,4.0,512,1024,1024,4096,3328,169.696,184.511,183.135,0.9071
mixed,8,6,0.75,4.0,512,1024,2048,8192,6656,182.429,210.782,210.623,0.9944
mixed,8,6,0.75,4.0,512,1024,4096,16384,13312,307.232,364.128,364.031,0.9983
mixed,8,6,0.75,4.0,512,2048,128,512,416,136.258,140.321,138.752,0.6138
mixed,8,6,0.75,4.0,512,2048,256,1024,832,149.826,161.248,159.615,0.857
mixed,8,6,0.75,4.0,512,2048,512,2048,1664,154.432,163.936,162.624,0.862
mixed,8,6,0.75,4.0,512,2048,1024,4096,3328,188.254,204.289,202.112,0.8642
mixed,8,6,0.75,4.0,512,2048,2048,8192,6656,253.983,211.516,281.92,
mixed,8,6,0.75,4.0,512,2048,4096,16384,13312,307.231,367.456,368.35,1.0148
mixed,8,6,0.75,4.0,512,4096,128,512,416,170.943,178.784,163.585,-0.9384
mixed,8,6,0.75,4.0,512,4096,256,1024,832,188.512,199.009,197.633,0.8689
mixed,8,6,0.75,4.0,512,4096,512,2048,1664,222.304,237.631,237.725,1.0061
mixed,8,6,0.75,4.0,512,4096,1024,4096,3328,228.767,243.68,240.544,0.7897
mixed,8,6,0.75,4.0,512,4096,2048,8192,6656,294.846,320.96,321.534,1.022
mixed,8,6,0.75,4.0,512,4096,4096,16384,13312,417.727,369.087,473.825,
mixed,8,6,0.75,4.0,512,8192,128,512,416,234.464,235.84,234.816,0.2558
mixed,8,6,0.75,4.0,512,8192,256,1024,832,235.133,265.151,236.16,0.0342
mixed,8,6,0.75,4.0,512,8192,512,2048,1664,298.56,315.775,316.193,1.0243
mixed,8,6,0.75,4.0,512,8192,1024,4096,3328,364.032,396.35,394.016,0.9278
mixed,8,6,0.75,4.0,512,8192,2048,8192,6656,371.711,400.513,398.462,0.9288
mixed,8,6,0.75,4.0,512,8192,4096,16384,13312,497.472,554.655,551.582,0.9463
mixed,8,6,0.75,4.0,1024,0,128,512,416,80.576,82.112,81.312,0.4792
mixed,8,6,0.75,4.0,1024,0,256,1024,832,91.008,99.55,100.19,1.0749
mixed,8,6,0.75,4.0,1024,0,512,2048,1664,123.071,136.096,136.128,1.0025
mixed,8,6,0.75,4.0,1024,0,1024,4096,3328,182.016,208.864,206.688,0.919
mixed,8,6,0.75,4.0,1024,0,2048,8192,6656,299.294,353.857,352.864,0.9818
mixed,8,6,0.75,4.0,1024,0,4096,16384,13312,533.889,642.592,641.31,0.9882
mixed,8,6,0.75,4.0,1024,512,128,512,416,98.753,100.288,99.809,0.6879
mixed,8,6,0.75,4.0,1024,512,256,1024,832,109.247,117.566,117.663,1.0117
mixed,8,6,0.75,4.0,1024,512,512,2048,1664,141.312,153.79,153.376,0.9668
mixed,8,6,0.75,4.0,1024,512,1024,4096,3328,199.808,225.566,225.921,1.0138
mixed,8,6,0.75,4.0,1024,512,2048,8192,6656,316.897,370.336,370.655,1.006
mixed,8,6,0.75,4.0,1024,512,4096,16384,13312,550.942,659.808,659.26,0.995
mixed,8,6,0.75,4.0,1024,1024,128,512,416,117.663,118.657,118.367,0.7082
mixed,8,6,0.75,4.0,1024,1024,256,1024,832,128.32,137.377,136.863,0.9432
mixed,8,6,0.75,4.0,1024,1024,512,2048,1664,159.104,171.903,172.768,1.0676
mixed,8,6,0.75,4.0,1024,1024,1024,4096,3328,217.152,244.607,244.831,1.0082
mixed,8,6,0.75,4.0,1024,1024,2048,8192,6656,335.905,390.112,389.215,0.9835
mixed,8,6,0.75,4.0,1024,1024,4096,16384,13312,570.589,678.271,678.464,1.0018
mixed,8,6,0.75,4.0,1024,2048,128,512,416,154.719,155.104,154.976,0.6675
mixed,8,6,0.75,4.0,1024,2048,256,1024,832,163.455,172.064,171.808,0.9703
mixed,8,6,0.75,4.0,1024,2048,512,2048,1664,196.671,210.048,209.536,0.9617
mixed,8,6,0.75,4.0,1024,2048,1024,4096,3328,257.441,284.0,282.849,0.9567
mixed,8,6,0.75,4.0,1024,2048,2048,8192,6656,374.496,427.838,428.798,1.018
mixed,8,6,0.75,4.0,1024,2048,4096,16384,13312,609.151,719.874,717.216,0.976
mixed,8,6,0.75,4.0,1024,4096,128,512,416,225.216,226.273,227.071,1.755
mixed,8,6,0.75,4.0,1024,4096,256,1024,832,226.464,236.545,226.048,-0.0413
mixed,8,6,0.75,4.0,1024,4096,512,2048,1664,269.216,284.799,284.799,1.0
mixed,8,6,0.75,4.0,1024,4096,1024,4096,3328,331.554,360.512,359.327,0.9591
mixed,8,6,0.75,4.0,1024,4096,2048,8192,6656,450.941,504.383,507.648,1.0611
mixed,8,6,0.75,4.0,1024,4096,4096,16384,13312,684.767,794.43,795.389,1.0087
mixed,8,6,0.75,4.0,1024,8192,128,512,416,377.567,377.408,377.249,
mixed,8,6,0.75,4.0,1024,8192,256,1024,832,376.99,377.407,377.021,0.0743
mixed,8,6,0.75,4.0,1024,8192,512,2048,1664,377.759,387.424,378.62,0.0891
mixed,8,6,0.75,4.0,1024,8192,1024,4096,3328,482.044,507.04,504.991,0.918
mixed,8,6,0.75,4.0,1024,8192,2048,8192,6656,597.278,653.374,651.84,0.9727
mixed,8,6,0.75,4.0,1024,8192,4096,16384,13312,834.304,943.199,941.79,0.9871
mixed,8,6,0.75,4.0,2048,0,128,512,416,167.042,172.0,171.871,0.974
mixed,8,6,0.75,4.0,2048,0,256,1024,832,181.057,189.376,189.536,1.0192
mixed,8,6,0.75,4.0,2048,0,512,2048,1664,212.605,226.433,226.816,1.0277
mixed,8,6,0.75,4.0,2048,0,1024,4096,3328,271.966,298.912,297.663,0.9536
mixed,8,6,0.75,4.0,2048,0,2048,8192,6656,389.376,443.101,443.872,1.0144
mixed,8,6,0.75,4.0,2048,0,4096,16384,13312,624.288,732.959,731.228,0.9841
mixed,8,6,0.75,4.0,2048,512,128,512,416,201.502,205.279,206.111,1.2203
mixed,8,6,0.75,4.0,2048,512,256,1024,832,216.097,224.959,223.553,0.8413
mixed,8,6,0.75,4.0,2048,512,512,2048,1664,247.295,262.144,261.186,0.9355
mixed,8,6,0.75,4.0,2048,512,1024,4096,3328,309.15,336.864,335.2,0.94
mixed,8,6,0.75,4.0,2048,512,2048,8192,6656,425.152,479.488,479.742,1.0047
mixed,8,6,0.75,4.0,2048,512,4096,16384,13312,662.238,767.936,768.767,1.0079
mixed,8,6,0.75,4.0,2048,1024,128,512,416,220.832,228.349,228.48,1.0174
mixed,8,6,0.75,4.0,2048,1024,256,1024,832,249.024,262.304,259.425,0.7832
mixed,8,6,0.75,4.0,2048,1024,512,2048,1664,286.048,299.872,298.719,0.9166
mixed,8,6,0.75,4.0,2048,1024,1024,4096,3328,346.175,372.031,372.958,1.0359
mixed,8,6,0.75,4.0,2048,1024,2048,8192,6656,463.2,518.4,516.605,0.9675
mixed,8,6,0.75,4.0,2048,1024,4096,16384,13312,698.624,806.817,804.096,0.9749
mixed,8,6,0.75,4.0,2048,2048,128,512,416,292.959,294.112,293.248,0.2507
mixed,8,6,0.75,4.0,2048,2048,256,1024,832,292.99,305.504,304.962,0.9567
mixed,8,6,0.75,4.0,2048,2048,512,2048,1664,353.632,377.598,374.337,0.8639
mixed,8,6,0.75,4.0,2048,2048,1024,4096,3328,421.726,449.087,446.849,0.9182
mixed,8,6,0.75,4.0,2048,2048,2048,8192,6656,537.854,594.08,591.774,0.959
mixed,8,6,0.75,4.0,2048,2048,4096,16384,13312,772.896,882.558,880.288,0.9793
mixed,8,6,0.75,4.0,2048,4096,128,512,416,444.19,445.695,445.279,0.7236
mixed,8,6,0.75,4.0,2048,4096,256,1024,832,446.047,445.663,446.592,
mixed,8,6,0.75,4.0,2048,4096,512,2048,1664,446.112,459.486,459.522,1.0027
mixed,8,6,0.75,4.0,2048,4096,1024,4096,3328,550.878,595.168,593.92,0.9718
mixed,8,6,0.75,4.0,2048,4096,2048,8192,6656,685.822,738.527,738.783,1.0049
mixed,8,6,0.75,4.0,2048,4096,4096,16384,13312,919.71,1027.228,1024.412,0.9738
mixed,8,6,0.75,4.0,2048,8192,128,512,416,732.734,732.64,732.958,
mixed,8,6,0.75,4.0,2048,8192,256,1024,832,736.768,732.639,731.807,
mixed,8,6,0.75,4.0,2048,8192,512,2048,1664,734.591,731.264,731.264,
mixed,8,6,0.75,4.0,2048,8192,1024,4096,3328,731.998,750.687,747.355,0.8217
mixed,8,6,0.75,4.0,2048,8192,2048,8192,6656,930.592,1021.885,1018.879,0.9671
mixed,8,6,0.75,4.0,2048,8192,4096,16384,13312,1203.775,1311.004,1306.845,0.9612
pure,8,7,0.875,4.0,0,0,128,512,464,43.744,45.789,45.023,0.6254
pure,8,7,0.875,4.0,0,0,256,1024,928,49.697,49.279,50.367,
pure,8,7,0.875,4.0,0,0,512,2048,1856,52.064,54.08,54.43,1.1736
pure,8,7,0.875,4.0,0,0,1024,4096,3712,66.88,70.272,69.44,0.7547
pure,8,7,0.875,4.0,0,0,2048,8192,7424,91.488,96.831,92.896,0.2635
pure,8,7,0.875,4.0,0,0,4096,16384,14848,130.688,141.279,135.041,0.411
mixed,8,7,0.875,4.0,16,0,128,512,464,53.663,52.062,52.96,
mixed,8,7,0.875,4.0,16,0,256,1024,928,55.487,55.043,55.007,
mixed,8,7,0.875,4.0,16,0,512,2048,1856,59.552,60.8,60.193,0.5136
mixed,8,7,0.875,4.0,16,0,1024,4096,3712,72.864,75.198,70.752,-0.9049
mixed,8,7,0.875,4.0,16,0,2048,8192,7424,94.272,101.921,99.2,0.6443
mixed,8,7,0.875,4.0,16,0,4096,16384,14848,138.752,149.312,137.697,-0.0999
mixed,8,7,0.875,4.0,16,512,128,512,464,58.528,58.624,58.208,-3.3333
mixed,8,7,0.875,4.0,16,512,256,1024,928,62.942,61.216,62.752,
mixed,8,7,0.875,4.0,16,512,512,2048,1856,67.264,67.2,66.399,
mixed,8,7,0.875,4.0,16,512,1024,4096,3712,73.535,75.488,72.192,-0.6877
mixed,8,7,0.875,4.0,16,512,2048,8192,7424,95.167,100.319,99.295,0.8012
mixed,8,7,0.875,4.0,16,512,4096,16384,14848,136.449,146.526,150.273,1.3718
mixed,8,7,0.875,4.0,16,1024,128,512,464,62.401,61.633,62.4,
mixed,8,7,0.875,4.0,16,1024,256,1024,928,63.712,62.497,62.72,
mixed,8,7,0.875,4.0,16,1024,512,2048,1856,68.288,67.775,67.394,
mixed,8,7,0.875,4.0,16,1024,1024,4096,3712,76.896,77.76,78.497,1.853
mixed,8,7,0.875,4.0,16,1024,2048,8192,7424,97.055,102.08,97.44,0.0766
mixed,8,7,0.875,4.0,16,1024,4096,16384,14848,137.279,146.784,168.256,3.259
mixed,8,7,0.875,4.0,16,2048,128,512,464,62.177,62.752,64.095,3.3357
mixed,8,7,0.875,4.0,16,2048,256,1024,928,65.536,64.608,64.77,
mixed,8,7,0.875,4.0,16,2048,512,2048,1856,69.025,67.039,68.545,
mixed,8,7,0.875,4.0,16,2048,1024,4096,3712,78.849,79.937,78.208,-0.5892
mixed,8,7,0.875,4.0,16,2048,2048,8192,7424,102.4,101.025,101.983,
mixed,8,7,0.875,4.0,16,2048,4096,16384,14848,140.672,146.975,167.264,4.2189
mixed,8,7,0.875,4.0,16,4096,128,512,464,67.488,66.143,66.624,
mixed,8,7,0.875,4.0,16,4096,256,1024,928,69.184,69.409,69.248,0.2844
mixed,8,7,0.875,4.0,16,4096,512,2048,1856,71.488,70.688,70.271,
mixed,8,7,0.875,4.0,16,4096,1024,4096,3712,81.313,80.64,80.637,
mixed,8,7,0.875,4.0,16,4096,2048,8192,7424,104.288,105.025,103.489,-1.0841
mixed,8,7,0.875,4.0,16,4096,4096,16384,14848,149.76,150.208,144.608,-11.5
mixed,8,7,0.875,4.0,16,8192,128,512,464,72.765,71.362,70.944,
mixed,8,7,0.875,4.0,16,8192,256,1024,928,71.711,72.767,73.151,1.3636
mixed,8,7,0.875,4.0,16,8192,512,2048,1856,75.197,77.215,77.856,1.3176
mixed,8,7,0.875,4.0,16,8192,1024,4096,3712,86.462,88.48,86.207,-0.1264
mixed,8,7,0.875,4.0,16,8192,2048,8192,7424,104.127,108.768,107.264,0.6759
mixed,8,7,0.875,4.0,16,8192,4096,16384,14848,150.301,156.544,149.216,-0.1738
mixed,8,7,0.875,4.0,32,0,128,512,464,52.098,51.456,52.16,
mixed,8,7,0.875,4.0,32,0,256,1024,928,56.065,55.904,55.202,
mixed,8,7,0.875,4.0,32,0,512,2048,1856,60.577,61.823,60.544,-0.0265
mixed,8,7,0.875,4.0,32,0,1024,4096,3712,72.992,74.178,71.616,-1.1602
mixed,8,7,0.875,4.0,32,0,2048,8192,7424,95.743,103.103,98.753,0.409
mixed,8,7,0.875,4.0,32,0,4096,16384,14848,138.783,150.625,138.689,-0.0079
mixed,8,7,0.875,4.0,32,512,128,512,464,59.873,63.935,60.479,0.1492
mixed,8,7,0.875,4.0,32,512,256,1024,928,61.343,62.784,63.455,1.4656
mixed,8,7,0.875,4.0,32,512,512,2048,1856,65.182,68.991,65.247,0.0171
mixed,8,7,0.875,4.0,32,512,1024,4096,3712,75.168,75.842,72.576,-3.8457
mixed,8,7,0.875,4.0,32,512,2048,8192,7424,97.921,99.775,97.63,-0.157
mixed,8,7,0.875,4.0,32,512,4096,16384,14848,137.793,150.015,154.881,1.3981
mixed,8,7,0.875,4.0,32,1024,128,512,464,64.384,64.129,65.152,
mixed,8,7,0.875,4.0,32,1024,256,1024,928,62.559,64.77,63.713,0.5219
mixed,8,7,0.875,4.0,32,1024,512,2048,1856,70.912,70.301,70.624,
mixed,8,7,0.875,4.0,32,1024,1024,4096,3712,77.406,75.776,77.6,
mixed,8,7,0.875,4.0,32,1024,2048,8192,7424,97.217,100.672,98.079,0.2495
mixed,8,7,0.875,4.0,32,1024,4096,16384,14848,138.944,148.831,166.399,2.7769
mixed,8,7,0.875,4.0,32,2048,128,512,464,66.848,64.64,64.289,
mixed,8,7,0.875,4.0,32,2048,256,1024,928,70.177,68.641,68.383,
mixed,8,7,0.875,4.0,32,2048,512,2048,1856,73.12,71.68,72.128,
mixed,8,7,0.875,4.0,32,2048,1024,4096,3712,79.968,81.153,80.448,0.4051
mixed,8,7,0.875,4.0,32,2048,2048,8192,7424,100.671,103.04,102.688,0.8514
mixed,8,7,0.875,4.0,32,2048,4096,16384,14848,147.807,149.281,140.576,-4.9057
mixed,8,7,0.875,4.0,32,4096,128,512,464,73.41,72.481,71.296,
mixed,8,7,0.875,4.0,32,4096,256,1024,928,71.298,74.242,73.535,0.7599
mixed,8,7,0.875,4.0,32,4096,512,2048,1856,76.703,77.346,76.033,-1.042
mixed,8,7,0.875,4.0,32,4096,1024,4096,3712,84.928,84.929,83.873,-1055.0
mixed,8,7,0.875,4.0,32,4096,2048,8192,7424,103.231,103.616,108.001,12.3896
mixed,8,7,0.875,4.0,32,4096,4096,16384,14848,151.328,152.128,143.008,-10.4
mixed,8,7,0.875,4.0,32,8192,128,512,464,76.574,80.096,79.968,0.9637
mixed,8,7,0.875,4.0,32,8192,256,1024,928,80.895,78.272,78.08,
mixed,8,7,0.875,4.0,32,8192,512,2048,1856,84.674,82.623,83.807,
mixed,8,7,0.875,4.0,32,8192,1024,4096,3712,93.023,91.391,90.624,
mixed,8,7,0.875,4.0,32,8192,2048,8192,7424,113.727,114.593,112.671,-1.2194
mixed,8,7,0.875,4.0,32,8192,4096,16384,14848,149.121,154.111,147.456,-0.3337
mixed,8,7,0.875,4.0,64,0,128,512,464,52.962,53.247,52.8,-0.5684
mixed,8,7,0.875,4.0,64,0,256,1024,928,56.897,57.248,56.352,-1.5527
mixed,8,7,0.875,4.0,64,0,512,2048,1856,60.83,61.054,61.504,3.0089
mixed,8,7,0.875,4.0,64,0,1024,4096,3712,73.536,75.934,73.696,0.0667
mixed,8,7,0.875,4.0,64,0,2048,8192,7424,109.024,113.824,110.269,0.2594
mixed,8,7,0.875,4.0,64,0,4096,16384,14848,149.664,161.44,150.431,0.0651
mixed,8,7,0.875,4.0,64,512,128,512,464,65.666,68.384,68.512,1.0471
mixed,8,7,0.875,4.0,64,512,256,1024,928,64.831,63.906,63.521,
mixed,8,7,0.875,4.0,64,512,512,2048,1856,69.921,70.239,69.088,-2.6195
mixed,8,7,0.875,4.0,64,512,1024,4096,3712,75.585,75.488,73.311,
mixed,8,7,0.875,4.0,64,512,2048,8192,7424,98.625,117.857,100.289,0.0865
mixed,8,7,0.875,4.0,64,512,4096,16384,14848,173.506,181.728,167.741,-0.7012
mixed,8,7,0.875,4.0,64,1024,128,512,464,65.633,63.778,63.52,
mixed,8,7,0.875,4.0,64,1024,256,1024,928,68.992,68.542,65.857,
mixed,8,7,0.875,4.0,64,1024,512,2048,1856,73.473,72.322,71.553,
mixed,8,7,0.875,4.0,64,1024,1024,4096,3712,77.791,76.64,76.32,
mixed,8,7,0.875,4.0,64,1024,2048,8192,7424,99.328,105.28,98.078,-0.21
mixed,8,7,0.875,4.0,64,1024,4096,16384,14848,146.91,201.471,142.016,-0.0897
mixed,8,7,0.875,4.0,64,2048,128,512,464,73.15,72.0,71.935,
mixed,8,7,0.875,4.0,64,2048,256,1024,928,70.176,73.089,72.257,0.7144
mixed,8,7,0.875,4.0,64,2048,512,2048,1856,74.528,75.936,75.488,0.6818
mixed,8,7,0.875,4.0,64,2048,1024,4096,3712,83.104,83.584,81.217,-3.9312
mixed,8,7,0.875,4.0,64,2048,2048,8192,7424,99.52,106.302,103.329,0.5616
mixed,8,7,0.875,4.0,64,2048,4096,16384,14848,148.832,152.32,143.453,-1.5421
mixed,8,7,0.875,4.0,64,4096,128,512,464,75.615,79.039,80.289,1.3651
mixed,8,7,0.875,4.0,64,4096,256,1024,928,80.065,76.448,77.728,
mixed,8,7,0.875,4.0,64,4096,512,2048,1856,82.656,82.047,82.208,
mixed,8,7,0.875,4.0,64,4096,1024,4096,3712,88.897,87.52,86.208,
mixed,8,7,0.875,4.0,64,4096,2048,8192,7424,113.536,111.65,111.422,
mixed,8,7,0.875,4.0,64,4096,4096,16384,14848,148.544,154.015,146.047,-0.4564
mixed,8,7,0.875,4.0,64,8192,128,512,464,92.513,94.082,92.831,0.2027
mixed,8,7,0.875,4.0,64,8192,256,1024,928,89.246,89.183,89.088,
mixed,8,7,0.875,4.0,64,8192,512,2048,1856,92.479,93.153,93.121,0.9525
mixed,8,7,0.875,4.0,64,8192,1024,4096,3712,99.296,102.943,102.336,0.8336
mixed,8,7,0.875,4.0,64,8192,2048,8192,7424,121.92,128.384,121.216,-0.1089
mixed,8,7,0.875,4.0,64,8192,4096,16384,14848,154.335,164.479,221.438,6.615
mixed,8,7,0.875,4.0,128,0,128,512,464,54.241,58.336,57.504,0.7968
mixed,8,7,0.875,4.0,128,0,256,1024,928,56.768,56.929,57.472,4.3727
mixed,8,7,0.875,4.0,128,0,512,2048,1856,67.134,67.202,61.888,-77.1471
mixed,8,7,0.875,4.0,128,0,1024,4096,3712,74.785,77.152,76.031,0.5264
mixed,8,7,0.875,4.0,128,0,2048,8192,7424,111.296,117.534,100.192,-1.7801
mixed,8,7,0.875,4.0,128,0,4096,16384,14848,153.024,161.534,148.032,-0.5866
mixed,8,7,0.875,4.0,128,512,128,512,464,74.4,72.447,73.055,
mixed,8,7,0.875,4.0,128,512,256,1024,928,74.336,71.136,73.729,
mixed,8,7,0.875,4.0,128,512,512,2048,1856,76.547,75.904,77.183,
mixed,8,7,0.875,4.0,128,512,1024,4096,3712,77.856,79.776,76.448,-0.7333
mixed,8,7,0.875,4.0,128,512,2048,8192,7424,101.471,106.08,100.128,-0.2914
mixed,8,7,0.875,4.0,128,512,4096,16384,14848,151.777,180.353,147.297,-0.1568
mixed,8,7,0.875,4.0,128,1024,128,512,464,75.456,73.983,73.728,
mixed,8,7,0.875,4.0,128,1024,256,1024,928,76.64,78.912,77.247,0.2672
mixed,8,7,0.875,4.0,128,1024,512,2048,1856,75.007,74.815,74.686,
mixed,8,7,0.875,4.0,128,1024,1024,4096,3712,83.554,82.114,81.696,
mixed,8,7,0.875,4.0,128,1024,2048,8192,7424,103.103,106.144,102.335,-0.2525
mixed,8,7,0.875,4.0,128,1024,4096,16384,14848,149.056,154.88,145.728,-0.5714
mixed,8,7,0.875,4.0,128,2048,128,512,464,79.616,78.079,76.863,
mixed,8,7,0.875,4.0,128,2048,256,1024,928,82.621,81.47,81.407,
mixed,8,7,0.875,4.0,128,2048,512,2048,1856,88.191,86.337,86.049,
mixed,8,7,0.875,4.0,128,2048,1024,4096,3712,93.248,89.378,87.711,
mixed,8,7,0.875,4.0,128,2048,2048,8192,7424,105.281,109.824,109.534,0.9362
mixed,8,7,0.875,4.0,128,2048,4096,16384,14848,149.408,154.784,147.521,-0.351
mixed,8,7,0.875,4.0,128,4096,128,512,464,93.023,93.247,95.072,9.1473
mixed,8,7,0.875,4.0,128,4096,256,1024,928,93.888,94.144,94.432,2.125
mixed,8,7,0.875,4.0,128,4096,512,2048,1856,95.903,96.064,95.809,-0.5839
mixed,8,7,0.875,4.0,128,4096,1024,4096,3712,105.694,103.744,106.113,
mixed,8,7,0.875,4.0,128,4096,2048,8192,7424,116.608,119.424,118.72,0.75
mixed,8,7,0.875,4.0,128,4096,4096,16384,14848,155.392,164.545,221.57,7.2302
mixed,8,7,0.875,4.0,128,8192,128,512,464,116.64,116.353,117.215,
mixed,8,7,0.875,4.0,128,8192,256,1024,928,117.248,117.343,116.831,-4.3895
mixed,8,7,0.875,4.0,128,8192,512,2048,1856,118.4,117.89,119.008,
mixed,8,7,0.875,4.0,128,8192,1024,4096,3712,127.072,128.0,127.585,0.5528
mixed,8,7,0.875,4.0,128,8192,2048,8192,7424,146.879,144.8,143.998,
mixed,8,7,0.875,4.0,128,8192,4096,16384,14848,171.518,182.174,237.76,6.2164
mixed,8,7,0.875,4.0,256,0,128,512,464,54.912,62.688,60.863,0.7653
mixed,8,7,0.875,4.0,256,0,256,1024,928,62.72,63.934,65.216,2.056
mixed,8,7,0.875,4.0,256,0,512,2048,1856,69.151,74.367,75.713,1.2581
mixed,8,7,0.875,4.0,256,0,1024,4096,3712,87.297,93.281,93.44,1.0266
mixed,8,7,0.875,4.0,256,0,2048,8192,7424,123.136,134.337,133.761,0.9486
mixed,8,7,0.875,4.0,256,0,4096,16384,14848,196.607,211.102,209.632,0.8986
mixed,8,7,0.875,4.0,256,512,128,512,464,77.377,76.736,77.407,
mixed,8,7,0.875,4.0,256,512,256,1024,928,76.864,77.631,77.472,0.7927
mixed,8,7,0.875,4.0,256,512,512,2048,1856,73.536,79.36,78.88,0.9176
mixed,8,7,0.875,4.0,256,512,1024,4096,3712,88.254,92.896,92.735,0.9653
mixed,8,7,0.875,4.0,256,512,2048,8192,7424,125.47,132.417,132.223,0.9721
mixed,8,7,0.875,4.0,256,512,4096,16384,14848,197.152,209.951,207.808,0.8326
mixed,8,7,0.875,4.0,256,1024,128,512,464,82.43,81.312,81.217,
mixed,8,7,0.875,4.0,256,1024,256,1024,928,81.408,94.754,94.496,0.9807
mixed,8,7,0.875,4.0,256,1024,512,2048,1856,88.287,87.136,86.721,
mixed,8,7,0.875,4.0,256,1024,1024,4096,3712,95.713,100.064,98.913,0.7355
mixed,8,7,0.875,4.0,256,1024,2048,8192,7424,124.926,133.886,134.912,1.1145
mixed,8,7,0.875,4.0,256,1024,4096,16384,14848,197.023,210.785,207.328,0.7488
mixed,8,7,0.875,4.0,256,2048,128,512,464,94.112,94.016,93.729,
mixed,8,7,0.875,4.0,256,2048,256,1024,928,94.08,93.344,93.312,
mixed,8,7,0.875,4.0,256,2048,512,2048,1856,116.736,122.112,120.64,0.7262
mixed,8,7,0.875,4.0,256,2048,1024,4096,3712,106.432,107.009,106.209,-0.3865
mixed,8,7,0.875,4.0,256,2048,2048,8192,7424,131.743,140.448,140.35,0.9887
mixed,8,7,0.875,4.0,256,2048,4096,16384,14848,195.006,208.801,209.696,1.0649
mixed,8,7,0.875,4.0,256,4096,128,512,464,118.464,123.999,122.399,0.7109
mixed,8,7,0.875,4.0,256,4096,256,1024,928,139.008,143.328,144.096,1.1778
mixed,8,7,0.875,4.0,256,4096,512,2048,1856,120.801,121.343,121.183,0.7048
mixed,8,7,0.875,4.0,256,4096,1024,4096,3712,165.472,172.479,171.454,0.8537
mixed,8,7,0.875,4.0,256,4096,2048,8192,7424,147.072,145.248,145.504,
mixed,8,7,0.875,4.0,256,4096,4096,16384,14848,205.822,220.352,219.423,0.9361
mixed,8,7,0.875,4.0,256,8192,128,512,464,155.264,160.96,160.287,0.8818
mixed,8,7,0.875,4.0,256,8192,256,1024,928,176.191,181.631,180.607,0.8118
mixed,8,7,0.875,4.0,256,8192,512,2048,1856,211.456,221.151,221.279,1.0132
mixed,8,7,0.875,4.0,256,8192,1024,4096,3712,170.784,170.912,170.56,-1.75
mixed,8,7,0.875,4.0,256,8192,2048,8192,7424,258.689,276.416,276.926,1.0288
mixed,8,7,0.875,4.0,256,8192,4096,16384,14848,222.43,221.885,220.897,
mixed,8,7,0.875,4.0,512,0,128,512,464,56.702,96.158,97.568,1.0357
mixed,8,7,0.875,4.0,512,0,256,1024,928,71.457,75.137,74.272,0.7649
mixed,8,7,0.875,4.0,512,0,512,2048,1856,89.28,94.367,94.337,0.9941
mixed,8,7,0.875,4.0,512,0,1024,4096,3712,123.808,133.056,132.543,0.9445
mixed,8,7,0.875,4.0,512,0,2048,8192,7424,195.68,210.238,210.911,1.0462
mixed,8,7,0.875,4.0,512,0,4096,16384,14848,334.816,363.519,363.648,1.0045
mixed,8,7,0.875,4.0,512,512,128,512,464,107.904,112.318,112.352,1.0077
mixed,8,7,0.875,4.0,512,512,256,1024,928,111.008,115.489,115.07,0.9065
mixed,8,7,0.875,4.0,512,512,512,2048,1856,130.528,134.784,134.945,1.0378
mixed,8,7,0.875,4.0,512,512,1024,4096,3712,124.255,133.567,132.159,0.8488
mixed,8,7,0.875,4.0,512,512,2048,8192,7424,195.903,210.656,210.785,1.0087
mixed,8,7,0.875,4.0,512,512,4096,16384,14848,334.399,363.199,362.24,0.9667
mixed,8,7,0.875,4.0,512,1024,128,512,464,115.871,120.992,121.409,1.0814
mixed,8,7,0.875,4.0,512,1024,256,1024,928,136.224,125.571,125.441,
mixed,8,7,0.875,4.0,512,1024,512,2048,1856,140.416,145.73,144.8,0.825
mixed,8,7,0.875,4.0,512,1024,1024,4096,3712,175.136,185.122,183.328,0.8203
mixed,8,7,0.875,4.0,512,1024,2048,8192,7424,196.831,212.224,210.975,0.9189
mixed,8,7,0.875,4.0,512,1024,4096,16384,14848,336.447,364.638,364.863,1.008
mixed,8,7,0.875,4.0,512,2048,128,512,464,135.968,140.384,140.575,1.0433
mixed,8,7,0.875,4.0,512,2048,256,1024,928,154.72,160.672,160.096,0.9032
mixed,8,7,0.875,4.0,512,2048,512,2048,1856,158.912,163.966,164.672,1.1397
mixed,8,7,0.875,4.0,512,2048,1024,4096,3712,194.368,204.096,202.304,0.8158
mixed,8,7,0.875,4.0,512,2048,2048,8192,7424,269.856,211.68,281.663,
mixed,8,7,0.875,4.0,512,2048,4096,16384,14848,338.048,367.233,363.998,0.8892
mixed,8,7,0.875,4.0,512,4096,128,512,464,170.08,179.039,178.464,0.9358
mixed,8,7,0.875,4.0,512,4096,256,1024,928,193.6,198.816,198.431,0.9262
mixed,8,7,0.875,4.0,512,4096,512,2048,1856,228.031,238.527,236.992,0.8538
mixed,8,7,0.875,4.0,512,4096,1024,4096,3712,233.855,242.592,241.409,0.8646
mixed,8,7,0.875,4.0,512,4096,2048,8192,7424,308.127,320.798,321.631,1.0657
mixed,8,7,0.875,4.0,512,4096,4096,16384,14848,447.489,369.343,474.754,
mixed,8,7,0.875,4.0,512,8192,128,512,464,234.912,234.496,234.528,
mixed,8,7,0.875,4.0,512,8192,256,1024,928,245.6,265.791,264.608,0.9414
mixed,8,7,0.875,4.0,512,8192,512,2048,1856,306.366,315.838,315.167,0.9292
mixed,8,7,0.875,4.0,512,8192,1024,4096,3712,381.055,396.19,396.256,1.0044
mixed,8,7,0.875,4.0,512,8192,2048,8192,7424,386.429,401.471,401.151,0.9787
mixed,8,7,0.875,4.0,512,8192,4096,16384,14848,526.976,556.416,553.632,0.9054
mixed,8,7,0.875,4.0,1024,0,128,512,464,80.992,82.048,81.886,0.8466
mixed,8,7,0.875,4.0,1024,0,256,1024,928,95.361,101.408,99.936,0.7566
mixed,8,7,0.875,4.0,1024,0,512,2048,1856,127.457,135.903,136.929,1.1215
mixed,8,7,0.875,4.0,1024,0,1024,4096,3712,195.039,209.376,208.544,0.942
mixed,8,7,0.875,4.0,1024,0,2048,8192,7424,326.271,353.791,353.695,0.9965
mixed,8,7,0.875,4.0,1024,0,4096,16384,14848,587.904,641.373,642.689,1.0246
mixed,8,7,0.875,4.0,1024,512,128,512,464,100.256,100.831,100.26,0.007
mixed,8,7,0.875,4.0,1024,512,256,1024,928,114.144,117.824,117.022,0.7821
mixed,8,7,0.875,4.0,1024,512,512,2048,1856,145.853,154.176,153.855,0.9614
mixed,8,7,0.875,4.0,1024,512,1024,4096,3712,212.64,226.24,225.601,0.953
mixed,8,7,0.875,4.0,1024,512,2048,8192,7424,344.289,370.847,370.56,0.9892
mixed,8,7,0.875,4.0,1024,512,4096,16384,14848,606.175,660.19,659.743,0.9917
mixed,8,7,0.875,4.0,1024,1024,128,512,464,118.465,118.016,117.408,
mixed,8,7,0.875,4.0,1024,1024,256,1024,928,132.543,137.089,135.872,0.7323
mixed,8,7,0.875,4.0,1024,1024,512,2048,1856,163.871,172.64,172.415,0.9743
mixed,8,7,0.875,4.0,1024,1024,1024,4096,3712,231.711,245.949,245.279,0.9529
mixed,8,7,0.875,4.0,1024,1024,2048,8192,7424,363.263,389.888,389.184,0.9736
mixed,8,7,0.875,4.0,1024,1024,4096,16384,14848,627.583,679.007,678.432,0.9888
mixed,8,7,0.875,4.0,1024,2048,128,512,464,154.078,155.295,154.944,0.7116
mixed,8,7,0.875,4.0,1024,2048,256,1024,928,169.249,172.639,172.223,0.8773
mixed,8,7,0.875,4.0,1024,2048,512,2048,1856,199.778,209.824,209.151,0.933
mixed,8,7,0.875,4.0,1024,2048,1024,4096,3712,269.312,284.896,283.902,0.9362
mixed,8,7,0.875,4.0,1024,2048,2048,8192,7424,403.07,430.142,431.935,1.0662
mixed,8,7,0.875,4.0,1024,2048,4096,16384,14848,665.534,723.392,719.967,0.9408
mixed,8,7,0.875,4.0,1024,4096,128,512,464,226.272,226.624,226.433,0.4574
mixed,8,7,0.875,4.0,1024,4096,256,1024,928,226.975,234.624,234.015,0.9204
mixed,8,7,0.875,4.0,1024,4096,512,2048,1856,275.392,284.673,283.776,0.9034
mixed,8,7,0.875,4.0,1024,4096,1024,4096,3712,346.369,360.512,360.224,0.9796
mixed,8,7,0.875,4.0,1024,4096,2048,8192,7424,478.336,504.991,504.063,0.9652
mixed,8,7,0.875,4.0,1024,4096,4096,16384,14848,739.585,793.12,792.573,0.9898
mixed,8,7,0.875,4.0,1024,8192,128,512,464,377.824,377.568,378.112,
mixed,8,7,0.875,4.0,1024,8192,256,1024,928,378.143,378.399,378.305,0.6328
mixed,8,7,0.875,4.0,1024,8192,512,2048,1856,378.401,387.712,387.389,0.9653
mixed,8,7,0.875,4.0,1024,8192,1024,4096,3712,494.689,508.383,508.062,0.9766
mixed,8,7,0.875,4.0,1024,8192,2048,8192,7424,626.559,654.463,653.728,0.9737
mixed,8,7,0.875,4.0,1024,8192,4096,16384,14848,889.151,942.109,943.868,1.0332
mixed,8,7,0.875,4.0,2048,0,128,512,464,167.168,172.575,171.105,0.7281
mixed,8,7,0.875,4.0,2048,0,256,1024,928,185.92,189.472,189.919,1.1258
mixed,8,7,0.875,4.0,2048,0,512,2048,1856,217.6,226.75,226.912,1.0177
mixed,8,7,0.875,4.0,2048,0,1024,4096,3712,285.951,299.328,299.582,1.019
mixed,8,7,0.875,4.0,2048,0,2048,8192,7424,416.254,442.751,442.784,1.0012
mixed,8,7,0.875,4.0,2048,0,4096,16384,14848,678.88,733.824,734.433,1.0111
mixed,8,7,0.875,4.0,2048,512,128,512,464,202.751,206.879,206.592,0.9305
mixed,8,7,0.875,4.0,2048,512,256,1024,928,220.127,224.641,223.936,0.8438
mixed,8,7,0.875,4.0,2048,512,512,2048,1856,253.728,261.727,261.279,0.944
mixed,8,7,0.875,4.0,2048,512,1024,4096,3712,322.687,334.591,334.528,0.9947
mixed,8,7,0.875,4.0,2048,512,2048,8192,7424,453.409,480.928,480.096,0.9698
mixed,8,7,0.875,4.0,2048,512,4096,16384,14848,714.942,767.902,768.737,1.0158
mixed,8,7,0.875,4.0,2048,1024,128,512,464,221.119,228.862,228.703,0.9795
mixed,8,7,0.875,4.0,2048,1024,256,1024,928,258.017,261.952,261.023,0.7639
mixed,8,7,0.875,4.0,2048,1024,512,2048,1856,290.4,299.2,298.654,0.938
mixed,8,7,0.875,4.0,2048,1024,1024,4096,3712,357.952,374.686,373.153,0.9084
mixed,8,7,0.875,4.0,2048,1024,2048,8192,7424,491.167,516.672,516.735,1.0025
mixed,8,7,0.875,4.0,2048,1024,4096,16384,14848,751.806,805.341,807.55,1.0413
mixed,8,7,0.875,4.0,2048,2048,128,512,464,292.673,293.725,294.88,2.0979
mixed,8,7,0.875,4.0,2048,2048,256,1024,928,296.096,306.974,305.824,0.8943
mixed,8,7,0.875,4.0,2048,2048,512,2048,1856,364.895,375.773,375.041,0.9327
mixed,8,7,0.875,4.0,2048,2048,1024,4096,3712,434.975,448.256,449.151,1.0674
mixed,8,7,0.875,4.0,2048,2048,2048,8192,7424,566.273,594.08,593.31,0.9723
mixed,8,7,0.875,4.0,2048,2048,4096,16384,14848,828.03,881.854,880.832,0.981
mixed,8,7,0.875,4.0,2048,4096,128,512,464,445.023,445.534,445.088,0.1272
mixed,8,7,0.875,4.0,2048,4096,256,1024,928,444.416,446.176,446.303,1.0722
mixed,8,7,0.875,4.0,2048,4096,512,2048,1856,444.352,460.639,459.135,0.9077
mixed,8,7,0.875,4.0,2048,4096,1024,4096,3712,577.632,594.302,594.175,0.9924
mixed,8,7,0.875,4.0,2048,4096,2048,8192,7424,712.606,738.813,738.878,1.0025
mixed,8,7,0.875,4.0,2048,4096,4096,16384,14848,974.942,1029.118,1028.413,0.987
mixed,8,7,0.875,4.0,2048,8192,128,512,464,730.591,732.19,733.056,1.5416
mixed,8,7,0.875,4.0,2048,8192,256,1024,928,736.064,731.134,730.913,
mixed,8,7,0.875,4.0,2048,8192,512,2048,1856,733.12,733.055,732.864,
mixed,8,7,0.875,4.0,2048,8192,1024,4096,3712,732.544,750.241,748.383,0.895
mixed,8,7,0.875,4.0,2048,8192,2048,8192,7424,984.093,1021.63,1020.545,0.9711
mixed,8,7,0.875,4.0,2048,8192,4096,16384,14848,1256.958,1311.647,1309.501,0.9608
pure,16,1,0.0625,4.0,0,0,128,512,152,39.776,50.623,46.337,0.6049
pure,16,1,0.0625,4.0,0,0,256,1024,304,42.784,56.352,49.568,0.5
pure,16,1,0.0625,4.0,0,0,512,2048,608,51.584,70.432,53.312,0.0917
pure,16,1,0.0625,4.0,0,0,1024,4096,1216,58.656,97.248,60.575,0.0497
pure,16,1,0.0625,4.0,0,0,2048,8192,2432,78.272,144.064,79.424,0.0175
pure,16,1,0.0625,4.0,0,0,4096,16384,4864,105.504,237.311,112.544,0.0534
mixed,16,1,0.0625,4.0,16,0,128,512,152,45.438,55.522,52.384,0.6888
mixed,16,1,0.0625,4.0,16,0,256,1024,304,48.446,60.062,54.303,0.5042
mixed,16,1,0.0625,4.0,16,0,512,2048,608,56.352,75.648,57.279,0.048
mixed,16,1,0.0625,4.0,16,0,1024,4096,1216,60.736,102.145,63.104,0.0572
mixed,16,1,0.0625,4.0,16,0,2048,8192,2432,78.272,148.994,83.072,0.0679
mixed,16,1,0.0625,4.0,16,0,4096,16384,4864,108.991,240.317,117.056,0.0614
mixed,16,1,0.0625,4.0,16,512,128,512,152,57.088,58.432,55.934,-0.8586
mixed,16,1,0.0625,4.0,16,512,256,1024,304,58.815,66.207,56.481,-0.3157
mixed,16,1,0.0625,4.0,16,512,512,2048,608,59.68,75.809,61.727,0.1269
mixed,16,1,0.0625,4.0,16,512,1024,4096,1216,67.746,103.071,70.367,0.0742
mixed,16,1,0.0625,4.0,16,512,2048,8192,2432,79.326,149.697,84.992,0.0805
mixed,16,1,0.0625,4.0,16,512,4096,16384,4864,109.247,243.167,115.264,0.0449
mixed,16,1,0.0625,4.0,16,1024,128,512,152,58.145,59.84,58.495,0.2065
mixed,16,1,0.0625,4.0,16,1024,256,1024,304,60.481,67.009,58.305,-0.3333
mixed,16,1,0.0625,4.0,16,1024,512,2048,608,61.469,77.024,61.791,0.0207
mixed,16,1,0.0625,4.0,16,1024,1024,4096,1216,79.327,100.51,68.48,-0.5121
mixed,16,1,0.0625,4.0,16,1024,2048,8192,2432,79.777,147.648,84.865,0.075
mixed,16,1,0.0625,4.0,16,1024,4096,16384,4864,112.258,241.437,113.024,0.0059
mixed,16,1,0.0625,4.0,16,2048,128,512,152,61.983,62.016,60.513,-44.5455
mixed,16,1,0.0625,4.0,16,2048,256,1024,304,60.544,67.776,59.583,-0.1329
mixed,16,1,0.0625,4.0,16,2048,512,2048,608,63.234,96.383,62.304,-0.0281
mixed,16,1,0.0625,4.0,16,2048,1024,4096,1216,81.216,105.727,72.064,-0.3734
mixed,16,1,0.0625,4.0,16,2048,2048,8192,2432,110.4,151.679,83.648,-0.6481
mixed,16,1,0.0625,4.0,16,2048,4096,16384,4864,113.311,240.192,115.775,0.0194
mixed,16,1,0.0625,4.0,16,4096,128,512,152,65.312,63.713,64.513,
mixed,16,1,0.0625,4.0,16,4096,256,1024,304,63.424,72.191,62.911,-0.0585
mixed,16,1,0.0625,4.0,16,4096,512,2048,608,67.074,84.16,67.135,0.0036
mixed,16,1,0.0625,4.0,16,4096,1024,4096,1216,72.8,139.265,71.424,-0.0207
mixed,16,1,0.0625,4.0,16,4096,2048,8192,2432,114.176,153.281,88.096,-0.6669
mixed,16,1,0.0625,4.0,16,4096,4096,16384,4864,161.697,243.232,118.206,-0.5334
mixed,16,1,0.0625,4.0,16,8192,128,512,152,72.897,69.855,71.648,
mixed,16,1,0.0625,4.0,16,8192,256,1024,304,73.152,76.48,83.776,3.1923
mixed,16,1,0.0625,4.0,16,8192,512,2048,608,71.617,88.928,70.783,-0.0482
mixed,16,1,0.0625,4.0,16,8192,1024,4096,1216,76.576,143.999,91.359,0.2193
mixed,16,1,0.0625,4.0,16,8192,2048,8192,2432,93.184,226.59,95.456,0.017
mixed,16,1,0.0625,4.0,16,8192,4096,16384,4864,162.429,246.401,121.95,-0.4821
mixed,16,1,0.0625,4.0,32,0,128,512,152,45.31,56.096,52.191,0.638
mixed,16,1,0.0625,4.0,32,0,256,1024,304,48.576,60.896,54.783,0.5038
mixed,16,1,0.0625,4.0,32,0,512,2048,608,57.12,75.713,58.751,0.0877
mixed,16,1,0.0625,4.0,32,0,1024,4096,1216,62.143,102.689,64.478,0.0576
mixed,16,1,0.0625,4.0,32,0,2048,8192,2432,79.137,150.593,82.815,0.0515
mixed,16,1,0.0625,4.0,32,0,4096,16384,4864,112.032,241.47,113.888,0.0143
mixed,16,1,0.0625,4.0,32,512,128,512,152,59.327,63.327,61.442,0.5287
mixed,16,1,0.0625,4.0,32,512,256,1024,304,67.104,69.245,58.335,-4.0957
mixed,16,1,0.0625,4.0,32,512,512,2048,608,63.327,76.224,64.704,0.1068
mixed,16,1,0.0625,4.0,32,512,1024,4096,1216,79.647,104.449,69.344,-0.4154
mixed,16,1,0.0625,4.0,32,512,2048,8192,2432,78.784,148.8,83.135,0.0621
mixed,16,1,0.0625,4.0,32,512,4096,16384,4864,114.335,245.695,115.263,0.0071
mixed,16,1,0.0625,4.0,32,1024,128,512,152,62.495,64.096,63.617,0.7008
mixed,16,1,0.0625,4.0,32,1024,256,1024,304,61.184,71.615,60.928,-0.0245
mixed,16,1,0.0625,4.0,32,1024,512,2048,608,65.247,97.537,66.337,0.0338
mixed,16,1,0.0625,4.0,32,1024,1024,4096,1216,81.504,103.968,66.496,-0.6681
mixed,16,1,0.0625,4.0,32,1024,2048,8192,2432,112.48,150.53,83.391,-0.7645
mixed,16,1,0.0625,4.0,32,1024,4096,16384,4864,112.639,243.489,113.664,0.0078
mixed,16,1,0.0625,4.0,32,2048,128,512,152,65.57,67.136,65.216,-0.2261
mixed,16,1,0.0625,4.0,32,2048,256,1024,304,61.793,74.272,63.008,0.0974
mixed,16,1,0.0625,4.0,32,2048,512,2048,608,66.752,84.064,67.265,0.0296
mixed,16,1,0.0625,4.0,32,2048,1024,4096,1216,72.862,139.392,74.529,0.0251
mixed,16,1,0.0625,4.0,32,2048,2048,8192,2432,112.735,151.616,88.193,-0.6312
mixed,16,1,0.0625,4.0,32,2048,4096,16384,4864,159.199,245.151,114.976,-0.5145
mixed,16,1,0.0625,4.0,32,4096,128,512,152,71.39,69.919,73.377,
mixed,16,1,0.0625,4.0,32,4096,256,1024,304,71.137,76.162,81.599,2.082
mixed,16,1,0.0625,4.0,32,4096,512,2048,608,70.111,85.44,71.198,0.0709
mixed,16,1,0.0625,4.0,32,4096,1024,4096,1216,76.77,140.8,88.224,0.1789
mixed,16,1,0.0625,4.0,32,4096,2048,8192,2432,89.121,221.952,93.599,0.0337
mixed,16,1,0.0625,4.0,32,4096,4096,16384,4864,158.879,241.215,118.721,-0.4877
mixed,16,1,0.0625,4.0,32,8192,128,512,152,76.576,78.496,76.607,0.0161
mixed,16,1,0.0625,4.0,32,8192,256,1024,304,88.194,83.616,77.759,
mixed,16,1,0.0625,4.0,32,8192,512,2048,608,78.912,109.279,86.047,0.235
mixed,16,1,0.0625,4.0,32,8192,1024,4096,1216,90.495,115.488,83.713,-0.2714
mixed,16,1,0.0625,4.0,32,8192,2048,8192,2432,99.711,224.319,116.672,0.1361
mixed,16,1,0.0625,4.0,32,8192,4096,16384,4864,124.317,390.336,123.648,-0.0025
mixed,16,1,0.0625,4.0,64,0,128,512,152,45.76,56.29,52.32,0.623
mixed,16,1,0.0625,4.0,64,0,256,1024,304,49.281,61.473,55.36,0.4986
mixed,16,1,0.0625,4.0,64,0,512,2048,608,56.703,89.632,57.919,0.0369
mixed,16,1,0.0625,4.0,64,0,1024,4096,1216,79.328,114.014,66.049,-0.3828
mixed,16,1,0.0625,4.0,64,0,2048,8192,2432,91.871,164.51,82.879,-0.1238
mixed,16,1,0.0625,4.0,64,0,4096,16384,4864,122.4,253.471,112.832,-0.073
mixed,16,1,0.0625,4.0,64,512,128,512,152,64.544,65.473,68.672,4.4435
mixed,16,1,0.0625,4.0,64,512,256,1024,304,62.08,72.641,60.832,-0.1182
mixed,16,1,0.0625,4.0,64,512,512,2048,608,65.795,95.968,69.056,0.1081
mixed,16,1,0.0625,4.0,64,512,1024,4096,1216,81.697,136.288,67.521,-0.2597
mixed,16,1,0.0625,4.0,64,512,2048,8192,2432,110.784,186.303,83.612,-0.3598
mixed,16,1,0.0625,4.0,64,512,4096,16384,4864,144.192,275.26,115.361,-0.22
mixed,16,1,0.0625,4.0,64,1024,128,512,152,66.43,78.273,67.68,0.1055
mixed,16,1,0.0625,4.0,64,1024,256,1024,304,63.423,76.448,64.256,0.064
mixed,16,1,0.0625,4.0,64,1024,512,2048,608,79.04,81.024,70.143,-4.4844
mixed,16,1,0.0625,4.0,64,1024,1024,4096,1216,70.528,140.225,69.823,-0.0101
mixed,16,1,0.0625,4.0,64,1024,2048,8192,2432,114.366,203.999,86.656,-0.3091
mixed,16,1,0.0625,4.0,64,1024,4096,16384,4864,161.056,295.647,114.241,-0.3478
mixed,16,1,0.0625,4.0,64,2048,128,512,152,73.378,71.841,75.584,
mixed,16,1,0.0625,4.0,64,2048,256,1024,304,79.743,84.737,72.608,-1.4287
mixed,16,1,0.0625,4.0,64,2048,512,2048,608,70.177,88.479,71.201,0.056
mixed,16,1,0.0625,4.0,64,2048,1024,4096,1216,88.641,141.151,88.769,0.0024
mixed,16,1,0.0625,4.0,64,2048,2048,8192,2432,87.583,222.464,106.878,0.1431
mixed,16,1,0.0625,4.0,64,2048,4096,16384,4864,161.312,337.248,120.096,-0.2343
mixed,16,1,0.0625,4.0,64,4096,128,512,152,76.128,85.12,74.91,-0.1355
mixed,16,1,0.0625,4.0,64,4096,256,1024,304,82.431,83.965,79.199,-2.1069
mixed,16,1,0.0625,4.0,64,4096,512,2048,608,85.888,115.646,84.03,-0.0624
mixed,16,1,0.0625,4.0,64,4096,1024,4096,1216,87.199,112.801,85.122,-0.0811
mixed,16,1,0.0625,4.0,64,4096,2048,8192,2432,127.424,221.824,119.616,-0.0827
mixed,16,1,0.0625,4.0,64,4096,4096,16384,4864,122.943,387.905,172.448,0.1868
mixed,16,1,0.0625,4.0,64,8192,128,512,152,88.0,90.878,87.68,-0.1112
mixed,16,1,0.0625,4.0,64,8192,256,1024,304,91.072,103.264,91.424,0.0289
mixed,16,1,0.0625,4.0,64,8192,512,2048,608,91.264,102.848,94.401,0.2708
mixed,16,1,0.0625,4.0,64,8192,1024,4096,1216,109.058,170.689,104.16,-0.0795
mixed,16,1,0.0625,4.0,64,8192,2048,8192,2432,111.648,166.976,108.321,-0.0601
mixed,16,1,0.0625,4.0,64,8192,4096,16384,4864,190.911,387.679,171.87,-0.0968
mixed,16,1,0.0625,4.0,128,0,128,512,152,47.167,57.31,55.552,0.8267
mixed,16,1,0.0625,4.0,128,0,256,1024,304,50.144,63.488,56.832,0.5012
mixed,16,1,0.0625,4.0,128,0,512,2048,608,57.888,91.393,61.634,0.1118
mixed,16,1,0.0625,4.0,128,0,1024,4096,1216,79.649,116.16,71.839,-0.2139
mixed,16,1,0.0625,4.0,128,0,2048,8192,2432,93.662,163.647,96.001,0.0334
mixed,16,1,0.0625,4.0,128,0,4096,16384,4864,125.441,254.848,139.774,0.1108
mixed,16,1,0.0625,4.0,128,512,128,512,152,68.352,79.489,68.479,0.0114
mixed,16,1,0.0625,4.0,128,512,256,1024,304,68.384,74.271,67.392,-0.1685
mixed,16,1,0.0625,4.0,128,512,512,2048,608,81.728,80.864,70.273,
mixed,16,1,0.0625,4.0,128,512,1024,4096,1216,72.48,136.257,88.031,0.2438
mixed,16,1,0.0625,4.0,128,512,2048,8192,2432,114.048,184.224,96.384,-0.2517
mixed,16,1,0.0625,4.0,128,512,4096,16384,4864,145.888,275.328,139.969,-0.0457
mixed,16,1,0.0625,4.0,128,1024,128,512,152,72.321,73.758,72.159,-0.1127
mixed,16,1,0.0625,4.0,128,1024,256,1024,304,81.282,94.462,73.952,-0.5561
mixed,16,1,0.0625,4.0,128,1024,512,2048,608,74.304,84.416,73.568,-0.0728
mixed,16,1,0.0625,4.0,128,1024,1024,4096,1216,93.375,140.35,93.281,-0.002
mixed,16,1,0.0625,4.0,128,1024,2048,8192,2432,89.6,202.239,113.088,0.2085
mixed,16,1,0.0625,4.0,128,1024,4096,16384,4864,158.205,293.793,139.105,-0.1409
mixed,16,1,0.0625,4.0,128,2048,128,512,152,76.962,85.727,77.792,0.0947
mixed,16,1,0.0625,4.0,128,2048,256,1024,304,79.327,83.903,78.335,-0.2168
mixed,16,1,0.0625,4.0,128,2048,512,2048,608,85.695,119.073,86.272,0.0173
mixed,16,1,0.0625,4.0,128,2048,1024,4096,1216,84.96,113.12,87.617,0.0944
mixed,16,1,0.0625,4.0,128,2048,2048,8192,2432,125.792,219.679,121.216,-0.0487
mixed,16,1,0.0625,4.0,128,2048,4096,16384,4864,124.161,333.504,164.544,0.1929
mixed,16,1,0.0625,4.0,128,4096,128,512,152,88.992,92.127,86.975,-0.6434
mixed,16,1,0.0625,4.0,128,4096,256,1024,304,91.52,106.529,91.616,0.0064
mixed,16,1,0.0625,4.0,128,4096,512,2048,608,91.646,101.408,92.385,0.0757
mixed,16,1,0.0625,4.0,128,4096,1024,4096,1216,112.959,174.241,106.75,-0.1013
mixed,16,1,0.0625,4.0,128,4096,2048,8192,2432,104.479,168.287,138.976,0.5406
mixed,16,1,0.0625,4.0,128,4096,4096,16384,4864,186.399,385.473,174.785,-0.0583
mixed,16,1,0.0625,4.0,128,8192,128,512,152,115.456,112.832,116.544,
mixed,16,1,0.0625,4.0,128,8192,256,1024,304,115.746,116.192,116.415,1.5
mixed,16,1,0.0625,4.0,128,8192,512,2048,608,112.323,147.937,115.616,0.0925
mixed,16,1,0.0625,4.0,128,8192,1024,4096,1216,115.776,141.248,116.256,0.0188
mixed,16,1,0.0625,4.0,128,8192,2048,8192,2432,159.968,278.687,147.84,-0.1022
mixed,16,1,0.0625,4.0,128,8192,4096,16384,4864,152.928,276.48,218.207,0.5284
mixed,16,1,0.0625,4.0,256,0,128,512,152,48.864,62.493,60.192,0.8312
mixed,16,1,0.0625,4.0,256,0,256,1024,304,50.657,66.048,61.312,0.6923
mixed,16,1,0.0625,4.0,256,0,512,2048,608,63.744,84.353,70.53,0.3293
mixed,16,1,0.0625,4.0,256,0,1024,4096,1216,70.88,121.951,90.047,0.3753
mixed,16,1,0.0625,4.0,256,0,2048,8192,2432,99.168,169.375,133.762,0.4927
mixed,16,1,0.0625,4.0,256,0,4096,16384,4864,129.982,259.361,215.04,0.6574
mixed,16,1,0.0625,4.0,256,512,128,512,152,77.471,77.248,76.192,
mixed,16,1,0.0625,4.0,256,512,256,1024,304,77.506,96.64,78.816,0.0685
mixed,16,1,0.0625,4.0,256,512,512,2048,608,78.529,83.201,78.175,-0.0758
mixed,16,1,0.0625,4.0,256,512,1024,4096,1216,80.64,110.589,97.952,0.578
mixed,16,1,0.0625,4.0,256,512,2048,8192,2432,89.024,184.959,133.376,0.4623
mixed,16,1,0.0625,4.0,256,512,4096,16384,4864,143.263,271.839,215.457,0.5615
mixed,16,1,0.0625,4.0,256,1024,128,512,152,81.312,94.56,81.984,0.0507
mixed,16,1,0.0625,4.0,256,1024,256,1024,304,81.439,87.616,82.078,0.1034
mixed,16,1,0.0625,4.0,256,1024,512,2048,608,95.649,120.768,87.425,-0.3274
mixed,16,1,0.0625,4.0,256,1024,1024,4096,1216,90.174,113.344,96.992,0.2943
mixed,16,1,0.0625,4.0,256,1024,2048,8192,2432,128.032,198.112,138.529,0.1498
mixed,16,1,0.0625,4.0,256,1024,4096,16384,4864,122.689,294.015,213.599,0.5306
mixed,16,1,0.0625,4.0,256,2048,128,512,152,94.463,94.434,95.68,
mixed,16,1,0.0625,4.0,256,2048,256,1024,304,95.423,112.128,94.976,-0.0268
mixed,16,1,0.0625,4.0,256,2048,512,2048,608,94.496,104.257,94.593,0.0099
mixed,16,1,0.0625,4.0,256,2048,1024,4096,1216,117.505,168.028,116.001,-0.0298
mixed,16,1,0.0625,4.0,256,2048,2048,8192,2432,106.179,172.446,139.968,0.5099
mixed,16,1,0.0625,4.0,256,2048,4096,16384,4864,179.103,328.576,216.96,0.2533
mixed,16,1,0.0625,4.0,256,4096,128,512,152,111.617,128.033,113.793,0.1326
mixed,16,1,0.0625,4.0,256,4096,256,1024,304,117.599,120.033,118.431,0.3418
mixed,16,1,0.0625,4.0,256,4096,512,2048,608,128.832,153.247,129.088,0.0105
mixed,16,1,0.0625,4.0,256,4096,1024,4096,1216,119.776,145.279,119.073,-0.0276
mixed,16,1,0.0625,4.0,256,4096,2048,8192,2432,166.912,261.888,159.778,-0.0751
mixed,16,1,0.0625,4.0,256,4096,4096,16384,4864,155.488,279.712,218.464,0.507
mixed,16,1,0.0625,4.0,256,8192,128,512,152,148.67,164.576,148.702,0.002
mixed,16,1,0.0625,4.0,256,8192,256,1024,304,153.408,184.96,154.111,0.0223
mixed,16,1,0.0625,4.0,256,8192,512,2048,608,164.928,171.84,166.784,0.2685
mixed,16,1,0.0625,4.0,256,8192,1024,4096,1216,189.888,230.335,186.752,-0.0775
mixed,16,1,0.0625,4.0,256,8192,2048,8192,2432,172.481,221.12,172.576,0.002
mixed,16,1,0.0625,4.0,256,8192,4096,16384,4864,259.358,449.824,254.272,-0.0267
mixed,16,1,0.0625,4.0,512,0,128,512,152,56.736,72.065,93.183,2.3777
mixed,16,1,0.0625,4.0,512,0,256,1024,304,56.767,76.352,74.463,0.9035
mixed,16,1,0.0625,4.0,512,0,512,2048,608,73.375,96.992,94.784,0.9065
mixed,16,1,0.0625,4.0,512,0,1024,4096,1216,77.216,137.503,133.663,0.9363
mixed,16,1,0.0625,4.0,512,0,2048,8192,2432,102.785,214.336,212.577,0.9842
mixed,16,1,0.0625,4.0,512,0,4096,16384,4864,152.096,371.199,366.013,0.9763
mixed,16,1,0.0625,4.0,512,512,128,512,152,101.439,115.84,102.976,0.1067
mixed,16,1,0.0625,4.0,512,512,256,1024,304,106.302,117.057,106.593,0.0271
mixed,16,1,0.0625,4.0,512,512,512,2048,608,116.321,97.825,116.383,
mixed,16,1,0.0625,4.0,512,512,1024,4096,1216,116.704,137.952,133.57,0.7938
mixed,16,1,0.0625,4.0,512,512,2048,8192,2432,103.391,213.789,211.009,0.9748
mixed,16,1,0.0625,4.0,512,512,4096,16384,4864,153.44,370.206,365.312,0.9774
mixed,16,1,0.0625,4.0,512,1024,128,512,152,111.615,125.408,111.073,-0.0393
mixed,16,1,0.0625,4.0,512,1024,256,1024,304,115.936,144.573,115.968,0.0011
mixed,16,1,0.0625,4.0,512,1024,512,2048,608,126.817,146.911,125.825,-0.0494
mixed,16,1,0.0625,4.0,512,1024,1024,4096,1216,149.918,136.51,144.384,
mixed,16,1,0.0625,4.0,512,1024,2048,8192,2432,112.064,214.496,211.584,0.9716
mixed,16,1,0.0625,4.0,512,1024,4096,16384,4864,152.991,375.23,367.488,0.9652
mixed,16,1,0.0625,4.0,512,2048,128,512,152,131.136,144.768,130.112,-0.0751
mixed,16,1,0.0625,4.0,512,2048,256,1024,304,134.433,162.656,135.491,0.0375
mixed,16,1,0.0625,4.0,512,2048,512,2048,608,144.223,168.289,146.046,0.0758
mixed,16,1,0.0625,4.0,512,2048,1024,4096,1216,169.024,152.127,164.001,
mixed,16,1,0.0625,4.0,512,2048,2048,8192,2432,173.056,217.377,224.224,1.1545
mixed,16,1,0.0625,4.0,512,2048,4096,16384,4864,153.057,376.638,367.71,0.9601
mixed,16,1,0.0625,4.0,512,4096,128,512,152,164.416,182.303,164.863,0.025
mixed,16,1,0.0625,4.0,512,4096,256,1024,304,168.192,203.326,172.544,0.1239
mixed,16,1,0.0625,4.0,512,4096,512,2048,608,183.777,243.968,182.814,-0.016
mixed,16,1,0.0625,4.0,512,4096,1024,4096,1216,208.767,248.607,202.4,-0.1598
mixed,16,1,0.0625,4.0,512,4096,2048,8192,2432,259.007,229.6,244.768,
mixed,16,1,0.0625,4.0,512,4096,4096,16384,4864,263.518,378.656,381.822,1.0275
mixed,16,1,0.0625,4.0,512,8192,128,512,152,234.239,255.488,234.911,0.0316
mixed,16,1,0.0625,4.0,512,8192,256,1024,304,244.287,277.375,244.64,0.0107
mixed,16,1,0.0625,4.0,512,8192,512,2048,608,256.51,321.567,255.36,-0.0177
mixed,16,1,0.0625,4.0,512,8192,1024,4096,1216,285.695,400.639,280.0,-0.0495
mixed,16,1,0.0625,4.0,512,8192,2048,8192,2432,336.927,407.007,323.393,-0.1931
mixed,16,1,0.0625,4.0,512,8192,4096,16384,4864,430.718,394.591,402.175,
mixed,16,1,0.0625,4.0,1024,0,128,512,152,81.663,88.031,81.471,-0.0302
mixed,16,1,0.0625,4.0,1024,0,256,1024,304,80.834,105.087,85.344,0.186
mixed,16,1,0.0625,4.0,1024,0,512,2048,608,87.456,141.824,120.864,0.6145
mixed,16,1,0.0625,4.0,1024,0,1024,4096,1216,109.729,214.368,192.735,0.7933
mixed,16,1,0.0625,4.0,1024,0,2048,8192,2432,154.303,356.96,337.729,0.9051
mixed,16,1,0.0625,4.0,1024,0,4096,16384,4864,239.713,646.397,624.608,0.9464
mixed,16,1,0.0625,4.0,1024,512,128,512,152,100.223,103.263,100.16,-0.0207
mixed,16,1,0.0625,4.0,1024,512,256,1024,304,99.358,122.016,99.872,0.0227
mixed,16,1,0.0625,4.0,1024,512,512,2048,608,104.288,158.814,121.055,0.3075
mixed,16,1,0.0625,4.0,1024,512,1024,4096,1216,127.36,230.685,194.049,0.6454
mixed,16,1,0.0625,4.0,1024,512,2048,8192,2432,172.289,377.601,338.3,0.8086
mixed,16,1,0.0625,4.0,1024,512,4096,16384,4864,257.887,663.903,625.504,0.9054
mixed,16,1,0.0625,4.0,1024,1024,128,512,152,119.168,121.213,118.144,-0.5007
mixed,16,1,0.0625,4.0,1024,1024,256,1024,304,118.305,139.104,118.783,0.023
mixed,16,1,0.0625,4.0,1024,1024,512,2048,608,122.336,176.514,121.759,-0.0107
mixed,16,1,0.0625,4.0,1024,1024,1024,4096,1216,145.6,249.218,193.982,0.4669
mixed,16,1,0.0625,4.0,1024,1024,2048,8192,2432,190.335,394.367,338.494,0.7262
mixed,16,1,0.0625,4.0,1024,1024,4096,16384,4864,276.606,682.367,627.775,0.8655
mixed,16,1,0.0625,4.0,1024,2048,128,512,152,155.263,157.088,154.496,-0.4203
mixed,16,1,0.0625,4.0,1024,2048,256,1024,304,155.168,177.182,155.039,-0.0059
mixed,16,1,0.0625,4.0,1024,2048,512,2048,608,157.6,213.759,158.047,0.008
mixed,16,1,0.0625,4.0,1024,2048,1024,4096,1216,182.656,287.552,194.911,0.1168
mixed,16,1,0.0625,4.0,1024,2048,2048,8192,2432,227.329,432.384,342.046,0.5594
mixed,16,1,0.0625,4.0,1024,2048,4096,16384,4864,315.582,725.342,629.693,0.7666
mixed,16,1,0.0625,4.0,1024,4096,128,512,152,228.224,227.232,225.504,
mixed,16,1,0.0625,4.0,1024,4096,256,1024,304,226.338,246.304,226.496,0.0079
mixed,16,1,0.0625,4.0,1024,4096,512,2048,608,228.224,286.591,227.968,-0.0044
mixed,16,1,0.0625,4.0,1024,4096,1024,4096,1216,254.111,363.392,249.472,-0.0425
mixed,16,1,0.0625,4.0,1024,4096,2048,8192,2432,302.879,508.545,345.982,0.2096
mixed,16,1,0.0625,4.0,1024,4096,4096,16384,4864,392.256,801.405,634.625,0.5924
mixed,16,1,0.0625,4.0,1024,8192,128,512,152,376.83,378.461,377.601,0.4727
mixed,16,1,0.0625,4.0,1024,8192,256,1024,304,377.856,398.177,377.311,-0.0268
mixed,16,1,0.0625,4.0,1024,8192,512,2048,608,379.904,436.864,378.078,-0.0321
mixed,16,1,0.0625,4.0,1024,8192,1024,4096,1216,401.63,510.271,395.774,-0.0539
mixed,16,1,0.0625,4.0,1024,8192,2048,8192,2432,453.951,656.769,437.726,-0.08
mixed,16,1,0.0625,4.0,1024,8192,4096,16384,4864,537.6,948.064,640.992,0.2519
mixed,16,1,0.0625,4.0,2048,0,128,512,152,160.8,171.84,160.991,0.0173
mixed,16,1,0.0625,4.0,2048,0,256,1024,304,163.33,190.593,179.294,0.5856
mixed,16,1,0.0625,4.0,2048,0,512,2048,608,175.009,226.88,214.24,0.7563
mixed,16,1,0.0625,4.0,2048,0,1024,4096,1216,196.32,300.35,288.064,0.8819
mixed,16,1,0.0625,4.0,2048,0,2048,8192,2432,242.367,446.59,432.574,0.9314
mixed,16,1,0.0625,4.0,2048,0,4096,16384,4864,329.342,736.319,721.887,0.9645
mixed,16,1,0.0625,4.0,2048,512,128,512,152,194.303,207.327,193.183,-0.086
mixed,16,1,0.0625,4.0,2048,512,256,1024,304,199.263,225.471,198.849,-0.0158
mixed,16,1,0.0625,4.0,2048,512,512,2048,608,208.736,264.032,232.607,0.4317
mixed,16,1,0.0625,4.0,2048,512,1024,4096,1216,232.93,338.432,307.682,0.7085
mixed,16,1,0.0625,4.0,2048,512,2048,8192,2432,279.457,481.534,453.663,0.8621
mixed,16,1,0.0625,4.0,2048,512,4096,16384,4864,365.535,771.487,741.598,0.9264
mixed,16,1,0.0625,4.0,2048,1024,128,512,152,230.461,242.753,230.081,-0.0309
mixed,16,1,0.0625,4.0,2048,1024,256,1024,304,236.001,262.367,234.592,-0.0534
mixed,16,1,0.0625,4.0,2048,1024,512,2048,608,246.334,300.801,250.655,0.0793
mixed,16,1,0.0625,4.0,2048,1024,1024,4096,1216,268.095,376.222,328.448,0.5582
mixed,16,1,0.0625,4.0,2048,1024,2048,8192,2432,314.462,520.097,474.463,0.7781
mixed,16,1,0.0625,4.0,2048,1024,4096,16384,4864,402.911,809.855,764.063,0.8875
mixed,16,1,0.0625,4.0,2048,2048,128,512,152,293.695,318.944,292.958,-0.0292
mixed,16,1,0.0625,4.0,2048,2048,256,1024,304,297.949,338.88,308.673,0.262
mixed,16,1,0.0625,4.0,2048,2048,512,2048,608,320.801,376.895,317.952,-0.0508
mixed,16,1,0.0625,4.0,2048,2048,1024,4096,1216,344.928,451.744,367.168,0.2082
mixed,16,1,0.0625,4.0,2048,2048,2048,8192,2432,391.648,595.1,514.367,0.6032
mixed,16,1,0.0625,4.0,2048,2048,4096,16384,4864,477.376,886.142,802.975,0.7965
mixed,16,1,0.0625,4.0,2048,4096,128,512,152,445.502,445.568,445.15,-5.3333
mixed,16,1,0.0625,4.0,2048,4096,256,1024,304,446.24,486.461,445.821,-0.0104
mixed,16,1,0.0625,4.0,2048,4096,512,2048,608,446.399,524.96,445.343,-0.0134
mixed,16,1,0.0625,4.0,2048,4096,1024,4096,1216,491.137,598.911,486.236,-0.0455
mixed,16,1,0.0625,4.0,2048,4096,2048,8192,2432,538.751,741.599,590.111,0.2532
mixed,16,1,0.0625,4.0,2048,4096,4096,16384,4864,626.016,1033.728,879.552,0.6219
mixed,16,1,0.0625,4.0,2048,8192,128,512,152,732.991,733.023,731.904,-33.9688
mixed,16,1,0.0625,4.0,2048,8192,256,1024,304,733.182,731.357,732.161,
mixed,16,1,0.0625,4.0,2048,8192,512,2048,608,731.614,775.004,732.542,0.0214
mixed,16,1,0.0625,4.0,2048,8192,1024,4096,1216,734.495,880.159,730.494,-0.0275
mixed,16,1,0.0625,4.0,2048,8192,2048,8192,2432,818.656,1026.621,804.607,-0.0676
mixed,16,1,0.0625,4.0,2048,8192,4096,16384,4864,907.87,1314.558,1023.456,0.2842
pure,16,2,0.125,4.0,0,0,128,512,176,40.126,50.273,46.272,0.6057
pure,16,2,0.125,4.0,0,0,256,1024,352,43.328,55.84,49.6,0.5013
pure,16,2,0.125,4.0,0,0,512,2048,704,51.807,71.52,52.128,0.0163
pure,16,2,0.125,4.0,0,0,1024,4096,1408,63.711,97.248,62.593,-0.0333
pure,16,2,0.125,4.0,0,0,2048,8192,2816,84.735,145.854,84.034,-0.0115
pure,16,2,0.125,4.0,0,0,4096,16384,5632,121.184,237.505,120.063,-0.0096
mixed,16,2,0.125,4.0,16,0,128,512,176,45.919,55.615,51.232,0.548
mixed,16,2,0.125,4.0,16,0,256,1024,352,48.863,60.513,56.159,0.6263
mixed,16,2,0.125,4.0,16,0,512,2048,704,56.32,74.847,59.488,0.171
mixed,16,2,0.125,4.0,16,0,1024,4096,1408,64.994,100.928,66.304,0.0365
mixed,16,2,0.125,4.0,16,0,2048,8192,2816,89.728,148.607,88.768,-0.0163
mixed,16,2,0.125,4.0,16,0,4096,16384,5632,121.697,239.232,125.31,0.0307
mixed,16,2,0.125,4.0,16,512,128,512,176,56.285,58.912,53.76,-0.9612
mixed,16,2,0.125,4.0,16,512,256,1024,352,56.864,66.239,56.35,-0.0548
mixed,16,2,0.125,4.0,16,512,512,2048,704,58.624,77.599,62.272,0.1923
mixed,16,2,0.125,4.0,16,512,1024,4096,1408,67.072,101.152,67.359,0.0084
mixed,16,2,0.125,4.0,16,512,2048,8192,2816,87.938,149.217,90.24,0.0376
mixed,16,2,0.125,4.0,16,512,4096,16384,5632,124.576,242.272,125.438,0.0073
mixed,16,2,0.125,4.0,16,1024,128,512,176,58.592,58.784,59.328,3.8333
mixed,16,2,0.125,4.0,16,1024,256,1024,352,60.192,67.071,57.503,-0.3909
mixed,16,2,0.125,4.0,16,1024,512,2048,704,62.654,76.223,62.176,-0.0352
mixed,16,2,0.125,4.0,16,1024,1024,4096,1408,67.84,102.047,66.941,-0.0263
mixed,16,2,0.125,4.0,16,1024,2048,8192,2816,89.567,148.992,91.551,0.0334
mixed,16,2,0.125,4.0,16,1024,4096,16384,5632,123.456,239.68,126.016,0.022
mixed,16,2,0.125,4.0,16,2048,128,512,176,61.249,61.729,61.632,0.7979
mixed,16,2,0.125,4.0,16,2048,256,1024,352,61.152,69.119,59.456,-0.2129
mixed,16,2,0.125,4.0,16,2048,512,2048,704,65.248,95.584,62.975,-0.0749
mixed,16,2,0.125,4.0,16,2048,1024,4096,1408,70.847,104.192,71.424,0.0173
mixed,16,2,0.125,4.0,16,2048,2048,8192,2816,121.375,148.384,91.264,-1.1149
mixed,16,2,0.125,4.0,16,2048,4096,16384,5632,123.297,240.574,129.727,0.0548
mixed,16,2,0.125,4.0,16,4096,128,512,176,65.31,65.662,63.072,-6.358
mixed,16,2,0.125,4.0,16,4096,256,1024,352,62.4,74.111,62.592,0.0164
mixed,16,2,0.125,4.0,16,4096,512,2048,704,67.711,83.648,66.367,-0.0843
mixed,16,2,0.125,4.0,16,4096,1024,4096,1408,73.888,138.944,86.141,0.1883
mixed,16,2,0.125,4.0,16,4096,2048,8192,2816,120.223,151.327,106.688,-0.4352
mixed,16,2,0.125,4.0,16,4096,4096,16384,5632,174.879,241.92,129.505,-0.6768
mixed,16,2,0.125,4.0,16,8192,128,512,176,73.248,69.026,71.005,
mixed,16,2,0.125,4.0,16,8192,256,1024,352,71.969,74.304,71.264,-0.3019
mixed,16,2,0.125,4.0,16,8192,512,2048,704,74.72,88.0,71.105,-0.2722
mixed,16,2,0.125,4.0,16,8192,1024,4096,1408,81.245,143.201,80.098,-0.0185
mixed,16,2,0.125,4.0,16,8192,2048,8192,2816,97.185,226.942,104.383,0.0555
mixed,16,2,0.125,4.0,16,8192,4096,16384,5632,173.407,249.438,175.872,0.0324
mixed,16,2,0.125,4.0,32,0,128,512,176,45.888,56.96,51.072,0.4682
mixed,16,2,0.125,4.0,32,0,256,1024,352,49.697,60.479,55.68,0.5549
mixed,16,2,0.125,4.0,32,0,512,2048,704,57.568,75.648,58.015,0.0247
mixed,16,2,0.125,4.0,32,0,1024,4096,1408,66.112,103.456,66.592,0.0129
mixed,16,2,0.125,4.0,32,0,2048,8192,2816,89.793,150.913,90.048,0.0042
mixed,16,2,0.125,4.0,32,0,4096,16384,5632,126.271,241.504,127.103,0.0072
mixed,16,2,0.125,4.0,32,512,128,512,176,58.049,61.217,59.839,0.565
mixed,16,2,0.125,4.0,32,512,256,1024,352,63.584,69.151,58.559,-0.9026
mixed,16,2,0.125,4.0,32,512,512,2048,704,65.409,75.777,65.728,0.0308
mixed,16,2,0.125,4.0,32,512,1024,4096,1408,69.31,104.13,68.608,-0.0202
mixed,16,2,0.125,4.0,32,512,2048,8192,2816,90.143,148.641,89.634,-0.0087
mixed,16,2,0.125,4.0,32,512,4096,16384,5632,127.073,240.607,126.432,-0.0056
mixed,16,2,0.125,4.0,32,1024,128,512,176,63.104,62.463,62.657,
mixed,16,2,0.125,4.0,32,1024,256,1024,352,61.311,70.88,59.68,-0.1704
mixed,16,2,0.125,4.0,32,1024,512,2048,704,71.426,99.2,65.73,-0.2051
mixed,16,2,0.125,4.0,32,1024,1024,4096,1408,69.439,103.136,70.432,0.0295
mixed,16,2,0.125,4.0,32,1024,2048,8192,2816,119.936,149.024,90.432,-1.0143
mixed,16,2,0.125,4.0,32,1024,4096,16384,5632,124.638,241.09,126.494,0.0159
mixed,16,2,0.125,4.0,32,2048,128,512,176,63.361,66.048,64.321,0.3573
mixed,16,2,0.125,4.0,32,2048,256,1024,352,63.008,73.825,62.593,-0.0384
mixed,16,2,0.125,4.0,32,2048,512,2048,704,71.04,81.919,68.736,-0.2118
mixed,16,2,0.125,4.0,32,2048,1024,4096,1408,77.761,141.438,85.985,0.1292
mixed,16,2,0.125,4.0,32,2048,2048,8192,2816,121.792,150.239,108.224,-0.477
mixed,16,2,0.125,4.0,32,2048,4096,16384,5632,175.935,245.216,127.616,-0.6974
mixed,16,2,0.125,4.0,32,4096,128,512,176,72.159,70.177,69.119,
mixed,16,2,0.125,4.0,32,4096,256,1024,352,69.633,75.264,72.416,0.4942
mixed,16,2,0.125,4.0,32,4096,512,2048,704,75.967,85.631,70.495,-0.5662
mixed,16,2,0.125,4.0,32,4096,1024,4096,1408,79.904,139.617,80.991,0.0182
mixed,16,2,0.125,4.0,32,4096,2048,8192,2816,92.959,220.097,115.328,0.1759
mixed,16,2,0.125,4.0,32,4096,4096,16384,5632,174.847,242.56,173.887,-0.0142
mixed,16,2,0.125,4.0,32,8192,128,512,176,76.32,77.408,76.414,0.0864
mixed,16,2,0.125,4.0,32,8192,256,1024,352,88.288,82.976,77.919,
mixed,16,2,0.125,4.0,32,8192,512,2048,704,80.064,108.384,85.793,0.2023
mixed,16,2,0.125,4.0,32,8192,1024,4096,1408,85.982,112.287,86.305,0.0123
mixed,16,2,0.125,4.0,32,8192,2048,8192,2816,104.48,222.688,102.85,-0.0138
mixed,16,2,0.125,4.0,32,8192,4096,16384,5632,129.983,390.176,173.888,0.1687
mixed,16,2,0.125,4.0,64,0,128,512,176,46.015,56.384,52.127,0.5894
mixed,16,2,0.125,4.0,64,0,256,1024,352,49.281,61.951,56.416,0.5631
mixed,16,2,0.125,4.0,64,0,512,2048,704,59.296,89.827,58.048,-0.0409
mixed,16,2,0.125,4.0,64,0,1024,4096,1408,67.618,113.375,68.0,0.0083
mixed,16,2,0.125,4.0,64,0,2048,8192,2816,100.128,161.633,90.56,-0.1556
mixed,16,2,0.125,4.0,64,0,4096,16384,5632,132.576,250.462,127.516,-0.0429
mixed,16,2,0.125,4.0,64,512,128,512,176,64.832,65.792,66.944,2.2
mixed,16,2,0.125,4.0,64,512,256,1024,352,61.632,72.675,62.048,0.0377
mixed,16,2,0.125,4.0,64,512,512,2048,704,70.946,97.662,68.062,-0.108
mixed,16,2,0.125,4.0,64,512,1024,4096,1408,72.895,137.888,83.776,0.1674
mixed,16,2,0.125,4.0,64,512,2048,8192,2816,121.152,184.672,91.071,-0.4736
mixed,16,2,0.125,4.0,64,512,4096,16384,5632,155.81,276.316,127.392,-0.2358
mixed,16,2,0.125,4.0,64,1024,128,512,176,67.487,78.336,66.816,-0.0618
mixed,16,2,0.125,4.0,64,1024,256,1024,352,66.75,77.217,64.896,-0.1771
mixed,16,2,0.125,4.0,64,1024,512,2048,704,71.36,80.479,71.455,0.0104
mixed,16,2,0.125,4.0,64,1024,1024,4096,1408,73.76,140.927,88.545,0.2201
mixed,16,2,0.125,4.0,64,1024,2048,8192,2816,121.568,202.206,115.649,-0.0734
mixed,16,2,0.125,4.0,64,1024,4096,16384,5632,171.809,297.342,127.936,-0.3495
mixed,16,2,0.125,4.0,64,2048,128,512,176,72.894,70.881,72.576,
mixed,16,2,0.125,4.0,64,2048,256,1024,352,80.704,84.128,74.016,-1.9533
mixed,16,2,0.125,4.0,64,2048,512,2048,704,76.895,85.922,75.168,-0.1913
mixed,16,2,0.125,4.0,64,2048,1024,4096,1408,78.465,142.465,81.695,0.0505
mixed,16,2,0.125,4.0,64,2048,2048,8192,2816,92.737,223.52,118.241,0.195
mixed,16,2,0.125,4.0,64,2048,4096,16384,5632,172.928,336.991,170.72,-0.0135
mixed,16,2,0.125,4.0,64,4096,128,512,176,75.744,84.128,78.592,0.3397
mixed,16,2,0.125,4.0,64,4096,256,1024,352,82.785,82.945,78.174,-28.8188
mixed,16,2,0.125,4.0,64,4096,512,2048,704,85.12,116.833,85.12,0.0
mixed,16,2,0.125,4.0,64,4096,1024,4096,1408,88.544,113.793,87.392,-0.0456
mixed,16,2,0.125,4.0,64,4096,2048,8192,2816,106.112,220.96,99.424,-0.0582
mixed,16,2,0.125,4.0,64,4096,4096,16384,5632,131.167,389.376,175.457,0.1715
mixed,16,2,0.125,4.0,64,8192,128,512,176,88.96,88.736,89.117,
mixed,16,2,0.125,4.0,64,8192,256,1024,352,92.384,103.136,90.72,-0.1548
mixed,16,2,0.125,4.0,64,8192,512,2048,704,95.713,104.448,95.424,-0.0331
mixed,16,2,0.125,4.0,64,8192,1024,4096,1408,100.384,171.36,103.97,0.0505
mixed,16,2,0.125,4.0,64,8192,2048,8192,2816,138.176,168.288,116.031,-0.7354
mixed,16,2,0.125,4.0,64,8192,4096,16384,5632,146.527,386.943,140.93,-0.0233
mixed,16,2,0.125,4.0,128,0,128,512,176,47.839,57.346,53.568,0.6026
mixed,16,2,0.125,4.0,128,0,256,1024,352,50.559,65.342,57.215,0.4502
mixed,16,2,0.125,4.0,128,0,512,2048,704,61.216,92.095,62.88,0.0539
mixed,16,2,0.125,4.0,128,0,1024,4096,1408,68.896,116.832,74.528,0.1175
mixed,16,2,0.125,4.0,128,0,2048,8192,2816,103.359,164.383,98.432,-0.0807
mixed,16,2,0.125,4.0,128,0,4096,16384,5632,135.263,255.647,142.72,0.0619
mixed,16,2,0.125,4.0,128,512,128,512,176,69.344,81.855,70.559,0.0971
mixed,16,2,0.125,4.0,128,512,256,1024,352,68.353,74.239,70.336,0.3369
mixed,16,2,0.125,4.0,128,512,512,2048,704,73.951,80.288,70.592,-0.5301
mixed,16,2,0.125,4.0,128,512,1024,4096,1408,76.096,138.112,89.377,0.2142
mixed,16,2,0.125,4.0,128,512,2048,8192,2816,120.48,185.088,99.2,-0.3294
mixed,16,2,0.125,4.0,128,512,4096,16384,5632,156.255,275.2,145.855,-0.0874
mixed,16,2,0.125,4.0,128,1024,128,512,176,72.224,73.726,71.872,-0.2344
mixed,16,2,0.125,4.0,128,1024,256,1024,352,81.347,94.144,74.016,-0.5729
mixed,16,2,0.125,4.0,128,1024,512,2048,704,77.184,84.415,74.368,-0.3894
mixed,16,2,0.125,4.0,128,1024,1024,4096,1408,78.624,142.111,79.776,0.0181
mixed,16,2,0.125,4.0,128,1024,2048,8192,2816,95.774,200.063,116.191,0.1958
mixed,16,2,0.125,4.0,128,1024,4096,16384,5632,169.311,295.265,143.681,-0.2035
mixed,16,2,0.125,4.0,128,2048,128,512,176,77.184,85.536,76.385,-0.0957
mixed,16,2,0.125,4.0,128,2048,256,1024,352,79.294,84.704,79.006,-0.0532
mixed,16,2,0.125,4.0,128,2048,512,2048,704,85.855,120.448,85.793,-0.0018
mixed,16,2,0.125,4.0,128,2048,1024,4096,1408,89.025,112.865,87.326,-0.0713
mixed,16,2,0.125,4.0,128,2048,2048,8192,2816,106.017,220.287,101.954,-0.0356
mixed,16,2,0.125,4.0,128,2048,4096,16384,5632,131.041,330.144,169.569,0.1935
mixed,16,2,0.125,4.0,128,4096,128,512,176,87.712,92.0,91.776,0.9478
mixed,16,2,0.125,4.0,128,4096,256,1024,352,91.806,107.295,91.809,0.0002
mixed,16,2,0.125,4.0,128,4096,512,2048,704,92.64,103.198,93.248,0.0576
mixed,16,2,0.125,4.0,128,4096,1024,4096,1408,120.16,174.143,112.162,-0.1482
mixed,16,2,0.125,4.0,128,4096,2048,8192,2816,139.392,168.0,114.816,-0.8591
mixed,16,2,0.125,4.0,128,4096,4096,16384,5632,143.712,386.399,140.834,-0.0119
mixed,16,2,0.125,4.0,128,8192,128,512,176,115.807,114.142,116.161,
mixed,16,2,0.125,4.0,128,8192,256,1024,352,116.8,116.16,116.256,
mixed,16,2,0.125,4.0,128,8192,512,2048,704,115.36,147.68,115.425,0.002
mixed,16,2,0.125,4.0,128,8192,1024,4096,1408,116.864,141.951,149.696,1.3087
mixed,16,2,0.125,4.0,128,8192,2048,8192,2816,176.03,279.775,150.401,-0.247
mixed,16,2,0.125,4.0,128,8192,4096,16384,5632,209.632,280.192,219.136,0.1347
mixed,16,2,0.125,4.0,256,0,128,512,176,48.162,62.496,60.736,0.8772
mixed,16,2,0.125,4.0,256,0,256,1024,352,51.393,67.296,61.249,0.6198
mixed,16,2,0.125,4.0,256,0,512,2048,704,65.567,82.976,71.936,0.3658
mixed,16,2,0.125,4.0,256,0,1024,4096,1408,72.672,122.849,91.615,0.3775
mixed,16,2,0.125,4.0,256,0,2048,8192,2816,106.271,171.168,134.877,0.4408
mixed,16,2,0.125,4.0,256,0,4096,16384,5632,141.73,260.576,215.296,0.619
mixed,16,2,0.125,4.0,256,512,128,512,176,77.087,77.567,77.023,-0.1333
mixed,16,2,0.125,4.0,256,512,256,1024,352,78.302,97.023,78.272,-0.0016
mixed,16,2,0.125,4.0,256,512,512,2048,704,79.424,82.336,90.623,3.8458
mixed,16,2,0.125,4.0,256,512,1024,4096,1408,103.199,110.656,103.072,-0.017
mixed,16,2,0.125,4.0,256,512,2048,8192,2816,96.479,186.145,134.561,0.4247
mixed,16,2,0.125,4.0,256,512,4096,16384,5632,155.071,272.641,216.095,0.519
mixed,16,2,0.125,4.0,256,1024,128,512,176,81.119,93.409,81.983,0.0703
mixed,16,2,0.125,4.0,256,1024,256,1024,352,81.088,87.2,94.113,2.1311
mixed,16,2,0.125,4.0,256,1024,512,2048,704,87.648,121.632,87.841,0.0057
mixed,16,2,0.125,4.0,256,1024,1024,4096,1408,85.696,112.96,107.713,0.8075
mixed,16,2,0.125,4.0,256,1024,2048,8192,2816,134.367,198.686,140.769,0.0995
mixed,16,2,0.125,4.0,256,1024,4096,16384,5632,132.48,296.513,216.288,0.5109
mixed,16,2,0.125,4.0,256,2048,128,512,176,94.016,92.479,94.496,
mixed,16,2,0.125,4.0,256,2048,256,1024,352,95.072,116.19,93.472,-0.0758
mixed,16,2,0.125,4.0,256,2048,512,2048,704,95.744,104.897,113.664,1.9578
mixed,16,2,0.125,4.0,256,2048,1024,4096,1408,124.64,167.487,119.136,-0.1285
mixed,16,2,0.125,4.0,256,2048,2048,8192,2816,142.304,167.808,148.961,0.261
mixed,16,2,0.125,4.0,256,2048,4096,16384,5632,188.861,328.192,220.126,0.2244
mixed,16,2,0.125,4.0,256,4096,128,512,176,112.351,127.488,113.505,0.0762
mixed,16,2,0.125,4.0,256,4096,256,1024,352,118.658,120.702,119.936,0.6252
mixed,16,2,0.125,4.0,256,4096,512,2048,704,133.249,151.135,139.328,0.3399
mixed,16,2,0.125,4.0,256,4096,1024,4096,1408,120.001,145.985,151.138,1.1983
mixed,16,2,0.125,4.0,256,4096,2048,8192,2816,181.406,261.92,162.592,-0.2337
mixed,16,2,0.125,4.0,256,4096,4096,16384,5632,213.374,273.697,227.839,0.2398
mixed,16,2,0.125,4.0,256,8192,128,512,176,148.897,163.904,149.889,0.0661
mixed,16,2,0.125,4.0,256,8192,256,1024,352,153.504,186.304,155.743,0.0683
mixed,16,2,0.125,4.0,256,8192,512,2048,704,169.631,172.64,166.336,-1.095
mixed,16,2,0.125,4.0,256,8192,1024,4096,1408,200.191,230.561,218.336,0.5975
mixed,16,2,0.125,4.0,256,8192,2048,8192,2816,167.999,220.799,230.561,1.1849
mixed,16,2,0.125,4.0,256,8192,4096,16384,5632,290.721,447.135,257.919,-0.2097
mixed,16,2,0.125,4.0,512,0,128,512,176,56.416,72.32,93.472,2.33
mixed,16,2,0.125,4.0,512,0,256,1024,352,57.187,76.609,74.655,0.8994
mixed,16,2,0.125,4.0,512,0,512,2048,704,72.033,97.856,94.24,0.86
mixed,16,2,0.125,4.0,512,0,1024,4096,1408,83.328,137.953,132.992,0.9092
mixed,16,2,0.125,4.0,512,0,2048,8192,2816,114.336,214.784,211.36,0.9659
mixed,16,2,0.125,4.0,512,0,4096,16384,5632,169.121,368.96,365.088,0.9806
mixed,16,2,0.125,4.0,512,512,128,512,176,102.08,116.352,102.912,0.0583
mixed,16,2,0.125,4.0,512,512,256,1024,352,106.786,116.929,111.072,0.4226
mixed,16,2,0.125,4.0,512,512,512,2048,704,121.344,97.599,129.952,
mixed,16,2,0.125,4.0,512,512,1024,4096,1408,92.513,136.992,132.287,0.8942
mixed,16,2,0.125,4.0,512,512,2048,8192,2816,114.942,216.447,212.64,0.9625
mixed,16,2,0.125,4.0,512,512,4096,16384,5632,169.825,372.031,365.791,0.9691
mixed,16,2,0.125,4.0,512,1024,128,512,176,110.912,125.729,111.68,0.0518
mixed,16,2,0.125,4.0,512,1024,256,1024,352,117.024,145.568,119.55,0.0885
mixed,16,2,0.125,4.0,512,1024,512,2048,704,130.977,149.791,139.837,0.4709
mixed,16,2,0.125,4.0,512,1024,1024,4096,1408,131.039,137.697,177.089,6.9165
mixed,16,2,0.125,4.0,512,1024,2048,8192,2816,115.934,214.175,213.472,0.9928
mixed,16,2,0.125,4.0,512,1024,4096,16384,5632,169.345,372.574,368.064,0.9778
mixed,16,2,0.125,4.0,512,2048,128,512,176,130.689,144.639,130.591,-0.007
mixed,16,2,0.125,4.0,512,2048,256,1024,352,135.581,163.519,135.393,-0.0067
mixed,16,2,0.125,4.0,512,2048,512,2048,704,149.728,166.461,158.656,0.5336
mixed,16,2,0.125,4.0,512,2048,1024,4096,1408,178.592,152.093,197.505,
mixed,16,2,0.125,4.0,512,2048,2048,8192,2816,185.728,217.472,276.641,2.8639
mixed,16,2,0.125,4.0,512,2048,4096,16384,5632,169.152,376.608,367.647,0.9568
mixed,16,2,0.125,4.0,512,4096,128,512,176,164.192,182.366,164.927,0.0404
mixed,16,2,0.125,4.0,512,4096,256,1024,352,168.959,203.424,173.76,0.1393
mixed,16,2,0.125,4.0,512,4096,512,2048,704,187.904,243.841,183.618,-0.0766
mixed,16,2,0.125,4.0,512,4096,1024,4096,1408,217.216,248.449,236.703,0.6239
mixed,16,2,0.125,4.0,512,4096,2048,8192,2816,274.559,229.568,316.288,
mixed,16,2,0.125,4.0,512,4096,4096,16384,5632,279.552,378.879,475.455,1.9723
mixed,16,2,0.125,4.0,512,8192,128,512,176,234.143,256.704,233.696,-0.0198
mixed,16,2,0.125,4.0,512,8192,256,1024,352,245.376,276.287,245.6,0.0072
mixed,16,2,0.125,4.0,512,8192,512,2048,704,261.758,322.912,256.863,-0.08
mixed,16,2,0.125,4.0,512,8192,1024,4096,1408,294.688,401.984,281.183,-0.1259
mixed,16,2,0.125,4.0,512,8192,2048,8192,2816,352.096,404.672,394.945,0.815
mixed,16,2,0.125,4.0,512,8192,4096,16384,5632,459.488,393.791,550.944,
mixed,16,2,0.125,4.0,1024,0,128,512,176,80.832,87.197,82.049,0.1912
mixed,16,2,0.125,4.0,1024,0,256,1024,352,81.504,105.12,84.674,0.1342
mixed,16,2,0.125,4.0,1024,0,512,2048,704,92.032,140.8,121.536,0.605
mixed,16,2,0.125,4.0,1024,0,1024,4096,1408,118.24,212.8,193.152,0.7922
mixed,16,2,0.125,4.0,1024,0,2048,8192,2816,169.696,357.856,338.271,0.8959
mixed,16,2,0.125,4.0,1024,0,4096,16384,5632,269.057,648.703,626.27,0.9409
mixed,16,2,0.125,4.0,1024,512,128,512,176,99.777,104.48,100.096,0.0678
mixed,16,2,0.125,4.0,1024,512,256,1024,352,99.999,122.399,99.519,-0.0214
mixed,16,2,0.125,4.0,1024,512,512,2048,704,107.968,158.622,121.505,0.2672
mixed,16,2,0.125,4.0,1024,512,1024,4096,1408,135.231,229.344,192.959,0.6134
mixed,16,2,0.125,4.0,1024,512,2048,8192,2816,185.376,375.071,338.686,0.8082
mixed,16,2,0.125,4.0,1024,512,4096,16384,5632,285.89,664.927,626.112,0.8976
mixed,16,2,0.125,4.0,1024,1024,128,512,176,118.783,121.986,119.04,0.0802
mixed,16,2,0.125,4.0,1024,1024,256,1024,352,118.656,140.8,119.648,0.0448
mixed,16,2,0.125,4.0,1024,1024,512,2048,704,126.976,176.352,123.104,-0.0784
mixed,16,2,0.125,4.0,1024,1024,1024,4096,1408,153.856,249.856,193.663,0.4147
mixed,16,2,0.125,4.0,1024,1024,2048,8192,2816,203.68,393.919,340.319,0.7182
mixed,16,2,0.125,4.0,1024,1024,4096,16384,5632,304.478,683.038,627.873,0.8543
mixed,16,2,0.125,4.0,1024,2048,128,512,176,153.597,157.631,154.816,0.3022
mixed,16,2,0.125,4.0,1024,2048,256,1024,352,154.432,174.849,154.53,0.0048
mixed,16,2,0.125,4.0,1024,2048,512,2048,704,162.176,213.247,157.696,-0.0877
mixed,16,2,0.125,4.0,1024,2048,1024,4096,1408,189.536,287.68,194.559,0.0512
mixed,16,2,0.125,4.0,1024,2048,2048,8192,2816,240.895,433.919,342.911,0.5285
mixed,16,2,0.125,4.0,1024,2048,4096,16384,5632,342.497,723.133,631.872,0.7602
mixed,16,2,0.125,4.0,1024,4096,128,512,176,226.175,227.295,225.982,-0.1723
mixed,16,2,0.125,4.0,1024,4096,256,1024,352,226.977,246.015,227.265,0.0151
mixed,16,2,0.125,4.0,1024,4096,512,2048,704,232.926,287.359,228.225,-0.0864
mixed,16,2,0.125,4.0,1024,4096,1024,4096,1408,261.952,364.961,249.471,-0.1212
mixed,16,2,0.125,4.0,1024,4096,2048,8192,2816,318.112,510.591,346.976,0.15
mixed,16,2,0.125,4.0,1024,4096,4096,16384,5632,419.008,798.942,635.52,0.5699
mixed,16,2,0.125,4.0,1024,8192,128,512,176,378.048,378.849,377.695,-0.4407
mixed,16,2,0.125,4.0,1024,8192,256,1024,352,377.921,397.44,377.855,-0.0034
mixed,16,2,0.125,4.0,1024,8192,512,2048,704,378.975,439.647,379.134,0.0026
mixed,16,2,0.125,4.0,1024,8192,1024,4096,1408,411.231,509.472,399.968,-0.1146
mixed,16,2,0.125,4.0,1024,8192,2048,8192,2816,464.609,657.952,439.072,-0.1321
mixed,16,2,0.125,4.0,1024,8192,4096,16384,5632,568.477,951.901,642.08,0.192
mixed,16,2,0.125,4.0,2048,0,128,512,176,160.768,172.642,161.152,0.0323
mixed,16,2,0.125,4.0,2048,0,256,1024,352,167.262,191.136,178.655,0.4772
mixed,16,2,0.125,4.0,2048,0,512,2048,704,177.982,228.48,215.295,0.7389
mixed,16,2,0.125,4.0,2048,0,1024,4096,1408,206.049,301.279,287.904,0.8596
mixed,16,2,0.125,4.0,2048,0,2048,8192,2816,255.134,445.376,432.383,0.9317
mixed,16,2,0.125,4.0,2048,0,4096,16384,5632,354.912,739.231,722.077,0.9554
mixed,16,2,0.125,4.0,2048,512,128,512,176,194.336,208.0,194.304,-0.0023
mixed,16,2,0.125,4.0,2048,512,256,1024,352,200.288,227.135,198.111,-0.0811
mixed,16,2,0.125,4.0,2048,512,512,2048,704,212.257,264.223,233.695,0.4125
mixed,16,2,0.125,4.0,2048,512,1024,4096,1408,241.025,337.728,308.256,0.6952
mixed,16,2,0.125,4.0,2048,512,2048,8192,2816,293.121,482.238,453.951,0.8504
mixed,16,2,0.125,4.0,2048,512,4096,16384,5632,394.88,771.489,743.166,0.9248
mixed,16,2,0.125,4.0,2048,1024,128,512,176,230.335,243.965,230.947,0.0449
mixed,16,2,0.125,4.0,2048,1024,256,1024,352,235.648,263.232,235.072,-0.0209
mixed,16,2,0.125,4.0,2048,1024,512,2048,704,248.671,300.574,252.064,0.0654
mixed,16,2,0.125,4.0,2048,1024,1024,4096,1408,277.087,376.095,328.606,0.5204
mixed,16,2,0.125,4.0,2048,1024,2048,8192,2816,330.942,520.734,473.792,0.7527
mixed,16,2,0.125,4.0,2048,1024,4096,16384,5632,430.529,810.69,761.855,0.8715
mixed,16,2,0.125,4.0,2048,2048,128,512,176,293.376,317.695,293.311,-0.0027
mixed,16,2,0.125,4.0,2048,2048,256,1024,352,301.504,339.295,310.464,0.2371
mixed,16,2,0.125,4.0,2048,2048,512,2048,704,324.224,377.343,320.352,-0.0729
mixed,16,2,0.125,4.0,2048,2048,1024,4096,1408,353.565,451.489,368.734,0.1549
mixed,16,2,0.125,4.0,2048,2048,2048,8192,2816,406.782,594.593,514.719,0.5747
mixed,16,2,0.125,4.0,2048,2048,4096,16384,5632,504.415,883.391,803.103,0.7881
mixed,16,2,0.125,4.0,2048,4096,128,512,176,445.086,444.734,445.279,
mixed,16,2,0.125,4.0,2048,4096,256,1024,352,445.631,486.464,445.216,-0.0102
mixed,16,2,0.125,4.0,2048,4096,512,2048,704,445.31,525.28,447.037,0.0216
mixed,16,2,0.125,4.0,2048,4096,1024,4096,1408,501.279,598.496,486.911,-0.1478
mixed,16,2,0.125,4.0,2048,4096,2048,8192,2816,553.185,742.303,592.606,0.2084
mixed,16,2,0.125,4.0,2048,4096,4096,16384,5632,651.998,1033.214,881.024,0.6008
mixed,16,2,0.125,4.0,2048,8192,128,512,176,731.999,732.67,730.848,-1.7154
mixed,16,2,0.125,4.0,2048,8192,256,1024,352,733.152,731.743,732.159,
mixed,16,2,0.125,4.0,2048,8192,512,2048,704,732.96,775.902,732.192,-0.0179
mixed,16,2,0.125,4.0,2048,8192,1024,4096,1408,734.463,882.209,730.526,-0.0266
mixed,16,2,0.125,4.0,2048,8192,2048,8192,2816,833.181,1026.078,808.991,-0.1254
mixed,16,2,0.125,4.0,2048,8192,4096,16384,5632,935.135,1316.638,1026.302,0.239
pure,16,3,0.1875,4.0,0,0,128,512,200,40.383,50.942,46.848,0.6123
pure,16,3,0.1875,4.0,0,0,256,1024,400,45.953,55.872,52.418,0.6518
pure,16,3,0.1875,4.0,0,0,512,2048,800,51.745,71.744,53.473,0.0864
pure,16,3,0.1875,4.0,0,0,1024,4096,1600,63.903,99.362,65.633,0.0488
pure,16,3,0.1875,4.0,0,0,2048,8192,3200,87.488,144.257,103.744,0.2864
pure,16,3,0.1875,4.0,0,0,4096,16384,6400,125.472,235.168,158.943,0.3051
mixed,16,3,0.1875,4.0,16,0,128,512,200,45.249,55.616,51.807,0.6326
mixed,16,3,0.1875,4.0,16,0,256,1024,400,53.729,60.607,56.224,0.3628
mixed,16,3,0.1875,4.0,16,0,512,2048,800,57.121,74.91,74.465,0.975
mixed,16,3,0.1875,4.0,16,0,1024,4096,1600,68.256,101.312,80.095,0.3581
mixed,16,3,0.1875,4.0,16,0,2048,8192,3200,90.816,150.24,105.631,0.2493
mixed,16,3,0.1875,4.0,16,0,4096,16384,6400,130.497,240.449,177.569,0.4281
mixed,16,3,0.1875,4.0,16,512,128,512,200,56.61,59.615,56.575,-0.0116
mixed,16,3,0.1875,4.0,16,512,256,1024,400,57.632,65.537,57.568,-0.0081
mixed,16,3,0.1875,4.0,16,512,512,2048,800,75.742,75.04,60.992,
mixed,16,3,0.1875,4.0,16,512,1024,4096,1600,68.927,103.136,81.601,0.3705
mixed,16,3,0.1875,4.0,16,512,2048,8192,3200,92.512,148.16,98.273,0.1035
mixed,16,3,0.1875,4.0,16,512,4096,16384,6400,131.777,241.664,176.991,0.4115
mixed,16,3,0.1875,4.0,16,1024,128,512,200,59.328,59.424,59.776,4.6667
mixed,16,3,0.1875,4.0,16,1024,256,1024,400,59.168,65.761,58.72,-0.068
mixed,16,3,0.1875,4.0,16,1024,512,2048,800,62.813,76.479,62.145,-0.0489
mixed,16,3,0.1875,4.0,16,1024,1024,4096,1600,86.24,102.369,82.368,-0.2401
mixed,16,3,0.1875,4.0,16,1024,2048,8192,3200,92.286,146.335,98.881,0.122
mixed,16,3,0.1875,4.0,16,1024,4096,16384,6400,131.904,239.869,174.4,0.3936
mixed,16,3,0.1875,4.0,16,2048,128,512,200,61.631,62.144,63.33,3.3119
mixed,16,3,0.1875,4.0,16,2048,256,1024,400,61.056,68.095,60.83,-0.0321
mixed,16,3,0.1875,4.0,16,2048,512,2048,800,64.863,95.329,65.056,0.0063
mixed,16,3,0.1875,4.0,16,2048,1024,4096,1600,88.416,105.728,86.558,-0.1073
mixed,16,3,0.1875,4.0,16,2048,2048,8192,3200,125.952,151.138,100.384,-1.0152
mixed,16,3,0.1875,4.0,16,2048,4096,16384,6400,131.68,244.095,176.257,0.3965
mixed,16,3,0.1875,4.0,16,4096,128,512,200,65.28,65.728,63.616,-3.7143
mixed,16,3,0.1875,4.0,16,4096,256,1024,400,66.017,74.208,64.193,-0.2227
mixed,16,3,0.1875,4.0,16,4096,512,2048,800,66.528,85.951,67.2,0.0346
mixed,16,3,0.1875,4.0,16,4096,1024,4096,1600,77.791,140.318,77.28,-0.0082
mixed,16,3,0.1875,4.0,16,4096,2048,8192,3200,126.686,154.177,117.152,-0.3468
mixed,16,3,0.1875,4.0,16,4096,4096,16384,6400,193.12,245.376,170.112,-0.4403
mixed,16,3,0.1875,4.0,16,8192,128,512,200,72.766,69.985,71.105,
mixed,16,3,0.1875,4.0,16,8192,256,1024,400,70.59,74.494,72.064,0.3776
mixed,16,3,0.1875,4.0,16,8192,512,2048,800,85.471,89.248,75.23,-2.7114
mixed,16,3,0.1875,4.0,16,8192,1024,4096,1600,81.344,143.168,80.544,-0.0129
mixed,16,3,0.1875,4.0,16,8192,2048,8192,3200,103.552,225.921,100.929,-0.0214
mixed,16,3,0.1875,4.0,16,8192,4096,16384,6400,194.945,245.823,174.431,-0.4032
mixed,16,3,0.1875,4.0,32,0,128,512,200,46.208,56.097,51.488,0.5339
mixed,16,3,0.1875,4.0,32,0,256,1024,400,53.375,61.152,56.576,0.4116
mixed,16,3,0.1875,4.0,32,0,512,2048,800,57.951,74.912,75.389,1.0281
mixed,16,3,0.1875,4.0,32,0,1024,4096,1600,70.176,102.656,79.936,0.3005
mixed,16,3,0.1875,4.0,32,0,2048,8192,3200,90.431,150.785,106.017,0.2582
mixed,16,3,0.1875,4.0,32,0,4096,16384,6400,130.368,239.264,178.848,0.4452
mixed,16,3,0.1875,4.0,32,512,128,512,200,60.192,61.824,62.304,1.2941
mixed,16,3,0.1875,4.0,32,512,256,1024,400,60.898,68.641,58.688,-0.2854
mixed,16,3,0.1875,4.0,32,512,512,2048,800,63.583,75.199,62.272,-0.1129
mixed,16,3,0.1875,4.0,32,512,1024,4096,1600,85.888,104.673,88.287,0.1277
mixed,16,3,0.1875,4.0,32,512,2048,8192,3200,95.745,150.561,101.153,0.0987
mixed,16,3,0.1875,4.0,32,512,4096,16384,6400,133.728,242.911,180.03,0.4241
mixed,16,3,0.1875,4.0,32,1024,128,512,200,64.16,63.807,63.647,
mixed,16,3,0.1875,4.0,32,1024,256,1024,400,63.424,73.408,61.728,-0.1699
mixed,16,3,0.1875,4.0,32,1024,512,2048,800,66.082,99.936,66.976,0.0264
mixed,16,3,0.1875,4.0,32,1024,1024,4096,1600,86.657,104.608,91.201,0.2531
mixed,16,3,0.1875,4.0,32,1024,2048,8192,3200,123.521,149.119,117.313,-0.2425
mixed,16,3,0.1875,4.0,32,1024,4096,16384,6400,132.61,242.079,176.545,0.4013
mixed,16,3,0.1875,4.0,32,2048,128,512,200,66.24,68.255,62.944,-1.6357
mixed,16,3,0.1875,4.0,32,2048,256,1024,400,69.44,75.361,63.616,-0.9836
mixed,16,3,0.1875,4.0,32,2048,512,2048,800,69.826,84.8,68.513,-0.0877
mixed,16,3,0.1875,4.0,32,2048,1024,4096,1600,77.44,140.256,79.552,0.0336
mixed,16,3,0.1875,4.0,32,2048,2048,8192,3200,127.52,151.71,118.497,-0.373
mixed,16,3,0.1875,4.0,32,2048,4096,16384,6400,182.559,242.624,172.097,-0.1742
mixed,16,3,0.1875,4.0,32,4096,128,512,200,72.384,70.112,73.759,
mixed,16,3,0.1875,4.0,32,4096,256,1024,400,70.496,76.447,72.896,0.4033
mixed,16,3,0.1875,4.0,32,4096,512,2048,800,82.144,85.631,74.623,-2.1569
mixed,16,3,0.1875,4.0,32,4096,1024,4096,1600,79.904,140.351,80.446,0.009
mixed,16,3,0.1875,4.0,32,4096,2048,8192,3200,100.414,222.847,101.376,0.0079
mixed,16,3,0.1875,4.0,32,4096,4096,16384,6400,191.488,246.369,175.2,-0.2968
mixed,16,3,0.1875,4.0,32,8192,128,512,200,76.768,78.272,77.568,0.5319
mixed,16,3,0.1875,4.0,32,8192,256,1024,400,79.167,83.197,77.634,-0.3804
mixed,16,3,0.1875,4.0,32,8192,512,2048,800,81.024,109.44,82.656,0.0574
mixed,16,3,0.1875,4.0,32,8192,1024,4096,1600,102.463,113.247,88.256,-1.3174
mixed,16,3,0.1875,4.0,32,8192,2048,8192,3200,110.783,222.398,109.568,-0.0109
mixed,16,3,0.1875,4.0,32,8192,4096,16384,6400,194.017,391.774,177.248,-0.0848
mixed,16,3,0.1875,4.0,64,0,128,512,200,46.016,56.769,52.993,0.6488
mixed,16,3,0.1875,4.0,64,0,256,1024,400,53.185,60.992,56.928,0.4794
mixed,16,3,0.1875,4.0,64,0,512,2048,800,74.623,90.081,75.968,0.087
mixed,16,3,0.1875,4.0,64,0,1024,4096,1600,85.823,116.896,81.505,-0.139
mixed,16,3,0.1875,4.0,64,0,2048,8192,3200,103.616,161.792,104.416,0.0138
mixed,16,3,0.1875,4.0,64,0,4096,16384,6400,141.759,251.392,178.912,0.3389
mixed,16,3,0.1875,4.0,64,512,128,512,200,67.392,65.888,64.066,
mixed,16,3,0.1875,4.0,64,512,256,1024,400,66.24,72.352,61.663,-0.7489
mixed,16,3,0.1875,4.0,64,512,512,2048,800,67.36,96.416,69.023,0.0572
mixed,16,3,0.1875,4.0,64,512,1024,4096,1600,88.896,137.311,89.408,0.0106
mixed,16,3,0.1875,4.0,64,512,2048,8192,3200,125.472,186.24,118.88,-0.1085
mixed,16,3,0.1875,4.0,64,512,4096,16384,6400,166.016,276.67,177.152,0.1006
mixed,16,3,0.1875,4.0,64,1024,128,512,200,68.8,78.177,67.552,-0.1331
mixed,16,3,0.1875,4.0,64,1024,256,1024,400,70.08,76.801,65.44,-0.6904
mixed,16,3,0.1875,4.0,64,1024,512,2048,800,71.615,80.574,72.48,0.0966
mixed,16,3,0.1875,4.0,64,1024,1024,4096,1600,77.377,139.905,77.12,-0.0041
mixed,16,3,0.1875,4.0,64,1024,2048,8192,3200,126.466,205.023,119.296,-0.0913
mixed,16,3,0.1875,4.0,64,1024,4096,16384,6400,185.504,299.04,172.416,-0.1153
mixed,16,3,0.1875,4.0,64,2048,128,512,200,74.912,71.52,75.967,
mixed,16,3,0.1875,4.0,64,2048,256,1024,400,71.649,85.217,76.415,0.3513
mixed,16,3,0.1875,4.0,64,2048,512,2048,800,83.042,87.935,77.185,-1.197
mixed,16,3,0.1875,4.0,64,2048,1024,4096,1600,79.392,143.135,83.073,0.0577
mixed,16,3,0.1875,4.0,64,2048,2048,8192,3200,99.842,220.894,104.928,0.042
mixed,16,3,0.1875,4.0,64,2048,4096,16384,6400,180.32,337.343,169.985,-0.0658
mixed,16,3,0.1875,4.0,64,4096,128,512,200,76.928,84.672,78.784,0.2397
mixed,16,3,0.1875,4.0,64,4096,256,1024,400,81.919,84.511,77.824,-1.5799
mixed,16,3,0.1875,4.0,64,4096,512,2048,800,82.24,118.242,85.471,0.0897
mixed,16,3,0.1875,4.0,64,4096,1024,4096,1600,103.261,113.407,103.136,-0.0123
mixed,16,3,0.1875,4.0,64,4096,2048,8192,3200,102.463,220.639,104.383,0.0162
mixed,16,3,0.1875,4.0,64,4096,4096,16384,6400,190.243,387.998,176.128,-0.0714
mixed,16,3,0.1875,4.0,64,8192,128,512,200,90.943,91.712,91.551,0.7906
mixed,16,3,0.1875,4.0,64,8192,256,1024,400,92.608,103.933,91.263,-0.1188
mixed,16,3,0.1875,4.0,64,8192,512,2048,800,99.552,103.87,94.88,-1.082
mixed,16,3,0.1875,4.0,64,8192,1024,4096,1600,104.737,170.496,104.608,-0.002
mixed,16,3,0.1875,4.0,64,8192,2048,8192,3200,146.304,165.024,145.761,-0.029
mixed,16,3,0.1875,4.0,64,8192,4096,16384,6400,143.52,384.799,143.071,-0.0019
mixed,16,3,0.1875,4.0,128,0,128,512,200,47.903,57.568,56.576,0.8974
mixed,16,3,0.1875,4.0,128,0,256,1024,400,54.496,64.418,58.175,0.3708
mixed,16,3,0.1875,4.0,128,0,512,2048,800,74.753,91.071,62.816,-0.7315
mixed,16,3,0.1875,4.0,128,0,1024,4096,1600,87.553,116.45,80.993,-0.227
mixed,16,3,0.1875,4.0,128,0,2048,8192,3200,105.056,164.8,101.888,-0.053
mixed,16,3,0.1875,4.0,128,0,4096,16384,6400,145.025,257.663,147.233,0.0196
mixed,16,3,0.1875,4.0,128,512,128,512,200,70.816,81.088,69.44,-0.134
mixed,16,3,0.1875,4.0,128,512,256,1024,400,70.881,73.792,70.205,-0.2322
mixed,16,3,0.1875,4.0,128,512,512,2048,800,72.096,80.223,72.704,0.0748
mixed,16,3,0.1875,4.0,128,512,1024,4096,1600,73.44,136.703,73.599,0.0025
mixed,16,3,0.1875,4.0,128,512,2048,8192,3200,124.863,186.432,118.785,-0.0987
mixed,16,3,0.1875,4.0,128,512,4096,16384,6400,166.368,277.472,150.335,-0.1443
mixed,16,3,0.1875,4.0,128,1024,128,512,200,70.175,74.015,71.775,0.4167
mixed,16,3,0.1875,4.0,128,1024,256,1024,400,73.473,94.4,74.975,0.0718
mixed,16,3,0.1875,4.0,128,1024,512,2048,800,74.371,84.256,72.737,-0.1653
mixed,16,3,0.1875,4.0,128,1024,1024,4096,1600,81.696,139.104,80.287,-0.0245
mixed,16,3,0.1875,4.0,128,1024,2048,8192,3200,97.504,201.856,99.392,0.0181
mixed,16,3,0.1875,4.0,128,1024,4096,16384,6400,181.119,295.873,166.656,-0.126
mixed,16,3,0.1875,4.0,128,2048,128,512,200,77.343,86.24,85.247,0.8884
mixed,16,3,0.1875,4.0,128,2048,256,1024,400,80.704,84.32,78.592,-0.5841
mixed,16,3,0.1875,4.0,128,2048,512,2048,800,81.601,119.904,83.965,0.0617
mixed,16,3,0.1875,4.0,128,2048,1024,4096,1600,102.528,113.921,101.856,-0.059
mixed,16,3,0.1875,4.0,128,2048,2048,8192,3200,101.726,219.711,105.279,0.0301
mixed,16,3,0.1875,4.0,128,2048,4096,16384,6400,179.391,333.822,169.153,-0.0663
mixed,16,3,0.1875,4.0,128,4096,128,512,200,87.23,90.977,92.479,1.4009
mixed,16,3,0.1875,4.0,128,4096,256,1024,400,91.904,107.681,94.24,0.1481
mixed,16,3,0.1875,4.0,128,4096,512,2048,800,95.2,102.401,93.856,-0.1866
mixed,16,3,0.1875,4.0,128,4096,1024,4096,1600,123.391,173.118,113.952,-0.1898
mixed,16,3,0.1875,4.0,128,4096,2048,8192,3200,149.024,167.807,148.16,-0.046
mixed,16,3,0.1875,4.0,128,4096,4096,16384,6400,142.367,384.896,144.191,0.0075
mixed,16,3,0.1875,4.0,128,8192,128,512,200,115.776,112.737,115.713,
mixed,16,3,0.1875,4.0,128,8192,256,1024,400,116.8,116.704,116.416,
mixed,16,3,0.1875,4.0,128,8192,512,2048,800,115.552,146.049,114.273,-0.0419
mixed,16,3,0.1875,4.0,128,8192,1024,4096,1600,126.624,139.871,124.095,-0.1909
mixed,16,3,0.1875,4.0,128,8192,2048,8192,3200,192.32,279.328,173.117,-0.2207
mixed,16,3,0.1875,4.0,128,8192,4096,16384,6400,231.105,279.423,228.159,-0.061
mixed,16,3,0.1875,4.0,256,0,128,512,200,47.934,63.328,59.967,0.7817
mixed,16,3,0.1875,4.0,256,0,256,1024,400,55.552,65.471,63.071,0.758
mixed,16,3,0.1875,4.0,256,0,512,2048,800,66.239,82.527,70.944,0.2889
mixed,16,3,0.1875,4.0,256,0,1024,4096,1600,88.32,123.873,92.512,0.1179
mixed,16,3,0.1875,4.0,256,0,2048,8192,3200,111.424,169.023,135.935,0.4255
mixed,16,3,0.1875,4.0,256,0,4096,16384,6400,150.399,260.351,217.057,0.6062
mixed,16,3,0.1875,4.0,256,512,128,512,200,77.535,77.919,77.375,-0.4167
mixed,16,3,0.1875,4.0,256,512,256,1024,400,77.792,97.792,78.176,0.0192
mixed,16,3,0.1875,4.0,256,512,512,2048,800,74.466,82.56,90.784,2.0161
mixed,16,3,0.1875,4.0,256,512,1024,4096,1600,78.753,111.905,90.624,0.3581
mixed,16,3,0.1875,4.0,256,512,2048,8192,3200,99.741,185.214,133.088,0.3901
mixed,16,3,0.1875,4.0,256,512,4096,16384,6400,165.151,273.024,217.536,0.4856
mixed,16,3,0.1875,4.0,256,1024,128,512,200,82.719,94.304,86.144,0.2956
mixed,16,3,0.1875,4.0,256,1024,256,1024,400,82.049,88.254,95.295,2.1347
mixed,16,3,0.1875,4.0,256,1024,512,2048,800,87.104,121.535,88.128,0.0297
mixed,16,3,0.1875,4.0,256,1024,1024,4096,1600,89.886,110.782,109.921,0.9588
mixed,16,3,0.1875,4.0,256,1024,2048,8192,3200,103.551,198.848,132.448,0.3032
mixed,16,3,0.1875,4.0,256,1024,4096,16384,6400,140.8,292.83,213.92,0.481
mixed,16,3,0.1875,4.0,256,2048,128,512,200,94.047,94.594,94.304,0.4698
mixed,16,3,0.1875,4.0,256,2048,256,1024,400,95.008,112.929,92.03,-0.1662
mixed,16,3,0.1875,4.0,256,2048,512,2048,800,91.551,106.146,114.75,1.5895
mixed,16,3,0.1875,4.0,256,2048,1024,4096,1600,107.487,168.897,105.153,-0.038
mixed,16,3,0.1875,4.0,256,2048,2048,8192,3200,155.104,165.759,151.488,-0.3394
mixed,16,3,0.1875,4.0,256,2048,4096,16384,6400,142.976,330.655,212.096,0.3683
mixed,16,3,0.1875,4.0,256,4096,128,512,200,111.839,128.414,114.816,0.1796
mixed,16,3,0.1875,4.0,256,4096,256,1024,400,122.91,120.671,141.826,
mixed,16,3,0.1875,4.0,256,4096,512,2048,800,137.47,151.873,140.607,0.2178
mixed,16,3,0.1875,4.0,256,4096,1024,4096,1600,119.584,144.51,153.536,1.3621
mixed,16,3,0.1875,4.0,256,4096,2048,8192,3200,186.656,263.264,168.672,-0.2348
mixed,16,3,0.1875,4.0,256,4096,4096,16384,6400,235.647,272.993,228.224,-0.1988
mixed,16,3,0.1875,4.0,256,8192,128,512,200,148.577,164.512,149.57,0.0623
mixed,16,3,0.1875,4.0,256,8192,256,1024,400,158.976,185.985,156.096,-0.1066
mixed,16,3,0.1875,4.0,256,8192,512,2048,800,176.064,172.192,218.208,
mixed,16,3,0.1875,4.0,256,8192,1024,4096,1600,172.799,230.304,171.136,-0.0289
mixed,16,3,0.1875,4.0,256,8192,2048,8192,3200,193.888,219.679,232.448,1.4951
mixed,16,3,0.1875,4.0,256,8192,4096,16384,6400,305.761,450.239,263.744,-0.2908
mixed,16,3,0.1875,4.0,512,0,128,512,200,57.568,72.992,93.664,2.3402
mixed,16,3,0.1875,4.0,512,0,256,1024,400,56.962,76.416,75.072,0.9309
mixed,16,3,0.1875,4.0,512,0,512,2048,800,72.607,97.504,93.279,0.8303
mixed,16,3,0.1875,4.0,512,0,1024,4096,1600,87.616,136.991,133.118,0.9216
mixed,16,3,0.1875,4.0,512,0,2048,8192,3200,119.517,215.809,210.367,0.9435
mixed,16,3,0.1875,4.0,512,0,4096,16384,6400,183.423,372.064,365.853,0.9671
mixed,16,3,0.1875,4.0,512,512,128,512,200,101.218,117.151,111.807,0.6646
mixed,16,3,0.1875,4.0,512,512,256,1024,400,111.137,116.512,110.912,-0.0419
mixed,16,3,0.1875,4.0,512,512,512,2048,800,125.855,96.993,130.112,
mixed,16,3,0.1875,4.0,512,512,1024,4096,1600,92.479,138.431,132.991,0.8816
mixed,16,3,0.1875,4.0,512,512,2048,8192,3200,119.137,214.719,212.032,0.9719
mixed,16,3,0.1875,4.0,512,512,4096,16384,6400,181.407,369.984,367.325,0.9859
mixed,16,3,0.1875,4.0,512,1024,128,512,200,111.615,125.664,120.736,0.6492
mixed,16,3,0.1875,4.0,512,1024,256,1024,400,120.16,145.375,120.032,-0.0051
mixed,16,3,0.1875,4.0,512,1024,512,2048,800,135.297,146.24,139.232,0.3596
mixed,16,3,0.1875,4.0,512,1024,1024,4096,1600,138.08,137.921,176.415,
mixed,16,3,0.1875,4.0,512,1024,2048,8192,3200,120.8,215.359,213.376,0.979
mixed,16,3,0.1875,4.0,512,1024,4096,16384,6400,182.207,375.521,369.023,0.9664
mixed,16,3,0.1875,4.0,512,2048,128,512,200,129.215,144.351,131.201,0.1312
mixed,16,3,0.1875,4.0,512,2048,256,1024,400,139.969,163.744,159.423,0.8183
mixed,16,3,0.1875,4.0,512,2048,512,2048,800,154.847,167.583,158.624,0.2966
mixed,16,3,0.1875,4.0,512,2048,1024,4096,1600,183.007,152.704,196.288,
mixed,16,3,0.1875,4.0,512,2048,2048,8192,3200,192.257,216.384,276.768,3.5028
mixed,16,3,0.1875,4.0,512,2048,4096,16384,6400,183.297,373.855,370.559,0.9827
mixed,16,3,0.1875,4.0,512,4096,128,512,200,165.152,182.268,165.215,0.0037
mixed,16,3,0.1875,4.0,512,4096,256,1024,400,173.981,202.43,173.408,-0.0201
mixed,16,3,0.1875,4.0,512,4096,512,2048,800,192.992,242.688,237.856,0.9028
mixed,16,3,0.1875,4.0,512,4096,1024,4096,1600,223.262,248.064,236.769,0.5446
mixed,16,3,0.1875,4.0,512,4096,2048,8192,3200,288.0,230.209,316.798,
mixed,16,3,0.1875,4.0,512,4096,4096,16384,6400,293.921,379.807,471.583,2.0686
mixed,16,3,0.1875,4.0,512,8192,128,512,200,233.6,256.447,235.645,0.0895
mixed,16,3,0.1875,4.0,512,8192,256,1024,400,250.495,276.256,246.591,-0.1515
mixed,16,3,0.1875,4.0,512,8192,512,2048,800,266.336,321.087,259.2,-0.1303
mixed,16,3,0.1875,4.0,512,8192,1024,4096,1600,301.152,400.8,393.373,0.9255
mixed,16,3,0.1875,4.0,512,8192,2048,8192,3200,367.584,407.295,395.84,0.7115
mixed,16,3,0.1875,4.0,512,8192,4096,16384,6400,370.879,393.856,549.44,7.7713
mixed,16,3,0.1875,4.0,1024,0,128,512,200,81.856,86.784,81.247,-0.1236
mixed,16,3,0.1875,4.0,1024,0,256,1024,400,83.038,104.77,99.713,0.7673
mixed,16,3,0.1875,4.0,1024,0,512,2048,800,96.256,142.08,134.945,0.8443
mixed,16,3,0.1875,4.0,1024,0,1024,4096,1600,124.096,214.143,207.873,0.9304
mixed,16,3,0.1875,4.0,1024,0,2048,8192,3200,182.624,357.695,353.409,0.9755
mixed,16,3,0.1875,4.0,1024,0,4096,16384,6400,294.173,645.951,639.583,0.9819
mixed,16,3,0.1875,4.0,1024,512,128,512,200,100.383,103.169,99.2,-0.4246
mixed,16,3,0.1875,4.0,1024,512,256,1024,400,100.096,122.145,116.446,0.7415
mixed,16,3,0.1875,4.0,1024,512,512,2048,800,113.087,159.008,153.826,0.8872
mixed,16,3,0.1875,4.0,1024,512,1024,4096,1600,140.384,230.943,226.336,0.9491
mixed,16,3,0.1875,4.0,1024,512,2048,8192,3200,199.136,376.0,370.24,0.9674
mixed,16,3,0.1875,4.0,1024,512,4096,16384,6400,312.479,664.254,658.4,0.9834
mixed,16,3,0.1875,4.0,1024,1024,128,512,200,118.592,122.08,117.887,-0.2021
mixed,16,3,0.1875,4.0,1024,1024,256,1024,400,118.272,139.809,135.36,0.7934
mixed,16,3,0.1875,4.0,1024,1024,512,2048,800,130.24,176.738,171.262,0.8822
mixed,16,3,0.1875,4.0,1024,1024,1024,4096,1600,159.008,249.886,244.479,0.9405
mixed,16,3,0.1875,4.0,1024,1024,2048,8192,3200,217.792,393.823,389.055,0.9729
mixed,16,3,0.1875,4.0,1024,1024,4096,16384,6400,331.679,685.247,677.534,0.9782
mixed,16,3,0.1875,4.0,1024,2048,128,512,200,154.464,157.76,154.623,0.0482
mixed,16,3,0.1875,4.0,1024,2048,256,1024,400,153.856,176.447,153.889,0.0015
mixed,16,3,0.1875,4.0,1024,2048,512,2048,800,166.433,213.345,208.544,0.8977
mixed,16,3,0.1875,4.0,1024,2048,1024,4096,1600,194.784,287.616,282.4,0.9438
mixed,16,3,0.1875,4.0,1024,2048,2048,8192,3200,256.064,434.495,427.999,0.9636
mixed,16,3,0.1875,4.0,1024,2048,4096,16384,6400,371.008,724.381,717.63,0.9809
mixed,16,3,0.1875,4.0,1024,4096,128,512,200,225.919,228.128,227.487,0.7098
mixed,16,3,0.1875,4.0,1024,4096,256,1024,400,227.198,246.879,226.847,-0.0178
mixed,16,3,0.1875,4.0,1024,4096,512,2048,800,236.863,288.447,228.895,-0.1545
mixed,16,3,0.1875,4.0,1024,4096,1024,4096,1600,267.904,363.777,358.848,0.9486
mixed,16,3,0.1875,4.0,1024,4096,2048,8192,3200,330.59,510.782,503.743,0.9609
mixed,16,3,0.1875,4.0,1024,4096,4096,16384,6400,445.182,798.847,793.695,0.9854
mixed,16,3,0.1875,4.0,1024,8192,128,512,200,378.24,378.464,377.695,-2.433
mixed,16,3,0.1875,4.0,1024,8192,256,1024,400,378.656,397.631,379.04,0.0202
mixed,16,3,0.1875,4.0,1024,8192,512,2048,800,378.88,436.896,378.335,-0.0094
mixed,16,3,0.1875,4.0,1024,8192,1024,4096,1600,417.216,512.768,399.615,-0.1842
mixed,16,3,0.1875,4.0,1024,8192,2048,8192,3200,479.04,658.144,653.47,0.9739
mixed,16,3,0.1875,4.0,1024,8192,4096,16384,6400,593.47,944.191,940.447,0.9893
mixed,16,3,0.1875,4.0,2048,0,128,512,200,161.984,173.505,161.119,-0.0751
mixed,16,3,0.1875,4.0,2048,0,256,1024,400,169.44,190.753,179.683,0.4806
mixed,16,3,0.1875,4.0,2048,0,512,2048,800,182.208,226.175,215.005,0.7459
mixed,16,3,0.1875,4.0,2048,0,1024,4096,1600,211.328,301.886,288.256,0.8495
mixed,16,3,0.1875,4.0,2048,0,2048,8192,3200,272.161,446.464,433.407,0.9251
mixed,16,3,0.1875,4.0,2048,0,4096,16384,6400,382.72,736.544,722.527,0.9604
mixed,16,3,0.1875,4.0,2048,512,128,512,200,194.368,206.688,194.4,0.0026
mixed,16,3,0.1875,4.0,2048,512,256,1024,400,204.127,226.081,197.601,-0.2973
mixed,16,3,0.1875,4.0,2048,512,512,2048,800,217.408,263.776,233.728,0.352
mixed,16,3,0.1875,4.0,2048,512,1024,4096,1600,244.03,340.321,308.641,0.671
mixed,16,3,0.1875,4.0,2048,512,2048,8192,3200,305.278,483.102,453.408,0.833
mixed,16,3,0.1875,4.0,2048,512,4096,16384,6400,418.847,770.333,744.64,0.9269
mixed,16,3,0.1875,4.0,2048,1024,128,512,200,230.113,243.327,229.632,-0.0364
mixed,16,3,0.1875,4.0,2048,1024,256,1024,400,238.399,262.943,234.882,-0.1433
mixed,16,3,0.1875,4.0,2048,1024,512,2048,800,253.887,301.086,251.808,-0.044
mixed,16,3,0.1875,4.0,2048,1024,1024,4096,1600,283.521,375.487,327.806,0.4815
mixed,16,3,0.1875,4.0,2048,1024,2048,8192,3200,344.479,521.503,474.175,0.7326
mixed,16,3,0.1875,4.0,2048,1024,4096,16384,6400,455.68,808.895,763.136,0.8705
mixed,16,3,0.1875,4.0,2048,2048,128,512,200,293.537,319.454,293.505,-0.0012
mixed,16,3,0.1875,4.0,2048,2048,256,1024,400,313.889,339.552,309.695,-0.1634
mixed,16,3,0.1875,4.0,2048,2048,512,2048,800,328.576,377.566,319.36,-0.1881
mixed,16,3,0.1875,4.0,2048,2048,1024,4096,1600,357.504,453.153,367.488,0.1044
mixed,16,3,0.1875,4.0,2048,2048,2048,8192,3200,418.08,594.431,513.408,0.5406
mixed,16,3,0.1875,4.0,2048,2048,4096,16384,6400,532.798,882.941,802.656,0.7707
mixed,16,3,0.1875,4.0,2048,4096,128,512,200,445.439,444.256,445.854,
mixed,16,3,0.1875,4.0,2048,4096,256,1024,400,445.088,485.054,446.237,0.0287
mixed,16,3,0.1875,4.0,2048,4096,512,2048,800,449.183,524.706,466.781,0.233
mixed,16,3,0.1875,4.0,2048,4096,1024,4096,1600,504.413,599.295,488.191,-0.171
mixed,16,3,0.1875,4.0,2048,4096,2048,8192,3200,565.117,742.015,591.872,0.1512
mixed,16,3,0.1875,4.0,2048,4096,4096,16384,6400,680.128,1032.192,881.377,0.5716
mixed,16,3,0.1875,4.0,2048,8192,128,512,200,732.51,732.927,732.672,0.3885
mixed,16,3,0.1875,4.0,2048,8192,256,1024,400,731.807,733.089,731.839,0.025
mixed,16,3,0.1875,4.0,2048,8192,512,2048,800,732.288,775.71,734.429,0.0493
mixed,16,3,0.1875,4.0,2048,8192,1024,4096,1600,731.678,880.893,737.566,0.0395
mixed,16,3,0.1875,4.0,2048,8192,2048,8192,3200,846.557,1028.863,808.64,-0.208
mixed,16,3,0.1875,4.0,2048,8192,4096,16384,6400,961.374,1315.007,1025.152,0.1804
pure,16,4,0.25,4.0,0,0,128,512,224,40.256,51.584,45.888,0.4972
pure,16,4,0.25,4.0,0,0,256,1024,448,46.466,55.84,52.575,0.6517
pure,16,4,0.25,4.0,0,0,512,2048,896,54.432,71.68,56.417,0.1151
pure,16,4,0.25,4.0,0,0,1024,4096,1792,67.104,98.816,78.719,0.3663
pure,16,4,0.25,4.0,0,0,2048,8192,3584,92.256,145.888,105.055,0.2386
pure,16,4,0.25,4.0,0,0,4096,16384,7168,134.719,234.591,157.538,0.2285
mixed,16,4,0.25,4.0,16,0,128,512,224,45.985,55.809,51.456,0.5569
mixed,16,4,0.25,4.0,16,0,256,1024,448,53.12,60.831,56.736,0.4689
mixed,16,4,0.25,4.0,16,0,512,2048,896,59.713,75.36,61.889,0.1391
mixed,16,4,0.25,4.0,16,0,1024,4096,1792,72.896,101.663,73.727,0.0289
mixed,16,4,0.25,4.0,16,0,2048,8192,3584,96.961,150.016,118.11,0.3986
mixed,16,4,0.25,4.0,16,0,4096,16384,7168,136.704,240.449,175.904,0.3778
mixed,16,4,0.25,4.0,16,512,128,512,224,55.776,58.24,55.776,0.0
mixed,16,4,0.25,4.0,16,512,256,1024,448,59.039,66.177,57.056,-0.2778
mixed,16,4,0.25,4.0,16,512,512,2048,896,65.12,74.881,63.616,-0.1541
mixed,16,4,0.25,4.0,16,512,1024,4096,1792,73.985,102.048,73.215,-0.0274
mixed,16,4,0.25,4.0,16,512,2048,8192,3584,95.456,147.615,118.88,0.4491
mixed,16,4,0.25,4.0,16,512,4096,16384,7168,137.472,240.802,175.04,0.3636
mixed,16,4,0.25,4.0,16,1024,128,512,224,60.225,59.202,60.349,
mixed,16,4,0.25,4.0,16,1024,256,1024,448,59.264,68.097,58.016,-0.1413
mixed,16,4,0.25,4.0,16,1024,512,2048,896,64.833,77.469,64.576,-0.0203
mixed,16,4,0.25,4.0,16,1024,1024,4096,1792,76.992,103.744,74.784,-0.0825
mixed,16,4,0.25,4.0,16,1024,2048,8192,3584,96.063,149.055,120.191,0.4553
mixed,16,4,0.25,4.0,16,1024,4096,16384,7168,139.488,240.096,175.456,0.3575
mixed,16,4,0.25,4.0,16,2048,128,512,224,61.536,61.442,61.12,
mixed,16,4,0.25,4.0,16,2048,256,1024,448,62.273,67.872,60.448,-0.326
mixed,16,4,0.25,4.0,16,2048,512,2048,896,63.999,96.095,64.544,0.017
mixed,16,4,0.25,4.0,16,2048,1024,4096,1792,78.336,105.631,78.047,-0.0106
mixed,16,4,0.25,4.0,16,2048,2048,8192,3584,105.087,150.847,102.528,-0.0559
mixed,16,4,0.25,4.0,16,2048,4096,16384,7168,140.224,240.543,176.608,0.3627
mixed,16,4,0.25,4.0,16,4096,128,512,224,65.889,65.406,62.848,
mixed,16,4,0.25,4.0,16,4096,256,1024,448,65.025,74.559,64.511,-0.0539
mixed,16,4,0.25,4.0,16,4096,512,2048,896,66.528,82.913,68.16,0.0996
mixed,16,4,0.25,4.0,16,4096,1024,4096,1792,78.656,140.159,79.108,0.0073
mixed,16,4,0.25,4.0,16,4096,2048,8192,3584,129.697,152.064,104.895,-1.1089
mixed,16,4,0.25,4.0,16,4096,4096,16384,7168,202.655,243.552,178.047,-0.6017
mixed,16,4,0.25,4.0,16,8192,128,512,224,69.889,69.087,71.776,
mixed,16,4,0.25,4.0,16,8192,256,1024,448,71.424,75.519,70.592,-0.2032
mixed,16,4,0.25,4.0,16,8192,512,2048,896,73.024,90.272,74.303,0.0742
mixed,16,4,0.25,4.0,16,8192,1024,4096,1792,89.406,142.912,85.984,-0.064
mixed,16,4,0.25,4.0,16,8192,2048,8192,3584,132.161,225.312,104.896,-0.2927
mixed,16,4,0.25,4.0,16,8192,4096,16384,7168,202.626,247.424,151.808,-1.1344
mixed,16,4,0.25,4.0,32,0,128,512,224,46.178,55.999,51.807,0.5732
mixed,16,4,0.25,4.0,32,0,256,1024,448,52.926,61.153,56.257,0.4049
mixed,16,4,0.25,4.0,32,0,512,2048,896,60.608,76.16,61.505,0.0577
mixed,16,4,0.25,4.0,32,0,1024,4096,1792,73.599,103.135,71.904,-0.0574
mixed,16,4,0.25,4.0,32,0,2048,8192,3584,96.45,153.216,120.188,0.4182
mixed,16,4,0.25,4.0,32,0,4096,16384,7168,139.648,240.862,178.431,0.3832
mixed,16,4,0.25,4.0,32,512,128,512,224,58.912,61.695,61.247,0.839
mixed,16,4,0.25,4.0,32,512,256,1024,448,61.793,68.799,60.895,-0.1282
mixed,16,4,0.25,4.0,32,512,512,2048,896,64.961,76.705,65.376,0.0353
mixed,16,4,0.25,4.0,32,512,1024,4096,1792,75.488,103.103,73.216,-0.0823
mixed,16,4,0.25,4.0,32,512,2048,8192,3584,97.377,149.919,120.704,0.444
mixed,16,4,0.25,4.0,32,512,4096,16384,7168,140.417,244.383,175.712,0.3395
mixed,16,4,0.25,4.0,32,1024,128,512,224,61.856,62.623,62.88,1.3351
mixed,16,4,0.25,4.0,32,1024,256,1024,448,62.59,71.938,61.311,-0.1368
mixed,16,4,0.25,4.0,32,1024,512,2048,896,67.104,97.92,67.618,0.0167
mixed,16,4,0.25,4.0,32,1024,1024,4096,1792,76.191,104.286,78.753,0.0912
mixed,16,4,0.25,4.0,32,1024,2048,8192,3584,102.655,148.256,97.826,-0.1059
mixed,16,4,0.25,4.0,32,1024,4096,16384,7168,140.063,243.167,176.929,0.3576
mixed,16,4,0.25,4.0,32,2048,128,512,224,66.497,67.361,65.28,-1.4086
mixed,16,4,0.25,4.0,32,2048,256,1024,448,69.152,75.68,64.768,-0.6716
mixed,16,4,0.25,4.0,32,2048,512,2048,896,70.271,85.472,69.505,-0.0504
mixed,16,4,0.25,4.0,32,2048,1024,4096,1792,77.984,140.512,80.353,0.0379
mixed,16,4,0.25,4.0,32,2048,2048,8192,3584,130.464,149.377,103.714,-1.4144
mixed,16,4,0.25,4.0,32,2048,4096,16384,7168,192.449,243.298,176.0,-0.3235
mixed,16,4,0.25,4.0,32,4096,128,512,224,71.136,69.92,73.663,
mixed,16,4,0.25,4.0,32,4096,256,1024,448,71.583,75.998,73.056,0.3336
mixed,16,4,0.25,4.0,32,4096,512,2048,896,76.351,84.895,74.529,-0.2132
mixed,16,4,0.25,4.0,32,4096,1024,4096,1792,86.08,141.216,85.632,-0.0081
mixed,16,4,0.25,4.0,32,4096,2048,8192,3584,130.686,223.648,101.92,-0.3094
mixed,16,4,0.25,4.0,32,4096,4096,16384,7168,202.911,244.8,143.84,-1.4102
mixed,16,4,0.25,4.0,32,8192,128,512,224,76.416,77.825,74.335,-1.4769
mixed,16,4,0.25,4.0,32,8192,256,1024,448,80.287,82.912,77.761,-0.9623
mixed,16,4,0.25,4.0,32,8192,512,2048,896,81.408,109.729,81.216,-0.0068
mixed,16,4,0.25,4.0,32,8192,1024,4096,1792,105.471,113.984,93.631,-1.3908
mixed,16,4,0.25,4.0,32,8192,2048,8192,3584,108.384,225.439,110.945,0.0219
mixed,16,4,0.25,4.0,32,8192,4096,16384,7168,204.864,391.807,151.2,-0.2871
mixed,16,4,0.25,4.0,64,0,128,512,224,45.889,56.032,52.288,0.6309
mixed,16,4,0.25,4.0,64,0,256,1024,448,53.309,61.344,57.76,0.554
mixed,16,4,0.25,4.0,64,0,512,2048,896,60.866,91.04,61.759,0.0296
mixed,16,4,0.25,4.0,64,0,1024,4096,1792,75.007,115.743,73.793,-0.0298
mixed,16,4,0.25,4.0,64,0,2048,8192,3584,108.896,161.182,123.009,0.2699
mixed,16,4,0.25,4.0,64,0,4096,16384,7168,152.864,249.568,176.383,0.2432
mixed,16,4,0.25,4.0,64,512,128,512,224,69.057,66.079,64.064,
mixed,16,4,0.25,4.0,64,512,256,1024,448,65.756,74.016,63.266,-0.3015
mixed,16,4,0.25,4.0,64,512,512,2048,896,68.065,95.807,68.671,0.0218
mixed,16,4,0.25,4.0,64,512,1024,4096,1792,75.808,136.799,73.792,-0.0331
mixed,16,4,0.25,4.0,64,512,2048,8192,3584,129.055,186.271,97.664,-0.5486
mixed,16,4,0.25,4.0,64,512,4096,16384,7168,174.879,275.521,176.608,0.0172
mixed,16,4,0.25,4.0,64,1024,128,512,224,69.826,79.072,67.743,-0.2253
mixed,16,4,0.25,4.0,64,1024,256,1024,448,71.23,77.566,66.915,-0.681
mixed,16,4,0.25,4.0,64,1024,512,2048,896,72.927,81.952,70.56,-0.2623
mixed,16,4,0.25,4.0,64,1024,1024,4096,1792,80.0,140.032,78.592,-0.0235
mixed,16,4,0.25,4.0,64,1024,2048,8192,3584,130.946,205.376,99.776,-0.4188
mixed,16,4,0.25,4.0,64,1024,4096,16384,7168,193.279,299.297,173.887,-0.1829
mixed,16,4,0.25,4.0,64,2048,128,512,224,75.551,71.615,75.839,
mixed,16,4,0.25,4.0,64,2048,256,1024,448,71.81,85.343,76.542,0.3497
mixed,16,4,0.25,4.0,64,2048,512,2048,896,79.36,87.391,75.423,-0.4902
mixed,16,4,0.25,4.0,64,2048,1024,4096,1792,86.752,142.527,86.143,-0.0109
mixed,16,4,0.25,4.0,64,2048,2048,8192,3584,130.784,220.032,109.537,-0.2381
mixed,16,4,0.25,4.0,64,2048,4096,16384,7168,201.28,335.742,145.501,-0.4148
mixed,16,4,0.25,4.0,64,4096,128,512,224,76.288,83.904,78.591,0.3024
mixed,16,4,0.25,4.0,64,4096,256,1024,448,82.208,83.841,77.792,-2.7042
mixed,16,4,0.25,4.0,64,4096,512,2048,896,82.688,115.552,85.152,0.075
mixed,16,4,0.25,4.0,64,4096,1024,4096,1792,110.56,110.688,91.07,-152.2656
mixed,16,4,0.25,4.0,64,4096,2048,8192,3584,105.12,221.248,137.504,0.2789
mixed,16,4,0.25,4.0,64,4096,4096,16384,7168,201.278,389.437,144.257,-0.303
mixed,16,4,0.25,4.0,64,8192,128,512,224,89.056,90.336,90.912,1.45
mixed,16,4,0.25,4.0,64,8192,256,1024,448,91.038,104.159,89.891,-0.0874
mixed,16,4,0.25,4.0,64,8192,512,2048,896,98.88,104.321,94.912,-0.7293
mixed,16,4,0.25,4.0,64,8192,1024,4096,1792,103.744,171.456,101.217,-0.0373
mixed,16,4,0.25,4.0,64,8192,2048,8192,3584,157.984,166.401,121.599,-4.3228
mixed,16,4,0.25,4.0,64,8192,4096,16384,7168,151.776,389.089,223.103,0.3006
mixed,16,4,0.25,4.0,128,0,128,512,224,46.91,57.441,56.544,0.9148
mixed,16,4,0.25,4.0,128,0,256,1024,448,55.65,64.063,57.44,0.2128
mixed,16,4,0.25,4.0,128,0,512,2048,896,62.079,91.616,62.528,0.0152
mixed,16,4,0.25,4.0,128,0,1024,4096,1792,74.881,117.183,74.272,-0.0144
mixed,16,4,0.25,4.0,128,0,2048,8192,3584,109.857,164.734,103.969,-0.1073
mixed,16,4,0.25,4.0,128,0,4096,16384,7168,153.182,257.793,176.832,0.2261
mixed,16,4,0.25,4.0,128,512,128,512,224,70.144,80.994,70.558,0.0382
mixed,16,4,0.25,4.0,128,512,256,1024,448,71.168,74.976,78.943,2.0418
mixed,16,4,0.25,4.0,128,512,512,2048,896,72.319,79.649,72.159,-0.0218
mixed,16,4,0.25,4.0,128,512,1024,4096,1792,76.288,137.023,75.456,-0.0137
mixed,16,4,0.25,4.0,128,512,2048,8192,3584,128.767,182.11,102.879,-0.4853
mixed,16,4,0.25,4.0,128,512,4096,16384,7168,172.607,276.253,175.232,0.0253
mixed,16,4,0.25,4.0,128,1024,128,512,224,72.32,74.4,72.066,-0.1221
mixed,16,4,0.25,4.0,128,1024,256,1024,448,72.546,93.952,72.544,-0.0001
mixed,16,4,0.25,4.0,128,1024,512,2048,896,75.553,83.873,81.727,0.7421
mixed,16,4,0.25,4.0,128,1024,1024,4096,1792,84.064,141.024,82.017,-0.0359
mixed,16,4,0.25,4.0,128,1024,2048,8192,3584,133.023,203.041,101.119,-0.4557
mixed,16,4,0.25,4.0,128,1024,4096,16384,7168,190.177,294.08,144.674,-0.4379
mixed,16,4,0.25,4.0,128,2048,128,512,224,77.41,86.944,85.662,0.8655
mixed,16,4,0.25,4.0,128,2048,256,1024,448,80.736,84.48,78.527,-0.59
mixed,16,4,0.25,4.0,128,2048,512,2048,896,81.152,121.375,83.684,0.0629
mixed,16,4,0.25,4.0,128,2048,1024,4096,1792,114.049,112.96,107.967,
mixed,16,4,0.25,4.0,128,2048,2048,8192,3584,105.919,220.448,139.17,0.2903
mixed,16,4,0.25,4.0,128,2048,4096,16384,7168,199.648,333.952,145.984,-0.3996
mixed,16,4,0.25,4.0,128,4096,128,512,224,88.286,91.808,91.328,0.8637
mixed,16,4,0.25,4.0,128,4096,256,1024,448,91.715,106.655,93.921,0.1477
mixed,16,4,0.25,4.0,128,4096,512,2048,896,101.056,102.367,93.985,-5.3936
mixed,16,4,0.25,4.0,128,4096,1024,4096,1792,102.464,175.072,102.334,-0.0018
mixed,16,4,0.25,4.0,128,4096,2048,8192,3584,157.76,168.545,149.216,-0.7922
mixed,16,4,0.25,4.0,128,4096,4096,16384,7168,152.576,388.352,224.64,0.3056
mixed,16,4,0.25,4.0,128,8192,128,512,224,116.449,112.29,116.353,
mixed,16,4,0.25,4.0,128,8192,256,1024,448,115.743,116.575,116.478,0.8834
mixed,16,4,0.25,4.0,128,8192,512,2048,896,115.968,146.879,114.976,-0.0321
mixed,16,4,0.25,4.0,128,8192,1024,4096,1792,137.696,141.248,124.449,-3.7294
mixed,16,4,0.25,4.0,128,8192,2048,8192,3584,141.344,278.848,141.984,0.0047
mixed,16,4,0.25,4.0,128,8192,4096,16384,7168,249.92,275.584,228.319,-0.8417
mixed,16,4,0.25,4.0,256,0,128,512,224,49.023,63.776,61.599,0.8524
mixed,16,4,0.25,4.0,256,0,256,1024,448,55.616,66.304,63.969,0.7815
mixed,16,4,0.25,4.0,256,0,512,2048,896,65.313,84.479,72.608,0.3806
mixed,16,4,0.25,4.0,256,0,1024,4096,1792,80.48,120.48,93.154,0.3168
mixed,16,4,0.25,4.0,256,0,2048,8192,3584,116.574,168.129,133.568,0.3296
mixed,16,4,0.25,4.0,256,0,4096,16384,7168,157.119,261.248,217.376,0.5787
mixed,16,4,0.25,4.0,256,512,128,512,224,77.121,77.823,77.441,0.4558
mixed,16,4,0.25,4.0,256,512,256,1024,448,77.857,98.721,78.238,0.0183
mixed,16,4,0.25,4.0,256,512,512,2048,896,75.648,84.542,93.055,1.9572
mixed,16,4,0.25,4.0,256,512,1024,4096,1792,81.055,112.703,91.906,0.3429
mixed,16,4,0.25,4.0,256,512,2048,8192,3584,104.928,183.454,134.401,0.3753
mixed,16,4,0.25,4.0,256,512,4096,16384,7168,171.294,275.807,213.663,0.4054
mixed,16,4,0.25,4.0,256,1024,128,512,224,81.28,94.528,85.884,0.3475
mixed,16,4,0.25,4.0,256,1024,256,1024,448,81.952,86.273,96.001,3.2513
mixed,16,4,0.25,4.0,256,1024,512,2048,896,87.424,122.528,87.36,-0.0018
mixed,16,4,0.25,4.0,256,1024,1024,4096,1792,115.999,112.384,110.4,
mixed,16,4,0.25,4.0,256,1024,2048,8192,3584,104.543,198.399,134.558,0.3198
mixed,16,4,0.25,4.0,256,1024,4096,16384,7168,188.607,292.192,215.648,0.2611
mixed,16,4,0.25,4.0,256,2048,128,512,224,95.456,95.455,95.04,
mixed,16,4,0.25,4.0,256,2048,256,1024,448,95.422,113.248,92.385,-0.1704
mixed,16,4,0.25,4.0,256,2048,512,2048,896,105.695,105.057,115.136,
mixed,16,4,0.25,4.0,256,2048,1024,4096,1792,106.656,167.261,105.663,-0.0164
mixed,16,4,0.25,4.0,256,2048,2048,8192,3584,162.368,165.215,153.183,-3.2262
mixed,16,4,0.25,4.0,256,2048,4096,16384,7168,152.226,327.008,212.544,0.3451
mixed,16,4,0.25,4.0,256,4096,128,512,224,111.65,128.509,115.361,0.2201
mixed,16,4,0.25,4.0,256,4096,256,1024,448,122.913,119.903,140.928,
mixed,16,4,0.25,4.0,256,4096,512,2048,896,119.776,152.354,119.808,0.001
mixed,16,4,0.25,4.0,256,4096,1024,4096,1792,141.057,143.456,155.167,5.8816
mixed,16,4,0.25,4.0,256,4096,2048,8192,3584,146.88,264.063,144.64,-0.0191
mixed,16,4,0.25,4.0,256,4096,4096,16384,7168,247.105,269.986,230.72,-0.7161
mixed,16,4,0.25,4.0,256,8192,128,512,224,148.449,163.392,150.753,0.1542
mixed,16,4,0.25,4.0,256,8192,256,1024,448,160.031,185.344,156.833,-0.1263
mixed,16,4,0.25,4.0,256,8192,512,2048,896,180.895,172.416,218.848,
mixed,16,4,0.25,4.0,256,8192,1024,4096,1792,171.936,230.4,172.062,0.0022
mixed,16,4,0.25,4.0,256,8192,2048,8192,3584,209.983,220.638,231.36,2.0063
mixed,16,4,0.25,4.0,256,8192,4096,16384,7168,222.623,446.495,221.6,-0.0046
mixed,16,4,0.25,4.0,512,0,128,512,224,57.409,72.832,93.889,2.3653
mixed,16,4,0.25,4.0,512,0,256,1024,448,56.577,76.64,74.75,0.9058
mixed,16,4,0.25,4.0,512,0,512,2048,896,75.456,99.073,93.759,0.775
mixed,16,4,0.25,4.0,512,0,1024,4096,1792,91.838,136.735,134.016,0.9394
mixed,16,4,0.25,4.0,512,0,2048,8192,3584,129.758,215.713,212.224,0.9594
mixed,16,4,0.25,4.0,512,0,4096,16384,7168,195.904,370.589,367.134,0.9802
mixed,16,4,0.25,4.0,512,512,128,512,224,102.592,115.713,110.914,0.6343
mixed,16,4,0.25,4.0,512,512,256,1024,448,111.233,118.048,111.327,0.0138
mixed,16,4,0.25,4.0,512,512,512,2048,896,112.385,97.439,130.559,
mixed,16,4,0.25,4.0,512,512,1024,4096,1792,91.713,138.495,132.864,0.8796
mixed,16,4,0.25,4.0,512,512,2048,8192,3584,127.586,215.808,213.248,0.971
mixed,16,4,0.25,4.0,512,512,4096,16384,7168,193.888,370.623,366.08,0.9743
mixed,16,4,0.25,4.0,512,1024,128,512,224,111.039,125.504,121.344,0.7124
mixed,16,4,0.25,4.0,512,1024,256,1024,448,120.542,145.184,120.959,0.0169
mixed,16,4,0.25,4.0,512,1024,512,2048,896,139.358,148.926,138.751,-0.0634
mixed,16,4,0.25,4.0,512,1024,1024,4096,1792,142.208,138.24,177.441,
mixed,16,4,0.25,4.0,512,1024,2048,8192,3584,128.032,217.505,213.12,0.951
mixed,16,4,0.25,4.0,512,1024,4096,16384,7168,195.743,374.88,369.185,0.9682
mixed,16,4,0.25,4.0,512,2048,128,512,224,130.782,144.703,130.464,-0.0228
mixed,16,4,0.25,4.0,512,2048,256,1024,448,139.903,164.576,159.392,0.7899
mixed,16,4,0.25,4.0,512,2048,512,2048,896,159.358,167.04,158.818,-0.0703
mixed,16,4,0.25,4.0,512,2048,1024,4096,1792,193.148,153.376,198.048,
mixed,16,4,0.25,4.0,512,2048,2048,8192,3584,199.84,214.528,276.734,5.2352
mixed,16,4,0.25,4.0,512,2048,4096,16384,7168,195.488,376.159,371.103,0.972
mixed,16,4,0.25,4.0,512,4096,128,512,224,165.791,181.25,164.769,-0.0661
mixed,16,4,0.25,4.0,512,4096,256,1024,448,174.365,202.56,173.375,-0.0351
mixed,16,4,0.25,4.0,512,4096,512,2048,896,196.992,244.0,237.086,0.8529
mixed,16,4,0.25,4.0,512,4096,1024,4096,1792,232.32,248.479,238.304,0.3703
mixed,16,4,0.25,4.0,512,4096,2048,8192,3584,236.703,229.439,317.377,
mixed,16,4,0.25,4.0,512,4096,4096,16384,7168,308.0,379.615,472.863,2.3021
mixed,16,4,0.25,4.0,512,8192,128,512,224,233.919,256.703,234.08,0.0071
mixed,16,4,0.25,4.0,512,8192,256,1024,448,250.528,277.119,246.688,-0.1444
mixed,16,4,0.25,4.0,512,8192,512,2048,896,271.04,322.786,259.999,-0.2134
mixed,16,4,0.25,4.0,512,8192,1024,4096,1792,310.88,398.849,393.375,0.9378
mixed,16,4,0.25,4.0,512,8192,2048,8192,3584,380.51,406.943,397.282,0.6345
mixed,16,4,0.25,4.0,512,8192,4096,16384,7168,386.847,394.719,551.518,20.9186
mixed,16,4,0.25,4.0,1024,0,128,512,224,82.048,86.209,82.208,0.0385
mixed,16,4,0.25,4.0,1024,0,256,1024,448,82.624,104.96,99.328,0.7479
mixed,16,4,0.25,4.0,1024,0,512,2048,896,100.161,140.993,136.479,0.8894
mixed,16,4,0.25,4.0,1024,0,1024,4096,1792,132.608,214.015,207.968,0.9257
mixed,16,4,0.25,4.0,1024,0,2048,8192,3584,194.305,358.015,352.957,0.9691
mixed,16,4,0.25,4.0,1024,0,4096,16384,7168,322.719,646.016,643.038,0.9908
mixed,16,4,0.25,4.0,1024,512,128,512,224,100.476,103.711,100.64,0.0507
mixed,16,4,0.25,4.0,1024,512,256,1024,448,100.256,122.529,117.952,0.7945
mixed,16,4,0.25,4.0,1024,512,512,2048,896,117.92,157.472,154.815,0.9328
mixed,16,4,0.25,4.0,1024,512,1024,4096,1792,149.117,231.134,225.986,0.9372
mixed,16,4,0.25,4.0,1024,512,2048,8192,3584,212.992,375.552,370.369,0.9681
mixed,16,4,0.25,4.0,1024,512,4096,16384,7168,338.976,663.585,659.327,0.9869
mixed,16,4,0.25,4.0,1024,1024,128,512,224,118.432,121.824,118.561,0.038
mixed,16,4,0.25,4.0,1024,1024,256,1024,448,118.208,139.935,136.064,0.8218
mixed,16,4,0.25,4.0,1024,1024,512,2048,896,135.68,176.225,171.967,0.895
mixed,16,4,0.25,4.0,1024,1024,1024,4096,1792,167.327,249.345,244.096,0.936
mixed,16,4,0.25,4.0,1024,1024,2048,8192,3584,231.071,394.239,389.76,0.9725
mixed,16,4,0.25,4.0,1024,1024,4096,16384,7168,357.374,684.159,677.694,0.9802
mixed,16,4,0.25,4.0,1024,2048,128,512,224,154.752,157.44,154.048,-0.2619
mixed,16,4,0.25,4.0,1024,2048,256,1024,448,154.687,175.233,154.689,0.0001
mixed,16,4,0.25,4.0,1024,2048,512,2048,896,171.168,211.969,210.08,0.9537
mixed,16,4,0.25,4.0,1024,2048,1024,4096,1792,203.137,287.97,283.648,0.9491
mixed,16,4,0.25,4.0,1024,2048,2048,8192,3584,269.887,433.057,428.414,0.9715
mixed,16,4,0.25,4.0,1024,2048,4096,16384,7168,399.202,722.815,718.877,0.9878
mixed,16,4,0.25,4.0,1024,4096,128,512,224,226.944,227.52,227.104,0.2778
mixed,16,4,0.25,4.0,1024,4096,256,1024,448,225.567,247.072,226.4,0.0387
mixed,16,4,0.25,4.0,1024,4096,512,2048,896,242.367,288.705,229.887,-0.2693
mixed,16,4,0.25,4.0,1024,4096,1024,4096,1792,277.441,363.326,358.624,0.9453
mixed,16,4,0.25,4.0,1024,4096,2048,8192,3584,344.961,510.495,506.302,0.9747
mixed,16,4,0.25,4.0,1024,4096,4096,16384,7168,475.68,800.032,796.001,0.9876
mixed,16,4,0.25,4.0,1024,8192,128,512,224,377.982,377.313,377.406,
mixed,16,4,0.25,4.0,1024,8192,256,1024,448,377.855,397.501,378.336,0.0245
mixed,16,4,0.25,4.0,1024,8192,512,2048,896,393.218,436.702,378.623,-0.3356
mixed,16,4,0.25,4.0,1024,8192,1024,4096,1792,428.577,510.271,399.487,-0.3561
mixed,16,4,0.25,4.0,1024,8192,2048,8192,3584,494.079,657.025,654.432,0.9841
mixed,16,4,0.25,4.0,1024,8192,4096,16384,7168,619.231,947.556,942.267,0.9839
mixed,16,4,0.25,4.0,2048,0,128,512,224,162.367,172.253,161.79,-0.0584
mixed,16,4,0.25,4.0,2048,0,256,1024,448,168.064,190.657,179.232,0.4943
mixed,16,4,0.25,4.0,2048,0,512,2048,896,187.808,227.072,216.767,0.7375
mixed,16,4,0.25,4.0,2048,0,1024,4096,1792,219.359,302.592,290.239,0.8516
mixed,16,4,0.25,4.0,2048,0,2048,8192,3584,285.183,446.943,434.624,0.9238
mixed,16,4,0.25,4.0,2048,0,4096,16384,7168,409.311,732.893,723.776,0.9718
mixed,16,4,0.25,4.0,2048,512,128,512,224,196.255,208.032,194.272,-0.1684
mixed,16,4,0.25,4.0,2048,512,256,1024,448,203.712,226.112,198.88,-0.2157
mixed,16,4,0.25,4.0,2048,512,512,2048,896,222.08,262.687,233.344,0.2774
mixed,16,4,0.25,4.0,2048,512,1024,4096,1792,253.696,336.768,308.768,0.6629
mixed,16,4,0.25,4.0,2048,512,2048,8192,3584,320.031,482.688,455.839,0.8349
mixed,16,4,0.25,4.0,2048,512,4096,16384,7168,447.68,772.477,743.391,0.9104
mixed,16,4,0.25,4.0,2048,1024,128,512,224,229.887,243.807,229.918,0.0022
mixed,16,4,0.25,4.0,2048,1024,256,1024,448,240.32,262.238,235.328,-0.2278
mixed,16,4,0.25,4.0,2048,1024,512,2048,896,259.391,300.897,252.544,-0.165
mixed,16,4,0.25,4.0,2048,1024,1024,4096,1792,292.063,376.0,328.321,0.432
mixed,16,4,0.25,4.0,2048,1024,2048,8192,3584,356.767,519.71,474.622,0.7233
mixed,16,4,0.25,4.0,2048,1024,4096,16384,7168,484.736,816.094,763.934,0.8426
mixed,16,4,0.25,4.0,2048,2048,128,512,224,293.697,318.592,292.352,-0.054
mixed,16,4,0.25,4.0,2048,2048,256,1024,448,314.464,339.391,309.055,-0.217
mixed,16,4,0.25,4.0,2048,2048,512,2048,896,334.335,377.374,320.703,-0.3167
mixed,16,4,0.25,4.0,2048,2048,1024,4096,1792,368.479,453.344,367.871,-0.0072
mixed,16,4,0.25,4.0,2048,2048,2048,8192,3584,432.703,595.423,513.088,0.494
mixed,16,4,0.25,4.0,2048,2048,4096,16384,7168,561.28,886.334,804.125,0.7471
mixed,16,4,0.25,4.0,2048,4096,128,512,224,445.024,444.222,444.605,
mixed,16,4,0.25,4.0,2048,4096,256,1024,448,445.884,486.112,444.447,-0.0357
mixed,16,4,0.25,4.0,2048,4096,512,2048,896,468.285,524.256,467.166,-0.02
mixed,16,4,0.25,4.0,2048,4096,1024,4096,1792,516.352,598.176,488.606,-0.3391
mixed,16,4,0.25,4.0,2048,4096,2048,8192,3584,578.943,743.261,593.152,0.0865
mixed,16,4,0.25,4.0,2048,4096,4096,16384,7168,706.302,1031.39,882.208,0.5411
mixed,16,4,0.25,4.0,2048,8192,128,512,224,738.975,733.021,733.791,
mixed,16,4,0.25,4.0,2048,8192,256,1024,448,732.673,734.462,734.078,0.7854
mixed,16,4,0.25,4.0,2048,8192,512,2048,896,732.382,776.158,733.759,0.0315
mixed,16,4,0.25,4.0,2048,8192,1024,4096,1792,739.968,880.063,742.4,0.0174
mixed,16,4,0.25,4.0,2048,8192,2048,8192,3584,861.502,1027.712,809.214,-0.3146
mixed,16,4,0.25,4.0,2048,8192,4096,16384,7168,988.286,1317.438,1026.75,0.1169
pure,16,8,0.5,4.0,0,0,128,512,320,43.52,51.075,46.944,0.4532
pure,16,8,0.5,4.0,0,0,256,1024,640,51.647,56.097,52.415,0.1726
pure,16,8,0.5,4.0,0,0,512,2048,1280,58.4,70.976,59.52,0.0891
pure,16,8,0.5,4.0,0,0,1024,4096,2560,77.535,99.359,79.328,0.0822
pure,16,8,0.5,4.0,0,0,2048,8192,5120,110.592,144.897,112.673,0.0607
pure,16,8,0.5,4.0,0,0,4096,16384,10240,164.097,232.863,171.135,0.1023
mixed,16,8,0.5,4.0,16,0,128,512,320,49.118,55.263,53.728,0.7502
mixed,16,8,0.5,4.0,16,0,256,1024,640,57.951,60.127,56.51,-0.6622
mixed,16,8,0.5,4.0,16,0,512,2048,1280,61.087,75.583,62.143,0.0728
mixed,16,8,0.5,4.0,16,0,1024,4096,2560,80.735,100.608,82.049,0.0661
mixed,16,8,0.5,4.0,16,0,2048,8192,5120,113.952,148.192,114.207,0.0074
mixed,16,8,0.5,4.0,16,0,4096,16384,10240,172.32,238.911,177.409,0.0764
mixed,16,8,0.5,4.0,16,512,128,512,320,57.151,58.72,56.383,-0.4895
mixed,16,8,0.5,4.0,16,512,256,1024,640,61.887,66.271,60.319,-0.3577
mixed,16,8,0.5,4.0,16,512,512,2048,1280,65.759,75.711,66.336,0.058
mixed,16,8,0.5,4.0,16,512,1024,4096,2560,82.047,103.424,83.744,0.0794
mixed,16,8,0.5,4.0,16,512,2048,8192,5120,114.881,150.495,116.033,0.0323
mixed,16,8,0.5,4.0,16,512,4096,16384,10240,172.16,238.945,176.833,0.07
mixed,16,8,0.5,4.0,16,1024,128,512,320,60.225,59.17,59.008,
mixed,16,8,0.5,4.0,16,1024,256,1024,640,63.33,67.551,61.855,-0.3494
mixed,16,8,0.5,4.0,16,1024,512,2048,1280,66.368,77.666,66.976,0.0538
mixed,16,8,0.5,4.0,16,1024,1024,4096,2560,83.232,102.401,82.849,-0.02
mixed,16,8,0.5,4.0,16,1024,2048,8192,5120,115.807,150.849,118.048,0.064
mixed,16,8,0.5,4.0,16,1024,4096,16384,10240,173.664,242.368,178.719,0.0736
mixed,16,8,0.5,4.0,16,2048,128,512,320,60.16,61.729,60.864,0.4487
mixed,16,8,0.5,4.0,16,2048,256,1024,640,67.681,68.289,63.778,-6.4194
mixed,16,8,0.5,4.0,16,2048,512,2048,1280,69.792,96.319,70.016,0.0084
mixed,16,8,0.5,4.0,16,2048,1024,4096,2560,107.007,103.935,106.366,
mixed,16,8,0.5,4.0,16,2048,2048,8192,5120,117.312,153.663,117.344,0.0009
mixed,16,8,0.5,4.0,16,2048,4096,16384,10240,173.633,239.518,175.392,0.0267
mixed,16,8,0.5,4.0,16,4096,128,512,320,62.914,65.536,63.584,0.2555
mixed,16,8,0.5,4.0,16,4096,256,1024,640,68.255,73.729,68.063,-0.0351
mixed,16,8,0.5,4.0,16,4096,512,2048,1280,71.424,84.416,73.472,0.1576
mixed,16,8,0.5,4.0,16,4096,1024,4096,2560,89.631,139.777,87.392,-0.0446
mixed,16,8,0.5,4.0,16,4096,2048,8192,5120,161.087,150.047,152.48,
mixed,16,8,0.5,4.0,16,4096,4096,16384,10240,173.886,244.447,181.378,0.1062
mixed,16,8,0.5,4.0,16,8192,128,512,320,72.193,70.847,70.369,
mixed,16,8,0.5,4.0,16,8192,256,1024,640,74.914,75.682,73.856,-1.3776
mixed,16,8,0.5,4.0,16,8192,512,2048,1280,79.617,88.961,79.105,-0.0548
mixed,16,8,0.5,4.0,16,8192,1024,4096,2560,94.176,143.359,94.626,0.0091
mixed,16,8,0.5,4.0,16,8192,2048,8192,5120,162.814,224.063,125.695,-0.606
mixed,16,8,0.5,4.0,16,8192,4096,16384,10240,266.816,248.447,237.153,
mixed,16,8,0.5,4.0,32,0,128,512,320,48.768,55.966,59.359,1.4714
mixed,16,8,0.5,4.0,32,0,256,1024,640,58.402,60.544,56.704,-0.7927
mixed,16,8,0.5,4.0,32,0,512,2048,1280,62.559,74.815,62.977,0.0341
mixed,16,8,0.5,4.0,32,0,1024,4096,2560,82.976,103.135,83.135,0.0079
mixed,16,8,0.5,4.0,32,0,2048,8192,5120,116.097,148.927,117.12,0.0312
mixed,16,8,0.5,4.0,32,0,4096,16384,10240,173.567,240.477,176.768,0.0478
mixed,16,8,0.5,4.0,32,512,128,512,320,66.495,60.192,61.823,
mixed,16,8,0.5,4.0,32,512,256,1024,640,66.944,69.855,63.008,-1.3521
mixed,16,8,0.5,4.0,32,512,512,2048,1280,66.175,75.359,66.816,0.0698
mixed,16,8,0.5,4.0,32,512,1024,4096,2560,83.488,102.814,84.706,0.063
mixed,16,8,0.5,4.0,32,512,2048,8192,5120,116.769,149.76,117.12,0.0106
mixed,16,8,0.5,4.0,32,512,4096,16384,10240,171.005,244.224,176.991,0.0818
mixed,16,8,0.5,4.0,32,1024,128,512,320,60.576,64.512,62.88,0.5854
mixed,16,8,0.5,4.0,32,1024,256,1024,640,71.328,72.447,66.496,-4.3181
mixed,16,8,0.5,4.0,32,1024,512,2048,1280,66.626,98.785,67.361,0.0229
mixed,16,8,0.5,4.0,32,1024,1024,4096,2560,106.72,104.64,105.728,
mixed,16,8,0.5,4.0,32,1024,2048,8192,5120,115.36,150.207,116.799,0.0413
mixed,16,8,0.5,4.0,32,1024,4096,16384,10240,173.472,242.464,178.401,0.0714
mixed,16,8,0.5,4.0,32,2048,128,512,320,62.112,67.136,66.112,0.7962
mixed,16,8,0.5,4.0,32,2048,256,1024,640,69.76,74.913,68.736,-0.1987
mixed,16,8,0.5,4.0,32,2048,512,2048,1280,75.104,84.254,74.655,-0.0491
mixed,16,8,0.5,4.0,32,2048,1024,4096,2560,86.241,140.832,86.847,0.0111
mixed,16,8,0.5,4.0,32,2048,2048,8192,5120,160.224,149.632,155.104,
mixed,16,8,0.5,4.0,32,2048,4096,16384,10240,175.649,239.773,178.623,0.0464
mixed,16,8,0.5,4.0,32,4096,128,512,320,71.072,70.016,69.153,
mixed,16,8,0.5,4.0,32,4096,256,1024,640,76.512,74.847,76.578,
mixed,16,8,0.5,4.0,32,4096,512,2048,1280,79.167,83.936,79.23,0.0132
mixed,16,8,0.5,4.0,32,4096,1024,4096,2560,93.761,142.528,91.264,-0.0512
mixed,16,8,0.5,4.0,32,4096,2048,8192,5120,159.872,222.784,123.935,-0.5712
mixed,16,8,0.5,4.0,32,4096,4096,16384,10240,263.388,241.376,239.68,
mixed,16,8,0.5,4.0,32,8192,128,512,320,88.095,78.814,78.113,
mixed,16,8,0.5,4.0,32,8192,256,1024,640,78.208,82.368,78.306,0.0236
mixed,16,8,0.5,4.0,32,8192,512,2048,1280,87.518,109.761,84.447,-0.1381
mixed,16,8,0.5,4.0,32,8192,1024,4096,2560,100.701,111.362,111.584,1.0208
mixed,16,8,0.5,4.0,32,8192,2048,8192,5120,124.416,221.727,130.207,0.0595
mixed,16,8,0.5,4.0,32,8192,4096,16384,10240,263.774,391.68,238.815,-0.1951
mixed,16,8,0.5,4.0,64,0,128,512,320,49.119,56.991,56.672,0.9595
mixed,16,8,0.5,4.0,64,0,256,1024,640,56.928,61.311,57.343,0.0947
mixed,16,8,0.5,4.0,64,0,512,2048,1280,78.209,90.048,79.424,0.1026
mixed,16,8,0.5,4.0,64,0,1024,4096,2560,96.64,115.839,91.905,-0.2466
mixed,16,8,0.5,4.0,64,0,2048,8192,5120,128.416,163.072,118.498,-0.2862
mixed,16,8,0.5,4.0,64,0,4096,16384,10240,181.856,249.823,179.072,-0.041
mixed,16,8,0.5,4.0,64,512,128,512,320,61.89,65.919,63.615,0.4281
mixed,16,8,0.5,4.0,64,512,256,1024,640,70.656,73.566,75.553,1.6828
mixed,16,8,0.5,4.0,64,512,512,2048,1280,68.577,96.576,69.055,0.0171
mixed,16,8,0.5,4.0,64,512,1024,4096,2560,107.68,138.657,104.512,-0.1023
mixed,16,8,0.5,4.0,64,512,2048,8192,5120,150.464,185.28,140.993,-0.272
mixed,16,8,0.5,4.0,64,512,4096,16384,10240,208.768,272.736,187.167,-0.3377
mixed,16,8,0.5,4.0,64,1024,128,512,320,64.511,78.88,68.096,0.2495
mixed,16,8,0.5,4.0,64,1024,256,1024,640,73.952,76.673,74.015,0.0232
mixed,16,8,0.5,4.0,64,1024,512,2048,1280,70.944,81.601,81.09,0.9521
mixed,16,8,0.5,4.0,64,1024,1024,4096,2560,87.168,140.672,87.999,0.0155
mixed,16,8,0.5,4.0,64,1024,2048,8192,5120,161.79,205.279,152.737,-0.2082
mixed,16,8,0.5,4.0,64,1024,4096,16384,10240,227.837,296.639,208.096,-0.2869
mixed,16,8,0.5,4.0,64,2048,128,512,320,80.192,72.704,71.199,
mixed,16,8,0.5,4.0,64,2048,256,1024,640,78.08,84.894,77.951,-0.0189
mixed,16,8,0.5,4.0,64,2048,512,2048,1280,80.672,86.881,81.823,0.1854
mixed,16,8,0.5,4.0,64,2048,1024,4096,2560,88.414,143.521,108.832,0.3705
mixed,16,8,0.5,4.0,64,2048,2048,8192,5120,162.397,222.112,122.401,-0.6698
mixed,16,8,0.5,4.0,64,2048,4096,16384,10240,264.033,338.495,236.095,-0.3752
mixed,16,8,0.5,4.0,64,4096,128,512,320,83.007,84.129,78.72,-3.8209
mixed,16,8,0.5,4.0,64,4096,256,1024,640,84.863,82.304,85.183,
mixed,16,8,0.5,4.0,64,4096,512,2048,1280,88.32,116.254,87.295,-0.0367
mixed,16,8,0.5,4.0,64,4096,1024,4096,2560,129.119,113.473,114.304,
mixed,16,8,0.5,4.0,64,4096,2048,8192,5120,125.664,222.304,149.696,0.2487
mixed,16,8,0.5,4.0,64,4096,4096,16384,10240,262.589,389.473,238.143,-0.1927
mixed,16,8,0.5,4.0,64,8192,128,512,320,91.648,91.2,90.562,
mixed,16,8,0.5,4.0,64,8192,256,1024,640,96.895,103.842,90.847,-0.8706
mixed,16,8,0.5,4.0,64,8192,512,2048,1280,99.039,103.36,95.424,-0.8366
mixed,16,8,0.5,4.0,64,8192,1024,4096,2560,131.36,170.238,136.704,0.1375
mixed,16,8,0.5,4.0,64,8192,2048,8192,5120,200.928,166.432,173.024,
mixed,16,8,0.5,4.0,64,8192,4096,16384,10240,262.013,386.334,231.041,-0.2491
mixed,16,8,0.5,4.0,128,0,128,512,320,49.696,57.76,58.016,1.0317
mixed,16,8,0.5,4.0,128,0,256,1024,640,61.343,64.287,62.817,0.5007
mixed,16,8,0.5,4.0,128,0,512,2048,1280,67.584,91.616,67.392,-0.008
mixed,16,8,0.5,4.0,128,0,1024,4096,2560,97.313,116.801,93.695,-0.1857
mixed,16,8,0.5,4.0,128,0,2048,8192,5120,131.968,165.695,122.24,-0.2884
mixed,16,8,0.5,4.0,128,0,4096,16384,10240,186.303,253.185,181.951,-0.0651
mixed,16,8,0.5,4.0,128,512,128,512,320,68.19,81.185,69.054,0.0665
mixed,16,8,0.5,4.0,128,512,256,1024,640,71.423,74.465,73.665,0.737
mixed,16,8,0.5,4.0,128,512,512,2048,1280,72.545,79.329,83.645,1.6362
mixed,16,8,0.5,4.0,128,512,1024,4096,2560,86.369,137.122,89.119,0.0542
mixed,16,8,0.5,4.0,128,512,2048,8192,5120,151.135,183.102,142.304,-0.2763
mixed,16,8,0.5,4.0,128,512,4096,16384,10240,206.047,276.384,186.657,-0.2757
mixed,16,8,0.5,4.0,128,1024,128,512,320,80.96,74.465,73.631,
mixed,16,8,0.5,4.0,128,1024,256,1024,640,76.896,94.399,76.256,-0.0366
mixed,16,8,0.5,4.0,128,1024,512,2048,1280,80.479,84.031,81.056,0.1624
mixed,16,8,0.5,4.0,128,1024,1024,4096,2560,90.655,142.047,112.671,0.4284
mixed,16,8,0.5,4.0,128,1024,2048,8192,5120,162.111,203.007,122.269,-0.9742
mixed,16,8,0.5,4.0,128,1024,4096,16384,10240,226.496,297.375,205.503,-0.2962
mixed,16,8,0.5,4.0,128,2048,128,512,320,78.782,86.048,79.455,0.0926
mixed,16,8,0.5,4.0,128,2048,256,1024,640,85.886,83.903,87.008,
mixed,16,8,0.5,4.0,128,2048,512,2048,1280,87.617,119.936,87.457,-0.005
mixed,16,8,0.5,4.0,128,2048,1024,4096,2560,126.752,112.929,117.409,
mixed,16,8,0.5,4.0,128,2048,2048,8192,5120,127.424,220.896,151.68,0.2595
mixed,16,8,0.5,4.0,128,2048,4096,16384,10240,260.031,332.673,237.823,-0.3057
mixed,16,8,0.5,4.0,128,4096,128,512,320,91.167,91.393,91.391,0.9912
mixed,16,8,0.5,4.0,128,4096,256,1024,640,92.064,106.944,96.769,0.3162
mixed,16,8,0.5,4.0,128,4096,512,2048,1280,117.215,103.04,112.928,
mixed,16,8,0.5,4.0,128,4096,1024,4096,2560,131.808,173.47,140.67,0.2127
mixed,16,8,0.5,4.0,128,4096,2048,8192,5120,193.217,167.2,166.785,
mixed,16,8,0.5,4.0,128,4096,4096,16384,10240,256.446,385.663,234.016,-0.1736
mixed,16,8,0.5,4.0,128,8192,128,512,320,115.586,113.28,115.968,
mixed,16,8,0.5,4.0,128,8192,256,1024,640,115.296,115.84,115.489,0.3548
mixed,16,8,0.5,4.0,128,8192,512,2048,1280,117.697,146.305,126.048,0.2919
mixed,16,8,0.5,4.0,128,8192,1024,4096,2560,165.408,140.735,160.992,
mixed,16,8,0.5,4.0,128,8192,2048,8192,5120,200.734,278.368,220.544,0.2552
mixed,16,8,0.5,4.0,128,8192,4096,16384,10240,310.59,278.463,261.378,
mixed,16,8,0.5,4.0,256,0,128,512,320,50.976,63.199,62.016,0.9032
mixed,16,8,0.5,4.0,256,0,256,1024,640,64.576,64.8,65.375,3.567
mixed,16,8,0.5,4.0,256,0,512,2048,1280,70.88,83.102,75.682,0.3929
mixed,16,8,0.5,4.0,256,0,1024,4096,2560,88.321,121.664,96.64,0.2495
mixed,16,8,0.5,4.0,256,0,2048,8192,5120,133.919,169.792,139.903,0.1668
mixed,16,8,0.5,4.0,256,0,4096,16384,10240,194.464,259.294,216.288,0.3366
mixed,16,8,0.5,4.0,256,512,128,512,320,77.343,77.343,75.266,
mixed,16,8,0.5,4.0,256,512,256,1024,640,78.559,95.489,79.07,0.0302
mixed,16,8,0.5,4.0,256,512,512,2048,1280,101.122,84.096,103.937,
mixed,16,8,0.5,4.0,256,512,1024,4096,2560,90.848,112.417,97.216,0.2952
mixed,16,8,0.5,4.0,256,512,2048,8192,5120,147.936,184.032,141.088,-0.1897
mixed,16,8,0.5,4.0,256,512,4096,16384,10240,208.99,272.577,218.722,0.1531
mixed,16,8,0.5,4.0,256,1024,128,512,320,81.727,94.816,89.119,0.5647
mixed,16,8,0.5,4.0,256,1024,256,1024,640,86.527,87.424,87.806,1.4259
mixed,16,8,0.5,4.0,256,1024,512,2048,1280,83.808,120.161,85.055,0.0343
mixed,16,8,0.5,4.0,256,1024,1024,4096,2560,127.392,111.87,137.886,
mixed,16,8,0.5,4.0,256,1024,2048,8192,5120,126.497,196.543,138.142,0.1662
mixed,16,8,0.5,4.0,256,1024,4096,16384,10240,222.11,293.663,219.965,-0.03
mixed,16,8,0.5,4.0,256,2048,128,512,320,94.943,95.327,94.527,-1.0833
mixed,16,8,0.5,4.0,256,2048,256,1024,640,95.551,114.335,100.383,0.2572
mixed,16,8,0.5,4.0,256,2048,512,2048,1280,123.584,104.45,121.344,
mixed,16,8,0.5,4.0,256,2048,1024,4096,2560,111.073,166.56,111.104,0.0006
mixed,16,8,0.5,4.0,256,2048,2048,8192,5120,182.592,166.687,159.873,
mixed,16,8,0.5,4.0,256,2048,4096,16384,10240,191.199,327.135,217.504,0.1935
mixed,16,8,0.5,4.0,256,4096,128,512,320,118.944,127.744,123.137,0.4765
mixed,16,8,0.5,4.0,256,4096,256,1024,640,132.896,119.745,143.904,
mixed,16,8,0.5,4.0,256,4096,512,2048,1280,120.159,151.84,128.958,0.2777
mixed,16,8,0.5,4.0,256,4096,1024,4096,2560,172.672,143.552,173.12,
mixed,16,8,0.5,4.0,256,4096,2048,8192,5120,200.257,263.231,221.184,0.3323
mixed,16,8,0.5,4.0,256,4096,4096,16384,10240,289.985,271.487,239.777,
mixed,16,8,0.5,4.0,256,8192,128,512,320,154.081,163.68,159.488,0.5633
mixed,16,8,0.5,4.0,256,8192,256,1024,640,169.632,185.088,179.711,0.6521
mixed,16,8,0.5,4.0,256,8192,512,2048,1280,195.328,172.192,220.992,
mixed,16,8,0.5,4.0,256,8192,1024,4096,2560,174.144,230.526,187.071,0.2293
mixed,16,8,0.5,4.0,256,8192,2048,8192,5120,271.071,221.025,279.36,
mixed,16,8,0.5,4.0,256,8192,4096,16384,10240,333.823,445.855,379.552,0.4082
mixed,16,8,0.5,4.0,512,0,128,512,320,57.023,71.935,70.978,0.9358
mixed,16,8,0.5,4.0,512,0,256,1024,640,71.872,75.936,76.706,1.1895
mixed,16,8,0.5,4.0,512,0,512,2048,1280,82.239,97.6,94.656,0.8083
mixed,16,8,0.5,4.0,512,0,1024,4096,2560,107.937,137.122,135.039,0.9286
mixed,16,8,0.5,4.0,512,0,2048,8192,5120,155.645,213.728,214.814,1.0187
mixed,16,8,0.5,4.0,512,0,4096,16384,10240,253.76,370.494,366.816,0.9685
mixed,16,8,0.5,4.0,512,512,128,512,320,106.945,116.064,111.264,0.4736
mixed,16,8,0.5,4.0,512,512,256,1024,640,120.608,117.535,116.512,
mixed,16,8,0.5,4.0,512,512,512,2048,1280,92.256,97.601,94.623,0.4428
mixed,16,8,0.5,4.0,512,512,1024,4096,2560,108.0,137.217,132.928,0.8532
mixed,16,8,0.5,4.0,512,512,2048,8192,5120,157.504,215.55,213.6,0.9664
mixed,16,8,0.5,4.0,512,512,4096,16384,10240,253.824,370.943,368.543,0.9795
mixed,16,8,0.5,4.0,512,1024,128,512,320,115.744,124.448,120.927,0.5955
mixed,16,8,0.5,4.0,512,1024,256,1024,640,130.432,144.737,124.288,-0.4295
mixed,16,8,0.5,4.0,512,1024,512,2048,1280,132.127,147.231,145.663,0.8962
mixed,16,8,0.5,4.0,512,1024,1024,4096,2560,112.864,137.951,135.649,0.9082
mixed,16,8,0.5,4.0,512,1024,2048,8192,5120,157.442,215.872,211.584,0.9266
mixed,16,8,0.5,4.0,512,1024,4096,16384,10240,255.199,372.863,372.446,0.9965
mixed,16,8,0.5,4.0,512,2048,128,512,320,134.433,144.926,140.157,0.5455
mixed,16,8,0.5,4.0,512,2048,256,1024,640,149.855,164.414,159.775,0.6814
mixed,16,8,0.5,4.0,512,2048,512,2048,1280,173.728,169.376,163.936,
mixed,16,8,0.5,4.0,512,2048,1024,4096,2560,178.624,151.838,205.058,
mixed,16,8,0.5,4.0,512,2048,2048,8192,5120,157.664,215.808,212.576,0.9444
mixed,16,8,0.5,4.0,512,2048,4096,16384,10240,257.247,375.68,369.182,0.9451
mixed,16,8,0.5,4.0,512,4096,128,512,320,169.663,183.809,178.753,0.6426
mixed,16,8,0.5,4.0,512,4096,256,1024,640,187.296,203.36,197.92,0.6614
mixed,16,8,0.5,4.0,512,4096,512,2048,1280,213.601,244.287,237.375,0.7748
mixed,16,8,0.5,4.0,512,4096,1024,4096,2560,263.998,248.895,243.775,
mixed,16,8,0.5,4.0,512,4096,2048,8192,5120,269.185,229.6,322.304,
mixed,16,8,0.5,4.0,512,4096,4096,16384,10240,255.648,379.199,370.942,0.9332
mixed,16,8,0.5,4.0,512,8192,128,512,320,245.344,256.287,240.577,-0.4356
mixed,16,8,0.5,4.0,512,8192,256,1024,640,260.513,276.384,265.121,0.2903
mixed,16,8,0.5,4.0,512,8192,512,2048,1280,289.023,320.64,316.063,0.8552
mixed,16,8,0.5,4.0,512,8192,1024,4096,2560,342.656,401.088,394.208,0.8823
mixed,16,8,0.5,4.0,512,8192,2048,8192,5120,441.438,406.175,401.119,
mixed,16,8,0.5,4.0,512,8192,4096,16384,10240,442.429,394.304,554.847,
mixed,16,8,0.5,4.0,1024,0,128,512,320,81.472,86.687,82.465,0.1904
mixed,16,8,0.5,4.0,1024,0,256,1024,640,91.745,105.694,100.384,0.6193
mixed,16,8,0.5,4.0,1024,0,512,2048,1280,113.824,141.439,136.16,0.8088
mixed,16,8,0.5,4.0,1024,0,1024,4096,2560,159.552,213.758,208.704,0.9068
mixed,16,8,0.5,4.0,1024,0,2048,8192,5120,250.912,357.632,353.057,0.9571
mixed,16,8,0.5,4.0,1024,0,4096,16384,10240,430.335,647.677,641.663,0.9723
mixed,16,8,0.5,4.0,1024,512,128,512,320,100.352,104.35,100.896,0.1361
mixed,16,8,0.5,4.0,1024,512,256,1024,640,109.567,122.848,118.017,0.6362
mixed,16,8,0.5,4.0,1024,512,512,2048,1280,131.584,158.114,154.368,0.8588
mixed,16,8,0.5,4.0,1024,512,1024,4096,2560,175.97,230.751,227.265,0.9364
mixed,16,8,0.5,4.0,1024,512,2048,8192,5120,267.905,374.656,371.614,0.9715
mixed,16,8,0.5,4.0,1024,512,4096,16384,10240,447.295,664.958,660.862,0.9812
mixed,16,8,0.5,4.0,1024,1024,128,512,320,118.145,122.016,119.041,0.2315
mixed,16,8,0.5,4.0,1024,1024,256,1024,640,126.751,140.159,137.086,0.7708
mixed,16,8,0.5,4.0,1024,1024,512,2048,1280,149.185,176.995,172.318,0.8318
mixed,16,8,0.5,4.0,1024,1024,1024,4096,2560,195.2,249.536,245.024,0.917
mixed,16,8,0.5,4.0,1024,1024,2048,8192,5120,286.464,393.825,390.943,0.9732
mixed,16,8,0.5,4.0,1024,1024,4096,16384,10240,467.232,683.775,679.422,0.9799
mixed,16,8,0.5,4.0,1024,2048,128,512,320,155.009,157.985,155.072,0.0212
mixed,16,8,0.5,4.0,1024,2048,256,1024,640,161.983,175.712,173.6,0.8462
mixed,16,8,0.5,4.0,1024,2048,512,2048,1280,184.511,213.281,210.272,0.8954
mixed,16,8,0.5,4.0,1024,2048,1024,4096,2560,231.009,288.382,284.544,0.9331
mixed,16,8,0.5,4.0,1024,2048,2048,8192,5120,325.729,435.615,430.206,0.9508
mixed,16,8,0.5,4.0,1024,2048,4096,16384,10240,506.461,722.399,720.927,0.9932
mixed,16,8,0.5,4.0,1024,4096,128,512,320,226.463,226.782,226.337,-0.395
mixed,16,8,0.5,4.0,1024,4096,256,1024,640,233.505,246.848,235.648,0.1606
mixed,16,8,0.5,4.0,1024,4096,512,2048,1280,257.216,288.832,283.904,0.8441
mixed,16,8,0.5,4.0,1024,4096,1024,4096,2560,307.422,363.425,360.797,0.9531
mixed,16,8,0.5,4.0,1024,4096,2048,8192,5120,401.598,509.248,506.399,0.9735
mixed,16,8,0.5,4.0,1024,4096,4096,16384,10240,580.961,799.457,797.28,0.99
mixed,16,8,0.5,4.0,1024,8192,128,512,320,378.302,378.336,378.368,1.9412
mixed,16,8,0.5,4.0,1024,8192,256,1024,640,378.655,397.311,378.079,-0.0309
mixed,16,8,0.5,4.0,1024,8192,512,2048,1280,406.913,436.641,389.983,-0.5695
mixed,16,8,0.5,4.0,1024,8192,1024,4096,2560,456.192,510.592,508.959,0.97
mixed,16,8,0.5,4.0,1024,8192,2048,8192,5120,547.582,656.097,654.75,0.9876
mixed,16,8,0.5,4.0,1024,8192,4096,16384,10240,732.705,944.894,945.727,1.0039
mixed,16,8,0.5,4.0,2048,0,128,512,320,165.537,172.032,171.488,0.9162
mixed,16,8,0.5,4.0,2048,0,256,1024,640,177.185,191.582,190.336,0.9135
mixed,16,8,0.5,4.0,2048,0,512,2048,1280,200.415,227.359,225.663,0.9371
mixed,16,8,0.5,4.0,2048,0,1024,4096,2560,245.152,301.76,299.999,0.9689
mixed,16,8,0.5,4.0,2048,0,2048,8192,5120,339.457,445.341,444.448,0.9916
mixed,16,8,0.5,4.0,2048,0,4096,16384,10240,516.287,734.528,732.35,0.99
mixed,16,8,0.5,4.0,2048,512,128,512,320,199.168,206.848,206.431,0.9457
mixed,16,8,0.5,4.0,2048,512,256,1024,640,212.736,226.113,224.702,0.8945
mixed,16,8,0.5,4.0,2048,512,512,2048,1280,236.288,263.488,261.313,0.92
mixed,16,8,0.5,4.0,2048,512,1024,4096,2560,282.654,337.41,335.037,0.9567
mixed,16,8,0.5,4.0,2048,512,2048,8192,5120,373.951,481.472,480.575,0.9917
mixed,16,8,0.5,4.0,2048,512,4096,16384,10240,554.687,771.936,770.046,0.9913
mixed,16,8,0.5,4.0,2048,1024,128,512,320,235.455,244.607,231.328,-0.4509
mixed,16,8,0.5,4.0,2048,1024,256,1024,640,248.32,263.197,261.088,0.8582
mixed,16,8,0.5,4.0,2048,1024,512,2048,1280,272.413,300.543,300.0,0.9807
mixed,16,8,0.5,4.0,2048,1024,1024,4096,2560,320.031,376.256,373.248,0.9465
mixed,16,8,0.5,4.0,2048,1024,2048,8192,5120,410.72,520.224,518.976,0.9886
mixed,16,8,0.5,4.0,2048,1024,4096,16384,10240,593.119,808.255,807.742,0.9976
mixed,16,8,0.5,4.0,2048,2048,128,512,320,299.456,317.601,305.472,0.3316
mixed,16,8,0.5,4.0,2048,2048,256,1024,640,323.231,339.07,311.264,-0.7555
mixed,16,8,0.5,4.0,2048,2048,512,2048,1280,350.015,377.952,376.798,0.9587
mixed,16,8,0.5,4.0,2048,2048,1024,4096,2560,396.671,451.841,447.168,0.9153
mixed,16,8,0.5,4.0,2048,2048,2048,8192,5120,487.069,594.817,593.567,0.9884
mixed,16,8,0.5,4.0,2048,2048,4096,16384,10240,667.103,883.167,884.383,1.0056
mixed,16,8,0.5,4.0,2048,4096,128,512,320,445.342,445.246,444.865,
mixed,16,8,0.5,4.0,2048,4096,256,1024,640,446.334,485.057,447.389,0.0272
mixed,16,8,0.5,4.0,2048,4096,512,2048,1280,496.705,524.96,471.135,-0.905
mixed,16,8,0.5,4.0,2048,4096,1024,4096,2560,543.264,598.877,595.264,0.935
mixed,16,8,0.5,4.0,2048,4096,2048,8192,5120,634.879,742.654,740.128,0.9766
mixed,16,8,0.5,4.0,2048,4096,4096,16384,10240,815.006,1030.974,1030.303,0.9969
mixed,16,8,0.5,4.0,2048,8192,128,512,320,732.577,731.649,731.454,
mixed,16,8,0.5,4.0,2048,8192,256,1024,640,733.246,731.614,731.997,
mixed,16,8,0.5,4.0,2048,8192,512,2048,1280,732.702,776.543,732.253,-0.0102
mixed,16,8,0.5,4.0,2048,8192,1024,4096,2560,822.366,880.958,774.174,-0.8225
mixed,16,8,0.5,4.0,2048,8192,2048,8192,5120,916.255,1026.75,1022.844,0.9646
mixed,16,8,0.5,4.0,2048,8192,4096,16384,10240,1100.605,1314.653,1310.91,0.9825
pure,16,12,0.75,4.0,0,0,128,512,416,46.271,49.919,50.304,1.1055
pure,16,12,0.75,4.0,0,0,256,1024,832,51.265,54.784,64.352,3.719
pure,16,12,0.75,4.0,0,0,512,2048,1664,64.575,70.88,71.841,1.1524
pure,16,12,0.75,4.0,0,0,1024,4096,3328,88.129,97.984,102.527,1.461
pure,16,12,0.75,4.0,0,0,2048,8192,6656,127.393,142.815,143.04,1.0146
pure,16,12,0.75,4.0,0,0,4096,16384,13312,202.88,238.336,219.328,0.4639
mixed,16,12,0.75,4.0,16,0,128,512,416,52.769,55.393,54.017,0.4756
mixed,16,12,0.75,4.0,16,0,256,1024,832,57.472,59.392,59.648,1.1333
mixed,16,12,0.75,4.0,16,0,512,2048,1664,69.215,75.074,81.984,2.1794
mixed,16,12,0.75,4.0,16,0,1024,4096,3328,90.624,102.048,108.544,1.5686
mixed,16,12,0.75,4.0,16,0,2048,8192,6656,132.545,147.84,156.064,1.5377
mixed,16,12,0.75,4.0,16,0,4096,16384,13312,204.735,239.552,246.144,1.1893
mixed,16,12,0.75,4.0,16,512,128,512,416,57.056,59.742,56.736,-0.1191
mixed,16,12,0.75,4.0,16,512,256,1024,832,73.632,66.178,62.784,
mixed,16,12,0.75,4.0,16,512,512,2048,1664,71.295,75.905,84.479,2.8599
mixed,16,12,0.75,4.0,16,512,1024,4096,3328,94.079,104.32,114.049,1.95
mixed,16,12,0.75,4.0,16,512,2048,8192,6656,132.448,146.944,152.64,1.3929
mixed,16,12,0.75,4.0,16,512,4096,16384,13312,205.888,242.464,244.48,1.0551
mixed,16,12,0.75,4.0,16,1024,128,512,416,58.751,59.328,59.902,1.9948
mixed,16,12,0.75,4.0,16,1024,256,1024,832,63.264,67.328,64.894,0.4011
mixed,16,12,0.75,4.0,16,1024,512,2048,1664,89.888,75.583,84.384,
mixed,16,12,0.75,4.0,16,1024,1024,4096,3328,93.472,103.742,115.038,2.0999
mixed,16,12,0.75,4.0,16,1024,2048,8192,6656,134.526,148.927,156.479,1.5244
mixed,16,12,0.75,4.0,16,1024,4096,16384,13312,206.272,240.254,245.536,1.1554
mixed,16,12,0.75,4.0,16,2048,128,512,416,60.833,61.6,61.472,0.8331
mixed,16,12,0.75,4.0,16,2048,256,1024,832,64.095,68.064,66.114,0.5087
mixed,16,12,0.75,4.0,16,2048,512,2048,1664,76.001,97.344,76.415,0.0194
mixed,16,12,0.75,4.0,16,2048,1024,4096,3328,130.914,106.336,113.502,
mixed,16,12,0.75,4.0,16,2048,2048,8192,6656,135.488,152.64,158.527,1.3432
mixed,16,12,0.75,4.0,16,2048,4096,16384,13312,206.369,243.52,247.2,1.0991
mixed,16,12,0.75,4.0,16,4096,128,512,416,66.751,65.599,63.776,
mixed,16,12,0.75,4.0,16,4096,256,1024,832,66.081,75.266,69.601,0.3832
mixed,16,12,0.75,4.0,16,4096,512,2048,1664,78.721,84.895,78.527,-0.0314
mixed,16,12,0.75,4.0,16,4096,1024,4096,3328,135.167,138.654,116.544,-5.3407
mixed,16,12,0.75,4.0,16,4096,2048,8192,6656,190.688,153.086,172.611,
mixed,16,12,0.75,4.0,16,4096,4096,16384,13312,213.119,243.104,252.702,1.3201
mixed,16,12,0.75,4.0,16,8192,128,512,416,69.536,69.888,70.018,1.3693
mixed,16,12,0.75,4.0,16,8192,256,1024,832,86.624,74.561,74.017,
mixed,16,12,0.75,4.0,16,8192,512,2048,1664,83.296,88.991,81.79,-0.2644
mixed,16,12,0.75,4.0,16,8192,1024,4096,3328,104.577,143.552,105.792,0.0312
mixed,16,12,0.75,4.0,16,8192,2048,8192,6656,190.848,224.16,177.12,-0.4121
mixed,16,12,0.75,4.0,16,8192,4096,16384,13312,325.405,247.294,278.016,
mixed,16,12,0.75,4.0,32,0,128,512,416,53.248,55.967,54.816,0.5767
mixed,16,12,0.75,4.0,32,0,256,1024,832,57.312,60.417,60.254,0.9475
mixed,16,12,0.75,4.0,32,0,512,2048,1664,69.214,75.776,81.505,1.8731
mixed,16,12,0.75,4.0,32,0,1024,4096,3328,92.96,101.12,111.008,2.2118
mixed,16,12,0.75,4.0,32,0,2048,8192,6656,135.392,150.016,157.088,1.4836
mixed,16,12,0.75,4.0,32,0,4096,16384,13312,205.438,240.959,244.287,1.0937
mixed,16,12,0.75,4.0,32,512,128,512,416,61.345,61.056,60.192,
mixed,16,12,0.75,4.0,32,512,256,1024,832,63.105,69.76,63.81,0.1059
mixed,16,12,0.75,4.0,32,512,512,2048,1664,90.816,74.817,82.753,
mixed,16,12,0.75,4.0,32,512,1024,4096,3328,92.797,102.623,114.752,2.2344
mixed,16,12,0.75,4.0,32,512,2048,8192,6656,133.695,149.055,155.872,1.4438
mixed,16,12,0.75,4.0,32,512,4096,16384,13312,208.895,244.257,247.456,1.0905
mixed,16,12,0.75,4.0,32,1024,128,512,416,62.462,63.616,64.511,1.7756
mixed,16,12,0.75,4.0,32,1024,256,1024,832,65.888,72.385,69.376,0.5369
mixed,16,12,0.75,4.0,32,1024,512,2048,1664,77.76,99.648,77.76,-0.0
mixed,16,12,0.75,4.0,32,1024,1024,4096,3328,125.056,102.751,114.913,
mixed,16,12,0.75,4.0,32,1024,2048,8192,6656,134.528,148.384,161.472,1.9446
mixed,16,12,0.75,4.0,32,1024,4096,16384,13312,208.895,242.303,250.175,1.2356
mixed,16,12,0.75,4.0,32,2048,128,512,416,68.673,66.88,65.472,
mixed,16,12,0.75,4.0,32,2048,256,1024,832,69.761,75.201,73.76,0.7351
mixed,16,12,0.75,4.0,32,2048,512,2048,1664,78.945,84.576,78.976,0.0055
mixed,16,12,0.75,4.0,32,2048,1024,4096,3328,129.984,141.632,117.376,-1.0824
mixed,16,12,0.75,4.0,32,2048,2048,8192,6656,185.696,150.56,165.504,
mixed,16,12,0.75,4.0,32,2048,4096,16384,13312,208.576,246.432,250.015,1.0946
mixed,16,12,0.75,4.0,32,4096,128,512,416,71.104,68.832,69.472,
mixed,16,12,0.75,4.0,32,4096,256,1024,832,82.304,76.031,74.529,
mixed,16,12,0.75,4.0,32,4096,512,2048,1664,79.521,85.92,80.415,0.1397
mixed,16,12,0.75,4.0,32,4096,1024,4096,3328,101.151,142.399,99.455,-0.0411
mixed,16,12,0.75,4.0,32,4096,2048,8192,6656,191.584,222.111,173.825,-0.5817
mixed,16,12,0.75,4.0,32,4096,4096,16384,13312,299.325,243.072,252.35,
mixed,16,12,0.75,4.0,32,8192,128,512,416,79.777,78.4,78.143,
mixed,16,12,0.75,4.0,32,8192,256,1024,832,81.569,82.623,79.808,-1.6708
mixed,16,12,0.75,4.0,32,8192,512,2048,1664,108.801,108.704,88.576,
mixed,16,12,0.75,4.0,32,8192,1024,4096,3328,110.368,115.136,112.639,0.4763
mixed,16,12,0.75,4.0,32,8192,2048,8192,6656,190.625,224.159,143.2,-1.4142
mixed,16,12,0.75,4.0,32,8192,4096,16384,13312,321.279,390.654,280.992,-0.5807
mixed,16,12,0.75,4.0,64,0,128,512,416,53.855,56.832,55.552,0.57
mixed,16,12,0.75,4.0,64,0,256,1024,832,74.848,60.737,60.48,
mixed,16,12,0.75,4.0,64,0,512,2048,1664,85.183,90.37,80.96,-0.8142
mixed,16,12,0.75,4.0,64,0,1024,4096,3328,104.32,115.264,113.217,0.813
mixed,16,12,0.75,4.0,64,0,2048,8192,6656,147.838,160.735,164.478,1.2902
mixed,16,12,0.75,4.0,64,0,4096,16384,13312,220.096,249.791,253.601,1.1283
mixed,16,12,0.75,4.0,64,512,128,512,416,67.393,66.369,64.928,
mixed,16,12,0.75,4.0,64,512,256,1024,832,68.383,74.112,71.36,0.5196
mixed,16,12,0.75,4.0,64,512,512,2048,1664,72.64,95.296,72.417,-0.0098
mixed,16,12,0.75,4.0,64,512,1024,4096,3328,128.736,138.431,115.486,-1.3667
mixed,16,12,0.75,4.0,64,512,2048,8192,6656,166.977,185.088,160.927,-0.3341
mixed,16,12,0.75,4.0,64,512,4096,16384,13312,240.223,277.504,257.471,0.4626
mixed,16,12,0.75,4.0,64,1024,128,512,416,72.189,78.943,68.736,-0.5113
mixed,16,12,0.75,4.0,64,1024,256,1024,832,71.136,76.672,76.192,0.9133
mixed,16,12,0.75,4.0,64,1024,512,2048,1664,79.808,80.96,78.783,-0.8898
mixed,16,12,0.75,4.0,64,1024,1024,4096,3328,128.254,139.106,127.744,-0.047
mixed,16,12,0.75,4.0,64,1024,2048,8192,6656,187.325,204.096,163.231,-1.4366
mixed,16,12,0.75,4.0,64,1024,4096,16384,13312,264.447,298.174,252.8,-0.3453
mixed,16,12,0.75,4.0,64,2048,128,512,416,73.091,70.878,72.48,
mixed,16,12,0.75,4.0,64,2048,256,1024,832,83.168,85.121,76.928,-3.1951
mixed,16,12,0.75,4.0,64,2048,512,2048,1664,82.56,87.486,97.343,3.001
mixed,16,12,0.75,4.0,64,2048,1024,4096,3328,101.441,142.464,105.663,0.1029
mixed,16,12,0.75,4.0,64,2048,2048,8192,6656,183.712,222.816,178.625,-0.1301
mixed,16,12,0.75,4.0,64,2048,4096,16384,13312,301.569,337.44,251.617,-1.3925
mixed,16,12,0.75,4.0,64,4096,128,512,416,80.801,83.489,77.632,-1.1789
mixed,16,12,0.75,4.0,64,4096,256,1024,832,83.389,83.712,82.016,-4.2508
mixed,16,12,0.75,4.0,64,4096,512,2048,1664,106.368,116.224,88.608,-1.8019
mixed,16,12,0.75,4.0,64,4096,1024,4096,3328,102.943,111.456,139.552,4.3004
mixed,16,12,0.75,4.0,64,4096,2048,8192,6656,190.081,221.534,140.609,-1.5729
mixed,16,12,0.75,4.0,64,4096,4096,16384,13312,298.175,387.583,295.327,-0.0319
mixed,16,12,0.75,4.0,64,8192,128,512,416,90.751,90.816,90.656,-1.4615
mixed,16,12,0.75,4.0,64,8192,256,1024,832,100.159,102.878,92.928,-2.6594
mixed,16,12,0.75,4.0,64,8192,512,2048,1664,102.592,105.598,103.168,0.1916
mixed,16,12,0.75,4.0,64,8192,1024,4096,3328,151.329,171.232,116.286,-1.7607
mixed,16,12,0.75,4.0,64,8192,2048,8192,6656,146.239,170.976,218.654,2.9274
mixed,16,12,0.75,4.0,64,8192,4096,16384,13312,326.464,386.816,221.055,-1.7466
mixed,16,12,0.75,4.0,128,0,128,512,416,53.761,57.025,57.473,1.1373
mixed,16,12,0.75,4.0,128,0,256,1024,832,75.716,64.511,65.504,
mixed,16,12,0.75,4.0,128,0,512,2048,1664,86.017,91.296,85.728,-0.0547
mixed,16,12,0.75,4.0,128,0,1024,4096,3328,104.959,116.449,114.335,0.816
mixed,16,12,0.75,4.0,128,0,2048,8192,6656,145.408,167.168,173.282,1.281
mixed,16,12,0.75,4.0,128,0,4096,16384,13312,222.848,254.654,262.847,1.2576
mixed,16,12,0.75,4.0,128,512,128,512,416,68.865,80.768,68.545,-0.0269
mixed,16,12,0.75,4.0,128,512,256,1024,832,72.575,75.104,73.537,0.3804
mixed,16,12,0.75,4.0,128,512,512,2048,1664,74.208,79.968,74.434,0.0392
mixed,16,12,0.75,4.0,128,512,1024,4096,3328,126.015,135.712,123.454,-0.2641
mixed,16,12,0.75,4.0,128,512,2048,8192,6656,168.065,183.807,177.247,0.5833
mixed,16,12,0.75,4.0,128,512,4096,16384,13312,242.624,275.423,285.215,1.2985
mixed,16,12,0.75,4.0,128,1024,128,512,416,72.864,72.703,73.44,
mixed,16,12,0.75,4.0,128,1024,256,1024,832,75.105,94.144,76.735,0.0856
mixed,16,12,0.75,4.0,128,1024,512,2048,1664,81.728,84.384,99.072,6.5301
mixed,16,12,0.75,4.0,128,1024,1024,4096,3328,98.015,140.416,99.488,0.0347
mixed,16,12,0.75,4.0,128,1024,2048,8192,6656,185.504,200.896,182.527,-0.1934
mixed,16,12,0.75,4.0,128,1024,4096,16384,13312,260.957,295.102,284.959,0.7029
mixed,16,12,0.75,4.0,128,2048,128,512,416,80.576,84.896,80.672,0.0222
mixed,16,12,0.75,4.0,128,2048,256,1024,832,82.656,82.495,83.264,
mixed,16,12,0.75,4.0,128,2048,512,2048,1664,108.001,120.446,86.974,-1.6896
mixed,16,12,0.75,4.0,128,2048,1024,4096,3328,104.095,113.984,143.009,3.9351
mixed,16,12,0.75,4.0,128,2048,2048,8192,6656,192.383,218.622,139.648,-2.0098
mixed,16,12,0.75,4.0,128,2048,4096,16384,13312,296.06,334.529,294.24,-0.0473
mixed,16,12,0.75,4.0,128,4096,128,512,416,91.872,91.295,91.295,
mixed,16,12,0.75,4.0,128,4096,256,1024,832,94.975,108.256,92.0,-0.224
mixed,16,12,0.75,4.0,128,4096,512,2048,1664,102.207,101.664,102.686,
mixed,16,12,0.75,4.0,128,4096,1024,4096,3328,151.263,173.341,113.504,-1.7103
mixed,16,12,0.75,4.0,128,4096,2048,8192,6656,149.119,168.127,219.103,3.6818
mixed,16,12,0.75,4.0,128,4096,4096,16384,13312,324.0,385.693,220.288,-1.6811
mixed,16,12,0.75,4.0,128,8192,128,512,416,116.128,113.216,111.519,
mixed,16,12,0.75,4.0,128,8192,256,1024,832,115.329,115.935,115.776,0.7376
mixed,16,12,0.75,4.0,128,8192,512,2048,1664,131.646,146.401,124.126,-0.5097
mixed,16,12,0.75,4.0,128,8192,1024,4096,3328,197.76,139.775,170.433,
mixed,16,12,0.75,4.0,128,8192,2048,8192,6656,237.695,279.936,166.272,-1.6908
mixed,16,12,0.75,4.0,128,8192,4096,16384,13312,232.287,278.239,379.137,3.1957
mixed,16,12,0.75,4.0,256,0,128,512,416,55.584,62.273,61.406,0.8704
mixed,16,12,0.75,4.0,256,0,256,1024,832,65.695,68.35,64.639,-0.3977
mixed,16,12,0.75,4.0,256,0,512,2048,1664,78.176,83.869,89.376,1.9673
mixed,16,12,0.75,4.0,256,0,1024,4096,3328,111.584,123.775,100.32,-0.924
mixed,16,12,0.75,4.0,256,0,2048,8192,6656,153.375,169.472,142.498,-0.6757
mixed,16,12,0.75,4.0,256,0,4096,16384,13312,225.408,257.345,230.048,0.1453
mixed,16,12,0.75,4.0,256,512,128,512,416,77.567,77.568,77.117,-450.0
mixed,16,12,0.75,4.0,256,512,256,1024,832,74.239,96.672,94.593,0.9073
mixed,16,12,0.75,4.0,256,512,512,2048,1664,78.271,84.416,82.113,0.6252
mixed,16,12,0.75,4.0,256,512,1024,4096,3328,102.111,110.753,136.959,4.0324
mixed,16,12,0.75,4.0,256,512,2048,8192,6656,169.312,184.447,147.359,-1.4505
mixed,16,12,0.75,4.0,256,512,4096,16384,13312,242.399,277.248,225.953,-0.4719
mixed,16,12,0.75,4.0,256,1024,128,512,416,82.398,94.08,92.385,0.8549
mixed,16,12,0.75,4.0,256,1024,256,1024,832,87.487,87.424,86.881,
mixed,16,12,0.75,4.0,256,1024,512,2048,1664,90.624,121.665,117.15,0.8545
mixed,16,12,0.75,4.0,256,1024,1024,4096,3328,102.369,113.376,139.647,3.3868
mixed,16,12,0.75,4.0,256,1024,2048,8192,6656,182.592,199.169,195.424,0.7741
mixed,16,12,0.75,4.0,256,1024,4096,16384,13312,261.406,294.591,226.816,-1.0423
mixed,16,12,0.75,4.0,256,2048,128,512,416,93.92,95.616,95.135,0.7164
mixed,16,12,0.75,4.0,256,2048,256,1024,832,90.078,112.479,111.52,0.9572
mixed,16,12,0.75,4.0,256,2048,512,2048,1664,107.008,106.657,107.168,
mixed,16,12,0.75,4.0,256,2048,1024,4096,3328,155.903,167.359,167.744,1.0336
mixed,16,12,0.75,4.0,256,2048,2048,8192,6656,147.137,163.742,218.208,4.2801
mixed,16,12,0.75,4.0,256,2048,4096,16384,13312,290.174,326.465,319.678,0.813
mixed,16,12,0.75,4.0,256,4096,128,512,416,122.686,128.32,124.0,0.2332
mixed,16,12,0.75,4.0,256,4096,256,1024,832,137.981,120.897,119.296,
mixed,16,12,0.75,4.0,256,4096,512,2048,1664,134.944,152.929,149.921,0.8327
mixed,16,12,0.75,4.0,256,4096,1024,4096,3328,147.424,145.184,145.28,
mixed,16,12,0.75,4.0,256,4096,2048,8192,6656,240.512,264.286,259.455,0.7968
mixed,16,12,0.75,4.0,256,4096,4096,16384,13312,228.351,272.446,378.178,3.3978
mixed,16,12,0.75,4.0,256,8192,128,512,416,159.902,163.776,161.377,0.3807
mixed,16,12,0.75,4.0,256,8192,256,1024,832,175.423,186.624,181.44,0.5372
mixed,16,12,0.75,4.0,256,8192,512,2048,1664,173.214,173.631,171.233,-4.7506
mixed,16,12,0.75,4.0,256,8192,1024,4096,3328,200.256,231.198,226.942,0.8625
mixed,16,12,0.75,4.0,256,8192,2048,8192,6656,311.52,221.375,284.544,
mixed,16,12,0.75,4.0,256,8192,4096,16384,13312,404.512,444.991,441.472,0.9131
mixed,16,12,0.75,4.0,512,0,128,512,416,56.511,72.224,72.319,1.006
mixed,16,12,0.75,4.0,512,0,256,1024,832,72.704,75.649,75.713,1.0217
mixed,16,12,0.75,4.0,512,0,512,2048,1664,88.384,97.568,96.159,0.8466
mixed,16,12,0.75,4.0,512,0,1024,4096,3328,123.55,137.503,137.664,1.0115
mixed,16,12,0.75,4.0,512,0,2048,8192,6656,184.897,214.43,212.639,0.9394
mixed,16,12,0.75,4.0,512,0,4096,16384,13312,311.005,372.479,369.472,0.9511
mixed,16,12,0.75,4.0,512,512,128,512,416,110.656,115.905,114.304,0.695
mixed,16,12,0.75,4.0,512,512,256,1024,832,125.376,117.022,116.64,
mixed,16,12,0.75,4.0,512,512,512,2048,1664,92.768,97.888,95.967,0.6248
mixed,16,12,0.75,4.0,512,512,1024,4096,3328,121.663,136.128,135.647,0.9667
mixed,16,12,0.75,4.0,512,512,2048,8192,6656,185.441,213.92,213.471,0.9842
mixed,16,12,0.75,4.0,512,512,4096,16384,13312,311.808,370.464,367.616,0.9514
mixed,16,12,0.75,4.0,512,1024,128,512,416,120.416,125.216,120.736,0.0667
mixed,16,12,0.75,4.0,512,1024,256,1024,832,136.32,144.128,143.297,0.8936
mixed,16,12,0.75,4.0,512,1024,512,2048,1664,138.4,147.678,146.175,0.838
mixed,16,12,0.75,4.0,512,1024,1024,4096,3328,123.714,137.345,135.071,0.8332
mixed,16,12,0.75,4.0,512,1024,2048,8192,6656,187.775,215.102,213.825,0.9533
mixed,16,12,0.75,4.0,512,1024,4096,16384,13312,314.977,373.053,368.224,0.9169
mixed,16,12,0.75,4.0,512,2048,128,512,416,139.839,144.735,140.705,0.1769
mixed,16,12,0.75,4.0,512,2048,256,1024,832,154.336,164.063,159.329,0.5133
mixed,16,12,0.75,4.0,512,2048,512,2048,1664,189.408,169.212,165.599,
mixed,16,12,0.75,4.0,512,2048,1024,4096,3328,195.583,152.319,206.014,
mixed,16,12,0.75,4.0,512,2048,2048,8192,6656,185.887,216.48,215.391,0.9644
mixed,16,12,0.75,4.0,512,2048,4096,16384,13312,316.383,376.031,372.734,0.9447
mixed,16,12,0.75,4.0,512,4096,128,512,416,173.92,182.336,178.912,0.5932
mixed,16,12,0.75,4.0,512,4096,256,1024,832,192.033,201.727,198.465,0.6635
mixed,16,12,0.75,4.0,512,4096,512,2048,1664,226.977,243.456,240.543,0.8232
mixed,16,12,0.75,4.0,512,4096,1024,4096,3328,294.911,246.591,248.222,
mixed,16,12,0.75,4.0,512,4096,2048,8192,6656,299.199,229.057,324.831,
mixed,16,12,0.75,4.0,512,4096,4096,16384,13312,320.606,381.407,375.359,0.9005
mixed,16,12,0.75,4.0,512,8192,128,512,416,250.271,255.776,256.64,1.1569
mixed,16,12,0.75,4.0,512,8192,256,1024,832,266.143,276.673,275.358,0.8751
mixed,16,12,0.75,4.0,512,8192,512,2048,1664,304.99,322.111,317.534,0.7327
mixed,16,12,0.75,4.0,512,8192,1024,4096,3328,373.63,400.7,398.815,0.9304
mixed,16,12,0.75,4.0,512,8192,2048,8192,6656,377.536,407.136,405.247,0.9362
mixed,16,12,0.75,4.0,512,8192,4096,16384,13312,502.592,395.327,559.04,
mixed,16,12,0.75,4.0,1024,0,128,512,416,82.975,87.009,86.271,0.8171
mixed,16,12,0.75,4.0,1024,0,256,1024,832,96.992,105.12,104.13,0.8782
mixed,16,12,0.75,4.0,1024,0,512,2048,1664,127.649,140.574,139.232,0.8962
mixed,16,12,0.75,4.0,1024,0,1024,4096,3328,186.881,213.535,213.536,1.0
mixed,16,12,0.75,4.0,1024,0,2048,8192,6656,303.55,357.471,356.382,0.9798
mixed,16,12,0.75,4.0,1024,0,4096,16384,13312,537.471,646.302,646.08,0.998
mixed,16,12,0.75,4.0,1024,512,128,512,416,99.967,104.063,101.568,0.3909
mixed,16,12,0.75,4.0,1024,512,256,1024,832,113.92,122.941,121.247,0.8122
mixed,16,12,0.75,4.0,1024,512,512,2048,1664,144.48,158.722,157.471,0.9122
mixed,16,12,0.75,4.0,1024,512,1024,4096,3328,203.647,231.807,230.208,0.9432
mixed,16,12,0.75,4.0,1024,512,2048,8192,6656,321.44,374.686,375.038,1.0066
mixed,16,12,0.75,4.0,1024,512,4096,16384,13312,556.127,665.278,662.817,0.9775
mixed,16,12,0.75,4.0,1024,1024,128,512,416,118.176,122.112,118.881,0.1791
mixed,16,12,0.75,4.0,1024,1024,256,1024,832,130.654,140.288,137.374,0.6975
mixed,16,12,0.75,4.0,1024,1024,512,2048,1664,163.808,175.584,175.999,1.0352
mixed,16,12,0.75,4.0,1024,1024,1024,4096,3328,223.008,248.801,248.511,0.9888
mixed,16,12,0.75,4.0,1024,1024,2048,8192,6656,341.566,394.077,393.28,0.9848
mixed,16,12,0.75,4.0,1024,1024,4096,16384,13312,574.528,684.22,683.166,0.9904
mixed,16,12,0.75,4.0,1024,2048,128,512,416,154.016,157.601,154.238,0.0619
mixed,16,12,0.75,4.0,1024,2048,256,1024,832,166.559,176.768,172.575,0.5893
mixed,16,12,0.75,4.0,1024,2048,512,2048,1664,199.711,213.569,210.847,0.8036
mixed,16,12,0.75,4.0,1024,2048,1024,4096,3328,259.969,289.279,288.51,0.9738
mixed,16,12,0.75,4.0,1024,2048,2048,8192,6656,378.848,434.209,433.309,0.9837
mixed,16,12,0.75,4.0,1024,2048,4096,16384,13312,614.015,723.678,721.312,0.9784
mixed,16,12,0.75,4.0,1024,4096,128,512,416,226.367,227.135,226.88,0.668
mixed,16,12,0.75,4.0,1024,4096,256,1024,832,237.216,245.921,245.6,0.9631
mixed,16,12,0.75,4.0,1024,4096,512,2048,1664,273.92,286.784,285.153,0.8732
mixed,16,12,0.75,4.0,1024,4096,1024,4096,3328,336.256,363.838,362.591,0.9548
mixed,16,12,0.75,4.0,1024,4096,2048,8192,6656,456.19,508.222,506.622,0.9692
mixed,16,12,0.75,4.0,1024,4096,4096,16384,13312,689.663,801.248,797.694,0.9681
mixed,16,12,0.75,4.0,1024,8192,128,512,416,377.439,379.616,378.527,0.4998
mixed,16,12,0.75,4.0,1024,8192,256,1024,832,379.006,396.928,379.263,0.0143
mixed,16,12,0.75,4.0,1024,8192,512,2048,1664,422.078,437.088,437.088,1.0
mixed,16,12,0.75,4.0,1024,8192,1024,4096,3328,483.041,511.295,510.207,0.9615
mixed,16,12,0.75,4.0,1024,8192,2048,8192,6656,602.301,658.016,657.119,0.9839
mixed,16,12,0.75,4.0,1024,8192,4096,16384,13312,837.534,945.341,945.534,1.0018
mixed,16,12,0.75,4.0,2048,0,128,512,416,169.504,172.895,172.447,0.8679
mixed,16,12,0.75,4.0,2048,0,256,1024,832,182.334,191.008,189.79,0.8596
mixed,16,12,0.75,4.0,2048,0,512,2048,1664,215.489,228.638,226.398,0.8296
mixed,16,12,0.75,4.0,2048,0,1024,4096,3328,272.32,302.88,300.097,0.9089
mixed,16,12,0.75,4.0,2048,0,2048,8192,6656,392.8,446.401,444.928,0.9725
mixed,16,12,0.75,4.0,2048,0,4096,16384,13312,627.041,733.309,732.319,0.9907
mixed,16,12,0.75,4.0,2048,512,128,512,416,204.0,208.35,206.272,0.5223
mixed,16,12,0.75,4.0,2048,512,256,1024,832,217.408,225.056,223.999,0.8618
mixed,16,12,0.75,4.0,2048,512,512,2048,1664,250.111,263.615,262.655,0.9289
mixed,16,12,0.75,4.0,2048,512,1024,4096,3328,311.486,337.088,336.319,0.97
mixed,16,12,0.75,4.0,2048,512,2048,8192,6656,429.025,481.695,482.784,1.0207
mixed,16,12,0.75,4.0,2048,512,4096,16384,13312,663.457,771.102,769.759,0.9875
mixed,16,12,0.75,4.0,2048,1024,128,512,416,240.35,243.809,241.888,0.4446
mixed,16,12,0.75,4.0,2048,1024,256,1024,832,252.606,263.072,261.952,0.893
mixed,16,12,0.75,4.0,2048,1024,512,2048,1664,286.976,300.959,300.8,0.9886
mixed,16,12,0.75,4.0,2048,1024,1024,4096,3328,348.703,375.04,375.202,1.0062
mixed,16,12,0.75,4.0,2048,1024,2048,8192,6656,464.448,520.032,518.911,0.9798
mixed,16,12,0.75,4.0,2048,1024,4096,16384,13312,701.02,810.974,808.223,0.975
mixed,16,12,0.75,4.0,2048,2048,128,512,416,315.041,318.304,306.272,-2.6874
mixed,16,12,0.75,4.0,2048,2048,256,1024,832,329.44,338.301,338.655,1.04
mixed,16,12,0.75,4.0,2048,2048,512,2048,1664,362.624,378.463,377.791,0.9576
mixed,16,12,0.75,4.0,2048,2048,1024,4096,3328,423.361,451.52,449.888,0.942
mixed,16,12,0.75,4.0,2048,2048,2048,8192,6656,541.824,595.326,594.368,0.9821
mixed,16,12,0.75,4.0,2048,2048,4096,16384,13312,774.622,883.648,884.257,1.0056
mixed,16,12,0.75,4.0,2048,4096,128,512,416,445.567,445.119,444.959,
mixed,16,12,0.75,4.0,2048,4096,256,1024,832,450.879,485.982,459.325,0.2406
mixed,16,12,0.75,4.0,2048,4096,512,2048,1664,508.447,524.64,522.655,0.8774
mixed,16,12,0.75,4.0,2048,4096,1024,4096,3328,569.215,597.663,597.63,0.9988
mixed,16,12,0.75,4.0,2048,4096,2048,8192,6656,688.32,742.974,741.857,0.9796
mixed,16,12,0.75,4.0,2048,4096,4096,16384,13312,922.113,1031.326,1031.648,1.0029
mixed,16,12,0.75,4.0,2048,8192,128,512,416,735.519,733.408,731.455,
mixed,16,12,0.75,4.0,2048,8192,256,1024,832,731.391,737.216,731.679,0.0494
mixed,16,12,0.75,4.0,2048,8192,512,2048,1664,732.159,775.935,733.504,0.0307
mixed,16,12,0.75,4.0,2048,8192,1024,4096,3328,849.664,881.503,877.791,0.8834
mixed,16,12,0.75,4.0,2048,8192,2048,8192,6656,970.688,1028.829,1026.752,0.9643
mixed,16,12,0.75,4.0,2048,8192,4096,16384,13312,1210.558,1314.273,1313.405,0.9916
pure,16,14,0.875,4.0,0,0,128,512,464,46.207,51.264,50.239,0.7973
pure,16,14,0.875,4.0,0,0,256,1024,928,55.809,56.065,54.817,-3.875
pure,16,14,0.875,4.0,0,0,512,2048,1856,69.376,71.105,70.273,0.5188
pure,16,14,0.875,4.0,0,0,1024,4096,3712,93.279,97.183,113.728,5.238
pure,16,14,0.875,4.0,0,0,2048,8192,7424,138.975,145.153,173.6,5.6046
pure,16,14,0.875,4.0,0,0,4096,16384,14848,219.169,235.679,284.065,3.9307
mixed,16,14,0.875,4.0,16,0,128,512,464,52.575,55.808,54.976,0.7427
mixed,16,14,0.875,4.0,16,0,256,1024,928,60.478,60.768,60.32,-0.5448
mixed,16,14,0.875,4.0,16,0,512,2048,1856,74.082,75.073,73.984,-0.0989
mixed,16,14,0.875,4.0,16,0,1024,4096,3712,95.392,101.92,98.113,0.4168
mixed,16,14,0.875,4.0,16,0,2048,8192,7424,140.48,148.864,194.847,6.4846
mixed,16,14,0.875,4.0,16,0,4096,16384,14848,225.791,240.449,333.055,7.3178
mixed,16,14,0.875,4.0,16,512,128,512,464,57.537,59.2,57.44,-0.0583
mixed,16,14,0.875,4.0,16,512,256,1024,928,65.057,65.728,64.256,-1.1937
mixed,16,14,0.875,4.0,16,512,512,2048,1856,74.689,75.52,74.656,-0.0397
mixed,16,14,0.875,4.0,16,512,1024,4096,3712,99.423,101.984,100.194,0.3011
mixed,16,14,0.875,4.0,16,512,2048,8192,7424,143.04,149.886,197.183,7.9087
mixed,16,14,0.875,4.0,16,512,4096,16384,14848,226.528,241.248,331.424,7.1261
mixed,16,14,0.875,4.0,16,1024,128,512,464,59.104,59.168,58.111,-15.5156
mixed,16,14,0.875,4.0,16,1024,256,1024,928,65.184,66.688,65.504,0.2128
mixed,16,14,0.875,4.0,16,1024,512,2048,1856,76.83,76.158,75.776,
mixed,16,14,0.875,4.0,16,1024,1024,4096,3712,101.182,102.11,99.329,-1.9968
mixed,16,14,0.875,4.0,16,1024,2048,8192,7424,141.439,149.792,195.49,6.4708
mixed,16,14,0.875,4.0,16,1024,4096,16384,14848,227.073,239.361,333.406,8.6534
mixed,16,14,0.875,4.0,16,2048,128,512,464,62.271,61.568,62.272,
mixed,16,14,0.875,4.0,16,2048,256,1024,928,64.704,68.898,67.168,0.5875
mixed,16,14,0.875,4.0,16,2048,512,2048,1856,78.079,96.32,76.864,-0.0666
mixed,16,14,0.875,4.0,16,2048,1024,4096,3712,106.048,106.593,104.576,-2.7009
mixed,16,14,0.875,4.0,16,2048,2048,8192,7424,149.28,148.992,147.04,
mixed,16,14,0.875,4.0,16,2048,4096,16384,14848,226.527,241.472,331.36,7.0146
mixed,16,14,0.875,4.0,16,4096,128,512,464,67.104,66.049,63.934,
mixed,16,14,0.875,4.0,16,4096,256,1024,928,66.527,74.463,69.856,0.4195
mixed,16,14,0.875,4.0,16,4096,512,2048,1856,81.213,83.906,79.649,-0.5808
mixed,16,14,0.875,4.0,16,4096,1024,4096,3712,135.328,140.513,102.143,-6.4002
mixed,16,14,0.875,4.0,16,4096,2048,8192,7424,154.464,150.496,145.215,
mixed,16,14,0.875,4.0,16,4096,4096,16384,14848,231.776,243.328,329.663,8.4736
mixed,16,14,0.875,4.0,16,8192,128,512,464,71.488,69.376,70.656,
mixed,16,14,0.875,4.0,16,8192,256,1024,928,74.4,76.29,73.407,-0.5254
mixed,16,14,0.875,4.0,16,8192,512,2048,1856,86.495,87.232,86.465,-0.0407
mixed,16,14,0.875,4.0,16,8192,1024,4096,3712,108.063,140.962,112.864,0.1459
mixed,16,14,0.875,4.0,16,8192,2048,8192,7424,213.249,223.298,150.11,-6.2831
mixed,16,14,0.875,4.0,16,8192,4096,16384,14848,245.631,246.463,235.52,-12.1526
mixed,16,14,0.875,4.0,32,0,128,512,464,53.6,56.416,55.521,0.6822
mixed,16,14,0.875,4.0,32,0,256,1024,928,60.223,61.599,60.479,0.186
mixed,16,14,0.875,4.0,32,0,512,2048,1856,74.079,75.584,73.472,-0.4033
mixed,16,14,0.875,4.0,32,0,1024,4096,3712,95.777,102.176,100.063,0.6698
mixed,16,14,0.875,4.0,32,0,2048,8192,7424,141.25,148.157,197.056,8.0796
mixed,16,14,0.875,4.0,32,0,4096,16384,14848,228.831,242.271,333.053,7.7546
mixed,16,14,0.875,4.0,32,512,128,512,464,60.481,62.369,61.824,0.7113
mixed,16,14,0.875,4.0,32,512,256,1024,928,64.737,68.544,66.081,0.353
mixed,16,14,0.875,4.0,32,512,512,2048,1856,75.296,75.17,73.375,
mixed,16,14,0.875,4.0,32,512,1024,4096,3712,99.295,104.225,101.054,0.3568
mixed,16,14,0.875,4.0,32,512,2048,8192,7424,141.247,150.302,196.575,6.1102
mixed,16,14,0.875,4.0,32,512,4096,16384,14848,228.576,242.943,331.232,7.1453
mixed,16,14,0.875,4.0,32,1024,128,512,464,63.839,64.479,64.094,0.3984
mixed,16,14,0.875,4.0,32,1024,256,1024,928,66.431,71.2,71.712,1.1074
mixed,16,14,0.875,4.0,32,1024,512,2048,1856,77.761,99.233,75.998,-0.0821
mixed,16,14,0.875,4.0,32,1024,1024,4096,3712,101.791,103.39,99.904,-1.1801
mixed,16,14,0.875,4.0,32,1024,2048,8192,7424,142.336,149.089,141.025,-0.1941
mixed,16,14,0.875,4.0,32,1024,4096,16384,14848,226.591,242.143,330.687,6.6934
mixed,16,14,0.875,4.0,32,2048,128,512,464,68.927,67.422,66.016,
mixed,16,14,0.875,4.0,32,2048,256,1024,928,69.824,74.88,75.295,1.0821
mixed,16,14,0.875,4.0,32,2048,512,2048,1856,80.607,84.928,79.231,-0.3184
mixed,16,14,0.875,4.0,32,2048,1024,4096,3712,136.193,140.16,102.495,-8.4946
mixed,16,14,0.875,4.0,32,2048,2048,8192,7424,146.303,150.4,143.775,-0.617
mixed,16,14,0.875,4.0,32,2048,4096,16384,14848,230.046,242.593,329.344,7.9141
mixed,16,14,0.875,4.0,32,4096,128,512,464,70.622,69.76,71.135,
mixed,16,14,0.875,4.0,32,4096,256,1024,928,78.144,76.478,74.657,
mixed,16,14,0.875,4.0,32,4096,512,2048,1856,86.051,87.072,86.305,0.2488
mixed,16,14,0.875,4.0,32,4096,1024,4096,3712,103.553,140.672,105.568,0.0543
mixed,16,14,0.875,4.0,32,4096,2048,8192,7424,210.753,223.233,145.024,-5.2667
mixed,16,14,0.875,4.0,32,4096,4096,16384,14848,239.488,245.18,229.566,-1.7431
mixed,16,14,0.875,4.0,32,8192,128,512,464,80.192,78.241,77.538,
mixed,16,14,0.875,4.0,32,8192,256,1024,928,80.896,82.559,81.886,0.5953
mixed,16,14,0.875,4.0,32,8192,512,2048,1856,103.424,108.992,93.44,-1.7931
mixed,16,14,0.875,4.0,32,8192,1024,4096,3712,116.286,115.359,111.967,
mixed,16,14,0.875,4.0,32,8192,2048,8192,7424,213.536,224.385,151.36,-5.731
mixed,16,14,0.875,4.0,32,8192,4096,16384,14848,359.264,392.35,228.448,-3.9538
mixed,16,14,0.875,4.0,64,0,128,512,464,53.344,56.416,56.8,1.125
mixed,16,14,0.875,4.0,64,0,256,1024,928,60.832,61.185,61.183,0.9943
mixed,16,14,0.875,4.0,64,0,512,2048,1856,74.72,89.983,73.728,-0.065
mixed,16,14,0.875,4.0,64,0,1024,4096,3712,110.432,115.84,98.719,-2.1659
mixed,16,14,0.875,4.0,64,0,2048,8192,7424,151.391,162.336,197.505,4.2132
mixed,16,14,0.875,4.0,64,0,4096,16384,14848,236.767,252.288,334.08,6.2698
mixed,16,14,0.875,4.0,64,512,128,512,464,68.097,66.366,65.566,
mixed,16,14,0.875,4.0,64,512,256,1024,928,68.512,74.335,72.543,0.6923
mixed,16,14,0.875,4.0,64,512,512,2048,1856,79.007,98.945,73.824,-0.26
mixed,16,14,0.875,4.0,64,512,1024,4096,3712,134.146,136.127,98.59,-17.9485
mixed,16,14,0.875,4.0,64,512,2048,8192,7424,177.76,185.92,144.768,-4.0431
mixed,16,14,0.875,4.0,64,512,4096,16384,14848,258.079,275.806,331.263,4.1284
mixed,16,14,0.875,4.0,64,1024,128,512,464,68.386,77.567,69.122,0.0802
mixed,16,14,0.875,4.0,64,1024,256,1024,928,73.952,76.255,75.81,0.8068
mixed,16,14,0.875,4.0,64,1024,512,2048,1856,80.543,80.512,78.176,
mixed,16,14,0.875,4.0,64,1024,1024,4096,3712,137.215,143.553,99.872,-5.8919
mixed,16,14,0.875,4.0,64,1024,2048,8192,7424,192.638,204.736,145.631,-3.8855
mixed,16,14,0.875,4.0,64,1024,4096,16384,14848,283.776,298.783,331.616,3.1878
mixed,16,14,0.875,4.0,64,2048,128,512,464,73.152,72.224,72.609,
mixed,16,14,0.875,4.0,64,2048,256,1024,928,80.193,84.224,76.159,-1.0007
mixed,16,14,0.875,4.0,64,2048,512,2048,1856,87.552,86.752,86.784,
mixed,16,14,0.875,4.0,64,2048,1024,4096,3712,103.264,140.066,106.656,0.0922
mixed,16,14,0.875,4.0,64,2048,2048,8192,7424,210.879,222.433,143.776,-5.8078
mixed,16,14,0.875,4.0,64,2048,4096,16384,14848,324.159,338.72,227.648,-6.628
mixed,16,14,0.875,4.0,64,4096,128,512,464,82.559,83.361,79.807,-3.4314
mixed,16,14,0.875,4.0,64,4096,256,1024,928,82.079,84.062,83.776,0.8558
mixed,16,14,0.875,4.0,64,4096,512,2048,1856,109.695,116.449,92.928,-2.4825
mixed,16,14,0.875,4.0,64,4096,1024,4096,3712,114.689,112.513,109.6,
mixed,16,14,0.875,4.0,64,4096,2048,8192,7424,210.144,221.822,146.016,-5.4914
mixed,16,14,0.875,4.0,64,4096,4096,16384,14848,358.08,387.903,228.576,-4.3424
mixed,16,14,0.875,4.0,64,8192,128,512,464,91.104,91.202,90.976,-1.3061
mixed,16,14,0.875,4.0,64,8192,256,1024,928,98.592,103.776,98.336,-0.0494
mixed,16,14,0.875,4.0,64,8192,512,2048,1856,104.673,106.271,104.061,-0.383
mixed,16,14,0.875,4.0,64,8192,1024,4096,3712,159.714,170.303,127.072,-3.0826
mixed,16,14,0.875,4.0,64,8192,2048,8192,7424,156.705,164.706,219.776,7.8829
mixed,16,14,0.875,4.0,64,8192,4096,16384,14848,358.335,386.144,232.96,-4.5084
mixed,16,14,0.875,4.0,128,0,128,512,464,54.688,57.28,57.728,1.1728
mixed,16,14,0.875,4.0,128,0,256,1024,928,62.623,64.096,65.697,2.0869
mixed,16,14,0.875,4.0,128,0,512,2048,1856,75.776,91.616,75.807,0.002
mixed,16,14,0.875,4.0,128,0,1024,4096,3712,111.776,116.704,101.633,-2.0582
mixed,16,14,0.875,4.0,128,0,2048,8192,7424,157.6,166.718,199.007,4.5412
mixed,16,14,0.875,4.0,128,0,4096,16384,14848,242.142,256.511,334.079,6.3983
mixed,16,14,0.875,4.0,128,512,128,512,464,71.293,80.032,80.352,1.0366
mixed,16,14,0.875,4.0,128,512,256,1024,928,71.393,72.509,74.975,3.2097
mixed,16,14,0.875,4.0,128,512,512,2048,1856,76.802,79.552,76.896,0.0342
mixed,16,14,0.875,4.0,128,512,1024,4096,3712,131.966,135.424,101.985,-8.67
mixed,16,14,0.875,4.0,128,512,2048,8192,7424,176.128,185.152,147.392,-3.1844
mixed,16,14,0.875,4.0,128,512,4096,16384,14848,259.265,276.8,332.961,4.2028
mixed,16,14,0.875,4.0,128,1024,128,512,464,73.088,73.822,73.853,1.0422
mixed,16,14,0.875,4.0,128,1024,256,1024,928,76.031,93.887,93.439,0.9749
mixed,16,14,0.875,4.0,128,1024,512,2048,1856,81.793,84.288,83.297,0.6028
mixed,16,14,0.875,4.0,128,1024,1024,4096,3712,103.617,141.024,101.634,-0.053
mixed,16,14,0.875,4.0,128,1024,2048,8192,7424,190.465,202.047,145.983,-3.8406
mixed,16,14,0.875,4.0,128,1024,4096,16384,14848,277.534,295.486,234.623,-2.3903
mixed,16,14,0.875,4.0,128,2048,128,512,464,80.0,86.625,85.023,0.7582
mixed,16,14,0.875,4.0,128,2048,256,1024,928,82.464,83.94,83.583,0.7581
mixed,16,14,0.875,4.0,128,2048,512,2048,1856,115.199,120.48,113.757,-0.2731
mixed,16,14,0.875,4.0,128,2048,1024,4096,3712,108.224,113.791,110.368,0.3851
mixed,16,14,0.875,4.0,128,2048,2048,8192,7424,210.207,220.831,145.536,-6.0873
mixed,16,14,0.875,4.0,128,2048,4096,16384,14848,312.063,331.361,236.16,-3.9332
mixed,16,14,0.875,4.0,128,4096,128,512,464,92.321,91.393,91.328,
mixed,16,14,0.875,4.0,128,4096,256,1024,928,101.343,107.519,106.24,0.7929
mixed,16,14,0.875,4.0,128,4096,512,2048,1856,102.975,102.272,102.624,
mixed,16,14,0.875,4.0,128,4096,1024,4096,3712,161.44,175.037,162.399,0.0705
mixed,16,14,0.875,4.0,128,4096,2048,8192,7424,157.119,170.144,219.935,4.8227
mixed,16,14,0.875,4.0,128,4096,4096,16384,14848,356.898,386.879,232.958,-4.134
mixed,16,14,0.875,4.0,128,8192,128,512,464,116.704,111.488,112.61,
mixed,16,14,0.875,4.0,128,8192,256,1024,928,115.872,116.224,115.649,-0.6335
mixed,16,14,0.875,4.0,128,8192,512,2048,1856,136.351,146.718,146.816,1.0095
mixed,16,14,0.875,4.0,128,8192,1024,4096,3712,141.632,141.664,141.471,-5.0312
mixed,16,14,0.875,4.0,128,8192,2048,8192,7424,256.544,279.009,254.781,-0.0785
mixed,16,14,0.875,4.0,128,8192,4096,16384,14848,267.294,279.872,384.96,9.3549
mixed,16,14,0.875,4.0,256,0,128,512,464,55.712,61.665,62.24,1.0966
mixed,16,14,0.875,4.0,256,0,256,1024,928,65.92,66.273,64.385,-4.3484
mixed,16,14,0.875,4.0,256,0,512,2048,1856,80.383,82.658,91.839,5.0356
mixed,16,14,0.875,4.0,256,0,1024,4096,3712,115.423,121.567,115.52,0.0158
mixed,16,14,0.875,4.0,256,0,2048,8192,7424,161.28,169.504,162.623,0.1633
mixed,16,14,0.875,4.0,256,0,4096,16384,14848,244.384,257.44,247.392,0.2304
mixed,16,14,0.875,4.0,256,512,128,512,464,78.399,77.472,77.44,
mixed,16,14,0.875,4.0,256,512,256,1024,928,75.169,97.025,96.703,0.9853
mixed,16,14,0.875,4.0,256,512,512,2048,1856,81.984,82.464,82.752,1.6
mixed,16,14,0.875,4.0,256,512,1024,4096,3712,106.078,112.064,135.617,4.9347
mixed,16,14,0.875,4.0,256,512,2048,8192,7424,172.322,183.552,181.92,0.8547
mixed,16,14,0.875,4.0,256,512,4096,16384,14848,261.952,273.761,262.657,0.0597
mixed,16,14,0.875,4.0,256,1024,128,512,464,81.28,93.63,94.175,1.0441
mixed,16,14,0.875,4.0,256,1024,256,1024,928,87.87,87.392,87.487,
mixed,16,14,0.875,4.0,256,1024,512,2048,1856,115.873,122.242,119.519,0.5725
mixed,16,14,0.875,4.0,256,1024,1024,4096,3712,105.855,113.088,109.152,0.4558
mixed,16,14,0.875,4.0,256,1024,2048,8192,7424,184.254,199.104,197.344,0.8815
mixed,16,14,0.875,4.0,256,1024,4096,16384,14848,277.857,293.184,280.989,0.2043
mixed,16,14,0.875,4.0,256,2048,128,512,464,94.592,94.911,94.752,0.5016
mixed,16,14,0.875,4.0,256,2048,256,1024,928,105.728,115.585,112.48,0.685
mixed,16,14,0.875,4.0,256,2048,512,2048,1856,106.72,105.632,107.104,
mixed,16,14,0.875,4.0,256,2048,1024,4096,3712,161.95,169.633,165.665,0.4835
mixed,16,14,0.875,4.0,256,2048,2048,8192,7424,156.769,166.497,219.486,6.4471
mixed,16,14,0.875,4.0,256,2048,4096,16384,14848,313.152,329.632,326.208,0.7922
mixed,16,14,0.875,4.0,256,4096,128,512,464,123.936,127.808,125.631,0.4378
mixed,16,14,0.875,4.0,256,4096,256,1024,928,119.904,119.937,119.968,1.9394
mixed,16,14,0.875,4.0,256,4096,512,2048,1856,142.845,151.647,150.624,0.8838
mixed,16,14,0.875,4.0,256,4096,1024,4096,3712,146.688,144.095,145.281,
mixed,16,14,0.875,4.0,256,4096,2048,8192,7424,252.352,262.943,262.046,0.9153
mixed,16,14,0.875,4.0,256,4096,4096,16384,14848,268.512,280.128,380.319,9.6253
mixed,16,14,0.875,4.0,256,8192,128,512,464,158.496,164.288,163.423,0.8507
mixed,16,14,0.875,4.0,256,8192,256,1024,928,180.447,186.048,183.809,0.6002
mixed,16,14,0.875,4.0,256,8192,512,2048,1856,171.296,172.223,171.104,-0.2071
mixed,16,14,0.875,4.0,256,8192,1024,4096,3712,213.856,230.945,229.343,0.9063
mixed,16,14,0.875,4.0,256,8192,2048,8192,7424,223.679,222.016,219.551,
mixed,16,14,0.875,4.0,256,8192,4096,16384,14848,426.56,446.399,445.342,0.9467
mixed,16,14,0.875,4.0,512,0,128,512,464,57.377,73.28,72.384,0.9437
mixed,16,14,0.875,4.0,512,0,256,1024,928,74.913,76.158,75.36,0.359
mixed,16,14,0.875,4.0,512,0,512,2048,1856,93.024,96.77,95.168,0.5723
mixed,16,14,0.875,4.0,512,0,1024,4096,3712,129.313,137.311,135.904,0.8241
mixed,16,14,0.875,4.0,512,0,2048,8192,7424,200.896,214.592,213.247,0.9018
mixed,16,14,0.875,4.0,512,0,4096,16384,14848,341.728,370.814,367.903,0.8999
mixed,16,14,0.875,4.0,512,512,128,512,464,110.974,115.071,115.486,1.1013
mixed,16,14,0.875,4.0,512,512,256,1024,928,111.584,117.184,117.439,1.0455
mixed,16,14,0.875,4.0,512,512,512,2048,1856,92.545,97.407,96.737,0.8622
mixed,16,14,0.875,4.0,512,512,1024,4096,3712,129.312,138.208,135.934,0.7444
mixed,16,14,0.875,4.0,512,512,2048,8192,7424,200.319,214.242,214.014,0.9836
mixed,16,14,0.875,4.0,512,512,4096,16384,14848,341.151,370.655,371.297,1.0218
mixed,16,14,0.875,4.0,512,1024,128,512,464,121.728,124.832,124.897,1.0209
mixed,16,14,0.875,4.0,512,1024,256,1024,928,140.449,144.383,144.192,0.9514
mixed,16,14,0.875,4.0,512,1024,512,2048,1856,144.8,147.52,146.625,0.671
mixed,16,14,0.875,4.0,512,1024,1024,4096,3712,129.696,138.145,136.418,0.7956
mixed,16,14,0.875,4.0,512,1024,2048,8192,7424,202.239,215.968,215.1,0.9368
mixed,16,14,0.875,4.0,512,1024,4096,16384,14848,344.768,372.192,370.241,0.9289
mixed,16,14,0.875,4.0,512,2048,128,512,464,140.352,143.934,143.935,1.0003
mixed,16,14,0.875,4.0,512,2048,256,1024,928,158.912,163.776,164.671,1.184
mixed,16,14,0.875,4.0,512,2048,512,2048,1856,193.793,165.884,165.953,
mixed,16,14,0.875,4.0,512,2048,1024,4096,3712,199.07,151.65,206.24,
mixed,16,14,0.875,4.0,512,2048,2048,8192,7424,200.896,215.328,215.488,1.0111
mixed,16,14,0.875,4.0,512,2048,4096,16384,14848,346.752,375.646,372.961,0.9071
mixed,16,14,0.875,4.0,512,4096,128,512,464,174.593,182.847,179.486,0.5928
mixed,16,14,0.875,4.0,512,4096,256,1024,928,198.719,202.398,202.08,0.9136
mixed,16,14,0.875,4.0,512,4096,512,2048,1856,233.886,243.296,242.208,0.8844
mixed,16,14,0.875,4.0,512,4096,1024,4096,3712,237.983,248.096,247.232,0.9146
mixed,16,14,0.875,4.0,512,4096,2048,8192,7424,312.513,229.697,327.553,
mixed,16,14,0.875,4.0,512,4096,4096,16384,14848,350.048,377.474,375.36,0.9229
mixed,16,14,0.875,4.0,512,8192,128,512,464,250.686,255.295,256.8,1.3265
mixed,16,14,0.875,4.0,512,8192,256,1024,928,271.936,276.287,276.032,0.9414
mixed,16,14,0.875,4.0,512,8192,512,2048,1856,311.103,321.15,320.864,0.9715
mixed,16,14,0.875,4.0,512,8192,1024,4096,3712,386.268,401.344,401.501,1.0104
mixed,16,14,0.875,4.0,512,8192,2048,8192,7424,392.063,406.369,404.127,0.8433
mixed,16,14,0.875,4.0,512,8192,4096,16384,14848,393.983,393.824,392.575,
mixed,16,14,0.875,4.0,1024,0,128,512,464,81.759,86.784,86.814,1.006
mixed,16,14,0.875,4.0,1024,0,256,1024,928,100.159,105.057,104.512,0.8887
mixed,16,14,0.875,4.0,1024,0,512,2048,1856,131.68,140.511,141.631,1.1268
mixed,16,14,0.875,4.0,1024,0,1024,4096,3712,199.68,212.895,212.641,0.9808
mixed,16,14,0.875,4.0,1024,0,2048,8192,7424,330.528,358.112,357.599,0.9814
mixed,16,14,0.875,4.0,1024,0,4096,16384,14848,592.352,646.942,649.089,1.0393
mixed,16,14,0.875,4.0,1024,512,128,512,464,100.544,103.232,103.968,1.2738
mixed,16,14,0.875,4.0,1024,512,256,1024,928,116.736,121.217,121.761,1.1214
mixed,16,14,0.875,4.0,1024,512,512,2048,1856,149.759,159.808,158.785,0.8982
mixed,16,14,0.875,4.0,1024,512,1024,4096,3712,216.8,230.112,231.232,1.0841
mixed,16,14,0.875,4.0,1024,512,2048,8192,7424,348.638,376.127,374.911,0.9558
mixed,16,14,0.875,4.0,1024,512,4096,16384,14848,610.751,666.142,664.542,0.9711
mixed,16,14,0.875,4.0,1024,1024,128,512,464,119.136,121.63,121.6,0.988
mixed,16,14,0.875,4.0,1024,1024,256,1024,928,134.752,140.095,139.936,0.9702
mixed,16,14,0.875,4.0,1024,1024,512,2048,1856,167.392,176.255,175.936,0.964
mixed,16,14,0.875,4.0,1024,1024,1024,4096,3712,235.327,248.767,249.087,1.0238
mixed,16,14,0.875,4.0,1024,1024,2048,8192,7424,366.814,392.801,393.6,1.0307
mixed,16,14,0.875,4.0,1024,1024,4096,16384,14848,630.144,683.615,681.758,0.9653
mixed,16,14,0.875,4.0,1024,2048,128,512,464,155.166,157.984,154.656,-0.181
mixed,16,14,0.875,4.0,1024,2048,256,1024,928,172.542,176.225,174.976,0.6609
mixed,16,14,0.875,4.0,1024,2048,512,2048,1856,204.162,213.405,212.736,0.9276
mixed,16,14,0.875,4.0,1024,2048,1024,4096,3712,274.174,288.161,287.614,0.9609
mixed,16,14,0.875,4.0,1024,2048,2048,8192,7424,406.912,433.155,434.719,1.0596
mixed,16,14,0.875,4.0,1024,2048,4096,16384,14848,668.191,722.334,721.533,0.9852
mixed,16,14,0.875,4.0,1024,4096,128,512,464,228.194,227.136,227.167,
mixed,16,14,0.875,4.0,1024,4096,256,1024,928,243.135,245.439,245.505,1.0286
mixed,16,14,0.875,4.0,1024,4096,512,2048,1856,279.134,286.751,288.256,1.1976
mixed,16,14,0.875,4.0,1024,4096,1024,4096,3712,350.431,366.11,363.872,0.8573
mixed,16,14,0.875,4.0,1024,4096,2048,8192,7424,480.993,508.478,508.799,1.0117
mixed,16,14,0.875,4.0,1024,4096,4096,16384,14848,743.68,799.998,795.711,0.9239
mixed,16,14,0.875,4.0,1024,8192,128,512,464,378.143,377.985,376.64,
mixed,16,14,0.875,4.0,1024,8192,256,1024,928,391.617,396.767,391.872,0.0495
mixed,16,14,0.875,4.0,1024,8192,512,2048,1856,427.423,436.287,434.367,0.7834
mixed,16,14,0.875,4.0,1024,8192,1024,4096,3712,498.047,509.982,511.327,1.1127
mixed,16,14,0.875,4.0,1024,8192,2048,8192,7424,628.608,656.094,655.934,0.9942
mixed,16,14,0.875,4.0,1024,8192,4096,16384,14848,889.919,947.389,947.103,0.995
mixed,16,14,0.875,4.0,2048,0,128,512,464,169.122,173.15,172.544,0.8496
mixed,16,14,0.875,4.0,2048,0,256,1024,928,187.744,191.646,190.623,0.7378
mixed,16,14,0.875,4.0,2048,0,512,2048,1856,219.648,227.52,225.888,0.7927
mixed,16,14,0.875,4.0,2048,0,1024,4096,3712,287.934,302.048,300.768,0.9093
mixed,16,14,0.875,4.0,2048,0,2048,8192,7424,420.254,448.8,444.96,0.8655
mixed,16,14,0.875,4.0,2048,0,4096,16384,14848,682.878,739.263,733.438,0.8967
mixed,16,14,0.875,4.0,2048,512,128,512,464,202.817,207.936,206.529,0.7251
mixed,16,14,0.875,4.0,2048,512,256,1024,928,223.201,225.472,224.768,0.69
mixed,16,14,0.875,4.0,2048,512,512,2048,1856,254.878,264.192,263.966,0.9757
mixed,16,14,0.875,4.0,2048,512,1024,4096,3712,323.902,338.24,338.56,1.0223
mixed,16,14,0.875,4.0,2048,512,2048,8192,7424,457.632,482.462,481.727,0.9704
mixed,16,14,0.875,4.0,2048,512,4096,16384,14848,720.191,772.319,770.141,0.9582
mixed,16,14,0.875,4.0,2048,1024,128,512,464,240.896,243.776,242.943,0.7108
mixed,16,14,0.875,4.0,2048,1024,256,1024,928,258.464,263.23,263.297,1.0141
mixed,16,14,0.875,4.0,2048,1024,512,2048,1856,292.545,300.641,301.054,1.051
mixed,16,14,0.875,4.0,2048,1024,1024,4096,3712,363.521,375.168,376.703,1.1318
mixed,16,14,0.875,4.0,2048,1024,2048,8192,7424,493.567,521.503,518.85,0.905
mixed,16,14,0.875,4.0,2048,1024,4096,16384,14848,757.052,809.758,809.054,0.9866
mixed,16,14,0.875,4.0,2048,2048,128,512,464,314.913,318.784,318.496,0.9256
mixed,16,14,0.875,4.0,2048,2048,256,1024,928,334.75,341.756,338.463,0.53
mixed,16,14,0.875,4.0,2048,2048,512,2048,1856,366.974,378.08,376.735,0.8789
mixed,16,14,0.875,4.0,2048,2048,1024,4096,3712,439.038,451.261,451.295,1.0028
mixed,16,14,0.875,4.0,2048,2048,2048,8192,7424,568.255,594.496,594.688,1.0073
mixed,16,14,0.875,4.0,2048,2048,4096,16384,14848,830.016,884.126,883.295,0.9846
mixed,16,14,0.875,4.0,2048,4096,128,512,464,444.575,444.894,444.446,-0.4044
mixed,16,14,0.875,4.0,2048,4096,256,1024,928,469.023,485.951,484.959,0.9414
mixed,16,14,0.875,4.0,2048,4096,512,2048,1856,517.119,526.367,525.086,0.8615
mixed,16,14,0.875,4.0,2048,4096,1024,4096,3712,584.031,597.471,598.014,1.0404
mixed,16,14,0.875,4.0,2048,4096,2048,8192,7424,718.719,743.103,742.015,0.9554
mixed,16,14,0.875,4.0,2048,4096,4096,16384,14848,977.983,1035.231,1032.253,0.948
mixed,16,14,0.875,4.0,2048,8192,128,512,464,731.808,731.775,730.749,
mixed,16,14,0.875,4.0,2048,8192,256,1024,928,732.99,731.549,733.597,
mixed,16,14,0.875,4.0,2048,8192,512,2048,1856,741.153,776.672,775.295,0.9612
mixed,16,14,0.875,4.0,2048,8192,1024,4096,3712,864.928,880.128,879.937,0.9874
mixed,16,14,0.875,4.0,2048,8192,2048,8192,7424,998.813,1029.918,1024.573,0.8282
mixed,16,14,0.875,4.0,2048,8192,4096,16384,14848,1261.599,1317.021,1314.814,0.9602
pure,32,1,0.0312,4.0,0,0,128,512,140,40.351,57.984,50.849,0.5954
pure,32,1,0.0312,4.0,0,0,256,1024,280,43.872,73.823,65.567,0.7243
pure,32,1,0.0312,4.0,0,0,512,2048,560,58.624,102.048,76.19,0.4045
pure,32,1,0.0312,4.0,0,0,1024,4096,1120,75.616,150.272,95.424,0.2653
pure,32,1,0.0312,4.0,0,0,2048,8192,2240,104.543,240.863,133.664,0.2136
pure,32,1,0.0312,4.0,0,0,4096,16384,4480,156.512,421.248,209.024,0.1984
mixed,32,1,0.0312,4.0,16,0,128,512,140,46.079,61.534,56.93,0.7021
mixed,32,1,0.0312,4.0,16,0,256,1024,280,49.854,79.168,73.505,0.8068
mixed,32,1,0.0312,4.0,16,0,512,2048,560,61.757,105.217,81.568,0.4558
mixed,32,1,0.0312,4.0,16,0,1024,4096,1120,80.034,155.23,102.496,0.2987
mixed,32,1,0.0312,4.0,16,0,2048,8192,2240,112.799,246.561,150.528,0.2821
mixed,32,1,0.0312,4.0,16,0,4096,16384,4480,159.263,426.08,237.183,0.292
mixed,32,1,0.0312,4.0,16,512,128,512,140,58.464,66.114,59.326,0.1127
mixed,32,1,0.0312,4.0,16,512,256,1024,280,74.464,77.792,76.737,0.683
mixed,32,1,0.0312,4.0,16,512,512,2048,560,66.624,108.352,83.87,0.4133
mixed,32,1,0.0312,4.0,16,512,1024,4096,1120,79.424,155.296,105.216,0.3399
mixed,32,1,0.0312,4.0,16,512,2048,8192,2240,109.728,243.455,150.368,0.3039
mixed,32,1,0.0312,4.0,16,512,4096,16384,4480,162.432,429.023,236.511,0.2779
mixed,32,1,0.0312,4.0,16,1024,128,512,140,60.223,83.713,61.279,0.045
mixed,32,1,0.0312,4.0,16,1024,256,1024,280,76.929,80.351,76.767,-0.0473
mixed,32,1,0.0312,4.0,16,1024,512,2048,560,83.425,108.638,81.856,-0.0622
mixed,32,1,0.0312,4.0,16,1024,1024,4096,1120,83.263,156.925,105.599,0.3032
mixed,32,1,0.0312,4.0,16,1024,2048,8192,2240,110.879,243.839,152.128,0.3102
mixed,32,1,0.0312,4.0,16,1024,4096,16384,4480,161.533,425.215,234.175,0.2755
mixed,32,1,0.0312,4.0,16,2048,128,512,140,62.751,84.001,62.816,0.0031
mixed,32,1,0.0312,4.0,16,2048,256,1024,280,77.761,106.337,77.215,-0.0191
mixed,32,1,0.0312,4.0,16,2048,512,2048,560,86.689,108.48,83.362,-0.1527
mixed,32,1,0.0312,4.0,16,2048,1024,4096,1120,108.704,154.208,104.384,-0.0949
mixed,32,1,0.0312,4.0,16,2048,2048,8192,2240,112.383,247.712,153.31,0.3024
mixed,32,1,0.0312,4.0,16,2048,4096,16384,4480,162.369,430.301,236.16,0.2754
mixed,32,1,0.0312,4.0,16,4096,128,512,140,66.398,85.663,67.107,0.0368
mixed,32,1,0.0312,4.0,16,4096,256,1024,280,72.16,109.889,71.649,-0.0135
mixed,32,1,0.0312,4.0,16,4096,512,2048,560,86.689,153.568,85.44,-0.0187
mixed,32,1,0.0312,4.0,16,4096,1024,4096,1120,114.079,162.335,110.016,-0.0842
mixed,32,1,0.0312,4.0,16,4096,2048,8192,2240,161.184,248.608,153.985,-0.0823
mixed,32,1,0.0312,4.0,16,4096,4096,16384,4480,166.879,427.583,239.456,0.2784
mixed,32,1,0.0312,4.0,16,8192,128,512,140,73.44,88.447,74.526,0.0724
mixed,32,1,0.0312,4.0,16,8192,256,1024,280,74.721,112.801,75.617,0.0235
mixed,32,1,0.0312,4.0,16,8192,512,2048,560,88.642,154.687,89.055,0.0063
mixed,32,1,0.0312,4.0,16,8192,1024,4096,1120,114.528,240.672,112.959,-0.0124
mixed,32,1,0.0312,4.0,16,8192,2048,8192,2240,160.962,254.972,153.696,-0.0773
mixed,32,1,0.0312,4.0,16,8192,4096,16384,4480,252.447,430.623,237.023,-0.0866
mixed,32,1,0.0312,4.0,32,0,128,512,140,46.207,61.922,57.919,0.7453
mixed,32,1,0.0312,4.0,32,0,256,1024,280,49.824,78.143,74.398,0.8678
mixed,32,1,0.0312,4.0,32,0,512,2048,560,61.76,108.222,81.601,0.427
mixed,32,1,0.0312,4.0,32,0,1024,4096,1120,80.865,156.672,103.264,0.2955
mixed,32,1,0.0312,4.0,32,0,2048,8192,2240,109.345,247.615,150.847,0.3002
mixed,32,1,0.0312,4.0,32,0,4096,16384,4480,161.631,426.72,237.023,0.2844
mixed,32,1,0.0312,4.0,32,512,128,512,140,59.2,82.753,58.783,-0.0177
mixed,32,1,0.0312,4.0,32,512,256,1024,280,76.512,78.687,75.839,-0.3094
mixed,32,1,0.0312,4.0,32,512,512,2048,560,83.105,105.887,82.816,-0.0127
mixed,32,1,0.0312,4.0,32,512,1024,4096,1120,80.702,154.593,106.623,0.3508
mixed,32,1,0.0312,4.0,32,512,2048,8192,2240,110.399,245.663,150.047,0.2931
mixed,32,1,0.0312,4.0,32,512,4096,16384,4480,163.742,431.68,237.663,0.2759
mixed,32,1,0.0312,4.0,32,1024,128,512,140,59.903,84.384,60.095,0.0078
mixed,32,1,0.0312,4.0,32,1024,256,1024,280,76.031,106.143,77.216,0.0394
mixed,32,1,0.0312,4.0,32,1024,512,2048,560,83.616,106.528,82.08,-0.067
mixed,32,1,0.0312,4.0,32,1024,1024,4096,1120,108.833,155.869,104.96,-0.0823
mixed,32,1,0.0312,4.0,32,1024,2048,8192,2240,110.946,246.112,153.887,0.3177
mixed,32,1,0.0312,4.0,32,1024,4096,16384,4480,162.11,433.695,236.449,0.2737
mixed,32,1,0.0312,4.0,32,2048,128,512,140,64.002,82.944,61.984,-0.1065
mixed,32,1,0.0312,4.0,32,2048,256,1024,280,66.783,106.817,66.465,-0.0079
mixed,32,1,0.0312,4.0,32,2048,512,2048,560,83.904,149.375,83.776,-0.002
mixed,32,1,0.0312,4.0,32,2048,1024,4096,1120,108.641,156.575,105.152,-0.0728
mixed,32,1,0.0312,4.0,32,2048,2048,8192,2240,159.551,247.231,151.519,-0.0916
mixed,32,1,0.0312,4.0,32,2048,4096,16384,4480,163.326,429.889,239.04,0.284
mixed,32,1,0.0312,4.0,32,4096,128,512,140,66.559,86.528,67.07,0.0256
mixed,32,1,0.0312,4.0,32,4096,256,1024,280,73.151,108.222,74.399,0.0356
mixed,32,1,0.0312,4.0,32,4096,512,2048,560,85.567,151.198,85.249,-0.0048
mixed,32,1,0.0312,4.0,32,4096,1024,4096,1120,109.601,235.457,106.368,-0.0257
mixed,32,1,0.0312,4.0,32,4096,2048,8192,2240,159.457,248.096,152.064,-0.0834
mixed,32,1,0.0312,4.0,32,4096,4096,16384,4480,250.4,433.569,238.753,-0.0636
mixed,32,1,0.0312,4.0,32,8192,128,512,140,74.24,87.009,81.215,0.5462
mixed,32,1,0.0312,4.0,32,8192,256,1024,280,74.079,108.0,86.593,0.3689
mixed,32,1,0.0312,4.0,32,8192,512,2048,560,82.369,152.128,85.789,0.049
mixed,32,1,0.0312,4.0,32,8192,1024,4096,1120,109.76,233.185,106.463,-0.0267
mixed,32,1,0.0312,4.0,32,8192,2048,8192,2240,157.343,401.919,152.0,-0.0218
mixed,32,1,0.0312,4.0,32,8192,4096,16384,4480,253.247,431.871,236.736,-0.0924
mixed,32,1,0.0312,4.0,64,0,128,512,140,46.047,77.214,58.206,0.3901
mixed,32,1,0.0312,4.0,64,0,256,1024,280,49.536,91.678,75.071,0.6059
mixed,32,1,0.0312,4.0,64,0,512,2048,560,78.753,120.863,82.432,0.0874
mixed,32,1,0.0312,4.0,64,0,1024,4096,1120,94.625,164.352,102.432,0.112
mixed,32,1,0.0312,4.0,64,0,2048,8192,2240,122.144,257.472,151.455,0.2166
mixed,32,1,0.0312,4.0,64,0,4096,16384,4480,173.535,436.769,237.536,0.2431
mixed,32,1,0.0312,4.0,64,512,128,512,140,63.554,85.472,63.776,0.0101
mixed,32,1,0.0312,4.0,64,512,256,1024,280,77.505,105.666,69.312,-0.2909
mixed,32,1,0.0312,4.0,64,512,512,2048,560,86.591,142.497,83.839,-0.0492
mixed,32,1,0.0312,4.0,64,512,1024,4096,1120,109.729,186.369,105.791,-0.0514
mixed,32,1,0.0312,4.0,64,512,2048,8192,2240,140.639,278.752,149.279,0.0626
mixed,32,1,0.0312,4.0,64,512,4096,16384,4480,191.039,458.783,237.471,0.1734
mixed,32,1,0.0312,4.0,64,1024,128,512,140,69.216,85.121,69.215,-0.0001
mixed,32,1,0.0312,4.0,64,1024,256,1024,280,71.073,107.807,72.225,0.0314
mixed,32,1,0.0312,4.0,64,1024,512,2048,560,85.342,150.975,86.463,0.0171
mixed,32,1,0.0312,4.0,64,1024,1024,4096,1120,110.878,207.392,108.223,-0.0275
mixed,32,1,0.0312,4.0,64,1024,2048,8192,2240,156.158,301.76,152.127,-0.0277
mixed,32,1,0.0312,4.0,64,1024,4096,16384,4480,216.448,474.816,235.04,0.072
mixed,32,1,0.0312,4.0,64,2048,128,512,140,69.409,86.304,68.928,-0.0285
mixed,32,1,0.0312,4.0,64,2048,256,1024,280,76.193,107.423,76.479,0.0092
mixed,32,1,0.0312,4.0,64,2048,512,2048,560,87.681,150.974,87.424,-0.0041
mixed,32,1,0.0312,4.0,64,2048,1024,4096,1120,110.335,235.744,107.104,-0.0258
mixed,32,1,0.0312,4.0,64,2048,2048,8192,2240,159.582,339.872,154.878,-0.0261
mixed,32,1,0.0312,4.0,64,2048,4096,16384,4480,247.872,517.119,234.622,-0.0492
mixed,32,1,0.0312,4.0,64,4096,128,512,140,80.673,83.423,80.769,0.0349
mixed,32,1,0.0312,4.0,64,4096,256,1024,280,85.5,108.64,85.921,0.0182
mixed,32,1,0.0312,4.0,64,4096,512,2048,560,84.8,151.264,84.382,-0.0063
mixed,32,1,0.0312,4.0,64,4096,1024,4096,1120,110.978,234.174,108.577,-0.0195
mixed,32,1,0.0312,4.0,64,4096,2048,8192,2240,157.023,401.566,151.712,-0.0217
mixed,32,1,0.0312,4.0,64,4096,4096,16384,4480,245.951,592.448,233.343,-0.0364
mixed,32,1,0.0312,4.0,64,8192,128,512,140,94.658,108.639,93.632,-0.0734
mixed,32,1,0.0312,4.0,64,8192,256,1024,280,91.36,108.576,92.159,0.0464
mixed,32,1,0.0312,4.0,64,8192,512,2048,560,108.001,150.176,97.602,-0.2466
mixed,32,1,0.0312,4.0,64,8192,1024,4096,1120,108.127,230.721,108.287,0.0013
mixed,32,1,0.0312,4.0,64,8192,2048,8192,2240,155.775,399.872,151.04,-0.0194
mixed,32,1,0.0312,4.0,64,8192,4096,16384,4480,245.343,723.101,233.536,-0.0247
mixed,32,1,0.0312,4.0,128,0,128,512,140,47.742,78.848,58.336,0.3406
mixed,32,1,0.0312,4.0,128,0,256,1024,280,51.006,94.401,74.399,0.5391
mixed,32,1,0.0312,4.0,128,0,512,2048,560,78.784,124.639,82.687,0.0851
mixed,32,1,0.0312,4.0,128,0,1024,4096,1120,92.864,168.512,102.816,0.1316
mixed,32,1,0.0312,4.0,128,0,2048,8192,2240,124.896,259.742,152.385,0.2039
mixed,32,1,0.0312,4.0,128,0,4096,16384,4480,177.566,439.647,238.559,0.2327
mixed,32,1,0.0312,4.0,128,512,128,512,140,70.976,89.566,71.743,0.0413
mixed,32,1,0.0312,4.0,128,512,256,1024,280,74.56,106.016,74.435,-0.004
mixed,32,1,0.0312,4.0,128,512,512,2048,560,90.368,139.361,88.992,-0.0281
mixed,32,1,0.0312,4.0,128,512,1024,4096,1120,107.808,187.519,105.089,-0.0341
mixed,32,1,0.0312,4.0,128,512,2048,8192,2240,145.056,280.414,149.759,0.0347
mixed,32,1,0.0312,4.0,128,512,4096,16384,4480,194.048,456.35,237.824,0.1669
mixed,32,1,0.0312,4.0,128,1024,128,512,140,73.535,93.056,72.865,-0.0343
mixed,32,1,0.0312,4.0,128,1024,256,1024,280,76.256,109.408,76.607,0.0106
mixed,32,1,0.0312,4.0,128,1024,512,2048,560,92.096,151.998,83.551,-0.1426
mixed,32,1,0.0312,4.0,128,1024,1024,4096,1120,112.511,203.424,110.017,-0.0274
mixed,32,1,0.0312,4.0,128,1024,2048,8192,2240,156.927,297.566,150.047,-0.0489
mixed,32,1,0.0312,4.0,128,1024,4096,16384,4480,211.649,474.495,235.872,0.0922
mixed,32,1,0.0312,4.0,128,2048,128,512,140,82.528,86.049,81.952,-0.1636
mixed,32,1,0.0312,4.0,128,2048,256,1024,280,87.84,112.48,87.903,0.0026
mixed,32,1,0.0312,4.0,128,2048,512,2048,560,85.439,152.417,87.424,0.0296
mixed,32,1,0.0312,4.0,128,2048,1024,4096,1120,112.446,232.257,114.848,0.02
mixed,32,1,0.0312,4.0,128,2048,2048,8192,2240,155.648,334.398,154.528,-0.0063
mixed,32,1,0.0312,4.0,128,2048,4096,16384,4480,242.911,510.624,232.608,-0.0385
mixed,32,1,0.0312,4.0,128,4096,128,512,140,92.832,111.486,91.904,-0.0497
mixed,32,1,0.0312,4.0,128,4096,256,1024,280,97.088,105.406,94.303,-0.3348
mixed,32,1,0.0312,4.0,128,4096,512,2048,560,111.903,150.783,113.759,0.0477
mixed,32,1,0.0312,4.0,128,4096,1024,4096,1120,107.426,232.351,143.102,0.2856
mixed,32,1,0.0312,4.0,128,4096,2048,8192,2240,154.656,397.406,153.12,-0.0063
mixed,32,1,0.0312,4.0,128,4096,4096,16384,4480,247.425,578.847,235.903,-0.0348
mixed,32,1,0.0312,4.0,128,8192,128,512,140,116.77,116.736,115.904,
mixed,32,1,0.0312,4.0,128,8192,256,1024,280,117.216,151.005,116.671,-0.0161
mixed,32,1,0.0312,4.0,128,8192,512,2048,560,116.641,143.521,115.103,-0.0572
mixed,32,1,0.0312,4.0,128,8192,1024,4096,1120,154.081,230.049,150.913,-0.0417
mixed,32,1,0.0312,4.0,128,8192,2048,8192,2240,144.064,394.975,221.377,0.3081
mixed,32,1,0.0312,4.0,128,8192,4096,16384,4480,246.977,712.831,233.377,-0.0292
mixed,32,1,0.0312,4.0,256,0,128,512,140,49.505,84.224,59.969,0.3014
mixed,32,1,0.0312,4.0,256,0,256,1024,280,51.873,97.281,63.806,0.2628
mixed,32,1,0.0312,4.0,256,0,512,2048,560,84.798,124.544,83.487,-0.033
mixed,32,1,0.0312,4.0,256,0,1024,4096,1120,98.912,174.016,97.823,-0.0145
mixed,32,1,0.0312,4.0,256,0,2048,8192,2240,128.833,263.902,146.303,0.1293
mixed,32,1,0.0312,4.0,256,0,4096,16384,4480,179.298,448.352,235.294,0.2081
mixed,32,1,0.0312,4.0,256,512,128,512,140,77.664,81.665,77.407,-0.0642
mixed,32,1,0.0312,4.0,256,512,256,1024,280,78.462,104.255,76.545,-0.0743
mixed,32,1,0.0312,4.0,256,512,512,2048,560,82.495,138.111,102.079,0.3521
mixed,32,1,0.0312,4.0,256,512,1024,4096,1120,107.585,188.224,107.617,0.0004
mixed,32,1,0.0312,4.0,256,512,2048,8192,2240,139.872,277.599,142.177,0.0167
mixed,32,1,0.0312,4.0,256,512,4096,16384,4480,193.792,458.719,230.911,0.1401
mixed,32,1,0.0312,4.0,256,1024,128,512,140,89.534,86.817,88.384,
mixed,32,1,0.0312,4.0,256,1024,256,1024,280,87.295,116.641,85.121,-0.0741
mixed,32,1,0.0312,4.0,256,1024,512,2048,560,87.392,147.167,83.745,-0.061
mixed,32,1,0.0312,4.0,256,1024,1024,4096,1120,117.376,200.672,117.247,-0.0015
mixed,32,1,0.0312,4.0,256,1024,2048,8192,2240,158.625,293.633,149.792,-0.0654
mixed,32,1,0.0312,4.0,256,1024,4096,16384,4480,207.84,476.192,227.263,0.0724
mixed,32,1,0.0312,4.0,256,2048,128,512,140,92.736,114.72,92.993,0.0117
mixed,32,1,0.0312,4.0,256,2048,256,1024,280,95.456,104.256,95.967,0.0581
mixed,32,1,0.0312,4.0,256,2048,512,2048,560,117.44,158.176,119.358,0.0471
mixed,32,1,0.0312,4.0,256,2048,1024,4096,1120,105.375,227.904,144.864,0.3223
mixed,32,1,0.0312,4.0,256,2048,2048,8192,2240,159.296,330.591,159.33,0.0002
mixed,32,1,0.0312,4.0,256,2048,4096,16384,4480,240.513,505.438,229.921,-0.04
mixed,32,1,0.0312,4.0,256,4096,128,512,140,125.346,120.832,124.675,
mixed,32,1,0.0312,4.0,256,4096,256,1024,280,130.24,154.847,130.528,0.0117
mixed,32,1,0.0312,4.0,256,4096,512,2048,560,119.904,145.505,119.871,-0.0013
mixed,32,1,0.0312,4.0,256,4096,1024,4096,1120,155.871,236.608,161.024,0.0638
mixed,32,1,0.0312,4.0,256,4096,2048,8192,2240,148.481,390.846,221.63,0.3018
mixed,32,1,0.0312,4.0,256,4096,4096,16384,4480,244.991,572.16,236.8,-0.025
mixed,32,1,0.0312,4.0,256,8192,128,512,140,163.488,177.056,163.585,0.0071
mixed,32,1,0.0312,4.0,256,8192,256,1024,280,168.192,171.777,168.671,0.1336
mixed,32,1,0.0312,4.0,256,8192,512,2048,560,178.463,234.464,179.135,0.012
mixed,32,1,0.0312,4.0,256,8192,1024,4096,1120,173.664,222.303,172.097,-0.0322
mixed,32,1,0.0312,4.0,256,8192,2048,8192,2240,243.36,397.568,252.929,0.0621
mixed,32,1,0.0312,4.0,256,8192,4096,16384,4480,234.816,705.47,378.527,0.3053
mixed,32,1,0.0312,4.0,512,0,128,512,140,60.834,80.286,75.584,0.7583
mixed,32,1,0.0312,4.0,512,0,256,1024,280,60.705,112.767,77.567,0.3239
mixed,32,1,0.0312,4.0,512,0,512,2048,560,80.862,139.841,99.936,0.3234
mixed,32,1,0.0312,4.0,512,0,1024,4096,1120,113.28,191.167,141.949,0.3681
mixed,32,1,0.0312,4.0,512,0,2048,8192,2240,140.287,279.935,228.063,0.6286
mixed,32,1,0.0312,4.0,512,0,4096,16384,4480,194.208,456.065,392.605,0.7577
mixed,32,1,0.0312,4.0,512,512,128,512,140,107.36,119.935,106.72,-0.0509
mixed,32,1,0.0312,4.0,512,512,256,1024,280,110.113,103.169,111.585,
mixed,32,1,0.0312,4.0,512,512,512,2048,560,120.097,151.553,100.352,-0.6277
mixed,32,1,0.0312,4.0,512,512,1024,4096,1120,102.881,200.063,141.217,0.3945
mixed,32,1,0.0312,4.0,512,512,2048,8192,2240,154.302,296.223,220.607,0.4672
mixed,32,1,0.0312,4.0,512,512,4096,16384,4480,209.183,470.209,387.264,0.6822
mixed,32,1,0.0312,4.0,512,1024,128,512,140,116.128,130.05,115.679,-0.0323
mixed,32,1,0.0312,4.0,512,1024,256,1024,280,120.83,114.335,120.416,
mixed,32,1,0.0312,4.0,512,1024,512,2048,560,129.984,158.623,130.366,0.0133
mixed,32,1,0.0312,4.0,512,1024,1024,4096,1120,114.688,214.079,142.305,0.2779
mixed,32,1,0.0312,4.0,512,1024,2048,8192,2240,161.217,309.791,217.762,0.3806
mixed,32,1,0.0312,4.0,512,1024,4096,16384,4480,220.864,486.975,381.696,0.6044
mixed,32,1,0.0312,4.0,512,2048,128,512,140,134.975,149.824,134.718,-0.0173
mixed,32,1,0.0312,4.0,512,2048,256,1024,280,139.297,171.295,139.65,0.011
mixed,32,1,0.0312,4.0,512,2048,512,2048,560,149.441,154.145,149.664,0.0474
mixed,32,1,0.0312,4.0,512,2048,1024,4096,1120,172.161,238.273,173.631,0.0222
mixed,32,1,0.0312,4.0,512,2048,2048,8192,2240,155.806,345.471,220.384,0.3405
mixed,32,1,0.0312,4.0,512,2048,4096,16384,4480,248.673,520.77,378.56,0.4774
mixed,32,1,0.0312,4.0,512,4096,128,512,140,173.984,188.16,173.665,-0.0225
mixed,32,1,0.0312,4.0,512,4096,256,1024,280,177.664,210.432,178.143,0.0146
mixed,32,1,0.0312,4.0,512,4096,512,2048,560,188.992,252.96,188.321,-0.0105
mixed,32,1,0.0312,4.0,512,4096,1024,4096,1120,211.488,233.374,211.87,0.0175
mixed,32,1,0.0312,4.0,512,4096,2048,8192,2240,259.327,399.199,254.496,-0.0345
mixed,32,1,0.0312,4.0,512,4096,4096,16384,4480,234.43,584.449,379.201,0.4136
mixed,32,1,0.0312,4.0,512,8192,128,512,140,252.545,266.466,250.624,-0.138
mixed,32,1,0.0312,4.0,512,8192,256,1024,280,256.609,289.47,254.751,-0.0565
mixed,32,1,0.0312,4.0,512,8192,512,2048,560,265.728,331.519,266.463,0.0112
mixed,32,1,0.0312,4.0,512,8192,1024,4096,1120,290.015,410.655,289.439,-0.0048
mixed,32,1,0.0312,4.0,512,8192,2048,8192,2240,336.639,395.873,334.368,-0.0383
mixed,32,1,0.0312,4.0,512,8192,4096,16384,4480,427.007,713.533,411.936,-0.0526
mixed,32,1,0.0312,4.0,1024,0,128,512,140,82.462,96.221,82.528,0.0048
mixed,32,1,0.0312,4.0,1024,0,256,1024,280,86.526,115.393,87.104,0.02
mixed,32,1,0.0312,4.0,1024,0,512,2048,560,96.223,153.92,122.113,0.4487
mixed,32,1,0.0312,4.0,1024,0,1024,4096,1120,115.743,228.897,194.943,0.6999
mixed,32,1,0.0312,4.0,1024,0,2048,8192,2240,158.56,374.721,339.36,0.8364
mixed,32,1,0.0312,4.0,1024,0,4096,16384,4480,240.671,663.071,630.59,0.9231
mixed,32,1,0.0312,4.0,1024,512,128,512,140,101.312,114.527,101.119,-0.0146
mixed,32,1,0.0312,4.0,1024,512,256,1024,280,106.336,135.233,106.208,-0.0044
mixed,32,1,0.0312,4.0,1024,512,512,2048,560,114.85,171.136,121.665,0.1211
mixed,32,1,0.0312,4.0,1024,512,1024,4096,1120,134.752,245.216,194.495,0.5408
mixed,32,1,0.0312,4.0,1024,512,2048,8192,2240,177.12,392.866,340.671,0.7581
mixed,32,1,0.0312,4.0,1024,512,4096,16384,4480,262.08,684.543,631.968,0.8756
mixed,32,1,0.0312,4.0,1024,1024,128,512,140,118.751,132.704,119.007,0.0183
mixed,32,1,0.0312,4.0,1024,1024,256,1024,280,124.449,152.957,123.872,-0.0202
mixed,32,1,0.0312,4.0,1024,1024,512,2048,560,132.0,190.942,132.896,0.0152
mixed,32,1,0.0312,4.0,1024,1024,1024,4096,1120,153.376,265.759,196.959,0.3878
mixed,32,1,0.0312,4.0,1024,1024,2048,8192,2240,195.198,413.919,344.385,0.6821
mixed,32,1,0.0312,4.0,1024,1024,4096,16384,4480,281.919,705.503,633.408,0.8298
mixed,32,1,0.0312,4.0,1024,2048,128,512,140,154.624,164.576,154.846,0.0223
mixed,32,1,0.0312,4.0,1024,2048,256,1024,280,155.295,189.631,156.385,0.0317
mixed,32,1,0.0312,4.0,1024,2048,512,2048,560,165.279,227.584,169.281,0.0642
mixed,32,1,0.0312,4.0,1024,2048,1024,4096,1120,190.368,303.52,198.048,0.0679
mixed,32,1,0.0312,4.0,1024,2048,2048,8192,2240,232.641,451.231,348.095,0.5282
mixed,32,1,0.0312,4.0,1024,2048,4096,16384,4480,317.151,740.927,638.656,0.7587
mixed,32,1,0.0312,4.0,1024,4096,128,512,140,227.168,234.337,227.616,0.0625
mixed,32,1,0.0312,4.0,1024,4096,256,1024,280,226.846,256.19,227.583,0.0251
mixed,32,1,0.0312,4.0,1024,4096,512,2048,560,234.657,299.837,235.936,0.0196
mixed,32,1,0.0312,4.0,1024,4096,1024,4096,1120,258.848,375.937,259.743,0.0076
mixed,32,1,0.0312,4.0,1024,4096,2048,8192,2240,303.871,525.056,349.92,0.2082
mixed,32,1,0.0312,4.0,1024,4096,4096,16384,4480,390.302,812.765,639.676,0.5903
mixed,32,1,0.0312,4.0,1024,8192,128,512,140,378.367,383.389,379.166,0.1591
mixed,32,1,0.0312,4.0,1024,8192,256,1024,280,380.414,404.32,381.564,0.0481
mixed,32,1,0.0312,4.0,1024,8192,512,2048,560,383.678,446.401,383.839,0.0026
mixed,32,1,0.0312,4.0,1024,8192,1024,4096,1120,403.2,522.048,406.561,0.0283
mixed,32,1,0.0312,4.0,1024,8192,2048,8192,2240,450.369,666.59,447.487,-0.0133
mixed,32,1,0.0312,4.0,1024,8192,4096,16384,4480,538.334,964.99,641.308,0.2414
mixed,32,1,0.0312,4.0,2048,0,128,512,140,165.058,179.009,163.648,-0.1011
mixed,32,1,0.0312,4.0,2048,0,256,1024,280,168.384,197.025,179.361,0.3833
mixed,32,1,0.0312,4.0,2048,0,512,2048,560,179.712,236.893,215.936,0.6335
mixed,32,1,0.0312,4.0,2048,0,1024,4096,1120,199.711,311.488,291.616,0.8222
mixed,32,1,0.0312,4.0,2048,0,2048,8192,2240,241.536,458.337,437.694,0.9048
mixed,32,1,0.0312,4.0,2048,0,4096,16384,4480,326.528,748.478,728.831,0.9534
mixed,32,1,0.0312,4.0,2048,512,128,512,140,197.631,209.761,197.568,-0.0052
mixed,32,1,0.0312,4.0,2048,512,256,1024,280,201.759,230.208,200.896,-0.0303
mixed,32,1,0.0312,4.0,2048,512,512,2048,560,212.606,271.041,235.52,0.3921
mixed,32,1,0.0312,4.0,2048,512,1024,4096,1120,232.928,347.584,311.553,0.6857
mixed,32,1,0.0312,4.0,2048,512,2048,8192,2240,275.905,494.238,459.52,0.841
mixed,32,1,0.0312,4.0,2048,512,4096,16384,4480,362.688,785.854,751.358,0.9185
mixed,32,1,0.0312,4.0,2048,1024,128,512,140,234.658,247.328,233.439,-0.0962
mixed,32,1,0.0312,4.0,2048,1024,256,1024,280,237.856,267.392,237.375,-0.0163
mixed,32,1,0.0312,4.0,2048,1024,512,2048,560,249.055,307.201,253.761,0.0809
mixed,32,1,0.0312,4.0,2048,1024,1024,4096,1120,268.895,385.023,331.294,0.5373
mixed,32,1,0.0312,4.0,2048,1024,2048,8192,2240,316.126,528.032,478.912,0.7682
mixed,32,1,0.0312,4.0,2048,1024,4096,16384,4480,396.736,819.678,769.31,0.8809
mixed,32,1,0.0312,4.0,2048,2048,128,512,140,307.905,323.008,308.16,0.0169
mixed,32,1,0.0312,4.0,2048,2048,256,1024,280,313.76,343.839,312.448,-0.0436
mixed,32,1,0.0312,4.0,2048,2048,512,2048,560,323.744,384.001,321.664,-0.0345
mixed,32,1,0.0312,4.0,2048,2048,1024,4096,1120,343.936,460.543,373.12,0.2503
mixed,32,1,0.0312,4.0,2048,2048,2048,8192,2240,391.553,604.48,515.809,0.5836
mixed,32,1,0.0312,4.0,2048,2048,4096,16384,4480,472.959,893.311,805.632,0.7914
mixed,32,1,0.0312,4.0,2048,4096,128,512,140,446.56,473.053,445.119,-0.0544
mixed,32,1,0.0312,4.0,2048,4096,256,1024,280,460.48,489.502,460.48,0.0
mixed,32,1,0.0312,4.0,2048,4096,512,2048,560,474.113,530.048,471.358,-0.0493
mixed,32,1,0.0312,4.0,2048,4096,1024,4096,1120,493.373,604.0,491.709,-0.015
mixed,32,1,0.0312,4.0,2048,4096,2048,8192,2240,539.136,748.508,594.59,0.2649
mixed,32,1,0.0312,4.0,2048,4096,4096,16384,4480,617.857,1042.909,881.311,0.6198
mixed,32,1,0.0312,4.0,2048,8192,128,512,140,734.591,734.045,733.793,
mixed,32,1,0.0312,4.0,2048,8192,256,1024,280,733.406,775.007,734.43,0.0246
mixed,32,1,0.0312,4.0,2048,8192,512,2048,560,737.121,815.391,732.638,-0.0573
mixed,32,1,0.0312,4.0,2048,8192,1024,4096,1120,776.063,888.447,777.055,0.0088
mixed,32,1,0.0312,4.0,2048,8192,2048,8192,2240,818.719,1033.215,813.728,-0.0233
mixed,32,1,0.0312,4.0,2048,8192,4096,16384,4480,902.654,1323.581,1027.71,0.2971
pure,32,2,0.0625,4.0,0,0,128,512,152,40.353,57.665,49.921,0.5527
pure,32,2,0.0625,4.0,0,0,256,1024,304,43.807,74.785,64.992,0.6839
pure,32,2,0.0625,4.0,0,0,512,2048,608,60.641,101.279,74.24,0.3346
pure,32,2,0.0625,4.0,0,0,1024,4096,1216,77.951,149.858,96.639,0.2599
pure,32,2,0.0625,4.0,0,0,2048,8192,2432,112.544,243.68,140.896,0.2162
pure,32,2,0.0625,4.0,0,0,4096,16384,4864,167.777,424.992,210.816,0.1673
mixed,32,2,0.0625,4.0,16,0,128,512,152,46.302,61.665,56.929,0.6917
mixed,32,2,0.0625,4.0,16,0,256,1024,304,49.696,79.166,74.72,0.8491
mixed,32,2,0.0625,4.0,16,0,512,2048,608,64.097,106.016,81.056,0.4046
mixed,32,2,0.0625,4.0,16,0,1024,4096,1216,81.12,156.831,105.087,0.3166
mixed,32,2,0.0625,4.0,16,0,2048,8192,2432,114.24,246.462,153.763,0.2989
mixed,32,2,0.0625,4.0,16,0,4096,16384,4864,169.889,430.047,238.56,0.264
mixed,32,2,0.0625,4.0,16,512,128,512,152,60.386,63.97,59.232,-0.322
mixed,32,2,0.0625,4.0,16,512,256,1024,304,78.975,78.082,77.536,
mixed,32,2,0.0625,4.0,16,512,512,2048,608,69.312,108.063,82.239,0.3336
mixed,32,2,0.0625,4.0,16,512,1024,4096,1216,81.919,156.447,105.504,0.3165
mixed,32,2,0.0625,4.0,16,512,2048,8192,2432,116.93,248.544,150.559,0.2555
mixed,32,2,0.0625,4.0,16,512,4096,16384,4864,174.591,425.726,238.303,0.2537
mixed,32,2,0.0625,4.0,16,1024,128,512,152,59.999,83.264,61.953,0.084
mixed,32,2,0.0625,4.0,16,1024,256,1024,304,76.639,81.344,76.994,0.0755
mixed,32,2,0.0625,4.0,16,1024,512,2048,608,84.256,108.738,82.72,-0.0627
mixed,32,2,0.0625,4.0,16,1024,1024,4096,1216,84.544,155.296,107.872,0.3297
mixed,32,2,0.0625,4.0,16,1024,2048,8192,2432,114.943,246.273,154.016,0.2975
mixed,32,2,0.0625,4.0,16,1024,4096,16384,4864,173.437,429.185,238.464,0.2543
mixed,32,2,0.0625,4.0,16,2048,128,512,152,61.729,84.768,63.904,0.0944
mixed,32,2,0.0625,4.0,16,2048,256,1024,304,78.209,107.073,69.376,-0.306
mixed,32,2,0.0625,4.0,16,2048,512,2048,608,86.751,110.111,83.327,-0.1466
mixed,32,2,0.0625,4.0,16,2048,1024,4096,1216,115.393,155.521,106.305,-0.2265
mixed,32,2,0.0625,4.0,16,2048,2048,8192,2432,118.464,247.392,155.553,0.2877
mixed,32,2,0.0625,4.0,16,2048,4096,16384,4864,170.721,431.04,237.214,0.2554
mixed,32,2,0.0625,4.0,16,4096,128,512,152,67.105,85.248,65.441,-0.0917
mixed,32,2,0.0625,4.0,16,4096,256,1024,304,71.904,108.127,72.255,0.0097
mixed,32,2,0.0625,4.0,16,4096,512,2048,608,86.271,154.848,85.696,-0.0084
mixed,32,2,0.0625,4.0,16,4096,1024,4096,1216,118.592,161.055,109.344,-0.2178
mixed,32,2,0.0625,4.0,16,4096,2048,8192,2432,168.192,246.687,154.08,-0.1798
mixed,32,2,0.0625,4.0,16,4096,4096,16384,4864,172.831,430.495,241.182,0.2653
mixed,32,2,0.0625,4.0,16,8192,128,512,152,74.209,88.865,74.016,-0.0132
mixed,32,2,0.0625,4.0,16,8192,256,1024,304,76.705,111.776,73.311,-0.0968
mixed,32,2,0.0625,4.0,16,8192,512,2048,608,89.858,153.535,82.978,-0.108
mixed,32,2,0.0625,4.0,16,8192,1024,4096,1216,118.144,240.032,111.808,-0.052
mixed,32,2,0.0625,4.0,16,8192,2048,8192,2432,170.751,254.048,157.506,-0.159
mixed,32,2,0.0625,4.0,16,8192,4096,16384,4864,270.941,434.879,238.526,-0.1977
mixed,32,2,0.0625,4.0,32,0,128,512,152,45.664,61.25,56.96,0.7248
mixed,32,2,0.0625,4.0,32,0,256,1024,304,49.696,77.952,73.792,0.8528
mixed,32,2,0.0625,4.0,32,0,512,2048,608,64.319,107.072,81.409,0.3997
mixed,32,2,0.0625,4.0,32,0,1024,4096,1216,82.656,155.968,103.136,0.2794
mixed,32,2,0.0625,4.0,32,0,2048,8192,2432,113.408,245.535,154.591,0.3117
mixed,32,2,0.0625,4.0,32,0,4096,16384,4864,174.208,427.872,238.081,0.2518
mixed,32,2,0.0625,4.0,32,512,128,512,152,59.36,83.2,58.848,-0.0215
mixed,32,2,0.0625,4.0,32,512,256,1024,304,77.377,78.718,76.032,-1.003
mixed,32,2,0.0625,4.0,32,512,512,2048,608,83.712,108.832,83.073,-0.0254
mixed,32,2,0.0625,4.0,32,512,1024,4096,1216,83.327,156.352,107.874,0.3361
mixed,32,2,0.0625,4.0,32,512,2048,8192,2432,114.912,248.225,151.966,0.2779
mixed,32,2,0.0625,4.0,32,512,4096,16384,4864,174.688,428.641,239.52,0.2553
mixed,32,2,0.0625,4.0,32,1024,128,512,152,60.513,84.128,60.545,0.0014
mixed,32,2,0.0625,4.0,32,1024,256,1024,304,77.182,106.591,66.561,-0.3611
mixed,32,2,0.0625,4.0,32,1024,512,2048,608,85.887,107.935,84.29,-0.0724
mixed,32,2,0.0625,4.0,32,1024,1024,4096,1216,115.903,154.588,106.205,-0.2507
mixed,32,2,0.0625,4.0,32,1024,2048,8192,2432,114.464,247.904,153.535,0.2928
mixed,32,2,0.0625,4.0,32,1024,4096,16384,4864,172.384,431.296,237.439,0.2513
mixed,32,2,0.0625,4.0,32,2048,128,512,152,63.489,83.074,62.656,-0.0425
mixed,32,2,0.0625,4.0,32,2048,256,1024,304,66.688,107.552,67.04,0.0086
mixed,32,2,0.0625,4.0,32,2048,512,2048,608,84.481,150.56,85.761,0.0194
mixed,32,2,0.0625,4.0,32,2048,1024,4096,1216,116.735,157.695,108.383,-0.2039
mixed,32,2,0.0625,4.0,32,2048,2048,8192,2432,166.111,246.208,152.287,-0.1726
mixed,32,2,0.0625,4.0,32,2048,4096,16384,4864,172.832,430.751,238.111,0.2531
mixed,32,2,0.0625,4.0,32,4096,128,512,152,67.201,87.201,66.433,-0.0384
mixed,32,2,0.0625,4.0,32,4096,256,1024,304,72.478,107.904,76.0,0.0994
mixed,32,2,0.0625,4.0,32,4096,512,2048,608,86.529,152.895,77.567,-0.135
mixed,32,2,0.0625,4.0,32,4096,1024,4096,1216,117.186,235.072,108.544,-0.0733
mixed,32,2,0.0625,4.0,32,4096,2048,8192,2432,168.382,248.448,153.535,-0.1854
mixed,32,2,0.0625,4.0,32,4096,4096,16384,4864,258.974,430.24,236.512,-0.1312
mixed,32,2,0.0625,4.0,32,8192,128,512,152,74.337,84.0,80.608,0.649
mixed,32,2,0.0625,4.0,32,8192,256,1024,304,74.751,108.415,87.808,0.3879
mixed,32,2,0.0625,4.0,32,8192,512,2048,608,83.071,151.264,85.152,0.0305
mixed,32,2,0.0625,4.0,32,8192,1024,4096,1216,114.974,234.305,111.744,-0.0271
mixed,32,2,0.0625,4.0,32,8192,2048,8192,2432,166.174,404.609,153.505,-0.0531
mixed,32,2,0.0625,4.0,32,8192,4096,16384,4864,267.807,434.559,239.325,-0.1708
mixed,32,2,0.0625,4.0,64,0,128,512,152,46.944,78.528,59.2,0.388
mixed,32,2,0.0625,4.0,64,0,256,1024,304,50.271,92.354,74.751,0.5817
mixed,32,2,0.0625,4.0,64,0,512,2048,608,80.192,120.0,81.856,0.0418
mixed,32,2,0.0625,4.0,64,0,1024,4096,1216,94.943,166.337,104.991,0.1407
mixed,32,2,0.0625,4.0,64,0,2048,8192,2432,127.01,256.701,154.016,0.2082
mixed,32,2,0.0625,4.0,64,0,4096,16384,4864,183.488,435.329,238.912,0.2201
mixed,32,2,0.0625,4.0,64,512,128,512,152,62.175,84.641,65.249,0.1368
mixed,32,2,0.0625,4.0,64,512,256,1024,304,77.472,104.418,68.769,-0.323
mixed,32,2,0.0625,4.0,64,512,512,2048,608,85.982,141.924,85.374,-0.0109
mixed,32,2,0.0625,4.0,64,512,1024,4096,1216,112.992,183.808,106.046,-0.0981
mixed,32,2,0.0625,4.0,64,512,2048,8192,2432,148.897,275.808,151.39,0.0196
mixed,32,2,0.0625,4.0,64,512,4096,16384,4864,205.792,456.415,237.631,0.127
mixed,32,2,0.0625,4.0,64,1024,128,512,152,69.247,85.695,66.464,-0.1692
mixed,32,2,0.0625,4.0,64,1024,256,1024,304,70.56,107.231,72.99,0.0663
mixed,32,2,0.0625,4.0,64,1024,512,2048,608,87.777,150.432,87.744,-0.0005
mixed,32,2,0.0625,4.0,64,1024,1024,4096,1216,117.792,206.719,110.847,-0.0781
mixed,32,2,0.0625,4.0,64,1024,2048,8192,2432,167.424,301.727,153.023,-0.1072
mixed,32,2,0.0625,4.0,64,1024,4096,16384,4864,224.767,476.798,236.128,0.0451
mixed,32,2,0.0625,4.0,64,2048,128,512,152,69.378,86.815,69.695,0.0182
mixed,32,2,0.0625,4.0,64,2048,256,1024,304,75.808,106.591,76.095,0.0093
mixed,32,2,0.0625,4.0,64,2048,512,2048,608,87.008,151.328,82.08,-0.0766
mixed,32,2,0.0625,4.0,64,2048,1024,4096,1216,114.815,232.353,109.055,-0.049
mixed,32,2,0.0625,4.0,64,2048,2048,8192,2432,166.496,342.848,156.192,-0.0584
mixed,32,2,0.0625,4.0,64,2048,4096,16384,4864,258.751,513.888,238.111,-0.0809
mixed,32,2,0.0625,4.0,64,4096,128,512,152,80.065,83.648,80.128,0.0176
mixed,32,2,0.0625,4.0,64,4096,256,1024,304,85.12,108.223,89.631,0.1953
mixed,32,2,0.0625,4.0,64,4096,512,2048,608,85.153,150.593,85.887,0.0112
mixed,32,2,0.0625,4.0,64,4096,1024,4096,1216,116.671,235.681,114.047,-0.022
mixed,32,2,0.0625,4.0,64,4096,2048,8192,2432,166.401,400.063,151.968,-0.0618
mixed,32,2,0.0625,4.0,64,4096,4096,16384,4864,259.072,588.864,238.816,-0.0614
mixed,32,2,0.0625,4.0,64,8192,128,512,152,92.383,108.065,93.728,0.0858
mixed,32,2,0.0625,4.0,64,8192,256,1024,304,91.778,107.998,93.504,0.1064
mixed,32,2,0.0625,4.0,64,8192,512,2048,608,109.821,149.631,108.192,-0.0409
mixed,32,2,0.0625,4.0,64,8192,1024,4096,1216,110.657,230.335,110.685,0.0002
mixed,32,2,0.0625,4.0,64,8192,2048,8192,2432,165.184,398.911,153.792,-0.0487
mixed,32,2,0.0625,4.0,64,8192,4096,16384,4864,262.494,720.991,233.407,-0.0634
mixed,32,2,0.0625,4.0,128,0,128,512,152,46.657,78.816,58.401,0.3652
mixed,32,2,0.0625,4.0,128,0,256,1024,304,50.944,94.561,74.304,0.5356
mixed,32,2,0.0625,4.0,128,0,512,2048,608,79.424,123.518,83.009,0.0813
mixed,32,2,0.0625,4.0,128,0,1024,4096,1216,94.112,169.279,104.418,0.1371
mixed,32,2,0.0625,4.0,128,0,2048,8192,2432,130.431,256.288,152.449,0.1749
mixed,32,2,0.0625,4.0,128,0,4096,16384,4864,185.984,441.538,240.317,0.2126
mixed,32,2,0.0625,4.0,128,512,128,512,152,70.751,87.904,69.089,-0.0969
mixed,32,2,0.0625,4.0,128,512,256,1024,304,73.439,105.727,73.631,0.0059
mixed,32,2,0.0625,4.0,128,512,512,2048,608,88.768,141.887,88.543,-0.0042
mixed,32,2,0.0625,4.0,128,512,1024,4096,1216,112.577,187.008,109.473,-0.0417
mixed,32,2,0.0625,4.0,128,512,2048,8192,2432,147.649,279.518,150.88,0.0245
mixed,32,2,0.0625,4.0,128,512,4096,16384,4864,207.488,453.854,236.801,0.119
mixed,32,2,0.0625,4.0,128,1024,128,512,152,73.536,92.575,72.447,-0.0572
mixed,32,2,0.0625,4.0,128,1024,256,1024,304,76.896,110.56,76.384,-0.0152
mixed,32,2,0.0625,4.0,128,1024,512,2048,608,94.335,150.783,82.239,-0.2143
mixed,32,2,0.0625,4.0,128,1024,1024,4096,1216,115.519,204.256,112.097,-0.0386
mixed,32,2,0.0625,4.0,128,1024,2048,8192,2432,162.848,298.785,153.664,-0.0676
mixed,32,2,0.0625,4.0,128,1024,4096,16384,4864,221.439,475.519,237.983,0.0651
mixed,32,2,0.0625,4.0,128,2048,128,512,152,81.951,84.992,82.848,0.295
mixed,32,2,0.0625,4.0,128,2048,256,1024,304,87.68,110.945,81.345,-0.2723
mixed,32,2,0.0625,4.0,128,2048,512,2048,608,86.655,152.802,89.023,0.0358
mixed,32,2,0.0625,4.0,128,2048,1024,4096,1216,116.768,233.213,116.192,-0.0049
mixed,32,2,0.0625,4.0,128,2048,2048,8192,2432,166.145,330.721,154.177,-0.0727
mixed,32,2,0.0625,4.0,128,2048,4096,16384,4864,256.8,507.393,236.128,-0.0825
mixed,32,2,0.0625,4.0,128,4096,128,512,152,92.578,112.286,92.319,-0.0131
mixed,32,2,0.0625,4.0,128,4096,256,1024,304,97.087,105.665,94.239,-0.332
mixed,32,2,0.0625,4.0,128,4096,512,2048,608,111.456,152.16,113.663,0.0542
mixed,32,2,0.0625,4.0,128,4096,1024,4096,1216,105.088,232.192,142.048,0.2908
mixed,32,2,0.0625,4.0,128,4096,2048,8192,2432,165.248,395.104,155.423,-0.0427
mixed,32,2,0.0625,4.0,128,4096,4096,16384,4864,256.351,578.176,236.928,-0.0604
mixed,32,2,0.0625,4.0,128,8192,128,512,152,114.72,116.289,115.328,0.3875
mixed,32,2,0.0625,4.0,128,8192,256,1024,304,117.63,151.487,117.024,-0.0179
mixed,32,2,0.0625,4.0,128,8192,512,2048,608,115.424,145.663,124.479,0.2994
mixed,32,2,0.0625,4.0,128,8192,1024,4096,1216,162.688,231.584,152.96,-0.1412
mixed,32,2,0.0625,4.0,128,8192,2048,8192,2432,154.623,393.824,222.624,0.2843
mixed,32,2,0.0625,4.0,128,8192,4096,16384,4864,262.144,715.423,236.384,-0.0568
mixed,32,2,0.0625,4.0,256,0,128,512,152,48.928,84.833,60.481,0.3218
mixed,32,2,0.0625,4.0,256,0,256,1024,304,51.168,96.16,65.055,0.3087
mixed,32,2,0.0625,4.0,256,0,512,2048,608,86.336,127.36,84.544,-0.0437
mixed,32,2,0.0625,4.0,256,0,1024,4096,1216,99.264,172.447,103.68,0.0603
mixed,32,2,0.0625,4.0,256,0,2048,8192,2432,132.446,262.173,154.881,0.1729
mixed,32,2,0.0625,4.0,256,0,4096,16384,4864,189.757,446.08,240.927,0.1996
mixed,32,2,0.0625,4.0,256,512,128,512,152,77.696,81.983,77.183,-0.1197
mixed,32,2,0.0625,4.0,256,512,256,1024,304,78.688,105.664,93.248,0.5397
mixed,32,2,0.0625,4.0,256,512,512,2048,608,83.169,137.504,105.727,0.4152
mixed,32,2,0.0625,4.0,256,512,1024,4096,1216,113.151,188.576,109.502,-0.0484
mixed,32,2,0.0625,4.0,256,512,2048,8192,2432,144.126,278.24,147.137,0.0225
mixed,32,2,0.0625,4.0,256,512,4096,16384,4864,202.814,456.32,235.104,0.1274
mixed,32,2,0.0625,4.0,256,1024,128,512,152,88.16,87.359,89.471,
mixed,32,2,0.0625,4.0,256,1024,256,1024,304,87.648,117.183,86.655,-0.0336
mixed,32,2,0.0625,4.0,256,1024,512,2048,608,90.209,148.16,113.184,0.3965
mixed,32,2,0.0625,4.0,256,1024,1024,4096,1216,119.488,201.023,137.665,0.2229
mixed,32,2,0.0625,4.0,256,1024,2048,8192,2432,164.704,290.687,148.351,-0.1298
mixed,32,2,0.0625,4.0,256,1024,4096,16384,4864,218.623,473.374,229.921,0.0443
mixed,32,2,0.0625,4.0,256,2048,128,512,152,92.352,117.281,91.775,-0.0231
mixed,32,2,0.0625,4.0,256,2048,256,1024,304,96.736,104.253,97.95,0.1615
mixed,32,2,0.0625,4.0,256,2048,512,2048,608,116.256,157.023,119.519,0.08
mixed,32,2,0.0625,4.0,256,2048,1024,4096,1216,107.679,229.537,155.488,0.3923
mixed,32,2,0.0625,4.0,256,2048,2048,8192,2432,166.336,329.92,158.689,-0.0467
mixed,32,2,0.0625,4.0,256,2048,4096,16384,4864,250.59,503.261,230.402,-0.0799
mixed,32,2,0.0625,4.0,256,4096,128,512,152,124.833,119.841,124.928,
mixed,32,2,0.0625,4.0,256,4096,256,1024,304,130.401,154.399,129.728,-0.028
mixed,32,2,0.0625,4.0,256,4096,512,2048,608,120.065,144.097,126.464,0.2663
mixed,32,2,0.0625,4.0,256,4096,1024,4096,1216,166.975,235.68,164.511,-0.0359
mixed,32,2,0.0625,4.0,256,4096,2048,8192,2432,157.28,390.206,233.632,0.3278
mixed,32,2,0.0625,4.0,256,4096,4096,16384,4864,255.359,567.168,240.001,-0.0493
mixed,32,2,0.0625,4.0,256,8192,128,512,152,162.784,177.695,163.872,0.073
mixed,32,2,0.0625,4.0,256,8192,256,1024,304,168.96,172.16,168.64,-0.1
mixed,32,2,0.0625,4.0,256,8192,512,2048,608,178.048,234.047,179.297,0.0223
mixed,32,2,0.0625,4.0,256,8192,1024,4096,1216,171.359,221.855,186.942,0.3086
mixed,32,2,0.0625,4.0,256,8192,2048,8192,2432,264.191,396.319,256.513,-0.0581
mixed,32,2,0.0625,4.0,256,8192,4096,16384,4864,250.529,705.184,389.247,0.3051
mixed,32,2,0.0625,4.0,512,0,128,512,152,61.088,80.032,75.871,0.7804
mixed,32,2,0.0625,4.0,512,0,256,1024,304,61.98,111.294,78.622,0.3375
mixed,32,2,0.0625,4.0,512,0,512,2048,608,81.376,140.031,101.377,0.341
mixed,32,2,0.0625,4.0,512,0,1024,4096,1216,112.576,190.687,141.982,0.3765
mixed,32,2,0.0625,4.0,512,0,2048,8192,2432,147.104,281.217,227.585,0.6001
mixed,32,2,0.0625,4.0,512,0,4096,16384,4864,206.239,466.367,392.128,0.7146
mixed,32,2,0.0625,4.0,512,512,128,512,152,106.56,120.639,105.568,-0.0705
mixed,32,2,0.0625,4.0,512,512,256,1024,304,111.295,100.513,114.143,
mixed,32,2,0.0625,4.0,512,512,512,2048,608,120.671,152.736,100.862,-0.6178
mixed,32,2,0.0625,4.0,512,512,1024,4096,1216,107.456,201.12,143.486,0.3847
mixed,32,2,0.0625,4.0,512,512,2048,8192,2432,160.832,294.814,220.161,0.4428
mixed,32,2,0.0625,4.0,512,512,4096,16384,4864,220.127,471.84,389.503,0.6729
mixed,32,2,0.0625,4.0,512,1024,128,512,152,115.296,128.992,115.903,0.0443
mixed,32,2,0.0625,4.0,512,1024,256,1024,304,120.032,114.144,120.449,
mixed,32,2,0.0625,4.0,512,1024,512,2048,608,130.271,158.815,142.303,0.4215
mixed,32,2,0.0625,4.0,512,1024,1024,4096,1216,114.879,214.879,140.864,0.2598
mixed,32,2,0.0625,4.0,512,1024,2048,8192,2432,167.809,308.576,221.118,0.3787
mixed,32,2,0.0625,4.0,512,1024,4096,16384,4864,233.024,486.242,381.469,0.5862
mixed,32,2,0.0625,4.0,512,2048,128,512,152,135.744,149.568,137.439,0.1226
mixed,32,2,0.0625,4.0,512,2048,256,1024,304,138.975,171.104,139.838,0.0269
mixed,32,2,0.0625,4.0,512,2048,512,2048,608,149.663,154.528,162.88,2.7168
mixed,32,2,0.0625,4.0,512,2048,1024,4096,1216,178.337,237.055,203.839,0.4343
mixed,32,2,0.0625,4.0,512,2048,2048,8192,2432,158.526,343.042,220.959,0.3384
mixed,32,2,0.0625,4.0,512,2048,4096,16384,4864,263.745,518.593,379.359,0.4537
mixed,32,2,0.0625,4.0,512,4096,128,512,152,173.984,187.808,174.017,0.0024
mixed,32,2,0.0625,4.0,512,4096,256,1024,304,180.544,209.186,179.232,-0.0458
mixed,32,2,0.0625,4.0,512,4096,512,2048,608,188.832,253.344,188.384,-0.0069
mixed,32,2,0.0625,4.0,512,4096,1024,4096,1216,217.472,232.447,241.023,1.5727
mixed,32,2,0.0625,4.0,512,4096,2048,8192,2432,268.993,401.534,324.096,0.4157
mixed,32,2,0.0625,4.0,512,4096,4096,16384,4864,250.784,585.279,381.248,0.39
mixed,32,2,0.0625,4.0,512,8192,128,512,152,251.198,267.425,251.807,0.0375
mixed,32,2,0.0625,4.0,512,8192,256,1024,304,256.127,288.897,255.295,-0.0254
mixed,32,2,0.0625,4.0,512,8192,512,2048,608,267.456,332.513,267.776,0.0049
mixed,32,2,0.0625,4.0,512,8192,1024,4096,1216,296.639,412.544,289.855,-0.0585
mixed,32,2,0.0625,4.0,512,8192,2048,8192,2432,345.856,396.862,401.311,1.0872
mixed,32,2,0.0625,4.0,512,8192,4096,16384,4864,440.319,712.575,558.336,0.4335
mixed,32,2,0.0625,4.0,1024,0,128,512,152,82.559,96.128,83.071,0.0377
mixed,32,2,0.0625,4.0,1024,0,256,1024,304,87.424,117.985,87.232,-0.0063
mixed,32,2,0.0625,4.0,1024,0,512,2048,608,97.055,153.727,121.727,0.4353
mixed,32,2,0.0625,4.0,1024,0,1024,4096,1216,119.84,227.007,195.554,0.7065
mixed,32,2,0.0625,4.0,1024,0,2048,8192,2432,167.328,373.279,342.528,0.8507
mixed,32,2,0.0625,4.0,1024,0,4096,16384,4864,254.016,664.48,630.561,0.9174
mixed,32,2,0.0625,4.0,1024,512,128,512,152,101.312,114.848,100.924,-0.0287
mixed,32,2,0.0625,4.0,1024,512,256,1024,304,106.015,134.592,105.824,-0.0067
mixed,32,2,0.0625,4.0,1024,512,512,2048,608,115.903,173.888,123.136,0.1247
mixed,32,2,0.0625,4.0,1024,512,1024,4096,1216,139.808,247.68,195.23,0.5138
mixed,32,2,0.0625,4.0,1024,512,2048,8192,2432,187.008,394.686,342.878,0.7505
mixed,32,2,0.0625,4.0,1024,512,4096,16384,4864,274.335,683.455,629.502,0.8681
mixed,32,2,0.0625,4.0,1024,1024,128,512,152,119.68,132.608,119.039,-0.0496
mixed,32,2,0.0625,4.0,1024,1024,256,1024,304,123.648,153.15,123.904,0.0087
mixed,32,2,0.0625,4.0,1024,1024,512,2048,608,133.633,190.4,133.118,-0.0091
mixed,32,2,0.0625,4.0,1024,1024,1024,4096,1216,157.407,265.056,198.112,0.3781
mixed,32,2,0.0625,4.0,1024,1024,2048,8192,2432,205.152,414.784,344.703,0.6657
mixed,32,2,0.0625,4.0,1024,1024,4096,16384,4864,293.601,705.376,634.367,0.8276
mixed,32,2,0.0625,4.0,1024,2048,128,512,152,155.84,164.608,155.519,-0.0366
mixed,32,2,0.0625,4.0,1024,2048,256,1024,304,155.294,187.775,155.999,0.0217
mixed,32,2,0.0625,4.0,1024,2048,512,2048,608,165.952,227.68,168.703,0.0446
mixed,32,2,0.0625,4.0,1024,2048,1024,4096,1216,193.247,304.381,197.824,0.0412
mixed,32,2,0.0625,4.0,1024,2048,2048,8192,2432,240.863,453.441,348.735,0.5074
mixed,32,2,0.0625,4.0,1024,2048,4096,16384,4864,332.671,746.815,637.695,0.7365
mixed,32,2,0.0625,4.0,1024,4096,128,512,152,226.238,234.882,227.68,0.1668
mixed,32,2,0.0625,4.0,1024,4096,256,1024,304,227.232,255.424,227.682,0.016
mixed,32,2,0.0625,4.0,1024,4096,512,2048,608,235.618,298.525,237.663,0.0325
mixed,32,2,0.0625,4.0,1024,4096,1024,4096,1216,262.463,376.381,259.775,-0.0236
mixed,32,2,0.0625,4.0,1024,4096,2048,8192,2432,313.632,523.039,349.15,0.1696
mixed,32,2,0.0625,4.0,1024,4096,4096,16384,4864,405.185,813.696,639.294,0.5731
mixed,32,2,0.0625,4.0,1024,8192,128,512,152,379.583,384.289,379.423,-0.034
mixed,32,2,0.0625,4.0,1024,8192,256,1024,304,379.231,404.448,379.999,0.0305
mixed,32,2,0.0625,4.0,1024,8192,512,2048,608,381.984,446.913,383.263,0.0197
mixed,32,2,0.0625,4.0,1024,8192,1024,4096,1216,411.198,522.559,408.031,-0.0284
mixed,32,2,0.0625,4.0,1024,8192,2048,8192,2432,460.19,667.327,449.664,-0.0508
mixed,32,2,0.0625,4.0,1024,8192,4096,16384,4864,548.575,960.894,644.446,0.2325
mixed,32,2,0.0625,4.0,2048,0,128,512,152,164.765,179.551,165.471,0.0477
mixed,32,2,0.0625,4.0,2048,0,256,1024,304,169.535,195.776,180.03,0.3999
mixed,32,2,0.0625,4.0,2048,0,512,2048,608,179.68,236.417,216.383,0.6469
mixed,32,2,0.0625,4.0,2048,0,1024,4096,1216,204.448,314.143,293.853,0.815
mixed,32,2,0.0625,4.0,2048,0,2048,8192,2432,251.586,458.206,439.71,0.9105
mixed,32,2,0.0625,4.0,2048,0,4096,16384,4864,340.192,750.24,731.135,0.9534
mixed,32,2,0.0625,4.0,2048,512,128,512,152,197.346,210.111,196.8,-0.0428
mixed,32,2,0.0625,4.0,2048,512,256,1024,304,203.904,229.984,200.8,-0.119
mixed,32,2,0.0625,4.0,2048,512,512,2048,608,214.206,271.456,235.135,0.3656
mixed,32,2,0.0625,4.0,2048,512,1024,4096,1216,237.216,347.167,310.975,0.6708
mixed,32,2,0.0625,4.0,2048,512,2048,8192,2432,284.928,494.91,460.93,0.8382
mixed,32,2,0.0625,4.0,2048,512,4096,16384,4864,375.265,785.278,749.889,0.9137
mixed,32,2,0.0625,4.0,2048,1024,128,512,152,232.928,247.745,233.631,0.0474
mixed,32,2,0.0625,4.0,2048,1024,256,1024,304,238.752,266.368,240.095,0.0486
mixed,32,2,0.0625,4.0,2048,1024,512,2048,608,248.48,306.623,253.183,0.0809
mixed,32,2,0.0625,4.0,2048,1024,1024,4096,1216,275.103,386.111,331.262,0.5059
mixed,32,2,0.0625,4.0,2048,1024,2048,8192,2432,322.719,532.353,479.069,0.7458
mixed,32,2,0.0625,4.0,2048,1024,4096,16384,4864,412.479,820.988,771.614,0.8791
mixed,32,2,0.0625,4.0,2048,2048,128,512,152,308.352,323.744,308.543,0.0124
mixed,32,2,0.0625,4.0,2048,2048,256,1024,304,314.43,344.192,311.774,-0.0892
mixed,32,2,0.0625,4.0,2048,2048,512,2048,608,325.375,382.173,323.488,-0.0332
mixed,32,2,0.0625,4.0,2048,2048,1024,4096,1216,352.063,461.44,370.749,0.1708
mixed,32,2,0.0625,4.0,2048,2048,2048,8192,2432,395.934,605.279,518.399,0.585
mixed,32,2,0.0625,4.0,2048,2048,4096,16384,4864,486.56,895.261,811.614,0.7953
mixed,32,2,0.0625,4.0,2048,4096,128,512,152,445.409,471.101,446.109,0.0272
mixed,32,2,0.0625,4.0,2048,4096,256,1024,304,460.735,492.477,462.557,0.0574
mixed,32,2,0.0625,4.0,2048,4096,512,2048,608,475.039,529.441,471.039,-0.0735
mixed,32,2,0.0625,4.0,2048,4096,1024,4096,1216,500.96,603.327,493.344,-0.0744
mixed,32,2,0.0625,4.0,2048,4096,2048,8192,2432,544.735,750.432,594.813,0.2435
mixed,32,2,0.0625,4.0,2048,4096,4096,16384,4864,633.217,1039.425,885.951,0.6222
mixed,32,2,0.0625,4.0,2048,8192,128,512,152,732.03,738.685,734.751,0.4089
mixed,32,2,0.0625,4.0,2048,8192,256,1024,304,734.815,774.014,733.183,-0.0416
mixed,32,2,0.0625,4.0,2048,8192,512,2048,608,734.783,814.015,734.045,-0.0093
mixed,32,2,0.0625,4.0,2048,8192,1024,4096,1216,779.358,892.99,775.04,-0.038
mixed,32,2,0.0625,4.0,2048,8192,2048,8192,2432,828.286,1035.166,815.104,-0.0637
mixed,32,2,0.0625,4.0,2048,8192,4096,16384,4864,914.622,1323.679,1026.749,0.2741
pure,32,3,0.0938,4.0,0,0,128,512,164,40.48,57.76,50.59,0.5851
pure,32,3,0.0938,4.0,0,0,256,1024,328,42.784,74.08,64.769,0.7025
pure,32,3,0.0938,4.0,0,0,512,2048,656,61.537,103.457,74.111,0.3
pure,32,3,0.0938,4.0,0,0,1024,4096,1312,81.696,150.974,97.6,0.2296
pure,32,3,0.0938,4.0,0,0,2048,8192,2624,114.847,243.265,137.855,0.1792
pure,32,3,0.0938,4.0,0,0,4096,16384,5248,177.76,420.354,211.903,0.1407
mixed,32,3,0.0938,4.0,16,0,128,512,164,45.666,61.951,58.594,0.7939
mixed,32,3,0.0938,4.0,16,0,256,1024,328,49.856,78.592,73.76,0.8318
mixed,32,3,0.0938,4.0,16,0,512,2048,656,65.183,107.456,82.08,0.3997
mixed,32,3,0.0938,4.0,16,0,1024,4096,1312,86.623,156.001,105.663,0.2744
mixed,32,3,0.0938,4.0,16,0,2048,8192,2624,120.507,245.759,152.639,0.2565
mixed,32,3,0.0938,4.0,16,0,4096,16384,5248,178.495,428.224,239.357,0.2437
mixed,32,3,0.0938,4.0,16,512,128,512,164,60.032,64.128,58.912,-0.2734
mixed,32,3,0.0938,4.0,16,512,256,1024,328,75.681,79.487,76.832,0.3024
mixed,32,3,0.0938,4.0,16,512,512,2048,656,67.84,108.897,82.751,0.3632
mixed,32,3,0.0938,4.0,16,512,1024,4096,1312,86.239,157.952,106.944,0.2887
mixed,32,3,0.0938,4.0,16,512,2048,8192,2624,119.84,245.984,153.984,0.2707
mixed,32,3,0.0938,4.0,16,512,4096,16384,5248,180.639,425.919,239.327,0.2393
mixed,32,3,0.0938,4.0,16,1024,128,512,164,60.927,84.896,63.103,0.0908
mixed,32,3,0.0938,4.0,16,1024,256,1024,328,78.207,80.48,68.384,-4.3216
mixed,32,3,0.0938,4.0,16,1024,512,2048,656,89.439,108.161,83.008,-0.3435
mixed,32,3,0.0938,4.0,16,1024,1024,4096,1312,88.126,156.48,108.575,0.2992
mixed,32,3,0.0938,4.0,16,1024,2048,8192,2624,121.505,246.239,153.377,0.2555
mixed,32,3,0.0938,4.0,16,1024,4096,16384,5248,182.207,429.183,238.497,0.2279
mixed,32,3,0.0938,4.0,16,2048,128,512,164,63.743,84.608,63.264,-0.023
mixed,32,3,0.0938,4.0,16,2048,256,1024,328,77.632,106.849,68.354,-0.3176
mixed,32,3,0.0938,4.0,16,2048,512,2048,656,89.889,111.424,85.247,-0.2156
mixed,32,3,0.0938,4.0,16,2048,1024,4096,1312,119.072,156.065,109.758,-0.2518
mixed,32,3,0.0938,4.0,16,2048,2048,8192,2624,122.784,248.511,156.322,0.2668
mixed,32,3,0.0938,4.0,16,2048,4096,16384,5248,179.487,428.511,240.447,0.2448
mixed,32,3,0.0938,4.0,16,4096,128,512,164,68.031,86.048,66.463,-0.087
mixed,32,3,0.0938,4.0,16,4096,256,1024,328,72.13,109.727,72.191,0.0016
mixed,32,3,0.0938,4.0,16,4096,512,2048,656,91.999,152.543,86.497,-0.0909
mixed,32,3,0.0938,4.0,16,4096,1024,4096,1312,123.297,161.248,110.848,-0.328
mixed,32,3,0.0938,4.0,16,4096,2048,8192,2624,175.103,249.505,154.944,-0.2709
mixed,32,3,0.0938,4.0,16,4096,4096,16384,5248,182.464,430.784,241.248,0.2367
mixed,32,3,0.0938,4.0,16,8192,128,512,164,73.343,88.609,73.92,0.0378
mixed,32,3,0.0938,4.0,16,8192,256,1024,328,75.073,112.448,79.137,0.1087
mixed,32,3,0.0938,4.0,16,8192,512,2048,656,94.88,154.048,82.913,-0.2023
mixed,32,3,0.0938,4.0,16,8192,1024,4096,1312,123.84,238.719,113.568,-0.0894
mixed,32,3,0.0938,4.0,16,8192,2048,8192,2624,177.025,256.095,155.71,-0.2696
mixed,32,3,0.0938,4.0,16,8192,4096,16384,5248,286.558,430.4,242.848,-0.3039
mixed,32,3,0.0938,4.0,32,0,128,512,164,45.664,61.888,57.217,0.7121
mixed,32,3,0.0938,4.0,32,0,256,1024,328,49.726,78.784,74.399,0.8491
mixed,32,3,0.0938,4.0,32,0,512,2048,656,64.895,106.719,81.218,0.3903
mixed,32,3,0.0938,4.0,32,0,1024,4096,1312,85.248,155.329,104.927,0.2808
mixed,32,3,0.0938,4.0,32,0,2048,8192,2624,123.742,244.32,155.585,0.2641
mixed,32,3,0.0938,4.0,32,0,4096,16384,5248,179.231,430.592,239.296,0.239
mixed,32,3,0.0938,4.0,32,512,128,512,164,59.584,82.784,59.424,-0.0069
mixed,32,3,0.0938,4.0,32,512,256,1024,328,78.306,77.951,63.232,
mixed,32,3,0.0938,4.0,32,512,512,2048,656,87.168,107.97,86.655,-0.0247
mixed,32,3,0.0938,4.0,32,512,1024,4096,1312,88.542,156.8,107.808,0.2823
mixed,32,3,0.0938,4.0,32,512,2048,8192,2624,121.726,247.712,152.415,0.2436
mixed,32,3,0.0938,4.0,32,512,4096,16384,5248,179.648,428.321,239.745,0.2417
mixed,32,3,0.0938,4.0,32,1024,128,512,164,59.873,83.391,59.935,0.0026
mixed,32,3,0.0938,4.0,32,1024,256,1024,328,76.48,105.663,66.465,-0.3432
mixed,32,3,0.0938,4.0,32,1024,512,2048,656,90.08,107.614,84.128,-0.3395
mixed,32,3,0.0938,4.0,32,1024,1024,4096,1312,119.808,157.087,109.28,-0.2824
mixed,32,3,0.0938,4.0,32,1024,2048,8192,2624,124.544,247.808,152.511,0.2269
mixed,32,3,0.0938,4.0,32,1024,4096,16384,5248,179.361,432.447,237.918,0.2314
mixed,32,3,0.0938,4.0,32,2048,128,512,164,65.761,83.105,63.648,-0.1218
mixed,32,3,0.0938,4.0,32,2048,256,1024,328,65.118,108.288,68.318,0.0741
mixed,32,3,0.0938,4.0,32,2048,512,2048,656,87.264,149.184,84.799,-0.0398
mixed,32,3,0.0938,4.0,32,2048,1024,4096,1312,119.041,160.352,108.927,-0.2448
mixed,32,3,0.0938,4.0,32,2048,2048,8192,2624,172.128,247.905,155.263,-0.2226
mixed,32,3,0.0938,4.0,32,2048,4096,16384,5248,180.639,428.032,239.295,0.2371
mixed,32,3,0.0938,4.0,32,4096,128,512,164,67.645,86.367,66.752,-0.0477
mixed,32,3,0.0938,4.0,32,4096,256,1024,328,73.153,108.512,73.888,0.0208
mixed,32,3,0.0938,4.0,32,4096,512,2048,656,91.841,151.551,77.952,-0.2326
mixed,32,3,0.0938,4.0,32,4096,1024,4096,1312,119.263,237.087,110.56,-0.0739
mixed,32,3,0.0938,4.0,32,4096,2048,8192,2624,176.224,249.599,152.0,-0.3301
mixed,32,3,0.0938,4.0,32,4096,4096,16384,5248,266.784,430.91,242.817,-0.146
mixed,32,3,0.0938,4.0,32,8192,128,512,164,73.663,84.223,80.19,0.6181
mixed,32,3,0.0938,4.0,32,8192,256,1024,328,75.456,107.552,77.312,0.0578
mixed,32,3,0.0938,4.0,32,8192,512,2048,656,83.999,151.905,86.622,0.0386
mixed,32,3,0.0938,4.0,32,8192,1024,4096,1312,119.264,233.758,101.215,-0.1576
mixed,32,3,0.0938,4.0,32,8192,2048,8192,2624,171.52,404.866,154.657,-0.0723
mixed,32,3,0.0938,4.0,32,8192,4096,16384,5248,282.976,433.247,238.465,-0.2962
mixed,32,3,0.0938,4.0,64,0,128,512,164,46.624,77.119,58.623,0.3935
mixed,32,3,0.0938,4.0,64,0,256,1024,328,50.463,90.527,75.104,0.615
mixed,32,3,0.0938,4.0,64,0,512,2048,656,81.441,117.856,82.943,0.0412
mixed,32,3,0.0938,4.0,64,0,1024,4096,1312,99.551,164.063,106.176,0.1027
mixed,32,3,0.0938,4.0,64,0,2048,8192,2624,135.584,258.399,154.401,0.1532
mixed,32,3,0.0938,4.0,64,0,4096,16384,5248,191.774,435.136,240.77,0.2013
mixed,32,3,0.0938,4.0,64,512,128,512,164,64.864,85.503,64.959,0.0046
mixed,32,3,0.0938,4.0,64,512,256,1024,328,77.76,105.793,69.505,-0.2945
mixed,32,3,0.0938,4.0,64,512,512,2048,656,91.104,142.751,87.712,-0.0657
mixed,32,3,0.0938,4.0,64,512,1024,4096,1312,118.079,187.425,109.055,-0.1301
mixed,32,3,0.0938,4.0,64,512,2048,8192,2624,154.688,279.071,153.726,-0.0077
mixed,32,3,0.0938,4.0,64,512,4096,16384,5248,208.8,455.838,238.946,0.122
mixed,32,3,0.0938,4.0,64,1024,128,512,164,68.031,85.344,67.97,-0.0035
mixed,32,3,0.0938,4.0,64,1024,256,1024,328,71.52,104.639,73.344,0.0551
mixed,32,3,0.0938,4.0,64,1024,512,2048,656,91.554,150.624,86.529,-0.0851
mixed,32,3,0.0938,4.0,64,1024,1024,4096,1312,118.85,205.44,111.678,-0.0828
mixed,32,3,0.0938,4.0,64,1024,2048,8192,2624,170.047,299.23,152.416,-0.1365
mixed,32,3,0.0938,4.0,64,1024,4096,16384,5248,233.119,472.224,238.399,0.0221
mixed,32,3,0.0938,4.0,64,2048,128,512,164,69.695,87.456,68.865,-0.0467
mixed,32,3,0.0938,4.0,64,2048,256,1024,328,76.288,107.68,73.791,-0.0795
mixed,32,3,0.0938,4.0,64,2048,512,2048,656,89.919,152.129,80.702,-0.1482
mixed,32,3,0.0938,4.0,64,2048,1024,4096,1312,120.514,234.752,111.328,-0.0804
mixed,32,3,0.0938,4.0,64,2048,2048,8192,2624,171.455,344.541,154.624,-0.0972
mixed,32,3,0.0938,4.0,64,2048,4096,16384,5248,272.192,512.288,238.847,-0.1389
mixed,32,3,0.0938,4.0,64,4096,128,512,164,80.736,84.802,81.153,0.1026
mixed,32,3,0.0938,4.0,64,4096,256,1024,328,85.665,107.008,80.864,-0.2249
mixed,32,3,0.0938,4.0,64,4096,512,2048,656,85.184,150.688,85.663,0.0073
mixed,32,3,0.0938,4.0,64,4096,1024,4096,1312,120.543,236.447,102.527,-0.1554
mixed,32,3,0.0938,4.0,64,4096,2048,8192,2624,171.103,400.802,152.512,-0.0809
mixed,32,3,0.0938,4.0,64,4096,4096,16384,5248,265.663,590.559,240.191,-0.0784
mixed,32,3,0.0938,4.0,64,8192,128,512,164,93.44,108.642,93.472,0.0021
mixed,32,3,0.0938,4.0,64,8192,256,1024,328,91.712,107.872,91.713,0.0001
mixed,32,3,0.0938,4.0,64,8192,512,2048,656,100.16,150.785,110.912,0.2124
mixed,32,3,0.0938,4.0,64,8192,1024,4096,1312,112.704,231.488,114.08,0.0116
mixed,32,3,0.0938,4.0,64,8192,2048,8192,2624,169.791,396.736,155.231,-0.0642
mixed,32,3,0.0938,4.0,64,8192,4096,16384,5248,281.153,719.711,236.382,-0.1021
mixed,32,3,0.0938,4.0,128,0,128,512,164,46.754,79.295,57.568,0.3323
mixed,32,3,0.0938,4.0,128,0,256,1024,328,51.296,93.566,61.535,0.2422
mixed,32,3,0.0938,4.0,128,0,512,2048,656,80.096,121.631,83.424,0.0801
mixed,32,3,0.0938,4.0,128,0,1024,4096,1312,101.247,170.176,106.112,0.0706
mixed,32,3,0.0938,4.0,128,0,2048,8192,2624,135.359,259.969,155.072,0.1582
mixed,32,3,0.0938,4.0,128,0,4096,16384,5248,192.0,443.359,241.952,0.1987
mixed,32,3,0.0938,4.0,128,512,128,512,164,70.623,88.48,71.197,0.0321
mixed,32,3,0.0938,4.0,128,512,256,1024,328,74.112,105.184,73.825,-0.0092
mixed,32,3,0.0938,4.0,128,512,512,2048,656,92.704,139.745,89.6,-0.066
mixed,32,3,0.0938,4.0,128,512,1024,4096,1312,116.288,185.536,109.44,-0.0989
mixed,32,3,0.0938,4.0,128,512,2048,8192,2624,151.552,281.888,151.456,-0.0007
mixed,32,3,0.0938,4.0,128,512,4096,16384,5248,208.16,455.137,240.448,0.1307
mixed,32,3,0.0938,4.0,128,1024,128,512,164,72.833,92.767,71.742,-0.0547
mixed,32,3,0.0938,4.0,128,1024,256,1024,328,75.776,110.336,76.768,0.0287
mixed,32,3,0.0938,4.0,128,1024,512,2048,656,91.648,149.95,81.983,-0.1658
mixed,32,3,0.0938,4.0,128,1024,1024,4096,1312,120.16,202.112,112.321,-0.0957
mixed,32,3,0.0938,4.0,128,1024,2048,8192,2624,168.895,295.743,152.77,-0.1271
mixed,32,3,0.0938,4.0,128,1024,4096,16384,5248,226.623,474.367,238.176,0.0466
mixed,32,3,0.0938,4.0,128,2048,128,512,164,81.728,84.256,83.2,0.5823
mixed,32,3,0.0938,4.0,128,2048,256,1024,328,88.129,112.063,88.223,0.0039
mixed,32,3,0.0938,4.0,128,2048,512,2048,656,88.801,152.671,88.928,0.002
mixed,32,3,0.0938,4.0,128,2048,1024,4096,1312,119.487,230.816,103.68,-0.142
mixed,32,3,0.0938,4.0,128,2048,2048,8192,2624,170.527,337.247,154.303,-0.0973
mixed,32,3,0.0938,4.0,128,2048,4096,16384,5248,262.207,507.808,237.088,-0.1023
mixed,32,3,0.0938,4.0,128,4096,128,512,164,92.256,111.073,92.542,0.0152
mixed,32,3,0.0938,4.0,128,4096,256,1024,328,97.214,106.367,95.489,-0.1885
mixed,32,3,0.0938,4.0,128,4096,512,2048,656,120.607,150.623,114.56,-0.2015
mixed,32,3,0.0938,4.0,128,4096,1024,4096,1312,115.2,232.0,114.656,-0.0047
mixed,32,3,0.0938,4.0,128,4096,2048,8192,2624,174.303,396.896,167.296,-0.0315
mixed,32,3,0.0938,4.0,128,4096,4096,16384,5248,265.599,581.023,237.121,-0.0903
mixed,32,3,0.0938,4.0,128,8192,128,512,164,117.344,116.546,116.032,
mixed,32,3,0.0938,4.0,128,8192,256,1024,328,117.248,151.744,117.375,0.0037
mixed,32,3,0.0938,4.0,128,8192,512,2048,656,122.175,142.079,127.809,0.2831
mixed,32,3,0.0938,4.0,128,8192,1024,4096,1312,171.33,230.848,152.063,-0.3237
mixed,32,3,0.0938,4.0,128,8192,2048,8192,2624,171.488,396.448,221.791,0.2236
mixed,32,3,0.0938,4.0,128,8192,4096,16384,5248,279.488,714.013,259.582,-0.0458
mixed,32,3,0.0938,4.0,256,0,128,512,164,48.799,85.346,61.471,0.3467
mixed,32,3,0.0938,4.0,256,0,256,1024,328,51.488,96.671,64.224,0.2819
mixed,32,3,0.0938,4.0,256,0,512,2048,656,84.544,125.282,85.182,0.0157
mixed,32,3,0.0938,4.0,256,0,1024,4096,1312,104.096,172.542,105.695,0.0234
mixed,32,3,0.0938,4.0,256,0,2048,8192,2624,136.669,264.255,157.151,0.1605
mixed,32,3,0.0938,4.0,256,0,4096,16384,5248,197.793,445.439,238.88,0.1659
mixed,32,3,0.0938,4.0,256,512,128,512,164,76.866,80.959,84.033,1.751
mixed,32,3,0.0938,4.0,256,512,256,1024,328,79.296,105.44,94.815,0.5936
mixed,32,3,0.0938,4.0,256,512,512,2048,656,97.697,135.999,106.594,0.2323
mixed,32,3,0.0938,4.0,256,512,1024,4096,1312,118.656,186.238,112.254,-0.0947
mixed,32,3,0.0938,4.0,256,512,2048,8192,2624,152.288,277.793,146.335,-0.0474
mixed,32,3,0.0938,4.0,256,512,4096,16384,5248,210.336,456.64,236.384,0.1058
mixed,32,3,0.0938,4.0,256,1024,128,512,164,89.248,85.085,91.617,
mixed,32,3,0.0938,4.0,256,1024,256,1024,328,87.74,116.224,91.776,0.1417
mixed,32,3,0.0938,4.0,256,1024,512,2048,656,86.016,147.999,113.635,0.4456
mixed,32,3,0.0938,4.0,256,1024,1024,4096,1312,125.537,201.022,139.424,0.184
mixed,32,3,0.0938,4.0,256,1024,2048,8192,2624,165.216,294.465,153.056,-0.0941
mixed,32,3,0.0938,4.0,256,1024,4096,16384,5248,225.6,473.121,231.648,0.0244
mixed,32,3,0.0938,4.0,256,2048,128,512,164,92.256,117.439,92.864,0.0241
mixed,32,3,0.0938,4.0,256,2048,256,1024,328,95.904,102.752,103.36,1.0888
mixed,32,3,0.0938,4.0,256,2048,512,2048,656,125.154,157.568,112.193,-0.3999
mixed,32,3,0.0938,4.0,256,2048,1024,4096,1312,113.823,228.863,156.576,0.3716
mixed,32,3,0.0938,4.0,256,2048,2048,8192,2624,171.426,330.945,200.512,0.1823
mixed,32,3,0.0938,4.0,256,2048,4096,16384,5248,256.544,504.255,231.68,-0.1004
mixed,32,3,0.0938,4.0,256,4096,128,512,164,125.408,119.935,124.225,
mixed,32,3,0.0938,4.0,256,4096,256,1024,328,129.825,154.274,139.743,0.4057
mixed,32,3,0.0938,4.0,256,4096,512,2048,656,124.384,145.474,131.007,0.314
mixed,32,3,0.0938,4.0,256,4096,1024,4096,1312,176.577,235.647,167.198,-0.1588
mixed,32,3,0.0938,4.0,256,4096,2048,8192,2624,161.663,392.094,232.897,0.3091
mixed,32,3,0.0938,4.0,256,4096,4096,16384,5248,261.183,573.023,243.935,-0.0553
mixed,32,3,0.0938,4.0,256,8192,128,512,164,162.239,179.549,163.487,0.0721
mixed,32,3,0.0938,4.0,256,8192,256,1024,328,168.128,171.839,168.577,0.121
mixed,32,3,0.0938,4.0,256,8192,512,2048,656,184.001,233.696,218.72,0.6986
mixed,32,3,0.0938,4.0,256,8192,1024,4096,1312,174.56,222.174,192.478,0.3763
mixed,32,3,0.0938,4.0,256,8192,2048,8192,2624,277.475,396.928,260.959,-0.1383
mixed,32,3,0.0938,4.0,256,8192,4096,16384,5248,278.176,706.59,390.814,0.2629
mixed,32,3,0.0938,4.0,512,0,128,512,164,62.048,79.648,82.815,1.1799
mixed,32,3,0.0938,4.0,512,0,256,1024,328,61.087,110.848,86.142,0.5035
mixed,32,3,0.0938,4.0,512,0,512,2048,656,85.886,139.521,100.767,0.2774
mixed,32,3,0.0938,4.0,512,0,1024,4096,1312,120.896,189.088,143.614,0.3331
mixed,32,3,0.0938,4.0,512,0,2048,8192,2624,152.417,280.097,229.31,0.6022
mixed,32,3,0.0938,4.0,512,0,4096,16384,5248,213.6,463.069,397.471,0.737
mixed,32,3,0.0938,4.0,512,512,128,512,164,106.369,120.19,114.849,0.6136
mixed,32,3,0.0938,4.0,512,512,256,1024,328,110.689,102.368,114.463,
mixed,32,3,0.0938,4.0,512,512,512,2048,656,95.233,151.807,115.968,0.3665
mixed,32,3,0.0938,4.0,512,512,1024,4096,1312,115.135,202.687,142.592,0.3136
mixed,32,3,0.0938,4.0,512,512,2048,8192,2624,166.112,291.968,222.047,0.4444
mixed,32,3,0.0938,4.0,512,512,4096,16384,5248,224.8,475.361,388.637,0.6539
mixed,32,3,0.0938,4.0,512,1024,128,512,164,115.389,130.336,124.383,0.6017
mixed,32,3,0.0938,4.0,512,1024,256,1024,328,120.961,113.312,143.198,
mixed,32,3,0.0938,4.0,512,1024,512,2048,656,134.081,159.2,143.359,0.3694
mixed,32,3,0.0938,4.0,512,1024,1024,4096,1312,114.625,213.052,157.025,0.4308
mixed,32,3,0.0938,4.0,512,1024,2048,8192,2624,172.993,309.598,221.566,0.3556
mixed,32,3,0.0938,4.0,512,1024,4096,16384,5248,239.871,487.327,382.304,0.5756
mixed,32,3,0.0938,4.0,512,2048,128,512,164,135.392,149.088,135.583,0.0139
mixed,32,3,0.0938,4.0,512,2048,256,1024,328,140.446,172.832,161.536,0.6512
mixed,32,3,0.0938,4.0,512,2048,512,2048,656,154.528,154.145,162.368,
mixed,32,3,0.0938,4.0,512,2048,1024,4096,1312,184.864,236.575,206.464,0.4177
mixed,32,3,0.0938,4.0,512,2048,2048,8192,2624,161.216,342.496,235.519,0.4099
mixed,32,3,0.0938,4.0,512,2048,4096,16384,5248,270.655,521.535,380.287,0.437
mixed,32,3,0.0938,4.0,512,4096,128,512,164,173.376,188.609,173.599,0.0146
mixed,32,3,0.0938,4.0,512,4096,256,1024,328,178.817,210.528,178.496,-0.0101
mixed,32,3,0.0938,4.0,512,4096,512,2048,656,193.92,253.632,241.984,0.8049
mixed,32,3,0.0938,4.0,512,4096,1024,4096,1312,221.921,231.872,244.063,2.2251
mixed,32,3,0.0938,4.0,512,4096,2048,8192,2624,273.952,399.199,323.233,0.3935
mixed,32,3,0.0938,4.0,512,4096,4096,16384,5248,268.352,587.006,394.942,0.3973
mixed,32,3,0.0938,4.0,512,8192,128,512,164,249.793,266.817,251.105,0.0771
mixed,32,3,0.0938,4.0,512,8192,256,1024,328,255.999,287.807,256.605,0.0191
mixed,32,3,0.0938,4.0,512,8192,512,2048,656,271.264,331.742,267.134,-0.0683
mixed,32,3,0.0938,4.0,512,8192,1024,4096,1312,300.64,412.287,400.511,0.8945
mixed,32,3,0.0938,4.0,512,8192,2048,8192,2624,351.679,396.736,401.985,1.1165
mixed,32,3,0.0938,4.0,512,8192,4096,16384,5248,456.766,714.111,557.184,0.3902
mixed,32,3,0.0938,4.0,1024,0,128,512,164,82.879,95.68,83.135,0.02
mixed,32,3,0.0938,4.0,1024,0,256,1024,328,88.703,115.201,99.968,0.4251
mixed,32,3,0.0938,4.0,1024,0,512,2048,656,101.793,155.105,136.64,0.6536
mixed,32,3,0.0938,4.0,1024,0,1024,4096,1312,125.695,227.071,210.752,0.839
mixed,32,3,0.0938,4.0,1024,0,2048,8192,2624,171.393,375.807,357.088,0.9084
mixed,32,3,0.0938,4.0,1024,0,4096,16384,5248,267.135,662.429,646.368,0.9594
mixed,32,3,0.0938,4.0,1024,512,128,512,164,100.96,114.942,101.151,0.0137
mixed,32,3,0.0938,4.0,1024,512,256,1024,328,106.082,134.432,117.344,0.3972
mixed,32,3,0.0938,4.0,1024,512,512,2048,656,120.065,171.457,154.368,0.6675
mixed,32,3,0.0938,4.0,1024,512,1024,4096,1312,143.586,246.718,228.575,0.8241
mixed,32,3,0.0938,4.0,1024,512,2048,8192,2624,190.337,393.857,375.007,0.9074
mixed,32,3,0.0938,4.0,1024,512,4096,16384,5248,287.87,685.536,664.605,0.9474
mixed,32,3,0.0938,4.0,1024,1024,128,512,164,118.048,132.287,119.744,0.1191
mixed,32,3,0.0938,4.0,1024,1024,256,1024,328,124.543,152.96,137.376,0.4516
mixed,32,3,0.0938,4.0,1024,1024,512,2048,656,136.736,189.472,172.8,0.6839
mixed,32,3,0.0938,4.0,1024,1024,1024,4096,1312,162.593,264.734,249.44,0.8503
mixed,32,3,0.0938,4.0,1024,1024,2048,8192,2624,208.607,414.782,394.847,0.9033
mixed,32,3,0.0938,4.0,1024,1024,4096,16384,5248,306.881,704.991,685.405,0.9508
mixed,32,3,0.0938,4.0,1024,2048,128,512,164,154.879,164.512,155.135,0.0266
mixed,32,3,0.0938,4.0,1024,2048,256,1024,328,154.944,187.455,160.478,0.1702
mixed,32,3,0.0938,4.0,1024,2048,512,2048,656,173.888,226.689,209.024,0.6654
mixed,32,3,0.0938,4.0,1024,2048,1024,4096,1312,197.439,304.607,285.502,0.8217
mixed,32,3,0.0938,4.0,1024,2048,2048,8192,2624,246.399,451.392,433.152,0.911
mixed,32,3,0.0938,4.0,1024,2048,4096,16384,5248,346.048,743.294,722.08,0.9466
mixed,32,3,0.0938,4.0,1024,4096,128,512,164,226.56,235.647,227.007,0.0492
mixed,32,3,0.0938,4.0,1024,4096,256,1024,328,226.721,256.48,227.233,0.0172
mixed,32,3,0.0938,4.0,1024,4096,512,2048,656,241.088,298.304,240.322,-0.0134
mixed,32,3,0.0938,4.0,1024,4096,1024,4096,1312,270.624,376.765,362.239,0.8631
mixed,32,3,0.0938,4.0,1024,4096,2048,8192,2624,321.247,525.567,507.708,0.9126
mixed,32,3,0.0938,4.0,1024,4096,4096,16384,5248,421.344,813.662,797.92,0.9599
mixed,32,3,0.0938,4.0,1024,8192,128,512,164,381.822,384.256,379.2,-1.0772
mixed,32,3,0.0938,4.0,1024,8192,256,1024,328,380.382,403.136,380.831,0.0197
mixed,32,3,0.0938,4.0,1024,8192,512,2048,656,388.224,446.43,384.447,-0.0649
mixed,32,3,0.0938,4.0,1024,8192,1024,4096,1312,414.462,523.39,410.719,-0.0344
mixed,32,3,0.0938,4.0,1024,8192,2048,8192,2624,467.649,666.881,657.086,0.9508
mixed,32,3,0.0938,4.0,1024,8192,4096,16384,5248,564.543,960.256,946.877,0.9662
mixed,32,3,0.0938,4.0,2048,0,128,512,164,165.376,177.92,163.617,-0.1402
mixed,32,3,0.0938,4.0,2048,0,256,1024,328,170.88,198.75,180.928,0.3605
mixed,32,3,0.0938,4.0,2048,0,512,2048,656,184.288,239.166,216.609,0.589
mixed,32,3,0.0938,4.0,2048,0,1024,4096,1312,208.511,313.919,291.68,0.789
mixed,32,3,0.0938,4.0,2048,0,2048,8192,2624,257.44,461.599,439.263,0.8906
mixed,32,3,0.0938,4.0,2048,0,4096,16384,5248,353.376,747.935,730.4,0.9556
mixed,32,3,0.0938,4.0,2048,512,128,512,164,199.103,209.76,197.056,-0.1921
mixed,32,3,0.0938,4.0,2048,512,256,1024,328,202.816,230.72,201.311,-0.0539
mixed,32,3,0.0938,4.0,2048,512,512,2048,656,215.454,270.528,235.839,0.3701
mixed,32,3,0.0938,4.0,2048,512,1024,4096,1312,240.51,347.808,312.863,0.6743
mixed,32,3,0.0938,4.0,2048,512,2048,8192,2624,292.48,492.926,460.511,0.8383
mixed,32,3,0.0938,4.0,2048,512,4096,16384,5248,389.473,785.056,751.165,0.9143
mixed,32,3,0.0938,4.0,2048,1024,128,512,164,236.672,246.4,232.543,-0.4244
mixed,32,3,0.0938,4.0,2048,1024,256,1024,328,238.721,267.071,237.566,-0.0407
mixed,32,3,0.0938,4.0,2048,1024,512,2048,656,252.576,306.943,254.687,0.0388
mixed,32,3,0.0938,4.0,2048,1024,1024,4096,1312,277.726,385.117,333.44,0.5188
mixed,32,3,0.0938,4.0,2048,1024,2048,8192,2624,329.919,533.826,479.455,0.7334
mixed,32,3,0.0938,4.0,2048,1024,4096,16384,5248,427.103,818.718,770.527,0.8769
mixed,32,3,0.0938,4.0,2048,2048,128,512,164,309.536,322.529,307.327,-0.17
mixed,32,3,0.0938,4.0,2048,2048,256,1024,328,314.688,342.463,313.439,-0.045
mixed,32,3,0.0938,4.0,2048,2048,512,2048,656,329.312,384.576,324.447,-0.088
mixed,32,3,0.0938,4.0,2048,2048,1024,4096,1312,354.335,459.552,372.352,0.1712
mixed,32,3,0.0938,4.0,2048,2048,2048,8192,2624,405.377,606.366,519.392,0.5673
mixed,32,3,0.0938,4.0,2048,2048,4096,16384,5248,499.71,893.885,808.736,0.784
mixed,32,3,0.0938,4.0,2048,4096,128,512,164,444.831,472.001,446.271,0.053
mixed,32,3,0.0938,4.0,2048,4096,256,1024,328,459.776,490.113,461.438,0.0548
mixed,32,3,0.0938,4.0,2048,4096,512,2048,656,478.816,528.96,471.997,-0.136
mixed,32,3,0.0938,4.0,2048,4096,1024,4096,1312,501.794,603.263,492.8,-0.0886
mixed,32,3,0.0938,4.0,2048,4096,2048,8192,2624,549.921,752.317,596.159,0.2285
mixed,32,3,0.0938,4.0,2048,4096,4096,16384,5248,646.621,1040.641,885.695,0.6068
mixed,32,3,0.0938,4.0,2048,8192,128,512,164,733.953,735.584,735.389,0.8804
mixed,32,3,0.0938,4.0,2048,8192,256,1024,328,735.488,774.816,735.263,-0.0057
mixed,32,3,0.0938,4.0,2048,8192,512,2048,656,734.686,814.685,738.559,0.0484
mixed,32,3,0.0938,4.0,2048,8192,1024,4096,1312,786.048,889.725,778.368,-0.0741
mixed,32,3,0.0938,4.0,2048,8192,2048,8192,2624,839.391,1033.437,817.665,-0.112
mixed,32,3,0.0938,4.0,2048,8192,4096,16384,5248,930.112,1326.718,1031.582,0.2558
pure,32,4,0.125,4.0,0,0,128,512,176,40.609,58.818,50.369,0.536
pure,32,4,0.125,4.0,0,0,256,1024,352,43.776,74.048,65.697,0.7241
pure,32,4,0.125,4.0,0,0,512,2048,704,65.248,103.84,72.607,0.1907
pure,32,4,0.125,4.0,0,0,1024,4096,1408,89.504,148.992,101.76,0.206
pure,32,4,0.125,4.0,0,0,2048,8192,2816,128.418,241.887,143.679,0.1345
pure,32,4,0.125,4.0,0,0,4096,16384,5632,187.327,423.073,212.448,0.1066
mixed,32,4,0.125,4.0,16,0,128,512,176,45.216,61.759,57.472,0.7409
mixed,32,4,0.125,4.0,16,0,256,1024,352,49.821,78.561,59.807,0.3475
mixed,32,4,0.125,4.0,16,0,512,2048,704,66.72,106.56,83.84,0.4297
mixed,32,4,0.125,4.0,16,0,1024,4096,1408,91.52,156.288,107.422,0.2455
mixed,32,4,0.125,4.0,16,0,2048,8192,2816,132.862,246.847,151.966,0.1676
mixed,32,4,0.125,4.0,16,0,4096,16384,5632,191.967,429.344,241.439,0.2084
mixed,32,4,0.125,4.0,16,512,128,512,176,60.353,65.92,58.975,-0.2475
mixed,32,4,0.125,4.0,16,512,256,1024,352,77.088,78.081,65.246,-11.9255
mixed,32,4,0.125,4.0,16,512,512,2048,704,70.083,109.345,85.601,0.3952
mixed,32,4,0.125,4.0,16,512,1024,4096,1408,90.4,156.128,107.105,0.2542
mixed,32,4,0.125,4.0,16,512,2048,8192,2816,131.168,244.066,153.184,0.195
mixed,32,4,0.125,4.0,16,512,4096,16384,5632,194.815,426.495,242.366,0.2052
mixed,32,4,0.125,4.0,16,1024,128,512,176,61.024,82.369,59.966,-0.0496
mixed,32,4,0.125,4.0,16,1024,256,1024,352,77.726,81.697,65.821,-2.998
mixed,32,4,0.125,4.0,16,1024,512,2048,704,92.48,106.719,83.424,-0.636
mixed,32,4,0.125,4.0,16,1024,1024,4096,1408,91.585,157.155,109.696,0.2762
mixed,32,4,0.125,4.0,16,1024,2048,8192,2816,131.039,248.255,154.559,0.2007
mixed,32,4,0.125,4.0,16,1024,4096,16384,5632,196.287,428.64,240.96,0.1923
mixed,32,4,0.125,4.0,16,2048,128,512,176,62.592,85.888,63.359,0.0329
mixed,32,4,0.125,4.0,16,2048,256,1024,352,78.016,107.711,68.32,-0.3265
mixed,32,4,0.125,4.0,16,2048,512,2048,704,90.498,109.76,85.408,-0.2643
mixed,32,4,0.125,4.0,16,2048,1024,4096,1408,128.639,155.264,111.232,-0.6538
mixed,32,4,0.125,4.0,16,2048,2048,8192,2816,133.216,247.871,155.682,0.1959
mixed,32,4,0.125,4.0,16,2048,4096,16384,5632,196.351,427.329,242.754,0.2009
mixed,32,4,0.125,4.0,16,4096,128,512,176,69.727,85.857,67.809,-0.1189
mixed,32,4,0.125,4.0,16,4096,256,1024,352,72.16,108.767,73.152,0.0271
mixed,32,4,0.125,4.0,16,4096,512,2048,704,92.16,154.752,81.857,-0.1646
mixed,32,4,0.125,4.0,16,4096,1024,4096,1408,129.856,161.342,114.338,-0.4929
mixed,32,4,0.125,4.0,16,4096,2048,8192,2816,190.238,247.041,155.168,-0.6174
mixed,32,4,0.125,4.0,16,4096,4096,16384,5632,196.864,432.192,243.36,0.1976
mixed,32,4,0.125,4.0,16,8192,128,512,176,73.505,87.999,74.08,0.0397
mixed,32,4,0.125,4.0,16,8192,256,1024,352,76.705,113.438,76.095,-0.0166
mixed,32,4,0.125,4.0,16,8192,512,2048,704,95.167,154.016,85.249,-0.1685
mixed,32,4,0.125,4.0,16,8192,1024,4096,1408,130.463,239.745,113.698,-0.1534
mixed,32,4,0.125,4.0,16,8192,2048,8192,2816,189.375,251.647,159.68,-0.4769
mixed,32,4,0.125,4.0,16,8192,4096,16384,5632,297.472,431.391,244.641,-0.3945
mixed,32,4,0.125,4.0,32,0,128,512,176,45.921,61.44,56.703,0.6948
mixed,32,4,0.125,4.0,32,0,256,1024,352,49.729,79.679,60.607,0.3632
mixed,32,4,0.125,4.0,32,0,512,2048,704,66.271,105.568,82.976,0.4251
mixed,32,4,0.125,4.0,32,0,1024,4096,1408,93.186,156.032,106.464,0.2113
mixed,32,4,0.125,4.0,32,0,2048,8192,2816,134.4,245.823,152.158,0.1594
mixed,32,4,0.125,4.0,32,0,4096,16384,5632,190.976,429.407,243.649,0.2209
mixed,32,4,0.125,4.0,32,512,128,512,176,59.072,83.04,58.496,-0.024
mixed,32,4,0.125,4.0,32,512,256,1024,352,77.728,79.104,62.72,-10.907
mixed,32,4,0.125,4.0,32,512,512,2048,704,89.472,108.256,85.504,-0.2112
mixed,32,4,0.125,4.0,32,512,1024,4096,1408,91.903,156.191,109.728,0.2773
mixed,32,4,0.125,4.0,32,512,2048,8192,2816,133.568,248.895,153.439,0.1723
mixed,32,4,0.125,4.0,32,512,4096,16384,5632,194.817,430.334,240.385,0.1935
mixed,32,4,0.125,4.0,32,1024,128,512,176,60.351,83.84,60.767,0.0177
mixed,32,4,0.125,4.0,32,1024,256,1024,352,75.649,106.495,65.919,-0.3154
mixed,32,4,0.125,4.0,32,1024,512,2048,704,90.688,106.977,84.673,-0.3693
mixed,32,4,0.125,4.0,32,1024,1024,4096,1408,121.952,158.463,111.904,-0.2752
mixed,32,4,0.125,4.0,32,1024,2048,8192,2816,133.535,249.408,154.496,0.1809
mixed,32,4,0.125,4.0,32,1024,4096,16384,5632,196.351,428.605,241.984,0.1965
mixed,32,4,0.125,4.0,32,2048,128,512,176,64.256,83.424,63.68,-0.0301
mixed,32,4,0.125,4.0,32,2048,256,1024,352,67.68,107.583,68.958,0.032
mixed,32,4,0.125,4.0,32,2048,512,2048,704,90.848,150.177,76.833,-0.2362
mixed,32,4,0.125,4.0,32,2048,1024,4096,1408,127.649,155.584,111.744,-0.5694
mixed,32,4,0.125,4.0,32,2048,2048,8192,2816,186.016,247.263,156.287,-0.4854
mixed,32,4,0.125,4.0,32,2048,4096,16384,5632,192.704,430.045,240.833,0.2028
mixed,32,4,0.125,4.0,32,4096,128,512,176,67.166,86.24,66.56,-0.0318
mixed,32,4,0.125,4.0,32,4096,256,1024,352,72.608,109.793,71.072,-0.0413
mixed,32,4,0.125,4.0,32,4096,512,2048,704,92.289,151.647,79.52,-0.2151
mixed,32,4,0.125,4.0,32,4096,1024,4096,1408,127.906,234.561,114.112,-0.1293
mixed,32,4,0.125,4.0,32,4096,2048,8192,2816,190.143,249.919,153.856,-0.607
mixed,32,4,0.125,4.0,32,4096,4096,16384,5632,279.104,434.111,239.518,-0.2554
mixed,32,4,0.125,4.0,32,8192,128,512,176,74.175,83.296,81.215,0.7718
mixed,32,4,0.125,4.0,32,8192,256,1024,352,74.975,105.92,77.504,0.0817
mixed,32,4,0.125,4.0,32,8192,512,2048,704,86.591,153.567,86.241,-0.0052
mixed,32,4,0.125,4.0,32,8192,1024,4096,1408,126.818,232.48,104.288,-0.2132
mixed,32,4,0.125,4.0,32,8192,2048,8192,2816,186.048,402.655,153.758,-0.1491
mixed,32,4,0.125,4.0,32,8192,4096,16384,5632,297.823,434.079,240.352,-0.4218
mixed,32,4,0.125,4.0,64,0,128,512,176,46.624,77.474,59.614,0.4211
mixed,32,4,0.125,4.0,64,0,256,1024,352,50.402,93.566,60.994,0.2454
mixed,32,4,0.125,4.0,64,0,512,2048,704,81.921,119.871,83.519,0.0421
mixed,32,4,0.125,4.0,64,0,1024,4096,1408,99.679,167.422,106.818,0.1054
mixed,32,4,0.125,4.0,64,0,2048,8192,2816,136.512,256.414,152.575,0.134
mixed,32,4,0.125,4.0,64,0,4096,16384,5632,200.608,435.327,242.976,0.1805
mixed,32,4,0.125,4.0,64,512,128,512,176,64.606,85.087,65.408,0.0392
mixed,32,4,0.125,4.0,64,512,256,1024,352,78.846,104.544,70.912,-0.3087
mixed,32,4,0.125,4.0,64,512,512,2048,704,90.881,140.319,87.585,-0.0667
mixed,32,4,0.125,4.0,64,512,1024,4096,1408,122.399,186.53,109.601,-0.1996
mixed,32,4,0.125,4.0,64,512,2048,8192,2816,160.513,275.265,151.551,-0.0781
mixed,32,4,0.125,4.0,64,512,4096,16384,5632,228.574,460.704,240.191,0.05
mixed,32,4,0.125,4.0,64,1024,128,512,176,69.791,84.768,66.717,-0.2052
mixed,32,4,0.125,4.0,64,1024,256,1024,352,71.425,107.552,73.664,0.062
mixed,32,4,0.125,4.0,64,1024,512,2048,704,92.863,151.104,78.368,-0.2489
mixed,32,4,0.125,4.0,64,1024,1024,4096,1408,125.249,205.888,112.639,-0.1564
mixed,32,4,0.125,4.0,64,1024,2048,8192,2816,180.896,299.807,151.553,-0.2468
mixed,32,4,0.125,4.0,64,1024,4096,16384,5632,243.649,477.152,242.88,-0.0033
mixed,32,4,0.125,4.0,64,2048,128,512,176,70.431,86.686,68.479,-0.1201
mixed,32,4,0.125,4.0,64,2048,256,1024,352,76.543,108.034,74.336,-0.0701
mixed,32,4,0.125,4.0,64,2048,512,2048,704,91.456,154.08,81.183,-0.164
mixed,32,4,0.125,4.0,64,2048,1024,4096,1408,128.288,234.142,114.207,-0.133
mixed,32,4,0.125,4.0,64,2048,2048,8192,2816,182.847,341.47,154.303,-0.1799
mixed,32,4,0.125,4.0,64,2048,4096,16384,5632,284.256,516.96,238.207,-0.1979
mixed,32,4,0.125,4.0,64,4096,128,512,176,80.801,85.088,81.023,0.0518
mixed,32,4,0.125,4.0,64,4096,256,1024,352,85.44,106.782,80.224,-0.2444
mixed,32,4,0.125,4.0,64,4096,512,2048,704,86.495,150.688,86.528,0.0005
mixed,32,4,0.125,4.0,64,4096,1024,4096,1408,127.456,236.416,101.536,-0.2379
mixed,32,4,0.125,4.0,64,4096,2048,8192,2816,187.936,402.496,155.166,-0.1527
mixed,32,4,0.125,4.0,64,4096,4096,16384,5632,279.36,590.175,241.055,-0.1232
mixed,32,4,0.125,4.0,64,8192,128,512,176,92.417,109.441,93.567,0.0676
mixed,32,4,0.125,4.0,64,8192,256,1024,352,92.29,107.135,92.671,0.0257
mixed,32,4,0.125,4.0,64,8192,512,2048,704,100.0,150.271,112.415,0.247
mixed,32,4,0.125,4.0,64,8192,1024,4096,1408,126.497,231.168,113.376,-0.1254
mixed,32,4,0.125,4.0,64,8192,2048,8192,2816,185.375,396.257,143.807,-0.1971
mixed,32,4,0.125,4.0,64,8192,4096,16384,5632,295.519,719.776,236.799,-0.1384
mixed,32,4,0.125,4.0,128,0,128,512,176,47.233,77.502,58.208,0.3626
mixed,32,4,0.125,4.0,128,0,256,1024,352,51.584,93.343,64.417,0.3073
mixed,32,4,0.125,4.0,128,0,512,2048,704,82.464,122.112,84.48,0.0508
mixed,32,4,0.125,4.0,128,0,1024,4096,1408,104.513,170.078,107.582,0.0468
mixed,32,4,0.125,4.0,128,0,2048,8192,2816,144.032,261.151,153.598,0.0817
mixed,32,4,0.125,4.0,128,0,4096,16384,5632,202.271,444.0,245.504,0.1788
mixed,32,4,0.125,4.0,128,512,128,512,176,71.775,87.968,70.464,-0.081
mixed,32,4,0.125,4.0,128,512,256,1024,352,74.273,105.024,74.687,0.0135
mixed,32,4,0.125,4.0,128,512,512,2048,704,93.152,141.313,75.359,-0.3694
mixed,32,4,0.125,4.0,128,512,1024,4096,1408,122.046,189.505,111.07,-0.1627
mixed,32,4,0.125,4.0,128,512,2048,8192,2816,163.136,278.237,152.798,-0.0898
mixed,32,4,0.125,4.0,128,512,4096,16384,5632,225.407,455.966,244.159,0.0813
mixed,32,4,0.125,4.0,128,1024,128,512,176,73.314,93.697,73.216,-0.0048
mixed,32,4,0.125,4.0,128,1024,256,1024,352,74.591,109.343,76.16,0.0451
mixed,32,4,0.125,4.0,128,1024,512,2048,704,93.472,148.96,80.51,-0.2336
mixed,32,4,0.125,4.0,128,1024,1024,4096,1408,125.598,203.009,112.768,-0.1657
mixed,32,4,0.125,4.0,128,1024,2048,8192,2816,178.336,298.56,153.566,-0.206
mixed,32,4,0.125,4.0,128,1024,4096,16384,5632,241.536,472.83,239.073,-0.0106
mixed,32,4,0.125,4.0,128,2048,128,512,176,82.112,84.445,83.392,0.5486
mixed,32,4,0.125,4.0,128,2048,256,1024,352,87.522,109.825,89.536,0.0903
mixed,32,4,0.125,4.0,128,2048,512,2048,704,89.633,151.652,88.927,-0.0114
mixed,32,4,0.125,4.0,128,2048,1024,4096,1408,128.031,233.215,103.999,-0.2285
mixed,32,4,0.125,4.0,128,2048,2048,8192,2816,178.72,333.087,159.04,-0.1275
mixed,32,4,0.125,4.0,128,2048,4096,16384,5632,273.855,507.87,237.984,-0.1533
mixed,32,4,0.125,4.0,128,4096,128,512,176,92.288,111.008,91.71,-0.0309
mixed,32,4,0.125,4.0,128,4096,256,1024,352,96.542,104.865,94.176,-0.2843
mixed,32,4,0.125,4.0,128,4096,512,2048,704,121.887,154.082,114.434,-0.2315
mixed,32,4,0.125,4.0,128,4096,1024,4096,1408,127.614,232.288,116.959,-0.1018
mixed,32,4,0.125,4.0,128,4096,2048,8192,2816,187.424,396.287,143.904,-0.2084
mixed,32,4,0.125,4.0,128,4096,4096,16384,5632,275.36,584.093,241.12,-0.1109
mixed,32,4,0.125,4.0,128,8192,128,512,176,116.095,115.84,116.575,
mixed,32,4,0.125,4.0,128,8192,256,1024,352,116.992,152.032,116.705,-0.0082
mixed,32,4,0.125,4.0,128,8192,512,2048,704,123.36,143.328,124.896,0.0769
mixed,32,4,0.125,4.0,128,8192,1024,4096,1408,181.728,232.672,152.382,-0.576
mixed,32,4,0.125,4.0,128,8192,2048,8192,2816,188.961,393.312,222.272,0.163
mixed,32,4,0.125,4.0,128,8192,4096,16384,5632,293.504,715.39,224.48,-0.1636
mixed,32,4,0.125,4.0,256,0,128,512,176,49.376,84.546,62.176,0.3639
mixed,32,4,0.125,4.0,256,0,256,1024,352,53.31,97.12,64.257,0.2499
mixed,32,4,0.125,4.0,256,0,512,2048,704,86.208,124.064,86.24,0.0008
mixed,32,4,0.125,4.0,256,0,1024,4096,1408,106.463,173.919,105.983,-0.0071
mixed,32,4,0.125,4.0,256,0,2048,8192,2816,146.624,263.168,155.424,0.0755
mixed,32,4,0.125,4.0,256,0,4096,16384,5632,207.296,447.199,242.688,0.1475
mixed,32,4,0.125,4.0,256,512,128,512,176,77.889,81.344,85.762,2.2787
mixed,32,4,0.125,4.0,256,512,256,1024,352,79.135,106.271,94.559,0.5684
mixed,32,4,0.125,4.0,256,512,512,2048,704,98.398,137.76,79.904,-0.4698
mixed,32,4,0.125,4.0,256,512,1024,4096,1408,121.568,184.959,111.582,-0.1575
mixed,32,4,0.125,4.0,256,512,2048,8192,2816,160.163,278.302,148.991,-0.0946
mixed,32,4,0.125,4.0,256,512,4096,16384,5632,223.776,455.84,234.366,0.0456
mixed,32,4,0.125,4.0,256,1024,128,512,176,89.664,87.584,90.465,
mixed,32,4,0.125,4.0,256,1024,256,1024,352,87.616,116.352,92.287,0.1625
mixed,32,4,0.125,4.0,256,1024,512,2048,704,87.551,148.033,114.624,0.4476
mixed,32,4,0.125,4.0,256,1024,1024,4096,1408,123.712,199.135,100.96,-0.3017
mixed,32,4,0.125,4.0,256,1024,2048,8192,2816,174.656,295.424,152.864,-0.1804
mixed,32,4,0.125,4.0,256,1024,4096,16384,5632,236.32,475.839,232.48,-0.016
mixed,32,4,0.125,4.0,256,2048,128,512,176,92.032,117.279,91.263,-0.0305
mixed,32,4,0.125,4.0,256,2048,256,1024,352,96.416,104.639,105.761,1.1364
mixed,32,4,0.125,4.0,256,2048,512,2048,704,126.721,157.055,114.047,-0.4178
mixed,32,4,0.125,4.0,256,2048,1024,4096,1408,122.913,227.52,156.736,0.3233
mixed,32,4,0.125,4.0,256,2048,2048,8192,2816,183.424,327.871,142.783,-0.2814
mixed,32,4,0.125,4.0,256,2048,4096,16384,5632,272.959,505.855,234.015,-0.1672
mixed,32,4,0.125,4.0,256,4096,128,512,176,125.376,120.384,125.406,
mixed,32,4,0.125,4.0,256,4096,256,1024,352,130.689,154.59,120.35,-0.4326
mixed,32,4,0.125,4.0,256,4096,512,2048,704,125.888,144.448,132.991,0.3827
mixed,32,4,0.125,4.0,256,4096,1024,4096,1408,183.456,237.343,166.047,-0.3231
mixed,32,4,0.125,4.0,256,4096,2048,8192,2816,190.368,390.429,235.008,0.2231
mixed,32,4,0.125,4.0,256,4096,4096,16384,5632,292.543,573.279,219.551,-0.26
mixed,32,4,0.125,4.0,256,8192,128,512,176,164.255,178.593,163.264,-0.0691
mixed,32,4,0.125,4.0,256,8192,256,1024,352,168.865,172.188,169.12,0.0767
mixed,32,4,0.125,4.0,256,8192,512,2048,704,184.384,233.792,171.936,-0.2519
mixed,32,4,0.125,4.0,256,8192,1024,4096,1408,184.352,222.816,192.64,0.2155
mixed,32,4,0.125,4.0,256,8192,2048,8192,2816,292.032,396.223,261.249,-0.2954
mixed,32,4,0.125,4.0,256,8192,4096,16384,5632,299.903,705.438,392.992,0.2295
mixed,32,4,0.125,4.0,512,0,128,512,176,62.271,79.839,80.512,1.0383
mixed,32,4,0.125,4.0,512,0,256,1024,352,61.058,110.303,86.399,0.5146
mixed,32,4,0.125,4.0,512,0,512,2048,704,85.89,138.305,102.016,0.3077
mixed,32,4,0.125,4.0,512,0,1024,4096,1408,121.503,189.599,143.487,0.3228
mixed,32,4,0.125,4.0,512,0,2048,8192,2816,159.778,281.824,229.6,0.5721
mixed,32,4,0.125,4.0,512,0,4096,16384,5632,224.318,461.596,394.944,0.7191
mixed,32,4,0.125,4.0,512,512,128,512,176,106.462,120.351,115.616,0.6591
mixed,32,4,0.125,4.0,512,512,256,1024,352,110.72,102.368,114.783,
mixed,32,4,0.125,4.0,512,512,512,2048,704,94.431,151.71,116.384,0.3833
mixed,32,4,0.125,4.0,512,512,1024,4096,1408,130.496,200.577,140.895,0.1484
mixed,32,4,0.125,4.0,512,512,2048,8192,2816,171.296,292.64,223.071,0.4267
mixed,32,4,0.125,4.0,512,512,4096,16384,5632,238.88,472.383,386.752,0.6333
mixed,32,4,0.125,4.0,512,1024,128,512,176,115.775,130.144,125.122,0.6505
mixed,32,4,0.125,4.0,512,1024,256,1024,352,121.151,113.503,142.88,
mixed,32,4,0.125,4.0,512,1024,512,2048,704,134.626,158.687,144.032,0.3909
mixed,32,4,0.125,4.0,512,1024,1024,4096,1408,119.265,212.896,157.248,0.4057
mixed,32,4,0.125,4.0,512,1024,2048,8192,2816,185.312,308.576,220.669,0.2868
mixed,32,4,0.125,4.0,512,1024,4096,16384,5632,253.792,487.358,381.183,0.5454
mixed,32,4,0.125,4.0,512,2048,128,512,176,134.88,149.409,135.137,0.0177
mixed,32,4,0.125,4.0,512,2048,256,1024,352,142.4,172.735,162.977,0.6783
mixed,32,4,0.125,4.0,512,2048,512,2048,704,156.834,155.008,163.041,
mixed,32,4,0.125,4.0,512,2048,1024,4096,1408,189.537,238.59,206.495,0.3457
mixed,32,4,0.125,4.0,512,2048,2048,8192,2816,174.975,344.543,236.096,0.3605
mixed,32,4,0.125,4.0,512,2048,4096,16384,5632,284.639,518.688,379.229,0.4041
mixed,32,4,0.125,4.0,512,4096,128,512,176,174.847,189.473,174.496,-0.024
mixed,32,4,0.125,4.0,512,4096,256,1024,352,179.456,209.313,179.486,0.001
mixed,32,4,0.125,4.0,512,4096,512,2048,704,196.096,253.983,241.76,0.7888
mixed,32,4,0.125,4.0,512,4096,1024,4096,1408,226.72,231.871,244.48,3.4479
mixed,32,4,0.125,4.0,512,4096,2048,8192,2816,282.753,402.493,326.146,0.3624
mixed,32,4,0.125,4.0,512,4096,4096,16384,5632,300.833,582.975,394.592,0.3323
mixed,32,4,0.125,4.0,512,8192,128,512,176,250.274,266.623,251.232,0.0586
mixed,32,4,0.125,4.0,512,8192,256,1024,352,256.256,290.049,255.267,-0.0293
mixed,32,4,0.125,4.0,512,8192,512,2048,704,272.0,331.902,267.616,-0.0732
mixed,32,4,0.125,4.0,512,8192,1024,4096,1408,306.783,408.927,400.733,0.9198
mixed,32,4,0.125,4.0,512,8192,2048,8192,2816,361.599,397.76,406.047,1.2292
mixed,32,4,0.125,4.0,512,8192,4096,16384,5632,469.472,713.598,559.198,0.3675
mixed,32,4,0.125,4.0,1024,0,128,512,176,83.008,95.489,82.944,-0.0051
mixed,32,4,0.125,4.0,1024,0,256,1024,352,87.2,116.323,100.674,0.4627
mixed,32,4,0.125,4.0,1024,0,512,2048,704,101.311,153.824,136.288,0.6661
mixed,32,4,0.125,4.0,1024,0,1024,4096,1408,130.24,225.79,212.287,0.8587
mixed,32,4,0.125,4.0,1024,0,2048,8192,2816,181.187,373.31,356.767,0.9139
mixed,32,4,0.125,4.0,1024,0,4096,16384,5632,281.344,665.279,646.014,0.9498
mixed,32,4,0.125,4.0,1024,512,128,512,176,101.279,115.04,102.272,0.0722
mixed,32,4,0.125,4.0,1024,512,256,1024,352,107.615,134.048,118.208,0.4007
mixed,32,4,0.125,4.0,1024,512,512,2048,704,119.648,172.193,154.369,0.6608
mixed,32,4,0.125,4.0,1024,512,1024,4096,1408,148.961,245.374,228.384,0.8238
mixed,32,4,0.125,4.0,1024,512,2048,8192,2816,200.703,393.502,375.711,0.9077
mixed,32,4,0.125,4.0,1024,512,4096,16384,5632,303.265,685.248,666.207,0.9502
mixed,32,4,0.125,4.0,1024,1024,128,512,176,119.07,132.416,119.229,0.0119
mixed,32,4,0.125,4.0,1024,1024,256,1024,352,124.64,153.151,136.48,0.4153
mixed,32,4,0.125,4.0,1024,1024,512,2048,704,138.047,190.655,172.545,0.6558
mixed,32,4,0.125,4.0,1024,1024,1024,4096,1408,166.271,266.91,249.28,0.8248
mixed,32,4,0.125,4.0,1024,1024,2048,8192,2816,219.647,413.953,396.767,0.9116
mixed,32,4,0.125,4.0,1024,1024,4096,16384,5632,323.614,704.671,685.408,0.9494
mixed,32,4,0.125,4.0,1024,2048,128,512,176,155.584,164.064,155.456,-0.0151
mixed,32,4,0.125,4.0,1024,2048,256,1024,352,156.224,188.064,161.312,0.1598
mixed,32,4,0.125,4.0,1024,2048,512,2048,704,174.209,226.814,211.712,0.7129
mixed,32,4,0.125,4.0,1024,2048,1024,4096,1408,202.209,303.933,287.326,0.8367
mixed,32,4,0.125,4.0,1024,2048,2048,8192,2816,256.479,452.642,433.248,0.9011
mixed,32,4,0.125,4.0,1024,2048,4096,16384,5632,362.079,742.43,727.359,0.9604
mixed,32,4,0.125,4.0,1024,4096,128,512,176,227.518,235.58,226.944,-0.0712
mixed,32,4,0.125,4.0,1024,4096,256,1024,352,227.328,255.776,227.904,0.0202
mixed,32,4,0.125,4.0,1024,4096,512,2048,704,242.079,297.215,240.67,-0.0256
mixed,32,4,0.125,4.0,1024,4096,1024,4096,1408,273.985,376.926,362.591,0.8607
mixed,32,4,0.125,4.0,1024,4096,2048,8192,2816,328.897,524.671,510.783,0.9291
mixed,32,4,0.125,4.0,1024,4096,4096,16384,5632,433.92,812.575,796.321,0.9571
mixed,32,4,0.125,4.0,1024,8192,128,512,176,380.542,383.936,379.838,-0.2074
mixed,32,4,0.125,4.0,1024,8192,256,1024,352,380.48,404.256,380.957,0.0201
mixed,32,4,0.125,4.0,1024,8192,512,2048,704,390.559,445.857,385.152,-0.0978
mixed,32,4,0.125,4.0,1024,8192,1024,4096,1408,422.43,522.176,411.616,-0.1084
mixed,32,4,0.125,4.0,1024,8192,2048,8192,2816,476.637,666.719,657.885,0.9535
mixed,32,4,0.125,4.0,1024,8192,4096,16384,5632,575.74,965.722,947.489,0.9532
mixed,32,4,0.125,4.0,2048,0,128,512,176,165.888,180.19,164.703,-0.0829
mixed,32,4,0.125,4.0,2048,0,256,1024,352,170.367,196.99,180.767,0.3906
mixed,32,4,0.125,4.0,2048,0,512,2048,704,184.639,236.222,217.695,0.6408
mixed,32,4,0.125,4.0,2048,0,1024,4096,1408,213.056,313.823,292.961,0.793
mixed,32,4,0.125,4.0,2048,0,2048,8192,2816,265.217,458.496,441.728,0.9132
mixed,32,4,0.125,4.0,2048,0,4096,16384,5632,368.415,750.748,730.975,0.9483
mixed,32,4,0.125,4.0,2048,512,128,512,176,199.55,210.783,196.865,-0.239
mixed,32,4,0.125,4.0,2048,512,256,1024,352,203.393,229.472,201.056,-0.0896
mixed,32,4,0.125,4.0,2048,512,512,2048,704,216.737,269.919,236.766,0.3766
mixed,32,4,0.125,4.0,2048,512,1024,4096,1408,247.135,347.201,311.84,0.6466
mixed,32,4,0.125,4.0,2048,512,2048,8192,2816,302.718,492.768,463.198,0.8444
mixed,32,4,0.125,4.0,2048,512,4096,16384,5632,405.598,781.98,752.159,0.9208
mixed,32,4,0.125,4.0,2048,1024,128,512,176,234.784,245.536,233.726,-0.0984
mixed,32,4,0.125,4.0,2048,1024,256,1024,352,239.488,267.2,236.894,-0.0936
mixed,32,4,0.125,4.0,2048,1024,512,2048,704,253.92,308.801,256.129,0.0403
mixed,32,4,0.125,4.0,2048,1024,1024,4096,1408,283.905,385.952,332.255,0.4738
mixed,32,4,0.125,4.0,2048,1024,2048,8192,2816,340.257,532.255,479.551,0.7255
mixed,32,4,0.125,4.0,2048,1024,4096,16384,5632,439.454,819.871,770.784,0.871
mixed,32,4,0.125,4.0,2048,2048,128,512,176,309.728,321.569,308.415,-0.1109
mixed,32,4,0.125,4.0,2048,2048,256,1024,352,315.453,342.591,312.703,-0.1013
mixed,32,4,0.125,4.0,2048,2048,512,2048,704,330.079,382.879,323.775,-0.1194
mixed,32,4,0.125,4.0,2048,2048,1024,4096,1408,358.047,459.776,372.543,0.1425
mixed,32,4,0.125,4.0,2048,2048,2048,8192,2816,412.83,604.798,520.383,0.5603
mixed,32,4,0.125,4.0,2048,2048,4096,16384,5632,516.223,893.057,811.776,0.7843
mixed,32,4,0.125,4.0,2048,4096,128,512,176,445.343,471.584,445.984,0.0244
mixed,32,4,0.125,4.0,2048,4096,256,1024,352,461.6,490.654,461.568,-0.0011
mixed,32,4,0.125,4.0,2048,4096,512,2048,704,477.439,531.202,473.31,-0.0768
mixed,32,4,0.125,4.0,2048,4096,1024,4096,1408,506.047,605.376,493.857,-0.1227
mixed,32,4,0.125,4.0,2048,4096,2048,8192,2816,559.713,753.597,596.827,0.1914
mixed,32,4,0.125,4.0,2048,4096,4096,16384,5632,660.413,1040.863,886.974,0.5955
mixed,32,4,0.125,4.0,2048,8192,128,512,176,735.774,735.041,735.647,
mixed,32,4,0.125,4.0,2048,8192,256,1024,352,735.169,775.005,734.109,-0.0266
mixed,32,4,0.125,4.0,2048,8192,512,2048,704,734.912,816.351,740.769,0.0719
mixed,32,4,0.125,4.0,2048,8192,1024,4096,1408,789.246,888.35,780.67,-0.0865
mixed,32,4,0.125,4.0,2048,8192,2048,8192,2816,845.567,1038.526,815.87,-0.1539
mixed,32,4,0.125,4.0,2048,8192,4096,16384,5632,942.943,1324.317,1030.24,0.2289
pure,32,8,0.25,4.0,0,0,128,512,224,40.511,57.183,51.649,0.6681
pure,32,8,0.25,4.0,0,0,256,1024,448,48.897,74.689,57.023,0.3151
pure,32,8,0.25,4.0,0,0,512,2048,896,70.114,100.898,72.193,0.0675
pure,32,8,0.25,4.0,0,0,1024,4096,1792,95.872,150.751,103.967,0.1475
pure,32,8,0.25,4.0,0,0,2048,8192,3584,138.815,242.495,149.087,0.0991
pure,32,8,0.25,4.0,0,0,4096,16384,7168,215.775,423.167,231.103,0.0739
mixed,32,8,0.25,4.0,16,0,128,512,224,46.624,61.823,56.254,0.6336
mixed,32,8,0.25,4.0,16,0,256,1024,448,54.239,78.944,61.183,0.2811
mixed,32,8,0.25,4.0,16,0,512,2048,896,72.129,106.944,75.201,0.0882
mixed,32,8,0.25,4.0,16,0,1024,4096,1792,98.911,155.298,101.439,0.0448
mixed,32,8,0.25,4.0,16,0,2048,8192,3584,143.805,245.952,162.494,0.183
mixed,32,8,0.25,4.0,16,0,4096,16384,7168,222.784,428.511,250.72,0.1358
mixed,32,8,0.25,4.0,16,512,128,512,224,60.927,64.575,60.384,-0.1488
mixed,32,8,0.25,4.0,16,512,256,1024,448,66.943,79.168,67.071,0.0105
mixed,32,8,0.25,4.0,16,512,512,2048,896,76.702,106.69,76.194,-0.0169
mixed,32,8,0.25,4.0,16,512,1024,4096,1792,98.817,154.432,102.784,0.0713
mixed,32,8,0.25,4.0,16,512,2048,8192,3584,143.231,244.769,164.673,0.2112
mixed,32,8,0.25,4.0,16,512,4096,16384,7168,222.913,430.078,252.064,0.1407
mixed,32,8,0.25,4.0,16,1024,128,512,224,62.015,82.4,64.003,0.0975
mixed,32,8,0.25,4.0,16,1024,256,1024,448,77.887,80.864,70.015,-2.6443
mixed,32,8,0.25,4.0,16,1024,512,2048,896,81.759,107.967,78.145,-0.1379
mixed,32,8,0.25,4.0,16,1024,1024,4096,1792,103.936,155.84,102.112,-0.0351
mixed,32,8,0.25,4.0,16,1024,2048,8192,3584,143.392,245.184,162.942,0.1921
mixed,32,8,0.25,4.0,16,1024,4096,16384,7168,226.655,431.391,252.927,0.1283
mixed,32,8,0.25,4.0,16,2048,128,512,224,63.743,84.801,65.311,0.0745
mixed,32,8,0.25,4.0,16,2048,256,1024,448,80.256,106.752,67.872,-0.4674
mixed,32,8,0.25,4.0,16,2048,512,2048,896,100.256,111.648,80.927,-1.6967
mixed,32,8,0.25,4.0,16,2048,1024,4096,1792,110.815,156.257,104.8,-0.1324
mixed,32,8,0.25,4.0,16,2048,2048,8192,3584,146.656,247.136,163.008,0.1627
mixed,32,8,0.25,4.0,16,2048,4096,16384,7168,223.968,428.159,252.447,0.1395
mixed,32,8,0.25,4.0,16,4096,128,512,224,67.488,85.952,69.439,0.1057
mixed,32,8,0.25,4.0,16,4096,256,1024,448,82.047,109.312,74.881,-0.2628
mixed,32,8,0.25,4.0,16,4096,512,2048,896,104.065,155.104,82.975,-0.4132
mixed,32,8,0.25,4.0,16,4096,1024,4096,1792,145.248,158.527,108.896,-2.7376
mixed,32,8,0.25,4.0,16,4096,2048,8192,3584,156.64,250.688,148.927,-0.082
mixed,32,8,0.25,4.0,16,4096,4096,16384,7168,228.511,426.176,254.784,0.1329
mixed,32,8,0.25,4.0,16,8192,128,512,224,74.368,87.2,74.145,-0.0174
mixed,32,8,0.25,4.0,16,8192,256,1024,448,76.381,112.255,78.08,0.0474
mixed,32,8,0.25,4.0,16,8192,512,2048,896,106.464,154.752,90.11,-0.3387
mixed,32,8,0.25,4.0,16,8192,1024,4096,1792,143.199,238.687,115.967,-0.2852
mixed,32,8,0.25,4.0,16,8192,2048,8192,3584,217.12,252.544,153.919,-1.7841
mixed,32,8,0.25,4.0,16,8192,4096,16384,7168,343.711,431.294,281.407,-0.7114
mixed,32,8,0.25,4.0,32,0,128,512,224,46.175,62.592,57.953,0.7174
mixed,32,8,0.25,4.0,32,0,256,1024,448,54.304,77.248,61.151,0.2984
mixed,32,8,0.25,4.0,32,0,512,2048,896,71.84,106.654,75.168,0.0956
mixed,32,8,0.25,4.0,32,0,1024,4096,1792,101.183,156.288,102.688,0.0273
mixed,32,8,0.25,4.0,32,0,2048,8192,3584,143.392,245.119,163.84,0.201
mixed,32,8,0.25,4.0,32,0,4096,16384,7168,226.207,429.311,250.208,0.1182
mixed,32,8,0.25,4.0,32,512,128,512,224,60.64,83.104,59.68,-0.0427
mixed,32,8,0.25,4.0,32,512,256,1024,448,79.198,78.914,66.622,
mixed,32,8,0.25,4.0,32,512,512,2048,896,77.312,109.249,76.863,-0.0141
mixed,32,8,0.25,4.0,32,512,1024,4096,1792,100.128,158.401,103.265,0.0538
mixed,32,8,0.25,4.0,32,512,2048,8192,3584,143.744,247.808,166.015,0.214
mixed,32,8,0.25,4.0,32,512,4096,16384,7168,222.208,428.03,254.88,0.1587
mixed,32,8,0.25,4.0,32,1024,128,512,224,61.727,83.615,62.016,0.0132
mixed,32,8,0.25,4.0,32,1024,256,1024,448,79.329,106.08,69.44,-0.3697
mixed,32,8,0.25,4.0,32,1024,512,2048,896,102.399,107.263,78.943,-4.8224
mixed,32,8,0.25,4.0,32,1024,1024,4096,1792,102.976,155.071,101.504,-0.0283
mixed,32,8,0.25,4.0,32,1024,2048,8192,3584,145.151,245.856,163.328,0.1805
mixed,32,8,0.25,4.0,32,1024,4096,16384,7168,224.8,429.631,252.864,0.137
mixed,32,8,0.25,4.0,32,2048,128,512,224,63.424,83.584,64.802,0.0684
mixed,32,8,0.25,4.0,32,2048,256,1024,448,79.647,107.966,74.817,-0.1706
mixed,32,8,0.25,4.0,32,2048,512,2048,896,100.767,153.246,79.393,-0.4073
mixed,32,8,0.25,4.0,32,2048,1024,4096,1792,144.67,155.521,104.992,-3.6566
mixed,32,8,0.25,4.0,32,2048,2048,8192,3584,151.902,250.432,148.097,-0.0386
mixed,32,8,0.25,4.0,32,2048,4096,16384,7168,224.799,428.768,255.39,0.15
mixed,32,8,0.25,4.0,32,4096,128,512,224,67.456,85.759,67.359,-0.0053
mixed,32,8,0.25,4.0,32,4096,256,1024,448,73.088,107.617,71.297,-0.0519
mixed,32,8,0.25,4.0,32,4096,512,2048,896,102.753,151.488,85.79,-0.3481
mixed,32,8,0.25,4.0,32,4096,1024,4096,1792,140.865,236.192,105.088,-0.3753
mixed,32,8,0.25,4.0,32,4096,2048,8192,3584,214.817,249.472,146.976,-1.9576
mixed,32,8,0.25,4.0,32,4096,4096,16384,7168,315.072,432.544,257.184,-0.4928
mixed,32,8,0.25,4.0,32,8192,128,512,224,74.691,81.985,81.76,0.9692
mixed,32,8,0.25,4.0,32,8192,256,1024,448,78.975,105.856,78.209,-0.0285
mixed,32,8,0.25,4.0,32,8192,512,2048,896,104.062,151.937,110.785,0.1404
mixed,32,8,0.25,4.0,32,8192,1024,4096,1792,141.92,233.664,113.983,-0.3045
mixed,32,8,0.25,4.0,32,8192,2048,8192,3584,215.039,402.849,152.8,-0.3314
mixed,32,8,0.25,4.0,32,8192,4096,16384,7168,361.729,432.608,236.381,-1.7685
mixed,32,8,0.25,4.0,64,0,128,512,224,46.592,77.791,58.306,0.3755
mixed,32,8,0.25,4.0,64,0,256,1024,448,54.432,92.608,61.984,0.1978
mixed,32,8,0.25,4.0,64,0,512,2048,896,88.256,118.238,77.439,-0.3608
mixed,32,8,0.25,4.0,64,0,1024,4096,1792,111.582,165.184,103.137,-0.1576
mixed,32,8,0.25,4.0,64,0,2048,8192,3584,154.88,256.319,165.408,0.1038
mixed,32,8,0.25,4.0,64,0,4096,16384,7168,234.399,436.927,255.743,0.1054
mixed,32,8,0.25,4.0,64,512,128,512,224,63.743,85.217,65.76,0.0939
mixed,32,8,0.25,4.0,64,512,256,1024,448,80.575,105.632,72.864,-0.3077
mixed,32,8,0.25,4.0,64,512,512,2048,896,99.489,141.6,77.024,-0.5335
mixed,32,8,0.25,4.0,64,512,1024,4096,1792,135.296,182.785,103.713,-0.6651
mixed,32,8,0.25,4.0,64,512,2048,8192,3584,174.464,282.304,165.12,-0.0866
mixed,32,8,0.25,4.0,64,512,4096,16384,7168,255.264,459.807,257.697,0.0119
mixed,32,8,0.25,4.0,64,1024,128,512,224,68.224,85.439,68.545,0.0186
mixed,32,8,0.25,4.0,64,1024,256,1024,448,81.63,106.272,74.047,-0.3077
mixed,32,8,0.25,4.0,64,1024,512,2048,896,104.544,151.2,78.687,-0.5542
mixed,32,8,0.25,4.0,64,1024,1024,4096,1792,140.642,207.391,103.328,-0.559
mixed,32,8,0.25,4.0,64,1024,2048,8192,3584,193.248,300.704,149.696,-0.4053
mixed,32,8,0.25,4.0,64,1024,4096,16384,7168,280.639,479.425,253.024,-0.1389
mixed,32,8,0.25,4.0,64,2048,128,512,224,69.793,87.134,69.696,-0.0056
mixed,32,8,0.25,4.0,64,2048,256,1024,448,77.023,107.008,83.711,0.223
mixed,32,8,0.25,4.0,64,2048,512,2048,896,101.664,150.081,87.617,-0.2901
mixed,32,8,0.25,4.0,64,2048,1024,4096,1792,141.408,233.473,103.777,-0.4087
mixed,32,8,0.25,4.0,64,2048,2048,8192,3584,213.92,341.855,149.025,-0.5072
mixed,32,8,0.25,4.0,64,2048,4096,16384,7168,311.265,517.056,253.887,-0.2788
mixed,32,8,0.25,4.0,64,4096,128,512,224,80.864,83.168,81.73,0.3759
mixed,32,8,0.25,4.0,64,4096,256,1024,448,80.735,105.952,92.959,0.4848
mixed,32,8,0.25,4.0,64,4096,512,2048,896,100.768,150.527,110.817,0.202
mixed,32,8,0.25,4.0,64,4096,1024,4096,1792,139.713,235.55,115.584,-0.2518
mixed,32,8,0.25,4.0,64,4096,2048,8192,3584,212.512,402.207,150.817,-0.3252
mixed,32,8,0.25,4.0,64,4096,4096,16384,7168,360.064,584.032,234.943,-0.5587
mixed,32,8,0.25,4.0,64,8192,128,512,224,92.096,108.128,92.16,0.004
mixed,32,8,0.25,4.0,64,8192,256,1024,448,98.624,107.169,92.255,-0.7453
mixed,32,8,0.25,4.0,64,8192,512,2048,896,104.353,150.272,111.425,0.154
mixed,32,8,0.25,4.0,64,8192,1024,4096,1792,140.255,233.664,153.952,0.1466
mixed,32,8,0.25,4.0,64,8192,2048,8192,3584,212.192,397.534,224.672,0.0673
mixed,32,8,0.25,4.0,64,8192,4096,16384,7168,357.184,722.046,232.769,-0.341
mixed,32,8,0.25,4.0,128,0,128,512,224,47.934,78.561,57.568,0.3146
mixed,32,8,0.25,4.0,128,0,256,1024,448,55.391,93.184,65.279,0.2616
mixed,32,8,0.25,4.0,128,0,512,2048,896,87.52,123.903,77.119,-0.2859
mixed,32,8,0.25,4.0,128,0,1024,4096,1792,113.248,170.145,102.145,-0.1951
mixed,32,8,0.25,4.0,128,0,2048,8192,3584,156.098,259.04,172.958,0.1638
mixed,32,8,0.25,4.0,128,0,4096,16384,7168,236.255,439.809,264.576,0.1391
mixed,32,8,0.25,4.0,128,512,128,512,224,71.295,87.904,69.953,-0.0808
mixed,32,8,0.25,4.0,128,512,256,1024,448,84.416,104.48,74.624,-0.488
mixed,32,8,0.25,4.0,128,512,512,2048,896,100.094,143.872,77.6,-0.5138
mixed,32,8,0.25,4.0,128,512,1024,4096,1792,135.134,188.64,102.879,-0.6028
mixed,32,8,0.25,4.0,128,512,2048,8192,3584,178.175,280.544,149.824,-0.2769
mixed,32,8,0.25,4.0,128,512,4096,16384,7168,254.527,454.145,287.646,0.1659
mixed,32,8,0.25,4.0,128,1024,128,512,224,73.824,93.729,71.103,-0.1367
mixed,32,8,0.25,4.0,128,1024,256,1024,448,76.897,109.92,92.481,0.4719
mixed,32,8,0.25,4.0,128,1024,512,2048,896,103.965,150.464,82.817,-0.4548
mixed,32,8,0.25,4.0,128,1024,1024,4096,1792,138.08,205.375,104.961,-0.4921
mixed,32,8,0.25,4.0,128,1024,2048,8192,3584,191.36,295.872,148.671,-0.4085
mixed,32,8,0.25,4.0,128,1024,4096,16384,7168,277.023,471.998,290.592,0.0696
mixed,32,8,0.25,4.0,128,2048,128,512,224,83.073,84.961,83.04,-0.0175
mixed,32,8,0.25,4.0,128,2048,256,1024,448,82.785,112.544,91.424,0.2903
mixed,32,8,0.25,4.0,128,2048,512,2048,896,102.72,151.968,113.954,0.2281
mixed,32,8,0.25,4.0,128,2048,1024,4096,1792,142.08,232.385,112.577,-0.3267
mixed,32,8,0.25,4.0,128,2048,2048,8192,3584,210.849,332.032,149.853,-0.5033
mixed,32,8,0.25,4.0,128,2048,4096,16384,7168,309.153,507.87,232.8,-0.3842
mixed,32,8,0.25,4.0,128,4096,128,512,224,93.346,111.936,91.134,-0.119
mixed,32,8,0.25,4.0,128,4096,256,1024,448,100.384,107.007,96.001,-0.6618
mixed,32,8,0.25,4.0,128,4096,512,2048,896,104.932,152.161,112.8,0.1666
mixed,32,8,0.25,4.0,128,4096,1024,4096,1792,141.792,232.416,156.896,0.1667
mixed,32,8,0.25,4.0,128,4096,2048,8192,3584,211.968,395.073,221.119,0.05
mixed,32,8,0.25,4.0,128,4096,4096,16384,7168,354.399,580.223,230.048,-0.5507
mixed,32,8,0.25,4.0,128,8192,128,512,224,115.84,116.16,116.737,2.8031
mixed,32,8,0.25,4.0,128,8192,256,1024,448,116.511,151.871,116.319,-0.0054
mixed,32,8,0.25,4.0,128,8192,512,2048,896,141.409,143.008,125.6,-9.8868
mixed,32,8,0.25,4.0,128,8192,1024,4096,1792,144.895,231.872,154.048,0.1052
mixed,32,8,0.25,4.0,128,8192,2048,8192,3584,211.008,395.679,233.664,0.1227
mixed,32,8,0.25,4.0,128,8192,4096,16384,7168,352.734,713.951,384.672,0.0884
mixed,32,8,0.25,4.0,256,0,128,512,224,49.248,83.742,62.624,0.3878
mixed,32,8,0.25,4.0,256,0,256,1024,448,56.129,96.671,65.663,0.2352
mixed,32,8,0.25,4.0,256,0,512,2048,896,91.136,125.538,92.991,0.0539
mixed,32,8,0.25,4.0,256,0,1024,4096,1792,115.456,173.342,121.216,0.0995
mixed,32,8,0.25,4.0,256,0,2048,8192,3584,161.598,264.16,163.231,0.0159
mixed,32,8,0.25,4.0,256,0,4096,16384,7168,244.545,448.927,248.224,0.018
mixed,32,8,0.25,4.0,256,512,128,512,224,78.017,81.887,84.733,1.7354
mixed,32,8,0.25,4.0,256,512,256,1024,448,76.033,106.144,96.768,0.6886
mixed,32,8,0.25,4.0,256,512,512,2048,896,101.695,139.008,81.793,-0.5334
mixed,32,8,0.25,4.0,256,512,1024,4096,1792,131.36,186.399,140.511,0.1663
mixed,32,8,0.25,4.0,256,512,2048,8192,3584,174.975,279.744,186.24,0.1075
mixed,32,8,0.25,4.0,256,512,4096,16384,7168,256.287,461.087,246.11,-0.0497
mixed,32,8,0.25,4.0,256,1024,128,512,224,88.608,85.471,87.296,
mixed,32,8,0.25,4.0,256,1024,256,1024,448,87.967,116.8,93.791,0.202
mixed,32,8,0.25,4.0,256,1024,512,2048,896,107.711,148.225,116.094,0.2069
mixed,32,8,0.25,4.0,256,1024,1024,4096,1792,138.271,200.126,111.519,-0.4325
mixed,32,8,0.25,4.0,256,1024,2048,8192,3584,188.544,294.943,201.282,0.1197
mixed,32,8,0.25,4.0,256,1024,4096,16384,7168,273.441,471.711,281.312,0.0397
mixed,32,8,0.25,4.0,256,2048,128,512,224,92.959,116.16,99.681,0.2897
mixed,32,8,0.25,4.0,256,2048,256,1024,448,105.151,104.735,109.471,
mixed,32,8,0.25,4.0,256,2048,512,2048,896,107.135,157.536,115.777,0.1715
mixed,32,8,0.25,4.0,256,2048,1024,4096,1792,149.631,228.255,157.888,0.105
mixed,32,8,0.25,4.0,256,2048,2048,8192,3584,208.033,329.535,222.336,0.1177
mixed,32,8,0.25,4.0,256,2048,4096,16384,7168,306.625,505.92,321.823,0.0763
mixed,32,8,0.25,4.0,256,4096,128,512,224,125.247,119.713,124.224,
mixed,32,8,0.25,4.0,256,4096,256,1024,448,121.377,154.687,119.391,-0.0596
mixed,32,8,0.25,4.0,256,4096,512,2048,896,144.287,143.361,143.36,
mixed,32,8,0.25,4.0,256,4096,1024,4096,1792,147.199,236.767,157.087,0.1104
mixed,32,8,0.25,4.0,256,4096,2048,8192,3584,217.408,390.11,239.105,0.1256
mixed,32,8,0.25,4.0,256,4096,4096,16384,7168,351.008,569.44,386.049,0.1604
mixed,32,8,0.25,4.0,256,8192,128,512,224,163.902,178.21,164.416,0.0359
mixed,32,8,0.25,4.0,256,8192,256,1024,448,173.47,171.2,181.791,
mixed,32,8,0.25,4.0,256,8192,512,2048,896,171.904,233.855,171.424,-0.0077
mixed,32,8,0.25,4.0,256,8192,1024,4096,1792,213.6,222.143,216.512,0.3409
mixed,32,8,0.25,4.0,256,8192,2048,8192,3584,225.086,396.959,234.944,0.0574
mixed,32,8,0.25,4.0,256,8192,4096,16384,7168,356.512,705.151,400.639,0.1266
mixed,32,8,0.25,4.0,512,0,128,512,224,61.504,80.095,81.536,1.0775
mixed,32,8,0.25,4.0,512,0,256,1024,448,61.184,110.88,86.656,0.5126
mixed,32,8,0.25,4.0,512,0,512,2048,896,104.99,139.616,101.152,-0.1108
mixed,32,8,0.25,4.0,512,0,1024,4096,1792,131.486,189.375,145.441,0.2411
mixed,32,8,0.25,4.0,512,0,2048,8192,3584,178.912,280.414,224.928,0.4534
mixed,32,8,0.25,4.0,512,0,4096,16384,7168,260.863,461.983,382.655,0.6056
mixed,32,8,0.25,4.0,512,512,128,512,224,106.304,120.032,116.03,0.7085
mixed,32,8,0.25,4.0,512,512,256,1024,448,116.0,102.112,119.873,
mixed,32,8,0.25,4.0,512,512,512,2048,896,95.936,151.552,115.936,0.3596
mixed,32,8,0.25,4.0,512,512,1024,4096,1792,144.478,201.728,143.457,-0.0178
mixed,32,8,0.25,4.0,512,512,2048,8192,3584,191.712,297.215,221.696,0.2842
mixed,32,8,0.25,4.0,512,512,4096,16384,7168,273.535,473.951,382.784,0.5451
mixed,32,8,0.25,4.0,512,1024,128,512,224,116.545,129.982,123.809,0.5406
mixed,32,8,0.25,4.0,512,1024,256,1024,448,124.353,113.952,143.647,
mixed,32,8,0.25,4.0,512,1024,512,2048,896,146.369,157.183,149.853,0.3222
mixed,32,8,0.25,4.0,512,1024,1024,4096,1792,131.937,214.015,158.432,0.3228
mixed,32,8,0.25,4.0,512,1024,2048,8192,3584,203.424,308.096,222.752,0.1847
mixed,32,8,0.25,4.0,512,1024,4096,16384,7168,284.959,485.952,381.984,0.4827
mixed,32,8,0.25,4.0,512,2048,128,512,224,137.953,148.926,142.816,0.4432
mixed,32,8,0.25,4.0,512,2048,256,1024,448,144.511,171.36,163.488,0.7068
mixed,32,8,0.25,4.0,512,2048,512,2048,896,165.504,154.401,170.559,
mixed,32,8,0.25,4.0,512,2048,1024,4096,1792,202.977,240.031,214.527,0.3117
mixed,32,8,0.25,4.0,512,2048,2048,8192,3584,218.208,344.672,238.336,0.1592
mixed,32,8,0.25,4.0,512,2048,4096,16384,7168,323.487,520.033,386.334,0.3198
mixed,32,8,0.25,4.0,512,4096,128,512,224,175.233,188.162,181.249,0.4653
mixed,32,8,0.25,4.0,512,4096,256,1024,448,184.158,208.769,201.63,0.7099
mixed,32,8,0.25,4.0,512,4096,512,2048,896,203.648,249.983,243.136,0.8522
mixed,32,8,0.25,4.0,512,4096,1024,4096,1792,242.943,231.774,252.384,
mixed,32,8,0.25,4.0,512,4096,2048,8192,3584,312.096,398.851,333.665,0.2486
mixed,32,8,0.25,4.0,512,4096,4096,16384,7168,360.223,582.367,397.312,0.167
mixed,32,8,0.25,4.0,512,8192,128,512,224,251.647,266.495,251.776,0.0087
mixed,32,8,0.25,4.0,512,8192,256,1024,448,261.569,289.537,267.681,0.2185
mixed,32,8,0.25,4.0,512,8192,512,2048,896,282.847,331.518,322.367,0.812
mixed,32,8,0.25,4.0,512,8192,1024,4096,1792,322.495,411.548,402.656,0.9001
mixed,32,8,0.25,4.0,512,8192,2048,8192,3584,392.383,400.895,410.687,2.1504
mixed,32,8,0.25,4.0,512,8192,4096,16384,7168,528.257,713.6,564.735,0.1968
mixed,32,8,0.25,4.0,1024,0,128,512,224,82.4,96.672,83.455,0.0739
mixed,32,8,0.25,4.0,1024,0,256,1024,448,92.191,116.386,100.704,0.3518
mixed,32,8,0.25,4.0,1024,0,512,2048,896,111.167,153.44,137.344,0.6192
mixed,32,8,0.25,4.0,1024,0,1024,4096,1792,145.443,228.382,212.543,0.809
mixed,32,8,0.25,4.0,1024,0,2048,8192,3584,207.233,375.231,359.008,0.9034
mixed,32,8,0.25,4.0,1024,0,4096,16384,7168,338.718,662.59,647.583,0.9537
mixed,32,8,0.25,4.0,1024,512,128,512,224,101.601,114.367,101.277,-0.0254
mixed,32,8,0.25,4.0,1024,512,256,1024,448,111.233,135.423,118.272,0.291
mixed,32,8,0.25,4.0,1024,512,512,2048,896,129.247,172.285,154.88,0.5956
mixed,32,8,0.25,4.0,1024,512,1024,4096,1792,164.129,246.975,230.398,0.7999
mixed,32,8,0.25,4.0,1024,512,2048,8192,3584,227.327,391.84,377.887,0.9152
mixed,32,8,0.25,4.0,1024,512,4096,16384,7168,357.279,687.775,671.359,0.9503
mixed,32,8,0.25,4.0,1024,1024,128,512,224,119.07,133.28,119.52,0.0317
mixed,32,8,0.25,4.0,1024,1024,256,1024,448,128.032,152.832,138.048,0.4039
mixed,32,8,0.25,4.0,1024,1024,512,2048,896,146.817,189.119,172.702,0.6119
mixed,32,8,0.25,4.0,1024,1024,1024,4096,1792,180.575,264.511,249.632,0.8227
mixed,32,8,0.25,4.0,1024,1024,2048,8192,3584,246.145,414.462,397.535,0.8994
mixed,32,8,0.25,4.0,1024,1024,4096,16384,7168,377.855,702.623,688.126,0.9554
mixed,32,8,0.25,4.0,1024,2048,128,512,224,154.976,163.936,155.455,0.0535
mixed,32,8,0.25,4.0,1024,2048,256,1024,448,159.521,189.343,173.153,0.4571
mixed,32,8,0.25,4.0,1024,2048,512,2048,896,184.128,226.273,210.976,0.637
mixed,32,8,0.25,4.0,1024,2048,1024,4096,1792,216.735,305.056,289.761,0.8268
mixed,32,8,0.25,4.0,1024,2048,2048,8192,3584,285.216,452.031,435.039,0.8981
mixed,32,8,0.25,4.0,1024,2048,4096,16384,7168,414.816,741.153,726.558,0.9553
mixed,32,8,0.25,4.0,1024,4096,128,512,224,227.488,234.785,226.753,-0.1007
mixed,32,8,0.25,4.0,1024,4096,256,1024,448,230.431,255.999,236.447,0.2353
mixed,32,8,0.25,4.0,1024,4096,512,2048,896,252.449,298.942,285.341,0.7075
mixed,32,8,0.25,4.0,1024,4096,1024,4096,1792,289.088,376.159,363.776,0.8578
mixed,32,8,0.25,4.0,1024,4096,2048,8192,3584,355.487,523.517,511.295,0.9273
mixed,32,8,0.25,4.0,1024,4096,4096,16384,7168,486.239,812.735,800.543,0.9627
mixed,32,8,0.25,4.0,1024,8192,128,512,224,380.99,383.742,380.863,-0.0461
mixed,32,8,0.25,4.0,1024,8192,256,1024,448,380.319,404.256,380.703,0.016
mixed,32,8,0.25,4.0,1024,8192,512,2048,896,400.095,446.687,392.287,-0.1676
mixed,32,8,0.25,4.0,1024,8192,1024,4096,1792,435.488,524.287,511.871,0.8602
mixed,32,8,0.25,4.0,1024,8192,2048,8192,3584,502.943,670.046,658.846,0.933
mixed,32,8,0.25,4.0,1024,8192,4096,16384,7168,631.103,960.126,947.901,0.9628
mixed,32,8,0.25,4.0,2048,0,128,512,224,166.207,178.207,174.24,0.6694
mixed,32,8,0.25,4.0,2048,0,256,1024,448,173.921,198.496,190.273,0.6654
mixed,32,8,0.25,4.0,2048,0,512,2048,896,193.374,236.224,227.617,0.7991
mixed,32,8,0.25,4.0,2048,0,1024,4096,1792,227.839,313.119,304.607,0.9002
mixed,32,8,0.25,4.0,2048,0,2048,8192,3584,295.616,458.369,450.72,0.953
mixed,32,8,0.25,4.0,2048,0,4096,16384,7168,424.319,749.117,742.431,0.9794
mixed,32,8,0.25,4.0,2048,512,128,512,224,199.68,209.856,207.039,0.7232
mixed,32,8,0.25,4.0,2048,512,256,1024,448,208.222,230.945,226.048,0.7845
mixed,32,8,0.25,4.0,2048,512,512,2048,896,224.798,270.976,262.784,0.8226
mixed,32,8,0.25,4.0,2048,512,1024,4096,1792,261.024,350.336,341.089,0.8965
mixed,32,8,0.25,4.0,2048,512,2048,8192,3584,328.192,493.6,486.496,0.9571
mixed,32,8,0.25,4.0,2048,512,4096,16384,7168,458.241,783.87,776.638,0.9778
mixed,32,8,0.25,4.0,2048,1024,128,512,224,234.687,245.855,233.728,-0.0859
mixed,32,8,0.25,4.0,2048,1024,256,1024,448,244.48,268.414,263.742,0.8048
mixed,32,8,0.25,4.0,2048,1024,512,2048,896,261.696,309.278,302.751,0.8628
mixed,32,8,0.25,4.0,2048,1024,1024,4096,1792,298.43,383.84,378.941,0.9426
mixed,32,8,0.25,4.0,2048,1024,2048,8192,3584,365.888,530.687,523.264,0.955
mixed,32,8,0.25,4.0,2048,1024,4096,16384,7168,492.958,819.711,813.152,0.9799
mixed,32,8,0.25,4.0,2048,2048,128,512,224,310.527,321.886,307.616,-0.2563
mixed,32,8,0.25,4.0,2048,2048,256,1024,448,318.91,343.999,313.311,-0.2232
mixed,32,8,0.25,4.0,2048,2048,512,2048,896,338.687,382.272,377.378,0.8877
mixed,32,8,0.25,4.0,2048,2048,1024,4096,1792,372.384,460.991,452.351,0.9025
mixed,32,8,0.25,4.0,2048,2048,2048,8192,3584,440.767,606.559,598.974,0.9542
mixed,32,8,0.25,4.0,2048,2048,4096,16384,7168,566.976,895.68,886.782,0.9729
mixed,32,8,0.25,4.0,2048,4096,128,512,224,445.6,472.031,456.864,0.4262
mixed,32,8,0.25,4.0,2048,4096,256,1024,448,467.454,489.472,462.719,-0.2151
mixed,32,8,0.25,4.0,2048,4096,512,2048,896,486.688,528.576,472.959,-0.3278
mixed,32,8,0.25,4.0,2048,4096,1024,4096,1792,519.2,607.07,596.639,0.8813
mixed,32,8,0.25,4.0,2048,4096,2048,8192,3584,583.968,749.663,743.614,0.9635
mixed,32,8,0.25,4.0,2048,4096,4096,16384,7168,713.502,1041.311,1031.548,0.9702
mixed,32,8,0.25,4.0,2048,8192,128,512,224,735.838,735.102,736.64,
mixed,32,8,0.25,4.0,2048,8192,256,1024,448,734.784,776.192,736.99,0.0533
mixed,32,8,0.25,4.0,2048,8192,512,2048,896,767.744,814.463,756.448,-0.2418
mixed,32,8,0.25,4.0,2048,8192,1024,4096,1792,804.127,888.991,779.263,-0.293
mixed,32,8,0.25,4.0,2048,8192,2048,8192,3584,872.988,1033.501,1026.336,0.9554
mixed,32,8,0.25,4.0,2048,8192,4096,16384,7168,997.311,1323.997,1313.952,0.9693
pure,32,16,0.5,4.0,0,0,128,512,320,44.512,57.665,51.586,0.5378
pure,32,16,0.5,4.0,0,0,256,1024,640,60.126,74.753,62.271,0.1466
pure,32,16,0.5,4.0,0,0,512,2048,1280,81.886,103.392,83.326,0.067
pure,32,16,0.5,4.0,0,0,1024,4096,2560,115.008,149.216,114.08,-0.0271
pure,32,16,0.5,4.0,0,0,2048,8192,5120,175.872,242.238,176.702,0.0125
pure,32,16,0.5,4.0,0,0,4096,16384,10240,285.887,422.592,295.134,0.0676
mixed,32,16,0.5,4.0,16,0,128,512,320,49.696,61.28,56.16,0.558
mixed,32,16,0.5,4.0,16,0,256,1024,640,63.807,78.271,63.776,-0.0021
mixed,32,16,0.5,4.0,16,0,512,2048,1280,85.055,107.68,87.648,0.1146
mixed,32,16,0.5,4.0,16,0,1024,4096,2560,120.834,156.0,117.442,-0.0965
mixed,32,16,0.5,4.0,16,0,2048,8192,5120,174.878,243.997,178.72,0.0556
mixed,32,16,0.5,4.0,16,0,4096,16384,10240,291.55,426.079,299.904,0.0621
mixed,32,16,0.5,4.0,16,512,128,512,320,75.263,64.736,76.062,
mixed,32,16,0.5,4.0,16,512,256,1024,640,67.392,80.766,67.967,0.043
mixed,32,16,0.5,4.0,16,512,512,2048,1280,85.472,108.191,87.328,0.0817
mixed,32,16,0.5,4.0,16,512,1024,4096,2560,118.816,154.302,119.201,0.0108
mixed,32,16,0.5,4.0,16,512,2048,8192,5120,179.231,246.625,181.44,0.0328
mixed,32,16,0.5,4.0,16,512,4096,16384,10240,291.613,427.584,299.361,0.057
mixed,32,16,0.5,4.0,16,1024,128,512,320,77.536,83.427,66.206,-1.9233
mixed,32,16,0.5,4.0,16,1024,256,1024,640,90.367,81.759,90.206,
mixed,32,16,0.5,4.0,16,1024,512,2048,1280,87.072,108.671,89.601,0.1171
mixed,32,16,0.5,4.0,16,1024,1024,4096,2560,120.127,154.464,119.874,-0.0074
mixed,32,16,0.5,4.0,16,1024,2048,8192,5120,178.048,248.896,181.92,0.0547
mixed,32,16,0.5,4.0,16,1024,4096,16384,10240,291.903,429.344,301.759,0.0717
mixed,32,16,0.5,4.0,16,2048,128,512,320,78.719,84.832,67.52,-1.832
mixed,32,16,0.5,4.0,16,2048,256,1024,640,87.263,106.112,88.319,0.056
mixed,32,16,0.5,4.0,16,2048,512,2048,1280,118.08,108.031,116.702,
mixed,32,16,0.5,4.0,16,2048,1024,4096,2560,120.735,155.808,122.143,0.0401
mixed,32,16,0.5,4.0,16,2048,2048,8192,5120,180.737,248.319,181.374,0.0094
mixed,32,16,0.5,4.0,16,2048,4096,16384,10240,292.512,427.265,300.896,0.0622
mixed,32,16,0.5,4.0,16,4096,128,512,320,68.863,85.887,69.279,0.0244
mixed,32,16,0.5,4.0,16,4096,256,1024,640,90.655,108.575,90.24,-0.0232
mixed,32,16,0.5,4.0,16,4096,512,2048,1280,120.737,153.759,118.687,-0.0621
mixed,32,16,0.5,4.0,16,4096,1024,4096,2560,173.026,159.904,166.432,
mixed,32,16,0.5,4.0,16,4096,2048,8192,5120,181.824,247.102,184.703,0.0441
mixed,32,16,0.5,4.0,16,4096,4096,16384,10240,294.24,431.806,301.279,0.0512
mixed,32,16,0.5,4.0,16,8192,128,512,320,76.511,89.12,86.497,0.792
mixed,32,16,0.5,4.0,16,8192,256,1024,640,92.608,111.68,84.127,-0.4447
mixed,32,16,0.5,4.0,16,8192,512,2048,1280,123.519,153.183,119.361,-0.1402
mixed,32,16,0.5,4.0,16,8192,1024,4096,2560,174.688,238.656,165.215,-0.1481
mixed,32,16,0.5,4.0,16,8192,2048,8192,5120,281.952,255.584,252.608,
mixed,32,16,0.5,4.0,16,8192,4096,16384,10240,300.064,434.143,306.109,0.0451
mixed,32,16,0.5,4.0,32,0,128,512,320,49.6,61.568,57.792,0.6845
mixed,32,16,0.5,4.0,32,0,256,1024,640,64.703,78.078,64.576,-0.0095
mixed,32,16,0.5,4.0,32,0,512,2048,1280,85.344,106.208,87.679,0.1119
mixed,32,16,0.5,4.0,32,0,1024,4096,2560,119.392,159.808,119.007,-0.0095
mixed,32,16,0.5,4.0,32,0,2048,8192,5120,177.279,245.792,183.455,0.0901
mixed,32,16,0.5,4.0,32,0,4096,16384,10240,292.543,430.816,302.687,0.0734
mixed,32,16,0.5,4.0,32,512,128,512,320,77.022,82.591,62.529,-2.6024
mixed,32,16,0.5,4.0,32,512,256,1024,640,88.448,79.232,89.312,
mixed,32,16,0.5,4.0,32,512,512,2048,1280,85.696,107.234,88.415,0.1262
mixed,32,16,0.5,4.0,32,512,1024,4096,2560,120.671,155.008,119.617,-0.0307
mixed,32,16,0.5,4.0,32,512,2048,8192,5120,177.664,247.2,181.44,0.0543
mixed,32,16,0.5,4.0,32,512,4096,16384,10240,290.817,430.047,300.418,0.069
mixed,32,16,0.5,4.0,32,1024,128,512,320,77.12,85.313,64.066,-1.5933
mixed,32,16,0.5,4.0,32,1024,256,1024,640,89.663,105.567,89.665,0.0001
mixed,32,16,0.5,4.0,32,1024,512,2048,1280,118.432,108.031,115.553,
mixed,32,16,0.5,4.0,32,1024,1024,4096,2560,121.566,158.049,121.216,-0.0096
mixed,32,16,0.5,4.0,32,1024,2048,8192,5120,180.35,245.664,183.648,0.0505
mixed,32,16,0.5,4.0,32,1024,4096,16384,10240,292.768,429.728,303.039,0.075
mixed,32,16,0.5,4.0,32,2048,128,512,320,66.913,83.521,65.216,-0.1022
mixed,32,16,0.5,4.0,32,2048,256,1024,640,86.912,106.656,89.313,0.1216
mixed,32,16,0.5,4.0,32,2048,512,2048,1280,118.145,152.64,115.808,-0.0677
mixed,32,16,0.5,4.0,32,2048,1024,4096,2560,171.423,155.424,161.696,
mixed,32,16,0.5,4.0,32,2048,2048,8192,5120,178.944,246.879,182.336,0.0499
mixed,32,16,0.5,4.0,32,2048,4096,16384,10240,294.593,427.936,304.193,0.072
mixed,32,16,0.5,4.0,32,4096,128,512,320,72.962,86.912,80.063,0.509
mixed,32,16,0.5,4.0,32,4096,256,1024,640,89.76,109.6,78.944,-0.5452
mixed,32,16,0.5,4.0,32,4096,512,2048,1280,118.974,151.072,119.488,0.016
mixed,32,16,0.5,4.0,32,4096,1024,4096,2560,172.639,235.934,162.528,-0.1597
mixed,32,16,0.5,4.0,32,4096,2048,8192,5120,269.119,247.807,247.103,
mixed,32,16,0.5,4.0,32,4096,4096,16384,10240,293.216,431.741,303.262,0.0725
mixed,32,16,0.5,4.0,32,8192,128,512,320,74.368,83.715,79.008,0.4964
mixed,32,16,0.5,4.0,32,8192,256,1024,640,83.425,107.744,93.728,0.4237
mixed,32,16,0.5,4.0,32,8192,512,2048,1280,117.536,151.935,106.654,-0.3163
mixed,32,16,0.5,4.0,32,8192,1024,4096,2560,173.628,233.6,163.264,-0.1728
mixed,32,16,0.5,4.0,32,8192,2048,8192,5120,278.719,402.909,246.144,-0.2623
mixed,32,16,0.5,4.0,32,8192,4096,16384,10240,457.855,431.2,419.935,
mixed,32,16,0.5,4.0,64,0,128,512,320,49.791,77.919,74.496,0.8783
mixed,32,16,0.5,4.0,64,0,256,1024,640,80.673,92.994,80.321,-0.0286
mixed,32,16,0.5,4.0,64,0,512,2048,1280,98.848,120.513,96.671,-0.1005
mixed,32,16,0.5,4.0,64,0,1024,4096,2560,129.473,163.904,120.959,-0.2473
mixed,32,16,0.5,4.0,64,0,2048,8192,5120,190.399,255.072,181.216,-0.142
mixed,32,16,0.5,4.0,64,0,4096,16384,10240,303.681,435.457,302.048,-0.0124
mixed,32,16,0.5,4.0,64,512,128,512,320,78.401,85.44,65.922,-1.7728
mixed,32,16,0.5,4.0,64,512,256,1024,640,91.326,105.216,91.167,-0.0114
mixed,32,16,0.5,4.0,64,512,512,2048,1280,117.47,141.539,114.719,-0.1143
mixed,32,16,0.5,4.0,64,512,1024,4096,2560,149.631,188.639,145.279,-0.1116
mixed,32,16,0.5,4.0,64,512,2048,8192,5120,211.041,278.977,190.911,-0.2963
mixed,32,16,0.5,4.0,64,512,4096,16384,10240,327.104,460.382,302.753,-0.1827
mixed,32,16,0.5,4.0,64,1024,128,512,320,70.078,85.791,68.863,-0.0773
mixed,32,16,0.5,4.0,64,1024,256,1024,640,90.241,107.934,92.737,0.1411
mixed,32,16,0.5,4.0,64,1024,512,2048,1280,119.872,151.488,116.832,-0.0962
mixed,32,16,0.5,4.0,64,1024,1024,4096,2560,169.757,204.929,161.825,-0.2255
mixed,32,16,0.5,4.0,64,1024,2048,8192,5120,230.72,302.142,211.839,-0.2644
mixed,32,16,0.5,4.0,64,1024,4096,16384,10240,347.198,474.527,304.16,-0.338
mixed,32,16,0.5,4.0,64,2048,128,512,320,76.384,88.511,83.393,0.578
mixed,32,16,0.5,4.0,64,2048,256,1024,640,90.047,106.849,79.325,-0.6381
mixed,32,16,0.5,4.0,64,2048,512,2048,1280,121.503,154.108,117.793,-0.1138
mixed,32,16,0.5,4.0,64,2048,1024,4096,2560,169.854,233.022,160.734,-0.1444
mixed,32,16,0.5,4.0,64,2048,2048,8192,5120,268.352,344.318,243.841,-0.3227
mixed,32,16,0.5,4.0,64,2048,4096,16384,10240,387.679,515.615,341.09,-0.3642
mixed,32,16,0.5,4.0,64,4096,128,512,320,86.144,83.807,81.217,
mixed,32,16,0.5,4.0,64,4096,256,1024,640,87.424,107.84,94.559,0.3495
mixed,32,16,0.5,4.0,64,4096,512,2048,1280,120.832,151.327,100.256,-0.6747
mixed,32,16,0.5,4.0,64,4096,1024,4096,2560,169.599,234.24,168.002,-0.0247
mixed,32,16,0.5,4.0,64,4096,2048,8192,5120,268.16,400.672,244.288,-0.1801
mixed,32,16,0.5,4.0,64,4096,4096,16384,10240,457.216,589.854,417.63,-0.2985
mixed,32,16,0.5,4.0,64,8192,128,512,320,92.032,108.96,92.863,0.0491
mixed,32,16,0.5,4.0,64,8192,256,1024,640,101.729,108.03,96.799,-0.7824
mixed,32,16,0.5,4.0,64,8192,512,2048,1280,112.543,149.504,118.017,0.1481
mixed,32,16,0.5,4.0,64,8192,1024,4096,2560,170.08,232.768,171.713,0.026
mixed,32,16,0.5,4.0,64,8192,2048,8192,5120,272.703,400.481,258.432,-0.1117
mixed,32,16,0.5,4.0,64,8192,4096,16384,10240,453.024,721.726,413.15,-0.1484
mixed,32,16,0.5,4.0,128,0,128,512,320,50.879,78.912,74.111,0.8287
mixed,32,16,0.5,4.0,128,0,256,1024,640,80.672,93.504,80.959,0.0224
mixed,32,16,0.5,4.0,128,0,512,2048,1280,98.782,122.911,94.941,-0.1592
mixed,32,16,0.5,4.0,128,0,1024,4096,2560,134.272,168.383,126.112,-0.2392
mixed,32,16,0.5,4.0,128,0,2048,8192,5120,193.6,259.359,182.753,-0.165
mixed,32,16,0.5,4.0,128,0,4096,16384,10240,308.575,442.688,304.032,-0.0339
mixed,32,16,0.5,4.0,128,512,128,512,320,74.816,89.056,70.878,-0.2765
mixed,32,16,0.5,4.0,128,512,256,1024,640,92.48,106.144,92.798,0.0233
mixed,32,16,0.5,4.0,128,512,512,2048,1280,118.112,141.087,114.719,-0.1477
mixed,32,16,0.5,4.0,128,512,1024,4096,2560,150.591,188.288,142.08,-0.2258
mixed,32,16,0.5,4.0,128,512,2048,8192,5120,209.119,282.078,189.119,-0.2741
mixed,32,16,0.5,4.0,128,512,4096,16384,10240,322.785,456.512,301.151,-0.1618
mixed,32,16,0.5,4.0,128,1024,128,512,320,76.704,93.6,82.176,0.3239
mixed,32,16,0.5,4.0,128,1024,256,1024,640,92.289,109.826,82.016,-0.5858
mixed,32,16,0.5,4.0,128,1024,512,2048,1280,121.023,148.765,116.99,-0.1454
mixed,32,16,0.5,4.0,128,1024,1024,4096,2560,167.551,204.575,158.081,-0.2558
mixed,32,16,0.5,4.0,128,1024,2048,8192,5120,226.719,294.464,208.095,-0.2749
mixed,32,16,0.5,4.0,128,1024,4096,16384,10240,339.168,472.35,302.305,-0.2768
mixed,32,16,0.5,4.0,128,2048,128,512,320,88.321,85.664,83.808,
mixed,32,16,0.5,4.0,128,2048,256,1024,640,89.12,108.96,92.449,0.1678
mixed,32,16,0.5,4.0,128,2048,512,2048,1280,118.687,152.609,103.007,-0.4622
mixed,32,16,0.5,4.0,128,2048,1024,4096,2560,168.833,232.96,160.77,-0.1257
mixed,32,16,0.5,4.0,128,2048,2048,8192,5120,262.911,331.425,241.278,-0.3157
mixed,32,16,0.5,4.0,128,2048,4096,16384,10240,379.87,509.375,336.607,-0.3341
mixed,32,16,0.5,4.0,128,4096,128,512,320,97.665,111.521,94.944,-0.1964
mixed,32,16,0.5,4.0,128,4096,256,1024,640,121.059,105.057,106.432,
mixed,32,16,0.5,4.0,128,4096,512,2048,1280,114.111,150.304,116.354,0.062
mixed,32,16,0.5,4.0,128,4096,1024,4096,2560,173.247,232.607,174.688,0.0243
mixed,32,16,0.5,4.0,128,4096,2048,8192,5120,262.401,394.496,243.039,-0.1466
mixed,32,16,0.5,4.0,128,4096,4096,16384,10240,450.752,586.622,412.321,-0.2829
mixed,32,16,0.5,4.0,128,8192,128,512,320,116.385,116.29,116.288,
mixed,32,16,0.5,4.0,128,8192,256,1024,640,121.536,151.681,121.695,0.0053
mixed,32,16,0.5,4.0,128,8192,512,2048,1280,172.128,145.215,148.671,
mixed,32,16,0.5,4.0,128,8192,1024,4096,2560,173.983,230.687,187.616,0.2404
mixed,32,16,0.5,4.0,128,8192,2048,8192,5120,272.737,394.942,284.385,0.0953
mixed,32,16,0.5,4.0,128,8192,4096,16384,10240,445.983,715.328,412.224,-0.1253
mixed,32,16,0.5,4.0,256,0,128,512,320,51.968,83.616,65.504,0.4277
mixed,32,16,0.5,4.0,256,0,256,1024,640,84.031,98.338,84.704,0.047
mixed,32,16,0.5,4.0,256,0,512,2048,1280,102.24,125.504,99.583,-0.1142
mixed,32,16,0.5,4.0,256,0,1024,4096,2560,138.752,170.655,129.568,-0.2879
mixed,32,16,0.5,4.0,256,0,2048,8192,5120,195.68,263.679,189.12,-0.0965
mixed,32,16,0.5,4.0,256,0,4096,16384,10240,312.64,447.391,304.639,-0.0594
mixed,32,16,0.5,4.0,256,512,128,512,320,78.336,81.664,88.255,2.9805
mixed,32,16,0.5,4.0,256,512,256,1024,640,97.407,104.352,97.823,0.0599
mixed,32,16,0.5,4.0,256,512,512,2048,1280,116.862,139.138,115.2,-0.0746
mixed,32,16,0.5,4.0,256,512,1024,4096,2560,151.103,186.781,141.376,-0.2726
mixed,32,16,0.5,4.0,256,512,2048,8192,5120,208.991,275.296,195.039,-0.2104
mixed,32,16,0.5,4.0,256,512,4096,16384,10240,323.071,458.847,302.336,-0.1527
mixed,32,16,0.5,4.0,256,1024,128,512,320,85.216,88.221,87.392,0.7241
mixed,32,16,0.5,4.0,256,1024,256,1024,640,87.009,116.64,99.104,0.4082
mixed,32,16,0.5,4.0,256,1024,512,2048,1280,124.417,147.457,120.961,-0.15
mixed,32,16,0.5,4.0,256,1024,1024,4096,2560,165.119,200.608,158.303,-0.1921
mixed,32,16,0.5,4.0,256,1024,2048,8192,5120,226.689,297.568,210.304,-0.2312
mixed,32,16,0.5,4.0,256,1024,4096,16384,10240,339.615,471.07,307.295,-0.2459
mixed,32,16,0.5,4.0,256,2048,128,512,320,95.168,114.431,101.854,0.3471
mixed,32,16,0.5,4.0,256,2048,256,1024,640,127.296,105.023,115.072,
mixed,32,16,0.5,4.0,256,2048,512,2048,1280,114.401,158.111,135.583,0.4846
mixed,32,16,0.5,4.0,256,2048,1024,4096,2560,169.311,227.775,171.136,0.0312
mixed,32,16,0.5,4.0,256,2048,2048,8192,5120,255.169,328.224,240.704,-0.198
mixed,32,16,0.5,4.0,256,2048,4096,16384,10240,376.64,504.639,332.351,-0.346
mixed,32,16,0.5,4.0,256,4096,128,512,320,130.848,118.752,126.497,
mixed,32,16,0.5,4.0,256,4096,256,1024,640,126.687,154.145,124.542,-0.0781
mixed,32,16,0.5,4.0,256,4096,512,2048,1280,176.255,144.064,152.96,
mixed,32,16,0.5,4.0,256,4096,1024,4096,2560,163.228,237.121,196.129,0.4453
mixed,32,16,0.5,4.0,256,4096,2048,8192,5120,262.047,389.633,263.714,0.0131
mixed,32,16,0.5,4.0,256,4096,4096,16384,10240,438.398,575.232,405.696,-0.239
mixed,32,16,0.5,4.0,256,8192,128,512,320,168.448,178.465,165.824,-0.262
mixed,32,16,0.5,4.0,256,8192,256,1024,640,183.616,172.609,186.273,
mixed,32,16,0.5,4.0,256,8192,512,2048,1280,173.984,234.815,173.055,-0.0153
mixed,32,16,0.5,4.0,256,8192,1024,4096,2560,277.537,221.505,230.623,
mixed,32,16,0.5,4.0,256,8192,2048,8192,5120,275.167,397.341,313.182,0.3112
mixed,32,16,0.5,4.0,256,8192,4096,16384,10240,443.871,704.607,455.712,0.0454
mixed,32,16,0.5,4.0,512,0,128,512,320,61.536,81.214,87.937,1.3417
mixed,32,16,0.5,4.0,512,0,256,1024,640,85.631,111.166,92.095,0.2531
mixed,32,16,0.5,4.0,512,0,512,2048,1280,118.592,140.0,106.303,-0.574
mixed,32,16,0.5,4.0,512,0,1024,4096,2560,155.168,188.226,148.799,-0.1927
mixed,32,16,0.5,4.0,512,0,2048,8192,5120,211.426,279.936,226.881,0.2256
mixed,32,16,0.5,4.0,512,0,4096,16384,10240,326.049,462.368,390.271,0.4711
mixed,32,16,0.5,4.0,512,512,128,512,320,110.334,121.153,120.738,0.9616
mixed,32,16,0.5,4.0,512,512,256,1024,640,93.952,102.175,99.804,0.7117
mixed,32,16,0.5,4.0,512,512,512,2048,1280,112.031,153.344,121.121,0.22
mixed,32,16,0.5,4.0,512,512,1024,4096,2560,166.751,200.767,148.832,-0.5268
mixed,32,16,0.5,4.0,512,512,2048,8192,5120,224.704,292.448,227.904,0.0472
mixed,32,16,0.5,4.0,512,512,4096,16384,10240,343.809,472.447,389.184,0.3527
mixed,32,16,0.5,4.0,512,1024,128,512,320,120.673,129.759,128.415,0.8521
mixed,32,16,0.5,4.0,512,1024,256,1024,640,134.753,113.088,148.417,
mixed,32,16,0.5,4.0,512,1024,512,2048,1280,115.008,157.952,133.792,0.4374
mixed,32,16,0.5,4.0,512,1024,1024,4096,2560,173.953,214.465,162.847,-0.2741
mixed,32,16,0.5,4.0,512,1024,2048,8192,5120,239.585,306.88,229.6,-0.1484
mixed,32,16,0.5,4.0,512,1024,4096,16384,10240,358.24,486.751,395.547,0.2903
mixed,32,16,0.5,4.0,512,2048,128,512,320,140.32,148.545,148.355,0.9769
mixed,32,16,0.5,4.0,512,2048,256,1024,640,154.816,172.256,167.679,0.7376
mixed,32,16,0.5,4.0,512,2048,512,2048,1280,185.697,153.857,210.303,
mixed,32,16,0.5,4.0,512,2048,1024,4096,2560,162.462,238.431,191.742,0.3854
mixed,32,16,0.5,4.0,512,2048,2048,8192,5120,270.398,347.39,243.039,-0.3553
mixed,32,16,0.5,4.0,512,2048,4096,16384,10240,388.191,521.151,387.998,-0.0015
mixed,32,16,0.5,4.0,512,4096,128,512,320,180.512,188.065,186.048,0.733
mixed,32,16,0.5,4.0,512,4096,256,1024,640,192.641,210.337,207.743,0.8534
mixed,32,16,0.5,4.0,512,4096,512,2048,1280,223.073,252.703,249.599,0.8952
mixed,32,16,0.5,4.0,512,4096,1024,4096,2560,274.496,231.583,259.264,
mixed,32,16,0.5,4.0,512,4096,2048,8192,5120,261.664,399.583,313.408,0.3752
mixed,32,16,0.5,4.0,512,4096,4096,16384,10240,454.014,583.68,405.886,-0.3712
mixed,32,16,0.5,4.0,512,8192,128,512,320,256.096,266.943,261.246,0.4748
mixed,32,16,0.5,4.0,512,8192,256,1024,640,271.453,288.032,282.815,0.6853
mixed,32,16,0.5,4.0,512,8192,512,2048,1280,302.558,333.951,329.633,0.8625
mixed,32,16,0.5,4.0,512,8192,1024,4096,2560,351.422,412.224,407.488,0.9221
mixed,32,16,0.5,4.0,512,8192,2048,8192,5120,450.142,398.495,415.903,
mixed,32,16,0.5,4.0,512,8192,4096,16384,10240,480.032,714.332,552.511,0.3093
mixed,32,16,0.5,4.0,1024,0,128,512,320,86.879,96.318,87.52,0.0679
mixed,32,16,0.5,4.0,1024,0,256,1024,640,101.28,116.033,106.015,0.321
mixed,32,16,0.5,4.0,1024,0,512,2048,1280,126.815,154.463,142.049,0.551
mixed,32,16,0.5,4.0,1024,0,1024,4096,2560,174.208,225.6,217.759,0.8474
mixed,32,16,0.5,4.0,1024,0,2048,8192,5120,262.048,373.696,362.622,0.9008
mixed,32,16,0.5,4.0,1024,0,4096,16384,10240,447.392,664.735,653.886,0.9501
mixed,32,16,0.5,4.0,1024,512,128,512,320,106.176,115.744,105.216,-0.1003
mixed,32,16,0.5,4.0,1024,512,256,1024,640,120.064,134.592,122.464,0.1652
mixed,32,16,0.5,4.0,1024,512,512,2048,1280,144.703,173.504,160.287,0.5411
mixed,32,16,0.5,4.0,1024,512,1024,4096,2560,189.952,245.471,235.583,0.8219
mixed,32,16,0.5,4.0,1024,512,2048,8192,5120,285.055,394.175,380.799,0.8774
mixed,32,16,0.5,4.0,1024,512,4096,16384,10240,468.159,685.822,673.246,0.9422
mixed,32,16,0.5,4.0,1024,1024,128,512,320,123.744,133.118,122.175,-0.1674
mixed,32,16,0.5,4.0,1024,1024,256,1024,640,137.378,152.192,140.221,0.1919
mixed,32,16,0.5,4.0,1024,1024,512,2048,1280,161.792,189.919,177.792,0.5688
mixed,32,16,0.5,4.0,1024,1024,1024,4096,2560,208.576,266.045,252.833,0.7701
mixed,32,16,0.5,4.0,1024,1024,2048,8192,5120,302.176,413.919,399.965,0.8751
mixed,32,16,0.5,4.0,1024,1024,4096,16384,10240,485.055,704.479,691.2,0.9395
mixed,32,16,0.5,4.0,1024,2048,128,512,320,155.904,163.36,158.592,0.3605
mixed,32,16,0.5,4.0,1024,2048,256,1024,640,174.367,188.224,175.904,0.1109
mixed,32,16,0.5,4.0,1024,2048,512,2048,1280,198.56,226.047,214.047,0.5634
mixed,32,16,0.5,4.0,1024,2048,1024,4096,2560,245.505,303.87,292.769,0.8098
mixed,32,16,0.5,4.0,1024,2048,2048,8192,5120,341.344,451.169,440.607,0.9038
mixed,32,16,0.5,4.0,1024,2048,4096,16384,10240,522.816,742.655,731.455,0.9491
mixed,32,16,0.5,4.0,1024,4096,128,512,320,227.262,235.74,227.968,0.0833
mixed,32,16,0.5,4.0,1024,4096,256,1024,640,240.192,255.902,247.679,0.4766
mixed,32,16,0.5,4.0,1024,4096,512,2048,1280,269.789,299.872,287.521,0.5894
mixed,32,16,0.5,4.0,1024,4096,1024,4096,2560,317.985,374.974,367.454,0.868
mixed,32,16,0.5,4.0,1024,4096,2048,8192,5120,413.791,525.087,513.567,0.8965
mixed,32,16,0.5,4.0,1024,4096,4096,16384,10240,596.895,812.863,805.15,0.9643
mixed,32,16,0.5,4.0,1024,8192,128,512,320,380.607,384.161,381.438,0.2338
mixed,32,16,0.5,4.0,1024,8192,256,1024,640,389.023,404.321,397.664,0.5648
mixed,32,16,0.5,4.0,1024,8192,512,2048,1280,412.927,445.76,437.151,0.7378
mixed,32,16,0.5,4.0,1024,8192,1024,4096,2560,467.197,523.872,513.183,0.8114
mixed,32,16,0.5,4.0,1024,8192,2048,8192,5120,559.55,668.638,658.015,0.9026
mixed,32,16,0.5,4.0,1024,8192,4096,16384,10240,742.335,966.012,950.784,0.9319
mixed,32,16,0.5,4.0,2048,0,128,512,320,170.943,178.531,174.656,0.4893
mixed,32,16,0.5,4.0,2048,0,256,1024,640,183.295,197.312,195.008,0.8356
mixed,32,16,0.5,4.0,2048,0,512,2048,1280,208.735,234.239,231.008,0.8733
mixed,32,16,0.5,4.0,2048,0,1024,4096,2560,255.071,313.119,305.697,0.8721
mixed,32,16,0.5,4.0,2048,0,2048,8192,5120,347.935,458.719,454.528,0.9622
mixed,32,16,0.5,4.0,2048,0,4096,16384,10240,534.303,750.751,746.561,0.9806
mixed,32,16,0.5,4.0,2048,512,128,512,320,203.422,210.721,210.113,0.9167
mixed,32,16,0.5,4.0,2048,512,256,1024,640,214.624,229.791,227.648,0.8587
mixed,32,16,0.5,4.0,2048,512,512,2048,1280,240.83,271.073,267.072,0.8677
mixed,32,16,0.5,4.0,2048,512,1024,4096,2560,289.631,348.254,343.133,0.9126
mixed,32,16,0.5,4.0,2048,512,2048,8192,5120,384.449,494.303,493.502,0.9927
mixed,32,16,0.5,4.0,2048,512,4096,16384,10240,566.206,783.359,778.654,0.9783
mixed,32,16,0.5,4.0,2048,1024,128,512,320,238.655,245.375,246.206,1.1237
mixed,32,16,0.5,4.0,2048,1024,256,1024,640,251.521,267.23,264.095,0.8004
mixed,32,16,0.5,4.0,2048,1024,512,2048,1280,276.833,309.119,303.841,0.8365
mixed,32,16,0.5,4.0,2048,1024,1024,4096,2560,326.689,385.471,380.545,0.9162
mixed,32,16,0.5,4.0,2048,1024,2048,8192,5120,420.544,531.232,526.559,0.9578
mixed,32,16,0.5,4.0,2048,1024,4096,16384,10240,603.166,818.815,817.855,0.9955
mixed,32,16,0.5,4.0,2048,2048,128,512,320,315.392,322.333,319.871,0.6453
mixed,32,16,0.5,4.0,2048,2048,256,1024,640,327.905,341.409,341.151,0.9809
mixed,32,16,0.5,4.0,2048,2048,512,2048,1280,352.671,383.328,379.231,0.8664
mixed,32,16,0.5,4.0,2048,2048,1024,4096,2560,402.176,459.23,456.64,0.9546
mixed,32,16,0.5,4.0,2048,2048,2048,8192,5120,498.464,604.991,602.398,0.9757
mixed,32,16,0.5,4.0,2048,2048,4096,16384,10240,675.553,892.768,892.479,0.9987
mixed,32,16,0.5,4.0,2048,4096,128,512,320,460.576,470.656,457.535,-0.3017
mixed,32,16,0.5,4.0,2048,4096,256,1024,640,476.51,490.144,485.438,0.6548
mixed,32,16,0.5,4.0,2048,4096,512,2048,1280,500.256,528.353,526.559,0.9361
mixed,32,16,0.5,4.0,2048,4096,1024,4096,2560,549.501,604.351,601.408,0.9463
mixed,32,16,0.5,4.0,2048,4096,2048,8192,5120,643.807,751.647,750.143,0.9861
mixed,32,16,0.5,4.0,2048,4096,4096,16384,10240,822.335,1038.397,1036.159,0.9896
mixed,32,16,0.5,4.0,2048,8192,128,512,320,733.823,734.593,734.047,0.2909
mixed,32,16,0.5,4.0,2048,8192,256,1024,640,736.448,773.888,735.966,-0.0129
mixed,32,16,0.5,4.0,2048,8192,512,2048,1280,789.534,814.239,778.909,-0.4301
mixed,32,16,0.5,4.0,2048,8192,1024,4096,2560,834.015,889.183,885.823,0.9391
mixed,32,16,0.5,4.0,2048,8192,2048,8192,5120,929.726,1039.358,1032.445,0.9369
mixed,32,16,0.5,4.0,2048,8192,4096,16384,10240,1108.125,1325.726,1322.109,0.9834
pure,32,24,0.75,4.0,0,0,128,512,416,47.39,57.855,56.191,0.841
pure,32,24,0.75,4.0,0,0,256,1024,832,66.976,75.457,81.025,1.6565
pure,32,24,0.75,4.0,0,0,512,2048,1664,92.77,103.072,109.185,1.5934
pure,32,24,0.75,4.0,0,0,1024,4096,3328,134.914,150.212,159.295,1.5937
pure,32,24,0.75,4.0,0,0,2048,8192,6656,209.665,241.567,252.704,1.3491
pure,32,24,0.75,4.0,0,0,4096,16384,13312,352.993,421.374,444.031,1.3313
mixed,32,24,0.75,4.0,16,0,128,512,416,53.439,62.559,61.28,0.8598
mixed,32,24,0.75,4.0,16,0,256,1024,832,72.513,78.559,73.058,0.0901
mixed,32,24,0.75,4.0,16,0,512,2048,1664,94.783,106.622,119.807,2.1137
mixed,32,24,0.75,4.0,16,0,1024,4096,3328,137.535,155.521,178.113,2.2561
mixed,32,24,0.75,4.0,16,0,2048,8192,6656,209.791,247.264,291.744,2.187
mixed,32,24,0.75,4.0,16,0,4096,16384,13312,363.521,427.871,518.112,2.4023
mixed,32,24,0.75,4.0,16,512,128,512,416,67.168,64.96,65.41,
mixed,32,24,0.75,4.0,16,512,256,1024,832,72.031,78.463,74.016,0.3086
mixed,32,24,0.75,4.0,16,512,512,2048,1664,94.239,106.816,121.248,2.1475
mixed,32,24,0.75,4.0,16,512,1024,4096,3328,139.325,153.505,179.616,2.8414
mixed,32,24,0.75,4.0,16,512,2048,8192,6656,210.88,245.598,292.993,2.3651
mixed,32,24,0.75,4.0,16,512,4096,16384,13312,359.84,427.648,514.592,2.2822
mixed,32,24,0.75,4.0,16,1024,128,512,416,78.369,82.88,64.446,-3.0865
mixed,32,24,0.75,4.0,16,1024,256,1024,832,95.55,80.992,78.176,
mixed,32,24,0.75,4.0,16,1024,512,2048,1664,97.792,107.71,124.352,2.678
mixed,32,24,0.75,4.0,16,1024,1024,4096,3328,139.361,153.504,177.856,2.7218
mixed,32,24,0.75,4.0,16,1024,2048,8192,6656,212.032,247.71,293.919,2.2952
mixed,32,24,0.75,4.0,16,1024,4096,16384,13312,364.608,430.879,515.103,2.2709
mixed,32,24,0.75,4.0,16,2048,128,512,416,80.448,84.642,67.519,-3.0827
mixed,32,24,0.75,4.0,16,2048,256,1024,832,97.216,106.304,80.608,-1.8275
mixed,32,24,0.75,4.0,16,2048,512,2048,1664,136.287,108.64,123.329,
mixed,32,24,0.75,4.0,16,2048,1024,4096,3328,140.609,154.525,179.393,2.787
mixed,32,24,0.75,4.0,16,2048,2048,8192,6656,211.07,245.12,291.649,2.3665
mixed,32,24,0.75,4.0,16,2048,4096,16384,13312,365.79,431.102,517.695,2.3258
mixed,32,24,0.75,4.0,16,4096,128,512,416,82.463,85.696,81.631,-0.2573
mixed,32,24,0.75,4.0,16,4096,256,1024,832,97.983,110.206,84.385,-1.1125
mixed,32,24,0.75,4.0,16,4096,512,2048,1664,139.295,154.911,104.863,-2.2049
mixed,32,24,0.75,4.0,16,4096,1024,4096,3328,205.344,158.495,180.159,
mixed,32,24,0.75,4.0,16,4096,2048,8192,6656,215.329,246.079,294.461,2.5734
mixed,32,24,0.75,4.0,16,4096,4096,16384,13312,360.349,430.687,518.558,2.2493
mixed,32,24,0.75,4.0,16,8192,128,512,416,76.544,89.729,83.84,0.5534
mixed,32,24,0.75,4.0,16,8192,256,1024,832,102.463,112.704,98.4,-0.3967
mixed,32,24,0.75,4.0,16,8192,512,2048,1664,140.033,153.088,110.592,-2.2552
mixed,32,24,0.75,4.0,16,8192,1024,4096,3328,206.529,237.986,181.728,-0.7884
mixed,32,24,0.75,4.0,16,8192,2048,8192,6656,333.631,253.76,297.054,
mixed,32,24,0.75,4.0,16,8192,4096,16384,13312,369.312,435.614,519.776,2.2694
mixed,32,24,0.75,4.0,32,0,128,512,416,53.92,61.567,60.8,0.8997
mixed,32,24,0.75,4.0,32,0,256,1024,832,72.352,77.313,74.527,0.4384
mixed,32,24,0.75,4.0,32,0,512,2048,1664,95.264,106.015,119.871,2.2888
mixed,32,24,0.75,4.0,32,0,1024,4096,3328,137.151,155.296,181.76,2.4585
mixed,32,24,0.75,4.0,32,0,2048,8192,6656,212.382,245.6,293.729,2.4489
mixed,32,24,0.75,4.0,32,0,4096,16384,13312,362.689,429.63,515.937,2.2893
mixed,32,24,0.75,4.0,32,512,128,512,416,78.56,83.648,64.032,-2.8553
mixed,32,24,0.75,4.0,32,512,256,1024,832,95.52,78.209,73.533,
mixed,32,24,0.75,4.0,32,512,512,2048,1664,96.513,107.422,120.578,2.206
mixed,32,24,0.75,4.0,32,512,1024,4096,3328,139.712,154.177,177.568,2.6171
mixed,32,24,0.75,4.0,32,512,2048,8192,6656,211.103,245.792,292.224,2.3385
mixed,32,24,0.75,4.0,32,512,4096,16384,13312,363.455,429.663,516.479,2.3113
mixed,32,24,0.75,4.0,32,1024,128,512,416,79.17,83.775,65.12,-3.051
mixed,32,24,0.75,4.0,32,1024,256,1024,832,94.943,106.56,79.041,-1.3689
mixed,32,24,0.75,4.0,32,1024,512,2048,1664,130.753,109.023,121.728,
mixed,32,24,0.75,4.0,32,1024,1024,4096,3328,139.006,155.105,176.959,2.3575
mixed,32,24,0.75,4.0,32,1024,2048,8192,6656,212.384,250.016,292.256,2.1224
mixed,32,24,0.75,4.0,32,1024,4096,16384,13312,362.784,431.072,515.743,2.2399
mixed,32,24,0.75,4.0,32,2048,128,512,416,80.8,82.942,78.529,-1.0602
mixed,32,24,0.75,4.0,32,2048,256,1024,832,96.128,105.824,78.879,-1.779
mixed,32,24,0.75,4.0,32,2048,512,2048,1664,137.247,150.528,102.079,-2.648
mixed,32,24,0.75,4.0,32,2048,1024,4096,3328,193.279,156.256,179.33,
mixed,32,24,0.75,4.0,32,2048,2048,8192,6656,212.16,245.248,293.088,2.4458
mixed,32,24,0.75,4.0,32,2048,4096,16384,13312,361.344,431.488,517.44,2.2254
mixed,32,24,0.75,4.0,32,4096,128,512,416,72.416,87.072,80.831,0.5742
mixed,32,24,0.75,4.0,32,4096,256,1024,832,100.354,107.871,95.264,-0.6771
mixed,32,24,0.75,4.0,32,4096,512,2048,1664,136.417,151.262,106.911,-1.9876
mixed,32,24,0.75,4.0,32,4096,1024,4096,3328,200.16,234.814,180.224,-0.5753
mixed,32,24,0.75,4.0,32,4096,2048,8192,6656,304.095,247.007,292.353,
mixed,32,24,0.75,4.0,32,4096,4096,16384,13312,365.853,431.262,514.302,2.2696
mixed,32,24,0.75,4.0,32,8192,128,512,416,78.591,81.889,82.271,1.1158
mixed,32,24,0.75,4.0,32,8192,256,1024,832,99.072,107.999,103.072,0.4481
mixed,32,24,0.75,4.0,32,8192,512,2048,1664,136.287,153.153,123.904,-0.7342
mixed,32,24,0.75,4.0,32,8192,1024,4096,3328,202.335,233.824,148.223,-1.7184
mixed,32,24,0.75,4.0,32,8192,2048,8192,6656,326.688,403.841,294.879,-0.4123
mixed,32,24,0.75,4.0,32,8192,4096,16384,13312,528.767,432.224,517.47,
mixed,32,24,0.75,4.0,64,0,128,512,416,54.015,77.76,61.12,0.2992
mixed,32,24,0.75,4.0,64,0,256,1024,832,85.312,93.409,73.759,-1.4268
mixed,32,24,0.75,4.0,64,0,512,2048,1664,108.16,119.201,119.393,1.0174
mixed,32,24,0.75,4.0,64,0,1024,4096,3328,151.615,165.824,179.902,1.9908
mixed,32,24,0.75,4.0,64,0,2048,8192,6656,220.767,257.312,294.753,2.0245
mixed,32,24,0.75,4.0,64,0,4096,16384,13312,371.455,433.088,519.263,2.3982
mixed,32,24,0.75,4.0,64,512,128,512,416,79.776,84.992,68.127,-2.2333
mixed,32,24,0.75,4.0,64,512,256,1024,832,96.223,103.936,74.913,-2.7629
mixed,32,24,0.75,4.0,64,512,512,2048,1664,128.863,143.009,120.863,-0.5655
mixed,32,24,0.75,4.0,64,512,1024,4096,3328,172.064,185.728,178.145,0.445
mixed,32,24,0.75,4.0,64,512,2048,8192,6656,245.951,277.6,294.176,1.5237
mixed,32,24,0.75,4.0,64,512,4096,16384,13312,390.784,457.696,515.906,1.8699
mixed,32,24,0.75,4.0,64,1024,128,512,416,80.352,86.144,79.967,-0.0665
mixed,32,24,0.75,4.0,64,1024,256,1024,832,96.288,106.911,78.56,-1.6688
mixed,32,24,0.75,4.0,64,1024,512,2048,1664,135.965,150.365,100.734,-2.4466
mixed,32,24,0.75,4.0,64,1024,1024,4096,3328,193.92,207.423,177.087,-1.2466
mixed,32,24,0.75,4.0,64,1024,2048,8192,6656,265.536,301.665,291.936,0.7307
mixed,32,24,0.75,4.0,64,1024,4096,16384,13312,413.536,471.969,517.535,1.7798
mixed,32,24,0.75,4.0,64,2048,128,512,416,77.213,88.574,83.424,0.5467
mixed,32,24,0.75,4.0,64,2048,256,1024,832,96.0,108.129,95.073,-0.0764
mixed,32,24,0.75,4.0,64,2048,512,2048,1664,137.313,150.207,105.15,-2.4944
mixed,32,24,0.75,4.0,64,2048,1024,4096,3328,190.687,234.814,178.364,-0.2793
mixed,32,24,0.75,4.0,64,2048,2048,8192,6656,304.289,343.583,287.839,-0.4186
mixed,32,24,0.75,4.0,64,2048,4096,16384,13312,451.424,517.47,515.232,0.9661
mixed,32,24,0.75,4.0,64,4096,128,512,416,80.734,83.424,83.777,1.1312
mixed,32,24,0.75,4.0,64,4096,256,1024,832,97.919,108.257,105.824,0.7647
mixed,32,24,0.75,4.0,64,4096,512,2048,1664,135.873,149.505,126.145,-0.7136
mixed,32,24,0.75,4.0,64,4096,1024,4096,3328,200.735,233.504,148.317,-1.5996
mixed,32,24,0.75,4.0,64,4096,2048,8192,6656,304.577,399.747,287.518,-0.1792
mixed,32,24,0.75,4.0,64,4096,4096,16384,13312,522.747,589.215,513.248,-0.1429
mixed,32,24,0.75,4.0,64,8192,128,512,416,98.112,108.382,94.496,-0.3521
mixed,32,24,0.75,4.0,64,8192,256,1024,832,102.111,107.904,100.737,-0.2372
mixed,32,24,0.75,4.0,64,8192,512,2048,1664,135.36,150.271,148.479,0.8798
mixed,32,24,0.75,4.0,64,8192,1024,4096,3328,199.136,230.624,186.592,-0.3984
mixed,32,24,0.75,4.0,64,8192,2048,8192,6656,337.184,396.927,231.712,-1.7654
mixed,32,24,0.75,4.0,64,8192,4096,16384,13312,520.48,722.206,509.116,-0.0563
mixed,32,24,0.75,4.0,128,0,128,512,416,54.849,77.982,61.28,0.278
mixed,32,24,0.75,4.0,128,0,256,1024,832,88.225,94.882,76.576,-1.7499
mixed,32,24,0.75,4.0,128,0,512,2048,1664,110.496,121.248,119.168,0.8065
mixed,32,24,0.75,4.0,128,0,1024,4096,3328,151.488,168.896,179.584,1.614
mixed,32,24,0.75,4.0,128,0,2048,8192,6656,226.944,258.336,294.464,2.1509
mixed,32,24,0.75,4.0,128,0,4096,16384,13312,373.857,442.72,516.991,2.0785
mixed,32,24,0.75,4.0,128,512,128,512,416,83.648,87.902,84.224,0.1354
mixed,32,24,0.75,4.0,128,512,256,1024,832,96.352,104.257,75.49,-2.6391
mixed,32,24,0.75,4.0,128,512,512,2048,1664,129.281,142.945,101.858,-2.007
mixed,32,24,0.75,4.0,128,512,1024,4096,3328,170.269,186.593,178.112,0.4805
mixed,32,24,0.75,4.0,128,512,2048,8192,6656,245.727,279.391,293.308,1.4134
mixed,32,24,0.75,4.0,128,512,4096,16384,13312,396.254,453.76,514.751,2.0606
mixed,32,24,0.75,4.0,128,1024,128,512,416,76.545,92.832,87.169,0.6523
mixed,32,24,0.75,4.0,128,1024,256,1024,832,96.671,111.456,96.096,-0.0389
mixed,32,24,0.75,4.0,128,1024,512,2048,1664,134.241,151.457,102.336,-1.8532
mixed,32,24,0.75,4.0,128,1024,1024,4096,3328,187.711,204.031,175.807,-0.7294
mixed,32,24,0.75,4.0,128,1024,2048,8192,6656,264.257,296.703,291.743,0.8471
mixed,32,24,0.75,4.0,128,1024,4096,16384,13312,410.782,475.264,515.581,1.6252
mixed,32,24,0.75,4.0,128,2048,128,512,416,83.04,85.344,85.089,0.8893
mixed,32,24,0.75,4.0,128,2048,256,1024,832,98.048,108.991,107.008,0.8188
mixed,32,24,0.75,4.0,128,2048,512,2048,1664,135.489,151.681,131.199,-0.2649
mixed,32,24,0.75,4.0,128,2048,1024,4096,3328,201.408,233.472,146.4,-1.7156
mixed,32,24,0.75,4.0,128,2048,2048,8192,6656,299.871,334.239,286.017,-0.4031
mixed,32,24,0.75,4.0,128,2048,4096,16384,13312,445.44,508.96,515.551,1.1038
mixed,32,24,0.75,4.0,128,4096,128,512,416,100.767,112.544,96.384,-0.3722
mixed,32,24,0.75,4.0,128,4096,256,1024,832,104.353,106.239,103.424,-0.4926
mixed,32,24,0.75,4.0,128,4096,512,2048,1664,134.977,153.631,148.096,0.7033
mixed,32,24,0.75,4.0,128,4096,1024,4096,3328,200.705,232.512,193.761,-0.2183
mixed,32,24,0.75,4.0,128,4096,2048,8192,6656,336.065,395.999,228.032,-1.8025
mixed,32,24,0.75,4.0,128,4096,4096,16384,13312,517.471,575.967,507.105,-0.1772
mixed,32,24,0.75,4.0,128,8192,128,512,416,117.25,115.648,115.872,
mixed,32,24,0.75,4.0,128,8192,256,1024,832,131.552,150.976,126.143,-0.2785
mixed,32,24,0.75,4.0,128,8192,512,2048,1664,145.246,143.357,142.112,
mixed,32,24,0.75,4.0,128,8192,1024,4096,3328,198.945,232.863,227.647,0.8462
mixed,32,24,0.75,4.0,128,8192,2048,8192,6656,332.001,395.006,313.12,-0.2997
mixed,32,24,0.75,4.0,128,8192,4096,16384,13312,595.807,713.695,398.111,-1.677
mixed,32,24,0.75,4.0,256,0,128,512,416,57.12,83.199,74.782,0.6772
mixed,32,24,0.75,4.0,256,0,256,1024,832,90.75,96.001,82.848,-1.5049
mixed,32,24,0.75,4.0,256,0,512,2048,1664,113.727,127.263,120.257,0.4824
mixed,32,24,0.75,4.0,256,0,1024,4096,3328,156.191,175.136,181.376,1.3294
mixed,32,24,0.75,4.0,256,0,2048,8192,6656,229.344,264.48,298.303,1.9626
mixed,32,24,0.75,4.0,256,0,4096,16384,13312,375.935,444.48,522.079,2.1321
mixed,32,24,0.75,4.0,256,512,128,512,416,75.424,81.215,93.538,3.128
mixed,32,24,0.75,4.0,256,512,256,1024,832,95.487,103.84,94.176,-0.1569
mixed,32,24,0.75,4.0,256,512,512,2048,1664,126.945,139.679,118.399,-0.6711
mixed,32,24,0.75,4.0,256,512,1024,4096,3328,168.928,186.048,176.606,0.4485
mixed,32,24,0.75,4.0,256,512,2048,8192,6656,246.527,279.423,291.36,1.3629
mixed,32,24,0.75,4.0,256,512,4096,16384,13312,391.454,456.639,512.928,1.8635
mixed,32,24,0.75,4.0,256,1024,128,512,416,87.777,85.919,87.234,
mixed,32,24,0.75,4.0,256,1024,256,1024,832,92.575,118.144,111.935,0.7572
mixed,32,24,0.75,4.0,256,1024,512,2048,1664,135.072,147.678,127.453,-0.6044
mixed,32,24,0.75,4.0,256,1024,1024,4096,3328,181.791,199.679,159.456,-1.2486
mixed,32,24,0.75,4.0,256,1024,2048,8192,6656,260.86,292.383,287.292,0.8385
mixed,32,24,0.75,4.0,256,1024,4096,16384,13312,409.824,473.952,512.543,1.6018
mixed,32,24,0.75,4.0,256,2048,128,512,416,104.896,118.207,113.312,0.6323
mixed,32,24,0.75,4.0,256,2048,256,1024,832,107.648,104.512,105.088,
mixed,32,24,0.75,4.0,256,2048,512,2048,1664,138.08,157.728,154.817,0.8518
mixed,32,24,0.75,4.0,256,2048,1024,4096,3328,197.951,227.967,188.0,-0.3315
mixed,32,24,0.75,4.0,256,2048,2048,8192,6656,295.455,330.561,242.336,-1.5131
mixed,32,24,0.75,4.0,256,2048,4096,16384,13312,439.775,504.255,507.871,1.0561
mixed,32,24,0.75,4.0,256,4096,128,512,416,120.062,118.69,119.808,
mixed,32,24,0.75,4.0,256,4096,256,1024,832,134.848,154.4,153.344,0.946
mixed,32,24,0.75,4.0,256,4096,512,2048,1664,147.23,143.808,144.992,
mixed,32,24,0.75,4.0,256,4096,1024,4096,3328,206.177,238.303,232.321,0.8138
mixed,32,24,0.75,4.0,256,4096,2048,8192,6656,331.359,391.328,309.76,-0.3602
mixed,32,24,0.75,4.0,256,4096,4096,16384,13312,506.337,573.601,403.456,-1.5295
mixed,32,24,0.75,4.0,256,8192,128,512,416,174.046,178.367,174.016,-0.0069
mixed,32,24,0.75,4.0,256,8192,256,1024,832,172.223,173.055,170.751,-1.7692
mixed,32,24,0.75,4.0,256,8192,512,2048,1664,202.913,234.976,232.607,0.9261
mixed,32,24,0.75,4.0,256,8192,1024,4096,3328,314.623,221.536,262.336,
mixed,32,24,0.75,4.0,256,8192,2048,8192,6656,337.247,396.575,393.505,0.9483
mixed,32,24,0.75,4.0,256,8192,4096,16384,13312,587.808,707.231,552.192,-0.2982
mixed,32,24,0.75,4.0,512,0,128,512,416,61.793,80.736,78.88,0.902
mixed,32,24,0.75,4.0,512,0,256,1024,832,103.263,111.135,103.521,0.0328
mixed,32,24,0.75,4.0,512,0,512,2048,1664,130.208,141.92,128.481,-0.1475
mixed,32,24,0.75,4.0,512,0,1024,4096,3328,173.376,190.945,174.112,0.0419
mixed,32,24,0.75,4.0,512,0,2048,8192,6656,246.113,280.767,254.655,0.2465
mixed,32,24,0.75,4.0,512,0,4096,16384,13312,394.91,463.329,421.184,0.384
mixed,32,24,0.75,4.0,512,512,128,512,416,115.392,120.415,120.447,1.0064
mixed,32,24,0.75,4.0,512,512,256,1024,832,94.304,102.048,99.743,0.7024
mixed,32,24,0.75,4.0,512,512,512,2048,1664,139.072,152.512,143.774,0.3499
mixed,32,24,0.75,4.0,512,512,1024,4096,3328,181.76,202.113,189.664,0.3883
mixed,32,24,0.75,4.0,512,512,2048,8192,6656,259.105,293.663,272.446,0.386
mixed,32,24,0.75,4.0,512,512,4096,16384,13312,406.398,475.613,435.359,0.4184
mixed,32,24,0.75,4.0,512,1024,128,512,416,124.512,129.729,129.858,1.0247
mixed,32,24,0.75,4.0,512,1024,256,1024,832,140.638,113.761,150.656,
mixed,32,24,0.75,4.0,512,1024,512,2048,1664,126.976,158.145,153.856,0.8624
mixed,32,24,0.75,4.0,512,1024,1024,4096,3328,195.551,213.343,200.798,0.2949
mixed,32,24,0.75,4.0,512,1024,2048,8192,6656,276.641,311.008,291.359,0.4283
mixed,32,24,0.75,4.0,512,1024,4096,16384,13312,422.111,487.872,453.215,0.473
mixed,32,24,0.75,4.0,512,2048,128,512,416,144.64,149.215,148.381,0.8177
mixed,32,24,0.75,4.0,512,2048,256,1024,832,160.352,174.686,169.919,0.6674
mixed,32,24,0.75,4.0,512,2048,512,2048,1664,200.096,154.145,211.327,
mixed,32,24,0.75,4.0,512,2048,1024,4096,3328,209.342,238.464,234.783,0.8736
mixed,32,24,0.75,4.0,512,2048,2048,8192,6656,308.225,346.463,329.567,0.5581
mixed,32,24,0.75,4.0,512,2048,4096,16384,13312,453.855,518.272,492.096,0.5936
mixed,32,24,0.75,4.0,512,4096,128,512,416,183.327,188.032,187.777,0.9458
mixed,32,24,0.75,4.0,512,4096,256,1024,832,200.288,209.984,208.32,0.8284
mixed,32,24,0.75,4.0,512,4096,512,2048,1664,236.512,252.927,249.536,0.7934
mixed,32,24,0.75,4.0,512,4096,1024,4096,3328,301.088,232.064,331.614,
mixed,32,24,0.75,4.0,512,4096,2048,8192,6656,340.67,400.064,393.728,0.8933
mixed,32,24,0.75,4.0,512,4096,4096,16384,13312,523.073,585.216,568.545,0.7317
mixed,32,24,0.75,4.0,512,8192,128,512,416,261.982,266.72,266.654,0.9861
mixed,32,24,0.75,4.0,512,8192,256,1024,832,278.59,288.289,287.583,0.9272
mixed,32,24,0.75,4.0,512,8192,512,2048,1664,317.472,330.656,330.014,0.9513
mixed,32,24,0.75,4.0,512,8192,1024,4096,3328,380.832,410.656,408.286,0.9205
mixed,32,24,0.75,4.0,512,8192,2048,8192,6656,510.175,396.61,564.287,
mixed,32,24,0.75,4.0,512,8192,4096,16384,13312,598.238,712.639,706.782,0.9488
mixed,32,24,0.75,4.0,1024,0,128,512,416,91.424,95.84,91.554,0.0294
mixed,32,24,0.75,4.0,1024,0,256,1024,832,106.335,115.872,109.953,0.3794
mixed,32,24,0.75,4.0,1024,0,512,2048,1664,139.263,155.072,147.585,0.5264
mixed,32,24,0.75,4.0,1024,0,1024,4096,3328,199.615,228.481,221.696,0.7649
mixed,32,24,0.75,4.0,1024,0,2048,8192,6656,317.343,373.825,369.535,0.924
mixed,32,24,0.75,4.0,1024,0,4096,16384,13312,556.096,662.527,657.216,0.9501
mixed,32,24,0.75,4.0,1024,512,128,512,416,110.623,114.463,109.662,-0.2503
mixed,32,24,0.75,4.0,1024,512,256,1024,832,125.183,135.233,127.712,0.2516
mixed,32,24,0.75,4.0,1024,512,512,2048,1664,158.654,173.248,166.976,0.5702
mixed,32,24,0.75,4.0,1024,512,1024,4096,3328,217.952,245.821,240.96,0.8256
mixed,32,24,0.75,4.0,1024,512,2048,8192,6656,339.359,394.59,384.418,0.8158
mixed,32,24,0.75,4.0,1024,512,4096,16384,13312,575.392,687.489,678.429,0.9192
mixed,32,24,0.75,4.0,1024,1024,128,512,416,127.424,132.033,128.189,0.166
mixed,32,24,0.75,4.0,1024,1024,256,1024,832,143.488,152.831,146.56,0.3288
mixed,32,24,0.75,4.0,1024,1024,512,2048,1664,176.862,189.15,183.52,0.5418
mixed,32,24,0.75,4.0,1024,1024,1024,4096,3328,236.96,265.985,258.497,0.742
mixed,32,24,0.75,4.0,1024,1024,2048,8192,6656,359.871,415.102,406.591,0.8459
mixed,32,24,0.75,4.0,1024,1024,4096,16384,13312,597.025,706.142,696.767,0.9141
mixed,32,24,0.75,4.0,1024,2048,128,512,416,160.0,165.184,163.36,0.6481
mixed,32,24,0.75,4.0,1024,2048,256,1024,832,177.886,188.734,181.666,0.3485
mixed,32,24,0.75,4.0,1024,2048,512,2048,1664,213.312,226.047,219.264,0.4674
mixed,32,24,0.75,4.0,1024,2048,1024,4096,3328,275.682,304.415,297.47,0.7583
mixed,32,24,0.75,4.0,1024,2048,2048,8192,6656,396.256,450.943,446.593,0.9205
mixed,32,24,0.75,4.0,1024,2048,4096,16384,13312,634.879,744.959,735.072,0.9102
mixed,32,24,0.75,4.0,1024,4096,128,512,416,229.663,234.496,229.983,0.0662
mixed,32,24,0.75,4.0,1024,4096,256,1024,832,246.719,256.193,250.945,0.4461
mixed,32,24,0.75,4.0,1024,4096,512,2048,1664,285.695,300.415,293.504,0.5305
mixed,32,24,0.75,4.0,1024,4096,1024,4096,3328,346.784,376.224,368.384,0.7337
mixed,32,24,0.75,4.0,1024,4096,2048,8192,6656,470.975,524.158,517.567,0.8761
mixed,32,24,0.75,4.0,1024,4096,4096,16384,13312,707.231,814.689,807.584,0.9339
mixed,32,24,0.75,4.0,1024,8192,128,512,416,379.904,383.582,381.602,0.4617
mixed,32,24,0.75,4.0,1024,8192,256,1024,832,395.36,402.494,401.374,0.843
mixed,32,24,0.75,4.0,1024,8192,512,2048,1664,434.272,447.426,442.079,0.5935
mixed,32,24,0.75,4.0,1024,8192,1024,4096,3328,493.15,523.647,517.469,0.7974
mixed,32,24,0.75,4.0,1024,8192,2048,8192,6656,614.689,668.541,659.295,0.8283
mixed,32,24,0.75,4.0,1024,8192,4096,16384,13312,852.574,962.654,955.871,0.9384
mixed,32,24,0.75,4.0,2048,0,128,512,416,173.824,176.545,176.031,0.8111
mixed,32,24,0.75,4.0,2048,0,256,1024,832,189.376,197.245,195.904,0.8296
mixed,32,24,0.75,4.0,2048,0,512,2048,1664,222.175,237.792,232.703,0.6741
mixed,32,24,0.75,4.0,2048,0,1024,4096,3328,286.047,313.025,310.495,0.9062
mixed,32,24,0.75,4.0,2048,0,2048,8192,6656,406.176,460.738,457.086,0.9331
mixed,32,24,0.75,4.0,2048,0,4096,16384,13312,640.321,747.582,744.351,0.9699
mixed,32,24,0.75,4.0,2048,512,128,512,416,206.784,210.05,209.504,0.8328
mixed,32,24,0.75,4.0,2048,512,256,1024,832,223.359,230.079,227.199,0.5714
mixed,32,24,0.75,4.0,2048,512,512,2048,1664,256.353,271.487,268.0,0.7696
mixed,32,24,0.75,4.0,2048,512,1024,4096,3328,320.767,347.073,345.09,0.9246
mixed,32,24,0.75,4.0,2048,512,2048,8192,6656,439.711,492.8,494.88,1.0392
mixed,32,24,0.75,4.0,2048,512,4096,16384,13312,675.07,788.127,782.91,0.9539
mixed,32,24,0.75,4.0,2048,1024,128,512,416,244.066,246.689,245.086,0.3889
mixed,32,24,0.75,4.0,2048,1024,256,1024,832,258.399,266.687,264.833,0.7763
mixed,32,24,0.75,4.0,2048,1024,512,2048,1664,293.375,307.169,305.056,0.8468
mixed,32,24,0.75,4.0,2048,1024,1024,4096,3328,356.546,384.285,383.581,0.9746
mixed,32,24,0.75,4.0,2048,1024,2048,8192,6656,477.056,530.174,528.512,0.9687
mixed,32,24,0.75,4.0,2048,1024,4096,16384,13312,711.87,820.639,819.197,0.9867
mixed,32,24,0.75,4.0,2048,2048,128,512,416,317.759,322.624,323.423,1.1642
mixed,32,24,0.75,4.0,2048,2048,256,1024,832,336.414,344.255,339.456,0.388
mixed,32,24,0.75,4.0,2048,2048,512,2048,1664,367.2,381.631,380.477,0.92
mixed,32,24,0.75,4.0,2048,2048,1024,4096,3328,432.478,460.321,457.312,0.8919
mixed,32,24,0.75,4.0,2048,2048,2048,8192,6656,549.153,605.377,601.953,0.9391
mixed,32,24,0.75,4.0,2048,2048,4096,16384,13312,783.838,893.857,895.455,1.0145
mixed,32,24,0.75,4.0,2048,4096,128,512,416,467.647,470.336,467.936,0.1075
mixed,32,24,0.75,4.0,2048,4096,256,1024,832,483.168,490.205,487.808,0.6594
mixed,32,24,0.75,4.0,2048,4096,512,2048,1664,514.146,530.717,529.247,0.9113
mixed,32,24,0.75,4.0,2048,4096,1024,4096,3328,578.144,607.133,604.161,0.8975
mixed,32,24,0.75,4.0,2048,4096,2048,8192,6656,694.718,750.335,749.023,0.9764
mixed,32,24,0.75,4.0,2048,4096,4096,16384,13312,931.614,1044.413,1038.943,0.9515
mixed,32,24,0.75,4.0,2048,8192,128,512,416,737.981,734.399,735.934,
mixed,32,24,0.75,4.0,2048,8192,256,1024,832,762.592,775.041,748.159,-1.1594
mixed,32,24,0.75,4.0,2048,8192,512,2048,1664,799.455,812.993,811.553,0.8936
mixed,32,24,0.75,4.0,2048,8192,1024,4096,3328,862.431,888.286,886.592,0.9345
mixed,32,24,0.75,4.0,2048,8192,2048,8192,6656,982.911,1037.789,1031.359,0.8828
mixed,32,24,0.75,4.0,2048,8192,4096,16384,13312,1215.103,1326.075,1322.269,0.9657
pure,32,29,0.9062,4.0,0,0,128,512,476,48.511,58.657,57.026,0.8392
pure,32,29,0.9062,4.0,0,0,256,1024,952,70.591,74.272,73.344,0.7479
pure,32,29,0.9062,4.0,0,0,512,2048,1904,97.153,101.602,99.903,0.6181
pure,32,29,0.9062,4.0,0,0,1024,4096,3808,141.92,149.889,146.143,0.5299
pure,32,29,0.9062,4.0,0,0,2048,8192,7616,225.502,242.849,236.352,0.6255
pure,32,29,0.9062,4.0,0,0,4096,16384,15232,397.246,425.087,448.412,1.8378
mixed,32,29,0.9062,4.0,16,0,128,512,476,54.431,61.504,60.48,0.8552
mixed,32,29,0.9062,4.0,16,0,256,1024,952,73.407,78.592,75.263,0.358
mixed,32,29,0.9062,4.0,16,0,512,2048,1904,101.536,107.072,101.216,-0.0578
mixed,32,29,0.9062,4.0,16,0,1024,4096,3808,148.095,154.113,148.991,0.1489
mixed,32,29,0.9062,4.0,16,0,2048,8192,7616,232.8,245.471,236.767,0.3131
mixed,32,29,0.9062,4.0,16,0,4096,16384,15232,399.649,428.448,410.239,0.3677
mixed,32,29,0.9062,4.0,16,512,128,512,476,66.751,66.113,63.104,
mixed,32,29,0.9062,4.0,16,512,256,1024,952,77.376,78.752,76.769,-0.4411
mixed,32,29,0.9062,4.0,16,512,512,2048,1904,102.207,107.328,105.566,0.6559
mixed,32,29,0.9062,4.0,16,512,1024,4096,3808,146.305,155.423,148.767,0.27
mixed,32,29,0.9062,4.0,16,512,2048,8192,7616,231.04,246.08,235.583,0.3021
mixed,32,29,0.9062,4.0,16,512,4096,16384,15232,400.799,427.231,409.247,0.3196
mixed,32,29,0.9062,4.0,16,1024,128,512,476,80.129,83.232,66.817,-4.29
mixed,32,29,0.9062,4.0,16,1024,256,1024,952,83.904,81.566,80.576,
mixed,32,29,0.9062,4.0,16,1024,512,2048,1904,108.544,107.65,106.174,
mixed,32,29,0.9062,4.0,16,1024,1024,4096,3808,146.239,154.75,149.823,0.4211
mixed,32,29,0.9062,4.0,16,1024,2048,8192,7616,235.616,246.078,237.856,0.2141
mixed,32,29,0.9062,4.0,16,1024,4096,16384,15232,402.335,427.967,408.893,0.2559
mixed,32,29,0.9062,4.0,16,2048,128,512,476,81.6,84.478,80.001,-0.5556
mixed,32,29,0.9062,4.0,16,2048,256,1024,952,102.464,106.657,81.473,-5.0062
mixed,32,29,0.9062,4.0,16,2048,512,2048,1904,111.39,109.95,103.809,
mixed,32,29,0.9062,4.0,16,2048,1024,4096,3808,152.672,155.711,149.088,-1.1793
mixed,32,29,0.9062,4.0,16,2048,2048,8192,7616,233.279,247.647,235.873,0.1805
mixed,32,29,0.9062,4.0,16,2048,4096,16384,15232,404.992,427.518,409.791,0.213
mixed,32,29,0.9062,4.0,16,4096,128,512,476,82.848,86.082,85.696,0.8806
mixed,32,29,0.9062,4.0,16,4096,256,1024,952,105.024,109.055,96.224,-2.1831
mixed,32,29,0.9062,4.0,16,4096,512,2048,1904,146.816,153.952,109.857,-5.1792
mixed,32,29,0.9062,4.0,16,4096,1024,4096,3808,159.68,159.904,155.135,-20.2902
mixed,32,29,0.9062,4.0,16,4096,2048,8192,7616,246.689,248.318,238.784,-4.8527
mixed,32,29,0.9062,4.0,16,4096,4096,16384,15232,403.232,431.838,412.128,0.311
mixed,32,29,0.9062,4.0,16,8192,128,512,476,78.496,87.905,87.264,0.9319
mixed,32,29,0.9062,4.0,16,8192,256,1024,952,106.592,110.944,110.688,0.9412
mixed,32,29,0.9062,4.0,16,8192,512,2048,1904,143.745,152.543,131.52,-1.3895
mixed,32,29,0.9062,4.0,16,8192,1024,4096,3808,225.185,238.463,155.392,-5.2563
mixed,32,29,0.9062,4.0,16,8192,2048,8192,7616,248.29,254.721,243.421,-0.7571
mixed,32,29,0.9062,4.0,16,8192,4096,16384,15232,425.628,431.488,413.248,-2.1126
mixed,32,29,0.9062,4.0,32,0,128,512,476,54.753,61.249,60.928,0.9506
mixed,32,29,0.9062,4.0,32,0,256,1024,952,74.688,80.415,76.416,0.3017
mixed,32,29,0.9062,4.0,32,0,512,2048,1904,101.505,106.815,103.328,0.3433
mixed,32,29,0.9062,4.0,32,0,1024,4096,3808,146.56,156.385,148.576,0.2052
mixed,32,29,0.9062,4.0,32,0,2048,8192,7616,230.945,247.23,234.144,0.1964
mixed,32,29,0.9062,4.0,32,0,4096,16384,15232,402.88,425.855,411.039,0.3551
mixed,32,29,0.9062,4.0,32,512,128,512,476,79.232,84.099,62.686,-3.3996
mixed,32,29,0.9062,4.0,32,512,256,1024,952,78.977,77.888,76.351,
mixed,32,29,0.9062,4.0,32,512,512,2048,1904,102.687,109.407,104.704,0.3001
mixed,32,29,0.9062,4.0,32,512,1024,4096,3808,149.601,156.96,150.238,0.0866
mixed,32,29,0.9062,4.0,32,512,2048,8192,7616,232.801,246.782,235.874,0.2198
mixed,32,29,0.9062,4.0,32,512,4096,16384,15232,403.424,429.471,409.535,0.2346
mixed,32,29,0.9062,4.0,32,1024,128,512,476,79.583,83.613,80.385,0.199
mixed,32,29,0.9062,4.0,32,1024,256,1024,952,100.318,105.632,79.616,-3.8957
mixed,32,29,0.9062,4.0,32,1024,512,2048,1904,105.729,108.767,102.336,-1.1169
mixed,32,29,0.9062,4.0,32,1024,1024,4096,3808,148.8,156.639,149.023,0.0284
mixed,32,29,0.9062,4.0,32,1024,2048,8192,7616,232.704,246.431,238.207,0.4009
mixed,32,29,0.9062,4.0,32,1024,4096,16384,15232,404.573,430.911,406.432,0.0706
mixed,32,29,0.9062,4.0,32,2048,128,512,476,80.513,83.454,82.88,0.8048
mixed,32,29,0.9062,4.0,32,2048,256,1024,952,101.921,107.488,94.017,-1.4198
mixed,32,29,0.9062,4.0,32,2048,512,2048,1904,143.807,151.968,104.255,-4.8465
mixed,32,29,0.9062,4.0,32,2048,1024,4096,3808,155.84,156.608,148.385,-9.707
mixed,32,29,0.9062,4.0,32,2048,2048,8192,7616,234.177,247.873,237.344,0.2312
mixed,32,29,0.9062,4.0,32,2048,4096,16384,15232,404.512,432.543,409.473,0.177
mixed,32,29,0.9062,4.0,32,4096,128,512,476,73.12,88.032,86.143,0.8733
mixed,32,29,0.9062,4.0,32,4096,256,1024,952,101.345,107.679,107.102,0.9089
mixed,32,29,0.9062,4.0,32,4096,512,2048,1904,144.129,152.096,132.161,-1.5022
mixed,32,29,0.9062,4.0,32,4096,1024,4096,3808,220.896,232.863,155.33,-5.4789
mixed,32,29,0.9062,4.0,32,4096,2048,8192,7616,242.784,248.864,238.207,-0.7528
mixed,32,29,0.9062,4.0,32,4096,4096,16384,15232,405.44,430.943,412.48,0.276
mixed,32,29,0.9062,4.0,32,8192,128,512,476,79.712,82.72,81.345,0.5429
mixed,32,29,0.9062,4.0,32,8192,256,1024,952,103.391,108.096,105.601,0.4697
mixed,32,29,0.9062,4.0,32,8192,512,2048,1904,142.336,149.983,150.464,1.0629
mixed,32,29,0.9062,4.0,32,8192,1024,4096,3808,219.968,232.063,193.633,-2.1773
mixed,32,29,0.9062,4.0,32,8192,2048,8192,7616,377.504,404.223,241.217,-5.1008
mixed,32,29,0.9062,4.0,32,8192,4096,16384,15232,422.559,434.718,411.231,-0.9317
mixed,32,29,0.9062,4.0,64,0,128,512,476,54.816,78.177,61.248,0.2753
mixed,32,29,0.9062,4.0,64,0,256,1024,952,89.825,92.288,77.31,-5.0812
mixed,32,29,0.9062,4.0,64,0,512,2048,1904,113.473,119.327,102.624,-1.8533
mixed,32,29,0.9062,4.0,64,0,1024,4096,3808,158.593,167.296,148.799,-1.1254
mixed,32,29,0.9062,4.0,64,0,2048,8192,7616,237.085,257.281,235.745,-0.0663
mixed,32,29,0.9062,4.0,64,0,4096,16384,15232,406.943,436.51,408.32,0.0466
mixed,32,29,0.9062,4.0,64,512,128,512,476,81.471,84.575,81.248,-0.0718
mixed,32,29,0.9062,4.0,64,512,256,1024,952,99.647,104.671,76.672,-4.573
mixed,32,29,0.9062,4.0,64,512,512,2048,1904,136.897,144.064,104.704,-4.4918
mixed,32,29,0.9062,4.0,64,512,1024,4096,3808,176.415,186.08,147.903,-2.95
mixed,32,29,0.9062,4.0,64,512,2048,8192,7616,271.647,278.783,240.16,-4.4124
mixed,32,29,0.9062,4.0,64,512,4096,16384,15232,430.591,462.079,411.713,-0.5995
mixed,32,29,0.9062,4.0,64,1024,128,512,476,81.183,84.928,85.023,1.0254
mixed,32,29,0.9062,4.0,64,1024,256,1024,952,103.295,106.656,97.537,-1.7132
mixed,32,29,0.9062,4.0,64,1024,512,2048,1904,143.391,151.617,105.666,-4.5861
mixed,32,29,0.9062,4.0,64,1024,1024,4096,3808,195.298,207.136,151.071,-3.736
mixed,32,29,0.9062,4.0,64,1024,2048,8192,7616,287.584,296.832,236.318,-5.5435
mixed,32,29,0.9062,4.0,64,1024,4096,16384,15232,451.136,473.119,411.197,-1.8168
mixed,32,29,0.9062,4.0,64,2048,128,512,476,77.246,87.872,87.68,0.9819
mixed,32,29,0.9062,4.0,64,2048,256,1024,952,103.424,108.095,106.175,0.589
mixed,32,29,0.9062,4.0,64,2048,512,2048,1904,144.64,153.055,134.112,-1.2511
mixed,32,29,0.9062,4.0,64,2048,1024,4096,3808,219.295,233.535,150.433,-4.8358
mixed,32,29,0.9062,4.0,64,2048,2048,8192,7616,323.263,345.376,239.871,-3.7712
mixed,32,29,0.9062,4.0,64,2048,4096,16384,15232,498.401,510.654,409.278,-7.2736
mixed,32,29,0.9062,4.0,64,4096,128,512,476,80.351,86.014,81.92,0.2771
mixed,32,29,0.9062,4.0,64,4096,256,1024,952,103.617,107.073,106.43,0.8139
mixed,32,29,0.9062,4.0,64,4096,512,2048,1904,142.112,151.039,149.503,0.8279
mixed,32,29,0.9062,4.0,64,4096,1024,4096,3808,218.333,236.702,196.64,-1.181
mixed,32,29,0.9062,4.0,64,4096,2048,8192,7616,374.013,399.615,241.31,-5.1833
mixed,32,29,0.9062,4.0,64,4096,4096,16384,15232,564.703,587.774,414.176,-6.5245
mixed,32,29,0.9062,4.0,64,8192,128,512,476,98.623,107.904,100.799,0.2345
mixed,32,29,0.9062,4.0,64,8192,256,1024,952,102.943,107.329,103.199,0.0584
mixed,32,29,0.9062,4.0,64,8192,512,2048,1904,140.349,150.657,149.216,0.8602
mixed,32,29,0.9062,4.0,64,8192,1024,4096,3808,215.135,232.576,227.073,0.6845
mixed,32,29,0.9062,4.0,64,8192,2048,8192,7616,371.71,397.95,321.664,-1.9072
mixed,32,29,0.9062,4.0,64,8192,4096,16384,15232,677.697,720.862,411.518,-6.1665
mixed,32,29,0.9062,4.0,128,0,128,512,476,55.553,78.304,74.08,0.8143
mixed,32,29,0.9062,4.0,128,0,256,1024,952,90.592,93.824,81.921,-2.6829
mixed,32,29,0.9062,4.0,128,0,512,2048,1904,116.223,122.719,105.249,-1.6893
mixed,32,29,0.9062,4.0,128,0,1024,4096,3808,160.318,169.919,153.055,-0.7565
mixed,32,29,0.9062,4.0,128,0,2048,8192,7616,245.759,256.993,237.76,-0.712
mixed,32,29,0.9062,4.0,128,0,4096,16384,15232,410.721,440.319,411.934,0.041
mixed,32,29,0.9062,4.0,128,512,128,512,476,84.64,88.223,88.992,1.2146
mixed,32,29,0.9062,4.0,128,512,256,1024,952,99.552,105.534,96.321,-0.5401
mixed,32,29,0.9062,4.0,128,512,512,2048,1904,135.744,142.621,124.16,-1.6845
mixed,32,29,0.9062,4.0,128,512,1024,4096,3808,178.174,186.72,154.397,-2.7822
mixed,32,29,0.9062,4.0,128,512,2048,8192,7616,259.648,278.272,238.333,-1.1445
mixed,32,29,0.9062,4.0,128,512,4096,16384,15232,431.361,461.086,409.632,-0.731
mixed,32,29,0.9062,4.0,128,1024,128,512,476,76.992,92.674,87.68,0.6815
mixed,32,29,0.9062,4.0,128,1024,256,1024,952,106.56,111.041,108.224,0.3713
mixed,32,29,0.9062,4.0,128,1024,512,2048,1904,141.759,148.767,130.912,-1.5478
mixed,32,29,0.9062,4.0,128,1024,1024,4096,3808,197.218,204.319,165.151,-4.5158
mixed,32,29,0.9062,4.0,128,1024,2048,8192,7616,280.0,297.121,239.007,-2.3943
mixed,32,29,0.9062,4.0,128,1024,4096,16384,15232,445.886,475.68,411.678,-1.1482
mixed,32,29,0.9062,4.0,128,2048,128,512,476,83.615,85.215,84.83,0.7594
mixed,32,29,0.9062,4.0,128,2048,256,1024,952,104.544,111.071,106.304,0.2696
mixed,32,29,0.9062,4.0,128,2048,512,2048,1904,142.208,153.535,150.399,0.7231
mixed,32,29,0.9062,4.0,128,2048,1024,4096,3808,218.206,232.32,195.04,-1.6413
mixed,32,29,0.9062,4.0,128,2048,2048,8192,7616,319.359,331.904,252.351,-5.3414
mixed,32,29,0.9062,4.0,128,2048,4096,16384,15232,484.32,509.952,413.023,-2.7816
mixed,32,29,0.9062,4.0,128,4096,128,512,476,102.144,113.056,111.904,0.8944
mixed,32,29,0.9062,4.0,128,4096,256,1024,952,104.001,106.399,105.343,0.5596
mixed,32,29,0.9062,4.0,128,4096,512,2048,1904,142.367,151.328,148.8,0.7179
mixed,32,29,0.9062,4.0,128,4096,1024,4096,3808,218.493,232.0,231.168,0.9384
mixed,32,29,0.9062,4.0,128,4096,2048,8192,7616,368.608,394.879,319.328,-1.8758
mixed,32,29,0.9062,4.0,128,4096,4096,16384,15232,555.421,578.462,422.751,-5.758
mixed,32,29,0.9062,4.0,128,8192,128,512,476,116.768,116.417,116.67,
mixed,32,29,0.9062,4.0,128,8192,256,1024,952,142.879,150.879,151.008,1.0161
mixed,32,29,0.9062,4.0,128,8192,512,2048,1904,144.736,143.966,142.815,
mixed,32,29,0.9062,4.0,128,8192,1024,4096,3808,215.168,230.24,228.158,0.8619
mixed,32,29,0.9062,4.0,128,8192,2048,8192,7616,370.401,396.032,392.351,0.8564
mixed,32,29,0.9062,4.0,128,8192,4096,16384,15232,669.246,713.247,560.288,-2.4763
mixed,32,29,0.9062,4.0,256,0,128,512,476,57.312,83.68,79.584,0.8447
mixed,32,29,0.9062,4.0,256,0,256,1024,952,91.263,96.8,93.536,0.4105
mixed,32,29,0.9062,4.0,256,0,512,2048,1904,120.321,125.023,122.591,0.4828
mixed,32,29,0.9062,4.0,256,0,1024,4096,3808,164.352,174.113,166.719,0.2425
mixed,32,29,0.9062,4.0,256,0,2048,8192,7616,248.0,262.271,254.943,0.4865
mixed,32,29,0.9062,4.0,256,0,4096,16384,15232,414.88,445.567,423.968,0.2962
mixed,32,29,0.9062,4.0,256,512,128,512,476,77.056,81.535,81.409,0.9719
mixed,32,29,0.9062,4.0,256,512,256,1024,952,100.928,105.247,103.488,0.5927
mixed,32,29,0.9062,4.0,256,512,512,2048,1904,133.792,136.608,138.049,1.5117
mixed,32,29,0.9062,4.0,256,512,1024,4096,3808,179.456,186.398,182.817,0.4842
mixed,32,29,0.9062,4.0,256,512,2048,8192,7616,265.504,278.781,271.777,0.4725
mixed,32,29,0.9062,4.0,256,512,4096,16384,15232,430.527,458.176,439.808,0.3357
mixed,32,29,0.9062,4.0,256,1024,128,512,476,88.32,87.488,87.233,
mixed,32,29,0.9062,4.0,256,1024,256,1024,952,109.314,118.434,114.397,0.5573
mixed,32,29,0.9062,4.0,256,1024,512,2048,1904,140.545,149.088,146.752,0.7266
mixed,32,29,0.9062,4.0,256,1024,1024,4096,3808,189.536,199.521,198.018,0.8495
mixed,32,29,0.9062,4.0,256,1024,2048,8192,7616,278.401,294.334,289.598,0.7028
mixed,32,29,0.9062,4.0,256,1024,4096,16384,15232,445.44,476.64,459.231,0.442
mixed,32,29,0.9062,4.0,256,2048,128,512,476,105.953,118.495,115.55,0.7652
mixed,32,29,0.9062,4.0,256,2048,256,1024,952,108.927,104.864,105.44,
mixed,32,29,0.9062,4.0,256,2048,512,2048,1904,148.959,157.12,155.841,0.8433
mixed,32,29,0.9062,4.0,256,2048,1024,4096,3808,215.102,227.455,227.872,1.0338
mixed,32,29,0.9062,4.0,256,2048,2048,8192,7616,313.728,327.903,328.573,1.0473
mixed,32,29,0.9062,4.0,256,2048,4096,16384,15232,481.406,504.927,494.016,0.5361
mixed,32,29,0.9062,4.0,256,4096,128,512,476,121.119,118.464,119.265,
mixed,32,29,0.9062,4.0,256,4096,256,1024,952,144.8,155.167,154.272,0.9137
mixed,32,29,0.9062,4.0,256,4096,512,2048,1904,148.737,144.063,145.633,
mixed,32,29,0.9062,4.0,256,4096,1024,4096,3808,220.286,236.383,233.888,0.845
mixed,32,29,0.9062,4.0,256,4096,2048,8192,7616,363.008,391.072,386.976,0.854
mixed,32,29,0.9062,4.0,256,4096,4096,16384,15232,547.776,571.229,565.918,0.7735
mixed,32,29,0.9062,4.0,256,8192,128,512,476,173.536,178.944,176.544,0.5562
mixed,32,29,0.9062,4.0,256,8192,256,1024,952,171.873,172.512,172.096,0.349
mixed,32,29,0.9062,4.0,256,8192,512,2048,1904,214.336,232.96,233.183,1.012
mixed,32,29,0.9062,4.0,256,8192,1024,4096,3808,225.057,221.952,220.768,
mixed,32,29,0.9062,4.0,256,8192,2048,8192,7616,370.047,397.696,396.225,0.9468
mixed,32,29,0.9062,4.0,256,8192,4096,16384,15232,658.975,705.917,701.664,0.9094
mixed,32,29,0.9062,4.0,512,0,128,512,476,61.151,79.71,79.231,0.9742
mixed,32,29,0.9062,4.0,512,0,256,1024,952,106.143,111.616,106.976,0.1522
mixed,32,29,0.9062,4.0,512,0,512,2048,1904,134.239,141.248,133.984,-0.0364
mixed,32,29,0.9062,4.0,512,0,1024,4096,3808,178.271,189.25,181.441,0.2887
mixed,32,29,0.9062,4.0,512,0,2048,8192,7616,263.807,282.752,271.04,0.3818
mixed,32,29,0.9062,4.0,512,0,4096,16384,15232,433.344,459.136,442.817,0.3673
mixed,32,29,0.9062,4.0,512,512,128,512,476,115.422,119.552,120.19,1.1545
mixed,32,29,0.9062,4.0,512,512,256,1024,952,96.157,102.622,101.472,0.8221
mixed,32,29,0.9062,4.0,512,512,512,2048,1904,142.816,151.358,147.999,0.6068
mixed,32,29,0.9062,4.0,512,512,1024,4096,3808,191.808,201.855,195.52,0.3695
mixed,32,29,0.9062,4.0,512,512,2048,8192,7616,278.72,296.382,282.622,0.2209
mixed,32,29,0.9062,4.0,512,512,4096,16384,15232,446.464,478.142,452.896,0.203
mixed,32,29,0.9062,4.0,512,1024,128,512,476,126.977,130.24,130.399,1.0487
mixed,32,29,0.9062,4.0,512,1024,256,1024,952,146.11,113.696,151.103,
mixed,32,29,0.9062,4.0,512,1024,512,2048,1904,135.485,160.576,159.745,0.9669
mixed,32,29,0.9062,4.0,512,1024,1024,4096,3808,204.896,214.337,207.297,0.2543
mixed,32,29,0.9062,4.0,512,1024,2048,8192,7616,290.815,311.262,302.208,0.5572
mixed,32,29,0.9062,4.0,512,1024,4096,16384,15232,461.79,486.686,468.958,0.2879
mixed,32,29,0.9062,4.0,512,2048,128,512,476,145.055,148.799,149.408,1.1627
mixed,32,29,0.9062,4.0,512,2048,256,1024,952,166.112,170.048,169.632,0.8943
mixed,32,29,0.9062,4.0,512,2048,512,2048,1904,203.968,153.761,153.312,
mixed,32,29,0.9062,4.0,512,2048,1024,4096,3808,219.712,239.613,237.437,0.8907
mixed,32,29,0.9062,4.0,512,2048,2048,8192,7616,326.593,342.752,335.584,0.5564
mixed,32,29,0.9062,4.0,512,2048,4096,16384,15232,493.633,514.623,507.55,0.663
mixed,32,29,0.9062,4.0,512,4096,128,512,476,184.959,188.193,188.064,0.9601
mixed,32,29,0.9062,4.0,512,4096,256,1024,952,204.032,208.961,209.728,1.1556
mixed,32,29,0.9062,4.0,512,4096,512,2048,1904,244.095,253.567,250.4,0.6656
mixed,32,29,0.9062,4.0,512,4096,1024,4096,3808,232.894,233.022,231.552,-10.4844
mixed,32,29,0.9062,4.0,512,4096,2048,8192,7616,372.705,400.128,397.504,0.9043
mixed,32,29,0.9062,4.0,512,4096,4096,16384,15232,558.4,584.254,578.335,0.7711
mixed,32,29,0.9062,4.0,512,8192,128,512,476,261.823,267.36,265.44,0.6532
mixed,32,29,0.9062,4.0,512,8192,256,1024,952,283.263,288.897,288.765,0.9766
mixed,32,29,0.9062,4.0,512,8192,512,2048,1904,324.256,333.692,331.905,0.8106
mixed,32,29,0.9062,4.0,512,8192,1024,4096,3808,397.762,410.431,409.757,0.9468
mixed,32,29,0.9062,4.0,512,8192,2048,8192,7616,396.736,396.032,397.377,
mixed,32,29,0.9062,4.0,512,8192,4096,16384,15232,668.64,718.623,711.614,0.8598
mixed,32,29,0.9062,4.0,1024,0,128,512,476,91.135,96.384,95.329,0.799
mixed,32,29,0.9062,4.0,1024,0,256,1024,952,112.289,115.871,113.439,0.321
mixed,32,29,0.9062,4.0,1024,0,512,2048,1904,146.177,153.951,151.841,0.7286
mixed,32,29,0.9062,4.0,1024,0,1024,4096,3808,215.04,226.783,225.25,0.8695
mixed,32,29,0.9062,4.0,1024,0,2048,8192,7616,351.072,375.904,372.927,0.8801
mixed,32,29,0.9062,4.0,1024,0,4096,16384,15232,622.977,663.522,661.311,0.9455
mixed,32,29,0.9062,4.0,1024,512,128,512,476,111.488,114.656,112.991,0.4744
mixed,32,29,0.9062,4.0,1024,512,256,1024,952,130.08,133.919,133.697,0.9422
mixed,32,29,0.9062,4.0,1024,512,512,2048,1904,163.007,171.519,170.048,0.8272
mixed,32,29,0.9062,4.0,1024,512,1024,4096,3808,231.168,245.184,245.6,1.0297
mixed,32,29,0.9062,4.0,1024,512,2048,8192,7616,368.064,393.983,390.496,0.8655
mixed,32,29,0.9062,4.0,1024,512,4096,16384,15232,644.734,685.119,681.374,0.9073
mixed,32,29,0.9062,4.0,1024,1024,128,512,476,128.957,132.894,131.745,0.7082
mixed,32,29,0.9062,4.0,1024,1024,256,1024,952,147.202,152.638,151.803,0.8464
mixed,32,29,0.9062,4.0,1024,1024,512,2048,1904,181.087,189.121,187.713,0.8247
mixed,32,29,0.9062,4.0,1024,1024,1024,4096,3808,253.44,266.849,263.072,0.7183
mixed,32,29,0.9062,4.0,1024,1024,2048,8192,7616,389.12,412.926,411.52,0.9409
mixed,32,29,0.9062,4.0,1024,1024,4096,16384,15232,661.533,703.903,700.703,0.9245
mixed,32,29,0.9062,4.0,1024,2048,128,512,476,161.502,164.127,163.071,0.5977
mixed,32,29,0.9062,4.0,1024,2048,256,1024,952,183.361,189.31,186.08,0.4571
mixed,32,29,0.9062,4.0,1024,2048,512,2048,1904,218.176,226.56,223.137,0.5917
mixed,32,29,0.9062,4.0,1024,2048,1024,4096,3808,290.432,304.415,302.625,0.872
mixed,32,29,0.9062,4.0,1024,2048,2048,8192,7616,429.087,454.176,449.12,0.7985
mixed,32,29,0.9062,4.0,1024,2048,4096,16384,15232,702.366,741.792,739.773,0.9488
mixed,32,29,0.9062,4.0,1024,4096,128,512,476,230.368,234.335,232.704,0.5889
mixed,32,29,0.9062,4.0,1024,4096,256,1024,952,251.775,254.847,254.369,0.8444
mixed,32,29,0.9062,4.0,1024,4096,512,2048,1904,289.344,298.975,296.542,0.7474
mixed,32,29,0.9062,4.0,1024,4096,1024,4096,3808,363.168,375.871,373.181,0.7882
mixed,32,29,0.9062,4.0,1024,4096,2048,8192,7616,501.951,524.959,522.272,0.8832
mixed,32,29,0.9062,4.0,1024,4096,4096,16384,15232,771.104,814.591,811.198,0.922
mixed,32,29,0.9062,4.0,1024,8192,128,512,476,382.72,382.751,382.593,-4.0968
mixed,32,29,0.9062,4.0,1024,8192,256,1024,952,403.041,403.709,404.767,2.5838
mixed,32,29,0.9062,4.0,1024,8192,512,2048,1904,438.527,446.238,445.279,0.8756
mixed,32,29,0.9062,4.0,1024,8192,1024,4096,3808,509.599,523.168,520.735,0.8207
mixed,32,29,0.9062,4.0,1024,8192,2048,8192,7616,646.206,667.167,665.566,0.9236
mixed,32,29,0.9062,4.0,1024,8192,4096,16384,15232,919.485,961.404,959.999,0.9665
mixed,32,29,0.9062,4.0,2048,0,128,512,476,174.144,178.656,177.503,0.7445
mixed,32,29,0.9062,4.0,2048,0,256,1024,952,194.112,199.263,196.608,0.4846
mixed,32,29,0.9062,4.0,2048,0,512,2048,1904,231.552,238.046,235.102,0.5467
mixed,32,29,0.9062,4.0,2048,0,1024,4096,3808,299.456,312.991,313.214,1.0165
mixed,32,29,0.9062,4.0,2048,0,2048,8192,7616,438.721,457.663,458.72,1.0558
mixed,32,29,0.9062,4.0,2048,0,4096,16384,15232,707.453,749.182,748.128,0.9747
mixed,32,29,0.9062,4.0,2048,512,128,512,476,208.449,209.694,209.31,0.6916
mixed,32,29,0.9062,4.0,2048,512,256,1024,952,228.415,230.24,228.351,-0.0351
mixed,32,29,0.9062,4.0,2048,512,512,2048,1904,262.752,269.953,268.157,0.7506
mixed,32,29,0.9062,4.0,2048,512,1024,4096,3808,335.262,347.648,347.806,1.0128
mixed,32,29,0.9062,4.0,2048,512,2048,8192,7616,473.437,496.642,493.472,0.8634
mixed,32,29,0.9062,4.0,2048,512,4096,16384,15232,742.526,785.439,784.545,0.9792
mixed,32,29,0.9062,4.0,2048,1024,128,512,476,246.08,246.016,245.856,
mixed,32,29,0.9062,4.0,2048,1024,256,1024,952,262.753,267.425,265.76,0.6436
mixed,32,29,0.9062,4.0,2048,1024,512,2048,1904,300.063,308.512,305.473,0.6403
mixed,32,29,0.9062,4.0,2048,1024,1024,4096,3808,372.896,384.127,383.103,0.9088
mixed,32,29,0.9062,4.0,2048,1024,2048,8192,7616,509.15,529.375,529.279,0.9953
mixed,32,29,0.9062,4.0,2048,1024,4096,16384,15232,779.904,821.215,818.432,0.9326
mixed,32,29,0.9062,4.0,2048,2048,128,512,476,319.839,321.949,321.793,0.9261
mixed,32,29,0.9062,4.0,2048,2048,256,1024,952,342.176,342.527,341.216,-2.735
mixed,32,29,0.9062,4.0,2048,2048,512,2048,1904,376.416,383.006,382.592,0.9372
mixed,32,29,0.9062,4.0,2048,2048,1024,4096,3808,449.407,460.479,459.742,0.9334
mixed,32,29,0.9062,4.0,2048,2048,2048,8192,7616,582.335,604.155,604.544,1.0178
mixed,32,29,0.9062,4.0,2048,2048,4096,16384,15232,854.589,893.183,893.247,1.0017
mixed,32,29,0.9062,4.0,2048,4096,128,512,476,469.053,471.679,470.911,0.7075
mixed,32,29,0.9062,4.0,2048,4096,256,1024,952,488.03,490.015,489.279,0.6292
mixed,32,29,0.9062,4.0,2048,4096,512,2048,1904,521.887,529.181,527.68,0.7942
mixed,32,29,0.9062,4.0,2048,4096,1024,4096,3808,592.352,603.743,602.4,0.8821
mixed,32,29,0.9062,4.0,2048,4096,2048,8192,7616,730.43,751.552,751.49,0.9971
mixed,32,29,0.9062,4.0,2048,4096,4096,16384,15232,998.557,1045.311,1042.592,0.9418
mixed,32,29,0.9062,4.0,2048,8192,128,512,476,735.136,735.71,734.176,-1.6725
mixed,32,29,0.9062,4.0,2048,8192,256,1024,952,768.032,773.439,772.386,0.8053
mixed,32,29,0.9062,4.0,2048,8192,512,2048,1904,806.656,813.085,813.215,1.0202
mixed,32,29,0.9062,4.0,2048,8192,1024,4096,3808,875.584,889.18,885.729,0.7462
mixed,32,29,0.9062,4.0,2048,8192,2048,8192,7616,1010.141,1037.278,1033.502,0.8609
mixed,32,29,0.9062,4.0,2048,8192,4096,16384,15232,1283.933,1324.317,1322.622,0.958
pure,64,1,0.0156,4.0,0,0,128,512,134,43.328,78.977,57.727,0.4039
pure,64,1,0.0156,4.0,0,0,256,1024,268,51.584,109.824,64.031,0.2137
pure,64,1,0.0156,4.0,0,0,512,2048,536,80.448,158.912,86.752,0.0803
pure,64,1,0.0156,4.0,0,0,1024,4096,1072,110.88,250.399,146.464,0.255
pure,64,1,0.0156,4.0,0,0,2048,8192,2144,160.512,434.526,221.567,0.2228
pure,64,1,0.0156,4.0,0,0,4096,16384,4288,255.489,796.321,363.199,0.1992
mixed,64,1,0.0156,4.0,16,0,128,512,134,47.839,82.177,59.776,0.3476
mixed,64,1,0.0156,4.0,16,0,256,1024,268,55.614,114.592,82.943,0.4634
mixed,64,1,0.0156,4.0,16,0,512,2048,536,81.409,162.177,97.824,0.2032
mixed,64,1,0.0156,4.0,16,0,1024,4096,1072,112.834,255.745,128.704,0.111
mixed,64,1,0.0156,4.0,16,0,2048,8192,2144,165.6,434.722,246.526,0.3007
mixed,64,1,0.0156,4.0,16,0,4096,16384,4288,260.704,801.631,415.52,0.2862
mixed,64,1,0.0156,4.0,16,512,128,512,134,67.937,83.005,79.967,0.7984
mixed,64,1,0.0156,4.0,16,512,256,1024,268,69.12,115.521,92.991,0.5145
mixed,64,1,0.0156,4.0,16,512,512,2048,536,84.961,163.904,116.096,0.3944
mixed,64,1,0.0156,4.0,16,512,1024,4096,1072,115.518,257.344,153.28,0.2663
mixed,64,1,0.0156,4.0,16,512,2048,8192,2144,167.551,435.232,244.511,0.2875
mixed,64,1,0.0156,4.0,16,512,4096,16384,4288,263.327,800.83,416.605,0.2852
mixed,64,1,0.0156,4.0,16,1024,128,512,134,79.872,88.192,79.073,-0.096
mixed,64,1,0.0156,4.0,16,1024,256,1024,268,93.151,117.568,93.058,-0.0038
mixed,64,1,0.0156,4.0,16,1024,512,2048,536,86.207,164.16,117.696,0.4039
mixed,64,1,0.0156,4.0,16,1024,1024,4096,1072,114.43,257.535,163.841,0.3453
mixed,64,1,0.0156,4.0,16,1024,2048,8192,2144,169.44,436.158,244.226,0.2804
mixed,64,1,0.0156,4.0,16,1024,4096,16384,4288,262.494,798.686,415.934,0.2862
mixed,64,1,0.0156,4.0,16,2048,128,512,134,79.647,114.911,80.16,0.0145
mixed,64,1,0.0156,4.0,16,2048,256,1024,268,92.544,118.752,91.616,-0.0354
mixed,64,1,0.0156,4.0,16,2048,512,2048,536,117.759,163.777,115.807,-0.0424
mixed,64,1,0.0156,4.0,16,2048,1024,4096,1072,119.071,257.089,166.785,0.3457
mixed,64,1,0.0156,4.0,16,2048,2048,8192,2144,166.176,435.902,248.766,0.3062
mixed,64,1,0.0156,4.0,16,2048,4096,16384,4288,261.536,800.286,416.286,0.2872
mixed,64,1,0.0156,4.0,16,4096,128,512,134,82.749,117.567,82.784,0.001
mixed,64,1,0.0156,4.0,16,4096,256,1024,268,93.696,164.864,93.439,-0.0036
mixed,64,1,0.0156,4.0,16,4096,512,2048,536,121.985,167.87,119.614,-0.0517
mixed,64,1,0.0156,4.0,16,4096,1024,4096,1072,166.911,261.664,164.383,-0.0267
mixed,64,1,0.0156,4.0,16,4096,2048,8192,2144,169.119,442.112,250.623,0.2986
mixed,64,1,0.0156,4.0,16,4096,4096,16384,4288,265.599,799.326,417.053,0.2838
mixed,64,1,0.0156,4.0,16,8192,128,512,134,86.624,118.08,85.536,-0.0346
mixed,64,1,0.0156,4.0,16,8192,256,1024,268,95.392,167.712,95.36,-0.0004
mixed,64,1,0.0156,4.0,16,8192,512,2048,536,120.799,253.63,118.559,-0.0169
mixed,64,1,0.0156,4.0,16,8192,1024,4096,1072,167.777,262.784,169.247,0.0155
mixed,64,1,0.0156,4.0,16,8192,2048,8192,2144,253.759,441.184,252.127,-0.0087
mixed,64,1,0.0156,4.0,16,8192,4096,16384,4288,266.784,801.63,421.247,0.2888
mixed,64,1,0.0156,4.0,32,0,128,512,134,48.512,82.272,74.24,0.7621
mixed,64,1,0.0156,4.0,32,0,256,1024,268,55.743,115.584,83.456,0.4631
mixed,64,1,0.0156,4.0,32,0,512,2048,536,83.232,164.96,100.159,0.2071
mixed,64,1,0.0156,4.0,32,0,1024,4096,1072,115.648,256.351,129.503,0.0985
mixed,64,1,0.0156,4.0,32,0,2048,8192,2144,168.385,439.744,247.615,0.292
mixed,64,1,0.0156,4.0,32,0,4096,16384,4288,262.209,797.76,414.013,0.2835
mixed,64,1,0.0156,4.0,32,512,128,512,134,78.624,82.592,78.4,-0.0565
mixed,64,1,0.0156,4.0,32,512,256,1024,268,93.376,114.559,92.831,-0.0257
mixed,64,1,0.0156,4.0,32,512,512,2048,536,86.047,163.808,114.463,0.3654
mixed,64,1,0.0156,4.0,32,512,1024,4096,1072,116.384,257.439,152.224,0.2541
mixed,64,1,0.0156,4.0,32,512,2048,8192,2144,169.313,439.774,245.537,0.2818
mixed,64,1,0.0156,4.0,32,512,4096,16384,4288,266.208,803.422,414.878,0.2767
mixed,64,1,0.0156,4.0,32,1024,128,512,134,79.136,115.904,79.425,0.0079
mixed,64,1,0.0156,4.0,32,1024,256,1024,268,92.192,114.976,93.121,0.0408
mixed,64,1,0.0156,4.0,32,1024,512,2048,536,119.007,167.294,116.671,-0.0484
mixed,64,1,0.0156,4.0,32,1024,1024,4096,1072,117.28,256.478,161.695,0.3191
mixed,64,1,0.0156,4.0,32,1024,2048,8192,2144,171.584,443.904,243.967,0.2658
mixed,64,1,0.0156,4.0,32,1024,4096,16384,4288,263.073,801.887,414.783,0.2816
mixed,64,1,0.0156,4.0,32,2048,128,512,134,79.776,115.296,79.809,0.0009
mixed,64,1,0.0156,4.0,32,2048,256,1024,268,91.006,166.143,90.53,-0.0063
mixed,64,1,0.0156,4.0,32,2048,512,2048,536,115.488,164.512,114.495,-0.0203
mixed,64,1,0.0156,4.0,32,2048,1024,4096,1072,166.049,259.424,165.056,-0.0106
mixed,64,1,0.0156,4.0,32,2048,2048,8192,2144,166.657,440.064,251.168,0.3091
mixed,64,1,0.0156,4.0,32,2048,4096,16384,4288,263.102,798.975,412.351,0.2785
mixed,64,1,0.0156,4.0,32,4096,128,512,134,81.151,118.399,82.014,0.0232
mixed,64,1,0.0156,4.0,32,4096,256,1024,268,95.168,161.857,95.073,-0.0014
mixed,64,1,0.0156,4.0,32,4096,512,2048,536,118.656,248.767,117.502,-0.0089
mixed,64,1,0.0156,4.0,32,4096,1024,4096,1072,164.384,263.008,162.464,-0.0195
mixed,64,1,0.0156,4.0,32,4096,2048,8192,2144,254.399,444.416,250.911,-0.0184
mixed,64,1,0.0156,4.0,32,4096,4096,16384,4288,261.346,805.886,417.888,0.2875
mixed,64,1,0.0156,4.0,32,8192,128,512,134,83.106,115.775,82.786,-0.0098
mixed,64,1,0.0156,4.0,32,8192,256,1024,268,93.185,163.711,93.823,0.009
mixed,64,1,0.0156,4.0,32,8192,512,2048,536,116.606,246.848,118.081,0.0113
mixed,64,1,0.0156,4.0,32,8192,1024,4096,1072,164.96,417.919,164.863,-0.0004
mixed,64,1,0.0156,4.0,32,8192,2048,8192,2144,248.96,440.256,248.416,-0.0028
mixed,64,1,0.0156,4.0,32,8192,4096,16384,4288,430.016,807.519,417.472,-0.0332
mixed,64,1,0.0156,4.0,64,0,128,512,134,63.487,96.576,73.985,0.3173
mixed,64,1,0.0156,4.0,64,0,256,1024,268,71.617,128.095,82.72,0.1966
mixed,64,1,0.0156,4.0,64,0,512,2048,536,98.496,175.711,98.209,-0.0037
mixed,64,1,0.0156,4.0,64,0,1024,4096,1072,125.565,263.617,128.83,0.0237
mixed,64,1,0.0156,4.0,64,0,2048,8192,2144,181.599,445.118,243.937,0.2366
mixed,64,1,0.0156,4.0,64,0,4096,16384,4288,268.383,800.093,413.918,0.2737
mixed,64,1,0.0156,4.0,64,512,128,512,134,79.904,114.783,78.592,-0.0376
mixed,64,1,0.0156,4.0,64,512,256,1024,268,91.616,146.559,91.488,-0.0023
mixed,64,1,0.0156,4.0,64,512,512,2048,536,115.392,198.239,114.432,-0.0116
mixed,64,1,0.0156,4.0,64,512,1024,4096,1072,154.176,290.496,151.075,-0.0227
mixed,64,1,0.0156,4.0,64,512,2048,8192,2144,197.536,466.208,244.254,0.1739
mixed,64,1,0.0156,4.0,64,512,4096,16384,4288,296.768,822.878,411.262,0.2176
mixed,64,1,0.0156,4.0,64,1024,128,512,134,79.807,112.704,79.648,-0.0048
mixed,64,1,0.0156,4.0,64,1024,256,1024,268,95.074,158.784,92.352,-0.0427
mixed,64,1,0.0156,4.0,64,1024,512,2048,536,115.776,217.889,114.302,-0.0144
mixed,64,1,0.0156,4.0,64,1024,1024,4096,1072,161.216,311.296,161.313,0.0006
mixed,64,1,0.0156,4.0,64,1024,2048,8192,2144,214.593,488.448,239.839,0.0922
mixed,64,1,0.0156,4.0,64,1024,4096,16384,4288,315.104,845.631,409.728,0.1784
mixed,64,1,0.0156,4.0,64,2048,128,512,134,80.8,116.064,80.798,-0.0001
mixed,64,1,0.0156,4.0,64,2048,256,1024,268,92.961,162.688,91.84,-0.0161
mixed,64,1,0.0156,4.0,64,2048,512,2048,536,115.552,245.984,116.48,0.0071
mixed,64,1,0.0156,4.0,64,2048,1024,4096,1072,162.945,348.863,166.4,0.0186
mixed,64,1,0.0156,4.0,64,2048,2048,8192,2144,247.84,523.39,246.143,-0.0062
mixed,64,1,0.0156,4.0,64,2048,4096,16384,4288,353.599,878.494,413.98,0.115
mixed,64,1,0.0156,4.0,64,4096,128,512,134,82.592,115.807,82.496,-0.0029
mixed,64,1,0.0156,4.0,64,4096,256,1024,268,92.896,162.526,95.071,0.0312
mixed,64,1,0.0156,4.0,64,4096,512,2048,536,117.631,246.527,114.847,-0.0216
mixed,64,1,0.0156,4.0,64,4096,1024,4096,1072,162.944,414.11,161.154,-0.0071
mixed,64,1,0.0156,4.0,64,4096,2048,8192,2144,245.698,594.751,245.247,-0.0013
mixed,64,1,0.0156,4.0,64,4096,4096,16384,4288,421.502,961.343,419.198,-0.0043
mixed,64,1,0.0156,4.0,64,8192,128,512,134,102.111,116.447,101.825,-0.0199
mixed,64,1,0.0156,4.0,64,8192,256,1024,268,99.071,158.56,111.422,0.2076
mixed,64,1,0.0156,4.0,64,8192,512,2048,536,116.64,243.711,116.096,-0.0043
mixed,64,1,0.0156,4.0,64,8192,1024,4096,1072,161.601,409.633,160.449,-0.0046
mixed,64,1,0.0156,4.0,64,8192,2048,8192,2144,244.48,737.79,244.736,0.0005
mixed,64,1,0.0156,4.0,64,8192,4096,16384,4288,418.753,1098.431,410.24,-0.0125
mixed,64,1,0.0156,4.0,128,0,128,512,134,62.464,95.17,74.688,0.3738
mixed,64,1,0.0156,4.0,128,0,256,1024,268,69.152,129.184,82.273,0.2186
mixed,64,1,0.0156,4.0,128,0,512,2048,536,95.68,176.831,97.855,0.0268
mixed,64,1,0.0156,4.0,128,0,1024,4096,1072,129.12,264.768,129.568,0.0033
mixed,64,1,0.0156,4.0,128,0,2048,8192,2144,177.694,447.489,241.695,0.2372
mixed,64,1,0.0156,4.0,128,0,4096,16384,4288,276.385,805.854,411.519,0.2552
mixed,64,1,0.0156,4.0,128,512,128,512,134,83.55,112.833,82.368,-0.0404
mixed,64,1,0.0156,4.0,128,512,256,1024,268,94.016,143.71,94.4,0.0077
mixed,64,1,0.0156,4.0,128,512,512,2048,536,112.319,196.704,113.47,0.0136
mixed,64,1,0.0156,4.0,128,512,1024,4096,1072,149.471,286.88,147.649,-0.0133
mixed,64,1,0.0156,4.0,128,512,2048,8192,2144,199.361,460.544,239.615,0.1541
mixed,64,1,0.0156,4.0,128,512,4096,16384,4288,293.345,822.528,407.135,0.215
mixed,64,1,0.0156,4.0,128,1024,128,512,134,81.985,115.904,83.072,0.032
mixed,64,1,0.0156,4.0,128,1024,256,1024,268,94.143,160.029,92.448,-0.0257
mixed,64,1,0.0156,4.0,128,1024,512,2048,536,116.864,214.879,116.414,-0.0046
mixed,64,1,0.0156,4.0,128,1024,1024,4096,1072,160.671,306.145,159.841,-0.0057
mixed,64,1,0.0156,4.0,128,1024,2048,8192,2144,214.304,480.799,235.039,0.0778
mixed,64,1,0.0156,4.0,128,1024,4096,16384,4288,310.08,840.96,403.357,0.1757
mixed,64,1,0.0156,4.0,128,2048,128,512,134,86.498,116.672,86.112,-0.0128
mixed,64,1,0.0156,4.0,128,2048,256,1024,268,93.473,161.6,93.025,-0.0066
mixed,64,1,0.0156,4.0,128,2048,512,2048,536,118.08,244.798,117.76,-0.0025
mixed,64,1,0.0156,4.0,128,2048,1024,4096,1072,161.151,346.11,159.969,-0.0064
mixed,64,1,0.0156,4.0,128,2048,2048,8192,2144,242.944,517.537,245.184,0.0082
mixed,64,1,0.0156,4.0,128,2048,4096,16384,4288,345.983,876.67,403.232,0.1079
mixed,64,1,0.0156,4.0,128,4096,128,512,134,103.168,117.056,102.208,-0.0691
mixed,64,1,0.0156,4.0,128,4096,256,1024,268,113.569,160.479,114.079,0.0109
mixed,64,1,0.0156,4.0,128,4096,512,2048,536,117.12,240.541,117.248,0.001
mixed,64,1,0.0156,4.0,128,4096,1024,4096,1072,159.647,405.633,160.097,0.0018
mixed,64,1,0.0156,4.0,128,4096,2048,8192,2144,242.271,588.126,240.896,-0.004
mixed,64,1,0.0156,4.0,128,4096,4096,16384,4288,409.344,951.357,407.167,-0.004
mixed,64,1,0.0156,4.0,128,8192,128,512,134,124.547,152.737,125.569,0.0363
mixed,64,1,0.0156,4.0,128,8192,256,1024,268,134.59,158.016,135.007,0.0178
mixed,64,1,0.0156,4.0,128,8192,512,2048,536,150.72,237.537,154.816,0.0472
mixed,64,1,0.0156,4.0,128,8192,1024,4096,1072,159.008,404.736,159.264,0.001
mixed,64,1,0.0156,4.0,128,8192,2048,8192,2144,239.808,722.11,239.102,-0.0015
mixed,64,1,0.0156,4.0,128,8192,4096,16384,4288,411.516,1092.127,405.696,-0.0086
mixed,64,1,0.0156,4.0,256,0,128,512,134,67.136,97.022,80.674,0.453
mixed,64,1,0.0156,4.0,256,0,256,1024,268,72.511,130.976,84.768,0.2096
mixed,64,1,0.0156,4.0,256,0,512,2048,536,100.48,177.375,96.928,-0.0462
mixed,64,1,0.0156,4.0,256,0,1024,4096,1072,129.503,269.6,130.464,0.0069
mixed,64,1,0.0156,4.0,256,0,2048,8192,2144,183.329,452.829,238.271,0.2039
mixed,64,1,0.0156,4.0,256,0,4096,16384,4288,279.934,811.04,412.832,0.2502
mixed,64,1,0.0156,4.0,256,512,128,512,134,91.264,112.416,90.113,-0.0544
mixed,64,1,0.0156,4.0,256,512,256,1024,268,99.424,144.511,99.264,-0.0035
mixed,64,1,0.0156,4.0,256,512,512,2048,536,113.184,195.965,112.48,-0.0085
mixed,64,1,0.0156,4.0,256,512,1024,4096,1072,146.241,289.47,143.521,-0.019
mixed,64,1,0.0156,4.0,256,512,2048,8192,2144,192.865,467.678,235.936,0.1567
mixed,64,1,0.0156,4.0,256,512,4096,16384,4288,293.343,825.568,403.744,0.2074
mixed,64,1,0.0156,4.0,256,1024,128,512,134,87.136,119.968,87.391,0.0078
mixed,64,1,0.0156,4.0,256,1024,256,1024,268,95.231,158.561,95.712,0.0076
mixed,64,1,0.0156,4.0,256,1024,512,2048,536,119.486,207.329,118.72,-0.0087
mixed,64,1,0.0156,4.0,256,1024,1024,4096,1072,159.745,302.432,158.432,-0.0092
mixed,64,1,0.0156,4.0,256,1024,2048,8192,2144,209.377,481.344,206.048,-0.0122
mixed,64,1,0.0156,4.0,256,1024,4096,16384,4288,307.678,845.854,402.396,0.176
mixed,64,1,0.0156,4.0,256,2048,128,512,134,108.768,120.256,109.535,0.0668
mixed,64,1,0.0156,4.0,256,2048,256,1024,268,114.625,161.985,107.904,-0.1419
mixed,64,1,0.0156,4.0,256,2048,512,2048,536,120.928,237.151,119.68,-0.0107
mixed,64,1,0.0156,4.0,256,2048,1024,4096,1072,163.167,334.177,161.503,-0.0097
mixed,64,1,0.0156,4.0,256,2048,2048,8192,2144,239.681,515.487,236.096,-0.013
mixed,64,1,0.0156,4.0,256,2048,4096,16384,4288,340.287,866.238,398.368,0.1104
mixed,64,1,0.0156,4.0,256,4096,128,512,134,129.056,151.712,129.121,0.0029
mixed,64,1,0.0156,4.0,256,4096,256,1024,268,139.553,161.247,138.336,-0.0561
mixed,64,1,0.0156,4.0,256,4096,512,2048,536,151.551,241.471,150.496,-0.0117
mixed,64,1,0.0156,4.0,256,4096,1024,4096,1072,160.16,397.376,161.918,0.0074
mixed,64,1,0.0156,4.0,256,4096,2048,8192,2144,243.167,577.823,240.991,-0.0065
mixed,64,1,0.0156,4.0,256,4096,4096,16384,4288,400.414,940.382,397.501,-0.0054
mixed,64,1,0.0156,4.0,256,8192,128,512,134,165.248,185.889,165.408,0.0078
mixed,64,1,0.0156,4.0,256,8192,256,1024,268,171.201,222.592,170.752,-0.0087
mixed,64,1,0.0156,4.0,256,8192,512,2048,536,186.432,239.584,186.56,0.0024
mixed,64,1,0.0156,4.0,256,8192,1024,4096,1072,223.872,401.696,223.551,-0.0018
mixed,64,1,0.0156,4.0,256,8192,2048,8192,2144,240.32,716.093,241.6,0.0027
mixed,64,1,0.0156,4.0,256,8192,4096,16384,4288,410.273,1071.901,402.142,-0.0123
mixed,64,1,0.0156,4.0,512,0,128,512,134,72.606,110.112,85.921,0.355
mixed,64,1,0.0156,4.0,512,0,256,1024,268,83.2,139.008,95.523,0.2208
mixed,64,1,0.0156,4.0,512,0,512,2048,536,111.808,192.832,112.768,0.0118
mixed,64,1,0.0156,4.0,512,0,1024,4096,1072,142.049,278.273,150.528,0.0622
mixed,64,1,0.0156,4.0,512,0,2048,8192,2144,194.56,464.861,240.672,0.1706
mixed,64,1,0.0156,4.0,512,0,4096,16384,4288,287.807,823.646,411.808,0.2314
mixed,64,1,0.0156,4.0,512,512,128,512,134,111.647,118.655,111.072,-0.082
mixed,64,1,0.0156,4.0,512,512,256,1024,268,95.744,151.329,96.322,0.0104
mixed,64,1,0.0156,4.0,512,512,512,2048,536,117.92,202.656,119.711,0.0211
mixed,64,1,0.0156,4.0,512,512,1024,4096,1072,152.223,294.688,155.296,0.0216
mixed,64,1,0.0156,4.0,512,512,2048,8192,2144,205.951,472.384,231.744,0.0968
mixed,64,1,0.0156,4.0,512,512,4096,16384,4288,300.353,831.775,400.544,0.1885
mixed,64,1,0.0156,4.0,512,1024,128,512,134,121.76,118.785,121.344,
mixed,64,1,0.0156,4.0,512,1024,256,1024,268,127.328,161.376,125.344,-0.0583
mixed,64,1,0.0156,4.0,512,1024,512,2048,536,118.653,215.999,119.007,0.0036
mixed,64,1,0.0156,4.0,512,1024,1024,4096,1072,159.968,312.255,162.751,0.0183
mixed,64,1,0.0156,4.0,512,1024,2048,8192,2144,216.223,491.294,226.176,0.0362
mixed,64,1,0.0156,4.0,512,1024,4096,16384,4288,317.759,846.303,398.655,0.1531
mixed,64,1,0.0156,4.0,512,2048,128,512,134,141.023,159.329,140.735,-0.0157
mixed,64,1,0.0156,4.0,512,2048,256,1024,268,146.527,160.862,145.408,-0.0781
mixed,64,1,0.0156,4.0,512,2048,512,2048,536,161.376,241.377,161.888,0.0064
mixed,64,1,0.0156,4.0,512,2048,1024,4096,1072,162.59,343.327,163.487,0.005
mixed,64,1,0.0156,4.0,512,2048,2048,8192,2144,242.751,520.256,243.008,0.0009
mixed,64,1,0.0156,4.0,512,2048,4096,16384,4288,351.199,877.247,392.543,0.0786
mixed,64,1,0.0156,4.0,512,4096,128,512,134,178.88,198.305,178.304,-0.0297
mixed,64,1,0.0156,4.0,512,4096,256,1024,268,183.808,230.589,184.255,0.0096
mixed,64,1,0.0156,4.0,512,4096,512,2048,536,200.704,240.991,200.222,-0.012
mixed,64,1,0.0156,4.0,512,4096,1024,4096,1072,231.362,402.176,231.552,0.0011
mixed,64,1,0.0156,4.0,512,4096,2048,8192,2144,241.537,590.882,241.343,-0.0006
mixed,64,1,0.0156,4.0,512,4096,4096,16384,4288,411.138,943.327,405.023,-0.0115
mixed,64,1,0.0156,4.0,512,8192,128,512,134,256.416,277.664,256.928,0.0241
mixed,64,1,0.0156,4.0,512,8192,256,1024,268,263.005,303.648,262.752,-0.0062
mixed,64,1,0.0156,4.0,512,8192,512,2048,536,276.224,352.095,275.681,-0.0072
mixed,64,1,0.0156,4.0,512,8192,1024,4096,1072,304.255,405.692,305.153,0.0089
mixed,64,1,0.0156,4.0,512,8192,2048,8192,2144,359.263,715.998,357.279,-0.0056
mixed,64,1,0.0156,4.0,512,8192,4096,16384,4288,415.362,1081.505,409.535,-0.0087
mixed,64,1,0.0156,4.0,1024,0,128,512,134,95.424,120.16,97.15,0.0698
mixed,64,1,0.0156,4.0,1024,0,256,1024,268,106.784,144.864,107.84,0.0277
mixed,64,1,0.0156,4.0,1024,0,512,2048,536,119.136,191.966,126.559,0.1019
mixed,64,1,0.0156,4.0,1024,0,1024,4096,1072,148.801,285.504,208.833,0.4391
mixed,64,1,0.0156,4.0,1024,0,2048,8192,2144,199.199,464.671,367.007,0.6321
mixed,64,1,0.0156,4.0,1024,0,4096,16384,4288,293.023,821.023,673.343,0.7203
mixed,64,1,0.0156,4.0,1024,512,128,512,134,112.706,137.952,114.271,0.062
mixed,64,1,0.0156,4.0,1024,512,256,1024,268,125.183,164.608,124.255,-0.0235
mixed,64,1,0.0156,4.0,1024,512,512,2048,536,138.049,209.055,137.313,-0.0104
mixed,64,1,0.0156,4.0,1024,512,1024,4096,1072,165.119,301.889,208.001,0.3135
mixed,64,1,0.0156,4.0,1024,512,2048,8192,2144,214.912,479.391,368.606,0.5811
mixed,64,1,0.0156,4.0,1024,512,4096,16384,4288,312.128,842.622,671.613,0.6776
mixed,64,1,0.0156,4.0,1024,1024,128,512,134,132.064,155.489,130.879,-0.0506
mixed,64,1,0.0156,4.0,1024,1024,256,1024,268,140.8,179.936,139.616,-0.0303
mixed,64,1,0.0156,4.0,1024,1024,512,2048,536,157.152,229.408,154.846,-0.0319
mixed,64,1,0.0156,4.0,1024,1024,1024,4096,1072,181.376,321.951,207.774,0.1878
mixed,64,1,0.0156,4.0,1024,1024,2048,8192,2144,234.113,501.152,373.087,0.5204
mixed,64,1,0.0156,4.0,1024,1024,4096,16384,4288,328.032,848.319,673.63,0.6642
mixed,64,1,0.0156,4.0,1024,2048,128,512,134,168.384,187.329,167.073,-0.0692
mixed,64,1,0.0156,4.0,1024,2048,256,1024,268,174.495,215.104,175.264,0.0189
mixed,64,1,0.0156,4.0,1024,2048,512,2048,536,189.152,269.889,193.6,0.0551
mixed,64,1,0.0156,4.0,1024,2048,1024,4096,1072,217.214,352.895,216.542,-0.005
mixed,64,1,0.0156,4.0,1024,2048,2048,8192,2144,267.584,531.423,370.174,0.3888
mixed,64,1,0.0156,4.0,1024,2048,4096,16384,4288,361.694,887.392,673.181,0.5925
mixed,64,1,0.0156,4.0,1024,4096,128,512,134,236.993,259.554,236.574,-0.0186
mixed,64,1,0.0156,4.0,1024,4096,256,1024,268,248.641,286.656,247.073,-0.0412
mixed,64,1,0.0156,4.0,1024,4096,512,2048,536,261.343,336.993,262.24,0.0119
mixed,64,1,0.0156,4.0,1024,4096,1024,4096,1072,285.441,424.253,290.719,0.038
mixed,64,1,0.0156,4.0,1024,4096,2048,8192,2144,340.736,596.705,370.528,0.1164
mixed,64,1,0.0156,4.0,1024,4096,4096,16384,4288,427.36,961.374,671.68,0.4575
mixed,64,1,0.0156,4.0,1024,8192,128,512,134,386.4,408.032,383.456,-0.1361
mixed,64,1,0.0156,4.0,1024,8192,256,1024,268,395.809,433.855,393.631,-0.0572
mixed,64,1,0.0156,4.0,1024,8192,512,2048,536,406.975,481.185,404.768,-0.0297
mixed,64,1,0.0156,4.0,1024,8192,1024,4096,1072,433.727,565.534,435.168,0.0109
mixed,64,1,0.0156,4.0,1024,8192,2048,8192,2144,481.119,744.127,487.455,0.0241
mixed,64,1,0.0156,4.0,1024,8192,4096,16384,4288,574.205,1108.701,674.017,0.1867
mixed,64,1,0.0156,4.0,2048,0,128,512,134,168.479,188.382,168.928,0.0226
mixed,64,1,0.0156,4.0,2048,0,256,1024,268,175.2,216.609,182.208,0.1692
mixed,64,1,0.0156,4.0,2048,0,512,2048,536,189.695,269.728,227.135,0.4678
mixed,64,1,0.0156,4.0,2048,0,1024,4096,1072,219.07,361.823,311.552,0.6478
mixed,64,1,0.0156,4.0,2048,0,2048,8192,2144,274.495,535.52,472.99,0.7604
mixed,64,1,0.0156,4.0,2048,0,4096,16384,4288,371.614,893.662,783.008,0.788
mixed,64,1,0.0156,4.0,2048,512,128,512,134,204.608,223.52,205.088,0.0254
mixed,64,1,0.0156,4.0,2048,512,256,1024,268,210.975,252.639,211.264,0.0069
mixed,64,1,0.0156,4.0,2048,512,512,2048,536,225.856,301.855,243.807,0.2362
mixed,64,1,0.0156,4.0,2048,512,1024,4096,1072,255.455,394.656,331.936,0.5494
mixed,64,1,0.0156,4.0,2048,512,2048,8192,2144,310.334,575.583,489.762,0.6765
mixed,64,1,0.0156,4.0,2048,512,4096,16384,4288,401.986,933.28,793.599,0.7371
mixed,64,1,0.0156,4.0,2048,1024,128,512,134,240.319,260.063,241.182,0.0437
mixed,64,1,0.0156,4.0,2048,1024,256,1024,268,246.079,287.167,243.711,-0.0576
mixed,64,1,0.0156,4.0,2048,1024,512,2048,536,260.383,338.465,261.982,0.0205
mixed,64,1,0.0156,4.0,2048,1024,1024,4096,1072,288.448,429.216,349.118,0.431
mixed,64,1,0.0156,4.0,2048,1024,2048,8192,2144,343.07,610.526,508.002,0.6167
mixed,64,1,0.0156,4.0,2048,1024,4096,16384,4288,438.749,966.718,810.176,0.7035
mixed,64,1,0.0156,4.0,2048,2048,128,512,134,316.863,332.865,317.121,0.0161
mixed,64,1,0.0156,4.0,2048,2048,256,1024,268,322.88,360.001,320.16,-0.0733
mixed,64,1,0.0156,4.0,2048,2048,512,2048,536,335.741,411.967,333.951,-0.0235
mixed,64,1,0.0156,4.0,2048,2048,1024,4096,1072,365.152,502.88,384.191,0.1382
mixed,64,1,0.0156,4.0,2048,2048,2048,8192,2144,414.08,681.215,543.84,0.4857
mixed,64,1,0.0156,4.0,2048,2048,4096,16384,4288,508.83,1044.03,849.215,0.636
mixed,64,1,0.0156,4.0,2048,4096,128,512,134,464.801,480.48,462.558,-0.1431
mixed,64,1,0.0156,4.0,2048,4096,256,1024,268,472.513,506.752,470.112,-0.0701
mixed,64,1,0.0156,4.0,2048,4096,512,2048,536,484.317,555.742,481.471,-0.0398
mixed,64,1,0.0156,4.0,2048,4096,1024,4096,1072,511.392,643.87,510.111,-0.0097
mixed,64,1,0.0156,4.0,2048,4096,2048,8192,2144,557.95,819.741,617.022,0.2256
mixed,64,1,0.0156,4.0,2048,4096,4096,16384,4288,656.19,1178.046,922.112,0.5096
mixed,64,1,0.0156,4.0,2048,8192,128,512,134,737.469,764.252,736.928,-0.0202
mixed,64,1,0.0156,4.0,2048,8192,256,1024,268,755.008,784.96,752.319,-0.0898
mixed,64,1,0.0156,4.0,2048,8192,512,2048,536,769.697,828.126,765.022,-0.08
mixed,64,1,0.0156,4.0,2048,8192,1024,4096,1072,787.581,915.005,786.208,-0.0108
mixed,64,1,0.0156,4.0,2048,8192,2048,8192,2144,830.174,1092.767,831.966,0.0068
mixed,64,1,0.0156,4.0,2048,8192,4096,16384,4288,920.191,1451.806,1049.949,0.2441
pure,64,2,0.0312,4.0,0,0,128,512,140,45.374,79.104,57.954,0.373
pure,64,2,0.0312,4.0,0,0,256,1024,280,53.92,111.231,81.985,0.4897
pure,64,2,0.0312,4.0,0,0,512,2048,560,78.85,155.777,107.134,0.3677
pure,64,2,0.0312,4.0,0,0,1024,4096,1120,112.127,248.831,148.287,0.2645
pure,64,2,0.0312,4.0,0,0,2048,8192,2240,164.384,435.104,221.089,0.2095
pure,64,2,0.0312,4.0,0,0,4096,16384,4480,269.152,799.581,362.88,0.1767
mixed,64,2,0.0312,4.0,16,0,128,512,140,48.064,83.294,73.184,0.713
mixed,64,2,0.0312,4.0,16,0,256,1024,280,55.583,111.647,88.801,0.5925
mixed,64,2,0.0312,4.0,16,0,512,2048,560,83.711,165.632,114.016,0.3699
mixed,64,2,0.0312,4.0,16,0,1024,4096,1120,117.6,256.768,161.794,0.3176
mixed,64,2,0.0312,4.0,16,0,2048,8192,2240,169.857,436.607,248.257,0.2939
mixed,64,2,0.0312,4.0,16,0,4096,16384,4480,269.503,795.841,420.863,0.2876
mixed,64,2,0.0312,4.0,16,512,128,512,140,68.097,82.527,78.464,0.7184
mixed,64,2,0.0312,4.0,16,512,256,1024,280,68.96,111.618,93.407,0.5731
mixed,64,2,0.0312,4.0,16,512,512,2048,560,87.039,163.936,114.367,0.3554
mixed,64,2,0.0312,4.0,16,512,1024,4096,1120,117.471,254.368,161.919,0.3247
mixed,64,2,0.0312,4.0,16,512,2048,8192,2240,170.911,435.071,251.552,0.3053
mixed,64,2,0.0312,4.0,16,512,4096,16384,4480,271.361,802.719,420.829,0.2813
mixed,64,2,0.0312,4.0,16,1024,128,512,140,80.16,85.119,78.72,-0.2904
mixed,64,2,0.0312,4.0,16,1024,256,1024,280,94.496,117.824,91.614,-0.1235
mixed,64,2,0.0312,4.0,16,1024,512,2048,560,86.72,164.768,119.071,0.4145
mixed,64,2,0.0312,4.0,16,1024,1024,4096,1120,118.208,257.823,164.353,0.3305
mixed,64,2,0.0312,4.0,16,1024,2048,8192,2240,170.335,437.823,250.464,0.2996
mixed,64,2,0.0312,4.0,16,1024,4096,16384,4480,273.567,798.27,418.655,0.2765
mixed,64,2,0.0312,4.0,16,2048,128,512,140,80.448,115.487,79.358,-0.0311
mixed,64,2,0.0312,4.0,16,2048,256,1024,280,93.28,116.864,92.447,-0.0353
mixed,64,2,0.0312,4.0,16,2048,512,2048,560,118.367,167.553,117.697,-0.0136
mixed,64,2,0.0312,4.0,16,2048,1024,4096,1120,119.489,258.625,165.599,0.3314
mixed,64,2,0.0312,4.0,16,2048,2048,8192,2240,171.616,435.457,249.439,0.295
mixed,64,2,0.0312,4.0,16,2048,4096,16384,4480,275.199,797.695,418.014,0.2733
mixed,64,2,0.0312,4.0,16,4096,128,512,140,82.368,117.119,83.519,0.0331
mixed,64,2,0.0312,4.0,16,4096,256,1024,280,94.305,166.048,94.047,-0.0036
mixed,64,2,0.0312,4.0,16,4096,512,2048,560,118.496,167.553,119.264,0.0157
mixed,64,2,0.0312,4.0,16,4096,1024,4096,1120,168.543,257.824,165.984,-0.0287
mixed,64,2,0.0312,4.0,16,4096,2048,8192,2240,173.727,437.185,252.128,0.2976
mixed,64,2,0.0312,4.0,16,4096,4096,16384,4480,272.351,800.158,420.065,0.2799
mixed,64,2,0.0312,4.0,16,8192,128,512,140,85.759,118.624,85.472,-0.0087
mixed,64,2,0.0312,4.0,16,8192,256,1024,280,95.648,167.935,94.722,-0.0128
mixed,64,2,0.0312,4.0,16,8192,512,2048,560,121.983,253.792,119.903,-0.0158
mixed,64,2,0.0312,4.0,16,8192,1024,4096,1120,169.407,263.967,168.641,-0.0081
mixed,64,2,0.0312,4.0,16,8192,2048,8192,2240,260.926,441.919,253.118,-0.0431
mixed,64,2,0.0312,4.0,16,8192,4096,16384,4480,279.873,799.392,422.815,0.2751
mixed,64,2,0.0312,4.0,32,0,128,512,140,47.615,81.985,74.24,0.7747
mixed,64,2,0.0312,4.0,32,0,256,1024,280,55.967,113.119,91.042,0.6137
mixed,64,2,0.0312,4.0,32,0,512,2048,560,83.297,162.528,115.616,0.4079
mixed,64,2,0.0312,4.0,32,0,1024,4096,1120,117.28,260.417,164.319,0.3286
mixed,64,2,0.0312,4.0,32,0,2048,8192,2240,167.423,438.783,249.248,0.3015
mixed,64,2,0.0312,4.0,32,0,4096,16384,4480,273.216,799.39,417.537,0.2743
mixed,64,2,0.0312,4.0,32,512,128,512,140,79.039,82.657,77.824,-0.3358
mixed,64,2,0.0312,4.0,32,512,256,1024,280,92.833,114.943,92.192,-0.029
mixed,64,2,0.0312,4.0,32,512,512,2048,560,85.76,163.742,115.582,0.3824
mixed,64,2,0.0312,4.0,32,512,1024,4096,1120,114.433,257.535,163.488,0.3428
mixed,64,2,0.0312,4.0,32,512,2048,8192,2240,171.329,438.75,252.001,0.3017
mixed,64,2,0.0312,4.0,32,512,4096,16384,4480,273.92,804.924,417.79,0.2709
mixed,64,2,0.0312,4.0,32,1024,128,512,140,78.432,115.967,79.808,0.0367
mixed,64,2,0.0312,4.0,32,1024,256,1024,280,91.776,116.029,93.023,0.0514
mixed,64,2,0.0312,4.0,32,1024,512,2048,560,119.104,167.104,117.183,-0.04
mixed,64,2,0.0312,4.0,32,1024,1024,4096,1120,114.975,257.697,166.304,0.3596
mixed,64,2,0.0312,4.0,32,1024,2048,8192,2240,172.638,438.751,247.776,0.2824
mixed,64,2,0.0312,4.0,32,1024,4096,16384,4480,273.76,802.909,415.198,0.2673
mixed,64,2,0.0312,4.0,32,2048,128,512,140,80.354,114.591,80.126,-0.0067
mixed,64,2,0.0312,4.0,32,2048,256,1024,280,91.168,168.256,92.961,0.0233
mixed,64,2,0.0312,4.0,32,2048,512,2048,560,116.926,165.503,115.904,-0.021
mixed,64,2,0.0312,4.0,32,2048,1024,4096,1120,165.344,260.351,165.505,0.0017
mixed,64,2,0.0312,4.0,32,2048,2048,8192,2240,173.119,438.91,249.439,0.2871
mixed,64,2,0.0312,4.0,32,2048,4096,16384,4480,274.334,799.23,416.128,0.2701
mixed,64,2,0.0312,4.0,32,4096,128,512,140,82.88,116.993,82.175,-0.0207
mixed,64,2,0.0312,4.0,32,4096,256,1024,280,95.936,162.272,95.102,-0.0126
mixed,64,2,0.0312,4.0,32,4096,512,2048,560,119.005,251.425,117.345,-0.0125
mixed,64,2,0.0312,4.0,32,4096,1024,4096,1120,165.28,258.176,164.736,-0.0059
mixed,64,2,0.0312,4.0,32,4096,2048,8192,2240,261.152,443.711,251.296,-0.054
mixed,64,2,0.0312,4.0,32,4096,4096,16384,4480,277.76,800.478,420.352,0.2728
mixed,64,2,0.0312,4.0,32,8192,128,512,140,83.328,117.248,83.295,-0.001
mixed,64,2,0.0312,4.0,32,8192,256,1024,280,93.249,164.866,93.984,0.0103
mixed,64,2,0.0312,4.0,32,8192,512,2048,560,118.048,248.929,117.216,-0.0064
mixed,64,2,0.0312,4.0,32,8192,1024,4096,1120,165.664,417.44,163.808,-0.0074
mixed,64,2,0.0312,4.0,32,8192,2048,8192,2240,259.487,443.999,249.343,-0.055
mixed,64,2,0.0312,4.0,32,8192,4096,16384,4480,441.279,801.664,420.414,-0.0579
mixed,64,2,0.0312,4.0,64,0,128,512,140,63.809,94.945,74.529,0.3443
mixed,64,2,0.0312,4.0,64,0,256,1024,280,69.888,125.503,90.784,0.3757
mixed,64,2,0.0312,4.0,64,0,512,2048,560,101.602,177.182,115.904,0.1892
mixed,64,2,0.0312,4.0,64,0,1024,4096,1120,132.0,265.565,165.055,0.2475
mixed,64,2,0.0312,4.0,64,0,2048,8192,2240,185.058,444.095,246.911,0.2388
mixed,64,2,0.0312,4.0,64,0,4096,16384,4480,290.272,804.542,420.48,0.2532
mixed,64,2,0.0312,4.0,64,512,128,512,140,78.818,113.952,80.385,0.0446
mixed,64,2,0.0312,4.0,64,512,256,1024,280,92.03,147.838,92.002,-0.0005
mixed,64,2,0.0312,4.0,64,512,512,2048,560,116.511,198.911,114.017,-0.0303
mixed,64,2,0.0312,4.0,64,512,1024,4096,1120,150.783,287.933,161.279,0.0765
mixed,64,2,0.0312,4.0,64,512,2048,8192,2240,203.937,469.309,248.542,0.1681
mixed,64,2,0.0312,4.0,64,512,4096,16384,4480,298.143,827.519,420.127,0.2304
mixed,64,2,0.0312,4.0,64,1024,128,512,140,80.225,113.823,80.0,-0.0067
mixed,64,2,0.0312,4.0,64,1024,256,1024,280,94.239,162.142,93.791,-0.0066
mixed,64,2,0.0312,4.0,64,1024,512,2048,560,115.36,215.969,116.16,0.008
mixed,64,2,0.0312,4.0,64,1024,1024,4096,1120,166.592,310.751,164.864,-0.012
mixed,64,2,0.0312,4.0,64,1024,2048,8192,2240,226.433,488.479,248.831,0.0855
mixed,64,2,0.0312,4.0,64,1024,4096,16384,4480,325.055,849.023,417.248,0.176
mixed,64,2,0.0312,4.0,64,2048,128,512,140,82.176,115.778,80.863,-0.0391
mixed,64,2,0.0312,4.0,64,2048,256,1024,280,91.455,165.024,92.384,0.0126
mixed,64,2,0.0312,4.0,64,2048,512,2048,560,116.575,246.623,116.896,0.0025
mixed,64,2,0.0312,4.0,64,2048,1024,4096,1120,164.863,347.712,162.752,-0.0115
mixed,64,2,0.0312,4.0,64,2048,2048,8192,2240,257.663,526.431,250.784,-0.0256
mixed,64,2,0.0312,4.0,64,2048,4096,16384,4480,366.814,881.883,416.001,0.0955
mixed,64,2,0.0312,4.0,64,4096,128,512,140,82.336,115.168,82.111,-0.0069
mixed,64,2,0.0312,4.0,64,4096,256,1024,280,93.439,162.046,93.536,0.0014
mixed,64,2,0.0312,4.0,64,4096,512,2048,560,116.0,245.568,117.953,0.0151
mixed,64,2,0.0312,4.0,64,4096,1024,4096,1120,164.736,414.526,161.408,-0.0133
mixed,64,2,0.0312,4.0,64,4096,2048,8192,2240,255.743,600.16,247.936,-0.0227
mixed,64,2,0.0312,4.0,64,4096,4096,16384,4480,437.727,960.318,417.276,-0.0391
mixed,64,2,0.0312,4.0,64,8192,128,512,140,102.304,115.68,103.105,0.0599
mixed,64,2,0.0312,4.0,64,8192,256,1024,280,99.839,157.889,112.671,0.2211
mixed,64,2,0.0312,4.0,64,8192,512,2048,560,117.087,244.703,115.584,-0.0118
mixed,64,2,0.0312,4.0,64,8192,1024,4096,1120,161.824,409.472,161.566,-0.001
mixed,64,2,0.0312,4.0,64,8192,2048,8192,2240,255.07,737.344,247.232,-0.0163
mixed,64,2,0.0312,4.0,64,8192,4096,16384,4480,430.143,1104.926,412.382,-0.0263
mixed,64,2,0.0312,4.0,128,0,128,512,140,62.976,97.6,74.495,0.3327
mixed,64,2,0.0312,4.0,128,0,256,1024,280,70.592,127.2,87.808,0.3041
mixed,64,2,0.0312,4.0,128,0,512,2048,560,100.448,178.209,114.208,0.177
mixed,64,2,0.0312,4.0,128,0,1024,4096,1120,129.217,264.833,163.551,0.2532
mixed,64,2,0.0312,4.0,128,0,2048,8192,2240,184.223,446.687,248.063,0.2432
mixed,64,2,0.0312,4.0,128,0,4096,16384,4480,280.351,803.711,418.24,0.2635
mixed,64,2,0.0312,4.0,128,512,128,512,140,82.945,111.616,81.983,-0.0336
mixed,64,2,0.0312,4.0,128,512,256,1024,280,94.496,145.312,88.769,-0.1127
mixed,64,2,0.0312,4.0,128,512,512,2048,560,114.496,193.119,114.625,0.0016
mixed,64,2,0.0312,4.0,128,512,1024,4096,1120,149.407,288.926,160.16,0.0771
mixed,64,2,0.0312,4.0,128,512,2048,8192,2240,198.942,460.449,244.993,0.1761
mixed,64,2,0.0312,4.0,128,512,4096,16384,4480,304.576,820.35,418.08,0.2201
mixed,64,2,0.0312,4.0,128,1024,128,512,140,83.104,116.673,84.257,0.0343
mixed,64,2,0.0312,4.0,128,1024,256,1024,280,94.111,162.558,93.921,-0.0028
mixed,64,2,0.0312,4.0,128,1024,512,2048,560,118.464,212.704,115.934,-0.0268
mixed,64,2,0.0312,4.0,128,1024,1024,4096,1120,163.392,305.024,161.343,-0.0145
mixed,64,2,0.0312,4.0,128,1024,2048,8192,2240,214.941,484.992,245.023,0.1114
mixed,64,2,0.0312,4.0,128,1024,4096,16384,4480,322.304,841.503,417.408,0.1832
mixed,64,2,0.0312,4.0,128,2048,128,512,140,86.177,116.798,86.175,-0.0001
mixed,64,2,0.0312,4.0,128,2048,256,1024,280,94.368,160.767,93.343,-0.0154
mixed,64,2,0.0312,4.0,128,2048,512,2048,560,119.071,242.432,116.798,-0.0184
mixed,64,2,0.0312,4.0,128,2048,1024,4096,1120,164.097,338.529,160.99,-0.0178
mixed,64,2,0.0312,4.0,128,2048,2048,8192,2240,247.295,511.036,243.008,-0.0163
mixed,64,2,0.0312,4.0,128,2048,4096,16384,4480,358.975,872.063,415.136,0.1095
mixed,64,2,0.0312,4.0,128,4096,128,512,140,101.473,117.248,101.92,0.0283
mixed,64,2,0.0312,4.0,128,4096,256,1024,280,116.48,159.521,115.616,-0.0201
mixed,64,2,0.0312,4.0,128,4096,512,2048,560,121.729,240.64,117.344,-0.0369
mixed,64,2,0.0312,4.0,128,4096,1024,4096,1120,161.152,403.68,159.359,-0.0074
mixed,64,2,0.0312,4.0,128,4096,2048,8192,2240,250.911,590.242,241.788,-0.0269
mixed,64,2,0.0312,4.0,128,4096,4096,16384,4480,428.386,942.751,409.856,-0.036
mixed,64,2,0.0312,4.0,128,8192,128,512,140,125.566,152.386,125.44,-0.0047
mixed,64,2,0.0312,4.0,128,8192,256,1024,280,135.039,159.936,125.119,-0.3984
mixed,64,2,0.0312,4.0,128,8192,512,2048,560,150.303,239.008,152.64,0.0263
mixed,64,2,0.0312,4.0,128,8192,1024,4096,1120,159.295,405.664,182.081,0.0925
mixed,64,2,0.0312,4.0,128,8192,2048,8192,2240,250.078,724.477,241.214,-0.0187
mixed,64,2,0.0312,4.0,128,8192,4096,16384,4480,423.519,1086.88,405.215,-0.0276
mixed,64,2,0.0312,4.0,256,0,128,512,140,67.904,97.215,78.112,0.3483
mixed,64,2,0.0312,4.0,256,0,256,1024,280,73.442,130.783,90.048,0.2896
mixed,64,2,0.0312,4.0,256,0,512,2048,560,102.848,180.416,114.879,0.1551
mixed,64,2,0.0312,4.0,256,0,1024,4096,1120,133.152,271.617,165.119,0.2309
mixed,64,2,0.0312,4.0,256,0,2048,8192,2240,186.238,450.591,249.247,0.2384
mixed,64,2,0.0312,4.0,256,0,4096,16384,4480,284.8,817.405,418.719,0.2514
mixed,64,2,0.0312,4.0,256,512,128,512,140,89.407,112.35,89.568,0.007
mixed,64,2,0.0312,4.0,256,512,256,1024,280,99.488,146.624,98.079,-0.0299
mixed,64,2,0.0312,4.0,256,512,512,2048,560,113.985,193.152,114.271,0.0036
mixed,64,2,0.0312,4.0,256,512,1024,4096,1120,145.953,285.824,154.368,0.0602
mixed,64,2,0.0312,4.0,256,512,2048,8192,2240,200.288,468.894,245.534,0.1684
mixed,64,2,0.0312,4.0,256,512,4096,16384,4480,299.455,821.6,417.599,0.2263
mixed,64,2,0.0312,4.0,256,1024,128,512,140,86.976,118.176,87.199,0.0071
mixed,64,2,0.0312,4.0,256,1024,256,1024,280,96.03,158.657,103.745,0.1232
mixed,64,2,0.0312,4.0,256,1024,512,2048,560,121.089,207.103,118.497,-0.0301
mixed,64,2,0.0312,4.0,256,1024,1024,4096,1120,158.047,303.646,157.825,-0.0015
mixed,64,2,0.0312,4.0,256,1024,2048,8192,2240,209.344,480.992,242.464,0.1219
mixed,64,2,0.0312,4.0,256,1024,4096,16384,4480,316.672,840.544,410.268,0.1787
mixed,64,2,0.0312,4.0,256,2048,128,512,140,109.824,119.072,110.081,0.0278
mixed,64,2,0.0312,4.0,256,2048,256,1024,280,115.583,162.497,106.047,-0.2033
mixed,64,2,0.0312,4.0,256,2048,512,2048,560,119.777,236.352,134.081,0.1227
mixed,64,2,0.0312,4.0,256,2048,1024,4096,1120,162.018,336.96,162.816,0.0046
mixed,64,2,0.0312,4.0,256,2048,2048,8192,2240,245.311,511.967,238.08,-0.0271
mixed,64,2,0.0312,4.0,256,2048,4096,16384,4480,354.687,873.406,407.452,0.1017
mixed,64,2,0.0312,4.0,256,4096,128,512,140,129.346,150.208,127.936,-0.0676
mixed,64,2,0.0312,4.0,256,4096,256,1024,280,138.752,161.599,138.24,-0.0224
mixed,64,2,0.0312,4.0,256,4096,512,2048,560,151.104,241.183,150.945,-0.0018
mixed,64,2,0.0312,4.0,256,4096,1024,4096,1120,163.648,401.599,195.2,0.1326
mixed,64,2,0.0312,4.0,256,4096,2048,8192,2240,248.797,581.216,244.735,-0.0122
mixed,64,2,0.0312,4.0,256,4096,4096,16384,4480,415.454,938.463,400.033,-0.0295
mixed,64,2,0.0312,4.0,256,8192,128,512,140,165.599,185.856,166.4,0.0395
mixed,64,2,0.0312,4.0,256,8192,256,1024,280,170.304,222.752,170.111,-0.0037
mixed,64,2,0.0312,4.0,256,8192,512,2048,560,186.528,240.609,185.247,-0.0237
mixed,64,2,0.0312,4.0,256,8192,1024,4096,1120,223.231,400.638,224.927,0.0096
mixed,64,2,0.0312,4.0,256,8192,2048,8192,2240,250.4,708.574,316.83,0.145
mixed,64,2,0.0312,4.0,256,8192,4096,16384,4480,419.678,1073.119,406.015,-0.0209
mixed,64,2,0.0312,4.0,512,0,128,512,140,73.792,110.495,86.433,0.3444
mixed,64,2,0.0312,4.0,512,0,256,1024,280,83.936,142.944,96.417,0.2115
mixed,64,2,0.0312,4.0,512,0,512,2048,560,111.393,190.656,111.07,-0.0041
mixed,64,2,0.0312,4.0,512,0,1024,4096,1120,144.317,280.895,152.992,0.0635
mixed,64,2,0.0312,4.0,512,0,2048,8192,2240,200.543,467.456,246.208,0.1711
mixed,64,2,0.0312,4.0,512,0,4096,16384,4480,297.119,824.159,414.462,0.2226
mixed,64,2,0.0312,4.0,512,512,128,512,140,111.999,118.304,111.872,-0.0201
mixed,64,2,0.0312,4.0,512,512,256,1024,280,95.874,153.694,99.391,0.0608
mixed,64,2,0.0312,4.0,512,512,512,2048,560,119.009,202.911,119.745,0.0088
mixed,64,2,0.0312,4.0,512,512,1024,4096,1120,156.482,295.68,154.88,-0.0115
mixed,64,2,0.0312,4.0,512,512,2048,8192,2240,210.272,473.633,234.752,0.093
mixed,64,2,0.0312,4.0,512,512,4096,16384,4480,318.272,831.71,413.441,0.1854
mixed,64,2,0.0312,4.0,512,1024,128,512,140,121.504,118.464,121.376,
mixed,64,2,0.0312,4.0,512,1024,256,1024,280,127.167,159.263,125.534,-0.0509
mixed,64,2,0.0312,4.0,512,1024,512,2048,560,119.264,214.88,139.456,0.2112
mixed,64,2,0.0312,4.0,512,1024,1024,4096,1120,161.216,309.248,161.216,0.0
mixed,64,2,0.0312,4.0,512,1024,2048,8192,2240,221.728,490.657,225.856,0.0153
mixed,64,2,0.0312,4.0,512,1024,4096,16384,4480,328.511,846.432,401.853,0.1416
mixed,64,2,0.0312,4.0,512,2048,128,512,140,141.504,159.873,141.377,-0.0069
mixed,64,2,0.0312,4.0,512,2048,256,1024,280,146.431,162.113,145.473,-0.0611
mixed,64,2,0.0312,4.0,512,2048,512,2048,560,160.608,241.345,161.374,0.0095
mixed,64,2,0.0312,4.0,512,2048,1024,4096,1120,160.928,346.688,198.336,0.2014
mixed,64,2,0.0312,4.0,512,2048,2048,8192,2240,250.465,521.375,243.872,-0.0243
mixed,64,2,0.0312,4.0,512,2048,4096,16384,4480,363.808,880.03,398.144,0.0665
mixed,64,2,0.0312,4.0,512,4096,128,512,140,180.257,198.687,179.36,-0.0487
mixed,64,2,0.0312,4.0,512,4096,256,1024,280,184.638,229.408,185.92,0.0286
mixed,64,2,0.0312,4.0,512,4096,512,2048,560,200.992,240.448,199.007,-0.0503
mixed,64,2,0.0312,4.0,512,4096,1024,4096,1120,232.127,403.902,258.015,0.1507
mixed,64,2,0.0312,4.0,512,4096,2048,8192,2240,250.88,587.935,316.735,0.1954
mixed,64,2,0.0312,4.0,512,4096,4096,16384,4480,430.525,948.318,403.041,-0.0531
mixed,64,2,0.0312,4.0,512,8192,128,512,140,257.664,274.781,257.858,0.0113
mixed,64,2,0.0312,4.0,512,8192,256,1024,280,262.687,304.352,263.198,0.0123
mixed,64,2,0.0312,4.0,512,8192,512,2048,560,276.704,351.841,276.319,-0.0051
mixed,64,2,0.0312,4.0,512,8192,1024,4096,1120,308.864,405.504,307.519,-0.0139
mixed,64,2,0.0312,4.0,512,8192,2048,8192,2240,361.535,717.119,419.711,0.1636
mixed,64,2,0.0312,4.0,512,8192,4096,16384,4480,434.911,1083.326,559.584,0.1923
mixed,64,2,0.0312,4.0,1024,0,128,512,140,96.352,119.328,96.033,-0.0139
mixed,64,2,0.0312,4.0,1024,0,256,1024,280,106.848,144.766,108.258,0.0372
mixed,64,2,0.0312,4.0,1024,0,512,2048,560,124.511,195.68,126.334,0.0256
mixed,64,2,0.0312,4.0,1024,0,1024,4096,1120,148.671,285.375,208.287,0.4361
mixed,64,2,0.0312,4.0,1024,0,2048,8192,2240,204.416,464.031,369.41,0.6355
mixed,64,2,0.0312,4.0,1024,0,4096,16384,4480,299.872,819.836,678.975,0.7291
mixed,64,2,0.0312,4.0,1024,512,128,512,140,114.976,138.559,114.367,-0.0258
mixed,64,2,0.0312,4.0,1024,512,256,1024,280,124.192,163.488,124.128,-0.0016
mixed,64,2,0.0312,4.0,1024,512,512,2048,560,139.52,212.064,137.183,-0.0322
mixed,64,2,0.0312,4.0,1024,512,1024,4096,1120,167.518,304.287,210.625,0.3152
mixed,64,2,0.0312,4.0,1024,512,2048,8192,2240,222.72,478.241,371.584,0.5826
mixed,64,2,0.0312,4.0,1024,512,4096,16384,4480,316.768,840.318,675.103,0.6844
mixed,64,2,0.0312,4.0,1024,1024,128,512,140,131.488,157.152,131.711,0.0087
mixed,64,2,0.0312,4.0,1024,1024,256,1024,280,140.159,179.585,140.8,0.0163
mixed,64,2,0.0312,4.0,1024,1024,512,2048,560,158.176,229.441,154.493,-0.0517
mixed,64,2,0.0312,4.0,1024,1024,1024,4096,1120,183.904,319.168,208.638,0.1829
mixed,64,2,0.0312,4.0,1024,1024,2048,8192,2240,239.296,497.697,374.112,0.5217
mixed,64,2,0.0312,4.0,1024,1024,4096,16384,4480,336.991,856.705,674.749,0.6499
mixed,64,2,0.0312,4.0,1024,2048,128,512,140,167.136,186.561,167.903,0.0395
mixed,64,2,0.0312,4.0,1024,2048,256,1024,280,175.839,215.2,175.488,-0.0089
mixed,64,2,0.0312,4.0,1024,2048,512,2048,560,194.047,266.848,191.104,-0.0404
mixed,64,2,0.0312,4.0,1024,2048,1024,4096,1120,222.431,353.6,218.239,-0.032
mixed,64,2,0.0312,4.0,1024,2048,2048,8192,2240,274.146,532.446,375.297,0.3916
mixed,64,2,0.0312,4.0,1024,2048,4096,16384,4480,373.921,889.408,673.119,0.5804
mixed,64,2,0.0312,4.0,1024,4096,128,512,140,236.833,260.638,236.734,-0.0042
mixed,64,2,0.0312,4.0,1024,4096,256,1024,280,248.224,285.696,248.254,0.0008
mixed,64,2,0.0312,4.0,1024,4096,512,2048,560,261.568,336.863,263.261,0.0225
mixed,64,2,0.0312,4.0,1024,4096,1024,4096,1120,288.256,421.982,291.23,0.0222
mixed,64,2,0.0312,4.0,1024,4096,2048,8192,2240,342.496,602.686,369.856,0.1052
mixed,64,2,0.0312,4.0,1024,4096,4096,16384,4480,439.389,958.113,675.422,0.455
mixed,64,2,0.0312,4.0,1024,8192,128,512,140,383.583,405.886,385.118,0.0688
mixed,64,2,0.0312,4.0,1024,8192,256,1024,280,393.853,432.0,395.008,0.0303
mixed,64,2,0.0312,4.0,1024,8192,512,2048,560,408.831,480.64,409.054,0.0031
mixed,64,2,0.0312,4.0,1024,8192,1024,4096,1120,437.15,566.399,437.438,0.0022
mixed,64,2,0.0312,4.0,1024,8192,2048,8192,2240,486.208,745.12,488.191,0.0077
mixed,64,2,0.0312,4.0,1024,8192,4096,16384,4480,584.895,1101.372,678.302,0.1809
mixed,64,2,0.0312,4.0,2048,0,128,512,140,168.704,188.642,168.447,-0.0129
mixed,64,2,0.0312,4.0,2048,0,256,1024,280,177.983,217.76,183.743,0.1448
mixed,64,2,0.0312,4.0,2048,0,512,2048,560,192.48,270.782,228.16,0.4557
mixed,64,2,0.0312,4.0,2048,0,1024,4096,1120,223.359,360.482,315.649,0.673
mixed,64,2,0.0312,4.0,2048,0,2048,8192,2240,278.623,541.759,478.976,0.7614
mixed,64,2,0.0312,4.0,2048,0,4096,16384,4480,377.409,893.596,778.433,0.7769
mixed,64,2,0.0312,4.0,2048,512,128,512,140,204.161,223.295,205.504,0.0702
mixed,64,2,0.0312,4.0,2048,512,256,1024,280,209.857,252.449,209.44,-0.0098
mixed,64,2,0.0312,4.0,2048,512,512,2048,560,224.832,304.223,246.273,0.2701
mixed,64,2,0.0312,4.0,2048,512,1024,4096,1120,258.816,395.264,332.863,0.5427
mixed,64,2,0.0312,4.0,2048,512,2048,8192,2240,315.806,573.536,492.99,0.6875
mixed,64,2,0.0312,4.0,2048,512,4096,16384,4480,410.912,926.88,798.397,0.751
mixed,64,2,0.0312,4.0,2048,1024,128,512,140,241.12,259.169,241.663,0.0301
mixed,64,2,0.0312,4.0,2048,1024,256,1024,280,247.456,289.665,246.016,-0.0341
mixed,64,2,0.0312,4.0,2048,1024,512,2048,560,262.269,339.871,263.999,0.0223
mixed,64,2,0.0312,4.0,2048,1024,1024,4096,1120,292.286,429.087,350.463,0.4253
mixed,64,2,0.0312,4.0,2048,1024,2048,8192,2240,345.791,607.135,505.821,0.6123
mixed,64,2,0.0312,4.0,2048,1024,4096,16384,4480,447.742,966.91,808.383,0.6947
mixed,64,2,0.0312,4.0,2048,2048,128,512,140,315.328,332.448,316.127,0.0467
mixed,64,2,0.0312,4.0,2048,2048,256,1024,280,325.149,361.247,320.766,-0.1214
mixed,64,2,0.0312,4.0,2048,2048,512,2048,560,336.415,413.598,332.703,-0.0481
mixed,64,2,0.0312,4.0,2048,2048,1024,4096,1120,365.823,504.288,387.933,0.1597
mixed,64,2,0.0312,4.0,2048,2048,2048,8192,2240,420.798,682.592,542.974,0.4667
mixed,64,2,0.0312,4.0,2048,2048,4096,16384,4480,518.878,1040.542,850.813,0.6363
mixed,64,2,0.0312,4.0,2048,4096,128,512,140,464.063,479.903,463.2,-0.0545
mixed,64,2,0.0312,4.0,2048,4096,256,1024,280,471.072,508.99,468.447,-0.0692
mixed,64,2,0.0312,4.0,2048,4096,512,2048,560,482.718,555.742,482.593,-0.0017
mixed,64,2,0.0312,4.0,2048,4096,1024,4096,1120,513.632,644.704,512.191,-0.011
mixed,64,2,0.0312,4.0,2048,4096,2048,8192,2240,563.102,825.693,621.407,0.222
mixed,64,2,0.0312,4.0,2048,4096,4096,16384,4480,655.806,1178.334,919.999,0.5056
mixed,64,2,0.0312,4.0,2048,8192,128,512,140,737.085,765.885,740.351,0.1134
mixed,64,2,0.0312,4.0,2048,8192,256,1024,280,755.966,784.926,751.519,-0.1536
mixed,64,2,0.0312,4.0,2048,8192,512,2048,560,769.504,829.79,765.183,-0.0717
mixed,64,2,0.0312,4.0,2048,8192,1024,4096,1120,788.767,914.368,787.296,-0.0117
mixed,64,2,0.0312,4.0,2048,8192,2048,8192,2240,836.831,1088.896,834.078,-0.0109
mixed,64,2,0.0312,4.0,2048,8192,4096,16384,4480,934.973,1449.566,1058.333,0.2397
pure,64,3,0.0469,4.0,0,0,128,512,146,45.506,78.017,71.102,0.7873
pure,64,3,0.0469,4.0,0,0,256,1024,292,52.289,108.417,83.552,0.557
pure,64,3,0.0469,4.0,0,0,512,2048,584,79.776,158.462,105.601,0.3282
pure,64,3,0.0469,4.0,0,0,1024,4096,1168,115.776,249.374,148.64,0.246
pure,64,3,0.0469,4.0,0,0,2048,8192,2336,168.832,432.511,217.728,0.1854
pure,64,3,0.0469,4.0,0,0,4096,16384,4672,274.784,796.223,362.368,0.168
mixed,64,3,0.0469,4.0,16,0,128,512,146,46.722,82.465,76.13,0.8228
mixed,64,3,0.0469,4.0,16,0,256,1024,292,56.225,115.968,88.894,0.5468
mixed,64,3,0.0469,4.0,16,0,512,2048,584,85.183,164.255,113.631,0.3598
mixed,64,3,0.0469,4.0,16,0,1024,4096,1168,118.335,256.543,162.399,0.3188
mixed,64,3,0.0469,4.0,16,0,2048,8192,2336,175.52,437.119,250.496,0.2866
mixed,64,3,0.0469,4.0,16,0,4096,16384,4672,281.472,799.645,421.279,0.2698
mixed,64,3,0.0469,4.0,16,512,128,512,146,68.96,83.906,78.879,0.6637
mixed,64,3,0.0469,4.0,16,512,256,1024,292,71.232,115.168,94.144,0.5215
mixed,64,3,0.0469,4.0,16,512,512,2048,584,85.183,163.583,116.961,0.4053
mixed,64,3,0.0469,4.0,16,512,1024,4096,1168,121.984,255.84,165.633,0.3261
mixed,64,3,0.0469,4.0,16,512,2048,8192,2336,176.863,441.76,250.335,0.2774
mixed,64,3,0.0469,4.0,16,512,4096,16384,4672,279.904,797.728,419.581,0.2697
mixed,64,3,0.0469,4.0,16,1024,128,512,146,80.64,87.265,79.584,-0.1594
mixed,64,3,0.0469,4.0,16,1024,256,1024,292,94.88,114.432,94.655,-0.0115
mixed,64,3,0.0469,4.0,16,1024,512,2048,584,88.994,165.312,121.728,0.4289
mixed,64,3,0.0469,4.0,16,1024,1024,4096,1168,120.383,258.913,164.319,0.3172
mixed,64,3,0.0469,4.0,16,1024,2048,8192,2336,180.832,442.046,250.656,0.2673
mixed,64,3,0.0469,4.0,16,1024,4096,16384,4672,285.951,799.902,421.215,0.2632
mixed,64,3,0.0469,4.0,16,2048,128,512,146,81.696,115.168,81.858,0.0048
mixed,64,3,0.0469,4.0,16,2048,256,1024,292,95.232,118.049,91.649,-0.157
mixed,64,3,0.0469,4.0,16,2048,512,2048,584,120.224,166.749,118.271,-0.042
mixed,64,3,0.0469,4.0,16,2048,1024,4096,1168,122.463,258.047,169.792,0.3491
mixed,64,3,0.0469,4.0,16,2048,2048,8192,2336,176.927,441.151,250.466,0.2783
mixed,64,3,0.0469,4.0,16,2048,4096,16384,4672,283.01,799.262,419.998,0.2654
mixed,64,3,0.0469,4.0,16,4096,128,512,146,82.689,117.023,82.368,-0.0093
mixed,64,3,0.0469,4.0,16,4096,256,1024,292,95.391,165.983,94.367,-0.0145
mixed,64,3,0.0469,4.0,16,4096,512,2048,584,119.808,167.84,120.194,0.008
mixed,64,3,0.0469,4.0,16,4096,1024,4096,1168,178.687,259.522,167.007,-0.1445
mixed,64,3,0.0469,4.0,16,4096,2048,8192,2336,181.472,438.59,254.27,0.2831
mixed,64,3,0.0469,4.0,16,4096,4096,16384,4672,285.567,801.438,419.711,0.26
mixed,64,3,0.0469,4.0,16,8192,128,512,146,87.2,118.879,87.647,0.0141
mixed,64,3,0.0469,4.0,16,8192,256,1024,292,96.192,166.207,95.198,-0.0142
mixed,64,3,0.0469,4.0,16,8192,512,2048,584,123.81,252.797,120.575,-0.0251
mixed,64,3,0.0469,4.0,16,8192,1024,4096,1168,180.48,265.184,168.993,-0.1356
mixed,64,3,0.0469,4.0,16,8192,2048,8192,2336,274.817,442.495,253.663,-0.1262
mixed,64,3,0.0469,4.0,16,8192,4096,16384,4672,287.84,800.575,424.033,0.2656
mixed,64,3,0.0469,4.0,32,0,128,512,146,48.033,81.921,76.094,0.8281
mixed,64,3,0.0469,4.0,32,0,256,1024,292,56.48,112.448,88.896,0.5792
mixed,64,3,0.0469,4.0,32,0,512,2048,584,85.727,165.312,113.663,0.351
mixed,64,3,0.0469,4.0,32,0,1024,4096,1168,122.785,255.454,164.225,0.3124
mixed,64,3,0.0469,4.0,32,0,2048,8192,2336,177.982,435.711,250.207,0.2802
mixed,64,3,0.0469,4.0,32,0,4096,16384,4672,283.904,804.926,417.728,0.2568
mixed,64,3,0.0469,4.0,32,512,128,512,146,79.584,82.367,78.72,-0.3105
mixed,64,3,0.0469,4.0,32,512,256,1024,292,94.368,114.208,91.711,-0.1339
mixed,64,3,0.0469,4.0,32,512,512,2048,584,85.44,164.704,118.402,0.4159
mixed,64,3,0.0469,4.0,32,512,1024,4096,1168,123.137,259.136,164.16,0.3016
mixed,64,3,0.0469,4.0,32,512,2048,8192,2336,177.058,438.174,250.783,0.2823
mixed,64,3,0.0469,4.0,32,512,4096,16384,4672,283.904,801.28,419.874,0.2628
mixed,64,3,0.0469,4.0,32,1024,128,512,146,80.414,117.599,79.135,-0.0344
mixed,64,3,0.0469,4.0,32,1024,256,1024,292,94.721,114.528,91.424,-0.1665
mixed,64,3,0.0469,4.0,32,1024,512,2048,584,120.956,166.176,117.279,-0.0813
mixed,64,3,0.0469,4.0,32,1024,1024,4096,1168,121.632,258.496,167.326,0.3339
mixed,64,3,0.0469,4.0,32,1024,2048,8192,2336,182.081,436.033,249.505,0.2655
mixed,64,3,0.0469,4.0,32,1024,4096,16384,4672,283.808,802.974,418.176,0.2588
mixed,64,3,0.0469,4.0,32,2048,128,512,146,80.864,116.095,81.056,0.0054
mixed,64,3,0.0469,4.0,32,2048,256,1024,292,93.022,165.6,93.79,0.0106
mixed,64,3,0.0469,4.0,32,2048,512,2048,584,118.882,165.184,119.136,0.0055
mixed,64,3,0.0469,4.0,32,2048,1024,4096,1168,173.471,258.368,166.016,-0.0878
mixed,64,3,0.0469,4.0,32,2048,2048,8192,2336,178.881,439.648,251.999,0.2804
mixed,64,3,0.0469,4.0,32,2048,4096,16384,4672,283.713,799.199,417.598,0.2597
mixed,64,3,0.0469,4.0,32,4096,128,512,146,82.945,117.533,82.303,-0.0186
mixed,64,3,0.0469,4.0,32,4096,256,1024,292,96.352,163.072,96.127,-0.0034
mixed,64,3,0.0469,4.0,32,4096,512,2048,584,119.777,253.823,118.177,-0.0119
mixed,64,3,0.0469,4.0,32,4096,1024,4096,1168,177.696,260.478,164.383,-0.1608
mixed,64,3,0.0469,4.0,32,4096,2048,8192,2336,269.28,440.415,251.136,-0.106
mixed,64,3,0.0469,4.0,32,4096,4096,16384,4672,280.734,804.992,420.543,0.2667
mixed,64,3,0.0469,4.0,32,8192,128,512,146,83.358,116.895,83.039,-0.0095
mixed,64,3,0.0469,4.0,32,8192,256,1024,292,94.177,164.799,93.792,-0.0055
mixed,64,3,0.0469,4.0,32,8192,512,2048,584,118.433,244.128,118.111,-0.0026
mixed,64,3,0.0469,4.0,32,8192,1024,4096,1168,174.048,416.159,166.495,-0.0312
mixed,64,3,0.0469,4.0,32,8192,2048,8192,2336,268.608,441.568,248.863,-0.1142
mixed,64,3,0.0469,4.0,32,8192,4096,16384,4672,450.783,804.223,420.479,-0.0857
mixed,64,3,0.0469,4.0,64,0,128,512,146,63.615,97.505,77.023,0.3956
mixed,64,3,0.0469,4.0,64,0,256,1024,292,72.032,128.511,90.625,0.3292
mixed,64,3,0.0469,4.0,64,0,512,2048,584,103.775,173.632,114.304,0.1507
mixed,64,3,0.0469,4.0,64,0,1024,4096,1168,131.135,263.968,164.255,0.2493
mixed,64,3,0.0469,4.0,64,0,2048,8192,2336,188.13,446.015,249.472,0.2379
mixed,64,3,0.0469,4.0,64,0,4096,16384,4672,295.328,800.51,420.384,0.2475
mixed,64,3,0.0469,4.0,64,512,128,512,146,80.064,113.728,81.024,0.0285
mixed,64,3,0.0469,4.0,64,512,256,1024,292,92.382,143.745,90.911,-0.0286
mixed,64,3,0.0469,4.0,64,512,512,2048,584,116.287,199.328,114.974,-0.0158
mixed,64,3,0.0469,4.0,64,512,1024,4096,1168,153.984,288.543,162.016,0.0597
mixed,64,3,0.0469,4.0,64,512,2048,8192,2336,212.194,468.99,250.784,0.1503
mixed,64,3,0.0469,4.0,64,512,4096,16384,4672,314.239,825.152,418.463,0.204
mixed,64,3,0.0469,4.0,64,1024,128,512,146,80.289,114.24,79.487,-0.0236
mixed,64,3,0.0469,4.0,64,1024,256,1024,292,95.104,159.839,91.679,-0.0529
mixed,64,3,0.0469,4.0,64,1024,512,2048,584,117.343,215.617,115.709,-0.0166
mixed,64,3,0.0469,4.0,64,1024,1024,4096,1168,170.401,307.646,165.825,-0.0333
mixed,64,3,0.0469,4.0,64,1024,2048,8192,2336,226.944,492.128,248.095,0.0798
mixed,64,3,0.0469,4.0,64,1024,4096,16384,4672,332.8,853.054,417.022,0.1619
mixed,64,3,0.0469,4.0,64,2048,128,512,146,81.602,116.222,81.377,-0.0065
mixed,64,3,0.0469,4.0,64,2048,256,1024,292,93.664,162.847,92.639,-0.0148
mixed,64,3,0.0469,4.0,64,2048,512,2048,584,118.273,246.431,119.966,0.0132
mixed,64,3,0.0469,4.0,64,2048,1024,4096,1168,172.927,350.688,164.095,-0.0497
mixed,64,3,0.0469,4.0,64,2048,2048,8192,2336,265.568,522.879,250.687,-0.0578
mixed,64,3,0.0469,4.0,64,2048,4096,16384,4672,372.734,878.687,418.593,0.0906
mixed,64,3,0.0469,4.0,64,4096,128,512,146,83.294,115.136,82.142,-0.0362
mixed,64,3,0.0469,4.0,64,4096,256,1024,292,93.888,161.505,95.391,0.0222
mixed,64,3,0.0469,4.0,64,4096,512,2048,584,117.823,245.406,117.247,-0.0045
mixed,64,3,0.0469,4.0,64,4096,1024,4096,1168,172.288,414.111,164.607,-0.0318
mixed,64,3,0.0469,4.0,64,4096,2048,8192,2336,260.129,601.438,245.693,-0.0423
mixed,64,3,0.0469,4.0,64,4096,4096,16384,4672,441.919,961.533,417.023,-0.0479
mixed,64,3,0.0469,4.0,64,8192,128,512,146,102.112,116.607,102.238,0.0087
mixed,64,3,0.0469,4.0,64,8192,256,1024,292,101.663,159.489,113.085,0.1975
mixed,64,3,0.0469,4.0,64,8192,512,2048,584,119.04,244.127,117.536,-0.012
mixed,64,3,0.0469,4.0,64,8192,1024,4096,1168,169.6,408.991,161.568,-0.0336
mixed,64,3,0.0469,4.0,64,8192,2048,8192,2336,265.056,737.055,247.68,-0.0368
mixed,64,3,0.0469,4.0,64,8192,4096,16384,4672,436.162,1103.328,412.639,-0.0353
mixed,64,3,0.0469,4.0,128,0,128,512,146,63.584,95.778,78.304,0.4572
mixed,64,3,0.0469,4.0,128,0,256,1024,292,71.422,126.272,89.632,0.332
mixed,64,3,0.0469,4.0,128,0,512,2048,584,99.327,176.159,114.466,0.197
mixed,64,3,0.0469,4.0,128,0,1024,4096,1168,131.168,265.73,163.072,0.2371
mixed,64,3,0.0469,4.0,128,0,2048,8192,2336,191.616,448.351,250.592,0.2297
mixed,64,3,0.0469,4.0,128,0,4096,16384,4672,290.432,806.299,419.263,0.2497
mixed,64,3,0.0469,4.0,128,512,128,512,146,84.126,113.439,83.872,-0.0087
mixed,64,3,0.0469,4.0,128,512,256,1024,292,94.174,144.065,90.174,-0.0802
mixed,64,3,0.0469,4.0,128,512,512,2048,584,114.783,194.624,113.665,-0.014
mixed,64,3,0.0469,4.0,128,512,1024,4096,1168,156.48,290.24,160.064,0.0268
mixed,64,3,0.0469,4.0,128,512,2048,8192,2336,210.528,466.238,248.32,0.1478
mixed,64,3,0.0469,4.0,128,512,4096,16384,4672,317.053,821.437,418.208,0.2006
mixed,64,3,0.0469,4.0,128,1024,128,512,146,84.319,115.807,85.152,0.0265
mixed,64,3,0.0469,4.0,128,1024,256,1024,292,94.431,161.857,94.495,0.0009
mixed,64,3,0.0469,4.0,128,1024,512,2048,584,117.568,211.553,118.176,0.0065
mixed,64,3,0.0469,4.0,128,1024,1024,4096,1168,168.192,304.83,160.127,-0.059
mixed,64,3,0.0469,4.0,128,1024,2048,8192,2336,222.559,483.647,247.392,0.0951
mixed,64,3,0.0469,4.0,128,1024,4096,16384,4672,330.335,839.038,414.077,0.1646
mixed,64,3,0.0469,4.0,128,2048,128,512,146,86.144,116.736,86.88,0.0241
mixed,64,3,0.0469,4.0,128,2048,256,1024,292,94.175,160.351,92.254,-0.029
mixed,64,3,0.0469,4.0,128,2048,512,2048,584,120.352,241.792,116.189,-0.0343
mixed,64,3,0.0469,4.0,128,2048,1024,4096,1168,170.336,338.527,160.801,-0.0567
mixed,64,3,0.0469,4.0,128,2048,2048,8192,2336,254.941,520.448,243.55,-0.0429
mixed,64,3,0.0469,4.0,128,2048,4096,16384,4672,366.429,867.681,413.09,0.0931
mixed,64,3,0.0469,4.0,128,4096,128,512,146,102.495,117.183,102.304,-0.013
mixed,64,3,0.0469,4.0,128,4096,256,1024,292,115.294,160.288,114.944,-0.0078
mixed,64,3,0.0469,4.0,128,4096,512,2048,584,118.336,239.999,118.175,-0.0013
mixed,64,3,0.0469,4.0,128,4096,1024,4096,1168,172.192,405.983,160.672,-0.0493
mixed,64,3,0.0469,4.0,128,4096,2048,8192,2336,258.495,592.576,243.584,-0.0446
mixed,64,3,0.0469,4.0,128,4096,4096,16384,4672,432.961,950.207,412.382,-0.0398
mixed,64,3,0.0469,4.0,128,8192,128,512,146,126.303,149.346,124.608,-0.0736
mixed,64,3,0.0469,4.0,128,8192,256,1024,292,135.137,158.847,123.903,-0.4738
mixed,64,3,0.0469,4.0,128,8192,512,2048,584,152.224,237.95,150.303,-0.0224
mixed,64,3,0.0469,4.0,128,8192,1024,4096,1168,168.895,404.831,183.807,0.0632
mixed,64,3,0.0469,4.0,128,8192,2048,8192,2336,260.99,722.078,240.734,-0.0439
mixed,64,3,0.0469,4.0,128,8192,4096,16384,4672,428.895,1085.245,407.104,-0.0332
mixed,64,3,0.0469,4.0,256,0,128,512,146,67.617,98.494,78.173,0.3419
mixed,64,3,0.0469,4.0,256,0,256,1024,292,75.201,131.04,87.584,0.2218
mixed,64,3,0.0469,4.0,256,0,512,2048,584,102.497,179.776,114.56,0.1561
mixed,64,3,0.0469,4.0,256,0,1024,4096,1168,137.472,272.767,165.121,0.2044
mixed,64,3,0.0469,4.0,256,0,2048,8192,2336,193.729,450.816,250.079,0.2192
mixed,64,3,0.0469,4.0,256,0,4096,16384,4672,295.904,809.792,422.879,0.2471
mixed,64,3,0.0469,4.0,256,512,128,512,146,91.071,112.224,89.951,-0.0529
mixed,64,3,0.0469,4.0,256,512,256,1024,292,99.136,144.316,90.751,-0.1856
mixed,64,3,0.0469,4.0,256,512,512,2048,584,114.368,191.614,112.706,-0.0215
mixed,64,3,0.0469,4.0,256,512,1024,4096,1168,150.08,283.936,158.593,0.0636
mixed,64,3,0.0469,4.0,256,512,2048,8192,2336,203.169,460.254,243.837,0.1582
mixed,64,3,0.0469,4.0,256,512,4096,16384,4672,311.549,828.159,419.773,0.2095
mixed,64,3,0.0469,4.0,256,1024,128,512,146,86.815,119.615,86.753,-0.0019
mixed,64,3,0.0469,4.0,256,1024,256,1024,292,95.905,156.608,103.712,0.1286
mixed,64,3,0.0469,4.0,256,1024,512,2048,584,119.903,209.536,120.575,0.0075
mixed,64,3,0.0469,4.0,256,1024,1024,4096,1168,167.327,301.568,159.678,-0.057
mixed,64,3,0.0469,4.0,256,1024,2048,8192,2336,219.647,485.342,242.017,0.0842
mixed,64,3,0.0469,4.0,256,1024,4096,16384,4672,324.192,839.87,413.566,0.1733
mixed,64,3,0.0469,4.0,256,2048,128,512,146,110.784,119.166,109.92,-0.1031
mixed,64,3,0.0469,4.0,256,2048,256,1024,292,116.512,162.72,107.711,-0.1905
mixed,64,3,0.0469,4.0,256,2048,512,2048,584,120.928,237.856,137.375,0.1407
mixed,64,3,0.0469,4.0,256,2048,1024,4096,1168,167.71,333.985,162.623,-0.0306
mixed,64,3,0.0469,4.0,256,2048,2048,8192,2336,252.96,507.903,237.185,-0.0619
mixed,64,3,0.0469,4.0,256,2048,4096,16384,4672,359.936,873.407,412.159,0.1017
mixed,64,3,0.0469,4.0,256,4096,128,512,146,127.679,149.408,129.151,0.0677
mixed,64,3,0.0469,4.0,256,4096,256,1024,292,139.616,164.35,138.081,-0.0621
mixed,64,3,0.0469,4.0,256,4096,512,2048,584,152.353,240.767,151.489,-0.0098
mixed,64,3,0.0469,4.0,256,4096,1024,4096,1168,170.943,399.104,197.089,0.1146
mixed,64,3,0.0469,4.0,256,4096,2048,8192,2336,255.743,578.24,243.423,-0.0382
mixed,64,3,0.0469,4.0,256,4096,4096,16384,4672,424.959,936.094,399.712,-0.0494
mixed,64,3,0.0469,4.0,256,8192,128,512,146,166.272,183.711,165.634,-0.0366
mixed,64,3,0.0469,4.0,256,8192,256,1024,292,171.809,222.016,173.408,0.0318
mixed,64,3,0.0469,4.0,256,8192,512,2048,584,186.721,239.613,186.529,-0.0036
mixed,64,3,0.0469,4.0,256,8192,1024,4096,1168,230.176,402.559,225.12,-0.0293
mixed,64,3,0.0469,4.0,256,8192,2048,8192,2336,263.488,715.839,319.84,0.1246
mixed,64,3,0.0469,4.0,256,8192,4096,16384,4672,423.842,1075.197,407.776,-0.0247
mixed,64,3,0.0469,4.0,512,0,128,512,146,73.407,110.24,85.984,0.3415
mixed,64,3,0.0469,4.0,512,0,256,1024,292,83.837,138.497,95.52,0.2137
mixed,64,3,0.0469,4.0,512,0,512,2048,584,113.953,192.222,117.151,0.0409
mixed,64,3,0.0469,4.0,512,0,1024,4096,1168,149.599,282.784,172.031,0.1684
mixed,64,3,0.0469,4.0,512,0,2048,8192,2336,203.841,463.008,258.24,0.2099
mixed,64,3,0.0469,4.0,512,0,4096,16384,4672,310.591,826.814,429.662,0.2307
mixed,64,3,0.0469,4.0,512,512,128,512,146,112.896,118.047,115.936,0.5902
mixed,64,3,0.0469,4.0,512,512,256,1024,292,95.52,156.0,106.688,0.1847
mixed,64,3,0.0469,4.0,512,512,512,2048,584,119.586,202.944,119.455,-0.0016
mixed,64,3,0.0469,4.0,512,512,1024,4096,1168,162.592,292.96,160.32,-0.0174
mixed,64,3,0.0469,4.0,512,512,2048,8192,2336,214.593,473.28,250.848,0.1402
mixed,64,3,0.0469,4.0,512,512,4096,16384,4672,321.856,836.159,421.535,0.1938
mixed,64,3,0.0469,4.0,512,1024,128,512,146,123.966,118.624,124.029,
mixed,64,3,0.0469,4.0,512,1024,256,1024,292,128.032,162.239,144.576,0.4836
mixed,64,3,0.0469,4.0,512,1024,512,2048,584,118.462,214.625,139.36,0.2173
mixed,64,3,0.0469,4.0,512,1024,1024,4096,1168,172.032,310.273,161.888,-0.0734
mixed,64,3,0.0469,4.0,512,1024,2048,8192,2336,228.672,492.096,246.015,0.0658
mixed,64,3,0.0469,4.0,512,1024,4096,16384,4672,334.943,846.271,418.496,0.1634
mixed,64,3,0.0469,4.0,512,2048,128,512,146,143.358,160.189,140.607,-0.1634
mixed,64,3,0.0469,4.0,512,2048,256,1024,292,147.103,161.185,164.191,1.2135
mixed,64,3,0.0469,4.0,512,2048,512,2048,584,162.399,240.542,213.793,0.6577
mixed,64,3,0.0469,4.0,512,2048,1024,4096,1168,173.057,344.67,199.617,0.1548
mixed,64,3,0.0469,4.0,512,2048,2048,8192,2336,258.912,520.829,242.624,-0.0622
mixed,64,3,0.0469,4.0,512,2048,4096,16384,4672,370.751,880.543,410.976,0.0789
mixed,64,3,0.0469,4.0,512,4096,128,512,146,180.639,199.072,178.494,-0.1164
mixed,64,3,0.0469,4.0,512,4096,256,1024,292,185.279,228.672,183.485,-0.0413
mixed,64,3,0.0469,4.0,512,4096,512,2048,584,200.286,241.471,250.239,1.2129
mixed,64,3,0.0469,4.0,512,4096,1024,4096,1168,239.295,402.623,259.776,0.1254
mixed,64,3,0.0469,4.0,512,4096,2048,8192,2336,259.423,587.296,320.257,0.1855
mixed,64,3,0.0469,4.0,512,4096,4096,16384,4672,432.223,944.765,403.969,-0.0551
mixed,64,3,0.0469,4.0,512,8192,128,512,146,255.937,273.664,259.103,0.1786
mixed,64,3,0.0469,4.0,512,8192,256,1024,292,264.607,303.616,264.896,0.0074
mixed,64,3,0.0469,4.0,512,8192,512,2048,584,278.85,353.471,275.808,-0.0408
mixed,64,3,0.0469,4.0,512,8192,1024,4096,1168,317.023,406.624,413.056,1.0718
mixed,64,3,0.0469,4.0,512,8192,2048,8192,2336,366.429,716.288,424.447,0.1658
mixed,64,3,0.0469,4.0,512,8192,4096,16384,4672,444.961,1081.054,559.199,0.1796
mixed,64,3,0.0469,4.0,1024,0,128,512,146,97.216,122.177,96.0,-0.0487
mixed,64,3,0.0469,4.0,1024,0,256,1024,292,107.838,144.479,107.646,-0.0052
mixed,64,3,0.0469,4.0,1024,0,512,2048,584,120.32,196.607,143.902,0.3091
mixed,64,3,0.0469,4.0,1024,0,1024,4096,1168,150.945,285.214,223.903,0.5434
mixed,64,3,0.0469,4.0,1024,0,2048,8192,2336,207.296,463.039,389.759,0.7135
mixed,64,3,0.0469,4.0,1024,0,4096,16384,4672,314.91,819.775,690.174,0.7433
mixed,64,3,0.0469,4.0,1024,512,128,512,146,114.782,137.44,114.592,-0.0084
mixed,64,3,0.0469,4.0,1024,512,256,1024,292,125.376,162.4,124.607,-0.0208
mixed,64,3,0.0469,4.0,1024,512,512,2048,584,138.752,212.0,158.751,0.273
mixed,64,3,0.0469,4.0,1024,512,1024,4096,1168,169.76,304.514,242.27,0.5381
mixed,64,3,0.0469,4.0,1024,512,2048,8192,2336,223.232,481.024,405.663,0.7077
mixed,64,3,0.0469,4.0,1024,512,4096,16384,4672,327.712,836.35,707.936,0.7475
mixed,64,3,0.0469,4.0,1024,1024,128,512,146,131.296,155.33,132.0,0.0293
mixed,64,3,0.0469,4.0,1024,1024,256,1024,292,140.544,178.656,142.752,0.0579
mixed,64,3,0.0469,4.0,1024,1024,512,2048,584,158.751,230.27,178.56,0.277
mixed,64,3,0.0469,4.0,1024,1024,1024,4096,1168,188.032,320.703,261.536,0.554
mixed,64,3,0.0469,4.0,1024,1024,2048,8192,2336,241.248,495.87,422.302,0.7111
mixed,64,3,0.0469,4.0,1024,1024,4096,16384,4672,344.449,849.567,725.823,0.755
mixed,64,3,0.0469,4.0,1024,2048,128,512,146,169.118,187.457,168.254,-0.0471
mixed,64,3,0.0469,4.0,1024,2048,256,1024,292,175.039,215.392,176.703,0.0412
mixed,64,3,0.0469,4.0,1024,2048,512,2048,584,191.52,266.782,215.775,0.3223
mixed,64,3,0.0469,4.0,1024,2048,1024,4096,1168,224.544,352.385,300.192,0.5917
mixed,64,3,0.0469,4.0,1024,2048,2048,8192,2336,279.488,531.39,456.095,0.7011
mixed,64,3,0.0469,4.0,1024,2048,4096,16384,4672,376.447,887.581,762.559,0.7554
mixed,64,3,0.0469,4.0,1024,4096,128,512,146,236.734,260.608,236.512,-0.0093
mixed,64,3,0.0469,4.0,1024,4096,256,1024,292,247.775,284.448,248.511,0.0201
mixed,64,3,0.0469,4.0,1024,4096,512,2048,584,263.103,335.263,264.672,0.0217
mixed,64,3,0.0469,4.0,1024,4096,1024,4096,1168,292.994,421.726,373.697,0.6269
mixed,64,3,0.0469,4.0,1024,4096,2048,8192,2336,350.626,597.151,529.632,0.7261
mixed,64,3,0.0469,4.0,1024,4096,4096,16384,4672,445.503,953.438,834.75,0.7663
mixed,64,3,0.0469,4.0,1024,8192,128,512,146,384.832,406.817,386.24,0.064
mixed,64,3,0.0469,4.0,1024,8192,256,1024,292,394.049,434.239,393.726,-0.008
mixed,64,3,0.0469,4.0,1024,8192,512,2048,584,410.813,479.645,411.455,0.0093
mixed,64,3,0.0469,4.0,1024,8192,1024,4096,1168,438.849,564.446,440.319,0.0117
mixed,64,3,0.0469,4.0,1024,8192,2048,8192,2336,491.872,748.059,676.318,0.72
mixed,64,3,0.0469,4.0,1024,8192,4096,16384,4672,592.416,1103.198,974.077,0.7472
mixed,64,3,0.0469,4.0,2048,0,128,512,146,170.847,187.936,168.413,-0.1424
mixed,64,3,0.0469,4.0,2048,0,256,1024,292,175.52,218.081,184.544,0.212
mixed,64,3,0.0469,4.0,2048,0,512,2048,584,192.319,269.023,228.32,0.4693
mixed,64,3,0.0469,4.0,2048,0,1024,4096,1168,227.871,358.819,314.753,0.6635
mixed,64,3,0.0469,4.0,2048,0,2048,8192,2336,287.871,536.222,475.677,0.7562
mixed,64,3,0.0469,4.0,2048,0,4096,16384,4672,388.959,896.349,781.919,0.7745
mixed,64,3,0.0469,4.0,2048,512,128,512,146,205.375,223.231,205.055,-0.0179
mixed,64,3,0.0469,4.0,2048,512,256,1024,292,211.904,253.599,210.433,-0.0353
mixed,64,3,0.0469,4.0,2048,512,512,2048,584,226.4,303.777,244.448,0.2332
mixed,64,3,0.0469,4.0,2048,512,1024,4096,1168,262.177,396.673,333.086,0.5272
mixed,64,3,0.0469,4.0,2048,512,2048,8192,2336,317.376,575.325,491.392,0.6746
mixed,64,3,0.0469,4.0,2048,512,4096,16384,4672,425.055,927.295,793.985,0.7346
mixed,64,3,0.0469,4.0,2048,1024,128,512,146,239.646,259.199,240.96,0.0672
mixed,64,3,0.0469,4.0,2048,1024,256,1024,292,249.631,289.886,245.985,-0.0906
mixed,64,3,0.0469,4.0,2048,1024,512,2048,584,262.365,337.953,263.583,0.0161
mixed,64,3,0.0469,4.0,2048,1024,1024,4096,1168,295.552,430.558,352.192,0.4195
mixed,64,3,0.0469,4.0,2048,1024,2048,8192,2336,354.591,609.376,512.193,0.6186
mixed,64,3,0.0469,4.0,2048,1024,4096,16384,4672,456.063,962.975,812.32,0.7028
mixed,64,3,0.0469,4.0,2048,2048,128,512,146,317.055,334.206,315.966,-0.0635
mixed,64,3,0.0469,4.0,2048,2048,256,1024,292,322.976,361.757,322.081,-0.0231
mixed,64,3,0.0469,4.0,2048,2048,512,2048,584,335.231,411.935,335.872,0.0084
mixed,64,3,0.0469,4.0,2048,2048,1024,4096,1168,368.222,501.185,391.869,0.1778
mixed,64,3,0.0469,4.0,2048,2048,2048,8192,2336,424.927,682.176,547.072,0.4748
mixed,64,3,0.0469,4.0,2048,2048,4096,16384,4672,528.575,1038.24,849.823,0.6303
mixed,64,3,0.0469,4.0,2048,4096,128,512,146,465.248,479.264,463.136,-0.1507
mixed,64,3,0.0469,4.0,2048,4096,256,1024,292,473.536,509.184,470.366,-0.0889
mixed,64,3,0.0469,4.0,2048,4096,512,2048,584,483.679,556.671,482.945,-0.0101
mixed,64,3,0.0469,4.0,2048,4096,1024,4096,1168,515.487,644.895,515.423,-0.0005
mixed,64,3,0.0469,4.0,2048,4096,2048,8192,2336,567.423,820.191,624.989,0.2277
mixed,64,3,0.0469,4.0,2048,4096,4096,16384,4672,668.319,1186.751,923.87,0.4929
mixed,64,3,0.0469,4.0,2048,8192,128,512,146,736.67,768.191,742.174,0.1746
mixed,64,3,0.0469,4.0,2048,8192,256,1024,292,753.79,788.032,753.917,0.0037
mixed,64,3,0.0469,4.0,2048,8192,512,2048,584,768.958,834.974,766.88,-0.0315
mixed,64,3,0.0469,4.0,2048,8192,1024,4096,1168,793.663,916.445,794.396,0.006
mixed,64,3,0.0469,4.0,2048,8192,2048,8192,2336,844.38,1091.711,839.231,-0.0208
mixed,64,3,0.0469,4.0,2048,8192,4096,16384,4672,940.701,1447.453,1062.4,0.2402
pure,64,4,0.0625,4.0,0,0,128,512,152,44.96,79.362,72.031,0.7869
pure,64,4,0.0625,4.0,0,0,256,1024,304,53.792,110.658,83.616,0.5245
pure,64,4,0.0625,4.0,0,0,512,2048,608,79.648,156.224,108.031,0.3707
pure,64,4,0.0625,4.0,0,0,1024,4096,1216,117.664,248.991,149.855,0.2451
pure,64,4,0.0625,4.0,0,0,2048,8192,2432,179.039,437.024,223.137,0.1709
pure,64,4,0.0625,4.0,0,0,4096,16384,4864,280.189,793.758,366.655,0.1684
mixed,64,4,0.0625,4.0,16,0,128,512,152,47.776,82.943,75.873,0.799
mixed,64,4,0.0625,4.0,16,0,256,1024,304,57.217,116.48,90.08,0.5545
mixed,64,4,0.0625,4.0,16,0,512,2048,608,88.542,162.719,117.311,0.3878
mixed,64,4,0.0625,4.0,16,0,1024,4096,1216,121.632,260.511,165.216,0.3138
mixed,64,4,0.0625,4.0,16,0,2048,8192,2432,179.551,436.224,252.096,0.2826
mixed,64,4,0.0625,4.0,16,0,4096,16384,4864,288.545,799.328,421.823,0.2609
mixed,64,4,0.0625,4.0,16,512,128,512,152,68.321,83.106,78.624,0.6969
mixed,64,4,0.0625,4.0,16,512,256,1024,304,73.952,114.782,93.888,0.4883
mixed,64,4,0.0625,4.0,16,512,512,2048,608,86.976,165.409,117.503,0.3892
mixed,64,4,0.0625,4.0,16,512,1024,4096,1216,122.048,258.463,165.024,0.315
mixed,64,4,0.0625,4.0,16,512,2048,8192,2432,181.217,438.847,250.015,0.267
mixed,64,4,0.0625,4.0,16,512,4096,16384,4864,291.23,804.672,420.385,0.2515
mixed,64,4,0.0625,4.0,16,1024,128,512,152,79.807,84.226,80.864,0.2392
mixed,64,4,0.0625,4.0,16,1024,256,1024,304,97.376,115.681,97.312,-0.0035
mixed,64,4,0.0625,4.0,16,1024,512,2048,608,88.19,166.24,118.304,0.3858
mixed,64,4,0.0625,4.0,16,1024,1024,4096,1216,121.023,254.656,164.512,0.3254
mixed,64,4,0.0625,4.0,16,1024,2048,8192,2432,180.928,437.921,253.344,0.2818
mixed,64,4,0.0625,4.0,16,1024,4096,16384,4864,289.472,798.429,422.432,0.2612
mixed,64,4,0.0625,4.0,16,2048,128,512,152,81.117,116.737,80.958,-0.0045
mixed,64,4,0.0625,4.0,16,2048,256,1024,304,92.384,119.104,92.512,0.0048
mixed,64,4,0.0625,4.0,16,2048,512,2048,608,121.856,168.991,117.728,-0.0876
mixed,64,4,0.0625,4.0,16,2048,1024,4096,1216,123.967,257.44,168.415,0.333
mixed,64,4,0.0625,4.0,16,2048,2048,8192,2432,179.807,437.215,251.711,0.2793
mixed,64,4,0.0625,4.0,16,2048,4096,16384,4864,294.337,795.295,421.534,0.2539
mixed,64,4,0.0625,4.0,16,4096,128,512,152,83.487,118.56,84.928,0.0411
mixed,64,4,0.0625,4.0,16,4096,256,1024,304,94.016,165.6,94.144,0.0018
mixed,64,4,0.0625,4.0,16,4096,512,2048,608,122.047,169.887,118.945,-0.0648
mixed,64,4,0.0625,4.0,16,4096,1024,4096,1216,179.199,257.632,167.424,-0.1501
mixed,64,4,0.0625,4.0,16,4096,2048,8192,2432,183.423,441.663,254.719,0.2761
mixed,64,4,0.0625,4.0,16,4096,4096,16384,4864,292.96,803.134,421.375,0.2517
mixed,64,4,0.0625,4.0,16,8192,128,512,152,87.168,120.512,87.264,0.0029
mixed,64,4,0.0625,4.0,16,8192,256,1024,304,98.208,167.391,95.232,-0.043
mixed,64,4,0.0625,4.0,16,8192,512,2048,608,123.934,252.798,119.074,-0.0377
mixed,64,4,0.0625,4.0,16,8192,1024,4096,1216,180.032,263.517,166.719,-0.1595
mixed,64,4,0.0625,4.0,16,8192,2048,8192,2432,284.609,442.974,254.496,-0.1901
mixed,64,4,0.0625,4.0,16,8192,4096,16384,4864,295.201,800.956,424.704,0.2561
mixed,64,4,0.0625,4.0,32,0,128,512,152,47.391,82.368,77.536,0.8619
mixed,64,4,0.0625,4.0,32,0,256,1024,304,58.048,113.984,89.984,0.5709
mixed,64,4,0.0625,4.0,32,0,512,2048,608,87.072,163.104,116.608,0.3885
mixed,64,4,0.0625,4.0,32,0,1024,4096,1216,121.663,255.968,166.305,0.3324
mixed,64,4,0.0625,4.0,32,0,2048,8192,2432,180.063,438.941,249.758,0.2692
mixed,64,4,0.0625,4.0,32,0,4096,16384,4864,291.009,797.76,424.607,0.2636
mixed,64,4,0.0625,4.0,32,512,128,512,152,79.873,83.967,78.624,-0.3051
mixed,64,4,0.0625,4.0,32,512,256,1024,304,93.728,113.409,92.129,-0.0812
mixed,64,4,0.0625,4.0,32,512,512,2048,608,85.855,163.648,116.833,0.3982
mixed,64,4,0.0625,4.0,32,512,1024,4096,1216,121.729,259.007,165.695,0.3203
mixed,64,4,0.0625,4.0,32,512,2048,8192,2432,181.185,437.438,250.976,0.2724
mixed,64,4,0.0625,4.0,32,512,4096,16384,4864,290.368,808.832,420.96,0.2519
mixed,64,4,0.0625,4.0,32,1024,128,512,152,80.352,115.965,78.817,-0.0431
mixed,64,4,0.0625,4.0,32,1024,256,1024,304,92.897,118.016,94.626,0.0688
mixed,64,4,0.0625,4.0,32,1024,512,2048,608,121.599,164.671,117.76,-0.0891
mixed,64,4,0.0625,4.0,32,1024,1024,4096,1216,120.831,257.44,165.345,0.3258
mixed,64,4,0.0625,4.0,32,1024,2048,8192,2432,182.786,437.886,251.295,0.2686
mixed,64,4,0.0625,4.0,32,1024,4096,16384,4864,288.511,802.782,422.975,0.2615
mixed,64,4,0.0625,4.0,32,2048,128,512,152,79.393,114.784,80.929,0.0434
mixed,64,4,0.0625,4.0,32,2048,256,1024,304,91.234,165.471,94.239,0.0405
mixed,64,4,0.0625,4.0,32,2048,512,2048,608,121.631,163.617,116.768,-0.1158
mixed,64,4,0.0625,4.0,32,2048,1024,4096,1216,173.31,258.015,167.389,-0.0699
mixed,64,4,0.0625,4.0,32,2048,2048,8192,2432,181.888,439.935,250.594,0.2663
mixed,64,4,0.0625,4.0,32,2048,4096,16384,4864,294.016,801.693,420.254,0.2487
mixed,64,4,0.0625,4.0,32,4096,128,512,152,82.881,116.417,82.432,-0.0134
mixed,64,4,0.0625,4.0,32,4096,256,1024,304,93.824,164.063,97.054,0.046
mixed,64,4,0.0625,4.0,32,4096,512,2048,608,122.208,250.815,119.424,-0.0216
mixed,64,4,0.0625,4.0,32,4096,1024,4096,1216,176.479,258.655,169.184,-0.0888
mixed,64,4,0.0625,4.0,32,4096,2048,8192,2432,275.934,441.439,250.175,-0.1556
mixed,64,4,0.0625,4.0,32,4096,4096,16384,4864,291.839,799.904,420.641,0.2535
mixed,64,4,0.0625,4.0,32,8192,128,512,152,84.446,117.024,82.304,-0.0657
mixed,64,4,0.0625,4.0,32,8192,256,1024,304,93.982,161.729,95.936,0.0288
mixed,64,4,0.0625,4.0,32,8192,512,2048,608,120.0,245.984,118.144,-0.0147
mixed,64,4,0.0625,4.0,32,8192,1024,4096,1216,174.558,415.743,165.249,-0.0386
mixed,64,4,0.0625,4.0,32,8192,2048,8192,2432,278.465,445.249,252.126,-0.1579
mixed,64,4,0.0625,4.0,32,8192,4096,16384,4864,456.83,805.981,421.152,-0.1022
mixed,64,4,0.0625,4.0,64,0,128,512,152,63.359,94.143,76.64,0.4314
mixed,64,4,0.0625,4.0,64,0,256,1024,304,73.28,128.705,90.369,0.3083
mixed,64,4,0.0625,4.0,64,0,512,2048,608,98.24,177.665,114.911,0.2099
mixed,64,4,0.0625,4.0,64,0,1024,4096,1216,133.918,267.105,167.199,0.2499
mixed,64,4,0.0625,4.0,64,0,2048,8192,2432,195.008,442.494,253.152,0.2349
mixed,64,4,0.0625,4.0,64,0,4096,16384,4864,297.023,801.919,424.062,0.2516
mixed,64,4,0.0625,4.0,64,512,128,512,152,80.96,112.287,80.385,-0.0184
mixed,64,4,0.0625,4.0,64,512,256,1024,304,91.616,145.407,91.136,-0.0089
mixed,64,4,0.0625,4.0,64,512,512,2048,608,116.608,198.272,114.913,-0.0208
mixed,64,4,0.0625,4.0,64,512,1024,4096,1216,152.704,285.151,164.064,0.0858
mixed,64,4,0.0625,4.0,64,512,2048,8192,2432,216.639,467.68,249.822,0.1322
mixed,64,4,0.0625,4.0,64,512,4096,16384,4864,323.232,826.463,420.545,0.1934
mixed,64,4,0.0625,4.0,64,1024,128,512,152,81.024,114.944,81.855,0.0245
mixed,64,4,0.0625,4.0,64,1024,256,1024,304,96.512,161.856,90.69,-0.0891
mixed,64,4,0.0625,4.0,64,1024,512,2048,608,117.375,219.229,115.681,-0.0166
mixed,64,4,0.0625,4.0,64,1024,1024,4096,1216,172.512,311.585,164.865,-0.055
mixed,64,4,0.0625,4.0,64,1024,2048,8192,2432,236.128,492.958,249.151,0.0507
mixed,64,4,0.0625,4.0,64,1024,4096,16384,4864,342.783,848.125,421.758,0.1563
mixed,64,4,0.0625,4.0,64,2048,128,512,152,81.375,115.232,81.697,0.0095
mixed,64,4,0.0625,4.0,64,2048,256,1024,304,92.541,162.113,92.0,-0.0078
mixed,64,4,0.0625,4.0,64,2048,512,2048,608,119.329,248.062,119.295,-0.0003
mixed,64,4,0.0625,4.0,64,2048,1024,4096,1216,171.326,351.999,168.383,-0.0163
mixed,64,4,0.0625,4.0,64,2048,2048,8192,2432,272.702,525.054,250.016,-0.0899
mixed,64,4,0.0625,4.0,64,2048,4096,16384,4864,383.071,880.477,421.984,0.0782
mixed,64,4,0.0625,4.0,64,4096,128,512,152,82.528,115.136,82.686,0.0048
mixed,64,4,0.0625,4.0,64,4096,256,1024,304,94.72,163.133,95.52,0.0117
mixed,64,4,0.0625,4.0,64,4096,512,2048,608,118.752,246.05,114.176,-0.0359
mixed,64,4,0.0625,4.0,64,4096,1024,4096,1216,173.984,413.505,163.615,-0.0433
mixed,64,4,0.0625,4.0,64,4096,2048,8192,2432,266.367,602.78,248.415,-0.0534
mixed,64,4,0.0625,4.0,64,4096,4096,16384,4864,454.686,957.822,420.894,-0.0672
mixed,64,4,0.0625,4.0,64,8192,128,512,152,102.335,115.554,102.848,0.0388
mixed,64,4,0.0625,4.0,64,8192,256,1024,304,100.381,160.799,114.944,0.241
mixed,64,4,0.0625,4.0,64,8192,512,2048,608,118.302,243.679,116.832,-0.0117
mixed,64,4,0.0625,4.0,64,8192,1024,4096,1216,170.528,411.102,163.776,-0.0281
mixed,64,4,0.0625,4.0,64,8192,2048,8192,2432,273.951,736.094,245.793,-0.0609
mixed,64,4,0.0625,4.0,64,8192,4096,16384,4864,447.84,1100.158,416.543,-0.048
mixed,64,4,0.0625,4.0,128,0,128,512,152,64.0,96.416,78.592,0.4501
mixed,64,4,0.0625,4.0,128,0,256,1024,304,73.343,127.327,89.215,0.294
mixed,64,4,0.0625,4.0,128,0,512,2048,608,104.448,178.593,115.873,0.1541
mixed,64,4,0.0625,4.0,128,0,1024,4096,1216,132.224,265.727,163.519,0.2344
mixed,64,4,0.0625,4.0,128,0,2048,8192,2432,198.753,449.375,250.815,0.2077
mixed,64,4,0.0625,4.0,128,0,4096,16384,4864,300.575,805.151,423.774,0.2442
mixed,64,4,0.0625,4.0,128,512,128,512,152,82.878,112.511,84.096,0.0411
mixed,64,4,0.0625,4.0,128,512,256,1024,304,95.648,141.568,89.055,-0.1436
mixed,64,4,0.0625,4.0,128,512,512,2048,608,116.065,194.527,113.537,-0.0322
mixed,64,4,0.0625,4.0,128,512,1024,4096,1216,150.304,287.04,159.649,0.0683
mixed,64,4,0.0625,4.0,128,512,2048,8192,2432,215.615,464.51,249.214,0.135
mixed,64,4,0.0625,4.0,128,512,4096,16384,4864,324.288,828.767,418.91,0.1876
mixed,64,4,0.0625,4.0,128,1024,128,512,152,82.783,115.167,84.416,0.0504
mixed,64,4,0.0625,4.0,128,1024,256,1024,304,94.494,158.463,93.825,-0.0105
mixed,64,4,0.0625,4.0,128,1024,512,2048,608,120.927,212.159,117.602,-0.0364
mixed,64,4,0.0625,4.0,128,1024,1024,4096,1216,168.64,304.319,163.456,-0.0382
mixed,64,4,0.0625,4.0,128,1024,2048,8192,2432,231.009,482.527,246.367,0.0611
mixed,64,4,0.0625,4.0,128,1024,4096,16384,4864,343.105,840.064,417.984,0.1507
mixed,64,4,0.0625,4.0,128,2048,128,512,152,87.456,116.832,85.665,-0.061
mixed,64,4,0.0625,4.0,128,2048,256,1024,304,94.656,161.343,92.864,-0.0269
mixed,64,4,0.0625,4.0,128,2048,512,2048,608,120.001,242.686,116.001,-0.0326
mixed,64,4,0.0625,4.0,128,2048,1024,4096,1216,170.529,342.654,163.391,-0.0415
mixed,64,4,0.0625,4.0,128,2048,2048,8192,2432,261.311,515.584,244.032,-0.068
mixed,64,4,0.0625,4.0,128,2048,4096,16384,4864,372.769,871.293,415.199,0.0851
mixed,64,4,0.0625,4.0,128,4096,128,512,152,103.167,117.504,102.143,-0.0714
mixed,64,4,0.0625,4.0,128,4096,256,1024,304,114.944,159.392,115.393,0.0101
mixed,64,4,0.0625,4.0,128,4096,512,2048,608,120.128,240.863,118.624,-0.0125
mixed,64,4,0.0625,4.0,128,4096,1024,4096,1216,170.848,405.311,161.215,-0.0411
mixed,64,4,0.0625,4.0,128,4096,2048,8192,2432,263.04,587.997,243.039,-0.0615
mixed,64,4,0.0625,4.0,128,4096,4096,16384,4864,445.118,947.742,412.096,-0.0657
mixed,64,4,0.0625,4.0,128,8192,128,512,152,125.437,152.129,125.854,0.0156
mixed,64,4,0.0625,4.0,128,8192,256,1024,304,135.487,157.983,123.809,-0.5191
mixed,64,4,0.0625,4.0,128,8192,512,2048,608,152.062,239.488,152.96,0.0103
mixed,64,4,0.0625,4.0,128,8192,1024,4096,1216,168.8,403.807,184.831,0.0682
mixed,64,4,0.0625,4.0,128,8192,2048,8192,2432,271.358,726.562,241.985,-0.0645
mixed,64,4,0.0625,4.0,128,8192,4096,16384,4864,437.632,1087.137,407.648,-0.0462
mixed,64,4,0.0625,4.0,256,0,128,512,152,69.343,96.991,79.168,0.3554
mixed,64,4,0.0625,4.0,256,0,256,1024,304,73.955,130.815,88.833,0.2617
mixed,64,4,0.0625,4.0,256,0,512,2048,608,102.785,181.567,115.265,0.1584
mixed,64,4,0.0625,4.0,256,0,1024,4096,1216,136.449,269.666,161.407,0.1873
mixed,64,4,0.0625,4.0,256,0,2048,8192,2432,198.049,452.799,252.031,0.2119
mixed,64,4,0.0625,4.0,256,0,4096,16384,4864,309.537,815.679,421.311,0.2208
mixed,64,4,0.0625,4.0,256,512,128,512,152,90.592,113.216,90.656,0.0028
mixed,64,4,0.0625,4.0,256,512,256,1024,304,99.679,144.033,90.24,-0.2128
mixed,64,4,0.0625,4.0,256,512,512,2048,608,116.958,193.312,113.247,-0.0486
mixed,64,4,0.0625,4.0,256,512,1024,4096,1216,153.793,287.423,159.712,0.0443
mixed,64,4,0.0625,4.0,256,512,2048,8192,2432,210.688,465.695,246.144,0.139
mixed,64,4,0.0625,4.0,256,512,4096,16384,4864,325.409,820.384,413.599,0.1782
mixed,64,4,0.0625,4.0,256,1024,128,512,152,87.837,120.863,87.647,-0.0058
mixed,64,4,0.0625,4.0,256,1024,256,1024,304,96.575,157.856,104.608,0.1311
mixed,64,4,0.0625,4.0,256,1024,512,2048,608,122.592,205.534,121.409,-0.0143
mixed,64,4,0.0625,4.0,256,1024,1024,4096,1216,166.847,299.968,157.889,-0.0673
mixed,64,4,0.0625,4.0,256,1024,2048,8192,2432,225.634,479.263,243.84,0.0718
mixed,64,4,0.0625,4.0,256,1024,4096,16384,4864,337.759,838.719,418.719,0.1616
mixed,64,4,0.0625,4.0,256,2048,128,512,152,110.975,119.1,109.92,-0.1298
mixed,64,4,0.0625,4.0,256,2048,256,1024,304,116.192,163.456,108.256,-0.1679
mixed,64,4,0.0625,4.0,256,2048,512,2048,608,121.727,236.608,138.204,0.1434
mixed,64,4,0.0625,4.0,256,2048,1024,4096,1216,169.567,334.685,161.534,-0.0487
mixed,64,4,0.0625,4.0,256,2048,2048,8192,2432,256.065,513.151,236.32,-0.0768
mixed,64,4,0.0625,4.0,256,2048,4096,16384,4864,371.967,871.998,410.175,0.0764
mixed,64,4,0.0625,4.0,256,4096,128,512,152,129.857,149.886,129.247,-0.0305
mixed,64,4,0.0625,4.0,256,4096,256,1024,304,139.616,161.567,138.687,-0.0423
mixed,64,4,0.0625,4.0,256,4096,512,2048,608,151.807,243.902,150.816,-0.0108
mixed,64,4,0.0625,4.0,256,4096,1024,4096,1216,172.32,398.56,199.04,0.1181
mixed,64,4,0.0625,4.0,256,4096,2048,8192,2432,261.729,576.928,243.551,-0.0577
mixed,64,4,0.0625,4.0,256,4096,4096,16384,4864,433.471,931.485,399.486,-0.0682
mixed,64,4,0.0625,4.0,256,8192,128,512,152,166.303,185.984,165.184,-0.0569
mixed,64,4,0.0625,4.0,256,8192,256,1024,304,170.912,222.08,171.902,0.0193
mixed,64,4,0.0625,4.0,256,8192,512,2048,608,187.456,239.68,186.4,-0.0202
mixed,64,4,0.0625,4.0,256,8192,1024,4096,1216,231.136,404.254,226.176,-0.0287
mixed,64,4,0.0625,4.0,256,8192,2048,8192,2432,271.424,715.039,322.208,0.1145
mixed,64,4,0.0625,4.0,256,8192,4096,16384,4864,435.295,1069.342,408.609,-0.0421
mixed,64,4,0.0625,4.0,512,0,128,512,152,74.369,111.969,87.232,0.3421
mixed,64,4,0.0625,4.0,512,0,256,1024,304,83.072,140.927,95.839,0.2207
mixed,64,4,0.0625,4.0,512,0,512,2048,608,114.398,189.821,120.064,0.0751
mixed,64,4,0.0625,4.0,512,0,1024,4096,1216,150.561,283.52,168.128,0.1321
mixed,64,4,0.0625,4.0,512,0,2048,8192,2432,206.784,462.88,258.943,0.2037
mixed,64,4,0.0625,4.0,512,0,4096,16384,4864,314.433,821.919,427.296,0.2224
mixed,64,4,0.0625,4.0,512,512,128,512,152,111.967,118.174,115.265,0.5313
mixed,64,4,0.0625,4.0,512,512,256,1024,304,95.841,152.288,106.913,0.1961
mixed,64,4,0.0625,4.0,512,512,512,2048,608,120.256,204.704,119.904,-0.0042
mixed,64,4,0.0625,4.0,512,512,1024,4096,1216,161.471,293.185,164.16,0.0204
mixed,64,4,0.0625,4.0,512,512,2048,8192,2432,218.751,477.472,254.847,0.1395
mixed,64,4,0.0625,4.0,512,512,4096,16384,4864,327.073,833.632,420.574,0.1846
mixed,64,4,0.0625,4.0,512,1024,128,512,152,122.113,118.656,125.568,
mixed,64,4,0.0625,4.0,512,1024,256,1024,304,127.519,161.373,144.896,0.5133
mixed,64,4,0.0625,4.0,512,1024,512,2048,608,120.225,213.409,141.152,0.2246
mixed,64,4,0.0625,4.0,512,1024,1024,4096,1216,173.374,308.16,163.68,-0.0719
mixed,64,4,0.0625,4.0,512,1024,2048,8192,2432,233.919,490.848,243.648,0.0379
mixed,64,4,0.0625,4.0,512,1024,4096,16384,4864,347.105,848.606,418.974,0.1433
mixed,64,4,0.0625,4.0,512,2048,128,512,152,142.658,159.967,140.704,-0.1129
mixed,64,4,0.0625,4.0,512,2048,256,1024,304,146.111,162.077,164.127,1.1284
mixed,64,4,0.0625,4.0,512,2048,512,2048,608,165.502,240.415,212.736,0.6305
mixed,64,4,0.0625,4.0,512,2048,1024,4096,1216,171.84,344.481,200.512,0.1661
mixed,64,4,0.0625,4.0,512,2048,2048,8192,2432,266.461,519.615,244.351,-0.0873
mixed,64,4,0.0625,4.0,512,2048,4096,16384,4864,378.112,883.581,413.118,0.0693
mixed,64,4,0.0625,4.0,512,4096,128,512,152,180.097,200.287,178.753,-0.0666
mixed,64,4,0.0625,4.0,512,4096,256,1024,304,186.56,229.249,184.673,-0.0442
mixed,64,4,0.0625,4.0,512,4096,512,2048,608,203.392,240.96,249.151,1.218
mixed,64,4,0.0625,4.0,512,4096,1024,4096,1216,238.174,402.304,261.345,0.1412
mixed,64,4,0.0625,4.0,512,4096,2048,8192,2432,272.577,587.743,321.215,0.1543
mixed,64,4,0.0625,4.0,512,4096,4096,16384,4864,445.439,945.022,407.358,-0.0762
mixed,64,4,0.0625,4.0,512,8192,128,512,152,257.823,274.687,259.296,0.0873
mixed,64,4,0.0625,4.0,512,8192,256,1024,304,264.608,305.695,264.734,0.0031
mixed,64,4,0.0625,4.0,512,8192,512,2048,608,278.496,354.015,276.928,-0.0208
mixed,64,4,0.0625,4.0,512,8192,1024,4096,1216,315.392,405.376,418.11,1.1415
mixed,64,4,0.0625,4.0,512,8192,2048,8192,2432,371.838,717.44,425.759,0.156
mixed,64,4,0.0625,4.0,512,8192,4096,16384,4864,465.118,1082.208,561.82,0.1567
mixed,64,4,0.0625,4.0,1024,0,128,512,152,96.191,119.647,96.896,0.0301
mixed,64,4,0.0625,4.0,1024,0,256,1024,304,109.217,143.231,107.775,-0.0424
mixed,64,4,0.0625,4.0,1024,0,512,2048,608,122.079,195.23,142.272,0.276
mixed,64,4,0.0625,4.0,1024,0,1024,4096,1216,157.953,281.888,226.464,0.5528
mixed,64,4,0.0625,4.0,1024,0,2048,8192,2432,212.511,461.919,388.768,0.7067
mixed,64,4,0.0625,4.0,1024,0,4096,16384,4864,317.281,820.318,692.127,0.7452
mixed,64,4,0.0625,4.0,1024,512,128,512,152,114.433,137.023,113.6,-0.0369
mixed,64,4,0.0625,4.0,1024,512,256,1024,304,124.448,163.487,124.927,0.0123
mixed,64,4,0.0625,4.0,1024,512,512,2048,608,141.566,210.848,160.32,0.2707
mixed,64,4,0.0625,4.0,1024,512,1024,4096,1216,170.976,301.409,245.088,0.5682
mixed,64,4,0.0625,4.0,1024,512,2048,8192,2432,231.391,476.736,403.774,0.7026
mixed,64,4,0.0625,4.0,1024,512,4096,16384,4864,333.053,836.575,711.356,0.7513
mixed,64,4,0.0625,4.0,1024,1024,128,512,152,132.416,153.76,132.513,0.0045
mixed,64,4,0.0625,4.0,1024,1024,256,1024,304,140.096,180.032,143.07,0.0745
mixed,64,4,0.0625,4.0,1024,1024,512,2048,608,160.064,230.56,179.521,0.276
mixed,64,4,0.0625,4.0,1024,1024,1024,4096,1216,192.096,318.752,261.822,0.5505
mixed,64,4,0.0625,4.0,1024,1024,2048,8192,2432,245.887,497.214,423.807,0.7079
mixed,64,4,0.0625,4.0,1024,1024,4096,16384,4864,353.76,855.998,727.263,0.7437
mixed,64,4,0.0625,4.0,1024,2048,128,512,152,167.264,190.305,167.328,0.0028
mixed,64,4,0.0625,4.0,1024,2048,256,1024,304,177.824,216.702,178.143,0.0082
mixed,64,4,0.0625,4.0,1024,2048,512,2048,608,191.935,268.767,215.039,0.3007
mixed,64,4,0.0625,4.0,1024,2048,1024,4096,1216,228.224,354.24,302.369,0.5884
mixed,64,4,0.0625,4.0,1024,2048,2048,8192,2432,282.688,527.841,461.729,0.7303
mixed,64,4,0.0625,4.0,1024,2048,4096,16384,4864,390.591,888.959,770.717,0.7627
mixed,64,4,0.0625,4.0,1024,4096,128,512,152,238.241,260.702,236.992,-0.0556
mixed,64,4,0.0625,4.0,1024,4096,256,1024,304,249.086,285.343,248.158,-0.0256
mixed,64,4,0.0625,4.0,1024,4096,512,2048,608,264.095,338.783,264.574,0.0064
mixed,64,4,0.0625,4.0,1024,4096,1024,4096,1216,296.001,423.679,374.655,0.616
mixed,64,4,0.0625,4.0,1024,4096,2048,8192,2432,353.153,599.486,530.368,0.7194
mixed,64,4,0.0625,4.0,1024,4096,4096,16384,4864,458.719,958.174,832.031,0.7474
mixed,64,4,0.0625,4.0,1024,8192,128,512,152,385.889,405.952,384.543,-0.0671
mixed,64,4,0.0625,4.0,1024,8192,256,1024,304,395.744,434.047,397.311,0.0409
mixed,64,4,0.0625,4.0,1024,8192,512,2048,608,410.336,481.887,412.769,0.034
mixed,64,4,0.0625,4.0,1024,8192,1024,4096,1216,441.118,566.816,446.012,0.0389
mixed,64,4,0.0625,4.0,1024,8192,2048,8192,2432,498.334,743.933,676.416,0.7251
mixed,64,4,0.0625,4.0,1024,8192,4096,16384,4864,598.368,1100.798,977.664,0.7549
mixed,64,4,0.0625,4.0,2048,0,128,512,152,170.685,190.049,168.832,-0.0957
mixed,64,4,0.0625,4.0,2048,0,256,1024,304,178.08,218.847,185.729,0.1876
mixed,64,4,0.0625,4.0,2048,0,512,2048,608,195.457,273.534,227.392,0.409
mixed,64,4,0.0625,4.0,2048,0,1024,4096,1216,228.672,361.6,314.336,0.6444
mixed,64,4,0.0625,4.0,2048,0,2048,8192,2432,288.863,539.678,478.367,0.7556
mixed,64,4,0.0625,4.0,2048,0,4096,16384,4864,394.944,896.224,781.566,0.7713
mixed,64,4,0.0625,4.0,2048,512,128,512,152,206.048,222.302,206.111,0.0039
mixed,64,4,0.0625,4.0,2048,512,256,1024,304,211.904,253.856,210.849,-0.0251
mixed,64,4,0.0625,4.0,2048,512,512,2048,608,228.543,304.992,246.655,0.2369
mixed,64,4,0.0625,4.0,2048,512,1024,4096,1216,264.96,396.287,333.409,0.5212
mixed,64,4,0.0625,4.0,2048,512,2048,8192,2432,323.517,573.983,494.463,0.6825
mixed,64,4,0.0625,4.0,2048,512,4096,16384,4864,430.303,928.958,800.349,0.7421
mixed,64,4,0.0625,4.0,2048,1024,128,512,152,240.321,258.08,241.567,0.0702
mixed,64,4,0.0625,4.0,2048,1024,256,1024,304,249.056,286.911,246.048,-0.0795
mixed,64,4,0.0625,4.0,2048,1024,512,2048,608,262.177,341.505,263.968,0.0226
mixed,64,4,0.0625,4.0,2048,1024,1024,4096,1216,299.872,428.926,352.383,0.4069
mixed,64,4,0.0625,4.0,2048,1024,2048,8192,2432,358.878,609.727,512.737,0.6134
mixed,64,4,0.0625,4.0,2048,1024,4096,16384,4864,462.589,963.455,816.959,0.7075
mixed,64,4,0.0625,4.0,2048,2048,128,512,152,317.792,332.607,316.703,-0.0735
mixed,64,4,0.0625,4.0,2048,2048,256,1024,304,324.96,362.496,323.2,-0.0469
mixed,64,4,0.0625,4.0,2048,2048,512,2048,608,339.424,413.341,337.214,-0.0299
mixed,64,4,0.0625,4.0,2048,2048,1024,4096,1216,373.728,503.295,389.535,0.122
mixed,64,4,0.0625,4.0,2048,2048,2048,8192,2432,429.087,681.311,550.016,0.4795
mixed,64,4,0.0625,4.0,2048,2048,4096,16384,4864,532.447,1035.678,855.007,0.641
mixed,64,4,0.0625,4.0,2048,4096,128,512,152,465.312,481.663,461.95,-0.2056
mixed,64,4,0.0625,4.0,2048,4096,256,1024,304,472.095,507.52,470.59,-0.0425
mixed,64,4,0.0625,4.0,2048,4096,512,2048,608,486.495,556.031,484.606,-0.0272
mixed,64,4,0.0625,4.0,2048,4096,1024,4096,1216,515.231,643.485,514.399,-0.0065
mixed,64,4,0.0625,4.0,2048,4096,2048,8192,2432,573.855,818.558,628.925,0.225
mixed,64,4,0.0625,4.0,2048,4096,4096,16384,4864,675.233,1180.96,927.997,0.4998
mixed,64,4,0.0625,4.0,2048,8192,128,512,152,737.567,769.247,739.104,0.0485
mixed,64,4,0.0625,4.0,2048,8192,256,1024,304,756.19,790.238,755.167,-0.03
mixed,64,4,0.0625,4.0,2048,8192,512,2048,608,768.67,832.348,769.887,0.0191
mixed,64,4,0.0625,4.0,2048,8192,1024,4096,1216,793.406,917.629,793.758,0.0028
mixed,64,4,0.0625,4.0,2048,8192,2048,8192,2432,848.189,1093.119,842.366,-0.0238
mixed,64,4,0.0625,4.0,2048,8192,4096,16384,4864,949.95,1448.893,1069.213,0.239
pure,64,8,0.125,4.0,0,0,128,512,176,45.343,78.752,72.928,0.8257
pure,64,8,0.125,4.0,0,0,256,1024,352,55.553,108.223,84.735,0.5541
pure,64,8,0.125,4.0,0,0,512,2048,704,88.417,157.44,107.938,0.2828
pure,64,8,0.125,4.0,0,0,1024,4096,1408,131.839,251.389,151.489,0.1644
pure,64,8,0.125,4.0,0,0,2048,8192,2816,198.208,431.71,223.362,0.1077
pure,64,8,0.125,4.0,0,0,4096,16384,5632,322.047,797.536,371.232,0.1034
mixed,64,8,0.125,4.0,16,0,128,512,176,48.51,83.456,76.449,0.7995
mixed,64,8,0.125,4.0,16,0,256,1024,352,59.552,114.464,90.145,0.5571
mixed,64,8,0.125,4.0,16,0,512,2048,704,93.119,162.785,117.152,0.345
mixed,64,8,0.125,4.0,16,0,1024,4096,1408,135.072,252.575,165.952,0.2628
mixed,64,8,0.125,4.0,16,0,2048,8192,2816,206.913,438.142,253.727,0.2025
mixed,64,8,0.125,4.0,16,0,4096,16384,5632,326.688,797.312,425.313,0.2096
mixed,64,8,0.125,4.0,16,512,128,512,176,70.655,83.103,81.759,0.892
mixed,64,8,0.125,4.0,16,512,256,1024,352,74.623,113.313,91.169,0.4277
mixed,64,8,0.125,4.0,16,512,512,2048,704,92.96,165.439,116.352,0.3227
mixed,64,8,0.125,4.0,16,512,1024,4096,1408,137.985,257.182,167.84,0.2505
mixed,64,8,0.125,4.0,16,512,2048,8192,2816,204.321,438.174,253.087,0.2085
mixed,64,8,0.125,4.0,16,512,4096,16384,5632,332.574,797.695,425.473,0.1997
mixed,64,8,0.125,4.0,16,1024,128,512,176,81.441,88.574,80.991,-0.0631
mixed,64,8,0.125,4.0,16,1024,256,1024,352,97.377,115.232,93.408,-0.2223
mixed,64,8,0.125,4.0,16,1024,512,2048,704,95.329,165.376,118.592,0.3321
mixed,64,8,0.125,4.0,16,1024,1024,4096,1408,134.815,255.072,166.879,0.2666
mixed,64,8,0.125,4.0,16,1024,2048,8192,2816,210.114,434.623,255.262,0.2011
mixed,64,8,0.125,4.0,16,1024,4096,16384,5632,330.398,800.767,428.032,0.2076
mixed,64,8,0.125,4.0,16,2048,128,512,176,81.888,114.082,82.753,0.0269
mixed,64,8,0.125,4.0,16,2048,256,1024,352,95.616,117.663,94.625,-0.0449
mixed,64,8,0.125,4.0,16,2048,512,2048,704,133.246,163.936,121.568,-0.3805
mixed,64,8,0.125,4.0,16,2048,1024,4096,1408,138.304,255.743,168.031,0.2531
mixed,64,8,0.125,4.0,16,2048,2048,8192,2816,206.304,434.816,253.503,0.2065
mixed,64,8,0.125,4.0,16,2048,4096,16384,5632,332.511,802.782,427.901,0.2028
mixed,64,8,0.125,4.0,16,4096,128,512,176,84.032,118.625,84.992,0.0278
mixed,64,8,0.125,4.0,16,4096,256,1024,352,98.275,165.089,99.36,0.0162
mixed,64,8,0.125,4.0,16,4096,512,2048,704,136.092,168.543,123.68,-0.3825
mixed,64,8,0.125,4.0,16,4096,1024,4096,1408,200.829,258.527,169.76,-0.5385
mixed,64,8,0.125,4.0,16,4096,2048,8192,2816,208.64,437.375,255.968,0.2069
mixed,64,8,0.125,4.0,16,4096,4096,16384,5632,331.231,797.792,426.879,0.205
mixed,64,8,0.125,4.0,16,8192,128,512,176,89.215,119.233,87.008,-0.0735
mixed,64,8,0.125,4.0,16,8192,256,1024,352,99.712,166.432,97.024,-0.0403
mixed,64,8,0.125,4.0,16,8192,512,2048,704,135.233,251.68,123.393,-0.1017
mixed,64,8,0.125,4.0,16,8192,1024,4096,1408,198.463,262.753,167.873,-0.4758
mixed,64,8,0.125,4.0,16,8192,2048,8192,2816,322.11,439.582,257.889,-0.5467
mixed,64,8,0.125,4.0,16,8192,4096,16384,5632,336.478,799.872,432.318,0.2068
mixed,64,8,0.125,4.0,32,0,128,512,176,48.574,83.872,78.336,0.8432
mixed,64,8,0.125,4.0,32,0,256,1024,352,59.904,114.4,90.721,0.5655
mixed,64,8,0.125,4.0,32,0,512,2048,704,93.119,164.511,117.28,0.3384
mixed,64,8,0.125,4.0,32,0,1024,4096,1408,137.665,257.502,166.368,0.2395
mixed,64,8,0.125,4.0,32,0,2048,8192,2816,202.272,437.504,253.279,0.2168
mixed,64,8,0.125,4.0,32,0,4096,16384,5632,325.376,798.398,426.496,0.2138
mixed,64,8,0.125,4.0,32,512,128,512,176,81.28,81.952,79.742,-2.2887
mixed,64,8,0.125,4.0,32,512,256,1024,352,98.144,115.134,90.59,-0.4446
mixed,64,8,0.125,4.0,32,512,512,2048,704,94.143,163.873,118.592,0.3506
mixed,64,8,0.125,4.0,32,512,1024,4096,1408,137.088,256.576,165.409,0.237
mixed,64,8,0.125,4.0,32,512,2048,8192,2816,209.28,438.591,254.781,0.1984
mixed,64,8,0.125,4.0,32,512,4096,16384,5632,329.601,802.495,423.838,0.1993
mixed,64,8,0.125,4.0,32,1024,128,512,176,81.47,116.894,79.616,-0.0523
mixed,64,8,0.125,4.0,32,1024,256,1024,352,96.992,116.959,91.872,-0.2564
mixed,64,8,0.125,4.0,32,1024,512,2048,704,129.601,163.808,117.889,-0.3424
mixed,64,8,0.125,4.0,32,1024,1024,4096,1408,136.383,256.799,168.223,0.2644
mixed,64,8,0.125,4.0,32,1024,2048,8192,2816,207.839,440.575,253.055,0.1943
mixed,64,8,0.125,4.0,32,1024,4096,16384,5632,327.009,799.711,428.544,0.2148
mixed,64,8,0.125,4.0,32,2048,128,512,176,83.104,115.328,80.833,-0.0705
mixed,64,8,0.125,4.0,32,2048,256,1024,352,95.776,163.424,93.951,-0.027
mixed,64,8,0.125,4.0,32,2048,512,2048,704,130.175,165.248,120.096,-0.2874
mixed,64,8,0.125,4.0,32,2048,1024,4096,1408,190.719,258.24,165.856,-0.3682
mixed,64,8,0.125,4.0,32,2048,2048,8192,2816,210.593,438.593,252.258,0.1827
mixed,64,8,0.125,4.0,32,2048,4096,16384,5632,330.816,799.518,428.83,0.2091
mixed,64,8,0.125,4.0,32,4096,128,512,176,83.104,117.023,82.815,-0.0085
mixed,64,8,0.125,4.0,32,4096,256,1024,352,99.712,163.616,97.953,-0.0275
mixed,64,8,0.125,4.0,32,4096,512,2048,704,130.4,253.056,116.608,-0.1124
mixed,64,8,0.125,4.0,32,4096,1024,4096,1408,199.52,258.816,169.505,-0.5062
mixed,64,8,0.125,4.0,32,4096,2048,8192,2816,298.526,439.872,254.718,-0.3099
mixed,64,8,0.125,4.0,32,4096,4096,16384,5632,337.505,804.414,425.087,0.1876
mixed,64,8,0.125,4.0,32,8192,128,512,176,83.711,119.359,81.536,-0.061
mixed,64,8,0.125,4.0,32,8192,256,1024,352,97.471,165.697,94.397,-0.0451
mixed,64,8,0.125,4.0,32,8192,512,2048,704,131.168,248.286,120.512,-0.091
mixed,64,8,0.125,4.0,32,8192,1024,4096,1408,195.615,418.913,168.096,-0.1232
mixed,64,8,0.125,4.0,32,8192,2048,8192,2816,320.991,441.727,253.759,-0.5569
mixed,64,8,0.125,4.0,32,8192,4096,16384,5632,499.102,798.047,426.366,-0.2433
mixed,64,8,0.125,4.0,64,0,128,512,176,65.535,94.72,77.984,0.4266
mixed,64,8,0.125,4.0,64,0,256,1024,352,73.023,128.994,90.175,0.3064
mixed,64,8,0.125,4.0,64,0,512,2048,704,108.351,176.191,116.672,0.1227
mixed,64,8,0.125,4.0,64,0,1024,4096,1408,143.2,267.778,164.575,0.1716
mixed,64,8,0.125,4.0,64,0,2048,8192,2816,208.224,446.527,253.631,0.1905
mixed,64,8,0.125,4.0,64,0,4096,16384,5632,331.519,798.941,426.303,0.2028
mixed,64,8,0.125,4.0,64,512,128,512,176,81.056,113.281,82.528,0.0457
mixed,64,8,0.125,4.0,64,512,256,1024,352,95.647,149.632,92.095,-0.0658
mixed,64,8,0.125,4.0,64,512,512,2048,704,126.016,199.262,117.537,-0.1158
mixed,64,8,0.125,4.0,64,512,1024,4096,1408,163.103,288.318,165.057,0.0156
mixed,64,8,0.125,4.0,64,512,2048,8192,2816,234.016,467.518,256.416,0.0959
mixed,64,8,0.125,4.0,64,512,4096,16384,5632,355.071,827.198,425.985,0.1502
mixed,64,8,0.125,4.0,64,1024,128,512,176,81.536,116.065,81.79,0.0074
mixed,64,8,0.125,4.0,64,1024,256,1024,352,96.928,162.08,92.032,-0.0751
mixed,64,8,0.125,4.0,64,1024,512,2048,704,127.231,217.696,118.015,-0.1019
mixed,64,8,0.125,4.0,64,1024,1024,4096,1408,184.863,312.191,163.903,-0.1646
mixed,64,8,0.125,4.0,64,1024,2048,8192,2816,252.672,495.103,252.738,0.0003
mixed,64,8,0.125,4.0,64,1024,4096,16384,5632,369.758,851.262,425.025,0.1148
mixed,64,8,0.125,4.0,64,2048,128,512,176,82.688,116.992,80.063,-0.0765
mixed,64,8,0.125,4.0,64,2048,256,1024,352,95.391,163.071,91.773,-0.0535
mixed,64,8,0.125,4.0,64,2048,512,2048,704,129.151,247.84,117.31,-0.0998
mixed,64,8,0.125,4.0,64,2048,1024,4096,1408,187.968,354.241,166.56,-0.1288
mixed,64,8,0.125,4.0,64,2048,2048,8192,2816,296.64,528.801,252.769,-0.189
mixed,64,8,0.125,4.0,64,2048,4096,16384,5632,418.655,878.973,421.249,0.0056
mixed,64,8,0.125,4.0,64,4096,128,512,176,82.592,115.264,82.559,-0.001
mixed,64,8,0.125,4.0,64,4096,256,1024,352,97.375,161.534,93.119,-0.0663
mixed,64,8,0.125,4.0,64,4096,512,2048,704,127.935,246.561,118.273,-0.0814
mixed,64,8,0.125,4.0,64,4096,1024,4096,1408,194.464,411.648,166.817,-0.1273
mixed,64,8,0.125,4.0,64,4096,2048,8192,2816,288.608,599.039,253.151,-0.1142
mixed,64,8,0.125,4.0,64,4096,4096,16384,5632,493.921,960.062,423.84,-0.1503
mixed,64,8,0.125,4.0,64,8192,128,512,176,102.912,117.248,102.817,-0.0066
mixed,64,8,0.125,4.0,64,8192,256,1024,352,98.944,159.073,101.791,0.0473
mixed,64,8,0.125,4.0,64,8192,512,2048,704,130.014,244.928,131.71,0.0148
mixed,64,8,0.125,4.0,64,8192,1024,4096,1408,195.039,409.344,163.361,-0.1478
mixed,64,8,0.125,4.0,64,8192,2048,8192,2816,309.054,737.023,252.16,-0.1329
mixed,64,8,0.125,4.0,64,8192,4096,16384,5632,489.728,1105.086,420.671,-0.1122
mixed,64,8,0.125,4.0,128,0,128,512,176,65.536,96.414,77.438,0.3855
mixed,64,8,0.125,4.0,128,0,256,1024,352,72.639,128.576,88.799,0.2889
mixed,64,8,0.125,4.0,128,0,512,2048,704,107.679,176.96,114.75,0.1021
mixed,64,8,0.125,4.0,128,0,1024,4096,1408,147.169,267.489,164.322,0.1426
mixed,64,8,0.125,4.0,128,0,2048,8192,2816,212.096,448.128,254.558,0.1799
mixed,64,8,0.125,4.0,128,0,4096,16384,5632,338.015,805.248,427.646,0.1918
mixed,64,8,0.125,4.0,128,512,128,512,176,84.577,113.953,84.767,0.0065
mixed,64,8,0.125,4.0,128,512,256,1024,352,98.72,146.847,91.233,-0.1556
mixed,64,8,0.125,4.0,128,512,512,2048,704,123.904,198.143,115.392,-0.1147
mixed,64,8,0.125,4.0,128,512,1024,4096,1408,162.912,290.271,162.303,-0.0048
mixed,64,8,0.125,4.0,128,512,2048,8192,2816,234.85,460.479,249.824,0.0664
mixed,64,8,0.125,4.0,128,512,4096,16384,5632,356.382,822.943,424.385,0.1458
mixed,64,8,0.125,4.0,128,1024,128,512,176,84.447,115.103,85.345,0.0293
mixed,64,8,0.125,4.0,128,1024,256,1024,352,96.512,158.144,94.367,-0.0348
mixed,64,8,0.125,4.0,128,1024,512,2048,704,128.64,214.337,117.055,-0.1352
mixed,64,8,0.125,4.0,128,1024,1024,4096,1408,179.68,305.054,162.655,-0.1358
mixed,64,8,0.125,4.0,128,1024,2048,8192,2816,252.638,489.471,251.136,-0.0063
mixed,64,8,0.125,4.0,128,1024,4096,16384,5632,374.622,837.342,424.383,0.1075
mixed,64,8,0.125,4.0,128,2048,128,512,176,88.481,116.128,86.558,-0.0696
mixed,64,8,0.125,4.0,128,2048,256,1024,352,96.511,160.095,96.577,0.001
mixed,64,8,0.125,4.0,128,2048,512,2048,704,127.742,243.615,119.264,-0.0732
mixed,64,8,0.125,4.0,128,2048,1024,4096,1408,184.447,343.968,164.161,-0.1272
mixed,64,8,0.125,4.0,128,2048,2048,8192,2816,286.721,513.408,249.249,-0.1653
mixed,64,8,0.125,4.0,128,2048,4096,16384,5632,412.35,875.709,417.439,0.011
mixed,64,8,0.125,4.0,128,4096,128,512,176,102.687,117.728,101.952,-0.0489
mixed,64,8,0.125,4.0,128,4096,256,1024,352,116.736,159.52,111.134,-0.1309
mixed,64,8,0.125,4.0,128,4096,512,2048,704,129.729,242.368,134.015,0.0381
mixed,64,8,0.125,4.0,128,4096,1024,4096,1408,191.552,406.91,165.088,-0.1229
mixed,64,8,0.125,4.0,128,4096,2048,8192,2816,288.351,589.886,247.393,-0.1358
mixed,64,8,0.125,4.0,128,4096,4096,16384,5632,480.317,950.621,418.431,-0.1316
mixed,64,8,0.125,4.0,128,8192,128,512,176,127.52,152.128,125.984,-0.0624
mixed,64,8,0.125,4.0,128,8192,256,1024,352,137.599,159.103,123.936,-0.6354
mixed,64,8,0.125,4.0,128,8192,512,2048,704,163.135,239.425,157.79,-0.0701
mixed,64,8,0.125,4.0,128,8192,1024,4096,1408,190.942,403.776,191.966,0.0048
mixed,64,8,0.125,4.0,128,8192,2048,8192,2816,307.36,723.584,242.719,-0.1553
mixed,64,8,0.125,4.0,128,8192,4096,16384,5632,480.479,1089.181,416.319,-0.1054
mixed,64,8,0.125,4.0,256,0,128,512,176,67.937,97.567,79.136,0.378
mixed,64,8,0.125,4.0,256,0,256,1024,352,74.335,130.72,88.606,0.2531
mixed,64,8,0.125,4.0,256,0,512,2048,704,108.034,177.44,115.105,0.1019
mixed,64,8,0.125,4.0,256,0,1024,4096,1408,150.496,270.368,167.968,0.1458
mixed,64,8,0.125,4.0,256,0,2048,8192,2816,218.622,454.783,257.182,0.1633
mixed,64,8,0.125,4.0,256,0,4096,16384,5632,340.193,807.806,426.753,0.1851
mixed,64,8,0.125,4.0,256,512,128,512,176,90.401,112.608,90.914,0.0231
mixed,64,8,0.125,4.0,256,512,256,1024,352,101.662,144.673,91.358,-0.2396
mixed,64,8,0.125,4.0,256,512,512,2048,704,124.382,193.728,114.207,-0.1467
mixed,64,8,0.125,4.0,256,512,1024,4096,1408,160.831,287.553,160.478,-0.0028
mixed,64,8,0.125,4.0,256,512,2048,8192,2816,230.816,468.639,247.648,0.0708
mixed,64,8,0.125,4.0,256,512,4096,16384,5632,353.568,820.99,422.88,0.1483
mixed,64,8,0.125,4.0,256,1024,128,512,176,87.072,118.528,98.079,0.3499
mixed,64,8,0.125,4.0,256,1024,256,1024,352,98.622,157.217,108.159,0.1628
mixed,64,8,0.125,4.0,256,1024,512,2048,704,127.584,207.102,115.616,-0.1505
mixed,64,8,0.125,4.0,256,1024,1024,4096,1408,174.848,302.079,160.319,-0.1142
mixed,64,8,0.125,4.0,256,1024,2048,8192,2816,249.152,478.271,244.224,-0.0215
mixed,64,8,0.125,4.0,256,1024,4096,16384,5632,368.48,832.96,420.673,0.1124
mixed,64,8,0.125,4.0,256,2048,128,512,176,111.905,120.48,110.975,-0.1085
mixed,64,8,0.125,4.0,256,2048,256,1024,352,117.31,162.432,118.913,0.0355
mixed,64,8,0.125,4.0,256,2048,512,2048,704,132.576,237.439,141.088,0.0812
mixed,64,8,0.125,4.0,256,2048,1024,4096,1408,191.712,336.991,160.608,-0.2141
mixed,64,8,0.125,4.0,256,2048,2048,8192,2816,279.423,515.009,241.152,-0.1625
mixed,64,8,0.125,4.0,256,2048,4096,16384,5632,406.527,866.881,413.919,0.0161
mixed,64,8,0.125,4.0,256,4096,128,512,176,130.017,149.535,129.345,-0.0344
mixed,64,8,0.125,4.0,256,4096,256,1024,352,139.808,161.631,139.394,-0.019
mixed,64,8,0.125,4.0,256,4096,512,2048,704,159.809,244.543,157.12,-0.0317
mixed,64,8,0.125,4.0,256,4096,1024,4096,1408,195.071,396.193,198.846,0.0188
mixed,64,8,0.125,4.0,256,4096,2048,8192,2816,305.823,583.071,241.537,-0.2319
mixed,64,8,0.125,4.0,256,4096,4096,16384,5632,471.775,937.725,406.91,-0.1392
mixed,64,8,0.125,4.0,256,8192,128,512,176,165.886,184.671,166.081,0.0104
mixed,64,8,0.125,4.0,256,8192,256,1024,352,174.462,224.897,173.856,-0.012
mixed,64,8,0.125,4.0,256,8192,512,2048,704,207.52,240.926,200.768,-0.2021
mixed,64,8,0.125,4.0,256,8192,1024,4096,1408,240.768,403.296,225.6,-0.0933
mixed,64,8,0.125,4.0,256,8192,2048,8192,2816,306.879,715.263,321.44,0.0357
mixed,64,8,0.125,4.0,256,8192,4096,16384,5632,519.615,1073.822,405.695,-0.2056
mixed,64,8,0.125,4.0,512,0,128,512,176,73.601,109.952,86.399,0.3521
mixed,64,8,0.125,4.0,512,0,256,1024,352,84.384,140.798,97.63,0.2348
mixed,64,8,0.125,4.0,512,0,512,2048,704,121.182,193.566,121.984,0.0111
mixed,64,8,0.125,4.0,512,0,1024,4096,1408,165.984,281.794,173.727,0.0669
mixed,64,8,0.125,4.0,512,0,2048,8192,2816,233.152,465.408,259.807,0.1148
mixed,64,8,0.125,4.0,512,0,4096,16384,5632,359.041,825.373,435.52,0.164
mixed,64,8,0.125,4.0,512,512,128,512,176,113.151,117.185,116.415,0.8091
mixed,64,8,0.125,4.0,512,512,256,1024,352,97.664,152.833,105.6,0.1438
mixed,64,8,0.125,4.0,512,512,512,2048,704,130.716,203.648,128.671,-0.028
mixed,64,8,0.125,4.0,512,512,1024,4096,1408,174.176,298.016,165.759,-0.068
mixed,64,8,0.125,4.0,512,512,2048,8192,2816,239.006,474.338,255.455,0.0699
mixed,64,8,0.125,4.0,512,512,4096,16384,5632,369.695,831.55,427.232,0.1246
mixed,64,8,0.125,4.0,512,1024,128,512,176,123.39,117.664,124.734,
mixed,64,8,0.125,4.0,512,1024,256,1024,352,129.439,159.681,145.023,0.5153
mixed,64,8,0.125,4.0,512,1024,512,2048,704,131.872,216.577,141.696,0.116
mixed,64,8,0.125,4.0,512,1024,1024,4096,1408,186.783,310.018,169.568,-0.1397
mixed,64,8,0.125,4.0,512,1024,2048,8192,2816,255.713,486.209,248.35,-0.0319
mixed,64,8,0.125,4.0,512,1024,4096,16384,5632,378.272,846.527,421.151,0.0916
mixed,64,8,0.125,4.0,512,2048,128,512,176,143.713,160.448,144.257,0.0325
mixed,64,8,0.125,4.0,512,2048,256,1024,352,149.088,162.973,164.448,1.1062
mixed,64,8,0.125,4.0,512,2048,512,2048,704,170.975,242.944,212.96,0.5834
mixed,64,8,0.125,4.0,512,2048,1024,4096,1408,194.528,343.678,200.574,0.0405
mixed,64,8,0.125,4.0,512,2048,2048,8192,2816,283.519,525.183,254.496,-0.1201
mixed,64,8,0.125,4.0,512,2048,4096,16384,5632,413.244,877.761,417.12,0.0083
mixed,64,8,0.125,4.0,512,4096,128,512,176,181.408,201.535,180.769,-0.0317
mixed,64,8,0.125,4.0,512,4096,256,1024,352,187.199,228.64,203.969,0.4047
mixed,64,8,0.125,4.0,512,4096,512,2048,704,209.949,240.095,251.328,1.3726
mixed,64,8,0.125,4.0,512,4096,1024,4096,1408,252.159,403.102,283.391,0.2069
mixed,64,8,0.125,4.0,512,4096,2048,8192,2816,305.219,588.129,322.333,0.0605
mixed,64,8,0.125,4.0,512,4096,4096,16384,5632,482.91,947.649,415.23,-0.1456
mixed,64,8,0.125,4.0,512,8192,128,512,176,259.04,277.119,258.624,-0.023
mixed,64,8,0.125,4.0,512,8192,256,1024,352,265.983,304.639,269.342,0.0869
mixed,64,8,0.125,4.0,512,8192,512,2048,704,284.383,352.254,327.743,0.6389
mixed,64,8,0.125,4.0,512,8192,1024,4096,1408,324.67,404.607,417.247,1.1581
mixed,64,8,0.125,4.0,512,8192,2048,8192,2816,393.855,716.701,445.665,0.1605
mixed,64,8,0.125,4.0,512,8192,4096,16384,5632,523.041,1083.293,561.217,0.0681
mixed,64,8,0.125,4.0,1024,0,128,512,176,97.632,119.104,98.913,0.0597
mixed,64,8,0.125,4.0,1024,0,256,1024,352,109.569,144.896,107.234,-0.0661
mixed,64,8,0.125,4.0,1024,0,512,2048,704,127.71,197.153,143.68,0.23
mixed,64,8,0.125,4.0,1024,0,1024,4096,1408,165.793,285.474,228.223,0.5216
mixed,64,8,0.125,4.0,1024,0,2048,8192,2816,234.56,465.409,389.182,0.6698
mixed,64,8,0.125,4.0,1024,0,4096,16384,5632,354.879,816.541,693.568,0.7336
mixed,64,8,0.125,4.0,1024,512,128,512,176,115.457,138.304,114.141,-0.0576
mixed,64,8,0.125,4.0,1024,512,256,1024,352,123.744,163.52,123.552,-0.0048
mixed,64,8,0.125,4.0,1024,512,512,2048,704,145.983,210.719,160.961,0.2314
mixed,64,8,0.125,4.0,1024,512,1024,4096,1408,181.152,298.976,248.255,0.5695
mixed,64,8,0.125,4.0,1024,512,2048,8192,2816,250.592,482.239,407.39,0.6769
mixed,64,8,0.125,4.0,1024,512,4096,16384,5632,373.568,839.965,711.934,0.7255
mixed,64,8,0.125,4.0,1024,1024,128,512,176,131.549,155.55,132.063,0.0214
mixed,64,8,0.125,4.0,1024,1024,256,1024,352,140.672,179.711,143.455,0.0713
mixed,64,8,0.125,4.0,1024,1024,512,2048,704,164.736,229.728,179.008,0.2196
mixed,64,8,0.125,4.0,1024,1024,1024,4096,1408,200.481,316.289,265.855,0.5645
mixed,64,8,0.125,4.0,1024,1024,2048,8192,2816,268.546,500.0,425.825,0.6795
mixed,64,8,0.125,4.0,1024,1024,4096,16384,5632,393.375,856.413,729.695,0.7263
mixed,64,8,0.125,4.0,1024,2048,128,512,176,168.224,189.567,168.927,0.0329
mixed,64,8,0.125,4.0,1024,2048,256,1024,352,176.127,214.016,178.559,0.0642
mixed,64,8,0.125,4.0,1024,2048,512,2048,704,195.649,268.831,216.384,0.2833
mixed,64,8,0.125,4.0,1024,2048,1024,4096,1408,236.382,351.967,305.407,0.5972
mixed,64,8,0.125,4.0,1024,2048,2048,8192,2816,308.703,529.791,466.655,0.7144
mixed,64,8,0.125,4.0,1024,2048,4096,16384,5632,428.031,888.767,767.071,0.7359
mixed,64,8,0.125,4.0,1024,4096,128,512,176,237.183,257.761,237.569,0.0188
mixed,64,8,0.125,4.0,1024,4096,256,1024,352,248.991,284.798,247.295,-0.0474
mixed,64,8,0.125,4.0,1024,4096,512,2048,704,270.079,336.704,289.792,0.2959
mixed,64,8,0.125,4.0,1024,4096,1024,4096,1408,308.926,420.863,377.63,0.6138
mixed,64,8,0.125,4.0,1024,4096,2048,8192,2816,372.961,600.222,532.769,0.7032
mixed,64,8,0.125,4.0,1024,4096,4096,16384,5632,494.399,957.597,832.606,0.7302
mixed,64,8,0.125,4.0,1024,8192,128,512,176,385.183,407.615,388.352,0.1413
mixed,64,8,0.125,4.0,1024,8192,256,1024,352,396.961,436.481,398.431,0.0372
mixed,64,8,0.125,4.0,1024,8192,512,2048,704,418.399,481.119,416.128,-0.0362
mixed,64,8,0.125,4.0,1024,8192,1024,4096,1408,451.872,567.583,522.015,0.6062
mixed,64,8,0.125,4.0,1024,8192,2048,8192,2816,517.821,741.533,676.894,0.7111
mixed,64,8,0.125,4.0,1024,8192,4096,16384,5632,638.399,1103.422,982.975,0.741
mixed,64,8,0.125,4.0,2048,0,128,512,176,171.265,189.055,173.406,0.1203
mixed,64,8,0.125,4.0,2048,0,256,1024,352,177.695,219.967,193.92,0.3838
mixed,64,8,0.125,4.0,2048,0,512,2048,704,198.047,271.04,239.966,0.5743
mixed,64,8,0.125,4.0,2048,0,1024,4096,1408,240.192,362.143,326.784,0.7101
mixed,64,8,0.125,4.0,2048,0,2048,8192,2816,312.001,538.527,484.354,0.7609
mixed,64,8,0.125,4.0,2048,0,4096,16384,5632,429.888,898.173,790.56,0.7702
mixed,64,8,0.125,4.0,2048,512,128,512,176,205.441,224.19,208.287,0.1518
mixed,64,8,0.125,4.0,2048,512,256,1024,352,214.527,252.16,227.776,0.3521
mixed,64,8,0.125,4.0,2048,512,512,2048,704,233.857,302.913,274.942,0.595
mixed,64,8,0.125,4.0,2048,512,1024,4096,1408,276.895,395.551,361.63,0.7141
mixed,64,8,0.125,4.0,2048,512,2048,8192,2816,344.002,575.167,520.352,0.7629
mixed,64,8,0.125,4.0,2048,512,4096,16384,5632,465.022,935.87,821.724,0.7576
mixed,64,8,0.125,4.0,2048,1024,128,512,176,241.31,259.969,241.536,0.0121
mixed,64,8,0.125,4.0,2048,1024,256,1024,352,250.56,288.864,264.64,0.3676
mixed,64,8,0.125,4.0,2048,1024,512,2048,704,270.273,338.879,308.192,0.5527
mixed,64,8,0.125,4.0,2048,1024,1024,4096,1408,311.295,429.728,396.863,0.7225
mixed,64,8,0.125,4.0,2048,1024,2048,8192,2816,377.663,605.631,555.104,0.7784
mixed,64,8,0.125,4.0,2048,1024,4096,16384,5632,500.351,969.502,856.383,0.7589
mixed,64,8,0.125,4.0,2048,2048,128,512,176,316.959,332.161,316.542,-0.0274
mixed,64,8,0.125,4.0,2048,2048,256,1024,352,324.542,360.127,322.432,-0.0593
mixed,64,8,0.125,4.0,2048,2048,512,2048,704,343.455,411.072,386.24,0.6328
mixed,64,8,0.125,4.0,2048,2048,1024,4096,1408,386.142,500.899,471.137,0.7407
mixed,64,8,0.125,4.0,2048,2048,2048,8192,2816,449.885,681.149,627.198,0.7667
mixed,64,8,0.125,4.0,2048,2048,4096,16384,5632,570.303,1041.629,928.285,0.7595
mixed,64,8,0.125,4.0,2048,4096,128,512,176,465.662,480.127,463.742,-0.1327
mixed,64,8,0.125,4.0,2048,4096,256,1024,352,471.838,507.707,470.239,-0.0446
mixed,64,8,0.125,4.0,2048,4096,512,2048,704,489.821,556.253,487.295,-0.038
mixed,64,8,0.125,4.0,2048,4096,1024,4096,1408,530.72,643.359,613.6,0.7358
mixed,64,8,0.125,4.0,2048,4096,2048,8192,2816,593.759,816.542,775.264,0.8147
mixed,64,8,0.125,4.0,2048,4096,4096,16384,5632,709.63,1178.334,1078.336,0.7866
mixed,64,8,0.125,4.0,2048,8192,128,512,176,737.407,767.324,743.778,0.213
mixed,64,8,0.125,4.0,2048,8192,256,1024,352,755.102,789.439,755.838,0.0214
mixed,64,8,0.125,4.0,2048,8192,512,2048,704,773.822,832.254,769.053,-0.0816
mixed,64,8,0.125,4.0,2048,8192,1024,4096,1408,805.566,916.189,795.36,-0.0923
mixed,64,8,0.125,4.0,2048,8192,2048,8192,2816,864.768,1091.936,1047.997,0.8066
mixed,64,8,0.125,4.0,2048,8192,4096,16384,5632,990.911,1449.407,1347.804,0.7784
pure,64,16,0.25,4.0,0,0,128,512,224,46.91,79.199,74.495,0.8543
pure,64,16,0.25,4.0,0,0,256,1024,448,63.68,109.758,88.447,0.5375
pure,64,16,0.25,4.0,0,0,512,2048,896,100.289,157.885,110.337,0.1745
pure,64,16,0.25,4.0,0,0,1024,4096,1792,147.711,247.136,160.544,0.1291
pure,64,16,0.25,4.0,0,0,2048,8192,3584,224.351,434.047,247.776,0.1117
pure,64,16,0.25,4.0,0,0,4096,16384,7168,388.319,792.704,427.071,0.0958
mixed,64,16,0.25,4.0,16,0,128,512,224,51.232,82.431,78.464,0.8728
mixed,64,16,0.25,4.0,16,0,256,1024,448,65.408,112.99,89.568,0.5078
mixed,64,16,0.25,4.0,16,0,512,2048,896,105.919,162.624,120.128,0.2506
mixed,64,16,0.25,4.0,16,0,1024,4096,1792,151.905,254.976,169.345,0.1692
mixed,64,16,0.25,4.0,16,0,2048,8192,3584,231.135,438.335,276.192,0.2175
mixed,64,16,0.25,4.0,16,0,4096,16384,7168,396.574,792.094,480.128,0.2113
mixed,64,16,0.25,4.0,16,512,128,512,224,72.703,81.695,83.327,1.1815
mixed,64,16,0.25,4.0,16,512,256,1024,448,80.448,113.408,93.536,0.3971
mixed,64,16,0.25,4.0,16,512,512,2048,896,105.667,164.959,125.376,0.3324
mixed,64,16,0.25,4.0,16,512,1024,4096,1792,154.368,258.785,169.408,0.144
mixed,64,16,0.25,4.0,16,512,2048,8192,3584,232.927,433.696,278.175,0.2254
mixed,64,16,0.25,4.0,16,512,4096,16384,7168,392.766,796.574,479.263,0.2142
mixed,64,16,0.25,4.0,16,1024,128,512,224,83.521,86.432,82.688,-0.2862
mixed,64,16,0.25,4.0,16,1024,256,1024,448,86.238,115.424,94.72,0.2906
mixed,64,16,0.25,4.0,16,1024,512,2048,896,110.082,165.216,123.809,0.249
mixed,64,16,0.25,4.0,16,1024,1024,4096,1792,153.567,256.576,169.023,0.15
mixed,64,16,0.25,4.0,16,1024,2048,8192,3584,233.054,438.464,277.249,0.2152
mixed,64,16,0.25,4.0,16,1024,4096,16384,7168,394.08,799.615,484.061,0.2219
mixed,64,16,0.25,4.0,16,2048,128,512,224,85.758,115.553,82.657,-0.1041
mixed,64,16,0.25,4.0,16,2048,256,1024,448,106.178,117.439,95.809,-0.9208
mixed,64,16,0.25,4.0,16,2048,512,2048,896,112.928,163.809,123.105,0.2
mixed,64,16,0.25,4.0,16,2048,1024,4096,1792,161.024,257.984,167.84,0.0703
mixed,64,16,0.25,4.0,16,2048,2048,8192,3584,235.263,439.358,276.606,0.2026
mixed,64,16,0.25,4.0,16,2048,4096,16384,7168,393.215,796.509,480.864,0.2173
mixed,64,16,0.25,4.0,16,4096,128,512,224,87.361,117.346,84.032,-0.111
mixed,64,16,0.25,4.0,16,4096,256,1024,448,110.784,166.528,101.568,-0.1653
mixed,64,16,0.25,4.0,16,4096,512,2048,896,153.535,168.511,123.039,-2.0363
mixed,64,16,0.25,4.0,16,4096,1024,4096,1792,168.735,260.575,172.127,0.0369
mixed,64,16,0.25,4.0,16,4096,2048,8192,3584,237.504,438.11,281.76,0.2206
mixed,64,16,0.25,4.0,16,4096,4096,16384,7168,395.999,804.927,483.135,0.2131
mixed,64,16,0.25,4.0,16,8192,128,512,224,89.537,120.895,84.769,-0.1521
mixed,64,16,0.25,4.0,16,8192,256,1024,448,110.239,167.967,100.128,-0.1751
mixed,64,16,0.25,4.0,16,8192,512,2048,896,154.144,253.985,128.063,-0.2612
mixed,64,16,0.25,4.0,16,8192,1024,4096,1792,232.416,263.262,174.816,-1.8673
mixed,64,16,0.25,4.0,16,8192,2048,8192,3584,261.151,440.255,262.625,0.0082
mixed,64,16,0.25,4.0,16,8192,4096,16384,7168,400.32,801.915,485.409,0.2119
mixed,64,16,0.25,4.0,32,0,128,512,224,50.083,82.371,79.744,0.9186
mixed,64,16,0.25,4.0,32,0,256,1024,448,67.551,115.423,91.197,0.4939
mixed,64,16,0.25,4.0,32,0,512,2048,896,106.272,164.544,120.831,0.2498
mixed,64,16,0.25,4.0,32,0,1024,4096,1792,155.008,258.976,170.336,0.1474
mixed,64,16,0.25,4.0,32,0,2048,8192,3584,232.095,440.671,278.561,0.2228
mixed,64,16,0.25,4.0,32,0,4096,16384,7168,394.944,798.558,481.631,0.2148
mixed,64,16,0.25,4.0,32,512,128,512,224,83.874,83.264,85.599,
mixed,64,16,0.25,4.0,32,512,256,1024,448,80.577,115.138,93.886,0.3851
mixed,64,16,0.25,4.0,32,512,512,2048,896,104.416,164.16,124.992,0.3444
mixed,64,16,0.25,4.0,32,512,1024,4096,1792,154.784,257.247,165.664,0.1062
mixed,64,16,0.25,4.0,32,512,2048,8192,3584,233.312,436.447,276.926,0.2147
mixed,64,16,0.25,4.0,32,512,4096,16384,7168,397.663,806.304,482.206,0.2069
mixed,64,16,0.25,4.0,32,1024,128,512,224,83.777,116.513,83.872,0.0029
mixed,64,16,0.25,4.0,32,1024,256,1024,448,105.921,115.199,93.28,-1.3625
mixed,64,16,0.25,4.0,32,1024,512,2048,896,107.262,164.064,121.729,0.2547
mixed,64,16,0.25,4.0,32,1024,1024,4096,1792,153.472,256.449,168.096,0.142
mixed,64,16,0.25,4.0,32,1024,2048,8192,3584,235.553,438.909,279.198,0.2146
mixed,64,16,0.25,4.0,32,1024,4096,16384,7168,398.658,800.864,481.919,0.207
mixed,64,16,0.25,4.0,32,2048,128,512,224,83.52,113.888,82.432,-0.0358
mixed,64,16,0.25,4.0,32,2048,256,1024,448,104.64,167.232,94.207,-0.1667
mixed,64,16,0.25,4.0,32,2048,512,2048,896,150.689,167.136,123.52,-1.6519
mixed,64,16,0.25,4.0,32,2048,1024,4096,1792,164.288,258.367,169.121,0.0514
mixed,64,16,0.25,4.0,32,2048,2048,8192,3584,232.99,439.231,278.175,0.2191
mixed,64,16,0.25,4.0,32,2048,4096,16384,7168,397.954,803.328,480.287,0.2031
mixed,64,16,0.25,4.0,32,4096,128,512,224,84.544,115.87,82.144,-0.0766
mixed,64,16,0.25,4.0,32,4096,256,1024,448,108.224,163.264,100.032,-0.1488
mixed,64,16,0.25,4.0,32,4096,512,2048,896,151.008,255.008,121.44,-0.2843
mixed,64,16,0.25,4.0,32,4096,1024,4096,1792,227.775,260.639,166.624,-1.8607
mixed,64,16,0.25,4.0,32,4096,2048,8192,3584,246.815,439.454,256.03,0.0478
mixed,64,16,0.25,4.0,32,4096,4096,16384,7168,399.487,798.975,484.287,0.2123
mixed,64,16,0.25,4.0,32,8192,128,512,224,85.664,115.969,86.335,0.0221
mixed,64,16,0.25,4.0,32,8192,256,1024,448,108.544,165.664,103.103,-0.0953
mixed,64,16,0.25,4.0,32,8192,512,2048,896,151.105,246.528,132.832,-0.1915
mixed,64,16,0.25,4.0,32,8192,1024,4096,1792,228.126,416.64,169.055,-0.3134
mixed,64,16,0.25,4.0,32,8192,2048,8192,3584,375.744,441.952,259.135,-1.7613
mixed,64,16,0.25,4.0,32,8192,4096,16384,7168,552.831,804.319,479.934,-0.2899
mixed,64,16,0.25,4.0,64,0,128,512,224,65.854,95.585,78.719,0.4327
mixed,64,16,0.25,4.0,64,0,256,1024,448,80.989,128.351,90.88,0.2088
mixed,64,16,0.25,4.0,64,0,512,2048,896,116.833,174.848,118.366,0.0264
mixed,64,16,0.25,4.0,64,0,1024,4096,1792,164.128,265.729,168.289,0.041
mixed,64,16,0.25,4.0,64,0,2048,8192,3584,244.158,450.944,277.855,0.163
mixed,64,16,0.25,4.0,64,0,4096,16384,7168,400.288,803.359,479.36,0.1962
mixed,64,16,0.25,4.0,64,512,128,512,224,84.606,114.815,84.447,-0.0053
mixed,64,16,0.25,4.0,64,512,256,1024,448,103.87,146.656,92.897,-0.2565
mixed,64,16,0.25,4.0,64,512,512,2048,896,140.287,193.408,119.84,-0.3849
mixed,64,16,0.25,4.0,64,512,1024,4096,1792,185.375,283.328,163.777,-0.2205
mixed,64,16,0.25,4.0,64,512,2048,8192,3584,262.814,464.415,277.664,0.0737
mixed,64,16,0.25,4.0,64,512,4096,16384,7168,421.121,821.151,479.456,0.1458
mixed,64,16,0.25,4.0,64,1024,128,512,224,84.638,114.751,83.394,-0.0413
mixed,64,16,0.25,4.0,64,1024,256,1024,448,104.449,159.647,95.391,-0.1641
mixed,64,16,0.25,4.0,64,1024,512,2048,896,151.201,215.456,120.766,-0.4737
mixed,64,16,0.25,4.0,64,1024,1024,4096,1792,204.256,313.565,167.808,-0.3334
mixed,64,16,0.25,4.0,64,1024,2048,8192,3584,288.64,489.343,277.151,-0.0572
mixed,64,16,0.25,4.0,64,1024,4096,16384,7168,437.438,844.991,480.128,0.1047
mixed,64,16,0.25,4.0,64,2048,128,512,224,85.409,115.649,85.056,-0.0117
mixed,64,16,0.25,4.0,64,2048,256,1024,448,105.281,161.76,98.144,-0.1264
mixed,64,16,0.25,4.0,64,2048,512,2048,896,150.784,247.488,123.614,-0.281
mixed,64,16,0.25,4.0,64,2048,1024,4096,1792,228.607,348.289,168.833,-0.4994
mixed,64,16,0.25,4.0,64,2048,2048,8192,3584,325.441,525.885,257.824,-0.3373
mixed,64,16,0.25,4.0,64,2048,4096,16384,7168,480.351,877.375,480.512,0.0004
mixed,64,16,0.25,4.0,64,4096,128,512,224,85.086,115.487,84.351,-0.0242
mixed,64,16,0.25,4.0,64,4096,256,1024,448,104.479,161.28,104.479,-0.0
mixed,64,16,0.25,4.0,64,4096,512,2048,896,151.745,245.664,134.016,-0.1888
mixed,64,16,0.25,4.0,64,4096,1024,4096,1792,223.262,412.288,170.272,-0.2803
mixed,64,16,0.25,4.0,64,4096,2048,8192,3584,374.782,598.686,254.719,-0.5362
mixed,64,16,0.25,4.0,64,4096,4096,16384,7168,556.83,954.271,478.303,-0.1976
mixed,64,16,0.25,4.0,64,8192,128,512,224,104.894,115.2,100.608,-0.4159
mixed,64,16,0.25,4.0,64,8192,256,1024,448,105.984,161.533,106.591,0.0109
mixed,64,16,0.25,4.0,64,8192,512,2048,896,147.68,244.703,138.624,-0.0933
mixed,64,16,0.25,4.0,64,8192,1024,4096,1792,223.072,409.982,197.505,-0.1368
mixed,64,16,0.25,4.0,64,8192,2048,8192,3584,368.191,738.015,258.56,-0.2964
mixed,64,16,0.25,4.0,64,8192,4096,16384,7168,656.958,1096.253,429.343,-0.5181
mixed,64,16,0.25,4.0,128,0,128,512,224,67.265,96.511,78.335,0.3785
mixed,64,16,0.25,4.0,128,0,256,1024,448,82.335,126.11,92.192,0.2252
mixed,64,16,0.25,4.0,128,0,512,2048,896,122.592,176.991,116.193,-0.1176
mixed,64,16,0.25,4.0,128,0,1024,4096,1792,166.24,265.857,167.488,0.0125
mixed,64,16,0.25,4.0,128,0,2048,8192,3584,244.704,448.96,275.327,0.1499
mixed,64,16,0.25,4.0,128,0,4096,16384,7168,404.351,807.614,477.472,0.1813
mixed,64,16,0.25,4.0,128,512,128,512,224,86.529,112.097,87.743,0.0475
mixed,64,16,0.25,4.0,128,512,256,1024,448,103.424,145.792,91.968,-0.2704
mixed,64,16,0.25,4.0,128,512,512,2048,896,138.241,195.039,119.008,-0.3386
mixed,64,16,0.25,4.0,128,512,1024,4096,1792,185.088,288.001,163.198,-0.2127
mixed,64,16,0.25,4.0,128,512,2048,8192,3584,265.6,463.007,277.856,0.0621
mixed,64,16,0.25,4.0,128,512,4096,16384,7168,422.944,816.511,474.655,0.1314
mixed,64,16,0.25,4.0,128,1024,128,512,224,85.215,114.975,82.719,-0.0839
mixed,64,16,0.25,4.0,128,1024,256,1024,448,107.136,162.751,100.768,-0.1145
mixed,64,16,0.25,4.0,128,1024,512,2048,896,148.544,216.063,120.352,-0.4175
mixed,64,16,0.25,4.0,128,1024,1024,4096,1792,196.223,308.161,165.665,-0.273
mixed,64,16,0.25,4.0,128,1024,2048,8192,3584,284.608,483.009,253.087,-0.1589
mixed,64,16,0.25,4.0,128,1024,4096,16384,7168,435.196,840.254,479.423,0.1092
mixed,64,16,0.25,4.0,128,2048,128,512,224,89.728,116.287,85.536,-0.1578
mixed,64,16,0.25,4.0,128,2048,256,1024,448,106.655,162.72,105.089,-0.0279
mixed,64,16,0.25,4.0,128,2048,512,2048,896,149.951,243.516,135.84,-0.1508
mixed,64,16,0.25,4.0,128,2048,1024,4096,1792,223.936,341.824,167.743,-0.4767
mixed,64,16,0.25,4.0,128,2048,2048,8192,3584,314.945,517.822,252.671,-0.307
mixed,64,16,0.25,4.0,128,2048,4096,16384,7168,477.153,870.525,476.031,-0.0029
mixed,64,16,0.25,4.0,128,4096,128,512,224,102.686,117.375,102.496,-0.0129
mixed,64,16,0.25,4.0,128,4096,256,1024,448,108.416,159.869,118.303,0.1922
mixed,64,16,0.25,4.0,128,4096,512,2048,896,148.768,242.081,140.289,-0.0909
mixed,64,16,0.25,4.0,128,4096,1024,4096,1792,220.703,404.512,197.088,-0.1285
mixed,64,16,0.25,4.0,128,4096,2048,8192,3584,367.872,593.888,251.84,-0.5134
mixed,64,16,0.25,4.0,128,4096,4096,16384,7168,544.447,949.98,423.486,-0.2983
mixed,64,16,0.25,4.0,128,8192,128,512,224,128.225,150.753,128.351,0.0056
mixed,64,16,0.25,4.0,128,8192,256,1024,448,135.36,158.688,144.319,0.384
mixed,64,16,0.25,4.0,128,8192,512,2048,896,148.736,240.129,152.704,0.0434
mixed,64,16,0.25,4.0,128,8192,1024,4096,1792,218.846,405.312,198.687,-0.1081
mixed,64,16,0.25,4.0,128,8192,2048,8192,3584,364.129,727.71,321.184,-0.1181
mixed,64,16,0.25,4.0,128,8192,4096,16384,7168,647.263,1089.821,422.753,-0.5073
mixed,64,16,0.25,4.0,256,0,128,512,224,70.624,99.2,81.855,0.393
mixed,64,16,0.25,4.0,256,0,256,1024,448,79.807,128.64,91.392,0.2372
mixed,64,16,0.25,4.0,256,0,512,2048,896,119.809,179.84,121.089,0.0213
mixed,64,16,0.25,4.0,256,0,1024,4096,1792,169.313,269.248,167.488,-0.0183
mixed,64,16,0.25,4.0,256,0,2048,8192,3584,245.695,447.169,279.933,0.1699
mixed,64,16,0.25,4.0,256,0,4096,16384,7168,412.798,814.044,477.695,0.1617
mixed,64,16,0.25,4.0,256,512,128,512,224,92.096,112.672,94.526,0.1181
mixed,64,16,0.25,4.0,256,512,256,1024,448,103.392,144.83,99.712,-0.0888
mixed,64,16,0.25,4.0,256,512,512,2048,896,137.504,194.753,120.481,-0.2974
mixed,64,16,0.25,4.0,256,512,1024,4096,1792,179.807,285.281,165.919,-0.1317
mixed,64,16,0.25,4.0,256,512,2048,8192,3584,263.136,463.358,256.575,-0.0328
mixed,64,16,0.25,4.0,256,512,4096,16384,7168,424.415,824.128,474.592,0.1255
mixed,64,16,0.25,4.0,256,1024,128,512,224,88.897,118.559,100.416,0.3883
mixed,64,16,0.25,4.0,256,1024,256,1024,448,112.256,157.569,109.504,-0.0607
mixed,64,16,0.25,4.0,256,1024,512,2048,896,147.935,206.654,132.576,-0.2616
mixed,64,16,0.25,4.0,256,1024,1024,4096,1792,193.279,300.575,163.68,-0.2759
mixed,64,16,0.25,4.0,256,1024,2048,8192,3584,280.893,483.936,253.44,-0.1352
mixed,64,16,0.25,4.0,256,1024,4096,16384,7168,441.632,841.248,473.471,0.0797
mixed,64,16,0.25,4.0,256,2048,128,512,224,113.379,119.296,111.68,-0.2871
mixed,64,16,0.25,4.0,256,2048,256,1024,448,108.19,161.664,124.288,0.301
mixed,64,16,0.25,4.0,256,2048,512,2048,896,154.721,237.377,143.616,-0.1344
mixed,64,16,0.25,4.0,256,2048,1024,4096,1792,219.2,334.528,195.61,-0.2045
mixed,64,16,0.25,4.0,256,2048,2048,8192,3584,314.688,512.864,250.846,-0.3221
mixed,64,16,0.25,4.0,256,2048,4096,16384,7168,474.75,868.189,427.36,-0.1205
mixed,64,16,0.25,4.0,256,4096,128,512,224,131.423,151.869,131.391,-0.0016
mixed,64,16,0.25,4.0,256,4096,256,1024,448,145.888,161.538,140.704,-0.3312
mixed,64,16,0.25,4.0,256,4096,512,2048,896,149.248,240.289,155.615,0.0699
mixed,64,16,0.25,4.0,256,4096,1024,4096,1792,222.782,396.543,202.751,-0.1153
mixed,64,16,0.25,4.0,256,4096,2048,8192,3584,359.167,578.845,317.856,-0.1881
mixed,64,16,0.25,4.0,256,4096,4096,16384,7168,531.358,938.495,417.503,-0.2796
mixed,64,16,0.25,4.0,256,8192,128,512,224,166.975,185.728,167.297,0.0172
mixed,64,16,0.25,4.0,256,8192,256,1024,448,170.462,224.032,173.056,0.0484
mixed,64,16,0.25,4.0,256,8192,512,2048,896,218.431,242.111,203.841,-0.6161
mixed,64,16,0.25,4.0,256,8192,1024,4096,1792,226.27,402.687,223.264,-0.017
mixed,64,16,0.25,4.0,256,8192,2048,8192,3584,363.583,712.573,325.824,-0.1082
mixed,64,16,0.25,4.0,256,8192,4096,16384,7168,635.58,1073.918,559.36,-0.1739
mixed,64,16,0.25,4.0,512,0,128,512,224,74.946,109.888,85.984,0.3159
mixed,64,16,0.25,4.0,512,0,256,1024,448,91.584,141.856,104.895,0.2648
mixed,64,16,0.25,4.0,512,0,512,2048,896,132.8,191.167,144.705,0.204
mixed,64,16,0.25,4.0,512,0,1024,4096,1792,183.84,281.951,193.248,0.0959
mixed,64,16,0.25,4.0,512,0,2048,8192,3584,261.568,467.552,283.102,0.1045
mixed,64,16,0.25,4.0,512,0,4096,16384,7168,416.959,825.63,456.768,0.0974
mixed,64,16,0.25,4.0,512,512,128,512,224,114.978,118.656,99.776,-4.1332
mixed,64,16,0.25,4.0,512,512,256,1024,448,107.681,153.63,110.465,0.0606
mixed,64,16,0.25,4.0,512,512,512,2048,896,146.815,202.654,138.08,-0.1564
mixed,64,16,0.25,4.0,512,512,1024,4096,1792,192.159,295.264,207.839,0.1521
mixed,64,16,0.25,4.0,512,512,2048,8192,3584,273.567,474.528,297.183,0.1175
mixed,64,16,0.25,4.0,512,512,4096,16384,7168,432.897,833.758,469.373,0.091
mixed,64,16,0.25,4.0,512,1024,128,512,224,124.129,119.072,128.671,
mixed,64,16,0.25,4.0,512,1024,256,1024,448,135.169,160.865,120.77,-0.5604
mixed,64,16,0.25,4.0,512,1024,512,2048,896,150.304,216.447,145.023,-0.0798
mixed,64,16,0.25,4.0,512,1024,1024,4096,1792,204.895,309.183,203.007,-0.0181
mixed,64,16,0.25,4.0,512,1024,2048,8192,3584,291.167,487.999,316.511,0.1288
mixed,64,16,0.25,4.0,512,1024,4096,16384,7168,445.376,847.808,484.575,0.0974
mixed,64,16,0.25,4.0,512,2048,128,512,224,144.321,160.064,147.679,0.2133
mixed,64,16,0.25,4.0,512,2048,256,1024,448,154.144,161.823,168.767,1.9043
mixed,64,16,0.25,4.0,512,2048,512,2048,896,154.431,242.72,154.624,0.0022
mixed,64,16,0.25,4.0,512,2048,1024,4096,1792,221.728,345.054,203.553,-0.1474
mixed,64,16,0.25,4.0,512,2048,2048,8192,3584,323.616,518.398,331.87,0.0424
mixed,64,16,0.25,4.0,512,2048,4096,16384,7168,477.471,879.772,521.695,0.1099
mixed,64,16,0.25,4.0,512,4096,128,512,224,182.625,199.103,185.887,0.198
mixed,64,16,0.25,4.0,512,4096,256,1024,448,191.488,231.008,208.737,0.4365
mixed,64,16,0.25,4.0,512,4096,512,2048,896,222.976,240.926,256.799,1.8843
mixed,64,16,0.25,4.0,512,4096,1024,4096,1792,234.05,401.984,232.127,-0.0115
mixed,64,16,0.25,4.0,512,4096,2048,8192,3584,362.624,588.415,328.224,-0.1524
mixed,64,16,0.25,4.0,512,4096,4096,16384,7168,544.575,942.047,571.999,0.069
mixed,64,16,0.25,4.0,512,8192,128,512,224,259.072,275.296,261.569,0.1539
mixed,64,16,0.25,4.0,512,8192,256,1024,448,270.75,307.553,282.781,0.3269
mixed,64,16,0.25,4.0,512,8192,512,2048,896,301.278,354.432,335.009,0.6346
mixed,64,16,0.25,4.0,512,8192,1024,4096,1792,340.735,405.438,420.511,1.233
mixed,64,16,0.25,4.0,512,8192,2048,8192,3584,400.671,719.2,401.888,0.0038
mixed,64,16,0.25,4.0,512,8192,4096,16384,7168,643.071,1084.412,571.454,-0.1623
mixed,64,16,0.25,4.0,1024,0,128,512,224,97.216,121.537,99.489,0.0935
mixed,64,16,0.25,4.0,1024,0,256,1024,448,113.216,143.613,113.249,0.0011
mixed,64,16,0.25,4.0,1024,0,512,2048,896,136.892,195.328,151.392,0.2481
mixed,64,16,0.25,4.0,1024,0,1024,4096,1792,184.224,286.496,236.865,0.5147
mixed,64,16,0.25,4.0,1024,0,2048,8192,3584,262.464,462.334,399.262,0.6844
mixed,64,16,0.25,4.0,1024,0,4096,16384,7168,417.76,819.265,706.208,0.7184
mixed,64,16,0.25,4.0,1024,512,128,512,224,116.32,136.641,117.919,0.0787
mixed,64,16,0.25,4.0,1024,512,256,1024,448,131.23,164.0,130.272,-0.0292
mixed,64,16,0.25,4.0,1024,512,512,2048,896,155.424,211.39,168.833,0.2396
mixed,64,16,0.25,4.0,1024,512,1024,4096,1792,199.808,301.12,254.402,0.5389
mixed,64,16,0.25,4.0,1024,512,2048,8192,3584,282.431,480.606,416.991,0.679
mixed,64,16,0.25,4.0,1024,512,4096,16384,7168,435.296,835.872,719.967,0.7107
mixed,64,16,0.25,4.0,1024,1024,128,512,224,133.345,156.8,135.648,0.0982
mixed,64,16,0.25,4.0,1024,1024,256,1024,448,151.166,178.75,144.448,-0.2435
mixed,64,16,0.25,4.0,1024,1024,512,2048,896,176.959,229.087,186.11,0.1755
mixed,64,16,0.25,4.0,1024,1024,1024,4096,1792,217.088,320.672,275.326,0.5622
mixed,64,16,0.25,4.0,1024,1024,2048,8192,3584,296.96,502.206,435.455,0.6748
mixed,64,16,0.25,4.0,1024,1024,4096,16384,7168,455.295,851.389,737.151,0.7116
mixed,64,16,0.25,4.0,1024,2048,128,512,224,168.609,187.935,170.239,0.0843
mixed,64,16,0.25,4.0,1024,2048,256,1024,448,184.095,214.24,182.176,-0.0637
mixed,64,16,0.25,4.0,1024,2048,512,2048,896,207.839,267.423,221.536,0.2299
mixed,64,16,0.25,4.0,1024,2048,1024,4096,1792,256.001,352.671,311.746,0.5767
mixed,64,16,0.25,4.0,1024,2048,2048,8192,3584,332.512,530.879,468.704,0.6866
mixed,64,16,0.25,4.0,1024,2048,4096,16384,7168,483.008,890.269,775.646,0.7186
mixed,64,16,0.25,4.0,1024,4096,128,512,224,238.208,261.249,239.009,0.0348
mixed,64,16,0.25,4.0,1024,4096,256,1024,448,254.176,285.086,251.487,-0.087
mixed,64,16,0.25,4.0,1024,4096,512,2048,896,279.968,338.048,296.32,0.2815
mixed,64,16,0.25,4.0,1024,4096,1024,4096,1792,324.289,419.329,380.639,0.5929
mixed,64,16,0.25,4.0,1024,4096,2048,8192,3584,404.224,597.95,541.117,0.7066
mixed,64,16,0.25,4.0,1024,4096,4096,16384,7168,555.167,957.664,837.854,0.7023
mixed,64,16,0.25,4.0,1024,8192,128,512,224,384.927,405.408,391.871,0.339
mixed,64,16,0.25,4.0,1024,8192,256,1024,448,403.295,436.094,403.073,-0.0068
mixed,64,16,0.25,4.0,1024,8192,512,2048,896,426.368,485.662,445.44,0.3217
mixed,64,16,0.25,4.0,1024,8192,1024,4096,1792,472.318,566.685,529.054,0.6012
mixed,64,16,0.25,4.0,1024,8192,2048,8192,3584,544.32,743.39,680.959,0.6864
mixed,64,16,0.25,4.0,1024,8192,4096,16384,7168,697.759,1103.677,987.712,0.7143
mixed,64,16,0.25,4.0,2048,0,128,512,224,173.02,189.184,175.297,0.1409
mixed,64,16,0.25,4.0,2048,0,256,1024,448,182.815,218.237,194.59,0.3324
mixed,64,16,0.25,4.0,2048,0,512,2048,896,210.176,270.464,239.904,0.4931
mixed,64,16,0.25,4.0,2048,0,1024,4096,1792,257.278,362.848,327.04,0.6608
mixed,64,16,0.25,4.0,2048,0,2048,8192,3584,339.103,537.821,487.871,0.7486
mixed,64,16,0.25,4.0,2048,0,4096,16384,7168,496.321,899.55,795.199,0.7412
mixed,64,16,0.25,4.0,2048,512,128,512,224,207.58,222.752,209.921,0.1543
mixed,64,16,0.25,4.0,2048,512,256,1024,448,217.727,252.864,230.015,0.3497
mixed,64,16,0.25,4.0,2048,512,512,2048,896,246.431,302.24,278.08,0.5671
mixed,64,16,0.25,4.0,2048,512,1024,4096,1792,294.974,396.352,364.704,0.6878
mixed,64,16,0.25,4.0,2048,512,2048,8192,3584,374.143,572.737,525.085,0.7601
mixed,64,16,0.25,4.0,2048,512,4096,16384,7168,530.046,937.695,828.16,0.7313
mixed,64,16,0.25,4.0,2048,1024,128,512,224,244.319,259.999,245.663,0.0857
mixed,64,16,0.25,4.0,2048,1024,256,1024,448,253.152,288.768,266.879,0.3854
mixed,64,16,0.25,4.0,2048,1024,512,2048,896,282.495,339.329,312.993,0.5366
mixed,64,16,0.25,4.0,2048,1024,1024,4096,1792,325.952,431.838,397.952,0.68
mixed,64,16,0.25,4.0,2048,1024,2048,8192,3584,408.958,607.68,557.375,0.7469
mixed,64,16,0.25,4.0,2048,1024,4096,16384,7168,562.813,965.022,858.559,0.7353
mixed,64,16,0.25,4.0,2048,2048,128,512,224,319.872,334.561,324.0,0.281
mixed,64,16,0.25,4.0,2048,2048,256,1024,448,330.88,363.936,341.824,0.3311
mixed,64,16,0.25,4.0,2048,2048,512,2048,896,354.335,412.063,388.286,0.5881
mixed,64,16,0.25,4.0,2048,2048,1024,4096,1792,400.736,504.224,473.312,0.7013
mixed,64,16,0.25,4.0,2048,2048,2048,8192,3584,477.887,676.798,628.799,0.7587
mixed,64,16,0.25,4.0,2048,2048,4096,16384,7168,636.99,1037.793,935.582,0.745
mixed,64,16,0.25,4.0,2048,4096,128,512,224,466.845,481.791,464.926,-0.1284
mixed,64,16,0.25,4.0,2048,4096,256,1024,448,478.784,509.248,488.192,0.3088
mixed,64,16,0.25,4.0,2048,4096,512,2048,896,503.168,555.774,533.214,0.5712
mixed,64,16,0.25,4.0,2048,4096,1024,4096,1792,542.401,643.839,615.806,0.7236
mixed,64,16,0.25,4.0,2048,4096,2048,8192,3584,622.657,820.35,778.4,0.7878
mixed,64,16,0.25,4.0,2048,4096,4096,16384,7168,783.07,1183.936,1082.783,0.7477
mixed,64,16,0.25,4.0,2048,8192,128,512,224,738.56,766.687,749.181,0.3776
mixed,64,16,0.25,4.0,2048,8192,256,1024,448,762.909,788.67,758.72,-0.1626
mixed,64,16,0.25,4.0,2048,8192,512,2048,896,784.957,832.608,787.999,0.0638
mixed,64,16,0.25,4.0,2048,8192,1024,4096,1792,818.879,918.013,899.901,0.8173
mixed,64,16,0.25,4.0,2048,8192,2048,8192,3584,897.406,1091.581,1051.424,0.7932
mixed,64,16,0.25,4.0,2048,8192,4096,16384,7168,1053.824,1450.078,1363.581,0.7817
pure,64,32,0.5,4.0,0,0,128,512,320,53.599,77.952,78.976,1.042
pure,64,32,0.5,4.0,0,0,256,1024,640,86.527,110.432,94.85,0.3482
pure,64,32,0.5,4.0,0,0,512,2048,1280,123.552,159.294,130.527,0.1951
pure,64,32,0.5,4.0,0,0,1024,4096,2560,181.824,247.55,193.694,0.1806
pure,64,32,0.5,4.0,0,0,2048,8192,5120,299.198,435.775,314.653,0.1132
pure,64,32,0.5,4.0,0,0,4096,16384,10240,519.616,791.296,542.845,0.0855
mixed,64,32,0.5,4.0,16,0,128,512,320,57.729,81.824,81.119,0.9707
mixed,64,32,0.5,4.0,16,0,256,1024,640,89.6,112.736,101.278,0.5048
mixed,64,32,0.5,4.0,16,0,512,2048,1280,126.816,162.336,143.806,0.4783
mixed,64,32,0.5,4.0,16,0,1024,4096,2560,185.696,255.424,213.055,0.3924
mixed,64,32,0.5,4.0,16,0,2048,8192,5120,302.528,438.047,347.074,0.3287
mixed,64,32,0.5,4.0,16,0,4096,16384,10240,524.51,799.807,603.201,0.2858
mixed,64,32,0.5,4.0,16,512,128,512,320,72.736,82.368,88.478,1.6343
mixed,64,32,0.5,4.0,16,512,256,1024,640,90.943,114.463,104.286,0.5673
mixed,64,32,0.5,4.0,16,512,512,2048,1280,126.688,164.416,145.472,0.4979
mixed,64,32,0.5,4.0,16,512,1024,4096,2560,186.752,257.568,214.049,0.3855
mixed,64,32,0.5,4.0,16,512,2048,8192,5120,299.902,438.112,348.384,0.3508
mixed,64,32,0.5,4.0,16,512,4096,16384,10240,524.575,796.927,603.232,0.2888
mixed,64,32,0.5,4.0,16,1024,128,512,320,94.176,84.702,90.657,
mixed,64,32,0.5,4.0,16,1024,256,1024,640,93.6,113.441,105.663,0.608
mixed,64,32,0.5,4.0,16,1024,512,2048,1280,127.071,165.824,144.737,0.4559
mixed,64,32,0.5,4.0,16,1024,1024,4096,2560,188.96,256.67,210.432,0.3171
mixed,64,32,0.5,4.0,16,1024,2048,8192,5120,303.966,438.942,346.24,0.3132
mixed,64,32,0.5,4.0,16,1024,4096,16384,10240,522.528,800.803,602.08,0.2859
mixed,64,32,0.5,4.0,16,2048,128,512,320,95.488,117.95,86.367,-0.4061
mixed,64,32,0.5,4.0,16,2048,256,1024,640,132.673,117.44,111.999,
mixed,64,32,0.5,4.0,16,2048,512,2048,1280,129.504,164.127,143.583,0.4066
mixed,64,32,0.5,4.0,16,2048,1024,4096,2560,187.489,257.31,212.992,0.3653
mixed,64,32,0.5,4.0,16,2048,2048,8192,5120,303.807,440.19,348.511,0.3278
mixed,64,32,0.5,4.0,16,2048,4096,16384,10240,525.055,798.334,603.806,0.2882
mixed,64,32,0.5,4.0,16,4096,128,512,320,96.576,117.792,84.927,-0.5491
mixed,64,32,0.5,4.0,16,4096,256,1024,640,133.665,165.471,113.434,-0.6361
mixed,64,32,0.5,4.0,16,4096,512,2048,1280,188.448,167.456,161.696,
mixed,64,32,0.5,4.0,16,4096,1024,4096,2560,191.712,257.568,216.064,0.3698
mixed,64,32,0.5,4.0,16,4096,2048,8192,5120,303.872,440.931,348.479,0.3255
mixed,64,32,0.5,4.0,16,4096,4096,16384,10240,528.864,805.183,603.679,0.2708
mixed,64,32,0.5,4.0,16,8192,128,512,320,97.087,120.992,89.185,-0.3306
mixed,64,32,0.5,4.0,16,8192,256,1024,640,130.721,166.977,113.984,-0.4616
mixed,64,32,0.5,4.0,16,8192,512,2048,1280,191.009,253.952,161.216,-0.4733
mixed,64,32,0.5,4.0,16,8192,1024,4096,2560,296.223,264.926,247.649,
mixed,64,32,0.5,4.0,16,8192,2048,8192,5120,306.303,441.055,349.152,0.318
mixed,64,32,0.5,4.0,16,8192,4096,16384,10240,532.288,803.422,602.527,0.2591
mixed,64,32,0.5,4.0,32,0,128,512,320,59.551,82.337,81.055,0.9437
mixed,64,32,0.5,4.0,32,0,256,1024,640,92.321,112.384,102.176,0.4912
mixed,64,32,0.5,4.0,32,0,512,2048,1280,129.375,163.616,144.321,0.4365
mixed,64,32,0.5,4.0,32,0,1024,4096,2560,186.784,259.008,214.658,0.3859
mixed,64,32,0.5,4.0,32,0,2048,8192,5120,302.528,436.448,346.368,0.3274
mixed,64,32,0.5,4.0,32,0,4096,16384,10240,524.577,799.135,601.566,0.2804
mixed,64,32,0.5,4.0,32,512,128,512,320,94.56,82.912,89.505,
mixed,64,32,0.5,4.0,32,512,256,1024,640,90.973,113.089,103.264,0.5558
mixed,64,32,0.5,4.0,32,512,512,2048,1280,128.863,165.601,143.712,0.4042
mixed,64,32,0.5,4.0,32,512,1024,4096,2560,188.545,259.136,213.056,0.3472
mixed,64,32,0.5,4.0,32,512,2048,8192,5120,301.121,433.984,346.976,0.3451
mixed,64,32,0.5,4.0,32,512,4096,16384,10240,524.381,798.592,601.663,0.2818
mixed,64,32,0.5,4.0,32,1024,128,512,320,95.39,116.896,85.567,-0.4568
mixed,64,32,0.5,4.0,32,1024,256,1024,640,127.745,116.383,111.393,
mixed,64,32,0.5,4.0,32,1024,512,2048,1280,129.184,165.247,144.449,0.4233
mixed,64,32,0.5,4.0,32,1024,1024,4096,2560,190.239,256.928,212.32,0.3311
mixed,64,32,0.5,4.0,32,1024,2048,8192,5120,302.718,441.633,344.318,0.2995
mixed,64,32,0.5,4.0,32,1024,4096,16384,10240,526.913,799.998,601.088,0.2716
mixed,64,32,0.5,4.0,32,2048,128,512,320,94.24,114.721,85.535,-0.425
mixed,64,32,0.5,4.0,32,2048,256,1024,640,130.527,164.897,111.646,-0.5493
mixed,64,32,0.5,4.0,32,2048,512,2048,1280,182.239,164.352,160.16,
mixed,64,32,0.5,4.0,32,2048,1024,4096,2560,185.822,258.719,211.52,0.3525
mixed,64,32,0.5,4.0,32,2048,2048,8192,5120,304.768,439.231,347.839,0.3203
mixed,64,32,0.5,4.0,32,2048,4096,16384,10240,529.054,800.673,603.805,0.2752
mixed,64,32,0.5,4.0,32,4096,128,512,320,97.344,116.801,85.182,-0.6251
mixed,64,32,0.5,4.0,32,4096,256,1024,640,128.224,163.616,115.646,-0.3554
mixed,64,32,0.5,4.0,32,4096,512,2048,1280,185.534,252.703,160.096,-0.3787
mixed,64,32,0.5,4.0,32,4096,1024,4096,2560,279.677,259.104,246.464,
mixed,64,32,0.5,4.0,32,4096,2048,8192,5120,306.815,440.894,345.792,0.2907
mixed,64,32,0.5,4.0,32,4096,4096,16384,10240,527.743,803.389,602.557,0.2714
mixed,64,32,0.5,4.0,32,8192,128,512,320,95.681,115.809,99.84,0.2066
mixed,64,32,0.5,4.0,32,8192,256,1024,640,128.225,163.553,108.512,-0.558
mixed,64,32,0.5,4.0,32,8192,512,2048,1280,185.696,244.191,162.239,-0.401
mixed,64,32,0.5,4.0,32,8192,1024,4096,2560,292.896,415.841,245.694,-0.3839
mixed,64,32,0.5,4.0,32,8192,2048,8192,5120,470.814,442.177,414.719,
mixed,64,32,0.5,4.0,32,8192,4096,16384,10240,532.737,805.406,599.007,0.243
mixed,64,32,0.5,4.0,64,0,128,512,320,71.935,96.481,81.536,0.3911
mixed,64,32,0.5,4.0,64,0,256,1024,640,104.575,126.88,101.12,-0.1549
mixed,64,32,0.5,4.0,64,0,512,2048,1280,136.352,182.591,145.152,0.1903
mixed,64,32,0.5,4.0,64,0,1024,4096,2560,199.646,264.672,213.376,0.2111
mixed,64,32,0.5,4.0,64,0,2048,8192,5120,314.08,449.408,346.849,0.2421
mixed,64,32,0.5,4.0,64,0,4096,16384,10240,533.951,796.768,605.756,0.2732
mixed,64,32,0.5,4.0,64,512,128,512,320,91.808,114.942,80.191,-0.5022
mixed,64,32,0.5,4.0,64,512,256,1024,640,124.193,145.121,110.432,-0.6575
mixed,64,32,0.5,4.0,64,512,512,2048,1280,162.464,198.688,149.889,-0.3471
mixed,64,32,0.5,4.0,64,512,1024,4096,2560,218.271,285.632,212.798,-0.0812
mixed,64,32,0.5,4.0,64,512,2048,8192,5120,333.182,468.863,344.416,0.0828
mixed,64,32,0.5,4.0,64,512,4096,16384,10240,552.896,819.677,603.937,0.1913
mixed,64,32,0.5,4.0,64,1024,128,512,320,95.65,113.758,84.128,-0.6363
mixed,64,32,0.5,4.0,64,1024,256,1024,640,123.936,160.351,110.143,-0.3788
mixed,64,32,0.5,4.0,64,1024,512,2048,1280,181.855,217.535,159.744,-0.6197
mixed,64,32,0.5,4.0,64,1024,1024,4096,2560,243.006,313.343,216.479,-0.3771
mixed,64,32,0.5,4.0,64,1024,2048,8192,5120,350.497,487.23,344.993,-0.0403
mixed,64,32,0.5,4.0,64,1024,4096,16384,10240,581.184,852.895,599.421,0.0671
mixed,64,32,0.5,4.0,64,2048,128,512,320,93.342,114.72,86.303,-0.3293
mixed,64,32,0.5,4.0,64,2048,256,1024,640,127.903,163.231,112.672,-0.4311
mixed,64,32,0.5,4.0,64,2048,512,2048,1280,176.929,248.418,158.304,-0.2605
mixed,64,32,0.5,4.0,64,2048,1024,4096,2560,277.022,351.292,240.576,-0.4907
mixed,64,32,0.5,4.0,64,2048,2048,8192,5120,392.54,523.105,353.438,-0.2995
mixed,64,32,0.5,4.0,64,2048,4096,16384,10240,618.878,879.197,602.463,-0.0631
mixed,64,32,0.5,4.0,64,4096,128,512,320,95.585,116.576,98.816,0.1539
mixed,64,32,0.5,4.0,64,4096,256,1024,640,128.415,162.752,106.113,-0.6495
mixed,64,32,0.5,4.0,64,4096,512,2048,1280,183.072,246.623,156.832,-0.4129
mixed,64,32,0.5,4.0,64,4096,1024,4096,2560,275.615,414.369,241.568,-0.2454
mixed,64,32,0.5,4.0,64,4096,2048,8192,5120,471.551,600.543,409.888,-0.478
mixed,64,32,0.5,4.0,64,4096,4096,16384,10240,687.358,954.69,603.357,-0.3142
mixed,64,32,0.5,4.0,64,8192,128,512,320,99.551,118.013,103.903,0.2357
mixed,64,32,0.5,4.0,64,8192,256,1024,640,126.177,158.911,126.976,0.0244
mixed,64,32,0.5,4.0,64,8192,512,2048,1280,181.824,246.335,149.152,-0.5065
mixed,64,32,0.5,4.0,64,8192,1024,4096,2560,288.67,408.992,240.001,-0.4045
mixed,64,32,0.5,4.0,64,8192,2048,8192,5120,461.087,735.581,406.369,-0.1993
mixed,64,32,0.5,4.0,64,8192,4096,16384,10240,838.078,1099.005,731.616,-0.408
mixed,64,32,0.5,4.0,128,0,128,512,320,71.808,95.135,84.703,0.5528
mixed,64,32,0.5,4.0,128,0,256,1024,640,101.088,127.392,106.048,0.1886
mixed,64,32,0.5,4.0,128,0,512,2048,1280,141.983,175.968,147.326,0.1572
mixed,64,32,0.5,4.0,128,0,1024,4096,2560,203.296,266.401,208.223,0.0781
mixed,64,32,0.5,4.0,128,0,2048,8192,5120,312.064,453.759,345.887,0.2387
mixed,64,32,0.5,4.0,128,0,4096,16384,10240,535.709,806.111,601.856,0.2446
mixed,64,32,0.5,4.0,128,512,128,512,320,96.351,112.384,80.223,-1.0059
mixed,64,32,0.5,4.0,128,512,256,1024,640,119.999,145.214,108.481,-0.4568
mixed,64,32,0.5,4.0,128,512,512,2048,1280,159.584,196.576,147.679,-0.3218
mixed,64,32,0.5,4.0,128,512,1024,4096,2560,221.536,285.057,209.247,-0.1935
mixed,64,32,0.5,4.0,128,512,2048,8192,5120,333.119,463.999,343.168,0.0768
mixed,64,32,0.5,4.0,128,512,4096,16384,10240,560.67,819.389,599.198,0.1489
mixed,64,32,0.5,4.0,128,1024,128,512,320,96.546,115.648,84.768,-0.6166
mixed,64,32,0.5,4.0,128,1024,256,1024,640,125.087,160.065,114.08,-0.3147
mixed,64,32,0.5,4.0,128,1024,512,2048,1280,176.32,217.759,157.567,-0.4525
mixed,64,32,0.5,4.0,128,1024,1024,4096,2560,239.296,302.559,210.337,-0.4578
mixed,64,32,0.5,4.0,128,1024,2048,8192,5120,350.112,484.992,341.95,-0.0605
mixed,64,32,0.5,4.0,128,1024,4096,16384,10240,575.006,839.328,599.326,0.092
mixed,64,32,0.5,4.0,128,2048,128,512,320,94.944,117.696,99.966,0.2207
mixed,64,32,0.5,4.0,128,2048,256,1024,640,127.233,161.76,104.574,-0.6563
mixed,64,32,0.5,4.0,128,2048,512,2048,1280,176.384,243.774,156.767,-0.2911
mixed,64,32,0.5,4.0,128,2048,1024,4096,2560,272.416,339.711,239.04,-0.496
mixed,64,32,0.5,4.0,128,2048,2048,8192,5120,385.023,515.392,344.896,-0.3078
mixed,64,32,0.5,4.0,128,2048,4096,16384,10240,614.207,864.607,593.12,-0.0842
mixed,64,32,0.5,4.0,128,4096,128,512,320,115.231,117.857,103.008,-4.6546
mixed,64,32,0.5,4.0,128,4096,256,1024,640,126.847,158.688,127.584,0.0231
mixed,64,32,0.5,4.0,128,4096,512,2048,1280,180.926,241.408,146.208,-0.574
mixed,64,32,0.5,4.0,128,4096,1024,4096,2560,267.166,405.44,241.792,-0.1835
mixed,64,32,0.5,4.0,128,4096,2048,8192,5120,456.768,589.345,404.736,-0.3925
mixed,64,32,0.5,4.0,128,4096,4096,16384,10240,681.15,945.18,591.709,-0.3388
mixed,64,32,0.5,4.0,128,8192,128,512,320,135.806,149.985,126.562,-0.652
mixed,64,32,0.5,4.0,128,8192,256,1024,640,162.494,159.519,154.016,
mixed,64,32,0.5,4.0,128,8192,512,2048,1280,178.946,238.433,177.055,-0.0318
mixed,64,32,0.5,4.0,128,8192,1024,4096,2560,282.272,405.759,238.753,-0.3524
mixed,64,32,0.5,4.0,128,8192,2048,8192,5120,450.719,723.07,402.687,-0.1764
mixed,64,32,0.5,4.0,128,8192,4096,16384,10240,816.542,1085.053,725.023,-0.3408
mixed,64,32,0.5,4.0,256,0,128,512,320,73.183,98.432,80.383,0.2852
mixed,64,32,0.5,4.0,256,0,256,1024,640,105.568,129.024,105.568,0.0
mixed,64,32,0.5,4.0,256,0,512,2048,1280,143.137,178.301,144.609,0.0419
mixed,64,32,0.5,4.0,256,0,1024,4096,2560,202.624,264.736,211.52,0.1432
mixed,64,32,0.5,4.0,256,0,2048,8192,5120,313.026,452.126,347.841,0.2503
mixed,64,32,0.5,4.0,256,0,4096,16384,10240,538.047,809.022,603.2,0.2404
mixed,64,32,0.5,4.0,256,512,128,512,320,99.904,112.094,83.198,-1.3705
mixed,64,32,0.5,4.0,256,512,256,1024,640,124.704,142.527,109.759,-0.8385
mixed,64,32,0.5,4.0,256,512,512,2048,1280,154.719,194.4,144.287,-0.2629
mixed,64,32,0.5,4.0,256,512,1024,4096,2560,216.128,282.241,206.334,-0.1481
mixed,64,32,0.5,4.0,256,512,2048,8192,5120,328.542,463.102,341.344,0.0951
mixed,64,32,0.5,4.0,256,512,4096,16384,10240,548.959,828.799,598.302,0.1763
mixed,64,32,0.5,4.0,256,1024,128,512,320,98.689,119.105,104.384,0.2789
mixed,64,32,0.5,4.0,256,1024,256,1024,640,125.057,157.31,102.177,-0.7094
mixed,64,32,0.5,4.0,256,1024,512,2048,1280,171.362,209.473,151.456,-0.5223
mixed,64,32,0.5,4.0,256,1024,1024,4096,2560,231.678,301.568,204.768,-0.385
mixed,64,32,0.5,4.0,256,1024,2048,8192,5120,347.072,481.279,336.097,-0.0818
mixed,64,32,0.5,4.0,256,1024,4096,16384,10240,567.838,840.767,595.648,0.1019
mixed,64,32,0.5,4.0,256,2048,128,512,320,116.065,119.52,105.954,-2.9265
mixed,64,32,0.5,4.0,256,2048,256,1024,640,128.704,163.616,132.736,0.1155
mixed,64,32,0.5,4.0,256,2048,512,2048,1280,173.697,238.912,151.998,-0.3327
mixed,64,32,0.5,4.0,256,2048,1024,4096,2560,262.463,334.848,232.191,-0.4182
mixed,64,32,0.5,4.0,256,2048,2048,8192,5120,379.679,511.55,337.343,-0.321
mixed,64,32,0.5,4.0,256,2048,4096,16384,10240,603.328,870.396,589.791,-0.0507
mixed,64,32,0.5,4.0,256,4096,128,512,320,138.368,150.528,134.784,-0.2947
mixed,64,32,0.5,4.0,256,4096,256,1024,640,156.513,161.921,156.096,-0.0771
mixed,64,32,0.5,4.0,256,4096,512,2048,1280,180.48,241.185,182.848,0.039
mixed,64,32,0.5,4.0,256,4096,1024,4096,2560,263.197,399.582,249.023,-0.1039
mixed,64,32,0.5,4.0,256,4096,2048,8192,5120,444.289,580.0,397.119,-0.3476
mixed,64,32,0.5,4.0,256,4096,4096,16384,10240,667.938,942.27,583.999,-0.306
mixed,64,32,0.5,4.0,256,8192,128,512,320,173.279,189.152,172.384,-0.0564
mixed,64,32,0.5,4.0,256,8192,256,1024,640,207.776,222.786,190.463,-1.1534
mixed,64,32,0.5,4.0,256,8192,512,2048,1280,235.873,240.512,235.646,-0.0489
mixed,64,32,0.5,4.0,256,8192,1024,4096,2560,283.293,403.582,280.672,-0.0218
mixed,64,32,0.5,4.0,256,8192,2048,8192,5120,448.289,710.24,409.79,-0.147
mixed,64,32,0.5,4.0,256,8192,4096,16384,10240,803.518,1072.768,712.703,-0.3373
mixed,64,32,0.5,4.0,512,0,128,512,320,83.487,109.598,94.816,0.4339
mixed,64,32,0.5,4.0,512,0,256,1024,640,117.631,142.015,107.839,-0.4016
mixed,64,32,0.5,4.0,512,0,512,2048,1280,154.655,192.255,151.168,-0.0927
mixed,64,32,0.5,4.0,512,0,1024,4096,2560,213.919,284.478,220.479,0.093
mixed,64,32,0.5,4.0,512,0,2048,8192,5120,328.255,463.518,359.103,0.2281
mixed,64,32,0.5,4.0,512,0,4096,16384,10240,550.814,822.591,612.925,0.2285
mixed,64,32,0.5,4.0,512,512,128,512,320,96.834,118.496,103.105,0.2895
mixed,64,32,0.5,4.0,512,512,256,1024,640,128.063,151.937,124.479,-0.1501
mixed,64,32,0.5,4.0,512,512,512,2048,1280,166.752,203.01,158.176,-0.2365
mixed,64,32,0.5,4.0,512,512,1024,4096,2560,228.321,293.889,217.376,-0.1669
mixed,64,32,0.5,4.0,512,512,2048,8192,5120,341.664,474.333,354.113,0.0938
mixed,64,32,0.5,4.0,512,512,4096,16384,10240,561.181,830.719,608.607,0.176
mixed,64,32,0.5,4.0,512,1024,128,512,320,127.135,119.232,130.175,
mixed,64,32,0.5,4.0,512,1024,256,1024,640,129.473,160.834,131.744,0.0724
mixed,64,32,0.5,4.0,512,1024,512,2048,1280,178.848,214.975,155.745,-0.6395
mixed,64,32,0.5,4.0,512,1024,1024,4096,2560,239.968,312.159,223.103,-0.2336
mixed,64,32,0.5,4.0,512,1024,2048,8192,5120,358.976,492.033,345.823,-0.0989
mixed,64,32,0.5,4.0,512,1024,4096,16384,10240,578.335,841.183,606.079,0.1056
mixed,64,32,0.5,4.0,512,2048,128,512,320,146.687,160.639,149.343,0.1904
mixed,64,32,0.5,4.0,512,2048,256,1024,640,171.455,161.472,174.079,
mixed,64,32,0.5,4.0,512,2048,512,2048,1280,180.226,240.958,178.401,-0.0301
mixed,64,32,0.5,4.0,512,2048,1024,4096,2560,272.192,345.695,234.144,-0.5176
mixed,64,32,0.5,4.0,512,2048,2048,8192,5120,388.544,523.007,351.327,-0.2768
mixed,64,32,0.5,4.0,512,2048,4096,16384,10240,605.439,876.702,602.942,-0.0092
mixed,64,32,0.5,4.0,512,4096,128,512,320,186.303,200.479,187.712,0.0994
mixed,64,32,0.5,4.0,512,4096,256,1024,640,207.616,228.895,214.655,0.3308
mixed,64,32,0.5,4.0,512,4096,512,2048,1280,241.537,241.44,260.189,
mixed,64,32,0.5,4.0,512,4096,1024,4096,2560,283.807,402.656,280.32,-0.0293
mixed,64,32,0.5,4.0,512,4096,2048,8192,5120,454.847,587.39,411.393,-0.3278
mixed,64,32,0.5,4.0,512,4096,4096,16384,10240,675.838,942.75,604.415,-0.2676
mixed,64,32,0.5,4.0,512,8192,128,512,320,263.998,276.766,267.071,0.2407
mixed,64,32,0.5,4.0,512,8192,256,1024,640,283.23,304.352,290.207,0.3303
mixed,64,32,0.5,4.0,512,8192,512,2048,1280,318.079,353.887,339.392,0.5952
mixed,64,32,0.5,4.0,512,8192,1024,4096,2560,374.271,407.711,423.776,1.4804
mixed,64,32,0.5,4.0,512,8192,2048,8192,5120,488.383,718.943,487.457,-0.004
mixed,64,32,0.5,4.0,512,8192,4096,16384,10240,816.158,1081.183,737.119,-0.2982
mixed,64,32,0.5,4.0,1024,0,128,512,320,108.832,119.071,105.856,-0.2907
mixed,64,32,0.5,4.0,1024,0,256,1024,640,123.744,144.864,120.96,-0.1318
mixed,64,32,0.5,4.0,1024,0,512,2048,1280,158.786,193.569,164.288,0.1582
mixed,64,32,0.5,4.0,1024,0,1024,4096,2560,217.853,284.639,248.8,0.4634
mixed,64,32,0.5,4.0,1024,0,2048,8192,5120,327.68,460.32,410.527,0.6246
mixed,64,32,0.5,4.0,1024,0,4096,16384,10240,554.366,815.52,719.135,0.6309
mixed,64,32,0.5,4.0,1024,512,128,512,320,124.64,137.184,124.703,0.005
mixed,64,32,0.5,4.0,1024,512,256,1024,640,144.958,162.784,140.352,-0.2584
mixed,64,32,0.5,4.0,1024,512,512,2048,1280,174.911,211.201,182.238,0.2019
mixed,64,32,0.5,4.0,1024,512,1024,4096,2560,233.215,304.448,268.351,0.4933
mixed,64,32,0.5,4.0,1024,512,2048,8192,5120,346.049,480.479,430.077,0.6251
mixed,64,32,0.5,4.0,1024,512,4096,16384,10240,568.863,837.345,735.07,0.6191
mixed,64,32,0.5,4.0,1024,1024,128,512,320,139.392,156.992,140.191,0.0454
mixed,64,32,0.5,4.0,1024,1024,256,1024,640,161.119,179.553,157.471,-0.1979
mixed,64,32,0.5,4.0,1024,1024,512,2048,1280,193.566,231.296,201.216,0.2028
mixed,64,32,0.5,4.0,1024,1024,1024,4096,2560,253.055,319.295,285.824,0.4947
mixed,64,32,0.5,4.0,1024,1024,2048,8192,5120,362.366,494.143,446.528,0.6387
mixed,64,32,0.5,4.0,1024,1024,4096,16384,10240,580.288,848.862,754.431,0.6484
mixed,64,32,0.5,4.0,1024,2048,128,512,320,174.751,188.096,175.393,0.0481
mixed,64,32,0.5,4.0,1024,2048,256,1024,640,194.753,218.337,193.536,-0.0516
mixed,64,32,0.5,4.0,1024,2048,512,2048,1280,228.735,265.056,238.976,0.282
mixed,64,32,0.5,4.0,1024,2048,1024,4096,2560,291.072,356.511,325.953,0.533
mixed,64,32,0.5,4.0,1024,2048,2048,8192,5120,398.111,534.496,483.584,0.6267
mixed,64,32,0.5,4.0,1024,2048,4096,16384,10240,624.383,889.054,786.143,0.6112
mixed,64,32,0.5,4.0,1024,4096,128,512,320,247.585,260.257,245.023,-0.2022
mixed,64,32,0.5,4.0,1024,4096,256,1024,640,264.831,284.414,261.952,-0.147
mixed,64,32,0.5,4.0,1024,4096,512,2048,1280,297.312,340.03,308.542,0.2629
mixed,64,32,0.5,4.0,1024,4096,1024,4096,2560,356.991,423.552,395.968,0.5856
mixed,64,32,0.5,4.0,1024,4096,2048,8192,5120,468.255,600.317,550.78,0.6249
mixed,64,32,0.5,4.0,1024,4096,4096,16384,10240,685.181,955.389,853.024,0.6212
mixed,64,32,0.5,4.0,1024,8192,128,512,320,396.16,404.125,392.48,-0.462
mixed,64,32,0.5,4.0,1024,8192,256,1024,640,413.756,436.765,412.637,-0.0486
mixed,64,32,0.5,4.0,1024,8192,512,2048,1280,444.125,479.518,454.592,0.2957
mixed,64,32,0.5,4.0,1024,8192,1024,4096,2560,503.679,567.167,540.322,0.5772
mixed,64,32,0.5,4.0,1024,8192,2048,8192,5120,611.615,748.127,691.713,0.5867
mixed,64,32,0.5,4.0,1024,8192,4096,16384,10240,830.273,1106.876,999.807,0.6129
mixed,64,32,0.5,4.0,2048,0,128,512,320,177.086,187.264,179.168,0.2046
mixed,64,32,0.5,4.0,2048,0,256,1024,640,196.16,218.69,200.831,0.2073
mixed,64,32,0.5,4.0,2048,0,512,2048,1280,233.183,269.152,247.711,0.4039
mixed,64,32,0.5,4.0,2048,0,1024,4096,2560,294.335,362.497,332.704,0.5629
mixed,64,32,0.5,4.0,2048,0,2048,8192,5120,405.469,540.319,491.07,0.6348
mixed,64,32,0.5,4.0,2048,0,4096,16384,10240,624.128,897.533,799.038,0.6397
mixed,64,32,0.5,4.0,2048,512,128,512,320,211.806,223.297,212.063,0.0224
mixed,64,32,0.5,4.0,2048,512,256,1024,640,231.2,252.576,236.542,0.2499
mixed,64,32,0.5,4.0,2048,512,512,2048,1280,268.446,304.544,282.145,0.3795
mixed,64,32,0.5,4.0,2048,512,1024,4096,2560,329.952,395.489,367.168,0.5679
mixed,64,32,0.5,4.0,2048,512,2048,8192,5120,440.639,575.649,528.51,0.6508
mixed,64,32,0.5,4.0,2048,512,4096,16384,10240,662.431,927.838,829.022,0.6277
mixed,64,32,0.5,4.0,2048,1024,128,512,320,249.343,258.974,248.064,-0.1328
mixed,64,32,0.5,4.0,2048,1024,256,1024,640,268.288,288.733,270.974,0.1314
mixed,64,32,0.5,4.0,2048,1024,512,2048,1280,302.174,341.503,318.688,0.4199
mixed,64,32,0.5,4.0,2048,1024,1024,4096,2560,362.815,430.88,404.895,0.6182
mixed,64,32,0.5,4.0,2048,1024,2048,8192,5120,472.863,607.934,560.672,0.6501
mixed,64,32,0.5,4.0,2048,1024,4096,16384,10240,694.75,966.911,865.47,0.6273
mixed,64,32,0.5,4.0,2048,2048,128,512,320,325.822,333.601,323.518,-0.2962
mixed,64,32,0.5,4.0,2048,2048,256,1024,640,339.552,361.855,344.703,0.231
mixed,64,32,0.5,4.0,2048,2048,512,2048,1280,376.7,413.695,390.912,0.3842
mixed,64,32,0.5,4.0,2048,2048,1024,4096,2560,435.519,502.814,480.864,0.6738
mixed,64,32,0.5,4.0,2048,2048,2048,8192,5120,545.342,679.935,635.231,0.6679
mixed,64,32,0.5,4.0,2048,2048,4096,16384,10240,769.214,1038.109,942.048,0.6428
mixed,64,32,0.5,4.0,2048,4096,128,512,320,472.895,481.216,473.631,0.0885
mixed,64,32,0.5,4.0,2048,4096,256,1024,640,485.822,508.928,492.512,0.2895
mixed,64,32,0.5,4.0,2048,4096,512,2048,1280,520.256,555.358,538.175,0.5105
mixed,64,32,0.5,4.0,2048,4096,1024,4096,2560,576.766,643.71,622.112,0.6774
mixed,64,32,0.5,4.0,2048,4096,2048,8192,5120,689.055,821.181,779.2,0.6823
mixed,64,32,0.5,4.0,2048,4096,4096,16384,10240,911.646,1181.693,1086.589,0.6478
mixed,64,32,0.5,4.0,2048,8192,128,512,320,754.557,766.239,751.389,-0.2712
mixed,64,32,0.5,4.0,2048,8192,256,1024,640,773.92,788.031,779.52,0.3969
mixed,64,32,0.5,4.0,2048,8192,512,2048,1280,798.016,833.119,821.056,0.6564
mixed,64,32,0.5,4.0,2048,8192,1024,4096,2560,851.839,919.84,899.551,0.7016
mixed,64,32,0.5,4.0,2048,8192,2048,8192,5120,966.493,1094.143,1056.51,0.7052
mixed,64,32,0.5,4.0,2048,8192,4096,16384,10240,1181.63,1446.141,1368.991,0.7083
pure,64,48,0.75,4.0,0,0,128,512,416,62.208,76.928,74.56,0.8391
pure,64,48,0.75,4.0,0,0,256,1024,832,95.039,108.223,108.0,0.9831
pure,64,48,0.75,4.0,0,0,512,2048,1664,140.737,159.038,148.992,0.4511
pure,64,48,0.75,4.0,0,0,1024,4096,3328,220.96,249.375,228.127,0.2522
pure,64,48,0.75,4.0,0,0,2048,8192,6656,363.264,435.837,378.336,0.2077
pure,64,48,0.75,4.0,0,0,4096,16384,13312,659.198,793.342,674.592,0.1148
mixed,64,48,0.75,4.0,16,0,128,512,416,63.136,83.328,78.081,0.7401
mixed,64,48,0.75,4.0,16,0,256,1024,832,100.255,114.208,102.782,0.1811
mixed,64,48,0.75,4.0,16,0,512,2048,1664,144.927,161.791,162.017,1.0134
mixed,64,48,0.75,4.0,16,0,1024,4096,3328,220.96,256.192,251.743,0.8737
mixed,64,48,0.75,4.0,16,0,2048,8192,6656,370.623,434.816,424.96,0.8465
mixed,64,48,0.75,4.0,16,0,4096,16384,13312,660.29,797.504,756.093,0.6982
mixed,64,48,0.75,4.0,16,512,128,512,416,79.615,82.496,77.535,-0.722
mixed,64,48,0.75,4.0,16,512,256,1024,832,98.944,114.079,103.328,0.2897
mixed,64,48,0.75,4.0,16,512,512,2048,1664,147.201,164.896,162.528,0.8662
mixed,64,48,0.75,4.0,16,512,1024,4096,3328,225.217,256.544,250.367,0.8028
mixed,64,48,0.75,4.0,16,512,2048,8192,6656,372.477,433.95,426.431,0.8777
mixed,64,48,0.75,4.0,16,512,4096,16384,13312,660.222,798.303,754.429,0.6823
mixed,64,48,0.75,4.0,16,1024,128,512,416,86.047,86.591,83.263,-5.1176
mixed,64,48,0.75,4.0,16,1024,256,1024,832,103.103,114.207,104.928,0.1644
mixed,64,48,0.75,4.0,16,1024,512,2048,1664,148.607,167.327,164.992,0.8753
mixed,64,48,0.75,4.0,16,1024,1024,4096,3328,220.926,254.752,252.8,0.9423
mixed,64,48,0.75,4.0,16,1024,2048,8192,6656,372.063,435.934,424.511,0.8212
mixed,64,48,0.75,4.0,16,1024,4096,16384,13312,661.534,798.559,756.159,0.6906
mixed,64,48,0.75,4.0,16,2048,128,512,416,104.416,117.441,90.367,-1.0786
mixed,64,48,0.75,4.0,16,2048,256,1024,832,143.04,117.761,109.151,
mixed,64,48,0.75,4.0,16,2048,512,2048,1664,150.688,166.241,165.057,0.9239
mixed,64,48,0.75,4.0,16,2048,1024,4096,3328,224.256,258.4,250.656,0.7732
mixed,64,48,0.75,4.0,16,2048,2048,8192,6656,374.305,438.879,427.136,0.8181
mixed,64,48,0.75,4.0,16,2048,4096,16384,13312,666.783,804.127,758.815,0.6701
mixed,64,48,0.75,4.0,16,4096,128,512,416,109.248,116.223,88.35,-2.9961
mixed,64,48,0.75,4.0,16,4096,256,1024,832,148.352,166.56,110.559,-2.0756
mixed,64,48,0.75,4.0,16,4096,512,2048,1664,215.454,169.12,166.08,
mixed,64,48,0.75,4.0,16,4096,1024,4096,3328,230.238,259.135,252.384,0.7664
mixed,64,48,0.75,4.0,16,4096,2048,8192,6656,377.439,437.053,427.839,0.8454
mixed,64,48,0.75,4.0,16,4096,4096,16384,13312,662.622,803.105,756.671,0.6695
mixed,64,48,0.75,4.0,16,8192,128,512,416,108.993,119.361,103.967,-0.4848
mixed,64,48,0.75,4.0,16,8192,256,1024,832,147.296,165.983,119.393,-1.4932
mixed,64,48,0.75,4.0,16,8192,512,2048,1664,222.463,250.878,161.025,-2.1622
mixed,64,48,0.75,4.0,16,8192,1024,4096,3328,341.982,261.855,252.767,
mixed,64,48,0.75,4.0,16,8192,2048,8192,6656,378.751,444.671,427.329,0.7369
mixed,64,48,0.75,4.0,16,8192,4096,16384,13312,667.998,801.154,755.838,0.6597
mixed,64,48,0.75,4.0,32,0,128,512,416,65.92,84.574,76.895,0.5883
mixed,64,48,0.75,4.0,32,0,256,1024,832,100.224,113.184,103.327,0.2394
mixed,64,48,0.75,4.0,32,0,512,2048,1664,144.865,162.081,160.194,0.8904
mixed,64,48,0.75,4.0,32,0,1024,4096,3328,219.968,258.144,253.664,0.8826
mixed,64,48,0.75,4.0,32,0,2048,8192,6656,373.887,438.972,426.399,0.8068
mixed,64,48,0.75,4.0,32,0,4096,16384,13312,662.72,803.165,755.647,0.6617
mixed,64,48,0.75,4.0,32,512,128,512,416,80.224,83.937,80.607,0.1032
mixed,64,48,0.75,4.0,32,512,256,1024,832,101.631,113.823,104.768,0.2573
mixed,64,48,0.75,4.0,32,512,512,2048,1664,147.647,165.792,161.247,0.7495
mixed,64,48,0.75,4.0,32,512,1024,4096,3328,223.582,260.512,252.896,0.7938
mixed,64,48,0.75,4.0,32,512,2048,8192,6656,374.558,435.135,427.839,0.8796
mixed,64,48,0.75,4.0,32,512,4096,16384,13312,664.604,809.183,757.632,0.6434
mixed,64,48,0.75,4.0,32,1024,128,512,416,105.695,116.415,89.086,-1.5493
mixed,64,48,0.75,4.0,32,1024,256,1024,832,138.656,117.151,106.304,
mixed,64,48,0.75,4.0,32,1024,512,2048,1664,149.122,164.767,161.823,0.8118
mixed,64,48,0.75,4.0,32,1024,1024,4096,3328,223.52,258.015,252.095,0.8284
mixed,64,48,0.75,4.0,32,1024,2048,8192,6656,371.135,438.465,427.327,0.8346
mixed,64,48,0.75,4.0,32,1024,4096,16384,13312,662.047,803.615,759.297,0.6869
mixed,64,48,0.75,4.0,32,2048,128,512,416,104.097,115.615,89.533,-1.2645
mixed,64,48,0.75,4.0,32,2048,256,1024,832,142.271,165.44,110.848,-1.3563
mixed,64,48,0.75,4.0,32,2048,512,2048,1664,199.581,165.407,168.064,
mixed,64,48,0.75,4.0,32,2048,1024,4096,3328,228.225,259.743,253.953,0.8163
mixed,64,48,0.75,4.0,32,2048,2048,8192,6656,376.191,437.79,423.585,0.7694
mixed,64,48,0.75,4.0,32,2048,4096,16384,13312,664.479,799.681,756.734,0.6823
mixed,64,48,0.75,4.0,32,4096,128,512,416,106.081,117.823,99.551,-0.5561
mixed,64,48,0.75,4.0,32,4096,256,1024,832,144.159,163.007,110.784,-1.7707
mixed,64,48,0.75,4.0,32,4096,512,2048,1664,220.288,252.16,153.695,-2.0894
mixed,64,48,0.75,4.0,32,4096,1024,4096,3328,319.39,259.232,253.313,
mixed,64,48,0.75,4.0,32,4096,2048,8192,6656,375.55,442.302,426.302,0.7603
mixed,64,48,0.75,4.0,32,4096,4096,16384,13312,664.157,803.486,757.021,0.6665
mixed,64,48,0.75,4.0,32,8192,128,512,416,106.529,116.929,109.216,0.2584
mixed,64,48,0.75,4.0,32,8192,256,1024,832,140.288,164.961,132.992,-0.2957
mixed,64,48,0.75,4.0,32,8192,512,2048,1664,217.822,246.015,155.648,-2.2053
mixed,64,48,0.75,4.0,32,8192,1024,4096,3328,339.52,420.607,252.256,-1.0762
mixed,64,48,0.75,4.0,32,8192,2048,8192,6656,538.816,442.879,425.279,
mixed,64,48,0.75,4.0,32,8192,4096,16384,13312,670.206,803.294,752.0,0.6146
mixed,64,48,0.75,4.0,64,0,128,512,416,78.432,95.904,78.08,-0.0201
mixed,64,48,0.75,4.0,64,0,256,1024,832,113.216,126.305,105.376,-0.599
mixed,64,48,0.75,4.0,64,0,512,2048,1664,159.073,174.913,163.871,0.3029
mixed,64,48,0.75,4.0,64,0,1024,4096,3328,233.249,265.151,251.232,0.5637
mixed,64,48,0.75,4.0,64,0,2048,8192,6656,377.214,444.159,424.768,0.7103
mixed,64,48,0.75,4.0,64,0,4096,16384,13312,669.119,798.847,752.288,0.6411
mixed,64,48,0.75,4.0,64,512,128,512,416,103.266,111.902,82.368,-2.4199
mixed,64,48,0.75,4.0,64,512,256,1024,832,136.033,145.503,105.919,-3.1799
mixed,64,48,0.75,4.0,64,512,512,2048,1664,179.392,198.527,162.686,-0.8731
mixed,64,48,0.75,4.0,64,512,1024,4096,3328,258.335,289.889,249.951,-0.2657
mixed,64,48,0.75,4.0,64,512,2048,8192,6656,395.488,464.51,425.469,0.4344
mixed,64,48,0.75,4.0,64,512,4096,16384,13312,686.911,821.373,755.774,0.5121
mixed,64,48,0.75,4.0,64,1024,128,512,416,105.056,113.824,86.623,-2.1023
mixed,64,48,0.75,4.0,64,1024,256,1024,832,141.44,162.175,106.464,-1.6868
mixed,64,48,0.75,4.0,64,1024,512,2048,1664,199.071,215.711,164.193,-2.096
mixed,64,48,0.75,4.0,64,1024,1024,4096,3328,280.48,309.056,248.768,-1.1097
mixed,64,48,0.75,4.0,64,1024,2048,8192,6656,426.175,490.014,424.511,-0.0261
mixed,64,48,0.75,4.0,64,1024,4096,16384,13312,713.087,846.974,755.135,0.3141
mixed,64,48,0.75,4.0,64,2048,128,512,416,104.256,115.744,98.655,-0.4876
mixed,64,48,0.75,4.0,64,2048,256,1024,832,139.746,163.552,108.355,-1.3186
mixed,64,48,0.75,4.0,64,2048,512,2048,1664,215.232,251.008,151.553,-1.7799
mixed,64,48,0.75,4.0,64,2048,1024,4096,3328,314.527,352.352,249.952,-1.7072
mixed,64,48,0.75,4.0,64,2048,2048,8192,6656,459.903,525.215,425.503,-0.5267
mixed,64,48,0.75,4.0,64,2048,4096,16384,13312,745.087,883.293,755.391,0.0746
mixed,64,48,0.75,4.0,64,4096,128,512,416,105.087,114.56,113.504,0.8885
mixed,64,48,0.75,4.0,64,4096,256,1024,832,138.302,162.655,127.839,-0.4296
mixed,64,48,0.75,4.0,64,4096,512,2048,1664,213.664,246.657,152.959,-1.8399
mixed,64,48,0.75,4.0,64,4096,1024,4096,3328,310.208,411.839,250.816,-0.5844
mixed,64,48,0.75,4.0,64,4096,2048,8192,6656,536.8,596.673,419.868,-1.953
mixed,64,48,0.75,4.0,64,4096,4096,16384,13312,820.126,963.808,751.167,-0.4799
mixed,64,48,0.75,4.0,64,8192,128,512,416,104.352,116.958,114.435,0.7999
mixed,64,48,0.75,4.0,64,8192,256,1024,832,138.945,160.161,156.959,0.8491
mixed,64,48,0.75,4.0,64,8192,512,2048,1664,211.742,242.751,180.287,-1.0144
mixed,64,48,0.75,4.0,64,8192,1024,4096,3328,350.944,409.376,237.185,-1.9469
mixed,64,48,0.75,4.0,64,8192,2048,8192,6656,531.71,734.688,418.72,-0.5567
mixed,64,48,0.75,4.0,64,8192,4096,16384,13312,969.245,1103.933,747.359,-1.6474
mixed,64,48,0.75,4.0,128,0,128,512,416,78.846,96.512,80.737,0.107
mixed,64,48,0.75,4.0,128,0,256,1024,832,117.025,126.399,104.992,-1.2837
mixed,64,48,0.75,4.0,128,0,512,2048,1664,158.462,178.015,159.871,0.0721
mixed,64,48,0.75,4.0,128,0,1024,4096,3328,232.478,271.328,249.152,0.4292
mixed,64,48,0.75,4.0,128,0,2048,8192,6656,377.985,448.417,425.919,0.6806
mixed,64,48,0.75,4.0,128,0,4096,16384,13312,668.797,801.984,756.414,0.6578
mixed,64,48,0.75,4.0,128,512,128,512,416,103.457,113.024,83.552,-2.0806
mixed,64,48,0.75,4.0,128,512,256,1024,832,131.776,143.422,104.287,-2.3604
mixed,64,48,0.75,4.0,128,512,512,2048,1664,173.44,197.569,160.767,-0.5252
mixed,64,48,0.75,4.0,128,512,1024,4096,3328,256.705,288.545,247.711,-0.2825
mixed,64,48,0.75,4.0,128,512,2048,8192,6656,403.775,461.472,423.648,0.3444
mixed,64,48,0.75,4.0,128,512,4096,16384,13312,692.767,826.654,756.799,0.4783
mixed,64,48,0.75,4.0,128,1024,128,512,416,105.984,114.848,100.288,-0.6426
mixed,64,48,0.75,4.0,128,1024,256,1024,832,137.792,158.431,108.641,-1.4124
mixed,64,48,0.75,4.0,128,1024,512,2048,1664,188.96,212.672,153.28,-1.5047
mixed,64,48,0.75,4.0,128,1024,1024,4096,3328,273.119,302.592,248.48,-0.836
mixed,64,48,0.75,4.0,128,1024,2048,8192,6656,424.769,484.159,421.695,-0.0518
mixed,64,48,0.75,4.0,128,1024,4096,16384,13312,710.688,840.636,753.214,0.3273
mixed,64,48,0.75,4.0,128,2048,128,512,416,105.472,116.866,113.663,0.7189
mixed,64,48,0.75,4.0,128,2048,256,1024,832,140.225,161.025,128.509,-0.5633
mixed,64,48,0.75,4.0,128,2048,512,2048,1664,211.329,244.45,151.264,-1.8135
mixed,64,48,0.75,4.0,128,2048,1024,4096,3328,309.181,337.474,250.367,-2.0787
mixed,64,48,0.75,4.0,128,2048,2048,8192,6656,456.096,513.631,419.615,-0.6341
mixed,64,48,0.75,4.0,128,2048,4096,16384,13312,745.374,869.087,753.438,0.0652
mixed,64,48,0.75,4.0,128,4096,128,512,416,105.951,116.577,113.758,0.7347
mixed,64,48,0.75,4.0,128,4096,256,1024,832,138.942,158.976,157.056,0.9042
mixed,64,48,0.75,4.0,128,4096,512,2048,1664,211.902,241.087,181.217,-1.0514
mixed,64,48,0.75,4.0,128,4096,1024,4096,3328,346.591,403.999,231.871,-1.9983
mixed,64,48,0.75,4.0,128,4096,2048,8192,6656,524.799,586.272,414.688,-1.7912
mixed,64,48,0.75,4.0,128,4096,4096,16384,13312,817.726,952.193,746.175,-0.5321
mixed,64,48,0.75,4.0,128,8192,128,512,416,133.855,152.929,135.135,0.0671
mixed,64,48,0.75,4.0,128,8192,256,1024,832,147.295,158.338,156.864,0.8665
mixed,64,48,0.75,4.0,128,8192,512,2048,1664,211.424,238.526,233.407,0.8111
mixed,64,48,0.75,4.0,128,8192,1024,4096,3328,342.111,402.525,282.815,-0.9815
mixed,64,48,0.75,4.0,128,8192,2048,8192,6656,608.99,724.159,407.584,-1.7488
mixed,64,48,0.75,4.0,128,8192,4096,16384,13312,956.16,1087.52,738.109,-1.6599
mixed,64,48,0.75,4.0,256,0,128,512,416,80.769,96.608,81.601,0.0525
mixed,64,48,0.75,4.0,256,0,256,1024,832,115.262,127.138,107.872,-0.6223
mixed,64,48,0.75,4.0,256,0,512,2048,1664,163.457,182.594,162.56,-0.0469
mixed,64,48,0.75,4.0,256,0,1024,4096,3328,238.112,268.19,251.006,0.4287
mixed,64,48,0.75,4.0,256,0,2048,8192,6656,388.673,450.176,425.695,0.602
mixed,64,48,0.75,4.0,256,0,4096,16384,13312,672.128,814.433,758.366,0.606
mixed,64,48,0.75,4.0,256,512,128,512,416,102.91,113.249,97.727,-0.5013
mixed,64,48,0.75,4.0,256,512,256,1024,832,131.04,145.406,110.655,-1.419
mixed,64,48,0.75,4.0,256,512,512,2048,1664,172.321,191.489,151.519,-1.0852
mixed,64,48,0.75,4.0,256,512,1024,4096,3328,250.368,286.911,247.392,-0.0814
mixed,64,48,0.75,4.0,256,512,2048,8192,6656,402.145,462.464,421.663,0.3236
mixed,64,48,0.75,4.0,256,512,4096,16384,13312,693.63,822.91,755.198,0.4762
mixed,64,48,0.75,4.0,256,1024,128,512,416,111.168,119.104,116.895,0.7216
mixed,64,48,0.75,4.0,256,1024,256,1024,832,137.09,157.887,126.463,-0.511
mixed,64,48,0.75,4.0,256,1024,512,2048,1664,189.985,206.527,151.649,-2.3175
mixed,64,48,0.75,4.0,256,1024,1024,4096,3328,269.057,302.239,247.361,-0.6538
mixed,64,48,0.75,4.0,256,1024,2048,8192,6656,416.671,483.103,423.04,0.0959
mixed,64,48,0.75,4.0,256,1024,4096,16384,13312,705.313,839.264,750.303,0.3359
mixed,64,48,0.75,4.0,256,2048,128,512,416,108.641,119.711,116.735,0.7312
mixed,64,48,0.75,4.0,256,2048,256,1024,832,139.424,160.993,160.351,0.9702
mixed,64,48,0.75,4.0,256,2048,512,2048,1664,208.259,236.352,177.471,-1.0959
mixed,64,48,0.75,4.0,256,2048,1024,4096,3328,300.702,336.383,236.479,-1.7999
mixed,64,48,0.75,4.0,256,2048,2048,8192,6656,447.038,512.961,418.464,-0.4334
mixed,64,48,0.75,4.0,256,2048,4096,16384,13312,738.527,873.024,751.166,0.094
mixed,64,48,0.75,4.0,256,4096,128,512,416,144.191,150.496,147.904,0.5889
mixed,64,48,0.75,4.0,256,4096,256,1024,832,150.72,161.056,158.815,0.7832
mixed,64,48,0.75,4.0,256,4096,512,2048,1664,211.199,241.342,241.119,0.9926
mixed,64,48,0.75,4.0,256,4096,1024,4096,3328,340.543,399.359,277.407,-1.0734
mixed,64,48,0.75,4.0,256,4096,2048,8192,6656,513.535,576.8,400.129,-1.7926
mixed,64,48,0.75,4.0,256,4096,4096,16384,13312,802.591,940.509,746.752,-0.4049
mixed,64,48,0.75,4.0,256,8192,128,512,416,170.206,186.945,167.776,-0.1452
mixed,64,48,0.75,4.0,256,8192,256,1024,832,213.727,224.543,209.76,-0.3668
mixed,64,48,0.75,4.0,256,8192,512,2048,1664,226.463,241.566,236.448,0.6611
mixed,64,48,0.75,4.0,256,8192,1024,4096,3328,342.016,401.15,398.367,0.9529
mixed,64,48,0.75,4.0,256,8192,2048,8192,6656,598.177,713.279,480.832,-1.0195
mixed,64,48,0.75,4.0,256,8192,4096,16384,13312,938.975,1071.582,728.798,-1.585
mixed,64,48,0.75,4.0,512,0,128,512,416,91.907,109.024,100.605,0.5081
mixed,64,48,0.75,4.0,512,0,256,1024,832,127.648,140.128,126.716,-0.0747
mixed,64,48,0.75,4.0,512,0,512,2048,1664,173.695,191.071,174.72,0.059
mixed,64,48,0.75,4.0,512,0,1024,4096,3328,248.287,284.256,261.28,0.3612
mixed,64,48,0.75,4.0,512,0,2048,8192,6656,395.295,461.15,437.855,0.6463
mixed,64,48,0.75,4.0,512,0,4096,16384,13312,688.639,831.713,770.909,0.575
mixed,64,48,0.75,4.0,512,512,128,512,416,108.544,117.471,116.513,0.8927
mixed,64,48,0.75,4.0,512,512,256,1024,832,141.76,154.43,143.648,0.149
mixed,64,48,0.75,4.0,512,512,512,2048,1664,184.128,204.033,188.83,0.2362
mixed,64,48,0.75,4.0,512,512,1024,4096,3328,266.814,294.399,276.256,0.3423
mixed,64,48,0.75,4.0,512,512,2048,8192,6656,408.575,476.254,434.047,0.3764
mixed,64,48,0.75,4.0,512,512,4096,16384,13312,693.535,839.71,764.669,0.4866
mixed,64,48,0.75,4.0,512,1024,128,512,416,134.752,118.304,135.585,
mixed,64,48,0.75,4.0,512,1024,256,1024,832,140.928,163.553,157.535,0.734
mixed,64,48,0.75,4.0,512,1024,512,2048,1664,196.257,214.272,207.612,0.6303
mixed,64,48,0.75,4.0,512,1024,1024,4096,3328,275.711,311.327,296.479,0.5831
mixed,64,48,0.75,4.0,512,1024,2048,8192,6656,421.149,486.781,430.335,0.14
mixed,64,48,0.75,4.0,512,1024,4096,16384,13312,714.368,845.121,761.951,0.3639
mixed,64,48,0.75,4.0,512,2048,128,512,416,153.248,161.408,154.368,0.1373
mixed,64,48,0.75,4.0,512,2048,256,1024,832,179.392,160.096,183.71,
mixed,64,48,0.75,4.0,512,2048,512,2048,1664,212.255,241.791,238.079,0.8743
mixed,64,48,0.75,4.0,512,2048,1024,4096,3328,308.958,347.55,335.23,0.6808
mixed,64,48,0.75,4.0,512,2048,2048,8192,6656,458.079,517.887,501.822,0.7314
mixed,64,48,0.75,4.0,512,2048,4096,16384,13312,744.448,879.679,758.112,0.101
mixed,64,48,0.75,4.0,512,4096,128,512,416,191.361,198.751,193.118,0.2378
mixed,64,48,0.75,4.0,512,4096,256,1024,832,217.472,228.191,221.249,0.3524
mixed,64,48,0.75,4.0,512,4096,512,2048,1664,261.214,241.504,266.847,
mixed,64,48,0.75,4.0,512,4096,1024,4096,3328,345.215,401.6,399.167,0.9569
mixed,64,48,0.75,4.0,512,4096,2048,8192,6656,523.808,586.879,573.502,0.7879
mixed,64,48,0.75,4.0,512,4096,4096,16384,13312,814.975,948.637,890.688,0.5665
mixed,64,48,0.75,4.0,512,8192,128,512,416,271.201,274.877,269.856,-0.3659
mixed,64,48,0.75,4.0,512,8192,256,1024,832,293.568,305.374,299.615,0.5122
mixed,64,48,0.75,4.0,512,8192,512,2048,1664,335.999,354.016,344.161,0.453
mixed,64,48,0.75,4.0,512,8192,1024,4096,3328,411.808,405.408,429.791,
mixed,64,48,0.75,4.0,512,8192,2048,8192,6656,604.126,715.872,712.926,0.9736
mixed,64,48,0.75,4.0,512,8192,4096,16384,13312,949.534,1082.973,1056.893,0.8046
mixed,64,48,0.75,4.0,1024,0,128,512,416,113.28,119.04,108.864,-0.7667
mixed,64,48,0.75,4.0,1024,0,256,1024,832,133.726,143.296,132.64,-0.1135
mixed,64,48,0.75,4.0,1024,0,512,2048,1664,178.623,193.248,177.983,-0.0438
mixed,64,48,0.75,4.0,1024,0,1024,4096,3328,253.25,287.967,264.991,0.3382
mixed,64,48,0.75,4.0,1024,0,2048,8192,6656,400.704,462.144,423.68,0.374
mixed,64,48,0.75,4.0,1024,0,4096,16384,13312,685.505,824.319,733.631,0.3467
mixed,64,48,0.75,4.0,1024,512,128,512,416,128.896,136.767,128.0,-0.1138
mixed,64,48,0.75,4.0,1024,512,256,1024,832,156.128,162.176,152.736,-0.5608
mixed,64,48,0.75,4.0,1024,512,512,2048,1664,193.792,210.497,194.172,0.0227
mixed,64,48,0.75,4.0,1024,512,1024,4096,3328,270.08,306.364,281.055,0.3025
mixed,64,48,0.75,4.0,1024,512,2048,8192,6656,412.318,479.103,443.039,0.46
mixed,64,48,0.75,4.0,1024,512,4096,16384,13312,703.135,841.665,762.014,0.425
mixed,64,48,0.75,4.0,1024,1024,128,512,416,149.058,155.454,144.545,-0.7056
mixed,64,48,0.75,4.0,1024,1024,256,1024,832,172.894,179.455,168.288,-0.702
mixed,64,48,0.75,4.0,1024,1024,512,2048,1664,210.878,229.758,213.375,0.1323
mixed,64,48,0.75,4.0,1024,1024,1024,4096,3328,286.976,321.855,299.646,0.3633
mixed,64,48,0.75,4.0,1024,1024,2048,8192,6656,430.881,498.336,465.536,0.5137
mixed,64,48,0.75,4.0,1024,1024,4096,16384,13312,722.43,857.984,778.238,0.4117
mixed,64,48,0.75,4.0,1024,2048,128,512,416,183.743,189.855,177.408,-1.0365
mixed,64,48,0.75,4.0,1024,2048,256,1024,832,206.368,216.545,205.342,-0.1008
mixed,64,48,0.75,4.0,1024,2048,512,2048,1664,250.911,267.265,251.549,0.039
mixed,64,48,0.75,4.0,1024,2048,1024,4096,3328,320.513,353.216,335.744,0.4657
mixed,64,48,0.75,4.0,1024,2048,2048,8192,6656,464.67,530.336,499.009,0.5229
mixed,64,48,0.75,4.0,1024,2048,4096,16384,13312,754.046,889.821,802.239,0.3549
mixed,64,48,0.75,4.0,1024,4096,128,512,416,254.241,260.159,248.35,-0.9954
mixed,64,48,0.75,4.0,1024,4096,256,1024,832,276.416,287.743,275.551,-0.0764
mixed,64,48,0.75,4.0,1024,4096,512,2048,1664,321.34,334.977,319.135,-0.1617
mixed,64,48,0.75,4.0,1024,4096,1024,4096,3328,393.344,421.983,405.182,0.4134
mixed,64,48,0.75,4.0,1024,4096,2048,8192,6656,532.83,596.385,561.599,0.4527
mixed,64,48,0.75,4.0,1024,4096,4096,16384,13312,818.559,955.485,873.534,0.4015
mixed,64,48,0.75,4.0,1024,8192,128,512,416,400.929,406.271,397.087,-0.7192
mixed,64,48,0.75,4.0,1024,8192,256,1024,832,420.704,433.342,423.84,0.2481
mixed,64,48,0.75,4.0,1024,8192,512,2048,1664,465.021,482.624,468.896,0.2201
mixed,64,48,0.75,4.0,1024,8192,1024,4096,3328,535.136,567.264,551.391,0.5059
mixed,64,48,0.75,4.0,1024,8192,2048,8192,6656,681.056,744.095,701.149,0.3187
mixed,64,48,0.75,4.0,1024,8192,4096,16384,13312,964.926,1103.04,1015.133,0.3635
mixed,64,48,0.75,4.0,2048,0,128,512,416,180.894,188.255,182.879,0.2697
mixed,64,48,0.75,4.0,2048,0,256,1024,832,206.109,219.202,208.574,0.1883
mixed,64,48,0.75,4.0,2048,0,512,2048,1664,252.959,270.557,254.24,0.0728
mixed,64,48,0.75,4.0,2048,0,1024,4096,3328,330.272,364.032,339.167,0.2635
mixed,64,48,0.75,4.0,2048,0,2048,8192,6656,473.215,539.423,500.991,0.4195
mixed,64,48,0.75,4.0,2048,0,4096,16384,13312,761.854,895.293,807.134,0.3393
mixed,64,48,0.75,4.0,2048,512,128,512,416,218.527,223.615,218.654,0.025
mixed,64,48,0.75,4.0,2048,512,256,1024,832,239.967,254.079,242.782,0.1995
mixed,64,48,0.75,4.0,2048,512,512,2048,1664,286.784,303.936,291.298,0.2632
mixed,64,48,0.75,4.0,2048,512,1024,4096,3328,361.792,395.615,377.856,0.4749
mixed,64,48,0.75,4.0,2048,512,2048,8192,6656,507.071,573.183,534.909,0.4211
mixed,64,48,0.75,4.0,2048,512,4096,16384,13312,800.031,931.102,840.67,0.3101
mixed,64,48,0.75,4.0,2048,1024,128,512,416,252.799,258.559,255.68,0.5002
mixed,64,48,0.75,4.0,2048,1024,256,1024,832,276.288,287.743,280.927,0.405
mixed,64,48,0.75,4.0,2048,1024,512,2048,1664,322.976,342.654,324.8,0.0927
mixed,64,48,0.75,4.0,2048,1024,1024,4096,3328,397.247,429.79,411.713,0.4445
mixed,64,48,0.75,4.0,2048,1024,2048,8192,6656,538.591,608.384,569.28,0.4397
mixed,64,48,0.75,4.0,2048,1024,4096,16384,13312,830.432,965.981,877.759,0.3492
mixed,64,48,0.75,4.0,2048,2048,128,512,416,328.672,333.567,328.383,-0.059
mixed,64,48,0.75,4.0,2048,2048,256,1024,832,351.297,362.206,354.401,0.2845
mixed,64,48,0.75,4.0,2048,2048,512,2048,1664,395.9,412.096,401.504,0.346
mixed,64,48,0.75,4.0,2048,2048,1024,4096,3328,471.168,502.399,485.567,0.461
mixed,64,48,0.75,4.0,2048,2048,2048,8192,6656,611.422,681.182,639.326,0.4
mixed,64,48,0.75,4.0,2048,2048,4096,16384,13312,903.902,1040.767,948.766,0.3278
mixed,64,48,0.75,4.0,2048,4096,128,512,416,476.637,479.647,476.831,0.0645
mixed,64,48,0.75,4.0,2048,4096,256,1024,832,500.032,510.209,499.871,-0.0158
mixed,64,48,0.75,4.0,2048,4096,512,2048,1664,540.001,557.407,544.956,0.2847
mixed,64,48,0.75,4.0,2048,4096,1024,4096,3328,613.469,647.296,628.161,0.4343
mixed,64,48,0.75,4.0,2048,4096,2048,8192,6656,756.416,823.103,787.198,0.4616
mixed,64,48,0.75,4.0,2048,4096,4096,16384,13312,1049.92,1180.128,1101.885,0.3991
mixed,64,48,0.75,4.0,2048,8192,128,512,416,764.864,770.078,760.544,-0.8285
mixed,64,48,0.75,4.0,2048,8192,256,1024,832,778.784,784.958,786.143,1.1919
mixed,64,48,0.75,4.0,2048,8192,512,2048,1664,815.102,830.623,832.064,1.0928
mixed,64,48,0.75,4.0,2048,8192,1024,4096,3328,891.326,913.791,910.175,0.839
mixed,64,48,0.75,4.0,2048,8192,2048,8192,6656,1026.623,1093.181,1061.662,0.5264
mixed,64,48,0.75,4.0,2048,8192,4096,16384,13312,1318.526,1453.31,1380.573,0.4603
pure,64,58,0.9062,4.0,0,0,128,512,476,63.23,77.216,75.904,0.9062
pure,64,58,0.9062,4.0,0,0,256,1024,952,102.944,109.376,104.99,0.3181
pure,64,58,0.9062,4.0,0,0,512,2048,1904,148.225,158.207,152.192,0.3974
pure,64,58,0.9062,4.0,0,0,1024,4096,3808,235.038,249.634,240.8,0.3948
pure,64,58,0.9062,4.0,0,0,2048,8192,7616,402.111,432.447,414.464,0.4072
pure,64,58,0.9062,4.0,0,0,4096,16384,15232,740.095,795.292,740.765,0.0121
mixed,64,58,0.9062,4.0,16,0,128,512,476,68.353,81.345,78.945,0.8153
mixed,64,58,0.9062,4.0,16,0,256,1024,952,108.992,112.511,111.424,0.6911
mixed,64,58,0.9062,4.0,16,0,512,2048,1904,152.96,164.477,155.966,0.261
mixed,64,58,0.9062,4.0,16,0,1024,4096,3808,238.207,255.582,244.352,0.3537
mixed,64,58,0.9062,4.0,16,0,2048,8192,7616,408.351,437.311,421.761,0.4631
mixed,64,58,0.9062,4.0,16,0,4096,16384,15232,744.927,802.367,769.246,0.4234
mixed,64,58,0.9062,4.0,16,512,128,512,476,83.041,84.192,80.799,-1.9479
mixed,64,58,0.9062,4.0,16,512,256,1024,952,107.519,112.863,110.912,0.6349
mixed,64,58,0.9062,4.0,16,512,512,2048,1904,155.84,162.334,157.344,0.2316
mixed,64,58,0.9062,4.0,16,512,1024,4096,3808,241.053,253.44,247.36,0.5092
mixed,64,58,0.9062,4.0,16,512,2048,8192,7616,408.35,436.641,417.503,0.3235
mixed,64,58,0.9062,4.0,16,512,4096,16384,15232,750.814,794.397,766.815,0.3671
mixed,64,58,0.9062,4.0,16,1024,128,512,476,88.32,85.343,86.59,
mixed,64,58,0.9062,4.0,16,1024,256,1024,952,107.648,116.834,110.465,0.3067
mixed,64,58,0.9062,4.0,16,1024,512,2048,1904,155.777,165.055,157.986,0.2381
mixed,64,58,0.9062,4.0,16,1024,1024,4096,3808,239.071,256.641,246.879,0.4444
mixed,64,58,0.9062,4.0,16,1024,2048,8192,7616,407.552,435.009,419.326,0.4288
mixed,64,58,0.9062,4.0,16,1024,4096,16384,15232,747.007,802.24,760.51,0.2445
mixed,64,58,0.9062,4.0,16,2048,128,512,476,107.39,118.241,93.022,-1.3241
mixed,64,58,0.9062,4.0,16,2048,256,1024,952,114.88,118.977,114.784,-0.0234
mixed,64,58,0.9062,4.0,16,2048,512,2048,1904,158.432,165.695,158.911,0.066
mixed,64,58,0.9062,4.0,16,2048,1024,4096,3808,243.776,259.585,247.233,0.2187
mixed,64,58,0.9062,4.0,16,2048,2048,8192,7616,408.766,442.208,420.51,0.3512
mixed,64,58,0.9062,4.0,16,2048,4096,16384,15232,745.278,796.029,763.743,0.3638
mixed,64,58,0.9062,4.0,16,4096,128,512,476,112.735,116.863,102.432,-2.4959
mixed,64,58,0.9062,4.0,16,4096,256,1024,952,155.071,165.535,118.174,-3.5261
mixed,64,58,0.9062,4.0,16,4096,512,2048,1904,166.944,168.449,163.297,-2.4233
mixed,64,58,0.9062,4.0,16,4096,1024,4096,3808,248.67,259.904,248.224,-0.0397
mixed,64,58,0.9062,4.0,16,4096,2048,8192,7616,412.575,442.143,420.705,0.275
mixed,64,58,0.9062,4.0,16,4096,4096,16384,15232,748.733,802.687,771.23,0.417
mixed,64,58,0.9062,4.0,16,8192,128,512,476,112.288,117.856,120.159,1.4136
mixed,64,58,0.9062,4.0,16,8192,256,1024,952,155.935,167.871,136.288,-1.646
mixed,64,58,0.9062,4.0,16,8192,512,2048,1904,235.358,251.359,165.503,-4.3657
mixed,64,58,0.9062,4.0,16,8192,1024,4096,3808,258.56,262.368,250.144,-2.2101
mixed,64,58,0.9062,4.0,16,8192,2048,8192,7616,428.095,443.2,427.071,-0.0678
mixed,64,58,0.9062,4.0,16,8192,4096,16384,15232,749.566,800.254,766.974,0.3434
mixed,64,58,0.9062,4.0,32,0,128,512,476,67.007,82.497,79.549,0.8097
mixed,64,58,0.9062,4.0,32,0,256,1024,952,107.615,113.568,110.37,0.4628
mixed,64,58,0.9062,4.0,32,0,512,2048,1904,155.2,162.367,155.264,0.0089
mixed,64,58,0.9062,4.0,32,0,1024,4096,3808,238.976,259.776,244.351,0.2584
mixed,64,58,0.9062,4.0,32,0,2048,8192,7616,410.431,438.368,417.119,0.2394
mixed,64,58,0.9062,4.0,32,0,4096,16384,15232,744.607,800.318,758.688,0.2528
mixed,64,58,0.9062,4.0,32,512,128,512,476,80.735,82.912,81.025,0.1332
mixed,64,58,0.9062,4.0,32,512,256,1024,952,108.415,115.456,111.039,0.3727
mixed,64,58,0.9062,4.0,32,512,512,2048,1904,156.767,164.704,156.607,-0.0202
mixed,64,58,0.9062,4.0,32,512,1024,4096,3808,242.08,257.088,241.567,-0.0342
mixed,64,58,0.9062,4.0,32,512,2048,8192,7616,406.368,434.976,417.47,0.3881
mixed,64,58,0.9062,4.0,32,512,4096,16384,15232,747.231,807.582,767.007,0.3277
mixed,64,58,0.9062,4.0,32,1024,128,512,476,106.816,115.168,92.03,-1.7704
mixed,64,58,0.9062,4.0,32,1024,256,1024,952,109.088,115.135,110.495,0.2327
mixed,64,58,0.9062,4.0,32,1024,512,2048,1904,156.032,163.776,161.087,0.6528
mixed,64,58,0.9062,4.0,32,1024,1024,4096,3808,238.623,256.799,246.142,0.4137
mixed,64,58,0.9062,4.0,32,1024,2048,8192,7616,410.272,440.957,420.288,0.3264
mixed,64,58,0.9062,4.0,32,1024,4096,16384,15232,747.263,806.27,762.462,0.2576
mixed,64,58,0.9062,4.0,32,2048,128,512,476,105.887,115.744,98.303,-0.7694
mixed,64,58,0.9062,4.0,32,2048,256,1024,952,152.638,164.896,113.248,-3.2134
mixed,64,58,0.9062,4.0,32,2048,512,2048,1904,158.559,164.96,160.863,0.3599
mixed,64,58,0.9062,4.0,32,2048,1024,4096,3808,242.368,258.366,246.591,0.264
mixed,64,58,0.9062,4.0,32,2048,2048,8192,7616,411.231,435.552,420.544,0.3829
mixed,64,58,0.9062,4.0,32,2048,4096,16384,15232,749.376,804.989,760.446,0.1991
mixed,64,58,0.9062,4.0,32,4096,128,512,476,108.865,118.366,114.496,0.5927
mixed,64,58,0.9062,4.0,32,4096,256,1024,952,151.872,163.744,131.392,-1.7251
mixed,64,58,0.9062,4.0,32,4096,512,2048,1904,230.976,249.952,162.206,-3.6241
mixed,64,58,0.9062,4.0,32,4096,1024,4096,3808,247.807,258.592,246.88,-0.086
mixed,64,58,0.9062,4.0,32,4096,2048,8192,7616,410.366,441.15,420.382,0.3254
mixed,64,58,0.9062,4.0,32,4096,4096,16384,15232,751.071,806.078,767.358,0.2961
mixed,64,58,0.9062,4.0,32,8192,128,512,476,108.415,116.193,115.168,0.8682
mixed,64,58,0.9062,4.0,32,8192,256,1024,952,153.6,164.543,162.56,0.8188
mixed,64,58,0.9062,4.0,32,8192,512,2048,1904,231.84,247.744,187.871,-2.7647
mixed,64,58,0.9062,4.0,32,8192,1024,4096,3808,387.104,415.808,252.321,-4.6956
mixed,64,58,0.9062,4.0,32,8192,2048,8192,7616,426.045,443.422,421.535,-0.2595
mixed,64,58,0.9062,4.0,32,8192,4096,16384,15232,751.583,803.36,769.214,0.3405
mixed,64,58,0.9062,4.0,64,0,128,512,476,83.263,95.39,80.256,-0.248
mixed,64,58,0.9062,4.0,64,0,256,1024,952,124.064,127.326,108.832,-4.6695
mixed,64,58,0.9062,4.0,64,0,512,2048,1904,167.712,177.534,162.751,-0.5051
mixed,64,58,0.9062,4.0,64,0,1024,4096,3808,248.703,266.785,247.872,-0.046
mixed,64,58,0.9062,4.0,64,0,2048,8192,7616,417.343,443.998,421.311,0.1489
mixed,64,58,0.9062,4.0,64,0,4096,16384,15232,749.629,795.071,768.222,0.4092
mixed,64,58,0.9062,4.0,64,512,128,512,476,107.711,112.352,86.369,-4.5986
mixed,64,58,0.9062,4.0,64,512,256,1024,952,143.55,146.912,109.953,-9.9932
mixed,64,58,0.9062,4.0,64,512,512,2048,1904,190.976,197.695,159.807,-4.6389
mixed,64,58,0.9062,4.0,64,512,1024,4096,3808,273.342,287.455,249.025,-1.723
mixed,64,58,0.9062,4.0,64,512,2048,8192,7616,438.141,469.758,419.359,-0.594
mixed,64,58,0.9062,4.0,64,512,4096,16384,15232,761.405,828.286,766.206,0.0718
mixed,64,58,0.9062,4.0,64,1024,128,512,476,106.816,114.847,100.192,-0.8248
mixed,64,58,0.9062,4.0,64,1024,256,1024,952,150.049,160.512,111.52,-3.6824
mixed,64,58,0.9062,4.0,64,1024,512,2048,1904,207.581,219.167,161.343,-3.9909
mixed,64,58,0.9062,4.0,64,1024,1024,4096,3808,295.009,311.52,247.263,-2.8918
mixed,64,58,0.9062,4.0,64,1024,2048,8192,7616,459.744,490.751,420.641,-1.2611
mixed,64,58,0.9062,4.0,64,1024,4096,16384,15232,791.709,840.126,763.328,-0.5862
mixed,64,58,0.9062,4.0,64,2048,128,512,476,106.625,115.043,113.951,0.8703
mixed,64,58,0.9062,4.0,64,2048,256,1024,952,152.735,161.087,134.24,-2.2144
mixed,64,58,0.9062,4.0,64,2048,512,2048,1904,228.8,246.145,160.959,-3.9113
mixed,64,58,0.9062,4.0,64,2048,1024,4096,3808,327.838,348.512,249.535,-3.7875
mixed,64,58,0.9062,4.0,64,2048,2048,8192,7616,499.392,522.559,420.959,-3.3855
mixed,64,58,0.9062,4.0,64,2048,4096,16384,15232,831.68,875.136,769.407,-1.433
mixed,64,58,0.9062,4.0,64,4096,128,512,476,108.126,114.561,116.288,1.2684
mixed,64,58,0.9062,4.0,64,4096,256,1024,952,151.903,161.568,159.777,0.8147
mixed,64,58,0.9062,4.0,64,4096,512,2048,1904,227.392,245.504,186.879,-2.2368
mixed,64,58,0.9062,4.0,64,4096,1024,4096,3808,385.823,414.464,248.545,-4.7931
mixed,64,58,0.9062,4.0,64,4096,2048,8192,7616,573.791,599.072,421.373,-6.029
mixed,64,58,0.9062,4.0,64,4096,4096,16384,15232,908.095,961.439,771.36,-2.5633
mixed,64,58,0.9062,4.0,64,8192,128,512,476,107.072,116.065,115.135,0.8966
mixed,64,58,0.9062,4.0,64,8192,256,1024,952,149.564,159.841,158.016,0.8224
mixed,64,58,0.9062,4.0,64,8192,512,2048,1904,224.221,244.255,244.159,0.9952
mixed,64,58,0.9062,4.0,64,8192,1024,4096,3808,381.983,411.905,291.616,-3.0201
mixed,64,58,0.9062,4.0,64,8192,2048,8192,7616,686.56,735.905,423.23,-5.3365
mixed,64,58,0.9062,4.0,64,8192,4096,16384,15232,1052.896,1101.982,769.566,-5.7721
mixed,64,58,0.9062,4.0,128,0,128,512,476,80.285,94.785,84.864,0.3158
mixed,64,58,0.9062,4.0,128,0,256,1024,952,120.99,127.454,111.072,-1.5343
mixed,64,58,0.9062,4.0,128,0,512,2048,1904,170.432,177.281,158.144,-1.7941
mixed,64,58,0.9062,4.0,128,0,1024,4096,3808,251.296,266.367,250.4,-0.0595
mixed,64,58,0.9062,4.0,128,0,2048,8192,7616,424.063,448.51,420.446,-0.148
mixed,64,58,0.9062,4.0,128,0,4096,16384,15232,756.735,804.382,758.88,0.045
mixed,64,58,0.9062,4.0,128,512,128,512,476,104.544,112.446,100.352,-0.5305
mixed,64,58,0.9062,4.0,128,512,256,1024,952,140.063,145.632,114.143,-4.6543
mixed,64,58,0.9062,4.0,128,512,512,2048,1904,185.823,197.407,161.728,-2.08
mixed,64,58,0.9062,4.0,128,512,1024,4096,3808,274.943,288.351,250.431,-1.8282
mixed,64,58,0.9062,4.0,128,512,2048,8192,7616,440.894,464.032,418.622,-0.9626
mixed,64,58,0.9062,4.0,128,512,4096,16384,15232,768.893,821.181,762.751,-0.1175
mixed,64,58,0.9062,4.0,128,1024,128,512,476,108.383,115.935,115.84,0.9874
mixed,64,58,0.9062,4.0,128,1024,256,1024,952,148.864,157.408,130.496,-2.1498
mixed,64,58,0.9062,4.0,128,1024,512,2048,1904,201.761,214.624,159.68,-3.2715
mixed,64,58,0.9062,4.0,128,1024,1024,4096,3808,289.152,305.696,249.185,-2.4158
mixed,64,58,0.9062,4.0,128,1024,2048,8192,7616,456.926,486.943,417.023,-1.3293
mixed,64,58,0.9062,4.0,128,1024,4096,16384,15232,783.903,838.269,761.662,-0.4091
mixed,64,58,0.9062,4.0,128,2048,128,512,476,107.808,116.158,115.807,0.958
mixed,64,58,0.9062,4.0,128,2048,256,1024,952,152.543,161.888,161.024,0.9075
mixed,64,58,0.9062,4.0,128,2048,512,2048,1904,226.945,241.758,183.04,-2.964
mixed,64,58,0.9062,4.0,128,2048,1024,4096,3808,329.185,341.375,250.144,-6.4841
mixed,64,58,0.9062,4.0,128,2048,2048,8192,7616,489.057,520.414,426.175,-2.0054
mixed,64,58,0.9062,4.0,128,2048,4096,16384,15232,823.295,869.373,761.76,-1.3355
mixed,64,58,0.9062,4.0,128,4096,128,512,476,109.572,117.312,115.552,0.7726
mixed,64,58,0.9062,4.0,128,4096,256,1024,952,148.894,159.808,159.2,0.9443
mixed,64,58,0.9062,4.0,128,4096,512,2048,1904,223.295,242.24,241.599,0.9662
mixed,64,58,0.9062,4.0,128,4096,1024,4096,3808,378.656,408.799,287.006,-3.0405
mixed,64,58,0.9062,4.0,128,4096,2048,8192,7616,562.014,591.229,425.056,-4.6879
mixed,64,58,0.9062,4.0,128,4096,4096,16384,15232,897.984,947.839,766.687,-2.6336
mixed,64,58,0.9062,4.0,128,8192,128,512,476,137.31,151.358,150.275,0.9229
mixed,64,58,0.9062,4.0,128,8192,256,1024,952,148.384,158.784,158.304,0.9538
mixed,64,58,0.9062,4.0,128,8192,512,2048,1904,222.238,238.845,237.31,0.9076
mixed,64,58,0.9062,4.0,128,8192,1024,4096,3808,373.246,402.719,401.599,0.962
mixed,64,58,0.9062,4.0,128,8192,2048,8192,7616,674.943,725.472,493.6,-3.5889
mixed,64,58,0.9062,4.0,128,8192,4096,16384,15232,1039.965,1088.318,765.504,-5.6762
mixed,64,58,0.9062,4.0,256,0,128,512,476,82.08,97.471,95.648,0.8816
mixed,64,58,0.9062,4.0,256,0,256,1024,952,122.4,131.072,125.088,0.31
mixed,64,58,0.9062,4.0,256,0,512,2048,1904,172.607,179.008,170.496,-0.3298
mixed,64,58,0.9062,4.0,256,0,1024,4096,3808,252.802,267.935,262.783,0.6596
mixed,64,58,0.9062,4.0,256,0,2048,8192,7616,423.903,452.959,430.177,0.2159
mixed,64,58,0.9062,4.0,256,0,4096,16384,15232,755.26,811.26,780.255,0.4463
mixed,64,58,0.9062,4.0,256,512,128,512,476,105.088,112.257,111.552,0.9017
mixed,64,58,0.9062,4.0,256,512,256,1024,952,138.207,145.28,143.871,0.8008
mixed,64,58,0.9062,4.0,256,512,512,2048,1904,180.224,190.913,187.648,0.6945
mixed,64,58,0.9062,4.0,256,512,1024,4096,3808,271.295,282.463,277.566,0.5615
mixed,64,58,0.9062,4.0,256,512,2048,8192,7616,437.152,469.566,448.031,0.3356
mixed,64,58,0.9062,4.0,256,512,4096,16384,15232,773.341,828.351,796.702,0.4247
mixed,64,58,0.9062,4.0,256,1024,128,512,476,114.944,117.343,118.144,1.3339
mixed,64,58,0.9062,4.0,256,1024,256,1024,952,147.938,156.927,155.712,0.8648
mixed,64,58,0.9062,4.0,256,1024,512,2048,1904,199.359,206.72,205.889,0.8871
mixed,64,58,0.9062,4.0,256,1024,1024,4096,3808,287.423,301.215,293.472,0.4386
mixed,64,58,0.9062,4.0,256,1024,2048,8192,7616,453.055,482.111,466.753,0.4714
mixed,64,58,0.9062,4.0,256,1024,4096,16384,15232,784.639,838.59,806.271,0.401
mixed,64,58,0.9062,4.0,256,2048,128,512,476,109.822,120.735,118.494,0.7946
mixed,64,58,0.9062,4.0,256,2048,256,1024,952,155.136,161.887,160.19,0.7486
mixed,64,58,0.9062,4.0,256,2048,512,2048,1904,219.967,238.048,237.92,0.9929
mixed,64,58,0.9062,4.0,256,2048,1024,4096,3808,321.856,337.857,330.592,0.546
mixed,64,58,0.9062,4.0,256,2048,2048,8192,7616,484.319,511.581,501.505,0.6304
mixed,64,58,0.9062,4.0,256,2048,4096,16384,15232,814.11,870.557,835.743,0.3832
mixed,64,58,0.9062,4.0,256,4096,128,512,476,146.272,149.952,149.12,0.7739
mixed,64,58,0.9062,4.0,256,4096,256,1024,952,151.04,162.336,160.991,0.8809
mixed,64,58,0.9062,4.0,256,4096,512,2048,1904,226.494,243.521,239.295,0.7518
mixed,64,58,0.9062,4.0,256,4096,1024,4096,3808,371.838,399.134,396.318,0.8968
mixed,64,58,0.9062,4.0,256,4096,2048,8192,7616,549.854,579.424,575.934,0.882
mixed,64,58,0.9062,4.0,256,4096,4096,16384,15232,882.27,942.303,910.464,0.4696
mixed,64,58,0.9062,4.0,256,8192,128,512,476,169.214,186.495,183.904,0.8501
mixed,64,58,0.9062,4.0,256,8192,256,1024,952,220.319,222.144,219.936,-0.2099
mixed,64,58,0.9062,4.0,256,8192,512,2048,1904,226.655,239.135,241.665,1.2027
mixed,64,58,0.9062,4.0,256,8192,1024,4096,3808,374.498,402.142,401.695,0.9838
mixed,64,58,0.9062,4.0,256,8192,2048,8192,7616,666.208,715.647,713.022,0.9469
mixed,64,58,0.9062,4.0,256,8192,4096,16384,15232,1021.598,1073.727,1060.734,0.7508
mixed,64,58,0.9062,4.0,512,0,128,512,476,92.064,110.175,107.327,0.8427
mixed,64,58,0.9062,4.0,512,0,256,1024,952,134.817,141.823,134.784,-0.0047
mixed,64,58,0.9062,4.0,512,0,512,2048,1904,179.647,188.992,184.257,0.4933
mixed,64,58,0.9062,4.0,512,0,1024,4096,3808,269.312,280.735,271.68,0.2073
mixed,64,58,0.9062,4.0,512,0,2048,8192,7616,432.959,464.032,446.337,0.4305
mixed,64,58,0.9062,4.0,512,0,4096,16384,15232,769.791,821.565,790.494,0.3999
mixed,64,58,0.9062,4.0,512,512,128,512,476,109.502,119.234,117.215,0.7925
mixed,64,58,0.9062,4.0,512,512,256,1024,952,149.632,152.736,147.968,-0.5361
mixed,64,58,0.9062,4.0,512,512,512,2048,1904,192.769,203.548,194.817,0.19
mixed,64,58,0.9062,4.0,512,512,1024,4096,3808,279.104,292.576,286.527,0.551
mixed,64,58,0.9062,4.0,512,512,2048,8192,7616,448.224,474.048,459.326,0.4299
mixed,64,58,0.9062,4.0,512,512,4096,16384,15232,779.644,835.582,801.375,0.3885
mixed,64,58,0.9062,4.0,512,1024,128,512,476,136.959,118.336,116.961,
mixed,64,58,0.9062,4.0,512,1024,256,1024,952,152.734,161.216,160.542,0.9205
mixed,64,58,0.9062,4.0,512,1024,512,2048,1904,206.656,215.84,209.855,0.3483
mixed,64,58,0.9062,4.0,512,1024,1024,4096,3808,296.352,310.978,302.24,0.4026
mixed,64,58,0.9062,4.0,512,1024,2048,8192,7616,465.214,494.336,475.613,0.3571
mixed,64,58,0.9062,4.0,512,1024,4096,16384,15232,794.368,844.16,814.879,0.4119
mixed,64,58,0.9062,4.0,512,2048,128,512,476,156.096,160.576,157.407,0.2926
mixed,64,58,0.9062,4.0,512,2048,256,1024,952,155.071,162.432,159.265,0.5698
mixed,64,58,0.9062,4.0,512,2048,512,2048,1904,223.967,240.544,239.553,0.9402
mixed,64,58,0.9062,4.0,512,2048,1024,4096,3808,330.015,343.424,340.097,0.7519
mixed,64,58,0.9062,4.0,512,2048,2048,8192,7616,495.518,521.79,508.99,0.5128
mixed,64,58,0.9062,4.0,512,2048,4096,16384,15232,826.234,878.62,848.415,0.4234
mixed,64,58,0.9062,4.0,512,4096,128,512,476,191.967,199.487,196.576,0.6129
mixed,64,58,0.9062,4.0,512,4096,256,1024,952,225.023,228.608,227.36,0.6519
mixed,64,58,0.9062,4.0,512,4096,512,2048,1904,234.431,240.768,237.312,0.4546
mixed,64,58,0.9062,4.0,512,4096,1024,4096,3808,378.432,405.375,402.815,0.905
mixed,64,58,0.9062,4.0,512,4096,2048,8192,7616,561.822,586.622,582.079,0.8168
mixed,64,58,0.9062,4.0,512,4096,4096,16384,15232,893.823,942.974,922.304,0.5795
mixed,64,58,0.9062,4.0,512,8192,128,512,476,270.209,276.801,274.113,0.5922
mixed,64,58,0.9062,4.0,512,8192,256,1024,952,298.848,305.823,301.503,0.3806
mixed,64,58,0.9062,4.0,512,8192,512,2048,1904,344.671,355.711,348.448,0.3421
mixed,64,58,0.9062,4.0,512,8192,1024,4096,3808,401.887,407.327,403.743,0.3412
mixed,64,58,0.9062,4.0,512,8192,2048,8192,7616,668.833,717.855,713.149,0.904
mixed,64,58,0.9062,4.0,512,8192,4096,16384,15232,1032.573,1082.332,1068.99,0.7319
mixed,64,58,0.9062,4.0,1024,0,128,512,476,112.863,121.342,112.959,0.0113
mixed,64,58,0.9062,4.0,1024,0,256,1024,952,141.152,144.673,138.848,-0.6544
mixed,64,58,0.9062,4.0,1024,0,512,2048,1904,185.728,195.362,188.574,0.2954
mixed,64,58,0.9062,4.0,1024,0,1024,4096,3808,273.024,286.528,278.558,0.4098
mixed,64,58,0.9062,4.0,1024,0,2048,8192,7616,436.606,462.656,443.711,0.2727
mixed,64,58,0.9062,4.0,1024,0,4096,16384,15232,765.791,818.525,786.011,0.3834
mixed,64,58,0.9062,4.0,1024,512,128,512,476,131.296,138.177,131.487,0.0278
mixed,64,58,0.9062,4.0,1024,512,256,1024,952,158.687,161.791,156.704,-0.6389
mixed,64,58,0.9062,4.0,1024,512,512,2048,1904,201.569,212.384,205.376,0.352
mixed,64,58,0.9062,4.0,1024,512,1024,4096,3808,287.871,302.463,295.425,0.5177
mixed,64,58,0.9062,4.0,1024,512,2048,8192,7616,449.407,476.383,462.689,0.4924
mixed,64,58,0.9062,4.0,1024,512,4096,16384,15232,782.558,833.503,803.711,0.4152
mixed,64,58,0.9062,4.0,1024,1024,128,512,476,149.185,153.825,148.543,-0.1384
mixed,64,58,0.9062,4.0,1024,1024,256,1024,952,177.791,180.576,175.009,-0.9989
mixed,64,58,0.9062,4.0,1024,1024,512,2048,1904,220.225,230.654,222.175,0.187
mixed,64,58,0.9062,4.0,1024,1024,1024,4096,3808,309.473,318.849,311.359,0.2012
mixed,64,58,0.9062,4.0,1024,1024,2048,8192,7616,468.893,495.551,477.185,0.3111
mixed,64,58,0.9062,4.0,1024,1024,4096,16384,15232,799.101,858.016,813.47,0.2439
mixed,64,58,0.9062,4.0,1024,2048,128,512,476,185.888,187.199,185.856,-0.0244
mixed,64,58,0.9062,4.0,1024,2048,256,1024,952,211.424,215.328,210.4,-0.2623
mixed,64,58,0.9062,4.0,1024,2048,512,2048,1904,256.8,265.407,260.448,0.4238
mixed,64,58,0.9062,4.0,1024,2048,1024,4096,3808,343.777,353.598,344.19,0.0421
mixed,64,58,0.9062,4.0,1024,2048,2048,8192,7616,505.022,532.672,511.775,0.2442
mixed,64,58,0.9062,4.0,1024,2048,4096,16384,15232,832.193,886.111,839.743,0.14
mixed,64,58,0.9062,4.0,1024,4096,128,512,476,256.801,261.279,253.662,-0.701
mixed,64,58,0.9062,4.0,1024,4096,256,1024,952,280.446,287.232,281.278,0.1226
mixed,64,58,0.9062,4.0,1024,4096,512,2048,1904,329.215,337.183,327.201,-0.2528
mixed,64,58,0.9062,4.0,1024,4096,1024,4096,3808,410.143,423.743,412.224,0.153
mixed,64,58,0.9062,4.0,1024,4096,2048,8192,7616,572.286,600.896,579.23,0.2427
mixed,64,58,0.9062,4.0,1024,4096,4096,16384,15232,902.365,956.447,906.367,0.074
mixed,64,58,0.9062,4.0,1024,8192,128,512,476,401.215,405.472,401.248,0.0078
mixed,64,58,0.9062,4.0,1024,8192,256,1024,952,427.263,435.901,427.1,-0.0189
mixed,64,58,0.9062,4.0,1024,8192,512,2048,1904,468.384,480.35,473.055,0.3904
mixed,64,58,0.9062,4.0,1024,8192,1024,4096,3808,553.823,567.359,556.318,0.1843
mixed,64,58,0.9062,4.0,1024,8192,2048,8192,7616,716.896,743.839,720.543,0.1354
mixed,64,58,0.9062,4.0,1024,8192,4096,16384,15232,1046.302,1101.663,1063.997,0.3196
mixed,64,58,0.9062,4.0,2048,0,128,512,476,186.016,189.183,185.696,-0.101
mixed,64,58,0.9062,4.0,2048,0,256,1024,952,215.296,217.152,214.687,-0.3281
mixed,64,58,0.9062,4.0,2048,0,512,2048,1904,261.6,270.209,263.584,0.2305
mixed,64,58,0.9062,4.0,2048,0,1024,4096,3808,350.784,363.873,349.598,-0.0906
mixed,64,58,0.9062,4.0,2048,0,2048,8192,7616,512.607,537.312,516.35,0.1515
mixed,64,58,0.9062,4.0,2048,0,4096,16384,15232,846.655,896.094,847.008,0.0071
mixed,64,58,0.9062,4.0,2048,512,128,512,476,220.831,223.01,221.631,0.3671
mixed,64,58,0.9062,4.0,2048,512,256,1024,952,247.393,252.384,249.918,0.5059
mixed,64,58,0.9062,4.0,2048,512,512,2048,1904,298.335,303.838,297.885,-0.0818
mixed,64,58,0.9062,4.0,2048,512,1024,4096,3808,383.521,395.967,387.519,0.3212
mixed,64,58,0.9062,4.0,2048,512,2048,8192,7616,547.933,571.87,553.92,0.2501
mixed,64,58,0.9062,4.0,2048,512,4096,16384,15232,880.96,932.35,883.262,0.0448
mixed,64,58,0.9062,4.0,2048,1024,128,512,476,255.425,260.32,257.761,0.4772
mixed,64,58,0.9062,4.0,2048,1024,256,1024,952,284.288,287.584,284.736,0.1359
mixed,64,58,0.9062,4.0,2048,1024,512,2048,1904,332.255,340.096,335.359,0.3959
mixed,64,58,0.9062,4.0,2048,1024,1024,4096,3808,415.775,430.878,419.934,0.2754
mixed,64,58,0.9062,4.0,2048,1024,2048,8192,7616,582.815,608.159,585.472,0.1048
mixed,64,58,0.9062,4.0,2048,1024,4096,16384,15232,914.464,968.32,922.047,0.1408
mixed,64,58,0.9062,4.0,2048,2048,128,512,476,329.984,332.384,331.424,0.6
mixed,64,58,0.9062,4.0,2048,2048,256,1024,952,359.392,363.361,357.888,-0.3789
mixed,64,58,0.9062,4.0,2048,2048,512,2048,1904,402.4,413.47,403.903,0.1358
mixed,64,58,0.9062,4.0,2048,2048,1024,4096,3808,485.663,502.687,492.864,0.423
mixed,64,58,0.9062,4.0,2048,2048,2048,8192,7616,650.782,679.133,658.433,0.2699
mixed,64,58,0.9062,4.0,2048,2048,4096,16384,15232,987.486,1036.803,999.582,0.2453
mixed,64,58,0.9062,4.0,2048,4096,128,512,476,478.367,482.4,479.2,0.2065
mixed,64,58,0.9062,4.0,2048,4096,256,1024,952,502.975,509.02,504.065,0.1803
mixed,64,58,0.9062,4.0,2048,4096,512,2048,1904,546.081,557.087,552.095,0.5464
mixed,64,58,0.9062,4.0,2048,4096,1024,4096,3808,634.111,641.151,636.288,0.3092
mixed,64,58,0.9062,4.0,2048,4096,2048,8192,7616,793.983,822.111,800.093,0.2172
mixed,64,58,0.9062,4.0,2048,4096,4096,16384,15232,1124.253,1179.23,1136.127,0.216
mixed,64,58,0.9062,4.0,2048,8192,128,512,476,764.797,768.416,764.542,-0.0705
mixed,64,58,0.9062,4.0,2048,8192,256,1024,952,785.247,788.448,785.951,0.2199
mixed,64,58,0.9062,4.0,2048,8192,512,2048,1904,819.037,835.902,829.537,0.6226
mixed,64,58,0.9062,4.0,2048,8192,1024,4096,3808,904.029,916.129,908.863,0.3995
mixed,64,58,0.9062,4.0,2048,8192,2048,8192,7616,1066.27,1094.271,1070.364,0.1462
mixed,64,58,0.9062,4.0,2048,8192,4096,16384,15232,1398.078,1448.318,1404.766,0.1331
pure,128,1,0.0078,4.0,0,0,128,512,131,63.934,117.697,76.159,0.2274
pure,128,1,0.0078,4.0,0,0,256,1024,262,78.368,167.935,90.463,0.135
pure,128,1,0.0078,4.0,0,0,512,2048,524,118.304,252.639,120.0,0.0126
pure,128,1,0.0078,4.0,0,0,1024,4096,1048,166.464,430.143,168.098,0.0062
pure,128,1,0.0078,4.0,0,0,2048,8192,2096,257.152,785.919,258.24,0.0021
pure,128,1,0.0078,4.0,0,0,4096,16384,4192,435.104,1491.614,441.151,0.0057
mixed,128,1,0.0078,4.0,16,0,128,512,131,72.031,120.16,81.342,0.1935
mixed,128,1,0.0078,4.0,16,0,256,1024,262,84.192,175.36,93.663,0.1039
mixed,128,1,0.0078,4.0,16,0,512,2048,524,121.472,266.559,126.88,0.0373
mixed,128,1,0.0078,4.0,16,0,1024,4096,1048,176.958,448.414,178.335,0.0051
mixed,128,1,0.0078,4.0,16,0,2048,8192,2096,270.144,804.158,272.702,0.0048
mixed,128,1,0.0078,4.0,16,0,4096,16384,4192,448.799,1519.199,456.8,0.0075
mixed,128,1,0.0078,4.0,16,512,128,512,131,81.984,121.952,82.399,0.0104
mixed,128,1,0.0078,4.0,16,512,256,1024,262,95.2,173.023,98.812,0.0464
mixed,128,1,0.0078,4.0,16,512,512,2048,524,124.542,264.864,125.312,0.0055
mixed,128,1,0.0078,4.0,16,512,1024,4096,1048,177.119,448.032,174.367,-0.0102
mixed,128,1,0.0078,4.0,16,512,2048,8192,2096,266.592,805.405,269.215,0.0049
mixed,128,1,0.0078,4.0,16,512,4096,16384,4192,450.401,1519.614,457.663,0.0068
mixed,128,1,0.0078,4.0,16,1024,128,512,131,82.912,127.232,98.655,0.3552
mixed,128,1,0.0078,4.0,16,1024,256,1024,262,94.046,175.744,107.839,0.1688
mixed,128,1,0.0078,4.0,16,1024,512,2048,524,125.376,269.409,143.105,0.1231
mixed,128,1,0.0078,4.0,16,1024,1024,4096,1048,175.294,444.258,176.095,0.003
mixed,128,1,0.0078,4.0,16,1024,2048,8192,2096,268.319,807.357,269.824,0.0028
mixed,128,1,0.0078,4.0,16,1024,4096,16384,4192,448.288,1522.461,457.407,0.0085
mixed,128,1,0.0078,4.0,16,2048,128,512,131,100.671,125.28,101.569,0.0365
mixed,128,1,0.0078,4.0,16,2048,256,1024,262,113.824,178.176,115.042,0.0189
mixed,128,1,0.0078,4.0,16,2048,512,2048,524,126.56,264.032,146.241,0.1432
mixed,128,1,0.0078,4.0,16,2048,1024,4096,1048,174.047,452.64,212.289,0.1373
mixed,128,1,0.0078,4.0,16,2048,2048,8192,2096,271.071,809.214,269.79,-0.0024
mixed,128,1,0.0078,4.0,16,2048,4096,16384,4192,451.457,1523.069,456.926,0.0051
mixed,128,1,0.0078,4.0,16,4096,128,512,131,102.495,158.944,102.847,0.0062
mixed,128,1,0.0078,4.0,16,4096,256,1024,262,120.895,175.423,120.8,-0.0017
mixed,128,1,0.0078,4.0,16,4096,512,2048,524,160.732,269.152,163.457,0.0251
mixed,128,1,0.0078,4.0,16,4096,1024,4096,1048,174.56,448.417,215.488,0.1495
mixed,128,1,0.0078,4.0,16,4096,2048,8192,2096,269.856,808.096,348.705,0.1465
mixed,128,1,0.0078,4.0,16,4096,4096,16384,4192,449.311,1523.165,460.863,0.0108
mixed,128,1,0.0078,4.0,16,8192,128,512,131,105.247,162.944,105.824,0.01
mixed,128,1,0.0078,4.0,16,8192,256,1024,262,119.104,221.054,121.055,0.0191
mixed,128,1,0.0078,4.0,16,8192,512,2048,524,162.272,272.894,160.992,-0.0116
mixed,128,1,0.0078,4.0,16,8192,1024,4096,1048,217.6,452.608,222.302,0.02
mixed,128,1,0.0078,4.0,16,8192,2048,8192,2096,272.895,813.599,349.983,0.1426
mixed,128,1,0.0078,4.0,16,8192,4096,16384,4192,457.341,1526.43,606.912,0.1399
mixed,128,1,0.0078,4.0,32,0,128,512,131,70.399,119.457,79.969,0.1951
mixed,128,1,0.0078,4.0,32,0,256,1024,262,82.558,174.176,99.937,0.1897
mixed,128,1,0.0078,4.0,32,0,512,2048,524,124.416,267.935,140.608,0.1128
mixed,128,1,0.0078,4.0,32,0,1024,4096,1048,172.512,449.375,183.553,0.0399
mixed,128,1,0.0078,4.0,32,0,2048,8192,2096,273.664,812.287,275.584,0.0036
mixed,128,1,0.0078,4.0,32,0,4096,16384,4192,451.392,1525.758,462.974,0.0108
mixed,128,1,0.0078,4.0,32,512,128,512,131,82.048,126.176,95.616,0.3075
mixed,128,1,0.0078,4.0,32,512,256,1024,262,95.936,173.12,106.048,0.131
mixed,128,1,0.0078,4.0,32,512,512,2048,524,125.184,261.759,139.455,0.1045
mixed,128,1,0.0078,4.0,32,512,1024,4096,1048,176.831,449.085,208.545,0.1165
mixed,128,1,0.0078,4.0,32,512,2048,8192,2096,271.009,805.375,305.278,0.0641
mixed,128,1,0.0078,4.0,32,512,4096,16384,4192,456.223,1524.095,480.095,0.0224
mixed,128,1,0.0078,4.0,32,1024,128,512,131,100.447,124.577,100.447,0.0
mixed,128,1,0.0078,4.0,32,1024,256,1024,262,109.378,176.512,118.752,0.1396
mixed,128,1,0.0078,4.0,32,1024,512,2048,524,127.648,266.431,144.768,0.1234
mixed,128,1,0.0078,4.0,32,1024,1024,4096,1048,178.078,451.616,211.969,0.1239
mixed,128,1,0.0078,4.0,32,1024,2048,8192,2096,269.438,807.038,325.921,0.1051
mixed,128,1,0.0078,4.0,32,1024,4096,16384,4192,452.574,1521.758,505.727,0.0497
mixed,128,1,0.0078,4.0,32,2048,128,512,131,101.92,148.735,100.607,-0.028
mixed,128,1,0.0078,4.0,32,2048,256,1024,262,119.264,177.41,117.152,-0.0363
mixed,128,1,0.0078,4.0,32,2048,512,2048,524,149.312,266.657,154.304,0.0425
mixed,128,1,0.0078,4.0,32,2048,1024,4096,1048,175.967,452.481,211.905,0.13
mixed,128,1,0.0078,4.0,32,2048,2048,8192,2096,274.945,810.619,345.6,0.1319
mixed,128,1,0.0078,4.0,32,2048,4096,16384,4192,450.24,1519.293,547.136,0.0906
mixed,128,1,0.0078,4.0,32,4096,128,512,131,107.36,160.417,106.431,-0.0175
mixed,128,1,0.0078,4.0,32,4096,256,1024,262,120.768,213.92,120.512,-0.0027
mixed,128,1,0.0078,4.0,32,4096,512,2048,524,160.192,268.927,159.68,-0.0047
mixed,128,1,0.0078,4.0,32,4096,1024,4096,1048,218.175,451.775,219.328,0.0049
mixed,128,1,0.0078,4.0,32,4096,2048,8192,2096,272.383,808.736,345.024,0.1354
mixed,128,1,0.0078,4.0,32,4096,4096,16384,4192,451.294,1528.861,605.695,0.1433
mixed,128,1,0.0078,4.0,32,8192,128,512,131,102.624,158.527,103.776,0.0206
mixed,128,1,0.0078,4.0,32,8192,256,1024,262,121.789,220.639,122.881,0.011
mixed,128,1,0.0078,4.0,32,8192,512,2048,524,158.431,346.112,158.335,-0.0005
mixed,128,1,0.0078,4.0,32,8192,1024,4096,1048,222.913,456.512,222.111,-0.0034
mixed,128,1,0.0078,4.0,32,8192,2048,8192,2096,347.712,810.432,347.296,-0.0009
mixed,128,1,0.0078,4.0,32,8192,4096,16384,4192,453.536,1528.06,597.792,0.1343
mixed,128,1,0.0078,4.0,64,0,128,512,131,69.95,124.064,93.764,0.4401
mixed,128,1,0.0078,4.0,64,0,256,1024,262,84.288,171.969,112.16,0.3179
mixed,128,1,0.0078,4.0,64,0,512,2048,524,123.008,267.137,142.559,0.1356
mixed,128,1,0.0078,4.0,64,0,1024,4096,1048,172.575,451.486,185.887,0.0477
mixed,128,1,0.0078,4.0,64,0,2048,8192,2096,271.231,806.941,277.024,0.0108
mixed,128,1,0.0078,4.0,64,0,4096,16384,4192,451.326,1523.004,460.575,0.0086
mixed,128,1,0.0078,4.0,64,512,128,512,131,95.742,123.903,95.073,-0.0238
mixed,128,1,0.0078,4.0,64,512,256,1024,262,105.984,173.568,116.513,0.1558
mixed,128,1,0.0078,4.0,64,512,512,2048,524,125.856,268.16,153.761,0.1961
mixed,128,1,0.0078,4.0,64,512,1024,4096,1048,172.864,453.6,210.655,0.1346
mixed,128,1,0.0078,4.0,64,512,2048,8192,2096,272.77,806.655,302.463,0.0556
mixed,128,1,0.0078,4.0,64,512,4096,16384,4192,454.014,1526.652,483.296,0.0273
mixed,128,1,0.0078,4.0,64,1024,128,512,131,102.177,145.568,98.785,-0.0782
mixed,128,1,0.0078,4.0,64,1024,256,1024,262,119.105,176.576,119.36,0.0044
mixed,128,1,0.0078,4.0,64,1024,512,2048,524,144.287,268.129,152.671,0.0677
mixed,128,1,0.0078,4.0,64,1024,1024,4096,1048,174.624,451.136,219.005,0.1605
mixed,128,1,0.0078,4.0,64,1024,2048,8192,2096,271.295,811.647,319.455,0.0891
mixed,128,1,0.0078,4.0,64,1024,4096,16384,4192,452.416,1526.017,502.688,0.0468
mixed,128,1,0.0078,4.0,64,2048,128,512,131,104.576,154.275,104.608,0.0006
mixed,128,1,0.0078,4.0,64,2048,256,1024,262,121.918,212.158,120.0,-0.0213
mixed,128,1,0.0078,4.0,64,2048,512,2048,524,154.881,268.157,155.582,0.0062
mixed,128,1,0.0078,4.0,64,2048,1024,4096,1048,210.847,455.072,216.93,0.0249
mixed,128,1,0.0078,4.0,64,2048,2048,8192,2096,270.208,810.75,349.024,0.1458
mixed,128,1,0.0078,4.0,64,2048,4096,16384,4192,455.136,1527.808,540.159,0.0793
mixed,128,1,0.0078,4.0,64,4096,128,512,131,103.264,157.057,104.705,0.0268
mixed,128,1,0.0078,4.0,64,4096,256,1024,262,118.273,217.506,120.256,0.02
mixed,128,1,0.0078,4.0,64,4096,512,2048,524,154.915,341.632,155.584,0.0036
mixed,128,1,0.0078,4.0,64,4096,1024,4096,1048,219.487,452.606,217.953,-0.0066
mixed,128,1,0.0078,4.0,64,4096,2048,8192,2096,342.881,816.415,348.511,0.0119
mixed,128,1,0.0078,4.0,64,4096,4096,16384,4192,452.799,1527.005,601.791,0.1387
mixed,128,1,0.0078,4.0,64,8192,128,512,131,122.304,162.303,122.08,-0.0056
mixed,128,1,0.0078,4.0,64,8192,256,1024,262,133.153,219.71,133.887,0.0085
mixed,128,1,0.0078,4.0,64,8192,512,2048,524,162.59,345.761,159.775,-0.0154
mixed,128,1,0.0078,4.0,64,8192,1024,4096,1048,221.31,592.64,221.632,0.0009
mixed,128,1,0.0078,4.0,64,8192,2048,8192,2096,348.418,818.655,343.744,-0.0099
mixed,128,1,0.0078,4.0,64,8192,4096,16384,4192,592.221,1533.052,592.383,0.0002
mixed,128,1,0.0078,4.0,128,0,128,512,131,81.728,138.655,95.422,0.2406
mixed,128,1,0.0078,4.0,128,0,256,1024,262,96.48,180.51,109.185,0.1512
mixed,128,1,0.0078,4.0,128,0,512,2048,524,139.808,274.685,138.719,-0.0081
mixed,128,1,0.0078,4.0,128,0,1024,4096,1048,185.6,458.62,184.032,-0.0057
mixed,128,1,0.0078,4.0,128,0,2048,8192,2096,278.976,809.439,274.686,-0.0081
mixed,128,1,0.0078,4.0,128,0,4096,16384,4192,460.063,1521.469,460.446,0.0004
mixed,128,1,0.0078,4.0,128,512,128,512,131,99.677,156.128,99.454,-0.004
mixed,128,1,0.0078,4.0,128,512,256,1024,262,116.287,205.631,116.256,-0.0003
mixed,128,1,0.0078,4.0,128,512,512,2048,524,151.872,299.008,154.113,0.0152
mixed,128,1,0.0078,4.0,128,512,1024,4096,1048,208.576,470.528,202.463,-0.0233
mixed,128,1,0.0078,4.0,128,512,2048,8192,2096,302.207,823.774,296.93,-0.0101
mixed,128,1,0.0078,4.0,128,512,4096,16384,4192,478.076,1536.96,484.064,0.0057
mixed,128,1,0.0078,4.0,128,1024,128,512,131,103.903,152.414,102.24,-0.0343
mixed,128,1,0.0078,4.0,128,1024,256,1024,262,120.768,221.888,119.36,-0.0139
mixed,128,1,0.0078,4.0,128,1024,512,2048,524,153.888,318.015,151.647,-0.0137
mixed,128,1,0.0078,4.0,128,1024,1024,4096,1048,220.863,494.494,216.991,-0.0142
mixed,128,1,0.0078,4.0,128,1024,2048,8192,2096,320.447,849.246,317.569,-0.0054
mixed,128,1,0.0078,4.0,128,1024,4096,16384,4192,495.998,1551.58,501.15,0.0049
mixed,128,1,0.0078,4.0,128,2048,128,512,131,106.719,153.344,106.403,-0.0068
mixed,128,1,0.0078,4.0,128,2048,256,1024,262,119.712,214.879,121.246,0.0161
mixed,128,1,0.0078,4.0,128,2048,512,2048,524,153.341,347.073,154.337,0.0051
mixed,128,1,0.0078,4.0,128,2048,1024,4096,1048,217.312,528.16,217.825,0.0017
mixed,128,1,0.0078,4.0,128,2048,2048,8192,2096,352.127,880.447,351.581,-0.001
mixed,128,1,0.0078,4.0,128,2048,4096,16384,4192,536.414,1593.596,533.021,-0.0032
mixed,128,1,0.0078,4.0,128,4096,128,512,131,122.975,153.728,123.137,0.0053
mixed,128,1,0.0078,4.0,128,4096,256,1024,262,137.249,214.655,136.286,-0.0124
mixed,128,1,0.0078,4.0,128,4096,512,2048,524,154.655,343.936,154.113,-0.0029
mixed,128,1,0.0078,4.0,128,4096,1024,4096,1048,215.105,590.495,212.767,-0.0062
mixed,128,1,0.0078,4.0,128,4096,2048,8192,2096,343.615,955.294,340.319,-0.0054
mixed,128,1,0.0078,4.0,128,4096,4096,16384,4192,596.158,1659.933,594.557,-0.0015
mixed,128,1,0.0078,4.0,128,8192,128,512,131,143.616,178.72,144.0,0.0109
mixed,128,1,0.0078,4.0,128,8192,256,1024,262,149.632,221.279,149.759,0.0018
mixed,128,1,0.0078,4.0,128,8192,512,2048,524,182.176,338.018,179.169,-0.0193
mixed,128,1,0.0078,4.0,128,8192,1024,4096,1048,220.989,582.782,223.2,0.0061
mixed,128,1,0.0078,4.0,128,8192,2048,8192,2096,341.601,1093.246,339.296,-0.0031
mixed,128,1,0.0078,4.0,128,8192,4096,16384,4192,585.503,1809.885,587.711,0.0018
mixed,128,1,0.0078,4.0,256,0,128,512,131,86.624,141.406,101.919,0.2792
mixed,128,1,0.0078,4.0,256,0,256,1024,262,97.694,185.696,114.913,0.1957
mixed,128,1,0.0078,4.0,256,0,512,2048,524,144.096,280.799,140.641,-0.0253
mixed,128,1,0.0078,4.0,256,0,1024,4096,1048,189.086,457.984,188.896,-0.0007
mixed,128,1,0.0078,4.0,256,0,2048,8192,2096,285.952,816.989,284.639,-0.0025
mixed,128,1,0.0078,4.0,256,0,4096,16384,4192,466.528,1526.078,463.52,-0.0028
mixed,128,1,0.0078,4.0,256,512,128,512,131,101.824,158.176,103.232,0.025
mixed,128,1,0.0078,4.0,256,512,256,1024,262,119.361,206.43,118.336,-0.0118
mixed,128,1,0.0078,4.0,256,512,512,2048,524,157.377,297.25,156.767,-0.0044
mixed,128,1,0.0078,4.0,256,512,1024,4096,1048,209.153,474.208,206.335,-0.0106
mixed,128,1,0.0078,4.0,256,512,2048,8192,2096,303.328,825.823,298.976,-0.0083
mixed,128,1,0.0078,4.0,256,512,4096,16384,4192,485.566,1539.037,481.247,-0.0041
mixed,128,1,0.0078,4.0,256,1024,128,512,131,108.833,155.521,109.761,0.0199
mixed,128,1,0.0078,4.0,256,1024,256,1024,262,118.592,221.535,118.527,-0.0006
mixed,128,1,0.0078,4.0,256,1024,512,2048,524,156.576,315.617,153.215,-0.0211
mixed,128,1,0.0078,4.0,256,1024,1024,4096,1048,224.257,495.165,221.377,-0.0106
mixed,128,1,0.0078,4.0,256,1024,2048,8192,2096,319.905,850.528,315.361,-0.0086
mixed,128,1,0.0078,4.0,256,1024,4096,16384,4192,502.145,1555.326,494.303,-0.0074
mixed,128,1,0.0078,4.0,256,2048,128,512,131,129.151,162.815,128.383,-0.0228
mixed,128,1,0.0078,4.0,256,2048,256,1024,262,134.305,215.263,135.648,0.0166
mixed,128,1,0.0078,4.0,256,2048,512,2048,524,160.448,345.439,159.232,-0.0066
mixed,128,1,0.0078,4.0,256,2048,1024,4096,1048,216.48,530.944,213.728,-0.0088
mixed,128,1,0.0078,4.0,256,2048,2048,8192,2096,351.327,879.071,345.343,-0.0113
mixed,128,1,0.0078,4.0,256,2048,4096,16384,4192,530.654,1592.829,528.574,-0.002
mixed,128,1,0.0078,4.0,256,4096,128,512,131,149.374,186.366,149.632,0.007
mixed,128,1,0.0078,4.0,256,4096,256,1024,262,165.407,224.094,166.72,0.0224
mixed,128,1,0.0078,4.0,256,4096,512,2048,524,186.561,339.551,187.263,0.0046
mixed,128,1,0.0078,4.0,256,4096,1024,4096,1048,224.735,594.496,225.056,0.0009
mixed,128,1,0.0078,4.0,256,4096,2048,8192,2096,343.489,950.846,339.647,-0.0063
mixed,128,1,0.0078,4.0,256,4096,4096,16384,4192,591.87,1660.542,590.718,-0.0011
mixed,128,1,0.0078,4.0,256,8192,128,512,131,191.167,227.453,191.456,0.008
mixed,128,1,0.0078,4.0,256,8192,256,1024,262,199.265,280.768,200.766,0.0184
mixed,128,1,0.0078,4.0,256,8192,512,2048,524,226.847,353.726,226.527,-0.0025
mixed,128,1,0.0078,4.0,256,8192,1024,4096,1048,280.48,577.983,281.343,0.0029
mixed,128,1,0.0078,4.0,256,8192,2048,8192,2096,354.816,1087.199,354.72,-0.0001
mixed,128,1,0.0078,4.0,256,8192,4096,16384,4192,577.789,1798.045,576.703,-0.0009
mixed,128,1,0.0078,4.0,512,0,128,512,131,91.615,154.527,109.599,0.2859
mixed,128,1,0.0078,4.0,512,0,256,1024,262,107.584,198.592,125.44,0.1962
mixed,128,1,0.0078,4.0,512,0,512,2048,524,153.888,293.633,153.054,-0.006
mixed,128,1,0.0078,4.0,512,0,1024,4096,1048,202.272,474.75,202.912,0.0023
mixed,128,1,0.0078,4.0,512,0,2048,8192,2096,301.631,831.615,296.99,-0.0088
mixed,128,1,0.0078,4.0,512,0,4096,16384,4192,480.96,1537.02,479.456,-0.0014
mixed,128,1,0.0078,4.0,512,512,128,512,131,121.343,163.457,121.662,0.0076
mixed,128,1,0.0078,4.0,512,512,256,1024,262,125.918,215.997,126.335,0.0046
mixed,128,1,0.0078,4.0,512,512,512,2048,524,163.809,307.806,165.023,0.0084
mixed,128,1,0.0078,4.0,512,512,1024,4096,1048,216.35,486.942,216.543,0.0007
mixed,128,1,0.0078,4.0,512,512,2048,8192,2096,318.847,842.079,311.582,-0.0139
mixed,128,1,0.0078,4.0,512,512,4096,16384,4192,490.494,1555.87,496.094,0.0053
mixed,128,1,0.0078,4.0,512,1024,128,512,131,141.535,159.581,141.343,-0.0106
mixed,128,1,0.0078,4.0,512,1024,256,1024,262,145.375,223.839,145.76,0.0049
mixed,128,1,0.0078,4.0,512,1024,512,2048,524,160.257,324.864,161.792,0.0093
mixed,128,1,0.0078,4.0,512,1024,1024,4096,1048,225.055,503.873,225.439,0.0014
mixed,128,1,0.0078,4.0,512,1024,2048,8192,2096,328.605,860.222,325.216,-0.0064
mixed,128,1,0.0078,4.0,512,1024,4096,16384,4192,506.047,1571.739,508.286,0.0021
mixed,128,1,0.0078,4.0,512,2048,128,512,131,161.857,190.912,162.08,0.0077
mixed,128,1,0.0078,4.0,512,2048,256,1024,262,176.224,225.148,175.232,-0.0203
mixed,128,1,0.0078,4.0,512,2048,512,2048,524,190.304,354.88,191.648,0.0082
mixed,128,1,0.0078,4.0,512,2048,1024,4096,1048,224.256,537.405,223.231,-0.0033
mixed,128,1,0.0078,4.0,512,2048,2048,8192,2096,359.167,895.773,351.648,-0.014
mixed,128,1,0.0078,4.0,512,2048,4096,16384,4192,545.469,1606.749,542.142,-0.0031
mixed,128,1,0.0078,4.0,512,4096,128,512,131,199.743,243.649,200.542,0.0182
mixed,128,1,0.0078,4.0,512,4096,256,1024,262,215.073,272.574,214.846,-0.0039
mixed,128,1,0.0078,4.0,512,4096,512,2048,524,245.504,348.288,244.608,-0.0087
mixed,128,1,0.0078,4.0,512,4096,1024,4096,1048,271.551,595.103,273.184,0.005
mixed,128,1,0.0078,4.0,512,4096,2048,8192,2096,354.367,960.831,351.04,-0.0055
mixed,128,1,0.0078,4.0,512,4096,4096,16384,4192,597.278,1667.418,593.694,-0.0033
mixed,128,1,0.0078,4.0,512,8192,128,512,131,277.887,321.856,278.912,0.0233
mixed,128,1,0.0078,4.0,512,8192,256,1024,262,297.566,372.0,296.353,-0.0163
mixed,128,1,0.0078,4.0,512,8192,512,2048,524,322.336,437.087,320.958,-0.012
mixed,128,1,0.0078,4.0,512,8192,1024,4096,1048,371.073,595.614,371.102,0.0001
mixed,128,1,0.0078,4.0,512,8192,2048,8192,2096,437.341,1094.719,436.383,-0.0015
mixed,128,1,0.0078,4.0,512,8192,4096,16384,4192,600.03,1812.254,602.173,0.0018
mixed,128,1,0.0078,4.0,1024,0,128,512,131,115.2,157.184,114.559,-0.0153
mixed,128,1,0.0078,4.0,1024,0,256,1024,262,132.64,200.609,131.486,-0.017
mixed,128,1,0.0078,4.0,1024,0,512,2048,524,158.656,297.343,158.111,-0.0039
mixed,128,1,0.0078,4.0,1024,0,1024,4096,1048,202.432,474.623,212.093,0.0355
mixed,128,1,0.0078,4.0,1024,0,2048,8192,2096,305.76,825.117,383.775,0.1502
mixed,128,1,0.0078,4.0,1024,0,4096,16384,4192,477.951,1532.349,698.237,0.2089
mixed,128,1,0.0078,4.0,1024,512,128,512,131,130.847,173.216,132.511,0.0393
mixed,128,1,0.0078,4.0,1024,512,256,1024,262,147.778,216.992,149.44,0.024
mixed,128,1,0.0078,4.0,1024,512,512,2048,524,175.136,313.152,172.513,-0.019
mixed,128,1,0.0078,4.0,1024,512,1024,4096,1048,220.479,488.416,220.35,-0.0005
mixed,128,1,0.0078,4.0,1024,512,2048,8192,2096,320.382,843.038,384.542,0.1228
mixed,128,1,0.0078,4.0,1024,512,4096,16384,4192,490.049,1547.004,701.057,0.1996
mixed,128,1,0.0078,4.0,1024,1024,128,512,131,150.146,189.409,149.473,-0.0171
mixed,128,1,0.0078,4.0,1024,1024,256,1024,262,165.663,236.512,165.408,-0.0036
mixed,128,1,0.0078,4.0,1024,1024,512,2048,524,191.809,334.783,191.712,-0.0007
mixed,128,1,0.0078,4.0,1024,1024,1024,4096,1048,238.911,507.294,238.11,-0.003
mixed,128,1,0.0078,4.0,1024,1024,2048,8192,2096,341.473,855.134,387.359,0.0893
mixed,128,1,0.0078,4.0,1024,1024,4096,16384,4192,509.982,1562.238,702.943,0.1834
mixed,128,1,0.0078,4.0,1024,2048,128,512,131,185.632,226.111,185.504,-0.0032
mixed,128,1,0.0078,4.0,1024,2048,256,1024,262,202.144,271.07,201.119,-0.0149
mixed,128,1,0.0078,4.0,1024,2048,512,2048,524,229.664,368.608,226.559,-0.0223
mixed,128,1,0.0078,4.0,1024,2048,1024,4096,1048,273.759,538.497,276.479,0.0103
mixed,128,1,0.0078,4.0,1024,2048,2048,8192,2096,376.607,892.734,380.928,0.0084
mixed,128,1,0.0078,4.0,1024,2048,4096,16384,4192,546.461,1599.77,697.664,0.1436
mixed,128,1,0.0078,4.0,1024,4096,128,512,131,255.425,298.845,256.288,0.0199
mixed,128,1,0.0078,4.0,1024,4096,256,1024,262,273.183,345.118,272.063,-0.0156
mixed,128,1,0.0078,4.0,1024,4096,512,2048,524,297.312,437.694,298.465,0.0082
mixed,128,1,0.0078,4.0,1024,4096,1024,4096,1048,344.8,608.992,345.632,0.0031
mixed,128,1,0.0078,4.0,1024,4096,2048,8192,2096,445.472,962.557,438.238,-0.014
mixed,128,1,0.0078,4.0,1024,4096,4096,16384,4192,613.499,1666.811,697.086,0.0794
mixed,128,1,0.0078,4.0,1024,8192,128,512,131,403.168,444.991,405.343,0.052
mixed,128,1,0.0078,4.0,1024,8192,256,1024,262,422.24,493.856,420.958,-0.0179
mixed,128,1,0.0078,4.0,1024,8192,512,2048,524,446.045,583.07,445.439,-0.0044
mixed,128,1,0.0078,4.0,1024,8192,1024,4096,1048,488.703,752.257,492.831,0.0157
mixed,128,1,0.0078,4.0,1024,8192,2048,8192,2096,590.239,1108.797,584.478,-0.0111
mixed,128,1,0.0078,4.0,1024,8192,4096,16384,4192,758.077,1815.741,761.661,0.0034
mixed,128,1,0.0078,4.0,2048,0,128,512,131,191.52,231.903,189.312,-0.0547
mixed,128,1,0.0078,4.0,2048,0,256,1024,262,205.214,281.536,206.526,0.0172
mixed,128,1,0.0078,4.0,2048,0,512,2048,524,234.785,373.44,235.869,0.0078
mixed,128,1,0.0078,4.0,2048,0,1024,4096,1048,285.024,556.479,326.719,0.1536
mixed,128,1,0.0078,4.0,2048,0,2048,8192,2096,380.8,904.349,495.775,0.2196
mixed,128,1,0.0078,4.0,2048,0,4096,16384,4192,557.054,1610.269,812.606,0.2426
mixed,128,1,0.0078,4.0,2048,512,128,512,131,225.921,266.593,226.688,0.0189
mixed,128,1,0.0078,4.0,2048,512,256,1024,262,240.959,318.975,240.543,-0.0053
mixed,128,1,0.0078,4.0,2048,512,512,2048,524,270.431,408.671,269.02,-0.0102
mixed,128,1,0.0078,4.0,2048,512,1024,4096,1048,319.678,589.439,342.464,0.0845
mixed,128,1,0.0078,4.0,2048,512,2048,8192,2096,414.431,937.918,508.03,0.1788
mixed,128,1,0.0078,4.0,2048,512,4096,16384,4192,590.43,1647.965,827.807,0.2245
mixed,128,1,0.0078,4.0,2048,1024,128,512,131,261.921,303.232,261.12,-0.0194
mixed,128,1,0.0078,4.0,2048,1024,256,1024,262,277.92,353.504,278.176,0.0034
mixed,128,1,0.0078,4.0,2048,1024,512,2048,524,304.191,445.023,303.52,-0.0048
mixed,128,1,0.0078,4.0,2048,1024,1024,4096,1048,355.198,622.814,361.6,0.0239
mixed,128,1,0.0078,4.0,2048,1024,2048,8192,2096,452.414,971.773,524.001,0.1378
mixed,128,1,0.0078,4.0,2048,1024,4096,16384,4192,625.535,1681.469,846.527,0.2093
mixed,128,1,0.0078,4.0,2048,2048,128,512,131,338.08,377.632,335.904,-0.055
mixed,128,1,0.0078,4.0,2048,2048,256,1024,262,353.086,427.007,354.368,0.0173
mixed,128,1,0.0078,4.0,2048,2048,512,2048,524,378.974,514.367,376.959,-0.0149
mixed,128,1,0.0078,4.0,2048,2048,1024,4096,1048,429.312,695.232,429.856,0.002
mixed,128,1,0.0078,4.0,2048,2048,2048,8192,2096,523.646,1044.385,561.216,0.0721
mixed,128,1,0.0078,4.0,2048,2048,4096,16384,4192,701.821,1758.365,880.417,0.169
mixed,128,1,0.0078,4.0,2048,4096,128,512,131,485.535,524.734,484.863,-0.0171
mixed,128,1,0.0078,4.0,2048,4096,256,1024,262,498.526,572.286,497.758,-0.0104
mixed,128,1,0.0078,4.0,2048,4096,512,2048,524,527.839,661.567,526.525,-0.0098
mixed,128,1,0.0078,4.0,2048,4096,1024,4096,1048,572.928,839.295,574.461,0.0058
mixed,128,1,0.0078,4.0,2048,4096,2048,8192,2096,666.143,1185.982,662.4,-0.0072
mixed,128,1,0.0078,4.0,2048,4096,4096,16384,4192,841.598,1895.772,953.375,0.106
mixed,128,1,0.0078,4.0,2048,8192,128,512,131,762.687,809.15,763.966,0.0275
mixed,128,1,0.0078,4.0,2048,8192,256,1024,262,781.95,852.222,784.929,0.0424
mixed,128,1,0.0078,4.0,2048,8192,512,2048,524,809.085,943.102,810.974,0.0141
mixed,128,1,0.0078,4.0,2048,8192,1024,4096,1048,855.966,1109.022,855.327,-0.0025
mixed,128,1,0.0078,4.0,2048,8192,2048,8192,2096,945.15,1458.141,939.901,-0.0102
mixed,128,1,0.0078,4.0,2048,8192,4096,16384,4192,1111.869,2169.562,1118.623,0.0064
pure,128,2,0.0156,4.0,0,0,128,512,134,65.824,117.504,78.526,0.2458
pure,128,2,0.0156,4.0,0,0,256,1024,268,79.488,165.6,94.752,0.1773
pure,128,2,0.0156,4.0,0,0,512,2048,536,118.241,256.384,129.471,0.0813
pure,128,2,0.0156,4.0,0,0,1024,4096,1072,167.039,431.648,192.063,0.0946
pure,128,2,0.0156,4.0,0,0,2048,8192,2144,257.887,785.951,311.298,0.1011
pure,128,2,0.0156,4.0,0,0,4096,16384,4288,444.159,1503.39,538.654,0.0892
mixed,128,2,0.0156,4.0,16,0,128,512,134,70.047,124.321,81.248,0.2064
mixed,128,2,0.0156,4.0,16,0,256,1024,268,84.767,173.6,105.824,0.237
mixed,128,2,0.0156,4.0,16,0,512,2048,536,122.784,262.336,140.736,0.1286
mixed,128,2,0.0156,4.0,16,0,1024,4096,1072,175.135,450.527,208.797,0.1222
mixed,128,2,0.0156,4.0,16,0,2048,8192,2144,272.063,803.327,343.392,0.1343
mixed,128,2,0.0156,4.0,16,0,4096,16384,4288,458.785,1519.485,599.261,0.1324
mixed,128,2,0.0156,4.0,16,512,128,512,134,85.822,125.761,82.496,-0.0833
mixed,128,2,0.0156,4.0,16,512,256,1024,268,94.72,176.638,105.152,0.1273
mixed,128,2,0.0156,4.0,16,512,512,2048,536,124.544,266.783,145.951,0.1505
mixed,128,2,0.0156,4.0,16,512,1024,4096,1072,176.033,447.264,211.201,0.1297
mixed,128,2,0.0156,4.0,16,512,2048,8192,2144,270.463,806.781,341.118,0.1317
mixed,128,2,0.0156,4.0,16,512,4096,16384,4288,458.591,1519.869,601.66,0.1348
mixed,128,2,0.0156,4.0,16,1024,128,512,134,83.104,127.009,96.897,0.3142
mixed,128,2,0.0156,4.0,16,1024,256,1024,268,97.472,177.536,109.474,0.1499
mixed,128,2,0.0156,4.0,16,1024,512,2048,536,126.271,268.702,146.56,0.1424
mixed,128,2,0.0156,4.0,16,1024,1024,4096,1072,173.153,450.434,213.184,0.1444
mixed,128,2,0.0156,4.0,16,1024,2048,8192,2144,269.504,804.06,343.486,0.1384
mixed,128,2,0.0156,4.0,16,1024,4096,16384,4288,460.925,1518.174,601.887,0.1333
mixed,128,2,0.0156,4.0,16,2048,128,512,134,101.055,128.096,99.903,-0.0426
mixed,128,2,0.0156,4.0,16,2048,256,1024,268,116.479,174.879,117.312,0.0143
mixed,128,2,0.0156,4.0,16,2048,512,2048,536,131.295,264.991,146.878,0.1166
mixed,128,2,0.0156,4.0,16,2048,1024,4096,1072,178.206,450.015,213.888,0.1313
mixed,128,2,0.0156,4.0,16,2048,2048,8192,2144,270.11,807.23,346.973,0.1431
mixed,128,2,0.0156,4.0,16,2048,4096,16384,4288,459.837,1525.917,598.75,0.1303
mixed,128,2,0.0156,4.0,16,4096,128,512,134,103.488,160.192,104.736,0.022
mixed,128,2,0.0156,4.0,16,4096,256,1024,268,122.336,178.624,119.296,-0.054
mixed,128,2,0.0156,4.0,16,4096,512,2048,536,159.52,267.744,159.614,0.0009
mixed,128,2,0.0156,4.0,16,4096,1024,4096,1072,180.67,451.839,214.399,0.1244
mixed,128,2,0.0156,4.0,16,4096,2048,8192,2144,272.223,808.893,346.27,0.138
mixed,128,2,0.0156,4.0,16,4096,4096,16384,4288,463.456,1522.109,601.055,0.13
mixed,128,2,0.0156,4.0,16,8192,128,512,134,107.137,162.176,107.07,-0.0012
mixed,128,2,0.0156,4.0,16,8192,256,1024,268,119.936,219.616,121.473,0.0154
mixed,128,2,0.0156,4.0,16,8192,512,2048,536,161.665,268.064,162.017,0.0033
mixed,128,2,0.0156,4.0,16,8192,1024,4096,1072,219.52,455.424,224.512,0.0212
mixed,128,2,0.0156,4.0,16,8192,2048,8192,2144,275.68,812.893,351.933,0.1419
mixed,128,2,0.0156,4.0,16,8192,4096,16384,4288,464.735,1522.909,606.527,0.134
mixed,128,2,0.0156,4.0,32,0,128,512,134,69.95,122.817,81.153,0.2119
mixed,128,2,0.0156,4.0,32,0,256,1024,268,84.256,172.352,108.801,0.2786
mixed,128,2,0.0156,4.0,32,0,512,2048,536,124.127,264.638,143.873,0.1405
mixed,128,2,0.0156,4.0,32,0,1024,4096,1072,177.28,449.76,208.893,0.116
mixed,128,2,0.0156,4.0,32,0,2048,8192,2144,270.398,805.086,342.944,0.1357
mixed,128,2,0.0156,4.0,32,0,4096,16384,4288,461.823,1518.207,599.805,0.1306
mixed,128,2,0.0156,4.0,32,512,128,512,134,82.593,122.976,96.095,0.3343
mixed,128,2,0.0156,4.0,32,512,256,1024,268,96.863,176.254,107.104,0.129
mixed,128,2,0.0156,4.0,32,512,512,2048,536,126.08,267.935,147.489,0.1509
mixed,128,2,0.0156,4.0,32,512,1024,4096,1072,176.672,448.48,209.631,0.1213
mixed,128,2,0.0156,4.0,32,512,2048,8192,2144,272.512,803.935,344.416,0.1353
mixed,128,2,0.0156,4.0,32,512,4096,16384,4288,460.511,1520.7,600.957,0.1325
mixed,128,2,0.0156,4.0,32,1024,128,512,134,100.608,127.102,99.904,-0.0266
mixed,128,2,0.0156,4.0,32,1024,256,1024,268,110.08,176.317,119.006,0.1348
mixed,128,2,0.0156,4.0,32,1024,512,2048,536,123.904,267.808,146.271,0.1554
mixed,128,2,0.0156,4.0,32,1024,1024,4096,1072,174.016,452.957,215.136,0.1474
mixed,128,2,0.0156,4.0,32,1024,2048,8192,2144,272.862,805.821,343.135,0.1319
mixed,128,2,0.0156,4.0,32,1024,4096,16384,4288,465.79,1523.453,601.887,0.1287
mixed,128,2,0.0156,4.0,32,2048,128,512,134,101.6,149.087,100.735,-0.0182
mixed,128,2,0.0156,4.0,32,2048,256,1024,268,118.114,177.952,117.856,-0.0043
mixed,128,2,0.0156,4.0,32,2048,512,2048,536,149.057,267.871,154.912,0.0493
mixed,128,2,0.0156,4.0,32,2048,1024,4096,1072,179.807,451.488,212.833,0.1216
mixed,128,2,0.0156,4.0,32,2048,2048,8192,2144,271.551,807.935,348.032,0.1426
mixed,128,2,0.0156,4.0,32,2048,4096,16384,4288,463.006,1516.38,601.341,0.1313
mixed,128,2,0.0156,4.0,32,4096,128,512,134,107.903,159.773,106.076,-0.0352
mixed,128,2,0.0156,4.0,32,4096,256,1024,268,122.11,212.001,121.824,-0.0032
mixed,128,2,0.0156,4.0,32,4096,512,2048,536,160.671,269.886,157.92,-0.0252
mixed,128,2,0.0156,4.0,32,4096,1024,4096,1072,213.312,451.007,219.393,0.0256
mixed,128,2,0.0156,4.0,32,4096,2048,8192,2144,271.679,809.949,349.471,0.1445
mixed,128,2,0.0156,4.0,32,4096,4096,16384,4288,463.775,1524.188,603.165,0.1314
mixed,128,2,0.0156,4.0,32,8192,128,512,134,103.583,163.263,104.384,0.0134
mixed,128,2,0.0156,4.0,32,8192,256,1024,268,122.208,222.528,121.823,-0.0038
mixed,128,2,0.0156,4.0,32,8192,512,2048,536,154.944,345.088,161.439,0.0342
mixed,128,2,0.0156,4.0,32,8192,1024,4096,1072,224.256,457.088,224.576,0.0014
mixed,128,2,0.0156,4.0,32,8192,2048,8192,2144,346.625,811.069,349.729,0.0067
mixed,128,2,0.0156,4.0,32,8192,4096,16384,4288,468.93,1532.412,603.327,0.1264
mixed,128,2,0.0156,4.0,64,0,128,512,134,70.079,124.031,96.065,0.4817
mixed,128,2,0.0156,4.0,64,0,256,1024,268,83.041,173.536,109.024,0.2871
mixed,128,2,0.0156,4.0,64,0,512,2048,536,121.535,266.56,142.913,0.1474
mixed,128,2,0.0156,4.0,64,0,1024,4096,1072,176.833,453.343,208.158,0.1133
mixed,128,2,0.0156,4.0,64,0,2048,8192,2144,272.48,810.272,341.471,0.1283
mixed,128,2,0.0156,4.0,64,0,4096,16384,4288,457.886,1519.004,596.511,0.1306
mixed,128,2,0.0156,4.0,64,512,128,512,134,97.505,126.175,95.711,-0.0626
mixed,128,2,0.0156,4.0,64,512,256,1024,268,105.504,175.104,116.928,0.1641
mixed,128,2,0.0156,4.0,64,512,512,2048,536,124.96,265.279,155.265,0.216
mixed,128,2,0.0156,4.0,64,512,1024,4096,1072,176.223,454.684,209.598,0.1199
mixed,128,2,0.0156,4.0,64,512,2048,8192,2144,276.384,812.255,337.92,0.1148
mixed,128,2,0.0156,4.0,64,512,4096,16384,4288,460.862,1531.389,596.094,0.1263
mixed,128,2,0.0156,4.0,64,1024,128,512,134,99.905,144.639,100.545,0.0143
mixed,128,2,0.0156,4.0,64,1024,256,1024,268,120.608,175.999,118.817,-0.0323
mixed,128,2,0.0156,4.0,64,1024,512,2048,536,143.903,267.839,153.855,0.0803
mixed,128,2,0.0156,4.0,64,1024,1024,4096,1072,174.655,449.151,221.886,0.1721
mixed,128,2,0.0156,4.0,64,1024,2048,8192,2144,273.728,814.782,338.336,0.1194
mixed,128,2,0.0156,4.0,64,1024,4096,16384,4288,463.23,1526.909,594.752,0.1236
mixed,128,2,0.0156,4.0,64,2048,128,512,134,104.609,152.924,104.833,0.0046
mixed,128,2,0.0156,4.0,64,2048,256,1024,268,121.407,212.35,119.809,-0.0176
mixed,128,2,0.0156,4.0,64,2048,512,2048,536,155.488,268.449,155.552,0.0006
mixed,128,2,0.0156,4.0,64,2048,1024,4096,1072,214.048,450.975,218.591,0.0192
mixed,128,2,0.0156,4.0,64,2048,2048,8192,2144,274.878,810.142,351.167,0.1425
mixed,128,2,0.0156,4.0,64,2048,4096,16384,4288,462.462,1525.694,594.43,0.1241
mixed,128,2,0.0156,4.0,64,4096,128,512,134,102.943,155.903,103.648,0.0133
mixed,128,2,0.0156,4.0,64,4096,256,1024,268,119.199,216.032,120.16,0.0099
mixed,128,2,0.0156,4.0,64,4096,512,2048,536,156.066,341.216,155.967,-0.0005
mixed,128,2,0.0156,4.0,64,4096,1024,4096,1072,219.775,455.295,220.128,0.0015
mixed,128,2,0.0156,4.0,64,4096,2048,8192,2144,344.223,816.546,345.41,0.0025
mixed,128,2,0.0156,4.0,64,4096,4096,16384,4288,463.231,1533.02,601.981,0.1297
mixed,128,2,0.0156,4.0,64,8192,128,512,134,123.424,159.681,122.241,-0.0326
mixed,128,2,0.0156,4.0,64,8192,256,1024,268,134.688,218.463,135.328,0.0076
mixed,128,2,0.0156,4.0,64,8192,512,2048,536,158.817,344.608,162.016,0.0172
mixed,128,2,0.0156,4.0,64,8192,1024,4096,1072,224.288,589.629,221.983,-0.0063
mixed,128,2,0.0156,4.0,64,8192,2048,8192,2144,346.144,811.711,342.304,-0.0082
mixed,128,2,0.0156,4.0,64,8192,4096,16384,4288,599.68,1534.429,593.758,-0.0063
mixed,128,2,0.0156,4.0,128,0,128,512,134,82.718,135.168,96.832,0.2691
mixed,128,2,0.0156,4.0,128,0,256,1024,268,98.304,183.679,108.479,0.1192
mixed,128,2,0.0156,4.0,128,0,512,2048,536,139.264,271.327,137.503,-0.0133
mixed,128,2,0.0156,4.0,128,0,1024,4096,1072,185.055,454.849,206.911,0.081
mixed,128,2,0.0156,4.0,128,0,2048,8192,2144,275.582,814.397,344.127,0.1272
mixed,128,2,0.0156,4.0,128,0,4096,16384,4288,466.334,1520.188,596.99,0.124
mixed,128,2,0.0156,4.0,128,512,128,512,134,98.655,155.616,99.776,0.0197
mixed,128,2,0.0156,4.0,128,512,256,1024,268,115.934,205.473,117.791,0.0207
mixed,128,2,0.0156,4.0,128,512,512,2048,536,155.904,297.184,151.745,-0.0294
mixed,128,2,0.0156,4.0,128,512,1024,4096,1072,203.072,468.32,205.92,0.0107
mixed,128,2,0.0156,4.0,128,512,2048,8192,2144,299.518,824.092,334.432,0.0666
mixed,128,2,0.0156,4.0,128,512,4096,16384,4288,488.512,1539.901,598.563,0.1047
mixed,128,2,0.0156,4.0,128,1024,128,512,134,103.934,152.864,103.136,-0.0163
mixed,128,2,0.0156,4.0,128,1024,256,1024,268,119.872,222.078,121.951,0.0203
mixed,128,2,0.0156,4.0,128,1024,512,2048,536,156.448,317.153,153.346,-0.0193
mixed,128,2,0.0156,4.0,128,1024,1024,4096,1072,220.737,495.232,217.984,-0.01
mixed,128,2,0.0156,4.0,128,1024,2048,8192,2144,321.15,849.918,333.501,0.0234
mixed,128,2,0.0156,4.0,128,1024,4096,16384,4288,504.545,1542.909,594.879,0.087
mixed,128,2,0.0156,4.0,128,2048,128,512,134,106.624,152.256,104.577,-0.0449
mixed,128,2,0.0156,4.0,128,2048,256,1024,268,121.057,215.871,119.488,-0.0165
mixed,128,2,0.0156,4.0,128,2048,512,2048,536,153.537,351.199,153.697,0.0008
mixed,128,2,0.0156,4.0,128,2048,1024,4096,1072,217.248,532.926,217.631,0.0012
mixed,128,2,0.0156,4.0,128,2048,2048,8192,2144,354.175,884.415,347.68,-0.0122
mixed,128,2,0.0156,4.0,128,2048,4096,16384,4288,543.103,1582.974,590.016,0.0451
mixed,128,2,0.0156,4.0,128,4096,128,512,134,122.207,152.606,123.07,0.0284
mixed,128,2,0.0156,4.0,128,4096,256,1024,268,136.768,213.952,136.769,0.0
mixed,128,2,0.0156,4.0,128,4096,512,2048,536,152.511,342.623,153.535,0.0054
mixed,128,2,0.0156,4.0,128,4096,1024,4096,1072,216.542,596.318,212.767,-0.0099
mixed,128,2,0.0156,4.0,128,4096,2048,8192,2144,342.334,955.487,342.304,-0.0
mixed,128,2,0.0156,4.0,128,4096,4096,16384,4288,605.407,1663.517,595.616,-0.0093
mixed,128,2,0.0156,4.0,128,8192,128,512,134,143.487,180.414,143.681,0.0053
mixed,128,2,0.0156,4.0,128,8192,256,1024,268,151.776,220.895,151.323,-0.0066
mixed,128,2,0.0156,4.0,128,8192,512,2048,536,180.096,336.8,179.935,-0.001
mixed,128,2,0.0156,4.0,128,8192,1024,4096,1072,220.031,587.04,222.303,0.0062
mixed,128,2,0.0156,4.0,128,8192,2048,8192,2144,343.775,1089.629,339.103,-0.0063
mixed,128,2,0.0156,4.0,128,8192,4096,16384,4288,599.552,1803.134,581.886,-0.0147
mixed,128,2,0.0156,4.0,256,0,128,512,134,86.017,142.142,101.953,0.2839
mixed,128,2,0.0156,4.0,256,0,256,1024,268,98.014,190.463,114.592,0.1793
mixed,128,2,0.0156,4.0,256,0,512,2048,536,144.447,280.351,141.12,-0.0245
mixed,128,2,0.0156,4.0,256,0,1024,4096,1072,187.616,457.984,205.504,0.0662
mixed,128,2,0.0156,4.0,256,0,2048,8192,2144,282.207,816.863,343.969,0.1155
mixed,128,2,0.0156,4.0,256,0,4096,16384,4288,478.848,1525.308,598.592,0.1144
mixed,128,2,0.0156,4.0,256,512,128,512,134,102.401,157.119,102.688,0.0052
mixed,128,2,0.0156,4.0,256,512,256,1024,268,119.905,207.2,120.927,0.0117
mixed,128,2,0.0156,4.0,256,512,512,2048,536,156.384,299.489,155.582,-0.0056
mixed,128,2,0.0156,4.0,256,512,1024,4096,1072,209.28,477.792,206.846,-0.0091
mixed,128,2,0.0156,4.0,256,512,2048,8192,2144,299.264,829.758,335.264,0.0679
mixed,128,2,0.0156,4.0,256,512,4096,16384,4288,485.054,1544.894,589.951,0.099
mixed,128,2,0.0156,4.0,256,1024,128,512,134,108.864,154.945,110.432,0.034
mixed,128,2,0.0156,4.0,256,1024,256,1024,268,118.622,222.176,119.678,0.0102
mixed,128,2,0.0156,4.0,256,1024,512,2048,536,156.064,314.079,154.015,-0.013
mixed,128,2,0.0156,4.0,256,1024,1024,4096,1072,222.816,491.455,223.232,0.0015
mixed,128,2,0.0156,4.0,256,1024,2048,8192,2144,318.142,849.758,333.184,0.0283
mixed,128,2,0.0156,4.0,256,1024,4096,16384,4288,505.088,1547.643,594.141,0.0854
mixed,128,2,0.0156,4.0,256,2048,128,512,134,128.896,160.96,128.416,-0.015
mixed,128,2,0.0156,4.0,256,2048,256,1024,268,134.368,215.104,135.168,0.0099
mixed,128,2,0.0156,4.0,256,2048,512,2048,536,162.431,348.096,159.872,-0.0138
mixed,128,2,0.0156,4.0,256,2048,1024,4096,1072,215.681,527.489,215.648,-0.0001
mixed,128,2,0.0156,4.0,256,2048,2048,8192,2144,347.84,879.421,346.398,-0.0027
mixed,128,2,0.0156,4.0,256,2048,4096,16384,4288,537.788,1594.076,584.256,0.044
mixed,128,2,0.0156,4.0,256,4096,128,512,134,150.878,186.143,148.831,-0.058
mixed,128,2,0.0156,4.0,256,4096,256,1024,268,166.496,223.584,167.968,0.0258
mixed,128,2,0.0156,4.0,256,4096,512,2048,536,183.809,339.422,186.335,0.0162
mixed,128,2,0.0156,4.0,256,4096,1024,4096,1072,222.976,590.813,225.312,0.0064
mixed,128,2,0.0156,4.0,256,4096,2048,8192,2144,338.751,951.934,341.151,0.0039
mixed,128,2,0.0156,4.0,256,4096,4096,16384,4288,603.713,1664.478,589.119,-0.0138
mixed,128,2,0.0156,4.0,256,8192,128,512,134,193.247,227.68,192.929,-0.0092
mixed,128,2,0.0156,4.0,256,8192,256,1024,268,198.847,275.584,198.976,0.0017
mixed,128,2,0.0156,4.0,256,8192,512,2048,536,228.927,349.566,229.725,0.0066
mixed,128,2,0.0156,4.0,256,8192,1024,4096,1072,281.056,574.976,280.897,-0.0005
mixed,128,2,0.0156,4.0,256,8192,2048,8192,2144,350.655,1086.526,354.145,0.0047
mixed,128,2,0.0156,4.0,256,8192,4096,16384,4288,592.863,1801.63,575.101,-0.0147
mixed,128,2,0.0156,4.0,512,0,128,512,134,91.711,158.781,108.191,0.2457
mixed,128,2,0.0156,4.0,512,0,256,1024,268,107.84,197.664,125.599,0.1977
mixed,128,2,0.0156,4.0,512,0,512,2048,536,156.16,293.47,154.307,-0.0135
mixed,128,2,0.0156,4.0,512,0,1024,4096,1072,199.137,476.959,205.024,0.0212
mixed,128,2,0.0156,4.0,512,0,2048,8192,2144,294.176,828.862,345.088,0.0952
mixed,128,2,0.0156,4.0,512,0,4096,16384,4288,485.566,1542.301,603.039,0.1112
mixed,128,2,0.0156,4.0,512,512,128,512,134,120.321,163.009,120.065,-0.006
mixed,128,2,0.0156,4.0,512,512,256,1024,268,127.202,217.056,126.304,-0.01
mixed,128,2,0.0156,4.0,512,512,512,2048,536,163.104,309.855,163.167,0.0004
mixed,128,2,0.0156,4.0,512,512,1024,4096,1072,217.443,489.374,217.025,-0.0015
mixed,128,2,0.0156,4.0,512,512,2048,8192,2144,311.264,842.721,337.76,0.0499
mixed,128,2,0.0156,4.0,512,512,4096,16384,4288,499.104,1551.132,598.208,0.0942
mixed,128,2,0.0156,4.0,512,1024,128,512,134,143.583,161.215,143.519,-0.0036
mixed,128,2,0.0156,4.0,512,1024,256,1024,268,146.274,226.848,145.44,-0.0104
mixed,128,2,0.0156,4.0,512,1024,512,2048,536,161.759,324.608,159.935,-0.0112
mixed,128,2,0.0156,4.0,512,1024,1024,4096,1072,227.712,500.993,225.408,-0.0084
mixed,128,2,0.0156,4.0,512,1024,2048,8192,2144,327.679,861.147,334.24,0.0123
mixed,128,2,0.0156,4.0,512,1024,4096,16384,4288,515.613,1565.725,595.071,0.0757
mixed,128,2,0.0156,4.0,512,2048,128,512,134,162.017,190.879,162.91,0.0309
mixed,128,2,0.0156,4.0,512,2048,256,1024,268,176.895,221.087,178.208,0.0297
mixed,128,2,0.0156,4.0,512,2048,512,2048,536,191.295,355.518,191.68,0.0023
mixed,128,2,0.0156,4.0,512,2048,1024,4096,1072,224.543,536.157,225.886,0.0043
mixed,128,2,0.0156,4.0,512,2048,2048,8192,2144,356.641,891.484,354.56,-0.0039
mixed,128,2,0.0156,4.0,512,2048,4096,16384,4288,549.918,1600.669,588.287,0.0365
mixed,128,2,0.0156,4.0,512,4096,128,512,134,201.408,243.455,200.192,-0.0289
mixed,128,2,0.0156,4.0,512,4096,256,1024,268,217.343,274.017,215.041,-0.0406
mixed,128,2,0.0156,4.0,512,4096,512,2048,536,245.44,347.424,245.088,-0.0035
mixed,128,2,0.0156,4.0,512,4096,1024,4096,1072,272.704,598.527,273.6,0.0027
mixed,128,2,0.0156,4.0,512,4096,2048,8192,2144,352.834,962.847,353.567,0.0012
mixed,128,2,0.0156,4.0,512,4096,4096,16384,4288,610.816,1668.828,593.853,-0.016
mixed,128,2,0.0156,4.0,512,8192,128,512,134,279.103,322.016,279.935,0.0194
mixed,128,2,0.0156,4.0,512,8192,256,1024,268,294.912,370.559,294.05,-0.0114
mixed,128,2,0.0156,4.0,512,8192,512,2048,536,322.527,436.639,323.452,0.0081
mixed,128,2,0.0156,4.0,512,8192,1024,4096,1072,375.198,599.04,373.727,-0.0066
mixed,128,2,0.0156,4.0,512,8192,2048,8192,2144,438.656,1093.15,438.465,-0.0003
mixed,128,2,0.0156,4.0,512,8192,4096,16384,4288,613.598,1807.9,609.631,-0.0033
mixed,128,2,0.0156,4.0,1024,0,128,512,134,115.616,154.688,114.719,-0.023
mixed,128,2,0.0156,4.0,1024,0,256,1024,268,133.151,201.758,130.656,-0.0364
mixed,128,2,0.0156,4.0,1024,0,512,2048,536,158.143,296.673,157.408,-0.0053
mixed,128,2,0.0156,4.0,1024,0,1024,4096,1072,203.104,476.032,214.146,0.0405
mixed,128,2,0.0156,4.0,1024,0,2048,8192,2144,298.848,823.837,388.862,0.1715
mixed,128,2,0.0156,4.0,1024,0,4096,16384,4288,483.488,1535.965,713.533,0.2186
mixed,128,2,0.0156,4.0,1024,512,128,512,134,132.447,175.262,132.288,-0.0037
mixed,128,2,0.0156,4.0,1024,512,256,1024,268,147.711,218.304,148.352,0.0091
mixed,128,2,0.0156,4.0,1024,512,512,2048,536,175.485,311.23,174.913,-0.0042
mixed,128,2,0.0156,4.0,1024,512,1024,4096,1072,222.56,485.887,220.992,-0.006
mixed,128,2,0.0156,4.0,1024,512,2048,8192,2144,316.51,843.805,389.054,0.1376
mixed,128,2,0.0156,4.0,1024,512,4096,16384,4288,503.872,1549.726,704.862,0.1922
mixed,128,2,0.0156,4.0,1024,1024,128,512,134,151.166,189.344,150.114,-0.0276
mixed,128,2,0.0156,4.0,1024,1024,256,1024,268,164.992,237.823,165.472,0.0066
mixed,128,2,0.0156,4.0,1024,1024,512,2048,536,191.04,330.015,194.272,0.0233
mixed,128,2,0.0156,4.0,1024,1024,1024,4096,1072,238.817,508.925,241.823,0.0111
mixed,128,2,0.0156,4.0,1024,1024,2048,8192,2144,333.567,857.632,387.166,0.1023
mixed,128,2,0.0156,4.0,1024,1024,4096,16384,4288,522.657,1563.836,702.493,0.1727
mixed,128,2,0.0156,4.0,1024,2048,128,512,134,185.889,227.904,185.12,-0.0183
mixed,128,2,0.0156,4.0,1024,2048,256,1024,268,203.071,271.329,202.176,-0.0131
mixed,128,2,0.0156,4.0,1024,2048,512,2048,536,229.887,368.832,232.224,0.0168
mixed,128,2,0.0156,4.0,1024,2048,1024,4096,1072,278.11,543.007,277.278,-0.0031
mixed,128,2,0.0156,4.0,1024,2048,2048,8192,2144,371.134,890.429,386.143,0.0289
mixed,128,2,0.0156,4.0,1024,2048,4096,16384,4288,554.206,1597.435,708.256,0.1477
mixed,128,2,0.0156,4.0,1024,4096,128,512,134,256.639,300.126,254.048,-0.0596
mixed,128,2,0.0156,4.0,1024,4096,256,1024,268,274.113,345.697,273.758,-0.005
mixed,128,2,0.0156,4.0,1024,4096,512,2048,536,299.488,434.495,298.688,-0.0059
mixed,128,2,0.0156,4.0,1024,4096,1024,4096,1072,347.202,605.44,349.79,0.01
mixed,128,2,0.0156,4.0,1024,4096,2048,8192,2144,437.695,959.614,443.039,0.0102
mixed,128,2,0.0156,4.0,1024,4096,4096,16384,4288,622.656,1663.967,699.647,0.0739
mixed,128,2,0.0156,4.0,1024,8192,128,512,134,405.375,443.038,406.463,0.0289
mixed,128,2,0.0156,4.0,1024,8192,256,1024,268,420.445,490.495,419.807,-0.0091
mixed,128,2,0.0156,4.0,1024,8192,512,2048,536,444.831,580.669,447.518,0.0198
mixed,128,2,0.0156,4.0,1024,8192,1024,4096,1072,491.197,752.42,491.837,0.0025
mixed,128,2,0.0156,4.0,1024,8192,2048,8192,2144,585.533,1106.111,588.799,0.0063
mixed,128,2,0.0156,4.0,1024,8192,4096,16384,4288,768.511,1813.627,770.559,0.002
mixed,128,2,0.0156,4.0,2048,0,128,512,134,191.677,230.592,190.848,-0.0213
mixed,128,2,0.0156,4.0,2048,0,256,1024,268,206.88,284.51,207.136,0.0033
mixed,128,2,0.0156,4.0,2048,0,512,2048,536,231.617,374.079,241.279,0.0678
mixed,128,2,0.0156,4.0,2048,0,1024,4096,1072,287.167,550.047,328.767,0.1582
mixed,128,2,0.0156,4.0,2048,0,2048,8192,2144,379.648,904.509,496.445,0.2225
mixed,128,2,0.0156,4.0,2048,0,4096,16384,4288,566.592,1613.052,815.166,0.2375
mixed,128,2,0.0156,4.0,2048,512,128,512,134,227.487,269.599,226.239,-0.0296
mixed,128,2,0.0156,4.0,2048,512,256,1024,268,241.31,316.767,241.697,0.0051
mixed,128,2,0.0156,4.0,2048,512,512,2048,536,268.354,411.037,267.424,-0.0065
mixed,128,2,0.0156,4.0,2048,512,1024,4096,1072,319.104,588.703,344.864,0.0955
mixed,128,2,0.0156,4.0,2048,512,2048,8192,2144,416.766,938.369,512.382,0.1833
mixed,128,2,0.0156,4.0,2048,512,4096,16384,4288,600.895,1646.909,832.96,0.2219
mixed,128,2,0.0156,4.0,2048,1024,128,512,134,262.816,302.945,262.816,0.0
mixed,128,2,0.0156,4.0,2048,1024,256,1024,268,278.944,355.743,277.12,-0.0238
mixed,128,2,0.0156,4.0,2048,1024,512,2048,536,306.112,442.047,305.023,-0.008
mixed,128,2,0.0156,4.0,2048,1024,1024,4096,1072,359.2,621.888,363.872,0.0178
mixed,128,2,0.0156,4.0,2048,1024,2048,8192,2144,447.135,972.253,526.559,0.1512
mixed,128,2,0.0156,4.0,2048,1024,4096,16384,4288,634.143,1687.003,846.335,0.2015
mixed,128,2,0.0156,4.0,2048,2048,128,512,134,338.878,377.598,339.453,0.0149
mixed,128,2,0.0156,4.0,2048,2048,256,1024,268,355.583,425.505,352.863,-0.0389
mixed,128,2,0.0156,4.0,2048,2048,512,2048,536,380.319,516.99,379.871,-0.0033
mixed,128,2,0.0156,4.0,2048,2048,1024,4096,1072,431.262,695.134,429.087,-0.0082
mixed,128,2,0.0156,4.0,2048,2048,2048,8192,2144,520.989,1046.045,568.126,0.0898
mixed,128,2,0.0156,4.0,2048,2048,4096,16384,4288,708.097,1755.131,884.383,0.1684
mixed,128,2,0.0156,4.0,2048,4096,128,512,134,485.885,524.512,485.088,-0.0206
mixed,128,2,0.0156,4.0,2048,4096,256,1024,268,501.087,575.391,499.071,-0.0271
mixed,128,2,0.0156,4.0,2048,4096,512,2048,536,528.671,663.196,525.021,-0.0271
mixed,128,2,0.0156,4.0,2048,4096,1024,4096,1072,576.544,837.823,572.512,-0.0154
mixed,128,2,0.0156,4.0,2048,4096,2048,8192,2144,664.798,1186.622,667.07,0.0044
mixed,128,2,0.0156,4.0,2048,4096,4096,16384,4288,849.151,1896.508,958.751,0.1046
mixed,128,2,0.0156,4.0,2048,8192,128,512,134,764.222,809.343,763.678,-0.0121
mixed,128,2,0.0156,4.0,2048,8192,256,1024,268,780.864,853.214,782.783,0.0265
mixed,128,2,0.0156,4.0,2048,8192,512,2048,536,808.895,938.877,808.798,-0.0007
mixed,128,2,0.0156,4.0,2048,8192,1024,4096,1072,857.729,1113.695,854.365,-0.0131
mixed,128,2,0.0156,4.0,2048,8192,2048,8192,2144,941.47,1455.582,939.102,-0.0046
mixed,128,2,0.0156,4.0,2048,8192,4096,16384,4288,1115.902,2171.772,1121.661,0.0055
pure,128,3,0.0234,4.0,0,0,128,512,137,64.161,119.072,76.703,0.2284
pure,128,3,0.0234,4.0,0,0,256,1024,274,78.593,166.301,97.63,0.217
pure,128,3,0.0234,4.0,0,0,512,2048,548,118.689,252.894,133.505,0.1104
pure,128,3,0.0234,4.0,0,0,1024,4096,1096,168.351,431.008,190.624,0.0848
pure,128,3,0.0234,4.0,0,0,2048,8192,2192,267.679,783.71,310.146,0.0823
pure,128,3,0.0234,4.0,0,0,4096,16384,4384,451.935,1486.333,539.837,0.085
mixed,128,3,0.0234,4.0,16,0,128,512,137,73.026,122.337,81.954,0.1811
mixed,128,3,0.0234,4.0,16,0,256,1024,274,83.743,176.257,106.399,0.2449
mixed,128,3,0.0234,4.0,16,0,512,2048,548,126.144,263.551,145.503,0.1409
mixed,128,3,0.0234,4.0,16,0,1024,4096,1096,174.431,447.84,209.343,0.1277
mixed,128,3,0.0234,4.0,16,0,2048,8192,2192,277.407,807.551,345.375,0.1282
mixed,128,3,0.0234,4.0,16,0,4096,16384,4384,467.104,1522.59,601.057,0.1269
mixed,128,3,0.0234,4.0,16,512,128,512,137,83.424,122.497,95.391,0.3063
mixed,128,3,0.0234,4.0,16,512,256,1024,274,95.008,174.88,106.11,0.139
mixed,128,3,0.0234,4.0,16,512,512,2048,548,124.19,262.56,147.904,0.1714
mixed,128,3,0.0234,4.0,16,512,1024,4096,1096,177.473,446.559,210.175,0.1215
mixed,128,3,0.0234,4.0,16,512,2048,8192,2192,280.096,802.652,343.615,0.1216
mixed,128,3,0.0234,4.0,16,512,4096,16384,4384,466.465,1520.348,602.751,0.1293
mixed,128,3,0.0234,4.0,16,1024,128,512,137,84.192,125.503,100.127,0.3857
mixed,128,3,0.0234,4.0,16,1024,256,1024,274,97.439,175.2,119.841,0.2881
mixed,128,3,0.0234,4.0,16,1024,512,2048,548,129.536,268.287,147.969,0.1328
mixed,128,3,0.0234,4.0,16,1024,1024,4096,1096,180.032,452.13,213.567,0.1232
mixed,128,3,0.0234,4.0,16,1024,2048,8192,2192,278.368,806.624,345.76,0.1276
mixed,128,3,0.0234,4.0,16,1024,4096,16384,4384,469.536,1522.078,604.894,0.1286
mixed,128,3,0.0234,4.0,16,2048,128,512,137,102.817,126.113,100.158,-0.1141
mixed,128,3,0.0234,4.0,16,2048,256,1024,274,118.624,176.285,121.568,0.0511
mixed,128,3,0.0234,4.0,16,2048,512,2048,548,128.065,265.408,155.169,0.1973
mixed,128,3,0.0234,4.0,16,2048,1024,4096,1096,175.039,448.895,212.736,0.1377
mixed,128,3,0.0234,4.0,16,2048,2048,8192,2192,280.671,809.021,345.663,0.123
mixed,128,3,0.0234,4.0,16,2048,4096,16384,4384,468.671,1522.076,600.478,0.1251
mixed,128,3,0.0234,4.0,16,4096,128,512,137,104.927,161.472,102.177,-0.0486
mixed,128,3,0.0234,4.0,16,4096,256,1024,274,120.415,176.802,121.792,0.0244
mixed,128,3,0.0234,4.0,16,4096,512,2048,548,159.328,268.446,157.12,-0.0202
mixed,128,3,0.0234,4.0,16,4096,1024,4096,1096,181.376,451.582,221.022,0.1467
mixed,128,3,0.0234,4.0,16,4096,2048,8192,2192,279.647,808.256,350.113,0.1333
mixed,128,3,0.0234,4.0,16,4096,4096,16384,4384,470.751,1525.405,602.303,0.1247
mixed,128,3,0.0234,4.0,16,8192,128,512,137,105.919,161.44,105.599,-0.0058
mixed,128,3,0.0234,4.0,16,8192,256,1024,274,123.232,216.607,122.016,-0.013
mixed,128,3,0.0234,4.0,16,8192,512,2048,548,162.272,267.549,156.798,-0.052
mixed,128,3,0.0234,4.0,16,8192,1024,4096,1096,222.206,454.688,221.695,-0.0022
mixed,128,3,0.0234,4.0,16,8192,2048,8192,2192,287.648,810.273,353.79,0.1266
mixed,128,3,0.0234,4.0,16,8192,4096,16384,4384,473.599,1522.558,608.478,0.1286
mixed,128,3,0.0234,4.0,32,0,128,512,137,71.102,123.424,93.857,0.4349
mixed,128,3,0.0234,4.0,32,0,256,1024,274,83.007,174.431,109.988,0.2951
mixed,128,3,0.0234,4.0,32,0,512,2048,548,123.553,269.375,146.464,0.1571
mixed,128,3,0.0234,4.0,32,0,1024,4096,1096,174.943,447.52,212.097,0.1363
mixed,128,3,0.0234,4.0,32,0,2048,8192,2192,279.583,806.558,346.912,0.1278
mixed,128,3,0.0234,4.0,32,0,4096,16384,4384,467.87,1518.845,605.25,0.1307
mixed,128,3,0.0234,4.0,32,512,128,512,137,84.735,125.28,95.294,0.2604
mixed,128,3,0.0234,4.0,32,512,256,1024,274,96.992,174.05,118.784,0.2828
mixed,128,3,0.0234,4.0,32,512,512,2048,548,128.703,267.743,155.81,0.195
mixed,128,3,0.0234,4.0,32,512,1024,4096,1096,176.063,447.935,210.496,0.1267
mixed,128,3,0.0234,4.0,32,512,2048,8192,2192,278.113,805.439,344.127,0.1252
mixed,128,3,0.0234,4.0,32,512,4096,16384,4384,472.575,1522.173,608.445,0.1294
mixed,128,3,0.0234,4.0,32,1024,128,512,137,100.705,122.402,100.864,0.0073
mixed,128,3,0.0234,4.0,32,1024,256,1024,274,110.368,174.976,120.062,0.15
mixed,128,3,0.0234,4.0,32,1024,512,2048,548,127.007,269.983,156.032,0.203
mixed,128,3,0.0234,4.0,32,1024,1024,4096,1096,176.926,450.592,222.814,0.1677
mixed,128,3,0.0234,4.0,32,1024,2048,8192,2192,282.145,807.103,347.903,0.1253
mixed,128,3,0.0234,4.0,32,1024,4096,16384,4384,475.744,1524.382,600.734,0.1192
mixed,128,3,0.0234,4.0,32,2048,128,512,137,100.768,148.094,102.081,0.0277
mixed,128,3,0.0234,4.0,32,2048,256,1024,274,118.463,174.976,119.934,0.026
mixed,128,3,0.0234,4.0,32,2048,512,2048,548,150.625,268.671,156.032,0.0458
mixed,128,3,0.0234,4.0,32,2048,1024,4096,1096,177.823,448.062,220.736,0.1588
mixed,128,3,0.0234,4.0,32,2048,2048,8192,2192,280.542,806.814,349.984,0.132
mixed,128,3,0.0234,4.0,32,2048,4096,16384,4384,468.098,1526.556,599.776,0.1244
mixed,128,3,0.0234,4.0,32,4096,128,512,137,107.04,157.472,107.36,0.0063
mixed,128,3,0.0234,4.0,32,4096,256,1024,274,120.929,214.336,124.064,0.0336
mixed,128,3,0.0234,4.0,32,4096,512,2048,548,160.16,270.943,156.928,-0.0292
mixed,128,3,0.0234,4.0,32,4096,1024,4096,1096,217.31,453.664,219.103,0.0076
mixed,128,3,0.0234,4.0,32,4096,2048,8192,2192,285.983,807.006,354.718,0.1319
mixed,128,3,0.0234,4.0,32,4096,4096,16384,4384,473.247,1526.174,604.288,0.1245
mixed,128,3,0.0234,4.0,32,8192,128,512,137,103.647,159.04,104.192,0.0098
mixed,128,3,0.0234,4.0,32,8192,256,1024,274,123.935,222.656,123.871,-0.0006
mixed,128,3,0.0234,4.0,32,8192,512,2048,548,160.96,345.758,161.823,0.0047
mixed,128,3,0.0234,4.0,32,8192,1024,4096,1096,223.136,458.461,221.984,-0.0049
mixed,128,3,0.0234,4.0,32,8192,2048,8192,2192,352.127,811.422,348.094,-0.0088
mixed,128,3,0.0234,4.0,32,8192,4096,16384,4384,473.469,1530.492,603.807,0.1233
mixed,128,3,0.0234,4.0,64,0,128,512,137,70.463,123.009,95.68,0.4799
mixed,128,3,0.0234,4.0,64,0,256,1024,274,83.423,173.374,110.976,0.3063
mixed,128,3,0.0234,4.0,64,0,512,2048,548,121.889,266.944,142.943,0.1451
mixed,128,3,0.0234,4.0,64,0,1024,4096,1096,173.823,450.56,210.369,0.1321
mixed,128,3,0.0234,4.0,64,0,2048,8192,2192,276.737,806.047,344.512,0.128
mixed,128,3,0.0234,4.0,64,0,4096,16384,4384,474.207,1518.461,602.207,0.1226
mixed,128,3,0.0234,4.0,64,512,128,512,137,95.519,123.713,97.92,0.0852
mixed,128,3,0.0234,4.0,64,512,256,1024,274,107.04,173.664,117.504,0.1571
mixed,128,3,0.0234,4.0,64,512,512,2048,548,125.407,269.6,155.263,0.2071
mixed,128,3,0.0234,4.0,64,512,1024,4096,1096,174.078,452.576,208.832,0.1248
mixed,128,3,0.0234,4.0,64,512,2048,8192,2192,282.528,808.223,344.318,0.1175
mixed,128,3,0.0234,4.0,64,512,4096,16384,4384,471.519,1524.158,603.421,0.1253
mixed,128,3,0.0234,4.0,64,1024,128,512,137,100.416,145.346,101.344,0.0207
mixed,128,3,0.0234,4.0,64,1024,256,1024,274,120.992,176.32,121.088,0.0017
mixed,128,3,0.0234,4.0,64,1024,512,2048,548,147.712,268.992,154.368,0.0549
mixed,128,3,0.0234,4.0,64,1024,1024,4096,1096,176.992,451.038,222.719,0.1669
mixed,128,3,0.0234,4.0,64,1024,2048,8192,2192,282.525,808.447,343.198,0.1154
mixed,128,3,0.0234,4.0,64,1024,4096,16384,4384,472.833,1527.806,601.566,0.122
mixed,128,3,0.0234,4.0,64,2048,128,512,137,103.648,154.081,107.356,0.0735
mixed,128,3,0.0234,4.0,64,2048,256,1024,274,120.607,211.392,120.767,0.0018
mixed,128,3,0.0234,4.0,64,2048,512,2048,548,156.608,266.462,154.848,-0.016
mixed,128,3,0.0234,4.0,64,2048,1024,4096,1096,210.784,452.927,215.391,0.019
mixed,128,3,0.0234,4.0,64,2048,2048,8192,2192,281.695,812.51,350.11,0.1289
mixed,128,3,0.0234,4.0,64,2048,4096,16384,4384,473.216,1527.197,597.729,0.1181
mixed,128,3,0.0234,4.0,64,4096,128,512,137,103.231,154.623,103.584,0.0069
mixed,128,3,0.0234,4.0,64,4096,256,1024,274,121.247,219.167,119.936,-0.0134
mixed,128,3,0.0234,4.0,64,4096,512,2048,548,156.191,341.824,153.952,-0.0121
mixed,128,3,0.0234,4.0,64,4096,1024,4096,1096,220.095,453.185,217.439,-0.0114
mixed,128,3,0.0234,4.0,64,4096,2048,8192,2192,354.848,816.447,351.422,-0.0074
mixed,128,3,0.0234,4.0,64,4096,4096,16384,4384,470.014,1530.14,606.559,0.1288
mixed,128,3,0.0234,4.0,64,8192,128,512,137,121.696,160.48,122.59,0.0231
mixed,128,3,0.0234,4.0,64,8192,256,1024,274,135.04,220.544,140.641,0.0655
mixed,128,3,0.0234,4.0,64,8192,512,2048,548,160.736,344.639,161.985,0.0068
mixed,128,3,0.0234,4.0,64,8192,1024,4096,1096,221.984,592.129,225.088,0.0084
mixed,128,3,0.0234,4.0,64,8192,2048,8192,2192,363.872,813.534,345.824,-0.0401
mixed,128,3,0.0234,4.0,64,8192,4096,16384,4384,609.15,1534.524,596.607,-0.0136
mixed,128,3,0.0234,4.0,128,0,128,512,137,81.503,138.205,95.039,0.2387
mixed,128,3,0.0234,4.0,128,0,256,1024,274,97.76,186.081,110.401,0.1431
mixed,128,3,0.0234,4.0,128,0,512,2048,548,143.584,273.822,144.094,0.0039
mixed,128,3,0.0234,4.0,128,0,1024,4096,1096,186.431,455.71,210.143,0.0881
mixed,128,3,0.0234,4.0,128,0,2048,8192,2192,283.424,813.663,341.407,0.1094
mixed,128,3,0.0234,4.0,128,0,4096,16384,4384,472.639,1523.772,600.863,0.122
mixed,128,3,0.0234,4.0,128,512,128,512,137,101.761,151.776,99.104,-0.0531
mixed,128,3,0.0234,4.0,128,512,256,1024,274,116.928,204.095,117.12,0.0022
mixed,128,3,0.0234,4.0,128,512,512,2048,548,155.97,292.864,152.801,-0.0231
mixed,128,3,0.0234,4.0,128,512,1024,4096,1096,206.176,473.376,205.792,-0.0014
mixed,128,3,0.0234,4.0,128,512,2048,8192,2192,305.343,824.414,340.544,0.0678
mixed,128,3,0.0234,4.0,128,512,4096,16384,4384,494.239,1530.175,600.128,0.1022
mixed,128,3,0.0234,4.0,128,1024,128,512,137,103.04,151.936,102.433,-0.0124
mixed,128,3,0.0234,4.0,128,1024,256,1024,274,121.345,222.143,120.544,-0.0079
mixed,128,3,0.0234,4.0,128,1024,512,2048,548,152.99,314.493,153.408,0.0026
mixed,128,3,0.0234,4.0,128,1024,1024,4096,1096,223.233,497.757,218.303,-0.018
mixed,128,3,0.0234,4.0,128,1024,2048,8192,2192,324.159,851.358,339.264,0.0287
mixed,128,3,0.0234,4.0,128,1024,4096,16384,4384,512.063,1548.254,599.424,0.0843
mixed,128,3,0.0234,4.0,128,2048,128,512,137,107.36,153.056,106.687,-0.0147
mixed,128,3,0.0234,4.0,128,2048,256,1024,274,121.729,216.51,119.104,-0.0277
mixed,128,3,0.0234,4.0,128,2048,512,2048,548,153.662,350.401,153.441,-0.0011
mixed,128,3,0.0234,4.0,128,2048,1024,4096,1096,215.938,532.255,215.201,-0.0023
mixed,128,3,0.0234,4.0,128,2048,2048,8192,2192,365.568,879.484,345.759,-0.0385
mixed,128,3,0.0234,4.0,128,2048,4096,16384,4384,549.534,1593.788,593.857,0.0424
mixed,128,3,0.0234,4.0,128,4096,128,512,137,122.24,152.576,122.338,0.0032
mixed,128,3,0.0234,4.0,128,4096,256,1024,274,138.527,214.369,136.833,-0.0223
mixed,128,3,0.0234,4.0,128,4096,512,2048,548,152.64,343.327,153.439,0.0042
mixed,128,3,0.0234,4.0,128,4096,1024,4096,1096,215.584,594.015,214.08,-0.004
mixed,128,3,0.0234,4.0,128,4096,2048,8192,2192,359.455,958.27,345.309,-0.0236
mixed,128,3,0.0234,4.0,128,4096,4096,16384,4384,627.84,1665.501,596.16,-0.0305
mixed,128,3,0.0234,4.0,128,8192,128,512,137,143.296,180.0,144.001,0.0192
mixed,128,3,0.0234,4.0,128,8192,256,1024,274,152.255,224.032,151.167,-0.0152
mixed,128,3,0.0234,4.0,128,8192,512,2048,548,178.687,338.752,181.823,0.0196
mixed,128,3,0.0234,4.0,128,8192,1024,4096,1096,219.424,586.977,227.55,0.0221
mixed,128,3,0.0234,4.0,128,8192,2048,8192,2192,354.209,1093.086,339.744,-0.0196
mixed,128,3,0.0234,4.0,128,8192,4096,16384,4384,618.913,1805.595,584.51,-0.029
mixed,128,3,0.0234,4.0,256,0,128,512,137,87.456,143.423,102.784,0.2739
mixed,128,3,0.0234,4.0,256,0,256,1024,274,99.712,188.287,113.888,0.16
mixed,128,3,0.0234,4.0,256,0,512,2048,548,142.559,281.311,141.472,-0.0078
mixed,128,3,0.0234,4.0,256,0,1024,4096,1096,189.216,461.918,209.887,0.0758
mixed,128,3,0.0234,4.0,256,0,2048,8192,2192,293.151,818.206,345.088,0.0989
mixed,128,3,0.0234,4.0,256,0,4096,16384,4384,486.687,1527.804,600.83,0.1096
mixed,128,3,0.0234,4.0,256,512,128,512,137,102.463,155.487,103.169,0.0133
mixed,128,3,0.0234,4.0,256,512,256,1024,274,121.185,205.504,121.314,0.0015
mixed,128,3,0.0234,4.0,256,512,512,2048,548,158.21,294.91,154.401,-0.0279
mixed,128,3,0.0234,4.0,256,512,1024,4096,1096,208.224,475.936,206.719,-0.0056
mixed,128,3,0.0234,4.0,256,512,2048,8192,2192,307.678,830.526,341.345,0.0644
mixed,128,3,0.0234,4.0,256,512,4096,16384,4384,496.384,1545.725,601.726,0.1004
mixed,128,3,0.0234,4.0,256,1024,128,512,137,109.409,154.462,108.384,-0.0228
mixed,128,3,0.0234,4.0,256,1024,256,1024,274,120.064,221.503,119.936,-0.0013
mixed,128,3,0.0234,4.0,256,1024,512,2048,548,155.424,315.903,153.088,-0.0146
mixed,128,3,0.0234,4.0,256,1024,1024,4096,1096,223.137,497.631,220.832,-0.0084
mixed,128,3,0.0234,4.0,256,1024,2048,8192,2192,326.718,850.271,339.198,0.0238
mixed,128,3,0.0234,4.0,256,1024,4096,16384,4384,517.888,1555.741,595.068,0.0744
mixed,128,3,0.0234,4.0,256,2048,128,512,137,128.608,162.623,128.672,0.0019
mixed,128,3,0.0234,4.0,256,2048,256,1024,274,136.833,213.855,135.52,-0.017
mixed,128,3,0.0234,4.0,256,2048,512,2048,548,160.382,349.954,159.808,-0.003
mixed,128,3,0.0234,4.0,256,2048,1024,4096,1096,218.559,527.454,214.687,-0.0125
mixed,128,3,0.0234,4.0,256,2048,2048,8192,2192,361.28,877.341,346.784,-0.0281
mixed,128,3,0.0234,4.0,256,2048,4096,16384,4384,550.206,1598.397,588.991,0.037
mixed,128,3,0.0234,4.0,256,4096,128,512,137,148.99,186.59,148.064,-0.0246
mixed,128,3,0.0234,4.0,256,4096,256,1024,274,167.039,225.311,167.584,0.0094
mixed,128,3,0.0234,4.0,256,4096,512,2048,548,185.918,340.351,185.088,-0.0054
mixed,128,3,0.0234,4.0,256,4096,1024,4096,1096,227.873,588.765,260.065,0.0892
mixed,128,3,0.0234,4.0,256,4096,2048,8192,2192,356.16,946.335,340.448,-0.0266
mixed,128,3,0.0234,4.0,256,4096,4096,16384,4384,618.909,1659.742,592.064,-0.0258
mixed,128,3,0.0234,4.0,256,8192,128,512,137,191.808,229.025,191.713,-0.0026
mixed,128,3,0.0234,4.0,256,8192,256,1024,274,199.263,277.344,199.519,0.0033
mixed,128,3,0.0234,4.0,256,8192,512,2048,548,227.391,349.342,231.135,0.0307
mixed,128,3,0.0234,4.0,256,8192,1024,4096,1096,278.337,576.221,279.647,0.0044
mixed,128,3,0.0234,4.0,256,8192,2048,8192,2192,366.142,1087.068,426.783,0.0841
mixed,128,3,0.0234,4.0,256,8192,4096,16384,4384,610.079,1800.699,578.271,-0.0267
mixed,128,3,0.0234,4.0,512,0,128,512,137,92.16,153.73,107.807,0.2541
mixed,128,3,0.0234,4.0,512,0,256,1024,274,108.224,197.054,124.831,0.187
mixed,128,3,0.0234,4.0,512,0,512,2048,548,155.488,293.663,153.728,-0.0127
mixed,128,3,0.0234,4.0,512,0,1024,4096,1096,205.696,476.223,213.183,0.0277
mixed,128,3,0.0234,4.0,512,0,2048,8192,2192,305.119,827.998,348.865,0.0837
mixed,128,3,0.0234,4.0,512,0,4096,16384,4384,495.743,1545.982,608.062,0.1069
mixed,128,3,0.0234,4.0,512,512,128,512,137,120.193,162.527,121.055,0.0204
mixed,128,3,0.0234,4.0,512,512,256,1024,274,126.815,217.568,127.039,0.0025
mixed,128,3,0.0234,4.0,512,512,512,2048,548,161.95,307.166,162.912,0.0066
mixed,128,3,0.0234,4.0,512,512,1024,4096,1096,218.72,489.92,216.959,-0.0065
mixed,128,3,0.0234,4.0,512,512,2048,8192,2192,320.352,841.791,343.935,0.0452
mixed,128,3,0.0234,4.0,512,512,4096,16384,4384,511.84,1554.718,601.246,0.0857
mixed,128,3,0.0234,4.0,512,1024,128,512,137,143.488,160.32,143.488,0.0
mixed,128,3,0.0234,4.0,512,1024,256,1024,274,146.112,226.495,147.04,0.0115
mixed,128,3,0.0234,4.0,512,1024,512,2048,548,159.808,324.862,161.473,0.0101
mixed,128,3,0.0234,4.0,512,1024,1024,4096,1096,228.033,504.318,227.038,-0.0036
mixed,128,3,0.0234,4.0,512,1024,2048,8192,2192,338.369,861.311,335.775,-0.005
mixed,128,3,0.0234,4.0,512,1024,4096,16384,4384,525.375,1571.581,597.79,0.0692
mixed,128,3,0.0234,4.0,512,2048,128,512,137,162.655,190.209,162.207,-0.0163
mixed,128,3,0.0234,4.0,512,2048,256,1024,274,179.2,223.423,176.928,-0.0514
mixed,128,3,0.0234,4.0,512,2048,512,2048,548,193.534,356.608,190.496,-0.0186
mixed,128,3,0.0234,4.0,512,2048,1024,4096,1096,226.464,538.368,260.289,0.1084
mixed,128,3,0.0234,4.0,512,2048,2048,8192,2192,368.126,888.735,354.654,-0.0259
mixed,128,3,0.0234,4.0,512,2048,4096,16384,4384,559.517,1602.78,586.527,0.0259
mixed,128,3,0.0234,4.0,512,4096,128,512,137,201.568,246.785,201.343,-0.005
mixed,128,3,0.0234,4.0,512,4096,256,1024,274,215.968,272.288,215.618,-0.0062
mixed,128,3,0.0234,4.0,512,4096,512,2048,548,245.119,346.72,260.959,0.1559
mixed,128,3,0.0234,4.0,512,4096,1024,4096,1096,273.79,596.8,284.96,0.0346
mixed,128,3,0.0234,4.0,512,4096,2048,8192,2192,366.43,959.966,426.08,0.1005
mixed,128,3,0.0234,4.0,512,4096,4096,16384,4384,624.319,1670.494,597.086,-0.026
mixed,128,3,0.0234,4.0,512,8192,128,512,137,279.392,322.43,280.289,0.0208
mixed,128,3,0.0234,4.0,512,8192,256,1024,274,295.104,370.43,294.528,-0.0076
mixed,128,3,0.0234,4.0,512,8192,512,2048,548,323.326,439.454,322.687,-0.0055
mixed,128,3,0.0234,4.0,512,8192,1024,4096,1096,373.983,599.101,424.865,0.226
mixed,128,3,0.0234,4.0,512,8192,2048,8192,2192,458.208,1092.478,486.559,0.0447
mixed,128,3,0.0234,4.0,512,8192,4096,16384,4384,630.365,1815.005,754.591,0.1049
mixed,128,3,0.0234,4.0,1024,0,128,512,137,115.392,156.258,115.39,-0.0
mixed,128,3,0.0234,4.0,1024,0,256,1024,274,133.182,201.183,132.033,-0.0169
mixed,128,3,0.0234,4.0,1024,0,512,2048,548,160.766,293.728,159.84,-0.007
mixed,128,3,0.0234,4.0,1024,0,1024,4096,1096,205.089,472.157,232.19,0.1015
mixed,128,3,0.0234,4.0,1024,0,2048,8192,2192,306.432,824.672,406.908,0.1939
mixed,128,3,0.0234,4.0,1024,0,4096,16384,4384,493.503,1529.725,715.167,0.2139
mixed,128,3,0.0234,4.0,1024,512,128,512,137,131.456,174.176,132.448,0.0232
mixed,128,3,0.0234,4.0,1024,512,256,1024,274,147.968,218.976,149.344,0.0194
mixed,128,3,0.0234,4.0,1024,512,512,2048,548,176.32,313.76,177.663,0.0098
mixed,128,3,0.0234,4.0,1024,512,1024,4096,1096,220.767,490.111,248.641,0.1035
mixed,128,3,0.0234,4.0,1024,512,2048,8192,2192,324.927,841.566,419.584,0.1832
mixed,128,3,0.0234,4.0,1024,512,4096,16384,4384,513.021,1548.861,743.39,0.2224
mixed,128,3,0.0234,4.0,1024,1024,128,512,137,150.175,192.256,149.312,-0.0205
mixed,128,3,0.0234,4.0,1024,1024,256,1024,274,165.889,238.625,166.976,0.0149
mixed,128,3,0.0234,4.0,1024,1024,512,2048,548,190.909,331.616,196.287,0.0382
mixed,128,3,0.0234,4.0,1024,1024,1024,4096,1096,240.256,508.958,266.111,0.0962
mixed,128,3,0.0234,4.0,1024,1024,2048,8192,2192,345.121,858.814,441.087,0.1868
mixed,128,3,0.0234,4.0,1024,1024,4096,16384,4384,526.785,1558.365,759.486,0.2256
mixed,128,3,0.0234,4.0,1024,2048,128,512,137,184.127,227.137,185.535,0.0327
mixed,128,3,0.0234,4.0,1024,2048,256,1024,274,201.984,271.55,200.83,-0.0166
mixed,128,3,0.0234,4.0,1024,2048,512,2048,548,227.199,368.063,231.776,0.0325
mixed,128,3,0.0234,4.0,1024,2048,1024,4096,1096,276.096,541.344,305.696,0.1116
mixed,128,3,0.0234,4.0,1024,2048,2048,8192,2192,378.944,896.191,476.606,0.1888
mixed,128,3,0.0234,4.0,1024,2048,4096,16384,4384,562.206,1596.348,792.927,0.2231
mixed,128,3,0.0234,4.0,1024,4096,128,512,137,256.447,297.856,255.998,-0.0108
mixed,128,3,0.0234,4.0,1024,4096,256,1024,274,274.784,343.967,275.616,0.012
mixed,128,3,0.0234,4.0,1024,4096,512,2048,548,302.047,437.439,299.872,-0.0161
mixed,128,3,0.0234,4.0,1024,4096,1024,4096,1096,346.144,608.735,378.27,0.1223
mixed,128,3,0.0234,4.0,1024,4096,2048,8192,2192,447.97,964.543,540.383,0.1789
mixed,128,3,0.0234,4.0,1024,4096,4096,16384,4384,633.631,1664.349,861.149,0.2207
mixed,128,3,0.0234,4.0,1024,8192,128,512,137,407.069,446.108,406.654,-0.0106
mixed,128,3,0.0234,4.0,1024,8192,256,1024,274,421.182,491.744,421.119,-0.0009
mixed,128,3,0.0234,4.0,1024,8192,512,2048,548,444.831,581.312,449.92,0.0373
mixed,128,3,0.0234,4.0,1024,8192,1024,4096,1096,493.726,752.22,495.964,0.0087
mixed,128,3,0.0234,4.0,1024,8192,2048,8192,2192,591.357,1106.752,687.1,0.1858
mixed,128,3,0.0234,4.0,1024,8192,4096,16384,4384,779.519,1809.244,1014.621,0.2283
mixed,128,3,0.0234,4.0,2048,0,128,512,137,191.712,230.56,189.728,-0.0511
mixed,128,3,0.0234,4.0,2048,0,256,1024,274,206.048,283.04,207.39,0.0174
mixed,128,3,0.0234,4.0,2048,0,512,2048,548,233.024,372.542,241.502,0.0608
mixed,128,3,0.0234,4.0,2048,0,1024,4096,1096,287.52,555.391,328.926,0.1546
mixed,128,3,0.0234,4.0,2048,0,2048,8192,2192,387.168,906.238,497.055,0.2117
mixed,128,3,0.0234,4.0,2048,0,4096,16384,4384,576.415,1612.667,820.253,0.2353
mixed,128,3,0.0234,4.0,2048,512,128,512,137,228.383,268.352,225.889,-0.0624
mixed,128,3,0.0234,4.0,2048,512,256,1024,274,241.662,317.759,242.207,0.0072
mixed,128,3,0.0234,4.0,2048,512,512,2048,548,272.673,409.279,270.27,-0.0176
mixed,128,3,0.0234,4.0,2048,512,1024,4096,1096,320.863,589.183,343.233,0.0834
mixed,128,3,0.0234,4.0,2048,512,2048,8192,2192,421.47,939.231,514.687,0.18
mixed,128,3,0.0234,4.0,2048,512,4096,16384,4384,610.558,1642.877,834.045,0.2165
mixed,128,3,0.0234,4.0,2048,1024,128,512,137,262.944,303.806,261.122,-0.0446
mixed,128,3,0.0234,4.0,2048,1024,256,1024,274,279.393,354.271,277.664,-0.0231
mixed,128,3,0.0234,4.0,2048,1024,512,2048,548,305.791,441.247,306.496,0.0052
mixed,128,3,0.0234,4.0,2048,1024,1024,4096,1096,357.889,620.35,361.952,0.0155
mixed,128,3,0.0234,4.0,2048,1024,2048,8192,2192,456.351,972.188,530.079,0.1429
mixed,128,3,0.0234,4.0,2048,1024,4096,16384,4384,643.102,1680.125,851.647,0.2011
mixed,128,3,0.0234,4.0,2048,2048,128,512,137,340.032,377.28,338.049,-0.0532
mixed,128,3,0.0234,4.0,2048,2048,256,1024,274,353.599,427.456,352.606,-0.0134
mixed,128,3,0.0234,4.0,2048,2048,512,2048,548,380.514,518.206,378.88,-0.0119
mixed,128,3,0.0234,4.0,2048,2048,1024,4096,1096,430.496,695.613,431.968,0.0056
mixed,128,3,0.0234,4.0,2048,2048,2048,8192,2192,531.423,1047.935,569.374,0.0735
mixed,128,3,0.0234,4.0,2048,2048,4096,16384,4384,713.118,1761.919,894.269,0.1727
mixed,128,3,0.0234,4.0,2048,4096,128,512,137,487.073,525.599,484.896,-0.0565
mixed,128,3,0.0234,4.0,2048,4096,256,1024,274,499.806,575.103,502.751,0.0391
mixed,128,3,0.0234,4.0,2048,4096,512,2048,548,525.697,661.183,525.248,-0.0033
mixed,128,3,0.0234,4.0,2048,4096,1024,4096,1096,575.487,839.424,574.334,-0.0044
mixed,128,3,0.0234,4.0,2048,4096,2048,8192,2192,672.992,1186.239,667.806,-0.0101
mixed,128,3,0.0234,4.0,2048,4096,4096,16384,4384,855.837,1897.66,970.621,0.1102
mixed,128,3,0.0234,4.0,2048,8192,128,512,137,764.638,811.678,767.423,0.0592
mixed,128,3,0.0234,4.0,2048,8192,256,1024,274,783.933,856.862,784.415,0.0066
mixed,128,3,0.0234,4.0,2048,8192,512,2048,548,810.911,937.853,813.373,0.0194
mixed,128,3,0.0234,4.0,2048,8192,1024,4096,1096,855.935,1107.87,855.519,-0.0017
mixed,128,3,0.0234,4.0,2048,8192,2048,8192,2192,951.486,1461.629,941.791,-0.019
mixed,128,3,0.0234,4.0,2048,8192,4096,16384,4384,1131.581,2167.452,1129.534,-0.002
pure,128,4,0.0312,4.0,0,0,128,512,140,64.704,120.542,77.087,0.2218
pure,128,4,0.0312,4.0,0,0,256,1024,280,79.583,167.392,95.359,0.1797
pure,128,4,0.0312,4.0,0,0,512,2048,560,118.848,254.848,132.448,0.1
pure,128,4,0.0312,4.0,0,0,1024,4096,1120,169.024,433.056,189.376,0.0771
pure,128,4,0.0312,4.0,0,0,2048,8192,2240,269.827,781.471,311.678,0.0818
pure,128,4,0.0312,4.0,0,0,4096,16384,4480,466.462,1497.565,541.087,0.0724
mixed,128,4,0.0312,4.0,16,0,128,512,140,71.616,121.694,95.359,0.4741
mixed,128,4,0.0312,4.0,16,0,256,1024,280,83.617,174.976,112.703,0.3184
mixed,128,4,0.0312,4.0,16,0,512,2048,560,125.183,264.19,146.751,0.1552
mixed,128,4,0.0312,4.0,16,0,1024,4096,1120,178.273,452.637,212.513,0.1248
mixed,128,4,0.0312,4.0,16,0,2048,8192,2240,276.479,806.369,349.152,0.1371
mixed,128,4,0.0312,4.0,16,0,4096,16384,4480,478.079,1517.309,607.806,0.1248
mixed,128,4,0.0312,4.0,16,512,128,512,140,83.872,127.488,95.71,0.2714
mixed,128,4,0.0312,4.0,16,512,256,1024,280,96.16,175.232,118.976,0.2885
mixed,128,4,0.0312,4.0,16,512,512,2048,560,128.799,265.472,156.864,0.2053
mixed,128,4,0.0312,4.0,16,512,1024,4096,1120,177.122,448.992,214.974,0.1392
mixed,128,4,0.0312,4.0,16,512,2048,8192,2240,278.462,811.678,345.182,0.1251
mixed,128,4,0.0312,4.0,16,512,4096,16384,4480,479.868,1520.187,606.751,0.122
mixed,128,4,0.0312,4.0,16,1024,128,512,140,83.839,121.246,99.361,0.4149
mixed,128,4,0.0312,4.0,16,1024,256,1024,280,100.223,176.96,120.607,0.2656
mixed,128,4,0.0312,4.0,16,1024,512,2048,560,125.729,265.121,154.305,0.205
mixed,128,4,0.0312,4.0,16,1024,1024,4096,1120,177.918,451.134,221.696,0.1602
mixed,128,4,0.0312,4.0,16,1024,2048,8192,2240,281.056,805.023,346.368,0.1246
mixed,128,4,0.0312,4.0,16,1024,4096,16384,4480,482.813,1523.008,606.27,0.1187
mixed,128,4,0.0312,4.0,16,2048,128,512,140,100.482,127.168,103.137,0.0995
mixed,128,4,0.0312,4.0,16,2048,256,1024,280,117.439,176.767,121.824,0.0739
mixed,128,4,0.0312,4.0,16,2048,512,2048,560,126.689,266.208,155.937,0.2096
mixed,128,4,0.0312,4.0,16,2048,1024,4096,1120,176.896,451.038,219.902,0.1569
mixed,128,4,0.0312,4.0,16,2048,2048,8192,2240,281.022,803.967,352.993,0.1376
mixed,128,4,0.0312,4.0,16,2048,4096,16384,4480,486.175,1524.765,605.823,0.1152
mixed,128,4,0.0312,4.0,16,4096,128,512,140,102.751,160.387,106.368,0.0628
mixed,128,4,0.0312,4.0,16,4096,256,1024,280,121.313,176.832,122.655,0.0242
mixed,128,4,0.0312,4.0,16,4096,512,2048,560,160.768,267.776,158.88,-0.0176
mixed,128,4,0.0312,4.0,16,4096,1024,4096,1120,178.143,455.2,221.247,0.1556
mixed,128,4,0.0312,4.0,16,4096,2048,8192,2240,279.681,807.839,355.168,0.1429
mixed,128,4,0.0312,4.0,16,4096,4096,16384,4480,480.16,1521.471,606.24,0.1211
mixed,128,4,0.0312,4.0,16,8192,128,512,140,104.832,161.055,105.632,0.0142
mixed,128,4,0.0312,4.0,16,8192,256,1024,280,123.68,221.022,124.255,0.0059
mixed,128,4,0.0312,4.0,16,8192,512,2048,560,162.431,270.463,156.991,-0.0504
mixed,128,4,0.0312,4.0,16,8192,1024,4096,1120,219.39,453.28,222.816,0.0146
mixed,128,4,0.0312,4.0,16,8192,2048,8192,2240,283.615,809.76,354.176,0.1341
mixed,128,4,0.0312,4.0,16,8192,4096,16384,4480,487.198,1532.221,604.062,0.1118
mixed,128,4,0.0312,4.0,32,0,128,512,140,71.23,124.127,98.111,0.5082
mixed,128,4,0.0312,4.0,32,0,256,1024,280,85.6,175.682,111.422,0.2866
mixed,128,4,0.0312,4.0,32,0,512,2048,560,125.889,264.252,146.208,0.1469
mixed,128,4,0.0312,4.0,32,0,1024,4096,1120,177.919,450.208,211.713,0.1241
mixed,128,4,0.0312,4.0,32,0,2048,8192,2240,279.36,809.789,347.005,0.1275
mixed,128,4,0.0312,4.0,32,0,4096,16384,4480,479.711,1519.518,604.639,0.1201
mixed,128,4,0.0312,4.0,32,512,128,512,140,82.977,126.208,96.32,0.3086
mixed,128,4,0.0312,4.0,32,512,256,1024,280,96.416,176.927,118.335,0.2722
mixed,128,4,0.0312,4.0,32,512,512,2048,560,126.622,265.311,158.015,0.2264
mixed,128,4,0.0312,4.0,32,512,1024,4096,1120,178.85,447.711,215.104,0.1348
mixed,128,4,0.0312,4.0,32,512,2048,8192,2240,279.133,803.455,346.527,0.1285
mixed,128,4,0.0312,4.0,32,512,4096,16384,4480,482.718,1523.325,606.783,0.1192
mixed,128,4,0.0312,4.0,32,1024,128,512,140,100.48,125.344,101.088,0.0245
mixed,128,4,0.0312,4.0,32,1024,256,1024,280,110.462,178.08,118.495,0.1188
mixed,128,4,0.0312,4.0,32,1024,512,2048,560,127.233,269.696,158.302,0.2181
mixed,128,4,0.0312,4.0,32,1024,1024,4096,1120,180.64,449.696,222.272,0.1547
mixed,128,4,0.0312,4.0,32,1024,2048,8192,2240,283.419,808.959,344.543,0.1163
mixed,128,4,0.0312,4.0,32,1024,4096,16384,4480,483.488,1525.213,607.04,0.1186
mixed,128,4,0.0312,4.0,32,2048,128,512,140,101.088,148.865,104.191,0.0649
mixed,128,4,0.0312,4.0,32,2048,256,1024,280,119.71,177.246,121.696,0.0345
mixed,128,4,0.0312,4.0,32,2048,512,2048,560,150.624,267.552,158.656,0.0687
mixed,128,4,0.0312,4.0,32,2048,1024,4096,1120,175.551,454.462,222.177,0.1672
mixed,128,4,0.0312,4.0,32,2048,2048,8192,2240,280.737,810.365,354.367,0.139
mixed,128,4,0.0312,4.0,32,2048,4096,16384,4480,483.232,1527.166,603.968,0.1157
mixed,128,4,0.0312,4.0,32,4096,128,512,140,106.496,162.336,108.095,0.0286
mixed,128,4,0.0312,4.0,32,4096,256,1024,280,121.12,217.089,123.745,0.0274
mixed,128,4,0.0312,4.0,32,4096,512,2048,560,159.713,272.863,157.918,-0.0159
mixed,128,4,0.0312,4.0,32,4096,1024,4096,1120,215.168,454.655,223.232,0.0337
mixed,128,4,0.0312,4.0,32,4096,2048,8192,2240,287.935,807.423,355.008,0.1291
mixed,128,4,0.0312,4.0,32,4096,4096,16384,4480,482.113,1526.589,603.806,0.1165
mixed,128,4,0.0312,4.0,32,8192,128,512,140,104.736,157.121,104.129,-0.0116
mixed,128,4,0.0312,4.0,32,8192,256,1024,280,124.384,221.6,122.401,-0.0204
mixed,128,4,0.0312,4.0,32,8192,512,2048,560,158.816,350.783,157.12,-0.0088
mixed,128,4,0.0312,4.0,32,8192,1024,4096,1120,223.201,453.121,221.214,-0.0086
mixed,128,4,0.0312,4.0,32,8192,2048,8192,2240,353.952,814.878,352.414,-0.0033
mixed,128,4,0.0312,4.0,32,8192,4096,16384,4480,488.861,1529.5,607.777,0.1143
mixed,128,4,0.0312,4.0,64,0,128,512,140,71.104,123.042,95.872,0.4769
mixed,128,4,0.0312,4.0,64,0,256,1024,280,83.328,172.64,112.322,0.3246
mixed,128,4,0.0312,4.0,64,0,512,2048,560,123.104,266.911,145.184,0.1535
mixed,128,4,0.0312,4.0,64,0,1024,4096,1120,179.103,451.774,208.256,0.1069
mixed,128,4,0.0312,4.0,64,0,2048,8192,2240,279.23,808.221,343.808,0.1221
mixed,128,4,0.0312,4.0,64,0,4096,16384,4480,487.904,1517.914,603.614,0.1123
mixed,128,4,0.0312,4.0,64,512,128,512,140,96.128,124.832,97.216,0.0379
mixed,128,4,0.0312,4.0,64,512,256,1024,280,108.159,171.936,116.895,0.137
mixed,128,4,0.0312,4.0,64,512,512,2048,560,129.121,266.687,155.681,0.1931
mixed,128,4,0.0312,4.0,64,512,1024,4096,1120,178.781,451.583,209.791,0.1137
mixed,128,4,0.0312,4.0,64,512,2048,8192,2240,278.879,804.256,342.078,0.1203
mixed,128,4,0.0312,4.0,64,512,4096,16384,4480,480.415,1525.853,605.279,0.1194
mixed,128,4,0.0312,4.0,64,1024,128,512,140,101.056,149.28,100.352,-0.0146
mixed,128,4,0.0312,4.0,64,1024,256,1024,280,120.097,175.136,119.775,-0.0059
mixed,128,4,0.0312,4.0,64,1024,512,2048,560,146.333,268.672,156.481,0.0829
mixed,128,4,0.0312,4.0,64,1024,1024,4096,1120,179.839,450.24,218.399,0.1426
mixed,128,4,0.0312,4.0,64,1024,2048,8192,2240,281.888,812.095,343.967,0.1171
mixed,128,4,0.0312,4.0,64,1024,4096,16384,4480,480.479,1524.38,602.528,0.1169
mixed,128,4,0.0312,4.0,64,2048,128,512,140,104.609,155.105,105.949,0.0265
mixed,128,4,0.0312,4.0,64,2048,256,1024,280,120.16,212.801,122.464,0.0249
mixed,128,4,0.0312,4.0,64,2048,512,2048,560,155.295,269.791,155.104,-0.0017
mixed,128,4,0.0312,4.0,64,2048,1024,4096,1120,217.568,452.512,218.72,0.0049
mixed,128,4,0.0312,4.0,64,2048,2048,8192,2240,283.84,809.663,350.912,0.1276
mixed,128,4,0.0312,4.0,64,2048,4096,16384,4480,485.472,1530.524,600.576,0.1101
mixed,128,4,0.0312,4.0,64,4096,128,512,140,103.136,155.264,103.681,0.0105
mixed,128,4,0.0312,4.0,64,4096,256,1024,280,122.847,218.048,121.055,-0.0188
mixed,128,4,0.0312,4.0,64,4096,512,2048,560,155.071,342.785,154.495,-0.0031
mixed,128,4,0.0312,4.0,64,4096,1024,4096,1120,221.793,451.968,217.439,-0.0189
mixed,128,4,0.0312,4.0,64,4096,2048,8192,2240,351.073,814.654,347.744,-0.0072
mixed,128,4,0.0312,4.0,64,4096,4096,16384,4480,487.584,1527.933,606.079,0.1139
mixed,128,4,0.0312,4.0,64,8192,128,512,140,122.655,160.48,122.784,0.0034
mixed,128,4,0.0312,4.0,64,8192,256,1024,280,135.777,218.752,138.08,0.0278
mixed,128,4,0.0312,4.0,64,8192,512,2048,560,157.472,343.23,160.928,0.0186
mixed,128,4,0.0312,4.0,64,8192,1024,4096,1120,225.601,588.896,221.822,-0.0104
mixed,128,4,0.0312,4.0,64,8192,2048,8192,2240,363.264,812.445,344.735,-0.0413
mixed,128,4,0.0312,4.0,64,8192,4096,16384,4480,609.471,1533.95,595.487,-0.0151
mixed,128,4,0.0312,4.0,128,0,128,512,140,81.726,137.442,97.793,0.2884
mixed,128,4,0.0312,4.0,128,0,256,1024,280,96.992,184.738,111.169,0.1616
mixed,128,4,0.0312,4.0,128,0,512,2048,560,139.104,274.272,143.264,0.0308
mixed,128,4,0.0312,4.0,128,0,1024,4096,1120,187.009,450.143,212.096,0.0953
mixed,128,4,0.0312,4.0,128,0,2048,8192,2240,284.799,810.623,345.536,0.1155
mixed,128,4,0.0312,4.0,128,0,4096,16384,4480,487.551,1526.237,599.965,0.1082
mixed,128,4,0.0312,4.0,128,512,128,512,140,99.2,151.97,100.959,0.0333
mixed,128,4,0.0312,4.0,128,512,256,1024,280,117.663,201.73,119.263,0.019
mixed,128,4,0.0312,4.0,128,512,512,2048,560,155.901,296.609,155.551,-0.0025
mixed,128,4,0.0312,4.0,128,512,1024,4096,1120,211.585,471.455,209.277,-0.0089
mixed,128,4,0.0312,4.0,128,512,2048,8192,2240,305.377,821.565,343.326,0.0735
mixed,128,4,0.0312,4.0,128,512,4096,16384,4480,506.717,1536.445,601.312,0.0919
mixed,128,4,0.0312,4.0,128,1024,128,512,140,103.039,153.982,103.775,0.0144
mixed,128,4,0.0312,4.0,128,1024,256,1024,280,122.624,218.88,119.616,-0.0313
mixed,128,4,0.0312,4.0,128,1024,512,2048,560,154.817,318.592,152.895,-0.0117
mixed,128,4,0.0312,4.0,128,1024,1024,4096,1120,222.944,494.495,219.039,-0.0144
mixed,128,4,0.0312,4.0,128,1024,2048,8192,2240,326.816,850.494,345.472,0.0356
mixed,128,4,0.0312,4.0,128,1024,4096,16384,4480,523.999,1551.935,598.014,0.072
mixed,128,4,0.0312,4.0,128,2048,128,512,140,107.39,154.24,106.081,-0.0279
mixed,128,4,0.0312,4.0,128,2048,256,1024,280,122.559,214.944,119.616,-0.0319
mixed,128,4,0.0312,4.0,128,2048,512,2048,560,153.537,348.416,153.246,-0.0015
mixed,128,4,0.0312,4.0,128,2048,1024,4096,1120,217.119,529.855,213.986,-0.01
mixed,128,4,0.0312,4.0,128,2048,2048,8192,2240,363.168,879.583,347.967,-0.0294
mixed,128,4,0.0312,4.0,128,2048,4096,16384,4480,561.792,1595.1,599.966,0.0369
mixed,128,4,0.0312,4.0,128,4096,128,512,140,123.678,153.089,123.742,0.0022
mixed,128,4,0.0312,4.0,128,4096,256,1024,280,139.328,213.407,136.671,-0.0359
mixed,128,4,0.0312,4.0,128,4096,512,2048,560,153.344,341.409,153.568,0.0012
mixed,128,4,0.0312,4.0,128,4096,1024,4096,1120,219.488,593.823,215.744,-0.01
mixed,128,4,0.0312,4.0,128,4096,2048,8192,2240,356.447,958.782,344.16,-0.0204
mixed,128,4,0.0312,4.0,128,4096,4096,16384,4480,633.664,1664.155,593.726,-0.0388
mixed,128,4,0.0312,4.0,128,8192,128,512,140,144.577,179.489,144.224,-0.0101
mixed,128,4,0.0312,4.0,128,8192,256,1024,280,150.527,221.055,150.24,-0.0041
mixed,128,4,0.0312,4.0,128,8192,512,2048,560,180.257,340.704,180.51,0.0016
mixed,128,4,0.0312,4.0,128,8192,1024,4096,1120,224.576,585.087,228.865,0.0119
mixed,128,4,0.0312,4.0,128,8192,2048,8192,2240,353.856,1094.462,341.984,-0.016
mixed,128,4,0.0312,4.0,128,8192,4096,16384,4480,633.79,1805.563,584.029,-0.0425
mixed,128,4,0.0312,4.0,256,0,128,512,140,86.208,142.592,101.12,0.2645
mixed,128,4,0.0312,4.0,256,0,256,1024,280,99.457,187.009,115.649,0.1849
mixed,128,4,0.0312,4.0,256,0,512,2048,560,144.386,278.401,142.143,-0.0167
mixed,128,4,0.0312,4.0,256,0,1024,4096,1120,192.032,458.144,208.256,0.061
mixed,128,4,0.0312,4.0,256,0,2048,8192,2240,291.615,813.565,345.888,0.104
mixed,128,4,0.0312,4.0,256,0,4096,16384,4480,491.359,1526.685,605.215,0.11
mixed,128,4,0.0312,4.0,256,512,128,512,140,102.975,157.217,104.321,0.0248
mixed,128,4,0.0312,4.0,256,512,256,1024,280,121.696,208.416,121.888,0.0022
mixed,128,4,0.0312,4.0,256,512,512,2048,560,157.437,298.079,156.577,-0.0061
mixed,128,4,0.0312,4.0,256,512,1024,4096,1120,209.568,479.294,204.959,-0.0171
mixed,128,4,0.0312,4.0,256,512,2048,8192,2240,311.423,832.604,341.313,0.0574
mixed,128,4,0.0312,4.0,256,512,4096,16384,4480,507.424,1536.669,600.833,0.0908
mixed,128,4,0.0312,4.0,256,1024,128,512,140,109.696,156.895,110.88,0.0251
mixed,128,4,0.0312,4.0,256,1024,256,1024,280,120.064,221.248,119.328,-0.0073
mixed,128,4,0.0312,4.0,256,1024,512,2048,560,155.458,315.552,154.016,-0.009
mixed,128,4,0.0312,4.0,256,1024,1024,4096,1120,221.825,495.455,221.664,-0.0006
mixed,128,4,0.0312,4.0,256,1024,2048,8192,2240,327.328,852.637,336.607,0.0177
mixed,128,4,0.0312,4.0,256,1024,4096,16384,4480,525.375,1554.685,600.317,0.0728
mixed,128,4,0.0312,4.0,256,2048,128,512,140,129.503,161.887,127.519,-0.0613
mixed,128,4,0.0312,4.0,256,2048,256,1024,280,136.096,215.871,135.009,-0.0136
mixed,128,4,0.0312,4.0,256,2048,512,2048,560,160.352,347.453,174.562,0.0759
mixed,128,4,0.0312,4.0,256,2048,1024,4096,1120,217.823,525.982,215.582,-0.0073
mixed,128,4,0.0312,4.0,256,2048,2048,8192,2240,363.935,880.702,348.351,-0.0302
mixed,128,4,0.0312,4.0,256,2048,4096,16384,4480,561.278,1597.021,593.885,0.0315
mixed,128,4,0.0312,4.0,256,4096,128,512,140,149.375,185.375,150.814,0.04
mixed,128,4,0.0312,4.0,256,4096,256,1024,280,165.569,225.632,168.095,0.0421
mixed,128,4,0.0312,4.0,256,4096,512,2048,560,185.056,340.735,185.472,0.0027
mixed,128,4,0.0312,4.0,256,4096,1024,4096,1120,226.177,587.327,262.655,0.101
mixed,128,4,0.0312,4.0,256,4096,2048,8192,2240,359.326,949.086,340.191,-0.0324
mixed,128,4,0.0312,4.0,256,4096,4096,16384,4480,629.535,1660.189,590.43,-0.0379
mixed,128,4,0.0312,4.0,256,8192,128,512,140,191.937,228.191,193.472,0.0423
mixed,128,4,0.0312,4.0,256,8192,256,1024,280,199.936,273.247,200.703,0.0105
mixed,128,4,0.0312,4.0,256,8192,512,2048,560,228.352,350.463,230.208,0.0152
mixed,128,4,0.0312,4.0,256,8192,1024,4096,1120,284.096,580.639,282.56,-0.0052
mixed,128,4,0.0312,4.0,256,8192,2048,8192,2240,367.967,1088.51,428.8,0.0844
mixed,128,4,0.0312,4.0,256,8192,4096,16384,4480,627.325,1804.381,577.213,-0.0426
mixed,128,4,0.0312,4.0,512,0,128,512,140,91.776,153.984,108.192,0.2639
mixed,128,4,0.0312,4.0,512,0,256,1024,280,107.295,197.377,126.528,0.2135
mixed,128,4,0.0312,4.0,512,0,512,2048,560,155.168,294.686,156.159,0.0071
mixed,128,4,0.0312,4.0,512,0,1024,4096,1120,205.054,475.583,214.014,0.0331
mixed,128,4,0.0312,4.0,512,0,2048,8192,2240,306.848,826.272,352.319,0.0875
mixed,128,4,0.0312,4.0,512,0,4096,16384,4480,509.981,1544.894,610.238,0.0969
mixed,128,4,0.0312,4.0,512,512,128,512,140,120.383,162.113,120.639,0.0061
mixed,128,4,0.0312,4.0,512,512,256,1024,280,126.496,215.391,131.776,0.0594
mixed,128,4,0.0312,4.0,512,512,512,2048,560,164.063,309.185,164.512,0.0031
mixed,128,4,0.0312,4.0,512,512,1024,4096,1120,217.056,490.909,218.433,0.005
mixed,128,4,0.0312,4.0,512,512,2048,8192,2240,322.143,842.431,346.241,0.0463
mixed,128,4,0.0312,4.0,512,512,4096,16384,4480,521.246,1556.286,604.224,0.0802
mixed,128,4,0.0312,4.0,512,1024,128,512,140,145.28,159.903,142.686,-0.1774
mixed,128,4,0.0312,4.0,512,1024,256,1024,280,145.918,225.213,146.08,0.002
mixed,128,4,0.0312,4.0,512,1024,512,2048,560,159.553,326.753,177.278,0.106
mixed,128,4,0.0312,4.0,512,1024,1024,4096,1120,228.257,502.88,226.337,-0.007
mixed,128,4,0.0312,4.0,512,1024,2048,8192,2240,338.59,862.782,340.575,0.0038
mixed,128,4,0.0312,4.0,512,1024,4096,16384,4480,535.873,1575.037,598.848,0.0606
mixed,128,4,0.0312,4.0,512,2048,128,512,140,163.551,190.656,162.078,-0.0543
mixed,128,4,0.0312,4.0,512,2048,256,1024,280,176.928,223.137,177.312,0.0083
mixed,128,4,0.0312,4.0,512,2048,512,2048,560,191.936,355.968,194.015,0.0127
mixed,128,4,0.0312,4.0,512,2048,1024,4096,1120,227.169,538.305,261.728,0.1111
mixed,128,4,0.0312,4.0,512,2048,2048,8192,2240,368.544,890.815,353.663,-0.0285
mixed,128,4,0.0312,4.0,512,2048,4096,16384,4480,567.52,1604.54,590.593,0.0222
mixed,128,4,0.0312,4.0,512,4096,128,512,140,201.216,244.288,201.472,0.0059
mixed,128,4,0.0312,4.0,512,4096,256,1024,280,217.759,272.928,217.184,-0.0104
mixed,128,4,0.0312,4.0,512,4096,512,2048,560,245.696,347.39,257.92,0.1202
mixed,128,4,0.0312,4.0,512,4096,1024,4096,1120,273.853,596.83,283.136,0.0287
mixed,128,4,0.0312,4.0,512,4096,2048,8192,2240,365.535,963.902,427.936,0.1043
mixed,128,4,0.0312,4.0,512,4096,4096,16384,4480,636.159,1671.228,599.105,-0.0358
mixed,128,4,0.0312,4.0,512,8192,128,512,140,279.679,324.225,280.736,0.0237
mixed,128,4,0.0312,4.0,512,8192,256,1024,280,296.608,371.456,295.969,-0.0085
mixed,128,4,0.0312,4.0,512,8192,512,2048,560,322.335,437.662,324.929,0.0225
mixed,128,4,0.0312,4.0,512,8192,1024,4096,1120,374.911,599.199,426.367,0.2294
mixed,128,4,0.0312,4.0,512,8192,2048,8192,2240,460.832,1093.981,486.495,0.0405
mixed,128,4,0.0312,4.0,512,8192,4096,16384,4480,643.649,1811.932,755.711,0.0959
mixed,128,4,0.0312,4.0,1024,0,128,512,140,115.488,156.287,115.617,0.0032
mixed,128,4,0.0312,4.0,1024,0,256,1024,280,133.057,198.975,132.99,-0.001
mixed,128,4,0.0312,4.0,1024,0,512,2048,560,161.09,292.576,162.593,0.0114
mixed,128,4,0.0312,4.0,1024,0,1024,4096,1120,206.687,474.11,233.759,0.1012
mixed,128,4,0.0312,4.0,1024,0,2048,8192,2240,311.711,826.111,407.134,0.1855
mixed,128,4,0.0312,4.0,1024,0,4096,16384,4480,505.375,1536.991,726.846,0.2147
mixed,128,4,0.0312,4.0,1024,512,128,512,140,132.543,175.614,132.224,-0.0074
mixed,128,4,0.0312,4.0,1024,512,256,1024,280,148.001,216.0,149.342,0.0197
mixed,128,4,0.0312,4.0,1024,512,512,2048,560,178.207,313.215,175.87,-0.0173
mixed,128,4,0.0312,4.0,1024,512,1024,4096,1120,225.153,488.958,250.367,0.0956
mixed,128,4,0.0312,4.0,1024,512,2048,8192,2240,329.151,840.958,423.743,0.1848
mixed,128,4,0.0312,4.0,1024,512,4096,16384,4480,522.558,1551.613,746.623,0.2177
mixed,128,4,0.0312,4.0,1024,1024,128,512,140,150.145,191.521,150.305,0.0039
mixed,128,4,0.0312,4.0,1024,1024,256,1024,280,164.896,236.448,168.319,0.0478
mixed,128,4,0.0312,4.0,1024,1024,512,2048,560,193.697,331.744,195.073,0.01
mixed,128,4,0.0312,4.0,1024,1024,1024,4096,1120,244.99,505.535,269.952,0.0958
mixed,128,4,0.0312,4.0,1024,1024,2048,8192,2240,347.488,857.917,444.192,0.1895
mixed,128,4,0.0312,4.0,1024,1024,4096,16384,4480,541.92,1565.053,760.191,0.2133
mixed,128,4,0.0312,4.0,1024,2048,128,512,140,186.942,227.263,185.569,-0.0341
mixed,128,4,0.0312,4.0,1024,2048,256,1024,280,202.431,271.776,202.752,0.0046
mixed,128,4,0.0312,4.0,1024,2048,512,2048,560,230.783,370.848,230.975,0.0014
mixed,128,4,0.0312,4.0,1024,2048,1024,4096,1120,278.207,540.256,309.729,0.1203
mixed,128,4,0.0312,4.0,1024,2048,2048,8192,2240,381.246,893.695,477.343,0.1875
mixed,128,4,0.0312,4.0,1024,2048,4096,16384,4480,577.023,1597.917,798.558,0.217
mixed,128,4,0.0312,4.0,1024,4096,128,512,140,255.839,297.695,254.911,-0.0222
mixed,128,4,0.0312,4.0,1024,4096,256,1024,280,275.167,344.095,276.193,0.0149
mixed,128,4,0.0312,4.0,1024,4096,512,2048,560,301.503,435.135,301.759,0.0019
mixed,128,4,0.0312,4.0,1024,4096,1024,4096,1120,348.8,606.782,378.657,0.1157
mixed,128,4,0.0312,4.0,1024,4096,2048,8192,2240,446.977,957.248,544.543,0.1912
mixed,128,4,0.0312,4.0,1024,4096,4096,16384,4480,641.887,1666.589,873.982,0.2265
mixed,128,4,0.0312,4.0,1024,8192,128,512,140,405.952,446.815,408.381,0.0594
mixed,128,4,0.0312,4.0,1024,8192,256,1024,280,423.167,492.576,423.809,0.0092
mixed,128,4,0.0312,4.0,1024,8192,512,2048,560,444.127,582.204,450.302,0.0447
mixed,128,4,0.0312,4.0,1024,8192,1024,4096,1120,493.728,752.542,499.264,0.0214
mixed,128,4,0.0312,4.0,1024,8192,2048,8192,2240,593.056,1105.247,693.983,0.197
mixed,128,4,0.0312,4.0,1024,8192,4096,16384,4480,787.293,1811.163,1018.911,0.2262
mixed,128,4,0.0312,4.0,2048,0,128,512,140,190.655,232.224,192.095,0.0346
mixed,128,4,0.0312,4.0,2048,0,256,1024,280,206.815,282.625,210.463,0.0481
mixed,128,4,0.0312,4.0,2048,0,512,2048,560,235.042,375.04,243.327,0.0592
mixed,128,4,0.0312,4.0,2048,0,1024,4096,1120,288.705,552.574,330.304,0.1577
mixed,128,4,0.0312,4.0,2048,0,2048,8192,2240,390.945,901.887,499.39,0.2122
mixed,128,4,0.0312,4.0,2048,0,4096,16384,4480,586.111,1615.357,829.054,0.236
mixed,128,4,0.0312,4.0,2048,512,128,512,140,226.848,266.975,226.464,-0.0096
mixed,128,4,0.0312,4.0,2048,512,256,1024,280,241.504,317.982,239.646,-0.0243
mixed,128,4,0.0312,4.0,2048,512,512,2048,560,269.854,411.358,271.136,0.0091
mixed,128,4,0.0312,4.0,2048,512,1024,4096,1120,324.735,591.199,347.519,0.0855
mixed,128,4,0.0312,4.0,2048,512,2048,8192,2240,423.999,937.214,518.497,0.1841
mixed,128,4,0.0312,4.0,2048,512,4096,16384,4480,621.599,1651.869,842.272,0.2142
mixed,128,4,0.0312,4.0,2048,1024,128,512,140,263.9,301.856,261.92,-0.0522
mixed,128,4,0.0312,4.0,2048,1024,256,1024,280,280.255,353.887,277.919,-0.0317
mixed,128,4,0.0312,4.0,2048,1024,512,2048,560,305.278,443.584,307.904,0.019
mixed,128,4,0.0312,4.0,2048,1024,1024,4096,1120,361.887,622.046,363.328,0.0055
mixed,128,4,0.0312,4.0,2048,1024,2048,8192,2240,458.912,969.791,531.679,0.1424
mixed,128,4,0.0312,4.0,2048,1024,4096,16384,4480,655.935,1678.556,859.518,0.1991
mixed,128,4,0.0312,4.0,2048,2048,128,512,140,338.719,376.703,337.727,-0.0261
mixed,128,4,0.0312,4.0,2048,2048,256,1024,280,354.559,426.08,354.399,-0.0022
mixed,128,4,0.0312,4.0,2048,2048,512,2048,560,379.104,518.367,382.206,0.0223
mixed,128,4,0.0312,4.0,2048,2048,1024,4096,1120,432.961,694.814,431.806,-0.0044
mixed,128,4,0.0312,4.0,2048,2048,2048,8192,2240,529.471,1045.278,573.855,0.086
mixed,128,4,0.0312,4.0,2048,2048,4096,16384,4480,724.061,1756.156,893.952,0.1646
mixed,128,4,0.0312,4.0,2048,4096,128,512,140,485.341,523.101,484.669,-0.0178
mixed,128,4,0.0312,4.0,2048,4096,256,1024,280,501.44,574.078,499.872,-0.0216
mixed,128,4,0.0312,4.0,2048,4096,512,2048,560,526.078,660.159,527.297,0.0091
mixed,128,4,0.0312,4.0,2048,4096,1024,4096,1120,576.479,836.955,576.992,0.002
mixed,128,4,0.0312,4.0,2048,4096,2048,8192,2240,672.317,1187.87,677.629,0.0103
mixed,128,4,0.0312,4.0,2048,4096,4096,16384,4480,868.83,1899.994,976.318,0.1042
mixed,128,4,0.0312,4.0,2048,8192,128,512,140,768.126,809.503,766.146,-0.0479
mixed,128,4,0.0312,4.0,2048,8192,256,1024,280,784.701,855.199,783.008,-0.024
mixed,128,4,0.0312,4.0,2048,8192,512,2048,560,810.56,938.846,812.061,0.0117
mixed,128,4,0.0312,4.0,2048,8192,1024,4096,1120,859.519,1112.767,854.623,-0.0193
mixed,128,4,0.0312,4.0,2048,8192,2048,8192,2240,952.67,1460.701,948.16,-0.0089
mixed,128,4,0.0312,4.0,2048,8192,4096,16384,4480,1144.703,2169.595,1140.06,-0.0045
pure,128,8,0.0625,4.0,0,0,128,512,152,65.823,117.95,85.442,0.3764
pure,128,8,0.0625,4.0,0,0,256,1024,304,80.545,169.246,107.103,0.2994
pure,128,8,0.0625,4.0,0,0,512,2048,608,122.655,255.328,139.04,0.1235
pure,128,8,0.0625,4.0,0,0,1024,4096,1216,179.103,431.039,198.653,0.0776
pure,128,8,0.0625,4.0,0,0,2048,8192,2432,287.2,783.615,316.927,0.0599
pure,128,8,0.0625,4.0,0,0,4096,16384,4864,498.75,1496.254,543.105,0.0445
mixed,128,8,0.0625,4.0,16,0,128,512,152,71.711,122.495,94.85,0.4556
mixed,128,8,0.0625,4.0,16,0,256,1024,304,86.048,171.648,117.152,0.3634
mixed,128,8,0.0625,4.0,16,0,512,2048,608,128.768,264.384,151.456,0.1673
mixed,128,8,0.0625,4.0,16,0,1024,4096,1216,186.719,453.247,221.248,0.1296
mixed,128,8,0.0625,4.0,16,0,2048,8192,2432,298.847,803.966,352.895,0.107
mixed,128,8,0.0625,4.0,16,0,4096,16384,4864,516.799,1520.445,608.767,0.0916
mixed,128,8,0.0625,4.0,16,512,128,512,152,84.993,124.606,95.296,0.2601
mixed,128,8,0.0625,4.0,16,512,256,1024,304,97.952,176.609,120.608,0.288
mixed,128,8,0.0625,4.0,16,512,512,2048,608,129.086,265.534,158.143,0.213
mixed,128,8,0.0625,4.0,16,512,1024,4096,1216,190.142,448.001,220.481,0.1177
mixed,128,8,0.0625,4.0,16,512,2048,8192,2432,300.447,804.864,351.517,0.1012
mixed,128,8,0.0625,4.0,16,512,4096,16384,4864,512.479,1524.605,606.176,0.0926
mixed,128,8,0.0625,4.0,16,1024,128,512,152,84.543,127.52,97.056,0.2912
mixed,128,8,0.0625,4.0,16,1024,256,1024,304,98.912,175.937,122.784,0.3099
mixed,128,8,0.0625,4.0,16,1024,512,2048,608,130.207,266.24,154.047,0.1753
mixed,128,8,0.0625,4.0,16,1024,1024,4096,1216,189.693,447.328,220.257,0.1186
mixed,128,8,0.0625,4.0,16,1024,2048,8192,2432,303.486,803.039,357.088,0.1073
mixed,128,8,0.0625,4.0,16,1024,4096,16384,4864,517.566,1522.973,610.017,0.092
mixed,128,8,0.0625,4.0,16,2048,128,512,152,104.768,125.601,100.193,-0.2196
mixed,128,8,0.0625,4.0,16,2048,256,1024,304,116.832,176.129,121.024,0.0707
mixed,128,8,0.0625,4.0,16,2048,512,2048,608,127.647,266.46,157.953,0.2183
mixed,128,8,0.0625,4.0,16,2048,1024,4096,1216,187.742,450.623,220.384,0.1242
mixed,128,8,0.0625,4.0,16,2048,2048,8192,2432,300.575,806.753,355.839,0.1092
mixed,128,8,0.0625,4.0,16,2048,4096,16384,4864,516.094,1518.748,606.366,0.09
mixed,128,8,0.0625,4.0,16,4096,128,512,152,106.749,159.07,106.464,-0.0054
mixed,128,8,0.0625,4.0,16,4096,256,1024,304,125.631,176.511,122.369,-0.0641
mixed,128,8,0.0625,4.0,16,4096,512,2048,608,162.045,270.593,159.712,-0.0215
mixed,128,8,0.0625,4.0,16,4096,1024,4096,1216,191.649,451.232,222.464,0.1187
mixed,128,8,0.0625,4.0,16,4096,2048,8192,2432,300.384,806.077,352.96,0.104
mixed,128,8,0.0625,4.0,16,4096,4096,16384,4864,513.79,1530.654,612.349,0.0969
mixed,128,8,0.0625,4.0,16,8192,128,512,152,108.832,161.857,106.881,-0.0368
mixed,128,8,0.0625,4.0,16,8192,256,1024,304,124.738,216.415,123.201,-0.0168
mixed,128,8,0.0625,4.0,16,8192,512,2048,608,165.665,272.063,154.559,-0.1044
mixed,128,8,0.0625,4.0,16,8192,1024,4096,1216,243.905,454.846,219.904,-0.1138
mixed,128,8,0.0625,4.0,16,8192,2048,8192,2432,305.472,813.15,359.071,0.1056
mixed,128,8,0.0625,4.0,16,8192,4096,16384,4864,519.039,1527.613,609.12,0.0893
mixed,128,8,0.0625,4.0,32,0,128,512,152,72.384,121.568,96.767,0.4958
mixed,128,8,0.0625,4.0,32,0,256,1024,304,86.017,177.216,116.705,0.3365
mixed,128,8,0.0625,4.0,32,0,512,2048,608,128.001,265.376,152.128,0.1756
mixed,128,8,0.0625,4.0,32,0,1024,4096,1216,184.928,454.206,219.776,0.1294
mixed,128,8,0.0625,4.0,32,0,2048,8192,2432,302.816,808.192,352.865,0.099
mixed,128,8,0.0625,4.0,32,0,4096,16384,4864,517.311,1517.342,607.518,0.0902
mixed,128,8,0.0625,4.0,32,512,128,512,152,84.482,125.854,95.999,0.2784
mixed,128,8,0.0625,4.0,32,512,256,1024,304,98.88,177.601,118.883,0.2541
mixed,128,8,0.0625,4.0,32,512,512,2048,608,131.138,271.104,158.079,0.1925
mixed,128,8,0.0625,4.0,32,512,1024,4096,1216,187.072,449.599,220.256,0.1264
mixed,128,8,0.0625,4.0,32,512,2048,8192,2432,301.408,803.902,351.774,0.1002
mixed,128,8,0.0625,4.0,32,512,4096,16384,4864,512.862,1525.756,604.83,0.0908
mixed,128,8,0.0625,4.0,32,1024,128,512,152,100.385,125.059,100.672,0.0116
mixed,128,8,0.0625,4.0,32,1024,256,1024,304,113.406,178.559,122.625,0.1415
mixed,128,8,0.0625,4.0,32,1024,512,2048,608,129.759,266.4,154.624,0.182
mixed,128,8,0.0625,4.0,32,1024,1024,4096,1216,191.489,447.518,221.632,0.1177
mixed,128,8,0.0625,4.0,32,1024,2048,8192,2432,300.416,811.422,353.119,0.1031
mixed,128,8,0.0625,4.0,32,1024,4096,16384,4864,516.126,1522.846,607.103,0.0904
mixed,128,8,0.0625,4.0,32,2048,128,512,152,101.888,147.487,101.504,-0.0084
mixed,128,8,0.0625,4.0,32,2048,256,1024,304,122.111,177.632,125.248,0.0565
mixed,128,8,0.0625,4.0,32,2048,512,2048,608,151.52,267.967,154.305,0.0239
mixed,128,8,0.0625,4.0,32,2048,1024,4096,1216,189.088,450.176,221.825,0.1254
mixed,128,8,0.0625,4.0,32,2048,2048,8192,2432,302.624,809.79,357.34,0.1079
mixed,128,8,0.0625,4.0,32,2048,4096,16384,4864,513.311,1520.927,608.641,0.0946
mixed,128,8,0.0625,4.0,32,4096,128,512,152,106.334,157.537,106.53,0.0038
mixed,128,8,0.0625,4.0,32,4096,256,1024,304,124.48,214.399,121.438,-0.0338
mixed,128,8,0.0625,4.0,32,4096,512,2048,608,162.11,268.416,155.072,-0.0662
mixed,128,8,0.0625,4.0,32,4096,1024,4096,1216,225.217,453.276,220.8,-0.0194
mixed,128,8,0.0625,4.0,32,4096,2048,8192,2432,302.942,805.664,355.2,0.104
mixed,128,8,0.0625,4.0,32,4096,4096,16384,4864,517.694,1522.141,605.628,0.0875
mixed,128,8,0.0625,4.0,32,8192,128,512,152,104.225,159.393,103.105,-0.0203
mixed,128,8,0.0625,4.0,32,8192,256,1024,304,124.288,222.494,123.872,-0.0042
mixed,128,8,0.0625,4.0,32,8192,512,2048,608,163.361,349.664,154.975,-0.045
mixed,128,8,0.0625,4.0,32,8192,1024,4096,1216,238.431,454.462,219.775,-0.0864
mixed,128,8,0.0625,4.0,32,8192,2048,8192,2432,366.972,812.541,354.205,-0.0287
mixed,128,8,0.0625,4.0,32,8192,4096,16384,4864,524.384,1526.398,606.144,0.0816
mixed,128,8,0.0625,4.0,64,0,128,512,152,69.728,121.6,96.99,0.5256
mixed,128,8,0.0625,4.0,64,0,256,1024,304,84.64,174.112,119.617,0.3909
mixed,128,8,0.0625,4.0,64,0,512,2048,608,127.869,266.782,152.224,0.1753
mixed,128,8,0.0625,4.0,64,0,1024,4096,1216,186.978,451.199,218.495,0.1193
mixed,128,8,0.0625,4.0,64,0,2048,8192,2432,304.866,811.807,355.616,0.1001
mixed,128,8,0.0625,4.0,64,0,4096,16384,4864,519.969,1524.798,610.461,0.0901
mixed,128,8,0.0625,4.0,64,512,128,512,152,96.831,125.504,97.152,0.0112
mixed,128,8,0.0625,4.0,64,512,256,1024,304,109.728,173.344,118.592,0.1393
mixed,128,8,0.0625,4.0,64,512,512,2048,608,126.528,262.847,155.743,0.2143
mixed,128,8,0.0625,4.0,64,512,1024,4096,1216,190.208,450.976,217.631,0.1052
mixed,128,8,0.0625,4.0,64,512,2048,8192,2432,302.655,807.165,349.055,0.092
mixed,128,8,0.0625,4.0,64,512,4096,16384,4864,514.848,1524.125,609.343,0.0936
mixed,128,8,0.0625,4.0,64,1024,128,512,152,100.864,142.557,100.192,-0.0161
mixed,128,8,0.0625,4.0,64,1024,256,1024,304,122.432,177.76,120.927,-0.0272
mixed,128,8,0.0625,4.0,64,1024,512,2048,608,151.296,266.592,156.96,0.0491
mixed,128,8,0.0625,4.0,64,1024,1024,4096,1216,189.152,448.673,217.184,0.108
mixed,128,8,0.0625,4.0,64,1024,2048,8192,2432,303.873,808.096,350.207,0.0919
mixed,128,8,0.0625,4.0,64,1024,4096,16384,4864,516.223,1525.149,607.87,0.0908
mixed,128,8,0.0625,4.0,64,2048,128,512,152,106.27,154.336,105.25,-0.0212
mixed,128,8,0.0625,4.0,64,2048,256,1024,304,122.688,214.176,118.883,-0.0416
mixed,128,8,0.0625,4.0,64,2048,512,2048,608,156.383,266.4,156.319,-0.0006
mixed,128,8,0.0625,4.0,64,2048,1024,4096,1216,217.919,452.0,218.72,0.0034
mixed,128,8,0.0625,4.0,64,2048,2048,8192,2432,303.712,807.776,351.488,0.0948
mixed,128,8,0.0625,4.0,64,2048,4096,16384,4864,517.441,1524.764,608.543,0.0904
mixed,128,8,0.0625,4.0,64,4096,128,512,152,104.416,156.256,104.67,0.0049
mixed,128,8,0.0625,4.0,64,4096,256,1024,304,123.778,217.472,120.544,-0.0345
mixed,128,8,0.0625,4.0,64,4096,512,2048,608,157.439,341.982,155.711,-0.0094
mixed,128,8,0.0625,4.0,64,4096,1024,4096,1216,238.335,454.624,219.679,-0.0863
mixed,128,8,0.0625,4.0,64,4096,2048,8192,2432,364.0,811.71,349.824,-0.0317
mixed,128,8,0.0625,4.0,64,4096,4096,16384,4864,518.27,1532.572,604.958,0.0855
mixed,128,8,0.0625,4.0,64,8192,128,512,152,123.297,158.657,122.305,-0.0281
mixed,128,8,0.0625,4.0,64,8192,256,1024,304,135.968,218.624,139.101,0.0379
mixed,128,8,0.0625,4.0,64,8192,512,2048,608,162.913,345.76,155.776,-0.039
mixed,128,8,0.0625,4.0,64,8192,1024,4096,1216,234.303,593.28,219.583,-0.041
mixed,128,8,0.0625,4.0,64,8192,2048,8192,2432,395.456,813.471,349.118,-0.1109
mixed,128,8,0.0625,4.0,64,8192,4096,16384,4864,628.381,1529.599,601.056,-0.0303
mixed,128,8,0.0625,4.0,128,0,128,512,152,83.232,138.143,95.072,0.2156
mixed,128,8,0.0625,4.0,128,0,256,1024,304,100.064,183.648,117.952,0.214
mixed,128,8,0.0625,4.0,128,0,512,2048,608,140.608,274.529,149.729,0.0681
mixed,128,8,0.0625,4.0,128,0,1024,4096,1216,193.853,454.142,220.829,0.1036
mixed,128,8,0.0625,4.0,128,0,2048,8192,2432,305.441,810.241,352.831,0.0939
mixed,128,8,0.0625,4.0,128,0,4096,16384,4864,519.262,1523.422,607.327,0.0877
mixed,128,8,0.0625,4.0,128,512,128,512,152,100.35,154.047,98.978,-0.0256
mixed,128,8,0.0625,4.0,128,512,256,1024,304,120.384,206.72,118.497,-0.0219
mixed,128,8,0.0625,4.0,128,512,512,2048,608,159.552,296.735,155.039,-0.0329
mixed,128,8,0.0625,4.0,128,512,1024,4096,1216,215.264,476.928,215.264,0.0
mixed,128,8,0.0625,4.0,128,512,2048,8192,2432,330.847,821.31,350.817,0.0407
mixed,128,8,0.0625,4.0,128,512,4096,16384,4864,541.79,1534.846,604.895,0.0635
mixed,128,8,0.0625,4.0,128,1024,128,512,152,104.735,152.67,103.361,-0.0287
mixed,128,8,0.0625,4.0,128,1024,256,1024,304,122.113,222.176,119.616,-0.025
mixed,128,8,0.0625,4.0,128,1024,512,2048,608,156.609,315.677,154.306,-0.0145
mixed,128,8,0.0625,4.0,128,1024,1024,4096,1216,235.775,494.975,217.025,-0.0723
mixed,128,8,0.0625,4.0,128,1024,2048,8192,2432,350.529,848.348,348.799,-0.0035
mixed,128,8,0.0625,4.0,128,1024,4096,16384,4864,560.701,1556.928,603.648,0.0431
mixed,128,8,0.0625,4.0,128,2048,128,512,152,108.098,154.079,107.17,-0.0202
mixed,128,8,0.0625,4.0,128,2048,256,1024,304,122.271,217.632,120.446,-0.0191
mixed,128,8,0.0625,4.0,128,2048,512,2048,608,159.327,346.976,155.553,-0.0201
mixed,128,8,0.0625,4.0,128,2048,1024,4096,1216,233.376,531.197,215.615,-0.0596
mixed,128,8,0.0625,4.0,128,2048,2048,8192,2432,385.76,885.278,348.99,-0.0736
mixed,128,8,0.0625,4.0,128,2048,4096,16384,4864,591.775,1595.135,602.976,0.0112
mixed,128,8,0.0625,4.0,128,4096,128,512,152,122.496,153.408,122.339,-0.0051
mixed,128,8,0.0625,4.0,128,4096,256,1024,304,139.805,215.327,137.985,-0.0241
mixed,128,8,0.0625,4.0,128,4096,512,2048,608,156.415,342.367,157.503,0.0059
mixed,128,8,0.0625,4.0,128,4096,1024,4096,1216,234.975,595.871,216.959,-0.0499
mixed,128,8,0.0625,4.0,128,4096,2048,8192,2432,388.801,955.901,345.247,-0.0768
mixed,128,8,0.0625,4.0,128,4096,4096,16384,4864,670.815,1664.447,598.716,-0.0726
mixed,128,8,0.0625,4.0,128,8192,128,512,152,143.648,181.984,142.976,-0.0175
mixed,128,8,0.0625,4.0,128,8192,256,1024,304,152.161,223.072,150.398,-0.0249
mixed,128,8,0.0625,4.0,128,8192,512,2048,608,181.92,336.864,186.336,0.0285
mixed,128,8,0.0625,4.0,128,8192,1024,4096,1216,234.111,582.048,251.551,0.0501
mixed,128,8,0.0625,4.0,128,8192,2048,8192,2432,388.863,1093.728,344.735,-0.0626
mixed,128,8,0.0625,4.0,128,8192,4096,16384,4864,678.845,1805.436,588.448,-0.0802
mixed,128,8,0.0625,4.0,256,0,128,512,152,86.689,143.84,101.665,0.262
mixed,128,8,0.0625,4.0,256,0,256,1024,304,100.352,187.517,119.295,0.2173
mixed,128,8,0.0625,4.0,256,0,512,2048,608,148.16,281.889,151.938,0.0283
mixed,128,8,0.0625,4.0,256,0,1024,4096,1216,200.671,455.233,218.976,0.0719
mixed,128,8,0.0625,4.0,256,0,2048,8192,2432,310.784,815.039,352.959,0.0836
mixed,128,8,0.0625,4.0,256,0,4096,16384,4864,525.406,1526.46,607.007,0.0815
mixed,128,8,0.0625,4.0,256,512,128,512,152,104.386,157.469,104.032,-0.0067
mixed,128,8,0.0625,4.0,256,512,256,1024,304,120.993,205.088,121.664,0.008
mixed,128,8,0.0625,4.0,256,512,512,2048,608,161.343,299.07,154.465,-0.0499
mixed,128,8,0.0625,4.0,256,512,1024,4096,1216,217.568,478.111,215.936,-0.0063
mixed,128,8,0.0625,4.0,256,512,2048,8192,2432,331.296,827.231,348.319,0.0343
mixed,128,8,0.0625,4.0,256,512,4096,16384,4864,540.991,1538.334,607.233,0.0664
mixed,128,8,0.0625,4.0,256,1024,128,512,152,110.144,154.08,119.904,0.2221
mixed,128,8,0.0625,4.0,256,1024,256,1024,304,120.383,220.767,119.456,-0.0092
mixed,128,8,0.0625,4.0,256,1024,512,2048,608,157.185,318.496,153.76,-0.0212
mixed,128,8,0.0625,4.0,256,1024,1024,4096,1216,236.128,493.822,220.608,-0.0602
mixed,128,8,0.0625,4.0,256,1024,2048,8192,2432,351.168,847.809,346.112,-0.0102
mixed,128,8,0.0625,4.0,256,1024,4096,16384,4864,560.609,1557.054,600.448,0.04
mixed,128,8,0.0625,4.0,256,2048,128,512,152,128.352,159.743,128.062,-0.0092
mixed,128,8,0.0625,4.0,256,2048,256,1024,304,138.014,215.423,150.655,0.1633
mixed,128,8,0.0625,4.0,256,2048,512,2048,608,161.311,346.433,155.072,-0.0337
mixed,128,8,0.0625,4.0,256,2048,1024,4096,1216,234.144,527.807,216.674,-0.0595
mixed,128,8,0.0625,4.0,256,2048,2048,8192,2432,385.15,877.246,348.287,-0.0749
mixed,128,8,0.0625,4.0,256,2048,4096,16384,4864,591.392,1594.589,597.345,0.0059
mixed,128,8,0.0625,4.0,256,4096,128,512,152,149.376,185.886,149.409,0.0009
mixed,128,8,0.0625,4.0,256,4096,256,1024,304,166.398,225.856,155.999,-0.1749
mixed,128,8,0.0625,4.0,256,4096,512,2048,608,185.216,338.463,191.936,0.0439
mixed,128,8,0.0625,4.0,256,4096,1024,4096,1216,241.344,591.392,263.358,0.0629
mixed,128,8,0.0625,4.0,256,4096,2048,8192,2432,388.574,950.171,345.789,-0.0762
mixed,128,8,0.0625,4.0,256,4096,4096,16384,4864,658.881,1663.678,591.198,-0.0674
mixed,128,8,0.0625,4.0,256,8192,128,512,152,192.289,229.824,192.096,-0.0051
mixed,128,8,0.0625,4.0,256,8192,256,1024,304,200.545,279.488,200.063,-0.0061
mixed,128,8,0.0625,4.0,256,8192,512,2048,608,234.337,352.574,241.375,0.0595
mixed,128,8,0.0625,4.0,256,8192,1024,4096,1216,292.32,579.135,284.222,-0.0282
mixed,128,8,0.0625,4.0,256,8192,2048,8192,2432,396.576,1087.295,430.751,0.0495
mixed,128,8,0.0625,4.0,256,8192,4096,16384,4864,675.489,1802.556,587.23,-0.0783
mixed,128,8,0.0625,4.0,512,0,128,512,152,92.672,154.464,108.575,0.2574
mixed,128,8,0.0625,4.0,512,0,256,1024,304,109.28,198.304,125.407,0.1812
mixed,128,8,0.0625,4.0,512,0,512,2048,608,157.886,294.176,158.751,0.0063
mixed,128,8,0.0625,4.0,512,0,1024,4096,1216,213.216,475.904,230.337,0.0652
mixed,128,8,0.0625,4.0,512,0,2048,8192,2432,327.617,827.968,362.176,0.0691
mixed,128,8,0.0625,4.0,512,0,4096,16384,4864,539.679,1542.494,619.938,0.08
mixed,128,8,0.0625,4.0,512,512,128,512,152,120.834,161.792,120.892,0.0014
mixed,128,8,0.0625,4.0,512,512,256,1024,304,127.391,214.366,135.553,0.0938
mixed,128,8,0.0625,4.0,512,512,512,2048,608,163.329,308.767,166.4,0.0211
mixed,128,8,0.0625,4.0,512,512,1024,4096,1216,232.063,490.815,225.407,-0.0257
mixed,128,8,0.0625,4.0,512,512,2048,8192,2432,343.167,842.846,359.742,0.0332
mixed,128,8,0.0625,4.0,512,512,4096,16384,4864,556.353,1559.232,610.622,0.0541
mixed,128,8,0.0625,4.0,512,1024,128,512,152,144.576,159.135,128.546,-1.101
mixed,128,8,0.0625,4.0,512,1024,256,1024,304,146.878,226.976,150.111,0.0404
mixed,128,8,0.0625,4.0,512,1024,512,2048,608,161.215,325.598,185.504,0.1478
mixed,128,8,0.0625,4.0,512,1024,1024,4096,1216,242.431,503.295,229.536,-0.0494
mixed,128,8,0.0625,4.0,512,1024,2048,8192,2432,358.08,859.84,353.917,-0.0083
mixed,128,8,0.0625,4.0,512,1024,4096,16384,4864,568.96,1569.244,608.385,0.0394
mixed,128,8,0.0625,4.0,512,2048,128,512,152,163.744,192.031,161.439,-0.0815
mixed,128,8,0.0625,4.0,512,2048,256,1024,304,180.832,222.528,177.344,-0.0837
mixed,128,8,0.0625,4.0,512,2048,512,2048,608,192.991,355.167,191.807,-0.0073
mixed,128,8,0.0625,4.0,512,2048,1024,4096,1216,239.839,538.111,267.68,0.0933
mixed,128,8,0.0625,4.0,512,2048,2048,8192,2432,396.543,890.655,356.959,-0.0801
mixed,128,8,0.0625,4.0,512,2048,4096,16384,4864,604.383,1605.533,601.823,-0.0026
mixed,128,8,0.0625,4.0,512,4096,128,512,152,202.655,244.735,202.209,-0.0106
mixed,128,8,0.0625,4.0,512,4096,256,1024,304,220.735,272.447,218.144,-0.0501
mixed,128,8,0.0625,4.0,512,4096,512,2048,608,247.136,348.925,260.512,0.1314
mixed,128,8,0.0625,4.0,512,4096,1024,4096,1216,291.775,597.247,286.75,-0.0164
mixed,128,8,0.0625,4.0,512,4096,2048,8192,2432,396.482,960.67,431.23,0.0616
mixed,128,8,0.0625,4.0,512,4096,4096,16384,4864,672.574,1669.885,603.391,-0.0694
mixed,128,8,0.0625,4.0,512,8192,128,512,152,281.215,322.686,281.185,-0.0007
mixed,128,8,0.0625,4.0,512,8192,256,1024,304,297.09,369.759,297.217,0.0017
mixed,128,8,0.0625,4.0,512,8192,512,2048,608,326.622,438.59,339.103,0.1115
mixed,128,8,0.0625,4.0,512,8192,1024,4096,1216,385.824,602.43,428.959,0.1991
mixed,128,8,0.0625,4.0,512,8192,2048,8192,2432,499.008,1091.328,489.087,-0.0167
mixed,128,8,0.0625,4.0,512,8192,4096,16384,4864,689.985,1812.189,756.351,0.0591
mixed,128,8,0.0625,4.0,1024,0,128,512,152,116.736,155.457,115.103,-0.0422
mixed,128,8,0.0625,4.0,1024,0,256,1024,304,133.6,198.945,135.264,0.0255
mixed,128,8,0.0625,4.0,1024,0,512,2048,608,162.112,295.04,166.526,0.0332
mixed,128,8,0.0625,4.0,1024,0,1024,4096,1216,214.815,473.759,239.327,0.0947
mixed,128,8,0.0625,4.0,1024,0,2048,8192,2432,328.319,826.109,409.055,0.1622
mixed,128,8,0.0625,4.0,1024,0,4096,16384,4864,536.126,1530.429,732.127,0.1971
mixed,128,8,0.0625,4.0,1024,512,128,512,152,133.92,175.072,132.992,-0.0226
mixed,128,8,0.0625,4.0,1024,512,256,1024,304,149.6,218.559,150.367,0.0111
mixed,128,8,0.0625,4.0,1024,512,512,2048,608,179.711,312.959,179.68,-0.0002
mixed,128,8,0.0625,4.0,1024,512,1024,4096,1216,232.577,485.951,253.184,0.0813
mixed,128,8,0.0625,4.0,1024,512,2048,8192,2432,349.089,846.176,426.141,0.155
mixed,128,8,0.0625,4.0,1024,512,4096,16384,4864,557.6,1548.445,752.476,0.1967
mixed,128,8,0.0625,4.0,1024,1024,128,512,152,150.945,191.682,150.208,-0.0181
mixed,128,8,0.0625,4.0,1024,1024,256,1024,304,165.824,237.471,168.158,0.0326
mixed,128,8,0.0625,4.0,1024,1024,512,2048,608,193.889,329.408,199.296,0.0399
mixed,128,8,0.0625,4.0,1024,1024,1024,4096,1216,251.392,505.057,269.887,0.0729
mixed,128,8,0.0625,4.0,1024,1024,2048,8192,2432,364.639,853.886,443.393,0.161
mixed,128,8,0.0625,4.0,1024,1024,4096,16384,4864,573.441,1561.374,769.791,0.1987
mixed,128,8,0.0625,4.0,1024,2048,128,512,152,187.263,226.688,186.881,-0.0097
mixed,128,8,0.0625,4.0,1024,2048,256,1024,304,202.976,272.543,206.557,0.0515
mixed,128,8,0.0625,4.0,1024,2048,512,2048,608,231.103,368.96,234.753,0.0265
mixed,128,8,0.0625,4.0,1024,2048,1024,4096,1216,288.158,543.391,311.934,0.0932
mixed,128,8,0.0625,4.0,1024,2048,2048,8192,2432,401.149,896.064,479.136,0.1576
mixed,128,8,0.0625,4.0,1024,2048,4096,16384,4864,608.221,1602.941,808.319,0.2012
mixed,128,8,0.0625,4.0,1024,4096,128,512,152,256.095,300.415,255.936,-0.0036
mixed,128,8,0.0625,4.0,1024,4096,256,1024,304,276.03,343.137,275.488,-0.0081
mixed,128,8,0.0625,4.0,1024,4096,512,2048,608,304.193,435.81,304.736,0.0041
mixed,128,8,0.0625,4.0,1024,4096,1024,4096,1216,357.693,605.439,379.935,0.0898
mixed,128,8,0.0625,4.0,1024,4096,2048,8192,2432,466.591,965.181,552.448,0.1722
mixed,128,8,0.0625,4.0,1024,4096,4096,16384,4864,675.648,1664.828,872.382,0.1989
mixed,128,8,0.0625,4.0,1024,8192,128,512,152,406.015,442.015,407.135,0.0311
mixed,128,8,0.0625,4.0,1024,8192,256,1024,304,421.567,490.782,425.886,0.0624
mixed,128,8,0.0625,4.0,1024,8192,512,2048,608,447.808,580.99,453.633,0.0437
mixed,128,8,0.0625,4.0,1024,8192,1024,4096,1216,504.287,754.752,530.112,0.1031
mixed,128,8,0.0625,4.0,1024,8192,2048,8192,2432,611.935,1105.214,700.896,0.1803
mixed,128,8,0.0625,4.0,1024,8192,4096,16384,4864,820.414,1810.875,1016.639,0.1981
mixed,128,8,0.0625,4.0,2048,0,128,512,152,192.671,230.562,192.416,-0.0067
mixed,128,8,0.0625,4.0,2048,0,256,1024,304,206.113,282.815,217.792,0.1523
mixed,128,8,0.0625,4.0,2048,0,512,2048,608,237.25,373.312,262.432,0.1851
mixed,128,8,0.0625,4.0,2048,0,1024,4096,1216,298.909,553.665,339.84,0.1607
mixed,128,8,0.0625,4.0,2048,0,2048,8192,2432,408.735,902.081,508.224,0.2017
mixed,128,8,0.0625,4.0,2048,0,4096,16384,4864,618.658,1611.133,833.566,0.2165
mixed,128,8,0.0625,4.0,2048,512,128,512,152,228.671,268.289,228.384,-0.0072
mixed,128,8,0.0625,4.0,2048,512,256,1024,304,244.32,317.536,246.4,0.0284
mixed,128,8,0.0625,4.0,2048,512,512,2048,608,272.992,407.618,296.703,0.1761
mixed,128,8,0.0625,4.0,2048,512,1024,4096,1216,332.896,587.36,375.872,0.1689
mixed,128,8,0.0625,4.0,2048,512,2048,8192,2432,442.783,937.408,541.309,0.1992
mixed,128,8,0.0625,4.0,2048,512,4096,16384,4864,651.904,1643.324,859.039,0.2089
mixed,128,8,0.0625,4.0,2048,1024,128,512,152,264.512,303.776,263.582,-0.0237
mixed,128,8,0.0625,4.0,2048,1024,256,1024,304,280.609,357.215,282.718,0.0275
mixed,128,8,0.0625,4.0,2048,1024,512,2048,608,308.159,445.182,320.479,0.0899
mixed,128,8,0.0625,4.0,2048,1024,1024,4096,1216,369.279,624.062,407.552,0.1502
mixed,128,8,0.0625,4.0,2048,1024,2048,8192,2432,475.71,973.022,572.801,0.1952
mixed,128,8,0.0625,4.0,2048,1024,4096,16384,4864,686.176,1682.3,896.413,0.2111
mixed,128,8,0.0625,4.0,2048,2048,128,512,152,340.512,376.641,339.104,-0.039
mixed,128,8,0.0625,4.0,2048,2048,256,1024,304,357.056,428.417,356.574,-0.0068
mixed,128,8,0.0625,4.0,2048,2048,512,2048,608,383.936,516.162,396.897,0.098
mixed,128,8,0.0625,4.0,2048,2048,1024,4096,1216,441.951,692.415,481.248,0.1569
mixed,128,8,0.0625,4.0,2048,2048,2048,8192,2432,550.144,1046.431,647.871,0.1969
mixed,128,8,0.0625,4.0,2048,2048,4096,16384,4864,758.205,1754.685,971.807,0.2144
mixed,128,8,0.0625,4.0,2048,4096,128,512,152,484.799,527.166,490.464,0.1337
mixed,128,8,0.0625,4.0,2048,4096,256,1024,304,502.496,575.965,502.85,0.0048
mixed,128,8,0.0625,4.0,2048,4096,512,2048,608,530.943,660.479,526.817,-0.0319
mixed,128,8,0.0625,4.0,2048,4096,1024,4096,1216,585.598,836.897,624.894,0.1564
mixed,128,8,0.0625,4.0,2048,4096,2048,8192,2432,695.679,1191.838,793.086,0.1963
mixed,128,8,0.0625,4.0,2048,4096,4096,16384,4864,899.646,1903.773,1114.014,0.2135
mixed,128,8,0.0625,4.0,2048,8192,128,512,152,765.981,806.206,767.968,0.0494
mixed,128,8,0.0625,4.0,2048,8192,256,1024,304,785.053,855.774,784.894,-0.0022
mixed,128,8,0.0625,4.0,2048,8192,512,2048,608,809.28,939.07,808.642,-0.0049
mixed,128,8,0.0625,4.0,2048,8192,1024,4096,1216,866.238,1112.35,857.824,-0.0342
mixed,128,8,0.0625,4.0,2048,8192,2048,8192,2432,971.038,1457.789,1063.709,0.1904
mixed,128,8,0.0625,4.0,2048,8192,4096,16384,4864,1176.894,2170.365,1390.398,0.2149
pure,128,16,0.125,4.0,0,0,128,512,176,67.775,118.144,87.327,0.3882
pure,128,16,0.125,4.0,0,0,256,1024,352,83.297,168.608,110.433,0.3181
pure,128,16,0.125,4.0,0,0,512,2048,704,133.408,253.12,141.441,0.0671
pure,128,16,0.125,4.0,0,0,1024,4096,1408,201.154,432.35,201.313,0.0007
pure,128,16,0.125,4.0,0,0,2048,8192,2816,326.944,787.614,329.184,0.0049
pure,128,16,0.125,4.0,0,0,4096,16384,5632,566.144,1500.19,563.548,-0.0028
mixed,128,16,0.125,4.0,16,0,128,512,176,72.897,121.216,95.488,0.4675
mixed,128,16,0.125,4.0,16,0,256,1024,352,89.183,179.679,118.463,0.3236
mixed,128,16,0.125,4.0,16,0,512,2048,704,143.36,263.295,154.176,0.0902
mixed,128,16,0.125,4.0,16,0,1024,4096,1408,211.713,449.313,225.663,0.0587
mixed,128,16,0.125,4.0,16,0,2048,8192,2816,350.816,803.229,356.543,0.0127
mixed,128,16,0.125,4.0,16,0,4096,16384,5632,587.517,1518.59,613.6,0.028
mixed,128,16,0.125,4.0,16,512,128,512,176,84.577,124.511,97.761,0.3301
mixed,128,16,0.125,4.0,16,512,256,1024,352,103.421,174.975,122.112,0.2612
mixed,128,16,0.125,4.0,16,512,512,2048,704,141.056,265.503,160.673,0.1576
mixed,128,16,0.125,4.0,16,512,1024,4096,1408,214.046,449.918,220.767,0.0285
mixed,128,16,0.125,4.0,16,512,2048,8192,2816,349.953,805.535,361.503,0.0254
mixed,128,16,0.125,4.0,16,512,4096,16384,5632,589.889,1522.941,615.744,0.0277
mixed,128,16,0.125,4.0,16,1024,128,512,176,85.216,121.663,98.878,0.3748
mixed,128,16,0.125,4.0,16,1024,256,1024,352,103.584,176.511,120.386,0.2304
mixed,128,16,0.125,4.0,16,1024,512,2048,704,142.591,267.04,158.465,0.1276
mixed,128,16,0.125,4.0,16,1024,1024,4096,1408,212.991,453.374,224.482,0.0478
mixed,128,16,0.125,4.0,16,1024,2048,8192,2816,351.618,809.95,358.429,0.0149
mixed,128,16,0.125,4.0,16,1024,4096,16384,5632,592.255,1516.161,612.513,0.0219
mixed,128,16,0.125,4.0,16,2048,128,512,176,103.584,131.009,104.32,0.0268
mixed,128,16,0.125,4.0,16,2048,256,1024,352,121.886,173.696,123.008,0.0217
mixed,128,16,0.125,4.0,16,2048,512,2048,704,142.111,266.721,161.854,0.1584
mixed,128,16,0.125,4.0,16,2048,1024,4096,1408,212.064,451.199,224.991,0.0541
mixed,128,16,0.125,4.0,16,2048,2048,8192,2816,355.808,808.062,361.92,0.0135
mixed,128,16,0.125,4.0,16,2048,4096,16384,5632,590.335,1525.789,614.911,0.0263
mixed,128,16,0.125,4.0,16,4096,128,512,176,105.25,159.68,105.825,0.0106
mixed,128,16,0.125,4.0,16,4096,256,1024,352,128.928,176.895,122.239,-0.1395
mixed,128,16,0.125,4.0,16,4096,512,2048,704,169.631,266.21,161.152,-0.0878
mixed,128,16,0.125,4.0,16,4096,1024,4096,1408,214.015,452.093,224.8,0.0453
mixed,128,16,0.125,4.0,16,4096,2048,8192,2816,350.848,806.848,359.104,0.0181
mixed,128,16,0.125,4.0,16,4096,4096,16384,5632,593.279,1522.524,616.735,0.0252
mixed,128,16,0.125,4.0,16,8192,128,512,176,110.72,161.856,104.352,-0.1245
mixed,128,16,0.125,4.0,16,8192,256,1024,352,128.061,219.264,127.808,-0.0028
mixed,128,16,0.125,4.0,16,8192,512,2048,704,179.458,271.935,164.192,-0.1651
mixed,128,16,0.125,4.0,16,8192,1024,4096,1408,262.977,450.816,228.094,-0.1857
mixed,128,16,0.125,4.0,16,8192,2048,8192,2816,357.505,810.848,362.179,0.0103
mixed,128,16,0.125,4.0,16,8192,4096,16384,5632,597.792,1520.767,617.022,0.0208
mixed,128,16,0.125,4.0,32,0,128,512,176,72.513,125.728,98.176,0.4823
mixed,128,16,0.125,4.0,32,0,256,1024,352,89.983,175.488,120.609,0.3582
mixed,128,16,0.125,4.0,32,0,512,2048,704,141.44,265.533,152.288,0.0874
mixed,128,16,0.125,4.0,32,0,1024,4096,1408,217.854,453.536,223.585,0.0243
mixed,128,16,0.125,4.0,32,0,2048,8192,2816,349.791,807.518,358.527,0.0191
mixed,128,16,0.125,4.0,32,0,4096,16384,5632,595.711,1523.261,615.871,0.0217
mixed,128,16,0.125,4.0,32,512,128,512,176,86.4,127.039,98.593,0.3
mixed,128,16,0.125,4.0,32,512,256,1024,352,103.392,176.126,119.744,0.2248
mixed,128,16,0.125,4.0,32,512,512,2048,704,142.081,267.55,158.048,0.1273
mixed,128,16,0.125,4.0,32,512,1024,4096,1408,211.648,452.545,220.8,0.038
mixed,128,16,0.125,4.0,32,512,2048,8192,2816,348.799,806.175,356.862,0.0176
mixed,128,16,0.125,4.0,32,512,4096,16384,5632,596.253,1521.661,616.51,0.0219
mixed,128,16,0.125,4.0,32,1024,128,512,176,102.144,123.198,101.474,-0.0318
mixed,128,16,0.125,4.0,32,1024,256,1024,352,116.126,176.511,121.057,0.0817
mixed,128,16,0.125,4.0,32,1024,512,2048,704,144.416,267.264,159.871,0.1258
mixed,128,16,0.125,4.0,32,1024,1024,4096,1408,214.143,449.406,222.242,0.0344
mixed,128,16,0.125,4.0,32,1024,2048,8192,2816,351.168,807.711,358.178,0.0154
mixed,128,16,0.125,4.0,32,1024,4096,16384,5632,593.44,1522.047,614.4,0.0226
mixed,128,16,0.125,4.0,32,2048,128,512,176,104.544,148.255,103.712,-0.019
mixed,128,16,0.125,4.0,32,2048,256,1024,352,124.799,177.151,122.496,-0.044
mixed,128,16,0.125,4.0,32,2048,512,2048,704,158.336,267.553,157.727,-0.0056
mixed,128,16,0.125,4.0,32,2048,1024,4096,1408,212.96,450.431,221.663,0.0366
mixed,128,16,0.125,4.0,32,2048,2048,8192,2816,352.639,809.344,357.44,0.0105
mixed,128,16,0.125,4.0,32,2048,4096,16384,5632,597.599,1522.526,613.6,0.0173
mixed,128,16,0.125,4.0,32,4096,128,512,176,108.64,159.713,103.743,-0.0959
mixed,128,16,0.125,4.0,32,4096,256,1024,352,127.81,214.879,121.92,-0.0676
mixed,128,16,0.125,4.0,32,4096,512,2048,704,174.048,274.049,159.103,-0.1494
mixed,128,16,0.125,4.0,32,4096,1024,4096,1408,238.015,452.992,226.531,-0.0534
mixed,128,16,0.125,4.0,32,4096,2048,8192,2816,359.265,810.559,358.431,-0.0018
mixed,128,16,0.125,4.0,32,4096,4096,16384,5632,594.496,1524.928,615.006,0.022
mixed,128,16,0.125,4.0,32,8192,128,512,176,107.585,160.48,103.712,-0.0732
mixed,128,16,0.125,4.0,32,8192,256,1024,352,129.536,220.8,126.015,-0.0386
mixed,128,16,0.125,4.0,32,8192,512,2048,704,180.126,347.71,157.791,-0.1333
mixed,128,16,0.125,4.0,32,8192,1024,4096,1408,272.255,458.529,231.104,-0.2209
mixed,128,16,0.125,4.0,32,8192,2048,8192,2816,394.431,811.679,358.945,-0.085
mixed,128,16,0.125,4.0,32,8192,4096,16384,5632,600.479,1527.455,613.821,0.0144
mixed,128,16,0.125,4.0,64,0,128,512,176,73.216,124.799,97.407,0.469
mixed,128,16,0.125,4.0,64,0,256,1024,352,88.8,175.775,117.408,0.3289
mixed,128,16,0.125,4.0,64,0,512,2048,704,142.625,270.047,157.152,0.114
mixed,128,16,0.125,4.0,64,0,1024,4096,1408,211.135,451.263,220.993,0.0411
mixed,128,16,0.125,4.0,64,0,2048,8192,2816,348.864,810.688,359.167,0.0223
mixed,128,16,0.125,4.0,64,0,4096,16384,5632,585.857,1518.141,614.112,0.0303
mixed,128,16,0.125,4.0,64,512,128,512,176,99.264,124.192,97.281,-0.0795
mixed,128,16,0.125,4.0,64,512,256,1024,352,115.518,171.488,120.545,0.0898
mixed,128,16,0.125,4.0,64,512,512,2048,704,141.76,270.208,157.279,0.1208
mixed,128,16,0.125,4.0,64,512,1024,4096,1408,211.68,450.142,217.919,0.0262
mixed,128,16,0.125,4.0,64,512,2048,8192,2816,349.758,806.176,356.256,0.0142
mixed,128,16,0.125,4.0,64,512,4096,16384,5632,594.782,1526.3,613.247,0.0198
mixed,128,16,0.125,4.0,64,1024,128,512,176,102.816,142.272,100.8,-0.0511
mixed,128,16,0.125,4.0,64,1024,256,1024,352,122.176,176.448,119.617,-0.0472
mixed,128,16,0.125,4.0,64,1024,512,2048,704,155.36,263.584,157.056,0.0157
mixed,128,16,0.125,4.0,64,1024,1024,4096,1408,217.215,449.695,224.16,0.0299
mixed,128,16,0.125,4.0,64,1024,2048,8192,2816,345.632,812.256,355.903,0.022
mixed,128,16,0.125,4.0,64,1024,4096,16384,5632,594.719,1524.732,614.432,0.0212
mixed,128,16,0.125,4.0,64,2048,128,512,176,106.431,154.434,103.712,-0.0566
mixed,128,16,0.125,4.0,64,2048,256,1024,352,124.48,214.142,126.144,0.0186
mixed,128,16,0.125,4.0,64,2048,512,2048,704,173.216,270.689,159.486,-0.1409
mixed,128,16,0.125,4.0,64,2048,1024,4096,1408,234.239,452.67,222.239,-0.0549
mixed,128,16,0.125,4.0,64,2048,2048,8192,2816,349.085,814.527,358.303,0.0198
mixed,128,16,0.125,4.0,64,2048,4096,16384,5632,598.142,1530.429,611.678,0.0145
mixed,128,16,0.125,4.0,64,4096,128,512,176,105.312,154.528,112.511,0.1463
mixed,128,16,0.125,4.0,64,4096,256,1024,352,125.855,216.094,124.99,-0.0096
mixed,128,16,0.125,4.0,64,4096,512,2048,704,171.806,341.634,155.68,-0.095
mixed,128,16,0.125,4.0,64,4096,1024,4096,1408,271.327,456.062,226.239,-0.2441
mixed,128,16,0.125,4.0,64,4096,2048,8192,2816,395.296,812.736,354.109,-0.0987
mixed,128,16,0.125,4.0,64,4096,4096,16384,5632,597.247,1533.501,610.241,0.0139
mixed,128,16,0.125,4.0,64,8192,128,512,176,124.512,158.784,126.624,0.0616
mixed,128,16,0.125,4.0,64,8192,256,1024,352,137.664,219.904,147.297,0.1171
mixed,128,16,0.125,4.0,64,8192,512,2048,704,169.951,345.631,180.415,0.0596
mixed,128,16,0.125,4.0,64,8192,1024,4096,1408,266.815,591.551,257.312,-0.0293
mixed,128,16,0.125,4.0,64,8192,2048,8192,2816,458.112,815.102,358.144,-0.28
mixed,128,16,0.125,4.0,64,8192,4096,16384,5632,680.608,1534.782,605.245,-0.0882
mixed,128,16,0.125,4.0,128,0,128,512,176,85.952,136.96,97.088,0.2183
mixed,128,16,0.125,4.0,128,0,256,1024,352,101.311,181.919,119.519,0.2259
mixed,128,16,0.125,4.0,128,0,512,2048,704,155.073,279.231,154.401,-0.0054
mixed,128,16,0.125,4.0,128,0,1024,4096,1408,217.312,454.623,222.08,0.0201
mixed,128,16,0.125,4.0,128,0,2048,8192,2816,345.441,815.261,355.745,0.0219
mixed,128,16,0.125,4.0,128,0,4096,16384,5632,595.454,1521.373,616.285,0.0225
mixed,128,16,0.125,4.0,128,512,128,512,176,102.72,151.551,100.127,-0.0531
mixed,128,16,0.125,4.0,128,512,256,1024,352,123.519,203.168,119.647,-0.0486
mixed,128,16,0.125,4.0,128,512,512,2048,704,169.503,294.335,154.526,-0.12
mixed,128,16,0.125,4.0,128,512,1024,4096,1408,237.663,477.727,219.681,-0.0749
mixed,128,16,0.125,4.0,128,512,2048,8192,2816,371.84,831.357,356.896,-0.0325
mixed,128,16,0.125,4.0,128,512,4096,16384,5632,615.07,1536.636,610.463,-0.005
mixed,128,16,0.125,4.0,128,1024,128,512,176,104.416,151.52,103.328,-0.0231
mixed,128,16,0.125,4.0,128,1024,256,1024,352,124.0,217.597,119.457,-0.0485
mixed,128,16,0.125,4.0,128,1024,512,2048,704,172.99,317.44,156.447,-0.1145
mixed,128,16,0.125,4.0,128,1024,1024,4096,1408,259.647,493.279,220.862,-0.166
mixed,128,16,0.125,4.0,128,1024,2048,8192,2816,389.631,848.798,357.375,-0.0702
mixed,128,16,0.125,4.0,128,1024,4096,16384,5632,631.551,1554.526,612.897,-0.0202
mixed,128,16,0.125,4.0,128,2048,128,512,176,108.896,152.672,108.449,-0.0102
mixed,128,16,0.125,4.0,128,2048,256,1024,352,125.662,216.734,126.177,0.0057
mixed,128,16,0.125,4.0,128,2048,512,2048,704,172.479,350.111,155.037,-0.0982
mixed,128,16,0.125,4.0,128,2048,1024,4096,1408,271.36,530.432,220.096,-0.1979
mixed,128,16,0.125,4.0,128,2048,2048,8192,2816,425.791,883.261,356.223,-0.1521
mixed,128,16,0.125,4.0,128,2048,4096,16384,5632,668.959,1589.371,611.422,-0.0625
mixed,128,16,0.125,4.0,128,4096,128,512,176,123.585,153.824,124.098,0.017
mixed,128,16,0.125,4.0,128,4096,256,1024,352,140.352,213.887,139.36,-0.0135
mixed,128,16,0.125,4.0,128,4096,512,2048,704,173.184,343.297,179.296,0.0359
mixed,128,16,0.125,4.0,128,4096,1024,4096,1408,271.072,595.296,256.8,-0.044
mixed,128,16,0.125,4.0,128,4096,2048,8192,2816,447.68,953.055,355.55,-0.1823
mixed,128,16,0.125,4.0,128,4096,4096,16384,5632,742.591,1660.031,607.84,-0.1469
mixed,128,16,0.125,4.0,128,8192,128,512,176,145.377,181.664,144.863,-0.0142
mixed,128,16,0.125,4.0,128,8192,256,1024,352,152.577,221.376,154.591,0.0293
mixed,128,16,0.125,4.0,128,8192,512,2048,704,206.177,340.32,188.0,-0.1355
mixed,128,16,0.125,4.0,128,8192,1024,4096,1408,264.417,586.175,277.919,0.042
mixed,128,16,0.125,4.0,128,8192,2048,8192,2816,444.446,1096.093,427.454,-0.0261
mixed,128,16,0.125,4.0,128,8192,4096,16384,5632,779.039,1804.637,609.888,-0.1649
mixed,128,16,0.125,4.0,256,0,128,512,176,88.062,142.112,101.663,0.2516
mixed,128,16,0.125,4.0,256,0,256,1024,352,100.737,189.824,119.134,0.2065
mixed,128,16,0.125,4.0,256,0,512,2048,704,155.136,280.287,159.328,0.0335
mixed,128,16,0.125,4.0,256,0,1024,4096,1408,222.112,458.656,221.696,-0.0018
mixed,128,16,0.125,4.0,256,0,2048,8192,2816,346.623,818.75,362.592,0.0338
mixed,128,16,0.125,4.0,256,0,4096,16384,5632,600.448,1529.406,618.175,0.0191
mixed,128,16,0.125,4.0,256,512,128,512,176,104.609,157.376,103.745,-0.0164
mixed,128,16,0.125,4.0,256,512,256,1024,352,126.176,208.256,123.552,-0.032
mixed,128,16,0.125,4.0,256,512,512,2048,704,172.447,296.032,159.104,-0.108
mixed,128,16,0.125,4.0,256,512,1024,4096,1408,238.558,480.704,224.319,-0.0588
mixed,128,16,0.125,4.0,256,512,2048,8192,2816,367.487,829.981,360.797,-0.0145
mixed,128,16,0.125,4.0,256,512,4096,16384,5632,619.774,1542.941,617.151,-0.0028
mixed,128,16,0.125,4.0,256,1024,128,512,176,110.464,154.59,121.502,0.2501
mixed,128,16,0.125,4.0,256,1024,256,1024,352,126.432,223.297,128.192,0.0182
mixed,128,16,0.125,4.0,256,1024,512,2048,704,172.831,315.487,157.024,-0.1108
mixed,128,16,0.125,4.0,256,1024,1024,4096,1408,259.808,494.048,222.047,-0.1612
mixed,128,16,0.125,4.0,256,1024,2048,8192,2816,393.663,848.127,356.415,-0.082
mixed,128,16,0.125,4.0,256,1024,4096,16384,5632,631.295,1548.957,611.231,-0.0219
mixed,128,16,0.125,4.0,256,2048,128,512,176,129.919,160.447,128.672,-0.0408
mixed,128,16,0.125,4.0,256,2048,256,1024,352,138.912,215.871,152.353,0.1747
mixed,128,16,0.125,4.0,256,2048,512,2048,704,172.478,349.696,179.36,0.0388
mixed,128,16,0.125,4.0,256,2048,1024,4096,1408,272.416,526.877,256.287,-0.0634
mixed,128,16,0.125,4.0,256,2048,2048,8192,2816,419.904,883.904,356.35,-0.137
mixed,128,16,0.125,4.0,256,2048,4096,16384,5632,666.911,1590.909,612.449,-0.0589
mixed,128,16,0.125,4.0,256,4096,128,512,176,149.217,184.671,151.712,0.0704
mixed,128,16,0.125,4.0,256,4096,256,1024,352,169.504,226.495,170.433,0.0163
mixed,128,16,0.125,4.0,256,4096,512,2048,704,194.08,340.799,192.512,-0.0107
mixed,128,16,0.125,4.0,256,4096,1024,4096,1408,263.809,592.191,271.07,0.0221
mixed,128,16,0.125,4.0,256,4096,2048,8192,2816,445.856,948.096,422.944,-0.0456
mixed,128,16,0.125,4.0,256,4096,4096,16384,5632,728.671,1666.557,611.327,-0.1251
mixed,128,16,0.125,4.0,256,8192,128,512,176,193.44,228.225,194.591,0.0331
mixed,128,16,0.125,4.0,256,8192,256,1024,352,200.576,280.319,203.872,0.0413
mixed,128,16,0.125,4.0,256,8192,512,2048,704,256.992,348.414,247.455,-0.1043
mixed,128,16,0.125,4.0,256,8192,1024,4096,1408,305.76,580.317,290.335,-0.0562
mixed,128,16,0.125,4.0,256,8192,2048,8192,2816,447.679,1090.846,435.391,-0.0191
mixed,128,16,0.125,4.0,256,8192,4096,16384,5632,774.624,1804.86,755.584,-0.0185
mixed,128,16,0.125,4.0,512,0,128,512,176,93.6,154.399,108.577,0.2463
mixed,128,16,0.125,4.0,512,0,256,1024,352,110.272,197.28,133.506,0.267
mixed,128,16,0.125,4.0,512,0,512,2048,704,168.829,293.984,179.135,0.0823
mixed,128,16,0.125,4.0,512,0,1024,4096,1408,236.768,476.383,250.815,0.0586
mixed,128,16,0.125,4.0,512,0,2048,8192,2816,369.313,827.039,385.44,0.0352
mixed,128,16,0.125,4.0,512,0,4096,16384,5632,623.999,1543.581,640.511,0.018
mixed,128,16,0.125,4.0,512,512,128,512,176,122.27,164.607,121.983,-0.0068
mixed,128,16,0.125,4.0,512,512,256,1024,352,129.409,214.912,142.719,0.1557
mixed,128,16,0.125,4.0,512,512,512,2048,704,177.727,307.23,176.608,-0.0086
mixed,128,16,0.125,4.0,512,512,1024,4096,1408,250.497,491.102,270.911,0.0848
mixed,128,16,0.125,4.0,512,512,2048,8192,2816,378.11,841.697,403.009,0.0537
mixed,128,16,0.125,4.0,512,512,4096,16384,5632,630.463,1554.205,660.161,0.0321
mixed,128,16,0.125,4.0,512,1024,128,512,176,145.599,158.849,129.824,-1.1906
mixed,128,16,0.125,4.0,512,1024,256,1024,352,147.679,225.153,153.44,0.0744
mixed,128,16,0.125,4.0,512,1024,512,2048,704,179.296,323.392,186.24,0.0482
mixed,128,16,0.125,4.0,512,1024,1024,4096,1408,269.793,503.838,259.808,-0.0427
mixed,128,16,0.125,4.0,512,1024,2048,8192,2816,398.685,862.685,418.527,0.0428
mixed,128,16,0.125,4.0,512,1024,4096,16384,5632,643.966,1567.163,674.367,0.0329
mixed,128,16,0.125,4.0,512,2048,128,512,176,165.791,191.104,170.784,0.1973
mixed,128,16,0.125,4.0,512,2048,256,1024,352,182.462,224.063,200.8,0.4408
mixed,128,16,0.125,4.0,512,2048,512,2048,704,203.873,354.206,194.528,-0.0622
mixed,128,16,0.125,4.0,512,2048,1024,4096,1408,276.703,537.883,278.304,0.0061
mixed,128,16,0.125,4.0,512,2048,2048,8192,2816,428.32,888.19,433.663,0.0116
mixed,128,16,0.125,4.0,512,2048,4096,16384,5632,681.601,1604.798,712.863,0.0339
mixed,128,16,0.125,4.0,512,4096,128,512,176,206.304,246.369,203.391,-0.0727
mixed,128,16,0.125,4.0,512,4096,256,1024,352,221.44,273.95,238.081,0.3169
mixed,128,16,0.125,4.0,512,4096,512,2048,704,258.527,348.799,279.902,0.2368
mixed,128,16,0.125,4.0,512,4096,1024,4096,1408,315.904,597.471,295.166,-0.0737
mixed,128,16,0.125,4.0,512,4096,2048,8192,2816,454.336,961.501,441.12,-0.0261
mixed,128,16,0.125,4.0,512,4096,4096,16384,5632,739.007,1671.836,765.569,0.0285
mixed,128,16,0.125,4.0,512,8192,128,512,176,284.574,321.344,282.496,-0.0565
mixed,128,16,0.125,4.0,512,8192,256,1024,352,300.095,369.184,301.279,0.0171
mixed,128,16,0.125,4.0,512,8192,512,2048,704,336.256,437.664,354.622,0.1811
mixed,128,16,0.125,4.0,512,8192,1024,4096,1408,405.632,598.27,435.809,0.1567
mixed,128,16,0.125,4.0,512,8192,2048,8192,2816,535.006,1091.391,498.817,-0.065
mixed,128,16,0.125,4.0,512,8192,4096,16384,5632,794.654,1816.957,767.552,-0.0265
mixed,128,16,0.125,4.0,1024,0,128,512,176,116.832,155.647,120.097,0.0841
mixed,128,16,0.125,4.0,1024,0,256,1024,352,136.001,201.857,139.296,0.05
mixed,128,16,0.125,4.0,1024,0,512,2048,704,171.711,296.671,174.048,0.0187
mixed,128,16,0.125,4.0,1024,0,1024,4096,1408,239.679,471.969,245.823,0.0264
mixed,128,16,0.125,4.0,1024,0,2048,8192,2816,368.318,824.222,418.239,0.1095
mixed,128,16,0.125,4.0,1024,0,4096,16384,5632,614.207,1532.637,744.128,0.1415
mixed,128,16,0.125,4.0,1024,512,128,512,176,133.185,172.288,135.265,0.0532
mixed,128,16,0.125,4.0,1024,512,256,1024,352,151.679,215.872,156.512,0.0753
mixed,128,16,0.125,4.0,1024,512,512,2048,704,189.28,316.161,194.174,0.0386
mixed,128,16,0.125,4.0,1024,512,1024,4096,1408,252.352,489.857,265.536,0.0555
mixed,128,16,0.125,4.0,1024,512,2048,8192,2816,385.726,842.624,434.334,0.1064
mixed,128,16,0.125,4.0,1024,512,4096,16384,5632,634.145,1546.463,759.202,0.1371
mixed,128,16,0.125,4.0,1024,1024,128,512,176,152.543,189.153,154.464,0.0525
mixed,128,16,0.125,4.0,1024,1024,256,1024,352,169.377,237.248,172.288,0.0429
mixed,128,16,0.125,4.0,1024,1024,512,2048,704,203.807,333.535,208.928,0.0395
mixed,128,16,0.125,4.0,1024,1024,1024,4096,1408,275.84,506.978,281.665,0.0252
mixed,128,16,0.125,4.0,1024,1024,2048,8192,2816,401.792,859.136,452.0,0.1098
mixed,128,16,0.125,4.0,1024,1024,4096,16384,5632,650.783,1565.949,778.431,0.1395
mixed,128,16,0.125,4.0,1024,2048,128,512,176,187.645,226.722,188.832,0.0304
mixed,128,16,0.125,4.0,1024,2048,256,1024,352,204.895,270.848,208.16,0.0495
mixed,128,16,0.125,4.0,1024,2048,512,2048,704,244.094,367.967,244.254,0.0013
mixed,128,16,0.125,4.0,1024,2048,1024,4096,1408,308.896,539.904,318.592,0.042
mixed,128,16,0.125,4.0,1024,2048,2048,8192,2816,437.95,892.383,489.377,0.1132
mixed,128,16,0.125,4.0,1024,2048,4096,16384,5632,683.582,1601.277,811.421,0.1393
mixed,128,16,0.125,4.0,1024,4096,128,512,176,259.296,297.248,258.047,-0.0329
mixed,128,16,0.125,4.0,1024,4096,256,1024,352,274.527,344.223,280.926,0.0918
mixed,128,16,0.125,4.0,1024,4096,512,2048,704,312.386,435.36,314.4,0.0164
mixed,128,16,0.125,4.0,1024,4096,1024,4096,1408,382.24,606.399,387.841,0.025
mixed,128,16,0.125,4.0,1024,4096,2048,8192,2816,507.486,962.239,552.67,0.0994
mixed,128,16,0.125,4.0,1024,4096,4096,16384,5632,759.391,1668.671,877.055,0.1294
mixed,128,16,0.125,4.0,1024,8192,128,512,176,407.233,442.753,408.383,0.0324
mixed,128,16,0.125,4.0,1024,8192,256,1024,352,424.289,492.096,431.103,0.1005
mixed,128,16,0.125,4.0,1024,8192,512,2048,704,459.935,580.991,458.749,-0.0098
mixed,128,16,0.125,4.0,1024,8192,1024,4096,1408,524.541,752.127,533.664,0.0401
mixed,128,16,0.125,4.0,1024,8192,2048,8192,2816,649.599,1105.918,700.192,0.1109
mixed,128,16,0.125,4.0,1024,8192,4096,16384,5632,894.942,1808.763,1033.501,0.1516
mixed,128,16,0.125,4.0,2048,0,128,512,176,193.79,230.942,199.104,0.143
mixed,128,16,0.125,4.0,2048,0,256,1024,352,211.68,281.472,220.323,0.1238
mixed,128,16,0.125,4.0,2048,0,512,2048,704,249.249,374.239,265.024,0.1262
mixed,128,16,0.125,4.0,2048,0,1024,4096,1408,320.319,552.735,340.384,0.0863
mixed,128,16,0.125,4.0,2048,0,2048,8192,2816,447.968,903.295,511.903,0.1404
mixed,128,16,0.125,4.0,2048,0,4096,16384,5632,690.559,1614.331,838.622,0.1603
mixed,128,16,0.125,4.0,2048,512,128,512,176,231.104,270.913,235.615,0.1133
mixed,128,16,0.125,4.0,2048,512,256,1024,352,245.729,318.465,259.905,0.1949
mixed,128,16,0.125,4.0,2048,512,512,2048,704,285.377,409.216,302.369,0.1372
mixed,128,16,0.125,4.0,2048,512,1024,4096,1408,356.544,589.504,377.344,0.0893
mixed,128,16,0.125,4.0,2048,512,2048,8192,2816,483.423,937.406,546.944,0.1399
mixed,128,16,0.125,4.0,2048,512,4096,16384,5632,722.494,1651.964,867.903,0.1564
mixed,128,16,0.125,4.0,2048,1024,128,512,176,265.79,302.303,265.151,-0.0175
mixed,128,16,0.125,4.0,2048,1024,256,1024,352,285.215,355.872,296.512,0.1599
mixed,128,16,0.125,4.0,2048,1024,512,2048,704,319.585,440.831,336.253,0.1375
mixed,128,16,0.125,4.0,2048,1024,1024,4096,1408,391.326,619.934,414.112,0.0997
mixed,128,16,0.125,4.0,2048,1024,2048,8192,2816,516.768,974.75,579.297,0.1365
mixed,128,16,0.125,4.0,2048,1024,4096,16384,5632,761.343,1681.949,905.055,0.1561
mixed,128,16,0.125,4.0,2048,2048,128,512,176,341.181,377.119,341.183,0.0001
mixed,128,16,0.125,4.0,2048,2048,256,1024,352,357.728,426.783,361.761,0.0584
mixed,128,16,0.125,4.0,2048,2048,512,2048,704,393.597,513.663,408.959,0.1279
mixed,128,16,0.125,4.0,2048,2048,1024,4096,1408,464.416,695.042,485.342,0.0907
mixed,128,16,0.125,4.0,2048,2048,2048,8192,2816,589.376,1043.999,650.527,0.1345
mixed,128,16,0.125,4.0,2048,2048,4096,16384,5632,827.998,1751.709,977.053,0.1614
mixed,128,16,0.125,4.0,2048,4096,128,512,176,487.008,528.032,488.001,0.0242
mixed,128,16,0.125,4.0,2048,4096,256,1024,352,503.969,572.192,504.384,0.0061
mixed,128,16,0.125,4.0,2048,4096,512,2048,704,539.999,660.544,543.296,0.0274
mixed,128,16,0.125,4.0,2048,4096,1024,4096,1408,606.88,836.925,629.884,0.1
mixed,128,16,0.125,4.0,2048,4096,2048,8192,2816,732.159,1188.316,796.959,0.1421
mixed,128,16,0.125,4.0,2048,4096,4096,16384,5632,975.422,1897.468,1125.149,0.1624
mixed,128,16,0.125,4.0,2048,8192,128,512,176,771.582,810.237,769.92,-0.043
mixed,128,16,0.125,4.0,2048,8192,256,1024,352,786.335,855.581,789.983,0.0527
mixed,128,16,0.125,4.0,2048,8192,512,2048,704,825.536,941.758,814.462,-0.0953
mixed,128,16,0.125,4.0,2048,8192,1024,4096,1408,885.889,1111.966,912.704,0.1186
mixed,128,16,0.125,4.0,2048,8192,2048,8192,2816,1007.455,1456.093,1079.711,0.1611
mixed,128,16,0.125,4.0,2048,8192,4096,16384,5632,1245.057,2168.412,1408.671,0.1772
pure,128,32,0.25,4.0,0,0,128,512,224,71.072,120.448,89.982,0.383
pure,128,32,0.25,4.0,0,0,256,1024,448,94.815,168.575,116.449,0.2933
pure,128,32,0.25,4.0,0,0,512,2048,896,156.159,256.704,151.295,-0.0484
pure,128,32,0.25,4.0,0,0,1024,4096,1792,233.759,434.015,246.175,0.062
pure,128,32,0.25,4.0,0,0,2048,8192,3584,389.887,790.208,406.944,0.0426
pure,128,32,0.25,4.0,0,0,4096,16384,7168,695.392,1493.214,719.967,0.0308
mixed,128,32,0.25,4.0,16,0,128,512,224,77.09,123.33,98.944,0.4726
mixed,128,32,0.25,4.0,16,0,256,1024,448,99.553,172.864,120.224,0.282
mixed,128,32,0.25,4.0,16,0,512,2048,896,162.88,263.392,161.919,-0.0096
mixed,128,32,0.25,4.0,16,0,1024,4096,1792,242.015,452.352,241.149,-0.0041
mixed,128,32,0.25,4.0,16,0,2048,8192,3584,399.774,809.374,443.966,0.1079
mixed,128,32,0.25,4.0,16,0,4096,16384,7168,716.255,1524.476,787.836,0.0886
mixed,128,32,0.25,4.0,16,512,128,512,224,90.111,122.465,97.374,0.2245
mixed,128,32,0.25,4.0,16,512,256,1024,448,114.912,175.168,123.742,0.1465
mixed,128,32,0.25,4.0,16,512,512,2048,896,162.913,264.159,159.712,-0.0316
mixed,128,32,0.25,4.0,16,512,1024,4096,1792,243.359,450.622,242.176,-0.0057
mixed,128,32,0.25,4.0,16,512,2048,8192,3584,403.392,807.326,445.28,0.1037
mixed,128,32,0.25,4.0,16,512,4096,16384,7168,717.244,1519.805,788.799,0.0892
mixed,128,32,0.25,4.0,16,1024,128,512,224,89.921,121.631,99.391,0.2986
mixed,128,32,0.25,4.0,16,1024,256,1024,448,113.407,177.662,122.879,0.1474
mixed,128,32,0.25,4.0,16,1024,512,2048,896,165.152,268.35,163.104,-0.0198
mixed,128,32,0.25,4.0,16,1024,1024,4096,1792,244.769,453.311,244.48,-0.0014
mixed,128,32,0.25,4.0,16,1024,2048,8192,3584,402.238,807.007,446.142,0.1085
mixed,128,32,0.25,4.0,16,1024,4096,16384,7168,716.319,1517.727,789.533,0.0914
mixed,128,32,0.25,4.0,16,2048,128,512,224,108.672,126.945,103.007,-0.31
mixed,128,32,0.25,4.0,16,2048,256,1024,448,115.904,175.168,131.041,0.2554
mixed,128,32,0.25,4.0,16,2048,512,2048,896,164.769,266.656,164.639,-0.0013
mixed,128,32,0.25,4.0,16,2048,1024,4096,1792,243.871,450.272,243.999,0.0006
mixed,128,32,0.25,4.0,16,2048,2048,8192,3584,402.783,806.653,447.198,0.11
mixed,128,32,0.25,4.0,16,2048,4096,16384,7168,714.622,1519.358,789.405,0.0929
mixed,128,32,0.25,4.0,16,4096,128,512,224,109.376,160.863,103.745,-0.1094
mixed,128,32,0.25,4.0,16,4096,256,1024,448,143.328,176.767,130.655,-0.379
mixed,128,32,0.25,4.0,16,4096,512,2048,896,164.064,268.927,163.647,-0.004
mixed,128,32,0.25,4.0,16,4096,1024,4096,1792,247.616,452.158,244.445,-0.0155
mixed,128,32,0.25,4.0,16,4096,2048,8192,3584,403.137,810.238,449.024,0.1127
mixed,128,32,0.25,4.0,16,4096,4096,16384,7168,720.318,1522.334,789.406,0.0861
mixed,128,32,0.25,4.0,16,8192,128,512,224,112.735,164.318,111.263,-0.0285
mixed,128,32,0.25,4.0,16,8192,256,1024,448,150.945,217.47,131.167,-0.2973
mixed,128,32,0.25,4.0,16,8192,512,2048,896,208.606,273.985,184.767,-0.3646
mixed,128,32,0.25,4.0,16,8192,1024,4096,1792,256.798,452.833,249.76,-0.0359
mixed,128,32,0.25,4.0,16,8192,2048,8192,3584,411.296,809.182,448.031,0.0923
mixed,128,32,0.25,4.0,16,8192,4096,16384,7168,722.303,1526.621,789.727,0.0838
mixed,128,32,0.25,4.0,32,0,128,512,224,77.632,128.287,98.111,0.4043
mixed,128,32,0.25,4.0,32,0,256,1024,448,97.437,173.184,120.798,0.3084
mixed,128,32,0.25,4.0,32,0,512,2048,896,162.367,264.802,163.744,0.0134
mixed,128,32,0.25,4.0,32,0,1024,4096,1792,244.608,449.473,242.143,-0.012
mixed,128,32,0.25,4.0,32,0,2048,8192,3584,402.401,810.367,447.549,0.1107
mixed,128,32,0.25,4.0,32,0,4096,16384,7168,720.701,1520.67,787.488,0.0835
mixed,128,32,0.25,4.0,32,512,128,512,224,88.448,125.248,97.855,0.2556
mixed,128,32,0.25,4.0,32,512,256,1024,448,115.008,172.961,121.022,0.1038
mixed,128,32,0.25,4.0,32,512,512,2048,896,166.079,270.272,161.152,-0.0473
mixed,128,32,0.25,4.0,32,512,1024,4096,1792,247.742,449.504,245.951,-0.0089
mixed,128,32,0.25,4.0,32,512,2048,8192,3584,401.726,806.302,445.215,0.1075
mixed,128,32,0.25,4.0,32,512,4096,16384,7168,715.805,1523.005,789.856,0.0917
mixed,128,32,0.25,4.0,32,1024,128,512,224,106.208,125.248,100.384,-0.3059
mixed,128,32,0.25,4.0,32,1024,256,1024,448,113.601,175.169,125.916,0.2
mixed,128,32,0.25,4.0,32,1024,512,2048,896,164.096,267.295,160.224,-0.0375
mixed,128,32,0.25,4.0,32,1024,1024,4096,1792,245.023,453.343,245.312,0.0014
mixed,128,32,0.25,4.0,32,1024,2048,8192,3584,405.151,807.421,448.097,0.1068
mixed,128,32,0.25,4.0,32,1024,4096,16384,7168,716.287,1515.326,790.078,0.0923
mixed,128,32,0.25,4.0,32,2048,128,512,224,106.111,150.239,106.399,0.0065
mixed,128,32,0.25,4.0,32,2048,256,1024,448,143.073,175.552,130.528,-0.3862
mixed,128,32,0.25,4.0,32,2048,512,2048,896,167.168,268.192,163.805,-0.0333
mixed,128,32,0.25,4.0,32,2048,1024,4096,1792,250.111,454.943,242.271,-0.0383
mixed,128,32,0.25,4.0,32,2048,2048,8192,3584,407.199,808.862,446.975,0.099
mixed,128,32,0.25,4.0,32,2048,4096,16384,7168,718.786,1526.684,790.271,0.0885
mixed,128,32,0.25,4.0,32,4096,128,512,224,112.128,159.806,105.472,-0.1396
mixed,128,32,0.25,4.0,32,4096,256,1024,448,141.632,211.777,130.399,-0.1601
mixed,128,32,0.25,4.0,32,4096,512,2048,896,206.081,271.777,186.111,-0.304
mixed,128,32,0.25,4.0,32,4096,1024,4096,1792,245.821,453.023,246.047,0.0011
mixed,128,32,0.25,4.0,32,4096,2048,8192,3584,407.837,806.43,445.343,0.0941
mixed,128,32,0.25,4.0,32,4096,4096,16384,7168,721.889,1522.269,794.399,0.0906
mixed,128,32,0.25,4.0,32,8192,128,512,224,109.504,157.697,122.913,0.2782
mixed,128,32,0.25,4.0,32,8192,256,1024,448,148.319,221.6,135.134,-0.1799
mixed,128,32,0.25,4.0,32,8192,512,2048,896,206.304,347.711,185.504,-0.1471
mixed,128,32,0.25,4.0,32,8192,1024,4096,1792,320.19,458.558,286.272,-0.2451
mixed,128,32,0.25,4.0,32,8192,2048,8192,3584,423.168,813.343,425.408,0.0057
mixed,128,32,0.25,4.0,32,8192,4096,16384,7168,725.567,1525.5,790.142,0.0807
mixed,128,32,0.25,4.0,64,0,128,512,224,73.248,123.263,99.968,0.5342
mixed,128,32,0.25,4.0,64,0,256,1024,448,99.712,176.576,121.182,0.2793
mixed,128,32,0.25,4.0,64,0,512,2048,896,163.296,263.006,162.687,-0.0061
mixed,128,32,0.25,4.0,64,0,1024,4096,1792,246.048,452.575,240.8,-0.0254
mixed,128,32,0.25,4.0,64,0,2048,8192,3584,402.816,810.11,443.678,0.1003
mixed,128,32,0.25,4.0,64,0,4096,16384,7168,718.593,1521.245,789.246,0.088
mixed,128,32,0.25,4.0,64,512,128,512,224,102.368,126.079,98.721,-0.1538
mixed,128,32,0.25,4.0,64,512,256,1024,448,117.855,174.976,129.629,0.2061
mixed,128,32,0.25,4.0,64,512,512,2048,896,164.577,268.063,160.737,-0.0371
mixed,128,32,0.25,4.0,64,512,1024,4096,1792,243.903,452.993,243.582,-0.0015
mixed,128,32,0.25,4.0,64,512,2048,8192,3584,406.176,809.567,449.632,0.1077
mixed,128,32,0.25,4.0,64,512,4096,16384,7168,720.67,1526.878,790.045,0.0861
mixed,128,32,0.25,4.0,64,1024,128,512,224,106.207,145.503,105.376,-0.0211
mixed,128,32,0.25,4.0,64,1024,256,1024,448,137.728,174.432,130.721,-0.1909
mixed,128,32,0.25,4.0,64,1024,512,2048,896,165.729,268.93,182.657,0.164
mixed,128,32,0.25,4.0,64,1024,1024,4096,1792,249.342,451.456,242.623,-0.0332
mixed,128,32,0.25,4.0,64,1024,2048,8192,3584,404.734,804.895,444.959,0.1005
mixed,128,32,0.25,4.0,64,1024,4096,16384,7168,720.096,1531.421,787.806,0.0835
mixed,128,32,0.25,4.0,64,2048,128,512,224,110.271,154.336,107.101,-0.0719
mixed,128,32,0.25,4.0,64,2048,256,1024,448,139.552,210.496,131.616,-0.1119
mixed,128,32,0.25,4.0,64,2048,512,2048,896,200.832,268.768,178.656,-0.3264
mixed,128,32,0.25,4.0,64,2048,1024,4096,1792,253.249,449.663,273.95,0.1054
mixed,128,32,0.25,4.0,64,2048,2048,8192,3584,406.593,814.686,443.712,0.091
mixed,128,32,0.25,4.0,64,2048,4096,16384,7168,719.936,1528.509,790.879,0.0877
mixed,128,32,0.25,4.0,64,4096,128,512,224,108.513,155.679,120.417,0.2524
mixed,128,32,0.25,4.0,64,4096,256,1024,448,140.833,219.87,128.64,-0.1543
mixed,128,32,0.25,4.0,64,4096,512,2048,896,202.048,340.99,182.432,-0.1412
mixed,128,32,0.25,4.0,64,4096,1024,4096,1792,315.455,452.767,283.646,-0.2317
mixed,128,32,0.25,4.0,64,4096,2048,8192,3584,418.625,812.158,453.661,0.089
mixed,128,32,0.25,4.0,64,4096,4096,16384,7168,722.526,1531.965,787.743,0.0806
mixed,128,32,0.25,4.0,64,8192,128,512,224,125.569,161.185,129.345,0.106
mixed,128,32,0.25,4.0,64,8192,256,1024,448,138.464,218.237,150.624,0.1524
mixed,128,32,0.25,4.0,64,8192,512,2048,896,203.39,345.919,181.568,-0.1531
mixed,128,32,0.25,4.0,64,8192,1024,4096,1792,319.454,588.352,284.928,-0.1284
mixed,128,32,0.25,4.0,64,8192,2048,8192,3584,536.03,814.783,453.213,-0.2971
mixed,128,32,0.25,4.0,64,8192,4096,16384,7168,756.414,1535.805,782.177,0.0331
mixed,128,32,0.25,4.0,128,0,128,512,224,89.472,138.016,98.497,0.1859
mixed,128,32,0.25,4.0,128,0,256,1024,448,113.569,183.937,127.84,0.2028
mixed,128,32,0.25,4.0,128,0,512,2048,896,168.896,274.88,173.663,0.045
mixed,128,32,0.25,4.0,128,0,1024,4096,1792,253.599,455.614,239.808,-0.0683
mixed,128,32,0.25,4.0,128,0,2048,8192,3584,411.327,808.735,445.278,0.0854
mixed,128,32,0.25,4.0,128,0,4096,16384,7168,722.239,1521.981,789.63,0.0843
mixed,128,32,0.25,4.0,128,512,128,512,224,106.687,155.519,102.784,-0.0799
mixed,128,32,0.25,4.0,128,512,256,1024,448,138.015,204.065,128.671,-0.1415
mixed,128,32,0.25,4.0,128,512,512,2048,896,194.37,296.544,181.631,-0.1247
mixed,128,32,0.25,4.0,128,512,1024,4096,1792,274.816,475.711,263.68,-0.0554
mixed,128,32,0.25,4.0,128,512,2048,8192,3584,427.936,825.247,444.512,0.0417
mixed,128,32,0.25,4.0,128,512,4096,16384,7168,743.39,1538.685,786.141,0.0538
mixed,128,32,0.25,4.0,128,1024,128,512,224,107.36,152.992,107.649,0.0063
mixed,128,32,0.25,4.0,128,1024,256,1024,448,135.552,220.961,130.559,-0.0585
mixed,128,32,0.25,4.0,128,1024,512,2048,896,203.007,315.776,179.133,-0.2117
mixed,128,32,0.25,4.0,128,1024,1024,4096,1792,294.175,494.047,280.959,-0.0661
mixed,128,32,0.25,4.0,128,1024,2048,8192,3584,450.558,847.774,441.79,-0.0221
mixed,128,32,0.25,4.0,128,1024,4096,16384,7168,752.862,1548.894,786.558,0.0423
mixed,128,32,0.25,4.0,128,2048,128,512,224,110.239,153.6,114.72,0.1033
mixed,128,32,0.25,4.0,128,2048,256,1024,448,138.623,214.11,130.751,-0.1043
mixed,128,32,0.25,4.0,128,2048,512,2048,896,203.584,348.095,178.463,-0.1738
mixed,128,32,0.25,4.0,128,2048,1024,4096,1792,318.945,530.654,275.39,-0.2057
mixed,128,32,0.25,4.0,128,2048,2048,8192,3584,490.493,879.485,459.517,-0.0796
mixed,128,32,0.25,4.0,128,2048,4096,16384,7168,801.952,1591.677,781.855,-0.0254
mixed,128,32,0.25,4.0,128,4096,128,512,224,124.383,156.255,127.005,0.0823
mixed,128,32,0.25,4.0,128,4096,256,1024,448,145.856,212.896,150.464,0.0687
mixed,128,32,0.25,4.0,128,4096,512,2048,896,199.295,342.273,180.93,-0.1284
mixed,128,32,0.25,4.0,128,4096,1024,4096,1792,312.511,592.799,283.871,-0.1022
mixed,128,32,0.25,4.0,128,4096,2048,8192,3584,534.845,961.406,447.264,-0.2053
mixed,128,32,0.25,4.0,128,4096,4096,16384,7168,866.751,1662.682,778.72,-0.1106
mixed,128,32,0.25,4.0,128,8192,128,512,224,146.113,181.248,146.816,0.02
mixed,128,32,0.25,4.0,128,8192,256,1024,448,166.624,223.84,168.577,0.0341
mixed,128,32,0.25,4.0,128,8192,512,2048,896,212.64,339.264,205.151,-0.0591
mixed,128,32,0.25,4.0,128,8192,1024,4096,1792,309.631,585.664,283.808,-0.0936
mixed,128,32,0.25,4.0,128,8192,2048,8192,3584,527.009,1091.55,448.319,-0.1394
mixed,128,32,0.25,4.0,128,8192,4096,16384,7168,970.685,1800.923,781.216,-0.2282
mixed,128,32,0.25,4.0,256,0,128,512,224,88.8,140.929,103.232,0.2769
mixed,128,32,0.25,4.0,256,0,256,1024,448,113.601,187.84,132.002,0.2479
mixed,128,32,0.25,4.0,256,0,512,2048,896,174.911,279.743,180.065,0.0492
mixed,128,32,0.25,4.0,256,0,1024,4096,1792,257.601,456.67,245.408,-0.0613
mixed,128,32,0.25,4.0,256,0,2048,8192,3584,415.968,814.784,449.407,0.0838
mixed,128,32,0.25,4.0,256,0,4096,16384,7168,722.269,1524.509,791.488,0.0863
mixed,128,32,0.25,4.0,256,512,128,512,224,107.198,155.904,107.104,-0.0019
mixed,128,32,0.25,4.0,256,512,256,1024,448,140.607,207.169,132.415,-0.1231
mixed,128,32,0.25,4.0,256,512,512,2048,896,193.634,297.152,183.169,-0.1011
mixed,128,32,0.25,4.0,256,512,1024,4096,1792,277.568,477.279,270.976,-0.033
mixed,128,32,0.25,4.0,256,512,2048,8192,3584,433.727,829.824,443.455,0.0246
mixed,128,32,0.25,4.0,256,512,4096,16384,7168,743.199,1543.1,788.829,0.057
mixed,128,32,0.25,4.0,256,1024,128,512,224,113.12,155.072,125.215,0.2883
mixed,128,32,0.25,4.0,256,1024,256,1024,448,140.544,221.824,133.663,-0.0847
mixed,128,32,0.25,4.0,256,1024,512,2048,896,207.008,314.496,180.607,-0.2456
mixed,128,32,0.25,4.0,256,1024,1024,4096,1792,294.016,493.181,284.769,-0.0464
mixed,128,32,0.25,4.0,256,1024,2048,8192,3584,453.919,851.676,422.719,-0.0784
mixed,128,32,0.25,4.0,256,1024,4096,16384,7168,761.657,1553.596,784.127,0.0284
mixed,128,32,0.25,4.0,256,2048,128,512,224,130.208,160.576,128.959,-0.0411
mixed,128,32,0.25,4.0,256,2048,256,1024,448,144.992,217.153,158.334,0.1849
mixed,128,32,0.25,4.0,256,2048,512,2048,896,201.022,349.697,181.76,-0.1296
mixed,128,32,0.25,4.0,256,2048,1024,4096,1792,318.977,526.591,278.686,-0.1941
mixed,128,32,0.25,4.0,256,2048,2048,8192,3584,482.815,879.23,455.421,-0.0691
mixed,128,32,0.25,4.0,256,2048,4096,16384,7168,797.598,1596.51,778.302,-0.0242
mixed,128,32,0.25,4.0,256,4096,128,512,224,152.32,184.32,156.448,0.129
mixed,128,32,0.25,4.0,256,4096,256,1024,448,174.048,226.847,175.583,0.0291
mixed,128,32,0.25,4.0,256,4096,512,2048,896,211.295,341.788,219.553,0.0633
mixed,128,32,0.25,4.0,256,4096,1024,4096,1792,312.862,591.358,284.798,-0.1008
mixed,128,32,0.25,4.0,256,4096,2048,8192,3584,532.895,951.42,442.592,-0.2158
mixed,128,32,0.25,4.0,256,4096,4096,16384,7168,856.801,1661.436,785.054,-0.0892
mixed,128,32,0.25,4.0,256,8192,128,512,224,194.688,226.366,193.217,-0.0464
mixed,128,32,0.25,4.0,256,8192,256,1024,448,206.496,278.368,218.784,0.171
mixed,128,32,0.25,4.0,256,8192,512,2048,896,252.958,349.599,260.415,0.0772
mixed,128,32,0.25,4.0,256,8192,1024,4096,1792,326.047,578.656,347.134,0.0835
mixed,128,32,0.25,4.0,256,8192,2048,8192,3584,521.921,1087.39,486.111,-0.0633
mixed,128,32,0.25,4.0,256,8192,4096,16384,7168,963.933,1804.38,781.728,-0.2168
mixed,128,32,0.25,4.0,512,0,128,512,224,94.654,155.361,117.024,0.3685
mixed,128,32,0.25,4.0,512,0,256,1024,448,122.014,198.752,138.814,0.2189
mixed,128,32,0.25,4.0,512,0,512,2048,896,188.863,291.456,191.969,0.0303
mixed,128,32,0.25,4.0,512,0,1024,4096,1792,270.239,474.049,261.183,-0.0444
mixed,128,32,0.25,4.0,512,0,2048,8192,3584,432.352,827.838,456.127,0.0601
mixed,128,32,0.25,4.0,512,0,4096,16384,7168,735.134,1543.036,804.478,0.0858
mixed,128,32,0.25,4.0,512,512,128,512,224,123.518,164.35,124.577,0.0259
mixed,128,32,0.25,4.0,512,512,256,1024,448,145.663,214.464,152.385,0.0977
mixed,128,32,0.25,4.0,512,512,512,2048,896,205.536,308.927,189.344,-0.1566
mixed,128,32,0.25,4.0,512,512,1024,4096,1792,286.846,487.488,281.951,-0.0244
mixed,128,32,0.25,4.0,512,512,2048,8192,3584,443.999,841.534,426.431,-0.0442
mixed,128,32,0.25,4.0,512,512,4096,16384,7168,754.207,1552.285,794.205,0.0501
mixed,128,32,0.25,4.0,512,1024,128,512,224,149.089,160.831,136.864,-1.0411
mixed,128,32,0.25,4.0,512,1024,256,1024,448,156.16,227.87,158.046,0.0263
mixed,128,32,0.25,4.0,512,1024,512,2048,896,209.951,323.521,192.831,-0.1507
mixed,128,32,0.25,4.0,512,1024,1024,4096,1792,306.208,505.12,295.966,-0.0515
mixed,128,32,0.25,4.0,512,1024,2048,8192,3584,460.833,859.998,435.263,-0.0641
mixed,128,32,0.25,4.0,512,1024,4096,16384,7168,772.67,1566.617,792.862,0.0254
mixed,128,32,0.25,4.0,512,2048,128,512,224,168.256,191.297,176.415,0.3541
mixed,128,32,0.25,4.0,512,2048,256,1024,448,175.648,223.999,179.904,0.088
mixed,128,32,0.25,4.0,512,2048,512,2048,896,215.712,351.839,219.647,0.0289
mixed,128,32,0.25,4.0,512,2048,1024,4096,1792,325.312,537.119,295.07,-0.1428
mixed,128,32,0.25,4.0,512,2048,2048,8192,3584,495.456,892.348,466.558,-0.0728
mixed,128,32,0.25,4.0,512,2048,4096,16384,7168,801.374,1606.523,771.23,-0.0374
mixed,128,32,0.25,4.0,512,4096,128,512,224,205.952,245.887,217.405,0.2868
mixed,128,32,0.25,4.0,512,4096,256,1024,448,233.951,272.285,246.783,0.3347
mixed,128,32,0.25,4.0,512,4096,512,2048,896,251.424,348.607,252.866,0.0148
mixed,128,32,0.25,4.0,512,4096,1024,4096,1792,336.735,597.344,346.751,0.0384
mixed,128,32,0.25,4.0,512,4096,2048,8192,3584,539.583,963.486,502.59,-0.0873
mixed,128,32,0.25,4.0,512,4096,4096,16384,7168,868.542,1673.598,810.046,-0.0727
mixed,128,32,0.25,4.0,512,8192,128,512,224,285.919,322.334,292.575,0.1828
mixed,128,32,0.25,4.0,512,8192,256,1024,448,311.809,371.84,323.168,0.1892
mixed,128,32,0.25,4.0,512,8192,512,2048,896,361.439,438.589,361.857,0.0054
mixed,128,32,0.25,4.0,512,8192,1024,4096,1792,404.511,600.317,404.957,0.0023
mixed,128,32,0.25,4.0,512,8192,2048,8192,3584,571.838,1093.728,591.04,0.0368
mixed,128,32,0.25,4.0,512,8192,4096,16384,7168,969.342,1812.795,923.678,-0.0541
mixed,128,32,0.25,4.0,1024,0,128,512,224,117.182,157.44,123.584,0.159
mixed,128,32,0.25,4.0,1024,0,256,1024,448,146.847,202.495,146.883,0.0006
mixed,128,32,0.25,4.0,1024,0,512,2048,896,187.872,295.584,192.126,0.0395
mixed,128,32,0.25,4.0,1024,0,1024,4096,1792,272.35,470.557,267.137,-0.0263
mixed,128,32,0.25,4.0,1024,0,2048,8192,3584,430.91,824.544,435.197,0.0109
mixed,128,32,0.25,4.0,1024,0,4096,16384,7168,734.686,1532.22,775.423,0.0511
mixed,128,32,0.25,4.0,1024,512,128,512,224,135.104,174.399,141.311,0.158
mixed,128,32,0.25,4.0,1024,512,256,1024,448,162.528,217.569,163.711,0.0215
mixed,128,32,0.25,4.0,1024,512,512,2048,896,207.006,313.791,212.896,0.0552
mixed,128,32,0.25,4.0,1024,512,1024,4096,1792,289.983,491.103,284.639,-0.0266
mixed,128,32,0.25,4.0,1024,512,2048,8192,3584,446.623,842.817,453.31,0.0169
mixed,128,32,0.25,4.0,1024,512,4096,16384,7168,750.94,1552.189,791.549,0.0507
mixed,128,32,0.25,4.0,1024,1024,128,512,224,151.936,187.742,157.089,0.1439
mixed,128,32,0.25,4.0,1024,1024,256,1024,448,180.703,237.184,180.959,0.0045
mixed,128,32,0.25,4.0,1024,1024,512,2048,896,224.672,333.056,228.641,0.0366
mixed,128,32,0.25,4.0,1024,1024,1024,4096,1792,311.102,508.192,303.296,-0.0396
mixed,128,32,0.25,4.0,1024,1024,2048,8192,3584,464.96,859.551,472.03,0.0179
mixed,128,32,0.25,4.0,1024,1024,4096,16384,7168,769.887,1569.244,804.957,0.0439
mixed,128,32,0.25,4.0,1024,2048,128,512,224,189.343,227.519,193.373,0.1056
mixed,128,32,0.25,4.0,1024,2048,256,1024,448,216.256,273.215,217.186,0.0163
mixed,128,32,0.25,4.0,1024,2048,512,2048,896,260.289,366.592,265.565,0.0496
mixed,128,32,0.25,4.0,1024,2048,1024,4096,1792,344.447,540.959,338.335,-0.0311
mixed,128,32,0.25,4.0,1024,2048,2048,8192,3584,496.994,891.998,502.62,0.0142
mixed,128,32,0.25,4.0,1024,2048,4096,16384,7168,804.222,1601.915,839.006,0.0436
mixed,128,32,0.25,4.0,1024,4096,128,512,224,259.968,297.854,263.712,0.0988
mixed,128,32,0.25,4.0,1024,4096,256,1024,448,285.823,344.13,285.983,0.0027
mixed,128,32,0.25,4.0,1024,4096,512,2048,896,331.582,436.189,336.929,0.0511
mixed,128,32,0.25,4.0,1024,4096,1024,4096,1792,413.246,607.422,407.136,-0.0315
mixed,128,32,0.25,4.0,1024,4096,2048,8192,3584,563.551,962.526,571.135,0.019
mixed,128,32,0.25,4.0,1024,4096,4096,16384,7168,871.165,1665.789,910.75,0.0498
mixed,128,32,0.25,4.0,1024,8192,128,512,224,407.36,442.753,412.738,0.152
mixed,128,32,0.25,4.0,1024,8192,256,1024,448,436.93,490.62,437.408,0.0089
mixed,128,32,0.25,4.0,1024,8192,512,2048,896,478.655,582.559,479.871,0.0117
mixed,128,32,0.25,4.0,1024,8192,1024,4096,1792,561.597,755.165,554.751,-0.0354
mixed,128,32,0.25,4.0,1024,8192,2048,8192,3584,712.67,1105.533,715.58,0.0074
mixed,128,32,0.25,4.0,1024,8192,4096,16384,7168,1009.982,1811.484,1053.341,0.0541
mixed,128,32,0.25,4.0,2048,0,128,512,224,198.655,231.999,203.773,0.1535
mixed,128,32,0.25,4.0,2048,0,256,1024,448,223.201,282.208,230.399,0.122
mixed,128,32,0.25,4.0,2048,0,512,2048,896,271.488,375.391,273.727,0.0215
mixed,128,32,0.25,4.0,2048,0,1024,4096,1792,354.974,551.933,352.288,-0.0136
mixed,128,32,0.25,4.0,2048,0,2048,8192,3584,509.248,904.223,523.873,0.037
mixed,128,32,0.25,4.0,2048,0,4096,16384,7168,817.63,1613.884,863.775,0.058
mixed,128,32,0.25,4.0,2048,512,128,512,224,233.601,266.815,237.599,0.1204
mixed,128,32,0.25,4.0,2048,512,256,1024,448,256.607,316.126,267.485,0.1828
mixed,128,32,0.25,4.0,2048,512,512,2048,896,307.775,410.302,308.799,0.01
mixed,128,32,0.25,4.0,2048,512,1024,4096,1792,386.848,586.303,383.519,-0.0167
mixed,128,32,0.25,4.0,2048,512,2048,8192,3584,540.32,935.455,559.838,0.0494
mixed,128,32,0.25,4.0,2048,512,4096,16384,7168,854.239,1647.581,896.094,0.0528
mixed,128,32,0.25,4.0,2048,1024,128,512,224,267.808,303.424,276.0,0.23
mixed,128,32,0.25,4.0,2048,1024,256,1024,448,292.287,353.601,303.584,0.1842
mixed,128,32,0.25,4.0,2048,1024,512,2048,896,341.632,443.903,344.351,0.0266
mixed,128,32,0.25,4.0,2048,1024,1024,4096,1792,422.655,623.551,420.094,-0.0127
mixed,128,32,0.25,4.0,2048,1024,2048,8192,3584,574.75,975.743,591.743,0.0424
mixed,128,32,0.25,4.0,2048,1024,4096,16384,7168,888.189,1681.563,927.613,0.0497
mixed,128,32,0.25,4.0,2048,2048,128,512,224,345.279,379.648,348.895,0.1052
mixed,128,32,0.25,4.0,2048,2048,256,1024,448,368.447,426.689,377.696,0.1588
mixed,128,32,0.25,4.0,2048,2048,512,2048,896,414.527,516.029,417.981,0.034
mixed,128,32,0.25,4.0,2048,2048,1024,4096,1792,494.014,695.359,490.688,-0.0165
mixed,128,32,0.25,4.0,2048,2048,2048,8192,3584,648.575,1043.743,664.957,0.0415
mixed,128,32,0.25,4.0,2048,2048,4096,16384,7168,959.869,1754.748,1004.609,0.0563
mixed,128,32,0.25,4.0,2048,4096,128,512,224,493.086,527.262,492.224,-0.0252
mixed,128,32,0.25,4.0,2048,4096,256,1024,448,515.135,576.928,523.71,0.1388
mixed,128,32,0.25,4.0,2048,4096,512,2048,896,560.447,661.343,563.488,0.0301
mixed,128,32,0.25,4.0,2048,4096,1024,4096,1792,642.526,838.079,639.135,-0.0173
mixed,128,32,0.25,4.0,2048,4096,2048,8192,3584,792.513,1187.835,805.918,0.0339
mixed,128,32,0.25,4.0,2048,4096,4096,16384,7168,1101.501,1897.147,1152.701,0.0644
mixed,128,32,0.25,4.0,2048,8192,128,512,224,769.918,807.966,774.11,0.1102
mixed,128,32,0.25,4.0,2048,8192,256,1024,448,797.918,857.277,791.773,-0.1035
mixed,128,32,0.25,4.0,2048,8192,512,2048,896,842.59,935.326,835.649,-0.0748
mixed,128,32,0.25,4.0,2048,8192,1024,4096,1792,919.328,1112.412,917.666,-0.0086
mixed,128,32,0.25,4.0,2048,8192,2048,8192,3584,1068.317,1458.619,1084.478,0.0414
mixed,128,32,0.25,4.0,2048,8192,4096,16384,7168,1371.228,2170.267,1429.724,0.0732
pure,128,64,0.5,4.0,0,0,128,512,320,80.543,116.928,100.288,0.5427
pure,128,64,0.5,4.0,0,0,256,1024,640,131.103,168.223,130.495,-0.0164
pure,128,64,0.5,4.0,0,0,512,2048,1280,190.399,254.686,184.512,-0.0916
pure,128,64,0.5,4.0,0,0,1024,4096,2560,297.599,431.008,296.8,-0.006
pure,128,64,0.5,4.0,0,0,2048,8192,5120,520.318,785.248,517.34,-0.0112
pure,128,64,0.5,4.0,0,0,4096,16384,10240,965.5,1487.166,956.318,-0.0176
mixed,128,64,0.5,4.0,16,0,128,512,320,86.784,122.527,105.567,0.5255
mixed,128,64,0.5,4.0,16,0,256,1024,640,138.144,174.207,140.224,0.0577
mixed,128,64,0.5,4.0,16,0,512,2048,1280,198.878,266.11,195.613,-0.0486
mixed,128,64,0.5,4.0,16,0,1024,4096,2560,310.399,448.672,313.791,0.0245
mixed,128,64,0.5,4.0,16,0,2048,8192,5120,535.295,803.934,534.048,-0.0046
mixed,128,64,0.5,4.0,16,0,4096,16384,10240,981.405,1523.805,983.55,0.004
mixed,128,64,0.5,4.0,16,512,128,512,320,101.726,122.08,104.896,0.1557
mixed,128,64,0.5,4.0,16,512,256,1024,640,136.707,177.024,139.39,0.0665
mixed,128,64,0.5,4.0,16,512,512,2048,1280,197.088,269.023,196.159,-0.0129
mixed,128,64,0.5,4.0,16,512,1024,4096,2560,313.055,450.078,314.911,0.0135
mixed,128,64,0.5,4.0,16,512,2048,8192,5120,534.238,803.166,535.648,0.0052
mixed,128,64,0.5,4.0,16,512,4096,16384,10240,983.295,1522.173,982.973,-0.0006
mixed,128,64,0.5,4.0,16,1024,128,512,320,98.816,128.605,110.08,0.3781
mixed,128,64,0.5,4.0,16,1024,256,1024,640,139.936,176.064,140.384,0.0124
mixed,128,64,0.5,4.0,16,1024,512,2048,1280,199.296,267.998,194.881,-0.0643
mixed,128,64,0.5,4.0,16,1024,1024,4096,2560,313.408,451.038,312.896,-0.0037
mixed,128,64,0.5,4.0,16,1024,2048,8192,5120,538.27,807.615,537.983,-0.0011
mixed,128,64,0.5,4.0,16,1024,4096,16384,10240,980.957,1523.102,983.678,0.005
mixed,128,64,0.5,4.0,16,2048,128,512,320,118.08,127.553,116.992,-0.1149
mixed,128,64,0.5,4.0,16,2048,256,1024,640,140.704,177.023,144.448,0.1031
mixed,128,64,0.5,4.0,16,2048,512,2048,1280,197.95,266.945,194.142,-0.0552
mixed,128,64,0.5,4.0,16,2048,1024,4096,2560,314.976,449.823,314.049,-0.0069
mixed,128,64,0.5,4.0,16,2048,2048,8192,5120,542.88,802.813,534.24,-0.0332
mixed,128,64,0.5,4.0,16,2048,4096,16384,10240,983.517,1522.589,977.692,-0.0108
mixed,128,64,0.5,4.0,16,4096,128,512,320,125.182,159.935,127.103,0.0553
mixed,128,64,0.5,4.0,16,4096,256,1024,640,163.071,176.577,160.575,-0.1848
mixed,128,64,0.5,4.0,16,4096,512,2048,1280,201.025,268.862,198.016,-0.0444
mixed,128,64,0.5,4.0,16,4096,1024,4096,2560,313.056,448.862,317.92,0.0358
mixed,128,64,0.5,4.0,16,4096,2048,8192,5120,537.373,806.43,539.645,0.0084
mixed,128,64,0.5,4.0,16,4096,4096,16384,10240,982.559,1521.918,983.229,0.0012
mixed,128,64,0.5,4.0,16,8192,128,512,320,127.392,161.469,129.152,0.0516
mixed,128,64,0.5,4.0,16,8192,256,1024,640,175.134,219.616,163.008,-0.2726
mixed,128,64,0.5,4.0,16,8192,512,2048,1280,256.031,274.526,248.29,-0.4185
mixed,128,64,0.5,4.0,16,8192,1024,4096,2560,318.592,453.247,321.984,0.0252
mixed,128,64,0.5,4.0,16,8192,2048,8192,5120,544.958,809.662,540.734,-0.016
mixed,128,64,0.5,4.0,16,8192,4096,16384,10240,986.172,1522.621,989.023,0.0053
mixed,128,64,0.5,4.0,32,0,128,512,320,85.119,124.224,107.841,0.5811
mixed,128,64,0.5,4.0,32,0,256,1024,640,139.2,174.591,138.109,-0.0308
mixed,128,64,0.5,4.0,32,0,512,2048,1280,199.968,260.703,194.59,-0.0885
mixed,128,64,0.5,4.0,32,0,1024,4096,2560,311.454,451.936,313.697,0.016
mixed,128,64,0.5,4.0,32,0,2048,8192,5120,533.791,812.096,537.916,0.0148
mixed,128,64,0.5,4.0,32,0,4096,16384,10240,980.318,1520.445,983.326,0.0056
mixed,128,64,0.5,4.0,32,512,128,512,320,100.416,123.39,105.664,0.2284
mixed,128,64,0.5,4.0,32,512,256,1024,640,137.538,174.176,141.632,0.1117
mixed,128,64,0.5,4.0,32,512,512,2048,1280,198.175,265.408,196.64,-0.0228
mixed,128,64,0.5,4.0,32,512,1024,4096,2560,307.967,451.262,315.649,0.0536
mixed,128,64,0.5,4.0,32,512,2048,8192,5120,535.52,808.413,534.943,-0.0021
mixed,128,64,0.5,4.0,32,512,4096,16384,10240,981.852,1522.814,985.789,0.0073
mixed,128,64,0.5,4.0,32,1024,128,512,320,113.12,124.352,116.446,0.2961
mixed,128,64,0.5,4.0,32,1024,256,1024,640,141.887,182.689,140.545,-0.0329
mixed,128,64,0.5,4.0,32,1024,512,2048,1280,198.465,268.224,195.008,-0.0496
mixed,128,64,0.5,4.0,32,1024,1024,4096,2560,317.024,450.911,313.887,-0.0234
mixed,128,64,0.5,4.0,32,1024,2048,8192,5120,538.303,804.8,534.462,-0.0144
mixed,128,64,0.5,4.0,32,1024,4096,16384,10240,978.015,1519.867,981.406,0.0063
mixed,128,64,0.5,4.0,32,2048,128,512,320,123.392,146.847,126.593,0.1365
mixed,128,64,0.5,4.0,32,2048,256,1024,640,151.457,174.047,165.088,0.6034
mixed,128,64,0.5,4.0,32,2048,512,2048,1280,201.311,269.152,197.473,-0.0566
mixed,128,64,0.5,4.0,32,2048,1024,4096,2560,313.725,451.679,316.543,0.0204
mixed,128,64,0.5,4.0,32,2048,2048,8192,5120,536.383,806.591,535.84,-0.002
mixed,128,64,0.5,4.0,32,2048,4096,16384,10240,981.888,1523.613,982.303,0.0008
mixed,128,64,0.5,4.0,32,4096,128,512,320,126.145,161.185,128.64,0.0712
mixed,128,64,0.5,4.0,32,4096,256,1024,640,172.031,211.808,159.488,-0.3153
mixed,128,64,0.5,4.0,32,4096,512,2048,1280,227.135,269.856,250.656,0.5506
mixed,128,64,0.5,4.0,32,4096,1024,4096,2560,314.462,451.967,317.406,0.0214
mixed,128,64,0.5,4.0,32,4096,2048,8192,5120,536.704,805.535,535.328,-0.0051
mixed,128,64,0.5,4.0,32,4096,4096,16384,10240,985.981,1530.27,982.908,-0.0056
mixed,128,64,0.5,4.0,32,8192,128,512,320,125.313,159.839,125.343,0.0009
mixed,128,64,0.5,4.0,32,8192,256,1024,640,174.689,221.12,162.336,-0.2661
mixed,128,64,0.5,4.0,32,8192,512,2048,1280,253.824,346.335,243.901,-0.1073
mixed,128,64,0.5,4.0,32,8192,1024,4096,2560,375.327,458.719,426.078,0.6086
mixed,128,64,0.5,4.0,32,8192,2048,8192,5120,547.934,810.783,543.039,-0.0186
mixed,128,64,0.5,4.0,32,8192,4096,16384,10240,985.631,1526.237,983.839,-0.0033
mixed,128,64,0.5,4.0,64,0,128,512,320,85.055,124.352,107.006,0.5586
mixed,128,64,0.5,4.0,64,0,256,1024,640,137.055,173.152,140.543,0.0966
mixed,128,64,0.5,4.0,64,0,512,2048,1280,198.143,264.866,194.463,-0.0552
mixed,128,64,0.5,4.0,64,0,1024,4096,2560,311.487,450.209,313.535,0.0148
mixed,128,64,0.5,4.0,64,0,2048,8192,5120,536.255,809.503,533.727,-0.0093
mixed,128,64,0.5,4.0,64,0,4096,16384,10240,983.997,1516.669,981.756,-0.0042
mixed,128,64,0.5,4.0,64,512,128,512,320,109.759,126.271,112.416,0.1609
mixed,128,64,0.5,4.0,64,512,256,1024,640,136.769,178.592,151.709,0.3572
mixed,128,64,0.5,4.0,64,512,512,2048,1280,199.519,266.495,195.583,-0.0588
mixed,128,64,0.5,4.0,64,512,1024,4096,2560,312.129,448.926,313.28,0.0084
mixed,128,64,0.5,4.0,64,512,2048,8192,5120,536.254,810.847,535.007,-0.0045
mixed,128,64,0.5,4.0,64,512,4096,16384,10240,987.391,1526.684,983.04,-0.0081
mixed,128,64,0.5,4.0,64,1024,128,512,320,123.808,146.399,121.025,-0.1232
mixed,128,64,0.5,4.0,64,1024,256,1024,640,150.943,176.831,161.15,0.3943
mixed,128,64,0.5,4.0,64,1024,512,2048,1280,199.711,266.911,217.248,0.261
mixed,128,64,0.5,4.0,64,1024,1024,4096,2560,314.239,449.374,320.895,0.0493
mixed,128,64,0.5,4.0,64,1024,2048,8192,5120,540.095,807.774,534.557,-0.0207
mixed,128,64,0.5,4.0,64,1024,4096,16384,10240,983.261,1525.372,982.653,-0.0011
mixed,128,64,0.5,4.0,64,2048,128,512,320,123.712,155.871,122.529,-0.0368
mixed,128,64,0.5,4.0,64,2048,256,1024,640,171.839,212.511,159.872,-0.2942
mixed,128,64,0.5,4.0,64,2048,512,2048,1280,225.597,267.806,245.949,0.4822
mixed,128,64,0.5,4.0,64,2048,1024,4096,2560,316.959,452.831,358.304,0.3043
mixed,128,64,0.5,4.0,64,2048,2048,8192,5120,536.287,807.648,538.43,0.0079
mixed,128,64,0.5,4.0,64,2048,4096,16384,10240,985.662,1527.709,984.094,-0.0029
mixed,128,64,0.5,4.0,64,4096,128,512,320,124.031,155.198,125.278,0.04
mixed,128,64,0.5,4.0,64,4096,256,1024,640,170.401,218.656,159.519,-0.2255
mixed,128,64,0.5,4.0,64,4096,512,2048,1280,254.274,339.967,245.889,-0.0978
mixed,128,64,0.5,4.0,64,4096,1024,4096,2560,373.056,454.141,419.871,0.5774
mixed,128,64,0.5,4.0,64,4096,2048,8192,5120,543.169,811.549,610.655,0.2515
mixed,128,64,0.5,4.0,64,4096,4096,16384,10240,992.189,1531.611,988.349,-0.0071
mixed,128,64,0.5,4.0,64,8192,128,512,320,136.415,160.673,138.847,0.1003
mixed,128,64,0.5,4.0,64,8192,256,1024,640,172.799,217.407,159.041,-0.3084
mixed,128,64,0.5,4.0,64,8192,512,2048,1280,248.064,344.065,241.439,-0.069
mixed,128,64,0.5,4.0,64,8192,1024,4096,2560,409.853,591.293,416.224,0.0351
mixed,128,64,0.5,4.0,64,8192,2048,8192,5120,652.542,812.702,746.559,0.587
mixed,128,64,0.5,4.0,64,8192,4096,16384,10240,989.243,1534.108,1133.532,0.2648
mixed,128,64,0.5,4.0,128,0,128,512,320,98.209,133.825,115.487,0.4851
mixed,128,64,0.5,4.0,128,0,256,1024,640,145.535,182.367,142.431,-0.0843
mixed,128,64,0.5,4.0,128,0,512,2048,1280,207.678,272.735,197.312,-0.1593
mixed,128,64,0.5,4.0,128,0,1024,4096,2560,323.582,451.422,312.767,-0.0846
mixed,128,64,0.5,4.0,128,0,2048,8192,5120,543.23,808.062,536.386,-0.0258
mixed,128,64,0.5,4.0,128,0,4096,16384,10240,985.983,1524.893,982.396,-0.0067
mixed,128,64,0.5,4.0,128,512,128,512,320,122.4,152.033,119.776,-0.0885
mixed,128,64,0.5,4.0,128,512,256,1024,640,168.864,203.294,153.536,-0.4452
mixed,128,64,0.5,4.0,128,512,512,2048,1280,226.045,297.28,204.288,-0.3054
mixed,128,64,0.5,4.0,128,512,1024,4096,2560,344.225,473.567,316.254,-0.2163
mixed,128,64,0.5,4.0,128,512,2048,8192,5120,563.551,821.951,533.791,-0.1152
mixed,128,64,0.5,4.0,128,512,4096,16384,10240,1004.925,1534.204,982.719,-0.042
mixed,128,64,0.5,4.0,128,1024,128,512,320,122.495,151.394,122.689,0.0067
mixed,128,64,0.5,4.0,128,1024,256,1024,640,169.407,220.478,158.497,-0.2136
mixed,128,64,0.5,4.0,128,1024,512,2048,1280,247.199,316.739,219.999,-0.3911
mixed,128,64,0.5,4.0,128,1024,1024,4096,2560,361.376,496.799,314.527,-0.3459
mixed,128,64,0.5,4.0,128,1024,2048,8192,5120,581.726,849.469,536.736,-0.168
mixed,128,64,0.5,4.0,128,1024,4096,16384,10240,1018.301,1547.612,981.151,-0.0702
mixed,128,64,0.5,4.0,128,2048,128,512,320,123.072,153.536,123.935,0.0283
mixed,128,64,0.5,4.0,128,2048,256,1024,640,170.432,215.617,160.193,-0.2266
mixed,128,64,0.5,4.0,128,2048,512,2048,1280,251.07,348.545,242.72,-0.0857
mixed,128,64,0.5,4.0,128,2048,1024,4096,2560,399.328,532.64,347.934,-0.3855
mixed,128,64,0.5,4.0,128,2048,2048,8192,5120,620.414,879.613,541.792,-0.3033
mixed,128,64,0.5,4.0,128,2048,4096,16384,10240,1059.998,1592.7,985.055,-0.1407
mixed,128,64,0.5,4.0,128,4096,128,512,320,138.655,152.129,136.832,-0.1353
mixed,128,64,0.5,4.0,128,4096,256,1024,640,169.536,215.359,157.728,-0.2577
mixed,128,64,0.5,4.0,128,4096,512,2048,1280,251.582,342.783,240.544,-0.121
mixed,128,64,0.5,4.0,128,4096,1024,4096,2560,409.696,595.231,410.015,0.0017
mixed,128,64,0.5,4.0,128,4096,2048,8192,5120,686.971,953.47,605.534,-0.3056
mixed,128,64,0.5,4.0,128,4096,4096,16384,10240,1135.998,1658.653,989.855,-0.2796
mixed,128,64,0.5,4.0,128,8192,128,512,320,151.134,178.785,155.069,0.1423
mixed,128,64,0.5,4.0,128,8192,256,1024,640,203.231,223.647,182.688,-1.0062
mixed,128,64,0.5,4.0,128,8192,512,2048,1280,246.623,337.311,238.015,-0.0949
mixed,128,64,0.5,4.0,128,8192,1024,4096,2560,405.92,587.229,409.888,0.0219
mixed,128,64,0.5,4.0,128,8192,2048,8192,5120,713.788,1093.437,735.743,0.0578
mixed,128,64,0.5,4.0,128,8192,4096,16384,10240,1274.782,1807.58,1121.084,-0.2885
mixed,128,64,0.5,4.0,256,0,128,512,320,100.546,143.263,120.095,0.4576
mixed,128,64,0.5,4.0,256,0,256,1024,640,154.718,187.296,152.767,-0.0599
mixed,128,64,0.5,4.0,256,0,512,2048,1280,212.735,280.577,207.968,-0.0703
mixed,128,64,0.5,4.0,256,0,1024,4096,2560,323.295,455.904,321.024,-0.0171
mixed,128,64,0.5,4.0,256,0,2048,8192,5120,548.702,816.32,545.532,-0.0118
mixed,128,64,0.5,4.0,256,0,4096,16384,10240,990.687,1531.773,990.844,0.0003
mixed,128,64,0.5,4.0,256,512,128,512,320,122.786,157.599,121.664,-0.0322
mixed,128,64,0.5,4.0,256,512,256,1024,640,169.759,207.23,155.965,-0.3681
mixed,128,64,0.5,4.0,256,512,512,2048,1280,227.905,297.631,222.56,-0.0767
mixed,128,64,0.5,4.0,256,512,1024,4096,2560,347.328,481.311,343.423,-0.0291
mixed,128,64,0.5,4.0,256,512,2048,8192,5120,562.303,830.177,559.71,-0.0097
mixed,128,64,0.5,4.0,256,512,4096,16384,10240,1003.646,1544.252,1000.158,-0.0065
mixed,128,64,0.5,4.0,256,1024,128,512,320,122.113,154.849,123.201,0.0332
mixed,128,64,0.5,4.0,256,1024,256,1024,640,171.712,222.526,158.144,-0.267
mixed,128,64,0.5,4.0,256,1024,512,2048,1280,249.854,315.233,221.632,-0.4317
mixed,128,64,0.5,4.0,256,1024,1024,4096,2560,363.105,491.968,356.48,-0.0514
mixed,128,64,0.5,4.0,256,1024,2048,8192,5120,583.359,852.031,581.946,-0.0053
mixed,128,64,0.5,4.0,256,1024,4096,16384,10240,1023.485,1555.837,1019.135,-0.0082
mixed,128,64,0.5,4.0,256,2048,128,512,320,137.854,161.663,143.966,0.2567
mixed,128,64,0.5,4.0,256,2048,256,1024,640,169.663,215.873,157.92,-0.2541
mixed,128,64,0.5,4.0,256,2048,512,2048,1280,250.239,346.559,240.768,-0.0983
mixed,128,64,0.5,4.0,256,2048,1024,4096,2560,396.576,529.534,352.767,-0.3295
mixed,128,64,0.5,4.0,256,2048,2048,8192,5120,615.07,876.99,609.47,-0.0214
mixed,128,64,0.5,4.0,256,2048,4096,16384,10240,1055.103,1595.101,1058.59,0.0065
mixed,128,64,0.5,4.0,256,4096,128,512,320,167.425,184.415,164.704,-0.1602
mixed,128,64,0.5,4.0,256,4096,256,1024,640,191.327,223.264,189.343,-0.0621
mixed,128,64,0.5,4.0,256,4096,512,2048,1280,254.592,339.936,249.023,-0.0653
mixed,128,64,0.5,4.0,256,4096,1024,4096,2560,406.303,591.007,408.384,0.0113
mixed,128,64,0.5,4.0,256,4096,2048,8192,5120,683.135,951.196,601.119,-0.306
mixed,128,64,0.5,4.0,256,4096,4096,16384,10240,1126.014,1660.477,1118.589,-0.0139
mixed,128,64,0.5,4.0,256,8192,128,512,320,201.152,229.248,196.416,-0.1686
mixed,128,64,0.5,4.0,256,8192,256,1024,640,255.135,277.95,228.255,-1.1782
mixed,128,64,0.5,4.0,256,8192,512,2048,1280,299.521,352.734,280.736,-0.353
mixed,128,64,0.5,4.0,256,8192,1024,4096,2560,411.901,576.608,416.318,0.0268
mixed,128,64,0.5,4.0,256,8192,2048,8192,5120,705.662,1084.671,729.984,0.0642
mixed,128,64,0.5,4.0,256,8192,4096,16384,10240,1267.677,1801.115,1111.164,-0.2934
mixed,128,64,0.5,4.0,512,0,128,512,320,109.951,154.623,129.343,0.4341
mixed,128,64,0.5,4.0,512,0,256,1024,640,165.375,199.552,164.224,-0.0337
mixed,128,64,0.5,4.0,512,0,512,2048,1280,224.35,296.0,223.553,-0.0111
mixed,128,64,0.5,4.0,512,0,1024,4096,2560,343.072,475.615,338.016,-0.0381
mixed,128,64,0.5,4.0,512,0,2048,8192,5120,561.564,831.262,561.311,-0.0009
mixed,128,64,0.5,4.0,512,0,4096,16384,10240,1004.86,1548.094,1006.845,0.0037
mixed,128,64,0.5,4.0,512,512,128,512,320,128.993,161.856,136.447,0.2268
mixed,128,64,0.5,4.0,512,512,256,1024,640,179.103,215.682,162.625,-0.4505
mixed,128,64,0.5,4.0,512,512,512,2048,1280,239.552,307.935,232.479,-0.1034
mixed,128,64,0.5,4.0,512,512,1024,4096,2560,358.017,492.608,351.293,-0.05
mixed,128,64,0.5,4.0,512,512,2048,8192,5120,579.679,841.085,576.19,-0.0133
mixed,128,64,0.5,4.0,512,512,4096,16384,10240,1013.407,1551.741,1018.174,0.0089
mixed,128,64,0.5,4.0,512,1024,128,512,320,148.831,159.487,144.032,-0.4504
mixed,128,64,0.5,4.0,512,1024,256,1024,640,175.231,227.136,170.497,-0.0912
mixed,128,64,0.5,4.0,512,1024,512,2048,1280,255.104,324.575,224.928,-0.4344
mixed,128,64,0.5,4.0,512,1024,1024,4096,2560,370.815,504.192,363.231,-0.0569
mixed,128,64,0.5,4.0,512,1024,2048,8192,5120,587.774,855.998,590.815,0.0113
mixed,128,64,0.5,4.0,512,1024,4096,16384,10240,1030.429,1572.892,1034.176,0.0069
mixed,128,64,0.5,4.0,512,2048,128,512,320,180.863,190.688,186.56,0.5798
mixed,128,64,0.5,4.0,512,2048,256,1024,640,200.48,221.696,186.752,-0.6471
mixed,128,64,0.5,4.0,512,2048,512,2048,1280,252.608,356.19,249.024,-0.0346
mixed,128,64,0.5,4.0,512,2048,1024,4096,2560,407.197,540.32,359.136,-0.361
mixed,128,64,0.5,4.0,512,2048,2048,8192,5120,624.287,890.238,617.407,-0.0259
mixed,128,64,0.5,4.0,512,2048,4096,16384,10240,1068.093,1606.3,1072.413,0.008
mixed,128,64,0.5,4.0,512,4096,128,512,320,219.169,245.216,227.2,0.3083
mixed,128,64,0.5,4.0,512,4096,256,1024,640,255.902,272.064,259.775,0.2396
mixed,128,64,0.5,4.0,512,4096,512,2048,1280,308.991,346.463,279.456,-0.7882
mixed,128,64,0.5,4.0,512,4096,1024,4096,2560,413.729,597.376,416.447,0.0148
mixed,128,64,0.5,4.0,512,4096,2048,8192,5120,690.494,963.614,611.167,-0.2904
mixed,128,64,0.5,4.0,512,4096,4096,16384,10240,1132.412,1669.151,1125.693,-0.0125
mixed,128,64,0.5,4.0,512,8192,128,512,320,298.687,323.679,302.592,0.1563
mixed,128,64,0.5,4.0,512,8192,256,1024,640,333.441,371.169,336.799,0.089
mixed,128,64,0.5,4.0,512,8192,512,2048,1280,393.121,436.64,392.8,-0.0074
mixed,128,64,0.5,4.0,512,8192,1024,4096,2560,515.647,600.288,470.335,-0.5353
mixed,128,64,0.5,4.0,512,8192,2048,8192,5120,720.668,1091.681,743.646,0.0619
mixed,128,64,0.5,4.0,512,8192,4096,16384,10240,1282.909,1810.557,1129.79,-0.2902
mixed,128,64,0.5,4.0,1024,0,128,512,320,135.039,156.096,133.729,-0.0622
mixed,128,64,0.5,4.0,1024,0,256,1024,640,166.239,200.255,168.097,0.0546
mixed,128,64,0.5,4.0,1024,0,512,2048,1280,227.391,295.743,227.583,0.0028
mixed,128,64,0.5,4.0,1024,0,1024,4096,2560,342.111,474.176,338.976,-0.0237
mixed,128,64,0.5,4.0,1024,0,2048,8192,5120,562.624,828.095,559.869,-0.0104
mixed,128,64,0.5,4.0,1024,0,4096,16384,10240,997.053,1527.036,997.085,0.0001
mixed,128,64,0.5,4.0,1024,512,128,512,320,149.566,173.184,151.327,0.0746
mixed,128,64,0.5,4.0,1024,512,256,1024,640,184.798,216.991,186.271,0.0458
mixed,128,64,0.5,4.0,1024,512,512,2048,1280,244.958,311.072,244.448,-0.0077
mixed,128,64,0.5,4.0,1024,512,1024,4096,2560,359.681,489.599,355.549,-0.0318
mixed,128,64,0.5,4.0,1024,512,2048,8192,5120,578.303,844.188,577.791,-0.0019
mixed,128,64,0.5,4.0,1024,512,4096,16384,10240,1012.831,1549.212,1013.405,0.0011
mixed,128,64,0.5,4.0,1024,1024,128,512,320,167.903,189.761,169.856,0.0893
mixed,128,64,0.5,4.0,1024,1024,256,1024,640,199.936,238.08,206.174,0.1635
mixed,128,64,0.5,4.0,1024,1024,512,2048,1280,263.487,328.096,262.366,-0.0174
mixed,128,64,0.5,4.0,1024,1024,1024,4096,2560,376.639,507.614,374.145,-0.019
mixed,128,64,0.5,4.0,1024,1024,2048,8192,5120,590.75,858.718,591.135,0.0014
mixed,128,64,0.5,4.0,1024,1024,4096,16384,10240,1036.604,1567.87,1032.703,-0.0073
mixed,128,64,0.5,4.0,1024,2048,128,512,320,204.065,228.384,207.359,0.1354
mixed,128,64,0.5,4.0,1024,2048,256,1024,640,237.375,272.61,240.545,0.09
mixed,128,64,0.5,4.0,1024,2048,512,2048,1280,298.238,368.159,299.232,0.0142
mixed,128,64,0.5,4.0,1024,2048,1024,4096,2560,409.663,542.142,407.806,-0.014
mixed,128,64,0.5,4.0,1024,2048,2048,8192,5120,627.519,899.71,628.351,0.0031
mixed,128,64,0.5,4.0,1024,2048,4096,16384,10240,1069.051,1595.387,1062.846,-0.0118
mixed,128,64,0.5,4.0,1024,4096,128,512,320,276.766,299.039,275.936,-0.0373
mixed,128,64,0.5,4.0,1024,4096,256,1024,640,308.064,343.263,308.287,0.0063
mixed,128,64,0.5,4.0,1024,4096,512,2048,1280,366.849,435.551,365.983,-0.0126
mixed,128,64,0.5,4.0,1024,4096,1024,4096,2560,477.823,607.614,475.07,-0.0212
mixed,128,64,0.5,4.0,1024,4096,2048,8192,5120,696.734,965.086,694.078,-0.0099
mixed,128,64,0.5,4.0,1024,4096,4096,16384,10240,1135.294,1667.068,1133.054,-0.0042
mixed,128,64,0.5,4.0,1024,8192,128,512,320,422.08,444.064,426.783,0.2139
mixed,128,64,0.5,4.0,1024,8192,256,1024,640,456.415,492.417,455.359,-0.0293
mixed,128,64,0.5,4.0,1024,8192,512,2048,1280,515.455,579.648,507.583,-0.1226
mixed,128,64,0.5,4.0,1024,8192,1024,4096,2560,623.102,753.212,619.135,-0.0305
mixed,128,64,0.5,4.0,1024,8192,2048,8192,5120,845.662,1105.246,838.88,-0.0261
mixed,128,64,0.5,4.0,1024,8192,4096,16384,10240,1278.462,1813.404,1281.469,0.0056
mixed,128,64,0.5,4.0,2048,0,128,512,320,208.543,232.351,213.6,0.2124
mixed,128,64,0.5,4.0,2048,0,256,1024,640,244.543,281.501,246.975,0.0658
mixed,128,64,0.5,4.0,2048,0,512,2048,1280,304.67,375.423,310.143,0.0774
mixed,128,64,0.5,4.0,2048,0,1024,4096,2560,419.967,554.496,422.976,0.0224
mixed,128,64,0.5,4.0,2048,0,2048,8192,5120,640.252,903.358,640.383,0.0005
mixed,128,64,0.5,4.0,2048,0,4096,16384,10240,1078.718,1615.612,1081.791,0.0057
mixed,128,64,0.5,4.0,2048,512,128,512,320,243.999,266.463,248.831,0.2151
mixed,128,64,0.5,4.0,2048,512,256,1024,640,281.503,315.488,283.777,0.0669
mixed,128,64,0.5,4.0,2048,512,512,2048,1280,339.295,408.51,344.959,0.0818
mixed,128,64,0.5,4.0,2048,512,1024,4096,2560,455.328,587.713,455.423,0.0007
mixed,128,64,0.5,4.0,2048,512,2048,8192,5120,675.681,936.925,672.991,-0.0103
mixed,128,64,0.5,4.0,2048,512,4096,16384,10240,1112.188,1649.023,1115.292,0.0058
mixed,128,64,0.5,4.0,2048,1024,128,512,320,282.144,302.688,283.968,0.0888
mixed,128,64,0.5,4.0,2048,1024,256,1024,640,318.526,356.416,316.575,-0.0515
mixed,128,64,0.5,4.0,2048,1024,512,2048,1280,376.929,445.662,379.264,0.034
mixed,128,64,0.5,4.0,2048,1024,1024,4096,2560,485.825,622.591,489.215,0.0248
mixed,128,64,0.5,4.0,2048,1024,2048,8192,5120,708.062,971.039,707.967,-0.0004
mixed,128,64,0.5,4.0,2048,1024,4096,16384,10240,1143.169,1683.484,1149.885,0.0124
mixed,128,64,0.5,4.0,2048,2048,128,512,320,356.895,377.469,358.272,0.0669
mixed,128,64,0.5,4.0,2048,2048,256,1024,640,393.246,427.774,392.801,-0.0129
mixed,128,64,0.5,4.0,2048,2048,512,2048,1280,450.461,513.216,449.598,-0.0138
mixed,128,64,0.5,4.0,2048,2048,1024,4096,2560,560.512,693.407,561.056,0.0041
mixed,128,64,0.5,4.0,2048,2048,2048,8192,5120,780.032,1046.365,780.96,0.0035
mixed,128,64,0.5,4.0,2048,2048,4096,16384,10240,1222.654,1755.229,1221.277,-0.0026
mixed,128,64,0.5,4.0,2048,4096,128,512,320,503.615,525.408,503.391,-0.0103
mixed,128,64,0.5,4.0,2048,4096,256,1024,640,537.374,572.446,537.631,0.0073
mixed,128,64,0.5,4.0,2048,4096,512,2048,1280,595.072,659.551,596.894,0.0283
mixed,128,64,0.5,4.0,2048,4096,1024,4096,2560,705.504,838.558,705.534,0.0002
mixed,128,64,0.5,4.0,2048,4096,2048,8192,5120,920.287,1187.228,927.197,0.0259
mixed,128,64,0.5,4.0,2048,4096,4096,16384,10240,1361.758,1899.069,1365.757,0.0074
mixed,128,64,0.5,4.0,2048,8192,128,512,320,785.661,808.67,787.39,0.0751
mixed,128,64,0.5,4.0,2048,8192,256,1024,640,819.326,857.372,819.39,0.0017
mixed,128,64,0.5,4.0,2048,8192,512,2048,1280,880.318,939.389,870.844,-0.1604
mixed,128,64,0.5,4.0,2048,8192,1024,4096,2560,982.815,1108.253,983.455,0.0051
mixed,128,64,0.5,4.0,2048,8192,2048,8192,5120,1200.351,1461.983,1202.717,0.009
mixed,128,64,0.5,4.0,2048,8192,4096,16384,10240,1631.835,2167.484,1641.693,0.0184
pure,128,96,0.75,4.0,0,0,128,512,416,92.126,119.136,111.071,0.7014
pure,128,96,0.75,4.0,0,0,256,1024,832,146.209,166.56,150.623,0.2169
pure,128,96,0.75,4.0,0,0,512,2048,1664,222.4,253.823,225.407,0.0957
pure,128,96,0.75,4.0,0,0,1024,4096,3328,367.167,431.551,384.448,0.2684
pure,128,96,0.75,4.0,0,0,2048,8192,6656,651.358,790.368,682.431,0.2235
pure,128,96,0.75,4.0,0,0,4096,16384,13312,1226.973,1492.38,1286.845,0.2256
mixed,128,96,0.75,4.0,16,0,128,512,416,96.896,123.872,119.295,0.8303
mixed,128,96,0.75,4.0,16,0,256,1024,832,152.735,173.951,166.848,0.6652
mixed,128,96,0.75,4.0,16,0,512,2048,1664,231.391,264.383,251.745,0.6169
mixed,128,96,0.75,4.0,16,0,1024,4096,3328,379.646,446.975,435.038,0.8227
mixed,128,96,0.75,4.0,16,0,2048,8192,6656,679.582,805.79,765.982,0.6846
mixed,128,96,0.75,4.0,16,0,4096,16384,13312,1249.628,1520.605,1443.197,0.7143
mixed,128,96,0.75,4.0,16,512,128,512,416,111.584,123.968,118.368,0.5478
mixed,128,96,0.75,4.0,16,512,256,1024,832,152.866,176.607,167.487,0.6159
mixed,128,96,0.75,4.0,16,512,512,2048,1664,232.513,264.064,253.087,0.6521
mixed,128,96,0.75,4.0,16,512,1024,4096,3328,381.281,450.112,432.703,0.7471
mixed,128,96,0.75,4.0,16,512,2048,8192,6656,675.903,800.735,763.968,0.7055
mixed,128,96,0.75,4.0,16,512,4096,16384,13312,1244.22,1518.142,1439.612,0.7133
mixed,128,96,0.75,4.0,16,1024,128,512,416,111.199,126.687,121.248,0.6488
mixed,128,96,0.75,4.0,16,1024,256,1024,832,153.728,179.519,168.257,0.5633
mixed,128,96,0.75,4.0,16,1024,512,2048,1664,232.35,266.079,253.216,0.6186
mixed,128,96,0.75,4.0,16,1024,1024,4096,3328,382.431,448.639,430.399,0.7245
mixed,128,96,0.75,4.0,16,1024,2048,8192,6656,676.413,807.614,762.495,0.6561
mixed,128,96,0.75,4.0,16,1024,4096,16384,13312,1249.15,1521.5,1439.868,0.7003
mixed,128,96,0.75,4.0,16,2048,128,512,416,113.696,126.146,120.799,0.5705
mixed,128,96,0.75,4.0,16,2048,256,1024,832,157.119,176.161,167.904,0.5664
mixed,128,96,0.75,4.0,16,2048,512,2048,1664,234.848,264.958,254.945,0.6675
mixed,128,96,0.75,4.0,16,2048,1024,4096,3328,381.887,448.222,430.366,0.7308
mixed,128,96,0.75,4.0,16,2048,2048,8192,6656,678.079,805.856,764.226,0.6742
mixed,128,96,0.75,4.0,16,2048,4096,16384,13312,1248.732,1519.998,1443.999,0.7198
mixed,128,96,0.75,4.0,16,4096,128,512,416,145.793,159.427,131.871,-1.0211
mixed,128,96,0.75,4.0,16,4096,256,1024,832,176.799,177.087,168.192,-29.8854
mixed,128,96,0.75,4.0,16,4096,512,2048,1664,240.768,268.737,255.871,0.54
mixed,128,96,0.75,4.0,16,4096,1024,4096,3328,383.198,449.63,430.496,0.712
mixed,128,96,0.75,4.0,16,4096,2048,8192,6656,680.415,808.799,761.886,0.6346
mixed,128,96,0.75,4.0,16,4096,4096,16384,13312,1253.503,1524.54,1442.781,0.6983
mixed,128,96,0.75,4.0,16,8192,128,512,416,141.666,162.272,130.113,-0.5607
mixed,128,96,0.75,4.0,16,8192,256,1024,832,191.522,219.2,164.704,-0.9689
mixed,128,96,0.75,4.0,16,8192,512,2048,1664,274.206,271.552,256.127,
mixed,128,96,0.75,4.0,16,8192,1024,4096,3328,389.088,455.199,438.399,0.7459
mixed,128,96,0.75,4.0,16,8192,2048,8192,6656,679.965,811.776,762.847,0.6288
mixed,128,96,0.75,4.0,16,8192,4096,16384,13312,1251.422,1525.983,1440.476,0.6886
mixed,128,96,0.75,4.0,32,0,128,512,416,95.488,123.743,120.223,0.8754
mixed,128,96,0.75,4.0,32,0,256,1024,832,151.553,175.519,164.64,0.5461
mixed,128,96,0.75,4.0,32,0,512,2048,1664,233.344,264.383,254.496,0.6815
mixed,128,96,0.75,4.0,32,0,1024,4096,3328,379.743,448.96,431.424,0.7467
mixed,128,96,0.75,4.0,32,0,2048,8192,6656,678.143,809.376,767.904,0.684
mixed,128,96,0.75,4.0,32,0,4096,16384,13312,1253.277,1522.334,1441.373,0.6991
mixed,128,96,0.75,4.0,32,512,128,512,416,118.143,122.625,121.92,0.8427
mixed,128,96,0.75,4.0,32,512,256,1024,832,153.084,174.976,165.568,0.5703
mixed,128,96,0.75,4.0,32,512,512,2048,1664,233.472,267.486,255.134,0.6369
mixed,128,96,0.75,4.0,32,512,1024,4096,3328,381.28,451.039,435.741,0.7807
mixed,128,96,0.75,4.0,32,512,2048,8192,6656,674.045,807.134,763.647,0.6732
mixed,128,96,0.75,4.0,32,512,4096,16384,13312,1246.141,1520.733,1446.27,0.7288
mixed,128,96,0.75,4.0,32,1024,128,512,416,112.766,124.767,119.167,0.5334
mixed,128,96,0.75,4.0,32,1024,256,1024,832,157.024,181.697,167.168,0.4111
mixed,128,96,0.75,4.0,32,1024,512,2048,1664,235.168,266.526,252.481,0.5521
mixed,128,96,0.75,4.0,32,1024,1024,4096,3328,383.423,451.105,430.88,0.7012
mixed,128,96,0.75,4.0,32,1024,2048,8192,6656,680.734,806.749,768.318,0.695
mixed,128,96,0.75,4.0,32,1024,4096,16384,13312,1252.287,1523.293,1444.894,0.7107
mixed,128,96,0.75,4.0,32,2048,128,512,416,141.28,147.711,125.758,-2.4136
mixed,128,96,0.75,4.0,32,2048,256,1024,832,164.703,177.407,168.734,0.3173
mixed,128,96,0.75,4.0,32,2048,512,2048,1664,236.32,268.67,254.271,0.5549
mixed,128,96,0.75,4.0,32,2048,1024,4096,3328,386.239,453.407,430.368,0.657
mixed,128,96,0.75,4.0,32,2048,2048,8192,6656,677.567,811.455,765.022,0.6532
mixed,128,96,0.75,4.0,32,2048,4096,16384,13312,1253.245,1523.87,1445.629,0.7109
mixed,128,96,0.75,4.0,32,4096,128,512,416,139.84,161.629,126.88,-0.5948
mixed,128,96,0.75,4.0,32,4096,256,1024,832,194.206,213.856,166.591,-1.4053
mixed,128,96,0.75,4.0,32,4096,512,2048,1664,248.546,268.672,255.328,0.337
mixed,128,96,0.75,4.0,32,4096,1024,4096,3328,385.279,450.876,431.967,0.7117
mixed,128,96,0.75,4.0,32,4096,2048,8192,6656,677.213,810.561,765.375,0.6611
mixed,128,96,0.75,4.0,32,4096,4096,16384,13312,1256.572,1524.861,1445.182,0.703
mixed,128,96,0.75,4.0,32,8192,128,512,416,143.297,157.857,143.775,0.0328
mixed,128,96,0.75,4.0,32,8192,256,1024,832,189.408,223.103,164.897,-0.7274
mixed,128,96,0.75,4.0,32,8192,512,2048,1664,305.055,349.983,252.481,-1.1702
mixed,128,96,0.75,4.0,32,8192,1024,4096,3328,415.871,454.814,431.648,0.4051
mixed,128,96,0.75,4.0,32,8192,2048,8192,6656,684.894,814.335,765.022,0.619
mixed,128,96,0.75,4.0,32,8192,4096,16384,13312,1252.833,1528.733,1446.748,0.7028
mixed,128,96,0.75,4.0,64,0,128,512,416,98.112,125.312,118.302,0.7423
mixed,128,96,0.75,4.0,64,0,256,1024,832,154.049,174.975,164.736,0.5107
mixed,128,96,0.75,4.0,64,0,512,2048,1664,232.927,266.398,251.52,0.5555
mixed,128,96,0.75,4.0,64,0,1024,4096,3328,385.377,449.6,430.112,0.6966
mixed,128,96,0.75,4.0,64,0,2048,8192,6656,672.863,810.238,768.574,0.6967
mixed,128,96,0.75,4.0,64,0,4096,16384,13312,1250.685,1518.141,1439.867,0.7073
mixed,128,96,0.75,4.0,64,512,128,512,416,114.401,126.239,118.145,0.3163
mixed,128,96,0.75,4.0,64,512,256,1024,832,154.271,175.584,162.206,0.3723
mixed,128,96,0.75,4.0,64,512,512,2048,1664,230.655,267.359,253.537,0.6234
mixed,128,96,0.75,4.0,64,512,1024,4096,3328,385.505,453.919,432.35,0.6847
mixed,128,96,0.75,4.0,64,512,2048,8192,6656,677.342,809.152,761.665,0.6397
mixed,128,96,0.75,4.0,64,512,4096,16384,13312,1257.789,1524.252,1442.941,0.6949
mixed,128,96,0.75,4.0,64,1024,128,512,416,134.912,144.927,125.985,-0.8914
mixed,128,96,0.75,4.0,64,1024,256,1024,832,156.448,172.959,165.056,0.5213
mixed,128,96,0.75,4.0,64,1024,512,2048,1664,235.103,268.224,253.055,0.542
mixed,128,96,0.75,4.0,64,1024,1024,4096,3328,383.552,450.304,431.679,0.721
mixed,128,96,0.75,4.0,64,1024,2048,8192,6656,679.582,812.733,765.152,0.6427
mixed,128,96,0.75,4.0,64,1024,4096,16384,13312,1253.95,1525.629,1438.333,0.6787
mixed,128,96,0.75,4.0,64,2048,128,512,416,139.776,154.751,129.664,-0.6753
mixed,128,96,0.75,4.0,64,2048,256,1024,832,187.136,215.296,165.247,-0.7773
mixed,128,96,0.75,4.0,64,2048,512,2048,1664,244.192,270.238,249.985,0.2224
mixed,128,96,0.75,4.0,64,2048,1024,4096,3328,382.336,453.694,429.598,0.6623
mixed,128,96,0.75,4.0,64,2048,2048,8192,6656,678.238,811.967,765.437,0.6521
mixed,128,96,0.75,4.0,64,2048,4096,16384,13312,1257.883,1530.428,1442.365,0.6769
mixed,128,96,0.75,4.0,64,4096,128,512,416,138.432,155.649,139.554,0.0652
mixed,128,96,0.75,4.0,64,4096,256,1024,832,190.974,217.183,163.392,-1.0524
mixed,128,96,0.75,4.0,64,4096,512,2048,1664,300.639,337.121,253.439,-1.2938
mixed,128,96,0.75,4.0,64,4096,1024,4096,3328,412.704,455.71,429.503,0.3906
mixed,128,96,0.75,4.0,64,4096,2048,8192,6656,680.701,815.998,762.751,0.6064
mixed,128,96,0.75,4.0,64,4096,4096,16384,13312,1255.324,1528.669,1446.108,0.698
mixed,128,96,0.75,4.0,64,8192,128,512,416,139.167,160.703,153.696,0.6746
mixed,128,96,0.75,4.0,64,8192,256,1024,832,186.079,220.256,184.544,-0.0449
mixed,128,96,0.75,4.0,64,8192,512,2048,1664,298.621,344.958,248.736,-1.0766
mixed,128,96,0.75,4.0,64,8192,1024,4096,3328,507.393,592.735,423.005,-0.9888
mixed,128,96,0.75,4.0,64,8192,2048,8192,6656,732.286,820.062,759.102,0.3055
mixed,128,96,0.75,4.0,64,8192,4096,16384,13312,1259.133,1533.212,1440.283,0.6609
mixed,128,96,0.75,4.0,128,0,128,512,416,110.433,135.904,121.088,0.4183
mixed,128,96,0.75,4.0,128,0,256,1024,832,159.743,183.104,164.447,0.2014
mixed,128,96,0.75,4.0,128,0,512,2048,1664,239.776,271.71,254.622,0.4649
mixed,128,96,0.75,4.0,128,0,1024,4096,3328,384.543,455.23,430.304,0.6474
mixed,128,96,0.75,4.0,128,0,2048,8192,6656,678.429,817.79,765.693,0.6262
mixed,128,96,0.75,4.0,128,0,4096,16384,13312,1252.797,1521.95,1442.78,0.7059
mixed,128,96,0.75,4.0,128,512,128,512,416,135.168,155.361,126.72,-0.4184
mixed,128,96,0.75,4.0,128,512,256,1024,832,187.039,203.936,161.791,-1.4942
mixed,128,96,0.75,4.0,128,512,512,2048,1664,262.045,292.096,251.838,-0.3397
mixed,128,96,0.75,4.0,128,512,1024,4096,3328,408.545,474.88,429.279,0.3126
mixed,128,96,0.75,4.0,128,512,2048,8192,6656,698.174,819.581,761.567,0.5222
mixed,128,96,0.75,4.0,128,512,4096,16384,13312,1268.093,1537.981,1439.775,0.6361
mixed,128,96,0.75,4.0,128,1024,128,512,416,138.112,155.489,127.327,-0.6206
mixed,128,96,0.75,4.0,128,1024,256,1024,832,192.128,220.448,161.343,-1.087
mixed,128,96,0.75,4.0,128,1024,512,2048,1664,284.864,318.59,251.584,-0.9868
mixed,128,96,0.75,4.0,128,1024,1024,4096,3328,424.448,497.566,426.432,0.0271
mixed,128,96,0.75,4.0,128,1024,2048,8192,6656,721.087,847.87,763.262,0.3327
mixed,128,96,0.75,4.0,128,1024,4096,16384,13312,1290.975,1551.133,1439.547,0.5711
mixed,128,96,0.75,4.0,128,2048,128,512,416,137.375,152.577,138.017,0.0422
mixed,128,96,0.75,4.0,128,2048,256,1024,832,187.392,216.544,162.431,-0.8562
mixed,128,96,0.75,4.0,128,2048,512,2048,1664,301.663,349.44,247.262,-1.1386
mixed,128,96,0.75,4.0,128,2048,1024,4096,3328,468.478,529.469,425.598,-0.7031
mixed,128,96,0.75,4.0,128,2048,2048,8192,6656,753.567,884.926,761.566,0.0609
mixed,128,96,0.75,4.0,128,2048,4096,16384,13312,1323.231,1592.668,1444.09,0.4486
mixed,128,96,0.75,4.0,128,4096,128,512,416,145.312,154.561,150.655,0.5777
mixed,128,96,0.75,4.0,128,4096,256,1024,832,185.214,216.126,182.75,-0.0797
mixed,128,96,0.75,4.0,128,4096,512,2048,1664,295.233,342.367,245.504,-1.0551
mixed,128,96,0.75,4.0,128,4096,1024,4096,3328,501.472,595.07,424.417,-0.8233
mixed,128,96,0.75,4.0,128,4096,2048,8192,6656,827.903,957.79,760.256,-0.5208
mixed,128,96,0.75,4.0,128,4096,4096,16384,13312,1400.317,1656.156,1439.58,0.1535
mixed,128,96,0.75,4.0,128,8192,128,512,416,166.814,179.744,166.527,-0.0222
mixed,128,96,0.75,4.0,128,8192,256,1024,832,210.976,219.166,212.736,0.2149
mixed,128,96,0.75,4.0,128,8192,512,2048,1664,292.8,337.694,274.241,-0.4134
mixed,128,96,0.75,4.0,128,8192,1024,4096,3328,498.366,585.184,419.613,-0.9071
mixed,128,96,0.75,4.0,128,8192,2048,8192,6656,907.166,1093.885,744.51,-0.8711
mixed,128,96,0.75,4.0,128,8192,4096,16384,13312,1544.125,1803.644,1427.997,-0.4475
mixed,128,96,0.75,4.0,256,0,128,512,416,112.033,142.144,124.416,0.4112
mixed,128,96,0.75,4.0,256,0,256,1024,832,164.959,189.663,168.128,0.1283
mixed,128,96,0.75,4.0,256,0,512,2048,1664,242.975,280.353,255.52,0.3356
mixed,128,96,0.75,4.0,256,0,1024,4096,3328,395.52,459.777,430.879,0.5503
mixed,128,96,0.75,4.0,256,0,2048,8192,6656,689.083,815.806,767.163,0.6161
mixed,128,96,0.75,4.0,256,0,4096,16384,13312,1256.926,1526.749,1446.14,0.7013
mixed,128,96,0.75,4.0,256,512,128,512,416,140.798,157.216,127.487,-0.8108
mixed,128,96,0.75,4.0,256,512,256,1024,832,184.383,209.311,161.568,-0.9152
mixed,128,96,0.75,4.0,256,512,512,2048,1664,263.264,296.415,253.758,-0.2867
mixed,128,96,0.75,4.0,256,512,1024,4096,3328,409.087,475.774,429.951,0.3129
mixed,128,96,0.75,4.0,256,512,2048,8192,6656,700.189,829.501,763.87,0.4925
mixed,128,96,0.75,4.0,256,512,4096,16384,13312,1280.38,1538.205,1440.285,0.6202
mixed,128,96,0.75,4.0,256,1024,128,512,416,139.037,153.663,140.832,0.1227
mixed,128,96,0.75,4.0,256,1024,256,1024,832,189.278,222.463,166.176,-0.6962
mixed,128,96,0.75,4.0,256,1024,512,2048,1664,280.319,314.208,250.368,-0.8838
mixed,128,96,0.75,4.0,256,1024,1024,4096,3328,424.223,495.167,427.422,0.0451
mixed,128,96,0.75,4.0,256,1024,2048,8192,6656,719.584,847.677,760.672,0.3208
mixed,128,96,0.75,4.0,256,1024,4096,16384,13312,1292.925,1556.83,1443.899,0.5721
mixed,128,96,0.75,4.0,256,2048,128,512,416,143.007,160.705,147.775,0.2694
mixed,128,96,0.75,4.0,256,2048,256,1024,832,187.585,214.849,182.527,-0.1855
mixed,128,96,0.75,4.0,256,2048,512,2048,1664,304.127,347.488,249.472,-1.2605
mixed,128,96,0.75,4.0,256,2048,1024,4096,3328,462.08,530.175,423.744,-0.563
mixed,128,96,0.75,4.0,256,2048,2048,8192,6656,752.48,875.712,760.798,0.0675
mixed,128,96,0.75,4.0,256,2048,4096,16384,13312,1324.701,1594.973,1440.254,0.4275
mixed,128,96,0.75,4.0,256,4096,128,512,416,174.624,186.432,170.241,-0.3712
mixed,128,96,0.75,4.0,256,4096,256,1024,832,199.552,224.895,205.409,0.2311
mixed,128,96,0.75,4.0,256,4096,512,2048,1664,294.334,339.168,276.159,-0.4054
mixed,128,96,0.75,4.0,256,4096,1024,4096,3328,500.416,593.375,416.351,-0.9043
mixed,128,96,0.75,4.0,256,4096,2048,8192,6656,818.176,947.101,753.952,-0.4982
mixed,128,96,0.75,4.0,256,4096,4096,16384,13312,1396.093,1662.621,1434.781,0.1452
mixed,128,96,0.75,4.0,256,8192,128,512,416,206.623,231.169,213.759,0.2907
mixed,128,96,0.75,4.0,256,8192,256,1024,832,232.098,280.99,246.785,0.3004
mixed,128,96,0.75,4.0,256,8192,512,2048,1664,317.695,350.143,332.033,0.4419
mixed,128,96,0.75,4.0,256,8192,1024,4096,3328,494.527,580.031,458.465,-0.4218
mixed,128,96,0.75,4.0,256,8192,2048,8192,6656,898.657,1085.342,749.661,-0.7981
mixed,128,96,0.75,4.0,256,8192,4096,16384,13312,1531.998,1805.084,1429.022,-0.3771
mixed,128,96,0.75,4.0,512,0,128,512,416,121.121,154.017,139.138,0.5477
mixed,128,96,0.75,4.0,512,0,256,1024,832,180.32,196.383,171.04,-0.5777
mixed,128,96,0.75,4.0,512,0,512,2048,1664,259.327,296.222,264.255,0.1336
mixed,128,96,0.75,4.0,512,0,1024,4096,3328,409.662,477.343,443.199,0.4955
mixed,128,96,0.75,4.0,512,0,2048,8192,6656,701.438,830.271,775.486,0.5748
mixed,128,96,0.75,4.0,512,0,4096,16384,13312,1272.317,1546.301,1458.877,0.6809
mixed,128,96,0.75,4.0,512,512,128,512,416,145.983,164.383,148.478,0.1356
mixed,128,96,0.75,4.0,512,512,256,1024,832,193.536,216.223,185.056,-0.3738
mixed,128,96,0.75,4.0,512,512,512,2048,1664,273.694,309.792,259.103,-0.4042
mixed,128,96,0.75,4.0,512,512,1024,4096,3328,421.25,488.895,439.295,0.2668
mixed,128,96,0.75,4.0,512,512,2048,8192,6656,709.184,841.278,773.857,0.4896
mixed,128,96,0.75,4.0,512,512,4096,16384,13312,1290.044,1550.686,1461.438,0.6576
mixed,128,96,0.75,4.0,512,1024,128,512,416,156.544,160.063,156.607,0.0179
mixed,128,96,0.75,4.0,512,1024,256,1024,832,191.873,226.497,193.983,0.0609
mixed,128,96,0.75,4.0,512,1024,512,2048,1664,291.455,326.368,260.351,-0.8909
mixed,128,96,0.75,4.0,512,1024,1024,4096,3328,438.721,503.646,435.901,-0.0434
mixed,128,96,0.75,4.0,512,1024,2048,8192,6656,728.383,859.838,773.021,0.3396
mixed,128,96,0.75,4.0,512,1024,4096,16384,13312,1299.645,1570.012,1455.677,0.5771
mixed,128,96,0.75,4.0,512,2048,128,512,416,171.649,190.784,177.536,0.3077
mixed,128,96,0.75,4.0,512,2048,256,1024,832,208.927,224.414,215.454,0.4215
mixed,128,96,0.75,4.0,512,2048,512,2048,1664,306.816,354.464,291.422,-0.3231
mixed,128,96,0.75,4.0,512,2048,1024,4096,3328,472.191,537.598,428.96,-0.661
mixed,128,96,0.75,4.0,512,2048,2048,8192,6656,759.199,888.989,769.564,0.0799
mixed,128,96,0.75,4.0,512,2048,4096,16384,13312,1338.78,1608.765,1455.741,0.4332
mixed,128,96,0.75,4.0,512,4096,128,512,416,233.6,245.408,241.12,0.6369
mixed,128,96,0.75,4.0,512,4096,256,1024,832,273.057,271.422,238.815,
mixed,128,96,0.75,4.0,512,4096,512,2048,1664,328.575,347.709,339.936,0.5938
mixed,128,96,0.75,4.0,512,4096,1024,4096,3328,506.303,597.408,477.535,-0.3158
mixed,128,96,0.75,4.0,512,4096,2048,8192,6656,832.927,962.143,769.759,-0.4889
mixed,128,96,0.75,4.0,512,4096,4096,16384,13312,1404.03,1666.269,1451.069,0.1794
mixed,128,96,0.75,4.0,512,8192,128,512,416,307.936,321.279,315.296,0.5516
mixed,128,96,0.75,4.0,512,8192,256,1024,832,352.962,371.454,364.512,0.6246
mixed,128,96,0.75,4.0,512,8192,512,2048,1664,427.552,439.647,454.719,2.2461
mixed,128,96,0.75,4.0,512,8192,1024,4096,3328,563.295,600.191,581.985,0.5066
mixed,128,96,0.75,4.0,512,8192,2048,8192,6656,917.15,1093.694,856.061,-0.346
mixed,128,96,0.75,4.0,512,8192,4096,16384,13312,1548.253,1808.157,1456.99,-0.3511
mixed,128,96,0.75,4.0,1024,0,128,512,416,143.358,157.151,144.831,0.1068
mixed,128,96,0.75,4.0,1024,0,256,1024,832,179.997,199.552,185.28,0.2702
mixed,128,96,0.75,4.0,1024,0,512,2048,1664,261.694,295.104,272.64,0.3276
mixed,128,96,0.75,4.0,1024,0,1024,4096,3328,405.184,473.726,446.176,0.5981
mixed,128,96,0.75,4.0,1024,0,2048,8192,6656,691.84,822.145,774.431,0.6338
mixed,128,96,0.75,4.0,1024,0,4096,16384,13312,1262.942,1534.524,1433.693,0.6287
mixed,128,96,0.75,4.0,1024,512,128,512,416,162.113,171.873,160.576,-0.1575
mixed,128,96,0.75,4.0,1024,512,256,1024,832,199.71,220.576,203.711,0.1917
mixed,128,96,0.75,4.0,1024,512,512,2048,1664,279.712,311.935,290.271,0.3277
mixed,128,96,0.75,4.0,1024,512,1024,4096,3328,423.679,491.264,463.488,0.589
mixed,128,96,0.75,4.0,1024,512,2048,8192,6656,710.846,839.807,787.103,0.5913
mixed,128,96,0.75,4.0,1024,512,4096,16384,13312,1284.351,1549.213,1448.798,0.6209
mixed,128,96,0.75,4.0,1024,1024,128,512,416,179.839,189.538,177.504,-0.2407
mixed,128,96,0.75,4.0,1024,1024,256,1024,832,217.729,237.088,221.021,0.1701
mixed,128,96,0.75,4.0,1024,1024,512,2048,1664,297.823,332.415,310.336,0.3617
mixed,128,96,0.75,4.0,1024,1024,1024,4096,3328,440.513,508.063,481.406,0.6054
mixed,128,96,0.75,4.0,1024,1024,2048,8192,6656,726.686,858.912,803.455,0.5806
mixed,128,96,0.75,4.0,1024,1024,4096,16384,13312,1297.023,1567.771,1466.654,0.6265
mixed,128,96,0.75,4.0,1024,2048,128,512,416,214.176,227.103,213.888,-0.0223
mixed,128,96,0.75,4.0,1024,2048,256,1024,832,253.472,275.326,256.768,0.1508
mixed,128,96,0.75,4.0,1024,2048,512,2048,1664,333.473,370.718,350.844,0.4664
mixed,128,96,0.75,4.0,1024,2048,1024,4096,3328,477.662,542.56,517.278,0.6104
mixed,128,96,0.75,4.0,1024,2048,2048,8192,6656,763.261,891.646,836.703,0.572
mixed,128,96,0.75,4.0,1024,2048,4096,16384,13312,1330.973,1600.636,1508.445,0.6581
mixed,128,96,0.75,4.0,1024,4096,128,512,416,287.041,299.648,284.384,-0.2108
mixed,128,96,0.75,4.0,1024,4096,256,1024,832,324.256,343.648,328.255,0.2062
mixed,128,96,0.75,4.0,1024,4096,512,2048,1664,404.512,434.302,415.872,0.3813
mixed,128,96,0.75,4.0,1024,4096,1024,4096,3328,541.758,609.215,578.558,0.5455
mixed,128,96,0.75,4.0,1024,4096,2048,8192,6656,828.159,962.942,911.23,0.6163
mixed,128,96,0.75,4.0,1024,4096,4096,16384,13312,1399.261,1663.613,1571.514,0.6516
mixed,128,96,0.75,4.0,1024,8192,128,512,416,435.487,442.175,431.583,-0.5837
mixed,128,96,0.75,4.0,1024,8192,256,1024,832,471.393,491.36,476.385,0.25
mixed,128,96,0.75,4.0,1024,8192,512,2048,1664,547.389,579.391,560.032,0.3951
mixed,128,96,0.75,4.0,1024,8192,1024,4096,3328,687.166,752.927,724.704,0.5708
mixed,128,96,0.75,4.0,1024,8192,2048,8192,6656,978.336,1104.957,1057.565,0.6257
mixed,128,96,0.75,4.0,1024,8192,4096,16384,13312,1548.222,1811.997,1720.989,0.655
mixed,128,96,0.75,4.0,2048,0,128,512,416,216.961,231.68,223.774,0.4629
mixed,128,96,0.75,4.0,2048,0,256,1024,832,262.688,281.184,271.455,0.474
mixed,128,96,0.75,4.0,2048,0,512,2048,1664,342.559,376.32,363.936,0.6332
mixed,128,96,0.75,4.0,2048,0,1024,4096,3328,487.936,553.471,531.71,0.6679
mixed,128,96,0.75,4.0,2048,0,2048,8192,6656,772.766,904.35,854.079,0.618
mixed,128,96,0.75,4.0,2048,0,4096,16384,13312,1341.182,1608.828,1515.774,0.6523
mixed,128,96,0.75,4.0,2048,512,128,512,416,256.991,268.065,261.983,0.4508
mixed,128,96,0.75,4.0,2048,512,256,1024,832,297.31,315.552,308.992,0.6404
mixed,128,96,0.75,4.0,2048,512,512,2048,1664,373.632,409.888,398.142,0.676
mixed,128,96,0.75,4.0,2048,512,1024,4096,3328,520.511,589.215,564.861,0.6455
mixed,128,96,0.75,4.0,2048,512,2048,8192,6656,806.623,936.638,890.653,0.6463
mixed,128,96,0.75,4.0,2048,512,4096,16384,13312,1377.401,1647.741,1551.967,0.6457
mixed,128,96,0.75,4.0,2048,1024,128,512,416,291.167,304.257,297.184,0.4597
mixed,128,96,0.75,4.0,2048,1024,256,1024,832,332.927,355.168,344.382,0.515
mixed,128,96,0.75,4.0,2048,1024,512,2048,1664,409.889,442.526,435.776,0.7932
mixed,128,96,0.75,4.0,2048,1024,1024,4096,3328,554.847,620.16,598.559,0.6693
mixed,128,96,0.75,4.0,2048,1024,2048,8192,6656,845.506,974.301,928.349,0.6432
mixed,128,96,0.75,4.0,2048,1024,4096,16384,13312,1411.548,1685.052,1585.502,0.636
mixed,128,96,0.75,4.0,2048,2048,128,512,416,366.207,379.233,370.687,0.3439
mixed,128,96,0.75,4.0,2048,2048,256,1024,832,406.465,426.335,422.304,0.7971
mixed,128,96,0.75,4.0,2048,2048,512,2048,1664,488.224,517.407,510.016,0.7467
mixed,128,96,0.75,4.0,2048,2048,1024,4096,3328,628.064,697.537,670.974,0.6177
mixed,128,96,0.75,4.0,2048,2048,2048,8192,6656,916.352,1047.388,1003.39,0.6642
mixed,128,96,0.75,4.0,2048,2048,4096,16384,13312,1486.717,1757.503,1662.974,0.6509
mixed,128,96,0.75,4.0,2048,4096,128,512,416,515.55,524.832,519.038,0.3758
mixed,128,96,0.75,4.0,2048,4096,256,1024,832,554.078,574.463,564.767,0.5244
mixed,128,96,0.75,4.0,2048,4096,512,2048,1664,628.576,659.228,651.612,0.7515
mixed,128,96,0.75,4.0,2048,4096,1024,4096,3328,768.702,837.503,815.166,0.6753
mixed,128,96,0.75,4.0,2048,4096,2048,8192,6656,1058.911,1188.189,1149.982,0.7045
mixed,128,96,0.75,4.0,2048,4096,4096,16384,13312,1628.03,1897.18,1808.186,0.6694
mixed,128,96,0.75,4.0,2048,8192,128,512,416,801.31,810.172,796.734,-0.5164
mixed,128,96,0.75,4.0,2048,8192,256,1024,832,838.814,859.487,851.134,0.5959
mixed,128,96,0.75,4.0,2048,8192,512,2048,1664,908.862,942.237,931.199,0.6693
mixed,128,96,0.75,4.0,2048,8192,1024,4096,3328,1047.229,1108.095,1091.646,0.7298
mixed,128,96,0.75,4.0,2048,8192,2048,8192,6656,1332.158,1462.429,1426.012,0.7205
mixed,128,96,0.75,4.0,2048,8192,4096,16384,13312,1901.884,2170.523,2091.42,0.7055
pure,128,115,0.8984,4.0,0,0,128,512,473,96.927,120.512,113.632,0.7083
pure,128,115,0.8984,4.0,0,0,256,1024,946,155.488,168.096,160.993,0.4366
pure,128,115,0.8984,4.0,0,0,512,2048,1892,236.861,255.808,244.063,0.3801
pure,128,115,0.8984,4.0,0,0,1024,4096,3784,402.592,431.423,412.256,0.3352
pure,128,115,0.8984,4.0,0,0,2048,8192,7568,729.024,787.006,730.205,0.0204
pure,128,115,0.8984,4.0,0,0,4096,16384,15136,1389.053,1483.869,1397.116,0.085
mixed,128,115,0.8984,4.0,16,0,128,512,473,100.607,122.018,119.007,0.8594
mixed,128,115,0.8984,4.0,16,0,256,1024,946,163.135,174.686,171.423,0.7175
mixed,128,115,0.8984,4.0,16,0,512,2048,1892,245.215,266.4,254.272,0.4275
mixed,128,115,0.8984,4.0,16,0,1024,4096,3784,413.471,449.118,439.519,0.7307
mixed,128,115,0.8984,4.0,16,0,2048,8192,7568,745.757,812.544,771.81,0.3901
mixed,128,115,0.8984,4.0,16,0,4096,16384,15136,1407.934,1523.581,1454.302,0.4009
mixed,128,115,0.8984,4.0,16,512,128,512,473,116.961,122.399,122.303,0.9823
mixed,128,115,0.8984,4.0,16,512,256,1024,946,163.328,174.368,169.216,0.5333
mixed,128,115,0.8984,4.0,16,512,512,2048,1892,250.176,266.336,258.526,0.5167
mixed,128,115,0.8984,4.0,16,512,1024,4096,3784,417.376,451.583,439.649,0.6511
mixed,128,115,0.8984,4.0,16,512,2048,8192,7568,748.064,807.263,771.2,0.3908
mixed,128,115,0.8984,4.0,16,512,4096,16384,15136,1414.204,1521.149,1458.237,0.4117
mixed,128,115,0.8984,4.0,16,1024,128,512,473,115.906,125.344,124.159,0.8744
mixed,128,115,0.8984,4.0,16,1024,256,1024,946,166.208,175.521,168.223,0.2164
mixed,128,115,0.8984,4.0,16,1024,512,2048,1892,242.432,266.654,257.696,0.6302
mixed,128,115,0.8984,4.0,16,1024,1024,4096,3784,418.369,446.657,436.381,0.6367
mixed,128,115,0.8984,4.0,16,1024,2048,8192,7568,747.293,804.735,773.117,0.4496
mixed,128,115,0.8984,4.0,16,1024,4096,16384,15136,1410.59,1520.381,1457.757,0.4296
mixed,128,115,0.8984,4.0,16,2048,128,512,473,116.703,129.696,123.23,0.5023
mixed,128,115,0.8984,4.0,16,2048,256,1024,946,162.304,176.255,170.112,0.5597
mixed,128,115,0.8984,4.0,16,2048,512,2048,1892,247.169,268.608,259.677,0.5834
mixed,128,115,0.8984,4.0,16,2048,1024,4096,3784,419.838,450.622,435.744,0.5167
mixed,128,115,0.8984,4.0,16,2048,2048,8192,7568,752.8,809.152,770.91,0.3214
mixed,128,115,0.8984,4.0,16,2048,4096,16384,15136,1415.582,1520.444,1458.397,0.4083
mixed,128,115,0.8984,4.0,16,4096,128,512,473,145.536,161.824,128.703,-1.0335
mixed,128,115,0.8984,4.0,16,4096,256,1024,946,165.856,175.776,168.799,0.2967
mixed,128,115,0.8984,4.0,16,4096,512,2048,1892,249.888,267.2,255.553,0.3272
mixed,128,115,0.8984,4.0,16,4096,1024,4096,3784,418.526,451.999,437.439,0.565
mixed,128,115,0.8984,4.0,16,4096,2048,8192,7568,748.415,807.452,772.127,0.4016
mixed,128,115,0.8984,4.0,16,4096,4096,16384,15136,1412.028,1527.006,1457.533,0.3958
mixed,128,115,0.8984,4.0,16,8192,128,512,473,145.408,161.695,146.88,0.0904
mixed,128,115,0.8984,4.0,16,8192,256,1024,946,211.55,220.672,173.344,-4.1883
mixed,128,115,0.8984,4.0,16,8192,512,2048,1892,254.62,268.799,261.439,0.4809
mixed,128,115,0.8984,4.0,16,8192,1024,4096,3784,422.4,457.631,438.271,0.4505
mixed,128,115,0.8984,4.0,16,8192,2048,8192,7568,756.703,810.973,774.524,0.3284
mixed,128,115,0.8984,4.0,16,8192,4096,16384,15136,1413.341,1525.725,1457.051,0.3889
mixed,128,115,0.8984,4.0,32,0,128,512,473,99.328,123.584,123.103,0.9802
mixed,128,115,0.8984,4.0,32,0,256,1024,946,166.72,174.656,169.887,0.3991
mixed,128,115,0.8984,4.0,32,0,512,2048,1892,247.744,266.496,258.239,0.5597
mixed,128,115,0.8984,4.0,32,0,1024,4096,3784,415.838,453.44,441.439,0.6808
mixed,128,115,0.8984,4.0,32,0,2048,8192,7568,748.416,808.959,774.174,0.4254
mixed,128,115,0.8984,4.0,32,0,4096,16384,15136,1411.166,1520.669,1455.869,0.4082
mixed,128,115,0.8984,4.0,32,512,128,512,473,117.824,125.249,123.23,0.7281
mixed,128,115,0.8984,4.0,32,512,256,1024,946,167.937,175.135,172.736,0.6667
mixed,128,115,0.8984,4.0,32,512,512,2048,1892,246.077,266.91,257.087,0.5285
mixed,128,115,0.8984,4.0,32,512,1024,4096,3784,416.128,450.433,437.248,0.6157
mixed,128,115,0.8984,4.0,32,512,2048,8192,7568,746.752,806.111,774.079,0.4604
mixed,128,115,0.8984,4.0,32,512,4096,16384,15136,1415.391,1522.493,1458.14,0.3991
mixed,128,115,0.8984,4.0,32,1024,128,512,473,116.287,124.256,120.96,0.5864
mixed,128,115,0.8984,4.0,32,1024,256,1024,946,166.848,177.729,169.342,0.2292
mixed,128,115,0.8984,4.0,32,1024,512,2048,1892,249.953,268.865,259.198,0.4888
mixed,128,115,0.8984,4.0,32,1024,1024,4096,3784,420.831,451.167,438.557,0.5843
mixed,128,115,0.8984,4.0,32,1024,2048,8192,7568,750.528,809.149,775.007,0.4176
mixed,128,115,0.8984,4.0,32,1024,4096,16384,15136,1414.206,1524.924,1453.95,0.359
mixed,128,115,0.8984,4.0,32,2048,128,512,473,143.519,149.503,128.928,-2.4383
mixed,128,115,0.8984,4.0,32,2048,256,1024,946,164.352,177.44,169.183,0.3691
mixed,128,115,0.8984,4.0,32,2048,512,2048,1892,245.408,269.119,256.994,0.4886
mixed,128,115,0.8984,4.0,32,2048,1024,4096,3784,418.88,454.559,440.255,0.5991
mixed,128,115,0.8984,4.0,32,2048,2048,8192,7568,748.383,806.783,776.128,0.4751
mixed,128,115,0.8984,4.0,32,2048,4096,16384,15136,1410.686,1524.285,1461.597,0.4482
mixed,128,115,0.8984,4.0,32,4096,128,512,473,143.455,159.585,143.456,0.0001
mixed,128,115,0.8984,4.0,32,4096,256,1024,946,210.015,215.743,168.926,-7.1734
mixed,128,115,0.8984,4.0,32,4096,512,2048,1892,252.705,269.921,258.082,0.3123
mixed,128,115,0.8984,4.0,32,4096,1024,4096,3784,419.359,452.384,437.375,0.5455
mixed,128,115,0.8984,4.0,32,4096,2048,8192,7568,752.191,810.879,775.134,0.3909
mixed,128,115,0.8984,4.0,32,4096,4096,16384,15136,1417.727,1523.165,1461.406,0.4143
mixed,128,115,0.8984,4.0,32,8192,128,512,473,145.184,159.872,155.68,0.7146
mixed,128,115,0.8984,4.0,32,8192,256,1024,946,207.551,222.175,189.985,-1.2012
mixed,128,115,0.8984,4.0,32,8192,512,2048,1892,323.458,346.624,261.921,-2.6563
mixed,128,115,0.8984,4.0,32,8192,1024,4096,3784,427.552,458.88,434.814,0.2318
mixed,128,115,0.8984,4.0,32,8192,2048,8192,7568,753.792,817.598,774.751,0.3285
mixed,128,115,0.8984,4.0,32,8192,4096,16384,15136,1419.454,1527.998,1458.654,0.3611
mixed,128,115,0.8984,4.0,64,0,128,512,473,102.048,126.241,118.718,0.689
mixed,128,115,0.8984,4.0,64,0,256,1024,946,163.393,174.144,167.97,0.4257
mixed,128,115,0.8984,4.0,64,0,512,2048,1892,246.624,268.127,260.223,0.6324
mixed,128,115,0.8984,4.0,64,0,1024,4096,3784,417.855,447.551,439.904,0.7425
mixed,128,115,0.8984,4.0,64,0,2048,8192,7568,747.616,810.815,773.247,0.4056
mixed,128,115,0.8984,4.0,64,0,4096,16384,15136,1406.557,1526.911,1457.372,0.4222
mixed,128,115,0.8984,4.0,64,512,128,512,473,120.544,121.984,119.808,-0.5111
mixed,128,115,0.8984,4.0,64,512,256,1024,946,164.001,174.175,169.472,0.5377
mixed,128,115,0.8984,4.0,64,512,512,2048,1892,247.135,263.903,255.809,0.5173
mixed,128,115,0.8984,4.0,64,512,1024,4096,3784,418.175,451.393,436.448,0.5501
mixed,128,115,0.8984,4.0,64,512,2048,8192,7568,748.03,810.464,775.07,0.4331
mixed,128,115,0.8984,4.0,64,512,4096,16384,15136,1414.11,1532.252,1452.799,0.3275
mixed,128,115,0.8984,4.0,64,1024,128,512,473,136.864,144.479,130.975,-0.7733
mixed,128,115,0.8984,4.0,64,1024,256,1024,946,167.295,178.464,168.255,0.086
mixed,128,115,0.8984,4.0,64,1024,512,2048,1892,247.169,267.711,256.416,0.4502
mixed,128,115,0.8984,4.0,64,1024,1024,4096,3784,420.127,448.574,436.895,0.5894
mixed,128,115,0.8984,4.0,64,1024,2048,8192,7568,749.407,807.905,774.401,0.4273
mixed,128,115,0.8984,4.0,64,1024,4096,16384,15136,1415.485,1520.832,1451.485,0.3417
mixed,128,115,0.8984,4.0,64,2048,128,512,473,142.88,155.008,140.098,-0.2294
mixed,128,115,0.8984,4.0,64,2048,256,1024,946,203.426,213.15,166.943,-3.7519
mixed,128,115,0.8984,4.0,64,2048,512,2048,1892,255.904,269.406,255.964,0.0044
mixed,128,115,0.8984,4.0,64,2048,1024,4096,3784,420.895,450.43,436.896,0.5418
mixed,128,115,0.8984,4.0,64,2048,2048,8192,7568,748.16,810.4,773.793,0.4118
mixed,128,115,0.8984,4.0,64,2048,4096,16384,15136,1414.014,1529.437,1458.399,0.3845
mixed,128,115,0.8984,4.0,64,4096,128,512,473,141.568,156.449,156.832,1.0257
mixed,128,115,0.8984,4.0,64,4096,256,1024,946,203.937,217.214,187.969,-1.2027
mixed,128,115,0.8984,4.0,64,4096,512,2048,1892,319.166,343.265,256.032,-2.6198
mixed,128,115,0.8984,4.0,64,4096,1024,4096,3784,423.423,460.414,436.896,0.3642
mixed,128,115,0.8984,4.0,64,4096,2048,8192,7568,752.894,815.23,773.856,0.3363
mixed,128,115,0.8984,4.0,64,4096,4096,16384,15136,1416.894,1531.518,1459.133,0.3685
mixed,128,115,0.8984,4.0,64,8192,128,512,473,140.896,162.88,157.12,0.738
mixed,128,115,0.8984,4.0,64,8192,256,1024,946,205.602,220.96,216.641,0.7188
mixed,128,115,0.8984,4.0,64,8192,512,2048,1892,320.448,344.639,284.257,-1.4961
mixed,128,115,0.8984,4.0,64,8192,1024,4096,3784,547.456,589.983,432.512,-2.7028
mixed,128,115,0.8984,4.0,64,8192,2048,8192,7568,768.32,818.816,769.12,0.0158
mixed,128,115,0.8984,4.0,64,8192,4096,16384,15136,1422.974,1532.381,1459.775,0.3364
mixed,128,115,0.8984,4.0,128,0,128,512,473,113.693,138.56,125.184,0.4621
mixed,128,115,0.8984,4.0,128,0,256,1024,946,172.542,184.544,168.033,-0.3757
mixed,128,115,0.8984,4.0,128,0,512,2048,1892,252.575,271.679,260.223,0.4003
mixed,128,115,0.8984,4.0,128,0,1024,4096,3784,416.32,452.8,434.72,0.5044
mixed,128,115,0.8984,4.0,128,0,2048,8192,7568,751.678,809.247,772.35,0.3591
mixed,128,115,0.8984,4.0,128,0,4096,16384,15136,1416.509,1520.765,1456.926,0.3877
mixed,128,115,0.8984,4.0,128,512,128,512,473,138.944,154.368,125.983,-0.8403
mixed,128,115,0.8984,4.0,128,512,256,1024,946,193.502,203.489,165.181,-2.8358
mixed,128,115,0.8984,4.0,128,512,512,2048,1892,278.175,294.304,256.258,-1.3589
mixed,128,115,0.8984,4.0,128,512,1024,4096,3784,439.328,473.247,436.095,-0.0953
mixed,128,115,0.8984,4.0,128,512,2048,8192,7568,775.518,825.76,771.422,-0.0815
mixed,128,115,0.8984,4.0,128,512,4096,16384,15136,1417.791,1533.695,1460.989,0.3727
mixed,128,115,0.8984,4.0,128,1024,128,512,473,139.328,152.767,139.039,-0.0215
mixed,128,115,0.8984,4.0,128,1024,256,1024,946,205.377,217.953,167.838,-2.985
mixed,128,115,0.8984,4.0,128,1024,512,2048,1892,302.816,317.726,257.184,-3.0605
mixed,128,115,0.8984,4.0,128,1024,1024,4096,3784,456.672,495.391,435.839,-0.5381
mixed,128,115,0.8984,4.0,128,1024,2048,8192,7568,793.888,851.84,773.95,-0.344
mixed,128,115,0.8984,4.0,128,1024,4096,16384,15136,1439.551,1552.416,1455.55,0.1418
mixed,128,115,0.8984,4.0,128,2048,128,512,473,139.999,154.08,142.433,0.1729
mixed,128,115,0.8984,4.0,128,2048,256,1024,946,202.24,214.014,187.232,-1.2747
mixed,128,115,0.8984,4.0,128,2048,512,2048,1892,317.888,349.504,256.928,-1.9281
mixed,128,115,0.8984,4.0,128,2048,1024,4096,3784,495.936,532.479,437.536,-1.5981
mixed,128,115,0.8984,4.0,128,2048,2048,8192,7568,826.782,879.009,770.945,-1.0691
mixed,128,115,0.8984,4.0,128,2048,4096,16384,15136,1479.136,1594.847,1455.613,-0.2033
mixed,128,115,0.8984,4.0,128,4096,128,512,473,145.697,154.24,152.862,0.8387
mixed,128,115,0.8984,4.0,128,4096,256,1024,946,199.072,215.998,201.152,0.1229
mixed,128,115,0.8984,4.0,128,4096,512,2048,1892,316.386,342.687,283.454,-1.2521
mixed,128,115,0.8984,4.0,128,4096,1024,4096,3784,549.985,595.679,431.294,-2.5975
mixed,128,115,0.8984,4.0,128,4096,2048,8192,7568,901.182,956.063,774.559,-2.3072
mixed,128,115,0.8984,4.0,128,4096,4096,16384,15136,1552.637,1664.351,1456.158,-0.8636
mixed,128,115,0.8984,4.0,128,8192,128,512,473,168.286,179.808,176.35,0.6999
mixed,128,115,0.8984,4.0,128,8192,256,1024,946,215.264,221.312,216.511,0.2062
mixed,128,115,0.8984,4.0,128,8192,512,2048,1892,316.384,341.504,325.569,0.3656
mixed,128,115,0.8984,4.0,128,8192,1024,4096,3784,543.805,582.464,466.464,-2.0006
mixed,128,115,0.8984,4.0,128,8192,2048,8192,7568,1017.534,1091.615,769.759,-3.3446
mixed,128,115,0.8984,4.0,128,8192,4096,16384,15136,1702.239,1802.782,1462.974,-2.3797
mixed,128,115,0.8984,4.0,256,0,128,512,473,112.671,142.494,128.032,0.5151
mixed,128,115,0.8984,4.0,256,0,256,1024,946,176.769,185.984,174.624,-0.2328
mixed,128,115,0.8984,4.0,256,0,512,2048,1892,260.542,280.672,262.336,0.0891
mixed,128,115,0.8984,4.0,256,0,1024,4096,3784,428.222,457.344,442.176,0.4792
mixed,128,115,0.8984,4.0,256,0,2048,8192,7568,760.254,817.887,778.047,0.3087
mixed,128,115,0.8984,4.0,256,0,4096,16384,15136,1420.702,1527.519,1461.628,0.3831
mixed,128,115,0.8984,4.0,256,512,128,512,473,142.497,156.991,143.806,0.0903
mixed,128,115,0.8984,4.0,256,512,256,1024,946,197.184,209.215,178.399,-1.5614
mixed,128,115,0.8984,4.0,256,512,512,2048,1892,278.176,296.512,261.152,-0.9284
mixed,128,115,0.8984,4.0,256,512,1024,4096,3784,443.167,476.544,438.975,-0.1256
mixed,128,115,0.8984,4.0,256,512,2048,8192,7568,775.871,825.951,777.375,0.03
mixed,128,115,0.8984,4.0,256,512,4096,16384,15136,1426.751,1541.693,1466.301,0.3441
mixed,128,115,0.8984,4.0,256,1024,128,512,473,140.127,154.654,144.801,0.3217
mixed,128,115,0.8984,4.0,256,1024,256,1024,946,205.505,223.167,193.983,-0.6524
mixed,128,115,0.8984,4.0,256,1024,512,2048,1892,296.192,315.969,259.36,-1.8624
mixed,128,115,0.8984,4.0,256,1024,1024,4096,3784,459.935,494.653,439.231,-0.5963
mixed,128,115,0.8984,4.0,256,1024,2048,8192,7568,795.488,848.415,776.609,-0.3567
mixed,128,115,0.8984,4.0,256,1024,4096,16384,15136,1450.494,1554.237,1468.478,0.1734
mixed,128,115,0.8984,4.0,256,2048,128,512,473,146.976,162.08,158.528,0.7648
mixed,128,115,0.8984,4.0,256,2048,256,1024,946,201.376,217.758,203.196,0.1111
mixed,128,115,0.8984,4.0,256,2048,512,2048,1892,319.423,347.807,288.064,-1.1048
mixed,128,115,0.8984,4.0,256,2048,1024,4096,3784,497.568,528.447,435.712,-2.0032
mixed,128,115,0.8984,4.0,256,2048,2048,8192,7568,823.232,880.319,778.878,-0.777
mixed,128,115,0.8984,4.0,256,2048,4096,16384,15136,1479.295,1589.661,1462.591,-0.1514
mixed,128,115,0.8984,4.0,256,4096,128,512,473,176.288,186.847,183.487,0.6818
mixed,128,115,0.8984,4.0,256,4096,256,1024,946,211.776,225.024,221.503,0.7342
mixed,128,115,0.8984,4.0,256,4096,512,2048,1892,312.289,341.73,325.279,0.4412
mixed,128,115,0.8984,4.0,256,4096,1024,4096,3784,547.775,592.383,473.664,-1.6614
mixed,128,115,0.8984,4.0,256,4096,2048,8192,7568,891.904,952.798,781.856,-1.8072
mixed,128,115,0.8984,4.0,256,4096,4096,16384,15136,1555.389,1658.623,1475.87,-0.7703
mixed,128,115,0.8984,4.0,256,8192,128,512,473,207.68,230.079,215.744,0.36
mixed,128,115,0.8984,4.0,256,8192,256,1024,946,253.568,283.742,270.623,0.5652
mixed,128,115,0.8984,4.0,256,8192,512,2048,1892,328.095,349.761,345.218,0.7903
mixed,128,115,0.8984,4.0,256,8192,1024,4096,3784,540.8,581.151,569.248,0.705
mixed,128,115,0.8984,4.0,256,8192,2048,8192,7568,1012.447,1086.463,856.222,-2.1107
mixed,128,115,0.8984,4.0,256,8192,4096,16384,15136,1693.437,1802.269,1472.639,-2.0288
mixed,128,115,0.8984,4.0,512,0,128,512,473,123.904,155.585,146.782,0.7221
mixed,128,115,0.8984,4.0,512,0,256,1024,946,191.967,199.232,189.664,-0.317
mixed,128,115,0.8984,4.0,512,0,512,2048,1892,272.672,296.575,284.673,0.5021
mixed,128,115,0.8984,4.0,512,0,1024,4096,3784,441.598,475.2,460.704,0.5686
mixed,128,115,0.8984,4.0,512,0,2048,8192,7568,778.398,828.607,795.901,0.3486
mixed,128,115,0.8984,4.0,512,0,4096,16384,15136,1431.999,1546.75,1483.101,0.4453
mixed,128,115,0.8984,4.0,512,512,128,512,473,146.752,162.238,161.472,0.9505
mixed,128,115,0.8984,4.0,512,512,256,1024,946,206.688,215.615,208.513,0.2044
mixed,128,115,0.8984,4.0,512,512,512,2048,1892,291.328,307.232,300.096,0.5513
mixed,128,115,0.8984,4.0,512,512,1024,4096,3784,457.889,489.792,475.103,0.5396
mixed,128,115,0.8984,4.0,512,512,2048,8192,7568,789.022,843.518,812.03,0.4222
mixed,128,115,0.8984,4.0,512,512,4096,16384,15136,1444.127,1555.935,1488.382,0.3958
mixed,128,115,0.8984,4.0,512,1024,128,512,473,158.112,161.311,159.199,0.3398
mixed,128,115,0.8984,4.0,512,1024,256,1024,946,211.295,225.983,225.024,0.9347
mixed,128,115,0.8984,4.0,512,1024,512,2048,1892,310.08,324.414,318.304,0.5737
mixed,128,115,0.8984,4.0,512,1024,1024,4096,3784,471.392,504.865,494.432,0.6883
mixed,128,115,0.8984,4.0,512,1024,2048,8192,7568,803.262,858.558,827.807,0.4439
mixed,128,115,0.8984,4.0,512,1024,4096,16384,15136,1458.173,1567.966,1508.958,0.4626
mixed,128,115,0.8984,4.0,512,2048,128,512,473,176.672,192.577,183.744,0.4446
mixed,128,115,0.8984,4.0,512,2048,256,1024,946,215.133,221.375,219.328,0.6721
mixed,128,115,0.8984,4.0,512,2048,512,2048,1892,326.942,353.186,351.488,0.9353
mixed,128,115,0.8984,4.0,512,2048,1024,4096,3784,508.061,537.022,526.976,0.6531
mixed,128,115,0.8984,4.0,512,2048,2048,8192,7568,835.103,891.774,869.12,0.6003
mixed,128,115,0.8984,4.0,512,2048,4096,16384,15136,1495.197,1604.093,1548.574,0.4902
mixed,128,115,0.8984,4.0,512,4096,128,512,473,232.704,243.328,238.591,0.5541
mixed,128,115,0.8984,4.0,512,4096,256,1024,946,252.799,273.951,270.622,0.8426
mixed,128,115,0.8984,4.0,512,4096,512,2048,1892,337.792,348.16,344.959,0.6913
mixed,128,115,0.8984,4.0,512,4096,1024,4096,3784,555.07,597.759,595.552,0.9483
mixed,128,115,0.8984,4.0,512,4096,2048,8192,7568,901.119,964.8,945.342,0.6944
mixed,128,115,0.8984,4.0,512,4096,4096,16384,15136,1560.093,1677.055,1625.307,0.5576
mixed,128,115,0.8984,4.0,512,8192,128,512,473,310.783,322.783,319.776,0.7494
mixed,128,115,0.8984,4.0,512,8192,256,1024,946,361.28,370.944,370.432,0.947
mixed,128,115,0.8984,4.0,512,8192,512,2048,1892,407.519,438.495,435.007,0.8874
mixed,128,115,0.8984,4.0,512,8192,1024,4096,3784,582.815,601.15,587.903,0.2775
mixed,128,115,0.8984,4.0,512,8192,2048,8192,7568,1019.807,1093.213,1088.287,0.9329
mixed,128,115,0.8984,4.0,512,8192,4096,16384,15136,1702.942,1817.758,1789.023,0.7497
mixed,128,115,0.8984,4.0,1024,0,128,512,473,147.616,154.944,150.046,0.3316
mixed,128,115,0.8984,4.0,1024,0,256,1024,946,190.463,200.479,191.391,0.0927
mixed,128,115,0.8984,4.0,1024,0,512,2048,1892,277.79,297.28,285.537,0.3975
mixed,128,115,0.8984,4.0,1024,0,1024,4096,3784,446.304,473.855,457.28,0.3984
mixed,128,115,0.8984,4.0,1024,0,2048,8192,7568,770.048,822.72,786.174,0.3062
mixed,128,115,0.8984,4.0,1024,0,4096,16384,15136,1417.949,1529.024,1450.174,0.2901
mixed,128,115,0.8984,4.0,1024,512,128,512,473,164.064,174.431,166.397,0.225
mixed,128,115,0.8984,4.0,1024,512,256,1024,946,209.344,217.664,211.65,0.2772
mixed,128,115,0.8984,4.0,1024,512,512,2048,1892,296.32,314.144,300.99,0.262
mixed,128,115,0.8984,4.0,1024,512,1024,4096,3784,461.376,488.895,476.831,0.5616
mixed,128,115,0.8984,4.0,1024,512,2048,8192,7568,782.271,841.374,803.2,0.3541
mixed,128,115,0.8984,4.0,1024,512,4096,16384,15136,1435.645,1549.213,1470.366,0.3057
mixed,128,115,0.8984,4.0,1024,1024,128,512,473,180.415,190.398,183.104,0.2694
mixed,128,115,0.8984,4.0,1024,1024,256,1024,946,228.256,237.087,228.513,0.0291
mixed,128,115,0.8984,4.0,1024,1024,512,2048,1892,312.255,333.056,323.135,0.5231
mixed,128,115,0.8984,4.0,1024,1024,1024,4096,3784,480.128,508.703,491.488,0.3976
mixed,128,115,0.8984,4.0,1024,1024,2048,8192,7568,808.927,855.775,821.569,0.2699
mixed,128,115,0.8984,4.0,1024,1024,4096,16384,15136,1450.878,1561.245,1487.325,0.3302
mixed,128,115,0.8984,4.0,1024,2048,128,512,473,218.048,226.784,222.684,0.5307
mixed,128,115,0.8984,4.0,1024,2048,256,1024,946,262.048,273.792,268.958,0.5884
mixed,128,115,0.8984,4.0,1024,2048,512,2048,1892,351.328,370.143,357.568,0.3317
mixed,128,115,0.8984,4.0,1024,2048,1024,4096,3784,517.185,543.137,527.808,0.4093
mixed,128,115,0.8984,4.0,1024,2048,2048,8192,7568,838.911,894.368,855.458,0.2984
mixed,128,115,0.8984,4.0,1024,2048,4096,16384,15136,1490.782,1597.949,1527.2,0.3398
mixed,128,115,0.8984,4.0,1024,4096,128,512,473,288.48,299.937,288.671,0.0167
mixed,128,115,0.8984,4.0,1024,4096,256,1024,946,331.36,345.568,339.423,0.5675
mixed,128,115,0.8984,4.0,1024,4096,512,2048,1892,418.208,434.944,426.72,0.5086
mixed,128,115,0.8984,4.0,1024,4096,1024,4096,3784,576.896,608.414,592.448,0.4934
mixed,128,115,0.8984,4.0,1024,4096,2048,8192,7568,905.472,960.125,921.758,0.298
mixed,128,115,0.8984,4.0,1024,4096,4096,16384,15136,1552.607,1663.134,1592.125,0.3575
mixed,128,115,0.8984,4.0,1024,8192,128,512,473,437.248,443.905,437.504,0.0385
mixed,128,115,0.8984,4.0,1024,8192,256,1024,946,482.367,489.855,483.934,0.2093
mixed,128,115,0.8984,4.0,1024,8192,512,2048,1892,562.208,584.384,570.143,0.3578
mixed,128,115,0.8984,4.0,1024,8192,1024,4096,3784,724.735,751.455,738.303,0.5078
mixed,128,115,0.8984,4.0,1024,8192,2048,8192,7568,1054.813,1106.654,1070.398,0.3006
mixed,128,115,0.8984,4.0,1024,8192,4096,16384,15136,1697.342,1808.831,1745.277,0.43
mixed,128,115,0.8984,4.0,2048,0,128,512,473,226.014,232.704,229.63,0.5405
mixed,128,115,0.8984,4.0,2048,0,256,1024,946,271.104,285.76,276.414,0.3623
mixed,128,115,0.8984,4.0,2048,0,512,2048,1892,356.703,374.464,366.24,0.537
mixed,128,115,0.8984,4.0,2048,0,1024,4096,3784,525.727,552.351,538.528,0.4808
mixed,128,115,0.8984,4.0,2048,0,2048,8192,7568,851.359,904.159,864.703,0.2527
mixed,128,115,0.8984,4.0,2048,0,4096,16384,15136,1504.734,1614.27,1535.295,0.279
mixed,128,115,0.8984,4.0,2048,512,128,512,473,261.376,268.351,263.391,0.2889
mixed,128,115,0.8984,4.0,2048,512,256,1024,946,308.959,318.112,312.832,0.4231
mixed,128,115,0.8984,4.0,2048,512,512,2048,1892,394.368,409.119,404.576,0.692
mixed,128,115,0.8984,4.0,2048,512,1024,4096,3784,555.135,588.639,572.191,0.5091
mixed,128,115,0.8984,4.0,2048,512,2048,8192,7568,881.441,938.303,901.63,0.3551
mixed,128,115,0.8984,4.0,2048,512,4096,16384,15136,1539.709,1645.47,1568.798,0.275
mixed,128,115,0.8984,4.0,2048,1024,128,512,473,296.448,303.585,301.12,0.6546
mixed,128,115,0.8984,4.0,2048,1024,256,1024,946,344.672,353.886,350.4,0.6217
mixed,128,115,0.8984,4.0,2048,1024,512,2048,1892,428.225,443.807,438.527,0.6611
mixed,128,115,0.8984,4.0,2048,1024,1024,4096,3784,591.074,624.06,605.472,0.4365
mixed,128,115,0.8984,4.0,2048,1024,2048,8192,7568,920.032,972.222,937.313,0.3311
mixed,128,115,0.8984,4.0,2048,1024,4096,16384,15136,1567.295,1685.533,1602.911,0.3012
mixed,128,115,0.8984,4.0,2048,2048,128,512,473,371.455,377.919,376.383,0.7624
mixed,128,115,0.8984,4.0,2048,2048,256,1024,946,418.942,427.455,422.817,0.4552
mixed,128,115,0.8984,4.0,2048,2048,512,2048,1892,500.479,519.2,511.807,0.6051
mixed,128,115,0.8984,4.0,2048,2048,1024,4096,3784,661.152,696.704,681.056,0.5599
mixed,128,115,0.8984,4.0,2048,2048,2048,8192,7568,986.367,1043.073,1007.389,0.3707
mixed,128,115,0.8984,4.0,2048,2048,4096,16384,15136,1644.252,1754.268,1679.325,0.3188
mixed,128,115,0.8984,4.0,2048,4096,128,512,473,518.176,526.909,523.58,0.6188
mixed,128,115,0.8984,4.0,2048,4096,256,1024,946,563.424,575.712,569.536,0.4974
mixed,128,115,0.8984,4.0,2048,4096,512,2048,1892,645.471,659.679,652.223,0.4752
mixed,128,115,0.8984,4.0,2048,4096,1024,4096,3784,806.013,837.662,823.711,0.5592
mixed,128,115,0.8984,4.0,2048,4096,2048,8192,7568,1128.673,1187.421,1159.166,0.519
mixed,128,115,0.8984,4.0,2048,4096,4096,16384,15136,1787.039,1898.653,1826.491,0.3535
mixed,128,115,0.8984,4.0,2048,8192,128,512,473,801.472,810.813,806.623,0.5514
mixed,128,115,0.8984,4.0,2048,8192,256,1024,946,848.126,856.578,856.095,0.9429
mixed,128,115,0.8984,4.0,2048,8192,512,2048,1892,924.607,938.112,935.614,0.815
mixed,128,115,0.8984,4.0,2048,8192,1024,4096,3784,1083.485,1109.504,1103.613,0.7736
mixed,128,115,0.8984,4.0,2048,8192,2048,8192,7568,1409.44,1459.166,1435.389,0.5218
mixed,128,115,0.8984,4.0,2048,8192,4096,16384,15136,2055.549,2167.197,2107.165,0.4623
pure,256,1,0.0039,4.0,0,0,128,512,129,92.768,185.631,111.327,0.1999
pure,256,1,0.0039,4.0,0,0,256,1024,259,118.112,274.079,135.488,0.1114
pure,256,1,0.0039,4.0,0,0,512,2048,518,184.862,449.567,183.233,-0.0062
pure,256,1,0.0039,4.0,0,0,1024,4096,1036,276.0,794.686,279.103,0.006
pure,256,1,0.0039,4.0,0,0,2048,8192,2072,449.92,1493.022,451.52,0.0015
pure,256,1,0.0039,4.0,0,0,4096,16384,4144,799.774,2887.707,801.152,0.0007
pure,256,2,0.0078,4.0,0,0,128,512,131,94.847,182.752,111.008,0.1838
pure,256,2,0.0078,4.0,0,0,256,1024,262,115.391,274.816,137.44,0.1383
pure,256,2,0.0078,4.0,0,0,512,2048,524,184.065,447.488,183.102,-0.0037
pure,256,2,0.0078,4.0,0,0,1024,4096,1048,279.745,796.897,280.095,0.0007
pure,256,2,0.0078,4.0,0,0,2048,8192,2096,456.738,1491.675,455.133,-0.0016
pure,256,2,0.0078,4.0,0,0,4096,16384,4192,804.286,2894.397,813.056,0.0042
pure,256,3,0.0117,4.0,0,0,128,512,132,92.895,183.71,110.433,0.1931
pure,256,3,0.0117,4.0,0,0,256,1024,265,115.391,273.856,138.209,0.144
pure,256,3,0.0117,4.0,0,0,512,2048,530,187.393,446.942,185.15,-0.0086
pure,256,3,0.0117,4.0,0,0,1024,4096,1060,276.256,792.255,283.104,0.0133
pure,256,3,0.0117,4.0,0,0,2048,8192,2120,456.415,1494.844,495.105,0.0373
pure,256,3,0.0117,4.0,0,0,4096,16384,4240,819.774,2893.662,892.573,0.0351
pure,256,4,0.0156,4.0,0,0,128,512,134,92.894,184.735,109.824,0.1843
pure,256,4,0.0156,4.0,0,0,256,1024,268,117.248,276.16,138.175,0.1317
pure,256,4,0.0156,4.0,0,0,512,2048,536,184.672,447.393,184.673,0.0
pure,256,4,0.0156,4.0,0,0,1024,4096,1072,278.975,793.727,282.624,0.0071
pure,256,4,0.0156,4.0,0,0,2048,8192,2144,457.28,1497.949,495.551,0.0368
pure,256,4,0.0156,4.0,0,0,4096,16384,4288,819.201,2890.238,907.839,0.0428
pure,256,16,0.0625,4.0,0,0,128,512,152,95.168,183.202,118.974,0.2704
pure,256,16,0.0625,4.0,0,0,256,1024,304,119.713,273.824,155.072,0.2294
pure,256,16,0.0625,4.0,0,0,512,2048,608,190.624,448.097,202.816,0.0474
pure,256,16,0.0625,4.0,0,0,1024,4096,1216,301.568,793.183,317.665,0.0327
pure,256,16,0.0625,4.0,0,0,2048,8192,2432,511.104,1492.798,517.631,0.0066
pure,256,16,0.0625,4.0,0,0,4096,16384,4864,925.567,2893.212,931.039,0.0028
pure,256,32,0.125,4.0,0,0,128,512,176,99.615,184.831,122.399,0.2674
pure,256,32,0.125,4.0,0,0,256,1024,352,126.112,276.223,157.408,0.2085
pure,256,32,0.125,4.0,0,0,512,2048,704,211.359,450.848,207.392,-0.0166
pure,256,32,0.125,4.0,0,0,1024,4096,1408,340.671,797.118,333.377,-0.016
pure,256,32,0.125,4.0,0,0,2048,8192,2816,586.849,1492.028,580.224,-0.0073
pure,256,32,0.125,4.0,0,0,4096,16384,5632,1060.255,2901.725,1080.477,0.011
pure,256,64,0.25,4.0,0,0,128,512,224,104.127,185.023,133.506,0.3632
pure,256,64,0.25,4.0,0,0,256,1024,448,142.623,274.495,170.43,0.2109
pure,256,64,0.25,4.0,0,0,512,2048,896,249.536,449.088,248.065,-0.0074
pure,256,64,0.25,4.0,0,0,1024,4096,1792,404.64,796.449,400.608,-0.0103
pure,256,64,0.25,4.0,0,0,2048,8192,3584,709.024,1492.446,703.681,-0.0068
pure,256,64,0.25,4.0,0,0,4096,16384,7168,1316.607,2887.773,1310.269,-0.004
pure,256,128,0.5,4.0,0,0,128,512,320,121.405,182.429,152.544,0.5103
pure,256,128,0.5,4.0,0,0,256,1024,640,205.41,276.48,205.888,0.0067
pure,256,128,0.5,4.0,0,0,512,2048,1280,317.92,448.224,314.688,-0.0248
pure,256,128,0.5,4.0,0,0,1024,4096,2560,534.559,794.687,530.303,-0.0164
pure,256,128,0.5,4.0,0,0,2048,8192,5120,969.087,1493.499,963.008,-0.0116
pure,256,128,0.5,4.0,0,0,4096,16384,10240,1841.979,2901.948,1834.495,-0.0071
pure,256,192,0.75,4.0,0,0,128,512,416,141.343,183.071,167.904,0.6365
pure,256,192,0.75,4.0,0,0,256,1024,832,234.944,274.688,240.514,0.1401
pure,256,192,0.75,4.0,0,0,512,2048,1664,382.05,445.726,378.944,-0.0488
pure,256,192,0.75,4.0,0,0,1024,4096,3328,666.078,794.847,660.063,-0.0467
pure,256,192,0.75,4.0,0,0,2048,8192,6656,1227.58,1492.51,1224.096,-0.0132
pure,256,192,0.75,4.0,0,0,4096,16384,13312,2368.798,2891.291,2358.588,-0.0195
pure,256,230,0.8984,4.0,0,0,128,512,473,147.681,187.074,176.672,0.7359
pure,256,230,0.8984,4.0,0,0,256,1024,946,255.775,273.886,260.607,0.2668
pure,256,230,0.8984,4.0,0,0,512,2048,1892,412.352,446.527,426.53,0.4149
pure,256,230,0.8984,4.0,0,0,1024,4096,3784,734.845,795.776,752.386,0.2879
pure,256,230,0.8984,4.0,0,0,2048,8192,7568,1385.437,1496.19,1410.462,0.226
pure,256,230,0.8984,4.0,0,0,4096,16384,15136,2675.55,2892.187,2728.222,0.2431
mixed,4,1,0.25,1.5,16,0,128,192,144,44.223,43.999,43.136,
mixed,4,1,0.25,2.0,16,0,128,256,160,43.553,47.68,47.776,1.0233
mixed,4,1,0.25,8.0,16,0,128,1024,352,48.193,51.84,53.184,1.3685
mixed,4,1,0.25,16.0,16,0,128,2048,608,51.744,55.39,53.95,0.605
mixed,8,1,0.125,1.5,16,0,128,192,136,45.378,45.344,44.864,
mixed,8,1,0.125,2.0,16,0,128,256,144,45.089,48.768,49.12,1.0957
mixed,8,1,0.125,8.0,16,0,128,1024,240,45.376,54.816,52.769,0.7832
mixed,8,1,0.125,16.0,16,0,128,2048,368,50.176,61.6,53.345,0.2774
mixed,4,2,0.5,1.5,16,0,128,192,160,43.264,44.545,43.646,0.2982
mixed,4,2,0.5,2.0,16,0,128,256,192,43.455,47.55,48.352,1.1958
pure,4,1,0.25,2.0,0,0,128,256,160,39.168,41.887,41.344,0.8003
pure,4,1,0.25,8.0,0,0,128,1024,352,41.92,47.521,47.712,1.0341
pure,4,1,0.25,16.0,0,0,128,2048,608,44.897,51.039,47.936,0.4948
