prefill_chunk,kv_prefill,n_decode,kv_decode,time_us
0,0,1,16,12.522
0,0,1,32,12.416
0,0,1,64,12.4363
0,0,1,128,13.76
0,0,1,256,14.5923
0,0,1,512,15.2857
0,0,1,1024,16.1067
0,0,1,2048,16.6933
0,0,1,4096,18.5497
0,0,1,8192,21.2477
0,0,1,16384,29.1843
0,0,1,32768,39.2103
0,0,2,16,12.6083
0,0,2,32,12.6613
0,0,2,64,12.576
0,0,2,128,13.9297
0,0,2,256,14.6347
0,0,2,512,16.1707
0,0,2,1024,16.8957
0,0,2,2048,17.8237
0,0,2,4096,20.6507
0,0,2,8192,26.9547
0,0,2,16384,38.6343
0,0,2,32768,60.512
0,0,4,16,12.5443
0,0,4,32,12.5763
0,0,4,64,12.6613
0,0,4,128,13.952
0,0,4,256,14.667
0,0,4,512,16.448
0,0,4,1024,17.6107
0,0,4,2048,20.3197
0,0,4,4096,26.0267
0,0,4,8192,37.344
0,0,4,16384,58.5817
0,0,4,32768,100.736
0,0,8,16,13.2163
0,0,8,32,13.3227
0,0,8,64,13.5473
0,0,8,128,14.4643
0,0,8,256,15.6583
0,0,8,512,18.4427
0,0,8,1024,20.3737
0,0,8,2048,26.4747
0,0,8,4096,37.2587
0,0,8,8192,59.4557
0,0,8,16384,101.408
0,0,8,32768,186.059
0,0,16,16,13.9193
0,0,16,32,13.664
0,0,16,64,13.9733
0,0,16,128,14.6773
0,0,16,256,16.3947
0,0,16,512,20.736
0,0,16,1024,26.368
0,0,16,2048,37.8457
0,0,16,4096,59.104
0,0,16,8192,101.515
0,0,16,16384,186.784
0,0,16,32768,356.565
0,0,32,16,13.792
0,0,32,32,13.9523
0,0,32,64,13.9207
0,0,32,128,15.6907
0,0,32,256,18.506
0,0,32,512,27.4133
0,0,32,1024,39.4027
0,0,32,2048,60.864
0,0,32,4096,102.336
0,0,32,8192,188.31
0,0,32,16384,356.459
0,0,32,32768,693.919
0,0,64,16,17.5467
0,0,64,32,17.771
0,0,64,64,18.7953
0,0,64,128,21.835
0,0,64,256,27.8613
0,0,64,512,42.2617
0,0,64,1024,64.224
0,0,64,2048,105.045
0,0,64,4096,188.053
0,0,64,8192,356.566
0,0,64,16384,694.688
0,0,64,32768,1364.06
0,0,128,16,24.4377
0,0,128,32,24.5443
0,0,128,64,25.461
0,0,128,128,32.8967
0,0,128,256,44.117
0,0,128,512,69.589
0,0,128,1024,111.274
0,0,128,2048,193.557
0,0,128,4096,358.463
0,0,128,8192,693.461
0,0,128,16384,1368.13
0,0,128,32768,2698.37
0,0,256,16,37.92
0,0,256,32,37.9307
0,0,256,64,39.819
0,0,256,128,53.75
0,0,256,256,72.736
0,0,256,512,123.093
0,0,256,1024,204.704
0,0,256,2048,367.52
0,0,256,4096,698.389
0,0,256,8192,1362.14
0,0,256,16384,2691.86
0,0,256,32768,5352.48
16,0,0,0,14.7627
16,0,1,16,14.6347
16,0,1,32,14.6027
16,0,1,64,14.784
16,0,1,128,15.819
16,0,1,256,16.9283
16,0,1,512,17.5573
16,0,1,1024,18.3463
16,0,1,2048,18.901
16,0,1,4096,20.2457
16,0,1,8192,22.5603
16,0,1,16384,30.1113
16,0,1,32768,41.152
16,0,2,16,14.7627
16,0,2,32,14.603
16,0,2,64,14.6453
16,0,2,128,15.584
16,0,2,256,17.0453
16,0,2,512,17.845
16,0,2,1024,18.891
16,0,2,2048,19.8503
16,0,2,4096,21.92
16,0,2,8192,28.811
16,0,2,16384,40.4053
16,0,2,32768,61.4187
16,0,4,16,14.891
16,0,4,32,14.72
16,0,4,64,14.7523
16,0,4,128,15.8503
16,0,4,256,17.632
16,0,4,512,18.5603
16,0,4,1024,19.4343
16,0,4,2048,21.4827
16,0,4,4096,28.1173
16,0,4,8192,40.4693
16,0,4,16384,62.4
16,0,4,32768,103.381
16,0,8,16,14.816
16,0,8,32,14.9227
16,0,8,64,15.1033
16,0,8,128,16.3413
16,0,8,256,17.7813
16,0,8,512,19.7547
16,0,8,1024,21.333
16,0,8,2048,28.1387
16,0,8,4096,39.488
16,0,8,8192,62.816
16,0,8,16384,104.971
16,0,8,32768,190.304
16,0,16,16,15.0613
16,0,16,32,15.339
16,0,16,64,15.1573
16,0,16,128,16.6943
16,0,16,256,17.845
16,0,16,512,22.0797
16,0,16,1024,27.787
16,0,16,2048,39.968
16,0,16,4096,61.7177
16,0,16,8192,104.095
16,0,16,16384,190.208
16,0,16,32768,357.642
16,0,32,16,15.3493
16,0,32,32,15.4777
16,0,32,64,15.713
16,0,32,128,17.0987
16,0,32,256,19.392
16,0,32,512,28.7463
16,0,32,1024,40.1383
16,0,32,2048,63.0293
16,0,32,4096,104.875
16,0,32,8192,189.813
16,0,32,16384,361.653
16,0,32,32768,697.12
16,0,64,16,20.1707
16,0,64,32,20.7787
16,0,64,64,21.119
16,0,64,128,24.3733
16,0,64,256,27.9037
16,0,64,512,45.0237
16,0,64,1024,66.9867
16,0,64,2048,108.777
16,0,64,4096,192.736
16,0,64,8192,359.626
16,0,64,16384,696.394
16,0,64,32768,1363.34
16,0,128,16,30.1657
16,0,128,32,30.1867
16,0,128,64,30.656
16,0,128,128,36.4587
16,0,128,256,45.024
16,0,128,512,74.4643
16,0,128,1024,116.245
16,0,128,2048,198.923
16,0,128,4096,365.131
16,0,128,8192,695.542
16,0,128,16384,1360.8
16,0,128,32768,2691.02
16,16,0,0,14.4853
16,16,1,16,14.5283
16,16,1,32,14.869
16,16,1,64,14.5707
16,16,1,128,15.6693
16,16,1,256,16.8417
16,16,1,512,17.8987
16,16,1,1024,18.2287
16,16,1,2048,19.0297
16,16,1,4096,20.192
16,16,1,8192,23.296
16,16,1,16384,30.3997
16,16,1,32768,41.4083
16,16,2,16,14.6027
16,16,2,32,14.5493
16,16,2,64,14.507
16,16,2,128,15.797
16,16,2,256,17.1517
16,16,2,512,17.589
16,16,2,1024,18.9017
16,16,2,2048,19.9357
16,16,2,4096,21.707
16,16,2,8192,28.5973
16,16,2,16384,40.6613
16,16,2,32768,61.5143
16,16,4,16,14.944
16,16,4,32,15.0717
16,16,4,64,14.6557
16,16,4,128,15.9683
16,16,4,256,17.301
16,16,4,512,18.4
16,16,4,1024,19.6373
16,16,4,2048,21.099
16,16,4,4096,28.277
16,16,4,8192,40.3947
16,16,4,16384,63.2333
16,16,4,32768,104.384
16,16,8,16,14.667
16,16,8,32,14.9653
16,16,8,64,14.9653
16,16,8,128,16.4587
16,16,8,256,17.6113
16,16,8,512,19.488
16,16,8,1024,21.397
16,16,8,2048,28.128
16,16,8,4096,39.4667
16,16,8,8192,62.357
16,16,8,16384,104.288
16,16,8,32768,189.643
16,16,16,16,15.1143
16,16,16,32,14.944
16,16,16,64,15.4347
16,16,16,128,16.9393
16,16,16,256,17.8767
16,16,16,512,21.6213
16,16,16,1024,28.256
16,16,16,2048,39.7443
16,16,16,4096,61.8243
16,16,16,8192,104.363
16,16,16,16384,188.971
16,16,16,32768,358.272
16,16,32,16,15.3493
16,16,32,32,15.691
16,16,32,64,15.8507
16,16,32,128,16.8957
16,16,32,256,19.2323
16,16,32,512,29.1733
16,16,32,1024,41.1197
16,16,32,2048,62.9653
16,16,32,4096,105.247
16,16,32,8192,191.04
16,16,32,16384,362.207
16,16,32,32768,700.437
16,16,64,16,20.5013
16,16,64,32,20.5663
16,16,64,64,20.917
16,16,64,128,24.1817
16,16,64,256,28.5337
16,16,64,512,44.854
16,16,64,1024,66.6133
16,16,64,2048,109.098
16,16,64,4096,192.619
16,16,64,8192,361.419
16,16,64,16384,696.938
16,16,64,32768,1376.55
16,16,128,16,30.2933
16,16,128,32,30.357
16,16,128,64,31.2213
16,16,128,128,36.7787
16,16,128,256,45.664
16,16,128,512,74.0907
16,16,128,1024,116.107
16,16,128,2048,199.285
16,16,128,4096,365.28
16,16,128,8192,697.685
16,16,128,16384,1361.86
16,16,128,32768,2690.91
16,32,0,0,14.667
16,32,1,16,15.008
16,32,1,32,14.6347
16,32,1,64,14.9443
16,32,1,128,15.8393
16,32,1,256,17.1203
16,32,1,512,18.0693
16,32,1,1024,18.677
16,32,1,2048,18.762
16,32,1,4096,20.5113
16,32,1,8192,23.2213
16,32,1,16384,30.283
16,32,1,32768,42.2187
16,32,2,16,14.72
16,32,2,32,14.6347
16,32,2,64,14.6453
16,32,2,128,15.9573
16,32,2,256,17.2263
16,32,2,512,17.824
16,32,2,1024,18.624
16,32,2,2048,19.8937
16,32,2,4096,22.2937
16,32,2,8192,28.672
16,32,2,16384,39.776
16,32,2,32768,61.8453
16,32,4,16,14.869
16,32,4,32,14.688
16,32,4,64,14.752
16,32,4,128,16.1923
16,32,4,256,17.675
16,32,4,512,18.6667
16,32,4,1024,19.4667
16,32,4,2048,21.7177
16,32,4,4096,28.171
16,32,4,8192,39.9363
16,32,4,16384,61.397
16,32,4,32768,104.992
16,32,8,16,14.7517
16,32,8,32,15.2213
16,32,8,64,15.3077
16,32,8,128,16.3937
16,32,8,256,17.5993
16,32,8,512,19.6373
16,32,8,1024,21.44
16,32,8,2048,28.128
16,32,8,4096,39.5523
16,32,8,8192,61.1307
16,32,8,16384,104.704
16,32,8,32768,190.037
16,32,16,16,15.2637
16,32,16,32,15.4553
16,32,16,64,15.1783
16,32,16,128,16.6827
16,32,16,256,17.8447
16,32,16,512,22.24
16,32,16,1024,28.5757
16,32,16,2048,39.638
16,32,16,4096,61.8347
16,32,16,8192,104.405
16,32,16,16384,189.728
16,32,16,32768,358.923
16,32,32,16,15.7223
16,32,32,32,15.5413
16,32,32,64,15.872
16,32,32,128,17.1303
16,32,32,256,19.8303
16,32,32,512,28.747
16,32,32,1024,40.672
16,32,32,2048,62.2187
16,32,32,4096,106.25
16,32,32,8192,190.751
16,32,32,16384,359.071
16,32,32,32768,697.163
16,32,64,16,20.6293
16,32,64,32,20.7893
16,32,64,64,21.279
16,32,64,128,24.3203
16,32,64,256,28.7883
16,32,64,512,44.1607
16,32,64,1024,67.1253
16,32,64,2048,109.471
16,32,64,4096,194.197
16,32,64,8192,361.877
16,32,64,16384,696.287
16,32,64,32768,1368.52
16,32,128,16,30.3467
16,32,128,32,30.208
16,32,128,64,30.923
16,32,128,128,36.7363
16,32,128,256,46.5167
16,32,128,512,73.718
16,32,128,1024,117.12
16,32,128,2048,200.053
16,32,128,4096,365.941
16,32,128,8192,694.847
16,32,128,16384,1362.99
16,32,128,32768,2691.25
16,64,0,0,14.7627
16,64,1,16,14.6877
16,64,1,32,15.029
16,64,1,64,15.1573
16,64,1,128,15.798
16,64,1,256,17.1943
16,64,1,512,17.5783
16,64,1,1024,18.325
16,64,1,2048,19.3593
16,64,1,4096,20.6187
16,64,1,8192,22.6987
16,64,1,16384,30.902
16,64,1,32768,41.5563
16,64,2,16,14.8163
16,64,2,32,14.8053
16,64,2,64,14.6453
16,64,2,128,15.818
16,64,2,256,17.3227
16,64,2,512,17.6427
16,64,2,1024,18.3573
16,64,2,2048,19.926
16,64,2,4096,22.1977
16,64,2,8192,29.1733
16,64,2,16384,41.0347
16,64,2,32768,61.4613
16,64,4,16,14.88
16,64,4,32,15.0613
16,64,4,64,14.8053
16,64,4,128,15.9787
16,64,4,256,17.3977
16,64,4,512,18.656
16,64,4,1024,19.5413
16,64,4,2048,21.8027
16,64,4,4096,28.4697
16,64,4,8192,40
16,64,4,16384,61.5147
16,64,4,32768,103.562
16,64,8,16,14.923
16,64,8,32,14.9227
16,64,8,64,14.8373
16,64,8,128,16.832
16,64,8,256,17.589
16,64,8,512,19.7653
16,64,8,1024,21.8133
16,64,8,2048,27.744
16,64,8,4096,39.5093
16,64,8,8192,61.3863
16,64,8,16384,105.493
16,64,8,32768,190.997
16,64,16,16,15.1897
16,64,16,32,15.0607
16,64,16,64,15.147
16,64,16,128,16.9807
16,64,16,256,18.1223
16,64,16,512,22.102
16,64,16,1024,28.2987
16,64,16,2048,40.3413
16,64,16,4096,61.995
16,64,16,8192,104.576
16,64,16,16384,189.44
16,64,16,32768,359.008
16,64,32,16,15.4777
16,64,32,32,15.6163
16,64,32,64,15.5627
16,64,32,128,17.2257
16,64,32,256,19.6267
16,64,32,512,28.4907
16,64,32,1024,40.8323
16,64,32,2048,63.723
16,64,32,4096,106.081
16,64,32,8192,191.061
16,64,32,16384,360.288
16,64,32,32768,696.97
16,64,64,16,20.5433
16,64,64,32,20.5863
16,64,64,64,21.216
16,64,64,128,24.5653
16,64,64,256,28.1383
16,64,64,512,44.7153
16,64,64,1024,66.602
16,64,64,2048,108.331
16,64,64,4096,193.408
16,64,64,8192,362.187
16,64,64,16384,698.4
16,64,64,32768,1361.38
16,64,128,16,30.1973
16,64,128,32,30.5387
16,64,128,64,30.9343
16,64,128,128,36.789
16,64,128,256,45.8773
16,64,128,512,73.5357
16,64,128,1024,117.301
16,64,128,2048,199.414
16,64,128,4096,366.016
16,64,128,8192,694.217
16,64,128,16384,1359.63
16,64,128,32768,2695.69
16,128,0,0,16.1493
16,128,1,16,16.0423
16,128,1,32,16.342
16,128,1,64,16.2453
16,128,1,128,16.1493
16,128,1,256,17.1307
16,128,1,512,19.286
16,128,1,1024,18.5813
16,128,1,2048,19.0507
16,128,1,4096,20.5763
16,128,1,8192,22.8693
16,128,1,16384,30.7733
16,128,1,32768,41.44
16,128,2,16,16.043
16,128,2,32,15.9997
16,128,2,64,16.075
16,128,2,128,16.1387
16,128,2,256,17.1737
16,128,2,512,19.4027
16,128,2,1024,18.688
16,128,2,2048,19.637
16,128,2,4096,22.2613
16,128,2,8192,29.483
16,128,2,16384,40.2347
16,128,2,32768,61.728
16,128,4,16,16.0533
16,128,4,32,16.3207
16,128,4,64,16.1597
16,128,4,128,16.224
16,128,4,256,17.3337
16,128,4,512,20.6187
16,128,4,1024,19.6483
16,128,4,2048,22.1443
16,128,4,4096,28.0213
16,128,4,8192,40.6187
16,128,4,16384,62.6767
16,128,4,32768,105.088
16,128,8,16,16.32
16,128,8,32,16.256
16,128,8,64,16.2563
16,128,8,128,16.4157
16,128,8,256,17.5893
16,128,8,512,19.8077
16,128,8,1024,21.8133
16,128,8,2048,28.3303
16,128,8,4096,40.2453
16,128,8,8192,62.6137
16,128,8,16384,103.178
16,128,8,32768,189.931
16,128,16,16,16.512
16,128,16,32,16.5973
16,128,16,64,16.8427
16,128,16,128,16.4693
16,128,16,256,17.8987
16,128,16,512,22.1647
16,128,16,1024,28.2027
16,128,16,2048,40.4587
16,128,16,4096,61.77
16,128,16,8192,104.906
16,128,16,16384,189.973
16,128,16,32768,361.61
16,128,32,16,17.0027
16,128,32,32,16.8757
16,128,32,64,17.2803
16,128,32,128,17.1627
16,128,32,256,19.68
16,128,32,512,28.6823
16,128,32,1024,41.493
16,128,32,2048,63.9783
16,128,32,4096,106.112
16,128,32,8192,189.482
16,128,32,16384,359.722
16,128,32,32768,697.716
16,128,64,16,20.427
16,128,64,32,20.459
16,128,64,64,20.992
16,128,64,128,24.97
16,128,64,256,28.3093
16,128,64,512,44.245
16,128,64,1024,65.8557
16,128,64,2048,108.81
16,128,64,4096,191.627
16,128,64,8192,359.689
16,128,64,16384,700.042
16,128,64,32768,1364.14
16,128,128,16,30.2293
16,128,128,32,30.5067
16,128,128,64,31.3387
16,128,128,128,37.5043
16,128,128,256,45.7067
16,128,128,512,73.8133
16,128,128,1024,116.224
16,128,128,2048,199.37
16,128,128,4096,367.423
16,128,128,8192,696.917
16,128,128,16384,1363.23
16,128,128,32768,2693.87
16,256,0,0,17.5573
16,256,1,16,17.6103
16,256,1,32,17.6647
16,256,1,64,17.5997
16,256,1,128,17.5253
16,256,1,256,17.5787
16,256,1,512,19.904
16,256,1,1024,18.816
16,256,1,2048,19.6267
16,256,1,4096,21.963
16,256,1,8192,23.573
16,256,1,16384,30.368
16,256,1,32768,41.7487
16,256,2,16,17.8777
16,256,2,32,17.5787
16,256,2,64,17.5467
16,256,2,128,17.61
16,256,2,256,17.4507
16,256,2,512,19.9567
16,256,2,1024,18.837
16,256,2,2048,21.11
16,256,2,4096,23.1687
16,256,2,8192,28.746
16,256,2,16384,39.7867
16,256,2,32768,62.1857
16,256,4,16,17.451
16,256,4,32,17.4187
16,256,4,64,17.8347
16,256,4,128,17.781
16,256,4,256,17.5997
16,256,4,512,20.7793
16,256,4,1024,21.834
16,256,4,2048,22.3143
16,256,4,4096,28.8963
16,256,4,8192,39.8297
16,256,4,16384,62.3147
16,256,4,32768,105.685
16,256,8,16,17.7073
16,256,8,32,17.8237
16,256,8,64,17.856
16,256,8,128,17.824
16,256,8,256,17.7493
16,256,8,512,21.8347
16,256,8,1024,22.581
16,256,8,2048,28.9813
16,256,8,4096,39.8933
16,256,8,8192,61.952
16,256,8,16384,104.576
16,256,8,32768,189.482
16,256,16,16,17.996
16,256,16,32,17.8987
16,256,16,64,18.081
16,256,16,128,17.9947
16,256,16,256,18.133
16,256,16,512,22.464
16,256,16,1024,28.1393
16,256,16,2048,40.3627
16,256,16,4096,62.4753
16,256,16,8192,104.555
16,256,16,16384,192.224
16,256,16,32768,360.416
16,256,32,16,18.176
16,256,32,32,18.2933
16,256,32,64,18.4533
16,256,32,128,18.282
16,256,32,256,19.734
16,256,32,512,28.9817
16,256,32,1024,41.1837
16,256,32,2048,62.6243
16,256,32,4096,108.127
16,256,32,8192,189.28
16,256,32,16384,361.077
16,256,32,32768,696.768
16,256,64,16,20.4163
16,256,64,32,20.682
16,256,64,64,21.1733
16,256,64,128,24.5657
16,256,64,256,28.427
16,256,64,512,45.3763
16,256,64,1024,65.9523
16,256,64,2048,108.651
16,256,64,4096,193.942
16,256,64,8192,361.75
16,256,64,16384,693.215
16,256,64,32768,1367.19
16,256,128,16,30.261
16,256,128,32,30.219
16,256,128,64,30.8693
16,256,128,128,36.896
16,256,128,256,46.1667
16,256,128,512,75.1897
16,256,128,1024,116.31
16,256,128,2048,198.944
16,256,128,4096,367.019
16,256,128,8192,697.791
16,256,128,16384,1361.56
16,256,128,32768,2699.88
16,512,0,0,19.7657
16,512,1,16,19.9997
16,512,1,32,19.8183
16,512,1,64,20.043
16,512,1,128,20.053
16,512,1,256,19.9893
16,512,1,512,19.766
16,512,1,1024,19.4027
16,512,1,2048,19.253
16,512,1,4096,22.603
16,512,1,8192,24.864
16,512,1,16384,30.6667
16,512,1,32768,41.856
16,512,2,16,20.1707
16,512,2,32,20.3303
16,512,2,64,20.523
16,512,2,128,21.1517
16,512,2,256,20.2773
16,512,2,512,20.1817
16,512,2,1024,19.691
16,512,2,2048,21.8023
16,512,2,4096,24.48
16,512,2,8192,28.9383
16,512,2,16384,39.9787
16,512,2,32768,62.4
16,512,4,16,20.7463
16,512,4,32,20.576
16,512,4,64,20.597
16,512,4,128,20.2667
16,512,4,256,20.64
16,512,4,512,21.0993
16,512,4,1024,22.261
16,512,4,2048,24.5013
16,512,4,4096,28.928
16,512,4,8192,39.7013
16,512,4,16384,62.4103
16,512,4,32768,106.432
16,512,8,16,20.7567
16,512,8,32,20.512
16,512,8,64,20.7887
16,512,8,128,20.843
16,512,8,256,21.6747
16,512,8,512,21.6747
16,512,8,1024,24.6927
16,512,8,2048,28.8533
16,512,8,4096,39.5947
16,512,8,8192,62.8583
16,512,8,16384,103.936
16,512,8,32768,189.568
16,512,16,16,20.2873
16,512,16,32,20.5333
16,512,16,64,20.2773
16,512,16,128,21.0677
16,512,16,256,26.176
16,512,16,512,28.9813
16,512,16,1024,28.608
16,512,16,2048,40.7787
16,512,16,4096,62.3467
16,512,16,8192,105.13
16,512,16,16384,189.141
16,512,16,32768,359.819
16,512,32,16,24.181
16,512,32,32,24.0107
16,512,32,64,24.544
16,512,32,128,27.3283
16,512,32,256,32.1067
16,512,32,512,29.5683
16,512,32,1024,41.2913
16,512,32,2048,62.677
16,512,32,4096,105.835
16,512,32,8192,191.627
16,512,32,16384,362.368
16,512,32,32768,697.835
16,512,64,16,27.861
16,512,64,32,28.2023
16,512,64,64,28.4487
16,512,64,128,27.115
16,512,64,256,32.533
16,512,64,512,46.7197
16,512,64,1024,67.1683
16,512,64,2048,108.223
16,512,64,4096,192.565
16,512,64,8192,361.045
16,512,64,16384,697.908
16,512,64,32768,1358.11
16,512,128,16,35.872
16,512,128,32,35.7333
16,512,128,64,35.7013
16,512,128,128,43.4347
16,512,128,256,52.64
16,512,128,512,75.2313
16,512,128,1024,116.299
16,512,128,2048,199.765
16,512,128,4096,365.6
16,512,128,8192,697.866
16,512,128,16384,1364.34
16,512,128,32768,2697.68
16,1024,0,0,20.768
16,1024,1,16,20.853
16,1024,1,32,20.789
16,1024,1,64,20.715
16,1024,1,128,20.7043
16,1024,1,256,20.9283
16,1024,1,512,21.6857
16,1024,1,1024,20.6507
16,1024,1,2048,20.278
16,1024,1,4096,22.645
16,1024,1,8192,25.941
16,1024,1,16384,31.7653
16,1024,1,32768,41.5897
16,1024,2,16,20.96
16,1024,2,32,20.971
16,1024,2,64,21.056
16,1024,2,128,21.334
16,1024,2,256,21.3117
16,1024,2,512,21.3977
16,1024,2,1024,21.1627
16,1024,2,2048,22.3357
16,1024,2,4096,26.8803
16,1024,2,8192,29.5257
16,1024,2,16384,41.365
16,1024,2,32768,62.933
16,1024,4,16,21.2067
16,1024,4,32,21.5893
16,1024,4,64,21.494
16,1024,4,128,21.7387
16,1024,4,256,22.1557
16,1024,4,512,22.0473
16,1024,4,1024,22.08
16,1024,4,2048,24.8427
16,1024,4,4096,28.682
16,1024,4,8192,40.2987
16,1024,4,16384,62.2507
16,1024,4,32768,104.277
16,1024,8,16,21.8353
16,1024,8,32,21.3653
16,1024,8,64,21.579
16,1024,8,128,21.7387
16,1024,8,256,21.3867
16,1024,8,512,22.2187
16,1024,8,1024,25.4503
16,1024,8,2048,35.3173
16,1024,8,4096,40.3937
16,1024,8,8192,61.952
16,1024,8,16384,105.461
16,1024,8,32768,189.632
16,1024,16,16,21.0137
16,1024,16,32,20.7573
16,1024,16,64,20.9917
16,1024,16,128,21.4077
16,1024,16,256,26.2507
16,1024,16,512,30.7093
16,1024,16,1024,37.6423
16,1024,16,2048,41.1733
16,1024,16,4096,62.9333
16,1024,16,8192,105.066
16,1024,16,16384,190.976
16,1024,16,32768,361.28
16,1024,32,16,24.224
16,1024,32,32,24.5017
16,1024,32,64,24.8853
16,1024,32,128,27.36
16,1024,32,256,31.3607
16,1024,32,512,41.7493
16,1024,32,1024,41.4187
16,1024,32,2048,62.3893
16,1024,32,4096,105.717
16,1024,32,8192,190.421
16,1024,32,16384,362.24
16,1024,32,32768,698.837
16,1024,64,16,28.7673
16,1024,64,32,28.565
16,1024,64,64,29.4073
16,1024,64,128,33.163
16,1024,64,256,38.24
16,1024,64,512,46.8167
16,1024,64,1024,66.858
16,1024,64,2048,109.632
16,1024,64,4096,193.877
16,1024,64,8192,363.627
16,1024,64,16384,698.186
16,1024,64,32768,1372.32
16,1024,128,16,36.608
16,1024,128,32,36.2987
16,1024,128,64,36.235
16,1024,128,128,43.019
16,1024,128,256,52.885
16,1024,128,512,76.299
16,1024,128,1024,117.675
16,1024,128,2048,199.712
16,1024,128,4096,366.251
16,1024,128,8192,696.5
16,1024,128,16384,1366.86
16,1024,128,32768,2695.94
16,2048,0,0,21.44
16,2048,1,16,21.7387
16,2048,1,32,21.7173
16,2048,1,64,21.8347
16,2048,1,128,22.4747
16,2048,1,256,22.0373
16,2048,1,512,22.123
16,2048,1,1024,22.016
16,2048,1,2048,22.4637
16,2048,1,4096,22.9973
16,2048,1,8192,26.6557
16,2048,1,16384,31.8397
16,2048,1,32768,43.914
16,2048,2,16,21.9093
16,2048,2,32,21.9733
16,2048,2,64,22.431
16,2048,2,128,22.069
16,2048,2,256,22.293
16,2048,2,512,22.848
16,2048,2,1024,22.5067
16,2048,2,2048,23.744
16,2048,2,4096,26.3147
16,2048,2,8192,31.6363
16,2048,2,16384,42.2933
16,2048,2,32768,63.3497
16,2048,4,16,22.8267
16,2048,4,32,22.6127
16,2048,4,64,22.8807
16,2048,4,128,22.6773
16,2048,4,256,22.9863
16,2048,4,512,23.3813
16,2048,4,1024,24.7893
16,2048,4,2048,25.3333
16,2048,4,4096,30.1333
16,2048,4,8192,42.2297
16,2048,4,16384,62.4757
16,2048,4,32768,104.652
16,2048,8,16,22.804
16,2048,8,32,22.4113
16,2048,8,64,22.4423
16,2048,8,128,22.3893
16,2048,8,256,22.56
16,2048,8,512,24.0423
16,2048,8,1024,25.024
16,2048,8,2048,29.6
16,2048,8,4096,52.2667
16,2048,8,8192,62.2293
16,2048,8,16384,104.277
16,2048,8,32768,190.912
16,2048,16,16,21.7707
16,2048,16,32,22.2293
16,2048,16,64,22.1647
16,2048,16,128,22.0163
16,2048,16,256,23.008
16,2048,16,512,29.504
16,2048,16,1024,38.2077
16,2048,16,2048,55.6267
16,2048,16,4096,63.1143
16,2048,16,8192,104.437
16,2048,16,16384,190.411
16,2048,16,32768,361.023
16,2048,32,16,24.7573
16,2048,32,32,24.779
16,2048,32,64,24.971
16,2048,32,128,27.627
16,2048,32,256,31.3387
16,2048,32,512,41.216
16,2048,32,1024,59.0187
16,2048,32,2048,63.7333
16,2048,32,4096,106.453
16,2048,32,8192,190.901
16,2048,32,16384,361.216
16,2048,32,32768,696.831
16,2048,64,16,29.152
16,2048,64,32,29.3337
16,2048,64,64,29.7173
16,2048,64,128,34.6777
16,2048,64,256,41.4933
16,2048,64,512,53.536
16,2048,64,1024,68.0327
16,2048,64,2048,108.928
16,2048,64,4096,193.462
16,2048,64,8192,362.304
16,2048,64,16384,695.978
16,2048,64,32768,1367.6
16,2048,128,16,38.6557
16,2048,128,32,38.3363
16,2048,128,64,39.275
16,2048,128,128,47.1037
16,2048,128,256,56.608
16,2048,128,512,75.7227
16,2048,128,1024,118.111
16,2048,128,2048,201.6
16,2048,128,4096,365.397
16,2048,128,8192,697.493
16,2048,128,16384,1365.62
16,2048,128,32768,2697.95
16,4096,0,0,23.69
16,4096,1,16,24.0107
16,4096,1,32,23.7653
16,4096,1,64,24.0957
16,4096,1,128,23.9573
16,4096,1,256,23.9463
16,4096,1,512,24.2457
16,4096,1,1024,23.819
16,4096,1,2048,23.1787
16,4096,1,4096,25.7497
16,4096,1,8192,27.744
16,4096,1,16384,32.0853
16,4096,1,32768,44.9283
16,4096,2,16,23.488
16,4096,2,32,23.1897
16,4096,2,64,23.456
16,4096,2,128,24.1817
16,4096,2,256,23.6807
16,4096,2,512,23.776
16,4096,2,1024,23.456
16,4096,2,2048,25.152
16,4096,2,4096,26.8903
16,4096,2,8192,33.6217
16,4096,2,16384,43.296
16,4096,2,32768,64.704
16,4096,4,16,24.331
16,4096,4,32,24.8427
16,4096,4,64,24.074
16,4096,4,128,24.7577
16,4096,4,256,25.046
16,4096,4,512,25.451
16,4096,4,1024,25.472
16,4096,4,2048,28.0423
16,4096,4,4096,31.04
16,4096,4,8192,43.8717
16,4096,4,16384,65.579
16,4096,4,32768,106.72
16,4096,8,16,23.712
16,4096,8,32,23.6803
16,4096,8,64,23.7867
16,4096,8,128,24.0747
16,4096,8,256,24.118
16,4096,8,512,24.9493
16,4096,8,1024,27.904
16,4096,8,2048,32.1177
16,4096,8,4096,53.2907
16,4096,8,8192,84.267
16,4096,8,16384,105.419
16,4096,8,32768,190.986
16,4096,16,16,23.5733
16,4096,16,32,23.776
16,4096,16,64,23.8607
16,4096,16,128,24.2027
16,4096,16,256,25.995
16,4096,16,512,30.3047
16,4096,16,1024,39.307
16,4096,16,2048,56.619
16,4096,16,4096,88.4693
16,4096,16,8192,105.867
16,4096,16,16384,191.584
16,4096,16,32768,360.694
16,4096,32,16,24.9703
16,4096,32,32,25.024
16,4096,32,64,25.674
16,4096,32,128,28.694
16,4096,32,256,32.1177
16,4096,32,512,42.2827
16,4096,32,1024,57.7597
16,4096,32,2048,91.6693
16,4096,32,4096,106.539
16,4096,32,8192,192.384
16,4096,32,16384,361.622
16,4096,32,32768,700.127
16,4096,64,16,30.9227
16,4096,64,32,31.0817
16,4096,64,64,31.4877
16,4096,64,128,36.3733
16,4096,64,256,42.3363
16,4096,64,512,57.0453
16,4096,64,1024,81.3867
16,4096,64,2048,110.379
16,4096,64,4096,194.816
16,4096,64,8192,362.251
16,4096,64,16384,699.722
16,4096,64,32768,1375.58
16,4096,128,16,38.8903
16,4096,128,32,39.072
16,4096,128,64,39.818
16,4096,128,128,48.8427
16,4096,128,256,59.9573
16,4096,128,512,85.0777
16,4096,128,1024,119.776
16,4096,128,2048,202.741
16,4096,128,4096,369.973
16,4096,128,8192,698.527
16,4096,128,16384,1367.91
16,4096,128,32768,2697.99
16,8192,0,0,25.9947
16,8192,1,16,26.2293
16,8192,1,32,26.6563
16,8192,1,64,26.5277
16,8192,1,128,27.4133
16,8192,1,256,26.9653
16,8192,1,512,27.3493
16,8192,1,1024,27.4983
16,8192,1,2048,28.4053
16,8192,1,4096,28.672
16,8192,1,8192,30.688
16,8192,1,16384,35.3497
16,8192,1,32768,46.688
16,8192,2,16,28.0423
16,8192,2,32,27.8187
16,8192,2,64,26.731
16,8192,2,128,27.926
16,8192,2,256,27.8613
16,8192,2,512,27.7867
16,8192,2,1024,29.056
16,8192,2,2048,29.0877
16,8192,2,4096,31.6687
16,8192,2,8192,36.6507
16,8192,2,16384,46.624
16,8192,2,32768,67.402
16,8192,4,16,27.158
16,8192,4,32,27.4453
16,8192,4,64,26.8377
16,8192,4,128,27.7857
16,8192,4,256,27.4237
16,8192,4,512,29.3653
16,8192,4,1024,28.5337
16,8192,4,2048,32.448
16,8192,4,4096,35.4987
16,8192,4,8192,45.7917
16,8192,4,16384,66.571
16,8192,4,32768,110.176
16,8192,8,16,26.7197
16,8192,8,32,26.4
16,8192,8,64,26.71
16,8192,8,128,27.638
16,8192,8,256,27.4987
16,8192,8,512,28.266
16,8192,8,1024,31.424
16,8192,8,2048,43.0497
16,8192,8,4096,45.76
16,8192,8,8192,87.0613
16,8192,8,16384,153.493
16,8192,8,32768,192.383
16,8192,16,16,27.3177
16,8192,16,32,27.5947
16,8192,16,64,27.552
16,8192,16,128,27.0613
16,8192,16,256,27.9253
16,8192,16,512,30.7093
16,8192,16,1024,39.786
16,8192,16,2048,56.2347
16,8192,16,4096,89.2157
16,8192,16,8192,155.807
16,8192,16,16384,192.683
16,8192,16,32768,364.053
16,8192,32,16,27.6587
16,8192,32,32,27.4337
16,8192,32,64,28.2987
16,8192,32,128,29.4083
16,8192,32,256,32.4373
16,8192,32,512,41.12
16,8192,32,1024,58.965
16,8192,32,2048,91.403
16,8192,32,4096,157.547
16,8192,32,8192,193.728
16,8192,32,16384,365.066
16,8192,32,32768,699.147
16,8192,64,16,33.3007
16,8192,64,32,33.6853
16,8192,64,64,33.856
16,8192,64,128,36.5973
16,8192,64,256,42.9333
16,8192,64,512,57.333
16,8192,64,1024,85.0667
16,8192,64,2048,135.402
16,8192,64,4096,197.899
16,8192,64,8192,363.935
16,8192,64,16384,700.916
16,8192,64,32768,1379.53
16,8192,128,16,41.0233
16,8192,128,32,41.024
16,8192,128,64,41.8883
16,8192,128,128,49.3547
16,8192,128,256,60.938
16,8192,128,512,85.8457
16,8192,128,1024,134.133
16,8192,128,2048,205.174
16,8192,128,4096,371.435
16,8192,128,8192,702.613
16,8192,128,16384,1368.36
16,8192,128,32768,2707.61
16,16384,0,0,34.72
16,16384,1,16,34.229
16,16384,1,32,34.453
16,16384,1,64,34.304
16,16384,1,128,34.0263
16,16384,1,256,34.859
16,16384,1,512,34.6773
16,16384,1,1024,35.1253
16,16384,1,2048,34.7627
16,16384,1,4096,35.136
16,16384,1,8192,36.3733
16,16384,1,16384,40.9067
16,16384,1,32768,51.6057
16,16384,2,16,33.5897
16,16384,2,32,33.344
16,16384,2,64,33.355
16,16384,2,128,33.9523
16,16384,2,256,33.9947
16,16384,2,512,34.24
16,16384,2,1024,34.689
16,16384,2,2048,35.168
16,16384,2,4096,37.931
16,16384,2,8192,42.4423
16,16384,2,16384,52.672
16,16384,2,32768,75.3067
16,16384,4,16,35.4773
16,16384,4,32,34.6877
16,16384,4,64,34.496
16,16384,4,128,35.072
16,16384,4,256,35.2107
16,16384,4,512,35.285
16,16384,4,1024,36.3087
16,16384,4,2048,37.974
16,16384,4,4096,42.0577
16,16384,4,8192,50.678
16,16384,4,16384,72.5337
16,16384,4,32768,114.282
16,16384,8,16,34.5497
16,16384,8,32,34.261
16,16384,8,64,34.8163
16,16384,8,128,34.037
16,16384,8,256,33.995
16,16384,8,512,35.8933
16,16384,8,1024,41.0243
16,16384,8,2048,42.549
16,16384,8,4096,67.019
16,16384,8,8192,72.896
16,16384,8,16384,153.932
16,16384,8,32768,287.648
16,16384,16,16,36
16,16384,16,32,35.232
16,16384,16,64,34.197
16,16384,16,128,33.6533
16,16384,16,256,36.9283
16,16384,16,512,42.2187
16,16384,16,1024,43.168
16,16384,16,2048,57.4397
16,16384,16,4096,90.1333
16,16384,16,8192,156.757
16,16384,16,16384,291.499
16,16384,16,32768,366.581
16,16384,32,16,32.9287
16,16384,32,32,34.325
16,16384,32,64,33.408
16,16384,32,128,37.152
16,16384,32,256,37.792
16,16384,32,512,43.8293
16,16384,32,1024,59.5523
16,16384,32,2048,91.7443
16,16384,32,4096,159.209
16,16384,32,8192,292.715
16,16384,32,16384,366.346
16,16384,32,32768,704.086
16,16384,64,16,38.7203
16,16384,64,32,38.7417
16,16384,64,64,39.968
16,16384,64,128,43.9887
16,16384,64,256,45.7067
16,16384,64,512,58.1327
16,16384,64,1024,86.293
16,16384,64,2048,138.453
16,16384,64,4096,245.568
16,16384,64,8192,369.844
16,16384,64,16384,706.742
16,16384,64,32768,1377.53
16,16384,128,16,46.9217
16,16384,128,32,47.318
16,16384,128,64,48.3413
16,16384,128,128,56.8747
16,16384,128,256,64.704
16,16384,128,512,87.5947
16,16384,128,1024,135.157
16,16384,128,2048,230.325
16,16384,128,4096,375.926
16,16384,128,8192,706.294
16,16384,128,16384,1371.72
16,16384,128,32768,2703.99
16,32768,0,0,44.7257
16,32768,1,16,44.2343
16,32768,1,32,43.8503
16,32768,1,64,44.6403
16,32768,1,128,44.8213
16,32768,1,256,44.2667
16,32768,1,512,44.6187
16,32768,1,1024,44.811
16,32768,1,2048,45.472
16,32768,1,4096,47.0613
16,32768,1,8192,48.7247
16,32768,1,16384,53.4293
16,32768,1,32768,64.619
16,32768,2,16,44.8317
16,32768,2,32,44.949
16,32768,2,64,44.8213
16,32768,2,128,44.426
16,32768,2,256,44.2777
16,32768,2,512,44.864
16,32768,2,1024,47.265
16,32768,2,2048,47.2217
16,32768,2,4096,49.8133
16,32768,2,8192,53.8987
16,32768,2,16384,65.2483
16,32768,2,32768,84.757
16,32768,4,16,45.024
16,32768,4,32,45.6753
16,32768,4,64,45.856
16,32768,4,128,45.526
16,32768,4,256,45.2373
16,32768,4,512,46.3997
16,32768,4,1024,48.2987
16,32768,4,2048,50.2183
16,32768,4,4096,55.37
16,32768,4,8192,65.77
16,32768,4,16384,85.2793
16,32768,4,32768,127.296
16,32768,8,16,44.971
16,32768,8,32,45.0343
16,32768,8,64,45.5573
16,32768,8,128,45.7277
16,32768,8,256,45.546
16,32768,8,512,47.1897
16,32768,8,1024,49.5363
16,32768,8,2048,57.2373
16,32768,8,4096,65.3867
16,32768,8,8192,111.477
16,32768,8,16384,126.901
16,32768,8,32768,286.752
16,32768,16,16,44.8643
16,32768,16,32,44.5547
16,32768,16,64,45.717
16,32768,16,128,45.5467
16,32768,16,256,47.0613
16,32768,16,512,47.7117
16,32768,16,1024,58.5067
16,32768,16,2048,64.5867
16,32768,16,4096,92.8853
16,32768,16,8192,157.995
16,32768,16,16384,291.861
16,32768,16,32768,558.677
16,32768,32,16,48.182
16,32768,32,32,48.5433
16,32768,32,64,48.4267
16,32768,32,128,47.7973
16,32768,32,256,48.907
16,32768,32,512,59.2533
16,32768,32,1024,65.3223
16,32768,32,2048,93.8773
16,32768,32,4096,159.979
16,32768,32,8192,293.739
16,32768,32,16384,561.291
16,32768,32,32768,709.824
16,32768,64,16,49.8457
16,32768,64,32,50.5707
16,32768,64,64,51.371
16,32768,64,128,54.6023
16,32768,64,256,59.744
16,32768,64,512,73.2907
16,32768,64,1024,88.0527
16,32768,64,2048,140.928
16,32768,64,4096,247.605
16,32768,64,8192,464.053
16,32768,64,16384,716.277
16,32768,64,32768,1385.44
16,32768,128,16,55.446
16,32768,128,32,56.0747
16,32768,128,64,58.3677
16,32768,128,128,64.2237
16,32768,128,256,74.688
16,32768,128,512,97.5793
16,32768,128,1024,139.36
16,32768,128,2048,233.088
16,32768,128,4096,424.288
16,32768,128,8192,720.662
16,32768,128,16384,1381.01
16,32768,128,32768,2713.07
32,0,0,0,14.8797
32,0,1,16,14.6987
32,0,1,32,14.7423
32,0,1,64,14.9973
32,0,1,128,15.574
32,0,1,256,17.163
32,0,1,512,17.8343
32,0,1,1024,18.6887
32,0,1,2048,19.0623
32,0,1,4096,21.44
32,0,1,8192,24.832
32,0,1,16384,31.968
32,0,1,32768,46.6667
32,0,2,16,14.6667
32,0,2,32,15.05
32,0,2,64,14.6133
32,0,2,128,15.9143
32,0,2,256,17.194
32,0,2,512,17.7173
32,0,2,1024,18.9867
32,0,2,2048,20.448
32,0,2,4096,22.3253
32,0,2,8192,29.1093
32,0,2,16384,41.3227
32,0,2,32768,62.0377
32,0,4,16,15.2643
32,0,4,32,15.0933
32,0,4,64,14.891
32,0,4,128,16.5337
32,0,4,256,17.3543
32,0,4,512,18.4747
32,0,4,1024,19.798
32,0,4,2048,21.6423
32,0,4,4096,27.9253
32,0,4,8192,42.1757
32,0,4,16384,62.3143
32,0,4,32768,104.427
32,0,8,16,14.912
32,0,8,32,15.264
32,0,8,64,14.9757
32,0,8,128,16.608
32,0,8,256,17.8987
32,0,8,512,19.4877
32,0,8,1024,22.0053
32,0,8,2048,31.8187
32,0,8,4096,43.4453
32,0,8,8192,63.488
32,0,8,16384,105.013
32,0,8,32768,190.347
32,0,16,16,15.2533
32,0,16,32,15.5093
32,0,16,64,15.04
32,0,16,128,17.024
32,0,16,256,18.197
32,0,16,512,26.9117
32,0,16,1024,32.3947
32,0,16,2048,43.5197
32,0,16,4096,62.048
32,0,16,8192,103.851
32,0,16,16384,189.087
32,0,16,32768,359.381
32,0,32,16,19.6053
32,0,32,32,19.776
32,0,32,64,19.9677
32,0,32,128,22.325
32,0,32,256,25.28
32,0,32,512,33.6967
32,0,32,1024,46.912
32,0,32,2048,67.1257
32,0,32,4096,107.008
32,0,32,8192,191.104
32,0,32,16384,362.709
32,0,32,32768,697.813
32,0,64,16,20.768
32,0,64,32,20.6717
32,0,64,64,21.259
32,0,64,128,24.3733
32,0,64,256,28.405
32,0,64,512,45.0987
32,0,64,1024,65.728
32,0,64,2048,109.452
32,0,64,4096,193.407
32,0,64,8192,362.379
32,0,64,16384,702.143
32,0,64,32768,1372.22
32,0,128,16,30.3043
32,0,128,32,30.251
32,0,128,64,31.1683
32,0,128,128,36.64
32,0,128,256,46.3047
32,0,128,512,72.8213
32,0,128,1024,115.957
32,0,128,2048,199.296
32,0,128,4096,364.32
32,0,128,8192,697.056
32,0,128,16384,1363.31
32,0,128,32768,2694.62
32,16,0,0,14.6987
32,16,1,16,14.7843
32,16,1,32,14.8687
32,16,1,64,14.8693
32,16,1,128,15.6053
32,16,1,256,17.2267
32,16,1,512,17.8137
32,16,1,1024,18.624
32,16,1,2048,19.2003
32,16,1,4096,21.2907
32,16,1,8192,24.8747
32,16,1,16384,31.7867
32,16,1,32768,46.9237
32,16,2,16,14.5917
32,16,2,32,14.7627
32,16,2,64,15.2
32,16,2,128,16.011
32,16,2,256,17.301
32,16,2,512,18.1013
32,16,2,1024,19.0933
32,16,2,2048,20.0733
32,16,2,4096,22.101
32,16,2,8192,29.2483
32,16,2,16384,40.405
32,16,2,32768,62.41
32,16,4,16,14.7093
32,16,4,32,14.784
32,16,4,64,15.0613
32,16,4,128,16.523
32,16,4,256,17.7917
32,16,4,512,18.5067
32,16,4,1024,19.488
32,16,4,2048,21.248
32,16,4,4096,28.5223
32,16,4,8192,43.1463
32,16,4,16384,62.8693
32,16,4,32768,104.49
32,16,8,16,14.8687
32,16,8,32,15.264
32,16,8,64,15.0937
32,16,8,128,16.6083
32,16,8,256,17.76
32,16,8,512,19.8613
32,16,8,1024,21.6747
32,16,8,2048,32.1603
32,16,8,4096,43.1787
32,16,8,8192,62.8587
32,16,8,16384,104.522
32,16,8,32768,190.731
32,16,16,16,15.1363
32,16,16,32,15.2423
32,16,16,64,15.5507
32,16,16,128,16.917
32,16,16,256,18.0693
32,16,16,512,26.912
32,16,16,1024,31.3173
32,16,16,2048,42.4537
32,16,16,4096,62.347
32,16,16,8192,104.896
32,16,16,16384,188.757
32,16,16,32768,358.463
32,16,32,16,19.8827
32,16,32,32,19.979
32,16,32,64,20.0857
32,16,32,128,22.261
32,16,32,256,25.4403
32,16,32,512,33.8347
32,16,32,1024,46.3677
32,16,32,2048,65.0663
32,16,32,4096,106.357
32,16,32,8192,189.963
32,16,32,16384,364.192
32,16,32,32768,697.674
32,16,64,16,20.6187
32,16,64,32,20.758
32,16,64,64,21.0347
32,16,64,128,24.8317
32,16,64,256,28.725
32,16,64,512,45.5467
32,16,64,1024,66.7733
32,16,64,2048,108.917
32,16,64,4096,193.984
32,16,64,8192,362.752
32,16,64,16384,697.28
32,16,64,32768,1377.38
32,16,128,16,30.4963
32,16,128,32,30.1653
32,16,128,64,31.1893
32,16,128,128,37.163
32,16,128,256,46.7843
32,16,128,512,74.3887
32,16,128,1024,116
32,16,128,2048,199.594
32,16,128,4096,365.909
32,16,128,8192,696.234
32,16,128,16384,1358.17
32,16,128,32768,2695
32,32,0,0,14.7953
32,32,1,16,14.6877
32,32,1,32,14.934
32,32,1,64,14.7413
32,32,1,128,15.744
32,32,1,256,17.3337
32,32,1,512,17.8457
32,32,1,1024,18.645
32,32,1,2048,19.189
32,32,1,4096,21.3973
32,32,1,8192,24.9603
32,32,1,16384,32.16
32,32,1,32768,47.1253
32,32,2,16,14.7517
32,32,2,32,14.8587
32,32,2,64,14.816
32,32,2,128,15.8833
32,32,2,256,17.3547
32,32,2,512,18.0797
32,32,2,1024,18.9977
32,32,2,2048,20.0747
32,32,2,4096,22.0903
32,32,2,8192,29.344
32,32,2,16384,41.3543
32,32,2,32768,62.3793
32,32,4,16,15.1257
32,32,4,32,14.965
32,32,4,64,14.901
32,32,4,128,16.3843
32,32,4,256,17.7707
32,32,4,512,18.4103
32,32,4,1024,19.6907
32,32,4,2048,21.6107
32,32,4,4096,28.4593
32,32,4,8192,43.2853
32,32,4,16384,62.5597
32,32,4,32768,106.496
32,32,8,16,15.2857
32,32,8,32,15.328
32,32,8,64,15.009
32,32,8,128,16.7467
32,32,8,256,17.9733
32,32,8,512,19.776
32,32,8,1024,21.6847
32,32,8,2048,32.3203
32,32,8,4096,43.2213
32,32,8,8192,63.2103
32,32,8,16384,106.251
32,32,8,32768,189.632
32,32,16,16,15.1883
32,32,16,32,15.0827
32,32,16,64,15.2747
32,32,16,128,16.939
32,32,16,256,17.728
32,32,16,512,26.944
32,32,16,1024,30.826
32,32,16,2048,43.253
32,32,16,4096,62.7523
32,32,16,8192,105.131
32,32,16,16384,189.728
32,32,16,32768,360.96
32,32,32,16,19.8513
32,32,32,32,19.9253
32,32,32,64,20.107
32,32,32,128,22.4743
32,32,32,256,25.3547
32,32,32,512,33.8453
32,32,32,1024,46.1227
32,32,32,2048,65.3443
32,32,32,4096,105.835
32,32,32,8192,190.677
32,32,32,16384,360.245
32,32,32,32768,697.994
32,32,64,16,20.5437
32,32,64,32,20.6827
32,32,64,64,21.1517
32,32,64,128,24.5217
32,32,64,256,28.363
32,32,64,512,45.9207
32,32,64,1024,66.6767
32,32,64,2048,108.843
32,32,64,4096,192.288
32,32,64,8192,363.147
32,32,64,16384,699.68
32,32,64,32768,1374.08
32,32,128,16,30.4427
32,32,128,32,30.197
32,32,128,64,31.2217
32,32,128,128,37.3227
32,32,128,256,45.7383
32,32,128,512,72.896
32,32,128,1024,115.627
32,32,128,2048,199.989
32,32,128,4096,366.24
32,32,128,8192,695.243
32,32,128,16384,1361.97
32,32,128,32768,2694.6
32,64,0,0,14.8157
32,64,1,16,14.816
32,64,1,32,14.8487
32,64,1,64,14.6773
32,64,1,128,15.7763
32,64,1,256,17.1947
32,64,1,512,17.8133
32,64,1,1024,18.4747
32,64,1,2048,18.9973
32,64,1,4096,21.568
32,64,1,8192,25.216
32,64,1,16384,31.765
32,64,1,32768,46.7093
32,64,2,16,15.0497
32,64,2,32,14.7733
32,64,2,64,14.6777
32,64,2,128,15.8827
32,64,2,256,17.6003
32,64,2,512,17.952
32,64,2,1024,18.784
32,64,2,2048,19.7967
32,64,2,4096,22.1973
32,64,2,8192,29.408
32,64,2,16384,40.3737
32,64,2,32768,62.4747
32,64,4,16,14.9653
32,64,4,32,15.0187
32,64,4,64,15.1893
32,64,4,128,16.3947
32,64,4,256,17.5893
32,64,4,512,18.3573
32,64,4,1024,19.5843
32,64,4,2048,21.6743
32,64,4,4096,28.4803
32,64,4,8192,42.6663
32,64,4,16384,62.1117
32,64,4,32768,105.706
32,64,8,16,15.1793
32,64,8,32,15.2313
32,64,8,64,15.1893
32,64,8,128,16.6823
32,64,8,256,17.867
32,64,8,512,19.7017
32,64,8,1024,21.8773
32,64,8,2048,31.3917
32,64,8,4096,43.307
32,64,8,8192,64.4267
32,64,8,16384,105.674
32,64,8,32768,188.757
32,64,16,16,15.253
32,64,16,32,15.3067
32,64,16,64,15.1683
32,64,16,128,16.8967
32,64,16,256,17.952
32,64,16,512,27.5733
32,64,16,1024,31.4663
32,64,16,2048,42.9547
32,64,16,4096,63.1783
32,64,16,8192,104.139
32,64,16,16384,190.155
32,64,16,32768,360.224
32,64,32,16,19.9783
32,64,32,32,19.957
32,64,32,64,20.0537
32,64,32,128,22.5067
32,64,32,256,25.4187
32,64,32,512,33.4073
32,64,32,1024,45.813
32,64,32,2048,67.0927
32,64,32,4096,105.334
32,64,32,8192,190.57
32,64,32,16384,361.707
32,64,32,32768,698.719
32,64,64,16,20.7257
32,64,64,32,20.8107
32,64,64,64,21.0777
32,64,64,128,24.6507
32,64,64,256,28.5227
32,64,64,512,45.1627
32,64,64,1024,66.752
32,64,64,2048,109.835
32,64,64,4096,193.13
32,64,64,8192,362.389
32,64,64,16384,695.221
32,64,64,32768,1362.44
32,64,128,16,30.3153
32,64,128,32,30.528
32,64,128,64,31.264
32,64,128,128,36.875
32,64,128,256,45.8227
32,64,128,512,73.28
32,64,128,1024,116.139
32,64,128,2048,199.392
32,64,128,4096,367.531
32,64,128,8192,695.968
32,64,128,16384,1362.66
32,64,128,32768,2692.46
32,128,0,0,16.3733
32,128,1,16,16.1493
32,128,1,32,16.3943
32,128,1,64,16.5867
32,128,1,128,16.1283
32,128,1,256,17.024
32,128,1,512,20.576
32,128,1,1024,19.0077
32,128,1,2048,19.6807
32,128,1,4096,21.248
32,128,1,8192,25.216
32,128,1,16384,31.5307
32,128,1,32768,46.283
32,128,2,16,16.342
32,128,2,32,16.2453
32,128,2,64,16.3307
32,128,2,128,16.4163
32,128,2,256,17.173
32,128,2,512,20.2133
32,128,2,1024,19.7547
32,128,2,2048,20.0637
32,128,2,4096,22.6767
32,128,2,8192,29.0663
32,128,2,16384,40.405
32,128,2,32768,61.9947
32,128,4,16,16.2243
32,128,4,32,16.043
32,128,4,64,16.3417
32,128,4,128,16.2773
32,128,4,256,17.504
32,128,4,512,20.672
32,128,4,1024,19.915
32,128,4,2048,21.8237
32,128,4,4096,28.256
32,128,4,8192,45.77
32,128,4,16384,65.589
32,128,4,32768,105.845
32,128,8,16,16.3847
32,128,8,32,16.5443
32,128,8,64,16.5977
32,128,8,128,16.7253
32,128,8,256,17.7707
32,128,8,512,19.7227
32,128,8,1024,22.1863
32,128,8,2048,34.282
32,128,8,4096,45.3013
32,128,8,8192,67.3923
32,128,8,16384,107.03
32,128,8,32768,190.57
32,128,16,16,16.512
32,128,16,32,16.6507
32,128,16,64,16.63
32,128,16,128,16.6933
32,128,16,256,17.9097
32,128,16,512,28.8327
32,128,16,1024,34.432
32,128,16,2048,45.7387
32,128,16,4096,65.4827
32,128,16,8192,105.323
32,128,16,16384,189.45
32,128,16,32768,358.911
32,128,32,16,19.9353
32,128,32,32,19.872
32,128,32,64,20.106
32,128,32,128,23.6797
32,128,32,256,26.9643
32,128,32,512,36.0213
32,128,32,1024,47.563
32,128,32,2048,68.3087
32,128,32,4096,108.949
32,128,32,8192,192.448
32,128,32,16384,359.786
32,128,32,32768,701.525
32,128,64,16,22.336
32,128,64,32,22.2617
32,128,64,64,22.7737
32,128,64,128,24.8747
32,128,64,256,28.6187
32,128,64,512,46.1013
32,128,64,1024,67.04
32,128,64,2048,109.183
32,128,64,4096,194.4
32,128,64,8192,362.571
32,128,64,16384,701.087
32,128,64,32768,1373.26
32,128,128,16,30.5177
32,128,128,32,30.698
32,128,128,64,31.2
32,128,128,128,37.3123
32,128,128,256,46.4213
32,128,128,512,73.9733
32,128,128,1024,115.616
32,128,128,2048,200.235
32,128,128,4096,366.442
32,128,128,8192,696.608
32,128,128,16384,1365.39
32,128,128,32768,2698.15
32,256,0,0,17.7923
32,256,1,16,17.9513
32,256,1,32,17.792
32,256,1,64,17.9633
32,256,1,128,17.717
32,256,1,256,17.7287
32,256,1,512,20.352
32,256,1,1024,18.8693
32,256,1,2048,19.6587
32,256,1,4096,21.3863
32,256,1,8192,24.8747
32,256,1,16384,31.872
32,256,1,32768,46.378
32,256,2,16,17.9097
32,256,2,32,17.8663
32,256,2,64,17.824
32,256,2,128,17.5787
32,256,2,256,17.8453
32,256,2,512,20.2023
32,256,2,1024,19.6587
32,256,2,2048,22.2617
32,256,2,4096,23.3813
32,256,2,8192,29.3333
32,256,2,16384,40.7253
32,256,2,32768,62.2827
32,256,4,16,17.664
32,256,4,32,17.6533
32,256,4,64,17.6853
32,256,4,128,17.5033
32,256,4,256,17.7173
32,256,4,512,21.5787
32,256,4,1024,21.6643
32,256,4,2048,22.5387
32,256,4,4096,28.2133
32,256,4,8192,46.603
32,256,4,16384,67.371
32,256,4,32768,107.552
32,256,8,16,18.0257
32,256,8,32,17.866
32,256,8,64,17.6643
32,256,8,128,17.824
32,256,8,256,18.079
32,256,8,512,22.432
32,256,8,1024,24.16
32,256,8,2048,35.6903
32,256,8,4096,47.8397
32,256,8,8192,69.6967
32,256,8,16384,108.992
32,256,8,32768,191.722
32,256,16,16,17.8133
32,256,16,32,17.8133
32,256,16,64,18.0593
32,256,16,128,18.016
32,256,16,256,18.1227
32,256,16,512,28.9813
32,256,16,1024,36.6933
32,256,16,2048,47.9253
32,256,16,4096,68.7247
32,256,16,8192,108.949
32,256,16,16384,190.091
32,256,16,32768,360.16
32,256,32,16,19.9577
32,256,32,32,19.9783
32,256,32,64,19.9147
32,256,32,128,23.0407
32,256,32,256,27.3173
32,256,32,512,37.728
32,256,32,1024,48.32
32,256,32,2048,70.5073
32,256,32,4096,112.341
32,256,32,8192,191.51
32,256,32,16384,360.266
32,256,32,32768,699.967
32,256,64,16,23.5097
32,256,64,32,23.7867
32,256,64,64,24.1063
32,256,64,128,26.816
32,256,64,256,28.6293
32,256,64,512,45.0773
32,256,64,1024,67.328
32,256,64,2048,108.448
32,256,64,4096,194.538
32,256,64,8192,363.53
32,256,64,16384,701.334
32,256,64,32768,1367.8
32,256,128,16,30.613
32,256,128,32,30.5387
32,256,128,64,31.1997
32,256,128,128,36.9387
32,256,128,256,45.856
32,256,128,512,75.4453
32,256,128,1024,116.533
32,256,128,2048,198.39
32,256,128,4096,366.048
32,256,128,8192,696.384
32,256,128,16384,1358.58
32,256,128,32768,2688.99
32,512,0,0,20.736
32,512,1,16,20.8743
32,512,1,32,20.5227
32,512,1,64,20.939
32,512,1,128,20.9063
32,512,1,256,20.2453
32,512,1,512,20.9487
32,512,1,1024,19.9047
32,512,1,2048,20.0427
32,512,1,4096,21.9413
32,512,1,8192,25.0777
32,512,1,16384,31.5937
32,512,1,32768,46.5707
32,512,2,16,20.7253
32,512,2,32,20.874
32,512,2,64,20.5333
32,512,2,128,20.885
32,512,2,256,20.6613
32,512,2,512,20.736
32,512,2,1024,20.1913
32,512,2,2048,22.2187
32,512,2,4096,24.7573
32,512,2,8192,29.5147
32,512,2,16384,41.4393
32,512,2,32768,62.3147
32,512,4,16,20.6293
32,512,4,32,20.576
32,512,4,64,21.088
32,512,4,128,21.0453
32,512,4,256,21.2697
32,512,4,512,23.157
32,512,4,1024,22.539
32,512,4,2048,25.2907
32,512,4,4096,29.035
32,512,4,8192,46.7733
32,512,4,16384,71.7973
32,512,4,32768,113.739
32,512,8,16,21.2693
32,512,8,32,21.8773
32,512,8,64,22.0907
32,512,8,128,22.357
32,512,8,256,21.835
32,512,8,512,22.496
32,512,8,1024,24.7573
32,512,8,2048,34.709
32,512,8,4096,51.2533
32,512,8,8192,72.8537
32,512,8,16384,115.424
32,512,8,32768,195.979
32,512,16,16,21.1733
32,512,16,32,22.0693
32,512,16,64,22.336
32,512,16,128,21.5357
32,512,16,256,26.2723
32,512,16,512,30.2403
32,512,16,1024,37.2803
32,512,16,2048,52.7357
32,512,16,4096,71.4027
32,512,16,8192,113.248
32,512,16,16384,193.227
32,512,16,32768,361.291
32,512,32,16,24.4037
32,512,32,32,24.491
32,512,32,64,25.12
32,512,32,128,27.733
32,512,32,256,31.4133
32,512,32,512,40.202
32,512,32,1024,53.3757
32,512,32,2048,73.8667
32,512,32,4096,115.243
32,512,32,8192,194.229
32,512,32,16384,362.912
32,512,32,32768,698.976
32,512,64,16,28.491
32,512,64,32,28.416
32,512,64,64,28.9607
32,512,64,128,31.2853
32,512,64,256,36.757
32,512,64,512,45.2377
32,512,64,1024,67.0617
32,512,64,2048,108.864
32,512,64,4096,192.875
32,512,64,8192,364.192
32,512,64,16384,704.117
32,512,64,32768,1376.73
32,512,128,16,36.96
32,512,128,32,36.9067
32,512,128,64,37.0447
32,512,128,128,43.1143
32,512,128,256,52.8747
32,512,128,512,75.9467
32,512,128,1024,117.205
32,512,128,2048,198.88
32,512,128,4096,365.568
32,512,128,8192,698.048
32,512,128,16384,1361.89
32,512,128,32768,2690.96
32,1024,0,0,22.453
32,1024,1,16,21.7813
32,1024,1,32,21.621
32,1024,1,64,21.9093
32,1024,1,128,21.5037
32,1024,1,256,21.7387
32,1024,1,512,21.9417
32,1024,1,1024,21.8343
32,1024,1,2048,22.5707
32,1024,1,4096,22.0907
32,1024,1,8192,25.3333
32,1024,1,16384,32.309
32,1024,1,32768,46.6023
32,1024,2,16,21.5037
32,1024,2,32,21.7173
32,1024,2,64,21.323
32,1024,2,128,21.611
32,1024,2,256,21.984
32,1024,2,512,21.9093
32,1024,2,1024,22.1757
32,1024,2,2048,23.1787
32,1024,2,4096,26.8803
32,1024,2,8192,31.0717
32,1024,2,16384,40.843
32,1024,2,32768,63.2117
32,1024,4,16,21.7597
32,1024,4,32,21.7387
32,1024,4,64,21.632
32,1024,4,128,21.8133
32,1024,4,256,22.027
32,1024,4,512,22.1333
32,1024,4,1024,23.1143
32,1024,4,2048,25.3337
32,1024,4,4096,29.4617
32,1024,4,8192,40.2457
32,1024,4,16384,77.066
32,1024,4,32768,120.522
32,1024,8,16,21.8667
32,1024,8,32,22.304
32,1024,8,64,22.091
32,1024,8,128,23.5737
32,1024,8,256,22.1973
32,1024,8,512,26.144
32,1024,8,1024,26.293
32,1024,8,2048,29.7927
32,1024,8,4096,52
32,1024,8,8192,78.656
32,1024,8,16384,120.192
32,1024,8,32768,204.299
32,1024,16,16,22.5923
32,1024,16,32,22.1653
32,1024,16,64,22.6987
32,1024,16,128,23.008
32,1024,16,256,23.6803
32,1024,16,512,29.888
32,1024,16,1024,37.2907
32,1024,16,2048,55.0187
32,1024,16,4096,78.56
32,1024,16,8192,117.835
32,1024,16,16384,202.112
32,1024,16,32768,365.045
32,1024,32,16,25.558
32,1024,32,32,24.9487
32,1024,32,64,25.323
32,1024,32,128,27.3387
32,1024,32,256,31.5733
32,1024,32,512,40.3833
32,1024,32,1024,57.0557
32,1024,32,2048,79.5303
32,1024,32,4096,120.757
32,1024,32,8192,201.707
32,1024,32,16384,364.778
32,1024,32,32768,699.114
32,1024,64,16,29.4077
32,1024,64,32,28.7793
32,1024,64,64,29.2053
32,1024,64,128,33.8983
32,1024,64,256,40.8107
32,1024,64,512,52.053
32,1024,64,1024,66.56
32,1024,64,2048,109.686
32,1024,64,4096,194.048
32,1024,64,8192,362.752
32,1024,64,16384,702.932
32,1024,64,32768,1375.72
32,1024,128,16,38.6133
32,1024,128,32,39.264
32,1024,128,64,39.5417
32,1024,128,128,46.891
32,1024,128,256,57.0133
32,1024,128,512,76.0853
32,1024,128,1024,117.76
32,1024,128,2048,197.706
32,1024,128,4096,367.445
32,1024,128,8192,695.626
32,1024,128,16384,1364.88
32,1024,128,32768,2698.49
32,2048,0,0,23.4347
32,2048,1,16,23.6163
32,2048,1,32,23.52
32,2048,1,64,22.7093
32,2048,1,128,23.4457
32,2048,1,256,23.669
32,2048,1,512,23.52
32,2048,1,1024,23.3817
32,2048,1,2048,23.9363
32,2048,1,4096,26.0683
32,2048,1,8192,26.0373
32,2048,1,16384,32.533
32,2048,1,32768,47.4237
32,2048,2,16,23.0827
32,2048,2,32,23.327
32,2048,2,64,23.2427
32,2048,2,128,23.2533
32,2048,2,256,23.6587
32,2048,2,512,23.819
32,2048,2,1024,24.2987
32,2048,2,2048,24.9917
32,2048,2,4096,26.8903
32,2048,2,8192,32.0213
32,2048,2,16384,42.4963
32,2048,2,32768,63.3927
32,2048,4,16,23.4877
32,2048,4,32,23.1043
32,2048,4,64,22.5597
32,2048,4,128,23.5737
32,2048,4,256,23.8613
32,2048,4,512,24.3093
32,2048,4,1024,24.8107
32,2048,4,2048,26.5387
32,2048,4,4096,30.048
32,2048,4,8192,41.3977
32,2048,4,16384,62.7727
32,2048,4,32768,131.861
32,2048,8,16,24.4483
32,2048,8,32,23.3493
32,2048,8,64,24.3093
32,2048,8,128,24.2667
32,2048,8,256,27.9897
32,2048,8,512,25.0877
32,2048,8,1024,30.1973
32,2048,8,2048,30.2293
32,2048,8,4096,51.232
32,2048,8,8192,83.9143
32,2048,8,16384,132.363
32,2048,8,32768,214.41
32,2048,16,16,26.0687
32,2048,16,32,26.1227
32,2048,16,64,25.8667
32,2048,16,128,24.3093
32,2048,16,256,25.013
32,2048,16,512,29.803
32,2048,16,1024,37.4293
32,2048,16,2048,54.8477
32,2048,16,4096,86.8373
32,2048,16,8192,130.827
32,2048,16,16384,213.59
32,2048,16,32768,375.893
32,2048,32,16,24.672
32,2048,32,32,24.8643
32,2048,32,64,24.8637
32,2048,32,128,28.0107
32,2048,32,256,31.8613
32,2048,32,512,39.7013
32,2048,32,1024,57.579
32,2048,32,2048,89.3657
32,2048,32,4096,134.464
32,2048,32,8192,215.563
32,2048,32,16384,376.032
32,2048,32,32768,698.261
32,2048,64,16,30.23
32,2048,64,32,30.155
32,2048,64,64,30.7737
32,2048,64,128,35.0293
32,2048,64,256,41.3123
32,2048,64,512,55.3063
32,2048,64,1024,78.571
32,2048,64,2048,109.462
32,2048,64,4096,194.25
32,2048,64,8192,365.6
32,2048,64,16384,698.869
32,2048,64,32768,1379.57
32,2048,128,16,39.52
32,2048,128,32,39.4027
32,2048,128,64,40.1817
32,2048,128,128,48.4267
32,2048,128,256,59.2423
32,2048,128,512,85.2587
32,2048,128,1024,119.584
32,2048,128,2048,200.821
32,2048,128,4096,365.813
32,2048,128,8192,697.557
32,2048,128,16384,1365.44
32,2048,128,32768,2694.09
32,4096,0,0,26.229
32,4096,1,16,26.7413
32,4096,1,32,26.614
32,4096,1,64,26.5067
32,4096,1,128,26.5813
32,4096,1,256,27.3173
32,4096,1,512,27.5947
32,4096,1,1024,27.1467
32,4096,1,2048,28.4267
32,4096,1,4096,27.6373
32,4096,1,8192,29.877
32,4096,1,16384,33.5783
32,4096,1,32768,47.712
32,4096,2,16,27.3703
32,4096,2,32,27.5843
32,4096,2,64,27.189
32,4096,2,128,27.2747
32,4096,2,256,27.3067
32,4096,2,512,27.4353
32,4096,2,1024,29.493
32,4096,2,2048,27.861
32,4096,2,4096,28.5867
32,4096,2,8192,34.368
32,4096,2,16384,43.6693
32,4096,2,32768,64.608
32,4096,4,16,25.9627
32,4096,4,32,26.7097
32,4096,4,64,26.6983
32,4096,4,128,26.592
32,4096,4,256,28.768
32,4096,4,512,27.019
32,4096,4,1024,26.507
32,4096,4,2048,28.6297
32,4096,4,4096,33.313
32,4096,4,8192,43.104
32,4096,4,16384,64.8753
32,4096,4,32768,107.787
32,4096,8,16,26.112
32,4096,8,32,26.624
32,4096,8,64,26.6457
32,4096,8,128,26.7413
32,4096,8,256,27.9567
32,4096,8,512,29.056
32,4096,8,1024,28.384
32,4096,8,2048,41.174
32,4096,8,4096,42.3147
32,4096,8,8192,83.392
32,4096,8,16384,149.6
32,4096,8,32768,238.806
32,4096,16,16,26.0477
32,4096,16,32,25.6853
32,4096,16,64,25.6957
32,4096,16,128,27.8183
32,4096,16,256,29.6003
32,4096,16,512,29.7283
32,4096,16,1024,38.2613
32,4096,16,2048,54.656
32,4096,16,4096,87.36
32,4096,16,8192,152.458
32,4096,16,16384,236.746
32,4096,16,32768,401.098
32,4096,32,16,26.7737
32,4096,32,32,26.8053
32,4096,32,64,26.7317
32,4096,32,128,28.5867
32,4096,32,256,31.563
32,4096,32,512,40.2557
32,4096,32,1024,56.5963
32,4096,32,2048,87.968
32,4096,32,4096,154.922
32,4096,32,8192,239.039
32,4096,32,16384,403.466
32,4096,32,32768,720.448
32,4096,64,16,31.915
32,4096,64,32,32
32,4096,64,64,32.32
32,4096,64,128,35.413
32,4096,64,256,41.1513
32,4096,64,512,54.3687
32,4096,64,1024,81.1947
32,4096,64,2048,131.093
32,4096,64,4096,196.448
32,4096,64,8192,362.475
32,4096,64,16384,701.099
32,4096,64,32768,1378.25
32,4096,128,16,40.6513
32,4096,128,32,40.8097
32,4096,128,64,41.472
32,4096,128,128,49.7073
32,4096,128,256,59.9893
32,4096,128,512,83.435
32,4096,128,1024,131.541
32,4096,128,2048,202.933
32,4096,128,4096,367.936
32,4096,128,8192,699.52
32,4096,128,16384,1364.59
32,4096,128,32768,2691.84
32,8192,0,0,32.3413
32,8192,1,16,32.544
32,8192,1,32,32.533
32,8192,1,64,32.5653
32,8192,1,128,32.49
32,8192,1,256,30.6667
32,8192,1,512,32.9707
32,8192,1,1024,32.384
32,8192,1,2048,31.7437
32,8192,1,4096,32.2033
32,8192,1,8192,33.7387
32,8192,1,16384,37.4077
32,8192,1,32768,50.1227
32,8192,2,16,32.6613
32,8192,2,32,32.5657
32,8192,2,64,32.725
32,8192,2,128,32.9493
32,8192,2,256,32.6613
32,8192,2,512,33.142
32,8192,2,1024,32.0857
32,8192,2,2048,32.8107
32,8192,2,4096,33.3333
32,8192,2,8192,37.4507
32,8192,2,16384,46.379
32,8192,2,32768,68.3407
32,8192,4,16,32.512
32,8192,4,32,32.2027
32,8192,4,64,32.0647
32,8192,4,128,32.192
32,8192,4,256,32.4803
32,8192,4,512,33.2907
32,8192,4,1024,31.328
32,8192,4,2048,33.6743
32,8192,4,4096,37.6743
32,8192,4,8192,46.0807
32,8192,4,16384,66.794
32,8192,4,32768,109.622
32,8192,8,16,31.936
32,8192,8,32,32.469
32,8192,8,64,32.2127
32,8192,8,128,31.8397
32,8192,8,256,31.008
32,8192,8,512,31.3917
32,8192,8,1024,36.0527
32,8192,8,2048,38.3677
32,8192,8,4096,61.632
32,8192,8,8192,67.648
32,8192,8,16384,149.685
32,8192,8,32768,279.659
32,8192,16,16,30.0797
32,8192,16,32,30.2833
32,8192,16,64,30.4953
32,8192,16,128,30.4853
32,8192,16,256,31.5203
32,8192,16,512,38.2507
32,8192,16,1024,39.5943
32,8192,16,2048,54.3257
32,8192,16,4096,85.3227
32,8192,16,8192,150.261
32,8192,16,16384,284.416
32,8192,16,32768,450.528
32,8192,32,16,30.1973
32,8192,32,32,30.4853
32,8192,32,64,30.5603
32,8192,32,128,34.72
32,8192,32,256,33.4727
32,8192,32,512,40.4047
32,8192,32,1024,55.6693
32,8192,32,2048,87.3387
32,8192,32,4096,152.128
32,8192,32,8192,286.87
32,8192,32,16384,450.347
32,8192,32,32768,768.149
32,8192,64,16,36.4587
32,8192,64,32,36.928
32,8192,64,64,37.365
32,8192,64,128,41.3647
32,8192,64,256,45.408
32,8192,64,512,56.6083
32,8192,64,1024,82.0157
32,8192,64,2048,132.501
32,8192,64,4096,237.397
32,8192,64,8192,365.696
32,8192,64,16384,702.495
32,8192,64,32768,1380.76
32,8192,128,16,45.0247
32,8192,128,32,45.3547
32,8192,128,64,46.1443
32,8192,128,128,54.9757
32,8192,128,256,61.6533
32,8192,128,512,83.68
32,8192,128,1024,132.597
32,8192,128,2048,223.574
32,8192,128,4096,370.688
32,8192,128,8192,703.082
32,8192,128,16384,1370.24
32,8192,128,32768,2698.19
32,16384,0,0,39.328
32,16384,1,16,39.7973
32,16384,1,32,39.285
32,16384,1,64,39.2323
32,16384,1,128,39.552
32,16384,1,256,39.4347
32,16384,1,512,39.8393
32,16384,1,1024,39.4987
32,16384,1,2048,39.6377
32,16384,1,4096,39.6153
32,16384,1,8192,41.494
32,16384,1,16384,45.2373
32,16384,1,32768,52.3303
32,16384,2,16,40.245
32,16384,2,32,39.893
32,16384,2,64,39.872
32,16384,2,128,39.7013
32,16384,2,256,39.936
32,16384,2,512,40.2243
32,16384,2,1024,39.701
32,16384,2,2048,39.6587
32,16384,2,4096,41.2057
32,16384,2,8192,44.8
32,16384,2,16384,52.1387
32,16384,2,32768,74.4213
32,16384,4,16,40.3093
32,16384,4,32,39.5947
32,16384,4,64,39.9367
32,16384,4,128,40.192
32,16384,4,256,39.5623
32,16384,4,512,39.712
32,16384,4,1024,40.1503
32,16384,4,2048,40.896
32,16384,4,4096,45.3653
32,16384,4,8192,53.0027
32,16384,4,16384,72.9603
32,16384,4,32768,114.816
32,16384,8,16,39.8077
32,16384,8,32,40.1283
32,16384,8,64,39.936
32,16384,8,128,39.5947
32,16384,8,256,39.69
32,16384,8,512,38.6987
32,16384,8,1024,41.2153
32,16384,8,2048,51.8507
32,16384,8,4096,54.016
32,16384,8,8192,102.709
32,16384,8,16384,117.216
32,16384,8,32768,273.728
32,16384,16,16,38.7627
32,16384,16,32,38.8263
32,16384,16,64,39.4983
32,16384,16,128,38.2933
32,16384,16,256,39.8187
32,16384,16,512,42.0903
32,16384,16,1024,53.4297
32,16384,16,2048,54.6667
32,16384,16,4096,84.9917
32,16384,16,8192,149.28
32,16384,16,16384,276.853
32,16384,16,32768,541.92
32,16384,32,16,41.7703
32,16384,32,32,41.3547
32,16384,32,64,41.8347
32,16384,32,128,41.8777
32,16384,32,256,40.3417
32,16384,32,512,53.3653
32,16384,32,1024,56.9813
32,16384,32,2048,86.4963
32,16384,32,4096,148.992
32,16384,32,8192,283.968
32,16384,32,16384,543.733
32,16384,32,32768,870.474
32,16384,64,16,44
32,16384,64,32,43.7233
32,16384,64,64,44.4163
32,16384,64,128,48.4047
32,16384,64,256,53.6217
32,16384,64,512,66.4323
32,16384,64,1024,81.5463
32,16384,64,2048,131.093
32,16384,64,4096,232.395
32,16384,64,8192,448.053
32,16384,64,16384,706.154
32,16384,64,32768,1381.91
32,16384,128,16,52.2343
32,16384,128,32,52.3197
32,16384,128,64,53.056
32,16384,128,128,60.9713
32,16384,128,256,69.504
32,16384,128,512,96.5547
32,16384,128,1024,132.171
32,16384,128,2048,223.637
32,16384,128,4096,404.885
32,16384,128,8192,714.229
32,16384,128,16384,1381
32,16384,128,32768,2706.07
32,32768,0,0,53.3227
32,32768,1,16,54.091
32,32768,1,32,54.1013
32,32768,1,64,54.1337
32,32768,1,128,54.1117
32,32768,1,256,54.0587
32,32768,1,512,53.8667
32,32768,1,1024,53.9087
32,32768,1,2048,54.112
32,32768,1,4096,54.667
32,32768,1,8192,55.4563
32,32768,1,16384,58.208
32,32768,1,32768,64.4267
32,32768,2,16,53.9303
32,32768,2,32,53.8347
32,32768,2,64,54.3147
32,32768,2,128,54.1977
32,32768,2,256,53.9407
32,32768,2,512,54.175
32,32768,2,1024,54.1013
32,32768,2,2048,54.8903
32,32768,2,4096,55.3183
32,32768,2,8192,58.0913
32,32768,2,16384,64.587
32,32768,2,32768,85.2263
32,32768,4,16,54.037
32,32768,4,32,53.8027
32,32768,4,64,54.1007
32,32768,4,128,53.8777
32,32768,4,256,53.9733
32,32768,4,512,54.56
32,32768,4,1024,55.3173
32,32768,4,2048,54.954
32,32768,4,4096,59.1787
32,32768,4,8192,67.5307
32,32768,4,16384,83.9683
32,32768,4,32768,124.395
32,32768,8,16,54.2507
32,32768,8,32,54.805
32,32768,8,64,54.3047
32,32768,8,128,54.347
32,32768,8,256,54.2183
32,32768,8,512,55.851
32,32768,8,1024,57.3653
32,32768,8,2048,59.7657
32,32768,8,4096,79.4773
32,32768,8,8192,84.597
32,32768,8,16384,182.549
32,32768,8,32768,215.157
32,32768,16,16,54.0693
32,32768,16,32,54.5707
32,32768,16,64,54.0267
32,32768,16,128,55.051
32,32768,16,256,55.1787
32,32768,16,512,56.0643
32,32768,16,1024,59.2107
32,32768,16,2048,80.917
32,32768,16,4096,85.3763
32,32768,16,8192,147.488
32,32768,16,16384,271.968
32,32768,16,32768,531.583
32,32768,32,16,54.411
32,32768,32,32,54.4643
32,32768,32,64,54.5493
32,32768,32,128,54.6247
32,32768,32,256,56.7357
32,32768,32,512,63.6373
32,32768,32,1024,73.3017
32,32768,32,2048,88.8103
32,32768,32,4096,149.557
32,32768,32,8192,273.771
32,32768,32,16384,537.451
32,32768,32,32768,1064.47
32,32768,64,16,58.1647
32,32768,64,32,58.4427
32,32768,64,64,58.4433
32,32768,64,128,63.1147
32,32768,64,256,65.9523
32,32768,64,512,77.5783
32,32768,64,1024,98.3357
32,32768,64,2048,132.491
32,32768,64,4096,230.048
32,32768,64,8192,435.104
32,32768,64,16384,864.618
32,32768,64,32768,1388.53
32,32768,128,16,66.816
32,32768,128,32,67.6377
32,32768,128,64,67.7437
32,32768,128,128,74.8157
32,32768,128,256,82.4857
32,32768,128,512,102.442
32,32768,128,1024,146.763
32,32768,128,2048,220.8
32,32768,128,4096,405.525
32,32768,128,8192,774.869
32,32768,128,16384,1390.91
32,32768,128,32768,2726.23
64,0,0,0,14.6453
64,0,1,16,14.624
64,0,1,32,14.8053
64,0,1,64,14.8267
64,0,1,128,15.9147
64,0,1,256,17.2907
64,0,1,512,18.496
64,0,1,1024,18.4107
64,0,1,2048,20.811
64,0,1,4096,24.0423
64,0,1,8192,30.5173
64,0,1,16384,43.2213
64,0,1,32768,68.7463
64,0,2,16,15.147
64,0,2,32,15.0617
64,0,2,64,15.104
64,0,2,128,16.1917
64,0,2,256,17.653
64,0,2,512,18.4857
64,0,2,1024,19.1997
64,0,2,2048,21.0453
64,0,2,4096,24.427
64,0,2,8192,31.3167
64,0,2,16384,44.928
64,0,2,32768,70.4957
64,0,4,16,15.328
64,0,4,32,15.189
64,0,4,64,15.1147
64,0,4,128,16.245
64,0,4,256,17.6217
64,0,4,512,19.1363
64,0,4,1024,19.6587
64,0,4,2048,21.9627
64,0,4,4096,28.3733
64,0,4,8192,42.5923
64,0,4,16384,62.8367
64,0,4,32768,105.13
64,0,8,16,15.0717
64,0,8,32,15.351
64,0,8,64,15.4133
64,0,8,128,16.8533
64,0,8,256,17.7813
64,0,8,512,20.1067
64,0,8,1024,22.069
64,0,8,2048,31.6157
64,0,8,4096,43.7013
64,0,8,8192,62.7407
64,0,8,16384,105.461
64,0,8,32768,190.571
64,0,16,16,15.36
64,0,16,32,15.307
64,0,16,64,15.36
64,0,16,128,16.9813
64,0,16,256,18.2293
64,0,16,512,26.9227
64,0,16,1024,31.6367
64,0,16,2048,43.808
64,0,16,4096,63.1147
64,0,16,8192,106.207
64,0,16,16384,192.587
64,0,16,32768,361.045
64,0,32,16,19.883
64,0,32,32,20.2347
64,0,32,64,20.0427
64,0,32,128,22.5813
64,0,32,256,24.4477
64,0,32,512,34.6987
64,0,32,1024,44.737
64,0,32,2048,65.589
64,0,32,4096,107.114
64,0,32,8192,189.952
64,0,32,16384,362.112
64,0,32,32768,696.565
64,0,64,16,24.6723
64,0,64,32,24.928
64,0,64,64,25.44
64,0,64,128,28.7263
64,0,64,256,33.8143
64,0,64,512,48.277
64,0,64,1024,68.7143
64,0,64,2048,110.613
64,0,64,4096,193.291
64,0,64,8192,360.768
64,0,64,16384,698.912
64,0,64,32768,1370.51
64,0,128,16,30.7197
64,0,128,32,30.6657
64,0,128,64,31.456
64,0,128,128,37.1943
64,0,128,256,46.9973
64,0,128,512,73.323
64,0,128,1024,116.704
64,0,128,2048,200.768
64,0,128,4096,364.95
64,0,128,8192,696.405
64,0,128,16384,1367.21
64,0,128,32768,2690.3
64,16,0,0,14.539
64,16,1,16,14.7093
64,16,1,32,14.8373
64,16,1,64,14.709
64,16,1,128,15.7437
64,16,1,256,17.2377
64,16,1,512,18.0053
64,16,1,1024,18.688
64,16,1,2048,20.8317
64,16,1,4096,24.064
64,16,1,8192,30.4427
64,16,1,16384,43.4877
64,16,1,32768,68.864
64,16,2,16,15.317
64,16,2,32,15.104
64,16,2,64,15.1147
64,16,2,128,16.287
64,16,2,256,17.4297
64,16,2,512,18.602
64,16,2,1024,18.8373
64,16,2,2048,20.6723
64,16,2,4096,24.533
64,16,2,8192,31.1573
64,16,2,16384,45.024
64,16,2,32768,70.5387
64,16,4,16,15.2853
64,16,4,32,15.1683
64,16,4,64,15.253
64,16,4,128,15.978
64,16,4,256,17.5467
64,16,4,512,18.9653
64,16,4,1024,19.4883
64,16,4,2048,21.952
64,16,4,4096,28.1387
64,16,4,8192,43.296
64,16,4,16384,65.3867
64,16,4,32768,108.192
64,16,8,16,15.328
64,16,8,32,14.9433
64,16,8,64,15.2
64,16,8,128,17.1307
64,16,8,256,18.1973
64,16,8,512,19.8933
64,16,8,1024,21.984
64,16,8,2048,31.6907
64,16,8,4096,43.232
64,16,8,8192,63.8507
64,16,8,16384,105.11
64,16,8,32768,190.197
64,16,16,16,15.2747
64,16,16,32,15.2957
64,16,16,64,15.6907
64,16,16,128,17.003
64,16,16,256,17.8133
64,16,16,512,27.3813
64,16,16,1024,31.6587
64,16,16,2048,43.6587
64,16,16,4096,65.27
64,16,16,8192,106.773
64,16,16,16384,190.955
64,16,16,32768,360.608
64,16,32,16,20.1493
64,16,32,32,19.7873
64,16,32,64,20.3523
64,16,32,128,22.3893
64,16,32,256,24.736
64,16,32,512,33.4617
64,16,32,1024,43.9253
64,16,32,2048,65.8667
64,16,32,4096,106.582
64,16,32,8192,190.581
64,16,32,16384,362.239
64,16,32,32768,698.378
64,16,64,16,24.6187
64,16,64,32,24.8107
64,16,64,64,24.7467
64,16,64,128,28.9067
64,16,64,256,33.8987
64,16,64,512,49.888
64,16,64,1024,69.5567
64,16,64,2048,110.975
64,16,64,4096,193.471
64,16,64,8192,363.978
64,16,64,16384,697.664
64,16,64,32768,1363.44
64,16,128,16,30.5497
64,16,128,32,30.742
64,16,128,64,31.2853
64,16,128,128,37.3973
64,16,128,256,46.656
64,16,128,512,74.1437
64,16,128,1024,117.738
64,16,128,2048,200.331
64,16,128,4096,366.261
64,16,128,8192,696.277
64,16,128,16384,1362.83
64,16,128,32768,2699.24
64,32,0,0,14.432
64,32,1,16,14.6773
64,32,1,32,14.752
64,32,1,64,14.8913
64,32,1,128,15.808
64,32,1,256,17.11
64,32,1,512,17.856
64,32,1,1024,18.7947
64,32,1,2048,20.3523
64,32,1,4096,23.8187
64,32,1,8192,30.517
64,32,1,16384,43.1147
64,32,1,32768,68.6397
64,32,2,16,15.061
64,32,2,32,15.0083
64,32,2,64,15.1997
64,32,2,128,16.4373
64,32,2,256,17.7707
64,32,2,512,18.496
64,32,2,1024,19.0723
64,32,2,2048,21.0773
64,32,2,4096,24.3627
64,32,2,8192,30.8903
64,32,2,16384,45.0237
64,32,2,32768,71.1147
64,32,4,16,15.0827
64,32,4,32,14.7417
64,32,4,64,14.9973
64,32,4,128,16.2343
64,32,4,256,17.5677
64,32,4,512,19.4247
64,32,4,1024,19.9147
64,32,4,2048,22.1973
64,32,4,4096,28.8107
64,32,4,8192,43.4667
64,32,4,16384,62.7943
64,32,4,32768,105.717
64,32,8,16,15.573
64,32,8,32,15.232
64,32,8,64,15.2857
64,32,8,128,16.9277
64,32,8,256,18.0697
64,32,8,512,19.9683
64,32,8,1024,22.101
64,32,8,2048,31.4343
64,32,8,4096,43.4027
64,32,8,8192,63.2533
64,32,8,16384,105.045
64,32,8,32768,191.754
64,32,16,16,15.4243
64,32,16,32,15.403
64,32,16,64,15.5413
64,32,16,128,17.2587
64,32,16,256,18.016
64,32,16,512,27.306
64,32,16,1024,33.0453
64,32,16,2048,44.0427
64,32,16,4096,65.5467
64,32,16,8192,106.336
64,32,16,16384,191.104
64,32,16,32768,361.013
64,32,32,16,20.256
64,32,32,32,20.3627
64,32,32,64,20.181
64,32,32,128,22.6453
64,32,32,256,24.7897
64,32,32,512,33.6
64,32,32,1024,45.6103
64,32,32,2048,66.772
64,32,32,4096,107.253
64,32,32,8192,191.136
64,32,32,16384,362.293
64,32,32,32768,697.109
64,32,64,16,24.778
64,32,64,32,24.8213
64,32,64,64,24.992
64,32,64,128,29.1093
64,32,64,256,33.866
64,32,64,512,50.3787
64,32,64,1024,70.091
64,32,64,2048,109.76
64,32,64,4096,194.645
64,32,64,8192,363.392
64,32,64,16384,694.346
64,32,64,32768,1369.35
64,32,128,16,30.838
64,32,128,32,30.7727
64,32,128,64,31.2533
64,32,128,128,36.907
64,32,128,256,46.6673
64,32,128,512,73.8343
64,32,128,1024,117.301
64,32,128,2048,200.576
64,32,128,4096,366.784
64,32,128,8192,698.528
64,32,128,16384,1363.39
64,32,128,32768,2692.33
64,64,0,0,14.9973
64,64,1,16,15.0073
64,64,1,32,15.0297
64,64,1,64,14.9763
64,64,1,128,15.9363
64,64,1,256,17.387
64,64,1,512,18.176
64,64,1,1024,18.464
64,64,1,2048,20.693
64,64,1,4096,24.064
64,64,1,8192,30.4853
64,64,1,16384,43.136
64,64,1,32768,68.587
64,64,2,16,15.296
64,64,2,32,15.2743
64,64,2,64,15.104
64,64,2,128,16.224
64,64,2,256,17.5787
64,64,2,512,18.731
64,64,2,1024,18.976
64,64,2,2048,20.6723
64,64,2,4096,24.2987
64,64,2,8192,31.381
64,64,2,16384,45.248
64,64,2,32768,70.528
64,64,4,16,15.1993
64,64,4,32,15.1457
64,64,4,64,15.3813
64,64,4,128,16.3413
64,64,4,256,17.5787
64,64,4,512,19.093
64,64,4,1024,19.755
64,64,4,2048,22.464
64,64,4,4096,28.1813
64,64,4,8192,44.352
64,64,4,16384,65.312
64,64,4,32768,108.416
64,64,8,16,15.0923
64,64,8,32,15.4247
64,64,8,64,15.4023
64,64,8,128,16.8427
64,64,8,256,18.229
64,64,8,512,19.7653
64,64,8,1024,22.2827
64,64,8,2048,31.2213
64,64,8,4096,43.4667
64,64,8,8192,64.2663
64,64,8,16384,105.344
64,64,8,32768,190.752
64,64,16,16,15.424
64,64,16,32,15.1467
64,64,16,64,15.6263
64,64,16,128,16.8747
64,64,16,256,18.058
64,64,16,512,27.0517
64,64,16,1024,32.8857
64,64,16,2048,44.0007
64,64,16,4096,64.939
64,64,16,8192,107.169
64,64,16,16384,191.488
64,64,16,32768,361.034
64,64,32,16,20.2247
64,64,32,32,19.9683
64,64,32,64,20.1917
64,64,32,128,22.2187
64,64,32,256,25.077
64,64,32,512,33.354
64,64,32,1024,46.3253
64,64,32,2048,67.0187
64,64,32,4096,107.051
64,64,32,8192,191.349
64,64,32,16384,360.405
64,64,32,32768,698.036
64,64,64,16,24.6827
64,64,64,32,24.7997
64,64,64,64,25.1093
64,64,64,128,29.1413
64,64,64,256,33.4507
64,64,64,512,50.784
64,64,64,1024,70.9653
64,64,64,2048,110.89
64,64,64,4096,194.976
64,64,64,8192,362.026
64,64,64,16384,695.68
64,64,64,32768,1367.26
64,64,128,16,30.581
64,64,128,32,30.9123
64,64,128,64,31.456
64,64,128,128,37.4827
64,64,128,256,45.9733
64,64,128,512,74.2503
64,64,128,1024,116.672
64,64,128,2048,199.968
64,64,128,4096,366.752
64,64,128,8192,697.365
64,64,128,16384,1359.26
64,64,128,32768,2694.49
64,128,0,0,16.384
64,128,1,16,16.523
64,128,1,32,16.427
64,128,1,64,16.4697
64,128,1,128,16.4587
64,128,1,256,17.5363
64,128,1,512,20.512
64,128,1,1024,20.1497
64,128,1,2048,21.9947
64,128,1,4096,24.0213
64,128,1,8192,30.4107
64,128,1,16384,43.3063
64,128,1,32768,68.6177
64,128,2,16,16.6613
64,128,2,32,16.6293
64,128,2,64,16.8743
64,128,2,128,16.4687
64,128,2,256,17.5787
64,128,2,512,20.939
64,128,2,1024,20.5657
64,128,2,2048,20.8853
64,128,2,4096,24.3947
64,128,2,8192,30.848
64,128,2,16384,45.5993
64,128,2,32768,70.4107
64,128,4,16,16.5127
64,128,4,32,16.4693
64,128,4,64,16.4157
64,128,4,128,16.5973
64,128,4,256,17.5677
64,128,4,512,22.6133
64,128,4,1024,19.8827
64,128,4,2048,21.7813
64,128,4,4096,28.8533
64,128,4,8192,45.7927
64,128,4,16384,65.8017
64,128,4,32768,107.595
64,128,8,16,16.822
64,128,8,32,16.6183
64,128,8,64,16.747
64,128,8,128,16.81
64,128,8,256,17.888
64,128,8,512,20.544
64,128,8,1024,22.0693
64,128,8,2048,33.7177
64,128,8,4096,45.3123
64,128,8,8192,67.2853
64,128,8,16384,107.787
64,128,8,32768,190.443
64,128,16,16,16.7367
64,128,16,32,17.0133
64,128,16,64,17.0563
64,128,16,128,17.0777
64,128,16,256,18.0907
64,128,16,512,28.6507
64,128,16,1024,34.2187
64,128,16,2048,46.219
64,128,16,4096,67.6907
64,128,16,8192,107.755
64,128,16,16384,190.731
64,128,16,32768,359.135
64,128,32,16,20.0107
64,128,32,32,19.9683
64,128,32,64,20.0217
64,128,32,128,23.3067
64,128,32,256,26.4327
64,128,32,512,35.627
64,128,32,1024,47.7653
64,128,32,2048,68.2347
64,128,32,4096,110.379
64,128,32,8192,192.289
64,128,32,16384,361.899
64,128,32,32768,696.095
64,128,64,16,24.715
64,128,64,32,24.7253
64,128,64,64,25.078
64,128,64,128,29.759
64,128,64,256,34.8267
64,128,64,512,51.5197
64,128,64,1024,71.3707
64,128,64,2048,114.795
64,128,64,4096,193.697
64,128,64,8192,363.541
64,128,64,16384,696.479
64,128,64,32768,1375.89
64,128,128,16,32.1067
64,128,128,32,32.5013
64,128,128,64,32.1067
64,128,128,128,37.3973
64,128,128,256,45.5467
64,128,128,512,75.0187
64,128,128,1024,116.906
64,128,128,2048,200.501
64,128,128,4096,366.549
64,128,128,8192,697.184
64,128,128,16384,1364.08
64,128,128,32768,2697.18
64,256,0,0,17.728
64,256,1,16,17.8133
64,256,1,32,17.696
64,256,1,64,17.76
64,256,1,128,17.7173
64,256,1,256,17.7167
64,256,1,512,22.08
64,256,1,1024,20.672
64,256,1,2048,22.016
64,256,1,4096,25.227
64,256,1,8192,30.496
64,256,1,16384,43.264
64,256,1,32768,68.5973
64,256,2,16,17.8137
64,256,2,32,17.92
64,256,2,64,18.048
64,256,2,128,17.76
64,256,2,256,17.878
64,256,2,512,22.336
64,256,2,1024,21.472
64,256,2,2048,22.0693
64,256,2,4096,24.4057
64,256,2,8192,31.381
64,256,2,16384,45.7703
64,256,2,32768,70.688
64,256,4,16,17.6647
64,256,4,32,17.92
64,256,4,64,17.589
64,256,4,128,17.621
64,256,4,256,17.7493
64,256,4,512,22.3573
64,256,4,1024,23.1783
64,256,4,2048,22.4323
64,256,4,4096,28.4907
64,256,4,8192,40.6823
64,256,4,16384,67.2637
64,256,4,32768,109.024
64,256,8,16,18.069
64,256,8,32,18.251
64,256,8,64,18.1227
64,256,8,128,17.9943
64,256,8,256,18.0377
64,256,8,512,22.6663
64,256,8,1024,22.432
64,256,8,2048,34.5597
64,256,8,4096,45.7917
64,256,8,8192,67.9573
64,256,8,16384,107.862
64,256,8,32768,190.475
64,256,16,16,18.1443
64,256,16,32,18.1227
64,256,16,64,18.2933
64,256,16,128,18.176
64,256,16,256,18.2187
64,256,16,512,28.449
64,256,16,1024,35.6903
64,256,16,2048,47.0923
64,256,16,4096,68.0637
64,256,16,8192,108.182
64,256,16,16384,191.051
64,256,16,32768,358.731
64,256,32,16,20.0533
64,256,32,32,20.0323
64,256,32,64,20.2123
64,256,32,128,22.9867
64,256,32,256,26.9963
64,256,32,512,36.1067
64,256,32,1024,47.349
64,256,32,2048,69.0027
64,256,32,4096,111.733
64,256,32,8192,194.506
64,256,32,16384,364.693
64,256,32,32768,698.688
64,256,64,16,24.65
64,256,64,32,24.8
64,256,64,64,24.96
64,256,64,128,29.6747
64,256,64,256,35.9147
64,256,64,512,53.4513
64,256,64,1024,73.632
64,256,64,2048,115.008
64,256,64,4096,200
64,256,64,8192,364.97
64,256,64,16384,699.082
64,256,64,32768,1362.84
64,256,128,16,33.4717
64,256,128,32,33.418
64,256,128,64,33.408
64,256,128,128,38.7207
64,256,128,256,46.9753
64,256,128,512,75.5727
64,256,128,1024,115.872
64,256,128,2048,200.416
64,256,128,4096,365.536
64,256,128,8192,697.355
64,256,128,16384,1365.36
64,256,128,32768,2693.69
64,512,0,0,22.2723
64,512,1,16,22.5177
64,512,1,32,23.4777
64,512,1,64,22.645
64,512,1,128,22.3893
64,512,1,256,21.9193
64,512,1,512,23.2
64,512,1,1024,22.048
64,512,1,2048,21.9947
64,512,1,4096,25.248
64,512,1,8192,31.403
64,512,1,16384,43.456
64,512,1,32768,68.704
64,512,2,16,23.424
64,512,2,32,23.6157
64,512,2,64,23.424
64,512,2,128,22.774
64,512,2,256,23.2427
64,512,2,512,23.477
64,512,2,1024,22.7733
64,512,2,2048,23.7867
64,512,2,4096,25.7703
64,512,2,8192,31.4027
64,512,2,16384,44.939
64,512,2,32768,70.9237
64,512,4,16,23.072
64,512,4,32,23.7117
64,512,4,64,23.2003
64,512,4,128,23.4877
64,512,4,256,23.1787
64,512,4,512,23.3497
64,512,4,1024,22.9547
64,512,4,2048,26.4533
64,512,4,4096,28.8107
64,512,4,8192,41.536
64,512,4,16384,70.656
64,512,4,32768,112.779
64,512,8,16,23.0083
64,512,8,32,23.1787
64,512,8,64,22.9223
64,512,8,128,23.0187
64,512,8,256,23.0293
64,512,8,512,27.4557
64,512,8,1024,25.0347
64,512,8,2048,28.9383
64,512,8,4096,49.3013
64,512,8,8192,70.2393
64,512,8,16384,112.79
64,512,8,32768,194.443
64,512,16,16,23.189
64,512,16,32,23.3067
64,512,16,64,23.0507
64,512,16,128,23.6587
64,512,16,256,24.6187
64,512,16,512,30.0907
64,512,16,1024,37.2587
64,512,16,2048,51.168
64,512,16,4096,71.989
64,512,16,8192,114.154
64,512,16,16384,194.901
64,512,16,32768,361.258
64,512,32,16,26.827
64,512,32,32,26.4957
64,512,32,64,26.1337
64,512,32,128,27.9463
64,512,32,256,31.7767
64,512,32,512,39.36
64,512,32,1024,51.648
64,512,32,2048,73.28
64,512,32,4096,114.891
64,512,32,8192,196.128
64,512,32,16384,360.757
64,512,32,32768,698.699
64,512,64,16,29.888
64,512,64,32,30.08
64,512,64,64,29.888
64,512,64,128,33.6637
64,512,64,256,40.8427
64,512,64,512,56.3303
64,512,64,1024,78.8907
64,512,64,2048,117.834
64,512,64,4096,200.267
64,512,64,8192,363.359
64,512,64,16384,698.719
64,512,64,32768,1374.57
64,512,128,16,39.7867
64,512,128,32,39.5093
64,512,128,64,40.4793
64,512,128,128,47.1043
64,512,128,256,56.6073
64,512,128,512,77.6213
64,512,128,1024,118.165
64,512,128,2048,200.928
64,512,128,4096,366.635
64,512,128,8192,698.805
64,512,128,16384,1365.43
64,512,128,32768,2693.98
64,1024,0,0,23.7653
64,1024,1,16,23.6263
64,1024,1,32,24.0857
64,1024,1,64,23.584
64,1024,1,128,23.8187
64,1024,1,256,23.595
64,1024,1,512,23.349
64,1024,1,1024,23.68
64,1024,1,2048,23.7547
64,1024,1,4096,25.6107
64,1024,1,8192,31.8397
64,1024,1,16384,44.5977
64,1024,1,32768,68.6397
64,1024,2,16,23.8193
64,1024,2,32,24.2663
64,1024,2,64,24.245
64,1024,2,128,23.9893
64,1024,2,256,23.604
64,1024,2,512,24.309
64,1024,2,1024,24.3093
64,1024,2,2048,25.1627
64,1024,2,4096,26.176
64,1024,2,8192,32.512
64,1024,2,16384,45.7603
64,1024,2,32768,70.8907
64,1024,4,16,24.096
64,1024,4,32,24.64
64,1024,4,64,23.733
64,1024,4,128,24.533
64,1024,4,256,24.118
64,1024,4,512,24.2777
64,1024,4,1024,26.613
64,1024,4,2048,25.6103
64,1024,4,4096,29.8773
64,1024,4,8192,41.28
64,1024,4,16384,63.5413
64,1024,4,32768,117.216
64,1024,8,16,23.9783
64,1024,8,32,24.0107
64,1024,8,64,23.989
64,1024,8,128,24.3623
64,1024,8,256,27.7127
64,1024,8,512,25.184
64,1024,8,1024,32.011
64,1024,8,2048,30.187
64,1024,8,4096,51.4667
64,1024,8,8192,76.1597
64,1024,8,16384,117.611
64,1024,8,32768,198.922
64,1024,16,16,26.1543
64,1024,16,32,26.539
64,1024,16,64,26.5703
64,1024,16,128,24.511
64,1024,16,256,25.5573
64,1024,16,512,32.064
64,1024,16,1024,38.3147
64,1024,16,2048,53.3333
64,1024,16,4096,77.2473
64,1024,16,8192,118.314
64,1024,16,16384,203.285
64,1024,16,32768,365.216
64,1024,32,16,25.0133
64,1024,32,32,25.141
64,1024,32,64,25.6427
64,1024,32,128,28.1707
64,1024,32,256,31.2427
64,1024,32,512,39.7013
64,1024,32,1024,55.9893
64,1024,32,2048,77.312
64,1024,32,4096,120.48
64,1024,32,8192,202.197
64,1024,32,16384,369.599
64,1024,32,32768,708.405
64,1024,64,16,30.6453
64,1024,64,32,30.3893
64,1024,64,64,30.3997
64,1024,64,128,35.2207
64,1024,64,256,40.853
64,1024,64,512,54.6237
64,1024,64,1024,81.9943
64,1024,64,2048,122.72
64,1024,64,4096,204.373
64,1024,64,8192,368.459
64,1024,64,16384,701.696
64,1024,64,32768,1364.87
64,1024,128,16,40.5543
64,1024,128,32,40.9813
64,1024,128,64,41.376
64,1024,128,128,49.4933
64,1024,128,256,60.7787
64,1024,128,512,81.696
64,1024,128,1024,118.421
64,1024,128,2048,200.17
64,1024,128,4096,367.008
64,1024,128,8192,703.359
64,1024,128,16384,1367.54
64,1024,128,32768,2699.83
64,2048,0,0,26.272
64,2048,1,16,26.4957
64,2048,1,32,26.9227
64,2048,1,64,26.56
64,2048,1,128,26.4107
64,2048,1,256,26.5067
64,2048,1,512,26.2507
64,2048,1,1024,26.7947
64,2048,1,2048,25.867
64,2048,1,4096,26.3463
64,2048,1,8192,32.021
64,2048,1,16384,44.9493
64,2048,1,32768,69.877
64,2048,2,16,26.6453
64,2048,2,32,26.1653
64,2048,2,64,26.5923
64,2048,2,128,26.3253
64,2048,2,256,26.7837
64,2048,2,512,27.0507
64,2048,2,1024,26.7947
64,2048,2,2048,27.2747
64,2048,2,4096,28.1177
64,2048,2,8192,33.461
64,2048,2,16384,46.432
64,2048,2,32768,71.029
64,2048,4,16,26.635
64,2048,4,32,26.528
64,2048,4,64,26.7517
64,2048,4,128,26.262
64,2048,4,256,26.8907
64,2048,4,512,26.6453
64,2048,4,1024,26.912
64,2048,4,2048,28.7573
64,2048,4,4096,31.2107
64,2048,4,8192,42.3463
64,2048,4,16384,61.92
64,2048,4,32768,105.942
64,2048,8,16,26.293
64,2048,8,32,26.6243
64,2048,8,64,26.304
64,2048,8,128,26.3357
64,2048,8,256,26.4
64,2048,8,512,29.0243
64,2048,8,1024,28.2453
64,2048,8,2048,41.536
64,2048,8,4096,42.8263
64,2048,8,8192,82.5707
64,2048,8,16384,128.854
64,2048,8,32768,208.171
64,2048,16,16,25.8453
64,2048,16,32,26.0583
64,2048,16,64,25.8453
64,2048,16,128,28.128
64,2048,16,256,30.2073
64,2048,16,512,29.3757
64,2048,16,1024,38.059
64,2048,16,2048,53.2587
64,2048,16,4096,84.8
64,2048,16,8192,129.599
64,2048,16,16384,210.645
64,2048,16,32768,377.856
64,2048,32,16,30.4427
64,2048,32,32,30.5067
64,2048,32,64,30.9657
64,2048,32,128,29.0777
64,2048,32,256,31.4557
64,2048,32,512,39.9573
64,2048,32,1024,55.232
64,2048,32,2048,86.0267
64,2048,32,4096,132.235
64,2048,32,8192,216.021
64,2048,32,16384,376.127
64,2048,32,32768,716.256
64,2048,64,16,32.8537
64,2048,64,32,32.7147
64,2048,64,64,32.7783
64,2048,64,128,35.6267
64,2048,64,256,41.568
64,2048,64,512,54.197
64,2048,64,1024,80.4373
64,2048,64,2048,135.211
64,2048,64,4096,219.531
64,2048,64,8192,383.552
64,2048,64,16384,706.784
64,2048,64,32768,1371.38
64,2048,128,16,41.8873
64,2048,128,32,41.3017
64,2048,128,64,41.7917
64,2048,128,128,51.008
64,2048,128,256,60.821
64,2048,128,512,84.16
64,2048,128,1024,130.88
64,2048,128,2048,201.728
64,2048,128,4096,365.75
64,2048,128,8192,702.111
64,2048,128,16384,1366.82
64,2048,128,32768,2704.28
64,4096,0,0,30.5493
64,4096,1,16,30.7627
64,4096,1,32,30.709
64,4096,1,64,30.72
64,4096,1,128,30.7627
64,4096,1,256,30.7627
64,4096,1,512,30.7843
64,4096,1,1024,30.5493
64,4096,1,2048,30.7527
64,4096,1,4096,30.6987
64,4096,1,8192,32.5547
64,4096,1,16384,45.0667
64,4096,1,32768,69.824
64,4096,2,16,31.0077
64,4096,2,32,31.509
64,4096,2,64,31.0303
64,4096,2,128,31.2963
64,4096,2,256,30.9333
64,4096,2,512,31.04
64,4096,2,1024,31.4873
64,4096,2,2048,31.3387
64,4096,2,4096,32.0107
64,4096,2,8192,35.8933
64,4096,2,16384,47.4667
64,4096,2,32768,73.1947
64,4096,4,16,31.3923
64,4096,4,32,31.243
64,4096,4,64,31.392
64,4096,4,128,31.157
64,4096,4,256,31.3277
64,4096,4,512,31.3387
64,4096,4,1024,31.6263
64,4096,4,2048,32.0857
64,4096,4,4096,35.7757
64,4096,4,8192,44.16
64,4096,4,16384,65.1847
64,4096,4,32768,106.901
64,4096,8,16,31.3383
64,4096,8,32,31.5627
64,4096,8,64,31.328
64,4096,8,128,30.24
64,4096,8,256,30.859
64,4096,8,512,30.848
64,4096,8,1024,36.192
64,4096,8,2048,35.9463
64,4096,8,4096,60.9067
64,4096,8,8192,67.5413
64,4096,8,16384,145.408
64,4096,8,32768,230.026
64,4096,16,16,30.8693
64,4096,16,32,30.475
64,4096,16,64,30.2507
64,4096,16,128,31.1893
64,4096,16,256,32.992
64,4096,16,512,38.9433
64,4096,16,1024,36.7787
64,4096,16,2048,52.2763
64,4096,16,4096,83.7123
64,4096,16,8192,146.411
64,4096,16,16384,230.944
64,4096,16,32768,397.365
64,4096,32,16,33.7813
64,4096,32,32,34.464
64,4096,32,64,34.5063
64,4096,32,128,34.6027
64,4096,32,256,38.5073
64,4096,32,512,39.2
64,4096,32,1024,54.5493
64,4096,32,2048,85.0027
64,4096,32,4096,151.199
64,4096,32,8192,231.926
64,4096,32,16384,395.115
64,4096,32,32768,718.177
64,4096,64,16,36.6933
64,4096,64,32,36.672
64,4096,64,64,36.8317
64,4096,64,128,40.3837
64,4096,64,256,47.319
64,4096,64,512,53.664
64,4096,64,1024,77.4083
64,4096,64,2048,129.696
64,4096,64,4096,236.48
64,4096,64,8192,405.065
64,4096,64,16384,742.271
64,4096,64,32768,1378.85
64,4096,128,16,45.9953
64,4096,128,32,46.24
64,4096,128,64,46.9017
64,4096,128,128,53.1733
64,4096,128,256,60.48
64,4096,128,512,83.0827
64,4096,128,1024,129.792
64,4096,128,2048,220.768
64,4096,128,4096,367.989
64,4096,128,8192,701.077
64,4096,128,16384,1372.5
64,4096,128,32768,2694.33
64,8192,0,0,37.6423
64,8192,1,16,37.8233
64,8192,1,32,37.525
64,8192,1,64,37.9727
64,8192,1,128,38.1547
64,8192,1,256,37.8557
64,8192,1,512,37.451
64,8192,1,1024,37.9413
64,8192,1,2048,38.2723
64,8192,1,4096,38.623
64,8192,1,8192,38.6347
64,8192,1,16384,45.4503
64,8192,1,32768,70.6983
64,8192,2,16,38.209
64,8192,2,32,38.4747
64,8192,2,64,38.0267
64,8192,2,128,38.5067
64,8192,2,256,38.2187
64,8192,2,512,36.7247
64,8192,2,1024,39.1893
64,8192,2,2048,39.0717
64,8192,2,4096,39.36
64,8192,2,8192,43.7967
64,8192,2,16384,49.4293
64,8192,2,32768,74.7943
64,8192,4,16,38.2183
64,8192,4,32,38.5277
64,8192,4,64,38.4427
64,8192,4,128,38.1013
64,8192,4,256,39.4347
64,8192,4,512,39.2003
64,8192,4,1024,38.9763
64,8192,4,2048,39.7223
64,8192,4,4096,43.3383
64,8192,4,8192,49.3653
64,8192,4,16384,70.507
64,8192,4,32768,112.395
64,8192,8,16,38.4853
64,8192,8,32,38.5273
64,8192,8,64,38.3893
64,8192,8,128,39.0933
64,8192,8,256,39.211
64,8192,8,512,38.368
64,8192,8,1024,39.2427
64,8192,8,2048,49.8453
64,8192,8,4096,49.6
64,8192,8,8192,98.3043
64,8192,8,16384,113.729
64,8192,8,32768,268.363
64,8192,16,16,39.4347
64,8192,16,32,39.3493
64,8192,16,64,38.795
64,8192,16,128,38.784
64,8192,16,256,39.488
64,8192,16,512,39.9147
64,8192,16,1024,51.8293
64,8192,16,2048,49.696
64,8192,16,4096,81.291
64,8192,16,8192,144.213
64,8192,16,16384,268.832
64,8192,16,32768,439.487
64,8192,32,16,41.142
64,8192,32,32,41.4293
64,8192,32,64,41.5787
64,8192,32,128,42.271
64,8192,32,256,46.3367
64,8192,32,512,50.9333
64,8192,32,1024,53.6
64,8192,32,2048,83.0187
64,8192,32,4096,145.632
64,8192,32,8192,272.885
64,8192,32,16384,441.226
64,8192,32,32768,759.85
64,8192,64,16,43.7867
64,8192,64,32,43.9363
64,8192,64,64,44.3093
64,8192,64,128,48.6397
64,8192,64,256,50.3047
64,8192,64,512,61.856
64,8192,64,1024,80.96
64,8192,64,2048,125.867
64,8192,64,4096,230.229
64,8192,64,8192,447.424
64,8192,64,16384,773.557
64,8192,64,32768,1427.06
64,8192,128,16,52.6613
64,8192,128,32,53.2267
64,8192,128,64,53.9833
64,8192,128,128,62.2827
64,8192,128,256,68.4693
64,8192,128,512,87.403
64,8192,128,1024,128.373
64,8192,128,2048,216.267
64,8192,128,4096,398.25
64,8192,128,8192,706.528
64,8192,128,16384,1367.62
64,8192,128,32768,2705.87
64,16384,0,0,50.1013
64,16384,1,16,50.369
64,16384,1,32,50.3157
64,16384,1,64,50.144
64,16384,1,128,50.0693
64,16384,1,256,50.2823
64,16384,1,512,50.229
64,16384,1,1024,50.5707
64,16384,1,2048,50.6247
64,16384,1,4096,52.3947
64,16384,1,8192,52.4057
64,16384,1,16384,56.4153
64,16384,1,32768,70.9643
64,16384,2,16,51.0933
64,16384,2,32,51.0823
64,16384,2,64,51.1897
64,16384,2,128,51.0717
64,16384,2,256,50.9973
64,16384,2,512,51.3067
64,16384,2,1024,50.6883
64,16384,2,2048,52.9067
64,16384,2,4096,52.8323
64,16384,2,8192,56.6933
64,16384,2,16384,62.3253
64,16384,2,32768,76.768
64,16384,4,16,51.1247
64,16384,4,32,51.0723
64,16384,4,64,51.2427
64,16384,4,128,50.7413
64,16384,4,256,50.88
64,16384,4,512,49.8237
64,16384,4,1024,53.6533
64,16384,4,2048,53.1623
64,16384,4,4096,57.1093
64,16384,4,8192,63.9787
64,16384,4,16384,75.8607
64,16384,4,32768,118.859
64,16384,8,16,50.7843
64,16384,8,32,51.0187
64,16384,8,64,50.891
64,16384,8,128,50.913
64,16384,8,256,50.0467
64,16384,8,512,52.907
64,16384,8,1024,51.7867
64,16384,8,2048,56.48
64,16384,8,4096,75.7657
64,16384,8,8192,76.6077
64,16384,8,16384,172.512
64,16384,8,32768,206.165
64,16384,16,16,51.1463
64,16384,16,32,50.5387
64,16384,16,64,51.0503
64,16384,16,128,53.536
64,16384,16,256,53.1623
64,16384,16,512,55.477
64,16384,16,1024,57.2797
64,16384,16,2048,77.6427
64,16384,16,4096,77.6633
64,16384,16,8192,139.616
64,16384,16,16384,260.864
64,16384,16,32768,513.781
64,16384,32,16,53.333
64,16384,32,32,53.312
64,16384,32,64,53.2693
64,16384,32,128,56.6827
64,16384,32,256,58.997
64,16384,32,512,61.6967
64,16384,32,1024,69.8667
64,16384,32,2048,81.4937
64,16384,32,4096,141.173
64,16384,32,8192,261.632
64,16384,32,16384,515.818
64,16384,32,32768,855.36
64,16384,64,16,57.1623
64,16384,64,32,57.0343
64,16384,64,64,57.376
64,16384,64,128,62.1547
64,16384,64,256,64.8427
64,16384,64,512,74.2827
64,16384,64,1024,91.0507
64,16384,64,2048,134.56
64,16384,64,4096,219.456
64,16384,64,8192,430.966
64,16384,64,16384,865.62
64,16384,64,32768,1505.75
64,16384,128,16,67.4877
64,16384,128,32,67.637
64,16384,128,64,68.0857
64,16384,128,128,75.4877
64,16384,128,256,80.459
64,16384,128,512,101.856
64,16384,128,1024,143.509
64,16384,128,2048,215.093
64,16384,128,4096,390.496
64,16384,128,8192,780.224
64,16384,128,16384,1381.82
64,16384,128,32768,2707.73
64,32768,0,0,74.741
64,32768,1,16,75.2313
64,32768,1,32,75.3813
64,32768,1,64,75.1253
64,32768,1,128,75.1787
64,32768,1,256,75.2
64,32768,1,512,75.1787
64,32768,1,1024,75.5523
64,32768,1,2048,75.2203
64,32768,1,4096,75.2533
64,32768,1,8192,80.576
64,32768,1,16384,80.5973
64,32768,1,32768,89.5253
64,32768,2,16,75.7973
64,32768,2,32,75.7867
64,32768,2,64,75.776
64,32768,2,128,75.7227
64,32768,2,256,76.0743
64,32768,2,512,75.7867
64,32768,2,1024,75.691
64,32768,2,2048,75.7977
64,32768,2,4096,81.2053
64,32768,2,8192,81.3547
64,32768,2,16384,89.5783
64,32768,2,32768,104.704
64,32768,4,16,75.6693
64,32768,4,32,75.872
64,32768,4,64,75.7973
64,32768,4,128,75.8507
64,32768,4,256,75.7013
64,32768,4,512,75.904
64,32768,4,1024,79.0077
64,32768,4,2048,81.7387
64,32768,4,4096,81.8133
64,32768,4,8192,90.6133
64,32768,4,16384,105.419
64,32768,4,32768,131.52
64,32768,8,16,75.8083
64,32768,8,32,75.8083
64,32768,8,64,75.8293
64,32768,8,128,75.392
64,32768,8,256,75.829
64,32768,8,512,75.3493
64,32768,8,1024,80.9067
64,32768,8,2048,81.0133
64,32768,8,4096,89.8987
64,32768,8,8192,127.787
64,32768,8,16384,131.403
64,32768,8,32768,320.8
64,32768,16,16,75.978
64,32768,16,32,75.9573
64,32768,16,64,76.1177
64,32768,16,128,74.7517
64,32768,16,256,79.659
64,32768,16,512,81.5887
64,32768,16,1024,85.4083
64,32768,16,2048,90.6773
64,32768,16,4096,129.696
64,32768,16,8192,133.963
64,32768,16,16384,251.073
64,32768,16,32768,495.392
64,32768,32,16,78.495
64,32768,32,32,78.9333
64,32768,32,64,78.5817
64,32768,32,128,81.376
64,32768,32,256,81.5787
64,32768,32,512,87.0397
64,32768,32,1024,90.7307
64,32768,32,2048,109.386
64,32768,32,4096,138.816
64,32768,32,8192,253.109
64,32768,32,16384,500.853
64,32768,32,32768,1028.44
64,32768,64,16,81.6003
64,32768,64,32,81.568
64,32768,64,64,81.4183
64,32768,64,128,87.168
64,32768,64,256,88.7143
64,32768,64,512,98.6987
64,32768,64,1024,108.085
64,32768,64,2048,148.395
64,32768,64,4096,243.05
64,32768,64,8192,411.722
64,32768,64,16384,831.093
64,32768,64,32768,1704.37
64,32768,128,16,91.8933
64,32768,128,32,92.1493
64,32768,128,64,92.192
64,32768,128,128,97.696
64,32768,128,256,107.381
64,32768,128,512,121.792
64,32768,128,1024,156.544
64,32768,128,2048,234.368
64,32768,128,4096,392.533
64,32768,128,8192,743.093
64,32768,128,16384,1512.28
64,32768,128,32768,2725.96
128,0,0,0,15.9787
128,0,1,16,15.4027
128,0,1,32,15.5083
128,0,1,64,15.8403
128,0,1,128,16.1923
128,0,1,256,17.6433
128,0,1,512,18.5173
128,0,1,1024,20.5753
128,0,1,2048,23.584
128,0,1,4096,30.208
128,0,1,8192,42.656
128,0,1,16384,68.1277
128,0,1,32768,119.008
128,0,2,16,15.4777
128,0,2,32,15.254
128,0,2,64,15.3377
128,0,2,128,16.428
128,0,2,256,17.6743
128,0,2,512,19.1357
128,0,2,1024,20.746
128,0,2,2048,24
128,0,2,4096,30.145
128,0,2,8192,43.0403
128,0,2,16384,68.864
128,0,2,32768,118.677
128,0,4,16,15.381
128,0,4,32,15.3703
128,0,4,64,15.2537
128,0,4,128,16.5757
128,0,4,256,17.835
128,0,4,512,20.4267
128,0,4,1024,22.0267
128,0,4,2048,25.6853
128,0,4,4096,32.352
128,0,4,8192,46.005
128,0,4,16384,71.5307
128,0,4,32768,122.379
128,0,8,16,15.6053
128,0,8,32,15.595
128,0,8,64,15.7337
128,0,8,128,17.099
128,0,8,256,18.0587
128,0,8,512,20.992
128,0,8,1024,23.4343
128,0,8,2048,31.4767
128,0,8,4096,43.349
128,0,8,8192,64.0747
128,0,8,16384,106.837
128,0,8,32768,190.155
128,0,16,16,15.5627
128,0,16,32,15.637
128,0,16,64,15.7437
128,0,16,128,17.2907
128,0,16,256,18.1013
128,0,16,512,27.1577
128,0,16,1024,32.5013
128,0,16,2048,44.416
128,0,16,4096,65.3217
128,0,16,8192,106.635
128,0,16,16384,190.517
128,0,16,32768,360.821
128,0,32,16,20.4483
128,0,32,32,20.9493
128,0,32,64,20.704
128,0,32,128,22.5067
128,0,32,256,24.3627
128,0,32,512,32.405
128,0,32,1024,45.1307
128,0,32,2048,68.7893
128,0,32,4096,108.342
128,0,32,8192,192.533
128,0,32,16384,362.773
128,0,32,32768,700.128
128,0,64,16,25.1623
128,0,64,32,25.365
128,0,64,64,25.3537
128,0,64,128,29.1627
128,0,64,256,33.3013
128,0,64,512,49.408
128,0,64,1024,70.699
128,0,64,2048,113.397
128,0,64,4096,195.232
128,0,64,8192,362.901
128,0,64,16384,699.69
128,0,64,32768,1371.88
128,0,128,16,34.56
128,0,128,32,34.624
128,0,128,64,34.5387
128,0,128,128,40.96
128,0,128,256,50.1543
128,0,128,512,79.4347
128,0,128,1024,117.131
128,0,128,2048,201.333
128,0,128,4096,366.357
128,0,128,8192,696.651
128,0,128,16384,1362.53
128,0,128,32768,2695.51
128,16,0,0,16.7893
128,16,1,16,16.3097
128,16,1,32,16.5123
128,16,1,64,16.3627
128,16,1,128,16.3733
128,16,1,256,17.568
128,16,1,512,20.6403
128,16,1,1024,22.24
128,16,1,2048,23.691
128,16,1,4096,29.888
128,16,1,8192,42.4747
128,16,1,16384,68.3627
128,16,1,32768,119.221
128,16,2,16,16.3837
128,16,2,32,16.363
128,16,2,64,16.4377
128,16,2,128,16.4373
128,16,2,256,17.7067
128,16,2,512,21.6327
128,16,2,1024,21.0453
128,16,2,2048,24.1493
128,16,2,4096,30.2297
128,16,2,8192,43.1147
128,16,2,16384,68.2983
128,16,2,32768,119.008
128,16,4,16,16.4373
128,16,4,32,16.5017
128,16,4,64,16.4057
128,16,4,128,16.362
128,16,4,256,17.7273
128,16,4,512,21.0347
128,16,4,1024,22.0053
128,16,4,2048,25.2373
128,16,4,4096,32.054
128,16,4,8192,45.311
128,16,4,16384,72.0747
128,16,4,32768,122.4
128,16,8,16,16.469
128,16,8,32,16.448
128,16,8,64,16.5437
128,16,8,128,17.0027
128,16,8,256,17.92
128,16,8,512,21.344
128,16,8,1024,23.7013
128,16,8,2048,29.3547
128,16,8,4096,43.7017
128,16,8,8192,65.0987
128,16,8,16384,106.805
128,16,8,32768,189.813
128,16,16,16,17.1093
128,16,16,32,16.9067
128,16,16,64,16.9387
128,16,16,128,17.3013
128,16,16,256,18.368
128,16,16,512,28.0743
128,16,16,1024,33.088
128,16,16,2048,44.2133
128,16,16,4096,66.496
128,16,16,8192,108.469
128,16,16,16384,190.251
128,16,16,32768,362.666
128,16,32,16,20.2763
128,16,32,32,20.4587
128,16,32,64,20.608
128,16,32,128,22.752
128,16,32,256,24.2133
128,16,32,512,33.066
128,16,32,1024,44.8
128,16,32,2048,67.1567
128,16,32,4096,108.874
128,16,32,8192,193.024
128,16,32,16384,362.827
128,16,32,32768,701.332
128,16,64,16,24.9493
128,16,64,32,25.088
128,16,64,64,25.5577
128,16,64,128,29.216
128,16,64,256,33.1947
128,16,64,512,50.0153
128,16,64,1024,71.2527
128,16,64,2048,111.648
128,16,64,4096,196.48
128,16,64,8192,364.299
128,16,64,16384,699.211
128,16,64,32768,1373.71
128,16,128,16,34.3777
128,16,128,32,34.4537
128,16,128,64,34.8367
128,16,128,128,41.44
128,16,128,256,50.496
128,16,128,512,74.176
128,16,128,1024,117.429
128,16,128,2048,200.054
128,16,128,4096,367.061
128,16,128,8192,696.746
128,16,128,16384,1363
128,16,128,32768,2698.89
128,32,0,0,16.7467
128,32,1,16,16.2027
128,32,1,32,16.533
128,32,1,64,16.5113
128,32,1,128,16.565
128,32,1,256,17.728
128,32,1,512,21.3437
128,32,1,1024,22.176
128,32,1,2048,23.6373
128,32,1,4096,29.952
128,32,1,8192,42.432
128,32,1,16384,68.117
128,32,1,32768,120.405
128,32,2,16,16.5017
128,32,2,32,16.5443
128,32,2,64,16.5027
128,32,2,128,16.4797
128,32,2,256,17.8347
128,32,2,512,21.4507
128,32,2,1024,20.8857
128,32,2,2048,24.0003
128,32,2,4096,30.4843
128,32,2,8192,43.0613
128,32,2,16384,68.7043
128,32,2,32768,119.189
128,32,4,16,16.8213
128,32,4,32,16.576
128,32,4,64,16.7573
128,32,4,128,16.4907
128,32,4,256,17.8133
128,32,4,512,20.928
128,32,4,1024,21.6853
128,32,4,2048,25.365
128,32,4,4096,31.818
128,32,4,8192,45.8773
128,32,4,16384,72.064
128,32,4,32768,122.347
128,32,8,16,16.4587
128,32,8,32,16.395
128,32,8,64,16.5543
128,32,8,128,16.96
128,32,8,256,18.2403
128,32,8,512,20.726
128,32,8,1024,23.413
128,32,8,2048,29.92
128,32,8,4096,43.7333
128,32,8,8192,65.7063
128,32,8,16384,106.336
128,32,8,32768,190.411
128,32,16,16,17.1627
128,32,16,32,17.077
128,32,16,64,17.184
128,32,16,128,17.2907
128,32,16,256,18.506
128,32,16,512,27.989
128,32,16,1024,32.7037
128,32,16,2048,44.5127
128,32,16,4096,65.771
128,32,16,8192,108.384
128,32,16,16384,191.69
128,32,16,32768,361.098
128,32,32,16,20.7787
128,32,32,32,20.5333
128,32,32,64,20.704
128,32,32,128,23.2633
128,32,32,256,25.1943
128,32,32,512,33.6853
128,32,32,1024,45.9097
128,32,32,2048,68.5337
128,32,32,4096,108.789
128,32,32,8192,191.915
128,32,32,16384,359.701
128,32,32,32768,701.695
128,32,64,16,25.088
128,32,64,32,25.067
128,32,64,64,25.4723
128,32,64,128,29.312
128,32,64,256,33.322
128,32,64,512,48.768
128,32,64,1024,69.3973
128,32,64,2048,112.384
128,32,64,4096,196.448
128,32,64,8192,362.261
128,32,64,16384,698.933
128,32,64,32768,1370.36
128,32,128,16,34.1333
128,32,128,32,34.464
128,32,128,64,34.9117
128,32,128,128,41.952
128,32,128,256,50.2293
128,32,128,512,76.6933
128,32,128,1024,116.065
128,32,128,2048,199.701
128,32,128,4096,365.472
128,32,128,8192,696.544
128,32,128,16384,1361.67
128,32,128,32768,2696.95
128,64,0,0,17.248
128,64,1,16,17.0033
128,64,1,32,16.907
128,64,1,64,16.8327
128,64,1,128,17.088
128,64,1,256,17.5253
128,64,1,512,20.96
128,64,1,1024,22.2297
128,64,1,2048,23.7117
128,64,1,4096,30.2187
128,64,1,8192,42.208
128,64,1,16384,68.256
128,64,1,32768,119.093
128,64,2,16,17.024
128,64,2,32,16.7677
128,64,2,64,17.0133
128,64,2,128,16.757
128,64,2,256,17.7497
128,64,2,512,21.7383
128,64,2,1024,21.099
128,64,2,2048,24.1067
128,64,2,4096,30.1867
128,64,2,8192,43.2847
128,64,2,16384,68.4163
128,64,2,32768,118.827
128,64,4,16,16.992
128,64,4,32,16.8103
128,64,4,64,17.0243
128,64,4,128,16.928
128,64,4,256,17.7493
128,64,4,512,20.992
128,64,4,1024,22.4313
128,64,4,2048,25.5893
128,64,4,4096,32.6827
128,64,4,8192,46.7627
128,64,4,16384,71.414
128,64,4,32768,122.39
128,64,8,16,16.8533
128,64,8,32,16.7897
128,64,8,64,16.9703
128,64,8,128,16.917
128,64,8,256,18.08
128,64,8,512,21.365
128,64,8,1024,23.0403
128,64,8,2048,29.5573
128,64,8,4096,43.8823
128,64,8,8192,65.781
128,64,8,16384,107.52
128,64,8,32768,190.165
128,64,16,16,17.1517
128,64,16,32,17.344
128,64,16,64,17.387
128,64,16,128,17.248
128,64,16,256,18.5383
128,64,16,512,28.3627
128,64,16,1024,32.8107
128,64,16,2048,44.7253
128,64,16,4096,66.4423
128,64,16,8192,108.566
128,64,16,16384,189.44
128,64,16,32768,360.81
128,64,32,16,20.3837
128,64,32,32,20.48
128,64,32,64,20.737
128,64,32,128,23.616
128,64,32,256,25.3543
128,64,32,512,33.1103
128,64,32,1024,45.92
128,64,32,2048,68.3097
128,64,32,4096,109.131
128,64,32,8192,193.845
128,64,32,16384,365.568
128,64,32,32768,697.931
128,64,64,16,25.4403
128,64,64,32,25.0343
128,64,64,64,25.2267
128,64,64,128,29.7187
128,64,64,256,33.8457
128,64,64,512,49.408
128,64,64,1024,71.5413
128,64,64,2048,113.365
128,64,64,4096,196.277
128,64,64,8192,364.319
128,64,64,16384,700.437
128,64,64,32768,1364.52
128,64,128,16,34.2727
128,64,128,32,34.4317
128,64,128,64,34.9017
128,64,128,128,41.386
128,64,128,256,51.1037
128,64,128,512,75.744
128,64,128,1024,117.973
128,64,128,2048,201.567
128,64,128,4096,366.037
128,64,128,8192,697.579
128,64,128,16384,1367.84
128,64,128,32768,2695.38
128,128,0,0,17.7383
128,128,1,16,17.2373
128,128,1,32,17.1413
128,128,1,64,17.1097
128,128,1,128,17.2793
128,128,1,256,17.877
128,128,1,512,21.4403
128,128,1,1024,22.464
128,128,1,2048,23.648
128,128,1,4096,29.9093
128,128,1,8192,42.336
128,128,1,16384,68.2023
128,128,1,32768,119.125
128,128,2,16,17.1417
128,128,2,32,17.0233
128,128,2,64,17.1733
128,128,2,128,16.928
128,128,2,256,17.7923
128,128,2,512,22.6453
128,128,2,1024,20.5227
128,128,2,2048,23.9353
128,128,2,4096,30.155
128,128,2,8192,43.0177
128,128,2,16384,68.8963
128,128,2,32768,119.018
128,128,4,16,17.056
128,128,4,32,17.29
128,128,4,64,17.2163
128,128,4,128,16.8843
128,128,4,256,17.7387
128,128,4,512,21.9413
128,128,4,1024,21.9733
128,128,4,2048,25.525
128,128,4,4096,32.192
128,128,4,8192,45.952
128,128,4,16384,71.7543
128,128,4,32768,123.221
128,128,8,16,17.2373
128,128,8,32,17.248
128,128,8,64,17.2587
128,128,8,128,17.323
128,128,8,256,18.24
128,128,8,512,21.7277
128,128,8,1024,23.4987
128,128,8,2048,29.3973
128,128,8,4096,45.067
128,128,8,8192,66.6877
128,128,8,16384,108.245
128,128,8,32768,190.539
128,128,16,16,17.3443
128,128,16,32,17.4827
128,128,16,64,17.696
128,128,16,128,17.184
128,128,16,256,18.2827
128,128,16,512,28.7677
128,128,16,1024,34.3473
128,128,16,2048,45.376
128,128,16,4096,66.432
128,128,16,8192,107.904
128,128,16,16384,189.813
128,128,16,32768,360.277
128,128,32,16,20.5123
128,128,32,32,20.5223
128,128,32,64,20.8747
128,128,32,128,23.7543
128,128,32,256,25.856
128,128,32,512,34.688
128,128,32,1024,46.1333
128,128,32,2048,68.3307
128,128,32,4096,111.328
128,128,32,8192,192.501
128,128,32,16384,362.709
128,128,32,32768,702.272
128,128,64,16,25.0983
128,128,64,32,25.248
128,128,64,64,25.0987
128,128,64,128,30.048
128,128,64,256,34.8373
128,128,64,512,52.309
128,128,64,1024,71.4237
128,128,64,2048,113.355
128,128,64,4096,197.024
128,128,64,8192,366.24
128,128,64,16384,703.808
128,128,64,32768,1369.71
128,128,128,16,34.4747
128,128,128,32,34.292
128,128,128,64,34.8913
128,128,128,128,42.293
128,128,128,256,51.2533
128,128,128,512,82.2393
128,128,128,1024,118.325
128,128,128,2048,203.861
128,128,128,4096,367.467
128,128,128,8192,698.121
128,128,128,16384,1364.81
128,128,128,32768,2692.12
128,256,0,0,18.7097
128,256,1,16,18.272
128,256,1,32,18.325
128,256,1,64,18.2823
128,256,1,128,18.272
128,256,1,256,18.1657
128,256,1,512,22.912
128,256,1,1024,22.8373
128,256,1,2048,26.1017
128,256,1,4096,32.0313
128,256,1,8192,42.2933
128,256,1,16384,67.7233
128,256,1,32768,118.859
128,256,2,16,18.2827
128,256,2,32,18.0907
128,256,2,64,18.208
128,256,2,128,18.272
128,256,2,256,18.0907
128,256,2,512,23.872
128,256,2,1024,23.328
128,256,2,2048,26.4213
128,256,2,4096,30.24
128,256,2,8192,42.976
128,256,2,16384,68.7787
128,256,2,32768,118.848
128,256,4,16,18.218
128,256,4,32,18.2087
128,256,4,64,17.994
128,256,4,128,18.1763
128,256,4,256,18.1653
128,256,4,512,23.8723
128,256,4,1024,23.69
128,256,4,2048,25.547
128,256,4,4096,31.947
128,256,4,8192,45.846
128,256,4,16384,71.104
128,256,4,32768,122.059
128,256,8,16,18.315
128,256,8,32,18.1233
128,256,8,64,18.2293
128,256,8,128,18.346
128,256,8,256,18.304
128,256,8,512,23.499
128,256,8,1024,23.5523
128,256,8,2048,29.2367
128,256,8,4096,46.6243
128,256,8,8192,67.1353
128,256,8,16384,108.757
128,256,8,32768,191.167
128,256,16,16,18.496
128,256,16,32,18.528
128,256,16,64,18.4213
128,256,16,128,18.645
128,256,16,256,18.4427
128,256,16,512,29.3117
128,256,16,1024,34.784
128,256,16,2048,46.3573
128,256,16,4096,67.9573
128,256,16,8192,109.43
128,256,16,16384,191.733
128,256,16,32768,360.16
128,256,32,16,20.4907
128,256,32,32,20.5873
128,256,32,64,20.5653
128,256,32,128,23.7547
128,256,32,256,26.6027
128,256,32,512,35.916
128,256,32,1024,47.2213
128,256,32,2048,69.6533
128,256,32,4096,111.936
128,256,32,8192,195.2
128,256,32,16384,362.144
128,256,32,32768,704.788
128,256,64,16,25.312
128,256,64,32,25.195
128,256,64,64,25.248
128,256,64,128,29.7607
128,256,64,256,34.7203
128,256,64,512,54.123
128,256,64,1024,74.5817
128,256,64,2048,115.349
128,256,64,4096,197.002
128,256,64,8192,363.669
128,256,64,16384,701.354
128,256,64,32768,1370.23
128,256,128,16,34.528
128,256,128,32,34.5597
128,256,128,64,35.0503
128,256,128,128,42.3253
128,256,128,256,51.125
128,256,128,512,84.0957
128,256,128,1024,121.823
128,256,128,2048,203.893
128,256,128,4096,365.706
128,256,128,8192,698.987
128,256,128,16384,1365.79
128,256,128,32768,2691.91
128,512,0,0,24.2773
128,512,1,16,24.992
128,512,1,32,25.2903
128,512,1,64,25.4717
128,512,1,128,24.704
128,512,1,256,23.9253
128,512,1,512,24.512
128,512,1,1024,23.7867
128,512,1,2048,26.2187
128,512,1,4096,32.2347
128,512,1,8192,44.9173
128,512,1,16384,67.904
128,512,1,32768,119.049
128,512,2,16,25.503
128,512,2,32,25.2373
128,512,2,64,25.718
128,512,2,128,25.2053
128,512,2,256,25.312
128,512,2,512,24.6507
128,512,2,1024,24.3943
128,512,2,2048,26.838
128,512,2,4096,33.1947
128,512,2,8192,43.0833
128,512,2,16384,68.5123
128,512,2,32768,119.061
128,512,4,16,24.5227
128,512,4,32,25.0663
128,512,4,64,24.8647
128,512,4,128,25.6853
128,512,4,256,24.0537
128,512,4,512,29.1097
128,512,4,1024,25.9093
128,512,4,2048,27.1897
128,512,4,4096,32.736
128,512,4,8192,46.4007
128,512,4,16384,71.7867
128,512,4,32768,123.061
128,512,8,16,25.9617
128,512,8,32,25.3333
128,512,8,64,25.546
128,512,8,128,25.899
128,512,8,256,25.792
128,512,8,512,25.7503
128,512,8,1024,32.6933
128,512,8,2048,29.7187
128,512,8,4096,41.1733
128,512,8,8192,69.3863
128,512,8,16384,111.211
128,512,8,32768,194.667
128,512,16,16,28.0747
128,512,16,32,27.9787
128,512,16,64,27.808
128,512,16,128,25.0453
128,512,16,256,26.1337
128,512,16,512,32.1063
128,512,16,1024,36.6617
128,512,16,2048,49.216
128,512,16,4096,69.7383
128,512,16,8192,112.768
128,512,16,16384,195.264
128,512,16,32768,363.679
128,512,32,16,26.6773
128,512,32,32,26.6463
128,512,32,64,26.6023
128,512,32,128,31.306
128,512,32,256,30.155
128,512,32,512,38.7733
128,512,32,1024,50.5597
128,512,32,2048,72.3953
128,512,32,4096,114.773
128,512,32,8192,196.971
128,512,32,16384,365.738
128,512,32,32768,705.707
128,512,64,16,31.4557
128,512,64,32,31.381
128,512,64,64,31.9573
128,512,64,128,34.7097
128,512,64,256,41.525
128,512,64,512,55.1573
128,512,64,1024,78.3037
128,512,64,2048,115.2
128,512,64,4096,202.837
128,512,64,8192,365.696
128,512,64,16384,703.444
128,512,64,32768,1370.43
128,512,128,16,40.512
128,512,128,32,40.586
128,512,128,64,40.8533
128,512,128,128,48.8747
128,512,128,256,58.796
128,512,128,512,85.9527
128,512,128,1024,129.109
128,512,128,2048,205.504
128,512,128,4096,373.077
128,512,128,8192,698.058
128,512,128,16384,1368.58
128,512,128,32768,2702.72
128,1024,0,0,28.032
128,1024,1,16,28.17
128,1024,1,32,28.1273
128,1024,1,64,27.8397
128,1024,1,128,27.7863
128,1024,1,256,28.0103
128,1024,1,512,26.645
128,1024,1,1024,28.3097
128,1024,1,2048,26.1333
128,1024,1,4096,32.427
128,1024,1,8192,44.843
128,1024,1,16384,70.699
128,1024,1,32768,119.04
128,1024,2,16,28.3197
128,1024,2,32,28.4373
128,1024,2,64,28.3097
128,1024,2,128,28.3097
128,1024,2,256,28.661
128,1024,2,512,27.754
128,1024,2,1024,28.32
128,1024,2,2048,27.104
128,1024,2,4096,33.088
128,1024,2,8192,45.7493
128,1024,2,16384,68.8213
128,1024,2,32768,118.975
128,1024,4,16,28.043
128,1024,4,32,28.289
128,1024,4,64,27.9253
128,1024,4,128,27.3483
128,1024,4,256,28.5437
128,1024,4,512,27.755
128,1024,4,1024,34.3573
128,1024,4,2048,28.8953
128,1024,4,4096,34.8053
128,1024,4,8192,46.048
128,1024,4,16384,72.0213
128,1024,4,32768,123.381
128,1024,8,16,27.9993
128,1024,8,32,27.9777
128,1024,8,64,28.3093
128,1024,8,128,28.0317
128,1024,8,256,28.448
128,1024,8,512,34.08
128,1024,8,1024,28.7573
128,1024,8,2048,40.4053
128,1024,8,4096,41.5573
128,1024,8,8192,73.9627
128,1024,8,16384,114.176
128,1024,8,32768,197.813
128,1024,16,16,26.5387
128,1024,16,32,26.7087
128,1024,16,64,26.6133
128,1024,16,128,29.5997
128,1024,16,256,34.1013
128,1024,16,512,28.811
128,1024,16,1024,39.008
128,1024,16,2048,51.6693
128,1024,16,4096,74.3257
128,1024,16,8192,116.128
128,1024,16,16384,196.405
128,1024,16,32768,364.458
128,1024,32,16,31.6267
128,1024,32,32,31.7233
128,1024,32,64,31.6373
128,1024,32,128,29.728
128,1024,32,256,32.2987
128,1024,32,512,40.1593
128,1024,32,1024,54.3787
128,1024,32,2048,74.8053
128,1024,32,4096,118.442
128,1024,32,8192,201.856
128,1024,32,16384,373.035
128,1024,32,32768,706.218
128,1024,64,16,33.5573
128,1024,64,32,33.8767
128,1024,64,64,33.6637
128,1024,64,128,36.3733
128,1024,64,256,40.7893
128,1024,64,512,54.208
128,1024,64,1024,81.483
128,1024,64,2048,121.856
128,1024,64,4096,205.737
128,1024,64,8192,370.209
128,1024,64,16384,709.076
128,1024,64,32768,1372.5
128,1024,128,16,43.637
128,1024,128,32,44.512
128,1024,128,64,43.883
128,1024,128,128,49.4927
128,1024,128,256,60.0957
128,1024,128,512,81.5677
128,1024,128,1024,132.256
128,1024,128,2048,212.095
128,1024,128,4096,375.797
128,1024,128,8192,702.474
128,1024,128,16384,1367.92
128,1024,128,32768,2712.61
128,2048,0,0,29.312
128,2048,1,16,30.6133
128,2048,1,32,30.6347
128,2048,1,64,30.763
128,2048,1,128,30.9333
128,2048,1,256,30.4853
128,2048,1,512,30.3567
128,2048,1,1024,34.8693
128,2048,1,2048,30.966
128,2048,1,4096,32.8107
128,2048,1,8192,45.4723
128,2048,1,16384,70.4107
128,2048,1,32768,121.387
128,2048,2,16,30.944
128,2048,2,32,31.04
128,2048,2,64,31.156
128,2048,2,128,30.5493
128,2048,2,256,31.648
128,2048,2,512,35.05
128,2048,2,1024,31.648
128,2048,2,2048,31.8827
128,2048,2,4096,33.5893
128,2048,2,8192,46.303
128,2048,2,16384,72.0213
128,2048,2,32768,118.955
128,2048,4,16,29.5893
128,2048,4,32,29.8133
128,2048,4,64,29.8773
128,2048,4,128,31.1147
128,2048,4,256,32.5437
128,2048,4,512,31.4983
128,2048,4,1024,31.456
128,2048,4,2048,41.045
128,2048,4,4096,35.008
128,2048,4,8192,49.3113
128,2048,4,16384,72.661
128,2048,4,32768,123.52
128,2048,8,16,30.4
128,2048,8,32,30.0377
128,2048,8,64,30.2397
128,2048,8,128,31.9467
128,2048,8,256,31.861
128,2048,8,512,31.8933
128,2048,8,1024,38.9333
128,2048,8,2048,35.1893
128,2048,8,4096,57.8667
128,2048,8,8192,64.832
128,2048,8,16384,124.224
128,2048,8,32768,204.896
128,2048,16,16,31.968
128,2048,16,32,31.7123
128,2048,16,64,32.1173
128,2048,16,128,31.4557
128,2048,16,256,32.619
128,2048,16,512,39.541
128,2048,16,1024,35.4563
128,2048,16,2048,53.5573
128,2048,16,4096,81.8023
128,2048,16,8192,125.12
128,2048,16,16384,206.464
128,2048,16,32768,372.096
128,2048,32,16,34.4747
128,2048,32,32,34.5177
128,2048,32,64,34.5173
128,2048,32,128,36.5333
128,2048,32,256,39.0507
128,2048,32,512,40.0103
128,2048,32,1024,54.474
128,2048,32,2048,83.9363
128,2048,32,4096,127.243
128,2048,32,8192,210.795
128,2048,32,16384,382.624
128,2048,32,32768,721.77
128,2048,64,16,39.275
128,2048,64,32,38.6667
128,2048,64,64,38.997
128,2048,64,128,41.6963
128,2048,64,256,44.768
128,2048,64,512,54.8697
128,2048,64,1024,78.6023
128,2048,64,2048,132.224
128,2048,64,4096,211.702
128,2048,64,8192,380.298
128,2048,64,16384,704.512
128,2048,64,32768,1381.3
128,2048,128,16,47.616
128,2048,128,32,47.4137
128,2048,128,64,47.541
128,2048,128,128,56.565
128,2048,128,256,59.5097
128,2048,128,512,82.773
128,2048,128,1024,126.219
128,2048,128,2048,223.488
128,2048,128,4096,383.392
128,2048,128,8192,713.994
128,2048,128,16384,1372.74
128,2048,128,32768,2708.7
128,4096,0,0,36.7253
128,4096,1,16,37.1417
128,4096,1,32,37.1843
128,4096,1,64,36.96
128,4096,1,128,37.2057
128,4096,1,256,37.205
128,4096,1,512,37.44
128,4096,1,1024,37.1837
128,4096,1,2048,47.371
128,4096,1,4096,47.1147
128,4096,1,8192,45.6643
128,4096,1,16384,70.9763
128,4096,1,32768,120.992
128,4096,2,16,37.2267
128,4096,2,32,37.6427
128,4096,2,64,37.504
128,4096,2,128,37.258
128,4096,2,256,37.2373
128,4096,2,512,38.016
128,4096,2,1024,47.6477
128,4096,2,2048,47.9797
128,4096,2,4096,41.2377
128,4096,2,8192,46.5597
128,4096,2,16384,71.5193
128,4096,2,32768,122.251
128,4096,4,16,36.6613
128,4096,4,32,36.8743
128,4096,4,64,36.6187
128,4096,4,128,36.191
128,4096,4,256,38.2067
128,4096,4,512,41.1623
128,4096,4,1024,48.362
128,4096,4,2048,40.0633
128,4096,4,4096,59.0713
128,4096,4,8192,48.4267
128,4096,4,16384,76.2023
128,4096,4,32768,124.469
128,4096,8,16,36.32
128,4096,8,32,36.459
128,4096,8,64,36.363
128,4096,8,128,37.4613
128,4096,8,256,39.1043
128,4096,8,512,40.7253
128,4096,8,1024,40.704
128,4096,8,2048,50.8687
128,4096,8,4096,49.5253
128,4096,8,8192,89.547
128,4096,8,16384,109.589
128,4096,8,32768,223.445
128,4096,16,16,40.416
128,4096,16,32,41.1947
128,4096,16,64,41.0343
128,4096,16,128,42.7307
128,4096,16,256,41.2367
128,4096,16,512,39.605
128,4096,16,1024,52.1273
128,4096,16,2048,49.3227
128,4096,16,4096,80.9813
128,4096,16,8192,140.886
128,4096,16,16384,223.552
128,4096,16,32768,386.602
128,4096,32,16,41.632
128,4096,32,32,41.248
128,4096,32,64,41.1847
128,4096,32,128,43.179
128,4096,32,256,47.4987
128,4096,32,512,51.0927
128,4096,32,1024,54.2933
128,4096,32,2048,82.0267
128,4096,32,4096,143.008
128,4096,32,8192,227.168
128,4096,32,16384,396.843
128,4096,32,32768,732.288
128,4096,64,16,44.811
128,4096,64,32,45.2057
128,4096,64,64,45.355
128,4096,64,128,49.941
128,4096,64,256,56.298
128,4096,64,512,61.8243
128,4096,64,1024,80.1597
128,4096,64,2048,123.893
128,4096,64,4096,231.776
128,4096,64,8192,395.936
128,4096,64,16384,725.652
128,4096,64,32768,1393.25
128,4096,128,16,55.552
128,4096,128,32,55.8403
128,4096,128,64,56.9177
128,4096,128,128,62.9653
128,4096,128,256,68.96
128,4096,128,512,90.6557
128,4096,128,1024,127.573
128,4096,128,2048,213.567
128,4096,128,4096,408.48
128,4096,128,8192,730.826
128,4096,128,16384,1392.05
128,4096,128,32768,2715.39
128,8192,0,0,49.0987
128,8192,1,16,49.6427
128,8192,1,32,49.6107
128,8192,1,64,49.7277
128,8192,1,128,49.8877
128,8192,1,256,49.4613
128,8192,1,512,49.6107
128,8192,1,1024,49.429
128,8192,1,2048,49.8453
128,8192,1,4096,72.7467
128,8192,1,8192,73.0237
128,8192,1,16384,71.168
128,8192,1,32768,121.984
128,8192,2,16,49.9517
128,8192,2,32,49.717
128,8192,2,64,50.059
128,8192,2,128,49.952
128,8192,2,256,49.9303
128,8192,2,512,49.9733
128,8192,2,1024,50.3253
128,8192,2,2048,73.4187
128,8192,2,4096,73.696
128,8192,2,8192,57.184
128,8192,2,16384,72.1283
128,8192,2,32768,121.995
128,8192,4,16,50.1013
128,8192,4,32,49.9193
128,8192,4,64,50.112
128,8192,4,128,49.665
128,8192,4,256,48.842
128,8192,4,512,53.632
128,8192,4,1024,60.3943
128,8192,4,2048,73.802
128,8192,4,4096,57.4077
128,8192,4,8192,92.1807
128,8192,4,16384,75.6483
128,8192,4,32768,129.963
128,8192,8,16,48.747
128,8192,8,32,49.2483
128,8192,8,64,48.8533
128,8192,8,128,49.589
128,8192,8,256,51.36
128,8192,8,512,54.7947
128,8192,8,1024,61.9733
128,8192,8,2048,57.6957
128,8192,8,4096,76.4267
128,8192,8,8192,74.624
128,8192,8,16384,152.917
128,8192,8,32768,198.143
128,8192,16,16,52.7573
128,8192,16,32,52.7573
128,8192,16,64,52.8323
128,8192,16,128,55.2217
128,8192,16,256,57.1417
128,8192,16,512,60.2767
128,8192,16,1024,57.1943
128,8192,16,2048,77.909
128,8192,16,4096,78.805
128,8192,16,8192,135.317
128,8192,16,16384,256.181
128,8192,16,32768,421.62
128,8192,32,16,53.8343
128,8192,32,32,54.1657
128,8192,32,64,54.251
128,8192,32,128,55.914
128,8192,32,256,57.963
128,8192,32,512,61.5247
128,8192,32,1024,73.6323
128,8192,32,2048,80.2993
128,8192,32,4096,135.008
128,8192,32,8192,259.936
128,8192,32,16384,429.024
128,8192,32,32768,768.597
128,8192,64,16,58.8903
128,8192,64,32,59.4667
128,8192,64,64,59.6907
128,8192,64,128,63.168
128,8192,64,256,65.579
128,8192,64,512,78.1763
128,8192,64,1024,93.813
128,8192,64,2048,128.992
128,8192,64,4096,214.517
128,8192,64,8192,432.128
128,8192,64,16384,764.256
128,8192,64,32768,1433.78
128,8192,128,16,67.8397
128,8192,128,32,68.1923
128,8192,128,64,68.7353
128,8192,128,128,76.3413
128,8192,128,256,84.1817
128,8192,128,512,103.605
128,8192,128,1024,144.704
128,8192,128,2048,211.626
128,8192,128,4096,389.045
128,8192,128,8192,778.218
128,8192,128,16384,1430.55
128,8192,128,32768,2757.26
128,16384,0,0,74.539
128,16384,1,16,74.5063
128,16384,1,32,74.9333
128,16384,1,64,74.6567
128,16384,1,128,74.72
128,16384,1,256,74.7307
128,16384,1,512,74.7523
128,16384,1,1024,74.794
128,16384,1,2048,74.4647
128,16384,1,4096,74.656
128,16384,1,8192,123.829
128,16384,1,16384,123.701
128,16384,1,32768,122.091
128,16384,2,16,74.6457
128,16384,2,32,74.8693
128,16384,2,64,74.912
128,16384,2,128,75.1143
128,16384,2,256,74.944
128,16384,2,512,74.89
128,16384,2,1024,75.1573
128,16384,2,2048,75.936
128,16384,2,4096,124.139
128,16384,2,8192,124.448
128,16384,2,16384,91.4133
128,16384,2,32768,124.138
128,16384,4,16,74.9227
128,16384,4,32,74.7953
128,16384,4,64,75.093
128,16384,4,128,74.9547
128,16384,4,256,74.9227
128,16384,4,512,74.944
128,16384,4,1024,86.272
128,16384,4,2048,99.0617
128,16384,4,4096,125.088
128,16384,4,8192,90.6773
128,16384,4,16384,161.515
128,16384,4,32768,132.533
128,16384,8,16,75.3173
128,16384,8,32,75.8613
128,16384,8,64,75.2533
128,16384,8,128,75.7333
128,16384,8,256,76.3727
128,16384,8,512,79.903
128,16384,8,1024,86.7307
128,16384,8,2048,100.224
128,16384,8,4096,91.2953
128,16384,8,8192,128.555
128,16384,8,16384,128.032
128,16384,8,32768,276.512
128,16384,16,16,73.9207
128,16384,16,32,74.272
128,16384,16,64,74.368
128,16384,16,128,76.331
128,16384,16,256,79.008
128,16384,16,512,85.5467
128,16384,16,1024,92.4057
128,16384,16,2048,91.4027
128,16384,16,4096,129.366
128,16384,16,8192,136.299
128,16384,16,16384,241.632
128,16384,16,32768,486.186
128,16384,32,16,79.9893
128,16384,32,32,79.5307
128,16384,32,64,79.3697
128,16384,32,128,81.0557
128,16384,32,256,82.8583
128,16384,32,512,87.179
128,16384,32,1024,91.872
128,16384,32,2048,123.477
128,16384,32,4096,135.243
128,16384,32,8192,236.992
128,16384,32,16384,491.679
128,16384,32,32768,834.687
128,16384,64,16,85.0027
128,16384,64,32,84.256
128,16384,64,64,84.8853
128,16384,64,128,87.9147
128,16384,64,256,92.1173
128,16384,64,512,102.976
128,16384,64,1024,116.48
128,16384,64,2048,145.654
128,16384,64,4096,222.325
128,16384,64,8192,401.504
128,16384,64,16384,830.239
128,16384,64,32768,1487.5
128,16384,128,16,95.3063
128,16384,128,32,95.5093
128,16384,128,64,95.7653
128,16384,128,128,100.79
128,16384,128,256,109.226
128,16384,128,512,128.405
128,16384,128,1024,153.973
128,16384,128,2048,234.464
128,16384,128,4096,383.691
128,16384,128,8192,742.186
128,16384,128,16384,1509.51
128,16384,128,32768,2850.67
128,32768,0,0,125.451
128,32768,1,16,125.621
128,32768,1,32,125.066
128,32768,1,64,125.386
128,32768,1,128,125.302
128,32768,1,256,125.386
128,32768,1,512,125.792
128,32768,1,1024,125.664
128,32768,1,2048,125.802
128,32768,1,4096,125.749
128,32768,1,8192,125.685
128,32768,1,16384,225.003
128,32768,1,32768,226.304
128,32768,2,16,125.643
128,32768,2,32,125.771
128,32768,2,64,125.717
128,32768,2,128,125.494
128,32768,2,256,125.824
128,32768,2,512,125.557
128,32768,2,1024,125.535
128,32768,2,2048,125.792
128,32768,2,4096,127.093
128,32768,2,8192,225.941
128,32768,2,16384,225.994
128,32768,2,32768,159.094
128,32768,4,16,125.814
128,32768,4,32,125.866
128,32768,4,64,126.059
128,32768,4,128,125.653
128,32768,4,256,125.536
128,32768,4,512,125.696
128,32768,4,1024,125.792
128,32768,4,2048,137.12
128,32768,4,4096,175.414
128,32768,4,8192,226.721
128,32768,4,16384,160.139
128,32768,4,32768,297.589
128,32768,8,16,126.187
128,32768,8,32,126.559
128,32768,8,64,126.336
128,32768,8,128,126.582
128,32768,8,256,126.485
128,32768,8,512,126.858
128,32768,8,1024,137.418
128,32768,8,2048,150.645
128,32768,8,4096,176.992
128,32768,8,8192,160.16
128,32768,8,16384,231.52
128,32768,8,32768,233.472
128,32768,16,16,126.091
128,32768,16,32,125.696
128,32768,16,64,126.026
128,32768,16,128,126.027
128,32768,16,256,127.851
128,32768,16,512,132.117
128,32768,16,1024,141.664
128,32768,16,2048,156.758
128,32768,16,4096,160.203
128,32768,16,8192,232.533
128,32768,16,16384,250.934
128,32768,16,32768,468.319
128,32768,32,16,130.624
128,32768,32,32,130.027
128,32768,32,64,130.261
128,32768,32,128,132.085
128,32768,32,256,133.749
128,32768,32,512,138.134
128,32768,32,1024,151.093
128,32768,32,2048,160.266
128,32768,32,4096,216.427
128,32768,32,8192,239.455
128,32768,32,16384,443.189
128,32768,32,32768,961.279
128,32768,64,16,131.701
128,32768,64,32,131.52
128,32768,64,64,131.786
128,32768,64,128,139.2
128,32768,64,256,142.645
128,32768,64,512,152.459
128,32768,64,1024,160.608
128,32768,64,2048,198.251
128,32768,64,4096,253.781
128,32768,64,8192,409.791
128,32768,64,16384,768.149
128,32768,64,32768,1648.84
128,32768,128,16,142.987
128,32768,128,32,142.784
128,32768,128,64,143.445
128,32768,128,128,152.203
128,32768,128,256,162.794
128,32768,128,512,172.501
128,32768,128,1024,209.536
128,32768,128,2048,267.413
128,32768,128,4096,419.755
128,32768,128,8192,725.503
128,32768,128,16384,1451.07
128,32768,128,32768,3010.62
256,0,0,0,18.0373
256,0,1,16,18.0377
256,0,1,32,18.0907
256,0,1,64,17.9843
256,0,1,128,17.792
256,0,1,256,18.1547
256,0,1,512,21.8347
256,0,1,1024,24.9597
256,0,1,2048,31.4987
256,0,1,4096,44.1283
256,0,1,8192,69.1413
256,0,1,16384,119.733
256,0,1,32768,220.949
256,0,2,16,17.419
256,0,2,32,17.2053
256,0,2,64,17.4287
256,0,2,128,17.4623
256,0,2,256,17.8343
256,0,2,512,22.2503
256,0,2,1024,25.2693
256,0,2,2048,31.7017
256,0,2,4096,44.565
256,0,2,8192,69.909
256,0,2,16384,121.023
256,0,2,32768,222.368
256,0,4,16,17.984
256,0,4,32,18.048
256,0,4,64,18.1863
256,0,4,128,18.0587
256,0,4,256,18.688
256,0,4,512,22.432
256,0,4,1024,25.4823
256,0,4,2048,31.8827
256,0,4,4096,45.1527
256,0,4,8192,70.101
256,0,4,16384,120.735
256,0,4,32768,223.212
256,0,8,16,17.824
256,0,8,32,17.7057
256,0,8,64,17.6317
256,0,8,128,17.451
256,0,8,256,18.123
256,0,8,512,22.8587
256,0,8,1024,26.0907
256,0,8,2048,34.2713
256,0,8,4096,48.0537
256,0,8,8192,74.2613
256,0,8,16384,124.992
256,0,8,32768,227.478
256,0,16,16,18.827
256,0,16,32,19.019
256,0,16,64,19.1357
256,0,16,128,19.1257
256,0,16,256,19.9363
256,0,16,512,31.488
256,0,16,1024,35.3813
256,0,16,2048,47.9683
256,0,16,4096,70.4
256,0,16,8192,112.427
256,0,16,16384,197.44
256,0,16,32768,369.675
256,0,32,16,22.3573
256,0,32,32,22.5057
256,0,32,64,22.56
256,0,32,128,25.9307
256,0,32,256,27.4987
256,0,32,512,35.3063
256,0,32,1024,47.061
256,0,32,2048,69.2587
256,0,32,4096,113.131
256,0,32,8192,197.483
256,0,32,16384,368.33
256,0,32,32768,703.818
256,0,64,16,26.9767
256,0,64,32,26.8797
256,0,64,64,27.3063
256,0,64,128,32.011
256,0,64,256,35.2327
256,0,64,512,51.712
256,0,64,1024,71.7547
256,0,64,2048,115.786
256,0,64,4096,197.344
256,0,64,8192,367.989
256,0,64,16384,702.996
256,0,64,32768,1377.47
256,0,128,16,36.3093
256,0,128,32,36.31
256,0,128,64,36.9603
256,0,128,128,43.8827
256,0,128,256,52.096
256,0,128,512,78.8597
256,0,128,1024,119.904
256,0,128,2048,202.507
256,0,128,4096,368.352
256,0,128,8192,702.229
256,0,128,16384,1371.05
256,0,128,32768,2703.67
256,16,0,0,18.9123
256,16,1,16,18.496
256,16,1,32,18.5917
256,16,1,64,18.6347
256,16,1,128,18.7313
256,16,1,256,18.528
256,16,1,512,26.0797
256,16,1,1024,29.408
256,16,1,2048,31.2423
256,16,1,4096,43.7973
256,16,1,8192,69.12
256,16,1,16384,119.627
256,16,1,32768,220.822
256,16,2,16,18.3357
256,16,2,32,18.207
256,16,2,64,18.218
256,16,2,128,18.3253
256,16,2,256,18.1017
256,16,2,512,26.9437
256,16,2,1024,25.558
256,16,2,2048,31.9787
256,16,2,4096,44.2243
256,16,2,8192,69.7593
256,16,2,16384,121.045
256,16,2,32768,222.176
256,16,4,16,18.6347
256,16,4,32,18.7947
256,16,4,64,18.6027
256,16,4,128,18.5813
256,16,4,256,18.88
256,16,4,512,23.168
256,16,4,1024,25.5147
256,16,4,2048,32.031
256,16,4,4096,44.704
256,16,4,8192,70.2617
256,16,4,16384,121.109
256,16,4,32768,222.538
256,16,8,16,18.9227
256,16,8,32,18.88
256,16,8,64,18.9017
256,16,8,128,18.624
256,16,8,256,18.6663
256,16,8,512,22.997
256,16,8,1024,26.0583
256,16,8,2048,34.0587
256,16,8,4096,48.4907
256,16,8,8192,74.837
256,16,8,16384,125.142
256,16,8,32768,227.328
256,16,16,16,19.9787
256,16,16,32,19.9993
256,16,16,64,19.8503
256,16,16,128,20.0107
256,16,16,256,19.734
256,16,16,512,27.4247
256,16,16,1024,35.6693
256,16,16,2048,47.8503
256,16,16,4096,69.8667
256,16,16,8192,112.629
256,16,16,16384,198.005
256,16,16,32768,367.552
256,16,32,16,22.4643
256,16,32,32,22.4643
256,16,32,64,22.176
256,16,32,128,25.418
256,16,32,256,27.104
256,16,32,512,35.4347
256,16,32,1024,47.925
256,16,32,2048,69.6323
256,16,32,4096,113.525
256,16,32,8192,197.674
256,16,32,16384,367.21
256,16,32,32768,706.592
256,16,64,16,27.1787
256,16,64,32,26.9753
256,16,64,64,27.2747
256,16,64,128,31.477
256,16,64,256,35.5203
256,16,64,512,52.192
256,16,64,1024,72.9493
256,16,64,2048,114.795
256,16,64,4096,198.155
256,16,64,8192,367.05
256,16,64,16384,706.069
256,16,64,32768,1367.2
256,16,128,16,36.533
256,16,128,32,36.3947
256,16,128,64,36.8107
256,16,128,128,44.128
256,16,128,256,52.6927
256,16,128,512,78.9123
256,16,128,1024,119.722
256,16,128,2048,202.357
256,16,128,4096,370.069
256,16,128,8192,703.413
256,16,128,16384,1368.35
256,16,128,32768,2693.67
256,32,0,0,18.752
256,32,1,16,18.5173
256,32,1,32,18.6667
256,32,1,64,18.6243
256,32,1,128,18.4537
256,32,1,256,18.496
256,32,1,512,26.059
256,32,1,1024,29.728
256,32,1,2048,31.4343
256,32,1,4096,44.0533
256,32,1,8192,69.205
256,32,1,16384,119.797
256,32,1,32768,221.013
256,32,2,16,18.2403
256,32,2,32,18.0167
256,32,2,64,18.24
256,32,2,128,18.2827
256,32,2,256,18.3147
256,32,2,512,26.827
256,32,2,1024,25.365
256,32,2,2048,31.5413
256,32,2,4096,44.7683
256,32,2,8192,69.7383
256,32,2,16384,121.184
256,32,2,32768,222.602
256,32,4,16,18.7627
256,32,4,32,18.8477
256,32,4,64,18.6667
256,32,4,128,18.677
256,32,4,256,18.6133
256,32,4,512,23.1897
256,32,4,1024,25.419
256,32,4,2048,31.8187
256,32,4,4096,44.6713
256,32,4,8192,70.4427
256,32,4,16384,120.821
256,32,4,32768,222.581
256,32,8,16,18.5383
256,32,8,32,18.6133
256,32,8,64,18.7733
256,32,8,128,18.4423
256,32,8,256,18.5593
256,32,8,512,23.0933
256,32,8,1024,26.091
256,32,8,2048,33.888
256,32,8,4096,48.2983
256,32,8,8192,74.208
256,32,8,16384,124.885
256,32,8,32768,227.104
256,32,16,16,19.936
256,32,16,32,19.6907
256,32,16,64,20.2563
256,32,16,128,19.84
256,32,16,256,19.9573
256,32,16,512,26.8587
256,32,16,1024,36.299
256,32,16,2048,47.6477
256,32,16,4096,69.803
256,32,16,8192,112.256
256,32,16,16384,197.44
256,32,16,32768,369.056
256,32,32,16,22.3143
256,32,32,32,22.3253
256,32,32,64,22.635
256,32,32,128,25.771
256,32,32,256,27.744
256,32,32,512,36.0423
256,32,32,1024,48.0853
256,32,32,2048,69.8883
256,32,32,4096,113.824
256,32,32,8192,196.565
256,32,32,16384,368.501
256,32,32,32768,705.248
256,32,64,16,26.987
256,32,64,32,26.9013
256,32,64,64,27.0827
256,32,64,128,31.5523
256,32,64,256,36.2027
256,32,64,512,51.029
256,32,64,1024,73.024
256,32,64,2048,116.437
256,32,64,4096,199.595
256,32,64,8192,368.639
256,32,64,16384,705.301
256,32,64,32768,1374.18
256,32,128,16,36.448
256,32,128,32,36.384
256,32,128,64,36.7897
256,32,128,128,44.245
256,32,128,256,53.1093
256,32,128,512,78.997
256,32,128,1024,120.629
256,32,128,2048,202.731
256,32,128,4096,369.835
256,32,128,8192,700.639
256,32,128,16384,1366.04
256,32,128,32768,2713.46
256,64,0,0,19.0613
256,64,1,16,18.8907
256,64,1,32,19.168
256,64,1,64,18.997
256,64,1,128,18.8907
256,64,1,256,19.04
256,64,1,512,26.144
256,64,1,1024,29.3867
256,64,1,2048,31.4773
256,64,1,4096,44.0323
256,64,1,8192,69.461
256,64,1,16384,120.213
256,64,1,32768,220.885
256,64,2,16,18.6773
256,64,2,32,18.72
256,64,2,64,18.8163
256,64,2,128,18.5703
256,64,2,256,18.837
256,64,2,512,27.0823
256,64,2,1024,25.536
256,64,2,2048,31.8507
256,64,2,4096,44.5117
256,64,2,8192,70.1007
256,64,2,16384,120.747
256,64,2,32768,222.709
256,64,4,16,19.3067
256,64,4,32,18.9543
256,64,4,64,19.3173
256,64,4,128,19.1037
256,64,4,256,19.072
256,64,4,512,23.3067
256,64,4,1024,25.4717
256,64,4,2048,31.8823
256,64,4,4096,44.9497
256,64,4,8192,70.1013
256,64,4,16384,120.906
256,64,4,32768,222.837
256,64,8,16,18.73
256,64,8,32,18.6667
256,64,8,64,18.9013
256,64,8,128,18.8053
256,64,8,256,18.624
256,64,8,512,23.275
256,64,8,1024,25.952
256,64,8,2048,33.9627
256,64,8,4096,48.3097
256,64,8,8192,74.5063
256,64,8,16384,126.08
256,64,8,32768,227.552
256,64,16,16,19.9467
256,64,16,32,20.128
256,64,16,64,20.192
256,64,16,128,20.0427
256,64,16,256,20.192
256,64,16,512,27.0827
256,64,16,1024,36.4797
256,64,16,2048,48.64
256,64,16,4096,69.8447
256,64,16,8192,112.864
256,64,16,16384,198.315
256,64,16,32768,371.029
256,64,32,16,22.4757
256,64,32,32,22.315
256,64,32,64,22.4743
256,64,32,128,25.6853
256,64,32,256,28.139
256,64,32,512,36.7893
256,64,32,1024,48.9707
256,64,32,2048,70.4537
256,64,32,4096,114.783
256,64,32,8192,198.144
256,64,32,16384,366.218
256,64,32,32768,703.307
256,64,64,16,27.072
256,64,64,32,27.125
256,64,64,64,27.1573
256,64,64,128,32.1603
256,64,64,256,36.437
256,64,64,512,52.2563
256,64,64,1024,73.3433
256,64,64,2048,116.096
256,64,64,4096,198.538
256,64,64,8192,368.095
256,64,64,16384,705.099
256,64,64,32768,1365.47
256,64,128,16,36.384
256,64,128,32,36.4903
256,64,128,64,37.0457
256,64,128,128,44.8747
256,64,128,256,52.96
256,64,128,512,80.3733
256,64,128,1024,119.061
256,64,128,2048,203.519
256,64,128,4096,369.558
256,64,128,8192,700.906
256,64,128,16384,1368.79
256,64,128,32768,2697.91
256,128,0,0,19.0723
256,128,1,16,19.0507
256,128,1,32,18.6987
256,128,1,64,18.966
256,128,1,128,18.7627
256,128,1,256,18.891
256,128,1,512,33.76
256,128,1,1024,36.2667
256,128,1,2048,31.307
256,128,1,4096,43.8827
256,128,1,8192,69.4297
256,128,1,16384,120.042
256,128,1,32768,221.163
256,128,2,16,18.7947
256,128,2,32,18.7317
256,128,2,64,18.6443
256,128,2,128,18.655
256,128,2,256,18.6133
256,128,2,512,33.365
256,128,2,1024,25.7387
256,128,2,2048,31.925
256,128,2,4096,44.5547
256,128,2,8192,70.08
256,128,2,16384,121.066
256,128,2,32768,222.625
256,128,4,16,19.2213
256,128,4,32,19.0503
256,128,4,64,19.0187
256,128,4,128,19.0613
256,128,4,256,19.135
256,128,4,512,23.392
256,128,4,1024,25.4497
256,128,4,2048,32.085
256,128,4,4096,45.12
256,128,4,8192,70.1867
256,128,4,16384,121.163
256,128,4,32768,222.229
256,128,8,16,18.8907
256,128,8,32,18.7307
256,128,8,64,18.7307
256,128,8,128,18.7093
256,128,8,256,18.7947
256,128,8,512,23.6263
256,128,8,1024,25.9837
256,128,8,2048,34.006
256,128,8,4096,48.234
256,128,8,8192,74.0163
256,128,8,16384,125.397
256,128,8,32768,227.019
256,128,16,16,20.224
256,128,16,32,20.1063
256,128,16,64,20.1493
256,128,16,128,20.362
256,128,16,256,20.0323
256,128,16,512,27.4663
256,128,16,1024,36.448
256,128,16,2048,47.9253
256,128,16,4096,71.136
256,128,16,8192,113.632
256,128,16,16384,200.149
256,128,16,32768,369.781
256,128,32,16,22.208
256,128,32,32,22.1973
256,128,32,64,22.3573
256,128,32,128,25.5573
256,128,32,256,28.3837
256,128,32,512,36.6297
256,128,32,1024,48.1497
256,128,32,2048,70.4533
256,128,32,4096,114.037
256,128,32,8192,196.523
256,128,32,16384,366.902
256,128,32,32768,706.452
256,128,64,16,27.2213
256,128,64,32,27.051
256,128,64,64,27.2
256,128,64,128,31.9253
256,128,64,256,36.342
256,128,64,512,53.4507
256,128,64,1024,73.216
256,128,64,2048,115.275
256,128,64,4096,199.125
256,128,64,8192,366.005
256,128,64,16384,704.128
256,128,64,32768,1375.55
256,128,128,16,36.501
256,128,128,32,36.65
256,128,128,64,36.9063
256,128,128,128,44.4477
256,128,128,256,53.5357
256,128,128,512,82.912
256,128,128,1024,118.667
256,128,128,2048,203.509
256,128,128,4096,369.461
256,128,128,8192,702.079
256,128,128,16384,1369.07
256,128,128,32768,2702.28
256,256,0,0,20.5333
256,256,1,16,20.2987
256,256,1,32,20.4267
256,256,1,64,20.3093
256,256,1,128,20.4587
256,256,1,256,20.512
256,256,1,512,32.5757
256,256,1,1024,35.8613
256,256,1,2048,42.08
256,256,1,4096,44.107
256,256,1,8192,69.184
256,256,1,16384,119.851
256,256,1,32768,221.184
256,256,2,16,19.862
256,256,2,32,20
256,256,2,64,19.8293
256,256,2,128,19.7433
256,256,2,256,19.9577
256,256,2,512,33.4933
256,256,2,1024,35.904
256,256,2,2048,32.064
256,256,2,4096,44.491
256,256,2,8192,69.7277
256,256,2,16384,121.173
256,256,2,32768,222.923
256,256,4,16,20.534
256,256,4,32,20.4473
256,256,4,64,20.6933
256,256,4,128,20.5977
256,256,4,256,20.3947
256,256,4,512,33.269
256,256,4,1024,25.4613
256,256,4,2048,31.8613
256,256,4,4096,44.9497
256,256,4,8192,70.2717
256,256,4,16384,121.547
256,256,4,32768,222.528
256,256,8,16,20.16
256,256,8,32,20.0197
256,256,8,64,20.2767
256,256,8,128,20.1067
256,256,8,256,20.299
256,256,8,512,25.1303
256,256,8,1024,25.749
256,256,8,2048,34.3037
256,256,8,4096,47.6903
256,256,8,8192,73.8027
256,256,8,16384,125.621
256,256,8,32768,226.879
256,256,16,16,21.4823
256,256,16,32,21.2477
256,256,16,64,21.451
256,256,16,128,21.2803
256,256,16,256,21.504
256,256,16,512,27.2217
256,256,16,1024,37.5037
256,256,16,2048,48.64
256,256,16,4096,70.464
256,256,16,8192,113.546
256,256,16,16384,198.763
256,256,16,32768,369.76
256,256,32,16,22.3147
256,256,32,32,22.2503
256,256,32,64,22.218
256,256,32,128,25.2263
256,256,32,256,28.4267
256,256,32,512,38.2503
256,256,32,1024,48.725
256,256,32,2048,70.3677
256,256,32,4096,114.112
256,256,32,8192,199.359
256,256,32,16384,368.884
256,256,32,32768,708.223
256,256,64,16,27.073
256,256,64,32,27.445
256,256,64,64,27.552
256,256,64,128,32
256,256,64,256,37.045
256,256,64,512,54.9653
256,256,64,1024,72.661
256,256,64,2048,115.115
256,256,64,4096,199.894
256,256,64,8192,366.239
256,256,64,16384,708.181
256,256,64,32768,1367.94
256,256,128,16,36.5863
256,256,128,32,36.9067
256,256,128,64,37.2897
256,256,128,128,44.3623
256,256,128,256,53.8343
256,256,128,512,85.0133
256,256,128,1024,119.082
256,256,128,2048,204.768
256,256,128,4096,369.611
256,256,128,8192,702.549
256,256,128,16384,1371.71
256,256,128,32768,2698.54
256,512,0,0,30.2083
256,512,1,16,30.6133
256,512,1,32,30.368
256,512,1,64,30.5597
256,512,1,128,30.7097
256,512,1,256,29.9627
256,512,1,512,34.5277
256,512,1,1024,37.4297
256,512,1,2048,44.1067
256,512,1,4096,56.5977
256,512,1,8192,69.1837
256,512,1,16384,119.882
256,512,1,32768,221.151
256,512,2,16,28.8107
256,512,2,32,29.0877
256,512,2,64,28.9177
256,512,2,128,33.3867
256,512,2,256,34.901
256,512,2,512,35.179
256,512,2,1024,38.261
256,512,2,2048,44.512
256,512,2,4096,44.6403
256,512,2,8192,69.8547
256,512,2,16384,120.8
256,512,2,32768,222.134
256,512,4,16,31.979
256,512,4,32,32.0957
256,512,4,64,31.9897
256,512,4,128,33.6747
256,512,4,256,34.9973
256,512,4,512,34.6137
256,512,4,1024,38.2923
256,512,4,2048,31.6907
256,512,4,4096,44.811
256,512,4,8192,70.2187
256,512,4,16384,120.79
256,512,4,32768,222.4
256,512,8,16,32.384
256,512,8,32,32.1387
256,512,8,64,32.2243
256,512,8,128,33.2267
256,512,8,256,35.0403
256,512,8,512,38.3253
256,512,8,1024,28.2133
256,512,8,2048,33.9627
256,512,8,4096,48.523
256,512,8,8192,74.325
256,512,8,16384,125.6
256,512,8,32768,227.381
256,512,16,16,34.9223
256,512,16,32,34.9753
256,512,16,64,35.1673
256,512,16,128,36.523
256,512,16,256,38.3997
256,512,16,512,28.9277
256,512,16,1024,40.021
256,512,16,2048,49.7383
256,512,16,4096,72.5653
256,512,16,8192,115.019
256,512,16,16384,199.04
256,512,16,32768,369.067
256,512,32,16,35.488
256,512,32,32,35.104
256,512,32,64,35.4343
256,512,32,128,29.7177
256,512,32,256,32.2453
256,512,32,512,40.1387
256,512,32,1024,50.1557
256,512,32,2048,72.9167
256,512,32,4096,115.542
256,512,32,8192,199.477
256,512,32,16384,370.304
256,512,32,32768,709.162
256,512,64,16,35.0503
256,512,64,32,35.4127
256,512,64,64,35.4033
256,512,64,128,37.045
256,512,64,256,42.602
256,512,64,512,56.608
256,512,64,1024,75.68
256,512,64,2048,117.546
256,512,64,4096,202.176
256,512,64,8192,369.056
256,512,64,16384,707.327
256,512,64,32768,1384.12
256,512,128,16,46.0693
256,512,128,32,46.3363
256,512,128,64,46.2723
256,512,128,128,53.0137
256,512,128,256,61.8347
256,512,128,512,87.0183
256,512,128,1024,125.109
256,512,128,2048,205.258
256,512,128,4096,372.192
256,512,128,8192,707.242
256,512,128,16384,1374.08
256,512,128,32768,2705.01
256,1024,0,0,33.28
256,1024,1,16,33.6213
256,1024,1,32,33.6743
256,1024,1,64,33.5677
256,1024,1,128,32.768
256,1024,1,256,33.567
256,1024,1,512,33.7067
256,1024,1,1024,40.4797
256,1024,1,2048,46.7633
256,1024,1,4096,59.1683
256,1024,1,8192,84.523
256,1024,1,16384,120.245
256,1024,1,32768,221.546
256,1024,2,16,34.4107
256,1024,2,32,33.312
256,1024,2,64,34.0907
256,1024,2,128,32.1063
256,1024,2,256,34.7847
256,1024,2,512,40.725
256,1024,2,1024,40.4587
256,1024,2,2048,47.1673
256,1024,2,4096,60.555
256,1024,2,8192,70.208
256,1024,2,16384,120.704
256,1024,2,32768,222.464
256,1024,4,16,34.7093
256,1024,4,32,34.2507
256,1024,4,64,34.506
256,1024,4,128,36.5013
256,1024,4,256,37.9523
256,1024,4,512,41.0667
256,1024,4,1024,40.5333
256,1024,4,2048,47.5833
256,1024,4,4096,45.1307
256,1024,4,8192,70.3897
256,1024,4,16384,121.131
256,1024,4,32768,222.731
256,1024,8,16,34.6133
256,1024,8,32,34.9547
256,1024,8,64,34.7837
256,1024,8,128,36.0427
256,1024,8,256,37.9947
256,1024,8,512,41.0567
256,1024,8,1024,43.136
256,1024,8,2048,34.8587
256,1024,8,4096,48.16
256,1024,8,8192,74.1973
256,1024,8,16384,125.291
256,1024,8,32768,227.904
256,1024,16,16,38.3787
256,1024,16,32,38.1013
256,1024,16,64,38.2717
256,1024,16,128,39.872
256,1024,16,256,41.131
256,1024,16,512,44.48
256,1024,16,1024,35.7127
256,1024,16,2048,53.8347
256,1024,16,4096,73.792
256,1024,16,8192,117.738
256,1024,16,16384,202.474
256,1024,16,32768,372.726
256,1024,32,16,38.8587
256,1024,32,32,38.8053
256,1024,32,64,39.04
256,1024,32,128,40.3947
256,1024,32,256,42.0373
256,1024,32,512,40.3097
256,1024,32,1024,54.272
256,1024,32,2048,74.4747
256,1024,32,4096,116.917
256,1024,32,8192,202.422
256,1024,32,16384,373.034
256,1024,32,32768,712.309
256,1024,64,16,44.064
256,1024,64,32,44.086
256,1024,64,64,44.075
256,1024,64,128,42.9963
256,1024,64,256,47.5737
256,1024,64,512,55.7223
256,1024,64,1024,81.066
256,1024,64,2048,120.895
256,1024,64,4096,203.894
256,1024,64,8192,371.595
256,1024,64,16384,710.197
256,1024,64,32768,1383.3
256,1024,128,16,48.2027
256,1024,128,32,48.277
256,1024,128,64,48.8537
256,1024,128,128,57.824
256,1024,128,256,65.9307
256,1024,128,512,82.0793
256,1024,128,1024,133.301
256,1024,128,2048,209.781
256,1024,128,4096,376.362
256,1024,128,8192,707.786
256,1024,128,16384,1376.31
256,1024,128,32768,2712.96
256,2048,0,0,39.4883
256,2048,1,16,39.861
256,2048,1,32,40.17
256,2048,1,64,39.9573
256,2048,1,128,40.5223
256,2048,1,256,39.8507
256,2048,1,512,39.936
256,2048,1,1024,39.7543
256,2048,1,2048,53.1303
256,2048,1,4096,65.3013
256,2048,1,8192,91.488
256,2048,1,16384,141.856
256,2048,1,32768,221.173
256,2048,2,16,40.6493
256,2048,2,32,40.7997
256,2048,2,64,40.7467
256,2048,2,128,40.7997
256,2048,2,256,40.8747
256,2048,2,512,40.8637
256,2048,2,1024,53.6
256,2048,2,2048,53.3977
256,2048,2,4096,66.6133
256,2048,2,8192,92.352
256,2048,2,16384,121.024
256,2048,2,32768,222.474
256,2048,4,16,38.272
256,2048,4,32,38.6983
256,2048,4,64,38.8797
256,2048,4,128,43.072
256,2048,4,256,43.9467
256,2048,4,512,47.435
256,2048,4,1024,53.8557
256,2048,4,2048,54.0057
256,2048,4,4096,67.8503
256,2048,4,8192,70.603
256,2048,4,16384,121.717
256,2048,4,32768,221.952
256,2048,8,16,41.3977
256,2048,8,32,41.2053
256,2048,8,64,41.2053
256,2048,8,128,42.8587
256,2048,8,256,44.4793
256,2048,8,512,47.2423
256,2048,8,1024,53.888
256,2048,8,2048,58.3147
256,2048,8,4096,48.1707
256,2048,8,8192,75.2533
256,2048,8,16384,127.424
256,2048,8,32768,229.376
256,2048,16,16,45.2373
256,2048,16,32,44.7793
256,2048,16,64,44.81
256,2048,16,128,46.2187
256,2048,16,256,47.6903
256,2048,16,512,51.104
256,2048,16,1024,59.7973
256,2048,16,2048,49.12
256,2048,16,4096,80.3097
256,2048,16,8192,122.016
256,2048,16,16384,204.736
256,2048,16,32768,377.525
256,2048,32,16,44.9913
256,2048,32,32,45.3227
256,2048,32,64,45.1947
256,2048,32,128,46.8907
256,2048,32,256,48.352
256,2048,32,512,55.861
256,2048,32,1024,53.9837
256,2048,32,2048,80.5227
256,2048,32,4096,121.579
256,2048,32,8192,205.216
256,2048,32,16384,373.759
256,2048,32,32768,707.563
256,2048,64,16,50.475
256,2048,64,32,50.6347
256,2048,64,64,51.094
256,2048,64,128,54.0693
256,2048,64,256,59.5413
256,2048,64,512,62.5703
256,2048,64,1024,79.605
256,2048,64,2048,129.301
256,2048,64,4096,209.003
256,2048,64,8192,378.485
256,2048,64,16384,715.776
256,2048,64,32768,1400
256,2048,128,16,60.928
256,2048,128,32,61.461
256,2048,128,64,62.3147
256,2048,128,128,64.2773
256,2048,128,256,70.2937
256,2048,128,512,91.7227
256,2048,128,1024,127.733
256,2048,128,2048,221.909
256,2048,128,4096,381.334
256,2048,128,8192,719.029
256,2048,128,16384,1379.58
256,2048,128,32768,2716.54
256,4096,0,0,52.0003
256,4096,1,16,52.4377
256,4096,1,32,52.8007
256,4096,1,64,52.64
256,4096,1,128,52.597
256,4096,1,256,52.501
256,4096,1,512,52.522
256,4096,1,1024,52.757
256,4096,1,2048,52.7257
256,4096,1,4096,78.4317
256,4096,1,8192,103.424
256,4096,1,16384,154.304
256,4096,1,32768,255.072
256,4096,2,16,53.1633
256,4096,2,32,53.184
256,4096,2,64,53.0457
256,4096,2,128,53.1627
256,4096,2,256,53.0773
256,4096,2,512,53.1307
256,4096,2,1024,53.632
256,4096,2,2048,79.1147
256,4096,2,4096,78.8373
256,4096,2,8192,104.949
256,4096,2,16384,155.062
256,4096,2,32768,223.777
256,4096,4,16,53.2367
256,4096,4,32,53.291
256,4096,4,64,53.0667
256,4096,4,128,53.3223
256,4096,4,256,51.8187
256,4096,4,512,59.872
256,4096,4,1024,66.432
256,4096,4,2048,79.0827
256,4096,4,4096,80.544
256,4096,4,8192,105.312
256,4096,4,16384,122.442
256,4096,4,32768,223.307
256,4096,8,16,53.749
256,4096,8,32,53.589
256,4096,8,64,53.642
256,4096,8,128,55.3707
256,4096,8,256,57.1197
256,4096,8,512,60.075
256,4096,8,1024,66.2727
256,4096,8,2048,80.4693
256,4096,8,4096,84.9497
256,4096,8,8192,74.2183
256,4096,8,16384,128.394
256,4096,8,32768,229.717
256,4096,16,16,56.789
256,4096,16,32,56.437
256,4096,16,64,57.2157
256,4096,16,128,58.3467
256,4096,16,256,60.7467
256,4096,16,512,63.5837
256,4096,16,1024,71.6377
256,4096,16,2048,86.848
256,4096,16,4096,74.4103
256,4096,16,8192,133.515
256,4096,16,16384,214.645
256,4096,16,32768,384.587
256,4096,32,16,57.4183
256,4096,32,32,57.6637
256,4096,32,64,58.4
256,4096,32,128,59.733
256,4096,32,256,61.1517
256,4096,32,512,68.7253
256,4096,32,1024,81.9413
256,4096,32,2048,80.2883
256,4096,32,4096,133.333
256,4096,32,8192,215.904
256,4096,32,16384,385.056
256,4096,32,32768,721.685
256,4096,64,16,62.8693
256,4096,64,32,62.8797
256,4096,64,64,63.787
256,4096,64,128,67.061
256,4096,64,256,72.3307
256,4096,64,512,86.0163
256,4096,64,1024,92.2347
256,4096,64,2048,127.349
256,4096,64,4096,221.664
256,4096,64,8192,386.495
256,4096,64,16384,724.287
256,4096,64,32768,1402.44
256,4096,128,16,73.856
256,4096,128,32,74.4213
256,4096,128,64,75.1467
256,4096,128,128,82.688
256,4096,128,256,92.2563
256,4096,128,512,103.733
256,4096,128,1024,143.893
256,4096,128,2048,214.261
256,4096,128,4096,399.017
256,4096,128,8192,725.898
256,4096,128,16384,1397.45
256,4096,128,32768,2731.97
256,8192,0,0,76.8853
256,8192,1,16,77.376
256,8192,1,32,77.3543
256,8192,1,64,77.1517
256,8192,1,128,76.9707
256,8192,1,256,77.1517
256,8192,1,512,77.205
256,8192,1,1024,77.077
256,8192,1,2048,77.4087
256,8192,1,4096,77.365
256,8192,1,8192,129.408
256,8192,1,16384,180.192
256,8192,1,32768,281.558
256,8192,2,16,78.4
256,8192,2,32,78.1123
256,8192,2,64,77.952
256,8192,2,128,78.1333
256,8192,2,256,78.3363
256,8192,2,512,78.368
256,8192,2,1024,78.656
256,8192,2,2048,78.997
256,8192,2,4096,130.155
256,8192,2,8192,130.432
256,8192,2,16384,181.503
256,8192,2,32768,282.57
256,8192,4,16,78.005
256,8192,4,32,78.1333
256,8192,4,64,78.3673
256,8192,4,128,78.2933
256,8192,4,256,78.1123
256,8192,4,512,78.1863
256,8192,4,1024,88.544
256,8192,4,2048,105.473
256,8192,4,4096,130.869
256,8192,4,8192,131.776
256,8192,4,16384,182.294
256,8192,4,32768,222.73
256,8192,8,16,78.4217
256,8192,8,32,78.357
256,8192,8,64,78.186
256,8192,8,128,78.3787
256,8192,8,256,82.304
256,8192,8,512,85.696
256,8192,8,1024,91.8507
256,8192,8,2048,106.304
256,8192,8,4096,132.352
256,8192,8,8192,135.722
256,8192,8,16384,127.68
256,8192,8,32768,231.456
256,8192,16,16,80.64
256,8192,16,32,81.002
256,8192,16,64,81.248
256,8192,16,128,83.6373
256,8192,16,256,85.6003
256,8192,16,512,88.9387
256,8192,16,1024,96.3307
256,8192,16,2048,111.584
256,8192,16,4096,138.005
256,8192,16,8192,128.064
256,8192,16,16384,235.914
256,8192,16,32768,402.922
256,8192,32,16,83.4243
256,8192,32,32,83.2853
256,8192,32,64,83.712
256,8192,32,128,86.1653
256,8192,32,256,86.9333
256,8192,32,512,92.5963
256,8192,32,1024,105.76
256,8192,32,2048,126.624
256,8192,32,4096,134.496
256,8192,32,8192,236.469
256,8192,32,16384,404.448
256,8192,32,32768,743.807
256,8192,64,16,89.0983
256,8192,64,32,89.1207
256,8192,64,64,89.4933
256,8192,64,128,92.533
256,8192,64,256,97.4723
256,8192,64,512,109.205
256,8192,64,1024,131.083
256,8192,64,2048,145.066
256,8192,64,4096,221.173
256,8192,64,8192,410.272
256,8192,64,16384,743.871
256,8192,64,32768,1421.57
256,8192,128,16,100.16
256,8192,128,32,99.648
256,8192,128,64,100.438
256,8192,128,128,107.681
256,8192,128,256,116.619
256,8192,128,512,137.995
256,8192,128,1024,153.76
256,8192,128,2048,235.061
256,8192,128,4096,389.951
256,8192,128,8192,757.162
256,8192,128,16384,1421.8
256,8192,128,32768,2756.09
256,16384,0,0,127.936
256,16384,1,16,128.672
256,16384,1,32,128.053
256,16384,1,64,128.203
256,16384,1,128,128.469
256,16384,1,256,128.331
256,16384,1,512,128.075
256,16384,1,1024,128.182
256,16384,1,2048,128.117
256,16384,1,4096,128.202
256,16384,1,8192,128.694
256,16384,1,16384,230.624
256,16384,1,32768,331.349
256,16384,2,16,129.098
256,16384,2,32,128.736
256,16384,2,64,128.438
256,16384,2,128,128.427
256,16384,2,256,128.865
256,16384,2,512,128.437
256,16384,2,1024,128.416
256,16384,2,2048,128.555
256,16384,2,4096,130.165
256,16384,2,8192,231.478
256,16384,2,16384,232.939
256,16384,2,32768,332.693
256,16384,4,16,129.035
256,16384,4,32,129.387
256,16384,4,64,129.558
256,16384,4,128,129.621
256,16384,4,256,128.949
256,16384,4,512,129.227
256,16384,4,1024,129.493
256,16384,4,2048,139.253
256,16384,4,4096,181.409
256,16384,4,8192,232.042
256,16384,4,16384,233.045
256,16384,4,32768,334.645
256,16384,8,16,128.394
256,16384,8,32,128.097
256,16384,8,64,128.245
256,16384,8,128,128.544
256,16384,8,256,128.97
256,16384,8,512,128.437
256,16384,8,1024,142.72
256,16384,8,2048,156.085
256,16384,8,4096,182.486
256,16384,8,8192,234.208
256,16384,8,16384,236.757
256,16384,8,32768,230.859
256,16384,16,16,130.197
256,16384,16,32,130.037
256,16384,16,64,129.814
256,16384,16,128,129.973
256,16384,16,256,135.136
256,16384,16,512,139.509
256,16384,16,1024,146.101
256,16384,16,2048,160.085
256,16384,16,4096,186.687
256,16384,16,8192,238.112
256,16384,16,16384,231.189
256,16384,16,32768,440.299
256,16384,32,16,133.258
256,16384,32,32,134.23
256,16384,32,64,133.461
256,16384,32,128,136.672
256,16384,32,256,137.984
256,16384,32,512,141.536
256,16384,32,1024,154.88
256,16384,32,2048,175.114
256,16384,32,4096,217.771
256,16384,32,8192,237.376
256,16384,32,16384,440.054
256,16384,32,32768,780.458
256,16384,64,16,138.026
256,16384,64,32,139.307
256,16384,64,64,138.207
256,16384,64,128,142.251
256,16384,64,256,146.645
256,16384,64,512,158.101
256,16384,64,1024,179.499
256,16384,64,2048,220.949
256,16384,64,4096,247.701
256,16384,64,8192,404.16
256,16384,64,16384,783.946
256,16384,64,32768,1456.61
256,16384,128,16,149.13
256,16384,128,32,149.195
256,16384,128,64,149.247
256,16384,128,128,157.397
256,16384,128,256,167.242
256,16384,128,512,188.586
256,16384,128,1024,228.565
256,16384,128,2048,265.878
256,16384,128,4096,427.733
256,16384,128,8192,737.194
256,16384,128,16384,1473.29
256,16384,128,32768,2805.93
256,32768,0,0,229.525
256,32768,1,16,230.016
256,32768,1,32,230.049
256,32768,1,64,229.685
256,32768,1,128,229.589
256,32768,1,256,229.152
256,32768,1,512,230.219
256,32768,1,1024,230.059
256,32768,1,2048,229.567
256,32768,1,4096,230.283
256,32768,1,8192,230.273
256,32768,1,16384,230.368
256,32768,1,32768,432.874
256,32768,2,16,230.176
256,32768,2,32,230.336
256,32768,2,64,229.803
256,32768,2,128,229.973
256,32768,2,256,230.4
256,32768,2,512,229.909
256,32768,2,1024,229.642
256,32768,2,2048,230.613
256,32768,2,4096,230.271
256,32768,2,8192,231.083
256,32768,2,16384,433.931
256,32768,2,32768,433.855
256,32768,4,16,231.627
256,32768,4,32,230.827
256,32768,4,64,230.368
256,32768,4,128,230.667
256,32768,4,256,229.632
256,32768,4,512,230.677
256,32768,4,1024,231.339
256,32768,4,2048,231.636
256,32768,4,4096,241.045
256,32768,4,8192,333.066
256,32768,4,16384,434.549
256,32768,4,32768,434.815
256,32768,8,16,229.664
256,32768,8,32,229.621
256,32768,8,64,229.675
256,32768,8,128,230.164
256,32768,8,256,230.464
256,32768,8,512,229.974
256,32768,8,1024,230.401
256,32768,8,2048,257.024
256,32768,8,4096,283.232
256,32768,8,8192,333.866
256,32768,8,16384,436.715
256,32768,8,32768,439.125
256,32768,16,16,231.435
256,32768,16,32,232.384
256,32768,16,64,231.872
256,32768,16,128,231.488
256,32768,16,256,232.213
256,32768,16,512,231.168
256,32768,16,1024,245.931
256,32768,16,2048,261.322
256,32768,16,4096,287.882
256,32768,16,8192,338.262
256,32768,16,16384,441.024
256,32768,16,32768,436.991
256,32768,32,16,231.371
256,32768,32,32,231.712
256,32768,32,64,232.277
256,32768,32,128,231.456
256,32768,32,256,237.141
256,32768,32,512,241.898
256,32768,32,1024,253.632
256,32768,32,2048,273.45
256,32768,32,4096,314.336
256,32768,32,8192,398.72
256,32768,32,16384,441.365
256,32768,32,32768,847.562
256,32768,64,16,236.16
256,32768,64,32,236.48
256,32768,64,64,236.544
256,32768,64,128,239.04
256,32768,64,256,245.408
256,32768,64,512,258.314
256,32768,64,1024,277.941
256,32768,64,2048,317.664
256,32768,64,4096,399.594
256,32768,64,8192,453.098
256,32768,64,16384,773.311
256,32768,64,32768,1532.02
256,32768,128,16,247.061
256,32768,128,32,247.722
256,32768,128,64,247.37
256,32768,128,128,252.928
256,32768,128,256,265.685
256,32768,128,512,289.11
256,32768,128,1024,327.787
256,32768,128,2048,409.28
256,32768,128,4096,474.645
256,32768,128,8192,779.786
256,32768,128,16384,1438.22
256,32768,128,32768,2901.16
512,0,0,0,22.2733
512,0,1,16,22.304
512,0,1,32,22.091
512,0,1,64,22.1963
512,0,1,128,22.122
512,0,1,256,22.251
512,0,1,512,23.3173
512,0,1,1024,29.4723
512,0,1,2048,41.067
512,0,1,4096,65.1623
512,0,1,8192,112.757
512,0,1,16384,209.312
512,0,1,32768,399.488
512,0,2,16,22.4853
512,0,2,32,22.464
512,0,2,64,22.7307
512,0,2,128,23.936
512,0,2,256,25.1627
512,0,2,512,28.2027
512,0,2,1024,34.325
512,0,2,2048,45.962
512,0,2,4096,70.0373
512,0,2,8192,117.781
512,0,2,16384,212.895
512,0,2,32768,404.127
512,0,4,16,22.88
512,0,4,32,22.4853
512,0,4,64,22.688
512,0,4,128,23.893
512,0,4,256,25.9843
512,0,4,512,28.224
512,0,4,1024,34.4423
512,0,4,2048,46.229
512,0,4,4096,70.2187
512,0,4,8192,118.006
512,0,4,16384,213.152
512,0,4,32768,405.323
512,0,8,16,23.136
512,0,8,32,22.8907
512,0,8,64,23.0617
512,0,8,128,24.3623
512,0,8,256,25.8673
512,0,8,512,28.6403
512,0,8,1024,34.7517
512,0,8,2048,46.5173
512,0,8,4096,70.6453
512,0,8,8192,118.059
512,0,8,16384,214.271
512,0,8,32768,405.76
512,0,16,16,24.5657
512,0,16,32,24.5867
512,0,16,64,24.736
512,0,16,128,26.208
512,0,16,256,27.477
512,0,16,512,30.571
512,0,16,1024,38.1547
512,0,16,2048,52.5333
512,0,16,4096,75.808
512,0,16,8192,124.533
512,0,16,16384,220.971
512,0,16,32768,415.424
512,0,32,16,28.5973
512,0,32,32,28.5433
512,0,32,64,28.3627
512,0,32,128,29.9307
512,0,32,256,31.818
512,0,32,512,37.2907
512,0,32,1024,49.8877
512,0,32,2048,71.4133
512,0,32,4096,114.709
512,0,32,8192,199.701
512,0,32,16384,367.925
512,0,32,32768,703.52
512,0,64,16,33.248
512,0,64,32,33.2483
512,0,64,64,33.472
512,0,64,128,36.3517
512,0,64,256,41.1523
512,0,64,512,51.4127
512,0,64,1024,73.7703
512,0,64,2048,116.181
512,0,64,4096,201.141
512,0,64,8192,369.845
512,0,64,16384,704.949
512,0,64,32768,1371.44
512,0,128,16,42.2607
512,0,128,32,42.0697
512,0,128,64,42.528
512,0,128,128,48.9173
512,0,128,256,58.6993
512,0,128,512,77.3653
512,0,128,1024,120.416
512,0,128,2048,203.819
512,0,128,4096,369.248
512,0,128,8192,703.605
512,0,128,16384,1380.48
512,0,128,32768,2713.69
512,16,0,0,23.5733
512,16,1,16,23.6377
512,16,1,32,23.6587
512,16,1,64,23.6377
512,16,1,128,23.499
512,16,1,256,23.519
512,16,1,512,23.6057
512,16,1,1024,29.2907
512,16,1,2048,41.152
512,16,1,4096,64.96
512,16,1,8192,112.949
512,16,1,16384,208.043
512,16,1,32768,399.467
512,16,2,16,23.7547
512,16,2,32,23.6373
512,16,2,64,23.6687
512,16,2,128,23.9787
512,16,2,256,25.408
512,16,2,512,28.704
512,16,2,1024,33.984
512,16,2,2048,46.368
512,16,2,4096,69.5037
512,16,2,8192,117.739
512,16,2,16384,212.468
512,16,2,32768,403.615
512,16,4,16,23.5523
512,16,4,32,23.5303
512,16,4,64,23.712
512,16,4,128,24.0433
512,16,4,256,25.632
512,16,4,512,28.5547
512,16,4,1024,34.422
512,16,4,2048,46.24
512,16,4,4096,70.2723
512,16,4,8192,117.909
512,16,4,16384,213.184
512,16,4,32768,405.771
512,16,8,16,23.5413
512,16,8,32,23.4347
512,16,8,64,23.4983
512,16,8,128,24.2777
512,16,8,256,25.7277
512,16,8,512,28.576
512,16,8,1024,34.6133
512,16,8,2048,46.752
512,16,8,4096,70.8597
512,16,8,8192,118.368
512,16,8,16384,214.047
512,16,8,32768,405.429
512,16,16,16,24.8
512,16,16,32,24.405
512,16,16,64,24.639
512,16,16,128,26.0053
512,16,16,256,27.5093
512,16,16,512,30.2827
512,16,16,1024,37.8993
512,16,16,2048,52.0103
512,16,16,4096,76.6083
512,16,16,8192,125.302
512,16,16,16384,221.546
512,16,16,32768,415.605
512,16,32,16,28.3193
512,16,32,32,28.6827
512,16,32,64,28.736
512,16,32,128,30.2717
512,16,32,256,31.573
512,16,32,512,36.896
512,16,32,1024,50.613
512,16,32,2048,72.0743
512,16,32,4096,114.805
512,16,32,8192,200.565
512,16,32,16384,372.245
512,16,32,32768,711.093
512,16,64,16,33.4397
512,16,64,32,33.4613
512,16,64,64,33.4193
512,16,64,128,36.352
512,16,64,256,40.2773
512,16,64,512,51.605
512,16,64,1024,73.909
512,16,64,2048,115.339
512,16,64,4096,200.575
512,16,64,8192,366.25
512,16,64,16384,704.735
512,16,64,32768,1377.15
512,16,128,16,42.24
512,16,128,32,42.5167
512,16,128,64,42.3467
512,16,128,128,48.8963
512,16,128,256,58.8263
512,16,128,512,76.736
512,16,128,1024,119.775
512,16,128,2048,204.032
512,16,128,4096,370.432
512,16,128,8192,703.541
512,16,128,16384,1376.7
512,16,128,32768,2710.29
512,32,0,0,23.5303
512,32,1,16,23.6047
512,32,1,32,23.5627
512,32,1,64,23.414
512,32,1,128,23.4773
512,32,1,256,23.616
512,32,1,512,23.564
512,32,1,1024,29.2697
512,32,1,2048,41.163
512,32,1,4096,65.003
512,32,1,8192,112.458
512,32,1,16384,207.691
512,32,1,32768,397.6
512,32,2,16,23.519
512,32,2,32,23.6693
512,32,2,64,23.6897
512,32,2,128,24.3093
512,32,2,256,25.4287
512,32,2,512,28.3087
512,32,2,1024,34.005
512,32,2,2048,46.048
512,32,2,4096,69.9523
512,32,2,8192,117.515
512,32,2,16384,212.693
512,32,2,32768,403.477
512,32,4,16,23.6907
512,32,4,32,23.3923
512,32,4,64,23.84
512,32,4,128,24.1387
512,32,4,256,25.6747
512,32,4,512,28.5643
512,32,4,1024,34.2827
512,32,4,2048,46.667
512,32,4,4096,70.4103
512,32,4,8192,118.08
512,32,4,16384,213.6
512,32,4,32768,405.59
512,32,8,16,23.4877
512,32,8,32,23.7867
512,32,8,64,23.5413
512,32,8,128,25.611
512,32,8,256,27.285
512,32,8,512,30.4747
512,32,8,1024,36.043
512,32,8,2048,47.9783
512,32,8,4096,72.021
512,32,8,8192,120.096
512,32,8,16384,215.531
512,32,8,32768,407.157
512,32,16,16,24.5547
512,32,16,32,24.6933
512,32,16,64,24.5763
512,32,16,128,26.3467
512,32,16,256,28.4373
512,32,16,512,31.264
512,32,16,1024,38.4107
512,32,16,2048,52.778
512,32,16,4096,77.1303
512,32,16,8192,126.026
512,32,16,16384,222.069
512,32,16,32768,414.26
512,32,32,16,28.9813
512,32,32,32,28.7043
512,32,32,64,28.651
512,32,32,128,30.7093
512,32,32,256,31.616
512,32,32,512,37.739
512,32,32,1024,50.3253
512,32,32,2048,71.861
512,32,32,4096,114.283
512,32,32,8192,198.688
512,32,32,16384,368.554
512,32,32,32768,706.603
512,32,64,16,33.3753
512,32,64,32,33.6107
512,32,64,64,33.5147
512,32,64,128,36.3843
512,32,64,256,40.7143
512,32,64,512,51.349
512,32,64,1024,73.5787
512,32,64,2048,116.8
512,32,64,4096,200.181
512,32,64,8192,367.541
512,32,64,16384,708.415
512,32,64,32768,1375.19
512,32,128,16,42.453
512,32,128,32,42.4317
512,32,128,64,42.8053
512,32,128,128,49.0773
512,32,128,256,58.8687
512,32,128,512,76.8107
512,32,128,1024,119.467
512,32,128,2048,204.907
512,32,128,4096,371.017
512,32,128,8192,705.205
512,32,128,16384,1378.73
512,32,128,32768,2699.53
512,64,0,0,23.627
512,64,1,16,23.5953
512,64,1,32,23.6587
512,64,1,64,23.766
512,64,1,128,23.797
512,64,1,256,23.6053
512,64,1,512,23.7547
512,64,1,1024,29.408
512,64,1,2048,41.1947
512,64,1,4096,65.3443
512,64,1,8192,112.704
512,64,1,16384,208.662
512,64,1,32768,399.402
512,64,2,16,23.659
512,64,2,32,23.52
512,64,2,64,23.808
512,64,2,128,24.075
512,64,2,256,25.7063
512,64,2,512,28.1173
512,64,2,1024,34.208
512,64,2,2048,46.0157
512,64,2,4096,69.813
512,64,2,8192,117.567
512,64,2,16384,213.099
512,64,2,32768,404.512
512,64,4,16,23.627
512,64,4,32,23.606
512,64,4,64,23.7647
512,64,4,128,23.978
512,64,4,256,25.4823
512,64,4,512,28.4477
512,64,4,1024,34.261
512,64,4,2048,46.1863
512,64,4,4096,69.878
512,64,4,8192,117.952
512,64,4,16384,213.824
512,64,4,32768,405.184
512,64,8,16,24.576
512,64,8,32,24.416
512,64,8,64,24.257
512,64,8,128,25.6533
512,64,8,256,27.2637
512,64,8,512,30.549
512,64,8,1024,36.2233
512,64,8,2048,47.9887
512,64,8,4096,72.213
512,64,8,8192,119.616
512,64,8,16384,215.85
512,64,8,32768,408.138
512,64,16,16,25.7917
512,64,16,32,25.8027
512,64,16,64,25.7177
512,64,16,128,27.2107
512,64,16,256,28.6827
512,64,16,512,32.0107
512,64,16,1024,39.232
512,64,16,2048,52.6933
512,64,16,4096,76.576
512,64,16,8192,125.429
512,64,16,16384,221.195
512,64,16,32768,415.359
512,64,32,16,28.821
512,64,32,32,28.8427
512,64,32,64,28.8533
512,64,32,128,31.3803
512,64,32,256,32.672
512,64,32,512,38.2293
512,64,32,1024,50.1653
512,64,32,2048,71.9143
512,64,32,4096,114.197
512,64,32,8192,198.357
512,64,32,16384,370.485
512,64,32,32768,708.81
512,64,64,16,33.429
512,64,64,32,33.6427
512,64,64,64,33.525
512,64,64,128,37.344
512,64,64,256,42.9867
512,64,64,512,51.808
512,64,64,1024,74.0797
512,64,64,2048,116.224
512,64,64,4096,200.651
512,64,64,8192,368.917
512,64,64,16384,706.794
512,64,64,32768,1380.36
512,64,128,16,42.656
512,64,128,32,42.5383
512,64,128,64,43.168
512,64,128,128,49.216
512,64,128,256,58.5707
512,64,128,512,77.3223
512,64,128,1024,120.224
512,64,128,2048,203.979
512,64,128,4096,371.796
512,64,128,8192,705.066
512,64,128,16384,1376.48
512,64,128,32768,2718.93
512,128,0,0,23.7973
512,128,1,16,23.4987
512,128,1,32,23.9253
512,128,1,64,23.6803
512,128,1,128,23.7867
512,128,1,256,23.861
512,128,1,512,23.8297
512,128,1,1024,29.066
512,128,1,2048,41.2373
512,128,1,4096,65.152
512,128,1,8192,112.907
512,128,1,16384,208.182
512,128,1,32768,399.403
512,128,2,16,24.0973
512,128,2,32,23.8403
512,128,2,64,23.616
512,128,2,128,25.8347
512,128,2,256,26.976
512,128,2,512,30.0923
512,128,2,1024,36.0433
512,128,2,2048,47.8187
512,128,2,4096,71.7233
512,128,2,8192,119.307
512,128,2,16384,215.051
512,128,2,32768,406.24
512,128,4,16,24.1067
512,128,4,32,24.3413
512,128,4,64,24.5327
512,128,4,128,25.8133
512,128,4,256,27.125
512,128,4,512,30.123
512,128,4,1024,36.0853
512,128,4,2048,48.331
512,128,4,4096,71.925
512,128,4,8192,119.573
512,128,4,16384,215.072
512,128,4,32768,406.837
512,128,8,16,24.7147
512,128,8,32,24.8317
512,128,8,64,24.6723
512,128,8,128,26.5813
512,128,8,256,27.7547
512,128,8,512,30.4427
512,128,8,1024,36.2127
512,128,8,2048,48.4797
512,128,8,4096,72.2453
512,128,8,8192,120.555
512,128,8,16384,215.946
512,128,8,32768,407.168
512,128,16,16,25.642
512,128,16,32,25.8563
512,128,16,64,25.9307
512,128,16,128,27.659
512,128,16,256,28.7893
512,128,16,512,31.6903
512,128,16,1024,39.168
512,128,16,2048,52.8317
512,128,16,4096,77.0133
512,128,16,8192,125.717
512,128,16,16384,222.421
512,128,16,32768,415.883
512,128,32,16,29.7173
512,128,32,32,30.1117
512,128,32,64,30.1977
512,128,32,128,31.649
512,128,32,256,33.056
512,128,32,512,37.9087
512,128,32,1024,51.073
512,128,32,2048,72.0957
512,128,32,4096,115.893
512,128,32,8192,199.211
512,128,32,16384,368.779
512,128,32,32768,707.402
512,128,64,16,34.8267
512,128,64,32,34.9653
512,128,64,64,35.1897
512,128,64,128,38.0167
512,128,64,256,42.0687
512,128,64,512,52.832
512,128,64,1024,74.9333
512,128,64,2048,117.301
512,128,64,4096,202.059
512,128,64,8192,369.312
512,128,64,16384,709.023
512,128,64,32768,1384.36
512,128,128,16,43.4137
512,128,128,32,43.6163
512,128,128,64,44.2247
512,128,128,128,50.1763
512,128,128,256,59.6163
512,128,128,512,78.603
512,128,128,1024,121.301
512,128,128,2048,205.067
512,128,128,4096,372.256
512,128,128,8192,702.644
512,128,128,16384,1373.1
512,128,128,32768,2717.02
512,256,0,0,25.088
512,256,1,16,25.226
512,256,1,32,25.0663
512,256,1,64,25.3547
512,256,1,128,25.301
512,256,1,256,25.3023
512,256,1,512,25.344
512,256,1,1024,29.259
512,256,1,2048,41.1307
512,256,1,4096,64.9707
512,256,1,8192,113.269
512,256,1,16384,208.277
512,256,1,32768,399.69
512,256,2,16,25.2587
512,256,2,32,25.6217
512,256,2,64,25.078
512,256,2,128,25.5367
512,256,2,256,28.3417
512,256,2,512,31.1147
512,256,2,1024,37.0987
512,256,2,2048,49.0347
512,256,2,4096,72.981
512,256,2,8192,120.491
512,256,2,16384,216.501
512,256,2,32768,408.512
512,256,4,16,25.5573
512,256,4,32,25.653
512,256,4,64,25.781
512,256,4,128,27.007
512,256,4,256,28.7043
512,256,4,512,31.338
512,256,4,1024,37.3437
512,256,4,2048,49.4613
512,256,4,4096,73.1303
512,256,4,8192,121.216
512,256,4,16384,216.202
512,256,4,32768,408.864
512,256,8,16,25.7923
512,256,8,32,25.8027
512,256,8,64,25.7173
512,256,8,128,27.2213
512,256,8,256,28.704
512,256,8,512,31.872
512,256,8,1024,37.6
512,256,8,2048,49.4933
512,256,8,4096,73.5573
512,256,8,8192,121.579
512,256,8,16384,217.184
512,256,8,32768,408.714
512,256,16,16,27.2317
512,256,16,32,27.2747
512,256,16,64,27.2637
512,256,16,128,29.013
512,256,16,256,30.4317
512,256,16,512,32.8103
512,256,16,1024,40.4587
512,256,16,2048,54.8907
512,256,16,4096,78.5593
512,256,16,8192,127.818
512,256,16,16384,223.125
512,256,16,32768,417.503
512,256,32,16,31.3597
512,256,32,32,31.6263
512,256,32,64,31.381
512,256,32,128,33.0347
512,256,32,256,34.6667
512,256,32,512,39.776
512,256,32,1024,51.9467
512,256,32,2048,75.0723
512,256,32,4096,116.779
512,256,32,8192,201.183
512,256,32,16384,371.307
512,256,32,32768,709.396
512,256,64,16,36.3617
512,256,64,32,36.3627
512,256,64,64,36.7253
512,256,64,128,39.3173
512,256,64,256,44.4047
512,256,64,512,53.536
512,256,64,1024,76.2667
512,256,64,2048,119.275
512,256,64,4096,202.794
512,256,64,8192,369.792
512,256,64,16384,712.063
512,256,64,32768,1377.02
512,256,128,16,44.8427
512,256,128,32,44.7573
512,256,128,64,45.301
512,256,128,128,51.4243
512,256,128,256,61.706
512,256,128,512,79.776
512,256,128,1024,122.902
512,256,128,2048,206.603
512,256,128,4096,373.611
512,256,128,8192,709.226
512,256,128,16384,1380.11
512,256,128,32768,2723.23
512,512,0,0,28.501
512,512,1,16,28.4477
512,512,1,32,28.4907
512,512,1,64,28.2667
512,512,1,128,28.298
512,512,1,256,28.3303
512,512,1,512,28.48
512,512,1,1024,29.5463
512,512,1,2048,41.3973
512,512,1,4096,65.2693
512,512,1,8192,113.292
512,512,1,16384,208.81
512,512,1,32768,399.349
512,512,2,16,28.3947
512,512,2,32,28.416
512,512,2,64,28.363
512,512,2,128,28.3837
512,512,2,256,28.2667
512,512,2,512,34.208
512,512,2,1024,40.1173
512,512,2,2048,52.0747
512,512,2,4096,76.0957
512,512,2,8192,123.978
512,512,2,16384,219.285
512,512,2,32768,411.467
512,512,4,16,28.4153
512,512,4,32,28.576
512,512,4,64,28.6403
512,512,4,128,29.8243
512,512,4,256,31.573
512,512,4,512,34.3147
512,512,4,1024,40.2663
512,512,4,2048,52.3197
512,512,4,4096,75.9787
512,512,4,8192,123.861
512,512,4,16384,219.531
512,512,4,32768,412.246
512,512,8,16,28.7893
512,512,8,32,28.9497
512,512,8,64,28.9913
512,512,8,128,30.2403
512,512,8,256,31.5413
512,512,8,512,34.8593
512,512,8,1024,40.6293
512,512,8,2048,52.2557
512,512,8,4096,76.6407
512,512,8,8192,124.352
512,512,8,16384,220.01
512,512,8,32768,412.234
512,512,16,16,30.3257
512,512,16,32,30.1013
512,512,16,64,30.6247
512,512,16,128,31.8613
512,512,16,256,33.28
512,512,16,512,36.149
512,512,16,1024,43.69
512,512,16,2048,57.952
512,512,16,4096,82.1227
512,512,16,8192,130.943
512,512,16,16384,227.114
512,512,16,32768,420.202
512,512,32,16,34.5923
512,512,32,32,34.827
512,512,32,64,34.56
512,512,32,128,36.043
512,512,32,256,38.0477
512,512,32,512,43.4667
512,512,32,1024,55.4233
512,512,32,2048,77.1733
512,512,32,4096,120.459
512,512,32,8192,203.712
512,512,32,16384,374.336
512,512,32,32768,712.479
512,512,64,16,39.1247
512,512,64,32,39.0607
512,512,64,64,39.6473
512,512,64,128,42.7523
512,512,64,256,47.2427
512,512,64,512,56.9813
512,512,64,1024,79.168
512,512,64,2048,122.187
512,512,64,4096,205.024
512,512,64,8192,376.639
512,512,64,16384,707.327
512,512,64,32768,1379.01
512,512,128,16,48.2877
512,512,128,32,47.979
512,512,128,64,48.2993
512,512,128,128,54.3683
512,512,128,256,64.426
512,512,128,512,82.1977
512,512,128,1024,125.653
512,512,128,2048,209.674
512,512,128,4096,376.352
512,512,128,8192,710.4
512,512,128,16384,1385.35
512,512,128,32768,2716.52
512,1024,0,0,34.8377
512,1024,1,16,34.6027
512,1024,1,32,34.25
512,1024,1,64,34.4853
512,1024,1,128,34.4223
512,1024,1,256,34.5707
512,1024,1,512,34.4743
512,1024,1,1024,34.656
512,1024,1,2048,41.61
512,1024,1,4096,65.717
512,1024,1,8192,113.11
512,1024,1,16384,209.077
512,1024,1,32768,399.36
512,1024,2,16,34.528
512,1024,2,32,34.8373
512,1024,2,64,34.6453
512,1024,2,128,34.5277
512,1024,2,256,34.4853
512,1024,2,512,34.6347
512,1024,2,1024,46.5387
512,1024,2,2048,58.304
512,1024,2,4096,82.1013
512,1024,2,8192,130.25
512,1024,2,16384,225.76
512,1024,2,32768,417.215
512,1024,4,16,34.464
512,1024,4,32,34.7837
512,1024,4,64,34.4
512,1024,4,128,36.2667
512,1024,4,256,37.6003
512,1024,4,512,40.3413
512,1024,4,1024,46.7837
512,1024,4,2048,58.5377
512,1024,4,4096,82.3677
512,1024,4,8192,130.058
512,1024,4,16384,225.237
512,1024,4,32768,417.045
512,1024,8,16,34.7093
512,1024,8,32,34.9653
512,1024,8,64,34.8803
512,1024,8,128,36.4267
512,1024,8,256,37.9417
512,1024,8,512,40.9387
512,1024,8,1024,46.4533
512,1024,8,2048,58.6347
512,1024,8,4096,82.7413
512,1024,8,8192,130.505
512,1024,8,16384,226.251
512,1024,8,32768,417.088
512,1024,16,16,36.181
512,1024,16,32,36.3093
512,1024,16,64,36.3947
512,1024,16,128,38.037
512,1024,16,256,39.3387
512,1024,16,512,42.1543
512,1024,16,1024,49.7173
512,1024,16,2048,63.2107
512,1024,16,4096,88.043
512,1024,16,8192,136.874
512,1024,16,16384,233.077
512,1024,16,32768,425.888
512,1024,32,16,40.6827
512,1024,32,32,40.7787
512,1024,32,64,40.6717
512,1024,32,128,42.3147
512,1024,32,256,43.8933
512,1024,32,512,48.287
512,1024,32,1024,61.567
512,1024,32,2048,82.9757
512,1024,32,4096,125.952
512,1024,32,8192,210.731
512,1024,32,16384,381.503
512,1024,32,32768,717.247
512,1024,64,16,45.419
512,1024,64,32,45.3863
512,1024,64,64,45.44
512,1024,64,128,48.5653
512,1024,64,256,53.0987
512,1024,64,512,62.3787
512,1024,64,1024,84.7893
512,1024,64,2048,126.922
512,1024,64,4096,212.875
512,1024,64,8192,380.778
512,1024,64,16384,714.293
512,1024,64,32768,1387.6
512,1024,128,16,53.8883
512,1024,128,32,53.9727
512,1024,128,64,53.995
512,1024,128,128,60.3627
512,1024,128,256,70.1867
512,1024,128,512,88.4053
512,1024,128,1024,131.968
512,1024,128,2048,215.179
512,1024,128,4096,382.41
512,1024,128,8192,716.341
512,1024,128,16384,1390.83
512,1024,128,32768,2713.33
512,2048,0,0,46.2933
512,2048,1,16,46.3143
512,2048,1,32,46.816
512,2048,1,64,46.5593
512,2048,1,128,46.6667
512,2048,1,256,46.4957
512,2048,1,512,46.6023
512,2048,1,1024,46.5173
512,2048,1,2048,46.464
512,2048,1,4096,65.994
512,2048,1,8192,113.504
512,2048,1,16384,209.919
512,2048,1,32768,400.822
512,2048,2,16,46.7843
512,2048,2,32,46.581
512,2048,2,64,46.5707
512,2048,2,128,46.624
512,2048,2,256,46.6347
512,2048,2,512,46.3573
512,2048,2,1024,46.517
512,2048,2,2048,70.2183
512,2048,2,4096,94.3147
512,2048,2,8192,141.909
512,2048,2,16384,237.9
512,2048,2,32768,428.799
512,2048,4,16,46.422
512,2048,4,32,46.475
512,2048,4,64,46.6243
512,2048,4,128,46.528
512,2048,4,256,46.848
512,2048,4,512,52.2553
512,2048,4,1024,58.3573
512,2048,4,2048,70.912
512,2048,4,4096,95.1147
512,2048,4,8192,142.645
512,2048,4,16384,238.197
512,2048,4,32768,429.29
512,2048,8,16,46.3893
512,2048,8,32,46.838
512,2048,8,64,46.5907
512,2048,8,128,48.2567
512,2048,8,256,49.7487
512,2048,8,512,52.5867
512,2048,8,1024,58.3903
512,2048,8,2048,70.7727
512,2048,8,4096,95.1467
512,2048,8,8192,143.701
512,2048,8,16384,240.352
512,2048,8,32768,431.072
512,2048,16,16,48.085
512,2048,16,32,47.7123
512,2048,16,64,47.8723
512,2048,16,128,49.6113
512,2048,16,256,50.9863
512,2048,16,512,53.803
512,2048,16,1024,61.045
512,2048,16,2048,74.6447
512,2048,16,4096,100.576
512,2048,16,8192,149.024
512,2048,16,16384,245.642
512,2048,16,32768,438.613
512,2048,32,16,51.2747
512,2048,32,32,51.4347
512,2048,32,64,51.563
512,2048,32,128,53.6747
512,2048,32,256,54.9757
512,2048,32,512,59.947
512,2048,32,1024,73.2793
512,2048,32,2048,95.3067
512,2048,32,4096,136.672
512,2048,32,8192,221.472
512,2048,32,16384,391.754
512,2048,32,32768,730.474
512,2048,64,16,55.989
512,2048,64,32,55.8407
512,2048,64,64,56.2237
512,2048,64,128,60.2667
512,2048,64,256,65.536
512,2048,64,512,74.6453
512,2048,64,1024,96.4903
512,2048,64,2048,138.762
512,2048,64,4096,222.933
512,2048,64,8192,390.207
512,2048,64,16384,726.452
512,2048,64,32768,1397.9
512,2048,128,16,65.141
512,2048,128,32,65.494
512,2048,128,64,65.376
512,2048,128,128,71.509
512,2048,128,256,82.2183
512,2048,128,512,100.214
512,2048,128,1024,143.072
512,2048,128,2048,226.432
512,2048,128,4096,392.416
512,2048,128,8192,725.717
512,2048,128,16384,1398.3
512,2048,128,32768,2729.9
512,4096,0,0,69.952
512,4096,1,16,69.9203
512,4096,1,32,70.0377
512,4096,1,64,69.8563
512,4096,1,128,70.496
512,4096,1,256,69.8137
512,4096,1,512,70.0697
512,4096,1,1024,69.9947
512,4096,1,2048,70.1753
512,4096,1,4096,70.2613
512,4096,1,8192,114.507
512,4096,1,16384,210.133
512,4096,1,32768,401.706
512,4096,2,16,69.9513
512,4096,2,32,70.0373
512,4096,2,64,69.9733
512,4096,2,128,70.2613
512,4096,2,256,69.952
512,4096,2,512,69.9307
512,4096,2,1024,69.9307
512,4096,2,2048,70.1013
512,4096,2,4096,118.858
512,4096,2,8192,166.197
512,4096,2,16384,262.239
512,4096,2,32768,454.538
512,4096,4,16,70.1543
512,4096,4,32,69.856
512,4096,4,64,69.8767
512,4096,4,128,70.187
512,4096,4,256,69.771
512,4096,4,512,70.2937
512,4096,4,1024,78.7627
512,4096,4,2048,94.347
512,4096,4,4096,119.478
512,4096,4,8192,166.965
512,4096,4,16384,262.239
512,4096,4,32768,453.888
512,4096,8,16,70.091
512,4096,8,32,70.0373
512,4096,8,64,69.728
512,4096,8,128,69.8237
512,4096,8,256,72.8953
512,4096,8,512,75.9573
512,4096,8,1024,82.091
512,4096,8,2048,94.5063
512,4096,8,4096,119.712
512,4096,8,8192,167.765
512,4096,8,16384,263.956
512,4096,8,32768,455.616
512,4096,16,16,69.888
512,4096,16,32,70.3147
512,4096,16,64,70.3153
512,4096,16,128,72.404
512,4096,16,256,73.76
512,4096,16,512,76.961
512,4096,16,1024,83.5413
512,4096,16,2048,97.1413
512,4096,16,4096,123.392
512,4096,16,8192,172.234
512,4096,16,16384,268.075
512,4096,16,32768,464.117
512,4096,32,16,73.8887
512,4096,32,32,74.1547
512,4096,32,64,73.9627
512,4096,32,128,75.6383
512,4096,32,256,77.5137
512,4096,32,512,83.68
512,4096,32,1024,96.0747
512,4096,32,2048,118.634
512,4096,32,4096,159.403
512,4096,32,8192,245.472
512,4096,32,16384,414.891
512,4096,32,32768,751.274
512,4096,64,16,78.805
512,4096,64,32,78.9653
512,4096,64,64,78.827
512,4096,64,128,82.3363
512,4096,64,256,86.8477
512,4096,64,512,97.5577
512,4096,64,1024,119.104
512,4096,64,2048,161.099
512,4096,64,4096,244.864
512,4096,64,8192,412.288
512,4096,64,16384,752.831
512,4096,64,32768,1427.11
512,4096,128,16,87.253
512,4096,128,32,86.976
512,4096,128,64,87.392
512,4096,128,128,94.7527
512,4096,128,256,104.598
512,4096,128,512,123.573
512,4096,128,1024,165.813
512,4096,128,2048,248.789
512,4096,128,4096,414.346
512,4096,128,8192,750.026
512,4096,128,16384,1417.67
512,4096,128,32768,2747.96
512,8192,0,0,117.813
512,8192,1,16,118.23
512,8192,1,32,118.282
512,8192,1,64,117.803
512,8192,1,128,117.963
512,8192,1,256,117.973
512,8192,1,512,118.283
512,8192,1,1024,118.005
512,8192,1,2048,117.963
512,8192,1,4096,118.357
512,8192,1,8192,118.677
512,8192,1,16384,211.381
512,8192,1,32768,402.175
512,8192,2,16,117.792
512,8192,2,32,118.198
512,8192,2,64,118.272
512,8192,2,128,117.962
512,8192,2,256,118.165
512,8192,2,512,118.208
512,8192,2,1024,118.4
512,8192,2,2048,118.304
512,8192,2,4096,119.072
512,8192,2,8192,215.584
512,8192,2,16384,310.325
512,8192,2,32768,501.376
512,8192,4,16,117.91
512,8192,4,32,118.122
512,8192,4,64,117.877
512,8192,4,128,118.251
512,8192,4,256,118.165
512,8192,4,512,118.624
512,8192,4,1024,118.762
512,8192,4,2048,127.584
512,8192,4,4096,166.731
512,8192,4,8192,214.837
512,8192,4,16384,310.187
512,8192,4,32768,501.248
512,8192,8,16,118.292
512,8192,8,32,117.983
512,8192,8,64,118.251
512,8192,8,128,118.069
512,8192,8,256,118.571
512,8192,8,512,118.656
512,8192,8,1024,130.527
512,8192,8,2048,143.349
512,8192,8,4096,167.263
512,8192,8,8192,215.978
512,8192,8,16384,311.104
512,8192,8,32768,503.413
512,8192,16,16,118.379
512,8192,16,32,118.303
512,8192,16,64,118.752
512,8192,16,128,118.261
512,8192,16,256,121.386
512,8192,16,512,125.035
512,8192,16,1024,131.509
512,8192,16,2048,144.598
512,8192,16,4096,169.557
512,8192,16,8192,217.631
512,8192,16,16384,314.645
512,8192,16,32768,508.427
512,8192,32,16,120.278
512,8192,32,32,120.331
512,8192,32,64,120.482
512,8192,32,128,123.232
512,8192,32,256,125.344
512,8192,32,512,130.059
512,8192,32,1024,140.864
512,8192,32,2048,160.789
512,8192,32,4096,204.245
512,8192,32,8192,287.168
512,8192,32,16384,459.914
512,8192,32,32768,799.125
512,8192,64,16,124.737
512,8192,64,32,125.386
512,8192,64,64,126.219
512,8192,64,128,129.845
512,8192,64,256,134.09
512,8192,64,512,143.776
512,8192,64,1024,165.259
512,8192,64,2048,205.653
512,8192,64,4096,287.851
512,8192,64,8192,456.203
512,8192,64,16384,796.362
512,8192,64,32768,1466.88
512,8192,128,16,134.464
512,8192,128,32,135.051
512,8192,128,64,134.474
512,8192,128,128,141.334
512,8192,128,256,150.699
512,8192,128,512,170.368
512,8192,128,1024,210.88
512,8192,128,2048,293.312
512,8192,128,4096,458.848
512,8192,128,8192,794.57
512,8192,128,16384,1464.94
512,8192,128,32768,2806.1
512,16384,0,0,212.757
512,16384,1,16,212.992
512,16384,1,32,213.237
512,16384,1,64,212.944
512,16384,1,128,212.65
512,16384,1,256,212.736
512,16384,1,512,212.907
512,16384,1,1024,212.512
512,16384,1,2048,213.803
512,16384,1,4096,213.163
512,16384,1,8192,213.269
512,16384,1,16384,213.429
512,16384,1,32768,402.101
512,16384,2,16,213.046
512,16384,2,32,212.534
512,16384,2,64,213.269
512,16384,2,128,212.885
512,16384,2,256,212.715
512,16384,2,512,213.088
512,16384,2,1024,213.067
512,16384,2,2048,213.163
512,16384,2,4096,213.493
512,16384,2,8192,214.954
512,16384,2,16384,404.607
512,16384,2,32768,595.711
512,16384,4,16,212.47
512,16384,4,32,212.373
512,16384,4,64,214.026
512,16384,4,128,212.95
512,16384,4,256,212.618
512,16384,4,512,212.384
512,16384,4,1024,212.842
512,16384,4,2048,213.172
512,16384,4,4096,224.01
512,16384,4,8192,309.567
512,16384,4,16384,405.878
512,16384,4,32768,596.405
512,16384,8,16,212.341
512,16384,8,32,213.045
512,16384,8,64,212.597
512,16384,8,128,212.618
512,16384,8,256,212.811
512,16384,8,512,213.002
512,16384,8,1024,213.248
512,16384,8,2048,237.376
512,16384,8,4096,262.4
512,16384,8,8192,310.475
512,16384,8,16384,405.631
512,16384,8,32768,598.027
512,16384,16,16,214.155
512,16384,16,32,212.64
512,16384,16,64,212.523
512,16384,16,128,213.279
512,16384,16,256,212.608
512,16384,16,512,214.666
512,16384,16,1024,225.471
512,16384,16,2048,238.826
512,16384,16,4096,263.435
512,16384,16,8192,311.882
512,16384,16,16384,408.768
512,16384,16,32768,603.338
512,16384,32,16,216.15
512,16384,32,32,214.484
512,16384,32,64,214.154
512,16384,32,128,214.432
512,16384,32,256,218.783
512,16384,32,512,222.058
512,16384,32,1024,231.253
512,16384,32,2048,251.019
512,16384,32,4096,294.795
512,16384,32,8192,383.274
512,16384,32,16384,551.38
512,16384,32,32768,889.78
512,16384,64,16,216.726
512,16384,64,32,217.323
512,16384,64,64,216.96
512,16384,64,128,220.853
512,16384,64,256,226.282
512,16384,64,512,236.341
512,16384,64,1024,255.168
512,16384,64,2048,296.139
512,16384,64,4096,379.296
512,16384,64,8192,549.408
512,16384,64,16384,883.136
512,16384,64,32768,1559.43
512,16384,128,16,226.101
512,16384,128,32,226.229
512,16384,128,64,226.559
512,16384,128,128,232.747
512,16384,128,256,243.445
512,16384,128,512,263.573
512,16384,128,1024,302.208
512,16384,128,2048,383.861
512,16384,128,4096,548.608
512,16384,128,8192,879.594
512,16384,128,16384,1547.99
512,16384,128,32768,2885.32
512,32768,0,0,400.778
512,32768,1,16,400.181
512,32768,1,32,400.534
512,32768,1,64,401.771
512,32768,1,128,400.266
512,32768,1,256,400.597
512,32768,1,512,401.685
512,32768,1,1024,400.842
512,32768,1,2048,400.245
512,32768,1,4096,400.352
512,32768,1,8192,400.693
512,32768,1,16384,400.533
512,32768,1,32768,402.73
512,32768,2,16,400.587
512,32768,2,32,400.619
512,32768,2,64,399.712
512,32768,2,128,400.437
512,32768,2,256,399.84
512,32768,2,512,400.8
512,32768,2,1024,402.581
512,32768,2,2048,400.768
512,32768,2,4096,400.885
512,32768,2,8192,401.888
512,32768,2,16384,406.132
512,32768,2,32768,785.045
512,32768,4,16,401.205
512,32768,4,32,399.765
512,32768,4,64,400.054
512,32768,4,128,400.341
512,32768,4,256,400.458
512,32768,4,512,401.077
512,32768,4,1024,401.226
512,32768,4,2048,401.056
512,32768,4,4096,400.693
512,32768,4,8192,413.632
512,32768,4,16384,593.364
512,32768,4,32768,784.288
512,32768,8,16,400.405
512,32768,8,32,399.808
512,32768,8,64,400.405
512,32768,8,128,400.725
512,32768,8,256,400.448
512,32768,8,512,400.949
512,32768,8,1024,401.504
512,32768,8,2048,400.523
512,32768,8,4096,431.573
512,32768,8,8192,497.013
512,32768,8,16384,595.552
512,32768,8,32768,786.432
512,32768,16,16,400.96
512,32768,16,32,400.149
512,32768,16,64,400.82
512,32768,16,128,401.312
512,32768,16,256,401.504
512,32768,16,512,401.035
512,32768,16,1024,401.333
512,32768,16,2048,426.837
512,32768,16,4096,451.146
512,32768,16,8192,500
512,32768,16,16384,596.949
512,32768,16,32768,791.84
512,32768,32,16,401.152
512,32768,32,32,402.336
512,32768,32,64,402.527
512,32768,32,128,403.028
512,32768,32,256,402.015
512,32768,32,512,402.39
512,32768,32,1024,416.47
512,32768,32,2048,432.629
512,32768,32,4096,472.362
512,32768,32,8192,556.906
512,32768,32,16384,732.779
512,32768,32,32768,1072.25
512,32768,64,16,402.581
512,32768,64,32,402.346
512,32768,64,64,402.058
512,32768,64,128,402.517
512,32768,64,256,410.016
512,32768,64,512,414.762
512,32768,64,1024,440.928
512,32768,64,2048,476.448
512,32768,64,4096,558.048
512,32768,64,8192,726.666
512,32768,64,16384,1065.6
512,32768,64,32768,1734.41
512,32768,128,16,410.005
512,32768,128,32,409.461
512,32768,128,64,410.656
512,32768,128,128,415.69
512,32768,128,256,425.183
512,32768,128,512,440.64
512,32768,128,1024,488.875
512,32768,128,2048,566.496
512,32768,128,4096,728.384
512,32768,128,8192,1059.68
512,32768,128,16384,1729.82
512,32768,128,32768,3068.94
1024,0,0,0,37.1837
1024,0,1,16,36.9387
1024,0,1,32,37.1947
1024,0,1,64,37.0133
1024,0,1,128,37.5573
1024,0,1,256,39.0827
1024,0,1,512,42.08
1024,0,1,1024,48.502
1024,0,1,2048,60.192
1024,0,1,4096,84.2133
1024,0,1,8192,131.84
1024,0,1,16384,227.146
1024,0,1,32768,418.347
1024,0,2,16,37.3867
1024,0,2,32,37.1947
1024,0,2,64,37.2693
1024,0,2,128,37.8557
1024,0,2,256,39.4987
1024,0,2,512,42.3153
1024,0,2,1024,48.523
1024,0,2,2048,60.0533
1024,0,2,4096,84.0963
1024,0,2,8192,131.989
1024,0,2,16384,227.359
1024,0,2,32768,418.656
1024,0,4,16,40.2773
1024,0,4,32,40.4907
1024,0,4,64,40.2347
1024,0,4,128,41.6963
1024,0,4,256,43.0613
1024,0,4,512,46.112
1024,0,4,1024,51.9673
1024,0,4,2048,64.181
1024,0,4,4096,87.7443
1024,0,4,8192,135.36
1024,0,4,16384,230.709
1024,0,4,32768,421.802
1024,0,8,16,40.9493
1024,0,8,32,40.1493
1024,0,8,64,40.8423
1024,0,8,128,42.3467
1024,0,8,256,43.7227
1024,0,8,512,46.603
1024,0,8,1024,52.7467
1024,0,8,2048,64.4267
1024,0,8,4096,88.6933
1024,0,8,8192,137.013
1024,0,8,16384,232.139
1024,0,8,32768,423.189
1024,0,16,16,41.867
1024,0,16,32,41.5673
1024,0,16,64,41.728
1024,0,16,128,42.9437
1024,0,16,256,44.2767
1024,0,16,512,47.467
1024,0,16,1024,55.7003
1024,0,16,2048,70.9223
1024,0,16,4096,95.0187
1024,0,16,8192,144.213
1024,0,16,16384,240.565
1024,0,16,32768,432.043
1024,0,32,16,42.9013
1024,0,32,32,43.3063
1024,0,32,64,43.1363
1024,0,32,128,44.619
1024,0,32,256,46.6023
1024,0,32,512,54.6667
1024,0,32,1024,68.5763
1024,0,32,2048,92.416
1024,0,32,4096,135.083
1024,0,32,8192,219.52
1024,0,32,16384,387.914
1024,0,32,32768,723.136
1024,0,64,16,47.84
1024,0,64,32,47.9897
1024,0,64,64,48.128
1024,0,64,128,51.2743
1024,0,64,256,56.843
1024,0,64,512,70.1763
1024,0,64,1024,93.728
1024,0,64,2048,135.946
1024,0,64,4096,218.933
1024,0,64,8192,388.309
1024,0,64,16384,724.725
1024,0,64,32768,1396.49
1024,0,128,16,56.3737
1024,0,128,32,57.2367
1024,0,128,64,57.6107
1024,0,128,128,64.7783
1024,0,128,256,75.7653
1024,0,128,512,98.5597
1024,0,128,1024,141.099
1024,0,128,2048,223.808
1024,0,128,4096,389.759
1024,0,128,8192,724.704
1024,0,128,16384,1393.38
1024,0,128,32768,2733.89
1024,16,0,0,37.5787
1024,16,1,16,37.2373
1024,16,1,32,37.451
1024,16,1,64,37.3867
1024,16,1,128,37.9207
1024,16,1,256,39.3067
1024,16,1,512,41.974
1024,16,1,1024,48.2133
1024,16,1,2048,59.8827
1024,16,1,4096,83.6903
1024,16,1,8192,130.73
1024,16,1,16384,225.558
1024,16,1,32768,415.777
1024,16,2,16,37.5793
1024,16,2,32,37.568
1024,16,2,64,37.6953
1024,16,2,128,39.1467
1024,16,2,256,40.459
1024,16,2,512,43.4453
1024,16,2,1024,49.3013
1024,16,2,2048,61.248
1024,16,2,4096,84.8847
1024,16,2,8192,132
1024,16,2,16384,227.051
1024,16,2,32768,415.893
1024,16,4,16,41.3963
1024,16,4,32,41.4397
1024,16,4,64,41.5253
1024,16,4,128,42.709
1024,16,4,256,44.5547
1024,16,4,512,46.9757
1024,16,4,1024,53.142
1024,16,4,2048,64.8317
1024,16,4,4096,88.619
1024,16,4,8192,135.842
1024,16,4,16384,230.773
1024,16,4,32768,420.117
1024,16,8,16,41.738
1024,16,8,32,41.6427
1024,16,8,64,41.9837
1024,16,8,128,43.3387
1024,16,8,256,44.6287
1024,16,8,512,47.4563
1024,16,8,1024,53.4503
1024,16,8,2048,65.4613
1024,16,8,4096,89.2477
1024,16,8,8192,137.269
1024,16,8,16384,231.744
1024,16,8,32768,421.44
1024,16,16,16,42.208
1024,16,16,32,41.9837
1024,16,16,64,42.229
1024,16,16,128,43.5307
1024,16,16,256,44.9813
1024,16,16,512,48.1177
1024,16,16,1024,56.1813
1024,16,16,2048,70.8583
1024,16,16,4096,96.299
1024,16,16,8192,143.999
1024,16,16,16384,245.685
1024,16,16,32768,432.021
1024,16,32,16,43.4023
1024,16,32,32,43.4243
1024,16,32,64,43.712
1024,16,32,128,44.8533
1024,16,32,256,46.922
1024,16,32,512,55.6907
1024,16,32,1024,68.9177
1024,16,32,2048,91.8183
1024,16,32,4096,134.091
1024,16,32,8192,220.341
1024,16,32,16384,389.099
1024,16,32,32768,729.194
1024,16,64,16,48.1493
1024,16,64,32,48.1597
1024,16,64,64,48.5223
1024,16,64,128,52.2673
1024,16,64,256,57.2057
1024,16,64,512,71.7973
1024,16,64,1024,93.9733
1024,16,64,2048,136.64
1024,16,64,4096,221.323
1024,16,64,8192,389.675
1024,16,64,16384,726.58
1024,16,64,32768,1400.52
1024,16,128,16,57.3227
1024,16,128,32,57.877
1024,16,128,64,58.4953
1024,16,128,128,66.0903
1024,16,128,256,76.5333
1024,16,128,512,99.4453
1024,16,128,1024,141.717
1024,16,128,2048,224.288
1024,16,128,4096,390.582
1024,16,128,8192,725.856
1024,16,128,16384,1401.03
1024,16,128,32768,2737.85
1024,32,0,0,38.4107
1024,32,1,16,38.1977
1024,32,1,32,38.2927
1024,32,1,64,38.4537
1024,32,1,128,38.8477
1024,32,1,256,40.1923
1024,32,1,512,43.285
1024,32,1,1024,49.0883
1024,32,1,2048,61.024
1024,32,1,4096,84.4913
1024,32,1,8192,132.021
1024,32,1,16384,226.08
1024,32,1,32768,415.36
1024,32,2,16,38.4213
1024,32,2,32,38.5707
1024,32,2,64,38.464
1024,32,2,128,39.5307
1024,32,2,256,40.288
1024,32,2,512,43.2107
1024,32,2,1024,49.1947
1024,32,2,2048,61.11
1024,32,2,4096,84.7787
1024,32,2,8192,132.203
1024,32,2,16384,226.731
1024,32,2,32768,416.609
1024,32,4,16,41.312
1024,32,4,32,41.3437
1024,32,4,64,41.3113
1024,32,4,128,42.8587
1024,32,4,256,44.5227
1024,32,4,512,46.9333
1024,32,4,1024,52.8103
1024,32,4,2048,64.9177
1024,32,4,4096,88.7143
1024,32,4,8192,135.637
1024,32,4,16384,230.774
1024,32,4,32768,421.482
1024,32,8,16,41.7177
1024,32,8,32,41.6963
1024,32,8,64,42.208
1024,32,8,128,43.264
1024,32,8,256,44.2243
1024,32,8,512,47.574
1024,32,8,1024,53.312
1024,32,8,2048,65.184
1024,32,8,4096,89.4083
1024,32,8,8192,136.768
1024,32,8,16384,231.573
1024,32,8,32768,421.707
1024,32,16,16,42.2937
1024,32,16,32,42.2087
1024,32,16,64,42.2397
1024,32,16,128,43.3923
1024,32,16,256,44.3947
1024,32,16,512,48.1073
1024,32,16,1024,56.0213
1024,32,16,2048,70.9013
1024,32,16,4096,96.1497
1024,32,16,8192,144.384
1024,32,16,16384,239.914
1024,32,16,32768,429.674
1024,32,32,16,43.8933
1024,32,32,32,43.7653
1024,32,32,64,43.734
1024,32,32,128,46.4213
1024,32,32,256,47.509
1024,32,32,512,55.4133
1024,32,32,1024,69.1947
1024,32,32,2048,92.5973
1024,32,32,4096,135.264
1024,32,32,8192,221.397
1024,32,32,16384,389.14
1024,32,32,32768,723.755
1024,32,64,16,48.5753
1024,32,64,32,48.629
1024,32,64,64,49.014
1024,32,64,128,52.8107
1024,32,64,256,58.0167
1024,32,64,512,72.1493
1024,32,64,1024,93.6423
1024,32,64,2048,136.576
1024,32,64,4096,221.248
1024,32,64,8192,388.373
1024,32,64,16384,729.514
1024,32,64,32768,1403.34
1024,32,128,16,57.3973
1024,32,128,32,57.5783
1024,32,128,64,58.3787
1024,32,128,128,65.4927
1024,32,128,256,76.4053
1024,32,128,512,97.9307
1024,32,128,1024,140.971
1024,32,128,2048,225.258
1024,32,128,4096,391.04
1024,32,128,8192,723.434
1024,32,128,16384,1394.84
1024,32,128,32768,2728
1024,64,0,0,38.496
1024,64,1,16,38.6227
1024,64,1,32,38.485
1024,64,1,64,38.656
1024,64,1,128,39.349
1024,64,1,256,40.6827
1024,64,1,512,43.158
1024,64,1,1024,49.1727
1024,64,1,2048,61.3547
1024,64,1,4096,84.96
1024,64,1,8192,132.064
1024,64,1,16384,227.029
1024,64,1,32768,416.224
1024,64,2,16,38.443
1024,64,2,32,38.6887
1024,64,2,64,38.389
1024,64,2,128,39.2967
1024,64,2,256,40.7997
1024,64,2,512,43.5943
1024,64,2,1024,49.3757
1024,64,2,2048,61.1733
1024,64,2,4096,84.9173
1024,64,2,8192,132.299
1024,64,2,16384,227.306
1024,64,2,32768,417.27
1024,64,4,16,41.6953
1024,64,4,32,41.5147
1024,64,4,64,41.4827
1024,64,4,128,42.9017
1024,64,4,256,44.3733
1024,64,4,512,47.253
1024,64,4,1024,53.2053
1024,64,4,2048,65.1413
1024,64,4,4096,88.736
1024,64,4,8192,136.054
1024,64,4,16384,231.733
1024,64,4,32768,420.299
1024,64,8,16,42.2837
1024,64,8,32,42.176
1024,64,8,64,42.5067
1024,64,8,128,43.595
1024,64,8,256,45.1837
1024,64,8,512,48.256
1024,64,8,1024,53.8023
1024,64,8,2048,65.8773
1024,64,8,4096,90.2937
1024,64,8,8192,136.821
1024,64,8,16384,232.224
1024,64,8,32768,421.909
1024,64,16,16,43.2647
1024,64,16,32,43.2533
1024,64,16,64,43.307
1024,64,16,128,44.6507
1024,64,16,256,46.0267
1024,64,16,512,49.0347
1024,64,16,1024,57.0777
1024,64,16,2048,72.7143
1024,64,16,4096,96.7147
1024,64,16,8192,145.237
1024,64,16,16384,241.12
1024,64,16,32768,434.57
1024,64,32,16,44
1024,64,32,32,44.2247
1024,64,32,64,44.5117
1024,64,32,128,46.272
1024,64,32,256,48.3413
1024,64,32,512,55.776
1024,64,32,1024,70.0373
1024,64,32,2048,93.313
1024,64,32,4096,135.605
1024,64,32,8192,221.322
1024,64,32,16384,390.848
1024,64,32,32768,730.453
1024,64,64,16,49.3333
1024,64,64,32,49.4403
1024,64,64,64,49.8453
1024,64,64,128,53.205
1024,64,64,256,58.24
1024,64,64,512,72.5113
1024,64,64,1024,94.8053
1024,64,64,2048,137.024
1024,64,64,4096,222.795
1024,64,64,8192,389.995
1024,64,64,16384,727.2
1024,64,64,32768,1397.26
1024,64,128,16,58.4527
1024,64,128,32,58.56
1024,64,128,64,59.68
1024,64,128,128,65.941
1024,64,128,256,78.1123
1024,64,128,512,99.2533
1024,64,128,1024,141.61
1024,64,128,2048,225.034
1024,64,128,4096,392.181
1024,64,128,8192,726.154
1024,64,128,16384,1393.96
1024,64,128,32768,2732.01
1024,128,0,0,40.2023
1024,128,1,16,39.968
1024,128,1,32,39.9253
1024,128,1,64,40.0103
1024,128,1,128,39.8727
1024,128,1,256,40.5973
1024,128,1,512,43.957
1024,128,1,1024,50.0483
1024,128,1,2048,61.3867
1024,128,1,4096,85.1417
1024,128,1,8192,132.384
1024,128,1,16384,226.965
1024,128,1,32768,417.216
1024,128,2,16,40.224
1024,128,2,32,40.267
1024,128,2,64,39.9893
1024,128,2,128,40.1173
1024,128,2,256,40.864
1024,128,2,512,43.6907
1024,128,2,1024,49.685
1024,128,2,2048,61.632
1024,128,2,4096,84.9063
1024,128,2,8192,132.309
1024,128,2,16384,227.968
1024,128,2,32768,418.645
1024,128,4,16,43.1893
1024,128,4,32,43.0613
1024,128,4,64,42.997
1024,128,4,128,44.8647
1024,128,4,256,46.091
1024,128,4,512,48.6933
1024,128,4,1024,54.88
1024,128,4,2048,66.6027
1024,128,4,4096,90.2507
1024,128,4,8192,137.781
1024,128,4,16384,232.426
1024,128,4,32768,421.92
1024,128,8,16,43.68
1024,128,8,32,43.787
1024,128,8,64,43.4983
1024,128,8,128,45.76
1024,128,8,256,46.986
1024,128,8,512,50.2713
1024,128,8,1024,56.1387
1024,128,8,2048,68.0967
1024,128,8,4096,92.032
1024,128,8,8192,139.413
1024,128,8,16384,234.378
1024,128,8,32768,424.757
1024,128,16,16,44.4907
1024,128,16,32,44.6937
1024,128,16,64,44.512
1024,128,16,128,46.0687
1024,128,16,256,47.723
1024,128,16,512,50.6667
1024,128,16,1024,58.2297
1024,128,16,2048,73.7283
1024,128,16,4096,98.368
1024,128,16,8192,146.912
1024,128,16,16384,242.933
1024,128,16,32768,434.165
1024,128,32,16,45.856
1024,128,32,32,46.0587
1024,128,32,64,46.3147
1024,128,32,128,47.723
1024,128,32,256,49.7707
1024,128,32,512,57.4403
1024,128,32,1024,71.4663
1024,128,32,2048,94.3783
1024,128,32,4096,136.715
1024,128,32,8192,219.776
1024,128,32,16384,389.898
1024,128,32,32768,727.477
1024,128,64,16,51.0397
1024,128,64,32,51.392
1024,128,64,64,51.253
1024,128,64,128,54.3577
1024,128,64,256,59.5943
1024,128,64,512,73.8023
1024,128,64,1024,95.9037
1024,128,64,2048,138.943
1024,128,64,4096,222.517
1024,128,64,8192,391.008
1024,128,64,16384,729.77
1024,128,64,32768,1395.26
1024,128,128,16,59.776
1024,128,128,32,60.427
1024,128,128,64,60.9813
1024,128,128,128,67.9147
1024,128,128,256,79.0827
1024,128,128,512,100.224
1024,128,128,1024,143.574
1024,128,128,2048,226.847
1024,128,128,4096,392.629
1024,128,128,8192,725.206
1024,128,128,16384,1398.67
1024,128,128,32768,2733.78
1024,256,0,0,42.923
1024,256,1,16,43.008
1024,256,1,32,42.7733
1024,256,1,64,43.189
1024,256,1,128,43.0197
1024,256,1,256,43.04
1024,256,1,512,45.6537
1024,256,1,1024,51.1463
1024,256,1,2048,62.9223
1024,256,1,4096,86.453
1024,256,1,8192,134.282
1024,256,1,16384,228.672
1024,256,1,32768,418.891
1024,256,2,16,43.1787
1024,256,2,32,43.2107
1024,256,2,64,42.955
1024,256,2,128,43.1367
1024,256,2,256,42.976
1024,256,2,512,45.2047
1024,256,2,1024,50.976
1024,256,2,2048,63.2213
1024,256,2,4096,86.9007
1024,256,2,8192,134.229
1024,256,2,16384,229.483
1024,256,2,32768,418.218
1024,256,4,16,44.2773
1024,256,4,32,44.3837
1024,256,4,64,44.757
1024,256,4,128,47.616
1024,256,4,256,48.608
1024,256,4,512,51.3697
1024,256,4,1024,57.8027
1024,256,4,2048,69.6633
1024,256,4,4096,93.1837
1024,256,4,8192,140.853
1024,256,4,16384,235.061
1024,256,4,32768,425.59
1024,256,8,16,47.659
1024,256,8,32,47.4773
1024,256,8,64,47.7653
1024,256,8,128,48.9497
1024,256,8,256,50.5603
1024,256,8,512,53.5893
1024,256,8,1024,59.4027
1024,256,8,2048,71.52
1024,256,8,4096,95.3923
1024,256,8,8192,143.754
1024,256,8,16384,238.058
1024,256,8,32768,427.284
1024,256,16,16,47.7437
1024,256,16,32,47.6057
1024,256,16,64,48.0857
1024,256,16,128,48.8747
1024,256,16,256,50.5707
1024,256,16,512,53.6213
1024,256,16,1024,61.1733
1024,256,16,2048,77.0347
1024,256,16,4096,101.525
1024,256,16,8192,149.771
1024,256,16,16384,246.688
1024,256,16,32768,438.357
1024,256,32,16,48.5973
1024,256,32,32,49.024
1024,256,32,64,49.13
1024,256,32,128,51.0393
1024,256,32,256,52.4267
1024,256,32,512,60.1287
1024,256,32,1024,74.122
1024,256,32,2048,96.416
1024,256,32,4096,139.211
1024,256,32,8192,223.413
1024,256,32,16384,393.877
1024,256,32,32768,732.501
1024,256,64,16,54.2293
1024,256,64,32,53.974
1024,256,64,64,54.3997
1024,256,64,128,57.3973
1024,256,64,256,62.9543
1024,256,64,512,76.4373
1024,256,64,1024,99.5733
1024,256,64,2048,142.08
1024,256,64,4096,225.92
1024,256,64,8192,394.069
1024,256,64,16384,732.597
1024,256,64,32768,1410.3
1024,256,128,16,62.9653
1024,256,128,32,62.9013
1024,256,128,64,64.213
1024,256,128,128,70.4533
1024,256,128,256,82.4
1024,256,128,512,103.925
1024,256,128,1024,146.41
1024,256,128,2048,230.08
1024,256,128,4096,395.541
1024,256,128,8192,730.709
1024,256,128,16384,1396.4
1024,256,128,32768,2738.87
1024,512,0,0,48.992
1024,512,1,16,48.8637
1024,512,1,32,49.098
1024,512,1,64,48.9493
1024,512,1,128,49.1203
1024,512,1,256,48.9917
1024,512,1,512,48.8107
1024,512,1,1024,54.2503
1024,512,1,2048,66.1013
1024,512,1,4096,89.9943
1024,512,1,8192,137.163
1024,512,1,16384,232.395
1024,512,1,32768,424.683
1024,512,2,16,49.0247
1024,512,2,32,48.7787
1024,512,2,64,49.3977
1024,512,2,128,48.981
1024,512,2,256,48.9167
1024,512,2,512,49.1837
1024,512,2,1024,54.432
1024,512,2,2048,66.0907
1024,512,2,4096,90.518
1024,512,2,8192,137.237
1024,512,2,16384,232.501
1024,512,2,32768,423.328
1024,512,4,16,48.9063
1024,512,4,32,48.9597
1024,512,4,64,48.6933
1024,512,4,128,50.1867
1024,512,4,256,52.8427
1024,512,4,512,57.3747
1024,512,4,1024,63.104
1024,512,4,2048,75.2317
1024,512,4,4096,99.04
1024,512,4,8192,146.293
1024,512,4,16384,241.045
1024,512,4,32768,430.379
1024,512,8,16,51.904
1024,512,8,32,51.9043
1024,512,8,64,52.16
1024,512,8,128,53.4823
1024,512,8,256,55.104
1024,512,8,512,57.8983
1024,512,8,1024,64.0637
1024,512,8,2048,76.0107
1024,512,8,4096,100.778
1024,512,8,8192,148.481
1024,512,8,16384,243.83
1024,512,8,32768,434.581
1024,512,16,16,53.45
1024,512,16,32,53.472
1024,512,16,64,53.76
1024,512,16,128,54.9547
1024,512,16,256,56.7147
1024,512,16,512,59.5413
1024,512,16,1024,67.5097
1024,512,16,2048,82.3253
1024,512,16,4096,108.341
1024,512,16,8192,155.798
1024,512,16,16384,251.893
1024,512,16,32768,444.309
1024,512,32,16,54.6023
1024,512,32,32,54.986
1024,512,32,64,55.3813
1024,512,32,128,56.8957
1024,512,32,256,58.3463
1024,512,32,512,66.123
1024,512,32,1024,80.363
1024,512,32,2048,103.222
1024,512,32,4096,145.056
1024,512,32,8192,229.727
1024,512,32,16384,398.634
1024,512,32,32768,736.629
1024,512,64,16,59.9783
1024,512,64,32,59.968
1024,512,64,64,60.1387
1024,512,64,128,63.125
1024,512,64,256,68.9817
1024,512,64,512,82.9233
1024,512,64,1024,105.376
1024,512,64,2048,147.435
1024,512,64,4096,231.306
1024,512,64,8192,399.531
1024,512,64,16384,736.683
1024,512,64,32768,1410.02
1024,512,128,16,68.822
1024,512,128,32,69.6103
1024,512,128,64,69.92
1024,512,128,128,76.6507
1024,512,128,256,87.5517
1024,512,128,512,111.136
1024,512,128,1024,151.905
1024,512,128,2048,236.075
1024,512,128,4096,402.111
1024,512,128,8192,734.849
1024,512,128,16384,1405.98
1024,512,128,32768,2731.6
1024,1024,0,0,61.152
1024,1024,1,16,60.6837
1024,1024,1,32,60.8637
1024,1024,1,64,61.0877
1024,1024,1,128,60.9173
1024,1024,1,256,60.9063
1024,1024,1,512,60.864
1024,1024,1,1024,60.9497
1024,1024,1,2048,71.7753
1024,1024,1,4096,96.5123
1024,1024,1,8192,144.299
1024,1024,1,16384,239.713
1024,1024,1,32768,429.109
1024,1024,2,16,60.8957
1024,1024,2,32,61.2377
1024,1024,2,64,60.8427
1024,1024,2,128,60.6397
1024,1024,2,256,61.0123
1024,1024,2,512,60.8317
1024,1024,2,1024,60.8213
1024,1024,2,2048,72.1707
1024,1024,2,4096,96.896
1024,1024,2,8192,144.331
1024,1024,2,16384,239.232
1024,1024,2,32768,429.183
1024,1024,4,16,60.725
1024,1024,4,32,61.056
1024,1024,4,64,60.6613
1024,1024,4,128,60.97
1024,1024,4,256,60.5543
1024,1024,4,512,64.8427
1024,1024,4,1024,75.168
1024,1024,4,2048,87.477
1024,1024,4,4096,111.626
1024,1024,4,8192,158.976
1024,1024,4,16384,253.76
1024,1024,4,32768,443.966
1024,1024,8,16,61.664
1024,1024,8,32,61.984
1024,1024,8,64,62.2513
1024,1024,8,128,65.152
1024,1024,8,256,67.0713
1024,1024,8,512,69.7597
1024,1024,8,1024,76.0633
1024,1024,8,2048,88.171
1024,1024,8,4096,113.12
1024,1024,8,8192,160.704
1024,1024,8,16384,256.928
1024,1024,8,32768,447.307
1024,1024,16,16,64.9713
1024,1024,16,32,65.4187
1024,1024,16,64,65.1947
1024,1024,16,128,66.5713
1024,1024,16,256,68.202
1024,1024,16,512,71.3603
1024,1024,16,1024,79.4027
1024,1024,16,2048,94.2613
1024,1024,16,4096,119.243
1024,1024,16,8192,167.915
1024,1024,16,16384,263.061
1024,1024,16,32768,456
1024,1024,32,16,66.6557
1024,1024,32,32,66.8373
1024,1024,32,64,66.8373
1024,1024,32,128,68.5547
1024,1024,32,256,70.166
1024,1024,32,512,77.536
1024,1024,32,1024,91.84
1024,1024,32,2048,113.216
1024,1024,32,4096,155.872
1024,1024,32,8192,241.216
1024,1024,32,16384,411.883
1024,1024,32,32768,744.181
1024,1024,64,16,71.36
1024,1024,64,32,71.9893
1024,1024,64,64,72.448
1024,1024,64,128,74.9973
1024,1024,64,256,80.373
1024,1024,64,512,94.4107
1024,1024,64,1024,116.608
1024,1024,64,2048,158.409
1024,1024,64,4096,243.253
1024,1024,64,8192,411.455
1024,1024,64,16384,748.949
1024,1024,64,32768,1419.4
1024,1024,128,16,80.864
1024,1024,128,32,80.736
1024,1024,128,64,81.3753
1024,1024,128,128,89.1733
1024,1024,128,256,100.064
1024,1024,128,512,121.279
1024,1024,128,1024,163.957
1024,1024,128,2048,246.047
1024,1024,128,4096,413.472
1024,1024,128,8192,745.3
1024,1024,128,16384,1420.64
1024,1024,128,32768,2759.31
1024,2048,0,0,85.952
1024,2048,1,16,85.152
1024,2048,1,32,85.013
1024,2048,1,64,85.099
1024,2048,1,128,85.4503
1024,2048,1,256,85.2587
1024,2048,1,512,84.917
1024,2048,1,1024,84.6823
1024,2048,1,2048,85.217
1024,2048,1,4096,109.131
1024,2048,1,8192,157.333
1024,2048,1,16384,252.373
1024,2048,1,32768,442.837
1024,2048,2,16,84.9493
1024,2048,2,32,85.088
1024,2048,2,64,84.9493
1024,2048,2,128,85.2157
1024,2048,2,256,85.216
1024,2048,2,512,84.992
1024,2048,2,1024,84.725
1024,2048,2,2048,85.152
1024,2048,2,4096,109.386
1024,2048,2,8192,157.707
1024,2048,2,16384,252.832
1024,2048,2,32768,442.517
1024,2048,4,16,84.9383
1024,2048,4,32,85.44
1024,2048,4,64,84.651
1024,2048,4,128,85.0883
1024,2048,4,256,84.8427
1024,2048,4,512,84.8317
1024,2048,4,1024,88.725
1024,2048,4,2048,111.958
1024,2048,4,4096,136.405
1024,2048,4,8192,183.755
1024,2048,4,16384,278.549
1024,2048,4,32768,467.999
1024,2048,8,16,84.9067
1024,2048,8,32,85.024
1024,2048,8,64,85.0027
1024,2048,8,128,85.3867
1024,2048,8,256,86.6133
1024,2048,8,512,93.056
1024,2048,8,1024,99.669
1024,2048,8,2048,113.034
1024,2048,8,4096,137.536
1024,2048,8,8192,185.941
1024,2048,8,16384,280.416
1024,2048,8,32768,470.613
1024,2048,16,16,87.67
1024,2048,16,32,87.6053
1024,2048,16,64,88.0747
1024,2048,16,128,89.8453
1024,2048,16,256,91.6793
1024,2048,16,512,94.8697
1024,2048,16,1024,102.507
1024,2048,16,2048,117.856
1024,2048,16,4096,142.357
1024,2048,16,8192,190.827
1024,2048,16,16384,285.696
1024,2048,16,32768,479.83
1024,2048,32,16,90.6777
1024,2048,32,32,90.432
1024,2048,32,64,90.613
1024,2048,32,128,92.3093
1024,2048,32,256,93.973
1024,2048,32,512,100.523
1024,2048,32,1024,114.901
1024,2048,32,2048,136.672
1024,2048,32,4096,178.507
1024,2048,32,8192,262.603
1024,2048,32,16384,434.944
1024,2048,32,32768,773.866
1024,2048,64,16,95.0297
1024,2048,64,32,95.7547
1024,2048,64,64,95.7657
1024,2048,64,128,99.4457
1024,2048,64,256,104.704
1024,2048,64,512,117.387
1024,2048,64,1024,139.36
1024,2048,64,2048,181.13
1024,2048,64,4096,264.373
1024,2048,64,8192,434.88
1024,2048,64,16384,776.586
1024,2048,64,32768,1440.53
1024,2048,128,16,104.768
1024,2048,128,32,105.194
1024,2048,128,64,106.08
1024,2048,128,128,113.088
1024,2048,128,256,124.48
1024,2048,128,512,144.587
1024,2048,128,1024,186.336
1024,2048,128,2048,270.357
1024,2048,128,4096,435.307
1024,2048,128,8192,771.349
1024,2048,128,16384,1444.93
1024,2048,128,32768,2789.57
1024,4096,0,0,140.192
1024,4096,1,16,139.349
1024,4096,1,32,139.328
1024,4096,1,64,139.392
1024,4096,1,128,138.954
1024,4096,1,256,138.88
1024,4096,1,512,139.018
1024,4096,1,1024,139.264
1024,4096,1,2048,138.933
1024,4096,1,4096,139.776
1024,4096,1,8192,182.453
1024,4096,1,16384,277.941
1024,4096,1,32768,468.256
1024,4096,2,16,139.19
1024,4096,2,32,139.114
1024,4096,2,64,139.36
1024,4096,2,128,139.563
1024,4096,2,256,138.688
1024,4096,2,512,138.965
1024,4096,2,1024,139.466
1024,4096,2,2048,139.36
1024,4096,2,4096,139.21
1024,4096,2,8192,184.394
1024,4096,2,16384,279.637
1024,4096,2,32768,469.471
1024,4096,4,16,138.912
1024,4096,4,32,139.157
1024,4096,4,64,139.126
1024,4096,4,128,139.307
1024,4096,4,256,138.826
1024,4096,4,512,139.605
1024,4096,4,1024,139.36
1024,4096,4,2048,139.552
1024,4096,4,4096,180.234
1024,4096,4,8192,228.523
1024,4096,4,16384,322.101
1024,4096,4,32768,512.202
1024,4096,8,16,139.253
1024,4096,8,32,139.488
1024,4096,8,64,139.296
1024,4096,8,128,139.296
1024,4096,8,256,138.848
1024,4096,8,512,139.221
1024,4096,8,1024,143.926
1024,4096,8,2048,157.206
1024,4096,8,4096,182.207
1024,4096,8,8192,228.97
1024,4096,8,16384,324.672
1024,4096,8,32768,515.253
1024,4096,16,16,139.104
1024,4096,16,32,139.467
1024,4096,16,64,139.648
1024,4096,16,128,139.541
1024,4096,16,256,140.085
1024,4096,16,512,139.871
1024,4096,16,1024,147.755
1024,4096,16,2048,162.069
1024,4096,16,4096,188.331
1024,4096,16,8192,236.523
1024,4096,16,16384,333.226
1024,4096,16,32768,523.445
1024,4096,32,16,140.544
1024,4096,32,32,140.576
1024,4096,32,64,140.309
1024,4096,32,128,140.875
1024,4096,32,256,144.074
1024,4096,32,512,148.384
1024,4096,32,1024,160.513
1024,4096,32,2048,181.354
1024,4096,32,4096,222.699
1024,4096,32,8192,308.522
1024,4096,32,16384,476.704
1024,4096,32,32768,815.231
1024,4096,64,16,143.061
1024,4096,64,32,142.634
1024,4096,64,64,143.285
1024,4096,64,128,147.552
1024,4096,64,256,152.629
1024,4096,64,512,163.978
1024,4096,64,1024,183.989
1024,4096,64,2048,225.344
1024,4096,64,4096,309.151
1024,4096,64,8192,477.013
1024,4096,64,16384,814.4
1024,4096,64,32768,1494.37
1024,4096,128,16,151.904
1024,4096,128,32,152.011
1024,4096,128,64,152.779
1024,4096,128,128,159.147
1024,4096,128,256,169.408
1024,4096,128,512,187.52
1024,4096,128,1024,227.37
1024,4096,128,2048,310.453
1024,4096,128,4096,478.015
1024,4096,128,8192,815.147
1024,4096,128,16384,1487.6
1024,4096,128,32768,2837.09
1024,8192,0,0,233.472
1024,8192,1,16,232.885
1024,8192,1,32,233.387
1024,8192,1,64,233.451
1024,8192,1,128,233.205
1024,8192,1,256,232.576
1024,8192,1,512,233.184
1024,8192,1,1024,233.525
1024,8192,1,2048,232.661
1024,8192,1,4096,233.749
1024,8192,1,8192,233.813
1024,8192,1,16384,324.768
1024,8192,1,32768,515.861
1024,8192,2,16,233.28
1024,8192,2,32,232.609
1024,8192,2,64,233.003
1024,8192,2,128,233.749
1024,8192,2,256,232.992
1024,8192,2,512,232.917
1024,8192,2,1024,233.237
1024,8192,2,2048,232.852
1024,8192,2,4096,232.693
1024,8192,2,8192,233.675
1024,8192,2,16384,325.781
1024,8192,2,32768,516.064
1024,8192,4,16,232.821
1024,8192,4,32,232.309
1024,8192,4,64,233.643
1024,8192,4,128,233.514
1024,8192,4,256,233.611
1024,8192,4,512,233.215
1024,8192,4,1024,233.024
1024,8192,4,2048,233.643
1024,8192,4,4096,236.512
1024,8192,4,8192,320.191
1024,8192,4,16384,416.181
1024,8192,4,32768,605.791
1024,8192,8,16,232.8
1024,8192,8,32,233.056
1024,8192,8,64,233.098
1024,8192,8,128,233.493
1024,8192,8,256,233.44
1024,8192,8,512,233.045
1024,8192,8,1024,233.565
1024,8192,8,2048,243.541
1024,8192,8,4096,274.762
1024,8192,8,8192,322.218
1024,8192,8,16384,416.885
1024,8192,8,32768,608.192
1024,8192,16,16,233.462
1024,8192,16,32,232.938
1024,8192,16,64,233.023
1024,8192,16,128,232.565
1024,8192,16,256,232.714
1024,8192,16,512,233.312
1024,8192,16,1024,238.347
1024,8192,16,2048,252.48
1024,8192,16,4096,278.368
1024,8192,16,8192,328.511
1024,8192,16,16384,425.248
1024,8192,16,32768,616.799
1024,8192,32,16,233.717
1024,8192,32,32,234.101
1024,8192,32,64,234.197
1024,8192,32,128,233.131
1024,8192,32,256,234.39
1024,8192,32,512,238.24
1024,8192,32,1024,248.363
1024,8192,32,2048,268.96
1024,8192,32,4096,309.504
1024,8192,32,8192,396.213
1024,8192,32,16384,566.517
1024,8192,32,32768,900.405
1024,8192,64,16,234.635
1024,8192,64,32,235.103
1024,8192,64,64,234.368
1024,8192,64,128,237.643
1024,8192,64,256,242.464
1024,8192,64,512,251.04
1024,8192,64,1024,271.221
1024,8192,64,2048,311.381
1024,8192,64,4096,394.944
1024,8192,64,8192,564.032
1024,8192,64,16384,901.013
1024,8192,64,32768,1571.02
1024,8192,128,16,243.135
1024,8192,128,32,242.816
1024,8192,128,64,243.083
1024,8192,128,128,250.304
1024,8192,128,256,258.976
1024,8192,128,512,277.664
1024,8192,128,1024,315.211
1024,8192,128,2048,396.907
1024,8192,128,4096,562.228
1024,8192,128,8192,898.123
1024,8192,128,16384,1571.17
1024,8192,128,32768,2908.05
1024,16384,0,0,419.595
1024,16384,1,16,418.422
1024,16384,1,32,419.829
1024,16384,1,64,418.058
1024,16384,1,128,418.774
1024,16384,1,256,418.56
1024,16384,1,512,418.134
1024,16384,1,1024,419.765
1024,16384,1,2048,419.008
1024,16384,1,4096,418.784
1024,16384,1,8192,419.093
1024,16384,1,16384,418.634
1024,16384,1,32768,607.381
1024,16384,2,16,418.283
1024,16384,2,32,418.122
1024,16384,2,64,418.411
1024,16384,2,128,418.987
1024,16384,2,256,419.381
1024,16384,2,512,419.851
1024,16384,2,1024,418.4
1024,16384,2,2048,421.066
1024,16384,2,4096,418.218
1024,16384,2,8192,419.883
1024,16384,2,16384,418.709
1024,16384,2,32768,609.803
1024,16384,4,16,419.041
1024,16384,4,32,417.824
1024,16384,4,64,417.685
1024,16384,4,128,418.677
1024,16384,4,256,418.186
1024,16384,4,512,418.678
1024,16384,4,1024,418.731
1024,16384,4,2048,418.262
1024,16384,4,4096,417.343
1024,16384,4,8192,424.427
1024,16384,4,16384,600.16
1024,16384,4,32768,790.517
1024,16384,8,16,420.502
1024,16384,8,32,418.368
1024,16384,8,64,418.282
1024,16384,8,128,417.792
1024,16384,8,256,418.645
1024,16384,8,512,418.378
1024,16384,8,1024,418.368
1024,16384,8,2048,419.243
1024,16384,8,4096,431.915
1024,16384,8,8192,506.752
1024,16384,8,16384,602.976
1024,16384,8,32768,791.189
1024,16384,16,16,420.17
1024,16384,16,32,418.506
1024,16384,16,64,418.944
1024,16384,16,128,419.189
1024,16384,16,256,418.411
1024,16384,16,512,419.147
1024,16384,16,1024,417.856
1024,16384,16,2048,434.015
1024,16384,16,4096,461.152
1024,16384,16,8192,509.792
1024,16384,16,16384,607.541
1024,16384,16,32768,801.066
1024,16384,32,16,420.981
1024,16384,32,32,420.31
1024,16384,32,64,420.459
1024,16384,32,128,419.146
1024,16384,32,256,420.107
1024,16384,32,512,419.647
1024,16384,32,1024,427.392
1024,16384,32,2048,445.963
1024,16384,32,4096,486.687
1024,16384,32,8192,569.237
1024,16384,32,16384,742.432
1024,16384,32,32768,1079.42
1024,16384,64,16,420.416
1024,16384,64,32,421.024
1024,16384,64,64,419.306
1024,16384,64,128,422.581
1024,16384,64,256,420.384
1024,16384,64,512,428.672
1024,16384,64,1024,452.555
1024,16384,64,2048,490.144
1024,16384,64,4096,570.496
1024,16384,64,8192,736.949
1024,16384,64,16384,1078.61
1024,16384,64,32768,1756.16
1024,16384,128,16,423.691
1024,16384,128,32,422.987
1024,16384,128,64,423.115
1024,16384,128,128,429.717
1024,16384,128,256,437.92
1024,16384,128,512,454.015
1024,16384,128,1024,498.475
1024,16384,128,2048,577.375
1024,16384,128,4096,739.797
1024,16384,128,8192,1073.18
1024,16384,128,16384,1743.94
1024,16384,128,32768,3084.92
1024,32768,0,0,791.039
1024,32768,1,16,789.739
1024,32768,1,32,791.253
1024,32768,1,64,788.255
1024,32768,1,128,789.258
1024,32768,1,256,789.717
1024,32768,1,512,790.123
1024,32768,1,1024,789.312
1024,32768,1,2048,792.615
1024,32768,1,4096,790.623
1024,32768,1,8192,790.987
1024,32768,1,16384,789.567
1024,32768,1,32768,793.994
1024,32768,2,16,790.229
1024,32768,2,32,790.027
1024,32768,2,64,789.25
1024,32768,2,128,791.018
1024,32768,2,256,790.838
1024,32768,2,512,788.021
1024,32768,2,1024,791.434
1024,32768,2,2048,791.211
1024,32768,2,4096,790.485
1024,32768,2,8192,790.731
1024,32768,2,16384,790.198
1024,32768,2,32768,796.404
1024,32768,4,16,788.852
1024,32768,4,32,790.464
1024,32768,4,64,793.184
1024,32768,4,128,790.112
1024,32768,4,256,792.472
1024,32768,4,512,794.453
1024,32768,4,1024,790.58
1024,32768,4,2048,789.76
1024,32768,4,4096,790.037
1024,32768,4,8192,790.272
1024,32768,4,16384,799.286
1024,32768,4,32768,1161.04
1024,32768,8,16,788.533
1024,32768,8,32,791.819
1024,32768,8,64,788.491
1024,32768,8,128,792.512
1024,32768,8,256,790.977
1024,32768,8,512,790.601
1024,32768,8,1024,790.88
1024,32768,8,2048,791.925
1024,32768,8,4096,788.853
1024,32768,8,8192,812.18
1024,32768,8,16384,972.608
1024,32768,8,32768,1165.52
1024,32768,16,16,789.973
1024,32768,16,32,793.419
1024,32768,16,64,793.205
1024,32768,16,128,791.904
1024,32768,16,256,788.756
1024,32768,16,512,791.413
1024,32768,16,1024,789.941
1024,32768,16,2048,791.093
1024,32768,16,4096,822.784
1024,32768,16,8192,880.789
1024,32768,16,16384,978.304
1024,32768,16,32768,1173.92
1024,32768,32,16,790.987
1024,32768,32,32,792.363
1024,32768,32,64,793.588
1024,32768,32,128,792.245
1024,32768,32,256,792.831
1024,32768,32,512,793.878
1024,32768,32,1024,793.12
1024,32768,32,2048,810.571
1024,32768,32,4096,840.885
1024,32768,32,8192,924.757
1024,32768,32,16384,1100.85
1024,32768,32,32768,1433.12
1024,32768,64,16,794.954
1024,32768,64,32,791.455
1024,32768,64,64,795.295
1024,32768,64,128,796.492
1024,32768,64,256,793.696
1024,32768,64,512,795.734
1024,32768,64,1024,801.653
1024,32768,64,2048,853.716
1024,32768,64,4096,930.698
1024,32768,64,8192,1088.06
1024,32768,64,16384,1425.19
1024,32768,64,32768,2105.98
1024,32768,128,16,794.773
1024,32768,128,32,795.68
1024,32768,128,64,793.237
1024,32768,128,128,794.421
1024,32768,128,256,798.495
1024,32768,128,512,815.861
1024,32768,128,1024,850.869
1024,32768,128,2048,940.33
1024,32768,128,4096,1098.91
1024,32768,128,8192,1423.58
1024,32768,128,16384,2091.4
1024,32768,128,32768,3420.58
2048,0,0,0,87.9357
2048,0,1,16,88.9603
2048,0,1,32,88.6933
2048,0,1,64,89.0137
2048,0,1,128,88.9397
2048,0,1,256,90.368
2048,0,1,512,92.7143
2048,0,1,1024,98.731
2048,0,1,2048,111.445
2048,0,1,4096,135.467
2048,0,1,8192,182.72
2048,0,1,16384,277.899
2048,0,1,32768,467.859
2048,0,2,16,89.056
2048,0,2,32,89.376
2048,0,2,64,89.1203
2048,0,2,128,88.7143
2048,0,2,256,89.823
2048,0,2,512,92.7043
2048,0,2,1024,98.795
2048,0,2,2048,111.541
2048,0,2,4096,135.787
2048,0,2,8192,183.115
2048,0,2,16384,278.496
2048,0,2,32768,468.288
2048,0,4,16,88.7787
2048,0,4,32,88.8533
2048,0,4,64,89.0453
2048,0,4,128,88.6827
2048,0,4,256,90.336
2048,0,4,512,92.7897
2048,0,4,1024,99.051
2048,0,4,2048,111.935
2048,0,4,4096,136
2048,0,4,8192,183.659
2048,0,4,16384,278.667
2048,0,4,32768,469.728
2048,0,8,16,92.4697
2048,0,8,32,92.651
2048,0,8,64,93.087
2048,0,8,128,93.856
2048,0,8,256,94.9657
2048,0,8,512,97.9203
2048,0,8,1024,104.533
2048,0,8,2048,117.291
2048,0,8,4096,141.418
2048,0,8,8192,188.874
2048,0,8,16384,284.832
2048,0,8,32768,474.507
2048,0,16,16,92.683
2048,0,16,32,92.928
2048,0,16,64,93.0993
2048,0,16,128,94.848
2048,0,16,256,95.648
2048,0,16,512,99.4667
2048,0,16,1024,107.285
2048,0,16,2048,122.571
2048,0,16,4096,147.68
2048,0,16,8192,194.645
2048,0,16,16384,290.987
2048,0,16,32768,483.594
2048,0,32,16,93.8553
2048,0,32,32,93.9733
2048,0,32,64,94.7627
2048,0,32,128,96.736
2048,0,32,256,99.8613
2048,0,32,512,107.264
2048,0,32,1024,119.969
2048,0,32,2048,142.901
2048,0,32,4096,185.322
2048,0,32,8192,271.072
2048,0,32,16384,439.232
2048,0,32,32768,774.421
2048,0,64,16,97.984
2048,0,64,32,98.5493
2048,0,64,64,99.5627
2048,0,64,128,104.032
2048,0,64,256,108.949
2048,0,64,512,123.36
2048,0,64,1024,144.992
2048,0,64,2048,187.659
2048,0,64,4096,271.413
2048,0,64,8192,439.146
2048,0,64,16384,777.835
2048,0,64,32768,1444.15
2048,0,128,16,108.011
2048,0,128,32,108.278
2048,0,128,64,110.198
2048,0,128,128,117.717
2048,0,128,256,128.501
2048,0,128,512,149.184
2048,0,128,1024,191.979
2048,0,128,2048,276.106
2048,0,128,4096,442.677
2048,0,128,8192,773.984
2048,0,128,16384,1442.35
2048,0,128,32768,2786.2
2048,16,0,0,87.8077
2048,16,1,16,88.245
2048,16,1,32,88.4377
2048,16,1,64,88.7687
2048,16,1,128,88.715
2048,16,1,256,89.685
2048,16,1,512,91.9147
2048,16,1,1024,98.0687
2048,16,1,2048,110.656
2048,16,1,4096,135.467
2048,16,1,8192,182.752
2048,16,1,16384,276.683
2048,16,1,32768,466.901
2048,16,2,16,88.9383
2048,16,2,32,88.8747
2048,16,2,64,88.7467
2048,16,2,128,88.6187
2048,16,2,256,89.6533
2048,16,2,512,92.5967
2048,16,2,1024,99.104
2048,16,2,2048,110.444
2048,16,2,4096,135.584
2048,16,2,8192,182.954
2048,16,2,16384,277.643
2048,16,2,32768,466.603
2048,16,4,16,91.3707
2048,16,4,32,91.509
2048,16,4,64,91.051
2048,16,4,128,92.5433
2048,16,4,256,93.9947
2048,16,4,512,96.9917
2048,16,4,1024,103.51
2048,16,4,2048,115.455
2048,16,4,4096,139.883
2048,16,4,8192,187.103
2048,16,4,16384,281.791
2048,16,4,32768,471.167
2048,16,8,16,91.733
2048,16,8,32,91.8933
2048,16,8,64,91.8507
2048,16,8,128,93.1517
2048,16,8,256,94.7517
2048,16,8,512,97.6533
2048,16,8,1024,103.574
2048,16,8,2048,116.543
2048,16,8,4096,141.152
2048,16,8,8192,188.779
2048,16,8,16384,283.094
2048,16,8,32768,472.405
2048,16,16,16,92.5223
2048,16,16,32,92.5337
2048,16,16,64,92.9383
2048,16,16,128,94.026
2048,16,16,256,94.965
2048,16,16,512,99.0503
2048,16,16,1024,106.997
2048,16,16,2048,122.282
2048,16,16,4096,146.976
2048,16,16,8192,194.879
2048,16,16,16384,289.759
2048,16,16,32768,486.24
2048,16,32,16,93.27
2048,16,32,32,93.6527
2048,16,32,64,94.251
2048,16,32,128,96.9493
2048,16,32,256,99.7227
2048,16,32,512,106.614
2048,16,32,1024,120.618
2048,16,32,2048,144.16
2048,16,32,4096,186.304
2048,16,32,8192,270.699
2048,16,32,16384,439.211
2048,16,32,32768,777.984
2048,16,64,16,98.08
2048,16,64,32,99.1893
2048,16,64,64,99.616
2048,16,64,128,104.811
2048,16,64,256,109.536
2048,16,64,512,123.776
2048,16,64,1024,145.738
2048,16,64,2048,188.022
2048,16,64,4096,273.376
2048,16,64,8192,440.651
2048,16,64,16384,776.693
2048,16,64,32768,1448.17
2048,16,128,16,108.085
2048,16,128,32,108.267
2048,16,128,64,110.06
2048,16,128,128,117.119
2048,16,128,256,129.61
2048,16,128,512,149.706
2048,16,128,1024,192.32
2048,16,128,2048,276.566
2048,16,128,4096,443.349
2048,16,128,8192,775.051
2048,16,128,16384,1448.16
2048,16,128,32768,2782.85
2048,32,0,0,88.032
2048,32,1,16,89.7913
2048,32,1,32,89.3227
2048,32,1,64,89.376
2048,32,1,128,89.7913
2048,32,1,256,91.1477
2048,32,1,512,94.0693
2048,32,1,1024,99.9893
2048,32,1,2048,112.213
2048,32,1,4096,135.968
2048,32,1,8192,183.008
2048,32,1,16384,278.923
2048,32,1,32768,466.741
2048,32,2,16,89.6217
2048,32,2,32,89.728
2048,32,2,64,89.7283
2048,32,2,128,90.0483
2048,32,2,256,91.339
2048,32,2,512,93.9833
2048,32,2,1024,100.469
2048,32,2,2048,112.885
2048,32,2,4096,136.693
2048,32,2,8192,183.999
2048,32,2,16384,278.901
2048,32,2,32768,468.469
2048,32,4,16,92.0323
2048,32,4,32,92.096
2048,32,4,64,91.84
2048,32,4,128,93.963
2048,32,4,256,94.8587
2048,32,4,512,97.9843
2048,32,4,1024,103.862
2048,32,4,2048,115.776
2048,32,4,4096,140.757
2048,32,4,8192,187.936
2048,32,4,16384,282.923
2048,32,4,32768,474.261
2048,32,8,16,92.9913
2048,32,8,32,93.099
2048,32,8,64,93.2153
2048,32,8,128,94.7197
2048,32,8,256,96.1597
2048,32,8,512,98.7843
2048,32,8,1024,104.949
2048,32,8,2048,117.397
2048,32,8,4096,142.187
2048,32,8,8192,189.77
2048,32,8,16384,284.192
2048,32,8,32768,474.144
2048,32,16,16,93.3757
2048,32,16,32,93.3653
2048,32,16,64,94.1227
2048,32,16,128,95.4343
2048,32,16,256,96.564
2048,32,16,512,100.224
2048,32,16,1024,108.256
2048,32,16,2048,123.733
2048,32,16,4096,148.896
2048,32,16,8192,197.216
2048,32,16,16384,305.866
2048,32,16,32768,505.344
2048,32,32,16,95.4567
2048,32,32,32,94.5173
2048,32,32,64,95.5093
2048,32,32,128,98.187
2048,32,32,256,100.597
2048,32,32,512,107.392
2048,32,32,1024,121.61
2048,32,32,2048,144.895
2048,32,32,4096,187.136
2048,32,32,8192,273.728
2048,32,32,16384,442.912
2048,32,32,32768,783.68
2048,32,64,16,99.094
2048,32,64,32,99.5303
2048,32,64,64,100.373
2048,32,64,128,105.195
2048,32,64,256,110.006
2048,32,64,512,123.999
2048,32,64,1024,146.454
2048,32,64,2048,189.888
2048,32,64,4096,275.189
2048,32,64,8192,442.838
2048,32,64,16384,778.005
2048,32,64,32768,1455.69
2048,32,128,16,108.949
2048,32,128,32,109.835
2048,32,128,64,110.549
2048,32,128,128,118.4
2048,32,128,256,130.752
2048,32,128,512,150.784
2048,32,128,1024,193.057
2048,32,128,2048,276.96
2048,32,128,4096,444.501
2048,32,128,8192,779.477
2048,32,128,16384,1445.41
2048,32,128,32768,2792.83
2048,64,0,0,89.9207
2048,64,1,16,91.3277
2048,64,1,32,91.3927
2048,64,1,64,91.0403
2048,64,1,128,91.0073
2048,64,1,256,91.2957
2048,64,1,512,93.9627
2048,64,1,1024,99.5203
2048,64,1,2048,112.107
2048,64,1,4096,136.47
2048,64,1,8192,183.669
2048,64,1,16384,278.026
2048,64,1,32768,468.246
2048,64,2,16,91.4453
2048,64,2,32,91.4343
2048,64,2,64,91.3173
2048,64,2,128,91.4347
2048,64,2,256,91.264
2048,64,2,512,93.6963
2048,64,2,1024,100.171
2048,64,2,2048,112.383
2048,64,2,4096,136.907
2048,64,2,8192,184.341
2048,64,2,16384,279.691
2048,64,2,32768,468.896
2048,64,4,16,93.4187
2048,64,4,32,93.28
2048,64,4,64,93.2693
2048,64,4,128,94.539
2048,64,4,256,96.224
2048,64,4,512,99.414
2048,64,4,1024,105.216
2048,64,4,2048,117.568
2048,64,4,4096,141.92
2048,64,4,8192,189.29
2048,64,4,16384,284.074
2048,64,4,32768,474.005
2048,64,8,16,94.0263
2048,64,8,32,93.9307
2048,64,8,64,93.76
2048,64,8,128,95.5847
2048,64,8,256,96.8423
2048,64,8,512,100.224
2048,64,8,1024,106.134
2048,64,8,2048,119.221
2048,64,8,4096,143.328
2048,64,8,8192,191.648
2048,64,8,16384,285.995
2048,64,8,32768,474.624
2048,64,16,16,94.3573
2048,64,16,32,94.432
2048,64,16,64,94.464
2048,64,16,128,95.797
2048,64,16,256,97.2907
2048,64,16,512,101.535
2048,64,16,1024,109.141
2048,64,16,2048,125.131
2048,64,16,4096,150.773
2048,64,16,8192,197.525
2048,64,16,16384,292.96
2048,64,16,32768,485.237
2048,64,32,16,95.7653
2048,64,32,32,96.501
2048,64,32,64,96.7247
2048,64,32,128,99.349
2048,64,32,256,102.315
2048,64,32,512,109.12
2048,64,32,1024,123.211
2048,64,32,2048,146.955
2048,64,32,4096,188.576
2048,64,32,8192,273.333
2048,64,32,16384,443.936
2048,64,32,32768,774.006
2048,64,64,16,100.597
2048,64,64,32,101.429
2048,64,64,64,101.547
2048,64,64,128,106.922
2048,64,64,256,111.541
2048,64,64,512,125.504
2048,64,64,1024,147.36
2048,64,64,2048,190.677
2048,64,64,4096,275.541
2048,64,64,8192,440.81
2048,64,64,16384,774.655
2048,64,64,32768,1450.64
2048,64,128,16,111.188
2048,64,128,32,110.794
2048,64,128,64,111.787
2048,64,128,128,119.04
2048,64,128,256,130.57
2048,64,128,512,151.456
2048,64,128,1024,194.912
2048,64,128,2048,279.253
2048,64,128,4096,444.32
2048,64,128,8192,780.874
2048,64,128,16384,1448.03
2048,64,128,32768,2782.54
2048,128,0,0,93.035
2048,128,1,16,94.1227
2048,128,1,32,94.25
2048,128,1,64,93.9943
2048,128,1,128,94.2187
2048,128,1,256,94.603
2048,128,1,512,96.704
2048,128,1,1024,102.4
2048,128,1,2048,114.997
2048,128,1,4096,139.211
2048,128,1,8192,187.104
2048,128,1,16384,281.077
2048,128,1,32768,471.209
2048,128,2,16,93.8447
2048,128,2,32,94.1983
2048,128,2,64,94.656
2048,128,2,128,94.7847
2048,128,2,256,94.3043
2048,128,2,512,96.9817
2048,128,2,1024,102.645
2048,128,2,2048,115.488
2048,128,2,4096,139.968
2048,128,2,8192,187.616
2048,128,2,16384,282.336
2048,128,2,32768,471.318
2048,128,4,16,96.0427
2048,128,4,32,95.9573
2048,128,4,64,95.84
2048,128,4,128,97.664
2048,128,4,256,98.891
2048,128,4,512,101.365
2048,128,4,1024,107.776
2048,128,4,2048,120.672
2048,128,4,4096,144
2048,128,4,8192,191.861
2048,128,4,16384,286.037
2048,128,4,32768,475.957
2048,128,8,16,96.5443
2048,128,8,32,96.8853
2048,128,8,64,96.8853
2048,128,8,128,98.5707
2048,128,8,256,100.224
2048,128,8,512,102.922
2048,128,8,1024,109.024
2048,128,8,2048,121.311
2048,128,8,4096,146.08
2048,128,8,8192,193.473
2048,128,8,16384,287.819
2048,128,8,32768,478.816
2048,128,16,16,97.5033
2048,128,16,32,97.9953
2048,128,16,64,97.9947
2048,128,16,128,99.3707
2048,128,16,256,101.067
2048,128,16,512,104.479
2048,128,16,1024,111.968
2048,128,16,2048,127.989
2048,128,16,4096,152.512
2048,128,16,8192,199.722
2048,128,16,16384,295.2
2048,128,16,32768,487.296
2048,128,32,16,98.9013
2048,128,32,32,99.232
2048,128,32,64,99.584
2048,128,32,128,101.994
2048,128,32,256,104.864
2048,128,32,512,112.373
2048,128,32,1024,125.888
2048,128,32,2048,148.468
2048,128,32,4096,191.669
2048,128,32,8192,275.722
2048,128,32,16384,444.011
2048,128,32,32768,777.568
2048,128,64,16,103.627
2048,128,64,32,104.32
2048,128,64,64,104.373
2048,128,64,128,109.728
2048,128,64,256,114.112
2048,128,64,512,128.032
2048,128,64,1024,150.773
2048,128,64,2048,192.533
2048,128,64,4096,277.227
2048,128,64,8192,445.141
2048,128,64,16384,784.757
2048,128,64,32768,1446.82
2048,128,128,16,113.088
2048,128,128,32,113.472
2048,128,128,64,115.019
2048,128,128,128,123.499
2048,128,128,256,134.73
2048,128,128,512,153.536
2048,128,128,1024,197.013
2048,128,128,2048,280.341
2048,128,128,4096,447.946
2048,128,128,8192,780.223
2048,128,128,16384,1454.35
2048,128,128,32768,2780.39
2048,256,0,0,99.7007
2048,256,1,16,100.725
2048,256,1,32,100.566
2048,256,1,64,100.341
2048,256,1,128,100.875
2048,256,1,256,101.035
2048,256,1,512,101.643
2048,256,1,1024,107.797
2048,256,1,2048,119.478
2048,256,1,4096,144.192
2048,256,1,8192,192.522
2048,256,1,16384,285.984
2048,256,1,32768,476.064
2048,256,2,16,100.747
2048,256,2,32,100.704
2048,256,2,64,100.597
2048,256,2,128,100.544
2048,256,2,256,100.235
2048,256,2,512,102.005
2048,256,2,1024,107.883
2048,256,2,2048,120.117
2048,256,2,4096,144.875
2048,256,2,8192,191.861
2048,256,2,16384,287.392
2048,256,2,32768,476.011
2048,256,4,16,101.323
2048,256,4,32,101.888
2048,256,4,64,101.994
2048,256,4,128,103.285
2048,256,4,256,104.629
2048,256,4,512,108.096
2048,256,4,1024,114.293
2048,256,4,2048,126.422
2048,256,4,4096,150.624
2048,256,4,8192,198.144
2048,256,4,16384,292.576
2048,256,4,32768,482.495
2048,256,8,16,103.275
2048,256,8,32,103.307
2048,256,8,64,102.997
2048,256,8,128,104.544
2048,256,8,256,106.677
2048,256,8,512,109.418
2048,256,8,1024,115.787
2048,256,8,2048,128.48
2048,256,8,4096,152.981
2048,256,8,8192,200.182
2048,256,8,16384,294.848
2048,256,8,32768,486.251
2048,256,16,16,103.68
2048,256,16,32,103.456
2048,256,16,64,103.84
2048,256,16,128,105.557
2048,256,16,256,107.232
2048,256,16,512,110.282
2048,256,16,1024,118.187
2048,256,16,2048,133.375
2048,256,16,4096,158.496
2048,256,16,8192,206.112
2048,256,16,16384,300.555
2048,256,16,32768,492.48
2048,256,32,16,105.088
2048,256,32,32,105.099
2048,256,32,64,105.589
2048,256,32,128,109.162
2048,256,32,256,110.677
2048,256,32,512,117.707
2048,256,32,1024,131.402
2048,256,32,2048,155.083
2048,256,32,4096,197.355
2048,256,32,8192,282.646
2048,256,32,16384,451.573
2048,256,32,32768,790.4
2048,256,64,16,109.536
2048,256,64,32,110.326
2048,256,64,64,111.104
2048,256,64,128,115.381
2048,256,64,256,122.368
2048,256,64,512,133.333
2048,256,64,1024,156.032
2048,256,64,2048,198.848
2048,256,64,4096,282.666
2048,256,64,8192,451.232
2048,256,64,16384,793.557
2048,256,64,32768,1459.82
2048,256,128,16,119.787
2048,256,128,32,119.947
2048,256,128,64,120.683
2048,256,128,128,127.968
2048,256,128,256,139.893
2048,256,128,512,159.787
2048,256,128,1024,202.752
2048,256,128,2048,287.178
2048,256,128,4096,452.555
2048,256,128,8192,787.135
2048,256,128,16384,1462.96
2048,256,128,32768,2800.71
2048,512,0,0,111.797
2048,512,1,16,112.736
2048,512,1,32,112.97
2048,512,1,64,112.96
2048,512,1,128,112.596
2048,512,1,256,113.217
2048,512,1,512,112.95
2048,512,1,1024,116.704
2048,512,1,2048,128.684
2048,512,1,4096,153.451
2048,512,1,8192,200.149
2048,512,1,16384,294.614
2048,512,1,32768,484.576
2048,512,2,16,113.066
2048,512,2,32,113.941
2048,512,2,64,112.811
2048,512,2,128,112.8
2048,512,2,256,113.163
2048,512,2,512,113.131
2048,512,2,1024,117.077
2048,512,2,2048,128.896
2048,512,2,4096,154.08
2048,512,2,8192,200.917
2048,512,2,16384,296.277
2048,512,2,32768,485.238
2048,512,4,16,112.832
2048,512,4,32,112.875
2048,512,4,64,112.907
2048,512,4,128,113.173
2048,512,4,256,115.392
2048,512,4,512,120.405
2048,512,4,1024,126.464
2048,512,4,2048,138.634
2048,512,4,4096,163.232
2048,512,4,8192,210.101
2048,512,4,16384,304.384
2048,512,4,32768,493.91
2048,512,8,16,114.976
2048,512,8,32,114.741
2048,512,8,64,114.88
2048,512,8,128,116.118
2048,512,8,256,117.611
2048,512,8,512,120.949
2048,512,8,1024,127.083
2048,512,8,2048,139.605
2048,512,8,4096,163.819
2048,512,8,8192,211.531
2048,512,8,16384,307.68
2048,512,8,32768,495.797
2048,512,16,16,115.425
2048,512,16,32,116.032
2048,512,16,64,115.627
2048,512,16,128,116.981
2048,512,16,256,118.464
2048,512,16,512,122.561
2048,512,16,1024,130.592
2048,512,16,2048,145.184
2048,512,16,4096,170.506
2048,512,16,8192,218.677
2048,512,16,16384,313.845
2048,512,16,32768,506.24
2048,512,32,16,116.95
2048,512,32,32,117.376
2048,512,32,64,117.655
2048,512,32,128,119.936
2048,512,32,256,122.379
2048,512,32,512,130.091
2048,512,32,1024,143.584
2048,512,32,2048,166.688
2048,512,32,4096,208.64
2048,512,32,8192,294.922
2048,512,32,16384,463.552
2048,512,32,32768,803.636
2048,512,64,16,121.109
2048,512,64,32,121.846
2048,512,64,64,123.317
2048,512,64,128,127.125
2048,512,64,256,131.669
2048,512,64,512,145.078
2048,512,64,1024,169.216
2048,512,64,2048,211.349
2048,512,64,4096,293.824
2048,512,64,8192,461.141
2048,512,64,16384,799.893
2048,512,64,32768,1473.47
2048,512,128,16,130.432
2048,512,128,32,131.477
2048,512,128,64,133.077
2048,512,128,128,140.267
2048,512,128,256,151.403
2048,512,128,512,172.523
2048,512,128,1024,215.424
2048,512,128,2048,298.987
2048,512,128,4096,464.886
2048,512,128,8192,798.324
2048,512,128,16384,1469.98
2048,512,128,32768,2805.42
2048,1024,0,0,136.299
2048,1024,1,16,137.077
2048,1024,1,32,137.472
2048,1024,1,64,137.461
2048,1024,1,128,137.387
2048,1024,1,256,137.536
2048,1024,1,512,137.152
2048,1024,1,1024,137.717
2048,1024,1,2048,147.723
2048,1024,1,4096,171.285
2048,1024,1,8192,218.89
2048,1024,1,16384,313.344
2048,1024,1,32768,503.626
2048,1024,2,16,137.077
2048,1024,2,32,137.377
2048,1024,2,64,137.815
2048,1024,2,128,137.568
2048,1024,2,256,137.866
2048,1024,2,512,137.664
2048,1024,2,1024,137.536
2048,1024,2,2048,147.946
2048,1024,2,4096,172.245
2048,1024,2,8192,219.723
2048,1024,2,16384,313.92
2048,1024,2,32768,503.232
2048,1024,4,16,137.866
2048,1024,4,32,137.61
2048,1024,4,64,137.793
2048,1024,4,128,137.632
2048,1024,4,256,137.184
2048,1024,4,512,140.523
2048,1024,4,1024,148.919
2048,1024,4,2048,160.992
2048,1024,4,4096,184.608
2048,1024,4,8192,232.106
2048,1024,4,16384,328.672
2048,1024,4,32768,516.213
2048,1024,8,16,137.451
2048,1024,8,32,137.76
2048,1024,8,64,137.269
2048,1024,8,128,138.912
2048,1024,8,256,142.048
2048,1024,8,512,145.451
2048,1024,8,1024,151.893
2048,1024,8,2048,164.021
2048,1024,8,4096,188.245
2048,1024,8,8192,235.061
2048,1024,8,16384,329.632
2048,1024,8,32768,519.925
2048,1024,16,16,139.989
2048,1024,16,32,140.491
2048,1024,16,64,140.095
2048,1024,16,128,141.781
2048,1024,16,256,143.169
2048,1024,16,512,146.635
2048,1024,16,1024,154.848
2048,1024,16,2048,170.005
2048,1024,16,4096,195.381
2048,1024,16,8192,242.944
2048,1024,16,16384,337.515
2048,1024,16,32768,529.013
2048,1024,32,16,141.835
2048,1024,32,32,142.133
2048,1024,32,64,142.326
2048,1024,32,128,145.195
2048,1024,32,256,147.222
2048,1024,32,512,153.675
2048,1024,32,1024,167.509
2048,1024,32,2048,190.474
2048,1024,32,4096,232.746
2048,1024,32,8192,318.581
2048,1024,32,16384,487.264
2048,1024,32,32768,827.349
2048,1024,64,16,145.61
2048,1024,64,32,146.763
2048,1024,64,64,146.187
2048,1024,64,128,152.555
2048,1024,64,256,156.373
2048,1024,64,512,169.173
2048,1024,64,1024,191.595
2048,1024,64,2048,233.909
2048,1024,64,4096,317.215
2048,1024,64,8192,489.364
2048,1024,64,16384,831.124
2048,1024,64,32768,1502.44
2048,1024,128,16,155.915
2048,1024,128,32,156.886
2048,1024,128,64,157.323
2048,1024,128,128,166.08
2048,1024,128,256,175.584
2048,1024,128,512,195.627
2048,1024,128,1024,238.859
2048,1024,128,2048,322.431
2048,1024,128,4096,489.525
2048,1024,128,8192,823.381
2048,1024,128,16384,1494.81
2048,1024,128,32768,2829.25
2048,2048,0,0,185.237
2048,2048,1,16,186.058
2048,2048,1,32,186.976
2048,2048,1,64,187.648
2048,2048,1,128,186.623
2048,2048,1,256,186.506
2048,2048,1,512,187.019
2048,2048,1,1024,186.464
2048,2048,1,2048,187.467
2048,2048,1,4096,207.552
2048,2048,1,8192,256.16
2048,2048,1,16384,350.059
2048,2048,1,32768,540.107
2048,2048,2,16,186.548
2048,2048,2,32,186.89
2048,2048,2,64,186.336
2048,2048,2,128,186.528
2048,2048,2,256,186.325
2048,2048,2,512,186.731
2048,2048,2,1024,187.221
2048,2048,2,2048,186.432
2048,2048,2,4096,208.501
2048,2048,2,8192,255.776
2048,2048,2,16384,350.816
2048,2048,2,32768,539.936
2048,2048,4,16,186.688
2048,2048,4,32,186.102
2048,2048,4,64,186.496
2048,2048,4,128,186.635
2048,2048,4,256,186.528
2048,2048,4,512,186.198
2048,2048,4,1024,186.251
2048,2048,4,2048,197.728
2048,2048,4,4096,222.006
2048,2048,4,8192,268.918
2048,2048,4,16384,364.513
2048,2048,4,32768,553.003
2048,2048,8,16,187.008
2048,2048,8,32,186.294
2048,2048,8,64,186.773
2048,2048,8,128,186.784
2048,2048,8,256,186.059
2048,2048,8,512,188.054
2048,2048,8,1024,200.054
2048,2048,8,2048,212.267
2048,2048,8,4096,236.939
2048,2048,8,8192,283.488
2048,2048,8,16384,379.179
2048,2048,8,32768,568.341
2048,2048,16,16,186.731
2048,2048,16,32,186.39
2048,2048,16,64,186.475
2048,2048,16,128,187.328
2048,2048,16,256,191.883
2048,2048,16,512,194.581
2048,2048,16,1024,201.739
2048,2048,16,2048,216.511
2048,2048,16,4096,242.581
2048,2048,16,8192,289.942
2048,2048,16,16384,386.038
2048,2048,16,32768,579.114
2048,2048,32,16,189.344
2048,2048,32,32,189.653
2048,2048,32,64,189.813
2048,2048,32,128,192.853
2048,2048,32,256,194.742
2048,2048,32,512,200.821
2048,2048,32,1024,212.672
2048,2048,32,2048,234.688
2048,2048,32,4096,277.642
2048,2048,32,8192,361.834
2048,2048,32,16384,531.829
2048,2048,32,32768,871.253
2048,2048,64,16,192.299
2048,2048,64,32,192.928
2048,2048,64,64,194.197
2048,2048,64,128,197.877
2048,2048,64,256,203.574
2048,2048,64,512,214.507
2048,2048,64,1024,237.578
2048,2048,64,2048,279.36
2048,2048,64,4096,363.381
2048,2048,64,8192,532.011
2048,2048,64,16384,873.525
2048,2048,64,32768,1545.41
2048,2048,128,16,201.749
2048,2048,128,32,202.741
2048,2048,128,64,202.677
2048,2048,128,128,210.432
2048,2048,128,256,220.662
2048,2048,128,512,242.4
2048,2048,128,1024,282.421
2048,2048,128,2048,366.239
2048,2048,128,4096,532.373
2048,2048,128,8192,871.797
2048,2048,128,16384,1542.3
2048,2048,128,32768,2889.08
2048,4096,0,0,279.211
2048,4096,1,16,280.416
2048,4096,1,32,281.503
2048,4096,1,64,280.597
2048,4096,1,128,281.503
2048,4096,1,256,280.139
2048,4096,1,512,281.205
2048,4096,1,1024,280.426
2048,4096,1,2048,280.384
2048,4096,1,4096,281.6
2048,4096,1,8192,325.151
2048,4096,1,16384,418.933
2048,4096,1,32768,608.747
2048,4096,2,16,281.088
2048,4096,2,32,280.288
2048,4096,2,64,282.155
2048,4096,2,128,280.927
2048,4096,2,256,281.663
2048,4096,2,512,281.622
2048,4096,2,1024,280.929
2048,4096,2,2048,283.104
2048,4096,2,4096,284.331
2048,4096,2,8192,331.349
2048,4096,2,16384,426.361
2048,4096,2,32768,619.435
2048,4096,4,16,282.699
2048,4096,4,32,283.114
2048,4096,4,64,281.718
2048,4096,4,128,281.952
2048,4096,4,256,281.738
2048,4096,4,512,281.568
2048,4096,4,1024,281.194
2048,4096,4,2048,281.558
2048,4096,4,4096,306.688
2048,4096,4,8192,354.399
2048,4096,4,16384,447.466
2048,4096,4,32768,637.567
2048,4096,8,16,281.365
2048,4096,8,32,281.163
2048,4096,8,64,281.632
2048,4096,8,128,281.644
2048,4096,8,256,281.003
2048,4096,8,512,281.45
2048,4096,8,1024,281.13
2048,4096,8,2048,305.589
2048,4096,8,4096,329.259
2048,4096,8,8192,376.575
2048,4096,8,16384,471.712
2048,4096,8,32768,661.354
2048,4096,16,16,280.832
2048,4096,16,32,282.283
2048,4096,16,64,281.717
2048,4096,16,128,280.874
2048,4096,16,256,281.503
2048,4096,16,512,283.978
2048,4096,16,1024,293.877
2048,4096,16,2048,308.139
2048,4096,16,4096,333.099
2048,4096,16,8192,380.48
2048,4096,16,16384,477.013
2048,4096,16,32768,669.087
2048,4096,32,16,282.059
2048,4096,32,32,281.92
2048,4096,32,64,282.123
2048,4096,32,128,283.787
2048,4096,32,256,286.997
2048,4096,32,512,291.317
2048,4096,32,1024,302.304
2048,4096,32,2048,321.856
2048,4096,32,4096,365.494
2048,4096,32,8192,450.282
2048,4096,32,16384,619.818
2048,4096,32,32768,950.026
2048,4096,64,16,283.136
2048,4096,64,32,283.072
2048,4096,64,64,283.808
2048,4096,64,128,289.366
2048,4096,64,256,293.301
2048,4096,64,512,305.695
2048,4096,64,1024,324.736
2048,4096,64,2048,365.397
2048,4096,64,4096,448.363
2048,4096,64,8192,618.645
2048,4096,64,16384,956.788
2048,4096,64,32768,1632.98
2048,4096,128,16,293.387
2048,4096,128,32,291.916
2048,4096,128,64,294.006
2048,4096,128,128,300.576
2048,4096,128,256,311.136
2048,4096,128,512,331.637
2048,4096,128,1024,372.064
2048,4096,128,2048,455.051
2048,4096,128,4096,620.715
2048,4096,128,8192,957.824
2048,4096,128,16384,1629.87
2048,4096,128,32768,2972.01
2048,8192,0,0,464.149
2048,8192,1,16,465.578
2048,8192,1,32,464.906
2048,8192,1,64,464.938
2048,8192,1,128,466.89
2048,8192,1,256,465.61
2048,8192,1,512,466.111
2048,8192,1,1024,463.563
2048,8192,1,2048,465.834
2048,8192,1,4096,465.205
2048,8192,1,8192,465.824
2048,8192,1,16384,557.557
2048,8192,1,32768,748.052
2048,8192,2,16,464.383
2048,8192,2,32,464.853
2048,8192,2,64,464.981
2048,8192,2,128,465.567
2048,8192,2,256,466.261
2048,8192,2,512,466.709
2048,8192,2,1024,465.536
2048,8192,2,2048,465.866
2048,8192,2,4096,466.827
2048,8192,2,8192,469.461
2048,8192,2,16384,563.114
2048,8192,2,32768,753.749
2048,8192,4,16,464.927
2048,8192,4,32,465.824
2048,8192,4,64,464.469
2048,8192,4,128,465.365
2048,8192,4,256,466.016
2048,8192,4,512,465.909
2048,8192,4,1024,465.707
2048,8192,4,2048,466.911
2048,8192,4,4096,465.215
2048,8192,4,8192,492.534
2048,8192,4,16384,585.909
2048,8192,4,32768,774.687
2048,8192,8,16,465.408
2048,8192,8,32,465.973
2048,8192,8,64,465.344
2048,8192,8,128,465.311
2048,8192,8,256,465.642
2048,8192,8,512,465.78
2048,8192,8,1024,465.461
2048,8192,8,2048,465.654
2048,8192,8,4096,493.856
2048,8192,8,8192,560.512
2048,8192,8,16384,655.125
2048,8192,8,32768,844.96
2048,8192,16,16,465.738
2048,8192,16,32,465.044
2048,8192,16,64,465.408
2048,8192,16,128,465.771
2048,8192,16,256,465.653
2048,8192,16,512,465.888
2048,8192,16,1024,465.226
2048,8192,16,2048,488.651
2048,8192,16,4096,513.686
2048,8192,16,8192,561.985
2048,8192,16,16384,657.514
2048,8192,16,32768,852.607
2048,8192,32,16,466.603
2048,8192,32,32,465.824
2048,8192,32,64,465.536
2048,8192,32,128,467.104
2048,8192,32,256,465.887
2048,8192,32,512,465.141
2048,8192,32,1024,477.451
2048,8192,32,2048,496.415
2048,8192,32,4096,537.237
2048,8192,32,8192,621.215
2048,8192,32,16384,789.098
2048,8192,32,32768,1119.95
2048,8192,64,16,463.424
2048,8192,64,32,468.458
2048,8192,64,64,467.712
2048,8192,64,128,469.332
2048,8192,64,256,472
2048,8192,64,512,477.941
2048,8192,64,1024,503.413
2048,8192,64,2048,541.536
2048,8192,64,4096,621.483
2048,8192,64,8192,791.209
2048,8192,64,16384,1126.6
2048,8192,64,32768,1804.04
2048,8192,128,16,476.672
2048,8192,128,32,475.402
2048,8192,128,64,477.887
2048,8192,128,128,482.495
2048,8192,128,256,492.31
2048,8192,128,512,506.154
2048,8192,128,1024,553.525
2048,8192,128,2048,632.394
2048,8192,128,4096,795.317
2048,8192,128,8192,1127.72
2048,8192,128,16384,1795.47
2048,8192,128,32768,3144.42
2048,16384,0,0,833.685
2048,16384,1,16,835.713
2048,16384,1,32,833.419
2048,16384,1,64,837.3
2048,16384,1,128,836.639
2048,16384,1,256,838.197
2048,16384,1,512,834.336
2048,16384,1,1024,837.067
2048,16384,1,2048,833.482
2048,16384,1,4096,836.608
2048,16384,1,8192,836.64
2048,16384,1,16384,837.429
2048,16384,1,32768,1026.35
2048,16384,2,16,834.676
2048,16384,2,32,837.834
2048,16384,2,64,833.12
2048,16384,2,128,835.551
2048,16384,2,256,837.461
2048,16384,2,512,836.693
2048,16384,2,1024,836.086
2048,16384,2,2048,837.396
2048,16384,2,4096,836.5
2048,16384,2,8192,835.339
2048,16384,2,16384,842.432
2048,16384,2,32768,1034.9
2048,16384,4,16,836.682
2048,16384,4,32,834.71
2048,16384,4,64,835.392
2048,16384,4,128,836.225
2048,16384,4,256,837.771
2048,16384,4,512,832.992
2048,16384,4,1024,835.989
2048,16384,4,2048,838.922
2048,16384,4,4096,836.309
2048,16384,4,8192,835.989
2048,16384,4,16384,866.123
2048,16384,4,32768,1053.54
2048,16384,8,16,834.025
2048,16384,8,32,835.882
2048,16384,8,64,836.544
2048,16384,8,128,837.877
2048,16384,8,256,838.069
2048,16384,8,512,837.888
2048,16384,8,1024,833.611
2048,16384,8,2048,837.174
2048,16384,8,4096,838.933
2048,16384,8,8192,867.808
2048,16384,8,16384,1024.77
2048,16384,8,32768,1214.14
2048,16384,16,16,837.472
2048,16384,16,32,833.866
2048,16384,16,64,834.729
2048,16384,16,128,837.313
2048,16384,16,256,836.064
2048,16384,16,512,836.416
2048,16384,16,1024,837.952
2048,16384,16,2048,837.482
2048,16384,16,4096,877.332
2048,16384,16,8192,931.36
2048,16384,16,16384,1026.86
2048,16384,16,32768,1218.77
2048,16384,32,16,833.909
2048,16384,32,32,835.37
2048,16384,32,64,834.89
2048,16384,32,128,836.597
2048,16384,32,256,836.587
2048,16384,32,512,836.566
2048,16384,32,1024,838.123
2048,16384,32,2048,858.111
2048,16384,32,4096,888.469
2048,16384,32,8192,970.923
2048,16384,32,16384,1139.65
2048,16384,32,32768,1472.54
2048,16384,64,16,834.101
2048,16384,64,32,840.981
2048,16384,64,64,842.037
2048,16384,64,128,841.067
2048,16384,64,256,841.238
2048,16384,64,512,840.075
2048,16384,64,1024,857.632
2048,16384,64,2048,910.229
2048,16384,64,4096,973.247
2048,16384,64,8192,1142.47
2048,16384,64,16384,1478.43
2048,16384,64,32768,2142.89
2048,16384,128,16,837.045
2048,16384,128,32,840.842
2048,16384,128,64,844.832
2048,16384,128,128,844.266
2048,16384,128,256,849.365
2048,16384,128,512,864.757
2048,16384,128,1024,899.296
2048,16384,128,2048,997.386
2048,16384,128,4096,1157.63
2048,16384,128,8192,1480.97
2048,16384,128,16384,2145.15
2048,16384,128,32768,3493.69
2048,32768,0,0,1582.24
2048,32768,1,16,1579.3
2048,32768,1,32,1577.37
2048,32768,1,64,1575.69
2048,32768,1,128,1577.62
2048,32768,1,256,1577.32
2048,32768,1,512,1578.26
2048,32768,1,1024,1578.66
2048,32768,1,2048,1578.67
2048,32768,1,4096,1581.14
2048,32768,1,8192,1579.8
2048,32768,1,16384,1577.98
2048,32768,1,32768,1578.42
2048,32768,2,16,1578.63
2048,32768,2,32,1578.21
2048,32768,2,64,1576.33
2048,32768,2,128,1579.41
2048,32768,2,256,1578.75
2048,32768,2,512,1577.26
2048,32768,2,1024,1577.41
2048,32768,2,2048,1578.82
2048,32768,2,4096,1577.18
2048,32768,2,8192,1577.17
2048,32768,2,16384,1576.7
2048,32768,2,32768,1590.18
2048,32768,4,16,1578.86
2048,32768,4,32,1575.92
2048,32768,4,64,1579.79
2048,32768,4,128,1581.17
2048,32768,4,256,1594.64
2048,32768,4,512,1590.29
2048,32768,4,1024,1590.28
2048,32768,4,2048,1592.12
2048,32768,4,4096,1589.03
2048,32768,4,8192,1588.71
2048,32768,4,16384,1593.76
2048,32768,4,32768,1625.32
2048,32768,8,16,1579.46
2048,32768,8,32,1578.19
2048,32768,8,64,1576.52
2048,32768,8,128,1577.85
2048,32768,8,256,1583.5
2048,32768,8,512,1584.55
2048,32768,8,1024,1582.38
2048,32768,8,2048,1583.84
2048,32768,8,4096,1585.11
2048,32768,8,8192,1579.33
2048,32768,8,16384,1615.51
2048,32768,8,32768,1953.11
2048,32768,16,16,1579.11
2048,32768,16,32,1579.05
2048,32768,16,64,1578.14
2048,32768,16,128,1578.81
2048,32768,16,256,1579.59
2048,32768,16,512,1578.02
2048,32768,16,1024,1577.62
2048,32768,16,2048,1580.85
2048,32768,16,4096,1577.05
2048,32768,16,8192,1631.57
2048,32768,16,16384,1765
2048,32768,16,32768,1956.9
2048,32768,32,16,1575.37
2048,32768,32,32,1575.68
2048,32768,32,64,1580.75
2048,32768,32,128,1587.99
2048,32768,32,256,1589.51
2048,32768,32,512,1590.82
2048,32768,32,1024,1591.42
2048,32768,32,2048,1599.26
2048,32768,32,4096,1637.77
2048,32768,32,8192,1695.5
2048,32768,32,16384,1848.62
2048,32768,32,32768,2174.82
2048,32768,64,16,1578.27
2048,32768,64,32,1589.89
2048,32768,64,64,1586.73
2048,32768,64,128,1581.48
2048,32768,64,256,1589.23
2048,32768,64,512,1586.63
2048,32768,64,1024,1589.34
2048,32768,64,2048,1612.63
2048,32768,64,4096,1716.58
2048,32768,64,8192,1854.84
2048,32768,64,16384,2179.82
2048,32768,64,32768,2844.56
2048,32768,128,16,1578.37
2048,32768,128,32,1591.43
2048,32768,128,64,1580.8
2048,32768,128,128,1583.47
2048,32768,128,256,1581.67
2048,32768,128,512,1581.83
2048,32768,128,1024,1627.1
2048,32768,128,2048,1701.88
2048,32768,128,4096,1885.6
2048,32768,128,8192,2198.24
2048,32768,128,16384,2845.57
2048,32768,128,32768,4179.37
