regime,n,nb,ratio,skew,pc,kp,kvs,kv_big,kv_mean,t_mean_us,t_max_us,t_skew_us,alpha
pure,2,1,0.5,4.0,0,0,128,512,320,186.98,190.655,190.08,0.8435
pure,2,1,0.5,4.0,0,0,256,1024,640,190.304,193.027,191.2,0.329
pure,2,1,0.5,4.0,0,0,512,2048,1280,194.654,197.439,194.013,-0.2302
pure,2,1,0.5,4.0,0,0,1024,4096,2560,196.162,202.494,200.608,0.7021
pure,2,1,0.5,4.0,0,0,2048,8192,5120,207.742,216.323,214.433,0.7797
pure,2,1,0.5,4.0,0,0,4096,16384,10240,221.472,235.069,227.487,0.4424
mixed,2,1,0.5,4.0,16,0,128,512,320,210.146,208.641,207.197,
mixed,2,1,0.5,4.0,16,0,256,1024,640,209.152,208.708,211.906,
mixed,2,1,0.5,4.0,16,0,512,2048,1280,209.726,212.608,212.928,1.111
mixed,2,1,0.5,4.0,16,0,1024,4096,2560,215.84,220.002,220.129,1.0305
mixed,2,1,0.5,4.0,16,0,2048,8192,5120,228.642,236.415,232.473,0.4929
mixed,2,1,0.5,4.0,16,0,4096,16384,10240,242.845,260.609,254.878,0.6774
mixed,2,1,0.5,4.0,16,512,128,512,320,225.048,224.8,224.125,
mixed,2,1,0.5,4.0,16,512,256,1024,640,219.076,219.518,222.878,8.6018
mixed,2,1,0.5,4.0,16,512,512,2048,1280,223.713,223.172,223.648,
mixed,2,1,0.5,4.0,16,512,1024,4096,2560,225.247,226.845,225.789,0.3392
mixed,2,1,0.5,4.0,16,512,2048,8192,5120,229.215,236.126,233.57,0.6302
mixed,2,1,0.5,4.0,16,512,4096,16384,10240,242.851,263.073,260.734,0.8843
mixed,2,1,0.5,4.0,16,1024,128,512,320,228.959,231.33,229.538,0.2442
mixed,2,1,0.5,4.0,16,1024,256,1024,640,230.721,229.949,228.925,
mixed,2,1,0.5,4.0,16,1024,512,2048,1280,228.705,235.297,239.84,1.6892
mixed,2,1,0.5,4.0,16,1024,1024,4096,2560,238.047,230.08,230.236,
mixed,2,1,0.5,4.0,16,1024,2048,8192,5120,233.341,239.201,235.839,0.4263
mixed,2,1,0.5,4.0,16,1024,4096,16384,10240,244.124,257.731,258.75,1.0749
mixed,2,1,0.5,4.0,16,2048,128,512,320,238.849,241.763,243.582,1.6242
mixed,2,1,0.5,4.0,16,2048,256,1024,640,243.386,244.543,242.463,-0.7978
mixed,2,1,0.5,4.0,16,2048,512,2048,1280,245.728,250.433,243.903,-0.3879
mixed,2,1,0.5,4.0,16,2048,1024,4096,2560,250.975,248.001,242.593,
mixed,2,1,0.5,4.0,16,2048,2048,8192,5120,252.704,241.472,242.209,
mixed,2,1,0.5,4.0,16,2048,4096,16384,10240,249.186,262.273,261.248,0.9217
mixed,2,1,0.5,4.0,16,4096,128,512,320,259.457,256.993,258.72,
mixed,2,1,0.5,4.0,16,4096,256,1024,640,259.713,260.579,258.402,-1.5139
mixed,2,1,0.5,4.0,16,4096,512,2048,1280,264.0,265.634,261.249,-1.6836
mixed,2,1,0.5,4.0,16,4096,1024,4096,2560,265.823,259.553,265.665,
mixed,2,1,0.5,4.0,16,4096,2048,8192,5120,260.513,266.144,251.264,-1.6425
mixed,2,1,0.5,4.0,16,4096,4096,16384,10240,258.786,264.738,262.24,0.5803
mixed,2,1,0.5,4.0,16,8192,128,512,320,281.182,280.321,280.703,
mixed,2,1,0.5,4.0,16,8192,256,1024,640,278.59,279.647,280.545,1.8496
mixed,2,1,0.5,4.0,16,8192,512,2048,1280,281.857,278.656,280.547,
mixed,2,1,0.5,4.0,16,8192,1024,4096,2560,280.832,275.421,280.354,
mixed,2,1,0.5,4.0,16,8192,2048,8192,5120,278.848,279.905,277.408,-1.3623
mixed,2,1,0.5,4.0,16,8192,4096,16384,10240,281.692,286.049,263.875,-4.0893
mixed,2,1,0.5,4.0,32,0,128,512,320,217.698,212.706,213.92,
mixed,2,1,0.5,4.0,32,0,256,1024,640,213.886,215.427,214.208,0.209
mixed,2,1,0.5,4.0,32,0,512,2048,1280,217.794,226.846,222.146,0.4808
mixed,2,1,0.5,4.0,32,0,1024,4096,2560,222.083,238.269,234.689,0.7788
mixed,2,1,0.5,4.0,32,0,2048,8192,5120,239.996,258.048,254.178,0.7856
mixed,2,1,0.5,4.0,32,0,4096,16384,10240,264.737,303.076,295.873,0.8121
mixed,2,1,0.5,4.0,32,512,128,512,320,238.428,239.298,237.122,-1.5011
mixed,2,1,0.5,4.0,32,512,256,1024,640,237.601,238.079,239.779,4.5565
mixed,2,1,0.5,4.0,32,512,512,2048,1280,238.565,233.889,234.529,
mixed,2,1,0.5,4.0,32,512,1024,4096,2560,235.807,233.82,235.265,
mixed,2,1,0.5,4.0,32,512,2048,8192,5120,243.003,258.561,255.681,0.8149
mixed,2,1,0.5,4.0,32,512,4096,16384,10240,262.914,300.866,297.727,0.9173
mixed,2,1,0.5,4.0,32,1024,128,512,320,248.607,249.053,247.491,-2.5022
mixed,2,1,0.5,4.0,32,1024,256,1024,640,248.254,250.656,252.063,1.5858
mixed,2,1,0.5,4.0,32,1024,512,2048,1280,250.049,243.296,245.185,
mixed,2,1,0.5,4.0,32,1024,1024,4096,2560,246.083,239.135,237.6,
mixed,2,1,0.5,4.0,32,1024,2048,8192,5120,242.752,256.611,256.192,0.9698
mixed,2,1,0.5,4.0,32,1024,4096,16384,10240,268.224,303.007,302.274,0.9789
mixed,2,1,0.5,4.0,32,2048,128,512,320,261.024,259.265,257.666,
mixed,2,1,0.5,4.0,32,2048,256,1024,640,258.269,259.713,259.453,0.8199
mixed,2,1,0.5,4.0,32,2048,512,2048,1280,260.64,260.002,260.197,
mixed,2,1,0.5,4.0,32,2048,1024,4096,2560,262.526,253.152,250.015,
mixed,2,1,0.5,4.0,32,2048,2048,8192,5120,250.463,258.336,258.468,1.0168
mixed,2,1,0.5,4.0,32,2048,4096,16384,10240,268.67,303.038,302.273,0.9777
mixed,2,1,0.5,4.0,32,4096,128,512,320,275.521,274.212,274.656,
mixed,2,1,0.5,4.0,32,4096,256,1024,640,271.749,274.559,273.822,0.7377
mixed,2,1,0.5,4.0,32,4096,512,2048,1280,275.012,272.863,274.689,
mixed,2,1,0.5,4.0,32,4096,1024,4096,2560,273.728,273.025,273.15,
mixed,2,1,0.5,4.0,32,4096,2048,8192,5120,277.728,265.376,261.44,
mixed,2,1,0.5,4.0,32,4096,4096,16384,10240,270.786,303.681,302.785,0.9728
mixed,2,1,0.5,4.0,32,8192,128,512,320,296.734,297.345,297.667,1.527
mixed,2,1,0.5,4.0,32,8192,256,1024,640,298.175,296.575,296.866,
mixed,2,1,0.5,4.0,32,8192,512,2048,1280,298.272,297.118,296.834,
mixed,2,1,0.5,4.0,32,8192,1024,4096,2560,299.391,295.905,297.342,
mixed,2,1,0.5,4.0,32,8192,2048,8192,5120,298.562,299.939,296.352,-1.6049
mixed,2,1,0.5,4.0,32,8192,4096,16384,10240,305.664,308.066,304.577,-0.4525
mixed,2,1,0.5,4.0,64,0,128,512,320,221.024,217.952,217.791,
mixed,2,1,0.5,4.0,64,0,256,1024,640,218.015,223.138,223.969,1.1622
mixed,2,1,0.5,4.0,64,0,512,2048,1280,229.824,233.472,233.477,1.0014
mixed,2,1,0.5,4.0,64,0,1024,4096,2560,237.216,252.478,252.419,0.9961
mixed,2,1,0.5,4.0,64,0,2048,8192,5120,261.794,291.236,292.003,1.0261
mixed,2,1,0.5,4.0,64,0,4096,16384,10240,312.032,368.354,370.239,1.0335
mixed,2,1,0.5,4.0,64,512,128,512,320,250.592,251.198,252.415,3.0083
mixed,2,1,0.5,4.0,64,512,256,1024,640,252.801,247.554,246.143,
mixed,2,1,0.5,4.0,64,512,512,2048,1280,250.207,244.832,243.716,
mixed,2,1,0.5,4.0,64,512,1024,4096,2560,248.642,264.544,263.84,0.9557
mixed,2,1,0.5,4.0,64,512,2048,8192,5120,271.874,300.61,299.682,0.9677
mixed,2,1,0.5,4.0,64,512,4096,16384,10240,318.208,372.768,377.983,1.0956
mixed,2,1,0.5,4.0,64,1024,128,512,320,264.707,262.463,265.63,
mixed,2,1,0.5,4.0,64,1024,256,1024,640,262.464,263.681,261.026,-1.1816
mixed,2,1,0.5,4.0,64,1024,512,2048,1280,264.352,252.291,251.459,
mixed,2,1,0.5,4.0,64,1024,1024,4096,2560,251.392,263.97,264.611,1.051
mixed,2,1,0.5,4.0,64,1024,2048,8192,5120,273.475,301.25,302.689,1.0518
mixed,2,1,0.5,4.0,64,1024,4096,16384,10240,319.678,375.394,379.101,1.0665
mixed,2,1,0.5,4.0,64,2048,128,512,320,275.811,277.602,276.289,0.2669
mixed,2,1,0.5,4.0,64,2048,256,1024,640,274.718,274.557,273.536,
mixed,2,1,0.5,4.0,64,2048,512,2048,1280,274.307,275.52,273.349,-0.7898
mixed,2,1,0.5,4.0,64,2048,1024,4096,2560,273.919,266.944,265.47,
mixed,2,1,0.5,4.0,64,2048,2048,8192,5120,275.047,302.497,303.048,1.0201
mixed,2,1,0.5,4.0,64,2048,4096,16384,10240,322.115,379.65,378.848,0.9861
mixed,2,1,0.5,4.0,64,4096,128,512,320,299.202,299.805,299.2,-0.0033
mixed,2,1,0.5,4.0,64,4096,256,1024,640,299.49,300.19,300.741,1.7871
mixed,2,1,0.5,4.0,64,4096,512,2048,1280,297.345,299.427,298.434,0.5231
mixed,2,1,0.5,4.0,64,4096,1024,4096,2560,297.954,298.879,298.496,0.5859
mixed,2,1,0.5,4.0,64,4096,2048,8192,5120,303.266,304.19,304.965,1.8387
mixed,2,1,0.5,4.0,64,4096,4096,16384,10240,323.743,378.66,383.809,1.0938
mixed,2,1,0.5,4.0,64,8192,128,512,320,338.623,337.41,337.856,
mixed,2,1,0.5,4.0,64,8192,256,1024,640,338.208,337.696,337.92,
mixed,2,1,0.5,4.0,64,8192,512,2048,1280,338.302,337.599,336.835,
mixed,2,1,0.5,4.0,64,8192,1024,4096,2560,361.888,339.747,375.167,
mixed,2,1,0.5,4.0,64,8192,2048,8192,5120,340.386,340.646,340.099,-1.1038
mixed,2,1,0.5,4.0,64,8192,4096,16384,10240,330.434,382.303,384.58,1.0439
mixed,2,1,0.5,4.0,128,0,128,512,320,256.896,251.072,249.344,
mixed,2,1,0.5,4.0,128,0,256,1024,640,252.097,257.981,257.571,0.9303
mixed,2,1,0.5,4.0,128,0,512,2048,1280,261.759,262.847,277.987,14.9154
mixed,2,1,0.5,4.0,128,0,1024,4096,2560,272.545,301.663,303.906,1.077
mixed,2,1,0.5,4.0,128,0,2048,8192,5120,321.664,376.957,378.88,1.0348
mixed,2,1,0.5,4.0,128,0,4096,16384,10240,417.342,530.757,532.068,1.0116
mixed,2,1,0.5,4.0,128,512,128,512,320,281.151,282.398,280.289,-0.6913
mixed,2,1,0.5,4.0,128,512,256,1024,640,279.871,273.184,273.411,
mixed,2,1,0.5,4.0,128,512,512,2048,1280,268.383,280.933,282.08,1.0914
mixed,2,1,0.5,4.0,128,512,1024,4096,2560,293.533,321.346,320.511,0.97
mixed,2,1,0.5,4.0,128,512,2048,8192,5120,334.88,393.564,394.303,1.0126
mixed,2,1,0.5,4.0,128,512,4096,16384,10240,431.201,545.695,546.941,1.0109
mixed,2,1,0.5,4.0,128,1024,128,512,320,292.544,292.958,291.681,-2.0845
mixed,2,1,0.5,4.0,128,1024,256,1024,640,289.472,295.107,293.601,0.7327
mixed,2,1,0.5,4.0,128,1024,512,2048,1280,294.881,282.111,282.75,
mixed,2,1,0.5,4.0,128,1024,1024,4096,2560,291.423,321.284,321.25,0.9989
mixed,2,1,0.5,4.0,128,1024,2048,8192,5120,341.507,396.834,397.474,1.0116
mixed,2,1,0.5,4.0,128,1024,4096,16384,10240,435.52,545.694,551.168,1.0497
mixed,2,1,0.5,4.0,128,2048,128,512,320,313.793,311.328,311.519,
mixed,2,1,0.5,4.0,128,2048,256,1024,640,311.932,311.584,311.427,
mixed,2,1,0.5,4.0,128,2048,512,2048,1280,324.799,334.818,331.168,0.6357
mixed,2,1,0.5,4.0,128,2048,1024,4096,2560,345.47,374.847,335.613,-0.3355
mixed,2,1,0.5,4.0,128,2048,2048,8192,5120,395.999,396.611,399.647,5.9608
mixed,2,1,0.5,4.0,128,2048,4096,16384,10240,436.13,550.562,551.233,1.0059
mixed,2,1,0.5,4.0,128,4096,128,512,320,349.185,349.983,350.56,1.7231
mixed,2,1,0.5,4.0,128,4096,256,1024,640,349.248,349.567,349.473,0.7053
mixed,2,1,0.5,4.0,128,4096,512,2048,1280,350.461,349.247,348.642,
mixed,2,1,0.5,4.0,128,4096,1024,4096,2560,389.989,411.426,405.538,0.7253
mixed,2,1,0.5,4.0,128,4096,2048,8192,5120,433.921,491.842,415.07,-0.3255
mixed,2,1,0.5,4.0,128,4096,4096,16384,10240,530.946,551.938,556.03,1.1949
mixed,2,1,0.5,4.0,128,8192,128,512,320,425.667,425.218,428.862,
mixed,2,1,0.5,4.0,128,8192,256,1024,640,426.082,426.207,426.306,1.792
mixed,2,1,0.5,4.0,128,8192,512,2048,1280,428.703,429.281,425.696,-5.2024
mixed,2,1,0.5,4.0,128,8192,1024,4096,2560,425.95,424.19,426.437,
mixed,2,1,0.5,4.0,128,8192,2048,8192,5120,518.531,571.65,562.628,0.8302
mixed,2,1,0.5,4.0,128,8192,4096,16384,10240,610.4,727.523,571.647,-0.3309
mixed,2,1,0.5,4.0,256,0,128,512,320,338.879,332.897,334.528,
mixed,2,1,0.5,4.0,256,0,256,1024,640,337.345,358.687,359.071,1.018
mixed,2,1,0.5,4.0,256,0,512,2048,1280,368.899,391.523,397.434,1.2613
mixed,2,1,0.5,4.0,256,0,1024,4096,2560,411.261,432.769,468.706,2.6709
mixed,2,1,0.5,4.0,256,0,2048,8192,5120,472.765,582.176,592.768,1.0968
mixed,2,1,0.5,4.0,256,0,4096,16384,10240,661.602,896.771,896.419,0.9985
mixed,2,1,0.5,4.0,256,512,128,512,320,370.944,363.808,366.752,
mixed,2,1,0.5,4.0,256,512,256,1024,640,362.239,354.945,353.729,
mixed,2,1,0.5,4.0,256,512,512,2048,1280,372.644,397.698,395.713,0.9208
mixed,2,1,0.5,4.0,256,512,1024,4096,2560,413.924,473.631,474.18,1.0092
mixed,2,1,0.5,4.0,256,512,2048,8192,5120,504.928,624.516,626.817,1.0192
mixed,2,1,0.5,4.0,256,512,4096,16384,10240,696.514,937.791,931.939,0.9757
mixed,2,1,0.5,4.0,256,1024,128,512,320,377.023,378.627,378.399,0.8579
mixed,2,1,0.5,4.0,256,1024,256,1024,640,373.76,380.132,380.672,1.0847
mixed,2,1,0.5,4.0,256,1024,512,2048,1280,376.193,393.056,395.809,1.1633
mixed,2,1,0.5,4.0,256,1024,1024,4096,2560,412.64,470.499,468.193,0.9601
mixed,2,1,0.5,4.0,256,1024,2048,8192,5120,510.562,623.236,622.659,0.9949
mixed,2,1,0.5,4.0,256,1024,4096,16384,10240,698.045,931.812,935.904,1.0175
mixed,2,1,0.5,4.0,256,2048,128,512,320,424.033,420.863,418.717,
mixed,2,1,0.5,4.0,256,2048,256,1024,640,415.33,417.856,419.324,1.5812
mixed,2,1,0.5,4.0,256,2048,512,2048,1280,422.114,420.352,419.872,
mixed,2,1,0.5,4.0,256,2048,1024,4096,2560,412.93,476.002,474.338,0.9736
mixed,2,1,0.5,4.0,256,2048,2048,8192,5120,512.544,622.624,624.799,1.0198
mixed,2,1,0.5,4.0,256,2048,4096,16384,10240,702.015,931.779,929.54,0.9903
mixed,2,1,0.5,4.0,256,4096,128,512,320,493.056,498.909,498.082,0.8587
mixed,2,1,0.5,4.0,256,4096,256,1024,640,496.384,493.442,489.253,
mixed,2,1,0.5,4.0,256,4096,512,2048,1280,495.424,494.016,499.68,
mixed,2,1,0.5,4.0,256,4096,1024,4096,2560,493.602,499.295,494.4,0.1402
mixed,2,1,0.5,4.0,256,4096,2048,8192,5120,511.456,626.626,628.898,1.0197
mixed,2,1,0.5,4.0,256,4096,4096,16384,10240,701.889,938.241,932.162,0.9743
mixed,2,1,0.5,4.0,256,8192,128,512,320,650.818,648.158,644.223,
mixed,2,1,0.5,4.0,256,8192,256,1024,640,650.913,651.999,650.468,-0.4098
mixed,2,1,0.5,4.0,256,8192,512,2048,1280,653.954,648.641,652.066,
mixed,2,1,0.5,4.0,256,8192,1024,4096,2560,649.857,645.985,650.563,
mixed,2,1,0.5,4.0,256,8192,2048,8192,5120,651.297,648.095,652.095,
mixed,2,1,0.5,4.0,256,8192,4096,16384,10240,704.706,932.003,931.235,0.9966
mixed,2,1,0.5,4.0,512,0,128,512,320,372.997,366.017,371.65,
mixed,2,1,0.5,4.0,512,0,256,1024,640,379.584,405.054,405.474,1.0165
mixed,2,1,0.5,4.0,512,0,512,2048,1280,428.763,482.687,485.218,1.0469
mixed,2,1,0.5,4.0,512,0,1024,4096,2560,520.769,637.44,637.636,1.0017
mixed,2,1,0.5,4.0,512,0,2048,8192,5120,710.338,943.043,943.429,1.0017
mixed,2,1,0.5,4.0,512,0,4096,16384,10240,1096.514,1556.865,1550.43,0.986
mixed,2,1,0.5,4.0,512,512,128,512,320,409.023,407.011,408.671,
mixed,2,1,0.5,4.0,512,512,256,1024,640,411.071,406.978,413.502,
mixed,2,1,0.5,4.0,512,512,512,2048,1280,424.189,483.267,485.728,1.0417
mixed,2,1,0.5,4.0,512,512,1024,4096,2560,521.218,635.2,637.024,1.016
mixed,2,1,0.5,4.0,512,512,2048,8192,5120,711.074,939.041,942.722,1.0161
mixed,2,1,0.5,4.0,512,512,4096,16384,10240,1095.074,1564.037,1553.088,0.9767
mixed,2,1,0.5,4.0,512,1024,128,512,320,447.073,447.23,445.795,-8.1401
mixed,2,1,0.5,4.0,512,1024,256,1024,640,444.638,448.609,446.145,0.3795
mixed,2,1,0.5,4.0,512,1024,512,2048,1280,444.415,484.037,487.619,1.0904
mixed,2,1,0.5,4.0,512,1024,1024,4096,2560,524.033,638.341,640.575,1.0195
mixed,2,1,0.5,4.0,512,1024,2048,8192,5120,712.799,944.611,943.235,0.9941
mixed,2,1,0.5,4.0,512,1024,4096,16384,10240,1094.819,1554.885,1554.337,0.9988
mixed,2,1,0.5,4.0,512,2048,128,512,320,524.958,523.518,522.689,
mixed,2,1,0.5,4.0,512,2048,256,1024,640,523.361,523.358,526.114,
mixed,2,1,0.5,4.0,512,2048,512,2048,1280,522.402,522.465,517.185,-82.8095
mixed,2,1,0.5,4.0,512,2048,1024,4096,2560,526.274,640.036,639.811,0.998
mixed,2,1,0.5,4.0,512,2048,2048,8192,5120,717.503,945.919,945.603,0.9986
mixed,2,1,0.5,4.0,512,2048,4096,16384,10240,1100.708,1557.568,1553.763,0.9917
mixed,2,1,0.5,4.0,512,4096,128,512,320,674.624,673.443,677.376,
mixed,2,1,0.5,4.0,512,4096,256,1024,640,674.053,672.256,670.69,
mixed,2,1,0.5,4.0,512,4096,512,2048,1280,676.158,679.071,674.975,-0.4061
mixed,2,1,0.5,4.0,512,4096,1024,4096,2560,677.183,674.848,675.042,
mixed,2,1,0.5,4.0,512,4096,2048,8192,5120,717.569,947.552,946.431,0.9951
mixed,2,1,0.5,4.0,512,4096,4096,16384,10240,1100.672,1561.059,1560.897,0.9996
mixed,2,1,0.5,4.0,512,8192,128,512,320,977.825,980.001,979.459,0.7509
mixed,2,1,0.5,4.0,512,8192,256,1024,640,982.24,979.009,978.273,
mixed,2,1,0.5,4.0,512,8192,512,2048,1280,978.147,976.802,976.446,
mixed,2,1,0.5,4.0,512,8192,1024,4096,2560,976.255,979.329,973.41,-0.9255
mixed,2,1,0.5,4.0,512,8192,2048,8192,5120,974.374,974.274,977.669,
mixed,2,1,0.5,4.0,512,8192,4096,16384,10240,1097.221,1554.849,1558.85,1.0087
mixed,2,1,0.5,4.0,1024,0,128,512,320,575.905,570.722,572.224,
mixed,2,1,0.5,4.0,1024,0,256,1024,640,572.705,580.158,578.369,0.76
mixed,2,1,0.5,4.0,1024,0,512,2048,1280,586.465,587.714,579.399,-5.6573
mixed,2,1,0.5,4.0,1024,0,1024,4096,2560,596.032,603.773,586.881,-1.1821
mixed,2,1,0.5,4.0,1024,0,2048,8192,5120,593.217,609.602,607.205,0.8537
mixed,2,1,0.5,4.0,1024,0,4096,16384,10240,615.361,633.663,623.843,0.4634
mixed,2,1,0.5,4.0,1024,512,128,512,320,678.658,687.909,678.683,0.0027
mixed,2,1,0.5,4.0,1024,512,256,1024,640,682.626,689.885,677.92,-0.6483
mixed,2,1,0.5,4.0,1024,512,512,2048,1280,683.165,693.761,692.098,0.8431
mixed,2,1,0.5,4.0,1024,512,1024,4096,2560,689.794,700.286,690.753,0.0914
mixed,2,1,0.5,4.0,1024,512,2048,8192,5120,706.309,711.429,712.699,1.248
mixed,2,1,0.5,4.0,1024,512,4096,16384,10240,717.412,744.544,733.538,0.5944
mixed,2,1,0.5,4.0,1024,1024,128,512,320,722.432,728.799,722.717,0.0448
mixed,2,1,0.5,4.0,1024,1024,256,1024,640,724.322,729.026,729.444,1.0889
mixed,2,1,0.5,4.0,1024,1024,512,2048,1280,726.659,735.552,732.831,0.694
mixed,2,1,0.5,4.0,1024,1024,1024,4096,2560,737.762,743.746,736.326,-0.24
mixed,2,1,0.5,4.0,1024,1024,2048,8192,5120,743.009,755.102,748.996,0.4951
mixed,2,1,0.5,4.0,1024,1024,4096,16384,10240,761.087,780.326,764.579,0.1815
mixed,2,1,0.5,4.0,1024,2048,128,512,320,802.82,804.13,796.735,-4.645
mixed,2,1,0.5,4.0,1024,2048,256,1024,640,806.25,808.096,809.928,1.9924
mixed,2,1,0.5,4.0,1024,2048,512,2048,1280,810.656,816.543,812.606,0.3312
mixed,2,1,0.5,4.0,1024,2048,1024,4096,2560,817.094,829.896,825.343,0.6444
mixed,2,1,0.5,4.0,1024,2048,2048,8192,5120,826.689,834.526,833.504,0.8696
mixed,2,1,0.5,4.0,1024,2048,4096,16384,10240,843.459,862.947,847.907,0.2282
mixed,2,1,0.5,4.0,1024,4096,128,512,320,968.221,968.357,972.711,33.0147
mixed,2,1,0.5,4.0,1024,4096,256,1024,640,973.823,972.74,972.805,
mixed,2,1,0.5,4.0,1024,4096,512,2048,1280,980.065,981.282,975.679,-3.6039
mixed,2,1,0.5,4.0,1024,4096,1024,4096,2560,985.669,981.471,993.542,
mixed,2,1,0.5,4.0,1024,4096,2048,8192,5120,989.184,998.301,993.441,0.4669
mixed,2,1,0.5,4.0,1024,4096,4096,16384,10240,1003.261,1023.104,1016.643,0.6744
mixed,2,1,0.5,4.0,1024,8192,128,512,320,1296.287,1292.482,1290.112,
mixed,2,1,0.5,4.0,1024,8192,256,1024,640,1297.986,1303.459,1293.634,-0.7952
mixed,2,1,0.5,4.0,1024,8192,512,2048,1280,1290.079,1296.484,1305.857,2.4634
mixed,2,1,0.5,4.0,1024,8192,1024,4096,2560,1300.961,1308.96,1310.689,1.2162
mixed,2,1,0.5,4.0,1024,8192,2048,8192,5120,1315.526,1318.819,1323.232,2.3401
mixed,2,1,0.5,4.0,1024,8192,4096,16384,10240,1329.514,1352.196,1333.826,0.1901
mixed,2,1,0.5,4.0,2048,0,128,512,320,910.719,912.387,913.793,1.8429
mixed,2,1,0.5,4.0,2048,0,256,1024,640,907.519,909.958,911.331,1.5629
mixed,2,1,0.5,4.0,2048,0,512,2048,1280,916.671,919.108,919.363,1.1046
mixed,2,1,0.5,4.0,2048,0,1024,4096,2560,916.514,932.193,925.892,0.5981
mixed,2,1,0.5,4.0,2048,0,2048,8192,5120,937.662,946.303,936.801,-0.0996
mixed,2,1,0.5,4.0,2048,0,4096,16384,10240,952.772,958.24,959.777,1.2811
mixed,2,1,0.5,4.0,2048,512,128,512,320,1054.051,1061.348,1059.137,0.697
mixed,2,1,0.5,4.0,2048,512,256,1024,640,1060.641,1053.026,1055.134,
mixed,2,1,0.5,4.0,2048,512,512,2048,1280,1058.207,1068.003,1060.515,0.2356
mixed,2,1,0.5,4.0,2048,512,1024,4096,2560,1060.448,1070.5,1072.515,1.2005
mixed,2,1,0.5,4.0,2048,512,2048,8192,5120,1076.895,1090.561,1086.784,0.7236
mixed,2,1,0.5,4.0,2048,512,4096,16384,10240,1100.931,1113.918,1104.221,0.2533
mixed,2,1,0.5,4.0,2048,1024,128,512,320,1113.766,1120.482,1117.189,0.5097
mixed,2,1,0.5,4.0,2048,1024,256,1024,640,1109.985,1116.23,1117.758,1.2447
mixed,2,1,0.5,4.0,2048,1024,512,2048,1280,1117.474,1122.051,1123.363,1.2867
mixed,2,1,0.5,4.0,2048,1024,1024,4096,2560,1124.068,1128.481,1133.729,2.1892
mixed,2,1,0.5,4.0,2048,1024,2048,8192,5120,1135.624,1151.073,1138.689,0.1984
mixed,2,1,0.5,4.0,2048,1024,4096,16384,10240,1158.659,1167.968,1164.065,0.5807
mixed,2,1,0.5,4.0,2048,2048,128,512,320,1223.808,1229.861,1219.748,-0.6707
mixed,2,1,0.5,4.0,2048,2048,256,1024,640,1227.619,1229.278,1235.942,5.0169
mixed,2,1,0.5,4.0,2048,2048,512,2048,1280,1233.6,1237.732,1238.087,1.0859
mixed,2,1,0.5,4.0,2048,2048,1024,4096,2560,1241.703,1247.105,1243.551,0.3421
mixed,2,1,0.5,4.0,2048,2048,2048,8192,5120,1250.564,1262.342,1256.094,0.4695
mixed,2,1,0.5,4.0,2048,2048,4096,16384,10240,1270.273,1284.899,1269.698,-0.0393
mixed,2,1,0.5,4.0,2048,4096,128,512,320,1465.829,1477.154,1478.98,1.1612
mixed,2,1,0.5,4.0,2048,4096,256,1024,640,1479.521,1475.362,1489.794,
mixed,2,1,0.5,4.0,2048,4096,512,2048,1280,1481.409,1486.339,1486.656,1.0643
mixed,2,1,0.5,4.0,2048,4096,1024,4096,2560,1487.365,1497.921,1493.414,0.573
mixed,2,1,0.5,4.0,2048,4096,2048,8192,5120,1502.945,1505.603,1494.566,-3.1524
mixed,2,1,0.5,4.0,2048,4096,4096,16384,10240,1512.035,1544.705,1519.494,0.2283
mixed,2,1,0.5,4.0,2048,8192,128,512,320,1939.645,1945.222,1940.679,0.1854
mixed,2,1,0.5,4.0,2048,8192,256,1024,640,1940.414,1936.646,1953.867,
mixed,2,1,0.5,4.0,2048,8192,512,2048,1280,1942.722,1950.635,1943.689,0.1222
mixed,2,1,0.5,4.0,2048,8192,1024,4096,2560,1949.443,1957.033,1950.402,0.1264
mixed,2,1,0.5,4.0,2048,8192,2048,8192,5120,1962.369,1965.986,1965.547,0.8786
mixed,2,1,0.5,4.0,2048,8192,4096,16384,10240,1971.205,1998.336,1977.984,0.2499
pure,4,1,0.25,4.0,0,0,128,512,224,183.042,190.689,189.118,0.7946
pure,4,1,0.25,4.0,0,0,256,1024,448,192.67,191.777,191.039,
pure,4,1,0.25,4.0,0,0,512,2048,896,191.839,199.649,196.354,0.5781
pure,4,1,0.25,4.0,0,0,1024,4096,1792,197.311,209.377,201.885,0.3791
pure,4,1,0.25,4.0,0,0,2048,8192,3584,216.002,225.697,220.352,0.4487
pure,4,1,0.25,4.0,0,0,4096,16384,7168,224.353,269.281,234.084,0.2166
mixed,4,1,0.25,4.0,16,0,128,512,224,206.016,209.858,208.09,0.5398
mixed,4,1,0.25,4.0,16,0,256,1024,448,214.081,211.039,209.891,
mixed,4,1,0.25,4.0,16,0,512,2048,896,210.688,221.279,213.404,0.2564
mixed,4,1,0.25,4.0,16,0,1024,4096,1792,214.301,231.779,221.985,0.4396
mixed,4,1,0.25,4.0,16,0,2048,8192,3584,238.431,251.808,235.714,-0.2031
mixed,4,1,0.25,4.0,16,0,4096,16384,7168,245.153,291.995,261.058,0.3395
mixed,4,1,0.25,4.0,16,512,128,512,224,226.72,226.113,226.336,
mixed,4,1,0.25,4.0,16,512,256,1024,448,227.936,226.752,223.265,
mixed,4,1,0.25,4.0,16,512,512,2048,896,226.974,241.951,227.266,0.0195
mixed,4,1,0.25,4.0,16,512,1024,4096,1792,235.074,250.976,226.623,-0.5314
mixed,4,1,0.25,4.0,16,512,2048,8192,3584,248.161,261.538,234.817,-0.9975
mixed,4,1,0.25,4.0,16,512,4096,16384,7168,253.889,296.159,260.481,0.1559
mixed,4,1,0.25,4.0,16,1024,128,512,224,231.936,232.611,230.814,-1.6622
mixed,4,1,0.25,4.0,16,1024,256,1024,448,231.237,233.791,231.486,0.0975
mixed,4,1,0.25,4.0,16,1024,512,2048,896,232.257,245.151,234.72,0.191
mixed,4,1,0.25,4.0,16,1024,1024,4096,1792,242.141,250.529,234.05,-0.9646
mixed,4,1,0.25,4.0,16,1024,2048,8192,3584,252.514,265.663,237.726,-1.1246
mixed,4,1,0.25,4.0,16,1024,4096,16384,7168,264.193,291.295,260.705,-0.1287
mixed,4,1,0.25,4.0,16,2048,128,512,224,242.914,246.141,238.977,-1.22
mixed,4,1,0.25,4.0,16,2048,256,1024,448,247.006,247.747,245.631,-1.8556
mixed,4,1,0.25,4.0,16,2048,512,2048,896,249.221,246.462,250.718,
mixed,4,1,0.25,4.0,16,2048,1024,4096,1792,244.734,253.568,249.216,0.5074
mixed,4,1,0.25,4.0,16,2048,2048,8192,3584,253.281,269.378,240.29,-0.807
mixed,4,1,0.25,4.0,16,2048,4096,16384,7168,268.193,292.127,260.861,-0.3063
mixed,4,1,0.25,4.0,16,4096,128,512,224,258.079,261.632,259.298,0.3431
mixed,4,1,0.25,4.0,16,4096,256,1024,448,262.657,261.919,261.567,
mixed,4,1,0.25,4.0,16,4096,512,2048,896,261.827,257.664,262.848,
mixed,4,1,0.25,4.0,16,4096,1024,4096,1792,256.255,262.784,257.886,0.2498
mixed,4,1,0.25,4.0,16,4096,2048,8192,3584,261.372,273.728,261.953,0.047
mixed,4,1,0.25,4.0,16,4096,4096,16384,7168,268.676,303.422,263.361,-0.153
mixed,4,1,0.25,4.0,16,8192,128,512,224,278.657,279.042,277.441,-3.1584
mixed,4,1,0.25,4.0,16,8192,256,1024,448,278.178,278.046,278.588,
mixed,4,1,0.25,4.0,16,8192,512,2048,896,280.13,276.612,277.794,
mixed,4,1,0.25,4.0,16,8192,1024,4096,1792,278.047,278.624,276.478,-2.7192
mixed,4,1,0.25,4.0,16,8192,2048,8192,3584,277.567,285.25,277.663,0.0125
mixed,4,1,0.25,4.0,16,8192,4096,16384,7168,285.6,301.474,286.88,0.0806
mixed,4,1,0.25,4.0,32,0,128,512,224,209.601,213.985,212.832,0.737
mixed,4,1,0.25,4.0,32,0,256,1024,448,215.549,213.533,212.834,
mixed,4,1,0.25,4.0,32,0,512,2048,896,214.05,226.465,220.542,0.5229
mixed,4,1,0.25,4.0,32,0,1024,4096,1792,221.055,242.88,230.848,0.4487
mixed,4,1,0.25,4.0,32,0,2048,8192,3584,237.856,264.996,254.561,0.6155
mixed,4,1,0.25,4.0,32,0,4096,16384,7168,260.638,305.504,298.051,0.8339
mixed,4,1,0.25,4.0,32,512,128,512,224,233.535,234.208,233.279,-0.3804
mixed,4,1,0.25,4.0,32,512,256,1024,448,234.018,238.722,236.316,0.4885
mixed,4,1,0.25,4.0,32,512,512,2048,896,236.829,235.78,232.288,
mixed,4,1,0.25,4.0,32,512,1024,4096,1792,233.407,243.939,233.089,-0.0302
mixed,4,1,0.25,4.0,32,512,2048,8192,3584,237.283,263.456,256.832,0.7469
mixed,4,1,0.25,4.0,32,512,4096,16384,7168,258.339,306.656,298.146,0.8239
mixed,4,1,0.25,4.0,32,1024,128,512,224,247.237,247.069,245.246,
mixed,4,1,0.25,4.0,32,1024,256,1024,448,246.271,248.673,244.035,-0.9309
mixed,4,1,0.25,4.0,32,1024,512,2048,896,249.506,250.082,240.899,-14.9427
mixed,4,1,0.25,4.0,32,1024,1024,4096,1792,247.327,242.847,236.062,
mixed,4,1,0.25,4.0,32,1024,2048,8192,3584,258.561,264.964,256.035,-0.3945
mixed,4,1,0.25,4.0,32,1024,4096,16384,7168,258.113,307.52,300.892,0.8658
mixed,4,1,0.25,4.0,32,2048,128,512,224,258.112,260.223,257.378,-0.3477
mixed,4,1,0.25,4.0,32,2048,256,1024,448,258.813,259.807,257.952,-0.8662
mixed,4,1,0.25,4.0,32,2048,512,2048,896,259.2,256.929,260.254,
mixed,4,1,0.25,4.0,32,2048,1024,4096,1792,256.765,261.885,252.798,-0.7748
mixed,4,1,0.25,4.0,32,2048,2048,8192,3584,259.681,265.595,259.903,0.0375
mixed,4,1,0.25,4.0,32,2048,4096,16384,7168,261.665,308.481,300.479,0.8291
mixed,4,1,0.25,4.0,32,4096,128,512,224,273.759,272.287,273.761,
mixed,4,1,0.25,4.0,32,4096,256,1024,448,274.593,271.679,272.961,
mixed,4,1,0.25,4.0,32,4096,512,2048,896,274.336,271.937,274.847,
mixed,4,1,0.25,4.0,32,4096,1024,4096,1792,273.599,273.918,271.264,-7.3197
mixed,4,1,0.25,4.0,32,4096,2048,8192,3584,273.151,283.937,262.11,-1.0236
mixed,4,1,0.25,4.0,32,4096,4096,16384,7168,284.801,314.497,301.409,0.5593
mixed,4,1,0.25,4.0,32,8192,128,512,224,295.265,296.318,295.938,0.6391
mixed,4,1,0.25,4.0,32,8192,256,1024,448,296.99,294.336,295.103,
mixed,4,1,0.25,4.0,32,8192,512,2048,896,296.03,296.253,295.714,-1.417
mixed,4,1,0.25,4.0,32,8192,1024,4096,1792,297.696,296.928,294.502,
mixed,4,1,0.25,4.0,32,8192,2048,8192,3584,301.215,303.967,295.037,-2.2449
mixed,4,1,0.25,4.0,32,8192,4096,16384,7168,302.237,318.751,303.522,0.0778
mixed,4,1,0.25,4.0,64,0,128,512,224,214.691,218.463,217.473,0.7375
mixed,4,1,0.25,4.0,64,0,256,1024,448,224.259,224.0,222.655,
mixed,4,1,0.25,4.0,64,0,512,2048,896,230.147,234.337,233.12,0.7095
mixed,4,1,0.25,4.0,64,0,1024,4096,1792,233.22,252.416,253.342,1.0482
mixed,4,1,0.25,4.0,64,0,2048,8192,3584,248.479,292.0,289.699,0.9471
mixed,4,1,0.25,4.0,64,0,4096,16384,7168,283.551,367.679,369.341,1.0198
mixed,4,1,0.25,4.0,64,512,128,512,224,250.945,251.872,253.698,2.9698
mixed,4,1,0.25,4.0,64,512,256,1024,448,253.184,247.55,247.618,
mixed,4,1,0.25,4.0,64,512,512,2048,896,247.583,245.22,243.935,
mixed,4,1,0.25,4.0,64,512,1024,4096,1792,244.289,264.576,262.112,0.8785
mixed,4,1,0.25,4.0,64,512,2048,8192,3584,258.5,299.709,300.035,1.0079
mixed,4,1,0.25,4.0,64,512,4096,16384,7168,290.881,373.186,372.674,0.9938
mixed,4,1,0.25,4.0,64,1024,128,512,224,261.314,262.559,262.048,0.5896
mixed,4,1,0.25,4.0,64,1024,256,1024,448,262.398,261.537,260.83,
mixed,4,1,0.25,4.0,64,1024,512,2048,896,262.787,255.746,251.648,
mixed,4,1,0.25,4.0,64,1024,1024,4096,1792,254.656,266.752,263.904,0.7646
mixed,4,1,0.25,4.0,64,1024,2048,8192,3584,260.352,302.785,300.643,0.9495
mixed,4,1,0.25,4.0,64,1024,4096,16384,7168,293.218,377.92,377.731,0.9978
mixed,4,1,0.25,4.0,64,2048,128,512,224,272.704,274.339,271.578,-0.6887
mixed,4,1,0.25,4.0,64,2048,256,1024,448,273.601,273.41,273.985,
mixed,4,1,0.25,4.0,64,2048,512,2048,896,274.209,274.272,273.602,-9.6349
mixed,4,1,0.25,4.0,64,2048,1024,4096,1792,275.965,266.754,266.752,
mixed,4,1,0.25,4.0,64,2048,2048,8192,3584,268.356,306.816,301.567,0.8635
mixed,4,1,0.25,4.0,64,2048,4096,16384,7168,297.342,378.047,377.664,0.9953
mixed,4,1,0.25,4.0,64,4096,128,512,224,299.105,300.128,298.497,-0.5943
mixed,4,1,0.25,4.0,64,4096,256,1024,448,299.39,296.863,288.163,
mixed,4,1,0.25,4.0,64,4096,512,2048,896,298.08,297.345,298.592,
mixed,4,1,0.25,4.0,64,4096,1024,4096,1792,295.933,300.037,296.544,0.1489
mixed,4,1,0.25,4.0,64,4096,2048,8192,3584,298.463,309.6,301.859,0.3049
mixed,4,1,0.25,4.0,64,4096,4096,16384,7168,301.006,384.191,376.83,0.9115
mixed,4,1,0.25,4.0,64,8192,128,512,224,337.344,336.163,337.156,
mixed,4,1,0.25,4.0,64,8192,256,1024,448,336.958,335.87,335.938,
mixed,4,1,0.25,4.0,64,8192,512,2048,896,336.575,340.352,323.525,-3.4551
mixed,4,1,0.25,4.0,64,8192,1024,4096,1792,339.327,338.821,338.08,
mixed,4,1,0.25,4.0,64,8192,2048,8192,3584,339.2,348.483,339.074,-0.0136
mixed,4,1,0.25,4.0,64,8192,4096,16384,7168,415.041,386.592,384.317,
mixed,4,1,0.25,4.0,128,0,128,512,224,226.046,251.326,250.85,0.9812
mixed,4,1,0.25,4.0,128,0,256,1024,448,255.617,245.506,258.397,
mixed,4,1,0.25,4.0,128,0,512,2048,896,241.151,264.799,262.562,0.9054
mixed,4,1,0.25,4.0,128,0,1024,4096,1792,258.562,301.125,302.848,1.0405
mixed,4,1,0.25,4.0,128,0,2048,8192,3584,291.424,374.336,377.856,1.0425
mixed,4,1,0.25,4.0,128,0,4096,16384,7168,359.486,526.814,527.397,1.0035
mixed,4,1,0.25,4.0,128,512,128,512,224,280.991,281.953,281.152,0.1674
mixed,4,1,0.25,4.0,128,512,256,1024,448,282.749,273.185,274.109,
mixed,4,1,0.25,4.0,128,512,512,2048,896,275.394,284.096,282.429,0.8084
mixed,4,1,0.25,4.0,128,512,1024,4096,1792,278.686,317.44,320.511,1.0792
mixed,4,1,0.25,4.0,128,512,2048,8192,3584,309.058,392.64,393.761,1.0134
mixed,4,1,0.25,4.0,128,512,4096,16384,7168,372.004,526.272,542.528,1.1054
mixed,4,1,0.25,4.0,128,1024,128,512,224,292.252,293.888,283.615,-5.2793
mixed,4,1,0.25,4.0,128,1024,256,1024,448,291.998,293.73,292.19,0.1109
mixed,4,1,0.25,4.0,128,1024,512,2048,896,294.849,282.851,282.883,
mixed,4,1,0.25,4.0,128,1024,1024,4096,1792,285.059,321.857,319.427,0.934
mixed,4,1,0.25,4.0,128,1024,2048,8192,3584,311.521,391.81,395.168,1.0418
mixed,4,1,0.25,4.0,128,1024,4096,16384,7168,373.089,542.691,544.704,1.0119
mixed,4,1,0.25,4.0,128,2048,128,512,224,312.16,313.184,314.977,2.751
mixed,4,1,0.25,4.0,128,2048,256,1024,448,312.734,337.919,299.523,-0.5246
mixed,4,1,0.25,4.0,128,2048,512,2048,896,330.144,348.64,334.175,0.2179
mixed,4,1,0.25,4.0,128,2048,1024,4096,1792,342.307,320.988,338.336,
mixed,4,1,0.25,4.0,128,2048,2048,8192,3584,368.318,400.477,402.619,1.0666
mixed,4,1,0.25,4.0,128,2048,4096,16384,7168,379.711,547.075,552.192,1.0306
mixed,4,1,0.25,4.0,128,4096,128,512,224,352.322,351.206,353.314,
mixed,4,1,0.25,4.0,128,4096,256,1024,448,350.499,351.264,349.28,-1.5935
mixed,4,1,0.25,4.0,128,4096,512,2048,896,351.581,414.624,338.175,-0.2126
mixed,4,1,0.25,4.0,128,4096,1024,4096,1792,406.049,416.192,411.359,0.5235
mixed,4,1,0.25,4.0,128,4096,2048,8192,3584,426.21,400.321,415.619,
mixed,4,1,0.25,4.0,128,4096,4096,16384,7168,381.662,553.571,554.046,1.0028
mixed,4,1,0.25,4.0,128,8192,128,512,224,428.704,428.162,427.328,
mixed,4,1,0.25,4.0,128,8192,256,1024,448,427.938,427.456,425.693,
mixed,4,1,0.25,4.0,128,8192,512,2048,896,429.602,426.053,427.169,
mixed,4,1,0.25,4.0,128,8192,1024,4096,1792,428.191,572.159,417.215,-0.0762
mixed,4,1,0.25,4.0,128,8192,2048,8192,3584,538.24,574.019,572.193,0.949
mixed,4,1,0.25,4.0,128,8192,4096,16384,7168,600.991,559.777,577.408,
mixed,4,1,0.25,4.0,256,0,128,512,224,275.809,330.144,327.04,0.9429
mixed,4,1,0.25,4.0,256,0,256,1024,448,330.335,356.863,355.522,0.9494
mixed,4,1,0.25,4.0,256,0,512,2048,896,339.651,357.089,389.376,2.8515
mixed,4,1,0.25,4.0,256,0,1024,4096,1792,342.208,429.054,433.76,1.0542
mixed,4,1,0.25,4.0,256,0,2048,8192,3584,408.386,584.672,583.075,0.9909
mixed,4,1,0.25,4.0,256,0,4096,16384,7168,545.057,887.073,894.083,1.0205
mixed,4,1,0.25,4.0,256,512,128,512,224,361.601,376.033,352.513,-0.6297
mixed,4,1,0.25,4.0,256,512,256,1024,448,379.842,400.768,375.71,-0.1975
mixed,4,1,0.25,4.0,256,512,512,2048,896,399.359,437.887,394.405,-0.1286
mixed,4,1,0.25,4.0,256,512,1024,4096,1792,432.323,511.553,470.689,0.4842
mixed,4,1,0.25,4.0,256,512,2048,8192,3584,494.69,674.655,624.959,0.7239
mixed,4,1,0.25,4.0,256,512,4096,16384,7168,624.988,891.235,929.761,1.1447
mixed,4,1,0.25,4.0,256,1024,128,512,224,377.375,382.078,376.032,-0.2856
mixed,4,1,0.25,4.0,256,1024,256,1024,448,378.271,414.559,370.752,-0.2072
mixed,4,1,0.25,4.0,256,1024,512,2048,896,409.115,459.843,414.243,0.1011
mixed,4,1,0.25,4.0,256,1024,1024,4096,1792,453.055,532.319,477.279,0.3056
mixed,4,1,0.25,4.0,256,1024,2048,8192,3584,518.657,689.918,617.249,0.5757
mixed,4,1,0.25,4.0,256,1024,4096,16384,7168,645.217,895.043,927.332,1.1292
mixed,4,1,0.25,4.0,256,2048,128,512,224,422.43,419.583,416.034,
mixed,4,1,0.25,4.0,256,2048,256,1024,448,415.487,421.761,421.217,0.9133
mixed,4,1,0.25,4.0,256,2048,512,2048,896,417.442,500.61,411.073,-0.0766
mixed,4,1,0.25,4.0,256,2048,1024,4096,1792,473.538,579.777,492.066,0.1744
mixed,4,1,0.25,4.0,256,2048,2048,8192,3584,555.038,724.161,627.685,0.4296
mixed,4,1,0.25,4.0,256,2048,4096,16384,7168,687.586,1032.545,926.628,0.693
mixed,4,1,0.25,4.0,256,4096,128,512,224,500.993,496.192,494.881,
mixed,4,1,0.25,4.0,256,4096,256,1024,448,497.407,500.255,501.247,1.3483
mixed,4,1,0.25,4.0,256,4096,512,2048,896,495.108,492.708,496.26,
mixed,4,1,0.25,4.0,256,4096,1024,4096,1792,493.442,654.208,490.527,-0.0181
mixed,4,1,0.25,4.0,256,4096,2048,8192,3584,607.267,805.858,658.876,0.2599
mixed,4,1,0.25,4.0,256,4096,4096,16384,7168,770.013,1126.405,937.248,0.4692
mixed,4,1,0.25,4.0,256,8192,128,512,224,650.402,656.259,650.913,0.0872
mixed,4,1,0.25,4.0,256,8192,256,1024,448,651.521,656.64,651.585,0.0125
mixed,4,1,0.25,4.0,256,8192,512,2048,896,652.671,651.069,649.252,
mixed,4,1,0.25,4.0,256,8192,1024,4096,1792,646.88,650.177,649.215,0.7082
mixed,4,1,0.25,4.0,256,8192,2048,8192,3584,649.052,966.685,643.712,-0.0168
mixed,4,1,0.25,4.0,256,8192,4096,16384,7168,880.417,1273.442,962.845,0.2097
mixed,4,1,0.25,4.0,512,0,128,512,224,366.146,375.075,367.935,0.2004
mixed,4,1,0.25,4.0,512,0,256,1024,448,365.668,404.033,405.599,1.0408
mixed,4,1,0.25,4.0,512,0,512,2048,896,399.776,483.873,480.608,0.9612
mixed,4,1,0.25,4.0,512,0,1024,4096,1792,462.334,632.862,630.946,0.9888
mixed,4,1,0.25,4.0,512,0,2048,8192,3584,594.339,939.971,938.63,0.9961
mixed,4,1,0.25,4.0,512,0,4096,16384,7168,861.12,1548.672,1550.497,1.0027
mixed,4,1,0.25,4.0,512,512,128,512,224,408.801,408.32,407.327,
mixed,4,1,0.25,4.0,512,512,256,1024,448,405.379,409.218,401.987,-0.8836
mixed,4,1,0.25,4.0,512,512,512,2048,896,403.716,481.028,491.008,1.1291
mixed,4,1,0.25,4.0,512,512,1024,4096,1792,467.294,636.417,629.891,0.9614
mixed,4,1,0.25,4.0,512,512,2048,8192,3584,600.99,942.143,937.154,0.9854
mixed,4,1,0.25,4.0,512,512,4096,16384,7168,865.345,1549.281,1550.786,1.0022
mixed,4,1,0.25,4.0,512,1024,128,512,224,448.803,443.203,444.094,
mixed,4,1,0.25,4.0,512,1024,256,1024,448,445.631,447.069,448.449,1.9597
mixed,4,1,0.25,4.0,512,1024,512,2048,896,441.474,483.135,481.919,0.9708
mixed,4,1,0.25,4.0,512,1024,1024,4096,1792,463.839,639.329,640.036,1.004
mixed,4,1,0.25,4.0,512,1024,2048,8192,3584,598.946,946.08,940.063,0.9827
mixed,4,1,0.25,4.0,512,1024,4096,16384,7168,867.585,1547.301,1550.975,1.0054
mixed,4,1,0.25,4.0,512,2048,128,512,224,522.592,521.345,523.329,
mixed,4,1,0.25,4.0,512,2048,256,1024,448,522.915,520.324,517.729,
mixed,4,1,0.25,4.0,512,2048,512,2048,896,520.097,520.064,521.698,
mixed,4,1,0.25,4.0,512,2048,1024,4096,1792,519.135,640.995,638.306,0.9779
mixed,4,1,0.25,4.0,512,2048,2048,8192,3584,603.488,944.732,941.888,0.9917
mixed,4,1,0.25,4.0,512,2048,4096,16384,7168,873.474,1552.289,1551.814,0.9993
mixed,4,1,0.25,4.0,512,4096,128,512,224,681.631,688.831,681.216,-0.0576
mixed,4,1,0.25,4.0,512,4096,256,1024,448,682.979,683.65,676.449,-9.7317
mixed,4,1,0.25,4.0,512,4096,512,2048,896,680.703,676.577,684.769,
mixed,4,1,0.25,4.0,512,4096,1024,4096,1792,684.096,682.212,681.121,
mixed,4,1,0.25,4.0,512,4096,2048,8192,3584,679.744,951.937,952.129,1.0007
mixed,4,1,0.25,4.0,512,4096,4096,16384,7168,877.664,1563.072,1554.146,0.987
mixed,4,1,0.25,4.0,512,8192,128,512,224,983.81,987.935,975.651,-1.9779
mixed,4,1,0.25,4.0,512,8192,256,1024,448,982.305,981.633,977.857,
mixed,4,1,0.25,4.0,512,8192,512,2048,896,980.354,980.384,982.049,56.5
mixed,4,1,0.25,4.0,512,8192,1024,4096,1792,979.393,981.6,984.42,2.2778
mixed,4,1,0.25,4.0,512,8192,2048,8192,3584,984.898,984.326,981.563,
mixed,4,1,0.25,4.0,512,8192,4096,16384,7168,985.855,1565.088,1560.095,0.9914
mixed,4,1,0.25,4.0,1024,0,128,512,224,575.807,571.933,571.681,
mixed,4,1,0.25,4.0,1024,0,256,1024,448,570.143,579.169,578.208,0.8935
mixed,4,1,0.25,4.0,1024,0,512,2048,896,571.744,585.663,577.442,0.4094
mixed,4,1,0.25,4.0,1024,0,1024,4096,1792,586.463,599.583,583.872,-0.1975
mixed,4,1,0.25,4.0,1024,0,2048,8192,3584,602.942,621.888,613.472,0.5558
mixed,4,1,0.25,4.0,1024,0,4096,16384,7168,625.411,674.465,623.587,-0.0372
mixed,4,1,0.25,4.0,1024,512,128,512,224,677.951,677.986,676.285,-47.6
mixed,4,1,0.25,4.0,1024,512,256,1024,448,683.936,683.072,680.733,
mixed,4,1,0.25,4.0,1024,512,512,2048,896,678.532,692.159,685.379,0.5025
mixed,4,1,0.25,4.0,1024,512,1024,4096,1792,690.722,703.523,693.058,0.1825
mixed,4,1,0.25,4.0,1024,512,2048,8192,3584,712.578,729.536,718.396,0.3431
mixed,4,1,0.25,4.0,1024,512,4096,16384,7168,727.265,783.518,735.648,0.149
mixed,4,1,0.25,4.0,1024,1024,128,512,224,718.18,720.386,722.719,2.0576
mixed,4,1,0.25,4.0,1024,1024,256,1024,448,721.062,727.81,728.609,1.1184
mixed,4,1,0.25,4.0,1024,1024,512,2048,896,722.342,734.978,729.217,0.5441
mixed,4,1,0.25,4.0,1024,1024,1024,4096,1792,728.293,753.056,734.115,0.2351
mixed,4,1,0.25,4.0,1024,1024,2048,8192,3584,755.169,775.677,762.785,0.3714
mixed,4,1,0.25,4.0,1024,1024,4096,16384,7168,763.554,816.708,773.214,0.1817
mixed,4,1,0.25,4.0,1024,2048,128,512,224,797.506,802.049,803.813,1.3883
mixed,4,1,0.25,4.0,1024,2048,256,1024,448,802.081,804.706,806.34,1.6225
mixed,4,1,0.25,4.0,1024,2048,512,2048,896,799.9,820.541,813.351,0.6517
mixed,4,1,0.25,4.0,1024,2048,1024,4096,1792,825.021,834.819,824.381,-0.0653
mixed,4,1,0.25,4.0,1024,2048,2048,8192,3584,829.345,848.163,843.1,0.7309
mixed,4,1,0.25,4.0,1024,2048,4096,16384,7168,846.403,903.682,849.409,0.0525
mixed,4,1,0.25,4.0,1024,4096,128,512,224,966.628,971.393,963.714,-0.6115
mixed,4,1,0.25,4.0,1024,4096,256,1024,448,964.128,969.762,969.093,0.8813
mixed,4,1,0.25,4.0,1024,4096,512,2048,896,969.375,984.769,973.759,0.2848
mixed,4,1,0.25,4.0,1024,4096,1024,4096,1792,989.378,990.145,986.781,-3.3859
mixed,4,1,0.25,4.0,1024,4096,2048,8192,3584,1000.741,1018.242,1006.275,0.3162
mixed,4,1,0.25,4.0,1024,4096,4096,16384,7168,1009.377,1056.807,1019.197,0.207
mixed,4,1,0.25,4.0,1024,8192,128,512,224,1290.335,1289.155,1287.875,
mixed,4,1,0.25,4.0,1024,8192,256,1024,448,1295.105,1299.589,1289.797,-1.1838
mixed,4,1,0.25,4.0,1024,8192,512,2048,896,1292.292,1305.156,1300.675,0.6517
mixed,4,1,0.25,4.0,1024,8192,1024,4096,1792,1315.878,1313.884,1312.291,
mixed,4,1,0.25,4.0,1024,8192,2048,8192,3584,1322.047,1337.54,1321.026,-0.0659
mixed,4,1,0.25,4.0,1024,8192,4096,16384,7168,1337.378,1379.907,1342.075,0.1104
mixed,4,1,0.25,4.0,2048,0,128,512,224,899.169,908.038,903.517,0.4902
mixed,4,1,0.25,4.0,2048,0,256,1024,448,908.77,917.95,911.169,0.2613
mixed,4,1,0.25,4.0,2048,0,512,2048,896,911.423,922.751,918.979,0.667
mixed,4,1,0.25,4.0,2048,0,1024,4096,1792,926.496,937.151,933.476,0.6551
mixed,4,1,0.25,4.0,2048,0,2048,8192,3584,945.184,964.355,947.359,0.1135
mixed,4,1,0.25,4.0,2048,0,4096,16384,7168,961.283,1008.291,964.095,0.0598
mixed,4,1,0.25,4.0,2048,512,128,512,224,1055.039,1055.139,1057.888,28.49
mixed,4,1,0.25,4.0,2048,512,256,1024,448,1056.803,1060.285,1062.084,1.5167
mixed,4,1,0.25,4.0,2048,512,512,2048,896,1066.782,1072.61,1069.918,0.5381
mixed,4,1,0.25,4.0,2048,512,1024,4096,1792,1073.951,1077.567,1071.488,-0.6811
mixed,4,1,0.25,4.0,2048,512,2048,8192,3584,1087.776,1108.833,1100.832,0.62
mixed,4,1,0.25,4.0,2048,512,4096,16384,7168,1101.824,1158.338,1105.054,0.0572
mixed,4,1,0.25,4.0,2048,1024,128,512,224,1111.202,1114.686,1111.517,0.0904
mixed,4,1,0.25,4.0,2048,1024,256,1024,448,1117.476,1119.459,1111.749,-2.888
mixed,4,1,0.25,4.0,2048,1024,512,2048,896,1125.374,1128.478,1125.697,0.1041
mixed,4,1,0.25,4.0,2048,1024,1024,4096,1792,1133.539,1140.127,1121.697,-1.7975
mixed,4,1,0.25,4.0,2048,1024,2048,8192,3584,1147.938,1166.146,1159.355,0.627
mixed,4,1,0.25,4.0,2048,1024,4096,16384,7168,1163.298,1207.397,1173.922,0.2409
mixed,4,1,0.25,4.0,2048,2048,128,512,224,1235.464,1228.704,1229.731,
mixed,4,1,0.25,4.0,2048,2048,256,1024,448,1217.183,1228.896,1231.773,1.2456
mixed,4,1,0.25,4.0,2048,2048,512,2048,896,1223.264,1238.626,1237.793,0.9458
mixed,4,1,0.25,4.0,2048,2048,1024,4096,1792,1251.074,1256.034,1244.546,-1.3161
mixed,4,1,0.25,4.0,2048,2048,2048,8192,3584,1259.422,1291.778,1266.917,0.2316
mixed,4,1,0.25,4.0,2048,2048,4096,16384,7168,1273.825,1331.898,1284.032,0.1758
mixed,4,1,0.25,4.0,2048,4096,128,512,224,1473.538,1465.152,1471.841,
mixed,4,1,0.25,4.0,2048,4096,256,1024,448,1480.129,1481.159,1476.867,-3.167
mixed,4,1,0.25,4.0,2048,4096,512,2048,896,1476.389,1490.434,1476.576,0.0133
mixed,4,1,0.25,4.0,2048,4096,1024,4096,1792,1498.37,1508.931,1501.378,0.2848
mixed,4,1,0.25,4.0,2048,4096,2048,8192,3584,1512.804,1515.398,1517.472,1.7995
mixed,4,1,0.25,4.0,2048,4096,4096,16384,7168,1526.364,1576.736,1532.931,0.1304
mixed,4,1,0.25,4.0,2048,8192,128,512,224,1938.274,1940.452,1937.086,-0.5455
mixed,4,1,0.25,4.0,2048,8192,256,1024,448,1932.162,1941.437,1932.289,0.0137
mixed,4,1,0.25,4.0,2048,8192,512,2048,896,1945.409,1951.813,1938.946,-1.0092
mixed,4,1,0.25,4.0,2048,8192,1024,4096,1792,1956.802,1951.204,1955.398,
mixed,4,1,0.25,4.0,2048,8192,2048,8192,3584,1973.951,1983.712,1970.562,-0.3472
mixed,4,1,0.25,4.0,2048,8192,4096,16384,7168,1988.736,2029.282,1993.094,0.1075
pure,4,2,0.5,4.0,0,0,128,512,320,184.482,191.104,190.269,0.8739
pure,4,2,0.5,4.0,0,0,256,1024,640,190.784,192.928,194.143,1.5667
pure,4,2,0.5,4.0,0,0,512,2048,1280,194.081,198.722,196.516,0.5247
pure,4,2,0.5,4.0,0,0,1024,4096,2560,203.584,210.176,209.217,0.8545
pure,4,2,0.5,4.0,0,0,2048,8192,5120,217.026,226.816,220.416,0.3463
pure,4,2,0.5,4.0,0,0,4096,16384,10240,240.833,270.141,247.198,0.2172
mixed,4,2,0.5,4.0,16,0,128,512,320,213.183,211.679,208.735,
mixed,4,2,0.5,4.0,16,0,256,1024,640,211.04,212.545,212.414,0.913
mixed,4,2,0.5,4.0,16,0,512,2048,1280,213.762,219.584,215.326,0.2686
mixed,4,2,0.5,4.0,16,0,1024,4096,2560,225.632,236.093,226.211,0.0553
mixed,4,2,0.5,4.0,16,0,2048,8192,5120,240.9,252.189,235.936,-0.4397
mixed,4,2,0.5,4.0,16,0,4096,16384,10240,262.976,292.447,265.377,0.0815
mixed,4,2,0.5,4.0,16,512,128,512,320,228.029,224.895,228.417,
mixed,4,2,0.5,4.0,16,512,256,1024,640,223.362,222.498,223.968,
mixed,4,2,0.5,4.0,16,512,512,2048,1280,224.832,243.043,228.991,0.2284
mixed,4,2,0.5,4.0,16,512,1024,4096,2560,248.193,253.157,230.687,-3.5266
mixed,4,2,0.5,4.0,16,512,2048,8192,5120,255.038,257.695,241.378,-5.1411
mixed,4,2,0.5,4.0,16,512,4096,16384,10240,263.939,289.92,266.975,0.1169
mixed,4,2,0.5,4.0,16,1024,128,512,320,233.314,231.456,234.336,
mixed,4,2,0.5,4.0,16,1024,256,1024,640,233.536,235.198,233.348,-0.1131
mixed,4,2,0.5,4.0,16,1024,512,2048,1280,238.431,244.895,239.234,0.1242
mixed,4,2,0.5,4.0,16,1024,1024,4096,2560,253.791,253.245,233.756,
mixed,4,2,0.5,4.0,16,1024,2048,8192,5120,252.003,264.96,242.428,-0.739
mixed,4,2,0.5,4.0,16,1024,4096,16384,10240,268.216,290.08,268.866,0.0297
mixed,4,2,0.5,4.0,16,2048,128,512,320,245.663,246.306,244.866,-1.2395
mixed,4,2,0.5,4.0,16,2048,256,1024,640,247.33,252.477,247.452,0.0237
mixed,4,2,0.5,4.0,16,2048,512,2048,1280,251.296,247.267,255.36,
mixed,4,2,0.5,4.0,16,2048,1024,4096,2560,252.385,254.369,252.769,0.1935
mixed,4,2,0.5,4.0,16,2048,2048,8192,5120,258.752,266.689,248.002,-1.3544
mixed,4,2,0.5,4.0,16,2048,4096,16384,10240,277.442,296.066,270.91,-0.3507
mixed,4,2,0.5,4.0,16,4096,128,512,320,259.103,263.424,258.147,-0.2212
mixed,4,2,0.5,4.0,16,4096,256,1024,640,262.013,263.102,262.337,0.2975
mixed,4,2,0.5,4.0,16,4096,512,2048,1280,264.833,261.151,265.728,
mixed,4,2,0.5,4.0,16,4096,1024,4096,2560,261.822,259.781,260.802,
mixed,4,2,0.5,4.0,16,4096,2048,8192,5120,263.008,273.539,266.367,0.319
mixed,4,2,0.5,4.0,16,4096,4096,16384,10240,273.984,305.57,273.311,-0.0213
mixed,4,2,0.5,4.0,16,8192,128,512,320,281.248,282.174,280.0,-1.3477
mixed,4,2,0.5,4.0,16,8192,256,1024,640,278.59,279.582,283.2,4.6472
mixed,4,2,0.5,4.0,16,8192,512,2048,1280,282.082,278.467,280.575,
mixed,4,2,0.5,4.0,16,8192,1024,4096,2560,280.256,277.76,281.086,
mixed,4,2,0.5,4.0,16,8192,2048,8192,5120,282.878,284.894,278.691,-2.0769
mixed,4,2,0.5,4.0,16,8192,4096,16384,10240,287.103,300.704,280.799,-0.4635
mixed,4,2,0.5,4.0,32,0,128,512,320,215.644,213.344,212.931,
mixed,4,2,0.5,4.0,32,0,256,1024,640,213.6,215.679,213.182,-0.2011
mixed,4,2,0.5,4.0,32,0,512,2048,1280,216.83,230.238,222.368,0.413
mixed,4,2,0.5,4.0,32,0,1024,4096,2560,231.683,242.625,234.399,0.2482
mixed,4,2,0.5,4.0,32,0,2048,8192,5120,245.251,264.896,256.348,0.5649
mixed,4,2,0.5,4.0,32,0,4096,16384,10240,279.875,312.256,298.559,0.577
mixed,4,2,0.5,4.0,32,512,128,512,320,235.968,236.513,234.974,-1.8239
mixed,4,2,0.5,4.0,32,512,256,1024,640,237.507,238.209,238.177,0.9544
mixed,4,2,0.5,4.0,32,512,512,2048,1280,245.147,235.968,232.255,
mixed,4,2,0.5,4.0,32,512,1024,4096,2560,237.825,243.266,236.224,-0.2942
mixed,4,2,0.5,4.0,32,512,2048,8192,5120,249.214,263.074,256.448,0.5219
mixed,4,2,0.5,4.0,32,512,4096,16384,10240,273.127,306.497,300.383,0.8168
mixed,4,2,0.5,4.0,32,1024,128,512,320,245.217,248.065,246.433,0.427
mixed,4,2,0.5,4.0,32,1024,256,1024,640,247.168,247.518,247.394,0.6457
mixed,4,2,0.5,4.0,32,1024,512,2048,1280,249.696,247.903,243.841,
mixed,4,2,0.5,4.0,32,1024,1024,4096,2560,253.443,246.27,239.098,
mixed,4,2,0.5,4.0,32,1024,2048,8192,5120,250.401,266.174,258.495,0.5132
mixed,4,2,0.5,4.0,32,1024,4096,16384,10240,274.143,309.118,302.016,0.7969
mixed,4,2,0.5,4.0,32,2048,128,512,320,260.77,259.648,259.775,
mixed,4,2,0.5,4.0,32,2048,256,1024,640,257.956,261.887,259.966,0.5113
mixed,4,2,0.5,4.0,32,2048,512,2048,1280,261.056,258.655,260.256,
mixed,4,2,0.5,4.0,32,2048,1024,4096,2560,260.197,261.183,251.804,-8.5122
mixed,4,2,0.5,4.0,32,2048,2048,8192,5120,254.659,268.062,260.066,0.4034
mixed,4,2,0.5,4.0,32,2048,4096,16384,10240,276.993,313.762,302.079,0.6823
mixed,4,2,0.5,4.0,32,4096,128,512,320,276.032,274.494,275.903,
mixed,4,2,0.5,4.0,32,4096,256,1024,640,272.864,274.625,274.239,0.7808
mixed,4,2,0.5,4.0,32,4096,512,2048,1280,271.968,272.321,271.646,-0.9122
mixed,4,2,0.5,4.0,32,4096,1024,4096,2560,272.295,274.084,273.475,0.6596
mixed,4,2,0.5,4.0,32,4096,2048,8192,5120,282.499,287.519,273.631,-1.7665
mixed,4,2,0.5,4.0,32,4096,4096,16384,10240,284.961,315.33,308.704,0.7818
mixed,4,2,0.5,4.0,32,8192,128,512,320,298.109,298.335,297.632,-2.1106
mixed,4,2,0.5,4.0,32,8192,256,1024,640,297.405,298.91,297.595,0.1262
mixed,4,2,0.5,4.0,32,8192,512,2048,1280,296.539,296.287,296.351,
mixed,4,2,0.5,4.0,32,8192,1024,4096,2560,295.167,300.224,297.153,0.3927
mixed,4,2,0.5,4.0,32,8192,2048,8192,5120,301.44,304.095,300.068,-0.5168
mixed,4,2,0.5,4.0,32,8192,4096,16384,10240,300.03,319.422,312.097,0.6223
mixed,4,2,0.5,4.0,64,0,128,512,320,224.702,218.086,218.718,
mixed,4,2,0.5,4.0,64,0,256,1024,640,220.45,224.636,224.288,0.9169
mixed,4,2,0.5,4.0,64,0,512,2048,1280,231.296,233.983,233.855,0.9524
mixed,4,2,0.5,4.0,64,0,1024,4096,2560,239.872,254.493,254.693,1.0137
mixed,4,2,0.5,4.0,64,0,2048,8192,5120,263.488,294.689,292.735,0.9374
mixed,4,2,0.5,4.0,64,0,4096,16384,10240,312.798,372.318,369.472,0.9522
mixed,4,2,0.5,4.0,64,512,128,512,320,253.477,254.176,253.724,0.3534
mixed,4,2,0.5,4.0,64,512,256,1024,640,251.713,247.773,249.086,
mixed,4,2,0.5,4.0,64,512,512,2048,1280,249.6,244.834,246.112,
mixed,4,2,0.5,4.0,64,512,1024,4096,2560,248.32,264.543,261.024,0.7831
mixed,4,2,0.5,4.0,64,512,2048,8192,5120,273.694,302.687,300.672,0.9305
mixed,4,2,0.5,4.0,64,512,4096,16384,10240,321.566,374.785,374.942,1.003
mixed,4,2,0.5,4.0,64,1024,128,512,320,262.589,262.017,262.271,
mixed,4,2,0.5,4.0,64,1024,256,1024,640,262.045,262.817,263.133,1.4093
mixed,4,2,0.5,4.0,64,1024,512,2048,1280,262.27,254.814,251.524,
mixed,4,2,0.5,4.0,64,1024,1024,4096,2560,254.211,267.743,266.275,0.8915
mixed,4,2,0.5,4.0,64,1024,2048,8192,5120,274.66,304.735,301.953,0.9075
mixed,4,2,0.5,4.0,64,1024,4096,16384,10240,324.223,376.736,378.239,1.0286
mixed,4,2,0.5,4.0,64,2048,128,512,320,275.104,276.163,274.272,-0.7856
mixed,4,2,0.5,4.0,64,2048,256,1024,640,274.558,274.689,274.141,-3.1832
mixed,4,2,0.5,4.0,64,2048,512,2048,1280,278.144,276.001,275.84,
mixed,4,2,0.5,4.0,64,2048,1024,4096,2560,274.945,267.906,266.785,
mixed,4,2,0.5,4.0,64,2048,2048,8192,5120,279.298,305.919,303.042,0.8919
mixed,4,2,0.5,4.0,64,2048,4096,16384,10240,326.244,381.985,378.117,0.9306
mixed,4,2,0.5,4.0,64,4096,128,512,320,301.346,299.618,300.863,
mixed,4,2,0.5,4.0,64,4096,256,1024,640,296.448,298.203,298.239,1.0205
mixed,4,2,0.5,4.0,64,4096,512,2048,1280,296.513,299.137,298.367,0.7066
mixed,4,2,0.5,4.0,64,4096,1024,4096,2560,299.679,301.026,300.831,0.8552
mixed,4,2,0.5,4.0,64,4096,2048,8192,5120,296.29,307.875,306.242,0.859
mixed,4,2,0.5,4.0,64,4096,4096,16384,10240,329.534,384.575,383.294,0.9767
mixed,4,2,0.5,4.0,64,8192,128,512,320,336.992,337.338,337.858,2.5029
mixed,4,2,0.5,4.0,64,8192,256,1024,640,339.294,336.927,336.124,
mixed,4,2,0.5,4.0,64,8192,512,2048,1280,348.094,341.12,338.846,
mixed,4,2,0.5,4.0,64,8192,1024,4096,2560,342.018,340.291,340.415,
mixed,4,2,0.5,4.0,64,8192,2048,8192,5120,343.713,354.947,339.968,-0.3334
mixed,4,2,0.5,4.0,64,8192,4096,16384,10240,346.081,388.99,384.417,0.8934
mixed,4,2,0.5,4.0,128,0,128,512,320,255.742,251.044,250.4,
mixed,4,2,0.5,4.0,128,0,256,1024,640,250.66,246.437,261.053,
mixed,4,2,0.5,4.0,128,0,512,2048,1280,249.666,265.792,263.17,0.8374
mixed,4,2,0.5,4.0,128,0,1024,4096,2560,274.495,302.979,305.314,1.082
mixed,4,2,0.5,4.0,128,0,2048,8192,5120,322.691,376.482,379.648,1.0589
mixed,4,2,0.5,4.0,128,0,4096,16384,10240,415.712,531.045,529.055,0.9827
mixed,4,2,0.5,4.0,128,512,128,512,320,281.408,281.984,282.052,1.1181
mixed,4,2,0.5,4.0,128,512,256,1024,640,275.422,272.13,273.604,
mixed,4,2,0.5,4.0,128,512,512,2048,1280,270.591,285.693,286.305,1.0405
mixed,4,2,0.5,4.0,128,512,1024,4096,2560,290.657,319.585,318.592,0.9657
mixed,4,2,0.5,4.0,128,512,2048,8192,5120,339.357,394.337,395.872,1.0279
mixed,4,2,0.5,4.0,128,512,4096,16384,10240,430.143,532.004,546.171,1.1391
mixed,4,2,0.5,4.0,128,1024,128,512,320,287.202,294.912,285.023,-0.2826
mixed,4,2,0.5,4.0,128,1024,256,1024,640,296.096,297.058,296.0,-0.0998
mixed,4,2,0.5,4.0,128,1024,512,2048,1280,294.656,284.835,285.345,
mixed,4,2,0.5,4.0,128,1024,1024,4096,2560,295.264,322.595,322.501,0.9966
mixed,4,2,0.5,4.0,128,1024,2048,8192,5120,341.923,393.634,398.499,1.0941
mixed,4,2,0.5,4.0,128,1024,4096,16384,10240,428.988,545.603,546.623,1.0087
mixed,4,2,0.5,4.0,128,2048,128,512,320,313.379,313.057,312.132,
mixed,4,2,0.5,4.0,128,2048,256,1024,640,311.586,336.543,315.196,0.1446
mixed,4,2,0.5,4.0,128,2048,512,2048,1280,326.465,346.691,332.512,0.299
mixed,4,2,0.5,4.0,128,2048,1024,4096,2560,349.76,322.275,376.32,
mixed,4,2,0.5,4.0,128,2048,2048,8192,5120,340.928,400.193,398.142,0.9654
mixed,4,2,0.5,4.0,128,2048,4096,16384,10240,438.849,545.888,552.638,1.0631
mixed,4,2,0.5,4.0,128,4096,128,512,320,352.929,353.121,352.034,-4.6615
mixed,4,2,0.5,4.0,128,4096,256,1024,640,349.502,353.059,352.063,0.72
mixed,4,2,0.5,4.0,128,4096,512,2048,1280,359.873,417.507,373.251,0.2321
mixed,4,2,0.5,4.0,128,4096,1024,4096,2560,399.685,417.118,414.465,0.8478
mixed,4,2,0.5,4.0,128,4096,2048,8192,5120,437.759,401.791,495.36,
mixed,4,2,0.5,4.0,128,4096,4096,16384,10240,440.577,551.744,555.394,1.0328
mixed,4,2,0.5,4.0,128,8192,128,512,320,425.158,425.188,424.928,-7.6667
mixed,4,2,0.5,4.0,128,8192,256,1024,640,427.935,426.43,426.462,
mixed,4,2,0.5,4.0,128,8192,512,2048,1280,428.606,425.245,425.79,
mixed,4,2,0.5,4.0,128,8192,1024,4096,2560,460.705,572.894,490.018,0.2613
mixed,4,2,0.5,4.0,128,8192,2048,8192,5120,541.442,578.143,571.551,0.8204
mixed,4,2,0.5,4.0,128,8192,4096,16384,10240,617.409,557.182,731.871,
mixed,4,2,0.5,4.0,256,0,128,512,320,333.41,335.619,331.521,-0.8551
mixed,4,2,0.5,4.0,256,0,256,1024,640,340.031,352.737,359.553,1.5364
mixed,4,2,0.5,4.0,256,0,512,2048,1280,364.321,353.471,387.263,
mixed,4,2,0.5,4.0,256,0,1024,4096,2560,373.247,427.422,434.497,1.1306
mixed,4,2,0.5,4.0,256,0,2048,8192,5120,474.079,587.613,583.01,0.9595
mixed,4,2,0.5,4.0,256,0,4096,16384,10240,663.267,887.493,893.987,1.029
mixed,4,2,0.5,4.0,256,512,128,512,320,361.31,381.058,357.73,-0.1813
mixed,4,2,0.5,4.0,256,512,256,1024,640,384.515,396.064,380.642,-0.3354
mixed,4,2,0.5,4.0,256,512,512,2048,1280,416.001,438.753,392.958,-1.0128
mixed,4,2,0.5,4.0,256,512,1024,4096,2560,460.226,512.992,467.393,0.1358
mixed,4,2,0.5,4.0,256,512,2048,8192,5120,549.762,665.694,623.806,0.6387
mixed,4,2,0.5,4.0,256,512,4096,16384,10240,655.358,898.079,892.318,0.9763
mixed,4,2,0.5,4.0,256,1024,128,512,320,387.202,386.625,377.698,
mixed,4,2,0.5,4.0,256,1024,256,1024,640,374.181,421.246,395.812,0.4596
mixed,4,2,0.5,4.0,256,1024,512,2048,1280,433.982,461.638,412.48,-0.7775
mixed,4,2,0.5,4.0,256,1024,1024,4096,2560,482.335,532.932,473.312,-0.1783
mixed,4,2,0.5,4.0,256,1024,2048,8192,5120,575.745,686.529,620.192,0.4012
mixed,4,2,0.5,4.0,256,1024,4096,16384,10240,764.413,897.121,931.681,1.2604
mixed,4,2,0.5,4.0,256,2048,128,512,320,420.447,416.77,420.898,
mixed,4,2,0.5,4.0,256,2048,256,1024,640,421.186,420.897,419.614,
mixed,4,2,0.5,4.0,256,2048,512,2048,1280,425.152,501.314,458.781,0.4415
mixed,4,2,0.5,4.0,256,2048,1024,4096,2560,521.506,578.304,495.201,-0.4631
mixed,4,2,0.5,4.0,256,2048,2048,8192,5120,611.875,729.662,621.537,0.082
mixed,4,2,0.5,4.0,256,2048,4096,16384,10240,814.786,1027.458,929.44,0.5391
mixed,4,2,0.5,4.0,256,4096,128,512,320,494.049,492.8,495.843,
mixed,4,2,0.5,4.0,256,4096,256,1024,640,498.304,492.865,493.854,
mixed,4,2,0.5,4.0,256,4096,512,2048,1280,491.135,490.979,492.006,
mixed,4,2,0.5,4.0,256,4096,1024,4096,2560,530.239,652.866,579.519,0.4019
mixed,4,2,0.5,4.0,256,4096,2048,8192,5120,697.758,805.342,649.664,-0.447
mixed,4,2,0.5,4.0,256,4096,4096,16384,10240,880.864,1121.025,924.835,0.1831
mixed,4,2,0.5,4.0,256,8192,128,512,320,646.339,650.623,649.441,0.7241
mixed,4,2,0.5,4.0,256,8192,256,1024,640,651.844,655.682,646.594,-1.3679
mixed,4,2,0.5,4.0,256,8192,512,2048,1280,646.401,652.925,650.689,0.6573
mixed,4,2,0.5,4.0,256,8192,1024,4096,2560,651.964,654.498,652.513,0.2167
mixed,4,2,0.5,4.0,256,8192,2048,8192,5120,733.473,960.738,809.056,0.3326
mixed,4,2,0.5,4.0,256,8192,4096,16384,10240,1043.872,1267.361,958.399,-0.3824
mixed,4,2,0.5,4.0,512,0,128,512,320,368.898,366.272,369.825,
mixed,4,2,0.5,4.0,512,0,256,1024,640,380.931,402.657,407.522,1.2239
mixed,4,2,0.5,4.0,512,0,512,2048,1280,425.151,480.831,482.945,1.038
mixed,4,2,0.5,4.0,512,0,1024,4096,2560,522.916,633.569,634.752,1.0107
mixed,4,2,0.5,4.0,512,0,2048,8192,5120,707.999,939.264,936.766,0.9892
mixed,4,2,0.5,4.0,512,0,4096,16384,10240,1092.703,1546.433,1551.455,1.0111
mixed,4,2,0.5,4.0,512,512,128,512,320,403.813,403.908,403.52,-3.0842
mixed,4,2,0.5,4.0,512,512,256,1024,640,403.934,408.16,407.425,0.8261
mixed,4,2,0.5,4.0,512,512,512,2048,1280,429.121,483.133,480.577,0.9527
mixed,4,2,0.5,4.0,512,512,1024,4096,2560,520.675,631.809,637.38,1.0501
mixed,4,2,0.5,4.0,512,512,2048,8192,5120,706.781,939.782,934.757,0.9784
mixed,4,2,0.5,4.0,512,512,4096,16384,10240,1092.993,1548.288,1543.714,0.99
mixed,4,2,0.5,4.0,512,1024,128,512,320,441.498,444.963,442.624,0.325
mixed,4,2,0.5,4.0,512,1024,256,1024,640,441.664,445.345,447.551,1.5993
mixed,4,2,0.5,4.0,512,1024,512,2048,1280,444.9,482.143,485.665,1.0946
mixed,4,2,0.5,4.0,512,1024,1024,4096,2560,525.855,635.585,635.81,1.0021
mixed,4,2,0.5,4.0,512,1024,2048,8192,5120,714.657,941.986,937.795,0.9816
mixed,4,2,0.5,4.0,512,1024,4096,16384,10240,1094.308,1552.926,1548.992,0.9914
mixed,4,2,0.5,4.0,512,2048,128,512,320,523.741,518.046,523.201,
mixed,4,2,0.5,4.0,512,2048,256,1024,640,520.74,524.292,522.499,0.4952
mixed,4,2,0.5,4.0,512,2048,512,2048,1280,526.659,520.094,524.098,
mixed,4,2,0.5,4.0,512,2048,1024,4096,2560,524.832,640.482,636.865,0.9687
mixed,4,2,0.5,4.0,512,2048,2048,8192,5120,714.212,942.882,947.264,1.0192
mixed,4,2,0.5,4.0,512,2048,4096,16384,10240,1100.961,1553.447,1553.636,1.0004
mixed,4,2,0.5,4.0,512,4096,128,512,320,684.897,680.959,683.325,
mixed,4,2,0.5,4.0,512,4096,256,1024,640,680.639,678.815,679.778,
mixed,4,2,0.5,4.0,512,4096,512,2048,1280,678.821,686.754,683.424,0.5802
mixed,4,2,0.5,4.0,512,4096,1024,4096,2560,690.498,685.466,681.504,
mixed,4,2,0.5,4.0,512,4096,2048,8192,5120,724.128,949.954,947.421,0.9888
mixed,4,2,0.5,4.0,512,4096,4096,16384,10240,1103.173,1568.003,1564.445,0.9923
mixed,4,2,0.5,4.0,512,8192,128,512,320,985.313,980.23,979.68,
mixed,4,2,0.5,4.0,512,8192,256,1024,640,985.76,974.688,985.858,
mixed,4,2,0.5,4.0,512,8192,512,2048,1280,977.699,976.158,982.884,
mixed,4,2,0.5,4.0,512,8192,1024,4096,2560,978.563,981.501,976.642,-0.6538
mixed,4,2,0.5,4.0,512,8192,2048,8192,5120,976.161,977.406,978.529,1.902
mixed,4,2,0.5,4.0,512,8192,4096,16384,10240,1100.867,1554.401,1558.336,1.0087
mixed,4,2,0.5,4.0,1024,0,128,512,320,576.737,565.246,570.787,
mixed,4,2,0.5,4.0,1024,0,256,1024,640,572.226,581.375,575.069,0.3107
mixed,4,2,0.5,4.0,1024,0,512,2048,1280,581.346,588.641,581.797,0.0618
mixed,4,2,0.5,4.0,1024,0,1024,4096,2560,588.575,601.566,594.208,0.4336
mixed,4,2,0.5,4.0,1024,0,2048,8192,5120,606.561,624.447,610.178,0.2022
mixed,4,2,0.5,4.0,1024,0,4096,16384,10240,638.21,664.645,642.272,0.1537
mixed,4,2,0.5,4.0,1024,512,128,512,320,678.05,688.289,683.07,0.4903
mixed,4,2,0.5,4.0,1024,512,256,1024,640,684.095,682.271,680.289,
mixed,4,2,0.5,4.0,1024,512,512,2048,1280,694.721,694.98,691.523,-12.3475
mixed,4,2,0.5,4.0,1024,512,1024,4096,2560,694.821,705.508,709.611,1.3839
mixed,4,2,0.5,4.0,1024,512,2048,8192,5120,721.151,731.455,719.905,-0.1209
mixed,4,2,0.5,4.0,1024,512,4096,16384,10240,744.32,771.163,752.578,0.3076
mixed,4,2,0.5,4.0,1024,1024,128,512,320,719.33,724.577,718.115,-0.2316
mixed,4,2,0.5,4.0,1024,1024,256,1024,640,725.057,725.254,725.758,3.5584
mixed,4,2,0.5,4.0,1024,1024,512,2048,1280,730.783,737.343,739.357,1.307
mixed,4,2,0.5,4.0,1024,1024,1024,4096,2560,736.512,747.103,745.085,0.8095
mixed,4,2,0.5,4.0,1024,1024,2048,8192,5120,757.567,775.042,760.456,0.1653
mixed,4,2,0.5,4.0,1024,1024,4096,16384,10240,789.854,817.859,794.878,0.1794
mixed,4,2,0.5,4.0,1024,2048,128,512,320,797.569,797.851,800.611,10.7872
mixed,4,2,0.5,4.0,1024,2048,256,1024,640,804.511,811.519,809.887,0.7671
mixed,4,2,0.5,4.0,1024,2048,512,2048,1280,810.916,820.224,809.059,-0.1995
mixed,4,2,0.5,4.0,1024,2048,1024,4096,2560,822.271,831.582,830.625,0.8972
mixed,4,2,0.5,4.0,1024,2048,2048,8192,5120,841.28,856.672,843.939,0.1728
mixed,4,2,0.5,4.0,1024,2048,4096,16384,10240,861.567,902.177,867.136,0.1371
mixed,4,2,0.5,4.0,1024,4096,128,512,320,968.834,964.895,969.602,
mixed,4,2,0.5,4.0,1024,4096,256,1024,640,963.043,973.086,969.922,0.685
mixed,4,2,0.5,4.0,1024,4096,512,2048,1280,980.033,980.959,975.078,-5.351
mixed,4,2,0.5,4.0,1024,4096,1024,4096,2560,988.736,995.87,989.697,0.1347
mixed,4,2,0.5,4.0,1024,4096,2048,8192,5120,1004.573,1023.36,1004.126,-0.0238
mixed,4,2,0.5,4.0,1024,4096,4096,16384,10240,1032.478,1065.218,1038.628,0.1878
mixed,4,2,0.5,4.0,1024,8192,128,512,320,1295.302,1292.641,1298.243,
mixed,4,2,0.5,4.0,1024,8192,256,1024,640,1298.168,1300.518,1296.641,-0.6498
mixed,4,2,0.5,4.0,1024,8192,512,2048,1280,1302.854,1311.395,1304.769,0.2242
mixed,4,2,0.5,4.0,1024,8192,1024,4096,2560,1317.409,1322.022,1314.435,-0.6447
mixed,4,2,0.5,4.0,1024,8192,2048,8192,5120,1327.326,1338.657,1323.807,-0.3106
mixed,4,2,0.5,4.0,1024,8192,4096,16384,10240,1356.002,1385.217,1364.833,0.3023
mixed,4,2,0.5,4.0,2048,0,128,512,320,907.46,910.563,908.83,0.4415
mixed,4,2,0.5,4.0,2048,0,256,1024,640,913.728,916.996,912.777,-0.291
mixed,4,2,0.5,4.0,2048,0,512,2048,1280,916.065,926.719,917.888,0.1711
mixed,4,2,0.5,4.0,2048,0,1024,4096,2560,930.688,934.722,936.416,1.4199
mixed,4,2,0.5,4.0,2048,0,2048,8192,5120,950.496,962.716,951.713,0.0996
mixed,4,2,0.5,4.0,2048,0,4096,16384,10240,976.065,1004.095,985.182,0.3253
mixed,4,2,0.5,4.0,2048,512,128,512,320,1053.025,1056.004,1053.057,0.0107
mixed,4,2,0.5,4.0,2048,512,256,1024,640,1057.601,1061.826,1057.412,-0.0447
mixed,4,2,0.5,4.0,2048,512,512,2048,1280,1057.181,1079.039,1065.661,0.388
mixed,4,2,0.5,4.0,2048,512,1024,4096,2560,1076.063,1084.64,1073.893,-0.253
mixed,4,2,0.5,4.0,2048,512,2048,8192,5120,1092.228,1112.319,1095.776,0.1766
mixed,4,2,0.5,4.0,2048,512,4096,16384,10240,1116.897,1161.853,1126.239,0.2078
mixed,4,2,0.5,4.0,2048,1024,128,512,320,1118.336,1105.222,1108.417,
mixed,4,2,0.5,4.0,2048,1024,256,1024,640,1112.638,1122.915,1116.066,0.3336
mixed,4,2,0.5,4.0,2048,1024,512,2048,1280,1133.506,1129.922,1118.849,
mixed,4,2,0.5,4.0,2048,1024,1024,4096,2560,1137.503,1145.284,1129.924,-0.974
mixed,4,2,0.5,4.0,2048,1024,2048,8192,5120,1153.058,1164.066,1155.679,0.2381
mixed,4,2,0.5,4.0,2048,1024,4096,16384,10240,1179.746,1209.599,1181.828,0.0697
mixed,4,2,0.5,4.0,2048,2048,128,512,320,1227.43,1232.64,1228.381,0.1825
mixed,4,2,0.5,4.0,2048,2048,256,1024,640,1234.27,1227.324,1237.477,
mixed,4,2,0.5,4.0,2048,2048,512,2048,1280,1236.575,1240.667,1234.66,-0.468
mixed,4,2,0.5,4.0,2048,2048,1024,4096,2560,1242.784,1258.785,1247.555,0.2982
mixed,4,2,0.5,4.0,2048,2048,2048,8192,5120,1259.615,1285.992,1266.913,0.2767
mixed,4,2,0.5,4.0,2048,2048,4096,16384,10240,1293.093,1321.499,1295.868,0.0977
mixed,4,2,0.5,4.0,2048,4096,128,512,320,1479.011,1477.093,1472.964,
mixed,4,2,0.5,4.0,2048,4096,256,1024,640,1480.1,1480.74,1472.55,-11.7969
mixed,4,2,0.5,4.0,2048,4096,512,2048,1280,1484.285,1499.044,1484.74,0.0308
mixed,4,2,0.5,4.0,2048,4096,1024,4096,2560,1490.56,1500.168,1489.253,-0.136
mixed,4,2,0.5,4.0,2048,4096,2048,8192,5120,1512.837,1526.017,1521.277,0.6404
mixed,4,2,0.5,4.0,2048,4096,4096,16384,10240,1546.142,1572.296,1552.483,0.2424
mixed,4,2,0.5,4.0,2048,8192,128,512,320,1929.534,1944.35,1932.383,0.1923
mixed,4,2,0.5,4.0,2048,8192,256,1024,640,1946.533,1943.586,1938.369,
mixed,4,2,0.5,4.0,2048,8192,512,2048,1280,1946.66,1962.053,1949.986,0.2161
mixed,4,2,0.5,4.0,2048,8192,1024,4096,2560,1960.519,1968.862,1963.552,0.3635
mixed,4,2,0.5,4.0,2048,8192,2048,8192,5120,1959.808,1986.37,1970.598,0.4062
mixed,4,2,0.5,4.0,2048,8192,4096,16384,10240,2004.612,2026.338,2003.461,-0.053
pure,4,3,0.75,4.0,0,0,128,512,416,193.344,192.093,189.922,
pure,4,3,0.75,4.0,0,0,256,1024,832,191.873,196.321,194.112,0.5034
pure,4,3,0.75,4.0,0,0,512,2048,1664,195.872,201.888,200.161,0.7129
pure,4,3,0.75,4.0,0,0,1024,4096,3328,210.272,209.058,211.714,
pure,4,3,0.75,4.0,0,0,2048,8192,6656,223.519,227.997,226.145,0.5864
pure,4,3,0.75,4.0,0,0,4096,16384,13312,254.627,268.255,256.349,0.1264
mixed,4,3,0.75,4.0,16,0,128,512,416,208.354,211.17,208.418,0.0227
mixed,4,3,0.75,4.0,16,0,256,1024,832,220.644,210.976,211.139,
mixed,4,3,0.75,4.0,16,0,512,2048,1664,216.033,218.527,216.257,0.0898
mixed,4,3,0.75,4.0,16,0,1024,4096,3328,233.311,235.361,227.618,-2.7771
mixed,4,3,0.75,4.0,16,0,2048,8192,6656,245.246,250.334,242.944,-0.4524
mixed,4,3,0.75,4.0,16,0,4096,16384,13312,277.506,292.994,279.523,0.1302
mixed,4,3,0.75,4.0,16,512,128,512,416,227.232,227.741,225.41,-3.5796
mixed,4,3,0.75,4.0,16,512,256,1024,832,224.191,223.139,223.68,
mixed,4,3,0.75,4.0,16,512,512,2048,1664,233.28,244.481,233.375,0.0085
mixed,4,3,0.75,4.0,16,512,1024,4096,3328,247.36,253.311,249.412,0.3448
mixed,4,3,0.75,4.0,16,512,2048,8192,6656,256.095,260.481,245.473,-2.4218
mixed,4,3,0.75,4.0,16,512,4096,16384,13312,278.079,290.977,280.418,0.1813
mixed,4,3,0.75,4.0,16,1024,128,512,416,231.171,234.979,233.569,0.6297
mixed,4,3,0.75,4.0,16,1024,256,1024,832,235.363,234.533,234.817,
mixed,4,3,0.75,4.0,16,1024,512,2048,1664,241.697,246.271,241.119,-0.1264
mixed,4,3,0.75,4.0,16,1024,1024,4096,3328,247.074,252.802,245.184,-0.33
mixed,4,3,0.75,4.0,16,1024,2048,8192,6656,260.927,273.666,263.969,0.2388
mixed,4,3,0.75,4.0,16,1024,4096,16384,13312,275.619,293.792,280.702,0.2797
mixed,4,3,0.75,4.0,16,2048,128,512,416,244.576,244.702,246.621,16.2302
mixed,4,3,0.75,4.0,16,2048,256,1024,832,249.76,250.239,249.248,-1.0689
mixed,4,3,0.75,4.0,16,2048,512,2048,1664,252.836,247.167,253.569,
mixed,4,3,0.75,4.0,16,2048,1024,4096,3328,256.929,252.281,254.016,
mixed,4,3,0.75,4.0,16,2048,2048,8192,6656,266.466,265.982,267.199,
mixed,4,3,0.75,4.0,16,2048,4096,16384,13312,286.878,294.88,288.928,0.2562
mixed,4,3,0.75,4.0,16,4096,128,512,416,261.02,264.094,260.198,-0.2674
mixed,4,3,0.75,4.0,16,4096,256,1024,832,265.024,265.155,263.935,-8.313
mixed,4,3,0.75,4.0,16,4096,512,2048,1664,256.864,259.524,257.345,0.1808
mixed,4,3,0.75,4.0,16,4096,1024,4096,3328,261.762,264.641,261.664,-0.034
mixed,4,3,0.75,4.0,16,4096,2048,8192,6656,263.36,275.613,267.519,0.3394
mixed,4,3,0.75,4.0,16,4096,4096,16384,13312,298.239,302.4,290.625,-1.8298
mixed,4,3,0.75,4.0,16,8192,128,512,416,277.921,280.834,279.617,0.5822
mixed,4,3,0.75,4.0,16,8192,256,1024,832,280.991,280.417,278.914,
mixed,4,3,0.75,4.0,16,8192,512,2048,1664,278.851,277.376,276.735,
mixed,4,3,0.75,4.0,16,8192,1024,4096,3328,278.688,279.044,276.48,-6.2022
mixed,4,3,0.75,4.0,16,8192,2048,8192,6656,282.048,284.929,286.241,1.4554
mixed,4,3,0.75,4.0,16,8192,4096,16384,13312,290.946,302.752,297.503,0.5554
mixed,4,3,0.75,4.0,32,0,128,512,416,211.775,213.151,213.887,1.5349
mixed,4,3,0.75,4.0,32,0,256,1024,832,221.76,216.093,215.262,
mixed,4,3,0.75,4.0,32,0,512,2048,1664,226.112,227.808,223.394,-1.6026
mixed,4,3,0.75,4.0,32,0,1024,4096,3328,233.918,243.938,234.338,0.0419
mixed,4,3,0.75,4.0,32,0,2048,8192,6656,252.162,264.55,259.428,0.5865
mixed,4,3,0.75,4.0,32,0,4096,16384,13312,288.355,306.37,302.879,0.8062
mixed,4,3,0.75,4.0,32,512,128,512,416,235.771,238.019,233.987,-0.7936
mixed,4,3,0.75,4.0,32,512,256,1024,832,239.263,237.538,239.04,
mixed,4,3,0.75,4.0,32,512,512,2048,1664,246.528,236.189,235.872,
mixed,4,3,0.75,4.0,32,512,1024,4096,3328,242.211,242.72,238.626,-7.0432
mixed,4,3,0.75,4.0,32,512,2048,8192,6656,251.808,262.24,258.782,0.6685
mixed,4,3,0.75,4.0,32,512,4096,16384,13312,288.064,306.08,306.145,1.0036
mixed,4,3,0.75,4.0,32,1024,128,512,416,246.622,246.946,245.701,-2.8426
mixed,4,3,0.75,4.0,32,1024,256,1024,832,250.242,248.354,247.489,
mixed,4,3,0.75,4.0,32,1024,512,2048,1664,246.719,248.097,247.072,0.2562
mixed,4,3,0.75,4.0,32,1024,1024,4096,3328,244.797,244.768,243.938,
mixed,4,3,0.75,4.0,32,1024,2048,8192,6656,252.194,267.102,262.463,0.6888
mixed,4,3,0.75,4.0,32,1024,4096,16384,13312,288.061,308.928,304.544,0.7899
mixed,4,3,0.75,4.0,32,2048,128,512,416,259.236,259.681,260.385,2.582
mixed,4,3,0.75,4.0,32,2048,256,1024,832,260.097,260.257,258.656,-9.0063
mixed,4,3,0.75,4.0,32,2048,512,2048,1664,257.025,258.209,255.84,-1.0008
mixed,4,3,0.75,4.0,32,2048,1024,4096,3328,259.615,260.22,255.679,-6.5058
mixed,4,3,0.75,4.0,32,2048,2048,8192,6656,259.744,266.463,263.708,0.59
mixed,4,3,0.75,4.0,32,2048,4096,16384,13312,292.034,310.338,308.539,0.9017
mixed,4,3,0.75,4.0,32,4096,128,512,416,276.157,277.761,274.689,-0.9152
mixed,4,3,0.75,4.0,32,4096,256,1024,832,274.979,273.504,273.025,
mixed,4,3,0.75,4.0,32,4096,512,2048,1664,273.28,271.362,271.683,
mixed,4,3,0.75,4.0,32,4096,1024,4096,3328,273.152,274.687,274.56,0.9173
mixed,4,3,0.75,4.0,32,4096,2048,8192,6656,285.153,287.901,273.601,-4.2038
mixed,4,3,0.75,4.0,32,4096,4096,16384,13312,296.672,312.67,308.928,0.7661
mixed,4,3,0.75,4.0,32,8192,128,512,416,294.654,297.242,297.184,0.9776
mixed,4,3,0.75,4.0,32,8192,256,1024,832,296.389,296.031,295.04,
mixed,4,3,0.75,4.0,32,8192,512,2048,1664,300.353,295.488,294.942,
mixed,4,3,0.75,4.0,32,8192,1024,4096,3328,297.856,298.629,297.761,-0.1229
mixed,4,3,0.75,4.0,32,8192,2048,8192,6656,303.648,304.349,302.91,-1.0528
mixed,4,3,0.75,4.0,32,8192,4096,16384,13312,312.318,319.169,315.199,0.4205
mixed,4,3,0.75,4.0,64,0,128,512,416,218.464,218.113,217.312,
mixed,4,3,0.75,4.0,64,0,256,1024,832,228.288,223.359,224.703,
mixed,4,3,0.75,4.0,64,0,512,2048,1664,228.895,233.28,233.599,1.0727
mixed,4,3,0.75,4.0,64,0,1024,4096,3328,245.152,255.133,253.666,0.853
mixed,4,3,0.75,4.0,64,0,2048,8192,6656,278.34,293.725,293.185,0.9649
mixed,4,3,0.75,4.0,64,0,4096,16384,13312,342.589,371.135,369.599,0.9462
mixed,4,3,0.75,4.0,64,512,128,512,416,252.926,253.727,253.021,0.1186
mixed,4,3,0.75,4.0,64,512,256,1024,832,253.505,248.767,248.929,
mixed,4,3,0.75,4.0,64,512,512,2048,1664,248.002,244.542,243.041,
mixed,4,3,0.75,4.0,64,512,1024,4096,3328,253.053,265.376,262.716,0.7841
mixed,4,3,0.75,4.0,64,512,2048,8192,6656,288.38,300.609,300.19,0.9657
mixed,4,3,0.75,4.0,64,512,4096,16384,13312,347.651,376.867,373.343,0.8794
mixed,4,3,0.75,4.0,64,1024,128,512,416,261.088,262.401,261.953,0.6588
mixed,4,3,0.75,4.0,64,1024,256,1024,832,264.608,262.621,264.291,
mixed,4,3,0.75,4.0,64,1024,512,2048,1664,260.638,254.847,255.166,
mixed,4,3,0.75,4.0,64,1024,1024,4096,3328,255.681,267.93,264.004,0.6795
mixed,4,3,0.75,4.0,64,1024,2048,8192,6656,288.576,303.746,302.213,0.8989
mixed,4,3,0.75,4.0,64,1024,4096,16384,13312,351.998,378.915,377.248,0.9381
mixed,4,3,0.75,4.0,64,2048,128,512,416,273.599,274.302,274.366,1.091
mixed,4,3,0.75,4.0,64,2048,256,1024,832,273.857,274.91,273.697,-0.1519
mixed,4,3,0.75,4.0,64,2048,512,2048,1664,275.808,275.648,275.841,
mixed,4,3,0.75,4.0,64,2048,1024,4096,3328,276.224,266.721,266.466,
mixed,4,3,0.75,4.0,64,2048,2048,8192,6656,293.727,306.339,304.703,0.8703
mixed,4,3,0.75,4.0,64,2048,4096,16384,13312,352.547,379.777,374.496,0.8061
mixed,4,3,0.75,4.0,64,4096,128,512,416,298.368,300.291,299.937,0.8159
mixed,4,3,0.75,4.0,64,4096,256,1024,832,297.118,297.632,297.378,0.5058
mixed,4,3,0.75,4.0,64,4096,512,2048,1664,298.21,296.545,297.219,
mixed,4,3,0.75,4.0,64,4096,1024,4096,3328,300.285,301.539,300.225,-0.0478
mixed,4,3,0.75,4.0,64,4096,2048,8192,6656,304.284,309.151,306.27,0.4081
mixed,4,3,0.75,4.0,64,4096,4096,16384,13312,361.215,387.651,384.896,0.8958
mixed,4,3,0.75,4.0,64,8192,128,512,416,337.792,336.126,338.973,
mixed,4,3,0.75,4.0,64,8192,256,1024,832,335.907,336.032,337.153,9.968
mixed,4,3,0.75,4.0,64,8192,512,2048,1664,338.016,341.855,339.844,0.4762
mixed,4,3,0.75,4.0,64,8192,1024,4096,3328,341.089,340.96,340.995,
mixed,4,3,0.75,4.0,64,8192,2048,8192,6656,331.904,351.614,403.838,3.6496
mixed,4,3,0.75,4.0,64,8192,4096,16384,13312,361.057,387.17,385.823,0.9484
mixed,4,3,0.75,4.0,128,0,128,512,416,254.785,251.873,251.393,
mixed,4,3,0.75,4.0,128,0,256,1024,832,256.064,246.785,260.256,
mixed,4,3,0.75,4.0,128,0,512,2048,1664,255.453,264.831,267.455,1.2798
mixed,4,3,0.75,4.0,128,0,1024,4096,3328,287.999,302.337,303.457,1.0781
mixed,4,3,0.75,4.0,128,0,2048,8192,6656,350.657,376.48,378.395,1.0742
mixed,4,3,0.75,4.0,128,0,4096,16384,13312,472.159,530.144,529.025,0.9807
mixed,4,3,0.75,4.0,128,512,128,512,416,281.374,282.079,279.873,-2.1291
mixed,4,3,0.75,4.0,128,512,256,1024,832,274.366,268.834,269.569,
mixed,4,3,0.75,4.0,128,512,512,2048,1664,275.553,285.83,284.099,0.8316
mixed,4,3,0.75,4.0,128,512,1024,4096,3328,304.446,317.089,317.696,1.048
mixed,4,3,0.75,4.0,128,512,2048,8192,6656,364.574,393.983,391.778,0.925
mixed,4,3,0.75,4.0,128,512,4096,16384,13312,473.408,529.379,528.098,0.9771
mixed,4,3,0.75,4.0,128,1024,128,512,416,293.953,293.567,294.849,
mixed,4,3,0.75,4.0,128,1024,256,1024,832,294.083,296.736,296.194,0.7957
mixed,4,3,0.75,4.0,128,1024,512,2048,1664,292.706,284.387,283.327,
mixed,4,3,0.75,4.0,128,1024,1024,4096,3328,308.574,321.764,322.434,1.0508
mixed,4,3,0.75,4.0,128,1024,2048,8192,6656,365.6,393.058,394.207,1.0418
mixed,4,3,0.75,4.0,128,1024,4096,16384,13312,487.968,543.424,543.682,1.0047
mixed,4,3,0.75,4.0,128,2048,128,512,416,311.934,311.355,313.917,
mixed,4,3,0.75,4.0,128,2048,256,1024,832,326.881,336.481,335.296,0.8766
mixed,4,3,0.75,4.0,128,2048,512,2048,1664,335.806,347.553,334.564,-0.1057
mixed,4,3,0.75,4.0,128,2048,1024,4096,3328,361.86,321.216,376.03,
mixed,4,3,0.75,4.0,128,2048,2048,8192,6656,371.614,399.648,399.935,1.0102
mixed,4,3,0.75,4.0,128,2048,4096,16384,13312,488.001,544.671,544.961,1.0051
mixed,4,3,0.75,4.0,128,4096,128,512,416,350.366,351.106,351.328,1.3
mixed,4,3,0.75,4.0,128,4096,256,1024,832,348.742,351.679,350.3,0.5305
mixed,4,3,0.75,4.0,128,4096,512,2048,1664,391.715,413.31,416.738,1.1587
mixed,4,3,0.75,4.0,128,4096,1024,4096,3328,424.002,415.682,417.056,
mixed,4,3,0.75,4.0,128,4096,2048,8192,6656,369.059,400.893,398.623,0.9287
mixed,4,3,0.75,4.0,128,4096,4096,16384,13312,498.145,551.649,552.708,1.0198
mixed,4,3,0.75,4.0,128,8192,128,512,416,427.3,426.401,427.581,
mixed,4,3,0.75,4.0,128,8192,256,1024,832,429.054,427.265,427.01,
mixed,4,3,0.75,4.0,128,8192,512,2048,1664,429.186,425.537,427.903,
mixed,4,3,0.75,4.0,128,8192,1024,4096,3328,519.01,570.56,572.574,1.0391
mixed,4,3,0.75,4.0,128,8192,2048,8192,6656,584.867,573.154,575.202,
mixed,4,3,0.75,4.0,128,8192,4096,16384,13312,669.438,554.372,726.818,
mixed,4,3,0.75,4.0,256,0,128,512,416,328.067,327.712,332.291,
mixed,4,3,0.75,4.0,256,0,256,1024,832,336.16,354.305,350.464,0.7883
mixed,4,3,0.75,4.0,256,0,512,2048,1664,342.558,352.994,358.688,1.5456
mixed,4,3,0.75,4.0,256,0,1024,4096,3328,404.261,426.752,435.392,1.3842
mixed,4,3,0.75,4.0,256,0,2048,8192,6656,534.244,588.221,589.925,1.0316
mixed,4,3,0.75,4.0,256,0,4096,16384,13312,773.279,896.608,888.544,0.9346
mixed,4,3,0.75,4.0,256,512,128,512,416,365.378,378.974,374.339,0.6591
mixed,4,3,0.75,4.0,256,512,256,1024,832,385.535,396.993,400.993,1.3491
mixed,4,3,0.75,4.0,256,512,512,2048,1664,424.959,441.667,437.154,0.7299
mixed,4,3,0.75,4.0,256,512,1024,4096,3328,489.825,509.699,511.489,1.0901
mixed,4,3,0.75,4.0,256,512,2048,8192,6656,608.832,665.537,666.945,1.0248
mixed,4,3,0.75,4.0,256,512,4096,16384,13312,771.778,888.48,883.681,0.9589
mixed,4,3,0.75,4.0,256,1024,128,512,416,377.437,379.648,379.808,1.0724
mixed,4,3,0.75,4.0,256,1024,256,1024,832,400.289,416.063,409.216,0.5659
mixed,4,3,0.75,4.0,256,1024,512,2048,1664,446.88,453.859,457.76,1.559
mixed,4,3,0.75,4.0,256,1024,1024,4096,3328,506.373,534.339,535.426,1.0389
mixed,4,3,0.75,4.0,256,1024,2048,8192,6656,633.825,685.793,684.32,0.9717
mixed,4,3,0.75,4.0,256,1024,4096,16384,13312,884.191,900.322,998.526,7.0879
mixed,4,3,0.75,4.0,256,2048,128,512,416,420.576,415.359,415.328,
mixed,4,3,0.75,4.0,256,2048,256,1024,832,416.639,412.449,421.026,
mixed,4,3,0.75,4.0,256,2048,512,2048,1664,458.656,496.959,490.461,0.8304
mixed,4,3,0.75,4.0,256,2048,1024,4096,3328,545.407,576.096,574.912,0.9614
mixed,4,3,0.75,4.0,256,2048,2048,8192,6656,670.787,726.879,724.451,0.9567
mixed,4,3,0.75,4.0,256,2048,4096,16384,13312,914.816,1036.805,1036.258,0.9955
mixed,4,3,0.75,4.0,256,4096,128,512,416,495.549,499.361,491.871,-0.9648
mixed,4,3,0.75,4.0,256,4096,256,1024,832,492.414,495.486,497.985,1.8135
mixed,4,3,0.75,4.0,256,4096,512,2048,1664,494.402,490.433,492.483,
mixed,4,3,0.75,4.0,256,4096,1024,4096,3328,589.284,655.232,654.913,0.9952
mixed,4,3,0.75,4.0,256,4096,2048,8192,6656,753.83,808.547,812.319,1.0689
mixed,4,3,0.75,4.0,256,4096,4096,16384,13312,1006.334,1118.913,1124.609,1.0506
mixed,4,3,0.75,4.0,256,8192,128,512,416,645.793,646.528,650.526,6.4395
mixed,4,3,0.75,4.0,256,8192,256,1024,832,648.867,653.855,648.353,-0.103
mixed,4,3,0.75,4.0,256,8192,512,2048,1664,648.864,654.464,657.632,1.5657
mixed,4,3,0.75,4.0,256,8192,1024,4096,3328,649.826,649.857,651.939,68.1613
mixed,4,3,0.75,4.0,256,8192,2048,8192,6656,840.097,954.273,961.569,1.0639
mixed,4,3,0.75,4.0,256,8192,4096,16384,13312,1146.593,1272.578,1275.552,1.0236
mixed,4,3,0.75,4.0,512,0,128,512,416,365.154,366.337,369.725,3.8639
mixed,4,3,0.75,4.0,512,0,256,1024,832,388.067,403.424,405.984,1.1667
mixed,4,3,0.75,4.0,512,0,512,2048,1664,450.241,478.687,478.623,0.9978
mixed,4,3,0.75,4.0,512,0,1024,4096,3328,578.727,633.985,635.329,1.0243
mixed,4,3,0.75,4.0,512,0,2048,8192,6656,825.856,936.869,934.08,0.9749
mixed,4,3,0.75,4.0,512,0,4096,16384,13312,1318.912,1546.145,1550.784,1.0204
mixed,4,3,0.75,4.0,512,512,128,512,416,402.464,408.961,407.396,0.7591
mixed,4,3,0.75,4.0,512,512,256,1024,832,405.76,405.727,411.36,
mixed,4,3,0.75,4.0,512,512,512,2048,1664,453.728,481.887,484.419,1.0899
mixed,4,3,0.75,4.0,512,512,1024,4096,3328,575.617,634.463,633.281,0.9799
mixed,4,3,0.75,4.0,512,512,2048,8192,6656,825.825,939.2,936.358,0.9749
mixed,4,3,0.75,4.0,512,512,4096,16384,13312,1319.075,1551.777,1551.844,1.0003
mixed,4,3,0.75,4.0,512,1024,128,512,416,443.613,443.968,442.113,-4.2254
mixed,4,3,0.75,4.0,512,1024,256,1024,832,444.96,444.323,443.36,
mixed,4,3,0.75,4.0,512,1024,512,2048,1664,455.519,480.513,483.741,1.1292
mixed,4,3,0.75,4.0,512,1024,1024,4096,3328,578.048,633.056,633.344,1.0052
mixed,4,3,0.75,4.0,512,1024,2048,8192,6656,827.359,939.555,941.443,1.0168
mixed,4,3,0.75,4.0,512,1024,4096,16384,13312,1324.063,1551.421,1547.396,0.9823
mixed,4,3,0.75,4.0,512,2048,128,512,416,520.034,519.327,521.119,
mixed,4,3,0.75,4.0,512,2048,256,1024,832,520.965,520.766,523.491,
mixed,4,3,0.75,4.0,512,2048,512,2048,1664,523.392,522.049,524.128,
mixed,4,3,0.75,4.0,512,2048,1024,4096,3328,576.512,636.641,639.201,1.0426
mixed,4,3,0.75,4.0,512,2048,2048,8192,6656,832.384,942.272,941.347,0.9916
mixed,4,3,0.75,4.0,512,2048,4096,16384,13312,1327.586,1558.372,1559.295,1.004
mixed,4,3,0.75,4.0,512,4096,128,512,416,681.41,686.623,681.313,-0.0186
mixed,4,3,0.75,4.0,512,4096,256,1024,832,678.303,685.153,677.828,-0.0693
mixed,4,3,0.75,4.0,512,4096,512,2048,1664,681.121,679.584,681.566,
mixed,4,3,0.75,4.0,512,4096,1024,4096,3328,681.604,683.07,678.72,-1.9673
mixed,4,3,0.75,4.0,512,4096,2048,8192,6656,837.346,952.063,952.002,0.9995
mixed,4,3,0.75,4.0,512,4096,4096,16384,13312,1332.129,1561.922,1555.68,0.9728
mixed,4,3,0.75,4.0,512,8192,128,512,416,976.515,984.479,975.709,-0.1012
mixed,4,3,0.75,4.0,512,8192,256,1024,832,982.304,981.374,981.251,
mixed,4,3,0.75,4.0,512,8192,512,2048,1664,977.508,981.729,976.323,-0.2807
mixed,4,3,0.75,4.0,512,8192,1024,4096,3328,976.74,983.301,977.151,0.0626
mixed,4,3,0.75,4.0,512,8192,2048,8192,6656,982.559,977.728,980.802,
mixed,4,3,0.75,4.0,512,8192,4096,16384,13312,1334.622,1559.201,1561.603,1.0107
mixed,4,3,0.75,4.0,1024,0,128,512,416,582.43,566.079,580.864,
mixed,4,3,0.75,4.0,1024,0,256,1024,832,573.6,588.674,575.486,0.1251
mixed,4,3,0.75,4.0,1024,0,512,2048,1664,582.108,587.264,584.858,0.5334
mixed,4,3,0.75,4.0,1024,0,1024,4096,3328,600.384,599.489,596.704,
mixed,4,3,0.75,4.0,1024,0,2048,8192,6656,615.743,622.907,617.636,0.2642
mixed,4,3,0.75,4.0,1024,0,4096,16384,13312,655.231,666.882,651.23,-0.3434
mixed,4,3,0.75,4.0,1024,512,128,512,416,677.474,683.005,676.253,-0.2208
mixed,4,3,0.75,4.0,1024,512,256,1024,832,680.574,685.694,676.001,-0.8932
mixed,4,3,0.75,4.0,1024,512,512,2048,1664,685.343,693.285,695.842,1.322
mixed,4,3,0.75,4.0,1024,512,1024,4096,3328,705.823,706.494,709.159,4.9717
mixed,4,3,0.75,4.0,1024,512,2048,8192,6656,721.827,725.406,720.834,-0.2775
mixed,4,3,0.75,4.0,1024,512,4096,16384,13312,761.858,776.895,757.857,-0.2661
mixed,4,3,0.75,4.0,1024,1024,128,512,416,724.543,720.511,722.974,
mixed,4,3,0.75,4.0,1024,1024,256,1024,832,721.725,728.962,727.839,0.8448
mixed,4,3,0.75,4.0,1024,1024,512,2048,1664,733.187,734.433,730.787,-1.9262
mixed,4,3,0.75,4.0,1024,1024,1024,4096,3328,748.767,747.713,745.573,
mixed,4,3,0.75,4.0,1024,1024,2048,8192,6656,763.456,773.285,765.796,0.2381
mixed,4,3,0.75,4.0,1024,1024,4096,16384,13312,803.939,813.694,801.666,-0.233
mixed,4,3,0.75,4.0,1024,2048,128,512,416,799.617,798.398,807.233,
mixed,4,3,0.75,4.0,1024,2048,256,1024,832,807.931,805.661,804.96,
mixed,4,3,0.75,4.0,1024,2048,512,2048,1664,818.181,815.041,819.139,
mixed,4,3,0.75,4.0,1024,2048,1024,4096,3328,829.664,827.362,832.131,
mixed,4,3,0.75,4.0,1024,2048,2048,8192,6656,844.8,855.845,847.203,0.2176
mixed,4,3,0.75,4.0,1024,2048,4096,16384,13312,888.611,905.409,886.05,-0.1525
mixed,4,3,0.75,4.0,1024,4096,128,512,416,970.018,972.42,971.419,0.5833
mixed,4,3,0.75,4.0,1024,4096,256,1024,832,970.082,977.311,971.936,0.2565
mixed,4,3,0.75,4.0,1024,4096,512,2048,1664,979.14,980.866,980.226,0.6292
mixed,4,3,0.75,4.0,1024,4096,1024,4096,3328,996.32,993.79,998.148,
mixed,4,3,0.75,4.0,1024,4096,2048,8192,6656,1003.68,1021.952,1011.166,0.4097
mixed,4,3,0.75,4.0,1024,4096,4096,16384,13312,1047.431,1063.903,1048.222,0.048
mixed,4,3,0.75,4.0,1024,8192,128,512,416,1291.613,1292.35,1290.945,-0.9064
mixed,4,3,0.75,4.0,1024,8192,256,1024,832,1295.682,1298.499,1295.074,-0.2158
mixed,4,3,0.75,4.0,1024,8192,512,2048,1664,1306.174,1308.166,1308.511,1.1732
mixed,4,3,0.75,4.0,1024,8192,1024,4096,3328,1315.616,1317.058,1320.58,3.4424
mixed,4,3,0.75,4.0,1024,8192,2048,8192,6656,1329.955,1343.459,1338.24,0.6135
mixed,4,3,0.75,4.0,1024,8192,4096,16384,13312,1366.308,1381.474,1368.45,0.1412
mixed,4,3,0.75,4.0,2048,0,128,512,416,907.389,903.266,913.055,
mixed,4,3,0.75,4.0,2048,0,256,1024,832,912.675,913.25,913.859,2.0591
mixed,4,3,0.75,4.0,2048,0,512,2048,1664,928.006,926.976,923.456,
mixed,4,3,0.75,4.0,2048,0,1024,4096,3328,936.482,937.248,937.57,1.4204
mixed,4,3,0.75,4.0,2048,0,2048,8192,6656,959.457,961.344,956.481,-1.5771
mixed,4,3,0.75,4.0,2048,0,4096,16384,13312,995.168,1011.266,993.121,-0.1272
mixed,4,3,0.75,4.0,2048,512,128,512,416,1055.457,1052.033,1051.49,
mixed,4,3,0.75,4.0,2048,512,256,1024,832,1054.978,1070.593,1058.624,0.2335
mixed,4,3,0.75,4.0,2048,512,512,2048,1664,1068.45,1068.287,1068.638,
mixed,4,3,0.75,4.0,2048,512,1024,4096,3328,1080.702,1086.785,1088.641,1.3051
mixed,4,3,0.75,4.0,2048,512,2048,8192,6656,1101.252,1114.142,1105.503,0.3298
mixed,4,3,0.75,4.0,2048,512,4096,16384,13312,1133.856,1149.979,1138.336,0.2779
mixed,4,3,0.75,4.0,2048,1024,128,512,416,1117.471,1117.856,1111.462,-15.6078
mixed,4,3,0.75,4.0,2048,1024,256,1024,832,1117.249,1117.54,1119.488,7.6942
mixed,4,3,0.75,4.0,2048,1024,512,2048,1664,1120.928,1122.624,1130.558,5.6781
mixed,4,3,0.75,4.0,2048,1024,1024,4096,3328,1133.893,1139.237,1148.256,2.6877
mixed,4,3,0.75,4.0,2048,1024,2048,8192,6656,1164.326,1164.676,1153.602,-30.64
mixed,4,3,0.75,4.0,2048,1024,4096,16384,13312,1193.636,1208.899,1196.032,0.157
mixed,4,3,0.75,4.0,2048,2048,128,512,416,1229.889,1227.743,1228.867,
mixed,4,3,0.75,4.0,2048,2048,256,1024,832,1227.807,1228.381,1232.547,8.2578
mixed,4,3,0.75,4.0,2048,2048,512,2048,1664,1242.265,1246.051,1242.5,0.0621
mixed,4,3,0.75,4.0,2048,2048,1024,4096,3328,1255.97,1256.091,1252.07,-32.2314
mixed,4,3,0.75,4.0,2048,2048,2048,8192,6656,1270.02,1277.311,1276.769,0.9257
mixed,4,3,0.75,4.0,2048,2048,4096,16384,13312,1307.299,1329.89,1307.009,-0.0128
mixed,4,3,0.75,4.0,2048,4096,128,512,416,1468.864,1478.116,1476.323,0.8062
mixed,4,3,0.75,4.0,2048,4096,256,1024,832,1476.003,1481.476,1474.116,-0.3448
mixed,4,3,0.75,4.0,2048,4096,512,2048,1664,1486.779,1490.014,1486.6,-0.0553
mixed,4,3,0.75,4.0,2048,4096,1024,4096,3328,1501.765,1509.19,1501.63,-0.0182
mixed,4,3,0.75,4.0,2048,4096,2048,8192,6656,1521.795,1530.11,1525.408,0.4345
mixed,4,3,0.75,4.0,2048,4096,4096,16384,13312,1552.895,1572.255,1556.13,0.1671
mixed,4,3,0.75,4.0,2048,8192,128,512,416,1939.203,1926.657,1940.832,
mixed,4,3,0.75,4.0,2048,8192,256,1024,832,1943.878,1941.349,1945.6,
mixed,4,3,0.75,4.0,2048,8192,512,2048,1664,1956.259,1938.56,1953.724,
mixed,4,3,0.75,4.0,2048,8192,1024,4096,3328,1961.632,1956.707,1963.808,
mixed,4,3,0.75,4.0,2048,8192,2048,8192,6656,1977.571,1990.847,1997.639,1.5116
mixed,4,3,0.75,4.0,2048,8192,4096,16384,13312,2012.351,2025.983,2004.386,-0.5843
pure,8,1,0.125,4.0,0,0,128,512,176,178.208,191.453,190.015,0.8914
pure,8,1,0.125,4.0,0,0,256,1024,352,189.598,198.369,194.178,0.5222
pure,8,1,0.125,4.0,0,0,512,2048,704,196.964,208.224,199.042,0.1845
pure,8,1,0.125,4.0,0,0,1024,4096,1408,203.069,225.185,209.026,0.2694
pure,8,1,0.125,4.0,0,0,2048,8192,2816,222.655,268.704,226.338,0.08
pure,8,1,0.125,4.0,0,0,4096,16384,5632,246.142,347.364,249.886,0.037
mixed,8,1,0.125,4.0,16,0,128,512,176,204.676,213.214,212.512,0.9178
mixed,8,1,0.125,4.0,16,0,256,1024,352,214.691,220.99,215.999,0.2077
mixed,8,1,0.125,4.0,16,0,512,2048,704,219.202,232.03,219.779,0.045
mixed,8,1,0.125,4.0,16,0,1024,4096,1408,221.538,252.13,226.754,0.1705
mixed,8,1,0.125,4.0,16,0,2048,8192,2816,236.289,291.392,241.212,0.0893
mixed,8,1,0.125,4.0,16,0,4096,16384,5632,264.93,371.678,275.232,0.0965
mixed,8,1,0.125,4.0,16,512,128,512,176,229.318,230.399,229.12,-0.1832
mixed,8,1,0.125,4.0,16,512,256,1024,352,234.015,236.865,222.592,-4.0081
mixed,8,1,0.125,4.0,16,512,512,2048,704,231.357,245.727,236.226,0.3388
mixed,8,1,0.125,4.0,16,512,1024,4096,1408,243.075,255.586,231.648,-0.9134
mixed,8,1,0.125,4.0,16,512,2048,8192,2816,242.402,291.07,242.436,0.0007
mixed,8,1,0.125,4.0,16,512,4096,16384,5632,263.808,369.727,276.732,0.122
mixed,8,1,0.125,4.0,16,1024,128,512,176,232.064,236.578,232.705,0.142
mixed,8,1,0.125,4.0,16,1024,256,1024,352,234.333,241.536,232.606,-0.2398
mixed,8,1,0.125,4.0,16,1024,512,2048,704,237.535,249.154,240.063,0.2176
mixed,8,1,0.125,4.0,16,1024,1024,4096,1408,240.772,267.362,242.687,0.072
mixed,8,1,0.125,4.0,16,1024,2048,8192,2816,252.191,289.376,246.079,-0.1644
mixed,8,1,0.125,4.0,16,1024,4096,16384,5632,265.599,368.987,271.874,0.0607
mixed,8,1,0.125,4.0,16,2048,128,512,176,243.49,248.671,242.691,-0.1542
mixed,8,1,0.125,4.0,16,2048,256,1024,352,244.737,243.712,245.987,
mixed,8,1,0.125,4.0,16,2048,512,2048,704,249.281,250.11,250.047,0.924
mixed,8,1,0.125,4.0,16,2048,1024,4096,1408,246.85,267.296,248.607,0.0859
mixed,8,1,0.125,4.0,16,2048,2048,8192,2816,255.483,293.378,259.204,0.0982
mixed,8,1,0.125,4.0,16,2048,4096,16384,5632,271.683,367.107,274.044,0.0247
mixed,8,1,0.125,4.0,16,4096,128,512,176,258.72,259.358,260.546,2.8621
mixed,8,1,0.125,4.0,16,4096,256,1024,352,259.871,256.485,261.826,
mixed,8,1,0.125,4.0,16,4096,512,2048,704,262.017,257.536,261.283,
mixed,8,1,0.125,4.0,16,4096,1024,4096,1408,258.366,271.138,256.708,-0.1298
mixed,8,1,0.125,4.0,16,4096,2048,8192,2816,261.373,305.89,265.252,0.0871
mixed,8,1,0.125,4.0,16,4096,4096,16384,5632,286.497,364.421,286.497,0.0
mixed,8,1,0.125,4.0,16,8192,128,512,176,280.575,280.127,278.205,
mixed,8,1,0.125,4.0,16,8192,256,1024,352,278.05,274.399,278.311,
mixed,8,1,0.125,4.0,16,8192,512,2048,704,275.197,276.736,272.802,-1.5562
mixed,8,1,0.125,4.0,16,8192,1024,4096,1408,274.786,284.546,276.193,0.1442
mixed,8,1,0.125,4.0,16,8192,2048,8192,2816,276.605,312.609,277.757,0.032
mixed,8,1,0.125,4.0,16,8192,4096,16384,5632,293.218,382.209,293.089,-0.0014
mixed,8,1,0.125,4.0,32,0,128,512,176,206.209,217.345,211.904,0.5114
mixed,8,1,0.125,4.0,32,0,256,1024,352,219.679,221.215,220.162,0.3145
mixed,8,1,0.125,4.0,32,0,512,2048,704,223.196,236.095,223.718,0.0405
mixed,8,1,0.125,4.0,32,0,1024,4096,1408,227.841,253.47,234.211,0.2485
mixed,8,1,0.125,4.0,32,0,2048,8192,2816,245.315,295.554,257.953,0.2516
mixed,8,1,0.125,4.0,32,0,4096,16384,5632,270.561,374.336,309.408,0.3743
mixed,8,1,0.125,4.0,32,512,128,512,176,237.823,238.627,237.44,-0.4764
mixed,8,1,0.125,4.0,32,512,256,1024,352,239.715,244.737,238.624,-0.2172
mixed,8,1,0.125,4.0,32,512,512,2048,704,239.487,250.726,234.399,-0.4527
mixed,8,1,0.125,4.0,32,512,1024,4096,1408,244.613,265.25,237.28,-0.3553
mixed,8,1,0.125,4.0,32,512,2048,8192,2816,245.921,291.168,261.088,0.3352
mixed,8,1,0.125,4.0,32,512,4096,16384,5632,273.214,370.658,312.734,0.4056
mixed,8,1,0.125,4.0,32,1024,128,512,176,245.249,247.97,245.186,-0.0232
mixed,8,1,0.125,4.0,32,1024,256,1024,352,245.281,244.224,245.986,
mixed,8,1,0.125,4.0,32,1024,512,2048,704,250.014,252.447,241.664,-3.432
mixed,8,1,0.125,4.0,32,1024,1024,4096,1408,250.813,270.98,240.159,-0.5283
mixed,8,1,0.125,4.0,32,1024,2048,8192,2816,259.841,295.326,260.002,0.0045
mixed,8,1,0.125,4.0,32,1024,4096,16384,5632,274.017,372.034,311.012,0.3774
mixed,8,1,0.125,4.0,32,2048,128,512,176,257.504,260.58,257.313,-0.0621
mixed,8,1,0.125,4.0,32,2048,256,1024,352,259.552,254.561,258.497,
mixed,8,1,0.125,4.0,32,2048,512,2048,704,260.578,256.805,260.669,
mixed,8,1,0.125,4.0,32,2048,1024,4096,1408,254.91,275.648,250.14,-0.23
mixed,8,1,0.125,4.0,32,2048,2048,8192,2816,263.233,303.454,259.392,-0.0955
mixed,8,1,0.125,4.0,32,2048,4096,16384,5632,289.44,370.463,308.221,0.2318
mixed,8,1,0.125,4.0,32,4096,128,512,176,274.335,274.176,273.41,
mixed,8,1,0.125,4.0,32,4096,256,1024,352,273.949,271.362,273.186,
mixed,8,1,0.125,4.0,32,4096,512,2048,704,272.801,272.637,269.921,
mixed,8,1,0.125,4.0,32,4096,1024,4096,1408,272.447,283.713,273.216,0.0683
mixed,8,1,0.125,4.0,32,4096,2048,8192,2816,276.418,309.023,270.368,-0.1856
mixed,8,1,0.125,4.0,32,4096,4096,16384,5632,292.67,376.9,307.584,0.1771
mixed,8,1,0.125,4.0,32,8192,128,512,176,297.31,296.639,296.291,
mixed,8,1,0.125,4.0,32,8192,256,1024,352,296.928,293.251,293.507,
mixed,8,1,0.125,4.0,32,8192,512,2048,704,294.977,297.633,297.088,0.7948
mixed,8,1,0.125,4.0,32,8192,1024,4096,1408,295.071,304.32,295.516,0.0481
mixed,8,1,0.125,4.0,32,8192,2048,8192,2816,302.336,324.036,300.609,-0.0796
mixed,8,1,0.125,4.0,32,8192,4096,16384,5632,311.78,387.839,308.128,-0.048
mixed,8,1,0.125,4.0,64,0,128,512,176,211.871,224.48,218.044,0.4896
mixed,8,1,0.125,4.0,64,0,256,1024,352,226.272,231.072,225.728,-0.1133
mixed,8,1,0.125,4.0,64,0,512,2048,704,231.106,243.457,233.728,0.2123
mixed,8,1,0.125,4.0,64,0,1024,4096,1408,238.209,265.501,254.846,0.6096
mixed,8,1,0.125,4.0,64,0,2048,8192,2816,249.763,304.127,296.197,0.8541
mixed,8,1,0.125,4.0,64,0,4096,16384,5632,281.664,384.156,378.114,0.941
mixed,8,1,0.125,4.0,64,512,128,512,176,252.609,253.6,251.619,-0.999
mixed,8,1,0.125,4.0,64,512,256,1024,352,253.887,252.701,248.929,
mixed,8,1,0.125,4.0,64,512,512,2048,704,253.732,248.576,245.855,
mixed,8,1,0.125,4.0,64,512,1024,4096,1408,248.928,272.129,263.778,0.6401
mixed,8,1,0.125,4.0,64,512,2048,8192,2816,255.965,310.08,299.71,0.8084
mixed,8,1,0.125,4.0,64,512,4096,16384,5632,289.056,388.097,381.691,0.9353
mixed,8,1,0.125,4.0,64,1024,128,512,176,262.816,262.782,261.95,
mixed,8,1,0.125,4.0,64,1024,256,1024,352,262.434,261.376,264.159,
mixed,8,1,0.125,4.0,64,1024,512,2048,704,263.232,261.632,255.202,
mixed,8,1,0.125,4.0,64,1024,1024,4096,1408,262.557,278.594,264.737,0.1359
mixed,8,1,0.125,4.0,64,1024,2048,8192,2816,263.682,314.403,302.237,0.7601
mixed,8,1,0.125,4.0,64,1024,4096,16384,5632,289.119,387.904,382.625,0.9466
mixed,8,1,0.125,4.0,64,2048,128,512,176,275.551,274.275,274.594,
mixed,8,1,0.125,4.0,64,2048,256,1024,352,275.199,275.455,275.073,-0.4922
mixed,8,1,0.125,4.0,64,2048,512,2048,704,275.679,275.424,277.312,
mixed,8,1,0.125,4.0,64,2048,1024,4096,1408,275.868,285.888,266.144,-0.9705
mixed,8,1,0.125,4.0,64,2048,2048,8192,2816,271.838,322.404,304.227,0.6405
mixed,8,1,0.125,4.0,64,2048,4096,16384,5632,288.896,400.892,383.166,0.8417
mixed,8,1,0.125,4.0,64,4096,128,512,176,300.868,298.977,301.829,
mixed,8,1,0.125,4.0,64,4096,256,1024,352,299.168,298.592,299.008,
mixed,8,1,0.125,4.0,64,4096,512,2048,704,297.666,304.188,299.933,0.3476
mixed,8,1,0.125,4.0,64,4096,1024,4096,1408,300.125,313.921,302.786,0.1929
mixed,8,1,0.125,4.0,64,4096,2048,8192,2816,294.27,320.513,305.501,0.428
mixed,8,1,0.125,4.0,64,4096,4096,16384,5632,301.149,416.732,384.994,0.7254
mixed,8,1,0.125,4.0,64,8192,128,512,176,339.775,322.37,338.109,
mixed,8,1,0.125,4.0,64,8192,256,1024,352,337.214,340.29,329.506,-2.5059
mixed,8,1,0.125,4.0,64,8192,512,2048,704,351.072,339.71,336.546,
mixed,8,1,0.125,4.0,64,8192,1024,4096,1408,338.593,352.771,341.309,0.1916
mixed,8,1,0.125,4.0,64,8192,2048,8192,2816,391.52,371.423,398.498,
mixed,8,1,0.125,4.0,64,8192,4096,16384,5632,346.913,401.057,383.298,0.672
mixed,8,1,0.125,4.0,128,0,128,512,176,236.127,253.888,264.991,1.6251
mixed,8,1,0.125,4.0,128,0,256,1024,352,268.707,262.528,276.576,
mixed,8,1,0.125,4.0,128,0,512,2048,704,256.767,284.003,277.827,0.7732
mixed,8,1,0.125,4.0,128,0,1024,4096,1408,265.695,320.639,317.661,0.9458
mixed,8,1,0.125,4.0,128,0,2048,8192,2816,298.787,398.015,393.986,0.9594
mixed,8,1,0.125,4.0,128,0,4096,16384,5632,349.794,551.904,545.633,0.969
mixed,8,1,0.125,4.0,128,512,128,512,176,295.615,293.158,295.298,
mixed,8,1,0.125,4.0,128,512,256,1024,352,291.778,286.496,288.257,
mixed,8,1,0.125,4.0,128,512,512,2048,704,293.919,299.134,299.297,1.0313
mixed,8,1,0.125,4.0,128,512,1024,4096,1408,289.827,336.256,334.113,0.9538
mixed,8,1,0.125,4.0,128,512,2048,8192,2816,311.709,398.397,409.793,1.1315
mixed,8,1,0.125,4.0,128,512,4096,16384,5632,365.825,554.077,562.59,1.0452
mixed,8,1,0.125,4.0,128,1024,128,512,176,297.666,307.229,307.967,1.0772
mixed,8,1,0.125,4.0,128,1024,256,1024,352,310.143,307.809,307.104,
mixed,8,1,0.125,4.0,128,1024,512,2048,704,310.658,300.001,299.104,
mixed,8,1,0.125,4.0,128,1024,1024,4096,1408,309.215,338.431,337.664,0.9737
mixed,8,1,0.125,4.0,128,1024,2048,8192,2816,316.42,413.118,414.081,1.01
mixed,8,1,0.125,4.0,128,1024,4096,16384,5632,365.089,557.376,562.431,1.0263
mixed,8,1,0.125,4.0,128,2048,128,512,176,325.635,348.576,319.715,-0.2581
mixed,8,1,0.125,4.0,128,2048,256,1024,352,320.837,350.784,330.273,0.3151
mixed,8,1,0.125,4.0,128,2048,512,2048,704,335.81,328.513,347.613,
mixed,8,1,0.125,4.0,128,2048,1024,4096,1408,349.059,341.471,352.258,
mixed,8,1,0.125,4.0,128,2048,2048,8192,2816,326.305,415.552,415.136,0.9953
mixed,8,1,0.125,4.0,128,2048,4096,16384,5632,369.12,568.609,569.44,1.0042
mixed,8,1,0.125,4.0,128,4096,128,512,176,365.024,351.618,366.309,
mixed,8,1,0.125,4.0,128,4096,256,1024,352,363.904,423.298,355.521,-0.1411
mixed,8,1,0.125,4.0,128,4096,512,2048,704,379.075,431.074,387.907,0.1698
mixed,8,1,0.125,4.0,128,4096,1024,4096,1408,403.047,386.594,427.201,
mixed,8,1,0.125,4.0,128,4096,2048,8192,2816,424.004,419.744,432.025,
mixed,8,1,0.125,4.0,128,4096,4096,16384,5632,377.408,567.778,568.608,1.0044
mixed,8,1,0.125,4.0,128,8192,128,512,176,442.049,439.232,441.249,
mixed,8,1,0.125,4.0,128,8192,256,1024,352,441.632,429.984,440.383,
mixed,8,1,0.125,4.0,128,8192,512,2048,704,439.809,583.999,438.34,-0.0102
mixed,8,1,0.125,4.0,128,8192,1024,4096,1408,489.375,588.095,505.409,0.1624
mixed,8,1,0.125,4.0,128,8192,2048,8192,2816,536.678,484.414,582.944,
mixed,8,1,0.125,4.0,128,8192,4096,16384,5632,574.209,578.723,589.215,3.3243
mixed,8,1,0.125,4.0,256,0,128,512,176,274.016,322.015,321.633,0.992
mixed,8,1,0.125,4.0,256,0,256,1024,352,327.425,311.201,344.738,
mixed,8,1,0.125,4.0,256,0,512,2048,704,324.641,349.025,380.509,2.2912
mixed,8,1,0.125,4.0,256,0,1024,4096,1408,320.612,426.752,422.369,0.9587
mixed,8,1,0.125,4.0,256,0,2048,8192,2816,371.553,580.161,573.985,0.9704
mixed,8,1,0.125,4.0,256,0,4096,16384,5632,476.097,883.361,880.577,0.9932
mixed,8,1,0.125,4.0,256,512,128,512,176,341.472,380.767,354.399,0.329
mixed,8,1,0.125,4.0,256,512,256,1024,352,372.608,387.843,372.032,-0.0378
mixed,8,1,0.125,4.0,256,512,512,2048,704,374.782,424.543,375.907,0.0226
mixed,8,1,0.125,4.0,256,512,1024,4096,1408,409.76,498.785,456.351,0.5233
mixed,8,1,0.125,4.0,256,512,2048,8192,2816,457.023,581.727,604.641,1.1837
mixed,8,1,0.125,4.0,256,512,4096,16384,5632,483.199,890.56,878.022,0.9692
mixed,8,1,0.125,4.0,256,1024,128,512,176,371.878,405.792,358.658,-0.3898
mixed,8,1,0.125,4.0,256,1024,256,1024,352,365.022,406.56,385.538,0.4939
mixed,8,1,0.125,4.0,256,1024,512,2048,704,418.622,442.786,402.978,-0.6474
mixed,8,1,0.125,4.0,256,1024,1024,4096,1408,426.753,523.458,455.903,0.3014
mixed,8,1,0.125,4.0,256,1024,2048,8192,2816,476.065,590.624,610.016,1.1693
mixed,8,1,0.125,4.0,256,1024,4096,16384,5632,580.067,895.266,905.186,1.0315
mixed,8,1,0.125,4.0,256,2048,128,512,176,408.158,397.153,405.377,
mixed,8,1,0.125,4.0,256,2048,256,1024,352,405.791,480.383,407.295,0.0202
mixed,8,1,0.125,4.0,256,2048,512,2048,704,423.939,484.064,440.193,0.2703
mixed,8,1,0.125,4.0,256,2048,1024,4096,1408,456.259,565.216,481.535,0.232
mixed,8,1,0.125,4.0,256,2048,2048,8192,2816,514.913,715.999,611.392,0.4798
mixed,8,1,0.125,4.0,256,2048,4096,16384,5632,621.025,881.764,913.985,1.1236
mixed,8,1,0.125,4.0,256,4096,128,512,176,483.233,488.414,486.432,0.6174
mixed,8,1,0.125,4.0,256,4096,256,1024,352,486.595,477.666,483.937,
mixed,8,1,0.125,4.0,256,4096,512,2048,704,487.616,636.928,492.192,0.0306
mixed,8,1,0.125,4.0,256,4096,1024,4096,1408,534.979,638.91,566.368,0.302
mixed,8,1,0.125,4.0,256,4096,2048,8192,2816,594.432,788.799,636.161,0.2147
mixed,8,1,0.125,4.0,256,4096,4096,16384,5632,698.562,1100.547,927.363,0.5692
mixed,8,1,0.125,4.0,256,8192,128,512,176,639.778,646.08,640.416,0.1012
mixed,8,1,0.125,4.0,256,8192,256,1024,352,641.506,643.038,646.246,3.094
mixed,8,1,0.125,4.0,256,8192,512,2048,704,641.027,633.343,643.681,
mixed,8,1,0.125,4.0,256,8192,1024,4096,1408,643.713,943.583,644.576,0.0029
mixed,8,1,0.125,4.0,256,8192,2048,8192,2816,750.081,947.205,799.358,0.25
mixed,8,1,0.125,4.0,256,8192,4096,16384,5632,850.656,1254.052,951.589,0.2502
mixed,8,1,0.125,4.0,512,0,128,512,176,370.015,364.861,365.504,
mixed,8,1,0.125,4.0,512,0,256,1024,352,366.755,402.5,404.577,1.0581
mixed,8,1,0.125,4.0,512,0,512,2048,704,378.622,483.52,478.273,0.95
mixed,8,1,0.125,4.0,512,0,1024,4096,1408,432.385,631.618,627.518,0.9794
mixed,8,1,0.125,4.0,512,0,2048,8192,2816,539.941,935.488,931.68,0.9904
mixed,8,1,0.125,4.0,512,0,4096,16384,5632,747.968,1536.386,1535.455,0.9988
mixed,8,1,0.125,4.0,512,512,128,512,176,405.279,421.887,403.292,-0.1196
mixed,8,1,0.125,4.0,512,512,256,1024,352,404.449,460.033,404.162,-0.0052
mixed,8,1,0.125,4.0,512,512,512,2048,704,438.311,539.905,477.374,0.3845
mixed,8,1,0.125,4.0,512,512,1024,4096,1408,493.825,687.838,631.518,0.7097
mixed,8,1,0.125,4.0,512,512,2048,8192,2816,598.656,991.266,936.257,0.8599
mixed,8,1,0.125,4.0,512,512,4096,16384,5632,804.132,1600.706,1538.244,0.9216
mixed,8,1,0.125,4.0,512,1024,128,512,176,440.284,442.845,440.606,0.1257
mixed,8,1,0.125,4.0,512,1024,256,1024,352,442.049,501.538,441.538,-0.0086
mixed,8,1,0.125,4.0,512,1024,512,2048,704,452.542,575.842,480.515,0.2269
mixed,8,1,0.125,4.0,512,1024,1024,4096,1408,529.412,734.177,634.4,0.5127
mixed,8,1,0.125,4.0,512,1024,2048,8192,2816,635.937,1034.533,932.036,0.7429
mixed,8,1,0.125,4.0,512,1024,4096,16384,5632,852.735,1651.712,1541.989,0.8627
mixed,8,1,0.125,4.0,512,2048,128,512,176,519.587,517.697,518.687,
mixed,8,1,0.125,4.0,512,2048,256,1024,352,522.464,519.2,518.847,
mixed,8,1,0.125,4.0,512,2048,512,2048,704,517.026,659.84,515.137,-0.0132
mixed,8,1,0.125,4.0,512,2048,1024,4096,1408,559.873,806.976,636.866,0.3116
mixed,8,1,0.125,4.0,512,2048,2048,8192,2816,716.669,1117.537,942.817,0.5641
mixed,8,1,0.125,4.0,512,2048,4096,16384,5632,922.336,1719.008,1550.056,0.7879
mixed,8,1,0.125,4.0,512,4096,128,512,176,678.881,677.949,680.896,
mixed,8,1,0.125,4.0,512,4096,256,1024,352,680.227,683.391,678.529,-0.5367
mixed,8,1,0.125,4.0,512,4096,512,2048,704,679.172,681.795,679.876,0.2684
mixed,8,1,0.125,4.0,512,4096,1024,4096,1408,677.603,964.863,678.308,0.0025
mixed,8,1,0.125,4.0,512,4096,2048,8192,2816,778.43,1272.866,946.467,0.3399
mixed,8,1,0.125,4.0,512,4096,4096,16384,5632,1082.851,1876.831,1558.341,0.5989
mixed,8,1,0.125,4.0,512,8192,128,512,176,977.409,984.51,974.88,-0.3561
mixed,8,1,0.125,4.0,512,8192,256,1024,352,980.868,974.554,981.826,
mixed,8,1,0.125,4.0,512,8192,512,2048,704,977.572,977.343,977.631,
mixed,8,1,0.125,4.0,512,8192,1024,4096,1408,983.038,977.378,978.145,
mixed,8,1,0.125,4.0,512,8192,2048,8192,2816,974.88,1576.482,981.248,0.0106
mixed,8,1,0.125,4.0,512,8192,4096,16384,5632,1183.587,2177.157,1545.824,0.3646
mixed,8,1,0.125,4.0,1024,0,128,512,176,566.984,578.561,566.69,-0.0254
mixed,8,1,0.125,4.0,1024,0,256,1024,352,569.217,576.678,568.736,-0.0645
mixed,8,1,0.125,4.0,1024,0,512,2048,704,575.903,587.39,580.064,0.3622
mixed,8,1,0.125,4.0,1024,0,1024,4096,1408,579.714,613.789,593.722,0.4111
mixed,8,1,0.125,4.0,1024,0,2048,8192,2816,595.104,659.104,604.999,0.1546
mixed,8,1,0.125,4.0,1024,0,4096,16384,5632,637.476,736.673,639.517,0.0206
mixed,8,1,0.125,4.0,1024,512,128,512,176,666.046,672.131,668.957,0.4784
mixed,8,1,0.125,4.0,1024,512,256,1024,352,674.341,682.752,679.394,0.6008
mixed,8,1,0.125,4.0,1024,512,512,2048,704,680.57,696.258,683.322,0.1754
mixed,8,1,0.125,4.0,1024,512,1024,4096,1408,690.94,716.064,703.137,0.4855
mixed,8,1,0.125,4.0,1024,512,2048,8192,2816,707.008,764.417,712.419,0.0943
mixed,8,1,0.125,4.0,1024,512,4096,16384,5632,744.546,848.191,754.846,0.0994
mixed,8,1,0.125,4.0,1024,1024,128,512,176,710.274,722.528,715.52,0.4281
mixed,8,1,0.125,4.0,1024,1024,256,1024,352,712.865,730.945,719.714,0.3788
mixed,8,1,0.125,4.0,1024,1024,512,2048,704,723.806,744.771,725.988,0.1041
mixed,8,1,0.125,4.0,1024,1024,1024,4096,1408,733.471,766.688,749.665,0.4875
mixed,8,1,0.125,4.0,1024,1024,2048,8192,2816,749.506,806.272,759.649,0.1787
mixed,8,1,0.125,4.0,1024,1024,4096,16384,5632,778.433,880.29,784.96,0.0641
mixed,8,1,0.125,4.0,1024,2048,128,512,176,791.556,801.797,797.507,0.5811
mixed,8,1,0.125,4.0,1024,2048,256,1024,352,801.214,813.952,797.569,-0.2862
mixed,8,1,0.125,4.0,1024,2048,512,2048,704,808.22,826.689,810.465,0.1216
mixed,8,1,0.125,4.0,1024,2048,1024,4096,1408,815.267,845.764,821.341,0.1992
mixed,8,1,0.125,4.0,1024,2048,2048,8192,2816,829.212,888.734,838.655,0.1586
mixed,8,1,0.125,4.0,1024,2048,4096,16384,5632,862.687,974.399,869.342,0.0596
mixed,8,1,0.125,4.0,1024,4096,128,512,176,953.892,962.978,960.802,0.7605
mixed,8,1,0.125,4.0,1024,4096,256,1024,352,961.024,976.932,964.129,0.1952
mixed,8,1,0.125,4.0,1024,4096,512,2048,704,972.03,986.596,971.077,-0.0654
mixed,8,1,0.125,4.0,1024,4096,1024,4096,1408,980.764,1013.475,985.121,0.1332
mixed,8,1,0.125,4.0,1024,4096,2048,8192,2816,993.158,1047.457,998.625,0.1007
mixed,8,1,0.125,4.0,1024,4096,4096,16384,5632,1027.493,1129.376,1032.29,0.0471
mixed,8,1,0.125,4.0,1024,8192,128,512,176,1291.94,1284.291,1282.21,
mixed,8,1,0.125,4.0,1024,8192,256,1024,352,1291.872,1298.876,1292.673,0.1144
mixed,8,1,0.125,4.0,1024,8192,512,2048,704,1300.321,1311.263,1300.327,0.0005
mixed,8,1,0.125,4.0,1024,8192,1024,4096,1408,1298.177,1331.452,1307.36,0.276
mixed,8,1,0.125,4.0,1024,8192,2048,8192,2816,1318.881,1372.482,1324.801,0.1104
mixed,8,1,0.125,4.0,1024,8192,4096,16384,5632,1348.578,1457.349,1355.461,0.0633
mixed,8,1,0.125,4.0,2048,0,128,512,176,905.154,918.24,908.032,0.2199
mixed,8,1,0.125,4.0,2048,0,256,1024,352,916.192,926.882,914.623,-0.1468
mixed,8,1,0.125,4.0,2048,0,512,2048,704,918.243,933.571,922.047,0.2482
mixed,8,1,0.125,4.0,2048,0,1024,4096,1408,928.67,959.743,933.026,0.1402
mixed,8,1,0.125,4.0,2048,0,2048,8192,2816,948.257,1007.195,953.76,0.0934
mixed,8,1,0.125,4.0,2048,0,4096,16384,5632,984.096,1085.952,990.626,0.0641
mixed,8,1,0.125,4.0,2048,512,128,512,176,1053.765,1061.631,1058.498,0.6017
mixed,8,1,0.125,4.0,2048,512,256,1024,352,1058.078,1067.876,1062.109,0.4114
mixed,8,1,0.125,4.0,2048,512,512,2048,704,1067.175,1082.789,1075.04,0.5037
mixed,8,1,0.125,4.0,2048,512,1024,4096,1408,1080.001,1110.979,1084.194,0.1354
mixed,8,1,0.125,4.0,2048,512,2048,8192,2816,1098.12,1153.987,1099.074,0.0171
mixed,8,1,0.125,4.0,2048,512,4096,16384,5632,1127.071,1228.707,1130.178,0.0306
mixed,8,1,0.125,4.0,2048,1024,128,512,176,1110.304,1114.405,1113.666,0.8198
mixed,8,1,0.125,4.0,2048,1024,256,1024,352,1117.729,1130.944,1118.334,0.0458
mixed,8,1,0.125,4.0,2048,1024,512,2048,704,1129.471,1143.328,1129.187,-0.0205
mixed,8,1,0.125,4.0,2048,1024,1024,4096,1408,1131.711,1166.497,1142.372,0.3065
mixed,8,1,0.125,4.0,2048,1024,2048,8192,2816,1155.779,1208.901,1159.202,0.0644
mixed,8,1,0.125,4.0,2048,1024,4096,16384,5632,1184.739,1293.249,1179.78,-0.0457
mixed,8,1,0.125,4.0,2048,2048,128,512,176,1223.585,1224.998,1228.675,3.6023
mixed,8,1,0.125,4.0,2048,2048,256,1024,352,1231.1,1246.274,1234.243,0.2071
mixed,8,1,0.125,4.0,2048,2048,512,2048,704,1241.884,1247.616,1239.495,-0.4168
mixed,8,1,0.125,4.0,2048,2048,1024,4096,1408,1245.475,1274.144,1253.503,0.28
mixed,8,1,0.125,4.0,2048,2048,2048,8192,2816,1265.217,1327.327,1275.655,0.1681
mixed,8,1,0.125,4.0,2048,2048,4096,16384,5632,1294.787,1398.276,1300.544,0.0556
mixed,8,1,0.125,4.0,2048,4096,128,512,176,1475.908,1489.983,1476.162,0.018
mixed,8,1,0.125,4.0,2048,4096,256,1024,352,1480.257,1491.366,1477.765,-0.2243
mixed,8,1,0.125,4.0,2048,4096,512,2048,704,1492.607,1503.995,1490.021,-0.2271
mixed,8,1,0.125,4.0,2048,4096,1024,4096,1408,1500.224,1525.954,1501.349,0.0437
mixed,8,1,0.125,4.0,2048,4096,2048,8192,2816,1518.753,1575.204,1523.91,0.0914
mixed,8,1,0.125,4.0,2048,4096,4096,16384,5632,1549.794,1647.523,1545.794,-0.0409
mixed,8,1,0.125,4.0,2048,8192,128,512,176,1938.242,1944.451,1940.324,0.3353
mixed,8,1,0.125,4.0,2048,8192,256,1024,352,1942.95,1951.808,1951.46,0.9607
mixed,8,1,0.125,4.0,2048,8192,512,2048,704,1946.688,1966.085,1953.956,0.3747
mixed,8,1,0.125,4.0,2048,8192,1024,4096,1408,1960.928,1991.328,1962.598,0.0549
mixed,8,1,0.125,4.0,2048,8192,2048,8192,2816,1980.264,2025.535,1978.376,-0.0417
mixed,8,1,0.125,4.0,2048,8192,4096,16384,5632,2014.664,2099.394,2014.051,-0.0072
pure,8,2,0.25,4.0,0,0,128,512,224,183.296,191.747,191.236,0.9395
pure,8,2,0.25,4.0,0,0,256,1024,448,193.213,198.241,192.29,-0.1836
pure,8,2,0.25,4.0,0,0,512,2048,896,200.067,208.607,199.555,-0.06
pure,8,2,0.25,4.0,0,0,1024,4096,1792,216.251,225.121,215.776,-0.0536
pure,8,2,0.25,4.0,0,0,2048,8192,3584,224.99,268.26,229.088,0.0947
pure,8,2,0.25,4.0,0,0,4096,16384,7168,260.123,347.266,265.442,0.061
mixed,8,2,0.25,4.0,16,0,128,512,224,211.489,212.932,210.431,-0.7332
mixed,8,2,0.25,4.0,16,0,256,1024,448,215.3,221.636,213.443,-0.2931
mixed,8,2,0.25,4.0,16,0,512,2048,896,215.521,234.851,218.207,0.139
mixed,8,2,0.25,4.0,16,0,1024,4096,1792,236.641,249.506,228.829,-0.6072
mixed,8,2,0.25,4.0,16,0,2048,8192,3584,245.278,290.818,248.738,0.076
mixed,8,2,0.25,4.0,16,0,4096,16384,7168,279.935,369.501,288.321,0.0936
mixed,8,2,0.25,4.0,16,512,128,512,224,233.054,230.911,227.105,
mixed,8,2,0.25,4.0,16,512,256,1024,448,234.144,235.457,224.96,-6.9947
mixed,8,2,0.25,4.0,16,512,512,2048,896,234.69,246.211,236.129,0.1249
mixed,8,2,0.25,4.0,16,512,1024,4096,1792,244.319,260.06,243.779,-0.0343
mixed,8,2,0.25,4.0,16,512,2048,8192,3584,254.182,290.75,255.01,0.0226
mixed,8,2,0.25,4.0,16,512,4096,16384,7168,284.609,372.926,287.906,0.0373
mixed,8,2,0.25,4.0,16,1024,128,512,224,234.562,236.516,234.271,-0.1489
mixed,8,2,0.25,4.0,16,1024,256,1024,448,233.47,240.838,234.304,0.1132
mixed,8,2,0.25,4.0,16,1024,512,2048,896,239.326,251.648,239.039,-0.0233
mixed,8,2,0.25,4.0,16,1024,1024,4096,1792,245.508,268.065,248.286,0.1232
mixed,8,2,0.25,4.0,16,1024,2048,8192,3584,261.856,293.279,263.904,0.0652
mixed,8,2,0.25,4.0,16,1024,4096,16384,7168,282.431,368.67,290.078,0.0887
mixed,8,2,0.25,4.0,16,2048,128,512,224,246.368,250.34,245.797,-0.1438
mixed,8,2,0.25,4.0,16,2048,256,1024,448,248.515,244.799,249.057,
mixed,8,2,0.25,4.0,16,2048,512,2048,896,243.518,250.462,243.775,0.037
mixed,8,2,0.25,4.0,16,2048,1024,4096,1792,248.321,269.024,252.544,0.204
mixed,8,2,0.25,4.0,16,2048,2048,8192,3584,265.628,294.179,267.36,0.0607
mixed,8,2,0.25,4.0,16,2048,4096,16384,7168,296.033,367.234,287.809,-0.1155
mixed,8,2,0.25,4.0,16,4096,128,512,224,258.719,261.248,261.504,1.1012
mixed,8,2,0.25,4.0,16,4096,256,1024,448,259.039,257.092,260.607,
mixed,8,2,0.25,4.0,16,4096,512,2048,896,252.35,259.487,255.936,0.5025
mixed,8,2,0.25,4.0,16,4096,1024,4096,1792,257.379,270.083,255.526,-0.1459
mixed,8,2,0.25,4.0,16,4096,2048,8192,3584,268.033,307.164,265.92,-0.054
mixed,8,2,0.25,4.0,16,4096,4096,16384,7168,300.158,365.183,300.926,0.0118
mixed,8,2,0.25,4.0,16,8192,128,512,224,279.363,280.64,278.625,-0.5779
mixed,8,2,0.25,4.0,16,8192,256,1024,448,277.567,274.143,278.784,
mixed,8,2,0.25,4.0,16,8192,512,2048,896,271.075,277.596,275.523,0.6821
mixed,8,2,0.25,4.0,16,8192,1024,4096,1792,272.894,284.257,274.275,0.1215
mixed,8,2,0.25,4.0,16,8192,2048,8192,3584,275.234,309.413,282.979,0.2266
mixed,8,2,0.25,4.0,16,8192,4096,16384,7168,301.218,382.845,303.551,0.0286
mixed,8,2,0.25,4.0,32,0,128,512,224,212.959,220.098,215.168,0.3094
mixed,8,2,0.25,4.0,32,0,256,1024,448,221.986,222.431,219.584,-5.3978
mixed,8,2,0.25,4.0,32,0,512,2048,896,220.636,239.84,223.363,0.142
mixed,8,2,0.25,4.0,32,0,1024,4096,1792,231.424,252.675,239.329,0.372
mixed,8,2,0.25,4.0,32,0,2048,8192,3584,254.848,297.185,260.929,0.1436
mixed,8,2,0.25,4.0,32,0,4096,16384,7168,286.593,371.522,313.472,0.3165
mixed,8,2,0.25,4.0,32,512,128,512,224,239.103,242.53,237.154,-0.5687
mixed,8,2,0.25,4.0,32,512,256,1024,448,241.792,246.594,243.424,0.3399
mixed,8,2,0.25,4.0,32,512,512,2048,896,241.983,253.185,234.781,-0.6429
mixed,8,2,0.25,4.0,32,512,1024,4096,1792,251.617,265.953,239.904,-0.817
mixed,8,2,0.25,4.0,32,512,2048,8192,3584,261.795,299.551,261.983,0.005
mixed,8,2,0.25,4.0,32,512,4096,16384,7168,286.114,372.833,309.502,0.2697
mixed,8,2,0.25,4.0,32,1024,128,512,224,244.644,248.832,246.144,0.3582
mixed,8,2,0.25,4.0,32,1024,256,1024,448,247.618,246.49,246.976,
mixed,8,2,0.25,4.0,32,1024,512,2048,896,244.257,254.497,247.967,0.3623
mixed,8,2,0.25,4.0,32,1024,1024,4096,1792,251.392,265.181,244.926,-0.4689
mixed,8,2,0.25,4.0,32,1024,2048,8192,3584,268.002,296.987,262.367,-0.1944
mixed,8,2,0.25,4.0,32,1024,4096,16384,7168,287.68,372.991,313.248,0.2997
mixed,8,2,0.25,4.0,32,2048,128,512,224,258.882,261.47,260.352,0.568
mixed,8,2,0.25,4.0,32,2048,256,1024,448,259.101,254.655,261.281,
mixed,8,2,0.25,4.0,32,2048,512,2048,896,252.32,261.79,252.962,0.0678
mixed,8,2,0.25,4.0,32,2048,1024,4096,1792,257.443,275.358,259.519,0.1159
mixed,8,2,0.25,4.0,32,2048,2048,8192,3584,267.779,307.422,265.474,-0.0581
mixed,8,2,0.25,4.0,32,2048,4096,16384,7168,295.744,370.688,318.083,0.2981
mixed,8,2,0.25,4.0,32,4096,128,512,224,277.47,274.624,274.719,
mixed,8,2,0.25,4.0,32,4096,256,1024,448,276.0,272.482,276.863,
mixed,8,2,0.25,4.0,32,4096,512,2048,896,273.889,273.858,272.703,
mixed,8,2,0.25,4.0,32,4096,1024,4096,1792,272.478,284.574,271.554,-0.0764
mixed,8,2,0.25,4.0,32,4096,2048,8192,3584,280.932,310.72,285.473,0.1524
mixed,8,2,0.25,4.0,32,4096,4096,16384,7168,298.209,381.727,313.759,0.1862
mixed,8,2,0.25,4.0,32,8192,128,512,224,298.052,297.312,297.248,
mixed,8,2,0.25,4.0,32,8192,256,1024,448,298.877,293.311,297.248,
mixed,8,2,0.25,4.0,32,8192,512,2048,896,294.659,298.339,293.538,-0.3046
mixed,8,2,0.25,4.0,32,8192,1024,4096,1792,297.122,305.09,297.858,0.0924
mixed,8,2,0.25,4.0,32,8192,2048,8192,3584,304.067,328.513,304.322,0.0104
mixed,8,2,0.25,4.0,32,8192,4096,16384,7168,323.492,388.834,319.457,-0.0618
mixed,8,2,0.25,4.0,64,0,128,512,224,217.024,225.054,220.225,0.3986
mixed,8,2,0.25,4.0,64,0,256,1024,448,225.506,233.73,225.281,-0.0274
mixed,8,2,0.25,4.0,64,0,512,2048,896,230.883,243.266,236.255,0.4338
mixed,8,2,0.25,4.0,64,0,1024,4096,1792,243.679,268.834,257.312,0.542
mixed,8,2,0.25,4.0,64,0,2048,8192,3584,263.198,305.695,298.145,0.8223
mixed,8,2,0.25,4.0,64,0,4096,16384,7168,298.306,386.626,378.559,0.9087
mixed,8,2,0.25,4.0,64,512,128,512,224,254.753,256.348,255.01,0.1611
mixed,8,2,0.25,4.0,64,512,256,1024,448,254.656,253.952,251.712,
mixed,8,2,0.25,4.0,64,512,512,2048,896,253.375,249.792,245.89,
mixed,8,2,0.25,4.0,64,512,1024,4096,1792,248.797,273.055,264.0,0.6267
mixed,8,2,0.25,4.0,64,512,2048,8192,3584,267.426,310.978,303.107,0.8193
mixed,8,2,0.25,4.0,64,512,4096,16384,7168,295.745,389.376,380.703,0.9074
mixed,8,2,0.25,4.0,64,1024,128,512,224,265.789,265.73,264.288,
mixed,8,2,0.25,4.0,64,1024,256,1024,448,262.852,262.69,265.182,
mixed,8,2,0.25,4.0,64,1024,512,2048,896,263.611,264.29,258.433,-7.6259
mixed,8,2,0.25,4.0,64,1024,1024,4096,1792,266.655,278.464,264.961,-0.1434
mixed,8,2,0.25,4.0,64,1024,2048,8192,3584,272.001,314.245,303.33,0.7416
mixed,8,2,0.25,4.0,64,1024,4096,16384,7168,305.377,392.737,384.385,0.9044
mixed,8,2,0.25,4.0,64,2048,128,512,224,274.626,276.161,275.391,0.4984
mixed,8,2,0.25,4.0,64,2048,256,1024,448,275.427,275.903,276.707,2.6891
mixed,8,2,0.25,4.0,64,2048,512,2048,896,277.952,276.993,275.298,
mixed,8,2,0.25,4.0,64,2048,1024,4096,1792,276.705,286.016,267.519,-0.9866
mixed,8,2,0.25,4.0,64,2048,2048,8192,3584,278.623,320.863,304.35,0.6091
mixed,8,2,0.25,4.0,64,2048,4096,16384,7168,313.794,401.474,384.672,0.8084
mixed,8,2,0.25,4.0,64,4096,128,512,224,295.231,298.24,299.939,1.5646
mixed,8,2,0.25,4.0,64,4096,256,1024,448,298.85,301.121,299.71,0.3787
mixed,8,2,0.25,4.0,64,4096,512,2048,896,298.333,302.017,298.11,-0.0605
mixed,8,2,0.25,4.0,64,4096,1024,4096,1792,300.321,313.567,302.017,0.128
mixed,8,2,0.25,4.0,64,4096,2048,8192,3584,311.586,322.144,305.214,-0.6035
mixed,8,2,0.25,4.0,64,4096,4096,16384,7168,319.713,416.673,385.118,0.6746
mixed,8,2,0.25,4.0,64,8192,128,512,224,339.136,325.471,339.998,
mixed,8,2,0.25,4.0,64,8192,256,1024,448,334.656,341.281,329.761,-0.7389
mixed,8,2,0.25,4.0,64,8192,512,2048,896,341.986,341.282,342.432,
mixed,8,2,0.25,4.0,64,8192,1024,4096,1792,341.635,354.303,341.248,-0.0305
mixed,8,2,0.25,4.0,64,8192,2048,8192,3584,415.681,370.527,403.458,
mixed,8,2,0.25,4.0,64,8192,4096,16384,7168,454.626,401.118,388.068,
mixed,8,2,0.25,4.0,128,0,128,512,224,242.271,256.068,267.551,1.8323
mixed,8,2,0.25,4.0,128,0,256,1024,448,252.195,264.162,260.478,0.6922
mixed,8,2,0.25,4.0,128,0,512,2048,896,257.346,282.528,279.775,0.8907
mixed,8,2,0.25,4.0,128,0,1024,4096,1792,280.609,320.064,319.006,0.9732
mixed,8,2,0.25,4.0,128,0,2048,8192,3584,314.304,399.584,396.13,0.9595
mixed,8,2,0.25,4.0,128,0,4096,16384,7168,378.368,556.453,550.63,0.9673
mixed,8,2,0.25,4.0,128,512,128,512,224,296.578,291.711,297.313,
mixed,8,2,0.25,4.0,128,512,256,1024,448,296.097,288.125,288.479,
mixed,8,2,0.25,4.0,128,512,512,2048,896,292.932,298.015,300.64,1.5164
mixed,8,2,0.25,4.0,128,512,1024,4096,1792,292.734,338.589,334.659,0.9143
mixed,8,2,0.25,4.0,128,512,2048,8192,3584,328.032,401.245,412.035,1.1474
mixed,8,2,0.25,4.0,128,512,4096,16384,7168,380.864,556.516,550.85,0.9677
mixed,8,2,0.25,4.0,128,1024,128,512,224,308.734,308.67,309.696,
mixed,8,2,0.25,4.0,128,1024,256,1024,448,308.065,308.188,309.376,10.6585
mixed,8,2,0.25,4.0,128,1024,512,2048,896,308.861,302.947,300.096,
mixed,8,2,0.25,4.0,128,1024,1024,4096,1792,298.559,338.043,337.919,0.9969
mixed,8,2,0.25,4.0,128,1024,2048,8192,3584,328.033,414.719,412.092,0.9697
mixed,8,2,0.25,4.0,128,1024,4096,16384,7168,393.284,558.211,565.217,1.0425
mixed,8,2,0.25,4.0,128,2048,128,512,224,321.248,348.512,318.848,-0.088
mixed,8,2,0.25,4.0,128,2048,256,1024,448,345.273,353.156,329.279,-2.0289
mixed,8,2,0.25,4.0,128,2048,512,2048,896,346.4,331.586,363.52,
mixed,8,2,0.25,4.0,128,2048,1024,4096,1792,365.405,342.849,395.072,
mixed,8,2,0.25,4.0,128,2048,2048,8192,3584,332.64,416.544,415.263,0.9847
mixed,8,2,0.25,4.0,128,2048,4096,16384,7168,397.245,569.759,565.695,0.9764
mixed,8,2,0.25,4.0,128,4096,128,512,224,368.224,352.352,364.993,
mixed,8,2,0.25,4.0,128,4096,256,1024,448,360.0,429.699,353.89,-0.0877
mixed,8,2,0.25,4.0,128,4096,512,2048,896,416.768,432.094,391.2,-1.6683
mixed,8,2,0.25,4.0,128,4096,1024,4096,1792,421.152,385.664,429.891,
mixed,8,2,0.25,4.0,128,4096,2048,8192,3584,387.744,422.012,417.625,0.872
mixed,8,2,0.25,4.0,128,4096,4096,16384,7168,401.535,573.668,573.187,0.9972
mixed,8,2,0.25,4.0,128,8192,128,512,224,440.928,441.439,443.394,4.8258
mixed,8,2,0.25,4.0,128,8192,256,1024,448,444.286,430.146,443.296,
mixed,8,2,0.25,4.0,128,8192,512,2048,896,440.96,588.45,441.601,0.0043
mixed,8,2,0.25,4.0,128,8192,1024,4096,1792,549.093,591.937,510.722,-0.8956
mixed,8,2,0.25,4.0,128,8192,2048,8192,3584,572.577,487.42,591.739,
mixed,8,2,0.25,4.0,128,8192,4096,16384,7168,618.338,580.992,746.912,
mixed,8,2,0.25,4.0,256,0,128,512,224,273.889,318.336,321.923,1.0807
mixed,8,2,0.25,4.0,256,0,256,1024,448,326.078,310.944,342.845,
mixed,8,2,0.25,4.0,256,0,512,2048,896,302.975,345.25,346.176,1.0219
mixed,8,2,0.25,4.0,256,0,1024,4096,1792,338.688,424.129,422.529,0.9813
mixed,8,2,0.25,4.0,256,0,2048,8192,3584,405.409,581.119,576.032,0.971
mixed,8,2,0.25,4.0,256,0,4096,16384,7168,545.569,891.975,883.968,0.9769
mixed,8,2,0.25,4.0,256,512,128,512,224,357.761,368.896,358.178,0.0374
mixed,8,2,0.25,4.0,256,512,256,1024,448,369.153,393.374,370.691,0.0635
mixed,8,2,0.25,4.0,256,512,512,2048,896,382.59,424.383,380.066,-0.0604
mixed,8,2,0.25,4.0,256,512,1024,4096,1792,416.736,511.263,455.617,0.4113
mixed,8,2,0.25,4.0,256,512,2048,8192,3584,483.457,591.264,606.402,1.1404
mixed,8,2,0.25,4.0,256,512,4096,16384,7168,547.298,889.568,882.434,0.9792
mixed,8,2,0.25,4.0,256,1024,128,512,224,369.856,405.731,371.71,0.0517
mixed,8,2,0.25,4.0,256,1024,256,1024,448,391.936,405.982,385.311,-0.4717
mixed,8,2,0.25,4.0,256,1024,512,2048,896,400.864,445.599,404.642,0.0845
mixed,8,2,0.25,4.0,256,1024,1024,4096,1792,438.784,522.719,458.783,0.2383
mixed,8,2,0.25,4.0,256,1024,2048,8192,3584,507.391,585.694,611.072,1.3241
mixed,8,2,0.25,4.0,256,1024,4096,16384,7168,634.718,894.433,913.925,1.0751
mixed,8,2,0.25,4.0,256,2048,128,512,224,409.377,400.767,412.992,
mixed,8,2,0.25,4.0,256,2048,256,1024,448,405.538,485.375,405.982,0.0056
mixed,8,2,0.25,4.0,256,2048,512,2048,896,458.786,489.986,445.472,-0.4267
mixed,8,2,0.25,4.0,256,2048,1024,4096,1792,479.55,569.47,487.071,0.0836
mixed,8,2,0.25,4.0,256,2048,2048,8192,3584,552.036,718.587,608.674,0.3401
mixed,8,2,0.25,4.0,256,2048,4096,16384,7168,680.575,900.929,916.963,1.0728
mixed,8,2,0.25,4.0,256,4096,128,512,224,489.728,483.934,486.754,
mixed,8,2,0.25,4.0,256,4096,256,1024,448,489.79,478.783,488.193,
mixed,8,2,0.25,4.0,256,4096,512,2048,896,491.776,641.949,487.776,-0.0266
mixed,8,2,0.25,4.0,256,4096,1024,4096,1792,595.067,647.36,567.166,-0.5336
mixed,8,2,0.25,4.0,256,4096,2048,8192,3584,624.673,794.976,639.876,0.0893
mixed,8,2,0.25,4.0,256,4096,4096,16384,7168,758.304,1107.455,919.487,0.4616
mixed,8,2,0.25,4.0,256,8192,128,512,224,647.265,644.508,647.038,
mixed,8,2,0.25,4.0,256,8192,256,1024,448,643.492,645.73,642.499,-0.4437
mixed,8,2,0.25,4.0,256,8192,512,2048,896,648.641,637.568,644.675,
mixed,8,2,0.25,4.0,256,8192,1024,4096,1792,645.024,958.082,644.608,-0.0013
mixed,8,2,0.25,4.0,256,8192,2048,8192,3584,866.306,954.56,806.148,-0.6816
mixed,8,2,0.25,4.0,256,8192,4096,16384,7168,915.679,1261.213,952.609,0.1069
mixed,8,2,0.25,4.0,512,0,128,512,224,364.704,364.031,365.76,
mixed,8,2,0.25,4.0,512,0,256,1024,448,363.873,404.064,402.625,0.9642
mixed,8,2,0.25,4.0,512,0,512,2048,896,394.753,480.607,480.191,0.9952
mixed,8,2,0.25,4.0,512,0,1024,4096,1792,459.807,635.873,629.601,0.9644
mixed,8,2,0.25,4.0,512,0,2048,8192,3584,596.126,937.857,941.153,1.0096
mixed,8,2,0.25,4.0,512,0,4096,16384,7168,861.955,1544.354,1546.077,1.0025
mixed,8,2,0.25,4.0,512,512,128,512,224,403.008,422.431,405.154,0.1105
mixed,8,2,0.25,4.0,512,512,256,1024,448,415.01,462.881,403.68,-0.2367
mixed,8,2,0.25,4.0,512,512,512,2048,896,453.25,537.024,480.193,0.3216
mixed,8,2,0.25,4.0,512,512,1024,4096,1792,519.618,694.596,631.361,0.6386
mixed,8,2,0.25,4.0,512,512,2048,8192,3584,654.045,996.96,936.642,0.8241
mixed,8,2,0.25,4.0,512,512,4096,16384,7168,925.636,1608.776,1550.371,0.9145
mixed,8,2,0.25,4.0,512,1024,128,512,224,443.745,441.316,442.334,
mixed,8,2,0.25,4.0,512,1024,256,1024,448,443.683,503.139,443.807,0.0021
mixed,8,2,0.25,4.0,512,1024,512,2048,896,479.397,581.091,481.344,0.0191
mixed,8,2,0.25,4.0,512,1024,1024,4096,1792,563.071,729.727,635.134,0.4324
mixed,8,2,0.25,4.0,512,1024,2048,8192,3584,694.593,1038.246,941.217,0.7177
mixed,8,2,0.25,4.0,512,1024,4096,16384,7168,962.277,1645.122,1550.591,0.8616
mixed,8,2,0.25,4.0,512,2048,128,512,224,516.705,520.801,515.041,-0.4063
mixed,8,2,0.25,4.0,512,2048,256,1024,448,521.474,514.914,519.426,
mixed,8,2,0.25,4.0,512,2048,512,2048,896,515.454,658.977,515.005,-0.0031
mixed,8,2,0.25,4.0,512,2048,1024,4096,1792,618.816,810.208,637.761,0.099
mixed,8,2,0.25,4.0,512,2048,2048,8192,3584,774.433,1119.872,937.861,0.4731
mixed,8,2,0.25,4.0,512,2048,4096,16384,7168,1048.421,1727.65,1554.181,0.7446
mixed,8,2,0.25,4.0,512,4096,128,512,224,679.074,679.04,681.502,
mixed,8,2,0.25,4.0,512,4096,256,1024,448,681.151,678.174,682.625,
mixed,8,2,0.25,4.0,512,4096,512,2048,896,679.493,681.408,686.272,3.5399
mixed,8,2,0.25,4.0,512,4096,1024,4096,1792,680.002,970.208,681.09,0.0037
mixed,8,2,0.25,4.0,512,4096,2048,8192,3584,886.494,1278.239,942.881,0.1439
mixed,8,2,0.25,4.0,512,4096,4096,16384,7168,1205.289,1886.56,1559.232,0.5195
mixed,8,2,0.25,4.0,512,8192,128,512,224,976.999,980.417,978.882,0.5509
mixed,8,2,0.25,4.0,512,8192,256,1024,448,976.893,985.598,979.937,0.3497
mixed,8,2,0.25,4.0,512,8192,512,2048,896,981.285,982.205,981.027,-0.2804
mixed,8,2,0.25,4.0,512,8192,1024,4096,1792,981.601,981.566,979.3,
mixed,8,2,0.25,4.0,512,8192,2048,8192,3584,981.346,1583.267,976.962,-0.0073
mixed,8,2,0.25,4.0,512,8192,4096,16384,7168,1427.362,2193.986,1561.536,0.175
mixed,8,2,0.25,4.0,1024,0,128,512,224,563.36,575.01,563.298,-0.0053
mixed,8,2,0.25,4.0,1024,0,256,1024,448,563.489,583.235,573.989,0.5318
mixed,8,2,0.25,4.0,1024,0,512,2048,896,578.693,589.503,580.13,0.1329
mixed,8,2,0.25,4.0,1024,0,1024,4096,1792,591.968,619.105,594.59,0.0966
mixed,8,2,0.25,4.0,1024,0,2048,8192,3584,613.22,661.663,613.502,0.0058
mixed,8,2,0.25,4.0,1024,0,4096,16384,7168,650.531,743.267,658.693,0.088
mixed,8,2,0.25,4.0,1024,512,128,512,224,671.908,675.458,674.176,0.6389
mixed,8,2,0.25,4.0,1024,512,256,1024,448,677.828,690.592,678.498,0.0525
mixed,8,2,0.25,4.0,1024,512,512,2048,896,696.547,699.84,684.675,-3.6052
mixed,8,2,0.25,4.0,1024,512,1024,4096,1792,701.536,720.257,707.297,0.3077
mixed,8,2,0.25,4.0,1024,512,2048,8192,3584,720.452,768.768,720.927,0.0098
mixed,8,2,0.25,4.0,1024,512,4096,16384,7168,758.239,849.059,759.997,0.0194
mixed,8,2,0.25,4.0,1024,1024,128,512,224,717.12,720.933,711.843,-1.3839
mixed,8,2,0.25,4.0,1024,1024,256,1024,448,722.467,729.158,726.142,0.5492
mixed,8,2,0.25,4.0,1024,1024,512,2048,896,734.013,739.424,730.53,-0.6437
mixed,8,2,0.25,4.0,1024,1024,1024,4096,1792,744.547,765.667,748.803,0.2015
mixed,8,2,0.25,4.0,1024,1024,2048,8192,3584,760.125,818.785,764.285,0.0709
mixed,8,2,0.25,4.0,1024,1024,4096,16384,7168,799.011,894.658,801.985,0.0311
mixed,8,2,0.25,4.0,1024,2048,128,512,224,791.935,789.594,798.655,
mixed,8,2,0.25,4.0,1024,2048,256,1024,448,799.391,810.942,802.048,0.23
mixed,8,2,0.25,4.0,1024,2048,512,2048,896,815.586,820.253,811.425,-0.8916
mixed,8,2,0.25,4.0,1024,2048,1024,4096,1792,827.836,842.49,819.772,-0.5503
mixed,8,2,0.25,4.0,1024,2048,2048,8192,3584,842.274,885.76,849.473,0.1655
mixed,8,2,0.25,4.0,1024,2048,4096,16384,7168,881.216,975.23,888.965,0.0824
mixed,8,2,0.25,4.0,1024,4096,128,512,224,959.327,969.315,966.625,0.7307
mixed,8,2,0.25,4.0,1024,4096,256,1024,448,970.568,968.262,973.732,
mixed,8,2,0.25,4.0,1024,4096,512,2048,896,978.82,986.979,991.872,1.5997
mixed,8,2,0.25,4.0,1024,4096,1024,4096,1792,988.707,1015.585,992.55,0.143
mixed,8,2,0.25,4.0,1024,4096,2048,8192,3584,1005.216,1049.57,1010.467,0.1184
mixed,8,2,0.25,4.0,1024,4096,4096,16384,7168,1043.81,1130.532,1049.376,0.0642
mixed,8,2,0.25,4.0,1024,8192,128,512,224,1285.824,1294.852,1288.804,0.3301
mixed,8,2,0.25,4.0,1024,8192,256,1024,448,1293.918,1300.805,1304.351,1.5149
mixed,8,2,0.25,4.0,1024,8192,512,2048,896,1314.08,1309.538,1315.933,
mixed,8,2,0.25,4.0,1024,8192,1024,4096,1792,1316.833,1339.97,1327.301,0.4524
mixed,8,2,0.25,4.0,1024,8192,2048,8192,3584,1332.55,1377.728,1340.253,0.1705
mixed,8,2,0.25,4.0,1024,8192,4096,16384,7168,1374.841,1459.46,1373.922,-0.0109
mixed,8,2,0.25,4.0,2048,0,128,512,224,904.065,914.92,914.851,0.9936
mixed,8,2,0.25,4.0,2048,0,256,1024,448,914.75,926.528,911.742,-0.2554
mixed,8,2,0.25,4.0,2048,0,512,2048,896,930.304,937.924,925.248,-0.6635
mixed,8,2,0.25,4.0,2048,0,1024,4096,1792,937.218,962.142,942.626,0.217
mixed,8,2,0.25,4.0,2048,0,2048,8192,3584,956.643,1007.748,957.571,0.0182
mixed,8,2,0.25,4.0,2048,0,4096,16384,7168,996.452,1084.193,1004.862,0.0959
mixed,8,2,0.25,4.0,2048,512,128,512,224,1057.76,1062.243,1055.136,-0.5853
mixed,8,2,0.25,4.0,2048,512,256,1024,448,1061.7,1074.044,1057.09,-0.3735
mixed,8,2,0.25,4.0,2048,512,512,2048,896,1072.796,1086.98,1092.484,1.388
mixed,8,2,0.25,4.0,2048,512,1024,4096,1792,1088.809,1104.639,1091.967,0.1995
mixed,8,2,0.25,4.0,2048,512,2048,8192,3584,1098.432,1156.736,1101.951,0.0604
mixed,8,2,0.25,4.0,2048,512,4096,16384,7168,1143.554,1230.751,1150.112,0.0752
mixed,8,2,0.25,4.0,2048,1024,128,512,224,1118.051,1121.379,1115.458,-0.7791
mixed,8,2,0.25,4.0,2048,1024,256,1024,448,1122.117,1130.015,1119.969,-0.272
mixed,8,2,0.25,4.0,2048,1024,512,2048,896,1137.99,1138.535,1142.209,7.7413
mixed,8,2,0.25,4.0,2048,1024,1024,4096,1792,1140.35,1159.715,1146.464,0.3157
mixed,8,2,0.25,4.0,2048,1024,2048,8192,3584,1158.369,1203.296,1166.083,0.1717
mixed,8,2,0.25,4.0,2048,1024,4096,16384,7168,1195.972,1285.797,1200.836,0.0541
mixed,8,2,0.25,4.0,2048,2048,128,512,224,1222.405,1227.364,1236.324,2.8068
mixed,8,2,0.25,4.0,2048,2048,256,1024,448,1234.497,1239.238,1224.614,-2.0846
mixed,8,2,0.25,4.0,2048,2048,512,2048,896,1242.08,1250.88,1255.364,1.5095
mixed,8,2,0.25,4.0,2048,2048,1024,4096,1792,1250.083,1277.415,1255.169,0.1861
mixed,8,2,0.25,4.0,2048,2048,2048,8192,3584,1269.506,1311.398,1277.018,0.1793
mixed,8,2,0.25,4.0,2048,2048,4096,16384,7168,1312.161,1404.932,1321.091,0.0963
mixed,8,2,0.25,4.0,2048,4096,128,512,224,1475.269,1476.995,1486.272,6.3749
mixed,8,2,0.25,4.0,2048,4096,256,1024,448,1480.252,1485.317,1482.272,0.3988
mixed,8,2,0.25,4.0,2048,4096,512,2048,896,1495.621,1497.732,1506.148,4.9867
mixed,8,2,0.25,4.0,2048,4096,1024,4096,1792,1510.017,1522.882,1510.947,0.0723
mixed,8,2,0.25,4.0,2048,4096,2048,8192,3584,1526.02,1569.859,1522.881,-0.0716
mixed,8,2,0.25,4.0,2048,4096,4096,16384,7168,1547.679,1640.385,1572.702,0.2699
mixed,8,2,0.25,4.0,2048,8192,128,512,224,1936.858,1946.471,1942.145,0.55
mixed,8,2,0.25,4.0,2048,8192,256,1024,448,1939.424,1954.531,1948.676,0.6124
mixed,8,2,0.25,4.0,2048,8192,512,2048,896,1956.361,1967.015,1957.383,0.0959
mixed,8,2,0.25,4.0,2048,8192,1024,4096,1792,1971.586,1976.835,1964.355,-1.3776
mixed,8,2,0.25,4.0,2048,8192,2048,8192,3584,1982.536,2018.761,1978.561,-0.1097
mixed,8,2,0.25,4.0,2048,8192,4096,16384,7168,2015.081,2109.383,2020.871,0.0614
pure,8,3,0.375,4.0,0,0,128,512,272,187.937,194.589,191.903,0.5962
pure,8,3,0.375,4.0,0,0,256,1024,544,192.323,198.46,193.921,0.2604
pure,8,3,0.375,4.0,0,0,512,2048,1088,199.713,208.547,204.674,0.5616
pure,8,3,0.375,4.0,0,0,1024,4096,2176,211.36,226.209,214.276,0.1964
pure,8,3,0.375,4.0,0,0,2048,8192,4352,229.951,267.489,235.648,0.1518
pure,8,3,0.375,4.0,0,0,4096,16384,8704,273.472,345.312,277.09,0.0504
mixed,8,3,0.375,4.0,16,0,128,512,272,213.664,214.241,211.649,-3.4922
mixed,8,3,0.375,4.0,16,0,256,1024,544,216.031,218.69,213.057,-1.1185
mixed,8,3,0.375,4.0,16,0,512,2048,1088,228.861,232.836,227.391,-0.3698
mixed,8,3,0.375,4.0,16,0,1024,4096,2176,235.649,252.125,231.587,-0.2465
mixed,8,3,0.375,4.0,16,0,2048,8192,4352,254.787,289.953,252.256,-0.072
mixed,8,3,0.375,4.0,16,0,4096,16384,8704,297.664,368.544,298.497,0.0118
mixed,8,3,0.375,4.0,16,512,128,512,272,231.55,230.464,229.79,
mixed,8,3,0.375,4.0,16,512,256,1024,544,231.072,238.207,227.717,-0.4702
mixed,8,3,0.375,4.0,16,512,512,2048,1088,238.562,246.047,240.896,0.3118
mixed,8,3,0.375,4.0,16,512,1024,4096,2176,247.326,259.491,250.399,0.2526
mixed,8,3,0.375,4.0,16,512,2048,8192,4352,261.122,291.295,259.675,-0.048
mixed,8,3,0.375,4.0,16,512,4096,16384,8704,296.898,369.982,298.082,0.0162
mixed,8,3,0.375,4.0,16,1024,128,512,272,233.887,235.458,233.889,0.0013
mixed,8,3,0.375,4.0,16,1024,256,1024,544,236.61,239.808,235.549,-0.3318
mixed,8,3,0.375,4.0,16,1024,512,2048,1088,241.25,247.52,246.879,0.8978
mixed,8,3,0.375,4.0,16,1024,1024,4096,2176,250.018,268.894,251.39,0.0727
mixed,8,3,0.375,4.0,16,1024,2048,8192,4352,264.705,290.753,272.547,0.3011
mixed,8,3,0.375,4.0,16,1024,4096,16384,8704,295.745,369.853,298.43,0.0362
mixed,8,3,0.375,4.0,16,2048,128,512,272,246.21,248.83,245.506,-0.2687
mixed,8,3,0.375,4.0,16,2048,256,1024,544,248.897,242.848,246.818,
mixed,8,3,0.375,4.0,16,2048,512,2048,1088,245.152,251.808,246.59,0.216
mixed,8,3,0.375,4.0,16,2048,1024,4096,2176,251.84,267.712,254.145,0.1452
mixed,8,3,0.375,4.0,16,2048,2048,8192,4352,269.089,292.452,272.16,0.1314
mixed,8,3,0.375,4.0,16,2048,4096,16384,8704,305.088,363.811,305.245,0.0027
mixed,8,3,0.375,4.0,16,4096,128,512,272,256.61,260.828,260.991,1.0386
mixed,8,3,0.375,4.0,16,4096,256,1024,544,260.61,258.593,262.079,
mixed,8,3,0.375,4.0,16,4096,512,2048,1088,256.384,259.07,253.888,-0.9293
mixed,8,3,0.375,4.0,16,4096,1024,4096,2176,259.87,274.017,258.814,-0.0746
mixed,8,3,0.375,4.0,16,4096,2048,8192,4352,272.994,306.66,277.794,0.1426
mixed,8,3,0.375,4.0,16,4096,4096,16384,8704,298.847,364.897,304.575,0.0867
mixed,8,3,0.375,4.0,16,8192,128,512,272,279.357,278.752,276.415,
mixed,8,3,0.375,4.0,16,8192,256,1024,544,277.984,275.619,277.572,
mixed,8,3,0.375,4.0,16,8192,512,2048,1088,275.363,277.279,274.621,-0.3873
mixed,8,3,0.375,4.0,16,8192,1024,4096,2176,278.751,284.961,276.605,-0.3456
mixed,8,3,0.375,4.0,16,8192,2048,8192,4352,279.744,314.689,285.952,0.1777
mixed,8,3,0.375,4.0,16,8192,4096,16384,8704,306.786,380.828,309.632,0.0384
mixed,8,3,0.375,4.0,32,0,128,512,272,218.557,218.819,213.573,-19.0229
mixed,8,3,0.375,4.0,32,0,256,1024,544,219.936,223.137,218.814,-0.3505
mixed,8,3,0.375,4.0,32,0,512,2048,1088,226.782,239.328,223.934,-0.227
mixed,8,3,0.375,4.0,32,0,1024,4096,2176,238.559,254.084,239.101,0.0349
mixed,8,3,0.375,4.0,32,0,2048,8192,4352,259.805,294.942,263.939,0.1177
mixed,8,3,0.375,4.0,32,0,4096,16384,8704,300.607,374.462,316.929,0.221
mixed,8,3,0.375,4.0,32,512,128,512,272,239.812,241.251,234.494,-3.6956
mixed,8,3,0.375,4.0,32,512,256,1024,544,239.937,244.45,241.855,0.425
mixed,8,3,0.375,4.0,32,512,512,2048,1088,247.361,254.847,239.138,-1.0985
mixed,8,3,0.375,4.0,32,512,1024,4096,2176,254.302,266.916,241.215,-1.0375
mixed,8,3,0.375,4.0,32,512,2048,8192,4352,261.473,296.894,267.776,0.1779
mixed,8,3,0.375,4.0,32,512,4096,16384,8704,301.824,374.147,313.855,0.1664
mixed,8,3,0.375,4.0,32,1024,128,512,272,247.678,247.938,248.641,3.7038
mixed,8,3,0.375,4.0,32,1024,256,1024,544,248.093,248.193,248.353,2.6
mixed,8,3,0.375,4.0,32,1024,512,2048,1088,247.901,253.408,248.511,0.1108
mixed,8,3,0.375,4.0,32,1024,1024,4096,2176,256.447,266.048,250.08,-0.6632
mixed,8,3,0.375,4.0,32,1024,2048,8192,4352,273.472,300.994,268.896,-0.1663
mixed,8,3,0.375,4.0,32,1024,4096,16384,8704,301.346,368.67,317.056,0.2333
mixed,8,3,0.375,4.0,32,2048,128,512,272,259.395,263.648,258.912,-0.1136
mixed,8,3,0.375,4.0,32,2048,256,1024,544,262.721,255.008,260.864,
mixed,8,3,0.375,4.0,32,2048,512,2048,1088,255.453,259.489,256.448,0.2465
mixed,8,3,0.375,4.0,32,2048,1024,4096,2176,258.755,276.992,260.354,0.0877
mixed,8,3,0.375,4.0,32,2048,2048,8192,4352,278.404,310.527,266.849,-0.3597
mixed,8,3,0.375,4.0,32,2048,4096,16384,8704,307.329,373.247,319.936,0.1913
mixed,8,3,0.375,4.0,32,4096,128,512,272,277.125,275.423,275.329,
mixed,8,3,0.375,4.0,32,4096,256,1024,544,276.0,275.427,275.168,
mixed,8,3,0.375,4.0,32,4096,512,2048,1088,273.95,273.951,273.279,-671.0
mixed,8,3,0.375,4.0,32,4096,1024,4096,2176,276.034,284.997,274.947,-0.1213
mixed,8,3,0.375,4.0,32,4096,2048,8192,4352,281.119,312.611,289.28,0.2591
mixed,8,3,0.375,4.0,32,4096,4096,16384,8704,311.038,377.472,317.218,0.093
mixed,8,3,0.375,4.0,32,8192,128,512,272,299.615,296.992,299.904,
mixed,8,3,0.375,4.0,32,8192,256,1024,544,297.055,294.881,296.158,
mixed,8,3,0.375,4.0,32,8192,512,2048,1088,296.77,299.008,294.304,-1.1019
mixed,8,3,0.375,4.0,32,8192,1024,4096,2176,297.536,305.793,297.027,-0.0616
mixed,8,3,0.375,4.0,32,8192,2048,8192,4352,300.322,325.153,306.878,0.264
mixed,8,3,0.375,4.0,32,8192,4096,16384,8704,321.631,387.329,325.503,0.0589
mixed,8,3,0.375,4.0,64,0,128,512,272,225.566,224.353,220.703,
mixed,8,3,0.375,4.0,64,0,256,1024,544,226.365,233.86,227.397,0.1377
mixed,8,3,0.375,4.0,64,0,512,2048,1088,233.824,242.433,238.946,0.595
mixed,8,3,0.375,4.0,64,0,1024,4096,2176,243.711,270.206,255.807,0.4565
mixed,8,3,0.375,4.0,64,0,2048,8192,4352,271.039,309.665,299.006,0.724
mixed,8,3,0.375,4.0,64,0,4096,16384,8704,316.191,389.437,377.089,0.8314
mixed,8,3,0.375,4.0,64,512,128,512,272,253.535,255.615,254.434,0.4322
mixed,8,3,0.375,4.0,64,512,256,1024,544,254.305,253.82,248.482,
mixed,8,3,0.375,4.0,64,512,512,2048,1088,255.455,248.673,245.796,
mixed,8,3,0.375,4.0,64,512,1024,4096,2176,250.335,272.193,267.104,0.7672
mixed,8,3,0.375,4.0,64,512,2048,8192,4352,275.009,310.976,303.269,0.7857
mixed,8,3,0.375,4.0,64,512,4096,16384,8704,317.411,390.367,381.022,0.8719
mixed,8,3,0.375,4.0,64,1024,128,512,272,265.251,264.896,263.648,
mixed,8,3,0.375,4.0,64,1024,256,1024,544,266.143,263.142,263.647,
mixed,8,3,0.375,4.0,64,1024,512,2048,1088,262.948,264.895,257.058,-3.0252
mixed,8,3,0.375,4.0,64,1024,1024,4096,2176,264.515,276.578,266.913,0.1988
mixed,8,3,0.375,4.0,64,1024,2048,8192,4352,278.303,315.104,306.407,0.7637
mixed,8,3,0.375,4.0,64,1024,4096,16384,8704,322.722,387.968,381.955,0.9078
mixed,8,3,0.375,4.0,64,2048,128,512,272,275.202,277.76,276.222,0.3987
mixed,8,3,0.375,4.0,64,2048,256,1024,544,276.547,276.477,276.387,
mixed,8,3,0.375,4.0,64,2048,512,2048,1088,275.907,276.131,275.839,-0.3036
mixed,8,3,0.375,4.0,64,2048,1024,4096,2176,278.756,287.487,269.251,-1.0886
mixed,8,3,0.375,4.0,64,2048,2048,8192,4352,282.914,325.89,307.901,0.5814
mixed,8,3,0.375,4.0,64,2048,4096,16384,8704,332.002,403.166,385.343,0.7496
mixed,8,3,0.375,4.0,64,4096,128,512,272,292.35,301.44,299.553,0.7924
mixed,8,3,0.375,4.0,64,4096,256,1024,544,298.85,299.489,299.709,1.3443
mixed,8,3,0.375,4.0,64,4096,512,2048,1088,299.843,302.526,299.23,-0.2285
mixed,8,3,0.375,4.0,64,4096,1024,4096,2176,301.727,313.151,301.601,-0.011
mixed,8,3,0.375,4.0,64,4096,2048,8192,4352,305.698,320.703,310.593,0.3262
mixed,8,3,0.375,4.0,64,4096,4096,16384,8704,323.904,417.952,386.687,0.6676
mixed,8,3,0.375,4.0,64,8192,128,512,272,338.848,324.353,338.882,
mixed,8,3,0.375,4.0,64,8192,256,1024,544,325.025,342.59,329.887,0.2768
mixed,8,3,0.375,4.0,64,8192,512,2048,1088,342.402,342.658,341.633,-3.0039
mixed,8,3,0.375,4.0,64,8192,1024,4096,2176,341.694,352.166,340.738,-0.0913
mixed,8,3,0.375,4.0,64,8192,2048,8192,4352,358.27,369.953,354.05,-0.3612
mixed,8,3,0.375,4.0,64,8192,4096,16384,8704,372.833,401.506,388.449,0.5446
mixed,8,3,0.375,4.0,128,0,128,512,272,267.809,256.253,264.317,
mixed,8,3,0.375,4.0,128,0,256,1024,544,256.193,264.416,260.223,0.4901
mixed,8,3,0.375,4.0,128,0,512,2048,1088,262.751,283.552,282.274,0.9386
mixed,8,3,0.375,4.0,128,0,1024,4096,2176,281.12,321.664,319.969,0.9582
mixed,8,3,0.375,4.0,128,0,2048,8192,4352,326.879,399.841,395.426,0.9395
mixed,8,3,0.375,4.0,128,0,4096,16384,8704,408.638,556.387,549.025,0.9502
mixed,8,3,0.375,4.0,128,512,128,512,272,296.673,294.108,292.224,
mixed,8,3,0.375,4.0,128,512,256,1024,544,290.628,289.506,288.227,
mixed,8,3,0.375,4.0,128,512,512,2048,1088,286.369,297.34,299.425,1.19
mixed,8,3,0.375,4.0,128,512,1024,4096,2176,298.462,336.8,334.142,0.9307
mixed,8,3,0.375,4.0,128,512,2048,8192,4352,342.273,400.701,412.002,1.1934
mixed,8,3,0.375,4.0,128,512,4096,16384,8704,409.376,557.089,550.21,0.9534
mixed,8,3,0.375,4.0,128,1024,128,512,272,308.928,309.729,308.704,-0.2797
mixed,8,3,0.375,4.0,128,1024,256,1024,544,309.441,309.63,310.109,3.5344
mixed,8,3,0.375,4.0,128,1024,512,2048,1088,310.149,300.737,300.899,
mixed,8,3,0.375,4.0,128,1024,1024,4096,2176,300.958,338.556,338.083,0.9874
mixed,8,3,0.375,4.0,128,1024,2048,8192,4352,342.852,414.848,410.91,0.9453
mixed,8,3,0.375,4.0,128,1024,4096,16384,8704,423.555,558.686,563.713,1.0372
mixed,8,3,0.375,4.0,128,2048,128,512,272,314.753,349.41,320.446,0.1643
mixed,8,3,0.375,4.0,128,2048,256,1024,544,349.599,354.814,356.607,1.3438
mixed,8,3,0.375,4.0,128,2048,512,2048,1088,353.023,331.33,361.469,
mixed,8,3,0.375,4.0,128,2048,1024,4096,2176,331.84,341.987,339.36,0.7411
mixed,8,3,0.375,4.0,128,2048,2048,8192,4352,347.524,415.681,416.83,1.0169
mixed,8,3,0.375,4.0,128,2048,4096,16384,8704,425.343,570.561,564.544,0.9586
mixed,8,3,0.375,4.0,128,4096,128,512,272,366.147,353.855,363.616,
mixed,8,3,0.375,4.0,128,4096,256,1024,544,355.327,428.132,365.631,0.1415
mixed,8,3,0.375,4.0,128,4096,512,2048,1088,432.868,432.64,430.976,
mixed,8,3,0.375,4.0,128,4096,1024,4096,2176,438.752,388.195,432.577,
mixed,8,3,0.375,4.0,128,4096,2048,8192,4352,380.638,422.4,416.161,0.8506
mixed,8,3,0.375,4.0,128,4096,4096,16384,8704,431.935,574.273,572.93,0.9906
mixed,8,3,0.375,4.0,128,8192,128,512,272,442.146,441.282,442.53,
mixed,8,3,0.375,4.0,128,8192,256,1024,544,444.099,431.618,441.504,
mixed,8,3,0.375,4.0,128,8192,512,2048,1088,438.526,587.967,467.266,0.1923
mixed,8,3,0.375,4.0,128,8192,1024,4096,2176,597.474,589.152,591.168,
mixed,8,3,0.375,4.0,128,8192,2048,8192,4352,601.856,484.865,591.329,
mixed,8,3,0.375,4.0,128,8192,4096,16384,8704,488.0,582.305,576.355,0.9369
mixed,8,3,0.375,4.0,256,0,128,512,272,328.609,321.25,327.266,
mixed,8,3,0.375,4.0,256,0,256,1024,544,321.025,308.543,344.512,
mixed,8,3,0.375,4.0,256,0,512,2048,1088,313.088,351.968,349.634,0.94
mixed,8,3,0.375,4.0,256,0,1024,4096,2176,354.08,420.256,423.454,1.0483
mixed,8,3,0.375,4.0,256,0,2048,8192,4352,443.586,585.057,583.964,0.9923
mixed,8,3,0.375,4.0,256,0,4096,16384,8704,600.098,882.311,896.668,1.0509
mixed,8,3,0.375,4.0,256,512,128,512,272,367.105,369.315,358.433,-3.924
mixed,8,3,0.375,4.0,256,512,256,1024,544,370.943,389.66,388.223,0.9232
mixed,8,3,0.375,4.0,256,512,512,2048,1088,393.666,430.238,424.832,0.8522
mixed,8,3,0.375,4.0,256,512,1024,4096,2176,432.955,504.959,502.847,0.9707
mixed,8,3,0.375,4.0,256,512,2048,8192,4352,514.5,584.515,662.181,2.1093
mixed,8,3,0.375,4.0,256,512,4096,16384,8704,603.202,887.745,888.994,1.0044
mixed,8,3,0.375,4.0,256,1024,128,512,272,363.234,410.815,377.28,0.2952
mixed,8,3,0.375,4.0,256,1024,256,1024,544,407.102,404.225,407.876,
mixed,8,3,0.375,4.0,256,1024,512,2048,1088,413.537,448.161,448.834,1.0194
mixed,8,3,0.375,4.0,256,1024,1024,4096,2176,452.865,529.795,518.944,0.8589
mixed,8,3,0.375,4.0,256,1024,2048,8192,4352,532.831,583.04,676.385,2.8591
mixed,8,3,0.375,4.0,256,1024,4096,16384,8704,605.411,885.984,883.137,0.9899
mixed,8,3,0.375,4.0,256,2048,128,512,272,409.09,399.487,408.256,
mixed,8,3,0.375,4.0,256,2048,256,1024,544,399.747,487.332,428.003,0.3226
mixed,8,3,0.375,4.0,256,2048,512,2048,1088,485.249,484.479,482.881,
mixed,8,3,0.375,4.0,256,2048,1024,4096,2176,491.167,560.704,564.191,1.0501
mixed,8,3,0.375,4.0,256,2048,2048,8192,4352,571.646,722.305,715.393,0.9541
mixed,8,3,0.375,4.0,256,2048,4096,16384,8704,736.162,900.897,1026.019,1.7595
mixed,8,3,0.375,4.0,256,4096,128,512,272,483.553,482.562,483.903,
mixed,8,3,0.375,4.0,256,4096,256,1024,544,481.598,480.383,483.266,
mixed,8,3,0.375,4.0,256,4096,512,2048,1088,485.824,640.323,529.408,0.2821
mixed,8,3,0.375,4.0,256,4096,1024,4096,2176,657.346,641.827,634.369,
mixed,8,3,0.375,4.0,256,4096,2048,8192,4352,652.482,808.865,796.996,0.9241
mixed,8,3,0.375,4.0,256,4096,4096,16384,8704,819.039,1110.148,1105.477,0.984
mixed,8,3,0.375,4.0,256,8192,128,512,272,646.564,645.628,645.09,
mixed,8,3,0.375,4.0,256,8192,256,1024,544,647.392,641.246,649.052,
mixed,8,3,0.375,4.0,256,8192,512,2048,1088,642.242,640.544,645.443,
mixed,8,3,0.375,4.0,256,8192,1024,4096,2176,658.626,949.854,725.99,0.2313
mixed,8,3,0.375,4.0,256,8192,2048,8192,4352,968.803,946.015,950.725,
mixed,8,3,0.375,4.0,256,8192,4096,16384,8704,982.785,1271.907,1271.487,0.9985
mixed,8,3,0.375,4.0,512,0,128,512,272,365.407,368.162,369.444,1.4653
mixed,8,3,0.375,4.0,512,0,256,1024,544,366.34,403.362,404.897,1.0415
mixed,8,3,0.375,4.0,512,0,512,2048,1088,408.416,482.946,482.56,0.9948
mixed,8,3,0.375,4.0,512,0,1024,4096,2176,491.106,633.185,631.104,0.9854
mixed,8,3,0.375,4.0,512,0,2048,8192,4352,653.819,943.421,936.93,0.9776
mixed,8,3,0.375,4.0,512,0,4096,16384,8704,980.126,1546.916,1544.903,0.9964
mixed,8,3,0.375,4.0,512,512,128,512,272,401.953,423.905,403.264,0.0597
mixed,8,3,0.375,4.0,512,512,256,1024,544,426.369,464.865,408.001,-0.4771
mixed,8,3,0.375,4.0,512,512,512,2048,1088,469.023,538.687,484.54,0.2227
mixed,8,3,0.375,4.0,512,512,1024,4096,2176,545.695,695.104,632.769,0.5828
mixed,8,3,0.375,4.0,512,512,2048,8192,4352,711.262,998.018,937.345,0.7884
mixed,8,3,0.375,4.0,512,512,4096,16384,8704,1040.578,1609.699,1546.977,0.8898
mixed,8,3,0.375,4.0,512,1024,128,512,272,443.391,444.19,444.897,1.8849
mixed,8,3,0.375,4.0,512,1024,256,1024,544,441.056,499.521,443.519,0.0421
mixed,8,3,0.375,4.0,512,1024,512,2048,1088,511.682,584.675,479.358,-0.4428
mixed,8,3,0.375,4.0,512,1024,1024,4096,2176,589.119,735.617,634.305,0.3084
mixed,8,3,0.375,4.0,512,1024,2048,8192,4352,754.469,1045.409,943.936,0.6512
mixed,8,3,0.375,4.0,512,1024,4096,16384,8704,1077.921,1643.812,1556.868,0.8464
mixed,8,3,0.375,4.0,512,2048,128,512,272,518.048,521.666,518.975,0.2562
mixed,8,3,0.375,4.0,512,2048,256,1024,544,519.39,521.185,518.335,-0.5877
mixed,8,3,0.375,4.0,512,2048,512,2048,1088,521.825,655.618,542.305,0.1531
mixed,8,3,0.375,4.0,512,2048,1024,4096,2176,667.069,808.195,639.838,-0.193
mixed,8,3,0.375,4.0,512,2048,2048,8192,4352,829.632,1120.353,951.2,0.4182
mixed,8,3,0.375,4.0,512,2048,4096,16384,8704,1160.16,1726.502,1555.428,0.6979
mixed,8,3,0.375,4.0,512,4096,128,512,272,683.807,679.908,683.006,
mixed,8,3,0.375,4.0,512,4096,256,1024,544,682.367,679.524,683.938,
mixed,8,3,0.375,4.0,512,4096,512,2048,1088,681.41,679.843,684.097,
mixed,8,3,0.375,4.0,512,4096,1024,4096,2176,678.72,968.417,740.067,0.2118
mixed,8,3,0.375,4.0,512,4096,2048,8192,4352,986.883,1284.64,950.949,-0.1207
mixed,8,3,0.375,4.0,512,4096,4096,16384,8704,1317.284,1890.852,1562.402,0.4274
mixed,8,3,0.375,4.0,512,8192,128,512,272,982.756,978.462,981.478,
mixed,8,3,0.375,4.0,512,8192,256,1024,544,976.734,976.132,976.13,
mixed,8,3,0.375,4.0,512,8192,512,2048,1088,981.281,974.754,981.955,
mixed,8,3,0.375,4.0,512,8192,1024,4096,2176,972.96,976.611,980.514,2.069
mixed,8,3,0.375,4.0,512,8192,2048,8192,4352,1004.769,1575.492,1118.118,0.1986
mixed,8,3,0.375,4.0,512,8192,4096,16384,8704,1608.483,2179.556,1561.474,-0.0823
mixed,8,3,0.375,4.0,1024,0,128,512,272,562.786,569.955,563.038,0.0352
mixed,8,3,0.375,4.0,1024,0,256,1024,544,571.006,581.313,568.454,-0.2476
mixed,8,3,0.375,4.0,1024,0,512,2048,1088,580.447,590.532,583.006,0.2537
mixed,8,3,0.375,4.0,1024,0,1024,4096,2176,586.244,613.792,595.684,0.3427
mixed,8,3,0.375,4.0,1024,0,2048,8192,4352,621.447,660.127,623.424,0.0511
mixed,8,3,0.375,4.0,1024,0,4096,16384,8704,667.842,739.939,669.7,0.0258
mixed,8,3,0.375,4.0,1024,512,128,512,272,674.657,681.406,670.056,-0.6817
mixed,8,3,0.375,4.0,1024,512,256,1024,544,676.997,689.218,679.839,0.2326
mixed,8,3,0.375,4.0,1024,512,512,2048,1088,690.882,703.008,685.373,-0.4543
mixed,8,3,0.375,4.0,1024,512,1024,4096,2176,693.86,726.914,703.773,0.2999
mixed,8,3,0.375,4.0,1024,512,2048,8192,4352,725.123,764.002,728.703,0.0921
mixed,8,3,0.375,4.0,1024,512,4096,16384,8704,772.992,844.096,785.309,0.1732
mixed,8,3,0.375,4.0,1024,1024,128,512,272,712.062,721.087,716.034,0.4401
mixed,8,3,0.375,4.0,1024,1024,256,1024,544,717.051,730.719,722.24,0.3796
mixed,8,3,0.375,4.0,1024,1024,512,2048,1088,736.164,744.156,738.146,0.248
mixed,8,3,0.375,4.0,1024,1024,1024,4096,2176,744.098,766.115,747.997,0.1771
mixed,8,3,0.375,4.0,1024,1024,2048,8192,4352,767.682,815.618,774.494,0.1421
mixed,8,3,0.375,4.0,1024,1024,4096,16384,8704,815.776,894.631,824.161,0.1063
mixed,8,3,0.375,4.0,1024,2048,128,512,272,799.878,802.019,799.902,0.0112
mixed,8,3,0.375,4.0,1024,2048,256,1024,544,801.279,815.683,801.668,0.027
mixed,8,3,0.375,4.0,1024,2048,512,2048,1088,813.412,823.14,812.128,-0.132
mixed,8,3,0.375,4.0,1024,2048,1024,4096,2176,818.142,844.354,828.162,0.3823
mixed,8,3,0.375,4.0,1024,2048,2048,8192,4352,852.513,888.77,853.634,0.0309
mixed,8,3,0.375,4.0,1024,2048,4096,16384,8704,904.865,972.291,905.698,0.0124
mixed,8,3,0.375,4.0,1024,4096,128,512,272,962.851,970.977,955.263,-0.9338
mixed,8,3,0.375,4.0,1024,4096,256,1024,544,971.262,978.722,969.597,-0.2232
mixed,8,3,0.375,4.0,1024,4096,512,2048,1088,980.128,989.533,979.809,-0.0339
mixed,8,3,0.375,4.0,1024,4096,1024,4096,2176,987.585,1009.509,993.917,0.2888
mixed,8,3,0.375,4.0,1024,4096,2048,8192,4352,1015.072,1049.698,1018.274,0.0925
mixed,8,3,0.375,4.0,1024,4096,4096,16384,8704,1060.673,1128.645,1055.359,-0.0782
mixed,8,3,0.375,4.0,1024,8192,128,512,272,1287.9,1292.93,1291.297,0.6753
mixed,8,3,0.375,4.0,1024,8192,256,1024,544,1295.624,1298.371,1298.148,0.9188
mixed,8,3,0.375,4.0,1024,8192,512,2048,1088,1302.693,1311.396,1306.751,0.4663
mixed,8,3,0.375,4.0,1024,8192,1024,4096,2176,1310.947,1332.961,1310.341,-0.0275
mixed,8,3,0.375,4.0,1024,8192,2048,8192,4352,1336.073,1374.656,1338.242,0.0562
mixed,8,3,0.375,4.0,1024,8192,4096,16384,8704,1385.315,1459.163,1387.393,0.0281
mixed,8,3,0.375,4.0,2048,0,128,512,272,904.418,915.719,916.454,1.065
mixed,8,3,0.375,4.0,2048,0,256,1024,544,919.778,920.511,916.964,-3.839
mixed,8,3,0.375,4.0,2048,0,512,2048,1088,925.601,935.297,927.11,0.1556
mixed,8,3,0.375,4.0,2048,0,1024,4096,2176,939.073,961.342,937.985,-0.0489
mixed,8,3,0.375,4.0,2048,0,2048,8192,4352,967.715,1005.856,970.755,0.0797
mixed,8,3,0.375,4.0,2048,0,4096,16384,8704,1011.388,1089.51,1019.298,0.1013
mixed,8,3,0.375,4.0,2048,512,128,512,272,1057.766,1060.482,1053.508,-1.5677
mixed,8,3,0.375,4.0,2048,512,256,1024,544,1064.929,1070.626,1062.273,-0.4662
mixed,8,3,0.375,4.0,2048,512,512,2048,1088,1079.748,1084.198,1072.257,-1.6834
mixed,8,3,0.375,4.0,2048,512,1024,4096,2176,1082.238,1107.271,1086.468,0.169
mixed,8,3,0.375,4.0,2048,512,2048,8192,4352,1109.38,1149.828,1116.258,0.17
mixed,8,3,0.375,4.0,2048,512,4096,16384,8704,1162.852,1229.632,1156.801,-0.0906
mixed,8,3,0.375,4.0,2048,1024,128,512,272,1120.193,1121.792,1113.7,-4.0607
mixed,8,3,0.375,4.0,2048,1024,256,1024,544,1116.552,1128.993,1121.349,0.3856
mixed,8,3,0.375,4.0,2048,1024,512,2048,1088,1132.992,1143.141,1133.828,0.0824
mixed,8,3,0.375,4.0,2048,1024,1024,4096,2176,1142.595,1161.953,1147.33,0.2446
mixed,8,3,0.375,4.0,2048,1024,2048,8192,4352,1166.44,1204.929,1175.875,0.2451
mixed,8,3,0.375,4.0,2048,1024,4096,16384,8704,1211.555,1291.107,1220.833,0.1166
mixed,8,3,0.375,4.0,2048,2048,128,512,272,1224.513,1231.777,1229.025,0.6211
mixed,8,3,0.375,4.0,2048,2048,256,1024,544,1238.466,1239.087,1233.979,-7.2254
mixed,8,3,0.375,4.0,2048,2048,512,2048,1088,1245.376,1253.959,1247.037,0.1935
mixed,8,3,0.375,4.0,2048,2048,1024,4096,2176,1249.214,1276.93,1256.705,0.2703
mixed,8,3,0.375,4.0,2048,2048,2048,8192,4352,1283.335,1321.221,1285.119,0.0471
mixed,8,3,0.375,4.0,2048,2048,4096,16384,8704,1324.775,1403.008,1333.795,0.1153
mixed,8,3,0.375,4.0,2048,4096,128,512,272,1470.919,1476.928,1474.501,0.5961
mixed,8,3,0.375,4.0,2048,4096,256,1024,544,1490.178,1491.011,1481.67,-10.2137
mixed,8,3,0.375,4.0,2048,4096,512,2048,1088,1480.323,1503.877,1492.418,0.5135
mixed,8,3,0.375,4.0,2048,4096,1024,4096,2176,1506.4,1525.631,1510.408,0.2084
mixed,8,3,0.375,4.0,2048,4096,2048,8192,4352,1534.368,1575.652,1527.618,-0.1635
mixed,8,3,0.375,4.0,2048,4096,4096,16384,8704,1576.705,1651.173,1571.557,-0.0691
mixed,8,3,0.375,4.0,2048,8192,128,512,272,1931.966,1940.287,1938.172,0.7458
mixed,8,3,0.375,4.0,2048,8192,256,1024,544,1934.858,1957.186,1950.082,0.6818
mixed,8,3,0.375,4.0,2048,8192,512,2048,1088,1949.92,1965.093,1955.271,0.3527
mixed,8,3,0.375,4.0,2048,8192,1024,4096,2176,1960.773,1983.679,1978.916,0.7921
mixed,8,3,0.375,4.0,2048,8192,2048,8192,4352,1992.193,2030.333,1989.385,-0.0736
mixed,8,3,0.375,4.0,2048,8192,4096,16384,8704,2039.206,2111.652,2049.986,0.1488
pure,8,4,0.5,4.0,0,0,128,512,320,188.8,191.517,192.83,1.4833
pure,8,4,0.5,4.0,0,0,256,1024,640,194.078,199.456,195.776,0.3157
pure,8,4,0.5,4.0,0,0,512,2048,1280,202.433,210.686,204.734,0.2788
pure,8,4,0.5,4.0,0,0,1024,4096,2560,215.809,225.729,216.899,0.1099
pure,8,4,0.5,4.0,0,0,2048,8192,5120,239.774,268.61,240.77,0.0345
pure,8,4,0.5,4.0,0,0,4096,16384,10240,286.944,345.668,293.599,0.1133
mixed,8,4,0.5,4.0,16,0,128,512,320,213.277,214.21,209.955,-3.5606
mixed,8,4,0.5,4.0,16,0,256,1024,640,212.032,220.225,213.886,0.2263
mixed,8,4,0.5,4.0,16,0,512,2048,1280,223.456,232.769,224.16,0.0756
mixed,8,4,0.5,4.0,16,0,1024,4096,2560,238.946,248.638,234.881,-0.4194
mixed,8,4,0.5,4.0,16,0,2048,8192,5120,260.031,293.502,264.796,0.1424
mixed,8,4,0.5,4.0,16,0,4096,16384,10240,307.456,370.209,315.263,0.1244
mixed,8,4,0.5,4.0,16,512,128,512,320,234.752,230.24,227.747,
mixed,8,4,0.5,4.0,16,512,256,1024,640,232.576,236.351,232.291,-0.0755
mixed,8,4,0.5,4.0,16,512,512,2048,1280,242.942,245.088,245.474,1.1799
mixed,8,4,0.5,4.0,16,512,1024,4096,2560,240.736,258.912,243.686,0.1623
mixed,8,4,0.5,4.0,16,512,2048,8192,5120,259.524,291.488,261.729,0.069
mixed,8,4,0.5,4.0,16,512,4096,16384,10240,311.423,369.792,312.16,0.0126
mixed,8,4,0.5,4.0,16,1024,128,512,320,236.703,235.873,235.425,
mixed,8,4,0.5,4.0,16,1024,256,1024,640,237.663,238.178,236.705,-1.8602
mixed,8,4,0.5,4.0,16,1024,512,2048,1280,243.457,247.488,247.297,0.9526
mixed,8,4,0.5,4.0,16,1024,1024,4096,2560,254.116,269.315,260.095,0.3934
mixed,8,4,0.5,4.0,16,1024,2048,8192,5120,268.992,289.826,269.087,0.0046
mixed,8,4,0.5,4.0,16,1024,4096,16384,10240,311.329,368.579,313.981,0.0463
mixed,8,4,0.5,4.0,16,2048,128,512,320,244.895,249.282,248.45,0.8103
mixed,8,4,0.5,4.0,16,2048,256,1024,640,248.486,244.992,249.76,
mixed,8,4,0.5,4.0,16,2048,512,2048,1280,245.983,251.263,248.317,0.442
mixed,8,4,0.5,4.0,16,2048,1024,4096,2560,254.369,268.127,255.748,0.1002
mixed,8,4,0.5,4.0,16,2048,2048,8192,5120,276.607,290.178,276.898,0.0214
mixed,8,4,0.5,4.0,16,2048,4096,16384,10240,313.891,365.342,312.71,-0.023
mixed,8,4,0.5,4.0,16,4096,128,512,320,260.674,261.216,259.615,-1.9539
mixed,8,4,0.5,4.0,16,4096,256,1024,640,262.433,255.071,263.293,
mixed,8,4,0.5,4.0,16,4096,512,2048,1280,257.89,256.832,258.881,
mixed,8,4,0.5,4.0,16,4096,1024,4096,2560,258.274,269.696,259.201,0.0812
mixed,8,4,0.5,4.0,16,4096,2048,8192,5120,275.65,304.577,277.888,0.0774
mixed,8,4,0.5,4.0,16,4096,4096,16384,10240,322.882,364.224,322.08,-0.0194
mixed,8,4,0.5,4.0,16,8192,128,512,320,277.439,277.502,277.283,-2.4762
mixed,8,4,0.5,4.0,16,8192,256,1024,640,273.989,278.595,270.594,-0.7371
mixed,8,4,0.5,4.0,16,8192,512,2048,1280,273.278,277.157,275.97,0.694
mixed,8,4,0.5,4.0,16,8192,1024,4096,2560,272.736,283.876,277.595,0.4362
mixed,8,4,0.5,4.0,16,8192,2048,8192,5120,292.159,311.907,284.291,-0.3984
mixed,8,4,0.5,4.0,16,8192,4096,16384,10240,330.494,386.338,325.312,-0.0928
mixed,8,4,0.5,4.0,32,0,128,512,320,220.161,219.772,214.946,
mixed,8,4,0.5,4.0,32,0,256,1024,640,220.93,221.986,217.792,-2.9716
mixed,8,4,0.5,4.0,32,0,512,2048,1280,232.93,241.09,230.883,-0.2509
mixed,8,4,0.5,4.0,32,0,1024,4096,2560,244.383,257.504,238.176,-0.4731
mixed,8,4,0.5,4.0,32,0,2048,8192,5120,265.951,294.848,268.354,0.0832
mixed,8,4,0.5,4.0,32,0,4096,16384,10240,316.962,372.67,316.901,-0.0011
mixed,8,4,0.5,4.0,32,512,128,512,320,238.876,242.977,240.098,0.298
mixed,8,4,0.5,4.0,32,512,256,1024,640,239.393,242.691,243.814,1.3405
mixed,8,4,0.5,4.0,32,512,512,2048,1280,249.409,253.441,239.232,-2.5241
mixed,8,4,0.5,4.0,32,512,1024,4096,2560,244.863,270.179,243.39,-0.0582
mixed,8,4,0.5,4.0,32,512,2048,8192,5120,267.363,296.612,273.599,0.2132
mixed,8,4,0.5,4.0,32,512,4096,16384,10240,315.683,373.572,322.108,0.111
mixed,8,4,0.5,4.0,32,1024,128,512,320,246.754,246.783,244.865,-65.1379
mixed,8,4,0.5,4.0,32,1024,256,1024,640,247.742,244.195,248.192,
mixed,8,4,0.5,4.0,32,1024,512,2048,1280,248.678,254.399,250.527,0.3232
mixed,8,4,0.5,4.0,32,1024,1024,4096,2560,261.665,269.666,251.132,-1.3165
mixed,8,4,0.5,4.0,32,1024,2048,8192,5120,270.589,300.033,271.488,0.0305
mixed,8,4,0.5,4.0,32,1024,4096,16384,10240,321.378,376.163,324.703,0.0607
mixed,8,4,0.5,4.0,32,2048,128,512,320,258.881,262.145,260.03,0.352
mixed,8,4,0.5,4.0,32,2048,256,1024,640,259.392,255.233,258.782,
mixed,8,4,0.5,4.0,32,2048,512,2048,1280,255.518,259.68,252.738,-0.6679
mixed,8,4,0.5,4.0,32,2048,1024,4096,2560,263.425,275.071,262.848,-0.0495
mixed,8,4,0.5,4.0,32,2048,2048,8192,5120,274.91,305.348,272.864,-0.0672
mixed,8,4,0.5,4.0,32,2048,4096,16384,10240,317.152,371.137,324.802,0.1417
mixed,8,4,0.5,4.0,32,4096,128,512,320,273.504,274.496,273.568,0.0645
mixed,8,4,0.5,4.0,32,4096,256,1024,640,273.954,272.768,275.232,
mixed,8,4,0.5,4.0,32,4096,512,2048,1280,272.611,273.921,271.649,-0.7344
mixed,8,4,0.5,4.0,32,4096,1024,4096,2560,274.845,286.399,278.115,0.283
mixed,8,4,0.5,4.0,32,4096,2048,8192,5120,296.38,309.664,284.16,-0.9199
mixed,8,4,0.5,4.0,32,4096,4096,16384,10240,325.152,375.679,324.514,-0.0126
mixed,8,4,0.5,4.0,32,8192,128,512,320,299.775,297.538,299.361,
mixed,8,4,0.5,4.0,32,8192,256,1024,640,293.216,297.152,295.745,0.6425
mixed,8,4,0.5,4.0,32,8192,512,2048,1280,297.661,296.639,293.699,
mixed,8,4,0.5,4.0,32,8192,1024,4096,2560,300.095,307.233,302.974,0.4033
mixed,8,4,0.5,4.0,32,8192,2048,8192,5120,302.723,325.633,304.896,0.0948
mixed,8,4,0.5,4.0,32,8192,4096,16384,10240,351.963,384.027,331.87,-0.6267
mixed,8,4,0.5,4.0,64,0,128,512,320,224.415,226.594,220.865,-1.6292
mixed,8,4,0.5,4.0,64,0,256,1024,640,230.689,232.58,227.747,-1.5558
mixed,8,4,0.5,4.0,64,0,512,2048,1280,234.403,246.719,237.566,0.2568
mixed,8,4,0.5,4.0,64,0,1024,4096,2560,250.243,266.368,257.983,0.48
mixed,8,4,0.5,4.0,64,0,2048,8192,5120,275.679,308.864,299.042,0.704
mixed,8,4,0.5,4.0,64,0,4096,16384,10240,328.382,387.199,376.895,0.8248
mixed,8,4,0.5,4.0,64,512,128,512,320,254.941,253.567,254.945,
mixed,8,4,0.5,4.0,64,512,256,1024,640,255.615,253.664,248.255,
mixed,8,4,0.5,4.0,64,512,512,2048,1280,256.864,248.418,247.072,
mixed,8,4,0.5,4.0,64,512,1024,4096,2560,256.095,273.855,269.216,0.7388
mixed,8,4,0.5,4.0,64,512,2048,8192,5120,282.627,308.51,305.438,0.8813
mixed,8,4,0.5,4.0,64,512,4096,16384,10240,328.289,390.022,382.181,0.873
mixed,8,4,0.5,4.0,64,1024,128,512,320,265.436,265.41,264.449,
mixed,8,4,0.5,4.0,64,1024,256,1024,640,263.683,261.184,264.38,
mixed,8,4,0.5,4.0,64,1024,512,2048,1280,264.226,264.13,256.637,
mixed,8,4,0.5,4.0,64,1024,1024,4096,2560,258.239,281.408,271.134,0.5566
mixed,8,4,0.5,4.0,64,1024,2048,8192,5120,288.545,313.474,308.8,0.8125
mixed,8,4,0.5,4.0,64,1024,4096,16384,10240,337.76,393.344,386.08,0.8693
mixed,8,4,0.5,4.0,64,2048,128,512,320,274.689,277.472,274.625,-0.023
mixed,8,4,0.5,4.0,64,2048,256,1024,640,277.41,276.355,276.289,
mixed,8,4,0.5,4.0,64,2048,512,2048,1280,276.098,278.655,277.664,0.6124
mixed,8,4,0.5,4.0,64,2048,1024,4096,2560,278.369,284.705,268.738,-1.52
mixed,8,4,0.5,4.0,64,2048,2048,8192,5120,286.906,323.971,311.232,0.6563
mixed,8,4,0.5,4.0,64,2048,4096,16384,10240,347.136,406.082,385.919,0.6579
mixed,8,4,0.5,4.0,64,4096,128,512,320,300.095,299.806,298.625,
mixed,8,4,0.5,4.0,64,4096,256,1024,640,300.225,299.298,299.778,
mixed,8,4,0.5,4.0,64,4096,512,2048,1280,303.361,303.136,301.668,
mixed,8,4,0.5,4.0,64,4096,1024,4096,2560,301.763,312.511,299.775,-0.185
mixed,8,4,0.5,4.0,64,4096,2048,8192,5120,306.083,322.53,313.25,0.4358
mixed,8,4,0.5,4.0,64,4096,4096,16384,10240,342.915,417.252,392.647,0.669
mixed,8,4,0.5,4.0,64,8192,128,512,320,337.537,325.025,337.663,
mixed,8,4,0.5,4.0,64,8192,256,1024,640,347.714,340.483,327.2,
mixed,8,4,0.5,4.0,64,8192,512,2048,1280,340.959,340.739,342.595,
mixed,8,4,0.5,4.0,64,8192,1024,4096,2560,380.034,354.046,341.6,
mixed,8,4,0.5,4.0,64,8192,2048,8192,5120,354.334,367.073,351.902,-0.1909
mixed,8,4,0.5,4.0,64,8192,4096,16384,10240,364.965,402.305,391.552,0.712
mixed,8,4,0.5,4.0,128,0,128,512,320,270.015,253.855,266.815,
mixed,8,4,0.5,4.0,128,0,256,1024,640,250.85,263.934,259.907,0.6922
mixed,8,4,0.5,4.0,128,0,512,2048,1280,268.605,282.494,281.153,0.9034
mixed,8,4,0.5,4.0,128,0,1024,4096,2560,292.351,321.341,319.424,0.9339
mixed,8,4,0.5,4.0,128,0,2048,8192,5120,342.82,400.706,395.967,0.9181
mixed,8,4,0.5,4.0,128,0,4096,16384,10240,439.043,555.42,550.722,0.9596
mixed,8,4,0.5,4.0,128,512,128,512,320,292.353,292.801,288.831,-7.8616
mixed,8,4,0.5,4.0,128,512,256,1024,640,292.989,287.745,286.913,
mixed,8,4,0.5,4.0,128,512,512,2048,1280,290.211,298.786,296.096,0.6863
mixed,8,4,0.5,4.0,128,512,1024,4096,2560,310.529,337.825,335.524,0.9157
mixed,8,4,0.5,4.0,128,512,2048,8192,5120,358.017,402.049,411.616,1.2173
mixed,8,4,0.5,4.0,128,512,4096,16384,10240,439.81,556.769,552.324,0.962
mixed,8,4,0.5,4.0,128,1024,128,512,320,309.727,307.265,308.864,
mixed,8,4,0.5,4.0,128,1024,256,1024,640,310.688,308.64,310.558,
mixed,8,4,0.5,4.0,128,1024,512,2048,1280,308.003,301.055,301.248,
mixed,8,4,0.5,4.0,128,1024,1024,4096,2560,312.511,338.657,337.63,0.9607
mixed,8,4,0.5,4.0,128,1024,2048,8192,5120,358.082,414.945,410.017,0.9133
mixed,8,4,0.5,4.0,128,1024,4096,16384,10240,454.498,557.827,566.401,1.083
mixed,8,4,0.5,4.0,128,2048,128,512,320,322.656,349.058,321.892,-0.0289
mixed,8,4,0.5,4.0,128,2048,256,1024,640,336.863,353.214,352.639,0.9648
mixed,8,4,0.5,4.0,128,2048,512,2048,1280,362.051,329.535,363.619,
mixed,8,4,0.5,4.0,128,2048,1024,4096,2560,328.835,343.103,338.015,0.6434
mixed,8,4,0.5,4.0,128,2048,2048,8192,5120,360.769,417.217,418.372,1.0205
mixed,8,4,0.5,4.0,128,2048,4096,16384,10240,456.703,570.4,563.523,0.9395
mixed,8,4,0.5,4.0,128,4096,128,512,320,366.114,352.926,364.992,
mixed,8,4,0.5,4.0,128,4096,256,1024,640,368.672,428.639,370.016,0.0224
mixed,8,4,0.5,4.0,128,4096,512,2048,1280,401.282,432.385,431.195,0.9617
mixed,8,4,0.5,4.0,128,4096,1024,4096,2560,454.818,385.086,432.928,
mixed,8,4,0.5,4.0,128,4096,2048,8192,5120,385.408,423.265,417.572,0.8496
mixed,8,4,0.5,4.0,128,4096,4096,16384,10240,461.636,570.464,572.414,1.0179
mixed,8,4,0.5,4.0,128,8192,128,512,320,439.615,441.537,441.056,0.7497
mixed,8,4,0.5,4.0,128,8192,256,1024,640,441.569,429.759,440.611,
mixed,8,4,0.5,4.0,128,8192,512,2048,1280,469.889,586.497,467.84,-0.0176
mixed,8,4,0.5,4.0,128,8192,1024,4096,2560,531.747,588.288,591.137,1.0504
mixed,8,4,0.5,4.0,128,8192,2048,8192,5120,626.467,485.859,589.665,
mixed,8,4,0.5,4.0,128,8192,4096,16384,10240,488.802,583.584,576.608,0.9264
mixed,8,4,0.5,4.0,256,0,128,512,320,330.238,322.081,323.904,
mixed,8,4,0.5,4.0,256,0,256,1024,640,327.905,312.29,346.91,
mixed,8,4,0.5,4.0,256,0,512,2048,1280,316.512,342.945,345.058,1.0799
mixed,8,4,0.5,4.0,256,0,1024,4096,2560,361.632,434.177,423.459,0.8523
mixed,8,4,0.5,4.0,256,0,2048,8192,5120,458.464,574.944,583.427,1.0728
mixed,8,4,0.5,4.0,256,0,4096,16384,10240,662.212,886.305,891.426,1.0229
mixed,8,4,0.5,4.0,256,512,128,512,320,371.971,372.799,368.864,-3.7524
mixed,8,4,0.5,4.0,256,512,256,1024,640,374.596,390.753,397.153,1.3961
mixed,8,4,0.5,4.0,256,512,512,2048,1280,408.547,429.248,428.8,0.9784
mixed,8,4,0.5,4.0,256,512,1024,4096,2560,448.96,503.167,505.569,1.0443
mixed,8,4,0.5,4.0,256,512,2048,8192,5120,466.113,587.841,585.794,0.9832
mixed,8,4,0.5,4.0,256,512,4096,16384,10240,654.817,902.053,889.664,0.9499
mixed,8,4,0.5,4.0,256,1024,128,512,320,367.3,408.454,376.769,0.2301
mixed,8,4,0.5,4.0,256,1024,256,1024,640,412.384,411.648,407.362,
mixed,8,4,0.5,4.0,256,1024,512,2048,1280,420.639,447.422,447.327,0.9965
mixed,8,4,0.5,4.0,256,1024,1024,4096,2560,467.3,531.905,519.264,0.8043
mixed,8,4,0.5,4.0,256,1024,2048,8192,5120,565.823,579.713,674.303,7.8099
mixed,8,4,0.5,4.0,256,1024,4096,16384,10240,665.215,893.249,889.89,0.9853
mixed,8,4,0.5,4.0,256,2048,128,512,320,415.265,402.562,414.335,
mixed,8,4,0.5,4.0,256,2048,256,1024,640,413.634,487.234,423.166,0.1295
mixed,8,4,0.5,4.0,256,2048,512,2048,1280,502.434,491.103,490.557,
mixed,8,4,0.5,4.0,256,2048,1024,4096,2560,509.855,565.951,555.679,0.8169
mixed,8,4,0.5,4.0,256,2048,2048,8192,5120,609.665,724.415,720.385,0.9649
mixed,8,4,0.5,4.0,256,2048,4096,16384,10240,799.747,886.943,1025.797,2.5924
mixed,8,4,0.5,4.0,256,4096,128,512,320,488.608,483.201,490.431,
mixed,8,4,0.5,4.0,256,4096,256,1024,640,487.619,477.443,487.011,
mixed,8,4,0.5,4.0,256,4096,512,2048,1280,517.284,648.289,530.722,0.1026
mixed,8,4,0.5,4.0,256,4096,1024,4096,2560,590.655,651.612,648.035,0.9413
mixed,8,4,0.5,4.0,256,4096,2048,8192,5120,683.169,805.086,795.97,0.9252
mixed,8,4,0.5,4.0,256,4096,4096,16384,10240,873.729,1107.62,1106.241,0.9941
mixed,8,4,0.5,4.0,256,8192,128,512,320,641.826,645.823,644.48,0.664
mixed,8,4,0.5,4.0,256,8192,256,1024,640,648.419,641.728,642.435,
mixed,8,4,0.5,4.0,256,8192,512,2048,1280,648.355,639.169,643.52,
mixed,8,4,0.5,4.0,256,8192,1024,4096,2560,712.575,958.465,732.768,0.0821
mixed,8,4,0.5,4.0,256,8192,2048,8192,5120,833.411,954.528,951.938,0.9786
mixed,8,4,0.5,4.0,256,8192,4096,16384,10240,1040.352,1259.431,1263.358,1.0179
mixed,8,4,0.5,4.0,512,0,128,512,320,362.784,366.911,365.86,0.7453
mixed,8,4,0.5,4.0,512,0,256,1024,640,377.31,402.338,397.725,0.8157
mixed,8,4,0.5,4.0,512,0,512,2048,1280,423.552,476.705,480.229,1.0663
mixed,8,4,0.5,4.0,512,0,1024,4096,2560,518.049,631.264,629.918,0.9881
mixed,8,4,0.5,4.0,512,0,2048,8192,5120,708.769,936.835,936.96,1.0005
mixed,8,4,0.5,4.0,512,0,4096,16384,10240,1090.021,1551.141,1542.593,0.9815
mixed,8,4,0.5,4.0,512,512,128,512,320,404.99,422.782,405.696,0.0397
mixed,8,4,0.5,4.0,512,512,256,1024,640,432.803,464.702,404.769,-0.8788
mixed,8,4,0.5,4.0,512,512,512,2048,1280,482.561,541.251,480.8,-0.03
mixed,8,4,0.5,4.0,512,512,1024,4096,2560,582.402,692.832,632.959,0.4578
mixed,8,4,0.5,4.0,512,512,2048,8192,5120,767.584,1006.723,937.282,0.7096
mixed,8,4,0.5,4.0,512,512,4096,16384,10240,1154.945,1606.788,1547.459,0.8687
mixed,8,4,0.5,4.0,512,1024,128,512,320,444.126,439.807,441.246,
mixed,8,4,0.5,4.0,512,1024,256,1024,640,442.655,496.893,443.773,0.0206
mixed,8,4,0.5,4.0,512,1024,512,2048,1280,522.814,578.752,480.446,-0.7574
mixed,8,4,0.5,4.0,512,1024,1024,4096,2560,616.862,736.959,636.288,0.1618
mixed,8,4,0.5,4.0,512,1024,2048,8192,5120,807.999,1036.804,946.046,0.6033
mixed,8,4,0.5,4.0,512,1024,4096,16384,10240,1190.436,1650.723,1546.372,0.7733
mixed,8,4,0.5,4.0,512,2048,128,512,320,521.506,519.94,516.608,
mixed,8,4,0.5,4.0,512,2048,256,1024,640,517.381,516.893,520.865,
mixed,8,4,0.5,4.0,512,2048,512,2048,1280,537.602,657.186,540.575,0.0249
mixed,8,4,0.5,4.0,512,2048,1024,4096,2560,697.317,808.96,645.633,-0.4629
mixed,8,4,0.5,4.0,512,2048,2048,8192,5120,890.527,1122.723,951.779,0.2638
mixed,8,4,0.5,4.0,512,2048,4096,16384,10240,1266.915,1734.205,1553.317,0.6129
mixed,8,4,0.5,4.0,512,4096,128,512,320,681.089,679.712,677.635,
mixed,8,4,0.5,4.0,512,4096,256,1024,640,683.331,681.34,677.634,
mixed,8,4,0.5,4.0,512,4096,512,2048,1280,679.517,678.91,681.251,
mixed,8,4,0.5,4.0,512,4096,1024,4096,2560,739.2,963.391,739.519,0.0014
mixed,8,4,0.5,4.0,512,4096,2048,8192,5120,1043.841,1275.716,956.161,-0.3781
mixed,8,4,0.5,4.0,512,4096,4096,16384,10240,1426.819,1882.375,1563.587,0.3002
mixed,8,4,0.5,4.0,512,8192,128,512,320,980.101,979.137,980.966,
mixed,8,4,0.5,4.0,512,8192,256,1024,640,976.962,976.994,979.777,87.9688
mixed,8,4,0.5,4.0,512,8192,512,2048,1280,981.087,979.199,974.401,
mixed,8,4,0.5,4.0,512,8192,1024,4096,2560,982.399,979.937,980.831,
mixed,8,4,0.5,4.0,512,8192,2048,8192,5120,1117.698,1579.298,1118.24,0.0012
mixed,8,4,0.5,4.0,512,8192,4096,16384,10240,1743.231,2187.747,1560.547,-0.411
mixed,8,4,0.5,4.0,1024,0,128,512,320,570.115,571.841,563.743,-3.6918
mixed,8,4,0.5,4.0,1024,0,256,1024,640,575.138,582.434,569.376,-0.7897
mixed,8,4,0.5,4.0,1024,0,512,2048,1280,586.116,597.185,588.9,0.2515
mixed,8,4,0.5,4.0,1024,0,1024,4096,2560,606.977,617.055,596.064,-1.0829
mixed,8,4,0.5,4.0,1024,0,2048,8192,5120,628.224,661.635,631.041,0.0843
mixed,8,4,0.5,4.0,1024,0,4096,16384,10240,681.703,743.393,686.081,0.071
mixed,8,4,0.5,4.0,1024,512,128,512,320,674.275,678.659,676.002,0.3939
mixed,8,4,0.5,4.0,1024,512,256,1024,640,679.645,689.925,676.031,-0.3516
mixed,8,4,0.5,4.0,1024,512,512,2048,1280,687.973,697.507,696.447,0.8888
mixed,8,4,0.5,4.0,1024,512,1024,4096,2560,703.683,723.777,706.949,0.1625
mixed,8,4,0.5,4.0,1024,512,2048,8192,5120,740.706,766.181,739.746,-0.0377
mixed,8,4,0.5,4.0,1024,512,4096,16384,10240,784.803,842.789,788.511,0.0639
mixed,8,4,0.5,4.0,1024,1024,128,512,320,718.847,716.611,715.494,
mixed,8,4,0.5,4.0,1024,1024,256,1024,640,721.889,738.498,724.957,0.1847
mixed,8,4,0.5,4.0,1024,1024,512,2048,1280,740.291,744.769,731.521,-1.9585
mixed,8,4,0.5,4.0,1024,1024,1024,4096,2560,749.792,761.571,749.6,-0.0163
mixed,8,4,0.5,4.0,1024,1024,2048,8192,5120,777.952,812.0,781.313,0.0987
mixed,8,4,0.5,4.0,1024,1024,4096,16384,10240,830.657,895.303,826.849,-0.0589
mixed,8,4,0.5,4.0,1024,2048,128,512,320,801.023,803.618,794.625,-2.4655
mixed,8,4,0.5,4.0,1024,2048,256,1024,640,803.269,814.782,803.3,0.0027
mixed,8,4,0.5,4.0,1024,2048,512,2048,1280,817.568,828.736,811.361,-0.5558
mixed,8,4,0.5,4.0,1024,2048,1024,4096,2560,824.835,848.16,832.45,0.3265
mixed,8,4,0.5,4.0,1024,2048,2048,8192,5120,865.12,894.145,871.005,0.2028
mixed,8,4,0.5,4.0,1024,2048,4096,16384,10240,904.549,975.617,915.427,0.1531
mixed,8,4,0.5,4.0,1024,4096,128,512,320,960.186,967.106,966.498,0.9121
mixed,8,4,0.5,4.0,1024,4096,256,1024,640,969.125,975.522,971.208,0.3256
mixed,8,4,0.5,4.0,1024,4096,512,2048,1280,978.557,981.766,978.21,-0.1081
mixed,8,4,0.5,4.0,1024,4096,1024,4096,2560,995.461,1014.371,995.428,-0.0017
mixed,8,4,0.5,4.0,1024,4096,2048,8192,5120,1023.972,1051.554,1028.705,0.1716
mixed,8,4,0.5,4.0,1024,4096,4096,16384,10240,1071.549,1130.274,1069.124,-0.0413
mixed,8,4,0.5,4.0,1024,8192,128,512,320,1283.522,1291.909,1280.578,-0.351
mixed,8,4,0.5,4.0,1024,8192,256,1024,640,1295.781,1301.124,1298.181,0.4492
mixed,8,4,0.5,4.0,1024,8192,512,2048,1280,1306.371,1316.292,1311.681,0.5352
mixed,8,4,0.5,4.0,1024,8192,1024,4096,2560,1318.785,1336.32,1327.264,0.4835
mixed,8,4,0.5,4.0,1024,8192,2048,8192,5120,1348.103,1378.304,1348.737,0.021
mixed,8,4,0.5,4.0,1024,8192,4096,16384,10240,1393.506,1465.056,1401.833,0.1164
mixed,8,4,0.5,4.0,2048,0,128,512,320,907.937,914.622,910.978,0.4549
mixed,8,4,0.5,4.0,2048,0,256,1024,640,918.016,921.759,914.276,-0.9992
mixed,8,4,0.5,4.0,2048,0,512,2048,1280,927.522,931.521,931.488,0.9917
mixed,8,4,0.5,4.0,2048,0,1024,4096,2560,942.172,957.857,947.873,0.3635
mixed,8,4,0.5,4.0,2048,0,2048,8192,5120,972.548,997.409,976.999,0.179
mixed,8,4,0.5,4.0,2048,0,4096,16384,10240,1025.987,1090.591,1024.545,-0.0223
mixed,8,4,0.5,4.0,2048,512,128,512,320,1056.514,1057.377,1059.133,3.0348
mixed,8,4,0.5,4.0,2048,512,256,1024,640,1062.27,1074.111,1062.142,-0.0108
mixed,8,4,0.5,4.0,2048,512,512,2048,1280,1073.829,1086.687,1076.005,0.1692
mixed,8,4,0.5,4.0,2048,512,1024,4096,2560,1088.419,1106.977,1093.317,0.2639
mixed,8,4,0.5,4.0,2048,512,2048,8192,5120,1121.63,1153.83,1119.519,-0.0656
mixed,8,4,0.5,4.0,2048,512,4096,16384,10240,1170.016,1236.389,1171.84,0.0275
mixed,8,4,0.5,4.0,2048,1024,128,512,320,1117.094,1112.77,1110.629,
mixed,8,4,0.5,4.0,2048,1024,256,1024,640,1116.541,1118.752,1118.786,1.0154
mixed,8,4,0.5,4.0,2048,1024,512,2048,1280,1134.623,1143.264,1135.94,0.1524
mixed,8,4,0.5,4.0,2048,1024,1024,4096,2560,1140.195,1163.492,1150.466,0.4409
mixed,8,4,0.5,4.0,2048,1024,2048,8192,5120,1183.133,1209.157,1176.229,-0.2653
mixed,8,4,0.5,4.0,2048,1024,4096,16384,10240,1226.239,1288.641,1229.765,0.0565
mixed,8,4,0.5,4.0,2048,2048,128,512,320,1229.505,1227.811,1226.371,
mixed,8,4,0.5,4.0,2048,2048,256,1024,640,1227.84,1242.944,1235.009,0.4746
mixed,8,4,0.5,4.0,2048,2048,512,2048,1280,1241.607,1256.037,1247.712,0.4231
mixed,8,4,0.5,4.0,2048,2048,1024,4096,2560,1255.934,1267.168,1259.686,0.334
mixed,8,4,0.5,4.0,2048,2048,2048,8192,5120,1287.109,1324.006,1294.084,0.189
mixed,8,4,0.5,4.0,2048,2048,4096,16384,10240,1336.383,1400.642,1339.554,0.0493
mixed,8,4,0.5,4.0,2048,4096,128,512,320,1478.022,1481.06,1485.19,2.3594
mixed,8,4,0.5,4.0,2048,4096,256,1024,640,1488.17,1486.692,1475.42,
mixed,8,4,0.5,4.0,2048,4096,512,2048,1280,1487.333,1498.88,1493.569,0.5401
mixed,8,4,0.5,4.0,2048,4096,1024,4096,2560,1507.112,1526.243,1513.605,0.3394
mixed,8,4,0.5,4.0,2048,4096,2048,8192,5120,1544.291,1569.475,1540.195,-0.1626
mixed,8,4,0.5,4.0,2048,4096,4096,16384,10240,1584.833,1645.312,1595.721,0.18
mixed,8,4,0.5,4.0,2048,8192,128,512,320,1940.005,1937.186,1945.892,
mixed,8,4,0.5,4.0,2048,8192,256,1024,640,1956.101,1948.838,1943.652,
mixed,8,4,0.5,4.0,2048,8192,512,2048,1280,1950.019,1962.314,1964.449,1.1736
mixed,8,4,0.5,4.0,2048,8192,1024,4096,2560,1970.269,1986.148,1980.961,0.6733
mixed,8,4,0.5,4.0,2048,8192,2048,8192,5120,1993.573,2032.352,2000.1,0.1683
mixed,8,4,0.5,4.0,2048,8192,4096,16384,10240,2042.372,2105.638,2062.942,0.3251
pure,8,6,0.75,4.0,0,0,128,512,416,191.805,191.358,191.358,
pure,8,6,0.75,4.0,0,0,256,1024,832,195.777,201.054,195.39,-0.0733
pure,8,6,0.75,4.0,0,0,512,2048,1664,211.426,209.696,209.854,
pure,8,6,0.75,4.0,0,0,1024,4096,3328,219.774,225.056,223.618,0.7278
pure,8,6,0.75,4.0,0,0,2048,8192,6656,250.241,269.923,251.261,0.0518
pure,8,6,0.75,4.0,0,0,4096,16384,13312,316.323,347.203,319.169,0.0922
mixed,8,6,0.75,4.0,16,0,128,512,416,210.049,211.934,210.623,0.3045
mixed,8,6,0.75,4.0,16,0,256,1024,832,220.734,218.368,214.592,
mixed,8,6,0.75,4.0,16,0,512,2048,1664,232.511,232.645,230.752,-13.1269
mixed,8,6,0.75,4.0,16,0,1024,4096,3328,243.069,250.976,244.286,0.1539
mixed,8,6,0.75,4.0,16,0,2048,8192,6656,273.889,291.012,275.204,0.0768
mixed,8,6,0.75,4.0,16,0,4096,16384,13312,336.576,371.169,342.144,0.161
mixed,8,6,0.75,4.0,16,512,128,512,416,233.312,230.055,228.608,
mixed,8,6,0.75,4.0,16,512,256,1024,832,235.68,234.879,234.722,
mixed,8,6,0.75,4.0,16,512,512,2048,1664,241.441,246.049,240.799,-0.1393
mixed,8,6,0.75,4.0,16,512,1024,4096,3328,250.368,260.128,253.315,0.3019
mixed,8,6,0.75,4.0,16,512,2048,8192,6656,279.011,291.039,278.078,-0.0776
mixed,8,6,0.75,4.0,16,512,4096,16384,13312,338.368,366.785,340.448,0.0732
mixed,8,6,0.75,4.0,16,1024,128,512,416,232.033,233.986,235.68,1.8674
mixed,8,6,0.75,4.0,16,1024,256,1024,832,240.189,235.587,239.396,
mixed,8,6,0.75,4.0,16,1024,512,2048,1664,241.023,251.427,244.796,0.3626
mixed,8,6,0.75,4.0,16,1024,1024,4096,3328,256.449,267.582,259.748,0.2963
mixed,8,6,0.75,4.0,16,1024,2048,8192,6656,279.233,290.821,277.252,-0.171
mixed,8,6,0.75,4.0,16,1024,4096,16384,13312,334.719,369.855,340.031,0.1512
mixed,8,6,0.75,4.0,16,2048,128,512,416,243.301,249.539,243.775,0.076
mixed,8,6,0.75,4.0,16,2048,256,1024,832,241.441,244.61,241.092,-0.1101
mixed,8,6,0.75,4.0,16,2048,512,2048,1664,248.384,249.667,249.503,0.8722
mixed,8,6,0.75,4.0,16,2048,1024,4096,3328,260.801,266.628,261.438,0.1093
mixed,8,6,0.75,4.0,16,2048,2048,8192,6656,279.296,291.105,288.191,0.7532
mixed,8,6,0.75,4.0,16,2048,4096,16384,13312,336.705,364.097,340.513,0.139
mixed,8,6,0.75,4.0,16,4096,128,512,416,258.912,259.489,258.594,-0.5511
mixed,8,6,0.75,4.0,16,4096,256,1024,832,253.472,255.776,253.09,-0.1658
mixed,8,6,0.75,4.0,16,4096,512,2048,1664,254.722,256.355,258.048,2.0367
mixed,8,6,0.75,4.0,16,4096,1024,4096,3328,263.386,272.003,265.246,0.2159
mixed,8,6,0.75,4.0,16,4096,2048,8192,6656,283.518,300.833,287.714,0.2423
mixed,8,6,0.75,4.0,16,4096,4096,16384,13312,346.915,365.439,345.377,-0.083
mixed,8,6,0.75,4.0,16,8192,128,512,416,277.794,278.366,277.631,-0.285
mixed,8,6,0.75,4.0,16,8192,256,1024,832,273.31,276.671,272.738,-0.1702
mixed,8,6,0.75,4.0,16,8192,512,2048,1664,274.08,277.216,275.263,0.3772
mixed,8,6,0.75,4.0,16,8192,1024,4096,3328,277.667,281.634,282.208,1.1447
mixed,8,6,0.75,4.0,16,8192,2048,8192,6656,295.971,314.05,295.265,-0.0391
mixed,8,6,0.75,4.0,16,8192,4096,16384,13312,354.182,385.824,356.514,0.0737
mixed,8,6,0.75,4.0,32,0,128,512,416,215.361,218.783,213.983,-0.4027
mixed,8,6,0.75,4.0,32,0,256,1024,832,223.135,221.347,220.258,
mixed,8,6,0.75,4.0,32,0,512,2048,1664,236.23,238.498,228.737,-3.3038
mixed,8,6,0.75,4.0,32,0,1024,4096,3328,243.999,250.818,248.707,0.6904
mixed,8,6,0.75,4.0,32,0,2048,8192,6656,279.388,294.912,278.688,-0.0451
mixed,8,6,0.75,4.0,32,0,4096,16384,13312,344.288,374.944,340.992,-0.1075
mixed,8,6,0.75,4.0,32,512,128,512,416,238.78,239.903,239.453,0.5993
mixed,8,6,0.75,4.0,32,512,256,1024,832,242.688,246.015,241.888,-0.2405
mixed,8,6,0.75,4.0,32,512,512,2048,1664,247.361,253.313,249.597,0.3757
mixed,8,6,0.75,4.0,32,512,1024,4096,3328,263.138,264.35,261.12,-1.665
mixed,8,6,0.75,4.0,32,512,2048,8192,6656,285.346,296.61,283.519,-0.1622
mixed,8,6,0.75,4.0,32,512,4096,16384,13312,343.359,373.444,340.765,-0.0862
mixed,8,6,0.75,4.0,32,1024,128,512,416,246.689,247.165,245.407,-2.6933
mixed,8,6,0.75,4.0,32,1024,256,1024,832,246.626,245.251,244.131,
mixed,8,6,0.75,4.0,32,1024,512,2048,1664,250.431,252.289,253.28,1.5334
mixed,8,6,0.75,4.0,32,1024,1024,4096,3328,265.632,270.465,268.29,0.55
mixed,8,6,0.75,4.0,32,1024,2048,8192,6656,290.177,298.718,285.215,-0.581
mixed,8,6,0.75,4.0,32,1024,4096,16384,13312,346.11,368.737,346.013,-0.0043
mixed,8,6,0.75,4.0,32,2048,128,512,416,257.63,261.793,258.529,0.216
mixed,8,6,0.75,4.0,32,2048,256,1024,832,255.87,256.482,254.657,-1.982
mixed,8,6,0.75,4.0,32,2048,512,2048,1664,258.974,260.675,257.535,-0.846
mixed,8,6,0.75,4.0,32,2048,1024,4096,3328,271.907,274.719,268.577,-1.1842
mixed,8,6,0.75,4.0,32,2048,2048,8192,6656,284.19,304.673,288.253,0.1984
mixed,8,6,0.75,4.0,32,2048,4096,16384,13312,346.79,370.911,345.345,-0.0599
mixed,8,6,0.75,4.0,32,4096,128,512,416,273.407,274.784,274.468,0.7705
mixed,8,6,0.75,4.0,32,4096,256,1024,832,272.095,274.18,272.065,-0.0144
mixed,8,6,0.75,4.0,32,4096,512,2048,1664,271.587,273.634,269.534,-1.0029
mixed,8,6,0.75,4.0,32,4096,1024,4096,3328,276.286,283.94,279.554,0.427
mixed,8,6,0.75,4.0,32,4096,2048,8192,6656,289.791,310.275,288.609,-0.0577
mixed,8,6,0.75,4.0,32,4096,4096,16384,13312,347.391,381.86,348.45,0.0307
mixed,8,6,0.75,4.0,32,8192,128,512,416,295.934,297.983,298.114,1.0639
mixed,8,6,0.75,4.0,32,8192,256,1024,832,293.695,293.28,297.345,
mixed,8,6,0.75,4.0,32,8192,512,2048,1664,295.872,297.185,295.904,0.0244
mixed,8,6,0.75,4.0,32,8192,1024,4096,3328,300.991,304.255,304.129,0.9614
mixed,8,6,0.75,4.0,32,8192,2048,8192,6656,311.81,325.184,309.057,-0.2058
mixed,8,6,0.75,4.0,32,8192,4096,16384,13312,368.161,385.664,359.71,-0.4828
mixed,8,6,0.75,4.0,64,0,128,512,416,223.138,224.547,222.43,-0.5025
mixed,8,6,0.75,4.0,64,0,256,1024,832,232.035,231.587,226.017,
mixed,8,6,0.75,4.0,64,0,512,2048,1664,237.313,244.418,237.023,-0.0408
mixed,8,6,0.75,4.0,64,0,1024,4096,3328,255.585,266.075,264.737,0.8724
mixed,8,6,0.75,4.0,64,0,2048,8192,6656,290.621,303.681,303.554,0.9903
mixed,8,6,0.75,4.0,64,0,4096,16384,13312,358.367,383.548,379.391,0.8349
mixed,8,6,0.75,4.0,64,512,128,512,416,254.173,253.407,254.045,
mixed,8,6,0.75,4.0,64,512,256,1024,832,253.184,253.537,250.627,-7.2436
mixed,8,6,0.75,4.0,64,512,512,2048,1664,249.696,250.624,247.614,-2.2435
mixed,8,6,0.75,4.0,64,512,1024,4096,3328,259.52,272.865,268.481,0.6715
mixed,8,6,0.75,4.0,64,512,2048,8192,6656,290.849,308.801,303.905,0.7273
mixed,8,6,0.75,4.0,64,512,4096,16384,13312,360.703,388.224,384.163,0.8524
mixed,8,6,0.75,4.0,64,1024,128,512,416,261.631,263.841,266.02,1.986
mixed,8,6,0.75,4.0,64,1024,256,1024,832,262.364,260.607,260.447,
mixed,8,6,0.75,4.0,64,1024,512,2048,1664,263.551,263.524,261.79,
mixed,8,6,0.75,4.0,64,1024,1024,4096,3328,263.391,276.318,271.43,0.6219
mixed,8,6,0.75,4.0,64,1024,2048,8192,6656,298.113,316.288,307.073,0.493
mixed,8,6,0.75,4.0,64,1024,4096,16384,13312,360.767,389.664,381.567,0.7198
mixed,8,6,0.75,4.0,64,2048,128,512,416,275.011,274.494,275.488,
mixed,8,6,0.75,4.0,64,2048,256,1024,832,275.647,275.55,276.226,
mixed,8,6,0.75,4.0,64,2048,512,2048,1664,275.745,276.1,274.46,-3.6197
mixed,8,6,0.75,4.0,64,2048,1024,4096,3328,313.791,284.928,292.835,
mixed,8,6,0.75,4.0,64,2048,2048,8192,6656,308.801,324.513,311.202,0.1528
mixed,8,6,0.75,4.0,64,2048,4096,16384,13312,371.329,402.976,385.566,0.4499
mixed,8,6,0.75,4.0,64,4096,128,512,416,298.912,297.664,299.361,
mixed,8,6,0.75,4.0,64,4096,256,1024,832,298.756,297.504,298.243,
mixed,8,6,0.75,4.0,64,4096,512,2048,1664,297.92,302.914,302.37,0.8911
mixed,8,6,0.75,4.0,64,4096,1024,4096,3328,309.283,310.623,312.416,2.3381
mixed,8,6,0.75,4.0,64,4096,2048,8192,6656,387.425,321.762,355.806,
mixed,8,6,0.75,4.0,64,4096,4096,16384,13312,381.889,417.474,394.337,0.3498
mixed,8,6,0.75,4.0,64,8192,128,512,416,337.571,324.678,324.061,
mixed,8,6,0.75,4.0,64,8192,256,1024,832,340.608,341.185,339.612,-1.7262
mixed,8,6,0.75,4.0,64,8192,512,2048,1664,341.375,341.855,341.024,-0.7313
mixed,8,6,0.75,4.0,64,8192,1024,4096,3328,407.814,352.892,397.987,
mixed,8,6,0.75,4.0,64,8192,2048,8192,6656,441.346,368.259,421.442,
mixed,8,6,0.75,4.0,64,8192,4096,16384,13312,533.86,397.473,469.92,
mixed,8,6,0.75,4.0,128,0,128,512,416,271.103,252.8,251.008,
mixed,8,6,0.75,4.0,128,0,256,1024,832,257.757,263.841,263.839,0.9997
mixed,8,6,0.75,4.0,128,0,512,2048,1664,273.185,280.867,282.688,1.237
mixed,8,6,0.75,4.0,128,0,1024,4096,3328,305.215,320.834,320.128,0.9548
mixed,8,6,0.75,4.0,128,0,2048,8192,6656,369.154,398.4,396.191,0.9245
mixed,8,6,0.75,4.0,128,0,4096,16384,13312,493.535,550.557,550.945,1.0068
mixed,8,6,0.75,4.0,128,512,128,512,416,293.793,292.385,292.608,
mixed,8,6,0.75,4.0,128,512,256,1024,832,291.359,289.219,285.824,
mixed,8,6,0.75,4.0,128,512,512,2048,1664,287.104,296.606,295.967,0.9328
mixed,8,6,0.75,4.0,128,512,1024,4096,3328,320.768,336.16,334.719,0.9064
mixed,8,6,0.75,4.0,128,512,2048,8192,6656,369.215,399.52,395.136,0.8553
mixed,8,6,0.75,4.0,128,512,4096,16384,13312,497.636,554.498,549.378,0.91
mixed,8,6,0.75,4.0,128,1024,128,512,416,307.455,309.342,308.895,0.7631
mixed,8,6,0.75,4.0,128,1024,256,1024,832,308.353,309.697,309.503,0.8557
mixed,8,6,0.75,4.0,128,1024,512,2048,1664,304.003,300.607,299.519,
mixed,8,6,0.75,4.0,128,1024,1024,4096,3328,321.215,338.146,333.568,0.7296
mixed,8,6,0.75,4.0,128,1024,2048,8192,6656,384.864,412.992,409.76,0.8851
mixed,8,6,0.75,4.0,128,1024,4096,16384,13312,498.145,555.293,549.791,0.9037
mixed,8,6,0.75,4.0,128,2048,128,512,416,337.407,347.199,347.073,0.9871
mixed,8,6,0.75,4.0,128,2048,256,1024,832,340.449,351.617,349.729,0.8309
mixed,8,6,0.75,4.0,128,2048,512,2048,1664,356.864,328.548,362.911,
mixed,8,6,0.75,4.0,128,2048,1024,4096,3328,326.527,342.625,340.737,0.8827
mixed,8,6,0.75,4.0,128,2048,2048,8192,6656,387.133,414.783,411.33,0.8751
mixed,8,6,0.75,4.0,128,2048,4096,16384,13312,513.377,565.054,564.511,0.9895
mixed,8,6,0.75,4.0,128,4096,128,512,416,364.163,350.495,351.426,
mixed,8,6,0.75,4.0,128,4096,256,1024,832,397.538,427.679,425.535,0.9289
mixed,8,6,0.75,4.0,128,4096,512,2048,1664,414.467,431.616,431.746,1.0076
mixed,8,6,0.75,4.0,128,4096,1024,4096,3328,383.907,385.346,383.998,0.0632
mixed,8,6,0.75,4.0,128,4096,2048,8192,6656,390.179,419.774,418.144,0.9449
mixed,8,6,0.75,4.0,128,4096,4096,16384,13312,517.119,568.288,574.08,1.1132
mixed,8,6,0.75,4.0,128,8192,128,512,416,440.193,440.32,440.516,2.5433
mixed,8,6,0.75,4.0,128,8192,256,1024,832,441.282,429.38,431.234,
mixed,8,6,0.75,4.0,128,8192,512,2048,1664,524.96,586.657,580.577,0.9015
mixed,8,6,0.75,4.0,128,8192,1024,4096,3328,558.018,589.794,589.409,0.9879
mixed,8,6,0.75,4.0,128,8192,2048,8192,6656,600.669,485.245,590.31,
mixed,8,6,0.75,4.0,128,8192,4096,16384,13312,520.64,580.671,579.808,0.9856
mixed,8,6,0.75,4.0,256,0,128,512,416,328.386,321.729,324.323,
mixed,8,6,0.75,4.0,256,0,256,1024,832,303.844,307.298,308.672,1.3978
mixed,8,6,0.75,4.0,256,0,512,2048,1664,331.039,343.233,346.911,1.3016
mixed,8,6,0.75,4.0,256,0,1024,4096,3328,394.815,427.903,418.24,0.708
mixed,8,6,0.75,4.0,256,0,2048,8192,6656,519.136,577.06,574.848,0.9618
mixed,8,6,0.75,4.0,256,0,4096,16384,13312,769.633,880.29,877.507,0.9749
mixed,8,6,0.75,4.0,256,512,128,512,416,375.875,369.216,369.861,
mixed,8,6,0.75,4.0,256,512,256,1024,832,388.126,390.655,387.84,-0.1131
mixed,8,6,0.75,4.0,256,512,512,2048,1664,415.714,424.896,424.358,0.9414
mixed,8,6,0.75,4.0,256,512,1024,4096,3328,471.425,502.625,496.929,0.8174
mixed,8,6,0.75,4.0,256,512,2048,8192,6656,518.784,578.271,574.272,0.9328
mixed,8,6,0.75,4.0,256,512,4096,16384,13312,763.679,890.116,882.144,0.9369
mixed,8,6,0.75,4.0,256,1024,128,512,416,375.458,404.994,404.928,0.9978
mixed,8,6,0.75,4.0,256,1024,256,1024,832,395.937,406.783,408.863,1.1918
mixed,8,6,0.75,4.0,256,1024,512,2048,1664,431.104,447.296,441.889,0.6661
mixed,8,6,0.75,4.0,256,1024,1024,4096,3328,496.573,524.225,523.55,0.9756
mixed,8,6,0.75,4.0,256,1024,2048,8192,6656,616.193,582.72,667.167,
mixed,8,6,0.75,4.0,256,1024,4096,16384,13312,778.209,890.077,891.521,1.0129
mixed,8,6,0.75,4.0,256,2048,128,512,416,407.069,397.695,400.416,
mixed,8,6,0.75,4.0,256,2048,256,1024,832,445.73,482.465,484.032,1.0427
mixed,8,6,0.75,4.0,256,2048,512,2048,1664,466.85,487.455,483.906,0.8278
mixed,8,6,0.75,4.0,256,2048,1024,4096,3328,534.335,569.119,557.666,0.6707
mixed,8,6,0.75,4.0,256,2048,2048,8192,6656,659.105,712.868,710.305,0.9523
mixed,8,6,0.75,4.0,256,2048,4096,16384,13312,906.72,891.874,1010.149,
mixed,8,6,0.75,4.0,256,4096,128,512,416,485.248,487.585,486.591,0.5747
mixed,8,6,0.75,4.0,256,4096,256,1024,832,483.073,478.401,481.821,
mixed,8,6,0.75,4.0,256,4096,512,2048,1664,569.952,643.326,636.19,0.9027
mixed,8,6,0.75,4.0,256,4096,1024,4096,3328,613.022,639.967,641.987,1.075
mixed,8,6,0.75,4.0,256,4096,2048,8192,6656,741.441,792.929,793.633,1.0137
mixed,8,6,0.75,4.0,256,4096,4096,16384,13312,984.448,1098.243,1100.381,1.0188
mixed,8,6,0.75,4.0,256,8192,128,512,416,644.516,641.888,644.127,
mixed,8,6,0.75,4.0,256,8192,256,1024,832,641.309,644.512,641.663,0.1105
mixed,8,6,0.75,4.0,256,8192,512,2048,1664,642.176,635.648,635.552,
mixed,8,6,0.75,4.0,256,8192,1024,4096,3328,829.377,947.168,944.735,0.9793
mixed,8,6,0.75,4.0,256,8192,2048,8192,6656,886.435,950.11,946.91,0.9497
mixed,8,6,0.75,4.0,256,8192,4096,16384,13312,1142.916,1266.69,1268.036,1.0109
mixed,8,6,0.75,4.0,512,0,128,512,416,366.847,366.527,368.097,
mixed,8,6,0.75,4.0,512,0,256,1024,832,390.848,404.573,405.025,1.0329
mixed,8,6,0.75,4.0,512,0,512,2048,1664,453.953,480.77,481.502,1.0273
mixed,8,6,0.75,4.0,512,0,1024,4096,3328,579.868,634.146,631.073,0.9434
mixed,8,6,0.75,4.0,512,0,2048,8192,6656,827.49,937.347,942.401,1.046
mixed,8,6,0.75,4.0,512,0,4096,16384,13312,1318.431,1548.8,1550.851,1.0089
mixed,8,6,0.75,4.0,512,512,128,512,416,404.224,428.288,424.897,0.8591
mixed,8,6,0.75,4.0,512,512,256,1024,832,449.472,464.417,462.563,0.8759
mixed,8,6,0.75,4.0,512,512,512,2048,1664,511.776,543.36,540.641,0.9139
mixed,8,6,0.75,4.0,512,512,1024,4096,3328,637.151,699.874,695.616,0.9321
mixed,8,6,0.75,4.0,512,512,2048,8192,6656,884.737,1001.699,1004.899,1.0274
mixed,8,6,0.75,4.0,512,512,4096,16384,13312,1372.644,1605.472,1605.215,0.9989
mixed,8,6,0.75,4.0,512,1024,128,512,416,442.399,441.536,442.241,
mixed,8,6,0.75,4.0,512,1024,256,1024,832,470.18,498.624,499.169,1.0192
mixed,8,6,0.75,4.0,512,1024,512,2048,1664,548.931,579.778,580.454,1.0219
mixed,8,6,0.75,4.0,512,1024,1024,4096,3328,673.981,737.633,732.477,0.919
mixed,8,6,0.75,4.0,512,1024,2048,8192,6656,927.998,1037.316,1037.437,1.0011
mixed,8,6,0.75,4.0,512,1024,4096,16384,13312,1420.48,1651.456,1657.058,1.0243
mixed,8,6,0.75,4.0,512,2048,128,512,416,522.946,520.224,520.738,
mixed,8,6,0.75,4.0,512,2048,256,1024,832,519.936,519.264,521.534,
mixed,8,6,0.75,4.0,512,2048,512,2048,1664,598.016,660.574,656.227,0.9305
mixed,8,6,0.75,4.0,512,2048,1024,4096,3328,757.73,813.859,811.486,0.9577
mixed,8,6,0.75,4.0,512,2048,2048,8192,6656,1010.301,1126.495,1117.501,0.9226
mixed,8,6,0.75,4.0,512,2048,4096,16384,13312,1499.78,1732.224,1726.436,0.9751
mixed,8,6,0.75,4.0,512,4096,128,512,416,677.278,679.362,684.132,3.2889
mixed,8,6,0.75,4.0,512,4096,256,1024,832,682.463,677.728,676.192,
mixed,8,6,0.75,4.0,512,4096,512,2048,1664,679.805,680.924,677.151,-2.3718
mixed,8,6,0.75,4.0,512,4096,1024,4096,3328,850.655,970.275,968.737,0.9871
mixed,8,6,0.75,4.0,512,4096,2048,8192,6656,1162.913,1280.833,1275.072,0.9511
mixed,8,6,0.75,4.0,512,4096,4096,16384,13312,1652.585,1884.093,1886.019,1.0083
mixed,8,6,0.75,4.0,512,8192,128,512,416,980.833,986.277,984.413,0.6576
mixed,8,6,0.75,4.0,512,8192,256,1024,832,978.629,981.439,985.092,2.3
mixed,8,6,0.75,4.0,512,8192,512,2048,1664,985.504,980.126,985.695,
mixed,8,6,0.75,4.0,512,8192,1024,4096,3328,979.494,976.578,980.96,
mixed,8,6,0.75,4.0,512,8192,2048,8192,6656,1350.945,1584.99,1580.865,0.9824
mixed,8,6,0.75,4.0,512,8192,4096,16384,13312,1966.627,2191.776,2186.947,0.9786
mixed,8,6,0.75,4.0,1024,0,128,512,416,568.357,562.912,564.894,
mixed,8,6,0.75,4.0,1024,0,256,1024,832,581.375,573.41,574.852,
mixed,8,6,0.75,4.0,1024,0,512,2048,1664,593.473,589.504,591.779,
mixed,8,6,0.75,4.0,1024,0,1024,4096,3328,613.088,614.047,608.386,-4.903
mixed,8,6,0.75,4.0,1024,0,2048,8192,6656,640.961,664.291,644.896,0.1687
mixed,8,6,0.75,4.0,1024,0,4096,16384,13312,705.088,737.185,711.747,0.2075
mixed,8,6,0.75,4.0,1024,512,128,512,416,677.729,676.353,676.097,
mixed,8,6,0.75,4.0,1024,512,256,1024,832,685.507,687.873,690.56,2.1357
mixed,8,6,0.75,4.0,1024,512,512,2048,1664,696.098,699.075,704.639,2.869
mixed,8,6,0.75,4.0,1024,512,1024,4096,3328,717.956,716.54,709.634,
mixed,8,6,0.75,4.0,1024,512,2048,8192,6656,748.383,763.716,746.431,-0.1273
mixed,8,6,0.75,4.0,1024,512,4096,16384,13312,808.612,847.713,815.201,0.1685
mixed,8,6,0.75,4.0,1024,1024,128,512,416,719.517,721.539,719.874,0.1766
mixed,8,6,0.75,4.0,1024,1024,256,1024,832,732.319,725.696,726.43,
mixed,8,6,0.75,4.0,1024,1024,512,2048,1664,741.568,745.189,744.738,0.8754
mixed,8,6,0.75,4.0,1024,1024,1024,4096,3328,755.264,762.435,763.232,1.1111
mixed,8,6,0.75,4.0,1024,1024,2048,8192,6656,793.25,799.206,788.002,-0.8811
mixed,8,6,0.75,4.0,1024,1024,4096,16384,13312,858.053,892.512,856.323,-0.0502
mixed,8,6,0.75,4.0,1024,2048,128,512,416,801.731,800.317,800.064,
mixed,8,6,0.75,4.0,1024,2048,256,1024,832,811.963,809.027,815.335,
mixed,8,6,0.75,4.0,1024,2048,512,2048,1664,829.189,826.405,825.471,
mixed,8,6,0.75,4.0,1024,2048,1024,4096,3328,837.09,844.708,841.927,0.6349
mixed,8,6,0.75,4.0,1024,2048,2048,8192,6656,873.955,890.946,871.776,-0.1282
mixed,8,6,0.75,4.0,1024,2048,4096,16384,13312,936.993,965.663,944.19,0.251
mixed,8,6,0.75,4.0,1024,4096,128,512,416,960.1,961.412,961.091,0.7553
mixed,8,6,0.75,4.0,1024,4096,256,1024,832,977.896,976.097,975.839,
mixed,8,6,0.75,4.0,1024,4096,512,2048,1664,989.44,984.094,993.502,
mixed,8,6,0.75,4.0,1024,4096,1024,4096,3328,1001.374,1008.354,1001.858,0.0693
mixed,8,6,0.75,4.0,1024,4096,2048,8192,6656,1040.196,1055.516,1032.708,-0.4888
mixed,8,6,0.75,4.0,1024,4096,4096,16384,13312,1098.528,1128.892,1099.167,0.021
mixed,8,6,0.75,4.0,1024,8192,128,512,416,1287.682,1293.127,1284.513,-0.582
mixed,8,6,0.75,4.0,1024,8192,256,1024,832,1307.776,1302.848,1293.248,
mixed,8,6,0.75,4.0,1024,8192,512,2048,1664,1318.148,1309.124,1316.453,
mixed,8,6,0.75,4.0,1024,8192,1024,4096,3328,1328.225,1338.939,1328.0,-0.021
mixed,8,6,0.75,4.0,1024,8192,2048,8192,6656,1359.808,1378.208,1366.621,0.3703
mixed,8,6,0.75,4.0,1024,8192,4096,16384,13312,1427.421,1456.126,1429.635,0.0771
mixed,8,6,0.75,4.0,2048,0,128,512,416,906.849,917.956,909.054,0.1985
mixed,8,6,0.75,4.0,2048,0,256,1024,832,928.002,920.802,929.731,
mixed,8,6,0.75,4.0,2048,0,512,2048,1664,934.209,939.935,941.921,1.3468
mixed,8,6,0.75,4.0,2048,0,1024,4096,3328,958.785,959.842,948.542,-9.6906
mixed,8,6,0.75,4.0,2048,0,2048,8192,6656,983.492,1006.847,990.623,0.3053
mixed,8,6,0.75,4.0,2048,0,4096,16384,13312,1052.351,1086.401,1052.254,-0.0028
mixed,8,6,0.75,4.0,2048,512,128,512,416,1061.957,1058.21,1063.776,
mixed,8,6,0.75,4.0,2048,512,256,1024,832,1071.682,1073.856,1073.986,1.0598
mixed,8,6,0.75,4.0,2048,512,512,2048,1664,1084.259,1075.784,1084.062,
mixed,8,6,0.75,4.0,2048,512,1024,4096,3328,1102.018,1101.185,1098.148,
mixed,8,6,0.75,4.0,2048,512,2048,8192,6656,1135.325,1153.091,1134.239,-0.0611
mixed,8,6,0.75,4.0,2048,512,4096,16384,13312,1198.431,1236.575,1209.666,0.2945
mixed,8,6,0.75,4.0,2048,1024,128,512,416,1119.337,1127.299,1120.636,0.1631
mixed,8,6,0.75,4.0,2048,1024,256,1024,832,1127.104,1132.899,1142.461,2.65
mixed,8,6,0.75,4.0,2048,1024,512,2048,1664,1144.164,1153.353,1142.593,-0.171
mixed,8,6,0.75,4.0,2048,1024,1024,4096,3328,1157.061,1166.08,1163.648,0.7303
mixed,8,6,0.75,4.0,2048,1024,2048,8192,6656,1194.215,1204.233,1191.424,-0.2786
mixed,8,6,0.75,4.0,2048,1024,4096,16384,13312,1256.001,1285.413,1267.556,0.3929
mixed,8,6,0.75,4.0,2048,2048,128,512,416,1232.29,1231.875,1231.748,
mixed,8,6,0.75,4.0,2048,2048,256,1024,832,1245.474,1240.866,1243.749,
mixed,8,6,0.75,4.0,2048,2048,512,2048,1664,1254.915,1254.725,1263.778,
mixed,8,6,0.75,4.0,2048,2048,1024,4096,3328,1272.805,1279.075,1276.742,0.6279
mixed,8,6,0.75,4.0,2048,2048,2048,8192,6656,1307.296,1317.159,1304.063,-0.3278
mixed,8,6,0.75,4.0,2048,2048,4096,16384,13312,1367.775,1404.325,1367.842,0.0018
mixed,8,6,0.75,4.0,2048,4096,128,512,416,1482.876,1480.577,1481.316,
mixed,8,6,0.75,4.0,2048,4096,256,1024,832,1495.523,1494.947,1493.699,
mixed,8,6,0.75,4.0,2048,4096,512,2048,1664,1497.958,1508.227,1505.059,0.6915
mixed,8,6,0.75,4.0,2048,4096,1024,4096,3328,1519.681,1528.836,1520.774,0.1194
mixed,8,6,0.75,4.0,2048,4096,2048,8192,6656,1554.183,1573.601,1551.074,-0.1601
mixed,8,6,0.75,4.0,2048,4096,4096,16384,13312,1628.354,1645.604,1613.6,-0.8553
mixed,8,6,0.75,4.0,2048,8192,128,512,416,1949.643,1937.345,1942.565,
mixed,8,6,0.75,4.0,2048,8192,256,1024,832,1941.087,1941.415,1956.36,46.564
mixed,8,6,0.75,4.0,2048,8192,512,2048,1664,1969.796,1966.472,1966.818,
mixed,8,6,0.75,4.0,2048,8192,1024,4096,3328,1990.658,1987.742,1979.617,
mixed,8,6,0.75,4.0,2048,8192,2048,8192,6656,2018.147,2028.9,2008.227,-0.9225
mixed,8,6,0.75,4.0,2048,8192,4096,16384,13312,2083.17,2108.513,2091.457,0.327
pure,8,7,0.875,4.0,0,0,128,512,464,193.89,191.011,192.607,
pure,8,7,0.875,4.0,0,0,256,1024,928,196.959,200.094,196.607,-0.1123
pure,8,7,0.875,4.0,0,0,512,2048,1856,218.113,208.573,219.457,
pure,8,7,0.875,4.0,0,0,1024,4096,3712,225.983,226.686,229.476,4.9687
pure,8,7,0.875,4.0,0,0,2048,8192,7424,261.408,267.522,262.913,0.2462
pure,8,7,0.875,4.0,0,0,4096,16384,14848,331.392,348.326,329.666,-0.1019
mixed,8,7,0.875,4.0,16,0,128,512,464,214.655,213.056,212.605,
mixed,8,7,0.875,4.0,16,0,256,1024,928,215.618,220.99,215.133,-0.0903
mixed,8,7,0.875,4.0,16,0,512,2048,1856,231.612,233.537,231.457,-0.0805
mixed,8,7,0.875,4.0,16,0,1024,4096,3712,250.176,250.111,249.061,
mixed,8,7,0.875,4.0,16,0,2048,8192,7424,281.886,291.171,280.96,-0.0997
mixed,8,7,0.875,4.0,16,0,4096,16384,14848,354.207,373.054,352.575,-0.0866
mixed,8,7,0.875,4.0,16,512,128,512,464,233.314,229.089,228.994,
mixed,8,7,0.875,4.0,16,512,256,1024,928,235.618,235.005,234.307,
mixed,8,7,0.875,4.0,16,512,512,2048,1856,243.101,245.694,242.945,-0.0602
mixed,8,7,0.875,4.0,16,512,1024,4096,3712,254.368,259.872,256.418,0.3725
mixed,8,7,0.875,4.0,16,512,2048,8192,7424,283.328,292.829,280.612,-0.2859
mixed,8,7,0.875,4.0,16,512,4096,16384,14848,353.313,369.92,354.656,0.0809
mixed,8,7,0.875,4.0,16,1024,128,512,464,231.393,233.475,233.505,1.0144
mixed,8,7,0.875,4.0,16,1024,256,1024,928,239.871,240.063,234.051,-30.3125
mixed,8,7,0.875,4.0,16,1024,512,2048,1856,245.857,250.815,246.722,0.1745
mixed,8,7,0.875,4.0,16,1024,1024,4096,3712,260.447,266.816,266.114,0.8898
mixed,8,7,0.875,4.0,16,1024,2048,8192,7424,283.774,290.657,285.73,0.2842
mixed,8,7,0.875,4.0,16,1024,4096,16384,14848,352.318,369.06,356.961,0.2773
mixed,8,7,0.875,4.0,16,2048,128,512,464,247.395,248.192,246.399,-1.2497
mixed,8,7,0.875,4.0,16,2048,256,1024,928,247.681,242.722,241.792,
mixed,8,7,0.875,4.0,16,2048,512,2048,1856,249.602,248.801,249.407,
mixed,8,7,0.875,4.0,16,2048,1024,4096,3712,258.72,270.849,264.191,0.4511
mixed,8,7,0.875,4.0,16,2048,2048,8192,7424,288.35,290.687,288.029,-0.1374
mixed,8,7,0.875,4.0,16,2048,4096,16384,14848,352.802,365.314,354.308,0.1204
mixed,8,7,0.875,4.0,16,4096,128,512,464,258.816,257.312,262.337,
mixed,8,7,0.875,4.0,16,4096,256,1024,928,254.24,256.286,255.072,0.4066
mixed,8,7,0.875,4.0,16,4096,512,2048,1856,260.064,256.128,254.941,
mixed,8,7,0.875,4.0,16,4096,1024,4096,3712,269.76,268.255,268.481,
mixed,8,7,0.875,4.0,16,4096,2048,8192,7424,293.63,304.097,301.087,0.7124
mixed,8,7,0.875,4.0,16,4096,4096,16384,14848,351.903,364.387,357.923,0.4822
mixed,8,7,0.875,4.0,16,8192,128,512,464,277.183,276.517,276.453,
mixed,8,7,0.875,4.0,16,8192,256,1024,928,273.15,275.167,273.856,0.35
mixed,8,7,0.875,4.0,16,8192,512,2048,1856,271.901,276.194,275.934,0.9394
mixed,8,7,0.875,4.0,16,8192,1024,4096,3712,279.778,283.843,283.873,1.0074
mixed,8,7,0.875,4.0,16,8192,2048,8192,7424,306.816,309.793,304.32,-0.8384
mixed,8,7,0.875,4.0,16,8192,4096,16384,14848,360.735,381.5,359.135,-0.0771
mixed,8,7,0.875,4.0,32,0,128,512,464,218.75,218.013,218.208,
mixed,8,7,0.875,4.0,32,0,256,1024,928,221.44,222.592,220.578,-0.7483
mixed,8,7,0.875,4.0,32,0,512,2048,1856,231.648,237.854,234.91,0.5256
mixed,8,7,0.875,4.0,32,0,1024,4096,3712,249.568,253.474,248.512,-0.2704
mixed,8,7,0.875,4.0,32,0,2048,8192,7424,287.901,294.588,283.013,-0.731
mixed,8,7,0.875,4.0,32,0,4096,16384,14848,359.17,374.051,355.457,-0.2495
mixed,8,7,0.875,4.0,32,512,128,512,464,237.217,239.842,237.086,-0.0499
mixed,8,7,0.875,4.0,32,512,256,1024,928,243.809,244.768,242.943,-0.903
mixed,8,7,0.875,4.0,32,512,512,2048,1856,249.056,252.83,251.329,0.6023
mixed,8,7,0.875,4.0,32,512,1024,4096,3712,263.937,267.49,265.956,0.5683
mixed,8,7,0.875,4.0,32,512,2048,8192,7424,286.722,296.864,288.382,0.1637
mixed,8,7,0.875,4.0,32,512,4096,16384,14848,355.684,370.208,359.393,0.2554
mixed,8,7,0.875,4.0,32,1024,128,512,464,245.118,246.178,244.959,-0.15
mixed,8,7,0.875,4.0,32,1024,256,1024,928,245.441,243.873,247.135,
mixed,8,7,0.875,4.0,32,1024,512,2048,1856,251.714,252.001,252.96,4.3415
mixed,8,7,0.875,4.0,32,1024,1024,4096,3712,264.708,267.393,268.196,1.2991
mixed,8,7,0.875,4.0,32,1024,2048,8192,7424,293.921,295.55,290.018,-2.3959
mixed,8,7,0.875,4.0,32,1024,4096,16384,14848,355.678,368.545,357.663,0.1543
mixed,8,7,0.875,4.0,32,2048,128,512,464,259.167,260.321,259.935,0.6655
mixed,8,7,0.875,4.0,32,2048,256,1024,928,252.737,253.729,252.576,-0.1623
mixed,8,7,0.875,4.0,32,2048,512,2048,1856,259.552,257.505,257.631,
mixed,8,7,0.875,4.0,32,2048,1024,4096,3712,270.304,273.118,271.68,0.489
mixed,8,7,0.875,4.0,32,2048,2048,8192,7424,295.548,304.223,293.183,-0.2726
mixed,8,7,0.875,4.0,32,2048,4096,16384,14848,355.812,369.152,360.924,0.3832
mixed,8,7,0.875,4.0,32,4096,128,512,464,272.896,273.889,274.208,1.3212
mixed,8,7,0.875,4.0,32,4096,256,1024,928,272.931,271.648,273.601,
mixed,8,7,0.875,4.0,32,4096,512,2048,1856,273.408,271.904,273.312,
mixed,8,7,0.875,4.0,32,4096,1024,4096,3712,278.27,282.339,284.833,1.6129
mixed,8,7,0.875,4.0,32,4096,2048,8192,7424,301.57,311.68,307.517,0.5882
mixed,8,7,0.875,4.0,32,4096,4096,16384,14848,360.803,377.023,358.658,-0.1322
mixed,8,7,0.875,4.0,32,8192,128,512,464,296.897,296.831,296.318,
mixed,8,7,0.875,4.0,32,8192,256,1024,928,292.771,295.265,296.32,1.423
mixed,8,7,0.875,4.0,32,8192,512,2048,1856,294.853,299.105,296.707,0.436
mixed,8,7,0.875,4.0,32,8192,1024,4096,3712,302.752,304.451,303.297,0.3208
mixed,8,7,0.875,4.0,32,8192,2048,8192,7424,316.002,326.816,321.377,0.497
mixed,8,7,0.875,4.0,32,8192,4096,16384,14848,369.949,387.297,369.474,-0.0274
mixed,8,7,0.875,4.0,64,0,128,512,464,223.264,227.422,226.241,0.716
mixed,8,7,0.875,4.0,64,0,256,1024,928,232.639,229.728,229.727,
mixed,8,7,0.875,4.0,64,0,512,2048,1856,245.375,243.008,241.727,
mixed,8,7,0.875,4.0,64,0,1024,4096,3712,260.672,268.608,264.063,0.4273
mixed,8,7,0.875,4.0,64,0,2048,8192,7424,294.144,307.746,307.073,0.9505
mixed,8,7,0.875,4.0,64,0,4096,16384,14848,372.35,385.375,380.738,0.644
mixed,8,7,0.875,4.0,64,512,128,512,464,254.847,254.081,251.519,
mixed,8,7,0.875,4.0,64,512,256,1024,928,253.377,254.784,251.521,-1.3191
mixed,8,7,0.875,4.0,64,512,512,2048,1856,248.413,249.026,247.007,-2.2936
mixed,8,7,0.875,4.0,64,512,1024,4096,3712,267.743,272.192,269.374,0.3666
mixed,8,7,0.875,4.0,64,512,2048,8192,7424,299.231,307.842,305.793,0.762
mixed,8,7,0.875,4.0,64,512,4096,16384,14848,374.979,387.364,387.455,1.0073
mixed,8,7,0.875,4.0,64,1024,128,512,464,263.455,264.93,262.849,-0.4108
mixed,8,7,0.875,4.0,64,1024,256,1024,928,261.982,263.232,261.886,-0.0768
mixed,8,7,0.875,4.0,64,1024,512,2048,1856,265.439,266.631,263.871,-1.3154
mixed,8,7,0.875,4.0,64,1024,1024,4096,3712,274.372,277.729,275.072,0.2085
mixed,8,7,0.875,4.0,64,1024,2048,8192,7424,303.938,313.796,310.496,0.6652
mixed,8,7,0.875,4.0,64,1024,4096,16384,14848,375.937,389.474,385.794,0.7282
mixed,8,7,0.875,4.0,64,2048,128,512,464,277.855,276.93,275.072,
mixed,8,7,0.875,4.0,64,2048,256,1024,928,275.072,276.031,276.0,0.9677
mixed,8,7,0.875,4.0,64,2048,512,2048,1856,275.519,278.433,276.896,0.4725
mixed,8,7,0.875,4.0,64,2048,1024,4096,3712,282.753,285.954,284.48,0.5395
mixed,8,7,0.875,4.0,64,2048,2048,8192,7424,312.989,323.426,317.44,0.4265
mixed,8,7,0.875,4.0,64,2048,4096,16384,14848,385.44,402.401,399.007,0.7999
mixed,8,7,0.875,4.0,64,4096,128,512,464,298.82,297.983,299.328,
mixed,8,7,0.875,4.0,64,4096,256,1024,928,298.464,297.695,297.47,
mixed,8,7,0.875,4.0,64,4096,512,2048,1856,300.129,302.781,299.871,-0.0973
mixed,8,7,0.875,4.0,64,4096,1024,4096,3712,309.379,310.465,309.021,-0.3297
mixed,8,7,0.875,4.0,64,4096,2048,8192,7424,314.331,321.155,322.079,1.1354
mixed,8,7,0.875,4.0,64,4096,4096,16384,14848,401.279,416.643,404.222,0.1916
mixed,8,7,0.875,4.0,64,8192,128,512,464,335.171,324.834,323.65,
mixed,8,7,0.875,4.0,64,8192,256,1024,928,340.321,341.442,339.778,-0.4844
mixed,8,7,0.875,4.0,64,8192,512,2048,1856,339.358,340.478,339.618,0.2321
mixed,8,7,0.875,4.0,64,8192,1024,4096,3712,352.515,354.819,352.861,0.1502
mixed,8,7,0.875,4.0,64,8192,2048,8192,7424,457.824,367.164,445.731,
mixed,8,7,0.875,4.0,64,8192,4096,16384,14848,408.353,400.576,396.992,
mixed,8,7,0.875,4.0,128,0,128,512,464,251.136,254.367,253.729,0.8025
mixed,8,7,0.875,4.0,128,0,256,1024,928,256.321,263.713,262.108,0.7829
mixed,8,7,0.875,4.0,128,0,512,2048,1856,277.567,281.89,282.785,1.207
mixed,8,7,0.875,4.0,128,0,1024,4096,3712,311.582,320.737,320.546,0.9791
mixed,8,7,0.875,4.0,128,0,2048,8192,7424,382.754,397.374,398.305,1.0637
mixed,8,7,0.875,4.0,128,0,4096,16384,14848,524.48,553.856,553.406,0.9847
mixed,8,7,0.875,4.0,128,512,128,512,464,294.269,292.929,289.921,
mixed,8,7,0.875,4.0,128,512,256,1024,928,291.204,287.294,288.546,
mixed,8,7,0.875,4.0,128,512,512,2048,1856,292.702,296.995,297.279,1.0662
mixed,8,7,0.875,4.0,128,512,1024,4096,3712,329.282,334.398,335.964,1.3061
mixed,8,7,0.875,4.0,128,512,2048,8192,7424,386.238,400.226,399.326,0.9357
mixed,8,7,0.875,4.0,128,512,4096,16384,14848,526.849,558.624,556.096,0.9204
mixed,8,7,0.875,4.0,128,1024,128,512,464,306.372,307.394,309.826,3.3796
mixed,8,7,0.875,4.0,128,1024,256,1024,928,308.321,310.011,308.928,0.3592
mixed,8,7,0.875,4.0,128,1024,512,2048,1856,297.086,299.971,299.328,0.7771
mixed,8,7,0.875,4.0,128,1024,1024,4096,3712,329.634,339.329,336.706,0.7294
mixed,8,7,0.875,4.0,128,1024,2048,8192,7424,398.719,411.265,411.901,1.0507
mixed,8,7,0.875,4.0,128,1024,4096,16384,14848,525.505,555.358,555.586,1.0076
mixed,8,7,0.875,4.0,128,2048,128,512,464,342.914,347.902,348.64,1.148
mixed,8,7,0.875,4.0,128,2048,256,1024,928,346.656,352.195,352.547,1.0635
mixed,8,7,0.875,4.0,128,2048,512,2048,1856,327.524,328.832,329.443,1.4671
mixed,8,7,0.875,4.0,128,2048,1024,4096,3712,333.988,340.609,341.665,1.1595
mixed,8,7,0.875,4.0,128,2048,2048,8192,7424,403.265,416.128,413.826,0.821
mixed,8,7,0.875,4.0,128,2048,4096,16384,14848,540.898,571.201,568.287,0.9038
mixed,8,7,0.875,4.0,128,4096,128,512,464,361.792,352.032,352.64,
mixed,8,7,0.875,4.0,128,4096,256,1024,928,418.402,430.145,427.172,0.7468
mixed,8,7,0.875,4.0,128,4096,512,2048,1856,422.688,431.55,432.865,1.1484
mixed,8,7,0.875,4.0,128,4096,1024,4096,3712,385.442,387.52,385.183,-0.1246
mixed,8,7,0.875,4.0,128,4096,2048,8192,7424,407.618,421.666,420.703,0.9314
mixed,8,7,0.875,4.0,128,4096,4096,16384,14848,543.81,574.59,572.028,0.9168
mixed,8,7,0.875,4.0,128,8192,128,512,464,443.268,441.055,442.69,
mixed,8,7,0.875,4.0,128,8192,256,1024,928,442.944,430.113,430.624,
mixed,8,7,0.875,4.0,128,8192,512,2048,1856,559.904,585.024,584.764,0.9896
mixed,8,7,0.875,4.0,128,8192,1024,4096,3712,575.043,591.203,592.351,1.071
mixed,8,7,0.875,4.0,128,8192,2048,8192,7424,624.384,486.658,639.49,
mixed,8,7,0.875,4.0,128,8192,4096,16384,14848,554.655,582.594,582.24,0.9873
mixed,8,7,0.875,4.0,256,0,128,512,464,324.799,323.071,327.107,
mixed,8,7,0.875,4.0,256,0,256,1024,928,305.853,310.492,309.95,0.8832
mixed,8,7,0.875,4.0,256,0,512,2048,1856,342.176,344.519,345.247,1.3107
mixed,8,7,0.875,4.0,256,0,1024,4096,3712,410.689,419.648,426.592,1.7751
mixed,8,7,0.875,4.0,256,0,2048,8192,7424,561.085,582.911,577.15,0.736
mixed,8,7,0.875,4.0,256,0,4096,16384,14848,826.149,893.185,882.431,0.8396
mixed,8,7,0.875,4.0,256,512,128,512,464,366.399,373.121,371.36,0.738
mixed,8,7,0.875,4.0,256,512,256,1024,928,388.802,390.785,394.339,2.7922
mixed,8,7,0.875,4.0,256,512,512,2048,1856,416.77,431.455,426.817,0.6842
mixed,8,7,0.875,4.0,256,512,1024,4096,3712,498.722,500.35,505.345,4.0682
mixed,8,7,0.875,4.0,256,512,2048,8192,7424,554.047,586.785,587.457,1.0205
mixed,8,7,0.875,4.0,256,512,4096,16384,14848,840.063,892.866,898.274,1.1024
mixed,8,7,0.875,4.0,256,1024,128,512,464,388.034,415.55,409.922,0.7955
mixed,8,7,0.875,4.0,256,1024,256,1024,928,401.758,407.039,410.786,1.7095
mixed,8,7,0.875,4.0,256,1024,512,2048,1856,441.059,449.119,451.099,1.2457
mixed,8,7,0.875,4.0,256,1024,1024,4096,3712,512.061,524.961,525.121,1.0124
mixed,8,7,0.875,4.0,256,1024,2048,8192,7424,657.057,586.719,687.584,
mixed,8,7,0.875,4.0,256,1024,4096,16384,14848,836.413,887.49,885.056,0.9523
mixed,8,7,0.875,4.0,256,2048,128,512,464,410.369,399.49,401.059,
mixed,8,7,0.875,4.0,256,2048,256,1024,928,456.418,489.088,486.495,0.9206
mixed,8,7,0.875,4.0,256,2048,512,2048,1856,485.568,491.202,490.978,0.9602
mixed,8,7,0.875,4.0,256,2048,1024,4096,3712,553.311,577.06,568.833,0.6536
mixed,8,7,0.875,4.0,256,2048,2048,8192,7424,690.115,719.935,723.745,1.1278
mixed,8,7,0.875,4.0,256,2048,4096,16384,14848,965.44,898.589,1034.622,
mixed,8,7,0.875,4.0,256,4096,128,512,464,489.503,486.176,485.34,
mixed,8,7,0.875,4.0,256,4096,256,1024,928,490.687,481.186,482.816,
mixed,8,7,0.875,4.0,256,4096,512,2048,1856,603.68,639.713,640.994,1.0356
mixed,8,7,0.875,4.0,256,4096,1024,4096,3712,628.897,646.05,648.253,1.1284
mixed,8,7,0.875,4.0,256,4096,2048,8192,7424,772.002,801.183,800.608,0.9803
mixed,8,7,0.875,4.0,256,4096,4096,16384,14848,1050.847,1107.713,1111.426,1.0653
mixed,8,7,0.875,4.0,256,8192,128,512,464,642.431,645.026,644.292,0.7171
mixed,8,7,0.875,4.0,256,8192,256,1024,928,642.371,644.254,640.771,-0.8497
mixed,8,7,0.875,4.0,256,8192,512,2048,1856,645.087,644.8,639.007,
mixed,8,7,0.875,4.0,256,8192,1024,4096,3712,887.907,948.86,950.015,1.0189
mixed,8,7,0.875,4.0,256,8192,2048,8192,7424,929.342,955.231,959.425,1.162
mixed,8,7,0.875,4.0,256,8192,4096,16384,14848,1200.223,1270.114,1265.665,0.9363
mixed,8,7,0.875,4.0,512,0,128,512,464,366.527,364.991,365.952,
mixed,8,7,0.875,4.0,512,0,256,1024,928,395.298,403.073,405.66,1.3327
mixed,8,7,0.875,4.0,512,0,512,2048,1856,468.543,480.546,479.744,0.9332
mixed,8,7,0.875,4.0,512,0,1024,4096,3712,603.745,634.913,636.543,1.0523
mixed,8,7,0.875,4.0,512,0,2048,8192,7424,883.68,935.905,938.175,1.0435
mixed,8,7,0.875,4.0,512,0,4096,16384,14848,1432.031,1547.363,1552.615,1.0455
mixed,8,7,0.875,4.0,512,512,128,512,464,411.486,423.998,422.881,0.9107
mixed,8,7,0.875,4.0,512,512,256,1024,928,453.379,461.058,464.415,1.4372
mixed,8,7,0.875,4.0,512,512,512,2048,1856,526.784,540.833,542.338,1.1071
mixed,8,7,0.875,4.0,512,512,1024,4096,3712,665.31,695.264,693.092,0.9275
mixed,8,7,0.875,4.0,512,512,2048,8192,7424,943.777,997.538,1004.289,1.1256
mixed,8,7,0.875,4.0,512,512,4096,16384,14848,1492.099,1617.218,1605.215,0.9041
mixed,8,7,0.875,4.0,512,1024,128,512,464,440.542,443.683,445.921,1.7125
mixed,8,7,0.875,4.0,512,1024,256,1024,928,477.151,501.666,499.265,0.9021
mixed,8,7,0.875,4.0,512,1024,512,2048,1856,564.607,582.305,579.583,0.8462
mixed,8,7,0.875,4.0,512,1024,1024,4096,3712,706.114,733.7,736.322,1.095
mixed,8,7,0.875,4.0,512,1024,2048,8192,7424,980.799,1038.88,1041.504,1.0452
mixed,8,7,0.875,4.0,512,1024,4096,16384,14848,1528.643,1658.114,1652.481,0.9565
mixed,8,7,0.875,4.0,512,2048,128,512,464,521.248,516.642,519.105,
mixed,8,7,0.875,4.0,512,2048,256,1024,928,519.486,517.634,517.248,
mixed,8,7,0.875,4.0,512,2048,512,2048,1856,627.459,657.475,660.095,1.0873
mixed,8,7,0.875,4.0,512,2048,1024,4096,3712,785.824,814.432,812.838,0.9443
mixed,8,7,0.875,4.0,512,2048,2048,8192,7424,1060.769,1114.083,1118.848,1.0894
mixed,8,7,0.875,4.0,512,2048,4096,16384,14848,1616.934,1724.188,1724.512,1.003
mixed,8,7,0.875,4.0,512,4096,128,512,464,681.507,681.056,680.576,
mixed,8,7,0.875,4.0,512,4096,256,1024,928,680.643,679.233,683.554,
mixed,8,7,0.875,4.0,512,4096,512,2048,1856,681.282,679.428,678.721,
mixed,8,7,0.875,4.0,512,4096,1024,4096,3712,905.662,969.186,971.712,1.0398
mixed,8,7,0.875,4.0,512,4096,2048,8192,7424,1227.775,1276.864,1273.597,0.9334
mixed,8,7,0.875,4.0,512,4096,4096,16384,14848,1769.41,1885.282,1893.631,1.0721
mixed,8,7,0.875,4.0,512,8192,128,512,464,980.323,983.425,975.906,-1.4239
mixed,8,7,0.875,4.0,512,8192,256,1024,928,978.657,983.363,978.146,-0.1086
mixed,8,7,0.875,4.0,512,8192,512,2048,1856,983.748,985.761,976.031,-3.8336
mixed,8,7,0.875,4.0,512,8192,1024,4096,3712,977.601,982.722,981.951,0.8494
mixed,8,7,0.875,4.0,512,8192,2048,8192,7424,1464.801,1584.451,1575.264,0.9232
mixed,8,7,0.875,4.0,512,8192,4096,16384,14848,2080.065,2191.234,2192.063,1.0075
mixed,8,7,0.875,4.0,1024,0,128,512,464,575.968,565.986,566.369,
mixed,8,7,0.875,4.0,1024,0,256,1024,928,583.874,585.217,576.77,-5.2897
mixed,8,7,0.875,4.0,1024,0,512,2048,1856,595.487,588.257,604.7,
mixed,8,7,0.875,4.0,1024,0,1024,4096,3712,608.127,618.468,616.93,0.8513
mixed,8,7,0.875,4.0,1024,0,2048,8192,7424,655.552,660.612,653.25,-0.4549
mixed,8,7,0.875,4.0,1024,0,4096,16384,14848,725.667,737.122,719.267,-0.5587
mixed,8,7,0.875,4.0,1024,512,128,512,464,668.412,676.739,674.495,0.7305
mixed,8,7,0.875,4.0,1024,512,256,1024,928,692.902,689.503,687.586,
mixed,8,7,0.875,4.0,1024,512,512,2048,1856,709.954,698.46,702.206,
mixed,8,7,0.875,4.0,1024,512,1024,4096,3712,715.552,718.115,721.246,2.2216
mixed,8,7,0.875,4.0,1024,512,2048,8192,7424,756.481,771.621,757.855,0.0908
mixed,8,7,0.875,4.0,1024,512,4096,16384,14848,833.117,853.123,836.485,0.1683
mixed,8,7,0.875,4.0,1024,1024,128,512,464,714.429,718.659,718.303,0.9158
mixed,8,7,0.875,4.0,1024,1024,256,1024,928,737.313,727.331,727.296,
mixed,8,7,0.875,4.0,1024,1024,512,2048,1856,748.1,734.694,750.146,
mixed,8,7,0.875,4.0,1024,1024,1024,4096,3712,760.414,768.031,759.582,-0.1092
mixed,8,7,0.875,4.0,1024,1024,2048,8192,7424,801.921,808.806,801.921,0.0
mixed,8,7,0.875,4.0,1024,1024,4096,16384,14848,872.189,893.349,876.964,0.2257
mixed,8,7,0.875,4.0,1024,2048,128,512,464,804.293,802.977,799.617,
mixed,8,7,0.875,4.0,1024,2048,256,1024,928,820.002,812.546,806.976,
mixed,8,7,0.875,4.0,1024,2048,512,2048,1856,827.559,826.751,837.862,
mixed,8,7,0.875,4.0,1024,2048,1024,4096,3712,840.387,841.791,848.707,5.9259
mixed,8,7,0.875,4.0,1024,2048,2048,8192,7424,880.931,884.06,887.329,2.0447
mixed,8,7,0.875,4.0,1024,2048,4096,16384,14848,952.797,973.148,952.707,-0.0044
mixed,8,7,0.875,4.0,1024,4096,128,512,464,961.987,970.432,963.108,0.1327
mixed,8,7,0.875,4.0,1024,4096,256,1024,928,983.326,976.031,976.195,
mixed,8,7,0.875,4.0,1024,4096,512,2048,1856,993.796,984.19,996.737,
mixed,8,7,0.875,4.0,1024,4096,1024,4096,3712,1005.797,1009.736,1006.851,0.2676
mixed,8,7,0.875,4.0,1024,4096,2048,8192,7424,1047.807,1059.809,1045.637,-0.1808
mixed,8,7,0.875,4.0,1024,4096,4096,16384,14848,1116.222,1128.901,1118.051,0.1443
mixed,8,7,0.875,4.0,1024,8192,128,512,464,1290.308,1286.143,1289.248,
mixed,8,7,0.875,4.0,1024,8192,256,1024,928,1305.507,1297.218,1298.656,
mixed,8,7,0.875,4.0,1024,8192,512,2048,1856,1321.507,1305.947,1320.384,
mixed,8,7,0.875,4.0,1024,8192,1024,4096,3712,1333.311,1335.81,1327.46,-2.3413
mixed,8,7,0.875,4.0,1024,8192,2048,8192,7424,1370.883,1377.052,1367.139,-0.6069
mixed,8,7,0.875,4.0,1024,8192,4096,16384,14848,1435.846,1451.875,1433.919,-0.1202
mixed,8,7,0.875,4.0,2048,0,128,512,464,906.146,916.352,914.976,0.8652
mixed,8,7,0.875,4.0,2048,0,256,1024,928,936.292,924.385,924.713,
mixed,8,7,0.875,4.0,2048,0,512,2048,1856,945.38,936.42,945.184,
mixed,8,7,0.875,4.0,2048,0,1024,4096,3712,957.182,963.332,960.484,0.5369
mixed,8,7,0.875,4.0,2048,0,2048,8192,7424,998.05,1011.138,1002.624,0.3495
mixed,8,7,0.875,4.0,2048,0,4096,16384,14848,1073.441,1082.242,1073.505,0.0073
mixed,8,7,0.875,4.0,2048,512,128,512,464,1060.802,1064.803,1057.058,-0.9358
mixed,8,7,0.875,4.0,2048,512,256,1024,928,1077.764,1068.805,1074.341,
mixed,8,7,0.875,4.0,2048,512,512,2048,1856,1095.939,1083.774,1095.907,
mixed,8,7,0.875,4.0,2048,512,1024,4096,3712,1106.049,1113.984,1108.895,0.3587
mixed,8,7,0.875,4.0,2048,512,2048,8192,7424,1144.253,1151.901,1144.963,0.0928
mixed,8,7,0.875,4.0,2048,512,4096,16384,14848,1216.772,1232.674,1219.46,0.169
mixed,8,7,0.875,4.0,2048,1024,128,512,464,1118.237,1115.942,1118.108,
mixed,8,7,0.875,4.0,2048,1024,256,1024,928,1143.521,1133.507,1122.211,
mixed,8,7,0.875,4.0,2048,1024,512,2048,1856,1149.412,1148.326,1149.251,
mixed,8,7,0.875,4.0,2048,1024,1024,4096,3712,1159.712,1163.27,1162.625,0.8187
mixed,8,7,0.875,4.0,2048,1024,2048,8192,7424,1201.125,1206.945,1207.235,1.0498
mixed,8,7,0.875,4.0,2048,1024,4096,16384,14848,1275.391,1285.762,1272.355,-0.2927
mixed,8,7,0.875,4.0,2048,2048,128,512,464,1246.881,1241.79,1235.616,
mixed,8,7,0.875,4.0,2048,2048,256,1024,928,1260.612,1242.974,1239.171,
mixed,8,7,0.875,4.0,2048,2048,512,2048,1856,1261.857,1254.434,1259.396,
mixed,8,7,0.875,4.0,2048,2048,1024,4096,3712,1270.752,1286.21,1276.798,0.3911
mixed,8,7,0.875,4.0,2048,2048,2048,8192,7424,1320.034,1328.545,1313.186,-0.8046
mixed,8,7,0.875,4.0,2048,2048,4096,16384,14848,1385.475,1402.528,1387.3,0.107
mixed,8,7,0.875,4.0,2048,4096,128,512,464,1485.794,1470.849,1482.146,
mixed,8,7,0.875,4.0,2048,4096,256,1024,928,1492.225,1491.813,1483.485,
mixed,8,7,0.875,4.0,2048,4096,512,2048,1856,1514.883,1506.114,1512.098,
mixed,8,7,0.875,4.0,2048,4096,1024,4096,3712,1523.967,1524.832,1519.458,-5.2127
mixed,8,7,0.875,4.0,2048,4096,2048,8192,7424,1552.96,1567.812,1562.305,0.6292
mixed,8,7,0.875,4.0,2048,4096,4096,16384,14848,1632.861,1651.56,1627.044,-0.3111
mixed,8,7,0.875,4.0,2048,8192,128,512,464,1932.387,1939.681,1942.086,1.3297
mixed,8,7,0.875,4.0,2048,8192,256,1024,928,1961.953,1958.406,1951.11,
mixed,8,7,0.875,4.0,2048,8192,512,2048,1856,1961.089,1963.717,1966.977,2.2405
mixed,8,7,0.875,4.0,2048,8192,1024,4096,3712,1973.12,1984.93,1985.668,1.0625
mixed,8,7,0.875,4.0,2048,8192,2048,8192,7424,2041.35,2034.47,2035.976,
mixed,8,7,0.875,4.0,2048,8192,4096,16384,14848,2083.871,2106.947,2097.004,0.5691
pure,16,1,0.0625,4.0,0,0,128,512,152,183.392,203.679,196.509,0.6466
pure,16,1,0.0625,4.0,0,0,256,1024,304,200.482,213.248,200.288,-0.0152
pure,16,1,0.0625,4.0,0,0,512,2048,608,209.73,232.446,208.354,-0.0606
pure,16,1,0.0625,4.0,0,0,1024,4096,1216,219.3,271.65,221.537,0.0427
pure,16,1,0.0625,4.0,0,0,2048,8192,2432,240.768,344.544,247.007,0.0601
pure,16,1,0.0625,4.0,0,0,4096,16384,4864,286.049,492.991,291.872,0.0281
mixed,16,1,0.0625,4.0,16,0,128,512,152,206.657,224.253,216.448,0.5564
mixed,16,1,0.0625,4.0,16,0,256,1024,304,223.36,232.863,221.216,-0.2256
mixed,16,1,0.0625,4.0,16,0,512,2048,608,227.614,252.865,226.244,-0.0543
mixed,16,1,0.0625,4.0,16,0,1024,4096,1216,239.074,291.551,239.906,0.0159
mixed,16,1,0.0625,4.0,16,0,2048,8192,2432,258.781,368.389,263.517,0.0432
mixed,16,1,0.0625,4.0,16,0,4096,16384,4864,306.048,507.578,315.551,0.0472
mixed,16,1,0.0625,4.0,16,512,128,512,152,228.992,233.251,230.754,0.4137
mixed,16,1,0.0625,4.0,16,512,256,1024,304,233.6,244.799,231.967,-0.1458
mixed,16,1,0.0625,4.0,16,512,512,2048,608,237.885,254.558,237.279,-0.0363
mixed,16,1,0.0625,4.0,16,512,1024,4096,1216,248.896,289.216,248.226,-0.0166
mixed,16,1,0.0625,4.0,16,512,2048,8192,2432,262.69,366.786,265.313,0.0252
mixed,16,1,0.0625,4.0,16,512,4096,16384,4864,311.039,509.983,313.665,0.0132
mixed,16,1,0.0625,4.0,16,1024,128,512,152,238.339,242.143,237.314,-0.2695
mixed,16,1,0.0625,4.0,16,1024,256,1024,304,239.711,243.68,239.584,-0.032
mixed,16,1,0.0625,4.0,16,1024,512,2048,608,244.64,257.985,244.673,0.0025
mixed,16,1,0.0625,4.0,16,1024,1024,4096,1216,250.116,296.901,248.193,-0.0411
mixed,16,1,0.0625,4.0,16,1024,2048,8192,2432,260.797,368.577,264.576,0.0351
mixed,16,1,0.0625,4.0,16,1024,4096,16384,4864,311.042,508.612,314.241,0.0162
mixed,16,1,0.0625,4.0,16,2048,128,512,152,249.729,252.833,250.179,0.145
mixed,16,1,0.0625,4.0,16,2048,256,1024,304,250.878,250.431,251.328,
mixed,16,1,0.0625,4.0,16,2048,512,2048,608,249.824,260.161,249.534,-0.0281
mixed,16,1,0.0625,4.0,16,2048,1024,4096,1216,249.313,298.436,251.134,0.0371
mixed,16,1,0.0625,4.0,16,2048,2048,8192,2432,264.322,373.631,267.676,0.0307
mixed,16,1,0.0625,4.0,16,2048,4096,16384,4864,314.656,509.023,319.584,0.0254
mixed,16,1,0.0625,4.0,16,4096,128,512,152,262.628,254.686,265.122,
mixed,16,1,0.0625,4.0,16,4096,256,1024,304,265.566,260.895,263.999,
mixed,16,1,0.0625,4.0,16,4096,512,2048,608,260.224,264.77,253.949,-1.3803
mixed,16,1,0.0625,4.0,16,4096,1024,4096,1216,263.394,306.882,260.035,-0.0772
mixed,16,1,0.0625,4.0,16,4096,2048,8192,2432,271.549,376.805,271.392,-0.0015
mixed,16,1,0.0625,4.0,16,4096,4096,16384,4864,321.249,528.993,323.101,0.0089
mixed,16,1,0.0625,4.0,16,8192,128,512,152,278.368,274.594,278.27,
mixed,16,1,0.0625,4.0,16,8192,256,1024,304,280.961,272.095,272.959,
mixed,16,1,0.0625,4.0,16,8192,512,2048,608,274.816,282.561,277.731,0.3764
mixed,16,1,0.0625,4.0,16,8192,1024,4096,1216,280.863,310.722,275.779,-0.1703
mixed,16,1,0.0625,4.0,16,8192,2048,8192,2432,282.399,391.456,286.082,0.0338
mixed,16,1,0.0625,4.0,16,8192,4096,16384,4864,324.769,532.157,329.694,0.0237
mixed,16,1,0.0625,4.0,32,0,128,512,152,210.592,228.962,216.893,0.343
mixed,16,1,0.0625,4.0,32,0,256,1024,304,226.306,236.833,223.234,-0.2918
mixed,16,1,0.0625,4.0,32,0,512,2048,608,233.599,260.928,231.108,-0.0911
mixed,16,1,0.0625,4.0,32,0,1024,4096,1216,240.805,296.16,246.113,0.0959
mixed,16,1,0.0625,4.0,32,0,2048,8192,2432,264.672,375.876,277.214,0.1128
mixed,16,1,0.0625,4.0,32,0,4096,16384,4864,314.562,513.888,331.771,0.0863
mixed,16,1,0.0625,4.0,32,512,128,512,152,240.193,242.466,239.204,-0.4351
mixed,16,1,0.0625,4.0,32,512,256,1024,304,242.754,246.973,242.784,0.0071
mixed,16,1,0.0625,4.0,32,512,512,2048,608,243.713,259.649,238.718,-0.3134
mixed,16,1,0.0625,4.0,32,512,1024,4096,1216,245.857,298.527,244.418,-0.0273
mixed,16,1,0.0625,4.0,32,512,2048,8192,2432,268.96,430.464,273.983,0.0311
mixed,16,1,0.0625,4.0,32,512,4096,16384,4864,313.09,568.544,328.032,0.0585
mixed,16,1,0.0625,4.0,32,1024,128,512,152,247.968,246.685,247.263,
mixed,16,1,0.0625,4.0,32,1024,256,1024,304,250.434,251.073,250.715,0.4397
mixed,16,1,0.0625,4.0,32,1024,512,2048,608,249.087,265.214,249.92,0.0517
mixed,16,1,0.0625,4.0,32,1024,1024,4096,1216,249.503,303.105,247.235,-0.0423
mixed,16,1,0.0625,4.0,32,1024,2048,8192,2432,272.769,377.949,273.216,0.0042
mixed,16,1,0.0625,4.0,32,1024,4096,16384,4864,320.577,600.386,331.231,0.0381
mixed,16,1,0.0625,4.0,32,2048,128,512,152,260.894,258.88,261.411,
mixed,16,1,0.0625,4.0,32,2048,256,1024,304,262.947,261.408,262.402,
mixed,16,1,0.0625,4.0,32,2048,512,2048,608,260.609,265.824,257.567,-0.5833
mixed,16,1,0.0625,4.0,32,2048,1024,4096,1216,259.936,304.93,262.242,0.0513
mixed,16,1,0.0625,4.0,32,2048,2048,8192,2432,273.44,379.486,278.048,0.0435
mixed,16,1,0.0625,4.0,32,2048,4096,16384,4864,322.529,531.292,325.696,0.0152
mixed,16,1,0.0625,4.0,32,4096,128,512,152,278.689,274.047,276.321,
mixed,16,1,0.0625,4.0,32,4096,256,1024,304,277.985,276.735,271.84,
mixed,16,1,0.0625,4.0,32,4096,512,2048,608,276.707,284.931,274.625,-0.2532
mixed,16,1,0.0625,4.0,32,4096,1024,4096,1216,278.626,307.138,287.358,0.3063
mixed,16,1,0.0625,4.0,32,4096,2048,8192,2432,283.168,391.774,292.833,0.089
mixed,16,1,0.0625,4.0,32,4096,4096,16384,4864,390.146,532.287,347.454,-0.3003
mixed,16,1,0.0625,4.0,32,8192,128,512,152,295.135,298.848,297.41,0.6127
mixed,16,1,0.0625,4.0,32,8192,256,1024,304,298.368,300.191,297.761,-0.333
mixed,16,1,0.0625,4.0,32,8192,512,2048,608,298.625,307.776,296.544,-0.2274
mixed,16,1,0.0625,4.0,32,8192,1024,4096,1216,304.124,325.759,304.193,0.0032
mixed,16,1,0.0625,4.0,32,8192,2048,8192,2432,307.52,404.382,349.791,0.4364
mixed,16,1,0.0625,4.0,32,8192,4096,16384,4864,401.693,542.786,342.621,-0.4187
mixed,16,1,0.0625,4.0,64,0,128,512,152,214.015,231.647,222.401,0.4756
mixed,16,1,0.0625,4.0,64,0,256,1024,304,229.12,240.962,231.518,0.2025
mixed,16,1,0.0625,4.0,64,0,512,2048,608,233.667,264.511,243.102,0.3059
mixed,16,1,0.0625,4.0,64,0,1024,4096,1216,244.35,307.936,266.463,0.3478
mixed,16,1,0.0625,4.0,64,0,2048,8192,2432,271.135,378.56,310.751,0.3688
mixed,16,1,0.0625,4.0,64,0,4096,16384,4864,319.55,522.432,406.43,0.4282
mixed,16,1,0.0625,4.0,64,512,128,512,152,255.619,255.518,254.848,
mixed,16,1,0.0625,4.0,64,512,256,1024,304,258.531,247.487,251.616,
mixed,16,1,0.0625,4.0,64,512,512,2048,608,255.23,268.672,249.025,-0.4616
mixed,16,1,0.0625,4.0,64,512,1024,4096,1216,251.842,300.738,273.024,0.4332
mixed,16,1,0.0625,4.0,64,512,2048,8192,2432,274.21,385.215,311.94,0.3399
mixed,16,1,0.0625,4.0,64,512,4096,16384,4864,318.559,563.393,393.44,0.3058
mixed,16,1,0.0625,4.0,64,1024,128,512,152,261.152,264.033,262.624,0.5109
mixed,16,1,0.0625,4.0,64,1024,256,1024,304,265.664,262.723,262.463,
mixed,16,1,0.0625,4.0,64,1024,512,2048,608,264.381,269.124,259.263,-1.0791
mixed,16,1,0.0625,4.0,64,1024,1024,4096,1216,268.415,314.016,269.438,0.0224
mixed,16,1,0.0625,4.0,64,1024,2048,8192,2432,277.99,382.082,318.463,0.3888
mixed,16,1,0.0625,4.0,64,1024,4096,16384,4864,328.966,536.383,394.085,0.314
mixed,16,1,0.0625,4.0,64,2048,128,512,152,275.808,277.727,275.074,-0.3825
mixed,16,1,0.0625,4.0,64,2048,256,1024,304,276.639,278.366,275.808,-0.4812
mixed,16,1,0.0625,4.0,64,2048,512,2048,608,278.172,285.922,276.484,-0.2178
mixed,16,1,0.0625,4.0,64,2048,1024,4096,1216,277.733,314.818,285.249,0.2027
mixed,16,1,0.0625,4.0,64,2048,2048,8192,2432,282.913,393.282,314.975,0.2905
mixed,16,1,0.0625,4.0,64,2048,4096,16384,4864,387.232,532.671,418.239,0.2132
mixed,16,1,0.0625,4.0,64,4096,128,512,152,298.914,299.105,299.585,3.5131
mixed,16,1,0.0625,4.0,64,4096,256,1024,304,299.295,300.96,298.274,-0.6132
mixed,16,1,0.0625,4.0,64,4096,512,2048,608,298.719,310.398,301.954,0.277
mixed,16,1,0.0625,4.0,64,4096,1024,4096,1216,303.873,324.641,302.017,-0.0894
mixed,16,1,0.0625,4.0,64,4096,2048,8192,2432,309.283,402.851,353.025,0.4675
mixed,16,1,0.0625,4.0,64,4096,4096,16384,4864,400.068,543.36,401.537,0.0103
mixed,16,1,0.0625,4.0,64,8192,128,512,152,337.183,341.948,338.784,0.336
mixed,16,1,0.0625,4.0,64,8192,256,1024,304,327.234,341.6,327.776,0.0377
mixed,16,1,0.0625,4.0,64,8192,512,2048,608,340.003,354.496,341.502,0.1034
mixed,16,1,0.0625,4.0,64,8192,1024,4096,1216,334.179,373.31,343.36,0.2346
mixed,16,1,0.0625,4.0,64,8192,2048,8192,2432,353.086,404.896,354.338,0.0242
mixed,16,1,0.0625,4.0,64,8192,4096,16384,4864,369.085,562.624,458.817,0.4636
mixed,16,1,0.0625,4.0,128,0,128,512,152,238.271,257.566,269.125,1.5991
mixed,16,1,0.0625,4.0,128,0,256,1024,304,254.014,271.33,261.729,0.4455
mixed,16,1,0.0625,4.0,128,0,512,2048,608,257.634,293.342,282.019,0.6829
mixed,16,1,0.0625,4.0,128,0,1024,4096,1216,272.447,336.741,325.82,0.8301
mixed,16,1,0.0625,4.0,128,0,2048,8192,2432,302.624,433.376,408.194,0.8074
mixed,16,1,0.0625,4.0,128,0,4096,16384,4864,358.307,621.023,569.054,0.8022
mixed,16,1,0.0625,4.0,128,512,128,512,152,291.809,305.026,292.226,0.0316
mixed,16,1,0.0625,4.0,128,512,256,1024,304,294.467,296.733,291.232,-1.4276
mixed,16,1,0.0625,4.0,128,512,512,2048,608,310.239,308.451,297.954,
mixed,16,1,0.0625,4.0,128,512,1024,4096,1216,295.197,334.693,335.551,1.0217
mixed,16,1,0.0625,4.0,128,512,2048,8192,2432,324.605,418.176,429.31,1.119
mixed,16,1,0.0625,4.0,128,512,4096,16384,4864,354.751,577.347,563.935,0.9397
mixed,16,1,0.0625,4.0,128,1024,128,512,152,310.781,309.891,311.137,
mixed,16,1,0.0625,4.0,128,1024,256,1024,304,310.658,331.652,310.848,0.0091
mixed,16,1,0.0625,4.0,128,1024,512,2048,608,311.52,312.737,299.812,-9.6204
mixed,16,1,0.0625,4.0,128,1024,1024,4096,1216,341.569,365.696,340.448,-0.0465
mixed,16,1,0.0625,4.0,128,1024,2048,8192,2432,316.324,418.878,421.344,1.024
mixed,16,1,0.0625,4.0,128,1024,4096,16384,4864,383.616,578.527,593.184,1.0752
mixed,16,1,0.0625,4.0,128,2048,128,512,152,320.865,353.538,321.25,0.0118
mixed,16,1,0.0625,4.0,128,2048,256,1024,304,334.689,330.435,332.128,
mixed,16,1,0.0625,4.0,128,2048,512,2048,608,357.822,387.907,354.144,-0.1223
mixed,16,1,0.0625,4.0,128,2048,1024,4096,1216,332.355,351.548,338.592,0.325
mixed,16,1,0.0625,4.0,128,2048,2048,8192,2432,399.553,454.72,419.297,0.3579
mixed,16,1,0.0625,4.0,128,2048,4096,16384,4864,381.088,581.088,581.087,1.0
mixed,16,1,0.0625,4.0,128,4096,128,512,152,356.543,390.756,360.894,0.1272
mixed,16,1,0.0625,4.0,128,4096,256,1024,304,372.96,430.177,371.234,-0.0302
mixed,16,1,0.0625,4.0,128,4096,512,2048,608,395.199,387.007,391.042,
mixed,16,1,0.0625,4.0,128,4096,1024,4096,1216,445.825,497.89,430.53,-0.2938
mixed,16,1,0.0625,4.0,128,4096,2048,8192,2432,386.018,454.177,419.487,0.491
mixed,16,1,0.0625,4.0,128,4096,4096,16384,4864,526.431,640.353,575.557,0.4312
mixed,16,1,0.0625,4.0,128,8192,128,512,152,443.298,468.354,442.913,-0.0154
mixed,16,1,0.0625,4.0,128,8192,256,1024,304,442.627,510.627,441.919,-0.0104
mixed,16,1,0.0625,4.0,128,8192,512,2048,608,473.825,591.681,469.184,-0.0394
mixed,16,1,0.0625,4.0,128,8192,1024,4096,1216,525.408,490.657,511.102,
mixed,16,1,0.0625,4.0,128,8192,2048,8192,2432,618.339,703.393,588.834,-0.3469
mixed,16,1,0.0625,4.0,128,8192,4096,16384,4864,486.847,645.789,582.91,0.6044
mixed,16,1,0.0625,4.0,256,0,128,512,152,259.357,285.15,310.176,1.9703
mixed,16,1,0.0625,4.0,256,0,256,1024,304,334.75,303.619,330.787,
mixed,16,1,0.0625,4.0,256,0,512,2048,608,292.387,341.405,339.071,0.9524
mixed,16,1,0.0625,4.0,256,0,1024,4096,1216,310.239,420.162,417.438,0.9752
mixed,16,1,0.0625,4.0,256,0,2048,8192,2432,355.808,575.84,569.635,0.9718
mixed,16,1,0.0625,4.0,256,0,4096,16384,4864,449.663,883.746,877.921,0.9866
mixed,16,1,0.0625,4.0,256,512,128,512,152,348.068,367.874,344.607,-0.1747
mixed,16,1,0.0625,4.0,256,512,256,1024,304,359.936,383.808,359.201,-0.0308
mixed,16,1,0.0625,4.0,256,512,512,2048,608,369.312,422.431,369.919,0.0114
mixed,16,1,0.0625,4.0,256,512,1024,4096,1216,386.337,421.088,442.945,1.629
mixed,16,1,0.0625,4.0,256,512,2048,8192,2432,354.242,578.403,567.842,0.9529
mixed,16,1,0.0625,4.0,256,512,4096,16384,4864,452.13,884.708,876.64,0.9813
mixed,16,1,0.0625,4.0,256,1024,128,512,152,371.746,398.783,365.055,-0.2475
mixed,16,1,0.0625,4.0,256,1024,256,1024,304,377.693,404.446,376.355,-0.05
mixed,16,1,0.0625,4.0,256,1024,512,2048,608,400.703,441.373,398.625,-0.0511
mixed,16,1,0.0625,4.0,256,1024,1024,4096,1216,407.424,420.901,443.168,2.6522
mixed,16,1,0.0625,4.0,256,1024,2048,8192,2432,457.313,576.671,593.697,1.1426
mixed,16,1,0.0625,4.0,256,1024,4096,16384,4864,451.234,885.891,882.975,0.9933
mixed,16,1,0.0625,4.0,256,2048,128,512,152,394.079,432.864,401.633,0.1948
mixed,16,1,0.0625,4.0,256,2048,256,1024,304,415.84,474.658,411.677,-0.0708
mixed,16,1,0.0625,4.0,256,2048,512,2048,608,441.347,480.259,433.732,-0.1957
mixed,16,1,0.0625,4.0,256,2048,1024,4096,1216,486.463,563.073,474.79,-0.1524
mixed,16,1,0.0625,4.0,256,2048,2048,8192,2432,500.482,576.865,597.888,1.2752
mixed,16,1,0.0625,4.0,256,2048,4096,16384,4864,589.694,891.648,908.481,1.0557
mixed,16,1,0.0625,4.0,256,4096,128,512,152,475.235,497.857,475.269,0.0015
mixed,16,1,0.0625,4.0,256,4096,256,1024,304,473.631,558.148,475.105,0.0174
mixed,16,1,0.0625,4.0,256,4096,512,2048,608,517.825,631.485,515.839,-0.0175
mixed,16,1,0.0625,4.0,256,4096,1024,4096,1216,568.159,641.059,551.168,-0.2331
mixed,16,1,0.0625,4.0,256,4096,2048,8192,2432,660.703,792.802,633.92,-0.2027
mixed,16,1,0.0625,4.0,256,4096,4096,16384,4864,667.584,895.294,908.703,1.0589
mixed,16,1,0.0625,4.0,256,8192,128,512,152,633.409,631.292,631.583,
mixed,16,1,0.0625,4.0,256,8192,256,1024,304,633.28,656.289,631.714,-0.0681
mixed,16,1,0.0625,4.0,256,8192,512,2048,608,630.465,793.857,629.412,-0.0064
mixed,16,1,0.0625,4.0,256,8192,1024,4096,1216,726.308,935.746,710.657,-0.0747
mixed,16,1,0.0625,4.0,256,8192,2048,8192,2432,815.426,950.531,789.184,-0.1942
mixed,16,1,0.0625,4.0,256,8192,4096,16384,4864,994.689,1258.817,941.381,-0.2018
mixed,16,1,0.0625,4.0,512,0,128,512,152,383.745,390.817,390.466,0.9504
mixed,16,1,0.0625,4.0,512,0,256,1024,304,387.647,429.313,426.238,0.9262
mixed,16,1,0.0625,4.0,512,0,512,2048,608,394.752,508.129,499.68,0.9255
mixed,16,1,0.0625,4.0,512,0,1024,4096,1216,443.488,662.369,653.059,0.9575
mixed,16,1,0.0625,4.0,512,0,2048,8192,2432,537.182,973.607,961.891,0.9732
mixed,16,1,0.0625,4.0,512,0,4096,16384,4864,722.468,1586.914,1579.235,0.9911
mixed,16,1,0.0625,4.0,512,512,128,512,152,427.615,443.396,425.95,-0.1055
mixed,16,1,0.0625,4.0,512,512,256,1024,304,429.09,486.179,427.935,-0.0202
mixed,16,1,0.0625,4.0,512,512,512,2048,608,456.067,563.522,499.204,0.4014
mixed,16,1,0.0625,4.0,512,512,1024,4096,1216,504.864,716.643,657.377,0.7202
mixed,16,1,0.0625,4.0,512,512,2048,8192,2432,593.121,1032.256,964.482,0.8457
mixed,16,1,0.0625,4.0,512,512,4096,16384,4864,781.12,1648.769,1573.793,0.9136
mixed,16,1,0.0625,4.0,512,1024,128,512,152,465.153,485.505,468.705,0.1745
mixed,16,1,0.0625,4.0,512,1024,256,1024,304,473.567,522.208,462.208,-0.2335
mixed,16,1,0.0625,4.0,512,1024,512,2048,608,490.561,605.151,502.656,0.1056
mixed,16,1,0.0625,4.0,512,1024,1024,4096,1216,541.023,756.96,661.186,0.5565
mixed,16,1,0.0625,4.0,512,1024,2048,8192,2432,632.419,1064.769,967.389,0.7748
mixed,16,1,0.0625,4.0,512,1024,4096,16384,4864,816.324,1685.793,1577.057,0.8749
mixed,16,1,0.0625,4.0,512,2048,128,512,152,537.951,556.767,542.884,0.2622
mixed,16,1,0.0625,4.0,512,2048,256,1024,304,538.85,605.439,541.41,0.0384
mixed,16,1,0.0625,4.0,512,2048,512,2048,608,572.257,684.51,564.158,-0.0721
mixed,16,1,0.0625,4.0,512,2048,1024,4096,1216,619.393,839.876,660.316,0.1856
mixed,16,1,0.0625,4.0,512,2048,2048,8192,2432,710.08,1146.079,965.92,0.5868
mixed,16,1,0.0625,4.0,512,2048,4096,16384,4864,895.617,1760.354,1572.387,0.7826
mixed,16,1,0.0625,4.0,512,4096,128,512,152,699.042,699.135,697.766,-13.7204
mixed,16,1,0.0625,4.0,512,4096,256,1024,304,698.755,713.251,701.184,0.1676
mixed,16,1,0.0625,4.0,512,4096,512,2048,608,700.671,836.509,699.262,-0.0104
mixed,16,1,0.0625,4.0,512,4096,1024,4096,1216,780.448,1000.383,763.008,-0.0793
mixed,16,1,0.0625,4.0,512,4096,2048,8192,2432,866.403,1308.233,976.638,0.2495
mixed,16,1,0.0625,4.0,512,4096,4096,16384,4864,1058.528,1917.16,1578.401,0.6055
mixed,16,1,0.0625,4.0,512,8192,128,512,152,1004.384,1011.969,1005.059,0.089
mixed,16,1,0.0625,4.0,512,8192,256,1024,304,1002.017,1003.743,1007.172,2.9867
mixed,16,1,0.0625,4.0,512,8192,512,2048,608,1002.079,1026.656,1003.486,0.0572
mixed,16,1,0.0625,4.0,512,8192,1024,4096,1216,996.994,1291.871,1003.202,0.0211
mixed,16,1,0.0625,4.0,512,8192,2048,8192,2432,1135.172,1597.283,1138.466,0.0071
mixed,16,1,0.0625,4.0,512,8192,4096,16384,4864,1353.664,2217.283,1588.488,0.2719
mixed,16,1,0.0625,4.0,1024,0,128,512,152,601.543,611.717,603.743,0.2162
mixed,16,1,0.0625,4.0,1024,0,256,1024,304,604.577,623.391,600.325,-0.226
mixed,16,1,0.0625,4.0,1024,0,512,2048,608,611.233,650.878,611.804,0.0144
mixed,16,1,0.0625,4.0,1024,0,1024,4096,1216,631.395,681.349,627.684,-0.0743
mixed,16,1,0.0625,4.0,1024,0,2048,8192,2432,654.366,762.755,663.902,0.088
mixed,16,1,0.0625,4.0,1024,0,4096,16384,4864,699.618,902.497,713.951,0.0706
mixed,16,1,0.0625,4.0,1024,512,128,512,152,708.257,723.458,689.507,-1.2335
mixed,16,1,0.0625,4.0,1024,512,256,1024,304,702.177,735.165,706.789,0.1398
mixed,16,1,0.0625,4.0,1024,512,512,2048,608,722.053,761.604,723.909,0.0469
mixed,16,1,0.0625,4.0,1024,512,1024,4096,1216,739.389,790.499,735.806,-0.0701
mixed,16,1,0.0625,4.0,1024,512,2048,8192,2432,763.807,876.158,760.256,-0.0316
mixed,16,1,0.0625,4.0,1024,512,4096,16384,4864,808.732,1017.376,813.855,0.0246
mixed,16,1,0.0625,4.0,1024,1024,128,512,152,744.288,764.321,742.688,-0.0799
mixed,16,1,0.0625,4.0,1024,1024,256,1024,304,756.7,774.628,754.082,-0.146
mixed,16,1,0.0625,4.0,1024,1024,512,2048,608,769.762,786.09,763.14,-0.4056
mixed,16,1,0.0625,4.0,1024,1024,1024,4096,1216,774.368,843.78,783.903,0.1374
mixed,16,1,0.0625,4.0,1024,1024,2048,8192,2432,805.703,922.908,813.218,0.0641
mixed,16,1,0.0625,4.0,1024,1024,4096,16384,4864,855.967,1050.69,856.899,0.0048
mixed,16,1,0.0625,4.0,1024,2048,128,512,152,831.782,833.187,825.636,-4.3744
mixed,16,1,0.0625,4.0,1024,2048,256,1024,304,839.429,845.447,831.198,-1.3677
mixed,16,1,0.0625,4.0,1024,2048,512,2048,608,846.429,870.149,837.12,-0.3925
mixed,16,1,0.0625,4.0,1024,2048,1024,4096,1216,862.945,920.258,858.787,-0.0725
mixed,16,1,0.0625,4.0,1024,2048,2048,8192,2432,884.575,995.716,884.125,-0.004
mixed,16,1,0.0625,4.0,1024,2048,4096,16384,4864,940.163,1133.83,951.041,0.0562
mixed,16,1,0.0625,4.0,1024,4096,128,512,152,999.3,1012.673,997.218,-0.1557
mixed,16,1,0.0625,4.0,1024,4096,256,1024,304,1001.31,1014.658,996.159,-0.3859
mixed,16,1,0.0625,4.0,1024,4096,512,2048,608,1000.574,1040.388,1013.286,0.3193
mixed,16,1,0.0625,4.0,1024,4096,1024,4096,1216,1024.444,1086.532,1020.164,-0.0689
mixed,16,1,0.0625,4.0,1024,4096,2048,8192,2432,1052.999,1154.464,1046.85,-0.0606
mixed,16,1,0.0625,4.0,1024,4096,4096,16384,4864,1090.147,1306.079,1105.888,0.0729
mixed,16,1,0.0625,4.0,1024,8192,128,512,152,1318.655,1326.498,1314.177,-0.571
mixed,16,1,0.0625,4.0,1024,8192,256,1024,304,1320.227,1347.617,1326.176,0.2172
mixed,16,1,0.0625,4.0,1024,8192,512,2048,608,1332.744,1363.904,1338.435,0.1826
mixed,16,1,0.0625,4.0,1024,8192,1024,4096,1216,1356.291,1412.647,1354.336,-0.0347
mixed,16,1,0.0625,4.0,1024,8192,2048,8192,2432,1377.154,1488.519,1373.188,-0.0356
mixed,16,1,0.0625,4.0,1024,8192,4096,16384,4864,1421.279,1629.119,1434.409,0.0632
mixed,16,1,0.0625,4.0,2048,0,128,512,152,917.854,937.089,919.227,0.0714
mixed,16,1,0.0625,4.0,2048,0,256,1024,304,930.368,949.216,929.121,-0.0662
mixed,16,1,0.0625,4.0,2048,0,512,2048,608,940.324,968.965,937.089,-0.1129
mixed,16,1,0.0625,4.0,2048,0,1024,4096,1216,949.632,1012.284,950.565,0.0149
mixed,16,1,0.0625,4.0,2048,0,2048,8192,2432,979.939,1091.776,978.529,-0.0126
mixed,16,1,0.0625,4.0,2048,0,4096,16384,4864,1030.595,1221.633,1033.955,0.0176
mixed,16,1,0.0625,4.0,2048,512,128,512,152,1069.635,1079.936,1059.355,-0.998
mixed,16,1,0.0625,4.0,2048,512,256,1024,304,1075.582,1098.276,1073.285,-0.1012
mixed,16,1,0.0625,4.0,2048,512,512,2048,608,1086.526,1120.222,1083.457,-0.0911
mixed,16,1,0.0625,4.0,2048,512,1024,4096,1216,1097.504,1160.925,1097.087,-0.0066
mixed,16,1,0.0625,4.0,2048,512,2048,8192,2432,1125.281,1235.554,1127.172,0.0171
mixed,16,1,0.0625,4.0,2048,512,4096,16384,4864,1172.675,1374.304,1180.318,0.0379
mixed,16,1,0.0625,4.0,2048,1024,128,512,152,1129.7,1139.266,1134.946,0.5484
mixed,16,1,0.0625,4.0,2048,1024,256,1024,304,1130.652,1147.611,1128.065,-0.1525
mixed,16,1,0.0625,4.0,2048,1024,512,2048,608,1142.016,1167.712,1142.913,0.0349
mixed,16,1,0.0625,4.0,2048,1024,1024,4096,1216,1156.615,1206.625,1156.005,-0.0122
mixed,16,1,0.0625,4.0,2048,1024,2048,8192,2432,1177.82,1284.704,1186.309,0.0794
mixed,16,1,0.0625,4.0,2048,1024,4096,16384,4864,1227.939,1439.685,1236.224,0.0391
mixed,16,1,0.0625,4.0,2048,2048,128,512,152,1238.756,1252.833,1230.282,-0.602
mixed,16,1,0.0625,4.0,2048,2048,256,1024,304,1237.344,1254.338,1248.222,0.6401
mixed,16,1,0.0625,4.0,2048,2048,512,2048,608,1264.904,1288.711,1251.04,-0.5823
mixed,16,1,0.0625,4.0,2048,2048,1024,4096,1216,1264.287,1331.589,1276.707,0.1845
mixed,16,1,0.0625,4.0,2048,2048,2048,8192,2432,1289.763,1405.318,1308.356,0.1609
mixed,16,1,0.0625,4.0,2048,2048,4096,16384,4864,1340.836,1549.989,1349.863,0.0432
mixed,16,1,0.0625,4.0,2048,4096,128,512,152,1491.972,1506.561,1492.961,0.0678
mixed,16,1,0.0625,4.0,2048,4096,256,1024,304,1495.784,1508.449,1492.51,-0.2585
mixed,16,1,0.0625,4.0,2048,4096,512,2048,608,1501.573,1545.537,1510.176,0.1957
mixed,16,1,0.0625,4.0,2048,4096,1024,4096,1216,1520.451,1571.33,1519.361,-0.0214
mixed,16,1,0.0625,4.0,2048,4096,2048,8192,2432,1532.802,1643.395,1546.339,0.1224
mixed,16,1,0.0625,4.0,2048,4096,4096,16384,4864,1592.319,1789.702,1598.753,0.0326
mixed,16,1,0.0625,4.0,2048,8192,128,512,152,1950.882,1957.0,1958.051,1.1718
mixed,16,1,0.0625,4.0,2048,8192,256,1024,304,1953.695,1970.305,1952.455,-0.0747
mixed,16,1,0.0625,4.0,2048,8192,512,2048,608,1966.402,1995.235,1968.706,0.0799
mixed,16,1,0.0625,4.0,2048,8192,1024,4096,1216,1980.162,2051.207,1985.131,0.0699
mixed,16,1,0.0625,4.0,2048,8192,2048,8192,2432,2014.377,2114.37,2005.028,-0.0935
mixed,16,1,0.0625,4.0,2048,8192,4096,16384,4864,2045.058,2266.372,2058.273,0.0597
pure,16,2,0.125,4.0,0,0,128,512,176,184.642,203.327,195.682,0.5908
pure,16,2,0.125,4.0,0,0,256,1024,352,201.249,212.704,202.754,0.1314
pure,16,2,0.125,4.0,0,0,512,2048,704,212.865,236.797,210.625,-0.0936
pure,16,2,0.125,4.0,0,0,1024,4096,1408,221.824,274.495,226.15,0.0821
pure,16,2,0.125,4.0,0,0,2048,8192,2816,247.168,345.664,252.77,0.0569
pure,16,2,0.125,4.0,0,0,4096,16384,5632,300.192,487.008,302.56,0.0127
mixed,16,2,0.125,4.0,16,0,128,512,176,208.222,221.952,216.798,0.6246
mixed,16,2,0.125,4.0,16,0,256,1024,352,225.667,235.617,222.21,-0.3474
mixed,16,2,0.125,4.0,16,0,512,2048,704,235.33,251.776,231.52,-0.2317
mixed,16,2,0.125,4.0,16,0,1024,4096,1408,240.481,289.982,241.888,0.0284
mixed,16,2,0.125,4.0,16,0,2048,8192,2816,264.866,365.696,268.735,0.0384
mixed,16,2,0.125,4.0,16,0,4096,16384,5632,318.596,510.366,321.664,0.016
mixed,16,2,0.125,4.0,16,512,128,512,176,230.236,234.592,229.216,-0.2342
mixed,16,2,0.125,4.0,16,512,256,1024,352,229.599,242.913,232.575,0.2235
mixed,16,2,0.125,4.0,16,512,512,2048,704,240.194,255.359,239.81,-0.0253
mixed,16,2,0.125,4.0,16,512,1024,4096,1408,243.074,291.553,247.231,0.0857
mixed,16,2,0.125,4.0,16,512,2048,8192,2816,269.151,365.343,272.069,0.0303
mixed,16,2,0.125,4.0,16,512,4096,16384,5632,325.275,507.778,321.218,-0.0222
mixed,16,2,0.125,4.0,16,1024,128,512,176,239.106,241.76,236.451,-1.0004
mixed,16,2,0.125,4.0,16,1024,256,1024,352,239.709,245.765,242.112,0.3968
mixed,16,2,0.125,4.0,16,1024,512,2048,704,242.59,256.354,244.225,0.1188
mixed,16,2,0.125,4.0,16,1024,1024,4096,1408,245.667,299.17,255.714,0.1878
mixed,16,2,0.125,4.0,16,1024,2048,8192,2816,269.889,366.177,272.032,0.0223
mixed,16,2,0.125,4.0,16,1024,4096,16384,5632,323.905,510.047,333.119,0.0495
mixed,16,2,0.125,4.0,16,2048,128,512,176,251.744,252.869,250.721,-0.9093
mixed,16,2,0.125,4.0,16,2048,256,1024,352,252.67,249.316,251.43,
mixed,16,2,0.125,4.0,16,2048,512,2048,704,254.05,259.968,255.395,0.2273
mixed,16,2,0.125,4.0,16,2048,1024,4096,1408,251.873,298.047,256.099,0.0915
mixed,16,2,0.125,4.0,16,2048,2048,8192,2816,276.543,376.928,273.762,-0.0277
mixed,16,2,0.125,4.0,16,2048,4096,16384,5632,329.791,508.353,332.066,0.0127
mixed,16,2,0.125,4.0,16,4096,128,512,176,262.786,255.683,263.168,
mixed,16,2,0.125,4.0,16,4096,256,1024,352,266.402,259.712,255.259,
mixed,16,2,0.125,4.0,16,4096,512,2048,704,261.215,264.669,258.43,-0.8063
mixed,16,2,0.125,4.0,16,4096,1024,4096,1408,260.227,305.345,258.178,-0.0454
mixed,16,2,0.125,4.0,16,4096,2048,8192,2816,280.383,379.456,277.631,-0.0278
mixed,16,2,0.125,4.0,16,4096,4096,16384,5632,335.42,527.939,338.019,0.0135
mixed,16,2,0.125,4.0,16,8192,128,512,176,277.536,273.403,279.454,
mixed,16,2,0.125,4.0,16,8192,256,1024,352,276.766,274.497,273.952,
mixed,16,2,0.125,4.0,16,8192,512,2048,704,282.782,280.099,276.514,
mixed,16,2,0.125,4.0,16,8192,1024,4096,1408,279.198,309.058,280.832,0.0547
mixed,16,2,0.125,4.0,16,8192,2048,8192,2816,296.161,392.671,288.191,-0.0826
mixed,16,2,0.125,4.0,16,8192,4096,16384,5632,342.013,532.418,341.312,-0.0037
mixed,16,2,0.125,4.0,32,0,128,512,176,209.537,228.192,217.121,0.4065
mixed,16,2,0.125,4.0,32,0,256,1024,352,227.614,235.072,226.624,-0.1327
mixed,16,2,0.125,4.0,32,0,512,2048,704,234.176,257.182,234.014,-0.007
mixed,16,2,0.125,4.0,32,0,1024,4096,1408,244.032,298.236,246.465,0.0449
mixed,16,2,0.125,4.0,32,0,2048,8192,2816,273.023,373.09,279.617,0.0659
mixed,16,2,0.125,4.0,32,0,4096,16384,5632,325.12,514.915,339.65,0.0766
mixed,16,2,0.125,4.0,32,512,128,512,176,239.264,240.574,238.913,-0.2679
mixed,16,2,0.125,4.0,32,512,256,1024,352,242.208,244.867,245.444,1.217
mixed,16,2,0.125,4.0,32,512,512,2048,704,249.446,258.879,250.593,0.1216
mixed,16,2,0.125,4.0,32,512,1024,4096,1408,247.812,299.172,247.233,-0.0113
mixed,16,2,0.125,4.0,32,512,2048,8192,2816,275.167,429.055,280.129,0.0322
mixed,16,2,0.125,4.0,32,512,4096,16384,5632,328.194,567.041,332.995,0.0201
mixed,16,2,0.125,4.0,32,1024,128,512,176,248.866,247.523,246.625,
mixed,16,2,0.125,4.0,32,1024,256,1024,352,251.969,248.993,247.809,
mixed,16,2,0.125,4.0,32,1024,512,2048,704,250.366,261.762,252.001,0.1435
mixed,16,2,0.125,4.0,32,1024,1024,4096,1408,252.388,303.718,256.833,0.0866
mixed,16,2,0.125,4.0,32,1024,2048,8192,2816,277.345,376.131,282.014,0.0473
mixed,16,2,0.125,4.0,32,1024,4096,16384,5632,331.78,597.057,340.415,0.0326
mixed,16,2,0.125,4.0,32,2048,128,512,176,260.482,257.343,260.162,
mixed,16,2,0.125,4.0,32,2048,256,1024,352,263.072,258.5,257.021,
mixed,16,2,0.125,4.0,32,2048,512,2048,704,258.207,265.724,259.453,0.1658
mixed,16,2,0.125,4.0,32,2048,1024,4096,1408,260.575,306.303,261.981,0.0307
mixed,16,2,0.125,4.0,32,2048,2048,8192,2816,282.338,381.789,280.069,-0.0228
mixed,16,2,0.125,4.0,32,2048,4096,16384,5632,340.222,529.087,355.393,0.0803
mixed,16,2,0.125,4.0,32,4096,128,512,176,277.152,273.663,275.011,
mixed,16,2,0.125,4.0,32,4096,256,1024,352,271.489,275.841,271.361,-0.0294
mixed,16,2,0.125,4.0,32,4096,512,2048,704,276.067,284.289,274.143,-0.234
mixed,16,2,0.125,4.0,32,4096,1024,4096,1408,276.707,306.527,280.258,0.1191
mixed,16,2,0.125,4.0,32,4096,2048,8192,2816,296.385,390.625,285.729,-0.1131
mixed,16,2,0.125,4.0,32,4096,4096,16384,5632,337.281,533.346,349.057,0.0601
mixed,16,2,0.125,4.0,32,8192,128,512,176,294.689,297.921,296.321,0.505
mixed,16,2,0.125,4.0,32,8192,256,1024,352,296.482,300.738,297.822,0.3148
mixed,16,2,0.125,4.0,32,8192,512,2048,704,299.295,307.68,299.902,0.0724
mixed,16,2,0.125,4.0,32,8192,1024,4096,1408,303.776,326.176,302.883,-0.0399
mixed,16,2,0.125,4.0,32,8192,2048,8192,2816,312.77,406.786,316.513,0.0398
mixed,16,2,0.125,4.0,32,8192,4096,16384,5632,423.331,541.438,414.301,-0.0765
mixed,16,2,0.125,4.0,64,0,128,512,176,215.357,229.987,224.353,0.6149
mixed,16,2,0.125,4.0,64,0,256,1024,352,232.7,240.222,228.801,-0.5183
mixed,16,2,0.125,4.0,64,0,512,2048,704,239.903,262.434,240.512,0.027
mixed,16,2,0.125,4.0,64,0,1024,4096,1408,249.311,304.451,262.754,0.2438
mixed,16,2,0.125,4.0,64,0,2048,8192,2816,277.027,377.889,309.539,0.3223
mixed,16,2,0.125,4.0,64,0,4096,16384,5632,337.285,521.535,406.271,0.3744
mixed,16,2,0.125,4.0,64,512,128,512,176,256.289,255.998,254.62,
mixed,16,2,0.125,4.0,64,512,256,1024,352,257.246,246.525,254.528,
mixed,16,2,0.125,4.0,64,512,512,2048,704,256.096,268.836,247.902,-0.6432
mixed,16,2,0.125,4.0,64,512,1024,4096,1408,254.649,303.775,269.122,0.2946
mixed,16,2,0.125,4.0,64,512,2048,8192,2816,284.799,381.793,316.865,0.3306
mixed,16,2,0.125,4.0,64,512,4096,16384,5632,334.142,559.806,399.071,0.2877
mixed,16,2,0.125,4.0,64,1024,128,512,176,263.811,261.823,265.346,
mixed,16,2,0.125,4.0,64,1024,256,1024,352,262.243,265.246,262.689,0.1485
mixed,16,2,0.125,4.0,64,1024,512,2048,704,263.553,269.122,266.528,0.5342
mixed,16,2,0.125,4.0,64,1024,1024,4096,1408,264.064,312.548,268.322,0.0878
mixed,16,2,0.125,4.0,64,1024,2048,8192,2816,283.265,378.561,310.564,0.2865
mixed,16,2,0.125,4.0,64,1024,4096,16384,5632,343.456,534.144,415.809,0.3794
mixed,16,2,0.125,4.0,64,2048,128,512,176,275.457,275.838,274.912,-1.4304
mixed,16,2,0.125,4.0,64,2048,256,1024,352,276.189,276.449,276.128,-0.2346
mixed,16,2,0.125,4.0,64,2048,512,2048,704,277.122,285.378,285.405,1.0033
mixed,16,2,0.125,4.0,64,2048,1024,4096,1408,271.681,314.273,294.305,0.5312
mixed,16,2,0.125,4.0,64,2048,2048,8192,2816,302.112,394.048,310.594,0.0923
mixed,16,2,0.125,4.0,64,2048,4096,16384,5632,344.159,530.848,398.598,0.2916
mixed,16,2,0.125,4.0,64,4096,128,512,176,302.563,298.786,299.968,
mixed,16,2,0.125,4.0,64,4096,256,1024,352,298.115,301.604,299.011,0.2568
mixed,16,2,0.125,4.0,64,4096,512,2048,704,300.639,311.585,305.061,0.404
mixed,16,2,0.125,4.0,64,4096,1024,4096,1408,297.986,325.567,325.281,0.9896
mixed,16,2,0.125,4.0,64,4096,2048,8192,2816,302.757,404.449,351.391,0.4782
mixed,16,2,0.125,4.0,64,4096,4096,16384,5632,422.143,543.746,403.615,-0.1524
mixed,16,2,0.125,4.0,64,8192,128,512,176,337.885,340.003,336.768,-0.5274
mixed,16,2,0.125,4.0,64,8192,256,1024,352,325.698,342.147,341.375,0.9531
mixed,16,2,0.125,4.0,64,8192,512,2048,704,339.362,354.147,340.001,0.0432
mixed,16,2,0.125,4.0,64,8192,1024,4096,1408,360.445,371.359,397.343,3.3808
mixed,16,2,0.125,4.0,64,8192,2048,8192,2816,346.206,405.216,407.357,1.0363
mixed,16,2,0.125,4.0,64,8192,4096,16384,5632,384.192,564.414,459.358,0.4171
mixed,16,2,0.125,4.0,128,0,128,512,176,240.383,259.168,252.897,0.6662
mixed,16,2,0.125,4.0,128,0,256,1024,352,257.855,270.145,263.518,0.4608
mixed,16,2,0.125,4.0,128,0,512,2048,704,261.794,290.91,283.295,0.7385
mixed,16,2,0.125,4.0,128,0,1024,4096,1408,278.37,339.939,326.366,0.7795
mixed,16,2,0.125,4.0,128,0,2048,8192,2816,309.951,432.64,407.716,0.7969
mixed,16,2,0.125,4.0,128,0,4096,16384,5632,373.312,621.086,567.772,0.7848
mixed,16,2,0.125,4.0,128,512,128,512,176,293.662,304.195,291.903,-0.167
mixed,16,2,0.125,4.0,128,512,256,1024,352,295.36,293.538,290.079,
mixed,16,2,0.125,4.0,128,512,512,2048,704,297.763,309.15,298.012,0.0219
mixed,16,2,0.125,4.0,128,512,1024,4096,1408,291.041,332.509,336.415,1.0942
mixed,16,2,0.125,4.0,128,512,2048,8192,2816,333.796,417.028,425.791,1.1053
mixed,16,2,0.125,4.0,128,512,4096,16384,5632,364.893,579.522,562.208,0.9193
mixed,16,2,0.125,4.0,128,1024,128,512,176,310.244,309.5,311.039,
mixed,16,2,0.125,4.0,128,1024,256,1024,352,312.065,334.948,309.887,-0.0952
mixed,16,2,0.125,4.0,128,1024,512,2048,704,312.097,310.755,299.331,
mixed,16,2,0.125,4.0,128,1024,1024,4096,1408,348.962,364.865,339.904,-0.5696
mixed,16,2,0.125,4.0,128,1024,2048,8192,2816,332.321,416.676,419.682,1.0356
mixed,16,2,0.125,4.0,128,1024,4096,16384,5632,398.818,579.619,590.047,1.0577
mixed,16,2,0.125,4.0,128,2048,128,512,176,320.672,353.18,321.599,0.0285
mixed,16,2,0.125,4.0,128,2048,256,1024,352,338.365,327.843,333.313,
mixed,16,2,0.125,4.0,128,2048,512,2048,704,343.233,385.535,362.913,0.4652
mixed,16,2,0.125,4.0,128,2048,1024,4096,1408,330.979,352.542,339.585,0.3991
mixed,16,2,0.125,4.0,128,2048,2048,8192,2816,417.827,456.737,417.54,-0.0074
mixed,16,2,0.125,4.0,128,2048,4096,16384,5632,400.994,578.914,583.266,1.0245
mixed,16,2,0.125,4.0,128,4096,128,512,176,359.749,389.664,361.503,0.0586
mixed,16,2,0.125,4.0,128,4096,256,1024,352,375.683,432.381,371.839,-0.0678
mixed,16,2,0.125,4.0,128,4096,512,2048,704,404.642,387.585,391.524,
mixed,16,2,0.125,4.0,128,4096,1024,4096,1408,413.374,496.736,434.303,0.2511
mixed,16,2,0.125,4.0,128,4096,2048,8192,2816,378.399,456.868,423.041,0.5689
mixed,16,2,0.125,4.0,128,4096,4096,16384,5632,554.402,637.375,573.889,0.2349
mixed,16,2,0.125,4.0,128,8192,128,512,176,444.16,468.673,442.271,-0.0771
mixed,16,2,0.125,4.0,128,8192,256,1024,352,445.436,510.978,436.414,-0.1377
mixed,16,2,0.125,4.0,128,8192,512,2048,704,485.056,589.732,469.186,-0.1516
mixed,16,2,0.125,4.0,128,8192,1024,4096,1408,537.695,490.306,510.911,
mixed,16,2,0.125,4.0,128,8192,2048,8192,2816,546.429,702.783,591.903,0.2908
mixed,16,2,0.125,4.0,128,8192,4096,16384,5632,481.249,645.853,580.004,0.6
mixed,16,2,0.125,4.0,256,0,128,512,176,259.426,280.419,310.942,2.454
mixed,16,2,0.125,4.0,256,0,256,1024,352,335.489,304.0,332.738,
mixed,16,2,0.125,4.0,256,0,512,2048,704,291.906,340.385,340.159,0.9953
mixed,16,2,0.125,4.0,256,0,1024,4096,1408,316.004,419.683,415.166,0.9564
mixed,16,2,0.125,4.0,256,0,2048,8192,2816,371.935,574.945,568.741,0.9694
mixed,16,2,0.125,4.0,256,0,4096,16384,5632,478.177,887.04,876.577,0.9744
mixed,16,2,0.125,4.0,256,512,128,512,176,349.695,363.773,345.411,-0.3043
mixed,16,2,0.125,4.0,256,512,256,1024,352,362.145,384.927,361.889,-0.0112
mixed,16,2,0.125,4.0,256,512,512,2048,704,368.862,425.471,372.125,0.0576
mixed,16,2,0.125,4.0,256,512,1024,4096,1408,397.376,422.783,441.985,1.7558
mixed,16,2,0.125,4.0,256,512,2048,8192,2816,372.923,576.388,567.747,0.9575
mixed,16,2,0.125,4.0,256,512,4096,16384,5632,477.852,884.864,879.328,0.9864
mixed,16,2,0.125,4.0,256,1024,128,512,176,367.455,397.216,365.989,-0.0493
mixed,16,2,0.125,4.0,256,1024,256,1024,352,382.335,404.543,375.905,-0.2895
mixed,16,2,0.125,4.0,256,1024,512,2048,704,413.666,446.24,397.219,-0.5049
mixed,16,2,0.125,4.0,256,1024,1024,4096,1408,415.521,418.946,445.026,8.6146
mixed,16,2,0.125,4.0,256,1024,2048,8192,2816,472.639,576.576,597.952,1.2057
mixed,16,2,0.125,4.0,256,1024,4096,16384,5632,480.77,888.256,879.485,0.9785
mixed,16,2,0.125,4.0,256,2048,128,512,176,388.767,433.698,401.152,0.2756
mixed,16,2,0.125,4.0,256,2048,256,1024,352,423.555,473.249,415.708,-0.1579
mixed,16,2,0.125,4.0,256,2048,512,2048,704,444.483,483.105,433.282,-0.29
mixed,16,2,0.125,4.0,256,2048,1024,4096,1408,503.647,558.24,472.513,-0.5703
mixed,16,2,0.125,4.0,256,2048,2048,8192,2816,513.023,578.37,595.999,1.2698
mixed,16,2,0.125,4.0,256,2048,4096,16384,5632,617.344,891.492,912.481,1.0766
mixed,16,2,0.125,4.0,256,4096,128,512,176,473.149,495.612,470.719,-0.1082
mixed,16,2,0.125,4.0,256,4096,256,1024,352,471.775,554.529,473.629,0.0224
mixed,16,2,0.125,4.0,256,4096,512,2048,704,531.039,629.47,515.876,-0.154
mixed,16,2,0.125,4.0,256,4096,1024,4096,1408,582.753,635.361,554.278,-0.5413
mixed,16,2,0.125,4.0,256,4096,2048,8192,2816,589.792,795.523,632.095,0.2056
mixed,16,2,0.125,4.0,256,4096,4096,16384,5632,697.215,892.064,909.664,1.0903
mixed,16,2,0.125,4.0,256,8192,128,512,176,631.518,629.376,632.324,
mixed,16,2,0.125,4.0,256,8192,256,1024,352,628.572,653.953,631.778,0.1263
mixed,16,2,0.125,4.0,256,8192,512,2048,704,632.71,787.939,632.061,-0.0042
mixed,16,2,0.125,4.0,256,8192,1024,4096,1408,738.143,933.831,710.266,-0.1425
mixed,16,2,0.125,4.0,256,8192,2048,8192,2816,846.21,947.492,790.016,-0.5548
mixed,16,2,0.125,4.0,256,8192,4096,16384,5632,852.546,1254.021,939.552,0.2167
mixed,16,2,0.125,4.0,512,0,128,512,176,387.169,388.638,387.744,0.3914
mixed,16,2,0.125,4.0,512,0,256,1024,352,390.37,424.224,428.416,1.1238
mixed,16,2,0.125,4.0,512,0,512,2048,704,399.97,507.425,502.594,0.955
mixed,16,2,0.125,4.0,512,0,1024,4096,1408,458.976,660.321,655.393,0.9755
mixed,16,2,0.125,4.0,512,0,2048,8192,2816,573.441,972.645,961.989,0.9733
mixed,16,2,0.125,4.0,512,0,4096,16384,5632,780.415,1590.975,1577.445,0.9833
mixed,16,2,0.125,4.0,512,512,128,512,176,421.473,443.265,427.135,0.2598
mixed,16,2,0.125,4.0,512,512,256,1024,352,436.705,487.582,428.132,-0.1685
mixed,16,2,0.125,4.0,512,512,512,2048,704,460.385,563.168,498.337,0.3692
mixed,16,2,0.125,4.0,512,512,1024,4096,1408,513.63,718.849,653.217,0.6802
mixed,16,2,0.125,4.0,512,512,2048,8192,2816,627.682,1024.96,962.753,0.8434
mixed,16,2,0.125,4.0,512,512,4096,16384,5632,834.208,1643.361,1571.619,0.9113
mixed,16,2,0.125,4.0,512,1024,128,512,176,463.008,484.323,460.32,-0.1261
mixed,16,2,0.125,4.0,512,1024,256,1024,352,467.966,527.621,465.697,-0.038
mixed,16,2,0.125,4.0,512,1024,512,2048,704,500.225,603.424,505.151,0.0477
mixed,16,2,0.125,4.0,512,1024,1024,4096,1408,555.265,760.61,655.042,0.4859
mixed,16,2,0.125,4.0,512,1024,2048,8192,2816,670.115,1065.665,966.4,0.749
mixed,16,2,0.125,4.0,512,1024,4096,16384,5632,875.746,1676.965,1574.598,0.8722
mixed,16,2,0.125,4.0,512,2048,128,512,176,539.264,550.052,540.386,0.104
mixed,16,2,0.125,4.0,512,2048,256,1024,352,541.221,601.667,540.029,-0.0197
mixed,16,2,0.125,4.0,512,2048,512,2048,704,575.041,681.375,568.929,-0.0575
mixed,16,2,0.125,4.0,512,2048,1024,4096,1408,628.352,840.737,657.793,0.1386
mixed,16,2,0.125,4.0,512,2048,2048,8192,2816,741.41,1142.851,963.522,0.5533
mixed,16,2,0.125,4.0,512,2048,4096,16384,5632,950.498,1753.858,1575.074,0.7775
mixed,16,2,0.125,4.0,512,4096,128,512,176,702.114,700.066,698.624,
mixed,16,2,0.125,4.0,512,4096,256,1024,352,694.624,713.887,699.104,0.2326
mixed,16,2,0.125,4.0,512,4096,512,2048,704,703.39,835.904,700.834,-0.0193
mixed,16,2,0.125,4.0,512,4096,1024,4096,1408,785.761,994.69,759.14,-0.1274
mixed,16,2,0.125,4.0,512,4096,2048,8192,2816,895.619,1302.72,974.685,0.1942
mixed,16,2,0.125,4.0,512,4096,4096,16384,5632,1108.001,1910.561,1579.91,0.588
mixed,16,2,0.125,4.0,512,8192,128,512,176,996.833,998.911,1000.769,1.8941
mixed,16,2,0.125,4.0,512,8192,256,1024,352,1001.633,1000.358,1002.24,
mixed,16,2,0.125,4.0,512,8192,512,2048,704,1000.288,1022.721,1002.945,0.1184
mixed,16,2,0.125,4.0,512,8192,1024,4096,1408,999.875,1291.904,1001.92,0.007
mixed,16,2,0.125,4.0,512,8192,2048,8192,2816,1196.255,1597.987,1145.764,-0.1257
mixed,16,2,0.125,4.0,512,8192,4096,16384,5632,1410.851,2205.893,1587.681,0.2224
mixed,16,2,0.125,4.0,1024,0,128,512,176,603.811,611.612,601.693,-0.2715
mixed,16,2,0.125,4.0,1024,0,256,1024,352,607.936,625.25,601.955,-0.3454
mixed,16,2,0.125,4.0,1024,0,512,2048,704,617.441,648.353,628.675,0.3634
mixed,16,2,0.125,4.0,1024,0,1024,4096,1408,633.822,686.977,633.44,-0.0072
mixed,16,2,0.125,4.0,1024,0,2048,8192,2816,660.866,767.458,657.249,-0.0339
mixed,16,2,0.125,4.0,1024,0,4096,16384,5632,720.063,915.871,725.413,0.0273
mixed,16,2,0.125,4.0,1024,512,128,512,176,705.217,715.681,715.712,1.003
mixed,16,2,0.125,4.0,1024,512,256,1024,352,705.755,729.084,708.476,0.1166
mixed,16,2,0.125,4.0,1024,512,512,2048,704,712.481,763.682,721.569,0.1775
mixed,16,2,0.125,4.0,1024,512,1024,4096,1408,729.696,800.449,734.401,0.0665
mixed,16,2,0.125,4.0,1024,512,2048,8192,2816,759.845,874.848,770.755,0.0949
mixed,16,2,0.125,4.0,1024,512,4096,16384,5632,825.763,1019.683,830.824,0.0261
mixed,16,2,0.125,4.0,1024,1024,128,512,176,755.712,752.96,751.004,
mixed,16,2,0.125,4.0,1024,1024,256,1024,352,756.007,780.898,759.206,0.1285
mixed,16,2,0.125,4.0,1024,1024,512,2048,704,758.789,792.098,765.312,0.1958
mixed,16,2,0.125,4.0,1024,1024,1024,4096,1408,790.241,831.621,775.52,-0.3558
mixed,16,2,0.125,4.0,1024,1024,2048,8192,2816,821.155,904.552,817.829,-0.0399
mixed,16,2,0.125,4.0,1024,1024,4096,16384,5632,862.336,1050.528,863.2,0.0046
mixed,16,2,0.125,4.0,1024,2048,128,512,176,833.254,834.788,828.103,-3.3579
mixed,16,2,0.125,4.0,1024,2048,256,1024,352,843.582,846.434,842.975,-0.2128
mixed,16,2,0.125,4.0,1024,2048,512,2048,704,856.098,879.299,849.151,-0.2994
mixed,16,2,0.125,4.0,1024,2048,1024,4096,1408,860.638,910.589,858.375,-0.0453
mixed,16,2,0.125,4.0,1024,2048,2048,8192,2816,889.988,1005.603,910.373,0.1763
mixed,16,2,0.125,4.0,1024,2048,4096,16384,5632,949.374,1134.046,956.035,0.0361
mixed,16,2,0.125,4.0,1024,4096,128,512,176,995.041,1007.812,993.474,-0.1227
mixed,16,2,0.125,4.0,1024,4096,256,1024,352,1001.41,1017.596,996.135,-0.3259
mixed,16,2,0.125,4.0,1024,4096,512,2048,704,1006.686,1039.17,1015.173,0.2613
mixed,16,2,0.125,4.0,1024,4096,1024,4096,1408,1031.52,1079.296,1020.065,-0.2398
mixed,16,2,0.125,4.0,1024,4096,2048,8192,2816,1061.309,1157.093,1064.609,0.0345
mixed,16,2,0.125,4.0,1024,4096,4096,16384,5632,1114.564,1296.586,1119.844,0.029
mixed,16,2,0.125,4.0,1024,8192,128,512,176,1320.255,1330.405,1320.158,-0.0096
mixed,16,2,0.125,4.0,1024,8192,256,1024,352,1336.289,1340.934,1333.665,-0.5649
mixed,16,2,0.125,4.0,1024,8192,512,2048,704,1336.961,1364.001,1341.216,0.1574
mixed,16,2,0.125,4.0,1024,8192,1024,4096,1408,1350.941,1407.588,1359.078,0.1436
mixed,16,2,0.125,4.0,1024,8192,2048,8192,2816,1372.195,1485.827,1387.139,0.1315
mixed,16,2,0.125,4.0,1024,8192,4096,16384,5632,1437.312,1614.59,1437.827,0.0029
mixed,16,2,0.125,4.0,2048,0,128,512,176,916.704,934.787,928.483,0.6514
mixed,16,2,0.125,4.0,2048,0,256,1024,352,928.833,940.864,934.692,0.487
mixed,16,2,0.125,4.0,2048,0,512,2048,704,940.257,965.215,942.822,0.1028
mixed,16,2,0.125,4.0,2048,0,1024,4096,1408,952.031,1013.957,950.467,-0.0253
mixed,16,2,0.125,4.0,2048,0,2048,8192,2816,984.802,1084.998,993.285,0.0847
mixed,16,2,0.125,4.0,2048,0,4096,16384,5632,1041.314,1229.372,1043.521,0.0117
mixed,16,2,0.125,4.0,2048,512,128,512,176,1060.899,1083.298,1073.092,0.5444
mixed,16,2,0.125,4.0,2048,512,256,1024,352,1074.821,1090.595,1079.198,0.2775
mixed,16,2,0.125,4.0,2048,512,512,2048,704,1088.932,1118.494,1086.052,-0.0974
mixed,16,2,0.125,4.0,2048,512,1024,4096,1408,1100.384,1156.135,1106.307,0.1062
mixed,16,2,0.125,4.0,2048,512,2048,8192,2816,1130.716,1234.399,1145.631,0.1439
mixed,16,2,0.125,4.0,2048,512,4096,16384,5632,1189.025,1383.239,1197.409,0.0432
mixed,16,2,0.125,4.0,2048,1024,128,512,176,1125.6,1142.082,1126.948,0.0818
mixed,16,2,0.125,4.0,2048,1024,256,1024,352,1126.11,1151.751,1135.527,0.3673
mixed,16,2,0.125,4.0,2048,1024,512,2048,704,1143.427,1178.307,1151.072,0.2192
mixed,16,2,0.125,4.0,2048,1024,1024,4096,1408,1158.632,1216.579,1160.895,0.0391
mixed,16,2,0.125,4.0,2048,1024,2048,8192,2816,1182.944,1296.259,1196.287,0.1178
mixed,16,2,0.125,4.0,2048,1024,4096,16384,5632,1244.579,1431.361,1237.499,-0.0379
mixed,16,2,0.125,4.0,2048,2048,128,512,176,1246.336,1252.099,1249.19,0.4952
mixed,16,2,0.125,4.0,2048,2048,256,1024,352,1244.578,1259.644,1254.397,0.6517
mixed,16,2,0.125,4.0,2048,2048,512,2048,704,1256.962,1289.089,1260.895,0.1224
mixed,16,2,0.125,4.0,2048,2048,1024,4096,1408,1265.764,1327.173,1270.305,0.0739
mixed,16,2,0.125,4.0,2048,2048,2048,8192,2816,1308.092,1411.778,1308.769,0.0065
mixed,16,2,0.125,4.0,2048,2048,4096,16384,5632,1365.958,1543.909,1358.626,-0.0412
mixed,16,2,0.125,4.0,2048,4096,128,512,176,1490.883,1508.894,1485.093,-0.3215
mixed,16,2,0.125,4.0,2048,4096,256,1024,352,1498.338,1521.153,1502.885,0.1993
mixed,16,2,0.125,4.0,2048,4096,512,2048,704,1513.25,1538.431,1504.038,-0.3658
mixed,16,2,0.125,4.0,2048,4096,1024,4096,1408,1528.069,1590.501,1520.87,-0.1153
mixed,16,2,0.125,4.0,2048,4096,2048,8192,2816,1547.036,1651.559,1568.609,0.2064
mixed,16,2,0.125,4.0,2048,4096,4096,16384,5632,1601.959,1796.551,1617.378,0.0792
mixed,16,2,0.125,4.0,2048,8192,128,512,176,1956.837,1968.554,1953.218,-0.3089
mixed,16,2,0.125,4.0,2048,8192,256,1024,352,1967.558,1973.628,1967.391,-0.0275
mixed,16,2,0.125,4.0,2048,8192,512,2048,704,1957.315,1993.215,1970.591,0.3698
mixed,16,2,0.125,4.0,2048,8192,1024,4096,1408,1983.848,2050.059,1984.196,0.0053
mixed,16,2,0.125,4.0,2048,8192,2048,8192,2816,2006.694,2109.918,2029.576,0.2217
mixed,16,2,0.125,4.0,2048,8192,4096,16384,5632,2062.406,2235.809,2072.069,0.0557
pure,16,3,0.1875,4.0,0,0,128,512,200,186.53,203.168,197.344,0.65
pure,16,3,0.1875,4.0,0,0,256,1024,400,202.884,214.048,201.22,-0.1491
pure,16,3,0.1875,4.0,0,0,512,2048,800,211.357,232.574,215.586,0.1993
pure,16,3,0.1875,4.0,0,0,1024,4096,1600,226.912,272.957,228.095,0.0257
pure,16,3,0.1875,4.0,0,0,2048,8192,3200,256.001,343.97,257.344,0.0153
pure,16,3,0.1875,4.0,0,0,4096,16384,6400,309.858,489.474,319.9,0.0559
mixed,16,3,0.1875,4.0,16,0,128,512,200,212.195,223.744,219.04,0.5927
mixed,16,3,0.1875,4.0,16,0,256,1024,400,217.538,236.927,221.023,0.1797
mixed,16,3,0.1875,4.0,16,0,512,2048,800,230.756,253.377,239.422,0.3831
mixed,16,3,0.1875,4.0,16,0,1024,4096,1600,244.576,291.841,246.108,0.0324
mixed,16,3,0.1875,4.0,16,0,2048,8192,3200,271.49,369.596,276.959,0.0557
mixed,16,3,0.1875,4.0,16,0,4096,16384,6400,338.147,506.819,341.702,0.0211
mixed,16,3,0.1875,4.0,16,512,128,512,200,232.803,233.729,230.018,-3.0076
mixed,16,3,0.1875,4.0,16,512,256,1024,400,232.642,244.321,231.744,-0.0769
mixed,16,3,0.1875,4.0,16,512,512,2048,800,237.763,255.614,241.315,0.199
mixed,16,3,0.1875,4.0,16,512,1024,4096,1600,246.819,290.817,250.368,0.0807
mixed,16,3,0.1875,4.0,16,512,2048,8192,3200,276.67,363.971,278.848,0.0249
mixed,16,3,0.1875,4.0,16,512,4096,16384,6400,331.873,507.84,339.524,0.0435
mixed,16,3,0.1875,4.0,16,1024,128,512,200,236.448,241.25,239.134,0.5594
mixed,16,3,0.1875,4.0,16,1024,256,1024,400,242.302,244.579,242.239,-0.0277
mixed,16,3,0.1875,4.0,16,1024,512,2048,800,240.607,257.567,244.288,0.217
mixed,16,3,0.1875,4.0,16,1024,1024,4096,1600,251.775,296.446,254.687,0.0652
mixed,16,3,0.1875,4.0,16,1024,2048,8192,3200,280.159,364.768,278.851,-0.0155
mixed,16,3,0.1875,4.0,16,1024,4096,16384,6400,342.721,508.575,347.107,0.0264
mixed,16,3,0.1875,4.0,16,2048,128,512,200,248.643,252.158,252.351,1.0549
mixed,16,3,0.1875,4.0,16,2048,256,1024,400,247.361,250.593,245.697,-0.5149
mixed,16,3,0.1875,4.0,16,2048,512,2048,800,249.439,259.138,252.8,0.3465
mixed,16,3,0.1875,4.0,16,2048,1024,4096,1600,254.367,299.843,257.248,0.0634
mixed,16,3,0.1875,4.0,16,2048,2048,8192,3200,284.448,373.377,311.907,0.3088
mixed,16,3,0.1875,4.0,16,2048,4096,16384,6400,342.435,510.014,345.923,0.0208
mixed,16,3,0.1875,4.0,16,4096,128,512,200,264.159,254.401,261.665,
mixed,16,3,0.1875,4.0,16,4096,256,1024,400,258.081,259.968,255.141,-1.558
mixed,16,3,0.1875,4.0,16,4096,512,2048,800,260.065,264.896,261.662,0.3306
mixed,16,3,0.1875,4.0,16,4096,1024,4096,1600,260.577,303.712,258.335,-0.052
mixed,16,3,0.1875,4.0,16,4096,2048,8192,3200,283.329,378.239,285.856,0.0266
mixed,16,3,0.1875,4.0,16,4096,4096,16384,6400,347.614,526.277,402.75,0.3086
mixed,16,3,0.1875,4.0,16,8192,128,512,200,277.637,274.879,278.751,
mixed,16,3,0.1875,4.0,16,8192,256,1024,400,274.366,273.696,276.194,
mixed,16,3,0.1875,4.0,16,8192,512,2048,800,275.138,282.332,277.408,0.3155
mixed,16,3,0.1875,4.0,16,8192,1024,4096,1600,280.192,312.797,285.857,0.1737
mixed,16,3,0.1875,4.0,16,8192,2048,8192,3200,299.166,388.735,289.316,-0.11
mixed,16,3,0.1875,4.0,16,8192,4096,16384,6400,357.024,532.03,357.375,0.002
mixed,16,3,0.1875,4.0,32,0,128,512,200,214.305,227.774,217.728,0.2541
mixed,16,3,0.1875,4.0,32,0,256,1024,400,221.282,236.031,224.13,0.1931
mixed,16,3,0.1875,4.0,32,0,512,2048,800,234.399,262.303,231.04,-0.1204
mixed,16,3,0.1875,4.0,32,0,1024,4096,1600,249.568,299.713,247.875,-0.0338
mixed,16,3,0.1875,4.0,32,0,2048,8192,3200,277.503,373.504,282.877,0.056
mixed,16,3,0.1875,4.0,32,0,4096,16384,6400,339.681,512.738,353.282,0.0786
mixed,16,3,0.1875,4.0,32,512,128,512,200,238.241,241.279,239.969,0.5688
mixed,16,3,0.1875,4.0,32,512,256,1024,400,241.953,246.501,243.456,0.3305
mixed,16,3,0.1875,4.0,32,512,512,2048,800,244.992,262.817,249.666,0.2622
mixed,16,3,0.1875,4.0,32,512,1024,4096,1600,251.235,296.257,256.896,0.1257
mixed,16,3,0.1875,4.0,32,512,2048,8192,3200,282.368,428.802,290.754,0.0573
mixed,16,3,0.1875,4.0,32,512,4096,16384,6400,339.874,569.601,354.204,0.0624
mixed,16,3,0.1875,4.0,32,1024,128,512,200,249.375,249.667,247.333,-6.9932
mixed,16,3,0.1875,4.0,32,1024,256,1024,400,245.121,249.828,247.07,0.4141
mixed,16,3,0.1875,4.0,32,1024,512,2048,800,250.114,262.433,250.461,0.0282
mixed,16,3,0.1875,4.0,32,1024,1024,4096,1600,252.928,300.129,261.058,0.1722
mixed,16,3,0.1875,4.0,32,1024,2048,8192,3200,323.169,377.537,317.925,-0.0965
mixed,16,3,0.1875,4.0,32,1024,4096,16384,6400,341.602,597.119,359.971,0.0719
mixed,16,3,0.1875,4.0,32,2048,128,512,200,262.625,256.67,264.354,
mixed,16,3,0.1875,4.0,32,2048,256,1024,400,257.346,259.998,255.939,-0.5305
mixed,16,3,0.1875,4.0,32,2048,512,2048,800,266.465,266.305,263.171,
mixed,16,3,0.1875,4.0,32,2048,1024,4096,1600,263.263,305.698,263.713,0.0106
mixed,16,3,0.1875,4.0,32,2048,2048,8192,3200,284.413,382.37,288.444,0.0412
mixed,16,3,0.1875,4.0,32,2048,4096,16384,6400,411.1,529.057,389.731,-0.1812
mixed,16,3,0.1875,4.0,32,4096,128,512,200,276.417,273.952,274.658,
mixed,16,3,0.1875,4.0,32,4096,256,1024,400,274.079,277.054,273.985,-0.0316
mixed,16,3,0.1875,4.0,32,4096,512,2048,800,277.536,280.318,275.201,-0.8393
mixed,16,3,0.1875,4.0,32,4096,1024,4096,1600,292.352,305.95,280.702,-0.8567
mixed,16,3,0.1875,4.0,32,4096,2048,8192,3200,290.691,390.34,290.047,-0.0065
mixed,16,3,0.1875,4.0,32,4096,4096,16384,6400,357.406,534.463,359.68,0.0128
mixed,16,3,0.1875,4.0,32,8192,128,512,200,297.409,296.45,296.995,
mixed,16,3,0.1875,4.0,32,8192,256,1024,400,296.544,301.507,298.72,0.4384
mixed,16,3,0.1875,4.0,32,8192,512,2048,800,300.386,308.03,298.913,-0.1927
mixed,16,3,0.1875,4.0,32,8192,1024,4096,1600,308.957,324.449,305.95,-0.1941
mixed,16,3,0.1875,4.0,32,8192,2048,8192,3200,363.52,406.56,347.939,-0.362
mixed,16,3,0.1875,4.0,32,8192,4096,16384,6400,356.7,544.066,363.582,0.0367
mixed,16,3,0.1875,4.0,64,0,128,512,200,218.975,232.672,223.267,0.3134
mixed,16,3,0.1875,4.0,64,0,256,1024,400,229.382,239.934,229.314,-0.0064
mixed,16,3,0.1875,4.0,64,0,512,2048,800,237.346,262.272,240.447,0.1244
mixed,16,3,0.1875,4.0,64,0,1024,4096,1600,253.316,304.768,264.804,0.2233
mixed,16,3,0.1875,4.0,64,0,2048,8192,3200,290.913,382.751,312.77,0.238
mixed,16,3,0.1875,4.0,64,0,4096,16384,6400,350.656,526.433,403.936,0.3031
mixed,16,3,0.1875,4.0,64,512,128,512,200,254.594,256.609,254.018,-0.2859
mixed,16,3,0.1875,4.0,64,512,256,1024,400,253.568,247.49,255.329,
mixed,16,3,0.1875,4.0,64,512,512,2048,800,254.913,267.773,248.994,-0.4603
mixed,16,3,0.1875,4.0,64,512,1024,4096,1600,256.993,303.236,270.561,0.2934
mixed,16,3,0.1875,4.0,64,512,2048,8192,3200,329.693,381.793,319.809,-0.1897
mixed,16,3,0.1875,4.0,64,512,4096,16384,6400,347.454,564.1,399.745,0.2414
mixed,16,3,0.1875,4.0,64,1024,128,512,200,264.99,262.816,265.025,
mixed,16,3,0.1875,4.0,64,1024,256,1024,400,262.755,262.271,262.206,
mixed,16,3,0.1875,4.0,64,1024,512,2048,800,271.746,268.288,266.079,
mixed,16,3,0.1875,4.0,64,1024,1024,4096,1600,266.944,317.281,271.389,0.0883
mixed,16,3,0.1875,4.0,64,1024,2048,8192,3200,291.11,381.953,316.097,0.2751
mixed,16,3,0.1875,4.0,64,1024,4096,16384,6400,412.547,535.043,419.038,0.053
mixed,16,3,0.1875,4.0,64,2048,128,512,200,275.487,276.733,273.346,-1.7183
mixed,16,3,0.1875,4.0,64,2048,256,1024,400,275.84,277.376,275.617,-0.1452
mixed,16,3,0.1875,4.0,64,2048,512,2048,800,278.013,284.799,277.058,-0.1407
mixed,16,3,0.1875,4.0,64,2048,1024,4096,1600,311.136,314.815,303.617,-2.0438
mixed,16,3,0.1875,4.0,64,2048,2048,8192,3200,294.59,395.489,313.634,0.1887
mixed,16,3,0.1875,4.0,64,2048,4096,16384,6400,364.704,533.792,402.817,0.2254
mixed,16,3,0.1875,4.0,64,4096,128,512,200,299.809,298.62,299.332,
mixed,16,3,0.1875,4.0,64,4096,256,1024,400,299.587,301.539,298.434,-0.5907
mixed,16,3,0.1875,4.0,64,4096,512,2048,800,302.051,309.088,300.641,-0.2004
mixed,16,3,0.1875,4.0,64,4096,1024,4096,1600,311.135,322.659,311.041,-0.0082
mixed,16,3,0.1875,4.0,64,4096,2048,8192,3200,376.735,401.76,352.545,-0.9666
mixed,16,3,0.1875,4.0,64,4096,4096,16384,6400,356.353,543.36,401.059,0.2391
mixed,16,3,0.1875,4.0,64,8192,128,512,200,333.987,340.577,339.234,0.7962
mixed,16,3,0.1875,4.0,64,8192,256,1024,400,341.761,339.361,340.99,
mixed,16,3,0.1875,4.0,64,8192,512,2048,800,339.68,354.66,339.934,0.017
mixed,16,3,0.1875,4.0,64,8192,1024,4096,1600,376.447,371.454,401.377,
mixed,16,3,0.1875,4.0,64,8192,2048,8192,3200,411.807,405.182,411.296,
mixed,16,3,0.1875,4.0,64,8192,4096,16384,6400,492.676,560.002,463.042,-0.4402
mixed,16,3,0.1875,4.0,128,0,128,512,200,242.082,257.698,252.287,0.6535
mixed,16,3,0.1875,4.0,128,0,256,1024,400,254.688,270.559,264.479,0.6169
mixed,16,3,0.1875,4.0,128,0,512,2048,800,266.242,294.374,287.844,0.7679
mixed,16,3,0.1875,4.0,128,0,1024,4096,1600,282.562,337.792,326.758,0.8002
mixed,16,3,0.1875,4.0,128,0,2048,8192,3200,315.649,434.051,405.823,0.7616
mixed,16,3,0.1875,4.0,128,0,4096,16384,6400,393.183,622.851,566.786,0.7559
mixed,16,3,0.1875,4.0,128,512,128,512,200,293.155,305.055,292.225,-0.0782
mixed,16,3,0.1875,4.0,128,512,256,1024,400,294.207,294.943,302.622,11.4334
mixed,16,3,0.1875,4.0,128,512,512,2048,800,295.87,310.498,296.64,0.0526
mixed,16,3,0.1875,4.0,128,512,1024,4096,1600,296.45,332.418,337.442,1.1397
mixed,16,3,0.1875,4.0,128,512,2048,8192,3200,310.466,415.681,405.697,0.9051
mixed,16,3,0.1875,4.0,128,512,4096,16384,6400,385.668,580.738,564.387,0.9162
mixed,16,3,0.1875,4.0,128,1024,128,512,200,309.215,309.632,308.576,-1.5324
mixed,16,3,0.1875,4.0,128,1024,256,1024,400,309.473,332.639,309.151,-0.0139
mixed,16,3,0.1875,4.0,128,1024,512,2048,800,306.977,313.6,320.99,2.1158
mixed,16,3,0.1875,4.0,128,1024,1024,4096,1600,314.145,364.611,335.49,0.423
mixed,16,3,0.1875,4.0,128,1024,2048,8192,3200,339.939,418.854,418.18,0.9915
mixed,16,3,0.1875,4.0,128,1024,4096,16384,6400,383.104,579.554,562.529,0.9133
mixed,16,3,0.1875,4.0,128,2048,128,512,200,326.654,351.521,321.316,-0.2147
mixed,16,3,0.1875,4.0,128,2048,256,1024,400,342.016,330.88,352.578,
mixed,16,3,0.1875,4.0,128,2048,512,2048,800,348.801,387.205,363.488,0.3824
mixed,16,3,0.1875,4.0,128,2048,1024,4096,1600,326.848,351.457,362.269,1.4394
mixed,16,3,0.1875,4.0,128,2048,2048,8192,3200,405.599,458.977,420.032,0.2704
mixed,16,3,0.1875,4.0,128,2048,4096,16384,6400,416.959,580.606,586.049,1.0333
mixed,16,3,0.1875,4.0,128,4096,128,512,200,365.216,390.497,360.256,-0.1962
mixed,16,3,0.1875,4.0,128,4096,256,1024,400,380.127,432.286,370.4,-0.1865
mixed,16,3,0.1875,4.0,128,4096,512,2048,800,409.987,388.223,433.088,
mixed,16,3,0.1875,4.0,128,4096,1024,4096,1600,388.448,500.61,385.376,-0.0274
mixed,16,3,0.1875,4.0,128,4096,2048,8192,3200,445.06,455.71,440.991,-0.3821
mixed,16,3,0.1875,4.0,128,4096,4096,16384,6400,529.028,638.367,576.833,0.4372
mixed,16,3,0.1875,4.0,128,8192,128,512,200,443.874,468.927,443.011,-0.0344
mixed,16,3,0.1875,4.0,128,8192,256,1024,400,433.47,509.41,446.018,0.1652
mixed,16,3,0.1875,4.0,128,8192,512,2048,800,489.984,587.325,471.263,-0.1923
mixed,16,3,0.1875,4.0,128,8192,1024,4096,1600,555.808,490.206,592.993,
mixed,16,3,0.1875,4.0,128,8192,2048,8192,3200,558.174,703.617,591.425,0.2286
mixed,16,3,0.1875,4.0,128,8192,4096,16384,6400,614.496,643.393,603.394,-0.3842
mixed,16,3,0.1875,4.0,256,0,128,512,200,259.647,281.314,310.373,2.3412
mixed,16,3,0.1875,4.0,256,0,256,1024,400,279.104,304.862,301.633,0.8746
mixed,16,3,0.1875,4.0,256,0,512,2048,800,294.818,339.968,340.482,1.0114
mixed,16,3,0.1875,4.0,256,0,1024,4096,1600,324.609,419.68,414.432,0.9448
mixed,16,3,0.1875,4.0,256,0,2048,8192,3200,385.954,575.454,569.954,0.971
mixed,16,3,0.1875,4.0,256,0,4096,16384,6400,504.033,885.953,880.381,0.9854
mixed,16,3,0.1875,4.0,256,512,128,512,200,350.722,369.531,348.318,-0.1278
mixed,16,3,0.1875,4.0,256,512,256,1024,400,366.942,383.679,375.043,0.484
mixed,16,3,0.1875,4.0,256,512,512,2048,800,374.56,423.298,411.198,0.7517
mixed,16,3,0.1875,4.0,256,512,1024,4096,1600,402.591,419.363,495.234,5.5237
mixed,16,3,0.1875,4.0,256,512,2048,8192,3200,382.367,578.687,570.273,0.9571
mixed,16,3,0.1875,4.0,256,512,4096,16384,6400,506.273,884.863,882.628,0.9941
mixed,16,3,0.1875,4.0,256,1024,128,512,200,372.193,396.032,364.448,-0.3249
mixed,16,3,0.1875,4.0,256,1024,256,1024,400,384.096,399.715,386.657,0.164
mixed,16,3,0.1875,4.0,256,1024,512,2048,800,415.584,446.243,436.257,0.6743
mixed,16,3,0.1875,4.0,256,1024,1024,4096,1600,422.752,421.09,512.001,
mixed,16,3,0.1875,4.0,256,1024,2048,8192,3200,483.01,574.98,664.384,1.9721
mixed,16,3,0.1875,4.0,256,1024,4096,16384,6400,508.574,886.915,880.992,0.9843
mixed,16,3,0.1875,4.0,256,2048,128,512,200,407.331,434.11,400.16,-0.2678
mixed,16,3,0.1875,4.0,256,2048,256,1024,400,421.152,476.964,415.615,-0.0992
mixed,16,3,0.1875,4.0,256,2048,512,2048,800,454.593,479.683,466.464,0.4731
mixed,16,3,0.1875,4.0,256,2048,1024,4096,1600,460.959,557.824,547.778,0.8963
mixed,16,3,0.1875,4.0,256,2048,2048,8192,3200,526.241,577.444,706.079,3.5123
mixed,16,3,0.1875,4.0,256,2048,4096,16384,6400,644.0,892.45,1008.896,1.4687
mixed,16,3,0.1875,4.0,256,4096,128,512,200,472.801,494.658,473.276,0.0217
mixed,16,3,0.1875,4.0,256,4096,256,1024,400,472.903,553.505,472.735,-0.0021
mixed,16,3,0.1875,4.0,256,4096,512,2048,800,540.96,633.151,514.945,-0.2822
mixed,16,3,0.1875,4.0,256,4096,1024,4096,1600,596.802,633.885,622.848,0.7024
mixed,16,3,0.1875,4.0,256,4096,2048,8192,3200,605.571,793.54,783.301,0.9455
mixed,16,3,0.1875,4.0,256,4096,4096,16384,6400,726.593,893.121,1091.517,2.1914
mixed,16,3,0.1875,4.0,256,8192,128,512,200,631.137,629.311,630.688,
mixed,16,3,0.1875,4.0,256,8192,256,1024,400,630.818,654.624,631.296,0.0201
mixed,16,3,0.1875,4.0,256,8192,512,2048,800,631.68,785.443,630.879,-0.0052
mixed,16,3,0.1875,4.0,256,8192,1024,4096,1600,754.051,938.274,712.39,-0.2261
mixed,16,3,0.1875,4.0,256,8192,2048,8192,3200,871.231,950.113,930.114,0.7465
mixed,16,3,0.1875,4.0,256,8192,4096,16384,6400,877.794,1262.689,1242.849,0.9485
mixed,16,3,0.1875,4.0,512,0,128,512,200,389.598,386.623,386.433,
mixed,16,3,0.1875,4.0,512,0,256,1024,400,387.33,425.791,423.17,0.9319
mixed,16,3,0.1875,4.0,512,0,512,2048,800,410.814,506.595,500.386,0.9352
mixed,16,3,0.1875,4.0,512,0,1024,4096,1600,470.304,664.072,655.58,0.9562
mixed,16,3,0.1875,4.0,512,0,2048,8192,3200,597.504,975.78,964.16,0.9693
mixed,16,3,0.1875,4.0,512,0,4096,16384,6400,839.487,1579.552,1573.798,0.9922
mixed,16,3,0.1875,4.0,512,512,128,512,200,425.376,445.438,425.378,0.0001
mixed,16,3,0.1875,4.0,512,512,256,1024,400,435.488,485.44,425.728,-0.1954
mixed,16,3,0.1875,4.0,512,512,512,2048,800,466.015,563.966,504.579,0.3937
mixed,16,3,0.1875,4.0,512,512,1024,4096,1600,527.937,719.589,656.705,0.6719
mixed,16,3,0.1875,4.0,512,512,2048,8192,3200,652.769,1028.447,960.128,0.8181
mixed,16,3,0.1875,4.0,512,512,4096,16384,6400,892.161,1640.516,1571.906,0.9083
mixed,16,3,0.1875,4.0,512,1024,128,512,200,462.111,484.32,461.987,-0.0056
mixed,16,3,0.1875,4.0,512,1024,256,1024,400,473.698,523.135,465.026,-0.1754
mixed,16,3,0.1875,4.0,512,1024,512,2048,800,505.569,604.896,500.772,-0.0483
mixed,16,3,0.1875,4.0,512,1024,1024,4096,1600,570.273,759.713,657.891,0.4625
mixed,16,3,0.1875,4.0,512,1024,2048,8192,3200,696.287,1066.949,965.758,0.727
mixed,16,3,0.1875,4.0,512,1024,4096,16384,6400,934.945,1690.977,1569.251,0.839
mixed,16,3,0.1875,4.0,512,2048,128,512,200,538.623,553.027,541.211,0.1797
mixed,16,3,0.1875,4.0,512,2048,256,1024,400,538.752,601.347,541.217,0.0394
mixed,16,3,0.1875,4.0,512,2048,512,2048,800,582.148,681.888,563.104,-0.1909
mixed,16,3,0.1875,4.0,512,2048,1024,4096,1600,645.695,835.203,660.672,0.079
mixed,16,3,0.1875,4.0,512,2048,2048,8192,3200,768.995,1145.218,964.448,0.5195
mixed,16,3,0.1875,4.0,512,2048,4096,16384,6400,1007.97,1756.679,1578.593,0.7621
mixed,16,3,0.1875,4.0,512,4096,128,512,200,698.301,702.271,699.011,0.1788
mixed,16,3,0.1875,4.0,512,4096,256,1024,400,700.896,716.961,697.788,-0.1935
mixed,16,3,0.1875,4.0,512,4096,512,2048,800,701.572,836.737,702.719,0.0085
mixed,16,3,0.1875,4.0,512,4096,1024,4096,1600,806.498,993.662,763.139,-0.2317
mixed,16,3,0.1875,4.0,512,4096,2048,8192,3200,930.623,1301.377,975.617,0.1214
mixed,16,3,0.1875,4.0,512,4096,4096,16384,6400,1170.432,1918.756,1583.171,0.5516
mixed,16,3,0.1875,4.0,512,8192,128,512,200,1003.872,1000.577,1008.832,
mixed,16,3,0.1875,4.0,512,8192,256,1024,400,1002.435,1001.987,1000.32,
mixed,16,3,0.1875,4.0,512,8192,512,2048,800,1005.477,1020.352,998.979,-0.4368
mixed,16,3,0.1875,4.0,512,8192,1024,4096,1600,996.671,1293.411,1003.651,0.0235
mixed,16,3,0.1875,4.0,512,8192,2048,8192,3200,1223.072,1602.083,1144.928,-0.2062
mixed,16,3,0.1875,4.0,512,8192,4096,16384,6400,1467.299,2213.155,1582.468,0.1544
mixed,16,3,0.1875,4.0,1024,0,128,512,200,607.934,611.905,590.761,-4.3246
mixed,16,3,0.1875,4.0,1024,0,256,1024,400,610.466,624.03,606.558,-0.2881
mixed,16,3,0.1875,4.0,1024,0,512,2048,800,620.807,639.676,620.224,-0.0309
mixed,16,3,0.1875,4.0,1024,0,1024,4096,1600,633.952,691.398,635.551,0.0278
mixed,16,3,0.1875,4.0,1024,0,2048,8192,3200,672.514,760.834,678.977,0.0732
mixed,16,3,0.1875,4.0,1024,0,4096,16384,6400,736.545,900.833,742.147,0.0341
mixed,16,3,0.1875,4.0,1024,512,128,512,200,705.793,716.422,698.72,-0.6654
mixed,16,3,0.1875,4.0,1024,512,256,1024,400,712.74,727.013,708.992,-0.2626
mixed,16,3,0.1875,4.0,1024,512,512,2048,800,729.599,751.97,729.374,-0.0101
mixed,16,3,0.1875,4.0,1024,512,1024,4096,1600,745.152,780.643,738.176,-0.1966
mixed,16,3,0.1875,4.0,1024,512,2048,8192,3200,780.453,873.278,786.752,0.0679
mixed,16,3,0.1875,4.0,1024,512,4096,16384,6400,833.888,1008.251,842.016,0.0466
mixed,16,3,0.1875,4.0,1024,1024,128,512,200,744.098,763.299,741.536,-0.1334
mixed,16,3,0.1875,4.0,1024,1024,256,1024,400,756.832,776.837,752.766,-0.2032
mixed,16,3,0.1875,4.0,1024,1024,512,2048,800,769.725,795.33,774.693,0.194
mixed,16,3,0.1875,4.0,1024,1024,1024,4096,1600,798.851,844.801,784.187,-0.3191
mixed,16,3,0.1875,4.0,1024,1024,2048,8192,3200,821.411,910.27,828.412,0.0788
mixed,16,3,0.1875,4.0,1024,1024,4096,16384,6400,889.794,1046.308,887.617,-0.0139
mixed,16,3,0.1875,4.0,1024,2048,128,512,200,821.44,834.885,835.554,1.0498
mixed,16,3,0.1875,4.0,1024,2048,256,1024,400,838.628,854.373,849.92,0.7172
mixed,16,3,0.1875,4.0,1024,2048,512,2048,800,842.942,879.33,846.369,0.0942
mixed,16,3,0.1875,4.0,1024,2048,1024,4096,1600,877.603,920.07,875.939,-0.0392
mixed,16,3,0.1875,4.0,1024,2048,2048,8192,3200,899.137,993.445,904.669,0.0587
mixed,16,3,0.1875,4.0,1024,2048,4096,16384,6400,963.998,1134.496,970.559,0.0385
mixed,16,3,0.1875,4.0,1024,4096,128,512,200,994.375,996.353,988.127,-3.1587
mixed,16,3,0.1875,4.0,1024,4096,256,1024,400,1014.56,1015.4,1011.968,-3.0857
mixed,16,3,0.1875,4.0,1024,4096,512,2048,800,1015.259,1034.882,1017.282,0.1031
mixed,16,3,0.1875,4.0,1024,4096,1024,4096,1600,1037.091,1078.308,1019.969,-0.4154
mixed,16,3,0.1875,4.0,1024,4096,2048,8192,3200,1069.021,1145.66,1068.447,-0.0075
mixed,16,3,0.1875,4.0,1024,4096,4096,16384,6400,1116.705,1290.469,1118.021,0.0076
mixed,16,3,0.1875,4.0,1024,8192,128,512,200,1322.09,1327.398,1313.348,-1.6469
mixed,16,3,0.1875,4.0,1024,8192,256,1024,400,1323.75,1345.375,1336.101,0.5711
mixed,16,3,0.1875,4.0,1024,8192,512,2048,800,1337.762,1356.35,1336.574,-0.0639
mixed,16,3,0.1875,4.0,1024,8192,1024,4096,1600,1355.84,1403.943,1353.381,-0.0511
mixed,16,3,0.1875,4.0,1024,8192,2048,8192,3200,1384.356,1488.961,1390.95,0.063
mixed,16,3,0.1875,4.0,1024,8192,4096,16384,6400,1429.189,1613.284,1448.136,0.1029
mixed,16,3,0.1875,4.0,2048,0,128,512,200,914.786,929.218,926.211,0.7916
mixed,16,3,0.1875,4.0,2048,0,256,1024,400,932.675,948.258,937.985,0.3408
mixed,16,3,0.1875,4.0,2048,0,512,2048,800,944.163,966.786,948.732,0.202
mixed,16,3,0.1875,4.0,2048,0,1024,4096,1600,958.498,1022.142,964.77,0.0985
mixed,16,3,0.1875,4.0,2048,0,2048,8192,3200,992.704,1090.527,996.226,0.036
mixed,16,3,0.1875,4.0,2048,0,4096,16384,6400,1052.385,1229.504,1061.091,0.0492
mixed,16,3,0.1875,4.0,2048,512,128,512,200,1069.407,1078.783,1063.621,-0.6171
mixed,16,3,0.1875,4.0,2048,512,256,1024,400,1080.162,1095.077,1081.634,0.0987
mixed,16,3,0.1875,4.0,2048,512,512,2048,800,1092.678,1112.804,1091.33,-0.067
mixed,16,3,0.1875,4.0,2048,512,1024,4096,1600,1108.802,1153.604,1106.975,-0.0408
mixed,16,3,0.1875,4.0,2048,512,2048,8192,3200,1136.035,1236.066,1149.469,0.1343
mixed,16,3,0.1875,4.0,2048,512,4096,16384,6400,1202.273,1383.459,1214.403,0.0669
mixed,16,3,0.1875,4.0,2048,1024,128,512,200,1131.843,1137.603,1124.449,-1.2837
mixed,16,3,0.1875,4.0,2048,1024,256,1024,400,1136.544,1158.015,1140.386,0.1789
mixed,16,3,0.1875,4.0,2048,1024,512,2048,800,1149.286,1177.988,1154.237,0.1725
mixed,16,3,0.1875,4.0,2048,1024,1024,4096,1600,1165.565,1225.44,1168.676,0.052
mixed,16,3,0.1875,4.0,2048,1024,2048,8192,3200,1188.833,1288.004,1202.108,0.1339
mixed,16,3,0.1875,4.0,2048,1024,4096,16384,6400,1254.527,1430.688,1259.491,0.0282
mixed,16,3,0.1875,4.0,2048,2048,128,512,200,1241.796,1248.805,1242.146,0.0499
mixed,16,3,0.1875,4.0,2048,2048,256,1024,400,1242.69,1255.522,1245.602,0.2269
mixed,16,3,0.1875,4.0,2048,2048,512,2048,800,1257.251,1285.889,1262.848,0.1954
mixed,16,3,0.1875,4.0,2048,2048,1024,4096,1600,1273.219,1338.879,1277.281,0.0619
mixed,16,3,0.1875,4.0,2048,2048,2048,8192,3200,1311.488,1401.987,1319.655,0.0902
mixed,16,3,0.1875,4.0,2048,2048,4096,16384,6400,1367.805,1552.742,1377.441,0.0521
mixed,16,3,0.1875,4.0,2048,4096,128,512,200,1495.264,1499.972,1485.282,-2.1202
mixed,16,3,0.1875,4.0,2048,4096,256,1024,400,1505.443,1512.226,1494.53,-1.6089
mixed,16,3,0.1875,4.0,2048,4096,512,2048,800,1511.842,1527.648,1512.901,0.067
mixed,16,3,0.1875,4.0,2048,4096,1024,4096,1600,1521.987,1580.127,1526.211,0.0727
mixed,16,3,0.1875,4.0,2048,4096,2048,8192,3200,1563.362,1640.8,1558.851,-0.0583
mixed,16,3,0.1875,4.0,2048,4096,4096,16384,6400,1619.14,1784.035,1622.049,0.0176
mixed,16,3,0.1875,4.0,2048,8192,128,512,200,1945.506,1969.35,1963.169,0.7408
mixed,16,3,0.1875,4.0,2048,8192,256,1024,400,1963.236,1974.625,1966.884,0.3203
mixed,16,3,0.1875,4.0,2048,8192,512,2048,800,1972.067,2006.372,1971.399,-0.0195
mixed,16,3,0.1875,4.0,2048,8192,1024,4096,1600,1981.988,2039.231,1982.821,0.0146
mixed,16,3,0.1875,4.0,2048,8192,2048,8192,3200,2006.755,2104.514,2020.45,0.1401
mixed,16,3,0.1875,4.0,2048,8192,4096,16384,6400,2071.683,2248.642,2083.08,0.0644
pure,16,4,0.25,4.0,0,0,128,512,224,187.841,205.153,199.201,0.6562
pure,16,4,0.25,4.0,0,0,256,1024,448,201.984,212.351,202.015,0.003
pure,16,4,0.25,4.0,0,0,512,2048,896,213.025,232.77,219.71,0.3386
pure,16,4,0.25,4.0,0,0,1024,4096,1792,232.32,273.983,231.462,-0.0206
pure,16,4,0.25,4.0,0,0,2048,8192,3584,263.04,343.007,268.03,0.0624
pure,16,4,0.25,4.0,0,0,4096,16384,7168,328.864,489.86,337.088,0.0511
mixed,16,4,0.25,4.0,16,0,128,512,224,210.818,223.363,217.084,0.4995
mixed,16,4,0.25,4.0,16,0,256,1024,448,224.86,234.24,222.686,-0.2318
mixed,16,4,0.25,4.0,16,0,512,2048,896,232.225,250.621,231.554,-0.0365
mixed,16,4,0.25,4.0,16,0,1024,4096,1792,248.382,292.995,252.675,0.0962
mixed,16,4,0.25,4.0,16,0,2048,8192,3584,284.481,363.743,283.776,-0.0089
mixed,16,4,0.25,4.0,16,0,4096,16384,7168,348.607,510.175,357.025,0.0521
mixed,16,4,0.25,4.0,16,512,128,512,224,231.489,233.729,230.081,-0.6286
mixed,16,4,0.25,4.0,16,512,256,1024,448,234.463,242.815,233.983,-0.0575
mixed,16,4,0.25,4.0,16,512,512,2048,896,240.162,252.127,245.122,0.4145
mixed,16,4,0.25,4.0,16,512,1024,4096,1792,250.211,290.972,252.451,0.055
mixed,16,4,0.25,4.0,16,512,2048,8192,3584,315.042,363.872,319.873,0.0989
mixed,16,4,0.25,4.0,16,512,4096,16384,7168,344.577,507.68,352.995,0.0516
mixed,16,4,0.25,4.0,16,1024,128,512,224,237.792,241.727,238.179,0.0983
mixed,16,4,0.25,4.0,16,1024,256,1024,448,244.097,245.857,240.833,-1.8545
mixed,16,4,0.25,4.0,16,1024,512,2048,896,244.897,257.565,246.272,0.1085
mixed,16,4,0.25,4.0,16,1024,1024,4096,1792,248.866,294.177,253.567,0.1037
mixed,16,4,0.25,4.0,16,1024,2048,8192,3584,283.457,363.999,287.742,0.0532
mixed,16,4,0.25,4.0,16,1024,4096,16384,7168,412.159,505.312,391.36,-0.2233
mixed,16,4,0.25,4.0,16,2048,128,512,224,248.542,252.065,251.138,0.7369
mixed,16,4,0.25,4.0,16,2048,256,1024,448,248.131,248.29,246.239,-11.8994
mixed,16,4,0.25,4.0,16,2048,512,2048,896,249.152,260.42,248.547,-0.0537
mixed,16,4,0.25,4.0,16,2048,1024,4096,1792,256.447,297.407,255.423,-0.025
mixed,16,4,0.25,4.0,16,2048,2048,8192,3584,285.472,374.334,285.219,-0.0028
mixed,16,4,0.25,4.0,16,2048,4096,16384,7168,353.662,508.193,356.93,0.0211
mixed,16,4,0.25,4.0,16,4096,128,512,224,265.629,252.764,262.432,
mixed,16,4,0.25,4.0,16,4096,256,1024,448,258.465,258.048,258.081,
mixed,16,4,0.25,4.0,16,4096,512,2048,896,260.13,262.823,258.338,-0.6654
mixed,16,4,0.25,4.0,16,4096,1024,4096,1792,269.374,304.765,263.071,-0.1781
mixed,16,4,0.25,4.0,16,4096,2048,8192,3584,294.815,376.706,291.392,-0.0418
mixed,16,4,0.25,4.0,16,4096,4096,16384,7168,360.132,526.146,365.988,0.0353
mixed,16,4,0.25,4.0,16,8192,128,512,224,279.077,275.39,280.002,
mixed,16,4,0.25,4.0,16,8192,256,1024,448,272.931,273.536,275.201,3.7521
mixed,16,4,0.25,4.0,16,8192,512,2048,896,274.753,283.235,275.486,0.0864
mixed,16,4,0.25,4.0,16,8192,1024,4096,1792,281.222,312.317,286.304,0.1634
mixed,16,4,0.25,4.0,16,8192,2048,8192,3584,298.815,390.912,298.339,-0.0052
mixed,16,4,0.25,4.0,16,8192,4096,16384,7168,376.739,532.771,370.756,-0.0383
mixed,16,4,0.25,4.0,32,0,128,512,224,212.798,226.941,218.017,0.369
mixed,16,4,0.25,4.0,32,0,256,1024,448,226.458,235.2,228.896,0.2789
mixed,16,4,0.25,4.0,32,0,512,2048,896,232.292,257.631,232.385,0.0037
mixed,16,4,0.25,4.0,32,0,1024,4096,1792,259.422,295.486,253.762,-0.1569
mixed,16,4,0.25,4.0,32,0,2048,8192,3584,288.252,375.747,291.426,0.0363
mixed,16,4,0.25,4.0,32,0,4096,16384,7168,356.382,517.185,367.008,0.0661
mixed,16,4,0.25,4.0,32,512,128,512,224,239.966,241.566,241.728,1.1012
mixed,16,4,0.25,4.0,32,512,256,1024,448,241.985,247.233,242.948,0.1835
mixed,16,4,0.25,4.0,32,512,512,2048,896,246.719,259.489,250.43,0.2906
mixed,16,4,0.25,4.0,32,512,1024,4096,1792,254.173,298.206,258.37,0.0953
mixed,16,4,0.25,4.0,32,512,2048,8192,3584,285.823,426.946,287.971,0.0152
mixed,16,4,0.25,4.0,32,512,4096,16384,7168,421.954,567.547,368.804,-0.3651
mixed,16,4,0.25,4.0,32,1024,128,512,224,247.04,246.466,247.711,
mixed,16,4,0.25,4.0,32,1024,256,1024,448,246.016,249.442,245.951,-0.019
mixed,16,4,0.25,4.0,32,1024,512,2048,896,251.104,261.755,250.113,-0.093
mixed,16,4,0.25,4.0,32,1024,1024,4096,1792,254.72,302.625,266.275,0.2412
mixed,16,4,0.25,4.0,32,1024,2048,8192,3584,288.898,375.646,291.362,0.0284
mixed,16,4,0.25,4.0,32,1024,4096,16384,7168,356.767,595.487,361.697,0.0207
mixed,16,4,0.25,4.0,32,2048,128,512,224,261.793,255.517,261.314,
mixed,16,4,0.25,4.0,32,2048,256,1024,448,258.211,255.999,258.017,
mixed,16,4,0.25,4.0,32,2048,512,2048,896,260.064,264.254,260.417,0.0842
mixed,16,4,0.25,4.0,32,2048,1024,4096,1792,265.727,304.099,264.927,-0.0208
mixed,16,4,0.25,4.0,32,2048,2048,8192,3584,298.142,383.33,300.738,0.0305
mixed,16,4,0.25,4.0,32,2048,4096,16384,7168,363.358,528.224,369.665,0.0383
mixed,16,4,0.25,4.0,32,4096,128,512,224,277.634,273.405,273.535,
mixed,16,4,0.25,4.0,32,4096,256,1024,448,272.704,275.073,271.904,-0.3377
mixed,16,4,0.25,4.0,32,4096,512,2048,896,276.704,283.234,274.754,-0.2986
mixed,16,4,0.25,4.0,32,4096,1024,4096,1792,283.391,306.435,282.529,-0.0374
mixed,16,4,0.25,4.0,32,4096,2048,8192,3584,300.387,387.648,298.37,-0.0231
mixed,16,4,0.25,4.0,32,4096,4096,16384,7168,370.69,532.097,374.278,0.0222
mixed,16,4,0.25,4.0,32,8192,128,512,224,297.403,297.376,296.677,
mixed,16,4,0.25,4.0,32,8192,256,1024,448,296.322,300.481,297.473,0.2767
mixed,16,4,0.25,4.0,32,8192,512,2048,896,297.789,307.809,299.043,0.1251
mixed,16,4,0.25,4.0,32,8192,1024,4096,1792,305.055,325.987,306.4,0.0643
mixed,16,4,0.25,4.0,32,8192,2048,8192,3584,325.374,407.295,315.808,-0.1168
mixed,16,4,0.25,4.0,32,8192,4096,16384,7168,380.765,544.129,382.435,0.0102
mixed,16,4,0.25,4.0,64,0,128,512,224,217.569,230.112,223.903,0.505
mixed,16,4,0.25,4.0,64,0,256,1024,448,234.241,241.254,232.448,-0.2557
mixed,16,4,0.25,4.0,64,0,512,2048,896,236.096,264.928,240.606,0.1564
mixed,16,4,0.25,4.0,64,0,1024,4096,1792,255.711,302.944,267.455,0.2486
mixed,16,4,0.25,4.0,64,0,2048,8192,3584,293.984,379.421,315.906,0.2566
mixed,16,4,0.25,4.0,64,0,4096,16384,7168,360.8,521.152,408.449,0.2972
mixed,16,4,0.25,4.0,64,512,128,512,224,255.487,255.069,254.144,
mixed,16,4,0.25,4.0,64,512,256,1024,448,255.394,248.352,253.821,
mixed,16,4,0.25,4.0,64,512,512,2048,896,248.992,267.902,248.992,0.0
mixed,16,4,0.25,4.0,64,512,1024,4096,1792,260.993,301.859,273.119,0.2967
mixed,16,4,0.25,4.0,64,512,2048,8192,3584,289.986,379.712,311.265,0.2372
mixed,16,4,0.25,4.0,64,512,4096,16384,7168,357.696,559.969,396.642,0.1925
mixed,16,4,0.25,4.0,64,1024,128,512,224,265.727,262.271,261.822,
mixed,16,4,0.25,4.0,64,1024,256,1024,448,263.073,264.002,261.76,-1.4133
mixed,16,4,0.25,4.0,64,1024,512,2048,896,265.823,268.415,264.097,-0.6659
mixed,16,4,0.25,4.0,64,1024,1024,4096,1792,265.087,312.32,273.438,0.1768
mixed,16,4,0.25,4.0,64,1024,2048,8192,3584,306.208,380.127,316.768,0.1429
mixed,16,4,0.25,4.0,64,1024,4096,16384,7168,360.318,534.433,400.96,0.2334
mixed,16,4,0.25,4.0,64,2048,128,512,224,275.426,275.266,274.497,
mixed,16,4,0.25,4.0,64,2048,256,1024,448,275.552,276.61,278.719,2.9934
mixed,16,4,0.25,4.0,64,2048,512,2048,896,276.316,283.714,275.267,-0.1418
mixed,16,4,0.25,4.0,64,2048,1024,4096,1792,283.776,314.113,283.005,-0.0254
mixed,16,4,0.25,4.0,64,2048,2048,8192,3584,305.951,393.823,320.096,0.161
mixed,16,4,0.25,4.0,64,2048,4096,16384,7168,373.696,534.466,409.825,0.2247
mixed,16,4,0.25,4.0,64,4096,128,512,224,299.488,297.794,299.295,
mixed,16,4,0.25,4.0,64,4096,256,1024,448,297.699,301.727,296.796,-0.2242
mixed,16,4,0.25,4.0,64,4096,512,2048,896,300.541,309.218,300.734,0.0222
mixed,16,4,0.25,4.0,64,4096,1024,4096,1792,311.106,323.358,309.091,-0.1645
mixed,16,4,0.25,4.0,64,4096,2048,8192,3584,330.781,403.427,320.989,-0.1348
mixed,16,4,0.25,4.0,64,4096,4096,16384,7168,381.727,545.12,418.369,0.2243
mixed,16,4,0.25,4.0,64,8192,128,512,224,332.353,341.63,337.661,0.5722
mixed,16,4,0.25,4.0,64,8192,256,1024,448,341.888,343.265,342.335,0.3246
mixed,16,4,0.25,4.0,64,8192,512,2048,896,340.769,355.553,343.005,0.1512
mixed,16,4,0.25,4.0,64,8192,1024,4096,1792,355.582,372.543,353.022,-0.1509
mixed,16,4,0.25,4.0,64,8192,2048,8192,3584,438.244,402.657,412.098,
mixed,16,4,0.25,4.0,64,8192,4096,16384,7168,408.802,558.37,397.761,-0.0738
mixed,16,4,0.25,4.0,128,0,128,512,224,241.823,259.489,253.856,0.6811
mixed,16,4,0.25,4.0,128,0,256,1024,448,259.553,270.113,267.776,0.7787
mixed,16,4,0.25,4.0,128,0,512,2048,896,264.893,293.63,286.303,0.745
mixed,16,4,0.25,4.0,128,0,1024,4096,1792,288.671,338.593,326.945,0.7667
mixed,16,4,0.25,4.0,128,0,2048,8192,3584,328.003,432.833,408.286,0.7658
mixed,16,4,0.25,4.0,128,0,4096,16384,7168,409.761,621.824,567.359,0.7432
mixed,16,4,0.25,4.0,128,512,128,512,224,292.641,306.18,291.649,-0.0733
mixed,16,4,0.25,4.0,128,512,256,1024,448,295.071,297.441,303.969,3.7544
mixed,16,4,0.25,4.0,128,512,512,2048,896,300.418,311.231,297.279,-0.2903
mixed,16,4,0.25,4.0,128,512,1024,4096,1792,305.442,333.28,339.488,1.223
mixed,16,4,0.25,4.0,128,512,2048,8192,3584,324.355,416.194,403.329,0.8599
mixed,16,4,0.25,4.0,128,512,4096,16384,7168,398.112,578.465,565.25,0.9267
mixed,16,4,0.25,4.0,128,1024,128,512,224,311.364,310.05,310.05,
mixed,16,4,0.25,4.0,128,1024,256,1024,448,308.865,335.745,312.033,0.1179
mixed,16,4,0.25,4.0,128,1024,512,2048,896,328.193,310.974,321.182,
mixed,16,4,0.25,4.0,128,1024,1024,4096,1792,319.395,364.19,338.72,0.4314
mixed,16,4,0.25,4.0,128,1024,2048,8192,3584,350.848,419.038,418.974,0.9991
mixed,16,4,0.25,4.0,128,1024,4096,16384,7168,393.919,583.681,563.261,0.8924
mixed,16,4,0.25,4.0,128,2048,128,512,224,327.711,353.727,323.073,-0.1783
mixed,16,4,0.25,4.0,128,2048,256,1024,448,348.285,329.246,353.953,
mixed,16,4,0.25,4.0,128,2048,512,2048,896,328.832,387.555,327.491,-0.0228
mixed,16,4,0.25,4.0,128,2048,1024,4096,1792,372.771,351.14,361.827,
mixed,16,4,0.25,4.0,128,2048,2048,8192,3584,358.24,460.414,418.051,0.5854
mixed,16,4,0.25,4.0,128,2048,4096,16384,7168,434.913,581.728,585.344,1.0246
mixed,16,4,0.25,4.0,128,4096,128,512,224,365.92,391.102,361.024,-0.1944
mixed,16,4,0.25,4.0,128,4096,256,1024,448,386.524,431.259,374.142,-0.2768
mixed,16,4,0.25,4.0,128,4096,512,2048,896,421.443,387.582,432.097,
mixed,16,4,0.25,4.0,128,4096,1024,4096,1792,389.283,500.254,385.95,-0.03
mixed,16,4,0.25,4.0,128,4096,2048,8192,3584,467.423,457.821,443.452,
mixed,16,4,0.25,4.0,128,4096,4096,16384,7168,436.32,639.809,572.163,0.6676
mixed,16,4,0.25,4.0,128,8192,128,512,224,446.078,469.118,444.227,-0.0803
mixed,16,4,0.25,4.0,128,8192,256,1024,448,446.368,511.139,449.447,0.0475
mixed,16,4,0.25,4.0,128,8192,512,2048,896,501.314,594.048,472.065,-0.3154
mixed,16,4,0.25,4.0,128,8192,1024,4096,1792,570.561,489.698,594.112,
mixed,16,4,0.25,4.0,128,8192,2048,8192,3584,577.664,704.228,639.842,0.4913
mixed,16,4,0.25,4.0,128,8192,4096,16384,7168,653.634,644.416,608.449,
mixed,16,4,0.25,4.0,256,0,128,512,224,262.593,282.05,308.927,2.3814
mixed,16,4,0.25,4.0,256,0,256,1024,448,280.67,304.833,298.337,0.7312
mixed,16,4,0.25,4.0,256,0,512,2048,896,295.97,344.544,339.261,0.8912
mixed,16,4,0.25,4.0,256,0,1024,4096,1792,334.784,422.047,412.192,0.8871
mixed,16,4,0.25,4.0,256,0,2048,8192,3584,399.745,573.793,567.552,0.9641
mixed,16,4,0.25,4.0,256,0,4096,16384,7168,539.008,885.501,879.773,0.9835
mixed,16,4,0.25,4.0,256,512,128,512,224,351.264,368.673,355.55,0.2462
mixed,16,4,0.25,4.0,256,512,256,1024,448,370.529,383.168,385.214,1.1619
mixed,16,4,0.25,4.0,256,512,512,2048,896,381.985,423.456,411.108,0.7022
mixed,16,4,0.25,4.0,256,512,1024,4096,1792,411.684,420.513,487.589,8.5972
mixed,16,4,0.25,4.0,256,512,2048,8192,3584,399.713,576.8,570.531,0.9646
mixed,16,4,0.25,4.0,256,512,4096,16384,7168,538.144,885.953,880.575,0.9845
mixed,16,4,0.25,4.0,256,1024,128,512,224,370.751,396.607,370.658,-0.0036
mixed,16,4,0.25,4.0,256,1024,256,1024,448,390.847,406.43,396.931,0.3904
mixed,16,4,0.25,4.0,256,1024,512,2048,896,399.363,442.367,432.835,0.7783
mixed,16,4,0.25,4.0,256,1024,1024,4096,1792,434.366,417.726,507.038,
mixed,16,4,0.25,4.0,256,1024,2048,8192,3584,506.238,577.058,664.481,2.2344
mixed,16,4,0.25,4.0,256,1024,4096,16384,7168,537.535,888.004,881.122,0.9804
mixed,16,4,0.25,4.0,256,2048,128,512,224,407.167,433.503,405.152,-0.0765
mixed,16,4,0.25,4.0,256,2048,256,1024,448,428.389,476.485,418.147,-0.2129
mixed,16,4,0.25,4.0,256,2048,512,2048,896,462.561,481.312,473.76,0.5972
mixed,16,4,0.25,4.0,256,2048,1024,4096,1792,476.543,561.284,545.602,0.8149
mixed,16,4,0.25,4.0,256,2048,2048,8192,3584,541.889,581.921,705.312,4.0823
mixed,16,4,0.25,4.0,256,2048,4096,16384,7168,676.703,893.953,1014.492,1.5548
mixed,16,4,0.25,4.0,256,4096,128,512,224,474.947,496.385,475.33,0.0179
mixed,16,4,0.25,4.0,256,4096,256,1024,448,473.569,553.153,476.319,0.0346
mixed,16,4,0.25,4.0,256,4096,512,2048,896,542.657,640.862,517.696,-0.2542
mixed,16,4,0.25,4.0,256,4096,1024,4096,1792,613.762,640.864,634.532,0.7664
mixed,16,4,0.25,4.0,256,4096,2048,8192,3584,622.976,795.295,787.01,0.9519
mixed,16,4,0.25,4.0,256,4096,4096,16384,7168,754.658,898.783,1093.506,2.3511
mixed,16,4,0.25,4.0,256,8192,128,512,224,636.16,632.132,635.615,
mixed,16,4,0.25,4.0,256,8192,256,1024,448,634.113,661.536,631.841,-0.0829
mixed,16,4,0.25,4.0,256,8192,512,2048,896,635.873,790.336,634.724,-0.0074
mixed,16,4,0.25,4.0,256,8192,1024,4096,1792,770.016,943.938,712.959,-0.3281
mixed,16,4,0.25,4.0,256,8192,2048,8192,3584,903.009,959.713,941.443,0.6778
mixed,16,4,0.25,4.0,256,8192,4096,16384,7168,913.572,1263.139,1249.76,0.9617
mixed,16,4,0.25,4.0,512,0,128,512,224,387.774,390.43,388.448,0.2538
mixed,16,4,0.25,4.0,512,0,256,1024,448,384.48,428.452,423.138,0.8792
mixed,16,4,0.25,4.0,512,0,512,2048,896,415.613,506.684,501.534,0.9435
mixed,16,4,0.25,4.0,512,0,1024,4096,1792,486.496,662.368,654.177,0.9534
mixed,16,4,0.25,4.0,512,0,2048,8192,3584,625.695,979.62,961.666,0.9493
mixed,16,4,0.25,4.0,512,0,4096,16384,7168,899.169,1595.358,1571.905,0.9663
mixed,16,4,0.25,4.0,512,512,128,512,224,425.729,445.248,427.521,0.0918
mixed,16,4,0.25,4.0,512,512,256,1024,448,442.179,482.884,431.136,-0.2713
mixed,16,4,0.25,4.0,512,512,512,2048,896,476.927,566.945,502.753,0.2869
mixed,16,4,0.25,4.0,512,512,1024,4096,1792,546.529,722.176,658.4,0.6369
mixed,16,4,0.25,4.0,512,512,2048,8192,3584,680.736,1028.515,965.443,0.8186
mixed,16,4,0.25,4.0,512,512,4096,16384,7168,949.249,1653.024,1578.405,0.894
mixed,16,4,0.25,4.0,512,1024,128,512,224,465.092,481.695,462.463,-0.1583
mixed,16,4,0.25,4.0,512,1024,256,1024,448,479.265,523.041,466.206,-0.2983
mixed,16,4,0.25,4.0,512,1024,512,2048,896,514.947,605.314,503.842,-0.1229
mixed,16,4,0.25,4.0,512,1024,1024,4096,1792,582.723,759.101,660.762,0.4425
mixed,16,4,0.25,4.0,512,1024,2048,8192,3584,720.131,1072.035,969.026,0.7073
mixed,16,4,0.25,4.0,512,1024,4096,16384,7168,993.952,1688.257,1583.234,0.8487
mixed,16,4,0.25,4.0,512,2048,128,512,224,539.203,550.21,538.562,-0.0582
mixed,16,4,0.25,4.0,512,2048,256,1024,448,538.175,601.409,538.847,0.0106
mixed,16,4,0.25,4.0,512,2048,512,2048,896,590.944,680.894,560.258,-0.3411
mixed,16,4,0.25,4.0,512,2048,1024,4096,1792,660.515,832.515,663.008,0.0145
mixed,16,4,0.25,4.0,512,2048,2048,8192,3584,798.689,1140.321,971.52,0.5059
mixed,16,4,0.25,4.0,512,2048,4096,16384,7168,1064.705,1752.801,1574.243,0.7405
mixed,16,4,0.25,4.0,512,4096,128,512,224,700.353,697.505,697.728,
mixed,16,4,0.25,4.0,512,4096,256,1024,448,702.88,712.802,700.254,-0.2647
mixed,16,4,0.25,4.0,512,4096,512,2048,896,697.409,838.944,700.035,0.0186
mixed,16,4,0.25,4.0,512,4096,1024,4096,1792,824.192,995.075,764.767,-0.3478
mixed,16,4,0.25,4.0,512,4096,2048,8192,3584,962.368,1299.174,983.489,0.0627
mixed,16,4,0.25,4.0,512,4096,4096,16384,7168,1225.986,1909.956,1582.4,0.5211
mixed,16,4,0.25,4.0,512,8192,128,512,224,1006.945,1004.286,1003.103,
mixed,16,4,0.25,4.0,512,8192,256,1024,448,1008.674,1003.359,1007.169,
mixed,16,4,0.25,4.0,512,8192,512,2048,896,1004.575,1024.834,1006.787,0.1092
mixed,16,4,0.25,4.0,512,8192,1024,4096,1792,998.176,1296.994,1000.064,0.0063
mixed,16,4,0.25,4.0,512,8192,2048,8192,3584,1257.055,1609.57,1144.863,-0.3183
mixed,16,4,0.25,4.0,512,8192,4096,16384,7168,1531.582,2209.09,1575.649,0.065
mixed,16,4,0.25,4.0,1024,0,128,512,224,604.925,604.576,594.657,
mixed,16,4,0.25,4.0,1024,0,256,1024,448,609.76,631.782,610.466,0.0321
mixed,16,4,0.25,4.0,1024,0,512,2048,896,619.424,650.019,627.427,0.2616
mixed,16,4,0.25,4.0,1024,0,1024,4096,1792,649.407,699.999,644.545,-0.0961
mixed,16,4,0.25,4.0,1024,0,2048,8192,3584,685.761,775.936,690.113,0.0483
mixed,16,4,0.25,4.0,1024,0,4096,16384,7168,754.402,907.231,753.665,-0.0048
mixed,16,4,0.25,4.0,1024,512,128,512,224,703.55,715.099,699.362,-0.3626
mixed,16,4,0.25,4.0,1024,512,256,1024,448,715.971,729.99,718.621,0.189
mixed,16,4,0.25,4.0,1024,512,512,2048,896,743.457,748.546,735.778,-1.5089
mixed,16,4,0.25,4.0,1024,512,1024,4096,1792,750.208,794.975,744.161,-0.1351
mixed,16,4,0.25,4.0,1024,512,2048,8192,3584,789.024,864.637,787.843,-0.0156
mixed,16,4,0.25,4.0,1024,512,4096,16384,7168,855.04,1009.598,868.069,0.0843
mixed,16,4,0.25,4.0,1024,1024,128,512,224,741.408,753.793,753.373,0.9661
mixed,16,4,0.25,4.0,1024,1024,256,1024,448,756.291,773.062,758.054,0.1051
mixed,16,4,0.25,4.0,1024,1024,512,2048,896,780.926,799.712,767.111,-0.7354
mixed,16,4,0.25,4.0,1024,1024,1024,4096,1792,801.729,841.98,787.684,-0.3489
mixed,16,4,0.25,4.0,1024,1024,2048,8192,3584,835.778,906.876,820.74,-0.2115
mixed,16,4,0.25,4.0,1024,1024,4096,16384,7168,894.113,1050.175,897.281,0.0203
mixed,16,4,0.25,4.0,1024,2048,128,512,224,827.008,841.634,833.316,0.4313
mixed,16,4,0.25,4.0,1024,2048,256,1024,448,841.025,860.512,842.687,0.0853
mixed,16,4,0.25,4.0,1024,2048,512,2048,896,854.696,873.058,861.273,0.3582
mixed,16,4,0.25,4.0,1024,2048,1024,4096,1792,870.435,921.891,880.066,0.1872
mixed,16,4,0.25,4.0,1024,2048,2048,8192,3584,909.376,998.697,916.32,0.0777
mixed,16,4,0.25,4.0,1024,2048,4096,16384,7168,963.005,1127.681,982.625,0.1191
mixed,16,4,0.25,4.0,1024,4096,128,512,224,995.168,1007.905,999.518,0.3415
mixed,16,4,0.25,4.0,1024,4096,256,1024,448,1004.516,1020.128,1003.424,-0.0699
mixed,16,4,0.25,4.0,1024,4096,512,2048,896,1019.744,1037.823,1026.079,0.3504
mixed,16,4,0.25,4.0,1024,4096,1024,4096,1792,1032.256,1083.044,1036.387,0.0813
mixed,16,4,0.25,4.0,1024,4096,2048,8192,3584,1065.958,1149.508,1077.188,0.1344
mixed,16,4,0.25,4.0,1024,4096,4096,16384,7168,1131.355,1305.279,1135.908,0.0262
mixed,16,4,0.25,4.0,1024,8192,128,512,224,1319.234,1329.759,1327.712,0.8055
mixed,16,4,0.25,4.0,1024,8192,256,1024,448,1333.086,1347.363,1330.338,-0.1925
mixed,16,4,0.25,4.0,1024,8192,512,2048,896,1346.951,1360.513,1348.066,0.0822
mixed,16,4,0.25,4.0,1024,8192,1024,4096,1792,1362.815,1407.073,1363.2,0.0087
mixed,16,4,0.25,4.0,1024,8192,2048,8192,3584,1404.419,1489.536,1394.886,-0.112
mixed,16,4,0.25,4.0,1024,8192,4096,16384,7168,1457.125,1624.515,1463.681,0.0392
mixed,16,4,0.25,4.0,2048,0,128,512,224,920.797,935.906,920.769,-0.0019
mixed,16,4,0.25,4.0,2048,0,256,1024,448,935.17,953.441,934.819,-0.0192
mixed,16,4,0.25,4.0,2048,0,512,2048,896,944.226,974.943,952.674,0.275
mixed,16,4,0.25,4.0,2048,0,1024,4096,1792,964.74,1006.304,967.91,0.0763
mixed,16,4,0.25,4.0,2048,0,2048,8192,3584,1008.351,1087.683,1008.449,0.0012
mixed,16,4,0.25,4.0,2048,0,4096,16384,7168,1066.594,1229.89,1075.486,0.0545
mixed,16,4,0.25,4.0,2048,512,128,512,224,1068.642,1078.116,1067.681,-0.1014
mixed,16,4,0.25,4.0,2048,512,256,1024,448,1077.922,1092.16,1085.959,0.5645
mixed,16,4,0.25,4.0,2048,512,512,2048,896,1089.056,1119.488,1096.961,0.2598
mixed,16,4,0.25,4.0,2048,512,1024,4096,1792,1107.808,1153.666,1113.089,0.1152
mixed,16,4,0.25,4.0,2048,512,2048,8192,3584,1149.122,1230.917,1147.519,-0.0196
mixed,16,4,0.25,4.0,2048,512,4096,16384,7168,1219.039,1376.195,1223.681,0.0295
mixed,16,4,0.25,4.0,2048,1024,128,512,224,1126.244,1131.199,1124.518,-0.3483
mixed,16,4,0.25,4.0,2048,1024,256,1024,448,1138.407,1151.905,1138.086,-0.0238
mixed,16,4,0.25,4.0,2048,1024,512,2048,896,1153.956,1169.731,1149.574,-0.2778
mixed,16,4,0.25,4.0,2048,1024,1024,4096,1792,1162.921,1220.128,1168.896,0.1044
mixed,16,4,0.25,4.0,2048,1024,2048,8192,3584,1204.831,1289.827,1201.411,-0.0402
mixed,16,4,0.25,4.0,2048,1024,4096,16384,7168,1266.108,1436.289,1281.443,0.0901
mixed,16,4,0.25,4.0,2048,2048,128,512,224,1231.008,1246.943,1243.168,0.7631
mixed,16,4,0.25,4.0,2048,2048,256,1024,448,1246.593,1262.531,1251.268,0.2933
mixed,16,4,0.25,4.0,2048,2048,512,2048,896,1266.053,1281.056,1264.288,-0.1176
mixed,16,4,0.25,4.0,2048,2048,1024,4096,1792,1283.906,1333.312,1289.346,0.1101
mixed,16,4,0.25,4.0,2048,2048,2048,8192,3584,1319.394,1396.359,1315.651,-0.0486
mixed,16,4,0.25,4.0,2048,2048,4096,16384,7168,1374.827,1541.924,1393.22,0.1101
mixed,16,4,0.25,4.0,2048,4096,128,512,224,1487.137,1497.317,1491.973,0.475
mixed,16,4,0.25,4.0,2048,4096,256,1024,448,1496.223,1502.913,1497.22,0.149
mixed,16,4,0.25,4.0,2048,4096,512,2048,896,1512.741,1525.57,1520.642,0.6159
mixed,16,4,0.25,4.0,2048,4096,1024,4096,1792,1527.037,1584.035,1533.347,0.1107
mixed,16,4,0.25,4.0,2048,4096,2048,8192,3584,1574.566,1651.143,1569.475,-0.0665
mixed,16,4,0.25,4.0,2048,4096,4096,16384,7168,1637.759,1787.104,1638.754,0.0067
mixed,16,4,0.25,4.0,2048,8192,128,512,224,1952.773,1961.796,1944.863,-0.8766
mixed,16,4,0.25,4.0,2048,8192,256,1024,448,1959.039,1983.362,1965.033,0.2464
mixed,16,4,0.25,4.0,2048,8192,512,2048,896,1987.68,1999.269,1977.769,-0.8552
mixed,16,4,0.25,4.0,2048,8192,1024,4096,1792,2001.281,2039.622,1988.362,-0.337
mixed,16,4,0.25,4.0,2048,8192,2048,8192,3584,2028.769,2114.244,2029.28,0.006
mixed,16,4,0.25,4.0,2048,8192,4096,16384,7168,2097.354,2266.046,2102.859,0.0326
pure,16,8,0.5,4.0,0,0,128,512,320,203.522,203.236,198.464,
pure,16,8,0.5,4.0,0,0,256,1024,640,208.575,214.148,211.62,0.5464
pure,16,8,0.5,4.0,0,0,512,2048,1280,222.558,233.44,221.403,-0.1061
pure,16,8,0.5,4.0,0,0,1024,4096,2560,243.105,270.882,245.955,0.1026
pure,16,8,0.5,4.0,0,0,2048,8192,5120,290.592,343.365,295.035,0.0842
pure,16,8,0.5,4.0,0,0,4096,16384,10240,380.899,491.554,388.958,0.0728
mixed,16,8,0.5,4.0,16,0,128,512,320,225.954,223.934,217.477,
mixed,16,8,0.5,4.0,16,0,256,1024,640,229.344,234.946,227.394,-0.3481
mixed,16,8,0.5,4.0,16,0,512,2048,1280,240.193,252.257,240.83,0.0528
mixed,16,8,0.5,4.0,16,0,1024,4096,2560,262.91,291.105,261.186,-0.0611
mixed,16,8,0.5,4.0,16,0,2048,8192,5120,309.345,364.829,312.607,0.0588
mixed,16,8,0.5,4.0,16,0,4096,16384,10240,400.388,507.869,412.131,0.1093
mixed,16,8,0.5,4.0,16,512,128,512,320,231.714,234.819,230.559,-0.372
mixed,16,8,0.5,4.0,16,512,256,1024,640,235.874,241.251,238.647,0.5157
mixed,16,8,0.5,4.0,16,512,512,2048,1280,240.831,257.344,239.519,-0.0795
mixed,16,8,0.5,4.0,16,512,1024,4096,2560,267.105,290.21,264.801,-0.0997
mixed,16,8,0.5,4.0,16,512,2048,8192,5120,313.505,363.615,314.05,0.0109
mixed,16,8,0.5,4.0,16,512,4096,16384,10240,400.894,507.488,408.289,0.0694
mixed,16,8,0.5,4.0,16,1024,128,512,320,240.703,241.148,238.175,-5.6809
mixed,16,8,0.5,4.0,16,1024,256,1024,640,240.035,244.095,241.924,0.4653
mixed,16,8,0.5,4.0,16,1024,512,2048,1280,244.164,256.294,250.465,0.5195
mixed,16,8,0.5,4.0,16,1024,1024,4096,2560,264.067,296.384,265.95,0.0583
mixed,16,8,0.5,4.0,16,1024,2048,8192,5120,316.575,364.32,316.608,0.0007
mixed,16,8,0.5,4.0,16,1024,4096,16384,10240,411.487,508.799,409.09,-0.0246
mixed,16,8,0.5,4.0,16,2048,128,512,320,253.919,253.439,250.563,
mixed,16,8,0.5,4.0,16,2048,256,1024,640,248.705,250.686,249.761,0.5331
mixed,16,8,0.5,4.0,16,2048,512,2048,1280,253.029,259.292,252.736,-0.0468
mixed,16,8,0.5,4.0,16,2048,1024,4096,2560,265.985,298.369,270.434,0.1374
mixed,16,8,0.5,4.0,16,2048,2048,8192,5120,317.058,374.239,319.491,0.0425
mixed,16,8,0.5,4.0,16,2048,4096,16384,10240,411.325,508.257,410.558,-0.0079
mixed,16,8,0.5,4.0,16,4096,128,512,320,265.439,254.976,265.664,
mixed,16,8,0.5,4.0,16,4096,256,1024,640,261.119,262.209,260.255,-0.7927
mixed,16,8,0.5,4.0,16,4096,512,2048,1280,262.846,265.822,260.577,-0.7624
mixed,16,8,0.5,4.0,16,4096,1024,4096,2560,276.481,305.22,277.697,0.0423
mixed,16,8,0.5,4.0,16,4096,2048,8192,5120,320.867,379.138,323.938,0.0527
mixed,16,8,0.5,4.0,16,4096,4096,16384,10240,418.21,529.888,418.686,0.0043
mixed,16,8,0.5,4.0,16,8192,128,512,320,276.482,272.737,273.119,
mixed,16,8,0.5,4.0,16,8192,256,1024,640,276.926,275.393,277.374,
mixed,16,8,0.5,4.0,16,8192,512,2048,1280,275.777,282.883,276.515,0.1039
mixed,16,8,0.5,4.0,16,8192,1024,4096,2560,293.889,313.089,282.785,-0.5783
mixed,16,8,0.5,4.0,16,8192,2048,8192,5120,332.928,388.928,327.872,-0.0903
mixed,16,8,0.5,4.0,16,8192,4096,16384,10240,422.147,532.895,428.066,0.0534
mixed,16,8,0.5,4.0,32,0,128,512,320,227.266,227.839,223.198,-7.0995
mixed,16,8,0.5,4.0,32,0,256,1024,640,227.553,238.049,229.762,0.2105
mixed,16,8,0.5,4.0,32,0,512,2048,1280,242.754,258.843,242.756,0.0001
mixed,16,8,0.5,4.0,32,0,1024,4096,2560,267.517,296.031,272.417,0.1718
mixed,16,8,0.5,4.0,32,0,2048,8192,5120,317.472,372.83,316.897,-0.0104
mixed,16,8,0.5,4.0,32,0,4096,16384,10240,410.684,515.588,413.629,0.0281
mixed,16,8,0.5,4.0,32,512,128,512,320,241.122,244.669,242.368,0.3513
mixed,16,8,0.5,4.0,32,512,256,1024,640,244.035,247.679,244.929,0.2453
mixed,16,8,0.5,4.0,32,512,512,2048,1280,245.89,262.336,244.834,-0.0642
mixed,16,8,0.5,4.0,32,512,1024,4096,2560,268.16,299.49,269.984,0.0582
mixed,16,8,0.5,4.0,32,512,2048,8192,5120,319.295,427.488,322.979,0.0341
mixed,16,8,0.5,4.0,32,512,4096,16384,10240,419.554,573.376,420.286,0.0048
mixed,16,8,0.5,4.0,32,1024,128,512,320,250.335,247.457,250.846,
mixed,16,8,0.5,4.0,32,1024,256,1024,640,248.418,249.602,247.49,-0.7838
mixed,16,8,0.5,4.0,32,1024,512,2048,1280,268.607,262.11,262.816,
mixed,16,8,0.5,4.0,32,1024,1024,4096,2560,271.297,303.902,269.662,-0.0501
mixed,16,8,0.5,4.0,32,1024,2048,8192,5120,323.969,376.83,327.553,0.0678
mixed,16,8,0.5,4.0,32,1024,4096,16384,10240,418.304,602.754,415.554,-0.0149
mixed,16,8,0.5,4.0,32,2048,128,512,320,264.067,258.368,261.535,
mixed,16,8,0.5,4.0,32,2048,256,1024,640,258.911,257.728,259.518,
mixed,16,8,0.5,4.0,32,2048,512,2048,1280,275.489,265.473,262.661,
mixed,16,8,0.5,4.0,32,2048,1024,4096,2560,312.865,305.86,297.502,
mixed,16,8,0.5,4.0,32,2048,2048,8192,5120,382.017,384.092,328.799,-25.6472
mixed,16,8,0.5,4.0,32,2048,4096,16384,10240,418.691,530.627,425.248,0.0586
mixed,16,8,0.5,4.0,32,4096,128,512,320,271.419,273.92,270.943,-0.1903
mixed,16,8,0.5,4.0,32,4096,256,1024,640,276.253,277.696,274.975,-0.8857
mixed,16,8,0.5,4.0,32,4096,512,2048,1280,278.08,285.953,276.224,-0.2357
mixed,16,8,0.5,4.0,32,4096,1024,4096,2560,320.8,307.263,283.519,
mixed,16,8,0.5,4.0,32,4096,2048,8192,5120,393.501,389.218,383.68,
mixed,16,8,0.5,4.0,32,4096,4096,16384,10240,518.943,532.158,430.079,-6.7245
mixed,16,8,0.5,4.0,32,8192,128,512,320,296.83,297.374,297.534,1.2941
mixed,16,8,0.5,4.0,32,8192,256,1024,640,297.922,300.929,299.079,0.3848
mixed,16,8,0.5,4.0,32,8192,512,2048,1280,302.913,308.065,302.208,-0.1368
mixed,16,8,0.5,4.0,32,8192,1024,4096,2560,312.286,326.88,313.921,0.112
mixed,16,8,0.5,4.0,32,8192,2048,8192,5120,404.576,405.471,337.279,-75.1922
mixed,16,8,0.5,4.0,32,8192,4096,16384,10240,545.22,542.657,510.37,
mixed,16,8,0.5,4.0,64,0,128,512,320,229.346,233.92,228.576,-0.1683
mixed,16,8,0.5,4.0,64,0,256,1024,640,235.776,239.999,233.951,-0.4322
mixed,16,8,0.5,4.0,64,0,512,2048,1280,243.139,263.072,247.652,0.2264
mixed,16,8,0.5,4.0,64,0,1024,4096,2560,274.305,305.985,276.099,0.0566
mixed,16,8,0.5,4.0,64,0,2048,8192,5120,325.12,378.561,325.216,0.0018
mixed,16,8,0.5,4.0,64,0,4096,16384,10240,418.017,523.203,416.736,-0.0122
mixed,16,8,0.5,4.0,64,512,128,512,320,256.45,255.682,260.162,
mixed,16,8,0.5,4.0,64,512,256,1024,640,254.977,248.286,256.767,
mixed,16,8,0.5,4.0,64,512,512,2048,1280,276.608,268.832,253.119,
mixed,16,8,0.5,4.0,64,512,1024,4096,2560,279.427,301.953,283.171,0.1662
mixed,16,8,0.5,4.0,64,512,2048,8192,5120,325.536,381.922,324.479,-0.0187
mixed,16,8,0.5,4.0,64,512,4096,16384,10240,422.431,566.72,423.2,0.0053
mixed,16,8,0.5,4.0,64,1024,128,512,320,260.672,264.805,262.306,0.3954
mixed,16,8,0.5,4.0,64,1024,256,1024,640,262.467,264.989,266.558,1.6221
mixed,16,8,0.5,4.0,64,1024,512,2048,1280,264.29,268.798,265.22,0.2063
mixed,16,8,0.5,4.0,64,1024,1024,4096,2560,320.479,313.666,315.711,
mixed,16,8,0.5,4.0,64,1024,2048,8192,5120,334.275,382.59,335.553,0.0265
mixed,16,8,0.5,4.0,64,1024,4096,16384,10240,422.752,533.345,426.144,0.0307
mixed,16,8,0.5,4.0,64,2048,128,512,320,275.842,276.676,277.058,1.458
mixed,16,8,0.5,4.0,64,2048,256,1024,640,277.536,277.537,275.584,-1952.0
mixed,16,8,0.5,4.0,64,2048,512,2048,1280,281.185,283.935,289.822,3.1407
mixed,16,8,0.5,4.0,64,2048,1024,4096,2560,325.793,315.101,326.176,
mixed,16,8,0.5,4.0,64,2048,2048,8192,5120,394.435,394.143,378.722,
mixed,16,8,0.5,4.0,64,2048,4096,16384,10240,499.106,529.921,446.528,-1.7062
mixed,16,8,0.5,4.0,64,4096,128,512,320,299.07,297.993,299.103,
mixed,16,8,0.5,4.0,64,4096,256,1024,640,301.44,299.936,300.64,
mixed,16,8,0.5,4.0,64,4096,512,2048,1280,303.522,312.063,300.513,-0.3523
mixed,16,8,0.5,4.0,64,4096,1024,4096,2560,304.478,323.458,333.216,1.5141
mixed,16,8,0.5,4.0,64,4096,2048,8192,5120,405.6,403.203,415.65,
mixed,16,8,0.5,4.0,64,4096,4096,16384,10240,538.528,542.398,506.402,-8.3013
mixed,16,8,0.5,4.0,64,8192,128,512,320,326.884,343.391,326.434,-0.0273
mixed,16,8,0.5,4.0,64,8192,256,1024,640,341.472,340.446,340.322,
mixed,16,8,0.5,4.0,64,8192,512,2048,1280,350.685,354.944,333.088,-4.1317
mixed,16,8,0.5,4.0,64,8192,1024,4096,2560,352.927,370.656,356.226,0.1861
mixed,16,8,0.5,4.0,64,8192,2048,8192,5120,367.458,403.392,415.265,1.3304
mixed,16,8,0.5,4.0,64,8192,4096,16384,10240,573.631,558.72,591.973,
mixed,16,8,0.5,4.0,128,0,128,512,320,256.801,258.752,254.944,-0.9518
mixed,16,8,0.5,4.0,128,0,256,1024,640,260.002,270.5,268.031,0.7648
mixed,16,8,0.5,4.0,128,0,512,2048,1280,277.664,294.08,289.508,0.7215
mixed,16,8,0.5,4.0,128,0,1024,4096,2560,304.285,339.012,330.172,0.7454
mixed,16,8,0.5,4.0,128,0,2048,8192,5120,360.448,431.999,408.068,0.6655
mixed,16,8,0.5,4.0,128,0,4096,16384,10240,480.004,622.915,571.137,0.6377
mixed,16,8,0.5,4.0,128,512,128,512,320,293.792,304.731,294.014,0.0203
mixed,16,8,0.5,4.0,128,512,256,1024,640,296.767,293.827,295.551,
mixed,16,8,0.5,4.0,128,512,512,2048,1280,288.161,311.17,301.601,0.5841
mixed,16,8,0.5,4.0,128,512,1024,4096,2560,325.538,334.881,344.158,1.9929
mixed,16,8,0.5,4.0,128,512,2048,8192,5120,353.247,413.502,405.155,0.8615
mixed,16,8,0.5,4.0,128,512,4096,16384,10240,458.272,578.528,563.23,0.8728
mixed,16,8,0.5,4.0,128,1024,128,512,320,313.661,310.049,310.528,
mixed,16,8,0.5,4.0,128,1024,256,1024,640,311.074,334.688,309.76,-0.0556
mixed,16,8,0.5,4.0,128,1024,512,2048,1280,342.143,312.447,331.871,
mixed,16,8,0.5,4.0,128,1024,1024,4096,2560,319.651,363.134,342.269,0.5202
mixed,16,8,0.5,4.0,128,1024,2048,8192,5120,386.818,419.393,421.471,1.0638
mixed,16,8,0.5,4.0,128,1024,4096,16384,10240,459.616,581.185,565.409,0.8702
mixed,16,8,0.5,4.0,128,2048,128,512,320,337.279,352.16,352.481,1.0216
mixed,16,8,0.5,4.0,128,2048,256,1024,640,362.976,330.659,354.877,
mixed,16,8,0.5,4.0,128,2048,512,2048,1280,332.16,392.642,332.225,0.0011
mixed,16,8,0.5,4.0,128,2048,1024,4096,2560,406.048,353.79,382.561,
mixed,16,8,0.5,4.0,128,2048,2048,8192,5120,387.424,457.023,420.259,0.4718
mixed,16,8,0.5,4.0,128,2048,4096,16384,10240,500.991,581.729,591.01,1.115
mixed,16,8,0.5,4.0,128,4096,128,512,320,375.39,392.225,361.764,-0.8094
mixed,16,8,0.5,4.0,128,4096,256,1024,640,402.467,431.199,430.975,0.9922
mixed,16,8,0.5,4.0,128,4096,512,2048,1280,450.658,388.003,434.273,
mixed,16,8,0.5,4.0,128,4096,1024,4096,2560,389.537,500.513,387.748,-0.0161
mixed,16,8,0.5,4.0,128,4096,2048,8192,5120,540.928,458.944,487.553,
mixed,16,8,0.5,4.0,128,4096,4096,16384,10240,506.848,640.835,577.409,0.5266
mixed,16,8,0.5,4.0,128,8192,128,512,320,444.097,469.474,444.479,0.0151
mixed,16,8,0.5,4.0,128,8192,256,1024,640,477.823,513.535,449.629,-0.7895
mixed,16,8,0.5,4.0,128,8192,512,2048,1280,529.951,590.913,586.144,0.9218
mixed,16,8,0.5,4.0,128,8192,1024,4096,2560,626.433,490.304,594.692,
mixed,16,8,0.5,4.0,128,8192,2048,8192,5120,491.456,705.44,491.903,0.0021
mixed,16,8,0.5,4.0,128,8192,4096,16384,10240,770.688,644.704,673.282,
mixed,16,8,0.5,4.0,256,0,128,512,320,334.622,282.4,336.223,
mixed,16,8,0.5,4.0,256,0,256,1024,640,289.342,304.864,300.737,0.7341
mixed,16,8,0.5,4.0,256,0,512,2048,1280,316.641,341.217,339.614,0.9348
mixed,16,8,0.5,4.0,256,0,1024,4096,2560,360.638,420.387,413.824,0.8902
mixed,16,8,0.5,4.0,256,0,2048,8192,5120,462.242,574.497,570.143,0.9612
mixed,16,8,0.5,4.0,256,0,4096,16384,10240,663.714,886.433,877.634,0.9605
mixed,16,8,0.5,4.0,256,512,128,512,320,361.533,368.26,359.457,-0.3086
mixed,16,8,0.5,4.0,256,512,256,1024,640,367.296,385.09,378.559,0.633
mixed,16,8,0.5,4.0,256,512,512,2048,1280,392.897,423.649,414.846,0.7137
mixed,16,8,0.5,4.0,256,512,1024,4096,2560,360.673,421.408,413.988,0.8778
mixed,16,8,0.5,4.0,256,512,2048,8192,5120,462.722,579.039,572.193,0.9411
mixed,16,8,0.5,4.0,256,512,4096,16384,10240,668.227,885.506,879.937,0.9744
mixed,16,8,0.5,4.0,256,1024,128,512,320,382.177,397.919,392.447,0.6524
mixed,16,8,0.5,4.0,256,1024,256,1024,640,407.007,403.616,398.625,
mixed,16,8,0.5,4.0,256,1024,512,2048,1280,413.151,441.854,439.903,0.932
mixed,16,8,0.5,4.0,256,1024,1024,4096,2560,462.145,421.249,511.362,
mixed,16,8,0.5,4.0,256,1024,2048,8192,5120,464.673,578.463,573.505,0.9564
mixed,16,8,0.5,4.0,256,1024,4096,16384,10240,664.224,890.626,882.719,0.9651
mixed,16,8,0.5,4.0,256,2048,128,512,320,421.251,437.634,404.323,-1.0333
mixed,16,8,0.5,4.0,256,2048,256,1024,640,444.673,474.846,470.981,0.8719
mixed,16,8,0.5,4.0,256,2048,512,2048,1280,494.912,484.957,478.207,
mixed,16,8,0.5,4.0,256,2048,1024,4096,2560,503.01,560.478,554.464,0.8954
mixed,16,8,0.5,4.0,256,2048,2048,8192,5120,598.819,582.562,708.512,
mixed,16,8,0.5,4.0,256,2048,4096,16384,10240,668.896,892.353,882.976,0.958
mixed,16,8,0.5,4.0,256,4096,128,512,320,474.207,494.461,473.698,-0.0251
mixed,16,8,0.5,4.0,256,4096,256,1024,640,524.477,560.352,494.242,-0.8428
mixed,16,8,0.5,4.0,256,4096,512,2048,1280,574.499,632.994,626.047,0.8812
mixed,16,8,0.5,4.0,256,4096,1024,4096,2560,667.843,638.242,633.76,
mixed,16,8,0.5,4.0,256,4096,2048,8192,5120,679.269,801.86,786.562,0.8752
mixed,16,8,0.5,4.0,256,4096,4096,16384,10240,875.525,895.27,1095.618,11.1468
mixed,16,8,0.5,4.0,256,8192,128,512,320,633.188,631.775,631.969,
mixed,16,8,0.5,4.0,256,8192,256,1024,640,632.322,653.857,629.342,-0.1384
mixed,16,8,0.5,4.0,256,8192,512,2048,1280,735.04,790.848,673.631,-1.1004
mixed,16,8,0.5,4.0,256,8192,1024,4096,2560,829.153,940.832,938.75,0.9814
mixed,16,8,0.5,4.0,256,8192,2048,8192,5120,1020.994,952.992,943.267,
mixed,16,8,0.5,4.0,256,8192,4096,16384,10240,1028.161,1259.424,1257.794,0.993
mixed,16,8,0.5,4.0,512,0,128,512,320,384.383,392.131,391.393,0.9047
mixed,16,8,0.5,4.0,512,0,256,1024,640,400.991,428.159,428.991,1.0306
mixed,16,8,0.5,4.0,512,0,512,2048,1280,445.633,505.473,501.054,0.9262
mixed,16,8,0.5,4.0,512,0,1024,4096,2560,545.026,661.605,655.874,0.9508
mixed,16,8,0.5,4.0,512,0,2048,8192,5120,742.499,978.528,966.626,0.9496
mixed,16,8,0.5,4.0,512,0,4096,16384,10240,1141.988,1595.554,1578.653,0.9627
mixed,16,8,0.5,4.0,512,512,128,512,320,433.283,447.902,447.136,0.9476
mixed,16,8,0.5,4.0,512,512,256,1024,640,456.96,483.713,482.625,0.9593
mixed,16,8,0.5,4.0,512,512,512,2048,1280,505.824,567.81,564.319,0.9437
mixed,16,8,0.5,4.0,512,512,1024,4096,2560,606.114,719.263,715.81,0.9695
mixed,16,8,0.5,4.0,512,512,2048,8192,5120,799.906,1035.268,1024.672,0.955
mixed,16,8,0.5,4.0,512,512,4096,16384,10240,1189.891,1644.645,1637.891,0.9851
mixed,16,8,0.5,4.0,512,1024,128,512,320,468.799,489.346,465.696,-0.151
mixed,16,8,0.5,4.0,512,1024,256,1024,640,494.913,522.4,517.982,0.8393
mixed,16,8,0.5,4.0,512,1024,512,2048,1280,546.432,604.03,599.298,0.9178
mixed,16,8,0.5,4.0,512,1024,1024,4096,2560,640.353,759.68,756.606,0.9742
mixed,16,8,0.5,4.0,512,1024,2048,8192,5120,835.996,1071.972,1066.21,0.9756
mixed,16,8,0.5,4.0,512,1024,4096,16384,10240,1230.306,1683.2,1679.072,0.9909
mixed,16,8,0.5,4.0,512,2048,128,512,320,543.842,553.25,537.185,-0.7076
mixed,16,8,0.5,4.0,512,2048,256,1024,640,569.151,604.897,544.765,-0.6822
mixed,16,8,0.5,4.0,512,2048,512,2048,1280,622.143,681.986,682.591,1.0101
mixed,16,8,0.5,4.0,512,2048,1024,4096,2560,723.585,838.276,835.553,0.9763
mixed,16,8,0.5,4.0,512,2048,2048,8192,5120,915.968,1148.547,1146.719,0.9921
mixed,16,8,0.5,4.0,512,2048,4096,16384,10240,1308.131,1765.506,1742.4,0.9495
mixed,16,8,0.5,4.0,512,4096,128,512,320,700.222,695.232,701.151,
mixed,16,8,0.5,4.0,512,4096,256,1024,640,697.223,711.682,695.999,-0.0847
mixed,16,8,0.5,4.0,512,4096,512,2048,1280,778.592,838.338,722.628,-0.9367
mixed,16,8,0.5,4.0,512,4096,1024,4096,2560,877.921,990.305,993.569,1.029
mixed,16,8,0.5,4.0,512,4096,2048,8192,5120,1072.605,1294.085,1299.553,1.0247
mixed,16,8,0.5,4.0,512,4096,4096,16384,10240,1455.713,1910.117,1907.782,0.9949
mixed,16,8,0.5,4.0,512,8192,128,512,320,1001.087,999.361,999.107,
mixed,16,8,0.5,4.0,512,8192,256,1024,640,997.188,1000.927,995.938,-0.3343
mixed,16,8,0.5,4.0,512,8192,512,2048,1280,1004.228,1019.075,999.552,-0.3149
mixed,16,8,0.5,4.0,512,8192,1024,4096,2560,1171.619,1288.32,1064.128,-0.9211
mixed,16,8,0.5,4.0,512,8192,2048,8192,5120,1365.605,1603.234,1602.723,0.9978
mixed,16,8,0.5,4.0,512,8192,4096,16384,10240,1742.691,2204.132,2202.084,0.9956
mixed,16,8,0.5,4.0,1024,0,128,512,320,605.857,614.905,607.524,0.1842
mixed,16,8,0.5,4.0,1024,0,256,1024,640,620.102,631.81,621.281,0.1007
mixed,16,8,0.5,4.0,1024,0,512,2048,1280,624.576,642.117,639.234,0.8356
mixed,16,8,0.5,4.0,1024,0,1024,4096,2560,656.418,685.825,648.672,-0.2634
mixed,16,8,0.5,4.0,1024,0,2048,8192,5120,724.349,771.326,708.514,-0.3371
mixed,16,8,0.5,4.0,1024,0,4096,16384,10240,804.133,912.9,803.357,-0.0071
mixed,16,8,0.5,4.0,1024,512,128,512,320,695.267,718.015,713.185,0.7877
mixed,16,8,0.5,4.0,1024,512,256,1024,640,720.518,735.322,724.193,0.2482
mixed,16,8,0.5,4.0,1024,512,512,2048,1280,733.727,756.993,742.593,0.3811
mixed,16,8,0.5,4.0,1024,512,1024,4096,2560,756.611,793.316,762.018,0.1473
mixed,16,8,0.5,4.0,1024,512,2048,8192,5120,810.786,871.524,822.206,0.188
mixed,16,8,0.5,4.0,1024,512,4096,16384,10240,899.806,1018.752,914.915,0.127
mixed,16,8,0.5,4.0,1024,1024,128,512,320,760.098,762.851,754.661,-1.9749
mixed,16,8,0.5,4.0,1024,1024,256,1024,640,771.973,775.555,773.149,0.3283
mixed,16,8,0.5,4.0,1024,1024,512,2048,1280,778.629,798.108,780.419,0.0919
mixed,16,8,0.5,4.0,1024,1024,1024,4096,2560,815.236,842.627,803.586,-0.4253
mixed,16,8,0.5,4.0,1024,1024,2048,8192,5120,865.186,910.02,858.946,-0.1392
mixed,16,8,0.5,4.0,1024,1024,4096,16384,10240,952.708,1061.474,953.698,0.0091
mixed,16,8,0.5,4.0,1024,2048,128,512,320,840.995,840.542,837.441,
mixed,16,8,0.5,4.0,1024,2048,256,1024,640,843.873,849.698,853.793,1.703
mixed,16,8,0.5,4.0,1024,2048,512,2048,1280,865.316,882.473,860.094,-0.3044
mixed,16,8,0.5,4.0,1024,2048,1024,4096,2560,889.823,928.06,892.737,0.0762
mixed,16,8,0.5,4.0,1024,2048,2048,8192,5120,928.0,987.617,937.446,0.1584
mixed,16,8,0.5,4.0,1024,2048,4096,16384,10240,1027.327,1131.228,1035.746,0.081
mixed,16,8,0.5,4.0,1024,4096,128,512,320,988.639,1006.336,1001.569,0.7306
mixed,16,8,0.5,4.0,1024,4096,256,1024,640,1017.312,1015.55,1009.02,
mixed,16,8,0.5,4.0,1024,4096,512,2048,1280,1023.652,1033.824,1020.833,-0.2771
mixed,16,8,0.5,4.0,1024,4096,1024,4096,2560,1054.527,1074.979,1062.438,0.3868
mixed,16,8,0.5,4.0,1024,4096,2048,8192,5120,1096.901,1159.55,1095.203,-0.0271
mixed,16,8,0.5,4.0,1024,4096,4096,16384,10240,1206.019,1291.264,1200.577,-0.0638
mixed,16,8,0.5,4.0,1024,8192,128,512,320,1326.493,1324.545,1329.887,
mixed,16,8,0.5,4.0,1024,8192,256,1024,640,1344.996,1338.854,1342.084,
mixed,16,8,0.5,4.0,1024,8192,512,2048,1280,1346.308,1356.131,1357.189,1.1077
mixed,16,8,0.5,4.0,1024,8192,1024,4096,2560,1374.626,1403.363,1378.082,0.1203
mixed,16,8,0.5,4.0,1024,8192,2048,8192,5120,1421.949,1478.274,1425.861,0.0695
mixed,16,8,0.5,4.0,1024,8192,4096,16384,10240,1511.046,1627.969,1521.376,0.0883
mixed,16,8,0.5,4.0,2048,0,128,512,320,921.37,931.168,930.339,0.9154
mixed,16,8,0.5,4.0,2048,0,256,1024,640,938.183,949.863,942.18,0.3422
mixed,16,8,0.5,4.0,2048,0,512,2048,1280,953.217,970.657,954.787,0.09
mixed,16,8,0.5,4.0,2048,0,1024,4096,2560,984.005,1016.034,985.126,0.035
mixed,16,8,0.5,4.0,2048,0,2048,8192,5120,1031.265,1092.195,1033.474,0.0363
mixed,16,8,0.5,4.0,2048,0,4096,16384,10240,1118.18,1224.963,1133.119,0.1399
mixed,16,8,0.5,4.0,2048,512,128,512,320,1076.199,1086.753,1075.998,-0.019
mixed,16,8,0.5,4.0,2048,512,256,1024,640,1086.94,1097.887,1086.757,-0.0167
mixed,16,8,0.5,4.0,2048,512,512,2048,1280,1099.935,1111.909,1108.195,0.6898
mixed,16,8,0.5,4.0,2048,512,1024,4096,2560,1123.939,1155.847,1121.25,-0.0843
mixed,16,8,0.5,4.0,2048,512,2048,8192,5120,1171.266,1226.758,1181.951,0.1926
mixed,16,8,0.5,4.0,2048,512,4096,16384,10240,1264.8,1379.424,1286.724,0.1913
mixed,16,8,0.5,4.0,2048,1024,128,512,320,1131.745,1141.184,1135.877,0.4378
mixed,16,8,0.5,4.0,2048,1024,256,1024,640,1141.341,1155.939,1147.655,0.4325
mixed,16,8,0.5,4.0,2048,1024,512,2048,1280,1150.271,1169.947,1153.635,0.171
mixed,16,8,0.5,4.0,2048,1024,1024,4096,2560,1185.92,1211.904,1185.221,-0.0269
mixed,16,8,0.5,4.0,2048,1024,2048,8192,5120,1235.91,1289.281,1237.345,0.0269
mixed,16,8,0.5,4.0,2048,1024,4096,16384,10240,1324.864,1429.891,1336.256,0.1085
mixed,16,8,0.5,4.0,2048,2048,128,512,320,1241.152,1257.479,1254.219,0.8003
mixed,16,8,0.5,4.0,2048,2048,256,1024,640,1261.635,1262.76,1257.76,-3.4444
mixed,16,8,0.5,4.0,2048,2048,512,2048,1280,1269.763,1290.055,1281.827,0.5945
mixed,16,8,0.5,4.0,2048,2048,1024,4096,2560,1303.457,1332.163,1302.492,-0.0336
mixed,16,8,0.5,4.0,2048,2048,2048,8192,5120,1348.359,1399.587,1351.518,0.0617
mixed,16,8,0.5,4.0,2048,2048,4096,16384,10240,1425.603,1537.475,1442.048,0.147
mixed,16,8,0.5,4.0,2048,4096,128,512,320,1497.542,1503.753,1503.49,0.9577
mixed,16,8,0.5,4.0,2048,4096,256,1024,640,1504.518,1521.731,1498.978,-0.3218
mixed,16,8,0.5,4.0,2048,4096,512,2048,1280,1507.357,1542.499,1526.113,0.5337
mixed,16,8,0.5,4.0,2048,4096,1024,4096,2560,1542.883,1571.009,1548.325,0.1935
mixed,16,8,0.5,4.0,2048,4096,2048,8192,5120,1592.384,1640.514,1599.94,0.157
mixed,16,8,0.5,4.0,2048,4096,4096,16384,10240,1682.881,1789.724,1685.283,0.0225
mixed,16,8,0.5,4.0,2048,8192,128,512,320,1956.671,1966.182,1960.478,0.4003
mixed,16,8,0.5,4.0,2048,8192,256,1024,640,1976.481,1971.78,1980.48,
mixed,16,8,0.5,4.0,2048,8192,512,2048,1280,1984.158,2003.911,1987.173,0.1526
mixed,16,8,0.5,4.0,2048,8192,1024,4096,2560,2016.166,2041.224,2016.968,0.032
mixed,16,8,0.5,4.0,2048,8192,2048,8192,5120,2058.463,2116.937,2059.49,0.0176
mixed,16,8,0.5,4.0,2048,8192,4096,16384,10240,2164.55,2257.449,2156.929,-0.082
pure,16,12,0.75,4.0,0,0,128,512,416,201.887,204.574,201.026,-0.3204
pure,16,12,0.75,4.0,0,0,256,1024,832,215.839,213.601,214.37,
pure,16,12,0.75,4.0,0,0,512,2048,1664,227.108,233.663,229.824,0.4143
pure,16,12,0.75,4.0,0,0,1024,4096,3328,255.685,273.794,257.725,0.1127
pure,16,12,0.75,4.0,0,0,2048,8192,6656,318.525,340.223,315.267,-0.1502
pure,16,12,0.75,4.0,0,0,4096,16384,13312,439.009,488.576,435.36,-0.0736
mixed,16,12,0.75,4.0,16,0,128,512,416,217.599,222.785,219.584,0.3828
mixed,16,12,0.75,4.0,16,0,256,1024,832,235.871,234.366,230.464,
mixed,16,12,0.75,4.0,16,0,512,2048,1664,245.441,252.418,244.609,-0.1192
mixed,16,12,0.75,4.0,16,0,1024,4096,3328,277.632,290.368,278.24,0.0477
mixed,16,12,0.75,4.0,16,0,2048,8192,6656,338.976,370.686,339.586,0.0192
mixed,16,12,0.75,4.0,16,0,4096,16384,13312,454.303,511.647,454.309,0.0001
mixed,16,12,0.75,4.0,16,512,128,512,416,232.575,233.532,233.472,0.9373
mixed,16,12,0.75,4.0,16,512,256,1024,832,243.071,241.35,240.895,
mixed,16,12,0.75,4.0,16,512,512,2048,1664,248.516,256.764,249.828,0.1591
mixed,16,12,0.75,4.0,16,512,1024,4096,3328,278.432,289.795,280.831,0.2111
mixed,16,12,0.75,4.0,16,512,2048,8192,6656,340.417,364.095,336.636,-0.1597
mixed,16,12,0.75,4.0,16,512,4096,16384,13312,456.162,505.762,463.679,0.1516
mixed,16,12,0.75,4.0,16,1024,128,512,416,242.818,240.257,241.218,
mixed,16,12,0.75,4.0,16,1024,256,1024,832,239.329,245.662,242.3,0.4691
mixed,16,12,0.75,4.0,16,1024,512,2048,1664,250.107,255.553,252.384,0.4181
mixed,16,12,0.75,4.0,16,1024,1024,4096,3328,280.575,296.51,284.129,0.223
mixed,16,12,0.75,4.0,16,1024,2048,8192,6656,344.579,363.397,337.889,-0.3555
mixed,16,12,0.75,4.0,16,1024,4096,16384,13312,456.894,509.376,464.928,0.1531
mixed,16,12,0.75,4.0,16,2048,128,512,416,246.14,250.72,247.008,0.1895
mixed,16,12,0.75,4.0,16,2048,256,1024,832,250.27,250.048,250.752,
mixed,16,12,0.75,4.0,16,2048,512,2048,1664,254.913,257.694,255.84,0.3333
mixed,16,12,0.75,4.0,16,2048,1024,4096,3328,279.843,299.421,280.572,0.0372
mixed,16,12,0.75,4.0,16,2048,2048,8192,6656,347.202,372.385,342.817,-0.1741
mixed,16,12,0.75,4.0,16,2048,4096,16384,13312,562.082,505.347,472.544,
mixed,16,12,0.75,4.0,16,4096,128,512,416,258.912,253.503,251.777,
mixed,16,12,0.75,4.0,16,4096,256,1024,832,259.967,260.127,259.26,-4.4188
mixed,16,12,0.75,4.0,16,4096,512,2048,1664,262.049,267.137,261.382,-0.1311
mixed,16,12,0.75,4.0,16,4096,1024,4096,3328,285.984,303.777,284.834,-0.0646
mixed,16,12,0.75,4.0,16,4096,2048,8192,6656,346.72,379.81,350.016,0.0996
mixed,16,12,0.75,4.0,16,4096,4096,16384,13312,475.165,526.883,465.153,-0.1936
mixed,16,12,0.75,4.0,16,8192,128,512,416,272.799,273.313,273.311,0.9961
mixed,16,12,0.75,4.0,16,8192,256,1024,832,276.637,274.88,272.033,
mixed,16,12,0.75,4.0,16,8192,512,2048,1664,278.245,282.082,286.045,2.0328
mixed,16,12,0.75,4.0,16,8192,1024,4096,3328,297.987,311.036,296.801,-0.0909
mixed,16,12,0.75,4.0,16,8192,2048,8192,6656,358.209,385.218,362.848,0.1718
mixed,16,12,0.75,4.0,16,8192,4096,16384,13312,484.163,534.303,480.802,-0.067
mixed,16,12,0.75,4.0,32,0,128,512,416,220.895,226.304,223.039,0.3964
mixed,16,12,0.75,4.0,32,0,256,1024,832,236.482,234.88,234.268,
mixed,16,12,0.75,4.0,32,0,512,2048,1664,249.121,258.659,250.208,0.114
mixed,16,12,0.75,4.0,32,0,1024,4096,3328,283.586,298.497,286.272,0.1801
mixed,16,12,0.75,4.0,32,0,2048,8192,6656,346.34,375.296,343.806,-0.0875
mixed,16,12,0.75,4.0,32,0,4096,16384,13312,464.96,515.265,460.767,-0.0834
mixed,16,12,0.75,4.0,32,512,128,512,416,243.52,242.76,243.203,
mixed,16,12,0.75,4.0,32,512,256,1024,832,246.303,247.04,245.444,-1.1655
mixed,16,12,0.75,4.0,32,512,512,2048,1664,251.745,260.927,254.334,0.282
mixed,16,12,0.75,4.0,32,512,1024,4096,3328,285.917,296.544,302.433,1.5542
mixed,16,12,0.75,4.0,32,512,2048,8192,6656,346.719,428.447,341.825,-0.0599
mixed,16,12,0.75,4.0,32,512,4096,16384,13312,519.52,564.127,469.476,-1.1219
mixed,16,12,0.75,4.0,32,1024,128,512,416,246.435,247.711,246.623,0.1473
mixed,16,12,0.75,4.0,32,1024,256,1024,832,248.126,251.328,250.177,0.6405
mixed,16,12,0.75,4.0,32,1024,512,2048,1664,255.52,262.817,256.737,0.1668
mixed,16,12,0.75,4.0,32,1024,1024,4096,3328,283.902,301.854,286.562,0.1482
mixed,16,12,0.75,4.0,32,1024,2048,8192,6656,350.051,377.374,389.666,1.4499
mixed,16,12,0.75,4.0,32,1024,4096,16384,13312,549.47,600.097,470.303,-1.5637
mixed,16,12,0.75,4.0,32,2048,128,512,416,256.513,256.161,254.046,
mixed,16,12,0.75,4.0,32,2048,256,1024,832,259.263,258.24,256.388,
mixed,16,12,0.75,4.0,32,2048,512,2048,1664,262.048,265.598,263.649,0.451
mixed,16,12,0.75,4.0,32,2048,1024,4096,3328,288.158,304.254,293.537,0.3342
mixed,16,12,0.75,4.0,32,2048,2048,8192,6656,350.75,380.195,352.224,0.0501
mixed,16,12,0.75,4.0,32,2048,4096,16384,13312,482.683,529.185,520.801,0.8197
mixed,16,12,0.75,4.0,32,4096,128,512,416,271.584,273.024,272.45,0.6014
mixed,16,12,0.75,4.0,32,4096,256,1024,832,276.702,275.553,276.769,
mixed,16,12,0.75,4.0,32,4096,512,2048,1664,289.022,283.425,284.992,
mixed,16,12,0.75,4.0,32,4096,1024,4096,3328,291.808,305.693,294.655,0.205
mixed,16,12,0.75,4.0,32,4096,2048,8192,6656,362.433,391.361,362.784,0.0121
mixed,16,12,0.75,4.0,32,4096,4096,16384,13312,483.743,533.858,483.425,-0.0063
mixed,16,12,0.75,4.0,32,8192,128,512,416,296.292,296.992,297.667,1.9643
mixed,16,12,0.75,4.0,32,8192,256,1024,832,303.999,300.93,299.36,
mixed,16,12,0.75,4.0,32,8192,512,2048,1664,308.448,307.902,307.551,
mixed,16,12,0.75,4.0,32,8192,1024,4096,3328,367.008,324.737,341.089,
mixed,16,12,0.75,4.0,32,8192,2048,8192,6656,362.723,408.932,366.399,0.0796
mixed,16,12,0.75,4.0,32,8192,4096,16384,13312,488.415,544.386,489.57,0.0206
mixed,16,12,0.75,4.0,64,0,128,512,416,228.804,230.337,228.35,-0.2962
mixed,16,12,0.75,4.0,64,0,256,1024,832,240.606,239.455,236.609,
mixed,16,12,0.75,4.0,64,0,512,2048,1664,257.406,263.483,256.192,-0.1998
mixed,16,12,0.75,4.0,64,0,1024,4096,3328,290.656,305.853,287.073,-0.2358
mixed,16,12,0.75,4.0,64,0,2048,8192,6656,351.939,380.481,348.512,-0.1201
mixed,16,12,0.75,4.0,64,0,4096,16384,13312,469.282,524.351,473.631,0.079
mixed,16,12,0.75,4.0,64,512,128,512,416,253.441,257.986,253.377,-0.0141
mixed,16,12,0.75,4.0,64,512,256,1024,832,245.315,247.523,247.744,1.1001
mixed,16,12,0.75,4.0,64,512,512,2048,1664,260.127,267.137,260.9,0.1103
mixed,16,12,0.75,4.0,64,512,1024,4096,3328,286.624,302.241,287.137,0.0328
mixed,16,12,0.75,4.0,64,512,2048,8192,6656,350.05,386.559,349.029,-0.028
mixed,16,12,0.75,4.0,64,512,4096,16384,13312,482.052,563.582,475.169,-0.0844
mixed,16,12,0.75,4.0,64,1024,128,512,416,263.97,262.468,262.238,
mixed,16,12,0.75,4.0,64,1024,256,1024,832,264.674,263.745,263.904,
mixed,16,12,0.75,4.0,64,1024,512,2048,1664,264.064,269.185,267.169,0.6063
mixed,16,12,0.75,4.0,64,1024,1024,4096,3328,293.503,311.713,297.347,0.2111
mixed,16,12,0.75,4.0,64,1024,2048,8192,6656,354.113,382.402,352.804,-0.0463
mixed,16,12,0.75,4.0,64,1024,4096,16384,13312,480.449,533.952,476.447,-0.0748
mixed,16,12,0.75,4.0,64,2048,128,512,416,276.417,277.313,278.109,1.8884
mixed,16,12,0.75,4.0,64,2048,256,1024,832,279.776,278.209,277.664,
mixed,16,12,0.75,4.0,64,2048,512,2048,1664,310.082,287.998,307.551,
mixed,16,12,0.75,4.0,64,2048,1024,4096,3328,295.998,319.555,297.188,0.0505
mixed,16,12,0.75,4.0,64,2048,2048,8192,6656,371.483,397.348,363.105,-0.3239
mixed,16,12,0.75,4.0,64,2048,4096,16384,13312,481.409,535.391,478.946,-0.0456
mixed,16,12,0.75,4.0,64,4096,128,512,416,299.265,298.079,298.883,
mixed,16,12,0.75,4.0,64,4096,256,1024,832,301.601,300.71,301.413,
mixed,16,12,0.75,4.0,64,4096,512,2048,1664,311.961,310.565,312.0,
mixed,16,12,0.75,4.0,64,4096,1024,4096,3328,371.936,322.018,382.111,
mixed,16,12,0.75,4.0,64,4096,2048,8192,6656,361.28,404.901,375.491,0.3258
mixed,16,12,0.75,4.0,64,4096,4096,16384,13312,489.827,544.577,491.2,0.0251
mixed,16,12,0.75,4.0,64,8192,128,512,416,340.9,341.984,341.249,0.322
mixed,16,12,0.75,4.0,64,8192,256,1024,832,339.805,342.245,340.098,0.1201
mixed,16,12,0.75,4.0,64,8192,512,2048,1664,378.053,356.159,407.075,
mixed,16,12,0.75,4.0,64,8192,1024,4096,3328,420.476,371.517,426.207,
mixed,16,12,0.75,4.0,64,8192,2048,8192,6656,500.261,403.586,508.13,
mixed,16,12,0.75,4.0,64,8192,4096,16384,13312,508.771,558.945,508.896,0.0025
mixed,16,12,0.75,4.0,128,0,128,512,416,256.767,257.024,255.236,-5.9572
mixed,16,12,0.75,4.0,128,0,256,1024,832,266.942,268.864,268.162,0.6348
mixed,16,12,0.75,4.0,128,0,512,2048,1664,283.648,294.398,293.567,0.9227
mixed,16,12,0.75,4.0,128,0,1024,4096,3328,322.848,339.521,333.218,0.622
mixed,16,12,0.75,4.0,128,0,2048,8192,6656,398.69,432.734,415.328,0.4887
mixed,16,12,0.75,4.0,128,0,4096,16384,13312,553.411,620.674,582.496,0.4324
mixed,16,12,0.75,4.0,128,512,128,512,416,294.335,304.031,301.439,0.7327
mixed,16,12,0.75,4.0,128,512,256,1024,832,297.6,294.178,295.936,
mixed,16,12,0.75,4.0,128,512,512,2048,1664,298.336,309.569,304.387,0.5387
mixed,16,12,0.75,4.0,128,512,1024,4096,3328,316.832,334.494,329.375,0.7102
mixed,16,12,0.75,4.0,128,512,2048,8192,6656,388.768,416.866,409.855,0.7505
mixed,16,12,0.75,4.0,128,512,4096,16384,13312,517.505,579.616,568.228,0.8167
mixed,16,12,0.75,4.0,128,1024,128,512,416,309.951,309.218,309.922,
mixed,16,12,0.75,4.0,128,1024,256,1024,832,306.337,334.017,324.703,0.6635
mixed,16,12,0.75,4.0,128,1024,512,2048,1664,316.704,312.448,314.497,
mixed,16,12,0.75,4.0,128,1024,1024,4096,3328,347.778,362.943,350.656,0.1898
mixed,16,12,0.75,4.0,128,1024,2048,8192,6656,387.424,416.192,407.519,0.6985
mixed,16,12,0.75,4.0,128,1024,4096,16384,13312,519.999,586.302,567.396,0.7149
mixed,16,12,0.75,4.0,128,2048,128,512,416,343.712,353.058,352.322,0.9212
mixed,16,12,0.75,4.0,128,2048,256,1024,832,349.409,330.753,358.915,
mixed,16,12,0.75,4.0,128,2048,512,2048,1664,369.983,387.583,374.273,0.2438
mixed,16,12,0.75,4.0,128,2048,1024,4096,3328,358.817,351.617,351.937,
mixed,16,12,0.75,4.0,128,2048,2048,8192,6656,422.849,460.096,437.664,0.3978
mixed,16,12,0.75,4.0,128,2048,4096,16384,13312,519.936,579.106,568.162,0.815
mixed,16,12,0.75,4.0,128,4096,128,512,416,379.007,391.646,390.595,0.9168
mixed,16,12,0.75,4.0,128,4096,256,1024,832,414.527,431.519,429.088,0.8569
mixed,16,12,0.75,4.0,128,4096,512,2048,1664,387.199,388.609,385.794,-0.9965
mixed,16,12,0.75,4.0,128,4096,1024,4096,3328,454.081,496.864,467.713,0.3186
mixed,16,12,0.75,4.0,128,4096,2048,8192,6656,540.193,454.181,570.657,
mixed,16,12,0.75,4.0,128,4096,4096,16384,13312,572.097,639.938,599.135,0.3985
mixed,16,12,0.75,4.0,128,8192,128,512,416,434.43,469.502,437.761,0.095
mixed,16,12,0.75,4.0,128,8192,256,1024,832,494.4,510.622,510.655,1.002
mixed,16,12,0.75,4.0,128,8192,512,2048,1664,558.176,589.028,589.37,1.0111
mixed,16,12,0.75,4.0,128,8192,1024,4096,3328,567.809,488.992,592.833,
mixed,16,12,0.75,4.0,128,8192,2048,8192,6656,630.945,706.432,649.026,0.2395
mixed,16,12,0.75,4.0,128,8192,4096,16384,13312,773.378,642.178,834.658,
mixed,16,12,0.75,4.0,256,0,128,512,416,281.953,279.966,283.423,
mixed,16,12,0.75,4.0,256,0,256,1024,832,299.524,303.23,304.994,1.476
mixed,16,12,0.75,4.0,256,0,512,2048,1664,327.138,342.817,339.934,0.8161
mixed,16,12,0.75,4.0,256,0,1024,4096,3328,391.199,418.944,416.132,0.8986
mixed,16,12,0.75,4.0,256,0,2048,8192,6656,515.713,575.681,574.272,0.9765
mixed,16,12,0.75,4.0,256,0,4096,16384,13312,772.03,884.001,883.973,0.9997
mixed,16,12,0.75,4.0,256,512,128,512,416,368.771,366.495,359.84,
mixed,16,12,0.75,4.0,256,512,256,1024,832,372.707,385.824,384.8,0.9219
mixed,16,12,0.75,4.0,256,512,512,2048,1664,406.336,424.449,420.512,0.7826
mixed,16,12,0.75,4.0,256,512,1024,4096,3328,391.49,418.531,417.857,0.9751
mixed,16,12,0.75,4.0,256,512,2048,8192,6656,516.479,576.992,575.487,0.9751
mixed,16,12,0.75,4.0,256,512,4096,16384,13312,768.385,886.879,886.563,0.9973
mixed,16,12,0.75,4.0,256,1024,128,512,416,386.114,397.092,397.248,1.0142
mixed,16,12,0.75,4.0,256,1024,256,1024,832,395.453,402.561,397.856,0.3381
mixed,16,12,0.75,4.0,256,1024,512,2048,1664,426.721,440.158,438.783,0.8977
mixed,16,12,0.75,4.0,256,1024,1024,4096,3328,487.425,419.909,518.402,
mixed,16,12,0.75,4.0,256,1024,2048,8192,6656,518.307,577.476,576.478,0.9831
mixed,16,12,0.75,4.0,256,1024,4096,16384,13312,772.188,886.171,886.911,1.0065
mixed,16,12,0.75,4.0,256,2048,128,512,416,428.16,432.032,434.817,1.7193
mixed,16,12,0.75,4.0,256,2048,256,1024,832,460.481,478.881,471.457,0.5965
mixed,16,12,0.75,4.0,256,2048,512,2048,1664,467.073,480.223,481.731,1.1147
mixed,16,12,0.75,4.0,256,2048,1024,4096,3328,529.699,558.661,556.641,0.9303
mixed,16,12,0.75,4.0,256,2048,2048,8192,6656,659.33,579.521,711.198,
mixed,16,12,0.75,4.0,256,2048,4096,16384,13312,776.193,892.099,889.731,0.9796
mixed,16,12,0.75,4.0,256,4096,128,512,416,470.622,495.233,466.561,-0.165
mixed,16,12,0.75,4.0,256,4096,256,1024,832,538.847,554.051,550.301,0.7534
mixed,16,12,0.75,4.0,256,4096,512,2048,1664,602.211,627.616,632.8,1.2041
mixed,16,12,0.75,4.0,256,4096,1024,4096,3328,610.27,637.823,632.61,0.8108
mixed,16,12,0.75,4.0,256,4096,2048,8192,6656,734.561,798.593,789.761,0.8621
mixed,16,12,0.75,4.0,256,4096,4096,16384,13312,983.134,895.327,1092.737,
mixed,16,12,0.75,4.0,256,8192,128,512,416,633.028,630.02,630.209,
mixed,16,12,0.75,4.0,256,8192,256,1024,832,633.024,653.471,632.355,-0.0327
mixed,16,12,0.75,4.0,256,8192,512,2048,1664,760.801,786.112,785.855,0.9898
mixed,16,12,0.75,4.0,256,8192,1024,4096,3328,883.268,935.905,941.952,1.1149
mixed,16,12,0.75,4.0,256,8192,2048,8192,6656,892.195,950.658,947.776,0.9507
mixed,16,12,0.75,4.0,256,8192,4096,16384,13312,1148.162,1256.996,1256.708,0.9974
mixed,16,12,0.75,4.0,512,0,128,512,416,388.253,390.689,390.847,1.0649
mixed,16,12,0.75,4.0,512,0,256,1024,832,411.486,424.834,427.361,1.1893
mixed,16,12,0.75,4.0,512,0,512,2048,1664,477.41,508.576,503.615,0.8408
mixed,16,12,0.75,4.0,512,0,1024,4096,3328,605.824,664.351,660.674,0.9372
mixed,16,12,0.75,4.0,512,0,2048,8192,6656,856.035,972.645,964.255,0.9281
mixed,16,12,0.75,4.0,512,0,4096,16384,13312,1362.462,1583.425,1573.602,0.9555
mixed,16,12,0.75,4.0,512,512,128,512,416,436.992,446.336,446.908,1.0612
mixed,16,12,0.75,4.0,512,512,256,1024,832,472.29,484.446,484.16,0.9765
mixed,16,12,0.75,4.0,512,512,512,2048,1664,535.647,564.063,564.287,1.0079
mixed,16,12,0.75,4.0,512,512,1024,4096,3328,662.493,717.791,721.697,1.0706
mixed,16,12,0.75,4.0,512,512,2048,8192,6656,907.65,1035.265,1030.464,0.9624
mixed,16,12,0.75,4.0,512,512,4096,16384,13312,1411.171,1637.698,1637.636,0.9997
mixed,16,12,0.75,4.0,512,1024,128,512,416,474.178,484.51,484.286,0.9783
mixed,16,12,0.75,4.0,512,1024,256,1024,832,511.68,521.856,520.772,0.8935
mixed,16,12,0.75,4.0,512,1024,512,2048,1664,574.785,603.711,606.209,1.0864
mixed,16,12,0.75,4.0,512,1024,1024,4096,3328,702.305,762.05,757.536,0.9244
mixed,16,12,0.75,4.0,512,1024,2048,8192,6656,947.908,1071.298,1062.881,0.9318
mixed,16,12,0.75,4.0,512,1024,4096,16384,13312,1453.698,1691.778,1674.882,0.929
mixed,16,12,0.75,4.0,512,2048,128,512,416,543.361,551.585,541.6,-0.2141
mixed,16,12,0.75,4.0,512,2048,256,1024,832,586.431,603.873,600.288,0.7945
mixed,16,12,0.75,4.0,512,2048,512,2048,1664,653.985,683.233,684.671,1.0492
mixed,16,12,0.75,4.0,512,2048,1024,4096,3328,778.881,838.559,837.571,0.9834
mixed,16,12,0.75,4.0,512,2048,2048,8192,6656,1031.554,1152.45,1150.21,0.9815
mixed,16,12,0.75,4.0,512,2048,4096,16384,13312,1531.01,1767.906,1750.914,0.9283
mixed,16,12,0.75,4.0,512,4096,128,512,416,699.329,705.858,701.15,0.2789
mixed,16,12,0.75,4.0,512,4096,256,1024,832,701.156,717.73,700.868,-0.0174
mixed,16,12,0.75,4.0,512,4096,512,2048,1664,812.642,844.998,839.04,0.8159
mixed,16,12,0.75,4.0,512,4096,1024,4096,3328,943.904,997.41,1000.16,1.0514
mixed,16,12,0.75,4.0,512,4096,2048,8192,6656,1193.062,1300.93,1298.945,0.9816
mixed,16,12,0.75,4.0,512,4096,4096,16384,13312,1693.158,1912.896,1916.101,1.0146
mixed,16,12,0.75,4.0,512,8192,128,512,416,1002.337,1001.383,1004.097,
mixed,16,12,0.75,4.0,512,8192,256,1024,832,998.912,1001.12,1001.985,1.3918
mixed,16,12,0.75,4.0,512,8192,512,2048,1664,999.777,1018.851,1004.1,0.2266
mixed,16,12,0.75,4.0,512,8192,1024,4096,3328,1239.008,1294.976,1294.85,0.9977
mixed,16,12,0.75,4.0,512,8192,2048,8192,6656,1485.924,1608.737,1604.227,0.9633
mixed,16,12,0.75,4.0,512,8192,4096,16384,13312,1983.359,2212.453,2212.774,1.0014
mixed,16,12,0.75,4.0,1024,0,128,512,416,613.798,617.243,610.914,-0.8372
mixed,16,12,0.75,4.0,1024,0,256,1024,832,634.401,633.506,618.625,
mixed,16,12,0.75,4.0,1024,0,512,2048,1664,642.563,647.616,638.179,-0.8676
mixed,16,12,0.75,4.0,1024,0,1024,4096,3328,676.963,686.654,672.673,-0.4427
mixed,16,12,0.75,4.0,1024,0,2048,8192,6656,732.958,779.491,731.91,-0.0225
mixed,16,12,0.75,4.0,1024,0,4096,16384,13312,863.906,911.012,862.914,-0.0211
mixed,16,12,0.75,4.0,1024,512,128,512,416,717.791,716.708,707.33,
mixed,16,12,0.75,4.0,1024,512,256,1024,832,726.081,734.241,729.472,0.4156
mixed,16,12,0.75,4.0,1024,512,512,2048,1664,742.721,752.833,747.071,0.4302
mixed,16,12,0.75,4.0,1024,512,1024,4096,3328,787.359,785.794,774.727,
mixed,16,12,0.75,4.0,1024,512,2048,8192,6656,855.841,875.012,848.993,-0.3572
mixed,16,12,0.75,4.0,1024,512,4096,16384,13312,975.206,1016.382,962.114,-0.318
mixed,16,12,0.75,4.0,1024,1024,128,512,416,758.112,748.769,761.857,
mixed,16,12,0.75,4.0,1024,1024,256,1024,832,773.694,773.182,774.082,
mixed,16,12,0.75,4.0,1024,1024,512,2048,1664,786.018,790.306,788.863,0.6635
mixed,16,12,0.75,4.0,1024,1024,1024,4096,3328,814.238,827.776,822.593,0.6172
mixed,16,12,0.75,4.0,1024,1024,2048,8192,6656,884.192,899.107,879.429,-0.3193
mixed,16,12,0.75,4.0,1024,1024,4096,16384,13312,995.744,1057.477,1000.709,0.0804
mixed,16,12,0.75,4.0,1024,2048,128,512,416,846.051,846.655,851.871,9.6358
mixed,16,12,0.75,4.0,1024,2048,256,1024,832,850.691,843.581,851.232,
mixed,16,12,0.75,4.0,1024,2048,512,2048,1664,867.1,872.832,872.773,0.9897
mixed,16,12,0.75,4.0,1024,2048,1024,4096,3328,911.778,917.542,907.299,-0.7771
mixed,16,12,0.75,4.0,1024,2048,2048,8192,6656,981.442,995.619,964.99,-1.1605
mixed,16,12,0.75,4.0,1024,2048,4096,16384,13312,1079.719,1131.935,1081.375,0.0317
mixed,16,12,0.75,4.0,1024,4096,128,512,416,1015.299,1005.507,1004.931,
mixed,16,12,0.75,4.0,1024,4096,256,1024,832,1018.689,1019.654,1017.315,-1.4238
mixed,16,12,0.75,4.0,1024,4096,512,2048,1664,1020.899,1043.777,1025.605,0.2057
mixed,16,12,0.75,4.0,1024,4096,1024,4096,3328,1062.307,1070.31,1059.623,-0.3354
mixed,16,12,0.75,4.0,1024,4096,2048,8192,6656,1119.234,1145.575,1126.691,0.2831
mixed,16,12,0.75,4.0,1024,4096,4096,16384,13312,1242.404,1294.4,1237.603,-0.0923
mixed,16,12,0.75,4.0,1024,8192,128,512,416,1325.217,1337.472,1330.821,0.4573
mixed,16,12,0.75,4.0,1024,8192,256,1024,832,1335.558,1353.287,1338.593,0.1712
mixed,16,12,0.75,4.0,1024,8192,512,2048,1664,1353.792,1369.959,1365.865,0.7468
mixed,16,12,0.75,4.0,1024,8192,1024,4096,3328,1397.664,1401.384,1393.917,-1.0073
mixed,16,12,0.75,4.0,1024,8192,2048,8192,6656,1453.597,1480.289,1457.604,0.1501
mixed,16,12,0.75,4.0,1024,8192,4096,16384,13312,1564.291,1624.455,1572.998,0.1447
mixed,16,12,0.75,4.0,2048,0,128,512,416,925.671,929.597,935.008,2.3782
mixed,16,12,0.75,4.0,2048,0,256,1024,832,948.388,945.347,945.347,
mixed,16,12,0.75,4.0,2048,0,512,2048,1664,960.129,962.435,955.459,-2.0252
mixed,16,12,0.75,4.0,2048,0,1024,4096,3328,991.809,1009.917,993.062,0.0692
mixed,16,12,0.75,4.0,2048,0,2048,8192,6656,1062.049,1086.595,1065.352,0.1346
mixed,16,12,0.75,4.0,2048,0,4096,16384,13312,1175.14,1229.122,1175.809,0.0124
mixed,16,12,0.75,4.0,2048,512,128,512,416,1075.745,1085.509,1073.665,-0.213
mixed,16,12,0.75,4.0,2048,512,256,1024,832,1091.713,1093.246,1096.474,3.1057
mixed,16,12,0.75,4.0,2048,512,512,2048,1664,1102.02,1113.408,1102.916,0.0787
mixed,16,12,0.75,4.0,2048,512,1024,4096,3328,1145.249,1156.862,1144.326,-0.0795
mixed,16,12,0.75,4.0,2048,512,2048,8192,6656,1202.176,1226.816,1200.446,-0.0702
mixed,16,12,0.75,4.0,2048,512,4096,16384,13312,1318.749,1375.359,1313.787,-0.0877
mixed,16,12,0.75,4.0,2048,1024,128,512,416,1135.998,1131.495,1133.475,
mixed,16,12,0.75,4.0,2048,1024,256,1024,832,1151.874,1150.079,1151.716,
mixed,16,12,0.75,4.0,2048,1024,512,2048,1664,1165.38,1167.616,1164.961,-0.1874
mixed,16,12,0.75,4.0,2048,1024,1024,4096,3328,1197.572,1212.222,1193.984,-0.2449
mixed,16,12,0.75,4.0,2048,1024,2048,8192,6656,1254.628,1285.634,1256.129,0.0484
mixed,16,12,0.75,4.0,2048,1024,4096,16384,13312,1372.065,1433.026,1371.521,-0.0089
mixed,16,12,0.75,4.0,2048,2048,128,512,416,1250.852,2220.099,1247.203,-0.0038
mixed,16,12,0.75,4.0,2048,2048,256,1024,832,1257.76,1260.93,1261.981,1.3315
mixed,16,12,0.75,4.0,2048,2048,512,2048,1664,1268.195,1280.964,1276.966,0.6869
mixed,16,12,0.75,4.0,2048,2048,1024,4096,3328,1308.773,1328.003,1313.314,0.2361
mixed,16,12,0.75,4.0,2048,2048,2048,8192,6656,1372.771,1397.661,1368.747,-0.1617
mixed,16,12,0.75,4.0,2048,2048,4096,16384,13312,1488.388,1546.918,1482.593,-0.099
mixed,16,12,0.75,4.0,2048,4096,128,512,416,1491.94,1503.974,1498.759,0.5666
mixed,16,12,0.75,4.0,2048,4096,256,1024,832,1510.536,1505.477,1509.634,
mixed,16,12,0.75,4.0,2048,4096,512,2048,1664,1527.941,1532.162,1516.676,-2.6688
mixed,16,12,0.75,4.0,2048,4096,1024,4096,3328,1556.105,1572.893,1571.236,0.9013
mixed,16,12,0.75,4.0,2048,4096,2048,8192,6656,1615.684,1643.363,1617.793,0.0762
mixed,16,12,0.75,4.0,2048,4096,4096,16384,13312,1737.733,1783.749,1743.202,0.1188
mixed,16,12,0.75,4.0,2048,8192,128,512,416,1965.352,1957.125,1957.705,
mixed,16,12,0.75,4.0,2048,8192,256,1024,832,1973.665,1971.973,1985.799,
mixed,16,12,0.75,4.0,2048,8192,512,2048,1664,1984.579,2007.529,1984.355,-0.0098
mixed,16,12,0.75,4.0,2048,8192,1024,4096,3328,2016.197,2035.491,2021.506,0.2752
mixed,16,12,0.75,4.0,2048,8192,2048,8192,6656,2081.698,2103.971,2084.963,0.1466
mixed,16,12,0.75,4.0,2048,8192,4096,16384,13312,2197.221,2250.15,2199.842,0.0495
pure,16,14,0.875,4.0,0,0,128,512,464,206.143,203.456,203.774,
pure,16,14,0.875,4.0,0,0,256,1024,928,215.523,212.897,211.074,
pure,16,14,0.875,4.0,0,0,512,2048,1856,231.968,232.189,236.709,21.4525
pure,16,14,0.875,4.0,0,0,1024,4096,3712,267.906,273.889,267.327,-0.0968
pure,16,14,0.875,4.0,0,0,2048,8192,7424,326.914,346.496,333.183,0.3201
pure,16,14,0.875,4.0,0,0,4096,16384,14848,464.647,492.32,460.861,-0.1368
mixed,16,14,0.875,4.0,16,0,128,512,464,225.41,221.76,222.621,
mixed,16,14,0.875,4.0,16,0,256,1024,928,232.545,234.883,230.687,-0.7947
mixed,16,14,0.875,4.0,16,0,512,2048,1856,250.337,252.642,249.986,-0.1523
mixed,16,14,0.875,4.0,16,0,1024,4096,3712,285.409,291.076,284.579,-0.1465
mixed,16,14,0.875,4.0,16,0,2048,8192,7424,348.545,367.106,355.901,0.3963
mixed,16,14,0.875,4.0,16,0,4096,16384,14848,489.729,508.513,478.306,-0.6081
mixed,16,14,0.875,4.0,16,512,128,512,464,234.815,232.961,231.235,
mixed,16,14,0.875,4.0,16,512,256,1024,928,244.256,241.246,242.686,
mixed,16,14,0.875,4.0,16,512,512,2048,1856,251.489,251.647,251.072,-2.6392
mixed,16,14,0.875,4.0,16,512,1024,4096,3712,286.848,290.111,285.246,-0.491
mixed,16,14,0.875,4.0,16,512,2048,8192,7424,345.661,365.25,401.44,2.8475
mixed,16,14,0.875,4.0,16,512,4096,16384,14848,482.687,507.484,520.033,1.5061
mixed,16,14,0.875,4.0,16,1024,128,512,464,243.298,243.198,241.824,
mixed,16,14,0.875,4.0,16,1024,256,1024,928,244.739,243.685,245.442,
mixed,16,14,0.875,4.0,16,1024,512,2048,1856,253.216,254.977,254.303,0.6173
mixed,16,14,0.875,4.0,16,1024,1024,4096,3712,286.851,296.481,286.4,-0.0468
mixed,16,14,0.875,4.0,16,1024,2048,8192,7424,355.747,363.01,353.696,-0.2824
mixed,16,14,0.875,4.0,16,1024,4096,16384,14848,484.352,511.618,544.672,2.2123
mixed,16,14,0.875,4.0,16,2048,128,512,464,247.676,251.775,248.479,0.1959
mixed,16,14,0.875,4.0,16,2048,256,1024,928,249.184,249.82,250.88,2.6667
mixed,16,14,0.875,4.0,16,2048,512,2048,1856,257.601,260.131,257.44,-0.0636
mixed,16,14,0.875,4.0,16,2048,1024,4096,3712,290.494,299.903,289.861,-0.0673
mixed,16,14,0.875,4.0,16,2048,2048,8192,7424,357.504,373.95,356.513,-0.0603
mixed,16,14,0.875,4.0,16,2048,4096,16384,14848,487.651,509.024,495.742,0.3786
mixed,16,14,0.875,4.0,16,4096,128,512,464,258.975,254.978,254.012,
mixed,16,14,0.875,4.0,16,4096,256,1024,928,261.953,261.283,260.479,
mixed,16,14,0.875,4.0,16,4096,512,2048,1856,266.918,268.577,265.951,-0.5829
mixed,16,14,0.875,4.0,16,4096,1024,4096,3712,296.129,306.498,293.984,-0.2069
mixed,16,14,0.875,4.0,16,4096,2048,8192,7424,364.189,380.641,359.586,-0.2798
mixed,16,14,0.875,4.0,16,4096,4096,16384,14848,500.579,527.391,494.978,-0.2089
mixed,16,14,0.875,4.0,16,8192,128,512,464,274.337,275.299,274.465,0.1331
mixed,16,14,0.875,4.0,16,8192,256,1024,928,274.786,273.954,273.798,
mixed,16,14,0.875,4.0,16,8192,512,2048,1856,284.928,280.224,280.765,
mixed,16,14,0.875,4.0,16,8192,1024,4096,3712,298.527,311.135,301.314,0.2211
mixed,16,14,0.875,4.0,16,8192,2048,8192,7424,378.689,390.782,374.88,-0.315
mixed,16,14,0.875,4.0,16,8192,4096,16384,14848,511.709,532.991,503.711,-0.3758
mixed,16,14,0.875,4.0,32,0,128,512,464,226.463,226.75,226.21,-0.8815
mixed,16,14,0.875,4.0,32,0,256,1024,928,232.448,237.762,235.231,0.5237
mixed,16,14,0.875,4.0,32,0,512,2048,1856,253.184,258.175,251.68,-0.3013
mixed,16,14,0.875,4.0,32,0,1024,4096,3712,292.961,296.669,292.389,-0.1543
mixed,16,14,0.875,4.0,32,0,2048,8192,7424,354.879,374.142,362.787,0.4105
mixed,16,14,0.875,4.0,32,0,4096,16384,14848,491.263,514.175,483.49,-0.3393
mixed,16,14,0.875,4.0,32,512,128,512,464,243.489,241.952,242.114,
mixed,16,14,0.875,4.0,32,512,256,1024,928,250.24,246.784,247.392,
mixed,16,14,0.875,4.0,32,512,512,2048,1856,256.354,260.286,254.495,-0.4728
mixed,16,14,0.875,4.0,32,512,1024,4096,3712,295.584,300.897,292.996,-0.4871
mixed,16,14,0.875,4.0,32,512,2048,8192,7424,362.143,433.343,361.985,-0.0022
mixed,16,14,0.875,4.0,32,512,4096,16384,14848,542.722,568.994,548.933,0.2364
mixed,16,14,0.875,4.0,32,1024,128,512,464,247.075,249.248,246.786,-0.133
mixed,16,14,0.875,4.0,32,1024,256,1024,928,250.593,249.923,253.6,
mixed,16,14,0.875,4.0,32,1024,512,2048,1856,257.727,262.021,258.78,0.2452
mixed,16,14,0.875,4.0,32,1024,1024,4096,3712,300.223,301.86,293.952,-3.8308
mixed,16,14,0.875,4.0,32,1024,2048,8192,7424,366.466,379.518,360.959,-0.4219
mixed,16,14,0.875,4.0,32,1024,4096,16384,14848,576.381,602.498,498.722,-2.9735
mixed,16,14,0.875,4.0,32,2048,128,512,464,256.509,257.441,256.609,0.1073
mixed,16,14,0.875,4.0,32,2048,256,1024,928,262.72,259.167,257.183,
mixed,16,14,0.875,4.0,32,2048,512,2048,1856,265.219,266.077,263.268,-2.2739
mixed,16,14,0.875,4.0,32,2048,1024,4096,3712,297.604,305.507,295.458,-0.2715
mixed,16,14,0.875,4.0,32,2048,2048,8192,7424,367.554,382.274,364.579,-0.2021
mixed,16,14,0.875,4.0,32,2048,4096,16384,14848,501.218,528.451,500.355,-0.0317
mixed,16,14,0.875,4.0,32,4096,128,512,464,273.922,273.569,275.135,
mixed,16,14,0.875,4.0,32,4096,256,1024,928,276.06,280.391,275.295,-0.1766
mixed,16,14,0.875,4.0,32,4096,512,2048,1856,283.199,284.389,282.434,-0.6429
mixed,16,14,0.875,4.0,32,4096,1024,4096,3712,300.639,308.993,300.285,-0.0424
mixed,16,14,0.875,4.0,32,4096,2048,8192,7424,377.859,391.101,443.233,4.9369
mixed,16,14,0.875,4.0,32,4096,4096,16384,14848,509.536,534.849,507.81,-0.0682
mixed,16,14,0.875,4.0,32,8192,128,512,464,298.146,297.314,297.759,
mixed,16,14,0.875,4.0,32,8192,256,1024,928,301.824,303.169,301.059,-0.5688
mixed,16,14,0.875,4.0,32,8192,512,2048,1856,308.193,307.269,305.535,
mixed,16,14,0.875,4.0,32,8192,1024,4096,3712,326.625,325.73,320.448,
mixed,16,14,0.875,4.0,32,8192,2048,8192,7424,387.007,407.104,450.079,3.1384
mixed,16,14,0.875,4.0,32,8192,4096,16384,14848,520.0,544.033,630.275,4.5885
mixed,16,14,0.875,4.0,64,0,128,512,464,233.826,231.041,231.2,
mixed,16,14,0.875,4.0,64,0,256,1024,928,234.945,240.164,240.544,1.0728
mixed,16,14,0.875,4.0,64,0,512,2048,1856,258.562,264.286,259.037,0.083
mixed,16,14,0.875,4.0,64,0,1024,4096,3712,300.002,307.394,295.01,-0.6753
mixed,16,14,0.875,4.0,64,0,2048,8192,7424,366.754,378.852,367.265,0.0422
mixed,16,14,0.875,4.0,64,0,4096,16384,14848,503.043,525.188,504.289,0.0563
mixed,16,14,0.875,4.0,64,512,128,512,464,255.264,255.808,254.724,-0.9926
mixed,16,14,0.875,4.0,64,512,256,1024,928,250.144,250.687,247.007,-5.7772
mixed,16,14,0.875,4.0,64,512,512,2048,1856,264.192,269.247,264.322,0.0257
mixed,16,14,0.875,4.0,64,512,1024,4096,3712,293.919,303.84,296.289,0.2389
mixed,16,14,0.875,4.0,64,512,2048,8192,7424,369.152,382.337,370.818,0.1264
mixed,16,14,0.875,4.0,64,512,4096,16384,14848,534.883,561.188,504.799,-1.1437
mixed,16,14,0.875,4.0,64,1024,128,512,464,262.595,262.656,264.384,29.3279
mixed,16,14,0.875,4.0,64,1024,256,1024,928,266.846,263.648,266.467,
mixed,16,14,0.875,4.0,64,1024,512,2048,1856,265.823,267.23,265.761,-0.0441
mixed,16,14,0.875,4.0,64,1024,1024,4096,3712,306.115,313.154,306.336,0.0314
mixed,16,14,0.875,4.0,64,1024,2048,8192,7424,367.011,380.325,365.668,-0.1009
mixed,16,14,0.875,4.0,64,1024,4096,16384,14848,510.305,535.714,502.463,-0.3086
mixed,16,14,0.875,4.0,64,2048,128,512,464,278.373,277.89,276.669,
mixed,16,14,0.875,4.0,64,2048,256,1024,928,277.979,277.727,276.799,
mixed,16,14,0.875,4.0,64,2048,512,2048,1856,285.663,287.519,283.776,-1.0167
mixed,16,14,0.875,4.0,64,2048,1024,4096,3712,304.768,314.463,312.898,0.8386
mixed,16,14,0.875,4.0,64,2048,2048,8192,7424,379.618,395.394,445.435,4.172
mixed,16,14,0.875,4.0,64,2048,4096,16384,14848,507.584,532.575,504.032,-0.1421
mixed,16,14,0.875,4.0,64,4096,128,512,464,299.84,298.399,299.582,
mixed,16,14,0.875,4.0,64,4096,256,1024,928,302.562,301.379,300.317,
mixed,16,14,0.875,4.0,64,4096,512,2048,1856,312.062,311.683,307.906,
mixed,16,14,0.875,4.0,64,4096,1024,4096,3712,331.49,322.755,323.427,
mixed,16,14,0.875,4.0,64,4096,2048,8192,7424,385.955,403.966,457.086,3.9493
mixed,16,14,0.875,4.0,64,4096,4096,16384,14848,516.444,544.226,630.401,4.1018
mixed,16,14,0.875,4.0,64,8192,128,512,464,340.575,341.313,340.802,0.3076
mixed,16,14,0.875,4.0,64,8192,256,1024,928,341.253,341.762,339.903,-2.6523
mixed,16,14,0.875,4.0,64,8192,512,2048,1856,354.046,354.209,352.797,-7.6626
mixed,16,14,0.875,4.0,64,8192,1024,4096,3712,371.775,372.927,373.214,1.2491
mixed,16,14,0.875,4.0,64,8192,2048,8192,7424,407.997,405.119,397.727,
mixed,16,14,0.875,4.0,64,8192,4096,16384,14848,532.514,559.842,665.982,4.8839
mixed,16,14,0.875,4.0,128,0,128,512,464,260.801,258.943,255.71,
mixed,16,14,0.875,4.0,128,0,256,1024,928,267.552,269.669,271.679,1.9495
mixed,16,14,0.875,4.0,128,0,512,2048,1856,289.793,293.217,294.05,1.2433
mixed,16,14,0.875,4.0,128,0,1024,4096,3712,327.872,337.409,338.499,1.1143
mixed,16,14,0.875,4.0,128,0,2048,8192,7424,416.958,432.514,430.144,0.8476
mixed,16,14,0.875,4.0,128,0,4096,16384,14848,586.752,620.707,611.204,0.7201
mixed,16,14,0.875,4.0,128,512,128,512,464,295.808,305.151,302.977,0.7673
mixed,16,14,0.875,4.0,128,512,256,1024,928,298.723,296.353,294.273,
mixed,16,14,0.875,4.0,128,512,512,2048,1856,307.07,311.777,310.464,0.7211
mixed,16,14,0.875,4.0,128,512,1024,4096,3712,322.402,331.871,330.751,0.8817
mixed,16,14,0.875,4.0,128,512,2048,8192,7424,402.975,417.025,414.689,0.8337
mixed,16,14,0.875,4.0,128,512,4096,16384,14848,548.417,576.961,573.633,0.8834
mixed,16,14,0.875,4.0,128,1024,128,512,464,309.628,310.11,311.133,3.1224
mixed,16,14,0.875,4.0,128,1024,256,1024,928,328.832,333.186,335.232,1.4699
mixed,16,14,0.875,4.0,128,1024,512,2048,1856,318.113,311.805,311.135,
mixed,16,14,0.875,4.0,128,1024,1024,4096,3712,353.156,364.736,356.709,0.3068
mixed,16,14,0.875,4.0,128,1024,2048,8192,7424,402.499,419.776,414.238,0.6795
mixed,16,14,0.875,4.0,128,1024,4096,16384,14848,550.56,583.424,575.23,0.7507
mixed,16,14,0.875,4.0,128,2048,128,512,464,349.25,352.576,352.32,0.923
mixed,16,14,0.875,4.0,128,2048,256,1024,928,331.329,331.141,330.656,
mixed,16,14,0.875,4.0,128,2048,512,2048,1856,380.606,389.022,385.025,0.5251
mixed,16,14,0.875,4.0,128,2048,1024,4096,3712,357.348,352.158,350.784,
mixed,16,14,0.875,4.0,128,2048,2048,8192,7424,439.65,455.14,443.55,0.2518
mixed,16,14,0.875,4.0,128,2048,4096,16384,14848,550.247,581.059,577.313,0.8784
mixed,16,14,0.875,4.0,128,4096,128,512,464,388.542,390.274,392.606,2.3464
mixed,16,14,0.875,4.0,128,4096,256,1024,928,422.465,432.447,432.035,0.9587
mixed,16,14,0.875,4.0,128,4096,512,2048,1856,390.368,387.042,387.647,
mixed,16,14,0.875,4.0,128,4096,1024,4096,3712,470.691,497.442,497.856,1.0155
mixed,16,14,0.875,4.0,128,4096,2048,8192,7424,435.453,456.325,432.096,-0.1608
mixed,16,14,0.875,4.0,128,4096,4096,16384,14848,605.893,637.919,615.52,0.3006
mixed,16,14,0.875,4.0,128,8192,128,512,464,447.553,468.512,469.189,1.0323
mixed,16,14,0.875,4.0,128,8192,256,1024,928,499.904,509.89,509.629,0.9739
mixed,16,14,0.875,4.0,128,8192,512,2048,1856,574.82,594.083,591.138,0.8471
mixed,16,14,0.875,4.0,128,8192,1024,4096,3712,581.504,488.258,593.792,
mixed,16,14,0.875,4.0,128,8192,2048,8192,7424,663.903,702.657,703.327,1.0173
mixed,16,14,0.875,4.0,128,8192,4096,16384,14848,609.535,643.713,600.45,-0.2658
mixed,16,14,0.875,4.0,256,0,128,512,464,284.226,283.171,281.889,
mixed,16,14,0.875,4.0,256,0,256,1024,928,300.897,303.712,304.898,1.4213
mixed,16,14,0.875,4.0,256,0,512,2048,1856,335.073,343.261,340.228,0.6296
mixed,16,14,0.875,4.0,256,0,1024,4096,3712,404.578,417.374,416.77,0.9528
mixed,16,14,0.875,4.0,256,0,2048,8192,7424,542.692,572.957,574.017,1.035
mixed,16,14,0.875,4.0,256,0,4096,16384,14848,825.893,887.329,885.376,0.9682
mixed,16,14,0.875,4.0,256,512,128,512,464,371.231,364.479,364.448,
mixed,16,14,0.875,4.0,256,512,256,1024,928,376.385,384.288,383.583,0.9108
mixed,16,14,0.875,4.0,256,512,512,2048,1856,412.734,422.435,420.349,0.785
mixed,16,14,0.875,4.0,256,512,1024,4096,3712,400.932,421.342,420.832,0.975
mixed,16,14,0.875,4.0,256,512,2048,8192,7424,545.951,578.11,579.33,1.0379
mixed,16,14,0.875,4.0,256,512,4096,16384,14848,825.537,888.931,886.625,0.9636
mixed,16,14,0.875,4.0,256,1024,128,512,464,392.067,397.539,393.18,0.2034
mixed,16,14,0.875,4.0,256,1024,256,1024,928,397.89,404.607,402.849,0.7383
mixed,16,14,0.875,4.0,256,1024,512,2048,1856,431.359,442.24,442.816,1.0529
mixed,16,14,0.875,4.0,256,1024,1024,4096,3712,503.935,420.483,515.647,
mixed,16,14,0.875,4.0,256,1024,2048,8192,7424,545.153,577.314,578.495,1.0367
mixed,16,14,0.875,4.0,256,1024,4096,16384,14848,832.578,886.819,886.562,0.9953
mixed,16,14,0.875,4.0,256,2048,128,512,464,432.32,438.24,437.284,0.8385
mixed,16,14,0.875,4.0,256,2048,256,1024,928,471.01,475.555,474.306,0.7252
mixed,16,14,0.875,4.0,256,2048,512,2048,1856,474.434,480.862,480.003,0.8664
mixed,16,14,0.875,4.0,256,2048,1024,4096,3712,542.659,558.976,559.362,1.0237
mixed,16,14,0.875,4.0,256,2048,2048,8192,7424,685.184,581.794,713.056,
mixed,16,14,0.875,4.0,256,2048,4096,16384,14848,827.875,895.904,884.829,0.8372
mixed,16,14,0.875,4.0,256,4096,128,512,464,481.091,496.993,494.882,0.8672
mixed,16,14,0.875,4.0,256,4096,256,1024,928,549.856,558.594,551.07,0.1389
mixed,16,14,0.875,4.0,256,4096,512,2048,1856,615.168,631.33,627.329,0.7524
mixed,16,14,0.875,4.0,256,4096,1024,4096,3712,624.548,637.983,635.104,0.7857
mixed,16,14,0.875,4.0,256,4096,2048,8192,7424,764.0,793.153,797.569,1.1515
mixed,16,14,0.875,4.0,256,4096,4096,16384,14848,835.872,892.799,891.236,0.9725
mixed,16,14,0.875,4.0,256,8192,128,512,464,630.464,631.231,631.172,0.9231
mixed,16,14,0.875,4.0,256,8192,256,1024,928,626.592,658.147,653.957,0.8672
mixed,16,14,0.875,4.0,256,8192,512,2048,1856,777.217,788.001,788.927,1.0859
mixed,16,14,0.875,4.0,256,8192,1024,4096,3712,910.913,934.019,937.441,1.1481
mixed,16,14,0.875,4.0,256,8192,2048,8192,7424,919.618,949.312,951.869,1.0861
mixed,16,14,0.875,4.0,256,8192,4096,16384,14848,1207.936,1258.531,1254.468,0.9197
mixed,16,14,0.875,4.0,512,0,128,512,464,387.52,388.48,386.05,-1.5313
mixed,16,14,0.875,4.0,512,0,256,1024,928,418.146,426.34,424.995,0.8359
mixed,16,14,0.875,4.0,512,0,512,2048,1856,489.92,506.143,504.288,0.8857
mixed,16,14,0.875,4.0,512,0,1024,4096,3712,632.096,662.977,661.76,0.9606
mixed,16,14,0.875,4.0,512,0,2048,8192,7424,914.783,970.08,967.297,0.9497
mixed,16,14,0.875,4.0,512,0,4096,16384,14848,1473.828,1603.269,1580.227,0.822
mixed,16,14,0.875,4.0,512,512,128,512,464,442.432,446.369,445.345,0.7399
mixed,16,14,0.875,4.0,512,512,256,1024,928,478.081,488.676,483.166,0.4799
mixed,16,14,0.875,4.0,512,512,512,2048,1856,551.455,569.344,566.082,0.8177
mixed,16,14,0.875,4.0,512,512,1024,4096,3712,695.586,718.114,715.902,0.9018
mixed,16,14,0.875,4.0,512,512,2048,8192,7424,975.428,1035.583,1026.143,0.8431
mixed,16,14,0.875,4.0,512,512,4096,16384,14848,1529.154,1645.345,1644.802,0.9953
mixed,16,14,0.875,4.0,512,1024,128,512,464,478.364,484.416,484.768,1.0582
mixed,16,14,0.875,4.0,512,1024,256,1024,928,516.545,528.644,525.473,0.7379
mixed,16,14,0.875,4.0,512,1024,512,2048,1856,593.35,605.823,600.548,0.5771
mixed,16,14,0.875,4.0,512,1024,1024,4096,3712,729.986,761.03,758.977,0.9339
mixed,16,14,0.875,4.0,512,1024,2048,8192,7424,1006.655,1073.506,1066.4,0.8937
mixed,16,14,0.875,4.0,512,1024,4096,16384,14848,1570.243,1680.032,1671.811,0.9251
mixed,16,14,0.875,4.0,512,2048,128,512,464,539.168,550.016,554.882,1.4486
mixed,16,14,0.875,4.0,512,2048,256,1024,928,595.197,605.281,603.904,0.8634
mixed,16,14,0.875,4.0,512,2048,512,2048,1856,669.023,678.624,682.91,1.4464
mixed,16,14,0.875,4.0,512,2048,1024,4096,3712,809.637,839.649,841.986,1.0779
mixed,16,14,0.875,4.0,512,2048,2048,8192,7424,1086.209,1149.984,1146.44,0.9444
mixed,16,14,0.875,4.0,512,2048,4096,16384,14848,1642.181,1767.042,1751.842,0.8783
mixed,16,14,0.875,4.0,512,4096,128,512,464,701.631,701.535,703.619,
mixed,16,14,0.875,4.0,512,4096,256,1024,928,701.441,713.951,713.861,0.9928
mixed,16,14,0.875,4.0,512,4096,512,2048,1856,823.265,843.936,837.668,0.6968
mixed,16,14,0.875,4.0,512,4096,1024,4096,3712,969.637,996.132,998.884,1.1039
mixed,16,14,0.875,4.0,512,4096,2048,8192,7424,1247.52,1302.497,1300.484,0.9634
mixed,16,14,0.875,4.0,512,4096,4096,16384,14848,1807.421,1923.97,1922.688,0.989
mixed,16,14,0.875,4.0,512,8192,128,512,464,1004.834,1004.321,1004.0,
mixed,16,14,0.875,4.0,512,8192,256,1024,928,1004.419,1004.61,1003.454,-5.0524
mixed,16,14,0.875,4.0,512,8192,512,2048,1856,1003.49,1025.474,1017.219,0.6245
mixed,16,14,0.875,4.0,512,8192,1024,4096,3712,1273.825,1298.433,1294.727,0.8494
mixed,16,14,0.875,4.0,512,8192,2048,8192,7424,1542.466,1600.58,1602.47,1.0325
mixed,16,14,0.875,4.0,512,8192,4096,16384,14848,2096.355,2221.026,2215.971,0.9595
mixed,16,14,0.875,4.0,1024,0,128,512,464,619.067,616.702,607.549,
mixed,16,14,0.875,4.0,1024,0,256,1024,928,625.762,624.255,618.723,
mixed,16,14,0.875,4.0,1024,0,512,2048,1856,642.116,648.96,648.192,0.8878
mixed,16,14,0.875,4.0,1024,0,1024,4096,3712,688.452,699.902,678.113,-0.903
mixed,16,14,0.875,4.0,1024,0,2048,8192,7424,748.573,757.602,744.033,-0.5028
mixed,16,14,0.875,4.0,1024,0,4096,16384,14848,886.272,905.855,879.585,-0.3415
mixed,16,14,0.875,4.0,1024,512,128,512,464,723.047,716.103,709.569,
mixed,16,14,0.875,4.0,1024,512,256,1024,928,732.798,727.721,727.007,
mixed,16,14,0.875,4.0,1024,512,512,2048,1856,752.225,748.194,760.581,
mixed,16,14,0.875,4.0,1024,512,1024,4096,3712,800.639,796.669,800.636,
mixed,16,14,0.875,4.0,1024,512,2048,8192,7424,858.468,879.969,859.396,0.0432
mixed,16,14,0.875,4.0,1024,512,4096,16384,14848,981.091,1022.815,978.793,-0.0551
mixed,16,14,0.875,4.0,1024,1024,128,512,464,757.666,770.817,759.908,0.1705
mixed,16,14,0.875,4.0,1024,1024,256,1024,928,779.173,773.793,768.58,
mixed,16,14,0.875,4.0,1024,1024,512,2048,1856,800.031,794.814,794.207,
mixed,16,14,0.875,4.0,1024,1024,1024,4096,3712,830.403,828.095,838.75,
mixed,16,14,0.875,4.0,1024,1024,2048,8192,7424,895.906,907.072,909.152,1.1863
mixed,16,14,0.875,4.0,1024,1024,4096,16384,14848,1032.349,1060.543,1022.045,-0.3655
mixed,16,14,0.875,4.0,1024,2048,128,512,464,834.911,846.659,841.824,0.5884
mixed,16,14,0.875,4.0,1024,2048,256,1024,928,871.745,865.6,841.86,
mixed,16,14,0.875,4.0,1024,2048,512,2048,1856,865.12,867.396,866.241,0.4925
mixed,16,14,0.875,4.0,1024,2048,1024,4096,3712,916.547,914.533,920.191,
mixed,16,14,0.875,4.0,1024,2048,2048,8192,7424,980.576,998.276,978.21,-0.1337
mixed,16,14,0.875,4.0,1024,2048,4096,16384,14848,1117.056,1138.659,1113.571,-0.1613
mixed,16,14,0.875,4.0,1024,4096,128,512,464,1012.708,1014.147,1000.514,-8.4739
mixed,16,14,0.875,4.0,1024,4096,256,1024,928,1032.676,1017.053,1026.983,
mixed,16,14,0.875,4.0,1024,4096,512,2048,1856,1038.37,1039.168,1032.705,-7.099
mixed,16,14,0.875,4.0,1024,4096,1024,4096,3712,1072.865,1083.359,1086.209,1.2716
mixed,16,14,0.875,4.0,1024,4096,2048,8192,7424,1146.689,1150.406,1141.829,-1.3075
mixed,16,14,0.875,4.0,1024,4096,4096,16384,14848,1268.001,1291.237,1262.884,-0.2202
mixed,16,14,0.875,4.0,1024,8192,128,512,464,1332.129,1326.947,1328.678,
mixed,16,14,0.875,4.0,1024,8192,256,1024,928,1344.642,1340.516,1343.072,
mixed,16,14,0.875,4.0,1024,8192,512,2048,1856,1361.408,1360.194,1380.933,
mixed,16,14,0.875,4.0,1024,8192,1024,4096,3712,1410.85,1397.662,1401.795,
mixed,16,14,0.875,4.0,1024,8192,2048,8192,7424,1467.652,1480.481,1459.01,-0.6736
mixed,16,14,0.875,4.0,1024,8192,4096,16384,14848,1595.039,1614.142,1595.461,0.0221
mixed,16,14,0.875,4.0,2048,0,128,512,464,928.132,928.387,931.773,14.2784
mixed,16,14,0.875,4.0,2048,0,256,1024,928,952.161,943.683,944.893,
mixed,16,14,0.875,4.0,2048,0,512,2048,1856,965.122,974.206,966.782,0.1827
mixed,16,14,0.875,4.0,2048,0,1024,4096,3712,1014.243,1011.748,1006.947,
mixed,16,14,0.875,4.0,2048,0,2048,8192,7424,1079.332,1089.568,1076.991,-0.2287
mixed,16,14,0.875,4.0,2048,0,4096,16384,14848,1205.891,1233.282,1206.979,0.0397
mixed,16,14,0.875,4.0,2048,512,128,512,464,1080.066,1082.212,1082.529,1.1477
mixed,16,14,0.875,4.0,2048,512,256,1024,928,1094.531,1093.855,1087.232,
mixed,16,14,0.875,4.0,2048,512,512,2048,1856,1114.21,1122.335,1115.937,0.2126
mixed,16,14,0.875,4.0,2048,512,1024,4096,3712,1154.785,1158.084,1150.91,-1.1746
mixed,16,14,0.875,4.0,2048,512,2048,8192,7424,1211.97,1231.01,1216.13,0.2185
mixed,16,14,0.875,4.0,2048,512,4096,16384,14848,1353.57,1376.032,1349.762,-0.1695
mixed,16,14,0.875,4.0,2048,1024,128,512,464,1137.156,1138.851,1134.658,-1.4737
mixed,16,14,0.875,4.0,2048,1024,256,1024,928,1154.565,1150.175,1150.466,
mixed,16,14,0.875,4.0,2048,1024,512,2048,1856,1177.541,1175.236,1178.149,
mixed,16,14,0.875,4.0,2048,1024,1024,4096,3712,1212.137,1216.992,1201.698,-2.1502
mixed,16,14,0.875,4.0,2048,1024,2048,8192,7424,1273.731,1288.545,1272.002,-0.1167
mixed,16,14,0.875,4.0,2048,1024,4096,16384,14848,1404.326,1427.968,1408.545,0.1785
mixed,16,14,0.875,4.0,2048,2048,128,512,464,1253.281,1254.342,1251.296,-1.8709
mixed,16,14,0.875,4.0,2048,2048,256,1024,928,1265.861,1263.809,1258.241,
mixed,16,14,0.875,4.0,2048,2048,512,2048,1856,1284.29,1287.139,1283.681,-0.2138
mixed,16,14,0.875,4.0,2048,2048,1024,4096,3712,1327.331,1325.983,1323.589,
mixed,16,14,0.875,4.0,2048,2048,2048,8192,7424,1386.243,1391.361,1395.33,1.7755
mixed,16,14,0.875,4.0,2048,2048,4096,16384,14848,1519.774,1539.968,1518.403,-0.0679
mixed,16,14,0.875,4.0,2048,4096,128,512,464,1506.144,1500.514,1486.016,
mixed,16,14,0.875,4.0,2048,4096,256,1024,928,1512.581,1517.09,1501.412,-2.477
mixed,16,14,0.875,4.0,2048,4096,512,2048,1856,1522.534,1533.41,1534.851,1.1325
mixed,16,14,0.875,4.0,2048,4096,1024,4096,3712,1580.644,1576.285,1564.294,
mixed,16,14,0.875,4.0,2048,4096,2048,8192,7424,1640.161,1640.486,1636.899,-10.0369
mixed,16,14,0.875,4.0,2048,4096,4096,16384,14848,1781.185,1793.701,1755.777,-2.03
mixed,16,14,0.875,4.0,2048,8192,128,512,464,1952.387,1976.0,1965.639,0.5612
mixed,16,14,0.875,4.0,2048,8192,256,1024,928,1988.222,1974.211,1967.235,
mixed,16,14,0.875,4.0,2048,8192,512,2048,1856,1985.858,1988.004,1988.034,1.014
mixed,16,14,0.875,4.0,2048,8192,1024,4096,3712,2042.217,2038.851,2039.974,
mixed,16,14,0.875,4.0,2048,8192,2048,8192,7424,2095.327,2110.492,2091.938,-0.2235
mixed,16,14,0.875,4.0,2048,8192,4096,16384,14848,2230.594,2265.51,2218.018,-0.3602
pure,32,1,0.0312,4.0,0,0,128,512,140,196.67,227.582,209.921,0.4287
pure,32,1,0.0312,4.0,0,0,256,1024,280,216.61,246.078,218.272,0.0564
pure,32,1,0.0312,4.0,0,0,512,2048,560,228.798,284.323,226.078,-0.049
pure,32,1,0.0312,4.0,0,0,1024,4096,1120,252.608,355.426,273.184,0.2001
pure,32,1,0.0312,4.0,0,0,2048,8192,2240,288.252,500.928,333.47,0.2126
pure,32,1,0.0312,4.0,0,0,4096,16384,4480,372.386,786.783,441.852,0.1676
mixed,32,1,0.0312,4.0,16,0,128,512,140,211.009,238.627,223.841,0.4646
mixed,32,1,0.0312,4.0,16,0,256,1024,280,230.277,255.649,226.853,-0.135
mixed,32,1,0.0312,4.0,16,0,512,2048,560,238.497,297.952,239.235,0.0124
mixed,32,1,0.0312,4.0,16,0,1024,4096,1120,265.186,369.119,292.607,0.2638
mixed,32,1,0.0312,4.0,16,0,2048,8192,2240,303.295,511.875,349.921,0.2235
mixed,32,1,0.0312,4.0,16,0,4096,16384,4480,385.379,796.736,455.78,0.1711
mixed,32,1,0.0312,4.0,16,512,128,512,140,239.904,249.729,236.931,-0.3026
mixed,32,1,0.0312,4.0,16,512,256,1024,280,243.36,289.795,241.409,-0.042
mixed,32,1,0.0312,4.0,16,512,512,2048,560,252.576,301.537,251.492,-0.0221
mixed,32,1,0.0312,4.0,16,512,1024,4096,1120,263.524,369.471,266.145,0.0247
mixed,32,1,0.0312,4.0,16,512,2048,8192,2240,301.664,515.648,351.136,0.2312
mixed,32,1,0.0312,4.0,16,512,4096,16384,4480,386.173,803.296,458.367,0.1731
mixed,32,1,0.0312,4.0,16,1024,128,512,140,243.875,252.673,245.633,0.1998
mixed,32,1,0.0312,4.0,16,1024,256,1024,280,247.905,265.855,253.277,0.2993
mixed,32,1,0.0312,4.0,16,1024,512,2048,560,252.608,341.984,256.32,0.0415
mixed,32,1,0.0312,4.0,16,1024,1024,4096,1120,266.144,368.512,271.648,0.0538
mixed,32,1,0.0312,4.0,16,1024,2048,8192,2240,357.471,520.03,307.872,-0.3051
mixed,32,1,0.0312,4.0,16,1024,4096,16384,4480,387.23,799.648,460.705,0.1782
mixed,32,1,0.0312,4.0,16,2048,128,512,140,255.553,259.199,258.271,0.7455
mixed,32,1,0.0312,4.0,16,2048,256,1024,280,256.03,269.345,256.066,0.0027
mixed,32,1,0.0312,4.0,16,2048,512,2048,560,260.193,341.887,273.055,0.1574
mixed,32,1,0.0312,4.0,16,2048,1024,4096,1120,269.824,448.128,281.761,0.0669
mixed,32,1,0.0312,4.0,16,2048,2048,8192,2240,350.945,517.312,307.84,-0.2591
mixed,32,1,0.0312,4.0,16,2048,4096,16384,4480,470.623,802.592,456.608,-0.0422
mixed,32,1,0.0312,4.0,16,4096,128,512,140,269.956,264.863,260.547,
mixed,32,1,0.0312,4.0,16,4096,256,1024,280,267.548,304.544,268.255,0.0191
mixed,32,1,0.0312,4.0,16,4096,512,2048,560,266.531,307.454,263.902,-0.0642
mixed,32,1,0.0312,4.0,16,4096,1024,4096,1120,306.878,448.447,299.423,-0.0527
mixed,32,1,0.0312,4.0,16,4096,2048,8192,2240,309.117,657.087,314.497,0.0155
mixed,32,1,0.0312,4.0,16,4096,4096,16384,4480,469.759,801.983,387.427,-0.2478
mixed,32,1,0.0312,4.0,16,8192,128,512,140,283.397,291.231,280.193,-0.409
mixed,32,1,0.0312,4.0,16,8192,256,1024,280,282.303,288.352,287.009,0.778
mixed,32,1,0.0312,4.0,16,8192,512,2048,560,294.725,367.872,293.248,-0.0202
mixed,32,1,0.0312,4.0,16,8192,1024,4096,1120,297.313,387.872,297.763,0.005
mixed,32,1,0.0312,4.0,16,8192,2048,8192,2240,385.438,652.514,371.393,-0.0526
mixed,32,1,0.0312,4.0,16,8192,4096,16384,4480,402.813,1065.665,408.387,0.0084
mixed,32,1,0.0312,4.0,32,0,128,512,140,213.407,240.8,225.568,0.4439
mixed,32,1,0.0312,4.0,32,0,256,1024,280,229.313,260.545,229.569,0.0082
mixed,32,1,0.0312,4.0,32,0,512,2048,560,241.952,297.535,243.776,0.0328
mixed,32,1,0.0312,4.0,32,0,1024,4096,1120,266.846,370.525,291.904,0.2417
mixed,32,1,0.0312,4.0,32,0,2048,8192,2240,306.273,514.783,349.857,0.209
mixed,32,1,0.0312,4.0,32,0,4096,16384,4480,386.814,801.922,459.581,0.1753
mixed,32,1,0.0312,4.0,32,512,128,512,140,243.105,253.184,241.124,-0.1965
mixed,32,1,0.0312,4.0,32,512,256,1024,280,256.512,264.512,244.831,-1.4601
mixed,32,1,0.0312,4.0,32,512,512,2048,560,252.958,342.723,247.232,-0.0638
mixed,32,1,0.0312,4.0,32,512,1024,4096,1120,267.905,428.607,266.846,-0.0066
mixed,32,1,0.0312,4.0,32,512,2048,8192,2240,354.045,566.722,309.533,-0.2093
mixed,32,1,0.0312,4.0,32,512,4096,16384,4480,438.978,842.85,450.557,0.0287
mixed,32,1,0.0312,4.0,32,1024,128,512,140,253.282,264.158,256.672,0.3117
mixed,32,1,0.0312,4.0,32,1024,256,1024,280,254.594,265.313,252.224,-0.2211
mixed,32,1,0.0312,4.0,32,1024,512,2048,560,268.767,340.578,267.677,-0.0152
mixed,32,1,0.0312,4.0,32,1024,1024,4096,1120,268.928,445.216,269.537,0.0035
mixed,32,1,0.0312,4.0,32,1024,2048,8192,2240,353.603,601.248,314.657,-0.1573
mixed,32,1,0.0312,4.0,32,1024,4096,16384,4480,467.554,872.606,452.64,-0.0368
mixed,32,1,0.0312,4.0,32,2048,128,512,140,266.212,260.578,258.724,
mixed,32,1,0.0312,4.0,32,2048,256,1024,280,262.687,306.272,262.012,-0.0155
mixed,32,1,0.0312,4.0,32,2048,512,2048,560,259.906,308.125,260.127,0.0046
mixed,32,1,0.0312,4.0,32,2048,1024,4096,1120,309.827,447.905,300.64,-0.0665
mixed,32,1,0.0312,4.0,32,2048,2048,8192,2240,318.814,652.097,318.817,0.0
mixed,32,1,0.0312,4.0,32,2048,4096,16384,4480,465.571,934.5,399.936,-0.14
mixed,32,1,0.0312,4.0,32,4096,128,512,140,276.32,283.777,276.577,0.0345
mixed,32,1,0.0312,4.0,32,4096,256,1024,280,279.872,284.832,278.08,-0.3613
mixed,32,1,0.0312,4.0,32,4096,512,2048,560,286.017,362.112,282.621,-0.0446
mixed,32,1,0.0312,4.0,32,4096,1024,4096,1120,290.91,392.547,286.881,-0.0396
mixed,32,1,0.0312,4.0,32,4096,2048,8192,2240,378.339,649.632,366.943,-0.042
mixed,32,1,0.0312,4.0,32,4096,4096,16384,4480,408.576,1065.085,406.37,-0.0034
mixed,32,1,0.0312,4.0,32,8192,128,512,140,304.033,301.471,303.84,
mixed,32,1,0.0312,4.0,32,8192,256,1024,280,289.6,330.752,304.736,0.3678
mixed,32,1,0.0312,4.0,32,8192,512,2048,560,306.336,328.001,304.066,-0.1048
mixed,32,1,0.0312,4.0,32,8192,1024,4096,1120,338.657,490.4,329.985,-0.0571
mixed,32,1,0.0312,4.0,32,8192,2048,8192,2240,334.238,543.649,340.289,0.0289
mixed,32,1,0.0312,4.0,32,8192,4096,16384,4480,518.178,1034.657,489.277,-0.056
mixed,32,1,0.0312,4.0,64,0,128,512,140,223.809,245.696,233.282,0.4328
mixed,32,1,0.0312,4.0,64,0,256,1024,280,240.541,290.016,241.439,0.0182
mixed,32,1,0.0312,4.0,64,0,512,2048,560,256.319,314.304,255.361,-0.0165
mixed,32,1,0.0312,4.0,64,0,1024,4096,1120,285.117,380.191,282.85,-0.0238
mixed,32,1,0.0312,4.0,64,0,2048,8192,2240,329.822,530.911,342.941,0.0652
mixed,32,1,0.0312,4.0,64,0,4096,16384,4480,405.443,813.504,454.527,0.1203
mixed,32,1,0.0312,4.0,64,512,128,512,140,277.507,291.584,261.314,-1.1503
mixed,32,1,0.0312,4.0,64,512,256,1024,280,262.815,276.451,264.865,0.1503
mixed,32,1,0.0312,4.0,64,512,512,2048,560,287.839,345.822,288.451,0.0106
mixed,32,1,0.0312,4.0,64,512,1024,4096,1120,281.503,425.249,302.596,0.1467
mixed,32,1,0.0312,4.0,64,512,2048,8192,2240,356.861,580.993,335.17,-0.0968
mixed,32,1,0.0312,4.0,64,512,4096,16384,4480,437.633,839.455,438.304,0.0017
mixed,32,1,0.0312,4.0,64,1024,128,512,140,266.72,277.31,266.754,0.0032
mixed,32,1,0.0312,4.0,64,1024,256,1024,280,275.359,322.881,275.172,-0.0039
mixed,32,1,0.0312,4.0,64,1024,512,2048,560,273.344,318.049,284.864,0.2577
mixed,32,1,0.0312,4.0,64,1024,1024,4096,1120,321.858,452.511,310.687,-0.0855
mixed,32,1,0.0312,4.0,64,1024,2048,8192,2240,336.449,589.922,374.976,0.152
mixed,32,1,0.0312,4.0,64,1024,4096,16384,4480,470.053,874.117,439.457,-0.0757
mixed,32,1,0.0312,4.0,64,2048,128,512,140,288.063,295.489,285.055,-0.4051
mixed,32,1,0.0312,4.0,64,2048,256,1024,280,279.936,289.891,288.483,0.8586
mixed,32,1,0.0312,4.0,64,2048,512,2048,560,305.216,373.345,300.606,-0.0677
mixed,32,1,0.0312,4.0,64,2048,1024,4096,1120,291.198,396.738,326.272,0.3323
mixed,32,1,0.0312,4.0,64,2048,2048,8192,2240,392.612,649.697,378.624,-0.0544
mixed,32,1,0.0312,4.0,64,2048,4096,16384,4480,409.985,924.576,485.12,0.146
mixed,32,1,0.0312,4.0,64,4096,128,512,140,307.233,309.41,314.655,3.4093
mixed,32,1,0.0312,4.0,64,4096,256,1024,280,299.171,338.69,306.849,0.1943
mixed,32,1,0.0312,4.0,64,4096,512,2048,560,310.909,329.696,314.529,0.1927
mixed,32,1,0.0312,4.0,64,4096,1024,4096,1120,347.777,496.414,342.077,-0.0383
mixed,32,1,0.0312,4.0,64,4096,2048,8192,2240,348.192,558.817,424.319,0.3614
mixed,32,1,0.0312,4.0,64,4096,4096,16384,4480,509.568,1042.878,496.127,-0.0252
mixed,32,1,0.0312,4.0,64,8192,128,512,140,345.696,345.92,349.855,18.567
mixed,32,1,0.0312,4.0,64,8192,256,1024,280,351.233,361.28,355.682,0.4428
mixed,32,1,0.0312,4.0,64,8192,512,2048,560,340.737,419.487,343.967,0.041
mixed,32,1,0.0312,4.0,64,8192,1024,4096,1120,361.855,432.252,365.412,0.0505
mixed,32,1,0.0312,4.0,64,8192,2048,8192,2240,436.067,721.698,426.942,-0.0319
mixed,32,1,0.0312,4.0,64,8192,4096,16384,4480,452.798,853.601,592.863,0.3495
mixed,32,1,0.0312,4.0,128,0,128,512,140,232.607,259.838,248.514,0.5842
mixed,32,1,0.0312,4.0,128,0,256,1024,280,253.472,286.368,258.787,0.1616
mixed,32,1,0.0312,4.0,128,0,512,2048,560,264.48,335.232,287.517,0.3256
mixed,32,1,0.0312,4.0,128,0,1024,4096,1120,289.478,408.668,333.438,0.3688
mixed,32,1,0.0312,4.0,128,0,2048,8192,2240,349.024,547.136,426.593,0.3915
mixed,32,1,0.0312,4.0,128,0,4096,16384,4480,421.179,840.802,621.089,0.4764
mixed,32,1,0.0312,4.0,128,512,128,512,140,294.721,286.016,283.999,
mixed,32,1,0.0312,4.0,128,512,256,1024,280,306.397,334.399,288.291,-0.6466
mixed,32,1,0.0312,4.0,128,512,512,2048,560,286.915,325.118,296.093,0.2402
mixed,32,1,0.0312,4.0,128,512,1024,4096,1120,335.552,439.04,339.072,0.034
mixed,32,1,0.0312,4.0,128,512,2048,8192,2240,333.376,582.045,422.882,0.3599
mixed,32,1,0.0312,4.0,128,512,4096,16384,4480,443.229,869.152,588.672,0.3415
mixed,32,1,0.0312,4.0,128,1024,128,512,140,303.904,331.678,301.984,-0.0691
mixed,32,1,0.0312,4.0,128,1024,256,1024,280,300.448,313.085,309.216,0.6938
mixed,32,1,0.0312,4.0,128,1024,512,2048,560,325.949,386.112,333.661,0.1282
mixed,32,1,0.0312,4.0,128,1024,1024,4096,1120,315.04,401.023,338.942,0.278
mixed,32,1,0.0312,4.0,128,1024,2048,8192,2240,396.96,588.864,419.81,0.1191
mixed,32,1,0.0312,4.0,128,1024,4096,16384,4480,419.136,870.751,592.896,0.3848
mixed,32,1,0.0312,4.0,128,2048,128,512,140,319.163,329.378,323.68,0.4422
mixed,32,1,0.0312,4.0,128,2048,256,1024,280,335.521,362.048,337.569,0.0772
mixed,32,1,0.0312,4.0,128,2048,512,2048,560,322.596,345.857,327.808,0.2241
mixed,32,1,0.0312,4.0,128,2048,1024,4096,1120,362.272,495.458,361.984,-0.0022
mixed,32,1,0.0312,4.0,128,2048,2048,8192,2240,355.201,556.194,427.743,0.3609
mixed,32,1,0.0312,4.0,128,2048,4096,16384,4480,512.961,905.921,589.348,0.1944
mixed,32,1,0.0312,4.0,128,4096,128,512,140,360.095,391.65,359.488,-0.0192
mixed,32,1,0.0312,4.0,128,4096,256,1024,280,370.558,381.247,369.628,-0.087
mixed,32,1,0.0312,4.0,128,4096,512,2048,560,396.834,445.41,393.508,-0.0685
mixed,32,1,0.0312,4.0,128,4096,1024,4096,1120,389.345,438.945,387.521,-0.0368
mixed,32,1,0.0312,4.0,128,4096,2048,8192,2240,457.855,691.648,442.049,-0.0676
mixed,32,1,0.0312,4.0,128,4096,4096,16384,4480,449.759,860.798,597.285,0.3589
mixed,32,1,0.0312,4.0,128,8192,128,512,140,432.097,467.52,435.297,0.0903
mixed,32,1,0.0312,4.0,128,8192,256,1024,280,443.422,513.633,445.603,0.0311
mixed,32,1,0.0312,4.0,128,8192,512,2048,560,473.245,486.462,476.353,0.2352
mixed,32,1,0.0312,4.0,128,8192,1024,4096,1120,516.355,599.043,511.458,-0.0592
mixed,32,1,0.0312,4.0,128,8192,2048,8192,2240,484.642,628.543,488.128,0.0242
mixed,32,1,0.0312,4.0,128,8192,4096,16384,4480,631.329,1085.666,611.043,-0.0446
mixed,32,1,0.0312,4.0,256,0,128,512,140,260.192,293.279,336.35,2.3017
mixed,32,1,0.0312,4.0,256,0,256,1024,280,285.085,319.872,306.783,0.6237
mixed,32,1,0.0312,4.0,256,0,512,2048,560,296.898,363.84,349.921,0.7921
mixed,32,1,0.0312,4.0,256,0,1024,4096,1120,319.841,445.602,428.64,0.8651
mixed,32,1,0.0312,4.0,256,0,2048,8192,2240,370.208,610.37,589.283,0.9122
mixed,32,1,0.0312,4.0,256,0,4096,16384,4480,457.918,931.393,901.571,0.937
mixed,32,1,0.0312,4.0,256,512,128,512,140,358.88,383.109,355.901,-0.123
mixed,32,1,0.0312,4.0,256,512,256,1024,280,365.057,398.243,365.121,0.0019
mixed,32,1,0.0312,4.0,256,512,512,2048,560,383.804,365.566,380.766,
mixed,32,1,0.0312,4.0,256,512,1024,4096,1120,323.135,448.418,426.752,0.8271
mixed,32,1,0.0312,4.0,256,512,2048,8192,2240,372.226,615.906,586.143,0.8779
mixed,32,1,0.0312,4.0,256,512,4096,16384,4480,465.883,939.712,909.508,0.9363
mixed,32,1,0.0312,4.0,256,1024,128,512,140,377.183,401.439,375.17,-0.083
mixed,32,1,0.0312,4.0,256,1024,256,1024,280,385.728,418.336,385.54,-0.0058
mixed,32,1,0.0312,4.0,256,1024,512,2048,560,404.448,359.809,401.505,
mixed,32,1,0.0312,4.0,256,1024,1024,4096,1120,422.08,453.184,457.567,1.1409
mixed,32,1,0.0312,4.0,256,1024,2048,8192,2240,367.455,619.877,586.944,0.8695
mixed,32,1,0.0312,4.0,256,1024,4096,16384,4480,469.123,965.697,910.532,0.8889
mixed,32,1,0.0312,4.0,256,2048,128,512,140,414.532,440.9,413.373,-0.044
mixed,32,1,0.0312,4.0,256,2048,256,1024,280,425.951,479.427,425.953,0.0
mixed,32,1,0.0312,4.0,256,2048,512,2048,560,446.72,503.134,444.894,-0.0324
mixed,32,1,0.0312,4.0,256,2048,1024,4096,1120,487.008,442.721,483.679,
mixed,32,1,0.0312,4.0,256,2048,2048,8192,2240,512.543,616.32,613.409,0.9719
mixed,32,1,0.0312,4.0,256,2048,4096,16384,4480,460.577,951.454,900.225,0.8956
mixed,32,1,0.0312,4.0,256,4096,128,512,140,483.711,522.752,485.214,0.0385
mixed,32,1,0.0312,4.0,256,4096,256,1024,280,504.319,558.466,501.184,-0.0579
mixed,32,1,0.0312,4.0,256,4096,512,2048,560,523.391,637.249,524.764,0.0121
mixed,32,1,0.0312,4.0,256,4096,1024,4096,1120,564.255,661.409,559.872,-0.0451
mixed,32,1,0.0312,4.0,256,4096,2048,8192,2240,653.504,614.335,638.079,
mixed,32,1,0.0312,4.0,256,4096,4096,16384,4480,677.568,953.731,925.056,0.8962
mixed,32,1,0.0312,4.0,256,8192,128,512,140,632.993,678.59,632.158,-0.0183
mixed,32,1,0.0312,4.0,256,8192,256,1024,280,632.865,720.516,634.373,0.0172
mixed,32,1,0.0312,4.0,256,8192,512,2048,560,683.39,800.513,679.36,-0.0344
mixed,32,1,0.0312,4.0,256,8192,1024,4096,1120,723.072,955.103,720.226,-0.0123
mixed,32,1,0.0312,4.0,256,8192,2048,8192,2240,812.003,980.035,797.472,-0.0865
mixed,32,1,0.0312,4.0,256,8192,4096,16384,4480,980.704,945.795,953.986,
mixed,32,1,0.0312,4.0,512,0,128,512,140,419.136,429.632,440.131,2.0003
mixed,32,1,0.0312,4.0,512,0,256,1024,280,440.318,468.32,462.143,0.7794
mixed,32,1,0.0312,4.0,512,0,512,2048,560,440.832,560.766,547.585,0.8901
mixed,32,1,0.0312,4.0,512,0,1024,4096,1120,461.506,701.923,701.858,0.9997
mixed,32,1,0.0312,4.0,512,0,2048,8192,2240,574.689,1008.676,1014.304,1.013
mixed,32,1,0.0312,4.0,512,0,4096,16384,4480,738.561,1619.745,1624.997,1.006
mixed,32,1,0.0312,4.0,512,512,128,512,140,461.665,510.149,461.026,-0.0132
mixed,32,1,0.0312,4.0,512,512,256,1024,280,487.426,534.818,474.655,-0.2695
mixed,32,1,0.0312,4.0,512,512,512,2048,560,499.104,604.285,545.728,0.4433
mixed,32,1,0.0312,4.0,512,512,1024,4096,1120,544.071,774.752,711.776,0.727
mixed,32,1,0.0312,4.0,512,512,2048,8192,2240,640.414,1083.941,1014.337,0.8431
mixed,32,1,0.0312,4.0,512,512,4096,16384,4480,811.906,1725.667,1625.281,0.8901
mixed,32,1,0.0312,4.0,512,1024,128,512,140,504.416,524.579,504.385,-0.0015
mixed,32,1,0.0312,4.0,512,1024,256,1024,280,497.662,577.952,498.653,0.0123
mixed,32,1,0.0312,4.0,512,1024,512,2048,560,533.182,643.455,550.499,0.157
mixed,32,1,0.0312,4.0,512,1024,1024,4096,1120,569.698,809.571,702.336,0.553
mixed,32,1,0.0312,4.0,512,1024,2048,8192,2240,688.448,1142.818,1011.424,0.7108
mixed,32,1,0.0312,4.0,512,1024,4096,16384,4480,843.228,1750.719,1618.655,0.8545
mixed,32,1,0.0312,4.0,512,2048,128,512,140,586.785,612.064,592.606,0.2303
mixed,32,1,0.0312,4.0,512,2048,256,1024,280,583.873,651.967,568.83,-0.2209
mixed,32,1,0.0312,4.0,512,2048,512,2048,560,610.595,741.634,601.477,-0.0696
mixed,32,1,0.0312,4.0,512,2048,1024,4096,1120,666.272,869.056,696.545,0.1493
mixed,32,1,0.0312,4.0,512,2048,2048,8192,2240,731.525,1197.987,1029.087,0.6379
mixed,32,1,0.0312,4.0,512,2048,4096,16384,4480,929.058,1839.328,1635.301,0.7759
mixed,32,1,0.0312,4.0,512,4096,128,512,140,745.985,758.432,739.871,-0.4912
mixed,32,1,0.0312,4.0,512,4096,256,1024,280,752.192,817.664,745.891,-0.0962
mixed,32,1,0.0312,4.0,512,4096,512,2048,560,757.441,872.865,750.753,-0.0579
mixed,32,1,0.0312,4.0,512,4096,1024,4096,1120,821.536,1032.769,820.196,-0.0063
mixed,32,1,0.0312,4.0,512,4096,2048,8192,2240,906.465,1362.048,1031.778,0.2751
mixed,32,1,0.0312,4.0,512,4096,4096,16384,4480,1079.555,1984.516,1611.557,0.5879
mixed,32,1,0.0312,4.0,512,8192,128,512,140,1051.681,1044.77,1057.119,
mixed,32,1,0.0312,4.0,512,8192,256,1024,280,1031.677,1090.787,1049.831,0.3071
mixed,32,1,0.0312,4.0,512,8192,512,2048,560,1033.376,1173.985,1059.3,0.1844
mixed,32,1,0.0312,4.0,512,8192,1024,4096,1120,1102.303,1338.559,1092.256,-0.0425
mixed,32,1,0.0312,4.0,512,8192,2048,8192,2240,1207.039,1653.505,1187.806,-0.0431
mixed,32,1,0.0312,4.0,512,8192,4096,16384,4480,1377.282,2269.056,1608.833,0.2597
mixed,32,1,0.0312,4.0,1024,0,128,512,140,599.681,631.648,606.373,0.2093
mixed,32,1,0.0312,4.0,1024,0,256,1024,280,617.823,650.593,610.268,-0.2305
mixed,32,1,0.0312,4.0,1024,0,512,2048,560,628.069,685.889,638.433,0.1792
mixed,32,1,0.0312,4.0,1024,0,1024,4096,1120,651.777,756.833,678.787,0.2571
mixed,32,1,0.0312,4.0,1024,0,2048,8192,2240,697.857,921.824,740.221,0.1892
mixed,32,1,0.0312,4.0,1024,0,4096,16384,4480,779.007,1202.34,831.489,0.124
mixed,32,1,0.0312,4.0,1024,512,128,512,140,712.506,729.082,697.536,-0.9031
mixed,32,1,0.0312,4.0,1024,512,256,1024,280,715.682,756.613,717.505,0.0445
mixed,32,1,0.0312,4.0,1024,512,512,2048,560,725.217,804.089,730.75,0.0702
mixed,32,1,0.0312,4.0,1024,512,1024,4096,1120,766.981,871.969,792.193,0.2401
mixed,32,1,0.0312,4.0,1024,512,2048,8192,2240,800.159,1006.496,834.175,0.1649
mixed,32,1,0.0312,4.0,1024,512,4096,16384,4480,882.372,1302.949,966.242,0.1994
mixed,32,1,0.0312,4.0,1024,1024,128,512,140,759.164,776.349,748.543,-0.618
mixed,32,1,0.0312,4.0,1024,1024,256,1024,280,763.007,790.912,753.89,-0.3267
mixed,32,1,0.0312,4.0,1024,1024,512,2048,560,776.38,830.146,783.683,0.1358
mixed,32,1,0.0312,4.0,1024,1024,1024,4096,1120,812.771,907.584,815.363,0.0273
mixed,32,1,0.0312,4.0,1024,1024,2048,8192,2240,842.175,1054.046,892.29,0.2365
mixed,32,1,0.0312,4.0,1024,1024,4096,16384,4480,938.111,1352.513,997.986,0.1445
mixed,32,1,0.0312,4.0,1024,2048,128,512,140,831.201,847.332,831.776,0.0356
mixed,32,1,0.0312,4.0,1024,2048,256,1024,280,840.343,879.429,839.301,-0.0267
mixed,32,1,0.0312,4.0,1024,2048,512,2048,560,847.713,909.089,847.65,-0.001
mixed,32,1,0.0312,4.0,1024,2048,1024,4096,1120,885.957,994.598,907.804,0.2011
mixed,32,1,0.0312,4.0,1024,2048,2048,8192,2240,929.246,1152.959,959.326,0.1345
mixed,32,1,0.0312,4.0,1024,2048,4096,16384,4480,1002.18,1437.154,1074.371,0.166
mixed,32,1,0.0312,4.0,1024,4096,128,512,140,994.653,1007.942,986.947,-0.5799
mixed,32,1,0.0312,4.0,1024,4096,256,1024,280,1003.838,1043.201,1008.573,0.1203
mixed,32,1,0.0312,4.0,1024,4096,512,2048,560,1021.182,1082.147,1016.962,-0.0692
mixed,32,1,0.0312,4.0,1024,4096,1024,4096,1120,1055.519,1152.097,1061.185,0.0587
mixed,32,1,0.0312,4.0,1024,4096,2048,8192,2240,1097.026,1306.592,1123.653,0.1271
mixed,32,1,0.0312,4.0,1024,4096,4096,16384,4480,1172.067,1590.052,1239.777,0.162
mixed,32,1,0.0312,4.0,1024,8192,128,512,140,1325.506,1330.081,1315.621,-2.1607
mixed,32,1,0.0312,4.0,1024,8192,256,1024,280,1332.831,1359.137,1342.989,0.3861
mixed,32,1,0.0312,4.0,1024,8192,512,2048,560,1338.819,1415.426,1352.58,0.1796
mixed,32,1,0.0312,4.0,1024,8192,1024,4096,1120,1372.931,1478.241,1386.082,0.1249
mixed,32,1,0.0312,4.0,1024,8192,2048,8192,2240,1413.284,1618.183,1454.725,0.2023
mixed,32,1,0.0312,4.0,1024,8192,4096,16384,4480,1492.193,1903.327,1568.419,0.1854
mixed,32,1,0.0312,4.0,2048,0,128,512,140,966.466,994.879,972.637,0.2172
mixed,32,1,0.0312,4.0,2048,0,256,1024,280,981.89,1014.148,990.114,0.2549
mixed,32,1,0.0312,4.0,2048,0,512,2048,560,1002.883,1062.562,1003.043,0.0027
mixed,32,1,0.0312,4.0,2048,0,1024,4096,1120,1020.478,1131.869,1041.92,0.1925
mixed,32,1,0.0312,4.0,2048,0,2048,8192,2240,1063.683,1276.958,1106.597,0.2012
mixed,32,1,0.0312,4.0,2048,0,4096,16384,4480,1151.073,1569.983,1212.133,0.1458
mixed,32,1,0.0312,4.0,2048,512,128,512,140,1117.57,1141.826,1125.345,0.3205
mixed,32,1,0.0312,4.0,2048,512,256,1024,280,1140.445,1165.861,1136.964,-0.137
mixed,32,1,0.0312,4.0,2048,512,512,2048,560,1139.074,1211.267,1145.438,0.0882
mixed,32,1,0.0312,4.0,2048,512,1024,4096,1120,1170.184,1278.723,1188.069,0.1648
mixed,32,1,0.0312,4.0,2048,512,2048,8192,2240,1211.931,1418.882,1247.614,0.1724
mixed,32,1,0.0312,4.0,2048,512,4096,16384,4480,1288.328,1710.053,1362.109,0.175
mixed,32,1,0.0312,4.0,2048,1024,128,512,140,1178.688,1194.785,1179.843,0.0718
mixed,32,1,0.0312,4.0,2048,1024,256,1024,280,1184.032,1226.527,1195.491,0.2697
mixed,32,1,0.0312,4.0,2048,1024,512,2048,560,1195.934,1265.251,1201.925,0.0864
mixed,32,1,0.0312,4.0,2048,1024,1024,4096,1120,1228.741,1332.61,1240.033,0.1087
mixed,32,1,0.0312,4.0,2048,1024,2048,8192,2240,1272.64,1477.957,1302.755,0.1467
mixed,32,1,0.0312,4.0,2048,1024,4096,16384,4480,1346.977,1761.376,1413.127,0.1596
mixed,32,1,0.0312,4.0,2048,2048,128,512,140,1288.74,1315.743,1293.887,0.1906
mixed,32,1,0.0312,4.0,2048,2048,256,1024,280,1304.51,1335.011,1296.033,-0.2779
mixed,32,1,0.0312,4.0,2048,2048,512,2048,560,1317.956,1372.901,1310.469,-0.1363
mixed,32,1,0.0312,4.0,2048,2048,1024,4096,1120,1342.022,1452.571,1364.195,0.2006
mixed,32,1,0.0312,4.0,2048,2048,2048,8192,2240,1376.387,1591.649,1422.112,0.2124
mixed,32,1,0.0312,4.0,2048,2048,4096,16384,4480,1465.667,1877.125,1529.984,0.1563
mixed,32,1,0.0312,4.0,2048,4096,128,512,140,1543.201,1563.934,1550.053,0.3305
mixed,32,1,0.0312,4.0,2048,4096,256,1024,280,1546.371,1582.339,1550.467,0.1139
mixed,32,1,0.0312,4.0,2048,4096,512,2048,560,1551.97,1626.916,1565.699,0.1832
mixed,32,1,0.0312,4.0,2048,4096,1024,4096,1120,1591.679,1694.432,1608.449,0.1632
mixed,32,1,0.0312,4.0,2048,4096,2048,8192,2240,1634.215,1842.916,1678.723,0.2133
mixed,32,1,0.0312,4.0,2048,4096,4096,16384,4480,1713.89,2129.638,1777.316,0.1526
mixed,32,1,0.0312,4.0,2048,8192,128,512,140,2013.957,2031.59,2012.707,-0.0709
mixed,32,1,0.0312,4.0,2048,8192,256,1024,280,2019.841,2051.777,2020.129,0.009
mixed,32,1,0.0312,4.0,2048,8192,512,2048,560,2021.896,2091.969,2020.382,-0.0216
mixed,32,1,0.0312,4.0,2048,8192,1024,4096,1120,2041.897,2153.696,2077.253,0.3162
mixed,32,1,0.0312,4.0,2048,8192,2048,8192,2240,2094.622,2297.737,2139.073,0.2188
mixed,32,1,0.0312,4.0,2048,8192,4096,16384,4480,2177.086,2585.697,2225.058,0.1174
pure,32,2,0.0625,4.0,0,0,128,512,152,170.753,200.642,184.705,0.4668
pure,32,2,0.0625,4.0,0,0,256,1024,304,193.732,219.778,195.106,0.0528
pure,32,2,0.0625,4.0,0,0,512,2048,608,202.916,257.44,205.122,0.0405
pure,32,2,0.0625,4.0,0,0,1024,4096,1216,225.73,332.354,228.955,0.0302
pure,32,2,0.0625,4.0,0,0,2048,8192,2432,274.849,476.482,275.744,0.0044
pure,32,2,0.0625,4.0,0,0,4096,16384,4864,364.384,762.495,417.249,0.1328
mixed,32,2,0.0625,4.0,16,0,128,512,152,187.807,213.857,200.703,0.495
mixed,32,2,0.0625,4.0,16,0,256,1024,304,205.342,228.862,204.642,-0.0298
mixed,32,2,0.0625,4.0,16,0,512,2048,608,215.871,271.422,216.062,0.0034
mixed,32,2,0.0625,4.0,16,0,1024,4096,1216,238.178,343.33,241.026,0.0271
mixed,32,2,0.0625,4.0,16,0,2048,8192,2432,285.727,489.442,292.225,0.0319
mixed,32,2,0.0625,4.0,16,0,4096,16384,4864,377.376,775.711,438.816,0.1542
mixed,32,2,0.0625,4.0,16,512,128,512,152,215.327,227.906,213.473,-0.1474
mixed,32,2,0.0625,4.0,16,512,256,1024,304,218.85,264.513,219.01,0.0035
mixed,32,2,0.0625,4.0,16,512,512,2048,608,237.408,273.41,218.656,-0.5209
mixed,32,2,0.0625,4.0,16,512,1024,4096,1216,279.008,342.979,243.996,-0.5473
mixed,32,2,0.0625,4.0,16,512,2048,8192,2432,286.11,493.507,288.801,0.013
mixed,32,2,0.0625,4.0,16,512,4096,16384,4864,377.793,777.696,437.219,0.1486
mixed,32,2,0.0625,4.0,16,1024,128,512,152,222.43,227.87,219.1,-0.6121
mixed,32,2,0.0625,4.0,16,1024,256,1024,304,222.307,240.192,225.12,0.1573
mixed,32,2,0.0625,4.0,16,1024,512,2048,608,229.057,319.138,232.802,0.0416
mixed,32,2,0.0625,4.0,16,1024,1024,4096,1216,278.718,345.442,253.663,-0.3755
mixed,32,2,0.0625,4.0,16,1024,2048,8192,2432,340.711,496.544,287.233,-0.3432
mixed,32,2,0.0625,4.0,16,1024,4096,16384,4864,379.199,775.49,379.875,0.0017
mixed,32,2,0.0625,4.0,16,2048,128,512,152,233.088,233.921,234.245,1.389
mixed,32,2,0.0625,4.0,16,2048,256,1024,304,230.272,242.596,227.553,-0.2206
mixed,32,2,0.0625,4.0,16,2048,512,2048,608,231.872,314.815,246.37,0.1748
mixed,32,2,0.0625,4.0,16,2048,1024,4096,1216,252.033,424.737,257.63,0.0324
mixed,32,2,0.0625,4.0,16,2048,2048,8192,2432,337.823,494.304,294.241,-0.2785
mixed,32,2,0.0625,4.0,16,2048,4096,16384,4864,457.887,783.297,381.914,-0.2335
mixed,32,2,0.0625,4.0,16,4096,128,512,152,245.342,240.161,236.802,
mixed,32,2,0.0625,4.0,16,4096,256,1024,304,241.724,280.097,244.928,0.0835
mixed,32,2,0.0625,4.0,16,4096,512,2048,608,246.047,279.585,242.338,-0.1106
mixed,32,2,0.0625,4.0,16,4096,1024,4096,1216,259.585,421.984,282.528,0.1413
mixed,32,2,0.0625,4.0,16,4096,2048,8192,2432,298.883,635.677,302.59,0.011
mixed,32,2,0.0625,4.0,16,4096,4096,16384,4864,461.349,776.032,380.896,-0.2557
mixed,32,2,0.0625,4.0,16,8192,128,512,152,256.991,267.075,257.695,0.0698
mixed,32,2,0.0625,4.0,16,8192,256,1024,304,258.688,266.429,257.791,-0.1159
mixed,32,2,0.0625,4.0,16,8192,512,2048,608,272.064,345.058,264.157,-0.1083
mixed,32,2,0.0625,4.0,16,8192,1024,4096,1216,267.775,355.871,275.106,0.0832
mixed,32,2,0.0625,4.0,16,8192,2048,8192,2432,309.952,626.206,349.119,0.1238
mixed,32,2,0.0625,4.0,16,8192,4096,16384,4864,453.92,1041.441,485.348,0.0535
mixed,32,2,0.0625,4.0,32,0,128,512,152,188.003,216.257,202.049,0.4971
mixed,32,2,0.0625,4.0,32,0,256,1024,304,206.497,233.119,207.232,0.0276
mixed,32,2,0.0625,4.0,32,0,512,2048,608,226.143,275.264,219.137,-0.1426
mixed,32,2,0.0625,4.0,32,0,1024,4096,1216,243.267,344.865,245.696,0.0239
mixed,32,2,0.0625,4.0,32,0,2048,8192,2432,289.727,491.486,289.473,-0.0013
mixed,32,2,0.0625,4.0,32,0,4096,16384,4864,380.738,804.255,432.449,0.1221
mixed,32,2,0.0625,4.0,32,512,128,512,152,207.87,216.765,208.671,0.0901
mixed,32,2,0.0625,4.0,32,512,256,1024,304,218.75,226.715,212.256,-0.8153
mixed,32,2,0.0625,4.0,32,512,512,2048,608,213.182,305.632,212.319,-0.0093
mixed,32,2,0.0625,4.0,32,512,1024,4096,1216,266.849,392.449,237.408,-0.2344
mixed,32,2,0.0625,4.0,32,512,2048,8192,2432,326.017,536.863,281.761,-0.2099
mixed,32,2,0.0625,4.0,32,512,4096,16384,4864,422.176,800.706,377.024,-0.1193
mixed,32,2,0.0625,4.0,32,1024,128,512,152,219.646,230.113,215.106,-0.4337
mixed,32,2,0.0625,4.0,32,1024,256,1024,304,218.688,230.754,218.465,-0.0185
mixed,32,2,0.0625,4.0,32,1024,512,2048,608,237.249,307.681,232.676,-0.0649
mixed,32,2,0.0625,4.0,32,1024,1024,4096,1216,239.006,411.427,268.993,0.1739
mixed,32,2,0.0625,4.0,32,1024,2048,8192,2432,325.602,570.879,286.431,-0.1597
mixed,32,2,0.0625,4.0,32,1024,4096,16384,4864,446.847,833.729,378.593,-0.1764
mixed,32,2,0.0625,4.0,32,2048,128,512,152,233.089,225.025,225.25,
mixed,32,2,0.0625,4.0,32,2048,256,1024,304,227.679,270.463,229.375,0.0396
mixed,32,2,0.0625,4.0,32,2048,512,2048,608,228.671,271.806,226.047,-0.0608
mixed,32,2,0.0625,4.0,32,2048,1024,4096,1216,281.281,413.312,266.208,-0.1142
mixed,32,2,0.0625,4.0,32,2048,2048,8192,2432,292.577,619.904,337.758,0.138
mixed,32,2,0.0625,4.0,32,2048,4096,16384,4864,446.72,900.227,376.353,-0.1552
mixed,32,2,0.0625,4.0,32,4096,128,512,152,241.696,249.087,243.939,0.3035
mixed,32,2,0.0625,4.0,32,4096,256,1024,304,244.96,249.57,244.35,-0.1323
mixed,32,2,0.0625,4.0,32,4096,512,2048,608,256.064,327.167,245.184,-0.153
mixed,32,2,0.0625,4.0,32,4096,1024,4096,1216,253.602,357.41,257.344,0.036
mixed,32,2,0.0625,4.0,32,4096,2048,8192,2432,357.474,615.616,334.529,-0.0889
mixed,32,2,0.0625,4.0,32,4096,4096,16384,4864,450.818,1038.371,467.519,0.0284
mixed,32,2,0.0625,4.0,32,8192,128,512,152,269.089,270.911,266.757,-1.2799
mixed,32,2,0.0625,4.0,32,8192,256,1024,304,254.4,296.003,268.546,0.34
mixed,32,2,0.0625,4.0,32,8192,512,2048,608,273.057,292.64,271.391,-0.0851
mixed,32,2,0.0625,4.0,32,8192,1024,4096,1216,309.344,455.263,295.489,-0.0949
mixed,32,2,0.0625,4.0,32,8192,2048,8192,2432,354.175,509.248,310.659,-0.2806
mixed,32,2,0.0625,4.0,32,8192,4096,16384,4864,501.059,1000.293,458.335,-0.0856
mixed,32,2,0.0625,4.0,64,0,128,512,152,166.497,189.407,178.076,0.5054
mixed,32,2,0.0625,4.0,64,0,256,1024,304,188.542,209.504,190.206,0.0794
mixed,32,2,0.0625,4.0,64,0,512,2048,608,199.615,236.898,196.098,-0.0943
mixed,32,2,0.0625,4.0,64,0,1024,4096,1216,216.224,284.769,213.537,-0.0392
mixed,32,2,0.0625,4.0,64,0,2048,8192,2432,250.56,376.831,254.88,0.0342
mixed,32,2,0.0625,4.0,64,0,4096,16384,4864,299.232,569.474,336.706,0.1387
mixed,32,2,0.0625,4.0,64,512,128,512,152,210.719,222.176,202.88,-0.6842
mixed,32,2,0.0625,4.0,64,512,256,1024,304,211.967,216.989,207.551,-0.8793
mixed,32,2,0.0625,4.0,64,512,512,2048,608,217.471,253.055,219.165,0.0476
mixed,32,2,0.0625,4.0,64,512,1024,4096,1216,215.553,315.263,234.4,0.189
mixed,32,2,0.0625,4.0,64,512,2048,8192,2432,267.36,405.825,248.733,-0.1345
mixed,32,2,0.0625,4.0,64,512,4096,16384,4864,323.776,582.4,323.232,-0.0021
mixed,32,2,0.0625,4.0,64,1024,128,512,152,214.015,207.806,212.705,
mixed,32,2,0.0625,4.0,64,1024,256,1024,304,212.0,239.905,210.814,-0.0425
mixed,32,2,0.0625,4.0,64,1024,512,2048,608,210.369,238.624,213.507,0.1111
mixed,32,2,0.0625,4.0,64,1024,1024,4096,1216,242.051,328.158,236.065,-0.0695
mixed,32,2,0.0625,4.0,64,1024,2048,8192,2432,248.159,418.11,278.141,0.1764
mixed,32,2,0.0625,4.0,64,1024,4096,16384,4864,346.176,610.402,319.136,-0.1023
mixed,32,2,0.0625,4.0,64,2048,128,512,152,221.474,224.929,220.256,-0.3525
mixed,32,2,0.0625,4.0,64,2048,256,1024,304,219.805,220.739,218.463,-1.4368
mixed,32,2,0.0625,4.0,64,2048,512,2048,608,233.789,277.76,227.424,-0.1448
mixed,32,2,0.0625,4.0,64,2048,1024,4096,1216,228.896,292.515,254.623,0.4044
mixed,32,2,0.0625,4.0,64,2048,2048,8192,2432,297.603,454.304,279.904,-0.1129
mixed,32,2,0.0625,4.0,64,2048,4096,16384,4864,344.288,638.015,359.262,0.051
mixed,32,2,0.0625,4.0,64,4096,128,512,152,236.352,236.864,245.855,18.5605
mixed,32,2,0.0625,4.0,64,4096,256,1024,304,224.541,252.544,238.912,0.5132
mixed,32,2,0.0625,4.0,64,4096,512,2048,608,236.996,247.264,239.808,0.2739
mixed,32,2,0.0625,4.0,64,4096,1024,4096,1216,270.526,362.661,255.136,-0.167
mixed,32,2,0.0625,4.0,64,4096,2048,8192,2432,268.034,393.89,312.607,0.3542
mixed,32,2,0.0625,4.0,64,4096,4096,16384,4864,378.693,709.699,361.248,-0.0527
mixed,32,2,0.0625,4.0,64,8192,128,512,152,259.935,257.889,265.244,
mixed,32,2,0.0625,4.0,64,8192,256,1024,304,272.096,274.562,264.8,-2.9586
mixed,32,2,0.0625,4.0,64,8192,512,2048,608,256.384,313.508,258.783,0.042
mixed,32,2,0.0625,4.0,64,8192,1024,4096,1216,275.646,311.555,282.591,0.1934
mixed,32,2,0.0625,4.0,64,8192,2048,8192,2432,328.448,505.472,310.848,-0.0994
mixed,32,2,0.0625,4.0,64,8192,4096,16384,4864,383.106,593.824,424.002,0.1941
mixed,32,2,0.0625,4.0,128,0,128,512,152,173.856,205.857,198.562,0.772
mixed,32,2,0.0625,4.0,128,0,256,1024,304,197.887,213.119,201.213,0.2184
mixed,32,2,0.0625,4.0,128,0,512,2048,608,204.959,245.505,218.115,0.3245
mixed,32,2,0.0625,4.0,128,0,1024,4096,1216,235.136,294.881,250.174,0.2517
mixed,32,2,0.0625,4.0,128,0,2048,8192,2432,264.415,390.368,310.495,0.3659
mixed,32,2,0.0625,4.0,128,0,4096,16384,4864,318.528,588.16,429.699,0.4123
mixed,32,2,0.0625,4.0,128,512,128,512,152,227.36,223.392,229.664,
mixed,32,2,0.0625,4.0,128,512,256,1024,304,234.753,251.684,225.216,-0.5633
mixed,32,2,0.0625,4.0,128,512,512,2048,608,224.448,244.705,229.537,0.2512
mixed,32,2,0.0625,4.0,128,512,1024,4096,1216,256.128,311.967,257.791,0.0298
mixed,32,2,0.0625,4.0,128,512,2048,8192,2432,253.472,414.272,304.706,0.3186
mixed,32,2,0.0625,4.0,128,512,4096,16384,4864,335.295,612.609,420.163,0.306
mixed,32,2,0.0625,4.0,128,1024,128,512,152,241.981,247.329,238.206,-0.7059
mixed,32,2,0.0625,4.0,128,1024,256,1024,304,237.729,240.8,244.769,2.2924
mixed,32,2,0.0625,4.0,128,1024,512,2048,608,252.577,387.743,246.399,-0.0457
mixed,32,2,0.0625,4.0,128,1024,1024,4096,1216,234.656,296.575,256.033,0.3452
mixed,32,2,0.0625,4.0,128,1024,2048,8192,2432,298.755,426.305,315.517,0.1314
mixed,32,2,0.0625,4.0,128,1024,4096,16384,4864,314.655,604.32,418.112,0.3572
mixed,32,2,0.0625,4.0,128,2048,128,512,152,245.216,248.895,249.28,1.1046
mixed,32,2,0.0625,4.0,128,2048,256,1024,304,251.906,274.081,251.037,-0.0392
mixed,32,2,0.0625,4.0,128,2048,512,2048,608,245.246,267.555,250.718,0.2453
mixed,32,2,0.0625,4.0,128,2048,1024,4096,1216,279.521,354.112,281.152,0.0219
mixed,32,2,0.0625,4.0,128,2048,2048,8192,2432,273.922,396.833,312.033,0.3101
mixed,32,2,0.0625,4.0,128,2048,4096,16384,4864,374.72,637.761,426.207,0.1957
mixed,32,2,0.0625,4.0,128,4096,128,512,152,265.854,291.869,275.679,0.3777
mixed,32,2,0.0625,4.0,128,4096,256,1024,304,282.306,290.335,275.231,-0.8812
mixed,32,2,0.0625,4.0,128,4096,512,2048,608,295.169,328.447,293.666,-0.0452
mixed,32,2,0.0625,4.0,128,4096,1024,4096,1216,293.729,330.978,284.449,-0.2491
mixed,32,2,0.0625,4.0,128,4096,2048,8192,2432,344.993,490.627,342.879,-0.0145
mixed,32,2,0.0625,4.0,128,4096,4096,16384,4864,346.977,596.703,436.576,0.3588
mixed,32,2,0.0625,4.0,128,8192,128,512,152,319.807,344.255,318.27,-0.0629
mixed,32,2,0.0625,4.0,128,8192,256,1024,304,328.353,377.343,332.771,0.0902
mixed,32,2,0.0625,4.0,128,8192,512,2048,608,349.278,357.952,347.2,-0.2396
mixed,32,2,0.0625,4.0,128,8192,1024,4096,1216,382.27,429.311,375.454,-0.1449
mixed,32,2,0.0625,4.0,128,8192,2048,8192,2432,357.984,430.468,357.89,-0.0013
mixed,32,2,0.0625,4.0,128,8192,4096,16384,4864,469.22,756.737,464.831,-0.0153
mixed,32,2,0.0625,4.0,256,0,128,512,152,200.323,223.362,215.68,0.6666
mixed,32,2,0.0625,4.0,256,0,256,1024,304,221.794,239.489,236.735,0.8444
mixed,32,2,0.0625,4.0,256,0,512,2048,608,226.113,270.722,261.02,0.7825
mixed,32,2,0.0625,4.0,256,0,1024,4096,1216,245.665,325.601,314.591,0.8623
mixed,32,2,0.0625,4.0,256,0,2048,8192,2432,281.855,435.165,422.946,0.9203
mixed,32,2,0.0625,4.0,256,0,4096,16384,4864,351.007,649.124,630.945,0.939
mixed,32,2,0.0625,4.0,256,512,128,512,152,276.898,291.648,273.692,-0.2174
mixed,32,2,0.0625,4.0,256,512,256,1024,304,281.954,303.647,283.069,0.0514
mixed,32,2,0.0625,4.0,256,512,512,2048,608,295.329,268.544,292.515,
mixed,32,2,0.0625,4.0,256,512,1024,4096,1216,246.881,332.545,311.007,0.7486
mixed,32,2,0.0625,4.0,256,512,2048,8192,2432,283.104,439.841,419.36,0.8693
mixed,32,2,0.0625,4.0,256,512,4096,16384,4864,353.797,656.964,632.095,0.918
mixed,32,2,0.0625,4.0,256,1024,128,512,152,290.211,305.636,290.878,0.0432
mixed,32,2,0.0625,4.0,256,1024,256,1024,304,295.294,318.591,292.544,-0.118
mixed,32,2,0.0625,4.0,256,1024,512,2048,608,308.096,269.024,306.305,
mixed,32,2,0.0625,4.0,256,1024,1024,4096,1216,320.578,331.652,343.329,2.0545
mixed,32,2,0.0625,4.0,256,1024,2048,8192,2432,281.151,440.671,420.161,0.8714
mixed,32,2,0.0625,4.0,256,1024,4096,16384,4864,356.032,662.978,631.362,0.897
mixed,32,2,0.0625,4.0,256,2048,128,512,152,313.279,332.383,315.358,0.1088
mixed,32,2,0.0625,4.0,256,2048,256,1024,304,322.016,355.201,322.017,0.0
mixed,32,2,0.0625,4.0,256,2048,512,2048,608,337.375,371.581,333.441,-0.115
mixed,32,2,0.0625,4.0,256,2048,1024,4096,1216,364.863,324.162,358.274,
mixed,32,2,0.0625,4.0,256,2048,2048,8192,2432,381.633,438.466,450.785,1.2168
mixed,32,2,0.0625,4.0,256,2048,4096,16384,4864,353.153,657.568,634.338,0.9237
mixed,32,2,0.0625,4.0,256,4096,128,512,152,365.153,384.576,364.576,-0.0297
mixed,32,2,0.0625,4.0,256,4096,256,1024,304,374.016,410.852,372.034,-0.0538
mixed,32,2,0.0625,4.0,256,4096,512,2048,608,390.209,459.618,385.824,-0.0632
mixed,32,2,0.0625,4.0,256,4096,1024,4096,1216,419.522,478.044,410.495,-0.1542
mixed,32,2,0.0625,4.0,256,4096,2048,8192,2432,479.233,438.943,459.007,
mixed,32,2,0.0625,4.0,256,4096,4096,16384,4864,498.564,659.685,657.504,0.9865
mixed,32,2,0.0625,4.0,256,8192,128,512,152,465.023,489.765,462.979,-0.0826
mixed,32,2,0.0625,4.0,256,8192,256,1024,304,463.551,516.896,462.784,-0.0144
mixed,32,2,0.0625,4.0,256,8192,512,2048,608,497.155,565.506,493.378,-0.0553
mixed,32,2,0.0625,4.0,256,8192,1024,4096,1216,525.44,665.216,518.879,-0.0469
mixed,32,2,0.0625,4.0,256,8192,2048,8192,2432,581.533,687.042,566.849,-0.1392
mixed,32,2,0.0625,4.0,256,8192,4096,16384,4864,708.161,655.619,668.706,
mixed,32,2,0.0625,4.0,512,0,128,512,152,327.842,326.143,316.672,
mixed,32,2,0.0625,4.0,512,0,256,1024,304,325.986,350.435,347.23,0.8689
mixed,32,2,0.0625,4.0,512,0,512,2048,608,319.874,413.729,383.33,0.6761
mixed,32,2,0.0625,4.0,512,0,1024,4096,1216,352.833,518.175,507.714,0.9367
mixed,32,2,0.0625,4.0,512,0,2048,8192,2432,434.751,727.716,711.777,0.9456
mixed,32,2,0.0625,4.0,512,0,4096,16384,4864,546.814,1136.129,1111.774,0.9587
mixed,32,2,0.0625,4.0,512,512,128,512,152,347.167,367.136,341.151,-0.3013
mixed,32,2,0.0625,4.0,512,512,256,1024,304,337.826,394.014,352.514,0.2614
mixed,32,2,0.0625,4.0,512,512,512,2048,608,363.361,451.424,383.621,0.2301
mixed,32,2,0.0625,4.0,512,512,1024,4096,1216,406.785,557.473,500.741,0.6235
mixed,32,2,0.0625,4.0,512,512,2048,8192,2432,457.504,758.048,710.242,0.8409
mixed,32,2,0.0625,4.0,512,512,4096,16384,4864,595.232,1168.768,1110.656,0.8987
mixed,32,2,0.0625,4.0,512,1024,128,512,152,366.853,383.713,372.672,0.3451
mixed,32,2,0.0625,4.0,512,1024,256,1024,304,376.452,423.713,376.192,-0.0055
mixed,32,2,0.0625,4.0,512,1024,512,2048,608,389.314,461.055,394.305,0.0696
mixed,32,2,0.0625,4.0,512,1024,1024,4096,1216,431.873,572.448,512.323,0.5723
mixed,32,2,0.0625,4.0,512,1024,2048,8192,2432,502.242,773.92,716.897,0.7901
mixed,32,2,0.0625,4.0,512,1024,4096,16384,4864,620.93,1211.428,1125.088,0.8538
mixed,32,2,0.0625,4.0,512,2048,128,512,152,418.528,428.961,411.967,-0.6289
mixed,32,2,0.0625,4.0,512,2048,256,1024,304,412.674,469.859,427.97,0.2675
mixed,32,2,0.0625,4.0,512,2048,512,2048,608,446.525,526.017,441.761,-0.0599
mixed,32,2,0.0625,4.0,512,2048,1024,4096,1216,483.872,639.746,502.561,0.1199
mixed,32,2,0.0625,4.0,512,2048,2048,8192,2432,543.042,833.632,711.297,0.579
mixed,32,2,0.0625,4.0,512,2048,4096,16384,4864,665.632,1245.216,1120.96,0.7856
mixed,32,2,0.0625,4.0,512,4096,128,512,152,530.27,534.052,517.825,-3.2906
mixed,32,2,0.0625,4.0,512,4096,256,1024,304,534.403,564.673,525.314,-0.3003
mixed,32,2,0.0625,4.0,512,4096,512,2048,608,556.706,632.704,529.571,-0.357
mixed,32,2,0.0625,4.0,512,4096,1024,4096,1216,581.477,737.951,570.881,-0.0677
mixed,32,2,0.0625,4.0,512,4096,2048,8192,2432,649.475,940.193,700.033,0.1739
mixed,32,2,0.0625,4.0,512,4096,4096,16384,4864,773.216,1374.081,1128.833,0.5918
mixed,32,2,0.0625,4.0,512,8192,128,512,152,726.688,742.05,727.744,0.0687
mixed,32,2,0.0625,4.0,512,8192,256,1024,304,740.834,764.866,734.241,-0.2743
mixed,32,2,0.0625,4.0,512,8192,512,2048,608,739.201,824.894,715.07,-0.2816
mixed,32,2,0.0625,4.0,512,8192,1024,4096,1216,785.027,933.189,770.595,-0.0974
mixed,32,2,0.0625,4.0,512,8192,2048,8192,2432,851.682,1140.098,822.977,-0.0995
mixed,32,2,0.0625,4.0,512,8192,4096,16384,4864,977.249,1546.561,1120.705,0.252
mixed,32,2,0.0625,4.0,1024,0,128,512,152,523.972,537.958,527.365,0.2426
mixed,32,2,0.0625,4.0,1024,0,256,1024,304,532.862,561.31,535.872,0.1058
mixed,32,2,0.0625,4.0,1024,0,512,2048,608,546.661,602.21,543.809,-0.0513
mixed,32,2,0.0625,4.0,1024,0,1024,4096,1216,578.113,683.263,593.503,0.1464
mixed,32,2,0.0625,4.0,1024,0,2048,8192,2432,626.589,838.141,639.203,0.0596
mixed,32,2,0.0625,4.0,1024,0,4096,16384,4864,719.906,1123.809,765.22,0.1122
mixed,32,2,0.0625,4.0,1024,512,128,512,152,639.592,655.075,634.113,-0.3539
mixed,32,2,0.0625,4.0,1024,512,256,1024,304,644.672,674.943,640.289,-0.1448
mixed,32,2,0.0625,4.0,1024,512,512,2048,608,654.656,716.607,654.562,-0.0015
mixed,32,2,0.0625,4.0,1024,512,1024,4096,1216,683.939,786.177,688.031,0.04
mixed,32,2,0.0625,4.0,1024,512,2048,8192,2432,738.24,944.29,742.884,0.0225
mixed,32,2,0.0625,4.0,1024,512,4096,16384,4864,842.336,1231.454,888.291,0.1181
mixed,32,2,0.0625,4.0,1024,1024,128,512,152,688.934,699.329,672.223,-1.6076
mixed,32,2,0.0625,4.0,1024,1024,256,1024,304,700.228,726.752,681.249,-0.7155
mixed,32,2,0.0625,4.0,1024,1024,512,2048,608,703.042,778.915,705.411,0.0312
mixed,32,2,0.0625,4.0,1024,1024,1024,4096,1216,725.536,849.698,739.807,0.1149
mixed,32,2,0.0625,4.0,1024,1024,2048,8192,2432,774.654,979.751,785.63,0.0535
mixed,32,2,0.0625,4.0,1024,1024,4096,16384,4864,870.337,1284.291,927.07,0.1371
mixed,32,2,0.0625,4.0,1024,2048,128,512,152,761.215,775.265,755.521,-0.4053
mixed,32,2,0.0625,4.0,1024,2048,256,1024,304,772.29,794.304,762.334,-0.4523
mixed,32,2,0.0625,4.0,1024,2048,512,2048,608,783.623,845.632,787.683,0.0655
mixed,32,2,0.0625,4.0,1024,2048,1024,4096,1216,815.617,922.912,811.264,-0.0406
mixed,32,2,0.0625,4.0,1024,2048,2048,8192,2432,854.527,1068.582,863.844,0.0435
mixed,32,2,0.0625,4.0,1024,2048,4096,16384,4864,949.54,1350.303,1006.653,0.1425
mixed,32,2,0.0625,4.0,1024,4096,128,512,152,929.631,948.802,914.05,-0.8127
mixed,32,2,0.0625,4.0,1024,4096,256,1024,304,927.841,969.477,947.265,0.4665
mixed,32,2,0.0625,4.0,1024,4096,512,2048,608,942.211,1012.828,952.485,0.1455
mixed,32,2,0.0625,4.0,1024,4096,1024,4096,1216,965.57,1077.727,984.385,0.1678
mixed,32,2,0.0625,4.0,1024,4096,2048,8192,2432,1032.992,1230.337,1019.806,-0.0668
mixed,32,2,0.0625,4.0,1024,4096,4096,16384,4864,1107.781,1506.182,1168.123,0.1515
mixed,32,2,0.0625,4.0,1024,8192,128,512,152,1239.808,1265.731,1245.919,0.2357
mixed,32,2,0.0625,4.0,1024,8192,256,1024,304,1264.773,1300.038,1256.768,-0.227
mixed,32,2,0.0625,4.0,1024,8192,512,2048,608,1276.384,1334.241,1270.753,-0.0973
mixed,32,2,0.0625,4.0,1024,8192,1024,4096,1216,1303.683,1415.327,1314.976,0.1012
mixed,32,2,0.0625,4.0,1024,8192,2048,8192,2432,1350.753,1563.998,1345.789,-0.0233
mixed,32,2,0.0625,4.0,1024,8192,4096,16384,4864,1439.813,1831.943,1493.445,0.1368
mixed,32,2,0.0625,4.0,2048,0,128,512,152,845.409,870.372,850.947,0.2218
mixed,32,2,0.0625,4.0,2048,0,256,1024,304,860.095,890.529,862.241,0.0705
mixed,32,2,0.0625,4.0,2048,0,512,2048,608,872.418,925.149,867.137,-0.1001
mixed,32,2,0.0625,4.0,2048,0,1024,4096,1216,897.794,1006.017,899.676,0.0174
mixed,32,2,0.0625,4.0,2048,0,2048,8192,2432,942.881,1152.543,950.629,0.037
mixed,32,2,0.0625,4.0,2048,0,4096,16384,4864,1033.472,1439.712,1092.415,0.1451
mixed,32,2,0.0625,4.0,2048,512,128,512,152,1005.088,1019.616,1001.666,-0.2355
mixed,32,2,0.0625,4.0,2048,512,256,1024,304,1010.274,1043.076,1015.935,0.1726
mixed,32,2,0.0625,4.0,2048,512,512,2048,608,1026.243,1091.171,1024.322,-0.0296
mixed,32,2,0.0625,4.0,2048,512,1024,4096,1216,1048.352,1168.964,1055.582,0.0599
mixed,32,2,0.0625,4.0,2048,512,2048,8192,2432,1102.114,1303.718,1102.115,0.0
mixed,32,2,0.0625,4.0,2048,512,4096,16384,4864,1190.118,1595.239,1240.262,0.1238
mixed,32,2,0.0625,4.0,2048,1024,128,512,152,1054.146,1079.46,1062.243,0.3199
mixed,32,2,0.0625,4.0,2048,1024,256,1024,304,1068.961,1103.23,1066.499,-0.0718
mixed,32,2,0.0625,4.0,2048,1024,512,2048,608,1088.48,1141.732,1081.953,-0.1226
mixed,32,2,0.0625,4.0,2048,1024,1024,4096,1216,1110.723,1213.798,1105.757,-0.0482
mixed,32,2,0.0625,4.0,2048,1024,2048,8192,2432,1156.766,1361.925,1165.153,0.0409
mixed,32,2,0.0625,4.0,2048,1024,4096,16384,4864,1249.605,1643.491,1299.269,0.1261
mixed,32,2,0.0625,4.0,2048,2048,128,512,152,1174.625,1186.401,1173.503,-0.0953
mixed,32,2,0.0625,4.0,2048,2048,256,1024,304,1188.389,1210.111,1186.952,-0.0662
mixed,32,2,0.0625,4.0,2048,2048,512,2048,608,1191.013,1259.877,1205.474,0.21
mixed,32,2,0.0625,4.0,2048,2048,1024,4096,1216,1224.482,1326.879,1222.43,-0.02
mixed,32,2,0.0625,4.0,2048,2048,2048,8192,2432,1273.311,1464.87,1265.285,-0.0419
mixed,32,2,0.0625,4.0,2048,2048,4096,16384,4864,1358.403,1758.688,1412.126,0.1342
mixed,32,2,0.0625,4.0,2048,4096,128,512,152,1431.199,1437.473,1433.504,0.3674
mixed,32,2,0.0625,4.0,2048,4096,256,1024,304,1433.502,1469.38,1441.316,0.2178
mixed,32,2,0.0625,4.0,2048,4096,512,2048,608,1445.734,1500.966,1448.896,0.0572
mixed,32,2,0.0625,4.0,2048,4096,1024,4096,1216,1479.457,1577.831,1471.334,-0.0826
mixed,32,2,0.0625,4.0,2048,4096,2048,8192,2432,1514.759,1714.115,1515.905,0.0057
mixed,32,2,0.0625,4.0,2048,4096,4096,16384,4864,1604.196,2002.338,1661.988,0.1452
mixed,32,2,0.0625,4.0,2048,8192,128,512,152,1872.744,1914.69,1890.978,0.4347
mixed,32,2,0.0625,4.0,2048,8192,256,1024,304,1904.614,1932.576,1903.139,-0.0528
mixed,32,2,0.0625,4.0,2048,8192,512,2048,608,1915.485,1965.255,1906.693,-0.1767
mixed,32,2,0.0625,4.0,2048,8192,1024,4096,1216,1941.121,2041.126,1934.502,-0.0662
mixed,32,2,0.0625,4.0,2048,8192,2048,8192,2432,1989.7,2189.538,1989.572,-0.0006
mixed,32,2,0.0625,4.0,2048,8192,4096,16384,4864,2060.834,2459.594,2116.422,0.1394
pure,32,3,0.0938,4.0,0,0,128,512,164,163.171,193.442,178.368,0.502
pure,32,3,0.0938,4.0,0,0,256,1024,328,188.156,207.905,188.481,0.0165
pure,32,3,0.0938,4.0,0,0,512,2048,656,198.18,251.168,200.895,0.0512
pure,32,3,0.0938,4.0,0,0,1024,4096,1312,225.341,322.561,225.021,-0.0033
pure,32,3,0.0938,4.0,0,0,2048,8192,2624,269.123,470.145,274.432,0.0264
pure,32,3,0.0938,4.0,0,0,4096,16384,5248,359.649,753.857,372.576,0.0328
mixed,32,3,0.0938,4.0,16,0,128,512,164,177.631,205.535,189.986,0.4428
mixed,32,3,0.0938,4.0,16,0,256,1024,328,199.968,222.051,197.41,-0.1158
mixed,32,3,0.0938,4.0,16,0,512,2048,656,204.736,262.177,207.457,0.0474
mixed,32,3,0.0938,4.0,16,0,1024,4096,1312,236.735,335.204,233.215,-0.0357
mixed,32,3,0.0938,4.0,16,0,2048,8192,2624,279.777,477.728,286.528,0.0341
mixed,32,3,0.0938,4.0,16,0,4096,16384,5248,376.351,767.839,384.0,0.0195
mixed,32,3,0.0938,4.0,16,512,128,512,164,203.617,214.88,202.43,-0.1054
mixed,32,3,0.0938,4.0,16,512,256,1024,328,212.478,255.296,216.83,0.1016
mixed,32,3,0.0938,4.0,16,512,512,2048,656,211.807,263.843,211.936,0.0025
mixed,32,3,0.0938,4.0,16,512,1024,4096,1312,265.666,337.792,237.502,-0.3905
mixed,32,3,0.0938,4.0,16,512,2048,8192,2624,278.592,483.744,286.048,0.0363
mixed,32,3,0.0938,4.0,16,512,4096,16384,5248,379.747,764.066,378.272,-0.0038
mixed,32,3,0.0938,4.0,16,1024,128,512,164,206.592,216.998,206.56,-0.0031
mixed,32,3,0.0938,4.0,16,1024,256,1024,328,209.312,235.296,213.119,0.1465
mixed,32,3,0.0938,4.0,16,1024,512,2048,656,219.138,306.592,233.377,0.1628
mixed,32,3,0.0938,4.0,16,1024,1024,4096,1312,236.352,339.071,237.822,0.0143
mixed,32,3,0.0938,4.0,16,1024,2048,8192,2624,341.312,479.869,284.42,-0.4106
mixed,32,3,0.0938,4.0,16,1024,4096,16384,5248,378.847,768.069,380.795,0.005
mixed,32,3,0.0938,4.0,16,2048,128,512,164,224.066,224.738,218.719,-7.9568
mixed,32,3,0.0938,4.0,16,2048,256,1024,328,221.792,233.988,221.664,-0.0105
mixed,32,3,0.0938,4.0,16,2048,512,2048,656,228.386,306.72,224.544,-0.049
mixed,32,3,0.0938,4.0,16,2048,1024,4096,1312,243.491,412.481,272.448,0.1714
mixed,32,3,0.0938,4.0,16,2048,2048,8192,2624,337.92,483.3,293.922,-0.3026
mixed,32,3,0.0938,4.0,16,2048,4096,16384,5248,472.416,769.25,382.721,-0.3022
mixed,32,3,0.0938,4.0,16,4096,128,512,164,237.119,231.582,225.569,
mixed,32,3,0.0938,4.0,16,4096,256,1024,328,229.631,270.494,236.45,0.1669
mixed,32,3,0.0938,4.0,16,4096,512,2048,656,236.545,271.966,234.692,-0.0523
mixed,32,3,0.0938,4.0,16,4096,1024,4096,1312,250.561,410.209,270.372,0.1241
mixed,32,3,0.0938,4.0,16,4096,2048,8192,2624,287.837,623.106,343.711,0.1667
mixed,32,3,0.0938,4.0,16,4096,4096,16384,5248,472.128,765.537,384.226,-0.2996
mixed,32,3,0.0938,4.0,16,8192,128,512,164,247.614,259.649,246.623,-0.0823
mixed,32,3,0.0938,4.0,16,8192,256,1024,328,250.463,255.425,250.43,-0.0067
mixed,32,3,0.0938,4.0,16,8192,512,2048,656,250.693,334.525,255.585,0.0584
mixed,32,3,0.0938,4.0,16,8192,1024,4096,1312,289.282,352.99,262.114,-0.4264
mixed,32,3,0.0938,4.0,16,8192,2048,8192,2624,309.184,614.21,340.194,0.1017
mixed,32,3,0.0938,4.0,16,8192,4096,16384,5248,466.079,1046.529,484.416,0.0316
mixed,32,3,0.0938,4.0,32,0,128,512,164,179.105,203.777,192.288,0.5343
mixed,32,3,0.0938,4.0,32,0,256,1024,328,207.041,225.119,197.634,-0.5204
mixed,32,3,0.0938,4.0,32,0,512,2048,656,216.801,264.224,207.364,-0.199
mixed,32,3,0.0938,4.0,32,0,1024,4096,1312,235.682,335.103,240.062,0.0441
mixed,32,3,0.0938,4.0,32,0,2048,8192,2624,282.338,479.744,284.507,0.011
mixed,32,3,0.0938,4.0,32,0,4096,16384,5248,378.177,764.16,384.129,0.0154
mixed,32,3,0.0938,4.0,32,512,128,512,164,209.086,217.311,207.969,-0.1358
mixed,32,3,0.0938,4.0,32,512,256,1024,328,209.534,227.715,212.355,0.1552
mixed,32,3,0.0938,4.0,32,512,512,2048,656,212.001,306.913,233.666,0.2283
mixed,32,3,0.0938,4.0,32,512,1024,4096,1312,237.473,394.53,265.792,0.1803
mixed,32,3,0.0938,4.0,32,512,2048,8192,2624,332.482,535.328,283.808,-0.24
mixed,32,3,0.0938,4.0,32,512,4096,16384,5248,435.487,803.617,383.04,-0.1425
mixed,32,3,0.0938,4.0,32,1024,128,512,164,222.081,229.12,214.563,-1.068
mixed,32,3,0.0938,4.0,32,1024,256,1024,328,219.359,231.614,215.842,-0.287
mixed,32,3,0.0938,4.0,32,1024,512,2048,656,225.671,306.303,219.84,-0.0723
mixed,32,3,0.0938,4.0,32,1024,1024,4096,1312,240.226,413.475,273.377,0.1913
mixed,32,3,0.0938,4.0,32,1024,2048,8192,2624,336.706,567.618,342.817,0.0265
mixed,32,3,0.0938,4.0,32,1024,4096,16384,5248,459.679,837.087,383.363,-0.2022
mixed,32,3,0.0938,4.0,32,2048,128,512,164,230.783,225.283,224.481,
mixed,32,3,0.0938,4.0,32,2048,256,1024,328,230.785,269.537,228.193,-0.0669
mixed,32,3,0.0938,4.0,32,2048,512,2048,656,227.104,275.074,226.464,-0.0133
mixed,32,3,0.0938,4.0,32,2048,1024,4096,1312,280.991,411.812,270.974,-0.0766
mixed,32,3,0.0938,4.0,32,2048,2048,8192,2624,300.928,618.4,340.099,0.1234
mixed,32,3,0.0938,4.0,32,2048,4096,16384,5248,466.08,906.563,462.848,-0.0073
mixed,32,3,0.0938,4.0,32,4096,128,512,164,242.172,245.344,242.016,-0.0492
mixed,32,3,0.0938,4.0,32,4096,256,1024,328,243.773,252.035,242.661,-0.1346
mixed,32,3,0.0938,4.0,32,4096,512,2048,656,250.042,326.307,248.418,-0.0213
mixed,32,3,0.0938,4.0,32,4096,1024,4096,1312,282.623,357.185,256.608,-0.3489
mixed,32,3,0.0938,4.0,32,4096,2048,8192,2624,365.537,615.456,337.951,-0.1104
mixed,32,3,0.0938,4.0,32,4096,4096,16384,5248,465.184,1029.023,474.785,0.017
mixed,32,3,0.0938,4.0,32,8192,128,512,164,268.319,265.313,265.822,
mixed,32,3,0.0938,4.0,32,8192,256,1024,328,267.585,294.817,268.447,0.0317
mixed,32,3,0.0938,4.0,32,8192,512,2048,656,271.551,293.374,269.407,-0.0982
mixed,32,3,0.0938,4.0,32,8192,1024,4096,1312,314.176,452.225,296.225,-0.13
mixed,32,3,0.0938,4.0,32,8192,2048,8192,2624,360.03,511.074,381.954,0.1451
mixed,32,3,0.0938,4.0,32,8192,4096,16384,5248,517.151,999.967,471.872,-0.0938
mixed,32,3,0.0938,4.0,64,0,128,512,164,164.195,187.486,176.863,0.5439
mixed,32,3,0.0938,4.0,64,0,256,1024,328,185.41,208.033,185.184,-0.01
mixed,32,3,0.0938,4.0,64,0,512,2048,656,192.865,231.615,194.016,0.0297
mixed,32,3,0.0938,4.0,64,0,1024,4096,1312,228.126,276.19,214.975,-0.2736
mixed,32,3,0.0938,4.0,64,0,2048,8192,2624,247.68,374.717,254.145,0.0509
mixed,32,3,0.0938,4.0,64,0,4096,16384,5248,307.585,565.695,332.673,0.0972
mixed,32,3,0.0938,4.0,64,512,128,512,164,207.58,218.115,203.326,-0.4038
mixed,32,3,0.0938,4.0,64,512,256,1024,328,213.824,209.983,207.265,
mixed,32,3,0.0938,4.0,64,512,512,2048,656,209.441,255.2,203.325,-0.1337
mixed,32,3,0.0938,4.0,64,512,1024,4096,1312,216.159,306.944,234.946,0.2069
mixed,32,3,0.0938,4.0,64,512,2048,8192,2624,271.39,402.752,256.001,-0.1171
mixed,32,3,0.0938,4.0,64,512,4096,16384,5248,346.05,596.767,319.902,-0.1043
mixed,32,3,0.0938,4.0,64,1024,128,512,164,208.257,208.16,205.825,
mixed,32,3,0.0938,4.0,64,1024,256,1024,328,214.657,237.95,214.69,0.0014
mixed,32,3,0.0938,4.0,64,1024,512,2048,656,211.649,237.889,209.764,-0.0718
mixed,32,3,0.0938,4.0,64,1024,1024,4096,1312,243.68,319.937,243.041,-0.0084
mixed,32,3,0.0938,4.0,64,1024,2048,8192,2624,257.922,414.815,277.315,0.1236
mixed,32,3,0.0938,4.0,64,1024,4096,16384,5248,347.585,616.766,320.862,-0.0993
mixed,32,3,0.0938,4.0,64,2048,128,512,164,220.8,225.952,221.248,0.087
mixed,32,3,0.0938,4.0,64,2048,256,1024,328,217.119,223.841,216.158,-0.143
mixed,32,3,0.0938,4.0,64,2048,512,2048,656,235.072,277.855,230.401,-0.1092
mixed,32,3,0.0938,4.0,64,2048,1024,4096,1312,247.462,297.248,227.102,-0.409
mixed,32,3,0.0938,4.0,64,2048,2048,8192,2624,294.434,462.848,278.527,-0.0945
mixed,32,3,0.0938,4.0,64,2048,4096,16384,5248,351.65,650.146,363.234,0.0388
mixed,32,3,0.0938,4.0,64,4096,128,512,164,236.03,235.937,236.993,
mixed,32,3,0.0938,4.0,64,4096,256,1024,328,242.943,258.464,235.167,-0.501
mixed,32,3,0.0938,4.0,64,4096,512,2048,656,239.841,253.185,252.863,0.9759
mixed,32,3,0.0938,4.0,64,4096,1024,4096,1312,277.952,362.978,266.625,-0.1332
mixed,32,3,0.0938,4.0,64,4096,2048,8192,2624,294.562,399.648,312.193,0.1678
mixed,32,3,0.0938,4.0,64,4096,4096,16384,5248,384.383,721.501,358.977,-0.0754
mixed,32,3,0.0938,4.0,64,8192,128,512,164,253.726,256.319,265.376,4.4929
mixed,32,3,0.0938,4.0,64,8192,256,1024,328,266.977,273.087,273.181,1.0154
mixed,32,3,0.0938,4.0,64,8192,512,2048,656,262.08,312.644,276.512,0.2854
mixed,32,3,0.0938,4.0,64,8192,1024,4096,1312,278.819,315.455,303.612,0.6767
mixed,32,3,0.0938,4.0,64,8192,2048,8192,2624,336.544,505.473,424.67,0.5217
mixed,32,3,0.0938,4.0,64,8192,4096,16384,5248,398.177,595.681,426.562,0.1437
mixed,32,3,0.0938,4.0,128,0,128,512,164,175.069,203.743,195.36,0.7076
mixed,32,3,0.0938,4.0,128,0,256,1024,328,199.744,212.096,200.417,0.0545
mixed,32,3,0.0938,4.0,128,0,512,2048,656,202.529,249.376,214.306,0.2514
mixed,32,3,0.0938,4.0,128,0,1024,4096,1312,221.119,293.728,249.086,0.3852
mixed,32,3,0.0938,4.0,128,0,2048,8192,2624,259.647,391.647,315.907,0.4262
mixed,32,3,0.0938,4.0,128,0,4096,16384,5248,325.535,589.346,430.531,0.398
mixed,32,3,0.0938,4.0,128,512,128,512,164,222.242,224.123,232.547,5.4785
mixed,32,3,0.0938,4.0,128,512,256,1024,328,227.135,249.441,225.921,-0.0544
mixed,32,3,0.0938,4.0,128,512,512,2048,656,221.504,244.161,242.046,0.9067
mixed,32,3,0.0938,4.0,128,512,1024,4096,1312,260.897,316.864,267.52,0.1183
mixed,32,3,0.0938,4.0,128,512,2048,8192,2624,259.548,420.77,311.583,0.3228
mixed,32,3,0.0938,4.0,128,512,4096,16384,5248,353.791,594.242,430.433,0.3187
mixed,32,3,0.0938,4.0,128,1024,128,512,164,239.683,245.982,236.193,-0.5541
mixed,32,3,0.0938,4.0,128,1024,256,1024,328,240.097,245.025,235.745,-0.8831
mixed,32,3,0.0938,4.0,128,1024,512,2048,656,254.916,287.362,248.29,-0.2042
mixed,32,3,0.0938,4.0,128,1024,1024,4096,1312,240.19,293.313,268.8,0.5386
mixed,32,3,0.0938,4.0,128,1024,2048,8192,2624,303.55,422.53,311.074,0.0632
mixed,32,3,0.0938,4.0,128,1024,4096,16384,5248,357.153,601.314,432.641,0.3092
mixed,32,3,0.0938,4.0,128,2048,128,512,164,247.999,253.407,242.174,-1.0771
mixed,32,3,0.0938,4.0,128,2048,256,1024,328,260.896,276.0,267.552,0.4407
mixed,32,3,0.0938,4.0,128,2048,512,2048,656,251.776,265.924,264.863,0.925
mixed,32,3,0.0938,4.0,128,2048,1024,4096,1312,290.847,360.956,277.857,-0.1853
mixed,32,3,0.0938,4.0,128,2048,2048,8192,2624,278.784,393.76,325.892,0.4097
mixed,32,3,0.0938,4.0,128,2048,4096,16384,5248,387.265,628.768,425.826,0.1597
mixed,32,3,0.0938,4.0,128,4096,128,512,164,266.529,287.812,270.528,0.1879
mixed,32,3,0.0938,4.0,128,4096,256,1024,328,284.799,293.117,278.24,-0.7885
mixed,32,3,0.0938,4.0,128,4096,512,2048,656,300.129,326.496,315.296,0.5752
mixed,32,3,0.0938,4.0,128,4096,1024,4096,1312,285.92,317.121,318.495,1.044
mixed,32,3,0.0938,4.0,128,4096,2048,8192,2624,353.506,489.664,351.007,-0.0184
mixed,32,3,0.0938,4.0,128,4096,4096,16384,5248,406.722,598.269,444.319,0.1963
mixed,32,3,0.0938,4.0,128,8192,128,512,164,320.576,346.015,324.735,0.1635
mixed,32,3,0.0938,4.0,128,8192,256,1024,328,329.376,370.754,328.736,-0.0155
mixed,32,3,0.0938,4.0,128,8192,512,2048,656,353.347,357.856,341.764,-2.5689
mixed,32,3,0.0938,4.0,128,8192,1024,4096,1312,382.755,435.424,424.355,0.7898
mixed,32,3,0.0938,4.0,128,8192,2048,8192,2624,355.582,444.962,423.201,0.7565
mixed,32,3,0.0938,4.0,128,8192,4096,16384,5248,489.924,753.376,468.354,-0.0819
mixed,32,3,0.0938,4.0,256,0,128,512,164,201.6,224.091,216.577,0.6659
mixed,32,3,0.0938,4.0,256,0,256,1024,328,222.144,242.208,233.151,0.5486
mixed,32,3,0.0938,4.0,256,0,512,2048,656,227.746,269.953,262.366,0.8202
mixed,32,3,0.0938,4.0,256,0,1024,4096,1312,247.138,324.287,315.778,0.8897
mixed,32,3,0.0938,4.0,256,0,2048,8192,2624,281.922,433.537,420.831,0.9162
mixed,32,3,0.0938,4.0,256,0,4096,16384,5248,352.451,651.198,628.927,0.9255
mixed,32,3,0.0938,4.0,256,512,128,512,164,273.408,291.647,275.865,0.1347
mixed,32,3,0.0938,4.0,256,512,256,1024,328,282.37,304.768,286.527,0.1856
mixed,32,3,0.0938,4.0,256,512,512,2048,656,292.16,270.717,316.801,
mixed,32,3,0.0938,4.0,256,512,1024,4096,1312,246.435,328.864,313.664,0.8156
mixed,32,3,0.0938,4.0,256,512,2048,8192,2624,286.494,437.984,420.927,0.8874
mixed,32,3,0.0938,4.0,256,512,4096,16384,5248,358.018,660.93,631.807,0.9039
mixed,32,3,0.0938,4.0,256,1024,128,512,164,288.032,305.058,289.219,0.0697
mixed,32,3,0.0938,4.0,256,1024,256,1024,328,297.859,321.123,295.074,-0.1197
mixed,32,3,0.0938,4.0,256,1024,512,2048,656,310.56,268.61,326.977,
mixed,32,3,0.0938,4.0,256,1024,1024,4096,1312,324.609,331.361,378.942,8.0469
mixed,32,3,0.0938,4.0,256,1024,2048,8192,2624,285.312,439.619,422.723,0.8905
mixed,32,3,0.0938,4.0,256,1024,4096,16384,5248,358.788,656.705,635.873,0.9301
mixed,32,3,0.0938,4.0,256,2048,128,512,164,312.159,333.825,314.625,0.1138
mixed,32,3,0.0938,4.0,256,2048,256,1024,328,325.439,357.284,320.45,-0.1567
mixed,32,3,0.0938,4.0,256,2048,512,2048,656,338.276,371.584,347.01,0.2622
mixed,32,3,0.0938,4.0,256,2048,1024,4096,1312,368.863,321.506,405.573,
mixed,32,3,0.0938,4.0,256,2048,2048,8192,2624,385.732,441.795,520.51,2.404
mixed,32,3,0.0938,4.0,256,2048,4096,16384,5248,356.419,657.857,632.576,0.9161
mixed,32,3,0.0938,4.0,256,4096,128,512,164,359.904,385.055,363.201,0.1311
mixed,32,3,0.0938,4.0,256,4096,256,1024,328,375.3,407.392,372.096,-0.0998
mixed,32,3,0.0938,4.0,256,4096,512,2048,656,393.598,458.847,384.993,-0.1319
mixed,32,3,0.0938,4.0,256,4096,1024,4096,1312,423.838,477.217,450.239,0.4946
mixed,32,3,0.0938,4.0,256,4096,2048,8192,2624,489.569,439.488,560.386,
mixed,32,3,0.0938,4.0,256,4096,4096,16384,5248,506.977,661.695,780.064,1.7651
mixed,32,3,0.0938,4.0,256,8192,128,512,164,460.992,489.541,462.372,0.0483
mixed,32,3,0.0938,4.0,256,8192,256,1024,328,461.024,517.472,460.065,-0.017
mixed,32,3,0.0938,4.0,256,8192,512,2048,656,501.407,568.226,493.281,-0.1216
mixed,32,3,0.0938,4.0,256,8192,1024,4096,1312,528.993,666.116,514.592,-0.105
mixed,32,3,0.0938,4.0,256,8192,2048,8192,2624,593.344,685.762,661.217,0.7344
mixed,32,3,0.0938,4.0,256,8192,4096,16384,5248,722.37,654.724,875.265,
mixed,32,3,0.0938,4.0,512,0,128,512,164,319.714,310.752,315.78,
mixed,32,3,0.0938,4.0,512,0,256,1024,328,315.329,359.364,343.267,0.6344
mixed,32,3,0.0938,4.0,512,0,512,2048,656,321.412,410.463,396.543,0.8437
mixed,32,3,0.0938,4.0,512,0,1024,4096,1312,372.127,507.167,489.888,0.872
mixed,32,3,0.0938,4.0,512,0,2048,8192,2624,429.252,722.242,718.271,0.9864
mixed,32,3,0.0938,4.0,512,0,4096,16384,5248,568.196,1138.085,1116.325,0.9618
mixed,32,3,0.0938,4.0,512,512,128,512,164,351.809,363.329,345.953,-0.5083
mixed,32,3,0.0938,4.0,512,512,256,1024,328,361.217,388.898,344.162,-0.6161
mixed,32,3,0.0938,4.0,512,512,512,2048,656,363.869,450.653,406.787,0.4945
mixed,32,3,0.0938,4.0,512,512,1024,4096,1312,411.23,547.361,505.214,0.6904
mixed,32,3,0.0938,4.0,512,512,2048,8192,2624,478.852,748.703,710.786,0.8595
mixed,32,3,0.0938,4.0,512,512,4096,16384,5248,603.841,1176.193,1109.474,0.8834
mixed,32,3,0.0938,4.0,512,1024,128,512,164,373.183,397.985,366.911,-0.2529
mixed,32,3,0.0938,4.0,512,1024,256,1024,328,381.473,418.753,371.937,-0.2558
mixed,32,3,0.0938,4.0,512,1024,512,2048,656,404.831,484.547,396.161,-0.1088
mixed,32,3,0.0938,4.0,512,1024,1024,4096,1312,439.681,578.528,503.108,0.4568
mixed,32,3,0.0938,4.0,512,1024,2048,8192,2624,500.865,783.074,707.297,0.7315
mixed,32,3,0.0938,4.0,512,1024,4096,16384,5248,629.089,1197.763,1118.816,0.8612
mixed,32,3,0.0938,4.0,512,2048,128,512,164,421.505,432.32,430.016,0.787
mixed,32,3,0.0938,4.0,512,2048,256,1024,328,428.032,468.129,415.327,-0.3169
mixed,32,3,0.0938,4.0,512,2048,512,2048,656,441.376,511.266,441.215,-0.0023
mixed,32,3,0.0938,4.0,512,2048,1024,4096,1312,486.014,629.699,508.512,0.1566
mixed,32,3,0.0938,4.0,512,2048,2048,8192,2624,543.681,828.541,704.994,0.5663
mixed,32,3,0.0938,4.0,512,2048,4096,16384,5248,694.561,1240.995,1124.802,0.7874
mixed,32,3,0.0938,4.0,512,4096,128,512,164,516.741,544.799,689.7,6.1643
mixed,32,3,0.0938,4.0,512,4096,256,1024,328,537.313,565.348,529.374,-0.2832
mixed,32,3,0.0938,4.0,512,4096,512,2048,656,540.929,612.576,539.614,-0.0184
mixed,32,3,0.0938,4.0,512,4096,1024,4096,1312,594.306,743.522,572.959,-0.1431
mixed,32,3,0.0938,4.0,512,4096,2048,8192,2624,666.051,936.77,722.401,0.2081
mixed,32,3,0.0938,4.0,512,4096,4096,16384,5248,783.395,1349.28,1111.843,0.5804
mixed,32,3,0.0938,4.0,512,8192,128,512,164,734.526,730.175,734.624,
mixed,32,3,0.0938,4.0,512,8192,256,1024,328,740.545,778.593,733.38,-0.1883
mixed,32,3,0.0938,4.0,512,8192,512,2048,656,721.92,823.905,739.006,0.1675
mixed,32,3,0.0938,4.0,512,8192,1024,4096,1312,795.365,926.495,757.699,-0.2872
mixed,32,3,0.0938,4.0,512,8192,2048,8192,2624,855.009,1131.167,832.769,-0.0805
mixed,32,3,0.0938,4.0,512,8192,4096,16384,5248,986.307,1551.873,1109.442,0.2177
mixed,32,3,0.0938,4.0,1024,0,128,512,164,524.642,548.258,527.618,0.126
mixed,32,3,0.0938,4.0,1024,0,256,1024,328,543.008,566.722,533.188,-0.4141
mixed,32,3,0.0938,4.0,1024,0,512,2048,656,551.904,613.341,554.628,0.0443
mixed,32,3,0.0938,4.0,1024,0,1024,4096,1312,595.875,685.084,588.738,-0.08
mixed,32,3,0.0938,4.0,1024,0,2048,8192,2624,622.464,825.469,634.561,0.0596
mixed,32,3,0.0938,4.0,1024,0,4096,16384,5248,732.32,1117.057,748.867,0.043
mixed,32,3,0.0938,4.0,1024,512,128,512,164,627.936,661.89,639.898,0.3523
mixed,32,3,0.0938,4.0,1024,512,256,1024,328,660.511,677.219,652.836,-0.4594
mixed,32,3,0.0938,4.0,1024,512,512,2048,656,661.733,725.119,655.907,-0.0919
mixed,32,3,0.0938,4.0,1024,512,1024,4096,1312,699.359,813.375,687.236,-0.1063
mixed,32,3,0.0938,4.0,1024,512,2048,8192,2624,743.745,942.947,744.864,0.0056
mixed,32,3,0.0938,4.0,1024,512,4096,16384,5248,836.803,1240.293,845.377,0.0212
mixed,32,3,0.0938,4.0,1024,1024,128,512,164,671.171,695.871,674.626,0.1399
mixed,32,3,0.0938,4.0,1024,1024,256,1024,328,687.967,728.097,691.68,0.0925
mixed,32,3,0.0938,4.0,1024,1024,512,2048,656,696.678,770.657,695.969,-0.0096
mixed,32,3,0.0938,4.0,1024,1024,1024,4096,1312,747.558,840.033,740.095,-0.0807
mixed,32,3,0.0938,4.0,1024,1024,2048,8192,2624,783.904,988.577,797.856,0.0682
mixed,32,3,0.0938,4.0,1024,1024,4096,16384,5248,876.037,1275.139,890.816,0.037
mixed,32,3,0.0938,4.0,1024,2048,128,512,164,753.89,770.434,762.5,0.5204
mixed,32,3,0.0938,4.0,1024,2048,256,1024,328,758.148,798.339,769.694,0.2873
mixed,32,3,0.0938,4.0,1024,2048,512,2048,656,785.918,857.22,790.437,0.0634
mixed,32,3,0.0938,4.0,1024,2048,1024,4096,1312,820.393,922.468,825.6,0.051
mixed,32,3,0.0938,4.0,1024,2048,2048,8192,2624,873.666,1073.409,873.885,0.0011
mixed,32,3,0.0938,4.0,1024,2048,4096,16384,5248,957.279,1357.661,966.976,0.0242
mixed,32,3,0.0938,4.0,1024,4096,128,512,164,929.857,944.548,912.161,-1.2045
mixed,32,3,0.0938,4.0,1024,4096,256,1024,328,930.272,971.203,933.794,0.086
mixed,32,3,0.0938,4.0,1024,4096,512,2048,656,951.745,1012.126,950.978,-0.0127
mixed,32,3,0.0938,4.0,1024,4096,1024,4096,1312,977.373,1081.795,980.767,0.0325
mixed,32,3,0.0938,4.0,1024,4096,2048,8192,2624,1037.636,1230.821,1038.786,0.006
mixed,32,3,0.0938,4.0,1024,4096,4096,16384,5248,1118.564,1514.177,1126.881,0.021
mixed,32,3,0.0938,4.0,1024,8192,128,512,164,1247.81,1267.842,1242.337,-0.2732
mixed,32,3,0.0938,4.0,1024,8192,256,1024,328,1258.209,1293.633,1261.156,0.0832
mixed,32,3,0.0938,4.0,1024,8192,512,2048,656,1271.259,1344.291,1274.4,0.043
mixed,32,3,0.0938,4.0,1024,8192,1024,4096,1312,1324.159,1403.642,1316.93,-0.091
mixed,32,3,0.0938,4.0,1024,8192,2048,8192,2624,1356.766,1553.44,1374.114,0.0882
mixed,32,3,0.0938,4.0,1024,8192,4096,16384,5248,1443.1,1841.701,1458.338,0.0382
mixed,32,3,0.0938,4.0,2048,0,128,512,164,842.656,866.176,846.339,0.1566
mixed,32,3,0.0938,4.0,2048,0,256,1024,328,859.874,890.879,861.632,0.0567
mixed,32,3,0.0938,4.0,2048,0,512,2048,656,872.099,932.641,877.412,0.0878
mixed,32,3,0.0938,4.0,2048,0,1024,4096,1312,910.626,1002.849,900.132,-0.1138
mixed,32,3,0.0938,4.0,2048,0,2048,8192,2624,957.535,1146.785,959.872,0.0123
mixed,32,3,0.0938,4.0,2048,0,4096,16384,5248,1045.061,1431.232,1048.482,0.0089
mixed,32,3,0.0938,4.0,2048,512,128,512,164,1001.667,1019.968,1000.962,-0.0385
mixed,32,3,0.0938,4.0,2048,512,256,1024,328,1015.622,1045.703,1018.592,0.0987
mixed,32,3,0.0938,4.0,2048,512,512,2048,656,1030.598,1085.632,1022.817,-0.1414
mixed,32,3,0.0938,4.0,2048,512,1024,4096,1312,1064.446,1164.804,1058.275,-0.0615
mixed,32,3,0.0938,4.0,2048,512,2048,8192,2624,1111.839,1300.578,1112.387,0.0029
mixed,32,3,0.0938,4.0,2048,512,4096,16384,5248,1198.138,1586.941,1206.308,0.021
mixed,32,3,0.0938,4.0,2048,1024,128,512,164,1062.781,1078.238,1062.851,0.0045
mixed,32,3,0.0938,4.0,2048,1024,256,1024,328,1068.387,1099.237,1075.968,0.2457
mixed,32,3,0.0938,4.0,2048,1024,512,2048,656,1088.641,1141.247,1083.81,-0.0918
mixed,32,3,0.0938,4.0,2048,1024,1024,4096,1312,1116.127,1212.352,1114.627,-0.0156
mixed,32,3,0.0938,4.0,2048,1024,2048,8192,2624,1154.145,1360.996,1163.808,0.0467
mixed,32,3,0.0938,4.0,2048,1024,4096,16384,5248,1263.394,1648.417,1266.722,0.0086
mixed,32,3,0.0938,4.0,2048,2048,128,512,164,1171.204,1193.737,1173.952,0.122
mixed,32,3,0.0938,4.0,2048,2048,256,1024,328,1182.658,1209.506,1196.222,0.5052
mixed,32,3,0.0938,4.0,2048,2048,512,2048,656,1202.468,1259.103,1195.418,-0.1245
mixed,32,3,0.0938,4.0,2048,2048,1024,4096,1312,1227.138,1330.243,1230.591,0.0335
mixed,32,3,0.0938,4.0,2048,2048,2048,8192,2624,1275.265,1467.81,1283.081,0.0406
mixed,32,3,0.0938,4.0,2048,2048,4096,16384,5248,1364.87,1756.872,1371.905,0.0179
mixed,32,3,0.0938,4.0,2048,4096,128,512,164,1422.054,1433.921,1428.254,0.5225
mixed,32,3,0.0938,4.0,2048,4096,256,1024,328,1432.256,1465.573,1437.667,0.1624
mixed,32,3,0.0938,4.0,2048,4096,512,2048,656,1456.453,1503.519,1459.014,0.0544
mixed,32,3,0.0938,4.0,2048,4096,1024,4096,1312,1478.404,1578.308,1486.72,0.0832
mixed,32,3,0.0938,4.0,2048,4096,2048,8192,2624,1523.684,1725.438,1523.618,-0.0003
mixed,32,3,0.0938,4.0,2048,4096,4096,16384,5248,1621.345,1996.833,1620.641,-0.0019
mixed,32,3,0.0938,4.0,2048,8192,128,512,164,1899.239,1902.533,1887.818,-3.4672
mixed,32,3,0.0938,4.0,2048,8192,256,1024,328,1894.786,1925.697,1900.961,0.1998
mixed,32,3,0.0938,4.0,2048,8192,512,2048,656,1907.713,1961.381,1909.091,0.0257
mixed,32,3,0.0938,4.0,2048,8192,1024,4096,1312,1943.522,2044.002,1951.937,0.0837
mixed,32,3,0.0938,4.0,2048,8192,2048,8192,2624,1998.692,2176.002,1991.43,-0.041
mixed,32,3,0.0938,4.0,2048,8192,4096,16384,5248,2084.293,2479.299,2092.767,0.0215
pure,32,4,0.125,4.0,0,0,128,512,176,150.397,175.296,163.904,0.5425
pure,32,4,0.125,4.0,0,0,256,1024,352,173.152,185.184,172.67,-0.0401
pure,32,4,0.125,4.0,0,0,512,2048,704,179.299,212.867,179.137,-0.0048
pure,32,4,0.125,4.0,0,0,1024,4096,1408,196.672,257.406,195.522,-0.0189
pure,32,4,0.125,4.0,0,0,2048,8192,2816,228.867,359.423,231.041,0.0167
pure,32,4,0.125,4.0,0,0,4096,16384,5632,295.84,548.448,299.903,0.0161
mixed,32,4,0.125,4.0,16,0,128,512,176,159.585,181.408,173.056,0.6173
mixed,32,4,0.125,4.0,16,0,256,1024,352,180.93,195.137,178.206,-0.1917
mixed,32,4,0.125,4.0,16,0,512,2048,704,189.182,218.85,185.216,-0.1337
mixed,32,4,0.125,4.0,16,0,1024,4096,1408,203.618,268.767,206.465,0.0437
mixed,32,4,0.125,4.0,16,0,2048,8192,2816,238.272,364.992,244.993,0.053
mixed,32,4,0.125,4.0,16,0,4096,16384,5632,305.633,555.812,311.01,0.0215
mixed,32,4,0.125,4.0,16,512,128,512,176,183.998,190.692,183.711,-0.0429
mixed,32,4,0.125,4.0,16,512,256,1024,352,191.713,213.665,192.45,0.0336
mixed,32,4,0.125,4.0,16,512,512,2048,704,191.135,219.553,188.385,-0.0968
mixed,32,4,0.125,4.0,16,512,1024,4096,1408,230.942,267.232,208.128,-0.6287
mixed,32,4,0.125,4.0,16,512,2048,8192,2816,238.943,371.01,240.992,0.0155
mixed,32,4,0.125,4.0,16,512,4096,16384,5632,310.207,557.379,311.712,0.0061
mixed,32,4,0.125,4.0,16,1024,128,512,176,192.125,195.426,188.644,-1.0545
mixed,32,4,0.125,4.0,16,1024,256,1024,352,190.114,200.544,193.764,0.35
mixed,32,4,0.125,4.0,16,1024,512,2048,704,197.697,254.047,206.624,0.1584
mixed,32,4,0.125,4.0,16,1024,1024,4096,1408,230.753,268.319,230.72,-0.0009
mixed,32,4,0.125,4.0,16,1024,2048,8192,2816,278.274,366.402,240.357,-0.4302
mixed,32,4,0.125,4.0,16,1024,4096,16384,5632,304.607,555.585,313.244,0.0344
mixed,32,4,0.125,4.0,16,2048,128,512,176,203.265,198.432,197.026,
mixed,32,4,0.125,4.0,16,2048,256,1024,352,202.303,205.184,198.179,-1.4314
mixed,32,4,0.125,4.0,16,2048,512,2048,704,203.233,252.738,199.008,-0.0853
mixed,32,4,0.125,4.0,16,2048,1024,4096,1408,208.577,322.305,232.704,0.2121
mixed,32,4,0.125,4.0,16,2048,2048,8192,2816,276.126,367.81,282.08,0.0649
mixed,32,4,0.125,4.0,16,2048,4096,16384,5632,371.201,557.794,373.889,0.0144
mixed,32,4,0.125,4.0,16,4096,128,512,176,214.304,204.158,204.929,
mixed,32,4,0.125,4.0,16,4096,256,1024,352,206.049,227.808,205.824,-0.0103
mixed,32,4,0.125,4.0,16,4096,512,2048,704,209.44,226.336,208.897,-0.0321
mixed,32,4,0.125,4.0,16,4096,1024,4096,1408,222.241,321.121,216.417,-0.0589
mixed,32,4,0.125,4.0,16,4096,2048,8192,2816,240.739,464.543,276.094,0.158
mixed,32,4,0.125,4.0,16,4096,4096,16384,5632,375.84,803.331,376.549,0.0017
mixed,32,4,0.125,4.0,16,8192,128,512,176,221.759,221.344,221.313,
mixed,32,4,0.125,4.0,16,8192,256,1024,352,223.201,221.634,218.626,
mixed,32,4,0.125,4.0,16,8192,512,2048,704,220.288,270.241,221.182,0.0179
mixed,32,4,0.125,4.0,16,8192,1024,4096,1408,245.408,278.653,223.327,-0.6642
mixed,32,4,0.125,4.0,16,8192,2048,8192,2816,254.147,456.577,251.585,-0.0127
mixed,32,4,0.125,4.0,16,8192,4096,16384,5632,372.03,732.448,372.962,0.0026
mixed,32,4,0.125,4.0,32,0,128,512,176,162.111,187.073,173.443,0.454
mixed,32,4,0.125,4.0,32,0,256,1024,352,184.414,195.136,179.104,-0.4952
mixed,32,4,0.125,4.0,32,0,512,2048,704,187.233,219.998,188.358,0.0343
mixed,32,4,0.125,4.0,32,0,1024,4096,1408,206.783,269.374,209.407,0.0419
mixed,32,4,0.125,4.0,32,0,2048,8192,2816,238.753,370.081,239.68,0.0071
mixed,32,4,0.125,4.0,32,0,4096,16384,5632,309.376,553.601,307.33,-0.0084
mixed,32,4,0.125,4.0,32,512,128,512,176,187.682,196.709,187.938,0.0284
mixed,32,4,0.125,4.0,32,512,256,1024,352,192.703,199.2,190.883,-0.2801
mixed,32,4,0.125,4.0,32,512,512,2048,704,192.928,249.152,206.593,0.243
mixed,32,4,0.125,4.0,32,512,1024,4096,1408,229.663,306.815,232.16,0.0324
mixed,32,4,0.125,4.0,32,512,2048,8192,2816,276.318,402.274,245.6,-0.2439
mixed,32,4,0.125,4.0,32,512,4096,16384,5632,345.215,587.619,343.903,-0.0054
mixed,32,4,0.125,4.0,32,1024,128,512,176,193.856,199.199,193.313,-0.1016
mixed,32,4,0.125,4.0,32,1024,256,1024,352,201.115,200.385,195.396,
mixed,32,4,0.125,4.0,32,1024,512,2048,704,199.555,249.41,196.0,-0.0713
mixed,32,4,0.125,4.0,32,1024,1024,4096,1408,210.75,318.527,230.62,0.1844
mixed,32,4,0.125,4.0,32,1024,2048,8192,2816,277.666,424.545,275.905,-0.012
mixed,32,4,0.125,4.0,32,1024,4096,16384,5632,364.095,600.384,367.427,0.0141
mixed,32,4,0.125,4.0,32,2048,128,512,176,203.52,201.826,202.303,
mixed,32,4,0.125,4.0,32,2048,256,1024,352,204.384,225.568,202.593,-0.0845
mixed,32,4,0.125,4.0,32,2048,512,2048,704,199.391,230.974,203.584,0.1328
mixed,32,4,0.125,4.0,32,2048,1024,4096,1408,214.336,320.355,212.768,-0.0148
mixed,32,4,0.125,4.0,32,2048,2048,8192,2816,250.72,460.323,272.253,0.1027
mixed,32,4,0.125,4.0,32,2048,4096,16384,5632,364.195,647.23,363.583,-0.0022
mixed,32,4,0.125,4.0,32,4096,128,512,176,215.332,214.498,216.736,
mixed,32,4,0.125,4.0,32,4096,256,1024,352,217.409,217.599,214.143,-17.1895
mixed,32,4,0.125,4.0,32,4096,512,2048,704,219.648,264.387,213.855,-0.1295
mixed,32,4,0.125,4.0,32,4096,1024,4096,1408,242.659,286.564,219.774,-0.5212
mixed,32,4,0.125,4.0,32,4096,2048,8192,2816,252.766,455.808,253.023,0.0013
mixed,32,4,0.125,4.0,32,4096,4096,16384,5632,368.994,733.025,364.446,-0.0125
mixed,32,4,0.125,4.0,32,8192,128,512,176,236.991,231.873,233.025,
mixed,32,4,0.125,4.0,32,8192,256,1024,352,232.321,244.224,233.727,0.1181
mixed,32,4,0.125,4.0,32,8192,512,2048,704,233.696,245.597,232.225,-0.1236
mixed,32,4,0.125,4.0,32,8192,1024,4096,1408,262.626,353.76,246.177,-0.1805
mixed,32,4,0.125,4.0,32,8192,2048,8192,2816,299.359,389.345,305.697,0.0704
mixed,32,4,0.125,4.0,32,8192,4096,16384,5632,327.329,714.214,327.363,0.0001
mixed,32,4,0.125,4.0,64,0,128,512,176,164.29,182.529,173.953,0.5298
mixed,32,4,0.125,4.0,64,0,256,1024,352,179.456,204.16,183.393,0.1594
mixed,32,4,0.125,4.0,64,0,512,2048,704,184.705,224.546,189.343,0.1164
mixed,32,4,0.125,4.0,64,0,1024,4096,1408,216.962,271.837,210.24,-0.1225
mixed,32,4,0.125,4.0,64,0,2048,8192,2816,247.521,373.954,252.735,0.0412
mixed,32,4,0.125,4.0,64,0,4096,16384,5632,311.074,561.823,337.41,0.105
mixed,32,4,0.125,4.0,64,512,128,512,176,198.689,209.25,191.743,-0.6577
mixed,32,4,0.125,4.0,64,512,256,1024,352,197.697,201.73,194.591,-0.7701
mixed,32,4,0.125,4.0,64,512,512,2048,704,199.809,247.396,196.515,-0.0692
mixed,32,4,0.125,4.0,64,512,1024,4096,1408,213.695,300.768,234.052,0.2338
mixed,32,4,0.125,4.0,64,512,2048,8192,2816,270.817,395.743,244.705,-0.209
mixed,32,4,0.125,4.0,64,512,4096,16384,5632,346.656,594.72,318.465,-0.1136
mixed,32,4,0.125,4.0,64,1024,128,512,176,197.79,202.652,199.68,0.3887
mixed,32,4,0.125,4.0,64,1024,256,1024,352,206.371,227.969,203.011,-0.1556
mixed,32,4,0.125,4.0,64,1024,512,2048,704,203.938,232.897,200.386,-0.1227
mixed,32,4,0.125,4.0,64,1024,1024,4096,1408,213.311,317.281,213.089,-0.0021
mixed,32,4,0.125,4.0,64,1024,2048,8192,2816,257.086,411.137,273.408,0.106
mixed,32,4,0.125,4.0,64,1024,4096,16384,5632,362.561,594.749,331.872,-0.1322
mixed,32,4,0.125,4.0,64,2048,128,512,176,208.0,218.081,210.433,0.2413
mixed,32,4,0.125,4.0,64,2048,256,1024,352,208.767,211.97,205.728,-0.9488
mixed,32,4,0.125,4.0,64,2048,512,2048,704,231.585,268.673,222.464,-0.2459
mixed,32,4,0.125,4.0,64,2048,1024,4096,1408,241.279,283.394,222.431,-0.4475
mixed,32,4,0.125,4.0,64,2048,2048,8192,2816,254.817,450.689,251.008,-0.0194
mixed,32,4,0.125,4.0,64,2048,4096,16384,5632,363.712,634.816,354.655,-0.0334
mixed,32,4,0.125,4.0,64,4096,128,512,176,227.646,227.009,225.602,
mixed,32,4,0.125,4.0,64,4096,256,1024,352,224.446,246.495,224.545,0.0045
mixed,32,4,0.125,4.0,64,4096,512,2048,704,221.633,247.327,238.72,0.665
mixed,32,4,0.125,4.0,64,4096,1024,4096,1408,266.819,348.385,254.559,-0.1503
mixed,32,4,0.125,4.0,64,4096,2048,8192,2816,299.136,394.401,305.184,0.0635
mixed,32,4,0.125,4.0,64,4096,4096,16384,5632,325.282,704.831,327.073,0.0047
mixed,32,4,0.125,4.0,64,8192,128,512,176,252.862,250.079,259.711,
mixed,32,4,0.125,4.0,64,8192,256,1024,352,255.234,259.074,259.842,1.2
mixed,32,4,0.125,4.0,64,8192,512,2048,704,261.309,300.001,269.218,0.2044
mixed,32,4,0.125,4.0,64,8192,1024,4096,1408,253.441,308.709,301.504,0.8696
mixed,32,4,0.125,4.0,64,8192,2048,8192,2816,342.113,501.253,305.218,-0.2318
mixed,32,4,0.125,4.0,64,8192,4096,16384,5632,402.975,585.921,421.921,0.1036
mixed,32,4,0.125,4.0,128,0,128,512,176,178.401,198.656,190.851,0.6147
mixed,32,4,0.125,4.0,128,0,256,1024,352,191.068,209.793,192.863,0.0959
mixed,32,4,0.125,4.0,128,0,512,2048,704,199.936,242.017,213.156,0.3142
mixed,32,4,0.125,4.0,128,0,1024,4096,1408,232.607,288.161,244.319,0.2108
mixed,32,4,0.125,4.0,128,0,2048,8192,2816,260.479,383.712,308.129,0.3867
mixed,32,4,0.125,4.0,128,0,4096,16384,5632,323.007,580.227,420.061,0.3773
mixed,32,4,0.125,4.0,128,512,128,512,176,212.927,212.385,225.023,
mixed,32,4,0.125,4.0,128,512,256,1024,352,215.328,244.705,212.095,-0.1101
mixed,32,4,0.125,4.0,128,512,512,2048,704,211.04,236.862,231.488,0.7919
mixed,32,4,0.125,4.0,128,512,1024,4096,1408,251.137,318.783,258.273,0.1055
mixed,32,4,0.125,4.0,128,512,2048,8192,2816,255.072,414.113,310.846,0.3507
mixed,32,4,0.125,4.0,128,512,4096,16384,5632,356.767,606.753,433.632,0.3075
mixed,32,4,0.125,4.0,128,1024,128,512,176,225.086,236.481,224.929,-0.0138
mixed,32,4,0.125,4.0,128,1024,256,1024,352,225.318,228.575,232.163,2.1016
mixed,32,4,0.125,4.0,128,1024,512,2048,704,246.334,278.177,240.607,-0.1799
mixed,32,4,0.125,4.0,128,1024,1024,4096,1408,260.449,292.478,265.374,0.1538
mixed,32,4,0.125,4.0,128,1024,2048,8192,2816,301.249,420.16,305.248,0.0336
mixed,32,4,0.125,4.0,128,1024,4096,16384,5632,358.4,596.51,428.61,0.2949
mixed,32,4,0.125,4.0,128,2048,128,512,176,239.296,235.743,232.899,
mixed,32,4,0.125,4.0,128,2048,256,1024,352,251.806,259.742,255.105,0.4157
mixed,32,4,0.125,4.0,128,2048,512,2048,704,238.654,256.831,254.94,0.896
mixed,32,4,0.125,4.0,128,2048,1024,4096,1408,283.36,345.215,271.167,-0.1971
mixed,32,4,0.125,4.0,128,2048,2048,8192,2816,303.233,389.246,320.287,0.1983
mixed,32,4,0.125,4.0,128,2048,4096,16384,5632,387.715,632.099,417.696,0.1227
mixed,32,4,0.125,4.0,128,4096,128,512,176,260.222,286.721,258.336,-0.0712
mixed,32,4,0.125,4.0,128,4096,256,1024,352,275.457,273.088,273.888,
mixed,32,4,0.125,4.0,128,4096,512,2048,704,289.315,320.738,311.136,0.6944
mixed,32,4,0.125,4.0,128,4096,1024,4096,1408,270.751,317.055,305.917,0.7595
mixed,32,4,0.125,4.0,128,4096,2048,8192,2816,352.162,477.662,344.097,-0.0643
mixed,32,4,0.125,4.0,128,4096,4096,16384,5632,401.983,591.809,425.379,0.1232
mixed,32,4,0.125,4.0,128,8192,128,512,176,308.573,337.984,308.801,0.0078
mixed,32,4,0.125,4.0,128,8192,256,1024,352,320.545,358.814,325.791,0.1371
mixed,32,4,0.125,4.0,128,8192,512,2048,704,349.918,345.537,338.336,
mixed,32,4,0.125,4.0,128,8192,1024,4096,1408,379.169,417.474,419.36,1.0492
mixed,32,4,0.125,4.0,128,8192,2048,8192,2816,336.8,419.454,417.347,0.9745
mixed,32,4,0.125,4.0,128,8192,4096,16384,5632,490.273,747.557,460.225,-0.1168
mixed,32,4,0.125,4.0,256,0,128,512,176,198.143,216.129,212.098,0.7759
mixed,32,4,0.125,4.0,256,0,256,1024,352,213.183,233.248,228.735,0.7751
mixed,32,4,0.125,4.0,256,0,512,2048,704,220.097,262.913,252.77,0.7631
mixed,32,4,0.125,4.0,256,0,1024,4096,1408,244.863,318.016,309.795,0.8876
mixed,32,4,0.125,4.0,256,0,2048,8192,2816,283.108,428.002,412.864,0.8955
mixed,32,4,0.125,4.0,256,0,4096,16384,5632,354.976,647.969,624.992,0.9216
mixed,32,4,0.125,4.0,256,512,128,512,176,263.136,277.215,264.413,0.0907
mixed,32,4,0.125,4.0,256,512,256,1024,352,270.306,285.472,278.624,0.5485
mixed,32,4,0.125,4.0,256,512,512,2048,704,277.469,262.655,300.128,
mixed,32,4,0.125,4.0,256,512,1024,4096,1408,242.56,322.975,309.281,0.8297
mixed,32,4,0.125,4.0,256,512,2048,8192,2816,287.998,428.356,415.166,0.906
mixed,32,4,0.125,4.0,256,512,4096,16384,5632,362.208,654.081,623.452,0.8951
mixed,32,4,0.125,4.0,256,1024,128,512,176,272.867,291.042,276.802,0.2165
mixed,32,4,0.125,4.0,256,1024,256,1024,352,283.519,301.057,285.825,0.1315
mixed,32,4,0.125,4.0,256,1024,512,2048,704,302.017,261.791,309.376,
mixed,32,4,0.125,4.0,256,1024,1024,4096,1408,309.057,324.031,365.153,3.7462
mixed,32,4,0.125,4.0,256,1024,2048,8192,2816,283.456,435.171,417.12,0.881
mixed,32,4,0.125,4.0,256,1024,4096,16384,5632,365.089,653.248,628.929,0.9156
mixed,32,4,0.125,4.0,256,2048,128,512,176,297.153,316.129,298.689,0.0809
mixed,32,4,0.125,4.0,256,2048,256,1024,352,311.36,343.743,305.634,-0.1768
mixed,32,4,0.125,4.0,256,2048,512,2048,704,325.215,358.815,334.361,0.2722
mixed,32,4,0.125,4.0,256,2048,1024,4096,1408,358.623,318.016,392.255,
mixed,32,4,0.125,4.0,256,2048,2048,8192,2816,378.111,433.12,504.449,2.2967
mixed,32,4,0.125,4.0,256,2048,4096,16384,5632,365.056,649.473,623.616,0.9091
mixed,32,4,0.125,4.0,256,4096,128,512,176,349.983,370.016,347.043,-0.1468
mixed,32,4,0.125,4.0,256,4096,256,1024,352,361.122,393.507,359.299,-0.0563
mixed,32,4,0.125,4.0,256,4096,512,2048,704,378.337,444.065,372.288,-0.092
mixed,32,4,0.125,4.0,256,4096,1024,4096,1408,414.43,463.106,437.473,0.4734
mixed,32,4,0.125,4.0,256,4096,2048,8192,2816,482.591,429.824,547.005,
mixed,32,4,0.125,4.0,256,4096,4096,16384,5632,499.906,654.527,762.59,1.6989
mixed,32,4,0.125,4.0,256,8192,128,512,176,444.032,475.904,450.143,0.1917
mixed,32,4,0.125,4.0,256,8192,256,1024,352,447.682,499.716,445.217,-0.0474
mixed,32,4,0.125,4.0,256,8192,512,2048,704,489.952,552.961,480.509,-0.1499
mixed,32,4,0.125,4.0,256,8192,1024,4096,1408,520.48,653.921,502.05,-0.1381
mixed,32,4,0.125,4.0,256,8192,2048,8192,2816,585.983,672.322,649.055,0.7305
mixed,32,4,0.125,4.0,256,8192,4096,16384,5632,733.79,651.199,861.153,
mixed,32,4,0.125,4.0,512,0,128,512,176,319.649,317.759,305.827,
mixed,32,4,0.125,4.0,512,0,256,1024,352,327.552,357.89,346.911,0.6381
mixed,32,4,0.125,4.0,512,0,512,2048,704,340.034,405.854,398.816,0.8931
mixed,32,4,0.125,4.0,512,0,1024,4096,1408,364.767,494.783,503.616,1.0679
mixed,32,4,0.125,4.0,512,0,2048,8192,2816,445.889,713.795,717.026,1.0121
mixed,32,4,0.125,4.0,512,0,4096,16384,5632,581.602,1125.856,1123.2,0.9951
mixed,32,4,0.125,4.0,512,512,128,512,176,351.651,355.071,335.041,-4.8567
mixed,32,4,0.125,4.0,512,512,256,1024,352,357.502,391.264,343.265,-0.4217
mixed,32,4,0.125,4.0,512,512,512,2048,704,376.35,436.799,407.553,0.5162
mixed,32,4,0.125,4.0,512,512,1024,4096,1408,421.952,551.135,498.752,0.5945
mixed,32,4,0.125,4.0,512,512,2048,8192,2816,490.913,765.311,701.953,0.7691
mixed,32,4,0.125,4.0,512,512,4096,16384,5632,633.121,1186.659,1110.754,0.8629
mixed,32,4,0.125,4.0,512,1024,128,512,176,364.608,384.704,349.697,-0.742
mixed,32,4,0.125,4.0,512,1024,256,1024,352,386.689,406.21,384.194,-0.1278
mixed,32,4,0.125,4.0,512,1024,512,2048,704,392.066,468.126,390.4,-0.0219
mixed,32,4,0.125,4.0,512,1024,1024,4096,1408,448.8,571.905,504.289,0.4507
mixed,32,4,0.125,4.0,512,1024,2048,8192,2816,493.761,774.973,708.286,0.7629
mixed,32,4,0.125,4.0,512,1024,4096,16384,5632,662.817,1191.619,1123.008,0.8703
mixed,32,4,0.125,4.0,512,2048,128,512,176,418.818,443.774,425.281,0.259
mixed,32,4,0.125,4.0,512,2048,256,1024,352,434.754,477.314,425.791,-0.2106
mixed,32,4,0.125,4.0,512,2048,512,2048,704,456.417,527.971,449.28,-0.0997
mixed,32,4,0.125,4.0,512,2048,1024,4096,1408,501.406,621.665,514.529,0.1091
mixed,32,4,0.125,4.0,512,2048,2048,8192,2816,571.457,840.001,712.322,0.5246
mixed,32,4,0.125,4.0,512,2048,4096,16384,5632,708.64,1248.674,1122.342,0.7661
mixed,32,4,0.125,4.0,512,4096,128,512,176,525.121,532.959,531.331,0.7923
mixed,32,4,0.125,4.0,512,4096,256,1024,352,531.04,576.381,524.321,-0.1482
mixed,32,4,0.125,4.0,512,4096,512,2048,704,554.369,635.328,545.504,-0.1095
mixed,32,4,0.125,4.0,512,4096,1024,4096,1408,589.504,727.456,584.318,-0.0376
mixed,32,4,0.125,4.0,512,4096,2048,8192,2816,672.644,931.427,721.121,0.1873
mixed,32,4,0.125,4.0,512,4096,4096,16384,5632,809.312,1362.179,1120.93,0.5636
mixed,32,4,0.125,4.0,512,8192,128,512,176,743.811,740.384,734.981,
mixed,32,4,0.125,4.0,512,8192,256,1024,352,737.824,762.527,740.637,0.1139
mixed,32,4,0.125,4.0,512,8192,512,2048,704,740.288,828.898,726.882,-0.1513
mixed,32,4,0.125,4.0,512,8192,1024,4096,1408,803.073,915.617,776.863,-0.2329
mixed,32,4,0.125,4.0,512,8192,2048,8192,2816,866.337,1144.128,839.396,-0.097
mixed,32,4,0.125,4.0,512,8192,4096,16384,5632,997.599,1547.33,1109.056,0.2027
mixed,32,4,0.125,4.0,1024,0,128,512,176,525.476,544.128,527.169,0.0908
mixed,32,4,0.125,4.0,1024,0,256,1024,352,539.873,569.634,541.217,0.0452
mixed,32,4,0.125,4.0,1024,0,512,2048,704,554.174,603.237,551.584,-0.0528
mixed,32,4,0.125,4.0,1024,0,1024,4096,1408,601.696,683.494,586.659,-0.1838
mixed,32,4,0.125,4.0,1024,0,2048,8192,2816,650.275,829.185,643.938,-0.0354
mixed,32,4,0.125,4.0,1024,0,4096,16384,5632,747.741,1129.699,748.832,0.0029
mixed,32,4,0.125,4.0,1024,512,128,512,176,640.293,649.919,637.187,-0.3227
mixed,32,4,0.125,4.0,1024,512,256,1024,352,646.334,681.727,659.968,0.3852
mixed,32,4,0.125,4.0,1024,512,512,2048,704,672.961,727.618,657.473,-0.2834
mixed,32,4,0.125,4.0,1024,512,1024,4096,1408,697.73,802.181,693.667,-0.0389
mixed,32,4,0.125,4.0,1024,512,2048,8192,2816,745.09,944.837,763.396,0.0916
mixed,32,4,0.125,4.0,1024,512,4096,16384,5632,869.789,1235.423,854.849,-0.0409
mixed,32,4,0.125,4.0,1024,1024,128,512,176,682.946,700.712,675.872,-0.3982
mixed,32,4,0.125,4.0,1024,1024,256,1024,352,691.683,732.165,690.878,-0.0199
mixed,32,4,0.125,4.0,1024,1024,512,2048,704,705.763,760.32,708.227,0.0452
mixed,32,4,0.125,4.0,1024,1024,1024,4096,1408,745.534,848.48,740.832,-0.0457
mixed,32,4,0.125,4.0,1024,1024,2048,8192,2816,789.952,985.38,802.175,0.0625
mixed,32,4,0.125,4.0,1024,1024,4096,16384,5632,887.398,1268.001,898.43,0.029
mixed,32,4,0.125,4.0,1024,2048,128,512,176,756.544,782.048,755.675,-0.0341
mixed,32,4,0.125,4.0,1024,2048,256,1024,352,778.115,817.63,774.436,-0.0931
mixed,32,4,0.125,4.0,1024,2048,512,2048,704,786.756,850.911,794.497,0.1207
mixed,32,4,0.125,4.0,1024,2048,1024,4096,1408,813.151,918.24,822.752,0.0914
mixed,32,4,0.125,4.0,1024,2048,2048,8192,2816,871.173,1062.879,887.487,0.0851
mixed,32,4,0.125,4.0,1024,2048,4096,16384,5632,968.544,1354.753,985.79,0.0447
mixed,32,4,0.125,4.0,1024,4096,128,512,176,924.322,940.804,920.481,-0.233
mixed,32,4,0.125,4.0,1024,4096,256,1024,352,941.024,957.89,940.64,-0.0228
mixed,32,4,0.125,4.0,1024,4096,512,2048,704,961.506,1008.004,949.127,-0.2662
mixed,32,4,0.125,4.0,1024,4096,1024,4096,1408,977.406,1080.77,981.728,0.0418
mixed,32,4,0.125,4.0,1024,4096,2048,8192,2816,1036.673,1228.322,1044.612,0.0414
mixed,32,4,0.125,4.0,1024,4096,4096,16384,5632,1137.952,1512.036,1146.758,0.0235
mixed,32,4,0.125,4.0,1024,8192,128,512,176,1255.171,1266.337,1250.883,-0.384
mixed,32,4,0.125,4.0,1024,8192,256,1024,352,1255.585,1286.755,1258.72,0.1006
mixed,32,4,0.125,4.0,1024,8192,512,2048,704,1277.063,1339.333,1283.232,0.0991
mixed,32,4,0.125,4.0,1024,8192,1024,4096,1408,1302.054,1418.88,1309.153,0.0608
mixed,32,4,0.125,4.0,1024,8192,2048,8192,2816,1352.764,1556.038,1369.442,0.082
mixed,32,4,0.125,4.0,1024,8192,4096,16384,5632,1458.335,1834.083,1467.297,0.0239
mixed,32,4,0.125,4.0,2048,0,128,512,176,844.1,870.557,849.952,0.2212
mixed,32,4,0.125,4.0,2048,0,256,1024,352,861.219,891.396,861.247,0.0009
mixed,32,4,0.125,4.0,2048,0,512,2048,704,871.198,936.256,881.316,0.1555
mixed,32,4,0.125,4.0,2048,0,1024,4096,1408,909.278,1007.969,913.503,0.0428
mixed,32,4,0.125,4.0,2048,0,2048,8192,2816,958.084,1148.191,963.329,0.0276
mixed,32,4,0.125,4.0,2048,0,4096,16384,5632,1059.361,1437.474,1069.759,0.0275
mixed,32,4,0.125,4.0,2048,512,128,512,176,1008.517,1024.253,1004.997,-0.2237
mixed,32,4,0.125,4.0,2048,512,256,1024,352,1015.17,1043.522,1012.132,-0.1072
mixed,32,4,0.125,4.0,2048,512,512,2048,704,1031.552,1086.115,1032.994,0.0264
mixed,32,4,0.125,4.0,2048,512,1024,4096,1408,1064.071,1160.416,1065.185,0.0116
mixed,32,4,0.125,4.0,2048,512,2048,8192,2816,1111.108,1299.55,1117.093,0.0318
mixed,32,4,0.125,4.0,2048,512,4096,16384,5632,1215.136,1592.773,1221.761,0.0175
mixed,32,4,0.125,4.0,2048,1024,128,512,176,1061.855,1086.466,1063.233,0.056
mixed,32,4,0.125,4.0,2048,1024,256,1024,352,1078.498,1103.488,1074.723,-0.1511
mixed,32,4,0.125,4.0,2048,1024,512,2048,704,1085.919,1150.72,1091.624,0.088
mixed,32,4,0.125,4.0,2048,1024,1024,4096,1408,1118.149,1213.378,1120.639,0.0261
mixed,32,4,0.125,4.0,2048,1024,2048,8192,2816,1169.217,1357.625,1176.065,0.0363
mixed,32,4,0.125,4.0,2048,1024,4096,16384,5632,1270.143,1648.891,1275.458,0.014
mixed,32,4,0.125,4.0,2048,2048,128,512,176,1178.595,1190.818,1177.34,-0.1027
mixed,32,4,0.125,4.0,2048,2048,256,1024,352,1192.832,1215.841,1185.028,-0.3392
mixed,32,4,0.125,4.0,2048,2048,512,2048,704,1203.713,1255.293,1199.871,-0.0745
mixed,32,4,0.125,4.0,2048,2048,1024,4096,1408,1228.961,1329.408,1231.683,0.0271
mixed,32,4,0.125,4.0,2048,2048,2048,8192,2816,1282.396,1473.442,1291.554,0.0479
mixed,32,4,0.125,4.0,2048,2048,4096,16384,5632,1383.714,1761.379,1387.166,0.0091
mixed,32,4,0.125,4.0,2048,4096,128,512,176,1418.431,1448.129,1432.097,0.4602
mixed,32,4,0.125,4.0,2048,4096,256,1024,352,1438.279,1474.338,1440.578,0.0638
mixed,32,4,0.125,4.0,2048,4096,512,2048,704,1454.333,1501.249,1444.512,-0.2093
mixed,32,4,0.125,4.0,2048,4096,1024,4096,1408,1475.328,1581.604,1490.239,0.1403
mixed,32,4,0.125,4.0,2048,4096,2048,8192,2816,1534.243,1716.102,1530.308,-0.0216
mixed,32,4,0.125,4.0,2048,4096,4096,16384,5632,1631.451,2000.838,1638.527,0.0192
mixed,32,4,0.125,4.0,2048,8192,128,512,176,1894.947,1912.8,1894.148,-0.0448
mixed,32,4,0.125,4.0,2048,8192,256,1024,352,1911.68,1930.653,1912.29,0.0322
mixed,32,4,0.125,4.0,2048,8192,512,2048,704,1922.853,1983.435,1919.715,-0.0518
mixed,32,4,0.125,4.0,2048,8192,1024,4096,1408,1949.506,2041.57,1957.793,0.09
mixed,32,4,0.125,4.0,2048,8192,2048,8192,2816,2005.504,2181.057,1997.789,-0.0439
mixed,32,4,0.125,4.0,2048,8192,4096,16384,5632,2101.764,2471.717,2097.031,-0.0128
pure,32,8,0.25,4.0,0,0,128,512,224,151.873,172.319,164.448,0.615
pure,32,8,0.25,4.0,0,0,256,1024,448,169.661,184.675,169.983,0.0214
pure,32,8,0.25,4.0,0,0,512,2048,896,180.735,210.53,193.894,0.4417
pure,32,8,0.25,4.0,0,0,1024,4096,1792,204.545,262.398,223.679,0.3307
pure,32,8,0.25,4.0,0,0,2048,8192,3584,246.882,357.663,272.259,0.2291
pure,32,8,0.25,4.0,0,0,4096,16384,7168,333.92,550.272,375.806,0.1936
mixed,32,8,0.25,4.0,16,0,128,512,224,164.195,183.489,173.696,0.4924
mixed,32,8,0.25,4.0,16,0,256,1024,448,177.917,191.933,178.368,0.0322
mixed,32,8,0.25,4.0,16,0,512,2048,896,190.816,218.43,192.032,0.044
mixed,32,8,0.25,4.0,16,0,1024,4096,1792,212.32,267.907,236.961,0.4433
mixed,32,8,0.25,4.0,16,0,2048,8192,3584,254.336,364.511,286.368,0.2907
mixed,32,8,0.25,4.0,16,0,4096,16384,7168,341.758,553.411,391.389,0.2345
mixed,32,8,0.25,4.0,16,512,128,512,224,186.725,194.787,182.082,-0.5759
mixed,32,8,0.25,4.0,16,512,256,1024,448,191.839,214.784,191.265,-0.025
mixed,32,8,0.25,4.0,16,512,512,2048,896,194.08,218.59,200.385,0.2572
mixed,32,8,0.25,4.0,16,512,1024,4096,1792,211.778,268.611,213.762,0.0349
mixed,32,8,0.25,4.0,16,512,2048,8192,3584,255.518,368.608,286.465,0.2736
mixed,32,8,0.25,4.0,16,512,4096,16384,7168,345.309,558.113,391.139,0.2154
mixed,32,8,0.25,4.0,16,1024,128,512,224,190.625,193.857,188.354,-0.7027
mixed,32,8,0.25,4.0,16,1024,256,1024,448,193.695,200.897,190.75,-0.4089
mixed,32,8,0.25,4.0,16,1024,512,2048,896,199.584,250.017,197.374,-0.0438
mixed,32,8,0.25,4.0,16,1024,1024,4096,1792,240.479,267.583,223.073,-0.6422
mixed,32,8,0.25,4.0,16,1024,2048,8192,3584,299.905,367.358,283.489,-0.2434
mixed,32,8,0.25,4.0,16,1024,4096,16384,7168,341.602,555.393,387.299,0.2137
mixed,32,8,0.25,4.0,16,2048,128,512,224,196.96,198.656,197.886,0.546
mixed,32,8,0.25,4.0,16,2048,256,1024,448,198.82,200.226,196.097,-1.9367
mixed,32,8,0.25,4.0,16,2048,512,2048,896,203.648,250.434,202.433,-0.026
mixed,32,8,0.25,4.0,16,2048,1024,4096,1792,240.801,448.606,217.984,-0.1098
mixed,32,8,0.25,4.0,16,2048,2048,8192,3584,303.746,368.898,260.354,-0.666
mixed,32,8,0.25,4.0,16,2048,4096,16384,7168,415.52,557.468,388.193,-0.1925
mixed,32,8,0.25,4.0,16,4096,128,512,224,202.878,204.386,202.528,-0.2321
mixed,32,8,0.25,4.0,16,4096,256,1024,448,206.465,226.4,205.248,-0.061
mixed,32,8,0.25,4.0,16,4096,512,2048,896,221.312,227.842,205.889,-2.3619
mixed,32,8,0.25,4.0,16,4096,1024,4096,1792,223.808,321.28,221.758,-0.021
mixed,32,8,0.25,4.0,16,4096,2048,8192,3584,301.376,462.688,263.97,-0.2319
mixed,32,8,0.25,4.0,16,4096,4096,16384,7168,428.894,557.76,348.737,-0.622
mixed,32,8,0.25,4.0,16,8192,128,512,224,217.985,220.256,218.721,0.3241
mixed,32,8,0.25,4.0,16,8192,256,1024,448,217.984,218.72,219.423,1.9552
mixed,32,8,0.25,4.0,16,8192,512,2048,896,223.358,270.113,220.032,-0.0711
mixed,32,8,0.25,4.0,16,8192,1024,4096,1792,260.545,276.481,228.799,-1.9921
mixed,32,8,0.25,4.0,16,8192,2048,8192,3584,272.35,457.602,275.454,0.0168
mixed,32,8,0.25,4.0,16,8192,4096,16384,7168,421.794,731.207,350.05,-0.2319
mixed,32,8,0.25,4.0,32,0,128,512,224,164.256,184.896,176.863,0.6108
mixed,32,8,0.25,4.0,32,0,256,1024,448,180.927,194.273,182.755,0.137
mixed,32,8,0.25,4.0,32,0,512,2048,896,192.255,223.009,191.102,-0.0375
mixed,32,8,0.25,4.0,32,0,1024,4096,1792,214.178,269.822,233.95,0.3553
mixed,32,8,0.25,4.0,32,0,2048,8192,3584,256.64,365.825,286.078,0.2696
mixed,32,8,0.25,4.0,32,0,4096,16384,7168,344.35,556.102,389.344,0.2125
mixed,32,8,0.25,4.0,32,512,128,512,224,194.013,194.178,189.601,-26.7394
mixed,32,8,0.25,4.0,32,512,256,1024,448,193.728,198.015,191.646,-0.4857
mixed,32,8,0.25,4.0,32,512,512,2048,896,197.182,250.179,198.787,0.0303
mixed,32,8,0.25,4.0,32,512,1024,4096,1792,237.697,309.089,217.601,-0.2815
mixed,32,8,0.25,4.0,32,512,2048,8192,3584,294.816,401.312,282.623,-0.1145
mixed,32,8,0.25,4.0,32,512,4096,16384,7168,380.161,583.68,391.392,0.0552
mixed,32,8,0.25,4.0,32,1024,128,512,224,196.001,198.915,193.824,-0.7471
mixed,32,8,0.25,4.0,32,1024,256,1024,448,195.232,201.311,253.827,9.6389
mixed,32,8,0.25,4.0,32,1024,512,2048,896,199.968,250.432,197.983,-0.0393
mixed,32,8,0.25,4.0,32,1024,1024,4096,1792,241.247,319.684,219.199,-0.2811
mixed,32,8,0.25,4.0,32,1024,2048,8192,3584,300.767,425.982,264.639,-0.2885
mixed,32,8,0.25,4.0,32,1024,4096,16384,7168,403.677,609.855,385.123,-0.09
mixed,32,8,0.25,4.0,32,2048,128,512,224,200.608,200.64,201.631,31.9688
mixed,32,8,0.25,4.0,32,2048,256,1024,448,203.042,225.248,201.346,-0.0764
mixed,32,8,0.25,4.0,32,2048,512,2048,896,219.517,231.138,203.487,-1.3794
mixed,32,8,0.25,4.0,32,2048,1024,4096,1792,224.991,320.734,246.172,0.2212
mixed,32,8,0.25,4.0,32,2048,2048,8192,3584,301.283,458.146,267.651,-0.2144
mixed,32,8,0.25,4.0,32,2048,4096,16384,7168,423.999,644.543,353.596,-0.3192
mixed,32,8,0.25,4.0,32,4096,128,512,224,215.426,212.769,213.984,
mixed,32,8,0.25,4.0,32,4096,256,1024,448,210.37,217.183,216.096,0.8405
mixed,32,8,0.25,4.0,32,4096,512,2048,896,213.696,264.993,215.742,0.0399
mixed,32,8,0.25,4.0,32,4096,1024,4096,1792,255.2,285.058,232.32,-0.7663
mixed,32,8,0.25,4.0,32,4096,2048,8192,3584,274.369,458.051,318.271,0.239
mixed,32,8,0.25,4.0,32,4096,4096,16384,7168,421.151,742.078,360.033,-0.1904
mixed,32,8,0.25,4.0,32,8192,128,512,224,234.017,233.279,231.23,
mixed,32,8,0.25,4.0,32,8192,256,1024,448,231.233,246.398,224.834,-0.422
mixed,32,8,0.25,4.0,32,8192,512,2048,896,239.614,246.914,232.194,-1.0164
mixed,32,8,0.25,4.0,32,8192,1024,4096,1792,244.606,350.877,242.814,-0.0169
mixed,32,8,0.25,4.0,32,8192,2048,8192,3584,325.854,388.387,310.526,-0.2451
mixed,32,8,0.25,4.0,32,8192,4096,16384,7168,367.201,713.856,438.146,0.2047
mixed,32,8,0.25,4.0,64,0,128,512,224,169.028,182.015,175.553,0.5024
mixed,32,8,0.25,4.0,64,0,256,1024,448,179.678,202.88,179.648,-0.0013
mixed,32,8,0.25,4.0,64,0,512,2048,896,196.927,223.937,190.114,-0.2522
mixed,32,8,0.25,4.0,64,0,1024,4096,1792,219.997,287.585,234.846,0.2197
mixed,32,8,0.25,4.0,64,0,2048,8192,3584,263.715,375.202,286.623,0.2055
mixed,32,8,0.25,4.0,64,0,4096,16384,7168,354.655,563.072,386.944,0.1549
mixed,32,8,0.25,4.0,64,512,128,512,224,197.696,214.27,194.02,-0.2218
mixed,32,8,0.25,4.0,64,512,256,1024,448,197.185,200.287,201.696,1.4542
mixed,32,8,0.25,4.0,64,512,512,2048,896,201.983,246.272,210.076,0.1827
mixed,32,8,0.25,4.0,64,512,1024,4096,1792,240.35,310.366,216.511,-0.3405
mixed,32,8,0.25,4.0,64,512,2048,8192,3584,292.639,408.704,263.36,-0.2523
mixed,32,8,0.25,4.0,64,512,4096,16384,7168,372.802,578.237,388.961,0.0787
mixed,32,8,0.25,4.0,64,1024,128,512,224,197.983,198.594,198.209,0.3699
mixed,32,8,0.25,4.0,64,1024,256,1024,448,200.511,231.806,197.759,-0.0879
mixed,32,8,0.25,4.0,64,1024,512,2048,896,224.385,236.862,219.744,-0.372
mixed,32,8,0.25,4.0,64,1024,1024,4096,1792,228.065,314.817,246.592,0.2136
mixed,32,8,0.25,4.0,64,1024,2048,8192,3584,297.983,432.128,266.528,-0.2345
mixed,32,8,0.25,4.0,64,1024,4096,16384,7168,388.703,597.218,353.793,-0.1674
mixed,32,8,0.25,4.0,64,2048,128,512,224,208.767,221.666,201.696,-0.5482
mixed,32,8,0.25,4.0,64,2048,256,1024,448,214.689,218.497,211.324,-0.8837
mixed,32,8,0.25,4.0,64,2048,512,2048,896,218.435,268.353,212.481,-0.1193
mixed,32,8,0.25,4.0,64,2048,1024,4096,1792,267.936,286.303,252.895,-0.8189
mixed,32,8,0.25,4.0,64,2048,2048,8192,3584,272.256,449.44,321.15,0.276
mixed,32,8,0.25,4.0,64,2048,4096,16384,7168,416.193,630.914,347.105,-0.3218
mixed,32,8,0.25,4.0,64,4096,128,512,224,228.799,223.167,225.504,
mixed,32,8,0.25,4.0,64,4096,256,1024,448,222.848,248.225,219.009,-0.1513
mixed,32,8,0.25,4.0,64,4096,512,2048,896,237.505,242.337,228.928,-1.775
mixed,32,8,0.25,4.0,64,4096,1024,4096,1792,245.089,351.01,235.52,-0.0903
mixed,32,8,0.25,4.0,64,4096,2048,8192,3584,328.383,385.506,321.249,-0.1249
mixed,32,8,0.25,4.0,64,4096,4096,16384,7168,368.606,705.312,450.208,0.2424
mixed,32,8,0.25,4.0,64,8192,128,512,224,253.151,251.841,252.577,
mixed,32,8,0.25,4.0,64,8192,256,1024,448,253.283,259.36,256.929,0.6
mixed,32,8,0.25,4.0,64,8192,512,2048,896,260.865,298.942,262.465,0.042
mixed,32,8,0.25,4.0,64,8192,1024,4096,1792,290.141,308.158,295.551,0.3003
mixed,32,8,0.25,4.0,64,8192,2048,8192,3584,295.235,505.634,288.096,-0.0339
mixed,32,8,0.25,4.0,64,8192,4096,16384,7168,458.88,594.338,444.127,-0.1089
mixed,32,8,0.25,4.0,128,0,128,512,224,180.13,196.736,189.314,0.5531
mixed,32,8,0.25,4.0,128,0,256,1024,448,191.616,205.698,197.118,0.3907
mixed,32,8,0.25,4.0,128,0,512,2048,896,207.873,242.431,214.978,0.2056
mixed,32,8,0.25,4.0,128,0,1024,4096,1792,231.616,287.36,242.049,0.1872
mixed,32,8,0.25,4.0,128,0,2048,8192,3584,277.279,380.607,308.291,0.3001
mixed,32,8,0.25,4.0,128,0,4096,16384,7168,357.118,577.984,429.6,0.3282
mixed,32,8,0.25,4.0,128,512,128,512,224,215.233,219.105,217.795,0.6617
mixed,32,8,0.25,4.0,128,512,256,1024,448,215.39,239.553,211.553,-0.1588
mixed,32,8,0.25,4.0,128,512,512,2048,896,237.086,236.734,239.261,
mixed,32,8,0.25,4.0,128,512,1024,4096,1792,233.343,316.833,244.128,0.1292
mixed,32,8,0.25,4.0,128,512,2048,8192,3584,297.667,408.67,303.872,0.0559
mixed,32,8,0.25,4.0,128,512,4096,16384,7168,375.296,599.299,418.529,0.193
mixed,32,8,0.25,4.0,128,1024,128,512,224,229.823,239.552,215.999,-1.4209
mixed,32,8,0.25,4.0,128,1024,256,1024,448,227.073,226.819,236.77,
mixed,32,8,0.25,4.0,128,1024,512,2048,896,229.215,274.622,221.086,-0.179
mixed,32,8,0.25,4.0,128,1024,1024,4096,1792,268.452,288.769,266.626,-0.0899
mixed,32,8,0.25,4.0,128,1024,2048,8192,3584,277.407,418.465,304.638,0.193
mixed,32,8,0.25,4.0,128,1024,4096,16384,7168,405.093,604.642,419.874,0.0741
mixed,32,8,0.25,4.0,128,2048,128,512,224,242.332,240.194,257.407,
mixed,32,8,0.25,4.0,128,2048,256,1024,448,236.642,263.618,239.423,0.1031
mixed,32,8,0.25,4.0,128,2048,512,2048,896,252.831,256.098,252.576,-0.0781
mixed,32,8,0.25,4.0,128,2048,1024,4096,1792,258.143,345.792,252.704,-0.0621
mixed,32,8,0.25,4.0,128,2048,2048,8192,3584,330.688,391.55,320.0,-0.1756
mixed,32,8,0.25,4.0,128,2048,4096,16384,7168,366.467,630.433,417.028,0.1915
mixed,32,8,0.25,4.0,128,4096,128,512,224,264.578,282.656,262.211,-0.1309
mixed,32,8,0.25,4.0,128,4096,256,1024,448,278.114,276.294,309.984,
mixed,32,8,0.25,4.0,128,4096,512,2048,896,272.608,311.521,277.538,0.1267
mixed,32,8,0.25,4.0,128,4096,1024,4096,1792,303.201,309.34,310.976,1.2665
mixed,32,8,0.25,4.0,128,4096,2048,8192,3584,308.288,477.728,302.494,-0.0342
mixed,32,8,0.25,4.0,128,4096,4096,16384,7168,452.737,584.192,423.999,-0.2186
mixed,32,8,0.25,4.0,128,8192,128,512,224,314.334,337.474,310.911,-0.1479
mixed,32,8,0.25,4.0,128,8192,256,1024,448,329.822,360.544,318.977,-0.353
mixed,32,8,0.25,4.0,128,8192,512,2048,896,351.009,338.498,409.313,
mixed,32,8,0.25,4.0,128,8192,1024,4096,1792,404.48,420.193,413.153,0.552
mixed,32,8,0.25,4.0,128,8192,2048,8192,3584,397.923,418.656,420.676,1.0974
mixed,32,8,0.25,4.0,128,8192,4096,16384,7168,419.427,745.25,416.736,-0.0083
mixed,32,8,0.25,4.0,256,0,128,512,224,196.477,216.285,213.504,0.8596
mixed,32,8,0.25,4.0,256,0,256,1024,448,213.697,234.465,225.567,0.5716
mixed,32,8,0.25,4.0,256,0,512,2048,896,228.77,267.394,252.067,0.6032
mixed,32,8,0.25,4.0,256,0,1024,4096,1792,253.856,314.017,307.743,0.8957
mixed,32,8,0.25,4.0,256,0,2048,8192,3584,304.288,427.329,412.674,0.8809
mixed,32,8,0.25,4.0,256,0,4096,16384,7168,396.799,642.048,622.497,0.9203
mixed,32,8,0.25,4.0,256,512,128,512,224,265.602,274.142,266.242,0.0749
mixed,32,8,0.25,4.0,256,512,256,1024,448,275.013,288.511,276.258,0.0922
mixed,32,8,0.25,4.0,256,512,512,2048,896,284.61,263.009,298.207,
mixed,32,8,0.25,4.0,256,512,1024,4096,1792,253.312,319.586,307.711,0.8208
mixed,32,8,0.25,4.0,256,512,2048,8192,3584,308.932,433.857,416.034,0.8573
mixed,32,8,0.25,4.0,256,512,4096,16384,7168,401.696,645.953,628.225,0.9274
mixed,32,8,0.25,4.0,256,1024,128,512,224,277.728,289.537,285.92,0.6937
mixed,32,8,0.25,4.0,256,1024,256,1024,448,286.719,302.143,292.736,0.3901
mixed,32,8,0.25,4.0,256,1024,512,2048,896,306.784,259.934,314.399,
mixed,32,8,0.25,4.0,256,1024,1024,4096,1792,323.839,325.025,368.514,37.6686
mixed,32,8,0.25,4.0,256,1024,2048,8192,3584,308.702,432.704,419.396,0.8927
mixed,32,8,0.25,4.0,256,1024,4096,16384,7168,404.55,652.608,630.594,0.9113
mixed,32,8,0.25,4.0,256,2048,128,512,224,301.663,316.959,300.32,-0.0878
mixed,32,8,0.25,4.0,256,2048,256,1024,448,315.649,341.152,337.665,0.8633
mixed,32,8,0.25,4.0,256,2048,512,2048,896,335.356,353.728,338.397,0.1655
mixed,32,8,0.25,4.0,256,2048,1024,4096,1792,348.546,319.136,396.256,
mixed,32,8,0.25,4.0,256,2048,2048,8192,3584,395.236,433.408,500.543,2.7587
mixed,32,8,0.25,4.0,256,2048,4096,16384,7168,407.359,655.294,630.018,0.8981
mixed,32,8,0.25,4.0,256,4096,128,512,224,354.689,371.391,352.575,-0.1266
mixed,32,8,0.25,4.0,256,4096,256,1024,448,370.881,396.799,359.135,-0.4532
mixed,32,8,0.25,4.0,256,4096,512,2048,896,390.209,446.177,442.238,0.9296
mixed,32,8,0.25,4.0,256,4096,1024,4096,1792,434.272,462.529,444.193,0.3511
mixed,32,8,0.25,4.0,256,4096,2048,8192,3584,448.962,429.249,548.419,
mixed,32,8,0.25,4.0,256,4096,4096,16384,7168,545.472,657.121,756.865,1.8934
mixed,32,8,0.25,4.0,256,8192,128,512,224,450.079,477.89,445.183,-0.176
mixed,32,8,0.25,4.0,256,8192,256,1024,448,472.287,501.442,461.889,-0.3566
mixed,32,8,0.25,4.0,256,8192,512,2048,896,493.444,552.703,479.009,-0.2436
mixed,32,8,0.25,4.0,256,8192,1024,4096,1792,536.255,658.785,647.81,0.9104
mixed,32,8,0.25,4.0,256,8192,2048,8192,3584,626.881,673.438,654.08,0.5842
mixed,32,8,0.25,4.0,256,8192,4096,16384,7168,647.076,655.424,864.128,26.0005
mixed,32,8,0.25,4.0,512,0,128,512,224,301.664,318.43,313.282,0.693
mixed,32,8,0.25,4.0,512,0,256,1024,448,318.112,348.896,341.183,0.7494
mixed,32,8,0.25,4.0,512,0,512,2048,896,345.73,399.105,398.624,0.991
mixed,32,8,0.25,4.0,512,0,1024,4096,1792,390.047,502.24,510.369,1.0725
mixed,32,8,0.25,4.0,512,0,2048,8192,3584,487.266,727.552,713.215,0.9403
mixed,32,8,0.25,4.0,512,0,4096,16384,7168,672.356,1134.212,1114.24,0.9568
mixed,32,8,0.25,4.0,512,512,128,512,224,350.301,368.705,352.19,0.1026
mixed,32,8,0.25,4.0,512,512,256,1024,448,362.241,401.342,388.959,0.6833
mixed,32,8,0.25,4.0,512,512,512,2048,896,376.671,448.865,438.371,0.8546
mixed,32,8,0.25,4.0,512,512,1024,4096,1792,437.697,545.313,546.367,1.0098
mixed,32,8,0.25,4.0,512,512,2048,8192,3584,523.139,749.405,747.936,0.9935
mixed,32,8,0.25,4.0,512,512,4096,16384,7168,718.596,1188.927,1164.128,0.9473
mixed,32,8,0.25,4.0,512,1024,128,512,224,370.784,398.111,379.264,0.3103
mixed,32,8,0.25,4.0,512,1024,256,1024,448,387.999,417.632,418.178,1.0184
mixed,32,8,0.25,4.0,512,1024,512,2048,896,403.615,460.67,471.939,1.1975
mixed,32,8,0.25,4.0,512,1024,1024,4096,1792,461.569,581.314,571.812,0.9206
mixed,32,8,0.25,4.0,512,1024,2048,8192,3584,535.68,784.703,776.416,0.9667
mixed,32,8,0.25,4.0,512,1024,4096,16384,7168,730.783,1205.183,1169.442,0.9247
mixed,32,8,0.25,4.0,512,2048,128,512,224,421.346,432.129,422.783,0.1333
mixed,32,8,0.25,4.0,512,2048,256,1024,448,427.2,464.192,419.776,-0.2007
mixed,32,8,0.25,4.0,512,2048,512,2048,896,455.358,524.415,522.589,0.9736
mixed,32,8,0.25,4.0,512,2048,1024,4096,1792,523.777,623.041,606.528,0.8336
mixed,32,8,0.25,4.0,512,2048,2048,8192,3584,601.536,832.771,827.197,0.9759
mixed,32,8,0.25,4.0,512,2048,4096,16384,7168,765.056,1229.797,1215.966,0.9702
mixed,32,8,0.25,4.0,512,4096,128,512,224,519.713,532.385,527.68,0.6287
mixed,32,8,0.25,4.0,512,4096,256,1024,448,538.56,580.546,530.656,-0.1883
mixed,32,8,0.25,4.0,512,4096,512,2048,896,562.144,609.537,541.442,-0.4368
mixed,32,8,0.25,4.0,512,4096,1024,4096,1792,609.858,738.784,732.799,0.9536
mixed,32,8,0.25,4.0,512,4096,2048,8192,3584,705.855,949.761,929.472,0.9168
mixed,32,8,0.25,4.0,512,4096,4096,16384,7168,893.346,1341.826,1330.276,0.9742
mixed,32,8,0.25,4.0,512,8192,128,512,224,727.327,734.4,744.481,2.4253
mixed,32,8,0.25,4.0,512,8192,256,1024,448,733.124,781.251,716.126,-0.3532
mixed,32,8,0.25,4.0,512,8192,512,2048,896,719.393,830.015,730.018,0.096
mixed,32,8,0.25,4.0,512,8192,1024,4096,1792,811.073,941.632,775.682,-0.2711
mixed,32,8,0.25,4.0,512,8192,2048,8192,3584,910.719,1153.284,1121.982,0.871
mixed,32,8,0.25,4.0,512,8192,4096,16384,7168,1096.352,1543.076,1550.849,1.0174
mixed,32,8,0.25,4.0,1024,0,128,512,224,524.484,545.088,528.166,0.1787
mixed,32,8,0.25,4.0,1024,0,256,1024,448,541.565,562.688,549.89,0.3941
mixed,32,8,0.25,4.0,1024,0,512,2048,896,568.26,625.056,569.888,0.0287
mixed,32,8,0.25,4.0,1024,0,1024,4096,1792,608.513,687.003,628.005,0.2483
mixed,32,8,0.25,4.0,1024,0,2048,8192,3584,676.417,911.074,686.973,0.045
mixed,32,8,0.25,4.0,1024,0,4096,16384,7168,797.44,1116.546,856.42,0.1848
mixed,32,8,0.25,4.0,1024,512,128,512,224,629.92,658.818,636.414,0.2247
mixed,32,8,0.25,4.0,1024,512,256,1024,448,643.645,682.207,649.41,0.1495
mixed,32,8,0.25,4.0,1024,512,512,2048,896,671.326,718.308,683.329,0.2555
mixed,32,8,0.25,4.0,1024,512,1024,4096,1792,723.711,794.819,743.585,0.2795
mixed,32,8,0.25,4.0,1024,512,2048,8192,3584,769.796,944.418,810.815,0.2349
mixed,32,8,0.25,4.0,1024,512,4096,16384,7168,909.443,1231.835,962.852,0.1657
mixed,32,8,0.25,4.0,1024,1024,128,512,224,675.968,699.841,685.221,0.3876
mixed,32,8,0.25,4.0,1024,1024,256,1024,448,686.309,724.799,686.943,0.0165
mixed,32,8,0.25,4.0,1024,1024,512,2048,896,724.778,757.439,729.279,0.1378
mixed,32,8,0.25,4.0,1024,1024,1024,4096,1792,761.28,841.641,791.363,0.3743
mixed,32,8,0.25,4.0,1024,1024,2048,8192,3584,819.33,982.565,859.999,0.2491
mixed,32,8,0.25,4.0,1024,1024,4096,16384,7168,949.434,1266.656,1000.096,0.1597
mixed,32,8,0.25,4.0,1024,2048,128,512,224,764.032,767.488,762.115,-0.5547
mixed,32,8,0.25,4.0,1024,2048,256,1024,448,774.43,795.646,775.841,0.0665
mixed,32,8,0.25,4.0,1024,2048,512,2048,896,800.417,858.34,811.102,0.1845
mixed,32,8,0.25,4.0,1024,2048,1024,4096,1792,842.53,921.447,857.088,0.1845
mixed,32,8,0.25,4.0,1024,2048,2048,8192,3584,907.365,1072.578,924.352,0.1028
mixed,32,8,0.25,4.0,1024,2048,4096,16384,7168,1031.523,1358.143,1090.018,0.1791
mixed,32,8,0.25,4.0,1024,4096,128,512,224,934.524,940.26,930.463,-0.708
mixed,32,8,0.25,4.0,1024,4096,256,1024,448,937.158,973.856,931.336,-0.1586
mixed,32,8,0.25,4.0,1024,4096,512,2048,896,968.068,1001.342,966.24,-0.0549
mixed,32,8,0.25,4.0,1024,4096,1024,4096,1792,995.971,1078.276,1024.131,0.3421
mixed,32,8,0.25,4.0,1024,4096,2048,8192,3584,1072.263,1225.859,1092.828,0.1339
mixed,32,8,0.25,4.0,1024,4096,4096,16384,7168,1189.413,1519.525,1244.257,0.1661
mixed,32,8,0.25,4.0,1024,8192,128,512,224,1265.601,1271.038,1247.809,-3.2724
mixed,32,8,0.25,4.0,1024,8192,256,1024,448,1270.53,1305.183,1266.98,-0.1024
mixed,32,8,0.25,4.0,1024,8192,512,2048,896,1288.003,1328.067,1304.454,0.4106
mixed,32,8,0.25,4.0,1024,8192,1024,4096,1792,1339.046,1409.218,1354.116,0.2148
mixed,32,8,0.25,4.0,1024,8192,2048,8192,3584,1386.628,1557.604,1419.68,0.1933
mixed,32,8,0.25,4.0,1024,8192,4096,16384,7168,1511.134,1829.703,1575.427,0.2018
mixed,32,8,0.25,4.0,2048,0,128,512,224,840.353,864.033,846.174,0.2458
mixed,32,8,0.25,4.0,2048,0,256,1024,448,858.174,886.563,860.387,0.078
mixed,32,8,0.25,4.0,2048,0,512,2048,896,878.303,922.786,888.995,0.2404
mixed,32,8,0.25,4.0,2048,0,1024,4096,1792,918.242,1002.37,942.723,0.291
mixed,32,8,0.25,4.0,2048,0,2048,8192,3584,987.359,1143.011,1016.222,0.1854
mixed,32,8,0.25,4.0,2048,0,4096,16384,7168,1115.49,1432.225,1166.753,0.1618
mixed,32,8,0.25,4.0,2048,512,128,512,224,1006.15,1017.344,1006.146,-0.0004
mixed,32,8,0.25,4.0,2048,512,256,1024,448,1015.997,1043.968,1017.123,0.0403
mixed,32,8,0.25,4.0,2048,512,512,2048,896,1036.866,1075.679,1049.695,0.3305
mixed,32,8,0.25,4.0,2048,512,1024,4096,1792,1072.703,1157.254,1096.451,0.2809
mixed,32,8,0.25,4.0,2048,512,2048,8192,3584,1139.55,1295.103,1167.71,0.181
mixed,32,8,0.25,4.0,2048,512,4096,16384,7168,1255.872,1593.379,1317.029,0.1812
mixed,32,8,0.25,4.0,2048,1024,128,512,224,1056.996,1070.786,1063.264,0.4545
mixed,32,8,0.25,4.0,2048,1024,256,1024,448,1070.943,1102.884,1074.559,0.1132
mixed,32,8,0.25,4.0,2048,1024,512,2048,896,1082.719,1131.173,1108.001,0.5218
mixed,32,8,0.25,4.0,2048,1024,1024,4096,1792,1131.074,1220.294,1155.521,0.274
mixed,32,8,0.25,4.0,2048,1024,2048,8192,3584,1194.848,1357.855,1227.391,0.1996
mixed,32,8,0.25,4.0,2048,1024,4096,16384,7168,1318.722,1642.819,1387.972,0.2137
mixed,32,8,0.25,4.0,2048,2048,128,512,224,1175.107,1196.614,1176.543,0.0668
mixed,32,8,0.25,4.0,2048,2048,256,1024,448,1188.417,1207.875,1190.436,0.1038
mixed,32,8,0.25,4.0,2048,2048,512,2048,896,1209.059,1253.122,1211.333,0.0516
mixed,32,8,0.25,4.0,2048,2048,1024,4096,1792,1244.64,1329.374,1271.495,0.3169
mixed,32,8,0.25,4.0,2048,2048,2048,8192,3584,1304.705,1465.345,1332.993,0.1761
mixed,32,8,0.25,4.0,2048,2048,4096,16384,7168,1436.418,1757.795,1491.27,0.1707
mixed,32,8,0.25,4.0,2048,4096,128,512,224,1427.463,1440.52,1424.292,-0.2429
mixed,32,8,0.25,4.0,2048,4096,256,1024,448,1435.264,1456.994,1437.058,0.0826
mixed,32,8,0.25,4.0,2048,4096,512,2048,896,1455.461,1501.411,1468.194,0.2771
mixed,32,8,0.25,4.0,2048,4096,1024,4096,1792,1491.491,1572.803,1513.121,0.266
mixed,32,8,0.25,4.0,2048,4096,2048,8192,3584,1545.984,1712.868,1595.364,0.2959
mixed,32,8,0.25,4.0,2048,4096,4096,16384,7168,1685.858,2006.082,1747.91,0.1938
mixed,32,8,0.25,4.0,2048,8192,128,512,224,1893.156,1907.841,1888.997,-0.2832
mixed,32,8,0.25,4.0,2048,8192,256,1024,448,1904.093,1922.176,1898.402,-0.3147
mixed,32,8,0.25,4.0,2048,8192,512,2048,896,1924.26,1959.235,1934.497,0.2927
mixed,32,8,0.25,4.0,2048,8192,1024,4096,1792,1962.117,2042.244,1983.712,0.2695
mixed,32,8,0.25,4.0,2048,8192,2048,8192,3584,2010.531,2181.443,2059.811,0.2883
mixed,32,8,0.25,4.0,2048,8192,4096,16384,7168,2137.764,2466.498,2209.474,0.2181
pure,32,16,0.5,4.0,0,0,128,512,320,165.311,168.189,165.28,-0.0108
pure,32,16,0.5,4.0,0,0,256,1024,640,169.794,178.853,172.414,0.2892
pure,32,16,0.5,4.0,0,0,512,2048,1280,187.519,205.119,188.065,0.031
pure,32,16,0.5,4.0,0,0,1024,4096,2560,216.642,252.768,219.644,0.0831
pure,32,16,0.5,4.0,0,0,2048,8192,5120,279.199,354.688,280.77,0.0208
pure,32,16,0.5,4.0,0,0,4096,16384,10240,400.192,542.724,402.462,0.0159
mixed,32,16,0.5,4.0,16,0,128,512,320,172.545,177.026,171.489,-0.2357
mixed,32,16,0.5,4.0,16,0,256,1024,640,177.44,186.72,180.383,0.3171
mixed,32,16,0.5,4.0,16,0,512,2048,1280,195.424,215.62,196.352,0.0459
mixed,32,16,0.5,4.0,16,0,1024,4096,2560,224.481,264.925,231.998,0.1859
mixed,32,16,0.5,4.0,16,0,2048,8192,5120,287.937,360.064,289.35,0.0196
mixed,32,16,0.5,4.0,16,0,4096,16384,10240,406.785,549.089,413.761,0.049
mixed,32,16,0.5,4.0,16,512,128,512,320,181.408,183.135,180.542,-0.5014
mixed,32,16,0.5,4.0,16,512,256,1024,640,180.801,209.984,180.163,-0.0219
mixed,32,16,0.5,4.0,16,512,512,2048,1280,216.033,214.534,216.802,
mixed,32,16,0.5,4.0,16,512,1024,4096,2560,228.578,263.419,229.728,0.033
mixed,32,16,0.5,4.0,16,512,2048,8192,5120,288.833,361.09,290.275,0.02
mixed,32,16,0.5,4.0,16,512,4096,16384,10240,411.04,551.904,407.23,-0.027
mixed,32,16,0.5,4.0,16,1024,128,512,320,180.864,185.563,180.348,-0.1098
mixed,32,16,0.5,4.0,16,1024,256,1024,640,187.205,193.953,187.837,0.0937
mixed,32,16,0.5,4.0,16,1024,512,2048,1280,196.16,245.311,198.592,0.0495
mixed,32,16,0.5,4.0,16,1024,1024,4096,2560,264.003,263.584,263.425,
mixed,32,16,0.5,4.0,16,1024,2048,8192,5120,287.455,362.752,288.513,0.0141
mixed,32,16,0.5,4.0,16,1024,4096,16384,10240,411.073,550.849,408.674,-0.0172
mixed,32,16,0.5,4.0,16,2048,128,512,320,189.218,191.743,190.082,0.3422
mixed,32,16,0.5,4.0,16,2048,256,1024,640,193.699,194.336,189.984,-5.832
mixed,32,16,0.5,4.0,16,2048,512,2048,1280,201.405,245.502,199.548,-0.0421
mixed,32,16,0.5,4.0,16,2048,1024,4096,2560,262.848,315.137,228.383,-0.6591
mixed,32,16,0.5,4.0,16,2048,2048,8192,5120,350.72,361.474,337.505,-1.2288
mixed,32,16,0.5,4.0,16,2048,4096,16384,10240,412.067,552.608,411.969,-0.0007
mixed,32,16,0.5,4.0,16,4096,128,512,320,195.267,193.216,196.352,
mixed,32,16,0.5,4.0,16,4096,256,1024,640,196.96,220.511,198.078,0.0475
mixed,32,16,0.5,4.0,16,4096,512,2048,1280,206.848,223.135,218.24,0.6995
mixed,32,16,0.5,4.0,16,4096,1024,4096,2560,234.914,315.65,233.599,-0.0163
mixed,32,16,0.5,4.0,16,4096,2048,8192,5120,349.569,455.937,337.089,-0.1173
mixed,32,16,0.5,4.0,16,4096,4096,16384,10240,519.424,553.44,490.723,-0.8437
mixed,32,16,0.5,4.0,16,8192,128,512,320,208.768,214.72,202.752,-1.0108
mixed,32,16,0.5,4.0,16,8192,256,1024,640,209.953,210.818,205.732,-4.8798
mixed,32,16,0.5,4.0,16,8192,512,2048,1280,232.224,265.057,216.796,-0.4699
mixed,32,16,0.5,4.0,16,8192,1024,4096,2560,244.739,275.775,262.365,0.5679
mixed,32,16,0.5,4.0,16,8192,2048,8192,5120,345.982,450.719,299.745,-0.4415
mixed,32,16,0.5,4.0,16,8192,4096,16384,10240,519.488,728.933,492.415,-0.1293
mixed,32,16,0.5,4.0,32,0,128,512,320,178.08,178.082,174.688,-1696.0
mixed,32,16,0.5,4.0,32,0,256,1024,640,186.849,190.816,186.017,-0.2097
mixed,32,16,0.5,4.0,32,0,512,2048,1280,196.545,217.824,196.159,-0.0181
mixed,32,16,0.5,4.0,32,0,1024,4096,2560,228.032,264.832,229.313,0.0348
mixed,32,16,0.5,4.0,32,0,2048,8192,5120,291.074,363.171,290.239,-0.0116
mixed,32,16,0.5,4.0,32,0,4096,16384,10240,411.685,550.369,415.457,0.0272
mixed,32,16,0.5,4.0,32,512,128,512,320,181.826,186.654,185.088,0.6756
mixed,32,16,0.5,4.0,32,512,256,1024,640,185.663,194.208,193.853,0.9585
mixed,32,16,0.5,4.0,32,512,512,2048,1280,199.681,244.609,199.167,-0.0114
mixed,32,16,0.5,4.0,32,512,1024,4096,2560,258.849,303.263,256.062,-0.0628
mixed,32,16,0.5,4.0,32,512,2048,8192,5120,329.408,398.979,314.273,-0.2175
mixed,32,16,0.5,4.0,32,512,4096,16384,10240,443.137,578.209,413.759,-0.2175
mixed,32,16,0.5,4.0,32,1024,128,512,320,187.81,193.502,186.496,-0.2309
mixed,32,16,0.5,4.0,32,1024,256,1024,640,190.686,193.507,187.554,-1.1102
mixed,32,16,0.5,4.0,32,1024,512,2048,1280,200.095,243.231,214.017,0.3227
mixed,32,16,0.5,4.0,32,1024,1024,4096,2560,263.84,312.898,233.183,-0.6249
mixed,32,16,0.5,4.0,32,1024,2048,8192,5120,342.37,420.927,332.514,-0.1255
mixed,32,16,0.5,4.0,32,1024,4096,16384,10240,465.185,595.489,436.768,-0.2181
mixed,32,16,0.5,4.0,32,2048,128,512,320,195.713,191.906,194.113,
mixed,32,16,0.5,4.0,32,2048,256,1024,640,192.576,221.28,193.505,0.0324
mixed,32,16,0.5,4.0,32,2048,512,2048,1280,229.472,223.97,219.2,
mixed,32,16,0.5,4.0,32,2048,1024,4096,2560,238.911,315.041,258.688,0.2598
mixed,32,16,0.5,4.0,32,2048,2048,8192,5120,346.527,454.591,331.036,-0.1434
mixed,32,16,0.5,4.0,32,2048,4096,16384,10240,507.391,637.505,484.606,-0.1751
mixed,32,16,0.5,4.0,32,4096,128,512,320,204.898,206.657,197.953,-3.9483
mixed,32,16,0.5,4.0,32,4096,256,1024,640,208.702,207.713,203.743,
mixed,32,16,0.5,4.0,32,4096,512,2048,1280,233.216,259.971,234.495,0.0478
mixed,32,16,0.5,4.0,32,4096,1024,4096,2560,285.311,281.345,265.314,
mixed,32,16,0.5,4.0,32,4096,2048,8192,5120,350.466,449.377,320.095,-0.3071
mixed,32,16,0.5,4.0,32,4096,4096,16384,10240,498.595,729.764,463.905,-0.1501
mixed,32,16,0.5,4.0,32,8192,128,512,320,222.591,220.16,218.751,
mixed,32,16,0.5,4.0,32,8192,256,1024,640,223.263,240.228,220.929,-0.1376
mixed,32,16,0.5,4.0,32,8192,512,2048,1280,251.33,235.904,235.262,
mixed,32,16,0.5,4.0,32,8192,1024,4096,2560,280.992,343.297,293.504,0.2008
mixed,32,16,0.5,4.0,32,8192,2048,8192,5120,386.245,383.97,348.674,
mixed,32,16,0.5,4.0,32,8192,4096,16384,10240,494.879,702.594,454.245,-0.1956
mixed,32,16,0.5,4.0,64,0,128,512,320,183.521,176.546,173.186,
mixed,32,16,0.5,4.0,64,0,256,1024,640,182.56,197.921,186.208,0.2375
mixed,32,16,0.5,4.0,64,0,512,2048,1280,203.679,222.851,204.67,0.0517
mixed,32,16,0.5,4.0,64,0,1024,4096,2560,233.249,267.969,242.496,0.2663
mixed,32,16,0.5,4.0,64,0,2048,8192,5120,290.402,367.614,294.241,0.0497
mixed,32,16,0.5,4.0,64,0,4096,16384,10240,413.44,565.794,413.761,0.0021
mixed,32,16,0.5,4.0,64,512,128,512,320,195.04,209.856,190.431,-0.3111
mixed,32,16,0.5,4.0,64,512,256,1024,640,192.767,197.698,188.16,-0.9343
mixed,32,16,0.5,4.0,64,512,512,2048,1280,204.196,243.233,223.842,0.5033
mixed,32,16,0.5,4.0,64,512,1024,4096,2560,260.127,302.175,228.705,-0.7473
mixed,32,16,0.5,4.0,64,512,2048,8192,5120,323.552,390.975,310.531,-0.1931
mixed,32,16,0.5,4.0,64,512,4096,16384,10240,443.263,601.695,418.114,-0.1587
mixed,32,16,0.5,4.0,64,1024,128,512,320,203.646,195.426,201.377,
mixed,32,16,0.5,4.0,64,1024,256,1024,640,194.014,225.248,190.113,-0.1249
mixed,32,16,0.5,4.0,64,1024,512,2048,1280,233.918,226.527,227.266,
mixed,32,16,0.5,4.0,64,1024,1024,4096,2560,237.888,309.758,265.571,0.3852
mixed,32,16,0.5,4.0,64,1024,2048,8192,5120,348.192,406.561,325.375,-0.3909
mixed,32,16,0.5,4.0,64,1024,4096,16384,10240,466.432,593.728,432.768,-0.2645
mixed,32,16,0.5,4.0,64,2048,128,512,320,201.761,219.072,203.294,0.0886
mixed,32,16,0.5,4.0,64,2048,256,1024,640,222.015,209.278,215.169,
mixed,32,16,0.5,4.0,64,2048,512,2048,1280,235.17,265.729,237.249,0.068
mixed,32,16,0.5,4.0,64,2048,1024,4096,2560,284.03,277.986,265.217,
mixed,32,16,0.5,4.0,64,2048,2048,8192,5120,341.63,450.527,329.091,-0.1151
mixed,32,16,0.5,4.0,64,2048,4096,16384,10240,491.968,627.843,472.962,-0.1399
mixed,32,16,0.5,4.0,64,4096,128,512,320,219.715,222.174,220.063,0.1415
mixed,32,16,0.5,4.0,64,4096,256,1024,640,221.314,248.609,225.951,0.1699
mixed,32,16,0.5,4.0,64,4096,512,2048,1280,258.626,235.616,250.143,
mixed,32,16,0.5,4.0,64,4096,1024,4096,2560,283.232,345.248,293.6,0.1672
mixed,32,16,0.5,4.0,64,4096,2048,8192,5120,377.056,378.015,337.534,-41.2117
mixed,32,16,0.5,4.0,64,4096,4096,16384,10240,489.25,718.082,461.343,-0.122
mixed,32,16,0.5,4.0,64,8192,128,512,320,249.024,250.557,254.368,3.486
mixed,32,16,0.5,4.0,64,8192,256,1024,640,248.164,255.553,253.631,0.7399
mixed,32,16,0.5,4.0,64,8192,512,2048,1280,257.409,296.511,264.675,0.1858
mixed,32,16,0.5,4.0,64,8192,1024,4096,2560,321.376,304.16,311.998,
mixed,32,16,0.5,4.0,64,8192,2048,8192,5120,377.441,490.562,407.97,0.2699
mixed,32,16,0.5,4.0,64,8192,4096,16384,10240,550.466,585.728,480.831,-1.9748
mixed,32,16,0.5,4.0,128,0,128,512,320,188.45,193.631,191.649,0.6174
mixed,32,16,0.5,4.0,128,0,256,1024,640,192.706,203.006,194.176,0.1427
mixed,32,16,0.5,4.0,128,0,512,2048,1280,208.769,236.734,210.621,0.0662
mixed,32,16,0.5,4.0,128,0,1024,4096,2560,250.528,286.911,243.648,-0.1891
mixed,32,16,0.5,4.0,128,0,2048,8192,5120,304.836,381.478,314.368,0.1244
mixed,32,16,0.5,4.0,128,0,4096,16384,10240,427.36,577.408,456.031,0.1911
mixed,32,16,0.5,4.0,128,512,128,512,320,212.413,208.195,209.313,
mixed,32,16,0.5,4.0,128,512,256,1024,640,206.943,236.803,206.596,-0.0116
mixed,32,16,0.5,4.0,128,512,512,2048,1280,242.69,234.27,249.568,
mixed,32,16,0.5,4.0,128,512,1024,4096,2560,244.097,302.306,250.146,0.1039
mixed,32,16,0.5,4.0,128,512,2048,8192,5120,336.739,401.442,313.025,-0.3665
mixed,32,16,0.5,4.0,128,512,4096,16384,10240,441.312,599.329,448.224,0.0437
mixed,32,16,0.5,4.0,128,1024,128,512,320,217.695,231.424,217.569,-0.0092
mixed,32,16,0.5,4.0,128,1024,256,1024,640,241.125,225.475,237.439,
mixed,32,16,0.5,4.0,128,1024,512,2048,1280,225.921,269.952,224.83,-0.0248
mixed,32,16,0.5,4.0,128,1024,1024,4096,2560,285.024,286.37,269.826,-11.2912
mixed,32,16,0.5,4.0,128,1024,2048,8192,5120,311.746,404.641,318.559,0.0733
mixed,32,16,0.5,4.0,128,1024,4096,16384,10240,460.608,592.578,448.768,-0.0897
mixed,32,16,0.5,4.0,128,2048,128,512,320,238.176,228.898,248.959,
mixed,32,16,0.5,4.0,128,2048,256,1024,640,232.835,259.041,241.373,0.3258
mixed,32,16,0.5,4.0,128,2048,512,2048,1280,268.478,250.819,273.059,
mixed,32,16,0.5,4.0,128,2048,1024,4096,2560,293.312,338.914,305.024,0.2568
mixed,32,16,0.5,4.0,128,2048,2048,8192,5120,373.695,388.611,345.345,-1.9006
mixed,32,16,0.5,4.0,128,2048,4096,16384,10240,480.353,623.492,448.61,-0.2218
mixed,32,16,0.5,4.0,128,4096,128,512,320,266.817,279.649,277.311,0.8178
mixed,32,16,0.5,4.0,128,4096,256,1024,640,281.857,273.279,298.942,
mixed,32,16,0.5,4.0,128,4096,512,2048,1280,266.976,308.801,275.873,0.2127
mixed,32,16,0.5,4.0,128,4096,1024,4096,2560,336.834,310.019,342.528,
mixed,32,16,0.5,4.0,128,4096,2048,8192,5120,384.574,476.032,412.738,0.3079
mixed,32,16,0.5,4.0,128,4096,4096,16384,10240,526.049,586.721,466.307,-0.9847
mixed,32,16,0.5,4.0,128,8192,128,512,320,316.577,332.033,323.041,0.4182
mixed,32,16,0.5,4.0,128,8192,256,1024,640,336.256,361.055,356.255,0.8064
mixed,32,16,0.5,4.0,128,8192,512,2048,1280,371.139,336.964,407.584,
mixed,32,16,0.5,4.0,128,8192,1024,4096,2560,338.338,419.166,361.825,0.2906
mixed,32,16,0.5,4.0,128,8192,2048,8192,5120,469.953,434.943,479.81,
mixed,32,16,0.5,4.0,128,8192,4096,16384,10240,570.753,737.569,625.25,0.3267
mixed,32,16,0.5,4.0,256,0,128,512,320,208.893,211.745,210.465,0.5512
mixed,32,16,0.5,4.0,256,0,256,1024,640,217.921,228.481,225.441,0.7121
mixed,32,16,0.5,4.0,256,0,512,2048,1280,235.777,255.615,248.16,0.6242
mixed,32,16,0.5,4.0,256,0,1024,4096,2560,273.376,312.097,306.494,0.8553
mixed,32,16,0.5,4.0,256,0,2048,8192,5120,338.625,420.862,411.554,0.8868
mixed,32,16,0.5,4.0,256,0,4096,16384,10240,473.346,635.745,621.376,0.9115
mixed,32,16,0.5,4.0,256,512,128,512,320,262.817,271.683,262.177,-0.0722
mixed,32,16,0.5,4.0,256,512,256,1024,640,270.59,281.887,276.191,0.4958
mixed,32,16,0.5,4.0,256,512,512,2048,1280,235.488,257.92,247.232,0.5235
mixed,32,16,0.5,4.0,256,512,1024,4096,2560,271.966,315.233,301.954,0.6931
mixed,32,16,0.5,4.0,256,512,2048,8192,5120,347.298,427.581,414.34,0.8351
mixed,32,16,0.5,4.0,256,512,4096,16384,10240,479.264,644.128,624.352,0.88
mixed,32,16,0.5,4.0,256,1024,128,512,320,278.496,284.96,285.214,1.0393
mixed,32,16,0.5,4.0,256,1024,256,1024,640,290.623,297.537,286.688,-0.5691
mixed,32,16,0.5,4.0,256,1024,512,2048,1280,304.128,255.84,316.004,
mixed,32,16,0.5,4.0,256,1024,1024,4096,2560,272.863,318.561,304.705,0.6968
mixed,32,16,0.5,4.0,256,1024,2048,8192,5120,345.568,429.441,414.048,0.8165
mixed,32,16,0.5,4.0,256,1024,4096,16384,10240,482.751,645.699,630.178,0.9047
mixed,32,16,0.5,4.0,256,2048,128,512,320,304.257,313.569,308.608,0.4672
mixed,32,16,0.5,4.0,256,2048,256,1024,640,316.48,335.011,338.337,1.1795
mixed,32,16,0.5,4.0,256,2048,512,2048,1280,352.352,354.915,342.048,-4.0203
mixed,32,16,0.5,4.0,256,2048,1024,4096,2560,364.544,312.354,393.474,
mixed,32,16,0.5,4.0,256,2048,2048,8192,5120,342.561,426.718,410.496,0.8072
mixed,32,16,0.5,4.0,256,2048,4096,16384,10240,482.431,646.526,630.144,0.9002
mixed,32,16,0.5,4.0,256,4096,128,512,320,359.073,366.08,350.88,-1.1693
mixed,32,16,0.5,4.0,256,4096,256,1024,640,372.863,390.499,387.968,0.8565
mixed,32,16,0.5,4.0,256,4096,512,2048,1280,404.095,442.208,442.337,1.0034
mixed,32,16,0.5,4.0,256,4096,1024,4096,2560,469.279,452.861,449.79,
mixed,32,16,0.5,4.0,256,4096,2048,8192,5120,480.288,424.255,552.865,
mixed,32,16,0.5,4.0,256,4096,4096,16384,10240,483.841,648.256,624.384,0.8548
mixed,32,16,0.5,4.0,256,8192,128,512,320,441.92,472.48,442.337,0.0136
mixed,32,16,0.5,4.0,256,8192,256,1024,640,481.856,496.097,462.787,-1.339
mixed,32,16,0.5,4.0,256,8192,512,2048,1280,509.187,550.209,545.056,0.8744
mixed,32,16,0.5,4.0,256,8192,1024,4096,2560,574.209,651.201,647.842,0.9564
mixed,32,16,0.5,4.0,256,8192,2048,8192,5120,698.176,670.785,656.862,
mixed,32,16,0.5,4.0,256,8192,4096,16384,10240,721.824,651.424,863.071,
mixed,32,16,0.5,4.0,512,0,128,512,320,304.352,324.161,300.353,-0.2019
mixed,32,16,0.5,4.0,512,0,256,1024,640,323.774,354.079,339.772,0.5279
mixed,32,16,0.5,4.0,512,0,512,2048,1280,343.681,392.16,391.266,0.9816
mixed,32,16,0.5,4.0,512,0,1024,4096,2560,423.423,501.375,499.842,0.9803
mixed,32,16,0.5,4.0,512,0,2048,8192,5120,539.871,719.36,709.792,0.9467
mixed,32,16,0.5,4.0,512,0,4096,16384,10240,828.385,1114.081,1100.194,0.9514
mixed,32,16,0.5,4.0,512,512,128,512,320,343.552,349.888,354.175,1.6766
mixed,32,16,0.5,4.0,512,512,256,1024,640,373.247,387.456,371.585,-0.117
mixed,32,16,0.5,4.0,512,512,512,2048,1280,399.935,439.907,427.743,0.6957
mixed,32,16,0.5,4.0,512,512,1024,4096,2560,466.528,534.181,538.371,1.0619
mixed,32,16,0.5,4.0,512,512,2048,8192,5120,596.159,729.762,743.006,1.0991
mixed,32,16,0.5,4.0,512,512,4096,16384,10240,847.714,1159.905,1144.93,0.952
mixed,32,16,0.5,4.0,512,1024,128,512,320,372.995,375.461,380.384,2.9964
mixed,32,16,0.5,4.0,512,1024,256,1024,640,398.94,414.304,400.929,0.1295
mixed,32,16,0.5,4.0,512,1024,512,2048,1280,432.577,460.994,456.0,0.8243
mixed,32,16,0.5,4.0,512,1024,1024,4096,2560,497.472,572.546,550.337,0.7042
mixed,32,16,0.5,4.0,512,1024,2048,8192,5120,628.674,772.515,761.76,0.9252
mixed,32,16,0.5,4.0,512,1024,4096,16384,10240,895.715,1204.609,1191.548,0.9577
mixed,32,16,0.5,4.0,512,2048,128,512,320,413.988,424.771,427.232,1.2282
mixed,32,16,0.5,4.0,512,2048,256,1024,640,427.744,456.705,468.256,1.3988
mixed,32,16,0.5,4.0,512,2048,512,2048,1280,480.417,525.666,504.833,0.5396
mixed,32,16,0.5,4.0,512,2048,1024,4096,2560,543.169,607.137,618.561,1.1786
mixed,32,16,0.5,4.0,512,2048,2048,8192,5120,672.962,826.531,815.968,0.9312
mixed,32,16,0.5,4.0,512,2048,4096,16384,10240,926.212,1239.172,1211.394,0.9112
mixed,32,16,0.5,4.0,512,4096,128,512,320,519.137,523.389,508.574,-2.4842
mixed,32,16,0.5,4.0,512,4096,256,1024,640,534.686,565.665,516.0,-0.6032
mixed,32,16,0.5,4.0,512,4096,512,2048,1280,587.425,632.191,625.73,0.8557
mixed,32,16,0.5,4.0,512,4096,1024,4096,2560,642.465,726.594,724.067,0.97
mixed,32,16,0.5,4.0,512,4096,2048,8192,5120,768.832,931.938,921.412,0.9355
mixed,32,16,0.5,4.0,512,4096,4096,16384,10240,1044.448,1339.903,1336.319,0.9879
mixed,32,16,0.5,4.0,512,8192,128,512,320,728.289,714.21,717.983,
mixed,32,16,0.5,4.0,512,8192,256,1024,640,715.389,762.751,728.191,0.2703
mixed,32,16,0.5,4.0,512,8192,512,2048,1280,778.018,812.32,739.902,-1.1112
mixed,32,16,0.5,4.0,512,8192,1024,4096,2560,835.556,907.87,919.043,1.1545
mixed,32,16,0.5,4.0,512,8192,2048,8192,5120,977.599,1129.189,1131.905,1.0179
mixed,32,16,0.5,4.0,512,8192,4096,16384,10240,1232.289,1544.097,1528.864,0.9511
mixed,32,16,0.5,4.0,1024,0,128,512,320,529.914,524.546,537.026,
mixed,32,16,0.5,4.0,1024,0,256,1024,640,540.383,564.576,537.027,-0.1387
mixed,32,16,0.5,4.0,1024,0,512,2048,1280,578.689,609.985,574.399,-0.1371
mixed,32,16,0.5,4.0,1024,0,1024,4096,2560,615.803,679.232,628.607,0.2019
mixed,32,16,0.5,4.0,1024,0,2048,8192,5120,725.119,835.49,725.726,0.0055
mixed,32,16,0.5,4.0,1024,0,4096,16384,10240,901.852,1119.398,916.228,0.0661
mixed,32,16,0.5,4.0,1024,512,128,512,320,651.138,646.022,644.356,
mixed,32,16,0.5,4.0,1024,512,256,1024,640,654.18,682.752,657.637,0.121
mixed,32,16,0.5,4.0,1024,512,512,2048,1280,690.4,720.32,689.696,-0.0235
mixed,32,16,0.5,4.0,1024,512,1024,4096,2560,747.906,791.519,741.281,-0.1519
mixed,32,16,0.5,4.0,1024,512,2048,8192,5120,846.21,947.074,819.813,-0.2617
mixed,32,16,0.5,4.0,1024,512,4096,16384,10240,1002.689,1228.131,1018.273,0.0691
mixed,32,16,0.5,4.0,1024,1024,128,512,320,680.927,706.176,697.501,0.6564
mixed,32,16,0.5,4.0,1024,1024,256,1024,640,704.385,706.94,711.616,2.8301
mixed,32,16,0.5,4.0,1024,1024,512,2048,1280,733.601,768.124,735.901,0.0666
mixed,32,16,0.5,4.0,1024,1024,1024,4096,2560,787.301,821.024,779.103,-0.2431
mixed,32,16,0.5,4.0,1024,1024,2048,8192,5120,872.066,995.363,874.21,0.0174
mixed,32,16,0.5,4.0,1024,1024,4096,16384,10240,1051.368,1288.219,1052.452,0.0046
mixed,32,16,0.5,4.0,1024,2048,128,512,320,770.719,766.177,779.683,
mixed,32,16,0.5,4.0,1024,2048,256,1024,640,771.107,801.278,787.906,0.5568
mixed,32,16,0.5,4.0,1024,2048,512,2048,1280,805.888,854.595,824.415,0.3804
mixed,32,16,0.5,4.0,1024,2048,1024,4096,2560,871.84,918.403,869.185,-0.057
mixed,32,16,0.5,4.0,1024,2048,2048,8192,5120,956.799,1058.366,945.827,-0.108
mixed,32,16,0.5,4.0,1024,2048,4096,16384,10240,1140.546,1368.2,1155.94,0.0676
mixed,32,16,0.5,4.0,1024,4096,128,512,320,927.231,930.789,938.655,3.2108
mixed,32,16,0.5,4.0,1024,4096,256,1024,640,950.014,967.073,948.956,-0.062
mixed,32,16,0.5,4.0,1024,4096,512,2048,1280,976.033,1002.018,968.159,-0.303
mixed,32,16,0.5,4.0,1024,4096,1024,4096,2560,1031.365,1085.377,1021.699,-0.179
mixed,32,16,0.5,4.0,1024,4096,2048,8192,5120,1118.717,1215.844,1131.011,0.1266
mixed,32,16,0.5,4.0,1024,4096,4096,16384,10240,1305.119,1513.666,1312.803,0.0368
mixed,32,16,0.5,4.0,1024,8192,128,512,320,1248.164,1269.41,1265.572,0.8194
mixed,32,16,0.5,4.0,1024,8192,256,1024,640,1269.63,1294.854,1267.525,-0.0835
mixed,32,16,0.5,4.0,1024,8192,512,2048,1280,1303.778,1330.721,1306.21,0.0903
mixed,32,16,0.5,4.0,1024,8192,1024,4096,2560,1370.431,1419.425,1361.96,-0.1729
mixed,32,16,0.5,4.0,1024,8192,2048,8192,5120,1455.458,1542.405,1435.94,-0.2245
mixed,32,16,0.5,4.0,1024,8192,4096,16384,10240,1621.281,1849.829,1638.431,0.075
mixed,32,16,0.5,4.0,2048,0,128,512,320,849.474,864.453,859.491,0.6687
mixed,32,16,0.5,4.0,2048,0,256,1024,640,866.302,889.761,870.852,0.194
mixed,32,16,0.5,4.0,2048,0,512,2048,1280,896.542,920.258,893.6,-0.1241
mixed,32,16,0.5,4.0,2048,0,1024,4096,2560,941.951,996.29,941.378,-0.0105
mixed,32,16,0.5,4.0,2048,0,2048,8192,5120,1036.832,1146.081,1043.746,0.0633
mixed,32,16,0.5,4.0,2048,0,4096,16384,10240,1210.789,1427.588,1214.884,0.0189
mixed,32,16,0.5,4.0,2048,512,128,512,320,1010.046,1020.069,1011.072,0.1024
mixed,32,16,0.5,4.0,2048,512,256,1024,640,1022.404,1038.18,1021.921,-0.0306
mixed,32,16,0.5,4.0,2048,512,512,2048,1280,1057.504,1080.675,1054.657,-0.1229
mixed,32,16,0.5,4.0,2048,512,1024,4096,2560,1105.119,1152.387,1095.107,-0.2118
mixed,32,16,0.5,4.0,2048,512,2048,8192,5120,1198.914,1298.534,1195.525,-0.034
mixed,32,16,0.5,4.0,2048,512,4096,16384,10240,1364.579,1582.624,1379.713,0.0694
mixed,32,16,0.5,4.0,2048,1024,128,512,320,1059.526,1074.213,1063.367,0.2615
mixed,32,16,0.5,4.0,2048,1024,256,1024,640,1085.571,1093.951,1081.955,-0.4315
mixed,32,16,0.5,4.0,2048,1024,512,2048,1280,1110.974,1143.844,1114.534,0.1083
mixed,32,16,0.5,4.0,2048,1024,1024,4096,2560,1157.983,1212.097,1159.135,0.0213
mixed,32,16,0.5,4.0,2048,1024,2048,8192,5120,1251.586,1355.781,1251.011,-0.0055
mixed,32,16,0.5,4.0,2048,1024,4096,16384,10240,1430.788,1642.981,1430.303,-0.0023
mixed,32,16,0.5,4.0,2048,2048,128,512,320,1188.708,1181.155,1177.955,
mixed,32,16,0.5,4.0,2048,2048,256,1024,640,1193.987,1210.946,1190.979,-0.1774
mixed,32,16,0.5,4.0,2048,2048,512,2048,1280,1217.507,1251.301,1225.186,0.2272
mixed,32,16,0.5,4.0,2048,2048,1024,4096,2560,1268.737,1331.264,1276.007,0.1163
mixed,32,16,0.5,4.0,2048,2048,2048,8192,5120,1363.847,1463.713,1362.084,-0.0177
mixed,32,16,0.5,4.0,2048,2048,4096,16384,10240,1537.251,1750.592,1548.932,0.0548
mixed,32,16,0.5,4.0,2048,4096,128,512,320,1430.912,1434.144,1426.406,-1.3942
mixed,32,16,0.5,4.0,2048,4096,256,1024,640,1443.935,1467.681,1444.028,0.0039
mixed,32,16,0.5,4.0,2048,4096,512,2048,1280,1476.621,1499.237,1467.459,-0.4051
mixed,32,16,0.5,4.0,2048,4096,1024,4096,2560,1521.411,1571.004,1521.091,-0.0065
mixed,32,16,0.5,4.0,2048,4096,2048,8192,5120,1612.448,1706.436,1609.988,-0.0262
mixed,32,16,0.5,4.0,2048,4096,4096,16384,10240,1786.277,2000.545,1791.17,0.0228
mixed,32,16,0.5,4.0,2048,8192,128,512,320,1892.489,1906.081,1906.209,1.0094
mixed,32,16,0.5,4.0,2048,8192,256,1024,640,1911.237,1928.101,1917.06,0.3453
mixed,32,16,0.5,4.0,2048,8192,512,2048,1280,1933.41,1960.198,1928.192,-0.1948
mixed,32,16,0.5,4.0,2048,8192,1024,4096,2560,1979.3,2034.758,1979.903,0.0109
mixed,32,16,0.5,4.0,2048,8192,2048,8192,5120,2072.644,2171.618,2071.782,-0.0087
mixed,32,16,0.5,4.0,2048,8192,4096,16384,10240,2249.447,2458.919,2254.054,0.022
pure,32,24,0.75,4.0,0,0,128,512,416,165.475,169.312,173.826,2.1764
pure,32,24,0.75,4.0,0,0,256,1024,832,177.955,179.042,185.921,7.3284
pure,32,24,0.75,4.0,0,0,512,2048,1664,194.914,206.177,210.749,1.4059
pure,32,24,0.75,4.0,0,0,1024,4096,3328,236.606,253.633,255.778,1.126
pure,32,24,0.75,4.0,0,0,2048,8192,6656,314.912,351.454,344.066,0.7978
pure,32,24,0.75,4.0,0,0,4096,16384,13312,471.361,543.295,500.961,0.4115
mixed,32,24,0.75,4.0,16,0,128,512,416,173.215,175.043,174.883,0.9125
mixed,32,24,0.75,4.0,16,0,256,1024,832,183.587,188.351,196.447,2.6994
mixed,32,24,0.75,4.0,16,0,512,2048,1664,206.206,214.08,225.347,2.4309
mixed,32,24,0.75,4.0,16,0,1024,4096,3328,244.577,262.687,273.888,1.6185
mixed,32,24,0.75,4.0,16,0,2048,8192,6656,322.528,357.441,360.77,1.0954
mixed,32,24,0.75,4.0,16,0,4096,16384,13312,477.952,550.048,527.904,0.6929
mixed,32,24,0.75,4.0,16,512,128,512,416,181.248,186.113,181.41,0.0333
mixed,32,24,0.75,4.0,16,512,256,1024,832,185.377,210.751,187.778,0.0946
mixed,32,24,0.75,4.0,16,512,512,2048,1664,232.384,213.857,225.699,
mixed,32,24,0.75,4.0,16,512,1024,4096,3328,248.385,263.17,275.136,1.8093
mixed,32,24,0.75,4.0,16,512,2048,8192,6656,325.439,359.743,368.479,1.2547
mixed,32,24,0.75,4.0,16,512,4096,16384,13312,480.513,552.83,530.045,0.6849
mixed,32,24,0.75,4.0,16,1024,128,512,416,183.362,185.121,183.264,-0.0557
mixed,32,24,0.75,4.0,16,1024,256,1024,832,187.875,194.559,189.697,0.2726
mixed,32,24,0.75,4.0,16,1024,512,2048,1664,234.05,244.576,223.966,-0.958
mixed,32,24,0.75,4.0,16,1024,1024,4096,3328,289.148,264.802,272.989,
mixed,32,24,0.75,4.0,16,1024,2048,8192,6656,325.887,364.415,360.481,0.8979
mixed,32,24,0.75,4.0,16,1024,4096,16384,13312,481.056,553.725,535.585,0.7504
mixed,32,24,0.75,4.0,16,2048,128,512,416,193.728,188.862,186.306,
mixed,32,24,0.75,4.0,16,2048,256,1024,832,190.338,194.688,192.287,0.448
mixed,32,24,0.75,4.0,16,2048,512,2048,1664,211.459,244.385,210.465,-0.0302
mixed,32,24,0.75,4.0,16,2048,1024,4096,3328,290.465,314.752,275.492,-0.6165
mixed,32,24,0.75,4.0,16,2048,2048,8192,6656,395.33,363.777,363.011,
mixed,32,24,0.75,4.0,16,2048,4096,16384,13312,482.178,551.775,539.456,0.823
mixed,32,24,0.75,4.0,16,4096,128,512,416,195.487,193.953,194.432,
mixed,32,24,0.75,4.0,16,4096,256,1024,832,213.666,221.536,196.161,-2.2243
mixed,32,24,0.75,4.0,16,4096,512,2048,1664,210.496,219.904,214.626,0.439
mixed,32,24,0.75,4.0,16,4096,1024,4096,3328,285.696,313.281,249.342,-1.3179
mixed,32,24,0.75,4.0,16,4096,2048,8192,6656,399.166,456.16,372.673,-0.4648
mixed,32,24,0.75,4.0,16,4096,4096,16384,13312,600.065,549.793,538.528,
mixed,32,24,0.75,4.0,16,8192,128,512,416,207.613,211.807,206.561,-0.2508
mixed,32,24,0.75,4.0,16,8192,256,1024,832,211.586,210.429,209.57,
mixed,32,24,0.75,4.0,16,8192,512,2048,1664,247.136,263.936,220.992,-1.5562
mixed,32,24,0.75,4.0,16,8192,1024,4096,3328,258.942,270.656,257.73,-0.1035
mixed,32,24,0.75,4.0,16,8192,2048,8192,6656,397.376,449.535,334.913,-1.1975
mixed,32,24,0.75,4.0,16,8192,4096,16384,13312,608.992,728.483,555.105,-0.451
mixed,32,24,0.75,4.0,32,0,128,512,416,182.272,179.04,175.521,
mixed,32,24,0.75,4.0,32,0,256,1024,832,187.427,188.063,193.597,9.7013
mixed,32,24,0.75,4.0,32,0,512,2048,1664,206.814,213.985,221.89,2.1024
mixed,32,24,0.75,4.0,32,0,1024,4096,3328,248.095,263.584,272.545,1.5785
mixed,32,24,0.75,4.0,32,0,2048,8192,6656,325.311,363.523,360.802,0.9288
mixed,32,24,0.75,4.0,32,0,4096,16384,13312,480.417,553.377,528.928,0.6649
mixed,32,24,0.75,4.0,32,512,128,512,416,182.496,185.312,182.466,-0.0107
mixed,32,24,0.75,4.0,32,512,256,1024,832,189.022,192.51,185.955,-0.8793
mixed,32,24,0.75,4.0,32,512,512,2048,1664,232.382,242.048,229.919,-0.2548
mixed,32,24,0.75,4.0,32,512,1024,4096,3328,280.033,301.538,269.151,-0.506
mixed,32,24,0.75,4.0,32,512,2048,8192,6656,363.521,399.203,363.84,0.0089
mixed,32,24,0.75,4.0,32,512,4096,16384,13312,508.768,580.798,533.249,0.3399
mixed,32,24,0.75,4.0,32,1024,128,512,416,194.75,194.622,188.289,
mixed,32,24,0.75,4.0,32,1024,256,1024,832,188.574,193.952,205.826,3.2079
mixed,32,24,0.75,4.0,32,1024,512,2048,1664,210.88,244.542,208.766,-0.0628
mixed,32,24,0.75,4.0,32,1024,1024,4096,3328,285.248,313.729,284.255,-0.0349
mixed,32,24,0.75,4.0,32,1024,2048,8192,6656,384.192,420.097,359.391,-0.6907
mixed,32,24,0.75,4.0,32,1024,4096,16384,13312,533.792,602.334,530.336,-0.0504
mixed,32,24,0.75,4.0,32,2048,128,512,416,191.743,190.175,192.929,
mixed,32,24,0.75,4.0,32,2048,256,1024,832,210.493,221.059,193.763,-1.5834
mixed,32,24,0.75,4.0,32,2048,512,2048,1664,213.823,221.886,237.538,2.9412
mixed,32,24,0.75,4.0,32,2048,1024,4096,3328,285.344,317.375,257.729,-0.8621
mixed,32,24,0.75,4.0,32,2048,2048,8192,6656,384.674,453.058,376.992,-0.1123
mixed,32,24,0.75,4.0,32,2048,4096,16384,13312,571.557,643.744,519.233,-0.7248
mixed,32,24,0.75,4.0,32,4096,128,512,416,206.243,206.369,200.609,-44.7143
mixed,32,24,0.75,4.0,32,4096,256,1024,832,207.582,207.199,206.307,
mixed,32,24,0.75,4.0,32,4096,512,2048,1664,248.995,258.914,215.745,-3.3522
mixed,32,24,0.75,4.0,32,4096,1024,4096,3328,261.12,280.512,305.09,2.2674
mixed,32,24,0.75,4.0,32,4096,2048,8192,6656,397.632,450.334,338.592,-1.1203
mixed,32,24,0.75,4.0,32,4096,4096,16384,13312,571.395,728.42,569.854,-0.0098
mixed,32,24,0.75,4.0,32,8192,128,512,416,220.387,222.24,220.064,-0.1743
mixed,32,24,0.75,4.0,32,8192,256,1024,832,228.383,238.176,224.962,-0.3493
mixed,32,24,0.75,4.0,32,8192,512,2048,1664,261.824,234.462,251.486,
mixed,32,24,0.75,4.0,32,8192,1024,4096,3328,308.513,344.609,266.944,-1.1516
mixed,32,24,0.75,4.0,32,8192,2048,8192,6656,345.122,381.218,426.944,2.2668
mixed,32,24,0.75,4.0,32,8192,4096,16384,13312,607.041,703.139,502.787,-1.0849
mixed,32,24,0.75,4.0,64,0,128,512,416,185.153,176.224,174.752,
mixed,32,24,0.75,4.0,64,0,256,1024,832,196.353,196.061,199.936,
mixed,32,24,0.75,4.0,64,0,512,2048,1664,222.336,220.736,227.903,
mixed,32,24,0.75,4.0,64,0,1024,4096,3328,251.427,268.096,277.951,1.5912
mixed,32,24,0.75,4.0,64,0,2048,8192,6656,328.449,367.267,366.943,0.9917
mixed,32,24,0.75,4.0,64,0,4096,16384,13312,488.703,556.128,535.936,0.7005
mixed,32,24,0.75,4.0,64,512,128,512,416,185.119,204.223,191.2,0.3183
mixed,32,24,0.75,4.0,64,512,256,1024,832,200.193,197.665,209.538,
mixed,32,24,0.75,4.0,64,512,512,2048,1664,205.149,256.803,205.918,0.0149
mixed,32,24,0.75,4.0,64,512,1024,4096,3328,287.972,297.859,274.112,-1.4018
mixed,32,24,0.75,4.0,64,512,2048,8192,6656,356.672,388.322,372.353,0.4955
mixed,32,24,0.75,4.0,64,512,4096,16384,13312,515.429,576.13,555.009,0.652
mixed,32,24,0.75,4.0,64,1024,128,512,416,197.152,201.057,194.976,-0.5572
mixed,32,24,0.75,4.0,64,1024,256,1024,832,222.849,224.066,199.106,-19.5094
mixed,32,24,0.75,4.0,64,1024,512,2048,1664,212.864,232.289,241.855,1.4925
mixed,32,24,0.75,4.0,64,1024,1024,4096,3328,294.527,311.232,244.161,-3.015
mixed,32,24,0.75,4.0,64,1024,2048,8192,6656,380.991,407.042,382.111,0.043
mixed,32,24,0.75,4.0,64,1024,4096,16384,13312,523.327,601.853,560.161,0.4691
mixed,32,24,0.75,4.0,64,2048,128,512,416,207.778,215.007,205.919,-0.2572
mixed,32,24,0.75,4.0,64,2048,256,1024,832,212.45,212.991,207.55,-9.0573
mixed,32,24,0.75,4.0,64,2048,512,2048,1664,245.697,265.279,219.17,-1.3547
mixed,32,24,0.75,4.0,64,2048,1024,4096,3328,263.775,283.456,309.407,2.3186
mixed,32,24,0.75,4.0,64,2048,2048,8192,6656,392.868,446.565,324.257,-1.2777
mixed,32,24,0.75,4.0,64,2048,4096,16384,13312,564.643,627.841,566.4,0.0278
mixed,32,24,0.75,4.0,64,4096,128,512,416,225.537,220.766,218.687,
mixed,32,24,0.75,4.0,64,4096,256,1024,832,229.695,241.922,234.05,0.3562
mixed,32,24,0.75,4.0,64,4096,512,2048,1664,281.695,234.528,257.313,
mixed,32,24,0.75,4.0,64,4096,1024,4096,3328,314.883,345.761,267.167,-1.5453
mixed,32,24,0.75,4.0,64,4096,2048,8192,6656,343.297,381.761,434.334,2.3668
mixed,32,24,0.75,4.0,64,4096,4096,16384,13312,607.233,700.929,484.962,-1.305
mixed,32,24,0.75,4.0,64,8192,128,512,416,256.896,244.259,243.938,
mixed,32,24,0.75,4.0,64,8192,256,1024,832,277.536,261.343,286.398,
mixed,32,24,0.75,4.0,64,8192,512,2048,1664,282.914,297.185,294.464,0.8093
mixed,32,24,0.75,4.0,64,8192,1024,4096,3328,362.879,302.912,331.454,
mixed,32,24,0.75,4.0,64,8192,2048,8192,6656,434.56,490.847,353.792,-1.4349
mixed,32,24,0.75,4.0,64,8192,4096,16384,13312,505.119,583.329,662.56,2.0131
mixed,32,24,0.75,4.0,128,0,128,512,416,185.312,196.896,191.232,0.511
mixed,32,24,0.75,4.0,128,0,256,1024,832,198.05,203.806,201.791,0.6499
mixed,32,24,0.75,4.0,128,0,512,2048,1664,228.766,235.01,220.864,-1.2655
mixed,32,24,0.75,4.0,128,0,1024,4096,3328,263.202,280.29,267.073,0.2265
mixed,32,24,0.75,4.0,128,0,2048,8192,6656,345.026,376.063,348.513,0.1123
mixed,32,24,0.75,4.0,128,0,4096,16384,13312,504.512,577.313,509.346,0.0664
mixed,32,24,0.75,4.0,128,512,128,512,416,210.334,211.167,209.085,-1.4994
mixed,32,24,0.75,4.0,128,512,256,1024,832,207.776,239.583,235.681,0.8773
mixed,32,24,0.75,4.0,128,512,512,2048,1664,220.96,232.097,245.277,2.1834
mixed,32,24,0.75,4.0,128,512,1024,4096,3328,281.218,309.025,301.441,0.7273
mixed,32,24,0.75,4.0,128,512,2048,8192,6656,360.895,398.688,349.406,-0.304
mixed,32,24,0.75,4.0,128,512,4096,16384,13312,522.112,585.216,511.585,-0.1668
mixed,32,24,0.75,4.0,128,1024,128,512,416,217.213,239.614,228.477,0.5028
mixed,32,24,0.75,4.0,128,1024,256,1024,832,223.782,224.417,220.315,-5.4598
mixed,32,24,0.75,4.0,128,1024,512,2048,1664,262.24,272.862,270.046,0.7349
mixed,32,24,0.75,4.0,128,1024,1024,4096,3328,264.927,284.414,311.807,2.4057
mixed,32,24,0.75,4.0,128,1024,2048,8192,6656,374.303,413.7,391.299,0.4314
mixed,32,24,0.75,4.0,128,1024,4096,16384,13312,531.263,591.872,512.834,-0.3041
mixed,32,24,0.75,4.0,128,2048,128,512,416,240.477,236.0,231.874,
mixed,32,24,0.75,4.0,128,2048,256,1024,832,248.065,258.59,255.042,0.6629
mixed,32,24,0.75,4.0,128,2048,512,2048,1664,253.504,249.855,245.953,
mixed,32,24,0.75,4.0,128,2048,1024,4096,3328,316.0,343.488,339.046,0.8384
mixed,32,24,0.75,4.0,128,2048,2048,8192,6656,350.272,387.073,435.585,2.3182
mixed,32,24,0.75,4.0,128,2048,4096,16384,13312,548.355,626.879,584.801,0.4641
mixed,32,24,0.75,4.0,128,4096,128,512,416,270.082,276.611,272.676,0.3973
mixed,32,24,0.75,4.0,128,4096,256,1024,832,270.945,273.058,268.962,-0.9385
mixed,32,24,0.75,4.0,128,4096,512,2048,1664,292.575,310.368,309.186,0.9336
mixed,32,24,0.75,4.0,128,4096,1024,4096,3328,366.75,302.433,350.559,
mixed,32,24,0.75,4.0,128,4096,2048,8192,6656,433.76,473.284,473.986,1.0178
mixed,32,24,0.75,4.0,128,4096,4096,16384,13312,503.742,587.552,680.802,2.1126
mixed,32,24,0.75,4.0,128,8192,128,512,416,320.93,328.511,323.074,0.2828
mixed,32,24,0.75,4.0,128,8192,256,1024,832,351.584,356.83,350.977,-0.1157
mixed,32,24,0.75,4.0,128,8192,512,2048,1664,388.256,334.913,406.911,
mixed,32,24,0.75,4.0,128,8192,1024,4096,3328,384.032,416.383,411.808,0.8586
mixed,32,24,0.75,4.0,128,8192,2048,8192,6656,523.937,428.767,490.945,
mixed,32,24,0.75,4.0,128,8192,4096,16384,13312,662.464,742.499,722.208,0.7465
mixed,32,24,0.75,4.0,256,0,128,512,416,209.347,213.344,210.594,0.312
mixed,32,24,0.75,4.0,256,0,256,1024,832,220.029,227.358,224.321,0.5856
mixed,32,24,0.75,4.0,256,0,512,2048,1664,245.764,255.871,255.044,0.9182
mixed,32,24,0.75,4.0,256,0,1024,4096,3328,293.375,314.083,303.873,0.507
mixed,32,24,0.75,4.0,256,0,2048,8192,6656,378.815,421.088,414.527,0.8448
mixed,32,24,0.75,4.0,256,0,4096,16384,13312,559.936,637.665,627.458,0.8687
mixed,32,24,0.75,4.0,256,512,128,512,416,267.262,271.233,271.01,0.9438
mixed,32,24,0.75,4.0,256,512,256,1024,832,276.959,283.07,281.087,0.6755
mixed,32,24,0.75,4.0,256,512,512,2048,1664,246.754,257.827,252.835,0.5492
mixed,32,24,0.75,4.0,256,512,1024,4096,3328,293.981,318.08,308.224,0.591
mixed,32,24,0.75,4.0,256,512,2048,8192,6656,384.033,424.929,416.32,0.7895
mixed,32,24,0.75,4.0,256,512,4096,16384,13312,563.295,665.473,631.681,0.6693
mixed,32,24,0.75,4.0,256,1024,128,512,416,282.239,288.03,284.735,0.431
mixed,32,24,0.75,4.0,256,1024,256,1024,832,300.288,294.049,292.991,
mixed,32,24,0.75,4.0,256,1024,512,2048,1664,314.177,255.298,322.622,
mixed,32,24,0.75,4.0,256,1024,1024,4096,3328,295.521,318.306,310.625,0.6629
mixed,32,24,0.75,4.0,256,1024,2048,8192,6656,387.296,430.816,419.846,0.7479
mixed,32,24,0.75,4.0,256,1024,4096,16384,13312,568.321,648.64,632.898,0.804
mixed,32,24,0.75,4.0,256,2048,128,512,416,306.595,312.798,310.56,0.6392
mixed,32,24,0.75,4.0,256,2048,256,1024,832,327.805,337.026,335.551,0.84
mixed,32,24,0.75,4.0,256,2048,512,2048,1664,368.994,350.463,350.081,
mixed,32,24,0.75,4.0,256,2048,1024,4096,3328,386.016,312.928,398.529,
mixed,32,24,0.75,4.0,256,2048,2048,8192,6656,388.577,425.441,418.016,0.7986
mixed,32,24,0.75,4.0,256,2048,4096,16384,13312,564.285,646.944,630.948,0.8065
mixed,32,24,0.75,4.0,256,4096,128,512,416,358.657,368.542,361.761,0.314
mixed,32,24,0.75,4.0,256,4096,256,1024,832,383.716,391.746,387.042,0.4142
mixed,32,24,0.75,4.0,256,4096,512,2048,1664,421.955,439.835,438.499,0.9253
mixed,32,24,0.75,4.0,256,4096,1024,4096,3328,437.858,455.839,451.97,0.7848
mixed,32,24,0.75,4.0,256,4096,2048,8192,6656,524.293,425.217,557.951,
mixed,32,24,0.75,4.0,256,4096,4096,16384,13312,569.344,651.519,635.779,0.8085
mixed,32,24,0.75,4.0,256,8192,128,512,416,451.841,472.897,452.163,0.0153
mixed,32,24,0.75,4.0,256,8192,256,1024,832,489.251,494.818,493.311,0.7293
mixed,32,24,0.75,4.0,256,8192,512,2048,1664,528.065,545.472,542.527,0.8308
mixed,32,24,0.75,4.0,256,8192,1024,4096,3328,611.455,650.689,647.651,0.9226
mixed,32,24,0.75,4.0,256,8192,2048,8192,6656,629.698,669.856,663.101,0.8318
mixed,32,24,0.75,4.0,256,8192,4096,16384,13312,802.753,651.648,869.408,
mixed,32,24,0.75,4.0,512,0,128,512,416,308.226,324.066,323.361,0.9555
mixed,32,24,0.75,4.0,512,0,256,1024,832,336.932,353.986,348.991,0.7071
mixed,32,24,0.75,4.0,512,0,512,2048,1664,385.119,400.001,389.794,0.3141
mixed,32,24,0.75,4.0,512,0,1024,4096,3328,449.728,493.633,498.879,1.1195
mixed,32,24,0.75,4.0,512,0,2048,8192,6656,633.443,705.761,715.36,1.1327
mixed,32,24,0.75,4.0,512,0,4096,16384,13312,973.285,1120.672,1123.079,1.0163
mixed,32,24,0.75,4.0,512,512,128,512,416,357.537,368.928,355.969,-0.1377
mixed,32,24,0.75,4.0,512,512,256,1024,832,360.961,388.353,388.0,0.9871
mixed,32,24,0.75,4.0,512,512,512,2048,1664,421.792,436.417,430.017,0.5624
mixed,32,24,0.75,4.0,512,512,1024,4096,3328,513.182,534.051,542.659,1.4125
mixed,32,24,0.75,4.0,512,512,2048,8192,6656,675.33,756.802,755.49,0.9839
mixed,32,24,0.75,4.0,512,512,4096,16384,13312,1019.075,1171.583,1173.122,1.0101
mixed,32,24,0.75,4.0,512,1024,128,512,416,384.737,383.263,369.186,
mixed,32,24,0.75,4.0,512,1024,256,1024,832,405.985,418.37,402.047,-0.318
mixed,32,24,0.75,4.0,512,1024,512,2048,1664,452.929,468.19,454.209,0.0839
mixed,32,24,0.75,4.0,512,1024,1024,4096,3328,540.222,554.628,557.631,1.2085
mixed,32,24,0.75,4.0,512,1024,2048,8192,6656,695.681,771.488,774.976,1.046
mixed,32,24,0.75,4.0,512,1024,4096,16384,13312,1031.331,1187.938,1203.523,1.0995
mixed,32,24,0.75,4.0,512,2048,128,512,416,421.181,422.177,432.0,10.8624
mixed,32,24,0.75,4.0,512,2048,256,1024,832,447.264,470.722,452.832,0.2374
mixed,32,24,0.75,4.0,512,2048,512,2048,1664,489.252,516.416,507.708,0.6794
mixed,32,24,0.75,4.0,512,2048,1024,4096,3328,581.664,622.015,612.929,0.7748
mixed,32,24,0.75,4.0,512,2048,2048,8192,6656,739.906,839.935,830.338,0.9041
mixed,32,24,0.75,4.0,512,2048,4096,16384,13312,1082.082,1244.29,1231.17,0.9191
mixed,32,24,0.75,4.0,512,4096,128,512,416,517.534,539.49,522.559,0.2289
mixed,32,24,0.75,4.0,512,4096,256,1024,832,560.641,566.241,564.544,0.697
mixed,32,24,0.75,4.0,512,4096,512,2048,1664,601.698,618.113,619.105,1.0604
mixed,32,24,0.75,4.0,512,4096,1024,4096,3328,668.642,722.048,728.32,1.1174
mixed,32,24,0.75,4.0,512,4096,2048,8192,6656,861.187,924.001,923.522,0.9924
mixed,32,24,0.75,4.0,512,4096,4096,16384,13312,1198.85,1333.922,1339.552,1.0417
mixed,32,24,0.75,4.0,512,8192,128,512,416,727.075,718.079,729.633,
mixed,32,24,0.75,4.0,512,8192,256,1024,832,731.009,760.513,725.57,-0.1843
mixed,32,24,0.75,4.0,512,8192,512,2048,1664,793.922,821.827,817.473,0.844
mixed,32,24,0.75,4.0,512,8192,1024,4096,3328,892.512,930.949,918.278,0.6703
mixed,32,24,0.75,4.0,512,8192,2048,8192,6656,1058.336,1131.235,1116.9,0.8034
mixed,32,24,0.75,4.0,512,8192,4096,16384,13312,1391.49,1539.682,1528.674,0.9257
mixed,32,24,0.75,4.0,1024,0,128,512,416,540.384,541.956,543.934,2.2583
mixed,32,24,0.75,4.0,1024,0,256,1024,832,547.718,570.755,569.854,0.9609
mixed,32,24,0.75,4.0,1024,0,512,2048,1664,595.745,610.011,616.738,1.4715
mixed,32,24,0.75,4.0,1024,0,1024,4096,3328,657.89,680.385,703.875,2.0442
mixed,32,24,0.75,4.0,1024,0,2048,8192,6656,769.536,835.68,822.975,0.8079
mixed,32,24,0.75,4.0,1024,0,4096,16384,13312,1000.191,1112.899,1062.301,0.5511
mixed,32,24,0.75,4.0,1024,512,128,512,416,659.135,660.478,663.651,3.3626
mixed,32,24,0.75,4.0,1024,512,256,1024,832,673.187,674.755,684.358,7.1244
mixed,32,24,0.75,4.0,1024,512,512,2048,1664,704.607,728.929,729.731,1.033
mixed,32,24,0.75,4.0,1024,512,1024,4096,3328,769.376,799.104,800.323,1.041
mixed,32,24,0.75,4.0,1024,512,2048,8192,6656,893.887,939.077,921.379,0.6084
mixed,32,24,0.75,4.0,1024,512,4096,16384,13312,1128.645,1229.665,1182.335,0.5315
mixed,32,24,0.75,4.0,1024,1024,128,512,416,694.147,688.515,712.286,
mixed,32,24,0.75,4.0,1024,1024,256,1024,832,718.267,719.523,723.009,3.7755
mixed,32,24,0.75,4.0,1024,1024,512,2048,1664,751.588,764.737,776.252,1.8757
mixed,32,24,0.75,4.0,1024,1024,1024,4096,3328,810.949,851.169,850.433,0.9817
mixed,32,24,0.75,4.0,1024,1024,2048,8192,6656,935.263,983.168,970.464,0.7348
mixed,32,24,0.75,4.0,1024,1024,4096,16384,13312,1164.193,1269.766,1231.265,0.6353
mixed,32,24,0.75,4.0,1024,2048,128,512,416,766.786,776.861,780.132,1.3247
mixed,32,24,0.75,4.0,1024,2048,256,1024,832,797.985,810.334,792.548,-0.4403
mixed,32,24,0.75,4.0,1024,2048,512,2048,1664,847.364,853.251,862.47,2.566
mixed,32,24,0.75,4.0,1024,2048,1024,4096,3328,899.651,928.672,915.682,0.5524
mixed,32,24,0.75,4.0,1024,2048,2048,8192,6656,1017.286,1069.889,1044.645,0.5201
mixed,32,24,0.75,4.0,1024,2048,4096,16384,13312,1249.794,1358.343,1301.632,0.4776
mixed,32,24,0.75,4.0,1024,4096,128,512,416,935.653,932.421,948.612,
mixed,32,24,0.75,4.0,1024,4096,256,1024,832,970.916,965.152,960.93,
mixed,32,24,0.75,4.0,1024,4096,512,2048,1664,987.815,1003.268,1014.02,1.6958
mixed,32,24,0.75,4.0,1024,4096,1024,4096,3328,1046.242,1081.534,1085.766,1.1199
mixed,32,24,0.75,4.0,1024,4096,2048,8192,6656,1168.834,1215.618,1215.427,0.9959
mixed,32,24,0.75,4.0,1024,4096,4096,16384,13312,1420.323,1512.8,1455.999,0.3858
mixed,32,24,0.75,4.0,1024,8192,128,512,416,1266.978,1274.947,1284.099,2.1485
mixed,32,24,0.75,4.0,1024,8192,256,1024,832,1292.995,1291.326,1300.196,
mixed,32,24,0.75,4.0,1024,8192,512,2048,1664,1327.105,1332.446,1332.872,1.0798
mixed,32,24,0.75,4.0,1024,8192,1024,4096,3328,1371.069,1410.564,1419.812,1.2342
mixed,32,24,0.75,4.0,1024,8192,2048,8192,6656,1497.602,1547.556,1541.281,0.8744
mixed,32,24,0.75,4.0,1024,8192,4096,16384,13312,1728.132,1844.356,1789.762,0.5303
mixed,32,24,0.75,4.0,2048,0,128,512,416,857.923,857.344,867.714,
mixed,32,24,0.75,4.0,2048,0,256,1024,832,879.335,888.413,889.476,1.1171
mixed,32,24,0.75,4.0,2048,0,512,2048,1664,909.441,924.708,934.979,1.6728
mixed,32,24,0.75,4.0,2048,0,1024,4096,3328,981.092,998.949,1009.281,1.5786
mixed,32,24,0.75,4.0,2048,0,2048,8192,6656,1085.088,1143.97,1139.844,0.9299
mixed,32,24,0.75,4.0,2048,0,4096,16384,13312,1317.667,1425.216,1376.895,0.5507
mixed,32,24,0.75,4.0,2048,512,128,512,416,1011.33,1012.644,1031.814,15.589
mixed,32,24,0.75,4.0,2048,512,256,1024,832,1034.527,1040.386,1044.891,1.7689
mixed,32,24,0.75,4.0,2048,512,512,2048,1664,1069.155,1081.255,1094.534,2.0974
mixed,32,24,0.75,4.0,2048,512,1024,4096,3328,1131.78,1163.364,1163.199,0.9948
mixed,32,24,0.75,4.0,2048,512,2048,8192,6656,1247.297,1302.501,1289.029,0.756
mixed,32,24,0.75,4.0,2048,512,4096,16384,13312,1472.518,1590.371,1539.491,0.5683
mixed,32,24,0.75,4.0,2048,1024,128,512,416,1075.682,1074.56,1081.343,
mixed,32,24,0.75,4.0,2048,1024,256,1024,832,1095.167,1096.324,1099.552,3.79
mixed,32,24,0.75,4.0,2048,1024,512,2048,1664,1120.292,1137.926,1146.403,1.4807
mixed,32,24,0.75,4.0,2048,1024,1024,4096,3328,1177.503,1215.938,1218.916,1.0775
mixed,32,24,0.75,4.0,2048,1024,2048,8192,6656,1299.455,1351.173,1339.902,0.7821
mixed,32,24,0.75,4.0,2048,1024,4096,16384,13312,1535.713,1637.642,1583.432,0.4682
mixed,32,24,0.75,4.0,2048,2048,128,512,416,1180.831,1186.946,1188.421,1.2412
mixed,32,24,0.75,4.0,2048,2048,256,1024,832,1203.777,1208.157,1218.978,3.4705
mixed,32,24,0.75,4.0,2048,2048,512,2048,1664,1235.715,1254.532,1259.462,1.262
mixed,32,24,0.75,4.0,2048,2048,1024,4096,3328,1303.712,1319.17,1324.864,1.3684
mixed,32,24,0.75,4.0,2048,2048,2048,8192,6656,1413.921,1474.498,1456.032,0.6952
mixed,32,24,0.75,4.0,2048,2048,4096,16384,13312,1647.424,1756.931,1693.127,0.4174
mixed,32,24,0.75,4.0,2048,4096,128,512,416,1433.059,1433.793,1442.686,13.1158
mixed,32,24,0.75,4.0,2048,4096,256,1024,832,1448.45,1466.016,1457.795,0.532
mixed,32,24,0.75,4.0,2048,4096,512,2048,1664,1492.005,1503.588,1507.651,1.3508
mixed,32,24,0.75,4.0,2048,4096,1024,4096,3328,1549.506,1575.582,1582.016,1.2467
mixed,32,24,0.75,4.0,2048,4096,2048,8192,6656,1664.61,1720.898,1700.453,0.6368
mixed,32,24,0.75,4.0,2048,4096,4096,16384,13312,1892.478,1992.358,1953.153,0.6075
mixed,32,24,0.75,4.0,2048,8192,128,512,416,1895.331,1903.91,1901.221,0.6866
mixed,32,24,0.75,4.0,2048,8192,256,1024,832,1912.548,1929.893,1917.186,0.2674
mixed,32,24,0.75,4.0,2048,8192,512,2048,1664,1946.179,1964.93,1976.772,1.6315
mixed,32,24,0.75,4.0,2048,8192,1024,4096,3328,2019.681,2034.087,2027.715,0.5577
mixed,32,24,0.75,4.0,2048,8192,2048,8192,6656,2129.121,2180.929,2168.233,0.7549
mixed,32,24,0.75,4.0,2048,8192,4096,16384,13312,2364.516,2475.46,2414.918,0.4543
pure,32,29,0.9062,4.0,0,0,128,512,476,166.335,167.072,169.058,3.6947
pure,32,29,0.9062,4.0,0,0,256,1024,952,178.913,181.665,180.351,0.5225
pure,32,29,0.9062,4.0,0,0,512,2048,1904,204.19,206.432,204.866,0.3015
pure,32,29,0.9062,4.0,0,0,1024,4096,3808,247.393,254.592,250.114,0.378
pure,32,29,0.9062,4.0,0,0,2048,8192,7616,338.947,351.554,397.027,4.607
pure,32,29,0.9062,4.0,0,0,4096,16384,15232,515.233,538.687,628.611,4.8341
mixed,32,29,0.9062,4.0,16,0,128,512,476,174.083,178.527,175.263,0.2655
mixed,32,29,0.9062,4.0,16,0,256,1024,952,187.84,187.713,185.062,
mixed,32,29,0.9062,4.0,16,0,512,2048,1904,211.938,216.288,212.132,0.0446
mixed,32,29,0.9062,4.0,16,0,1024,4096,3808,255.233,264.734,258.175,0.3097
mixed,32,29,0.9062,4.0,16,0,2048,8192,7616,345.246,359.902,352.513,0.4958
mixed,32,29,0.9062,4.0,16,0,4096,16384,15232,524.194,549.985,639.716,4.4792
mixed,32,29,0.9062,4.0,16,512,128,512,476,183.327,185.152,182.879,-0.2455
mixed,32,29,0.9062,4.0,16,512,256,1024,952,188.545,211.806,188.735,0.0082
mixed,32,29,0.9062,4.0,16,512,512,2048,1904,210.302,215.776,209.727,-0.105
mixed,32,29,0.9062,4.0,16,512,1024,4096,3808,255.617,262.752,258.016,0.3362
mixed,32,29,0.9062,4.0,16,512,2048,8192,7616,347.49,363.328,348.606,0.0705
mixed,32,29,0.9062,4.0,16,512,4096,16384,15232,525.185,550.497,528.547,0.1328
mixed,32,29,0.9062,4.0,16,1024,128,512,476,185.57,185.822,185.247,-1.2817
mixed,32,29,0.9062,4.0,16,1024,256,1024,952,194.273,192.802,209.664,
mixed,32,29,0.9062,4.0,16,1024,512,2048,1904,238.562,246.912,213.057,-3.0545
mixed,32,29,0.9062,4.0,16,1024,1024,4096,3808,256.096,264.899,258.176,0.2363
mixed,32,29,0.9062,4.0,16,1024,2048,8192,7616,348.195,360.959,347.775,-0.0329
mixed,32,29,0.9062,4.0,16,1024,4096,16384,15232,522.82,555.264,529.729,0.213
mixed,32,29,0.9062,4.0,16,2048,128,512,476,192.066,188.48,187.361,
mixed,32,29,0.9062,4.0,16,2048,256,1024,952,198.591,195.744,194.622,
mixed,32,29,0.9062,4.0,16,2048,512,2048,1904,213.634,245.247,242.559,0.915
mixed,32,29,0.9062,4.0,16,2048,1024,4096,3808,308.547,315.874,256.353,-7.1235
mixed,32,29,0.9062,4.0,16,2048,2048,8192,7616,346.335,365.953,349.407,0.1566
mixed,32,29,0.9062,4.0,16,2048,4096,16384,15232,526.305,553.921,527.426,0.0406
mixed,32,29,0.9062,4.0,16,4096,128,512,476,194.655,194.625,195.423,
mixed,32,29,0.9062,4.0,16,4096,256,1024,952,218.275,221.316,201.632,-5.4729
mixed,32,29,0.9062,4.0,16,4096,512,2048,1904,221.951,221.473,217.568,
mixed,32,29,0.9062,4.0,16,4096,1024,4096,3808,305.217,314.684,310.881,0.5983
mixed,32,29,0.9062,4.0,16,4096,2048,8192,7616,439.491,457.087,347.709,-5.2161
mixed,32,29,0.9062,4.0,16,4096,4096,16384,15232,525.374,552.319,526.913,0.0571
mixed,32,29,0.9062,4.0,16,8192,128,512,476,210.882,214.751,216.192,1.3724
mixed,32,29,0.9062,4.0,16,8192,256,1024,952,215.681,214.654,212.416,
mixed,32,29,0.9062,4.0,16,8192,512,2048,1904,255.584,264.64,223.969,-3.4911
mixed,32,29,0.9062,4.0,16,8192,1024,4096,3808,272.226,274.333,310.114,17.982
mixed,32,29,0.9062,4.0,16,8192,2048,8192,7616,434.625,452.834,448.992,0.789
mixed,32,29,0.9062,4.0,16,8192,4096,16384,15232,691.041,725.857,531.87,-4.5718
mixed,32,29,0.9062,4.0,32,0,128,512,476,176.801,177.985,179.007,1.8632
mixed,32,29,0.9062,4.0,32,0,256,1024,952,185.893,191.074,187.361,0.2833
mixed,32,29,0.9062,4.0,32,0,512,2048,1904,214.72,215.712,213.023,-1.7107
mixed,32,29,0.9062,4.0,32,0,1024,4096,3808,257.889,264.703,261.729,0.5635
mixed,32,29,0.9062,4.0,32,0,2048,8192,7616,348.352,360.835,353.249,0.3923
mixed,32,29,0.9062,4.0,32,0,4096,16384,15232,525.762,551.937,642.595,4.4635
mixed,32,29,0.9062,4.0,32,512,128,512,476,182.976,186.945,186.115,0.7909
mixed,32,29,0.9062,4.0,32,512,256,1024,952,189.954,192.577,207.967,6.8673
mixed,32,29,0.9062,4.0,32,512,512,2048,1904,238.531,245.951,213.058,-3.433
mixed,32,29,0.9062,4.0,32,512,1024,4096,3808,294.401,301.41,263.009,-4.4788
mixed,32,29,0.9062,4.0,32,512,2048,8192,7616,382.751,396.609,355.135,-1.9928
mixed,32,29,0.9062,4.0,32,512,4096,16384,15232,553.73,575.199,537.954,-0.7348
mixed,32,29,0.9062,4.0,32,1024,128,512,476,186.656,194.527,187.968,0.1667
mixed,32,29,0.9062,4.0,32,1024,256,1024,952,192.674,194.464,192.322,-0.1966
mixed,32,29,0.9062,4.0,32,1024,512,2048,1904,217.76,245.405,242.272,0.8867
mixed,32,29,0.9062,4.0,32,1024,1024,4096,3808,305.087,315.455,261.025,-4.2498
mixed,32,29,0.9062,4.0,32,1024,2048,8192,7616,403.939,418.37,354.271,-3.4418
mixed,32,29,0.9062,4.0,32,1024,4096,16384,15232,570.241,593.568,538.754,-1.3498
mixed,32,29,0.9062,4.0,32,2048,128,512,476,196.096,191.71,192.033,
mixed,32,29,0.9062,4.0,32,2048,256,1024,952,213.632,218.561,199.075,-2.9533
mixed,32,29,0.9062,4.0,32,2048,512,2048,1904,218.623,222.976,215.965,-0.6106
mixed,32,29,0.9062,4.0,32,2048,1024,4096,3808,304.389,317.375,312.29,0.6084
mixed,32,29,0.9062,4.0,32,2048,2048,8192,7616,437.183,454.943,354.849,-4.6359
mixed,32,29,0.9062,4.0,32,2048,4096,16384,15232,615.458,645.664,538.183,-2.5583
mixed,32,29,0.9062,4.0,32,4096,128,512,476,205.6,206.815,208.031,2.0008
mixed,32,29,0.9062,4.0,32,4096,256,1024,952,209.664,207.042,207.042,
mixed,32,29,0.9062,4.0,32,4096,512,2048,1904,255.104,258.878,224.353,-8.1481
mixed,32,29,0.9062,4.0,32,4096,1024,4096,3808,271.937,282.528,308.963,3.496
mixed,32,29,0.9062,4.0,32,4096,2048,8192,7616,433.378,450.338,448.192,0.8735
mixed,32,29,0.9062,4.0,32,4096,4096,16384,15232,695.01,723.809,535.774,-5.5292
mixed,32,29,0.9062,4.0,32,8192,128,512,476,219.968,220.128,221.283,8.2188
mixed,32,29,0.9062,4.0,32,8192,256,1024,952,231.844,240.641,239.84,0.9089
mixed,32,29,0.9062,4.0,32,8192,512,2048,1904,236.767,237.794,234.913,-1.8053
mixed,32,29,0.9062,4.0,32,8192,1024,4096,3808,329.469,342.144,340.674,0.884
mixed,32,29,0.9062,4.0,32,8192,2048,8192,7616,369.405,380.222,431.876,5.7753
mixed,32,29,0.9062,4.0,32,8192,4096,16384,15232,670.144,709.379,703.041,0.8385
mixed,32,29,0.9062,4.0,64,0,128,512,476,177.057,190.336,177.154,0.0073
mixed,32,29,0.9062,4.0,64,0,256,1024,952,193.885,197.986,188.064,-1.4194
mixed,32,29,0.9062,4.0,64,0,512,2048,1904,220.768,234.658,224.766,0.2878
mixed,32,29,0.9062,4.0,64,0,1024,4096,3808,268.513,267.966,265.89,
mixed,32,29,0.9062,4.0,64,0,2048,8192,7616,353.311,362.559,354.754,0.156
mixed,32,29,0.9062,4.0,64,0,4096,16384,15232,529.571,557.856,643.393,4.0241
mixed,32,29,0.9062,4.0,64,512,128,512,476,195.328,204.897,205.89,1.1038
mixed,32,29,0.9062,4.0,64,512,256,1024,952,192.608,197.218,197.537,1.0692
mixed,32,29,0.9062,4.0,64,512,512,2048,1904,223.267,244.384,239.552,0.7712
mixed,32,29,0.9062,4.0,64,512,1024,4096,3808,288.062,301.857,293.569,0.3992
mixed,32,29,0.9062,4.0,64,512,2048,8192,7616,377.344,387.904,381.566,0.3998
mixed,32,29,0.9062,4.0,64,512,4096,16384,15232,548.063,572.768,547.106,-0.0387
mixed,32,29,0.9062,4.0,64,1024,128,512,476,204.125,193.729,195.329,
mixed,32,29,0.9062,4.0,64,1024,256,1024,952,227.617,226.399,222.243,
mixed,32,29,0.9062,4.0,64,1024,512,2048,1904,224.222,227.712,220.001,-1.2095
mixed,32,29,0.9062,4.0,64,1024,1024,4096,3808,302.815,310.24,305.473,0.358
mixed,32,29,0.9062,4.0,64,1024,2048,8192,7616,400.228,414.658,396.768,-0.2398
mixed,32,29,0.9062,4.0,64,1024,4096,16384,15232,577.824,591.072,554.495,-1.7609
mixed,32,29,0.9062,4.0,64,2048,128,512,476,208.867,211.744,213.282,1.5346
mixed,32,29,0.9062,4.0,64,2048,256,1024,952,212.352,208.447,205.728,
mixed,32,29,0.9062,4.0,64,2048,512,2048,1904,255.106,270.914,262.531,0.4697
mixed,32,29,0.9062,4.0,64,2048,1024,4096,3808,273.121,279.488,315.329,6.6292
mixed,32,29,0.9062,4.0,64,2048,2048,8192,7616,436.993,445.793,442.913,0.6727
mixed,32,29,0.9062,4.0,64,2048,4096,16384,15232,604.415,624.383,598.851,-0.2786
mixed,32,29,0.9062,4.0,64,4096,128,512,476,219.552,221.568,222.688,1.5556
mixed,32,29,0.9062,4.0,64,4096,256,1024,952,235.041,250.338,244.545,0.6213
mixed,32,29,0.9062,4.0,64,4096,512,2048,1904,240.001,235.197,229.92,
mixed,32,29,0.9062,4.0,64,4096,1024,4096,3808,332.258,346.881,344.034,0.8053
mixed,32,29,0.9062,4.0,64,4096,2048,8192,7616,364.513,380.322,438.304,4.6677
mixed,32,29,0.9062,4.0,64,4096,4096,16384,15232,666.754,711.396,701.987,0.7892
mixed,32,29,0.9062,4.0,64,8192,128,512,476,256.224,243.168,246.596,
mixed,32,29,0.9062,4.0,64,8192,256,1024,952,253.312,255.424,257.251,1.8651
mixed,32,29,0.9062,4.0,64,8192,512,2048,1904,284.068,294.113,294.24,1.0126
mixed,32,29,0.9062,4.0,64,8192,1024,4096,3808,291.715,302.657,294.754,0.2777
mixed,32,29,0.9062,4.0,64,8192,2048,8192,7616,476.513,495.968,494.27,0.9127
mixed,32,29,0.9062,4.0,64,8192,4096,16384,15232,557.056,585.821,664.098,3.7213
mixed,32,29,0.9062,4.0,128,0,128,512,476,192.0,191.233,191.776,
mixed,32,29,0.9062,4.0,128,0,256,1024,952,197.439,201.311,210.367,3.3388
mixed,32,29,0.9062,4.0,128,0,512,2048,1904,236.766,237.6,227.522,-11.0839
mixed,32,29,0.9062,4.0,128,0,1024,4096,3808,284.032,283.584,277.983,
mixed,32,29,0.9062,4.0,128,0,2048,8192,7616,372.833,380.704,375.203,0.3011
mixed,32,29,0.9062,4.0,128,0,4096,16384,15232,548.994,572.803,555.714,0.2822
mixed,32,29,0.9062,4.0,128,512,128,512,476,213.601,206.242,208.482,
mixed,32,29,0.9062,4.0,128,512,256,1024,952,238.048,236.611,236.736,
mixed,32,29,0.9062,4.0,128,512,512,2048,1904,228.256,233.953,227.136,-0.1966
mixed,32,29,0.9062,4.0,128,512,1024,4096,3808,291.873,300.865,309.121,1.9181
mixed,32,29,0.9062,4.0,128,512,2048,8192,7616,377.122,396.575,383.873,0.347
mixed,32,29,0.9062,4.0,128,512,4096,16384,15232,550.626,583.457,559.65,0.2749
mixed,32,29,0.9062,4.0,128,1024,128,512,476,229.023,235.265,228.991,-0.0051
mixed,32,29,0.9062,4.0,128,1024,256,1024,952,224.477,224.062,231.585,
mixed,32,29,0.9062,4.0,128,1024,512,2048,1904,266.624,270.273,270.304,1.0085
mixed,32,29,0.9062,4.0,128,1024,1024,4096,3808,278.305,284.801,316.705,5.9113
mixed,32,29,0.9062,4.0,128,1024,2048,8192,7616,391.395,410.593,400.157,0.4564
mixed,32,29,0.9062,4.0,128,1024,4096,16384,15232,577.6,601.54,552.867,-1.0331
mixed,32,29,0.9062,4.0,128,2048,128,512,476,237.249,236.801,233.474,
mixed,32,29,0.9062,4.0,128,2048,256,1024,952,251.55,254.878,255.713,1.2509
mixed,32,29,0.9062,4.0,128,2048,512,2048,1904,253.79,248.419,248.767,
mixed,32,29,0.9062,4.0,128,2048,1024,4096,3808,339.362,344.259,337.728,-0.3337
mixed,32,29,0.9062,4.0,128,2048,2048,8192,7616,372.638,388.449,437.472,4.1006
mixed,32,29,0.9062,4.0,128,2048,4096,16384,15232,592.867,629.92,592.575,-0.0079
mixed,32,29,0.9062,4.0,128,4096,128,512,476,280.606,275.585,272.832,
mixed,32,29,0.9062,4.0,128,4096,256,1024,952,272.962,273.024,266.435,-105.2742
mixed,32,29,0.9062,4.0,128,4096,512,2048,1904,296.415,309.31,307.074,0.8266
mixed,32,29,0.9062,4.0,128,4096,1024,4096,3808,307.902,304.128,301.564,
mixed,32,29,0.9062,4.0,128,4096,2048,8192,7616,461.055,473.568,473.087,0.9616
mixed,32,29,0.9062,4.0,128,4096,4096,16384,15232,564.771,586.273,673.889,5.0748
mixed,32,29,0.9062,4.0,128,8192,128,512,476,326.336,329.438,324.961,-0.4433
mixed,32,29,0.9062,4.0,128,8192,256,1024,952,353.027,354.877,355.135,1.1395
mixed,32,29,0.9062,4.0,128,8192,512,2048,1904,393.346,338.625,404.578,
mixed,32,29,0.9062,4.0,128,8192,1024,4096,3808,395.137,414.176,409.505,0.7547
mixed,32,29,0.9062,4.0,128,8192,2048,8192,7616,413.254,411.904,412.48,
mixed,32,29,0.9062,4.0,128,8192,4096,16384,15232,712.96,742.752,731.615,0.6262
mixed,32,29,0.9062,4.0,256,0,128,512,476,210.434,212.927,210.852,0.1677
mixed,32,29,0.9062,4.0,256,0,256,1024,952,226.624,228.062,229.345,1.8922
mixed,32,29,0.9062,4.0,256,0,512,2048,1904,249.15,256.097,255.742,0.9489
mixed,32,29,0.9062,4.0,256,0,1024,4096,3808,302.751,311.265,308.163,0.6357
mixed,32,29,0.9062,4.0,256,0,2048,8192,7616,404.482,422.145,414.368,0.5597
mixed,32,29,0.9062,4.0,256,0,4096,16384,15232,603.459,638.242,632.575,0.8371
mixed,32,29,0.9062,4.0,256,512,128,512,476,270.401,271.521,272.129,1.5429
mixed,32,29,0.9062,4.0,256,512,256,1024,952,279.202,280.96,281.666,1.4016
mixed,32,29,0.9062,4.0,256,512,512,2048,1904,250.082,257.247,255.582,0.7676
mixed,32,29,0.9062,4.0,256,512,1024,4096,3808,306.21,314.177,310.688,0.5621
mixed,32,29,0.9062,4.0,256,512,2048,8192,7616,407.521,427.553,424.162,0.8307
mixed,32,29,0.9062,4.0,256,512,4096,16384,15232,609.283,639.297,637.503,0.9402
mixed,32,29,0.9062,4.0,256,1024,128,512,476,283.717,287.777,286.208,0.6135
mixed,32,29,0.9062,4.0,256,1024,256,1024,952,305.088,297.503,294.08,
mixed,32,29,0.9062,4.0,256,1024,512,2048,1904,317.984,254.307,322.273,
mixed,32,29,0.9062,4.0,256,1024,1024,4096,3808,306.88,318.782,313.441,0.5513
mixed,32,29,0.9062,4.0,256,1024,2048,8192,7616,408.765,427.519,425.377,0.8858
mixed,32,29,0.9062,4.0,256,1024,4096,16384,15232,613.411,646.498,637.508,0.7283
mixed,32,29,0.9062,4.0,256,2048,128,512,476,310.85,310.721,313.025,
mixed,32,29,0.9062,4.0,256,2048,256,1024,952,328.513,336.19,334.72,0.8085
mixed,32,29,0.9062,4.0,256,2048,512,2048,1904,345.886,355.615,349.182,0.3388
mixed,32,29,0.9062,4.0,256,2048,1024,4096,3808,306.052,311.841,310.017,0.6849
mixed,32,29,0.9062,4.0,256,2048,2048,8192,7616,411.138,427.711,425.406,0.8609
mixed,32,29,0.9062,4.0,256,2048,4096,16384,15232,613.091,647.392,634.658,0.6288
mixed,32,29,0.9062,4.0,256,4096,128,512,476,363.072,364.705,365.856,1.7048
mixed,32,29,0.9062,4.0,256,4096,256,1024,952,381.827,389.758,389.824,1.0083
mixed,32,29,0.9062,4.0,256,4096,512,2048,1904,429.314,436.512,438.946,1.3381
mixed,32,29,0.9062,4.0,256,4096,1024,4096,3808,449.088,457.889,452.002,0.3311
mixed,32,29,0.9062,4.0,256,4096,2048,8192,7616,418.431,425.762,422.082,0.498
mixed,32,29,0.9062,4.0,256,4096,4096,16384,15232,611.425,649.154,640.03,0.7582
mixed,32,29,0.9062,4.0,256,8192,128,512,476,465.632,468.865,473.023,2.2861
mixed,32,29,0.9062,4.0,256,8192,256,1024,952,491.199,497.567,499.137,1.2465
mixed,32,29,0.9062,4.0,256,8192,512,2048,1904,537.443,548.031,543.425,0.565
mixed,32,29,0.9062,4.0,256,8192,1024,4096,3808,635.808,650.208,648.032,0.8489
mixed,32,29,0.9062,4.0,256,8192,2048,8192,7616,651.809,667.424,665.698,0.8895
mixed,32,29,0.9062,4.0,256,8192,4096,16384,15232,628.802,645.312,641.729,0.783
mixed,32,29,0.9062,4.0,512,0,128,512,476,307.357,293.663,317.312,
mixed,32,29,0.9062,4.0,512,0,256,1024,952,333.599,343.457,342.464,0.8993
mixed,32,29,0.9062,4.0,512,0,512,2048,1904,395.776,392.864,387.104,
mixed,32,29,0.9062,4.0,512,0,1024,4096,3808,479.906,502.176,498.111,0.8175
mixed,32,29,0.9062,4.0,512,0,2048,8192,7616,689.06,704.67,700.098,0.7071
mixed,32,29,0.9062,4.0,512,0,4096,16384,15232,1062.688,1132.479,1116.068,0.7649
mixed,32,29,0.9062,4.0,512,512,128,512,476,356.675,351.743,365.855,
mixed,32,29,0.9062,4.0,512,512,256,1024,952,386.752,386.273,391.651,
mixed,32,29,0.9062,4.0,512,512,512,2048,1904,423.392,423.586,435.235,61.0464
mixed,32,29,0.9062,4.0,512,512,1024,4096,3808,527.55,536.418,545.088,1.9777
mixed,32,29,0.9062,4.0,512,512,2048,8192,7616,721.346,724.131,742.048,7.4334
mixed,32,29,0.9062,4.0,512,512,4096,16384,15232,1115.553,1149.092,1174.434,1.7556
mixed,32,29,0.9062,4.0,512,1024,128,512,476,375.072,389.985,390.849,1.0579
mixed,32,29,0.9062,4.0,512,1024,256,1024,952,411.298,395.521,417.694,
mixed,32,29,0.9062,4.0,512,1024,512,2048,1904,445.439,465.409,462.625,0.8606
mixed,32,29,0.9062,4.0,512,1024,1024,4096,3808,560.703,554.783,576.479,
mixed,32,29,0.9062,4.0,512,1024,2048,8192,7616,738.048,779.745,785.311,1.1335
mixed,32,29,0.9062,4.0,512,1024,4096,16384,15232,1137.824,1203.139,1181.218,0.6644
mixed,32,29,0.9062,4.0,512,2048,128,512,476,422.978,434.207,432.448,0.8434
mixed,32,29,0.9062,4.0,512,2048,256,1024,952,465.153,465.375,470.271,23.0541
mixed,32,29,0.9062,4.0,512,2048,512,2048,1904,516.991,513.345,499.554,
mixed,32,29,0.9062,4.0,512,2048,1024,4096,3808,596.099,611.138,603.903,0.5189
mixed,32,29,0.9062,4.0,512,2048,2048,8192,7616,792.445,827.395,820.034,0.7894
mixed,32,29,0.9062,4.0,512,2048,4096,16384,15232,1196.835,1259.331,1233.889,0.5929
mixed,32,29,0.9062,4.0,512,4096,128,512,476,543.935,541.857,545.891,
mixed,32,29,0.9062,4.0,512,4096,256,1024,952,549.727,574.69,566.014,0.6524
mixed,32,29,0.9062,4.0,512,4096,512,2048,1904,619.521,626.336,618.783,-0.1083
mixed,32,29,0.9062,4.0,512,4096,1024,4096,3808,704.035,725.696,726.879,1.0546
mixed,32,29,0.9062,4.0,512,4096,2048,8192,7616,900.74,934.113,923.84,0.6922
mixed,32,29,0.9062,4.0,512,4096,4096,16384,15232,1274.882,1356.323,1355.106,0.9851
mixed,32,29,0.9062,4.0,512,8192,128,512,476,719.648,720.035,733.569,35.9716
mixed,32,29,0.9062,4.0,512,8192,256,1024,952,725.95,762.37,758.527,0.8945
mixed,32,29,0.9062,4.0,512,8192,512,2048,1904,789.311,818.213,807.941,0.6446
mixed,32,29,0.9062,4.0,512,8192,1024,4096,3808,917.281,929.504,927.071,0.8009
mixed,32,29,0.9062,4.0,512,8192,2048,8192,7616,1109.539,1131.682,1125.095,0.7025
mixed,32,29,0.9062,4.0,512,8192,4096,16384,15232,1482.209,1552.291,1544.514,0.889
mixed,32,29,0.9062,4.0,1024,0,128,512,476,525.129,538.881,544.992,1.4444
mixed,32,29,0.9062,4.0,1024,0,256,1024,952,565.089,574.303,568.99,0.4234
mixed,32,29,0.9062,4.0,1024,0,512,2048,1904,615.936,611.073,600.737,
mixed,32,29,0.9062,4.0,1024,0,1024,4096,3808,657.121,697.278,679.651,0.561
mixed,32,29,0.9062,4.0,1024,0,2048,8192,7616,815.072,841.925,887.424,2.6944
mixed,32,29,0.9062,4.0,1024,0,4096,16384,15232,1069.215,1120.386,1239.01,3.3182
mixed,32,29,0.9062,4.0,1024,512,128,512,476,648.897,653.154,655.584,1.5708
mixed,32,29,0.9062,4.0,1024,512,256,1024,952,667.844,669.921,677.09,4.4516
mixed,32,29,0.9062,4.0,1024,512,512,2048,1904,727.681,727.458,717.987,
mixed,32,29,0.9062,4.0,1024,512,1024,4096,3808,784.74,797.983,791.489,0.5096
mixed,32,29,0.9062,4.0,1024,512,2048,8192,7616,922.913,944.226,1008.418,4.0119
mixed,32,29,0.9062,4.0,1024,512,4096,16384,15232,1188.803,1243.455,1368.263,3.2837
mixed,32,29,0.9062,4.0,1024,1024,128,512,476,688.737,704.065,703.038,0.933
mixed,32,29,0.9062,4.0,1024,1024,256,1024,952,709.407,720.838,716.801,0.6468
mixed,32,29,0.9062,4.0,1024,1024,512,2048,1904,757.222,749.663,765.827,
mixed,32,29,0.9062,4.0,1024,1024,1024,4096,3808,831.647,834.783,829.533,-0.6741
mixed,32,29,0.9062,4.0,1024,1024,2048,8192,7616,974.946,986.147,1060.866,7.6707
mixed,32,29,0.9062,4.0,1024,1024,4096,16384,15232,1240.676,1287.683,1400.193,3.3935
mixed,32,29,0.9062,4.0,1024,2048,128,512,476,771.167,779.934,780.804,1.0992
mixed,32,29,0.9062,4.0,1024,2048,256,1024,952,804.159,803.233,808.771,
mixed,32,29,0.9062,4.0,1024,2048,512,2048,1904,852.323,844.574,842.399,
mixed,32,29,0.9062,4.0,1024,2048,1024,4096,3808,915.588,916.733,907.583,-6.9913
mixed,32,29,0.9062,4.0,1024,2048,2048,8192,7616,1050.624,1072.928,1136.422,3.8468
mixed,32,29,0.9062,4.0,1024,2048,4096,16384,15232,1318.686,1358.911,1474.817,3.8814
mixed,32,29,0.9062,4.0,1024,4096,128,512,476,939.396,944.992,946.779,1.3193
mixed,32,29,0.9062,4.0,1024,4096,256,1024,952,965.893,968.196,966.181,0.1251
mixed,32,29,0.9062,4.0,1024,4096,512,2048,1904,992.385,1008.641,1018.239,1.5904
mixed,32,29,0.9062,4.0,1024,4096,1024,4096,3808,1077.31,1082.528,1079.712,0.4603
mixed,32,29,0.9062,4.0,1024,4096,2048,8192,7616,1203.233,1228.482,1294.465,3.6133
mixed,32,29,0.9062,4.0,1024,4096,4096,16384,15232,1480.9,1520.835,1644.575,4.0985
mixed,32,29,0.9062,4.0,1024,8192,128,512,476,1275.011,1270.367,1256.704,
mixed,32,29,0.9062,4.0,1024,8192,256,1024,952,1291.202,1294.496,1293.699,0.758
mixed,32,29,0.9062,4.0,1024,8192,512,2048,1904,1323.298,1344.323,1329.736,0.3062
mixed,32,29,0.9062,4.0,1024,8192,1024,4096,3808,1395.873,1401.508,1412.222,2.9013
mixed,32,29,0.9062,4.0,1024,8192,2048,8192,7616,1524.739,1549.439,1608.992,3.4111
mixed,32,29,0.9062,4.0,1024,8192,4096,16384,15232,1797.791,1844.612,1962.914,3.5267
mixed,32,29,0.9062,4.0,2048,0,128,512,476,855.652,859.457,863.295,2.0087
mixed,32,29,0.9062,4.0,2048,0,256,1024,952,883.649,883.269,884.129,
mixed,32,29,0.9062,4.0,2048,0,512,2048,1904,922.817,927.718,925.118,0.4695
mixed,32,29,0.9062,4.0,2048,0,1024,4096,3808,990.401,999.266,997.153,0.7616
mixed,32,29,0.9062,4.0,2048,0,2048,8192,7616,1126.05,1140.606,1212.064,5.9092
mixed,32,29,0.9062,4.0,2048,0,4096,16384,15232,1383.806,1435.489,1554.727,3.3071
mixed,32,29,0.9062,4.0,2048,512,128,512,476,1011.783,1016.477,1017.41,1.1988
mixed,32,29,0.9062,4.0,2048,512,256,1024,952,1041.827,1032.321,1035.876,
mixed,32,29,0.9062,4.0,2048,512,512,2048,1904,1073.665,1082.656,1081.02,0.818
mixed,32,29,0.9062,4.0,2048,512,1024,4096,3808,1142.751,1156.548,1154.656,0.8629
mixed,32,29,0.9062,4.0,2048,512,2048,8192,7616,1283.556,1294.114,1367.551,7.9556
mixed,32,29,0.9062,4.0,2048,512,4096,16384,15232,1540.13,1591.781,1709.861,3.2861
mixed,32,29,0.9062,4.0,2048,1024,128,512,476,1071.715,1074.659,1078.275,2.2283
mixed,32,29,0.9062,4.0,2048,1024,256,1024,952,1103.01,1101.211,1094.461,
mixed,32,29,0.9062,4.0,2048,1024,512,2048,1904,1137.311,1135.715,1135.36,
mixed,32,29,0.9062,4.0,2048,1024,1024,4096,3808,1203.709,1215.075,1201.988,-0.1514
mixed,32,29,0.9062,4.0,2048,1024,2048,8192,7616,1333.155,1356.514,1424.226,3.8988
mixed,32,29,0.9062,4.0,2048,1024,4096,16384,15232,1604.644,1643.836,1777.093,4.4001
mixed,32,29,0.9062,4.0,2048,2048,128,512,476,1188.257,1178.878,1187.552,
mixed,32,29,0.9062,4.0,2048,2048,256,1024,952,1209.244,1214.147,1211.615,0.4836
mixed,32,29,0.9062,4.0,2048,2048,512,2048,1904,1248.742,1254.497,1246.113,-0.4568
mixed,32,29,0.9062,4.0,2048,2048,1024,4096,3808,1320.67,1324.191,1314.214,-1.8336
mixed,32,29,0.9062,4.0,2048,2048,2048,8192,7616,1449.766,1472.896,1539.81,3.893
mixed,32,29,0.9062,4.0,2048,2048,4096,16384,15232,1715.457,1757.502,1884.899,4.03
mixed,32,29,0.9062,4.0,2048,4096,128,512,476,1436.772,1446.631,1438.276,0.1526
mixed,32,29,0.9062,4.0,2048,4096,256,1024,952,1460.869,1459.968,1454.114,
mixed,32,29,0.9062,4.0,2048,4096,512,2048,1904,1492.736,1499.171,1490.785,-0.3032
mixed,32,29,0.9062,4.0,2048,4096,1024,4096,3808,1565.247,1574.945,1566.302,0.1088
mixed,32,29,0.9062,4.0,2048,4096,2048,8192,7616,1699.774,1724.966,1783.748,3.3334
mixed,32,29,0.9062,4.0,2048,4096,4096,16384,15232,1965.413,1997.952,2135.175,5.2172
mixed,32,29,0.9062,4.0,2048,8192,128,512,476,1902.787,1896.489,1904.767,
mixed,32,29,0.9062,4.0,2048,8192,256,1024,952,1935.78,1920.965,1925.505,
mixed,32,29,0.9062,4.0,2048,8192,512,2048,1904,1965.959,1965.319,1964.258,
mixed,32,29,0.9062,4.0,2048,8192,1024,4096,3808,2025.508,2033.924,2021.408,-0.4872
mixed,32,29,0.9062,4.0,2048,8192,2048,8192,7616,2159.97,2172.26,2236.895,6.2592
mixed,32,29,0.9062,4.0,2048,8192,4096,16384,15232,2417.412,2468.005,2591.268,3.4364
pure,64,1,0.0156,4.0,0,0,128,512,134,154.946,186.657,169.499,0.4589
pure,64,1,0.0156,4.0,0,0,256,1024,268,175.106,211.81,176.895,0.0487
pure,64,1,0.0156,4.0,0,0,512,2048,536,188.482,263.423,202.561,0.1879
pure,64,1,0.0156,4.0,0,0,1024,4096,1072,216.222,357.951,239.202,0.1621
pure,64,1,0.0156,4.0,0,0,2048,8192,2144,266.048,550.624,314.08,0.1688
pure,64,1,0.0156,4.0,0,0,4096,16384,4288,369.026,930.944,454.945,0.1529
mixed,64,1,0.0156,4.0,16,0,128,512,134,163.837,194.879,185.537,0.6991
mixed,64,1,0.0156,4.0,16,0,256,1024,268,183.967,218.689,192.161,0.236
mixed,64,1,0.0156,4.0,16,0,512,2048,536,195.843,271.167,206.209,0.1376
mixed,64,1,0.0156,4.0,16,0,1024,4096,1072,224.352,366.653,251.616,0.1916
mixed,64,1,0.0156,4.0,16,0,2048,8192,2144,273.569,559.104,325.345,0.1813
mixed,64,1,0.0156,4.0,16,0,4096,16384,4288,376.384,938.175,465.667,0.1589
mixed,64,1,0.0156,4.0,16,512,128,512,134,192.927,221.12,190.882,-0.0725
mixed,64,1,0.0156,4.0,16,512,256,1024,268,199.329,219.648,200.097,0.0378
mixed,64,1,0.0156,4.0,16,512,512,2048,536,220.611,272.445,219.877,-0.0142
mixed,64,1,0.0156,4.0,16,512,1024,4096,1072,223.775,366.883,253.153,0.2053
mixed,64,1,0.0156,4.0,16,512,2048,8192,2144,273.698,557.502,321.506,0.1685
mixed,64,1,0.0156,4.0,16,512,4096,16384,4288,375.743,938.144,466.625,0.1616
mixed,64,1,0.0156,4.0,16,1024,128,512,134,186.406,221.316,186.657,0.0072
mixed,64,1,0.0156,4.0,16,1024,256,1024,268,200.064,255.873,203.839,0.0676
mixed,64,1,0.0156,4.0,16,1024,512,2048,536,221.088,268.767,221.218,0.0027
mixed,64,1,0.0156,4.0,16,1024,1024,4096,1072,259.237,365.409,255.265,-0.0374
mixed,64,1,0.0156,4.0,16,1024,2048,8192,2144,272.77,557.921,325.632,0.1854
mixed,64,1,0.0156,4.0,16,1024,4096,16384,4288,376.831,939.2,463.617,0.1543
mixed,64,1,0.0156,4.0,16,2048,128,512,134,191.586,221.701,190.591,-0.033
mixed,64,1,0.0156,4.0,16,2048,256,1024,268,200.515,256.416,203.683,0.0567
mixed,64,1,0.0156,4.0,16,2048,512,2048,536,222.466,328.064,219.296,-0.03
mixed,64,1,0.0156,4.0,16,2048,1024,4096,1072,257.792,364.384,252.634,-0.0484
mixed,64,1,0.0156,4.0,16,2048,2048,8192,2144,332.994,557.471,327.615,-0.024
mixed,64,1,0.0156,4.0,16,2048,4096,16384,4288,376.513,938.975,467.012,0.1609
mixed,64,1,0.0156,4.0,16,4096,128,512,134,197.825,217.153,197.727,-0.0051
mixed,64,1,0.0156,4.0,16,4096,256,1024,268,200.038,256.769,196.192,-0.0678
mixed,64,1,0.0156,4.0,16,4096,512,2048,536,219.104,323.556,217.183,-0.0184
mixed,64,1,0.0156,4.0,16,4096,1024,4096,1072,256.734,465.408,253.442,-0.0158
mixed,64,1,0.0156,4.0,16,4096,2048,8192,2144,329.857,560.13,325.984,-0.0168
mixed,64,1,0.0156,4.0,16,4096,4096,16384,4288,480.607,939.585,466.944,-0.0298
mixed,64,1,0.0156,4.0,16,8192,128,512,134,204.734,218.207,206.528,0.1332
mixed,64,1,0.0156,4.0,16,8192,256,1024,268,214.336,252.897,210.43,-0.1013
mixed,64,1,0.0156,4.0,16,8192,512,2048,536,217.477,320.704,218.143,0.0065
mixed,64,1,0.0156,4.0,16,8192,1024,4096,1072,254.879,458.302,254.239,-0.0031
mixed,64,1,0.0156,4.0,16,8192,2048,8192,2144,326.371,741.086,321.535,-0.0117
mixed,64,1,0.0156,4.0,16,8192,4096,16384,4288,467.392,940.961,459.005,-0.0177
mixed,64,1,0.0156,4.0,32,0,128,512,134,161.889,200.61,182.878,0.5421
mixed,64,1,0.0156,4.0,32,0,256,1024,268,191.17,218.497,191.298,0.0047
mixed,64,1,0.0156,4.0,32,0,512,2048,536,195.586,269.662,203.743,0.1101
mixed,64,1,0.0156,4.0,32,0,1024,4096,1072,220.163,371.137,248.385,0.1869
mixed,64,1,0.0156,4.0,32,0,2048,8192,2144,272.127,560.993,322.175,0.1733
mixed,64,1,0.0156,4.0,32,0,4096,16384,4288,374.465,936.227,470.014,0.1701
mixed,64,1,0.0156,4.0,32,512,128,512,134,185.346,218.751,183.297,-0.0613
mixed,64,1,0.0156,4.0,32,512,256,1024,268,198.528,251.202,204.513,0.1136
mixed,64,1,0.0156,4.0,32,512,512,2048,536,220.637,313.984,217.186,-0.037
mixed,64,1,0.0156,4.0,32,512,1024,4096,1072,253.537,405.918,251.199,-0.0153
mixed,64,1,0.0156,4.0,32,512,2048,8192,2144,312.739,587.459,318.881,0.0224
mixed,64,1,0.0156,4.0,32,512,4096,16384,4288,414.464,945.473,464.673,0.0946
mixed,64,1,0.0156,4.0,32,1024,128,512,134,189.472,215.616,188.447,-0.0392
mixed,64,1,0.0156,4.0,32,1024,256,1024,268,200.253,259.425,209.633,0.1585
mixed,64,1,0.0156,4.0,32,1024,512,2048,536,218.814,321.377,222.624,0.0371
mixed,64,1,0.0156,4.0,32,1024,1024,4096,1072,254.336,425.026,257.375,0.0178
mixed,64,1,0.0156,4.0,32,1024,2048,8192,2144,325.73,594.942,325.6,-0.0005
mixed,64,1,0.0156,4.0,32,1024,4096,16384,4288,437.921,969.856,461.184,0.0437
mixed,64,1,0.0156,4.0,32,2048,128,512,134,195.295,218.817,193.919,-0.0585
mixed,64,1,0.0156,4.0,32,2048,256,1024,268,202.531,257.89,195.073,-0.1347
mixed,64,1,0.0156,4.0,32,2048,512,2048,536,217.25,319.84,217.31,0.0006
mixed,64,1,0.0156,4.0,32,2048,1024,4096,1072,250.59,460.351,253.122,0.0121
mixed,64,1,0.0156,4.0,32,2048,2048,8192,2144,325.664,655.553,326.209,0.0017
mixed,64,1,0.0156,4.0,32,2048,4096,16384,4288,472.895,997.985,461.632,-0.0214
mixed,64,1,0.0156,4.0,32,4096,128,512,134,197.218,213.056,198.304,0.0686
mixed,64,1,0.0156,4.0,32,4096,256,1024,268,215.007,247.585,204.832,-0.3123
mixed,64,1,0.0156,4.0,32,4096,512,2048,536,211.358,318.047,213.794,0.0228
mixed,64,1,0.0156,4.0,32,4096,1024,4096,1072,251.522,462.627,248.452,-0.0145
mixed,64,1,0.0156,4.0,32,4096,2048,8192,2144,319.746,730.525,315.907,-0.0093
mixed,64,1,0.0156,4.0,32,4096,4096,16384,4288,465.153,1104.989,453.28,-0.0186
mixed,64,1,0.0156,4.0,32,8192,128,512,134,222.592,239.135,224.224,0.0987
mixed,64,1,0.0156,4.0,32,8192,256,1024,268,220.8,242.751,221.248,0.0204
mixed,64,1,0.0156,4.0,32,8192,512,2048,536,247.52,312.067,248.287,0.0119
mixed,64,1,0.0156,4.0,32,8192,1024,4096,1072,245.504,453.505,243.457,-0.0098
mixed,64,1,0.0156,4.0,32,8192,2048,8192,2144,320.992,712.193,316.959,-0.0103
mixed,64,1,0.0156,4.0,32,8192,4096,16384,4288,465.95,1271.685,442.944,-0.0286
mixed,64,1,0.0156,4.0,64,0,128,512,134,169.982,210.657,190.627,0.5076
mixed,64,1,0.0156,4.0,64,0,256,1024,268,197.918,234.624,199.68,0.048
mixed,64,1,0.0156,4.0,64,0,512,2048,536,213.025,277.057,213.377,0.0055
mixed,64,1,0.0156,4.0,64,0,1024,4096,1072,237.726,376.832,256.989,0.1385
mixed,64,1,0.0156,4.0,64,0,2048,8192,2144,281.41,569.57,332.479,0.1772
mixed,64,1,0.0156,4.0,64,0,4096,16384,4288,386.081,949.06,479.33,0.1656
mixed,64,1,0.0156,4.0,64,512,128,512,134,197.763,223.903,197.502,-0.01
mixed,64,1,0.0156,4.0,64,512,256,1024,268,213.539,255.586,214.017,0.0114
mixed,64,1,0.0156,4.0,64,512,512,2048,536,229.186,309.217,223.966,-0.0652
mixed,64,1,0.0156,4.0,64,512,1024,4096,1072,260.385,404.548,255.967,-0.0306
mixed,64,1,0.0156,4.0,64,512,2048,8192,2144,312.546,586.945,320.545,0.0292
mixed,64,1,0.0156,4.0,64,512,4096,16384,4288,413.441,949.691,469.696,0.1049
mixed,64,1,0.0156,4.0,64,1024,128,512,134,205.922,226.719,207.456,0.0738
mixed,64,1,0.0156,4.0,64,1024,256,1024,268,200.189,258.016,202.689,0.0432
mixed,64,1,0.0156,4.0,64,1024,512,2048,536,227.87,326.052,226.686,-0.0121
mixed,64,1,0.0156,4.0,64,1024,1024,4096,1072,259.936,422.818,259.841,-0.0006
mixed,64,1,0.0156,4.0,64,1024,2048,8192,2144,331.875,605.473,326.017,-0.0214
mixed,64,1,0.0156,4.0,64,1024,4096,16384,4288,432.32,968.639,464.227,0.0595
mixed,64,1,0.0156,4.0,64,2048,128,512,134,210.528,211.648,205.407,-4.5723
mixed,64,1,0.0156,4.0,64,2048,256,1024,268,222.558,255.107,222.399,-0.0049
mixed,64,1,0.0156,4.0,64,2048,512,2048,536,214.594,457.185,211.01,-0.0148
mixed,64,1,0.0156,4.0,64,2048,1024,4096,1072,257.948,459.84,259.073,0.0056
mixed,64,1,0.0156,4.0,64,2048,2048,8192,2144,328.354,640.386,459.455,0.4202
mixed,64,1,0.0156,4.0,64,2048,4096,16384,4288,467.266,1007.139,460.035,-0.0134
mixed,64,1,0.0156,4.0,64,4096,128,512,134,228.895,245.855,227.934,-0.0567
mixed,64,1,0.0156,4.0,64,4096,256,1024,268,223.07,241.473,223.552,0.0262
mixed,64,1,0.0156,4.0,64,4096,512,2048,536,248.48,318.815,244.864,-0.0514
mixed,64,1,0.0156,4.0,64,4096,1024,4096,1072,242.209,445.411,246.91,0.0231
mixed,64,1,0.0156,4.0,64,4096,2048,8192,2144,323.328,719.107,321.983,-0.0034
mixed,64,1,0.0156,4.0,64,4096,4096,16384,4288,450.431,1086.913,443.583,-0.0108
mixed,64,1,0.0156,4.0,64,8192,128,512,134,255.681,263.775,256.673,0.1226
mixed,64,1,0.0156,4.0,64,8192,256,1024,268,257.151,301.089,257.855,0.016
mixed,64,1,0.0156,4.0,64,8192,512,2048,536,361.502,309.602,259.778,
mixed,64,1,0.0156,4.0,64,8192,1024,4096,1072,300.317,438.433,297.184,-0.0227
mixed,64,1,0.0156,4.0,64,8192,2048,8192,2144,314.016,680.032,317.599,0.0098
mixed,64,1,0.0156,4.0,64,8192,4096,16384,4288,451.167,1213.214,441.086,-0.0132
mixed,64,1,0.0156,4.0,128,0,128,512,134,158.752,207.327,172.318,0.2793
mixed,64,1,0.0156,4.0,128,0,256,1024,268,194.144,232.353,191.266,-0.0753
mixed,64,1,0.0156,4.0,128,0,512,2048,536,210.752,280.258,207.615,-0.0451
mixed,64,1,0.0156,4.0,128,0,1024,4096,1072,237.405,373.888,243.489,0.0446
mixed,64,1,0.0156,4.0,128,0,2048,8192,2144,283.872,564.703,318.752,0.1242
mixed,64,1,0.0156,4.0,128,0,4096,16384,4288,380.189,951.459,467.487,0.1528
mixed,64,1,0.0156,4.0,128,512,128,512,134,195.455,222.437,195.934,0.0178
mixed,64,1,0.0156,4.0,128,512,256,1024,268,195.586,248.737,190.561,-0.0945
mixed,64,1,0.0156,4.0,128,512,512,2048,536,223.808,299.041,224.8,0.0132
mixed,64,1,0.0156,4.0,128,512,1024,4096,1072,248.862,400.608,244.704,-0.0274
mixed,64,1,0.0156,4.0,128,512,2048,8192,2144,305.663,589.697,302.302,-0.0118
mixed,64,1,0.0156,4.0,128,512,4096,16384,4288,408.769,981.956,451.456,0.0745
mixed,64,1,0.0156,4.0,128,1024,128,512,134,198.112,206.338,201.087,0.3617
mixed,64,1,0.0156,4.0,128,1024,256,1024,268,220.703,253.251,222.815,0.0649
mixed,64,1,0.0156,4.0,128,1024,512,2048,536,206.943,469.057,204.642,-0.0088
mixed,64,1,0.0156,4.0,128,1024,1024,4096,1072,384.513,413.311,383.521,-0.0344
mixed,64,1,0.0156,4.0,128,1024,2048,8192,2144,472.512,904.992,312.767,-0.3694
mixed,64,1,0.0156,4.0,128,1024,4096,16384,4288,420.99,986.495,447.133,0.0462
mixed,64,1,0.0156,4.0,128,2048,128,512,134,230.402,241.247,228.864,-0.1418
mixed,64,1,0.0156,4.0,128,2048,256,1024,268,218.816,234.689,217.981,-0.0526
mixed,64,1,0.0156,4.0,128,2048,512,2048,536,242.208,467.999,240.864,-0.006
mixed,64,1,0.0156,4.0,128,2048,1024,4096,1072,238.114,434.623,235.168,-0.015
mixed,64,1,0.0156,4.0,128,2048,2048,8192,2144,315.487,635.232,314.143,-0.0042
mixed,64,1,0.0156,4.0,128,2048,4096,16384,4288,446.209,1018.655,440.514,-0.0099
mixed,64,1,0.0156,4.0,128,4096,128,512,134,259.01,260.544,255.455,-2.3175
mixed,64,1,0.0156,4.0,128,4096,256,1024,268,265.953,296.32,264.097,-0.0611
mixed,64,1,0.0156,4.0,128,4096,512,2048,536,258.69,290.076,257.535,-0.0368
mixed,64,1,0.0156,4.0,128,4096,1024,4096,1072,295.167,424.287,294.143,-0.0079
mixed,64,1,0.0156,4.0,128,4096,2048,8192,2144,297.184,682.977,292.516,-0.0121
mixed,64,1,0.0156,4.0,128,4096,4096,16384,4288,431.902,1070.496,424.608,-0.0114
mixed,64,1,0.0156,4.0,128,8192,128,512,134,307.939,329.985,308.259,0.0145
mixed,64,1,0.0156,4.0,128,8192,256,1024,268,316.544,328.642,315.071,-0.1218
mixed,64,1,0.0156,4.0,128,8192,512,2048,536,332.066,401.952,330.112,-0.028
mixed,64,1,0.0156,4.0,128,8192,1024,4096,1072,327.3,405.858,328.96,0.0211
mixed,64,1,0.0156,4.0,128,8192,2048,8192,2144,412.161,641.406,403.871,-0.0362
mixed,64,1,0.0156,4.0,128,8192,4096,16384,4288,421.28,1178.204,604.541,0.2421
mixed,64,1,0.0156,4.0,256,0,128,512,134,189.345,245.026,204.866,0.2787
mixed,64,1,0.0156,4.0,256,0,256,1024,268,209.278,267.328,222.015,0.2194
mixed,64,1,0.0156,4.0,256,0,512,2048,536,248.099,315.937,259.841,0.1731
mixed,64,1,0.0156,4.0,256,0,1024,4096,1072,270.529,405.792,326.144,0.4112
mixed,64,1,0.0156,4.0,256,0,2048,8192,2144,322.078,596.768,454.559,0.4823
mixed,64,1,0.0156,4.0,256,0,4096,16384,4288,416.798,1489.505,704.896,0.2686
mixed,64,1,0.0156,4.0,256,512,128,512,134,253.312,227.967,254.849,
mixed,64,1,0.0156,4.0,256,512,256,1024,268,261.859,269.313,262.145,0.0384
mixed,64,1,0.0156,4.0,256,512,512,2048,536,225.346,319.233,245.889,0.2188
mixed,64,1,0.0156,4.0,256,512,1024,4096,1072,274.24,413.534,305.249,0.2226
mixed,64,1,0.0156,4.0,256,512,2048,8192,2144,326.91,607.423,422.625,0.3412
mixed,64,1,0.0156,4.0,256,512,4096,16384,4288,424.193,994.527,667.234,0.4261
mixed,64,1,0.0156,4.0,256,1024,128,512,134,270.369,288.639,266.336,-0.2207
mixed,64,1,0.0156,4.0,256,1024,256,1024,268,272.834,252.801,273.825,
mixed,64,1,0.0156,4.0,256,1024,512,2048,536,292.736,328.993,293.345,0.0168
mixed,64,1,0.0156,4.0,256,1024,1024,4096,1072,253.152,425.472,298.24,0.2617
mixed,64,1,0.0156,4.0,256,1024,2048,8192,2144,334.144,616.064,417.759,0.2966
mixed,64,1,0.0156,4.0,256,1024,4096,16384,4288,431.392,1006.147,652.831,0.3853
mixed,64,1,0.0156,4.0,256,2048,128,512,134,293.089,318.109,295.167,0.0831
mixed,64,1,0.0156,4.0,256,2048,256,1024,268,300.032,345.505,299.84,-0.0042
mixed,64,1,0.0156,4.0,256,2048,512,2048,536,316.734,306.978,316.958,
mixed,64,1,0.0156,4.0,256,2048,1024,4096,1072,348.929,438.978,522.882,1.9318
mixed,64,1,0.0156,4.0,256,2048,2048,8192,2144,313.472,628.351,617.312,0.9649
mixed,64,1,0.0156,4.0,256,2048,4096,16384,4288,445.631,1016.001,629.635,0.3226
mixed,64,1,0.0156,4.0,256,4096,128,512,134,344.607,367.714,343.583,-0.0443
mixed,64,1,0.0156,4.0,256,4096,256,1024,268,350.915,398.784,349.533,-0.0289
mixed,64,1,0.0156,4.0,256,4096,512,2048,536,369.664,449.924,364.448,-0.065
mixed,64,1,0.0156,4.0,256,4096,1024,4096,1072,398.177,421.697,393.568,-0.196
mixed,64,1,0.0156,4.0,256,4096,2048,8192,2144,452.672,664.898,451.489,-0.0056
mixed,64,1,0.0156,4.0,256,4096,4096,16384,4288,654.4,1038.785,620.225,-0.0889
mixed,64,1,0.0156,4.0,256,8192,128,512,134,448.833,468.705,448.288,-0.0274
mixed,64,1,0.0156,4.0,256,8192,256,1024,268,457.408,497.726,457.759,0.0087
mixed,64,1,0.0156,4.0,256,8192,512,2048,536,469.378,554.913,476.32,0.0812
mixed,64,1,0.0156,4.0,256,8192,1024,4096,1072,503.742,664.67,501.247,-0.0155
mixed,64,1,0.0156,4.0,256,8192,2048,8192,2144,559.459,643.458,557.055,-0.0286
mixed,64,1,0.0156,4.0,256,8192,4096,16384,4288,672.513,1092.033,665.795,-0.016
mixed,64,1,0.0156,4.0,512,0,128,512,134,299.553,309.411,292.64,-0.7013
mixed,64,1,0.0156,4.0,512,0,256,1024,268,307.393,334.401,318.496,0.4111
mixed,64,1,0.0156,4.0,512,0,512,2048,536,312.228,388.672,372.676,0.7907
mixed,64,1,0.0156,4.0,512,0,1024,4096,1072,334.879,502.175,479.072,0.8619
mixed,64,1,0.0156,4.0,512,0,2048,8192,2144,397.248,719.137,692.45,0.9171
mixed,64,1,0.0156,4.0,512,0,4096,16384,4288,515.232,1152.578,1100.803,0.9188
mixed,64,1,0.0156,4.0,512,512,128,512,134,315.553,349.375,319.168,0.1069
mixed,64,1,0.0156,4.0,512,512,256,1024,268,334.238,381.345,330.115,-0.0875
mixed,64,1,0.0156,4.0,512,512,512,2048,536,524.576,435.236,372.065,
mixed,64,1,0.0156,4.0,512,512,1024,4096,1072,381.28,542.05,483.392,0.6351
mixed,64,1,0.0156,4.0,512,512,2048,8192,2144,440.29,1142.18,686.242,0.3504
mixed,64,1,0.0156,4.0,512,512,4096,16384,4288,565.762,1192.255,1103.874,0.8589
mixed,64,1,0.0156,4.0,512,1024,128,512,134,342.115,373.25,347.103,0.1602
mixed,64,1,0.0156,4.0,512,1024,256,1024,268,353.954,406.852,356.353,0.0454
mixed,64,1,0.0156,4.0,512,1024,512,2048,536,374.526,465.566,372.706,-0.02
mixed,64,1,0.0156,4.0,512,1024,1024,4096,1072,409.6,848.929,486.304,0.1746
mixed,64,1,0.0156,4.0,512,1024,2048,8192,2144,467.873,790.627,690.273,0.6891
mixed,64,1,0.0156,4.0,512,1024,4096,16384,4288,585.633,1223.521,1100.901,0.8078
mixed,64,1,0.0156,4.0,512,2048,128,512,134,392.447,425.154,394.622,0.0665
mixed,64,1,0.0156,4.0,512,2048,256,1024,268,404.64,459.265,405.984,0.0246
mixed,64,1,0.0156,4.0,512,2048,512,2048,536,425.312,510.561,424.508,-0.0094
mixed,64,1,0.0156,4.0,512,2048,1024,4096,1072,458.302,621.633,481.631,0.1428
mixed,64,1,0.0156,4.0,512,2048,2048,8192,2144,516.574,837.985,690.016,0.5396
mixed,64,1,0.0156,4.0,512,2048,4096,16384,4288,629.567,1281.668,1103.712,0.7271
mixed,64,1,0.0156,4.0,512,4096,128,512,134,499.583,526.205,497.954,-0.0612
mixed,64,1,0.0156,4.0,512,4096,256,1024,268,509.633,558.915,503.04,-0.1338
mixed,64,1,0.0156,4.0,512,4096,512,2048,536,525.185,616.419,526.017,0.0091
mixed,64,1,0.0156,4.0,512,4096,1024,4096,1072,559.33,723.97,563.073,0.0227
mixed,64,1,0.0156,4.0,512,4096,2048,8192,2144,620.515,938.594,687.138,0.2095
mixed,64,1,0.0156,4.0,512,4096,4096,16384,4288,738.655,1371.872,1112.737,0.5908
mixed,64,1,0.0156,4.0,512,8192,128,512,134,706.525,723.265,700.126,-0.3823
mixed,64,1,0.0156,4.0,512,8192,256,1024,268,701.631,752.542,705.121,0.0686
mixed,64,1,0.0156,4.0,512,8192,512,2048,536,716.289,808.832,717.661,0.0148
mixed,64,1,0.0156,4.0,512,8192,1024,4096,1072,753.186,920.16,747.233,-0.0357
mixed,64,1,0.0156,4.0,512,8192,2048,8192,2144,813.184,1145.469,814.978,0.0054
mixed,64,1,0.0156,4.0,512,8192,4096,16384,4288,929.538,1594.149,1094.017,0.2475
mixed,64,1,0.0156,4.0,1024,0,128,512,134,510.049,551.326,503.333,-0.1627
mixed,64,1,0.0156,4.0,1024,0,256,1024,268,524.93,588.066,520.287,-0.0735
mixed,64,1,0.0156,4.0,1024,0,512,2048,536,544.898,662.626,567.808,0.1946
mixed,64,1,0.0156,4.0,1024,0,1024,4096,1072,590.367,809.123,629.794,0.1802
mixed,64,1,0.0156,4.0,1024,0,2048,8192,2144,671.584,1106.658,732.962,0.1411
mixed,64,1,0.0156,4.0,1024,0,4096,16384,4288,821.699,1694.816,958.31,0.1565
mixed,64,1,0.0156,4.0,1024,512,128,512,134,636.387,663.295,627.328,-0.3367
mixed,64,1,0.0156,4.0,1024,512,256,1024,268,652.99,706.883,642.433,-0.1959
mixed,64,1,0.0156,4.0,1024,512,512,2048,536,669.475,784.959,675.167,0.0493
mixed,64,1,0.0156,4.0,1024,512,1024,4096,1072,712.608,930.595,746.66,0.1562
mixed,64,1,0.0156,4.0,1024,512,2048,8192,2144,785.315,1229.955,856.515,0.1601
mixed,64,1,0.0156,4.0,1024,512,4096,16384,4288,947.781,1822.022,1085.731,0.1578
mixed,64,1,0.0156,4.0,1024,1024,128,512,134,673.697,707.714,669.633,-0.1195
mixed,64,1,0.0156,4.0,1024,1024,256,1024,268,684.576,743.745,682.977,-0.027
mixed,64,1,0.0156,4.0,1024,1024,512,2048,536,713.923,819.616,734.02,0.1901
mixed,64,1,0.0156,4.0,1024,1024,1024,4096,1072,748.765,963.552,782.464,0.1569
mixed,64,1,0.0156,4.0,1024,1024,2048,8192,2144,825.151,1253.949,904.29,0.1846
mixed,64,1,0.0156,4.0,1024,1024,4096,16384,4288,975.395,1852.389,1118.396,0.1631
mixed,64,1,0.0156,4.0,1024,2048,128,512,134,753.918,785.351,758.434,0.1437
mixed,64,1,0.0156,4.0,1024,2048,256,1024,268,764.319,830.501,768.382,0.0614
mixed,64,1,0.0156,4.0,1024,2048,512,2048,536,797.061,909.406,812.002,0.133
mixed,64,1,0.0156,4.0,1024,2048,1024,4096,1072,842.881,1046.789,871.07,0.1382
mixed,64,1,0.0156,4.0,1024,2048,2048,8192,2144,904.61,1341.988,980.327,0.1731
mixed,64,1,0.0156,4.0,1024,2048,4096,16384,4288,1060.514,1926.309,1197.506,0.1582
mixed,64,1,0.0156,4.0,1024,4096,128,512,134,917.125,959.421,913.82,-0.0781
mixed,64,1,0.0156,4.0,1024,4096,256,1024,268,932.833,983.683,932.065,-0.0151
mixed,64,1,0.0156,4.0,1024,4096,512,2048,536,959.067,1068.353,977.062,0.1647
mixed,64,1,0.0156,4.0,1024,4096,1024,4096,1072,997.536,1219.036,1030.586,0.1492
mixed,64,1,0.0156,4.0,1024,4096,2048,8192,2144,1075.078,1499.233,1142.629,0.1593
mixed,64,1,0.0156,4.0,1024,4096,4096,16384,4288,1234.016,2085.893,1351.486,0.1379
mixed,64,1,0.0156,4.0,1024,8192,128,512,134,1253.885,1274.502,1251.588,-0.1114
mixed,64,1,0.0156,4.0,1024,8192,256,1024,268,1261.891,1316.19,1262.69,0.0147
mixed,64,1,0.0156,4.0,1024,8192,512,2048,536,1292.577,1405.732,1304.259,0.1032
mixed,64,1,0.0156,4.0,1024,8192,1024,4096,1072,1326.626,1549.186,1353.6,0.1212
mixed,64,1,0.0156,4.0,1024,8192,2048,8192,2144,1401.123,1827.202,1478.951,0.1827
mixed,64,1,0.0156,4.0,1024,8192,4096,16384,4288,1558.081,2401.852,1689.061,0.1552
mixed,64,1,0.0156,4.0,2048,0,128,512,134,861.471,897.986,867.807,0.1735
mixed,64,1,0.0156,4.0,2048,0,256,1024,268,881.313,942.909,876.639,-0.0759
mixed,64,1,0.0156,4.0,2048,0,512,2048,536,908.644,1022.497,921.504,0.113
mixed,64,1,0.0156,4.0,2048,0,1024,4096,1072,952.548,1158.24,980.738,0.137
mixed,64,1,0.0156,4.0,2048,0,2048,8192,2144,1026.724,1453.345,1100.96,0.174
mixed,64,1,0.0156,4.0,2048,0,4096,16384,4288,1178.372,2039.073,1321.852,0.1667
mixed,64,1,0.0156,4.0,2048,512,128,512,134,1039.653,1069.503,1035.742,-0.131
mixed,64,1,0.0156,4.0,2048,512,256,1024,268,1045.664,1119.269,1053.536,0.1069
mixed,64,1,0.0156,4.0,2048,512,512,2048,536,1078.719,1189.699,1102.21,0.2117
mixed,64,1,0.0156,4.0,2048,512,1024,4096,1072,1121.444,1344.962,1151.14,0.1329
mixed,64,1,0.0156,4.0,2048,512,2048,8192,2144,1191.782,1631.23,1262.88,0.1618
mixed,64,1,0.0156,4.0,2048,512,4096,16384,4288,1350.02,2210.912,1481.378,0.1526
mixed,64,1,0.0156,4.0,2048,1024,128,512,134,1097.346,1134.271,1091.132,-0.1683
mixed,64,1,0.0156,4.0,2048,1024,256,1024,268,1110.339,1168.034,1107.455,-0.05
mixed,64,1,0.0156,4.0,2048,1024,512,2048,536,1131.619,1245.859,1161.314,0.2599
mixed,64,1,0.0156,4.0,2048,1024,1024,4096,1072,1176.351,1384.221,1209.822,0.161
mixed,64,1,0.0156,4.0,2048,1024,2048,8192,2144,1252.549,1684.159,1327.138,0.1728
mixed,64,1,0.0156,4.0,2048,1024,4096,16384,4288,1402.721,2284.605,1531.811,0.1464
mixed,64,1,0.0156,4.0,2048,2048,128,512,134,1210.785,1248.03,1207.681,-0.0833
mixed,64,1,0.0156,4.0,2048,2048,256,1024,268,1221.152,1285.572,1220.831,-0.005
mixed,64,1,0.0156,4.0,2048,2048,512,2048,536,1249.535,1365.503,1262.398,0.1109
mixed,64,1,0.0156,4.0,2048,2048,1024,4096,1072,1290.211,1510.406,1322.05,0.1446
mixed,64,1,0.0156,4.0,2048,2048,2048,8192,2144,1361.7,1789.346,1449.063,0.2043
mixed,64,1,0.0156,4.0,2048,2048,4096,16384,4288,1517.283,2384.803,1648.418,0.1512
mixed,64,1,0.0156,4.0,2048,4096,128,512,134,1456.545,1490.368,1461.283,0.1401
mixed,64,1,0.0156,4.0,2048,4096,256,1024,268,1471.712,1532.482,1468.577,-0.0516
mixed,64,1,0.0156,4.0,2048,4096,512,2048,536,1501.439,1612.482,1522.15,0.1865
mixed,64,1,0.0156,4.0,2048,4096,1024,4096,1072,1544.193,1752.645,1582.533,0.1839
mixed,64,1,0.0156,4.0,2048,4096,2048,8192,2144,1624.678,2037.188,1688.134,0.1538
mixed,64,1,0.0156,4.0,2048,4096,4096,16384,4288,1772.065,2614.147,1898.788,0.1505
mixed,64,1,0.0156,4.0,2048,8192,128,512,134,1926.113,1964.263,1925.188,-0.0242
mixed,64,1,0.0156,4.0,2048,8192,256,1024,268,1929.09,2011.398,1930.466,0.0167
mixed,64,1,0.0156,4.0,2048,8192,512,2048,536,1975.52,2071.49,1990.373,0.1548
mixed,64,1,0.0156,4.0,2048,8192,1024,4096,1072,2003.105,2220.645,2036.227,0.1523
mixed,64,1,0.0156,4.0,2048,8192,2048,8192,2144,2065.346,2500.771,2146.79,0.187
mixed,64,1,0.0156,4.0,2048,8192,4096,16384,4288,2230.405,3069.986,2368.548,0.1645
pure,64,2,0.0312,4.0,0,0,128,512,140,136.481,170.146,160.131,0.7025
pure,64,2,0.0312,4.0,0,0,256,1024,280,160.258,196.446,261.601,2.8005
pure,64,2,0.0312,4.0,0,0,512,2048,560,171.679,245.793,191.965,0.2737
pure,64,2,0.0312,4.0,0,0,1024,4096,1120,203.295,341.95,229.024,0.1856
pure,64,2,0.0312,4.0,0,0,2048,8192,2240,253.819,535.554,299.777,0.1631
pure,64,2,0.0312,4.0,0,0,4096,16384,4480,362.015,912.546,447.072,0.1545
mixed,64,2,0.0312,4.0,16,0,128,512,140,146.593,177.634,168.482,0.7052
mixed,64,2,0.0312,4.0,16,0,256,1024,280,164.995,203.488,179.613,0.3798
mixed,64,2,0.0312,4.0,16,0,512,2048,560,181.377,253.471,199.456,0.2508
mixed,64,2,0.0312,4.0,16,0,1024,4096,1120,211.104,349.182,239.197,0.2035
mixed,64,2,0.0312,4.0,16,0,2048,8192,2240,262.561,539.715,313.663,0.1844
mixed,64,2,0.0312,4.0,16,0,4096,16384,4480,365.247,922.848,456.288,0.1633
mixed,64,2,0.0312,4.0,16,512,128,512,140,174.43,204.096,174.366,-0.0022
mixed,64,2,0.0312,4.0,16,512,256,1024,280,182.943,203.807,183.039,0.0046
mixed,64,2,0.0312,4.0,16,512,512,2048,560,205.505,253.054,308.223,2.1603
mixed,64,2,0.0312,4.0,16,512,1024,4096,1120,208.45,351.108,237.091,0.2008
mixed,64,2,0.0312,4.0,16,512,2048,8192,2240,262.367,542.398,307.267,0.1603
mixed,64,2,0.0312,4.0,16,512,4096,16384,4480,367.522,922.308,454.626,0.157
mixed,64,2,0.0312,4.0,16,1024,128,512,140,167.65,203.135,169.854,0.0621
mixed,64,2,0.0312,4.0,16,1024,256,1024,280,185.856,239.52,184.031,-0.034
mixed,64,2,0.0312,4.0,16,1024,512,2048,560,204.479,254.818,205.054,0.0114
mixed,64,2,0.0312,4.0,16,1024,1024,4096,1120,249.408,349.186,240.032,-0.094
mixed,64,2,0.0312,4.0,16,1024,2048,8192,2240,260.833,541.411,312.195,0.1831
mixed,64,2,0.0312,4.0,16,1024,4096,16384,4480,368.128,921.12,455.746,0.1584
mixed,64,2,0.0312,4.0,16,2048,128,512,140,171.581,203.229,173.216,0.0517
mixed,64,2,0.0312,4.0,16,2048,256,1024,280,181.795,236.8,184.418,0.0477
mixed,64,2,0.0312,4.0,16,2048,512,2048,560,204.061,312.287,202.622,-0.0133
mixed,64,2,0.0312,4.0,16,2048,1024,4096,1120,246.369,350.142,237.758,-0.083
mixed,64,2,0.0312,4.0,16,2048,2048,8192,2240,323.489,540.769,312.478,-0.0507
mixed,64,2,0.0312,4.0,16,2048,4096,16384,4480,369.441,921.601,451.873,0.1493
mixed,64,2,0.0312,4.0,16,4096,128,512,140,178.304,205.598,182.847,0.1664
mixed,64,2,0.0312,4.0,16,4096,256,1024,280,180.895,237.088,183.234,0.0416
mixed,64,2,0.0312,4.0,16,4096,512,2048,560,201.41,306.974,200.673,-0.007
mixed,64,2,0.0312,4.0,16,4096,1024,4096,1120,240.064,451.329,238.303,-0.0083
mixed,64,2,0.0312,4.0,16,4096,2048,8192,2240,321.12,542.274,309.696,-0.0517
mixed,64,2,0.0312,4.0,16,4096,4096,16384,4480,474.944,927.103,680.575,0.4548
mixed,64,2,0.0312,4.0,16,8192,128,512,140,189.086,199.809,280.353,8.5113
mixed,64,2,0.0312,4.0,16,8192,256,1024,280,196.963,237.347,194.497,-0.0611
mixed,64,2,0.0312,4.0,16,8192,512,2048,560,201.155,306.24,202.084,0.0088
mixed,64,2,0.0312,4.0,16,8192,1024,4096,1120,239.809,445.216,236.672,-0.0153
mixed,64,2,0.0312,4.0,16,8192,2048,8192,2240,317.473,724.415,306.624,-0.0267
mixed,64,2,0.0312,4.0,16,8192,4096,16384,4480,473.984,924.835,449.055,-0.0553
mixed,64,2,0.0312,4.0,32,0,128,512,140,153.76,188.192,171.008,0.5009
mixed,64,2,0.0312,4.0,32,0,256,1024,280,169.792,206.85,181.823,0.3247
mixed,64,2,0.0312,4.0,32,0,512,2048,560,181.249,257.696,210.081,0.3772
mixed,64,2,0.0312,4.0,32,0,1024,4096,1120,214.436,352.065,237.92,0.1706
mixed,64,2,0.0312,4.0,32,0,2048,8192,2240,269.635,542.911,314.882,0.1656
mixed,64,2,0.0312,4.0,32,0,4096,16384,4480,372.001,928.673,459.167,0.1566
mixed,64,2,0.0312,4.0,32,512,128,512,140,175.008,205.793,173.759,-0.0406
mixed,64,2,0.0312,4.0,32,512,256,1024,280,184.128,239.874,191.039,0.124
mixed,64,2,0.0312,4.0,32,512,512,2048,560,207.458,306.973,203.457,-0.0402
mixed,64,2,0.0312,4.0,32,512,1024,4096,1120,249.024,387.329,238.242,-0.078
mixed,64,2,0.0312,4.0,32,512,2048,8192,2240,303.552,573.729,308.414,0.018
mixed,64,2,0.0312,4.0,32,512,4096,16384,4480,407.011,940.129,455.968,0.0918
mixed,64,2,0.0312,4.0,32,1024,128,512,140,173.311,206.496,181.31,0.241
mixed,64,2,0.0312,4.0,32,1024,256,1024,280,188.931,246.368,187.072,-0.0324
mixed,64,2,0.0312,4.0,32,1024,512,2048,560,206.05,311.007,204.898,-0.011
mixed,64,2,0.0312,4.0,32,1024,1024,4096,1120,246.21,407.876,244.161,-0.0127
mixed,64,2,0.0312,4.0,32,1024,2048,8192,2240,320.065,596.704,311.872,-0.0296
mixed,64,2,0.0312,4.0,32,1024,4096,16384,4480,425.184,954.851,452.738,0.052
mixed,64,2,0.0312,4.0,32,2048,128,512,140,179.618,209.053,179.777,0.0054
mixed,64,2,0.0312,4.0,32,2048,256,1024,280,179.07,236.672,188.671,0.1667
mixed,64,2,0.0312,4.0,32,2048,512,2048,560,207.105,311.393,204.929,-0.0209
mixed,64,2,0.0312,4.0,32,2048,1024,4096,1120,244.639,448.863,241.248,-0.0166
mixed,64,2,0.0312,4.0,32,2048,2048,8192,2240,328.704,629.501,318.114,-0.0352
mixed,64,2,0.0312,4.0,32,2048,4096,16384,4480,469.314,998.944,450.401,-0.0357
mixed,64,2,0.0312,4.0,32,4096,128,512,140,183.773,198.368,185.216,0.0989
mixed,64,2,0.0312,4.0,32,4096,256,1024,280,194.946,235.453,192.768,-0.0538
mixed,64,2,0.0312,4.0,32,4096,512,2048,560,199.808,304.255,197.599,-0.0211
mixed,64,2,0.0312,4.0,32,4096,1024,4096,1120,249.472,451.999,238.271,-0.0553
mixed,64,2,0.0312,4.0,32,4096,2048,8192,2240,319.551,726.242,312.352,-0.0177
mixed,64,2,0.0312,4.0,32,4096,4096,16384,4480,464.733,1101.506,450.431,-0.0225
mixed,64,2,0.0312,4.0,32,8192,128,512,140,313.089,226.625,207.618,
mixed,64,2,0.0312,4.0,32,8192,256,1024,280,209.57,220.701,208.033,-0.1381
mixed,64,2,0.0312,4.0,32,8192,512,2048,560,227.905,299.68,224.672,-0.045
mixed,64,2,0.0312,4.0,32,8192,1024,4096,1120,225.666,434.4,229.376,0.0178
mixed,64,2,0.0312,4.0,32,8192,2048,8192,2240,321.313,703.075,302.847,-0.0484
mixed,64,2,0.0312,4.0,32,8192,4096,16384,4480,463.072,1262.432,433.571,-0.0369
mixed,64,2,0.0312,4.0,64,0,128,512,140,151.201,193.118,174.431,0.5542
mixed,64,2,0.0312,4.0,64,0,256,1024,280,181.345,215.489,184.45,0.0909
mixed,64,2,0.0312,4.0,64,0,512,2048,560,291.59,263.107,207.294,
mixed,64,2,0.0312,4.0,64,0,1024,4096,1120,221.921,357.859,243.388,0.1579
mixed,64,2,0.0312,4.0,64,0,2048,8192,2240,270.624,549.056,317.696,0.1691
mixed,64,2,0.0312,4.0,64,0,4096,16384,4480,374.339,929.762,463.966,0.1614
mixed,64,2,0.0312,4.0,64,512,128,512,140,176.673,204.609,177.951,0.0457
mixed,64,2,0.0312,4.0,64,512,256,1024,280,194.241,238.593,176.927,-0.3904
mixed,64,2,0.0312,4.0,64,512,512,2048,560,210.144,289.919,208.864,-0.016
mixed,64,2,0.0312,4.0,64,512,1024,4096,1120,244.513,386.977,240.353,-0.0292
mixed,64,2,0.0312,4.0,64,512,2048,8192,2240,303.904,567.712,309.601,0.0216
mixed,64,2,0.0312,4.0,64,512,4096,16384,4480,405.632,940.609,455.872,0.0939
mixed,64,2,0.0312,4.0,64,1024,128,512,140,186.11,207.842,187.552,0.0664
mixed,64,2,0.0312,4.0,64,1024,256,1024,280,179.361,238.305,185.282,0.1005
mixed,64,2,0.0312,4.0,64,1024,512,2048,560,210.179,305.855,206.881,-0.0345
mixed,64,2,0.0312,4.0,64,1024,1024,4096,1120,247.682,405.345,241.343,-0.0402
mixed,64,2,0.0312,4.0,64,1024,2048,8192,2240,319.714,580.769,309.378,-0.0396
mixed,64,2,0.0312,4.0,64,1024,4096,16384,4480,417.951,958.661,452.16,0.0633
mixed,64,2,0.0312,4.0,64,2048,128,512,140,189.76,192.608,188.289,-0.5165
mixed,64,2,0.0312,4.0,64,2048,256,1024,280,207.072,236.417,206.498,-0.0196
mixed,64,2,0.0312,4.0,64,2048,512,2048,560,197.571,307.519,227.296,0.2704
mixed,64,2,0.0312,4.0,64,2048,1024,4096,1120,247.937,440.705,245.182,-0.0143
mixed,64,2,0.0312,4.0,64,2048,2048,8192,2240,315.071,623.236,307.261,-0.0253
mixed,64,2,0.0312,4.0,64,2048,4096,16384,4480,451.52,991.873,443.904,-0.0141
mixed,64,2,0.0312,4.0,64,4096,128,512,140,209.345,228.546,210.493,0.0598
mixed,64,2,0.0312,4.0,64,4096,256,1024,280,206.143,333.637,203.68,-0.0193
mixed,64,2,0.0312,4.0,64,4096,512,2048,560,231.074,302.049,229.116,-0.0276
mixed,64,2,0.0312,4.0,64,4096,1024,4096,1120,237.377,428.896,284.031,0.2436
mixed,64,2,0.0312,4.0,64,4096,2048,8192,2240,314.399,699.105,307.364,-0.0183
mixed,64,2,0.0312,4.0,64,4096,4096,16384,4480,447.296,1068.932,428.994,-0.0294
mixed,64,2,0.0312,4.0,64,8192,128,512,140,237.472,244.961,355.713,15.7886
mixed,64,2,0.0312,4.0,64,8192,256,1024,280,239.647,281.277,239.041,-0.0146
mixed,64,2,0.0312,4.0,64,8192,512,2048,560,244.576,295.01,245.765,0.0236
mixed,64,2,0.0312,4.0,64,8192,1024,4096,1120,292.546,427.49,282.337,-0.0757
mixed,64,2,0.0312,4.0,64,8192,2048,8192,2240,305.664,663.905,400.929,0.2659
mixed,64,2,0.0312,4.0,64,8192,4096,16384,4480,448.544,1212.386,436.193,-0.0162
mixed,64,2,0.0312,4.0,128,0,128,512,140,158.557,206.977,173.184,0.3021
mixed,64,2,0.0312,4.0,128,0,256,1024,280,195.136,233.151,194.72,-0.0109
mixed,64,2,0.0312,4.0,128,0,512,2048,560,212.224,280.063,210.048,-0.0321
mixed,64,2,0.0312,4.0,128,0,1024,4096,1120,238.337,369.314,245.63,0.0557
mixed,64,2,0.0312,4.0,128,0,2048,8192,2240,288.577,566.882,321.409,0.118
mixed,64,2,0.0312,4.0,128,0,4096,16384,4480,389.6,952.417,471.358,0.1453
mixed,64,2,0.0312,4.0,128,512,128,512,140,195.489,226.465,196.959,0.0475
mixed,64,2,0.0312,4.0,128,512,256,1024,280,193.183,247.424,190.594,-0.0477
mixed,64,2,0.0312,4.0,128,512,512,2048,560,223.84,299.455,223.903,0.0008
mixed,64,2,0.0312,4.0,128,512,1024,4096,1120,253.982,399.105,244.832,-0.063
mixed,64,2,0.0312,4.0,128,512,2048,8192,2240,310.464,593.694,305.536,-0.0174
mixed,64,2,0.0312,4.0,128,512,4096,16384,4480,419.393,1465.024,457.283,0.0362
mixed,64,2,0.0312,4.0,128,1024,128,512,140,200.479,206.496,200.927,0.0745
mixed,64,2,0.0312,4.0,128,1024,256,1024,280,223.199,252.45,221.921,-0.0437
mixed,64,2,0.0312,4.0,128,1024,512,2048,560,208.545,308.319,239.902,0.3143
mixed,64,2,0.0312,4.0,128,1024,1024,4096,1120,260.8,414.785,257.311,-0.0227
mixed,64,2,0.0312,4.0,128,1024,2048,8192,2240,321.184,604.802,313.471,-0.0272
mixed,64,2,0.0312,4.0,128,1024,4096,16384,4480,434.913,989.092,443.778,0.016
mixed,64,2,0.0312,4.0,128,2048,128,512,140,231.873,241.152,228.32,-0.3829
mixed,64,2,0.0312,4.0,128,2048,256,1024,280,217.216,237.602,218.046,0.0407
mixed,64,2,0.0312,4.0,128,2048,512,2048,560,246.05,313.376,251.456,0.0803
mixed,64,2,0.0312,4.0,128,2048,1024,4096,1120,244.383,435.042,296.033,0.2709
mixed,64,2,0.0312,4.0,128,2048,2048,8192,2240,322.08,637.247,317.313,-0.0151
mixed,64,2,0.0312,4.0,128,2048,4096,16384,4480,457.6,1019.329,437.47,-0.0358
mixed,64,2,0.0312,4.0,128,4096,128,512,140,259.873,259.231,255.842,
mixed,64,2,0.0312,4.0,128,4096,256,1024,280,267.262,292.77,264.706,-0.1002
mixed,64,2,0.0312,4.0,128,4096,512,2048,560,260.865,290.913,261.249,0.0128
mixed,64,2,0.0312,4.0,128,4096,1024,4096,1120,310.017,422.945,315.875,0.0519
mixed,64,2,0.0312,4.0,128,4096,2048,8192,2240,304.066,680.768,406.145,0.271
mixed,64,2,0.0312,4.0,128,4096,4096,16384,4480,441.152,1079.68,433.474,-0.012
mixed,64,2,0.0312,4.0,128,8192,128,512,140,306.015,331.039,309.375,0.1343
mixed,64,2,0.0312,4.0,128,8192,256,1024,280,317.183,330.047,315.647,-0.1194
mixed,64,2,0.0312,4.0,128,8192,512,2048,560,337.216,401.665,331.489,-0.0889
mixed,64,2,0.0312,4.0,128,8192,1024,4096,1120,332.576,401.44,329.892,-0.039
mixed,64,2,0.0312,4.0,128,8192,2048,8192,2240,426.176,644.385,432.767,0.0302
mixed,64,2,0.0312,4.0,128,8192,4096,16384,4480,431.042,1179.491,620.864,0.2536
mixed,64,2,0.0312,4.0,256,0,128,512,140,188.512,243.198,206.782,0.3341
mixed,64,2,0.0312,4.0,256,0,256,1024,280,208.222,267.264,220.93,0.2152
mixed,64,2,0.0312,4.0,256,0,512,2048,560,249.121,315.357,260.0,0.1642
mixed,64,2,0.0312,4.0,256,0,1024,4096,1120,278.466,405.279,327.619,0.3876
mixed,64,2,0.0312,4.0,256,0,2048,8192,2240,324.127,597.984,451.808,0.4662
mixed,64,2,0.0312,4.0,256,0,4096,16384,4480,424.0,999.103,703.232,0.4855
mixed,64,2,0.0312,4.0,256,512,128,512,140,253.825,227.325,255.037,
mixed,64,2,0.0312,4.0,256,512,256,1024,280,260.321,271.2,260.257,-0.0059
mixed,64,2,0.0312,4.0,256,512,512,2048,560,226.911,320.381,247.104,0.216
mixed,64,2,0.0312,4.0,256,512,1024,4096,1120,279.519,414.337,303.488,0.1778
mixed,64,2,0.0312,4.0,256,512,2048,8192,2240,327.584,605.441,426.303,0.3553
mixed,64,2,0.0312,4.0,256,512,4096,16384,4480,430.752,995.713,669.25,0.4221
mixed,64,2,0.0312,4.0,256,1024,128,512,140,266.945,292.544,268.354,0.055
mixed,64,2,0.0312,4.0,256,1024,256,1024,280,274.559,252.0,273.505,
mixed,64,2,0.0312,4.0,256,1024,512,2048,560,291.169,329.919,291.229,0.0015
mixed,64,2,0.0312,4.0,256,1024,1024,4096,1120,260.831,421.92,301.439,0.2521
mixed,64,2,0.0312,4.0,256,1024,2048,8192,2240,338.4,616.161,419.807,0.2931
mixed,64,2,0.0312,4.0,256,1024,4096,16384,4480,442.146,999.396,659.168,0.3895
mixed,64,2,0.0312,4.0,256,2048,128,512,140,292.93,315.84,291.872,-0.0462
mixed,64,2,0.0312,4.0,256,2048,256,1024,280,301.088,345.118,300.548,-0.0123
mixed,64,2,0.0312,4.0,256,2048,512,2048,560,315.648,304.672,317.598,
mixed,64,2,0.0312,4.0,256,2048,1024,4096,1120,352.768,443.488,349.567,-0.0353
mixed,64,2,0.0312,4.0,256,2048,2048,8192,2240,320.098,626.432,413.187,0.3039
mixed,64,2,0.0312,4.0,256,2048,4096,16384,4480,458.624,1012.034,632.284,0.3138
mixed,64,2,0.0312,4.0,256,4096,128,512,140,343.04,367.136,345.57,0.105
mixed,64,2,0.0312,4.0,256,4096,256,1024,280,348.929,394.268,352.224,0.0727
mixed,64,2,0.0312,4.0,256,4096,512,2048,560,368.294,449.888,368.16,-0.0016
mixed,64,2,0.0312,4.0,256,4096,1024,4096,1120,403.84,419.808,397.73,-0.3826
mixed,64,2,0.0312,4.0,256,4096,2048,8192,2240,463.777,664.033,454.114,-0.0483
mixed,64,2,0.0312,4.0,256,4096,4096,16384,4480,443.969,1039.937,624.512,0.3029
mixed,64,2,0.0312,4.0,256,8192,128,512,140,447.775,467.201,446.787,-0.0509
mixed,64,2,0.0312,4.0,256,8192,256,1024,280,456.036,498.849,456.163,0.003
mixed,64,2,0.0312,4.0,256,8192,512,2048,560,470.463,558.812,467.619,-0.0322
mixed,64,2,0.0312,4.0,256,8192,1024,4096,1120,502.081,662.209,503.681,0.01
mixed,64,2,0.0312,4.0,256,8192,2048,8192,2240,564.514,643.615,554.878,-0.1218
mixed,64,2,0.0312,4.0,256,8192,4096,16384,4480,683.265,1094.05,667.676,-0.0379
mixed,64,2,0.0312,4.0,512,0,128,512,140,294.817,309.278,298.527,0.2566
mixed,64,2,0.0312,4.0,512,0,256,1024,280,308.417,337.344,319.236,0.374
mixed,64,2,0.0312,4.0,512,0,512,2048,560,313.182,390.91,375.65,0.8037
mixed,64,2,0.0312,4.0,512,0,1024,4096,1120,342.273,500.258,492.962,0.9538
mixed,64,2,0.0312,4.0,512,0,2048,8192,2240,403.521,720.163,688.803,0.901
mixed,64,2,0.0312,4.0,512,0,4096,16384,4480,523.393,1209.569,1098.752,0.8385
mixed,64,2,0.0312,4.0,512,512,128,512,140,319.167,344.545,318.98,-0.0074
mixed,64,2,0.0312,4.0,512,512,256,1024,280,330.561,382.882,329.437,-0.0215
mixed,64,2,0.0312,4.0,512,512,512,2048,560,353.952,436.255,370.049,0.1956
mixed,64,2,0.0312,4.0,512,512,1024,4096,1120,386.723,544.836,479.522,0.5869
mixed,64,2,0.0312,4.0,512,512,2048,8192,2240,445.857,760.352,687.104,0.7671
mixed,64,2,0.0312,4.0,512,512,4096,16384,4480,561.123,1185.793,1094.438,0.8538
mixed,64,2,0.0312,4.0,512,1024,128,512,140,343.459,370.624,344.285,0.0304
mixed,64,2,0.0312,4.0,512,1024,256,1024,280,353.444,408.132,356.063,0.0479
mixed,64,2,0.0312,4.0,512,1024,512,2048,560,374.146,460.997,374.784,0.0073
mixed,64,2,0.0312,4.0,512,1024,1024,4096,1120,412.706,568.256,480.576,0.4363
mixed,64,2,0.0312,4.0,512,1024,2048,8192,2240,468.995,814.624,688.065,0.6338
mixed,64,2,0.0312,4.0,512,1024,4096,16384,4480,590.369,1265.088,1109.311,0.7691
mixed,64,2,0.0312,4.0,512,2048,128,512,140,391.807,424.702,395.906,0.1246
mixed,64,2,0.0312,4.0,512,2048,256,1024,280,405.123,453.279,404.227,-0.0186
mixed,64,2,0.0312,4.0,512,2048,512,2048,560,423.586,513.824,421.766,-0.0202
mixed,64,2,0.0312,4.0,512,2048,1024,4096,1120,460.514,616.132,481.951,0.1378
mixed,64,2,0.0312,4.0,512,2048,2048,8192,2240,519.969,840.9,684.899,0.5139
mixed,64,2,0.0312,4.0,512,2048,4096,16384,4480,651.553,1274.017,1102.653,0.7247
mixed,64,2,0.0312,4.0,512,4096,128,512,140,499.519,519.49,497.632,-0.0945
mixed,64,2,0.0312,4.0,512,4096,256,1024,280,502.56,553.346,504.448,0.0372
mixed,64,2,0.0312,4.0,512,4096,512,2048,560,525.791,615.072,523.073,-0.0304
mixed,64,2,0.0312,4.0,512,4096,1024,4096,1120,560.831,715.459,556.928,-0.0252
mixed,64,2,0.0312,4.0,512,4096,2048,8192,2240,620.671,939.938,687.585,0.2096
mixed,64,2,0.0312,4.0,512,4096,4096,16384,4480,740.067,1380.066,1099.461,0.5616
mixed,64,2,0.0312,4.0,512,8192,128,512,140,703.937,720.032,698.274,-0.3518
mixed,64,2,0.0312,4.0,512,8192,256,1024,280,700.991,756.195,703.326,0.0423
mixed,64,2,0.0312,4.0,512,8192,512,2048,560,721.507,813.858,718.754,-0.0298
mixed,64,2,0.0312,4.0,512,8192,1024,4096,1120,755.555,916.452,751.97,-0.0223
mixed,64,2,0.0312,4.0,512,8192,2048,8192,2240,820.61,1140.739,813.566,-0.022
mixed,64,2,0.0312,4.0,512,8192,4096,16384,4480,944.352,1572.13,1100.803,0.2492
mixed,64,2,0.0312,4.0,1024,0,128,512,140,511.934,538.789,518.334,0.2383
mixed,64,2,0.0312,4.0,1024,0,256,1024,280,524.032,589.602,543.62,0.2987
mixed,64,2,0.0312,4.0,1024,0,512,2048,560,556.032,652.893,578.304,0.2299
mixed,64,2,0.0312,4.0,1024,0,1024,4096,1120,589.857,808.961,640.13,0.2294
mixed,64,2,0.0312,4.0,1024,0,2048,8192,2240,671.872,1100.294,743.522,0.1672
mixed,64,2,0.0312,4.0,1024,0,4096,16384,4480,835.426,1692.994,964.45,0.1505
mixed,64,2,0.0312,4.0,1024,512,128,512,140,640.831,661.053,647.042,0.3071
mixed,64,2,0.0312,4.0,1024,512,256,1024,280,657.281,703.65,673.085,0.3408
mixed,64,2,0.0312,4.0,1024,512,512,2048,560,672.642,789.057,697.088,0.21
mixed,64,2,0.0312,4.0,1024,512,1024,4096,1120,711.84,942.5,748.032,0.1569
mixed,64,2,0.0312,4.0,1024,512,2048,8192,2240,801.473,1209.315,863.686,0.1525
mixed,64,2,0.0312,4.0,1024,512,4096,16384,4480,955.905,1815.973,1098.332,0.1656
mixed,64,2,0.0312,4.0,1024,1024,128,512,140,678.498,707.488,691.167,0.437
mixed,64,2,0.0312,4.0,1024,1024,256,1024,280,689.599,743.97,705.762,0.2973
mixed,64,2,0.0312,4.0,1024,1024,512,2048,560,716.035,839.299,735.81,0.1604
mixed,64,2,0.0312,4.0,1024,1024,1024,4096,1120,766.208,961.059,802.847,0.188
mixed,64,2,0.0312,4.0,1024,1024,2048,8192,2240,840.388,1257.154,894.404,0.1296
mixed,64,2,0.0312,4.0,1024,1024,4096,16384,4480,995.553,1873.988,1124.324,0.1466
mixed,64,2,0.0312,4.0,1024,2048,128,512,140,753.413,788.675,766.05,0.3584
mixed,64,2,0.0312,4.0,1024,2048,256,1024,280,776.769,820.993,809.282,0.7352
mixed,64,2,0.0312,4.0,1024,2048,512,2048,560,803.998,912.452,822.234,0.1681
mixed,64,2,0.0312,4.0,1024,2048,1024,4096,1120,847.904,1052.261,879.332,0.1538
mixed,64,2,0.0312,4.0,1024,2048,2048,8192,2240,921.479,1341.542,992.32,0.1686
mixed,64,2,0.0312,4.0,1024,2048,4096,16384,4480,1080.321,1931.615,1201.153,0.1419
mixed,64,2,0.0312,4.0,1024,4096,128,512,140,925.279,958.594,941.28,0.4803
mixed,64,2,0.0312,4.0,1024,4096,256,1024,280,938.95,991.87,953.695,0.2786
mixed,64,2,0.0312,4.0,1024,4096,512,2048,560,959.303,1073.281,987.04,0.2434
mixed,64,2,0.0312,4.0,1024,4096,1024,4096,1120,1009.889,1213.252,1036.103,0.1289
mixed,64,2,0.0312,4.0,1024,4096,2048,8192,2240,1084.351,1497.152,1149.726,0.1584
mixed,64,2,0.0312,4.0,1024,4096,4096,16384,4480,1241.221,2073.444,1368.645,0.1531
mixed,64,2,0.0312,4.0,1024,8192,128,512,140,1246.784,1283.241,1275.174,0.7787
mixed,64,2,0.0312,4.0,1024,8192,256,1024,280,1265.507,1329.924,1287.904,0.3477
mixed,64,2,0.0312,4.0,1024,8192,512,2048,560,1275.906,1398.981,1319.008,0.3502
mixed,64,2,0.0312,4.0,1024,8192,1024,4096,1120,1336.349,1537.471,1368.681,0.1608
mixed,64,2,0.0312,4.0,1024,8192,2048,8192,2240,1417.701,1831.491,1474.113,0.1363
mixed,64,2,0.0312,4.0,1024,8192,4096,16384,4480,1567.618,2406.821,1695.368,0.1522
mixed,64,2,0.0312,4.0,2048,0,128,512,140,858.817,900.996,883.616,0.5879
mixed,64,2,0.0312,4.0,2048,0,256,1024,280,876.769,946.754,895.106,0.262
mixed,64,2,0.0312,4.0,2048,0,512,2048,560,911.844,1018.079,930.75,0.178
mixed,64,2,0.0312,4.0,2048,0,1024,4096,1120,954.782,1160.162,988.192,0.1627
mixed,64,2,0.0312,4.0,2048,0,2048,8192,2240,1035.458,1455.589,1105.152,0.1659
mixed,64,2,0.0312,4.0,2048,0,4096,16384,4480,1185.027,2042.882,1316.86,0.1537
mixed,64,2,0.0312,4.0,2048,512,128,512,140,1038.723,1071.01,1055.046,0.5056
mixed,64,2,0.0312,4.0,2048,512,256,1024,280,1052.672,1113.181,1068.122,0.2553
mixed,64,2,0.0312,4.0,2048,512,512,2048,560,1079.164,1189.06,1101.662,0.2047
mixed,64,2,0.0312,4.0,2048,512,1024,4096,1120,1127.232,1340.133,1161.309,0.1601
mixed,64,2,0.0312,4.0,2048,512,2048,8192,2240,1204.903,1624.928,1271.137,0.1577
mixed,64,2,0.0312,4.0,2048,512,4096,16384,4480,1355.201,2209.507,1486.915,0.1542
mixed,64,2,0.0312,4.0,2048,1024,128,512,140,1091.873,1133.506,1109.028,0.4121
mixed,64,2,0.0312,4.0,2048,1024,256,1024,280,1105.923,1167.62,1130.043,0.3909
mixed,64,2,0.0312,4.0,2048,1024,512,2048,560,1127.942,1238.63,1155.773,0.2514
mixed,64,2,0.0312,4.0,2048,1024,1024,4096,1120,1177.061,1389.672,1218.977,0.1971
mixed,64,2,0.0312,4.0,2048,1024,2048,8192,2240,1269.858,1688.228,1329.181,0.1418
mixed,64,2,0.0312,4.0,2048,1024,4096,16384,4480,1418.272,2278.375,1546.279,0.1488
mixed,64,2,0.0312,4.0,2048,2048,128,512,140,1213.86,1246.339,1219.649,0.1782
mixed,64,2,0.0312,4.0,2048,2048,256,1024,280,1221.222,1282.433,1245.221,0.3921
mixed,64,2,0.0312,4.0,2048,2048,512,2048,560,1251.358,1347.973,1273.377,0.2279
mixed,64,2,0.0312,4.0,2048,2048,1024,4096,1120,1285.407,1499.295,1320.131,0.1623
mixed,64,2,0.0312,4.0,2048,2048,2048,8192,2240,1367.168,1787.041,1442.785,0.1801
mixed,64,2,0.0312,4.0,2048,2048,4096,16384,4480,1531.496,2384.578,1660.293,0.151
mixed,64,2,0.0312,4.0,2048,4096,128,512,140,1465.82,1499.903,1471.56,0.1684
mixed,64,2,0.0312,4.0,2048,4096,256,1024,280,1470.536,1535.075,1488.325,0.2756
mixed,64,2,0.0312,4.0,2048,4096,512,2048,560,1498.557,1612.354,1518.437,0.1747
mixed,64,2,0.0312,4.0,2048,4096,1024,4096,1120,1541.955,1759.616,1575.746,0.1552
mixed,64,2,0.0312,4.0,2048,4096,2048,8192,2240,1612.9,2037.281,1692.803,0.1883
mixed,64,2,0.0312,4.0,2048,4096,4096,16384,4480,1781.861,2610.981,1905.28,0.1489
mixed,64,2,0.0312,4.0,2048,8192,128,512,140,1922.015,1950.976,1934.02,0.4145
mixed,64,2,0.0312,4.0,2048,8192,256,1024,280,1940.835,1995.04,1961.245,0.3765
mixed,64,2,0.0312,4.0,2048,8192,512,2048,560,1965.891,2069.957,1985.537,0.1888
mixed,64,2,0.0312,4.0,2048,8192,1024,4096,1120,2013.733,2216.995,2045.572,0.1566
mixed,64,2,0.0312,4.0,2048,8192,2048,8192,2240,2086.563,2489.701,2155.104,0.17
mixed,64,2,0.0312,4.0,2048,8192,4096,16384,4480,2252.61,3079.684,2368.29,0.1399
pure,64,3,0.0469,4.0,0,0,128,512,146,136.321,171.363,159.968,0.6748
pure,64,3,0.0469,4.0,0,0,256,1024,292,159.554,196.482,172.834,0.3596
pure,64,3,0.0469,4.0,0,0,512,2048,584,176.096,245.118,191.01,0.2161
pure,64,3,0.0469,4.0,0,0,1024,4096,1168,204.639,341.376,228.673,0.1758
pure,64,3,0.0469,4.0,0,0,2048,8192,2336,258.369,532.351,300.8,0.1549
pure,64,3,0.0469,4.0,0,0,4096,16384,4672,367.583,916.993,449.344,0.1488
mixed,64,3,0.0469,4.0,16,0,128,512,146,145.534,179.748,170.175,0.7202
mixed,64,3,0.0469,4.0,16,0,256,1024,292,165.443,203.039,179.873,0.3838
mixed,64,3,0.0469,4.0,16,0,512,2048,584,182.561,252.32,203.519,0.3004
mixed,64,3,0.0469,4.0,16,0,1024,4096,1168,212.577,349.057,239.935,0.2005
mixed,64,3,0.0469,4.0,16,0,2048,8192,2336,266.271,538.433,313.856,0.1748
mixed,64,3,0.0469,4.0,16,0,4096,16384,4672,373.055,922.239,458.85,0.1562
mixed,64,3,0.0469,4.0,16,512,128,512,146,173.027,201.058,166.946,-0.2169
mixed,64,3,0.0469,4.0,16,512,256,1024,292,187.037,201.186,183.074,-0.2801
mixed,64,3,0.0469,4.0,16,512,512,2048,584,208.831,255.328,204.799,-0.0867
mixed,64,3,0.0469,4.0,16,512,1024,4096,1168,213.245,349.887,236.767,0.1721
mixed,64,3,0.0469,4.0,16,512,2048,8192,2336,268.129,543.171,310.978,0.1558
mixed,64,3,0.0469,4.0,16,512,4096,16384,4672,373.92,918.915,455.932,0.1505
mixed,64,3,0.0469,4.0,16,1024,128,512,146,169.952,202.85,166.815,-0.0954
mixed,64,3,0.0469,4.0,16,1024,256,1024,292,183.906,239.999,182.081,-0.0325
mixed,64,3,0.0469,4.0,16,1024,512,2048,584,208.578,252.992,204.292,-0.0965
mixed,64,3,0.0469,4.0,16,1024,1024,4096,1168,250.403,350.5,244.19,-0.0621
mixed,64,3,0.0469,4.0,16,1024,2048,8192,2336,266.304,539.492,312.547,0.1693
mixed,64,3,0.0469,4.0,16,1024,4096,16384,4672,374.977,920.99,454.723,0.1461
mixed,64,3,0.0469,4.0,16,2048,128,512,146,175.202,203.519,171.14,-0.1434
mixed,64,3,0.0469,4.0,16,2048,256,1024,292,186.594,237.217,174.113,-0.2465
mixed,64,3,0.0469,4.0,16,2048,512,2048,584,207.901,310.944,204.706,-0.031
mixed,64,3,0.0469,4.0,16,2048,1024,4096,1168,247.009,346.721,239.009,-0.0802
mixed,64,3,0.0469,4.0,16,2048,2048,8192,2336,325.889,539.17,313.249,-0.0593
mixed,64,3,0.0469,4.0,16,2048,4096,16384,4672,372.033,922.66,455.714,0.152
mixed,64,3,0.0469,4.0,16,4096,128,512,146,180.67,202.656,180.321,-0.0159
mixed,64,3,0.0469,4.0,16,4096,256,1024,292,179.935,236.608,181.756,0.0321
mixed,64,3,0.0469,4.0,16,4096,512,2048,584,205.601,307.681,201.344,-0.0417
mixed,64,3,0.0469,4.0,16,4096,1024,4096,1168,243.712,447.777,237.857,-0.0287
mixed,64,3,0.0469,4.0,16,4096,2048,8192,2336,325.441,542.179,308.673,-0.0774
mixed,64,3,0.0469,4.0,16,4096,4096,16384,4672,485.218,922.751,455.072,-0.0689
mixed,64,3,0.0469,4.0,16,8192,128,512,146,188.063,200.993,187.65,-0.0319
mixed,64,3,0.0469,4.0,16,8192,256,1024,292,197.055,233.152,193.121,-0.109
mixed,64,3,0.0469,4.0,16,8192,512,2048,584,198.398,302.305,203.94,0.0533
mixed,64,3,0.0469,4.0,16,8192,1024,4096,1168,244.483,440.483,235.137,-0.0477
mixed,64,3,0.0469,4.0,16,8192,2048,8192,2336,319.81,722.24,309.249,-0.0262
mixed,64,3,0.0469,4.0,16,8192,4096,16384,4672,487.584,925.024,447.845,-0.0908
mixed,64,3,0.0469,4.0,32,0,128,512,146,149.375,183.682,173.089,0.6912
mixed,64,3,0.0469,4.0,32,0,256,1024,292,170.625,212.993,183.905,0.3134
mixed,64,3,0.0469,4.0,32,0,512,2048,584,182.849,255.968,205.343,0.3076
mixed,64,3,0.0469,4.0,32,0,1024,4096,1168,212.288,353.726,240.321,0.1982
mixed,64,3,0.0469,4.0,32,0,2048,8192,2336,271.394,541.186,316.704,0.1679
mixed,64,3,0.0469,4.0,32,0,4096,16384,4672,374.911,926.466,465.502,0.1642
mixed,64,3,0.0469,4.0,32,512,128,512,146,175.007,203.424,168.897,-0.215
mixed,64,3,0.0469,4.0,32,512,256,1024,292,189.823,237.824,194.495,0.0973
mixed,64,3,0.0469,4.0,32,512,512,2048,584,209.376,300.641,207.807,-0.0172
mixed,64,3,0.0469,4.0,32,512,1024,4096,1168,252.575,388.768,240.481,-0.0888
mixed,64,3,0.0469,4.0,32,512,2048,8192,2336,305.406,573.855,306.943,0.0057
mixed,64,3,0.0469,4.0,32,512,4096,16384,4672,415.168,930.306,459.17,0.0854
mixed,64,3,0.0469,4.0,32,1024,128,512,146,174.496,204.511,174.53,0.0011
mixed,64,3,0.0469,4.0,32,1024,256,1024,292,194.689,237.89,183.391,-0.2615
mixed,64,3,0.0469,4.0,32,1024,512,2048,584,211.262,304.224,209.826,-0.0154
mixed,64,3,0.0469,4.0,32,1024,1024,4096,1168,249.378,408.415,247.264,-0.0133
mixed,64,3,0.0469,4.0,32,1024,2048,8192,2336,326.69,592.384,312.575,-0.0531
mixed,64,3,0.0469,4.0,32,1024,4096,16384,4672,435.938,956.064,455.365,0.0374
mixed,64,3,0.0469,4.0,32,2048,128,512,146,179.585,206.564,179.841,0.0095
mixed,64,3,0.0469,4.0,32,2048,256,1024,292,184.288,236.543,180.256,-0.0772
mixed,64,3,0.0469,4.0,32,2048,512,2048,584,210.624,471.233,206.912,-0.0142
mixed,64,3,0.0469,4.0,32,2048,1024,4096,1168,244.577,445.41,245.472,0.0045
mixed,64,3,0.0469,4.0,32,2048,2048,8192,2336,322.814,633.763,313.699,-0.0293
mixed,64,3,0.0469,4.0,32,2048,4096,16384,4672,473.695,1001.187,449.664,-0.0456
mixed,64,3,0.0469,4.0,32,4096,128,512,146,183.326,196.546,184.64,0.0994
mixed,64,3,0.0469,4.0,32,4096,256,1024,292,197.857,239.137,193.536,-0.1047
mixed,64,3,0.0469,4.0,32,4096,512,2048,584,192.354,303.102,194.373,0.0182
mixed,64,3,0.0469,4.0,32,4096,1024,4096,1168,243.998,452.833,245.634,0.0078
mixed,64,3,0.0469,4.0,32,4096,2048,8192,2336,323.809,718.018,309.505,-0.0363
mixed,64,3,0.0469,4.0,32,4096,4096,16384,4672,472.129,1096.031,443.745,-0.0455
mixed,64,3,0.0469,4.0,32,8192,128,512,146,213.856,226.464,209.79,-0.3225
mixed,64,3,0.0469,4.0,32,8192,256,1024,292,207.776,230.944,213.885,0.2637
mixed,64,3,0.0469,4.0,32,8192,512,2048,584,232.418,301.087,224.384,-0.117
mixed,64,3,0.0469,4.0,32,8192,1024,4096,1168,225.888,429.411,233.985,0.0398
mixed,64,3,0.0469,4.0,32,8192,2048,8192,2336,328.606,699.554,310.143,-0.0498
mixed,64,3,0.0469,4.0,32,8192,4096,16384,4672,463.165,1272.641,450.466,-0.0157
mixed,64,3,0.0469,4.0,64,0,128,512,146,151.234,192.127,175.265,0.5877
mixed,64,3,0.0469,4.0,64,0,256,1024,292,181.794,217.666,185.023,0.09
mixed,64,3,0.0469,4.0,64,0,512,2048,584,197.22,261.282,204.448,0.1128
mixed,64,3,0.0469,4.0,64,0,1024,4096,1168,224.736,356.674,245.154,0.1548
mixed,64,3,0.0469,4.0,64,0,2048,8192,2336,274.02,547.904,318.848,0.1637
mixed,64,3,0.0469,4.0,64,0,4096,16384,4672,385.285,928.194,467.072,0.1506
mixed,64,3,0.0469,4.0,64,512,128,512,146,178.143,208.578,176.513,-0.0536
mixed,64,3,0.0469,4.0,64,512,256,1024,292,193.984,237.247,178.817,-0.3506
mixed,64,3,0.0469,4.0,64,512,512,2048,584,209.698,288.833,207.556,-0.0271
mixed,64,3,0.0469,4.0,64,512,1024,4096,1168,248.224,383.359,239.972,-0.0611
mixed,64,3,0.0469,4.0,64,512,2048,8192,2336,304.546,569.696,313.058,0.0321
mixed,64,3,0.0469,4.0,64,512,4096,16384,4672,408.992,939.714,459.616,0.0954
mixed,64,3,0.0469,4.0,64,1024,128,512,146,186.975,207.873,181.502,-0.2619
mixed,64,3,0.0469,4.0,64,1024,256,1024,292,181.76,241.408,185.153,0.0569
mixed,64,3,0.0469,4.0,64,1024,512,2048,584,212.126,306.367,210.496,-0.0173
mixed,64,3,0.0469,4.0,64,1024,1024,4096,1168,247.776,402.206,241.634,-0.0398
mixed,64,3,0.0469,4.0,64,1024,2048,8192,2336,322.98,587.328,309.76,-0.05
mixed,64,3,0.0469,4.0,64,1024,4096,16384,4672,426.624,951.681,452.384,0.0491
mixed,64,3,0.0469,4.0,64,2048,128,512,146,190.689,192.674,188.255,-1.2262
mixed,64,3,0.0469,4.0,64,2048,256,1024,292,204.865,237.699,204.098,-0.0234
mixed,64,3,0.0469,4.0,64,2048,512,2048,584,196.513,305.572,225.925,0.2697
mixed,64,3,0.0469,4.0,64,2048,1024,4096,1168,245.089,442.754,249.023,0.0199
mixed,64,3,0.0469,4.0,64,2048,2048,8192,2336,318.882,622.655,308.865,-0.033
mixed,64,3,0.0469,4.0,64,2048,4096,16384,4672,459.233,992.577,442.243,-0.0319
mixed,64,3,0.0469,4.0,64,4096,128,512,146,209.439,226.016,209.505,0.004
mixed,64,3,0.0469,4.0,64,4096,256,1024,292,203.679,223.681,213.73,0.5025
mixed,64,3,0.0469,4.0,64,4096,512,2048,584,234.146,300.769,228.48,-0.085
mixed,64,3,0.0469,4.0,64,4096,1024,4096,1168,238.529,423.94,285.187,0.2516
mixed,64,3,0.0469,4.0,64,4096,2048,8192,2336,318.722,694.079,317.408,-0.0035
mixed,64,3,0.0469,4.0,64,4096,4096,16384,4672,456.994,1067.621,433.791,-0.038
mixed,64,3,0.0469,4.0,64,8192,128,512,146,237.375,245.184,236.899,-0.061
mixed,64,3,0.0469,4.0,64,8192,256,1024,292,237.439,283.231,237.664,0.0049
mixed,64,3,0.0469,4.0,64,8192,512,2048,584,240.703,294.752,255.328,0.2706
mixed,64,3,0.0469,4.0,64,8192,1024,4096,1168,296.893,426.815,282.785,-0.1086
mixed,64,3,0.0469,4.0,64,8192,2048,8192,2336,312.033,666.464,399.55,0.2469
mixed,64,3,0.0469,4.0,64,8192,4096,16384,4672,455.358,1210.753,440.674,-0.0194
mixed,64,3,0.0469,4.0,128,0,128,512,146,158.176,208.417,174.495,0.3248
mixed,64,3,0.0469,4.0,128,0,256,1024,292,197.982,232.225,198.114,0.0039
mixed,64,3,0.0469,4.0,128,0,512,2048,584,212.769,275.745,219.969,0.1143
mixed,64,3,0.0469,4.0,128,0,1024,4096,1168,241.022,371.875,255.39,0.1098
mixed,64,3,0.0469,4.0,128,0,2048,8192,2336,290.532,566.468,328.737,0.1385
mixed,64,3,0.0469,4.0,128,0,4096,16384,4672,398.05,949.25,474.561,0.1388
mixed,64,3,0.0469,4.0,128,512,128,512,146,196.003,222.304,196.063,0.0023
mixed,64,3,0.0469,4.0,128,512,256,1024,292,194.305,245.09,216.323,0.4336
mixed,64,3,0.0469,4.0,128,512,512,2048,584,222.399,300.769,237.118,0.1878
mixed,64,3,0.0469,4.0,128,512,1024,4096,1168,256.064,398.721,245.376,-0.0749
mixed,64,3,0.0469,4.0,128,512,2048,8192,2336,313.923,590.624,312.415,-0.0054
mixed,64,3,0.0469,4.0,128,512,4096,16384,4672,423.999,973.729,462.783,0.0706
mixed,64,3,0.0469,4.0,128,1024,128,512,146,202.24,205.759,205.665,0.9733
mixed,64,3,0.0469,4.0,128,1024,256,1024,292,222.558,254.754,223.842,0.0399
mixed,64,3,0.0469,4.0,128,1024,512,2048,584,208.898,312.257,244.321,0.3427
mixed,64,3,0.0469,4.0,128,1024,1024,4096,1168,260.899,412.671,259.329,-0.0103
mixed,64,3,0.0469,4.0,128,1024,2048,8192,2336,324.896,604.324,313.375,-0.0412
mixed,64,3,0.0469,4.0,128,1024,4096,16384,4672,438.752,996.097,451.521,0.0229
mixed,64,3,0.0469,4.0,128,2048,128,512,146,230.049,242.593,230.144,0.0076
mixed,64,3,0.0469,4.0,128,2048,256,1024,292,220.189,236.255,225.473,0.3289
mixed,64,3,0.0469,4.0,128,2048,512,2048,584,254.433,311.039,249.221,-0.0921
mixed,64,3,0.0469,4.0,128,2048,1024,4096,1168,241.314,435.648,299.968,0.3018
mixed,64,3,0.0469,4.0,128,2048,2048,8192,2336,326.623,634.783,320.356,-0.0203
mixed,64,3,0.0469,4.0,128,2048,4096,16384,4672,461.506,1020.48,441.792,-0.0353
mixed,64,3,0.0469,4.0,128,4096,128,512,146,258.754,260.834,255.135,-1.7399
mixed,64,3,0.0469,4.0,128,4096,256,1024,292,266.178,291.907,264.225,-0.0759
mixed,64,3,0.0469,4.0,128,4096,512,2048,584,255.778,289.345,268.19,0.3698
mixed,64,3,0.0469,4.0,128,4096,1024,4096,1168,308.224,425.409,314.719,0.0554
mixed,64,3,0.0469,4.0,128,4096,2048,8192,2336,311.614,684.928,408.609,0.2598
mixed,64,3,0.0469,4.0,128,4096,4096,16384,4672,448.543,1077.026,436.226,-0.0196
mixed,64,3,0.0469,4.0,128,8192,128,512,146,308.223,329.411,305.056,-0.1495
mixed,64,3,0.0469,4.0,128,8192,256,1024,292,314.113,329.539,314.144,0.002
mixed,64,3,0.0469,4.0,128,8192,512,2048,584,335.874,402.437,331.583,-0.0645
mixed,64,3,0.0469,4.0,128,8192,1024,4096,1168,328.033,404.415,349.983,0.2874
mixed,64,3,0.0469,4.0,128,8192,2048,8192,2336,429.28,635.359,435.394,0.0297
mixed,64,3,0.0469,4.0,128,8192,4096,16384,4672,439.84,1180.61,619.233,0.2422
mixed,64,3,0.0469,4.0,256,0,128,512,146,189.472,244.863,205.983,0.2981
mixed,64,3,0.0469,4.0,256,0,256,1024,292,210.045,269.12,219.49,0.1599
mixed,64,3,0.0469,4.0,256,0,512,2048,584,250.625,315.649,260.577,0.1531
mixed,64,3,0.0469,4.0,256,0,1024,4096,1168,276.832,405.665,326.497,0.3855
mixed,64,3,0.0469,4.0,256,0,2048,8192,2336,325.311,594.402,451.138,0.4676
mixed,64,3,0.0469,4.0,256,0,4096,16384,4672,432.671,995.138,703.585,0.4817
mixed,64,3,0.0469,4.0,256,512,128,512,146,254.114,225.505,253.217,
mixed,64,3,0.0469,4.0,256,512,256,1024,292,261.506,272.479,268.833,0.6677
mixed,64,3,0.0469,4.0,256,512,512,2048,584,225.6,316.737,247.778,0.2433
mixed,64,3,0.0469,4.0,256,512,1024,4096,1168,279.235,416.258,306.208,0.1969
mixed,64,3,0.0469,4.0,256,512,2048,8192,2336,333.316,608.13,426.403,0.3387
mixed,64,3,0.0469,4.0,256,512,4096,16384,4672,442.082,992.995,674.816,0.4225
mixed,64,3,0.0469,4.0,256,1024,128,512,146,266.336,291.551,266.467,0.0052
mixed,64,3,0.0469,4.0,256,1024,256,1024,292,277.119,252.322,280.321,
mixed,64,3,0.0469,4.0,256,1024,512,2048,584,294.239,329.185,311.777,0.5019
mixed,64,3,0.0469,4.0,256,1024,1024,4096,1168,258.913,422.978,304.255,0.2764
mixed,64,3,0.0469,4.0,256,1024,2048,8192,2336,342.112,614.947,419.488,0.2836
mixed,64,3,0.0469,4.0,256,1024,4096,16384,4672,449.375,1007.363,659.489,0.3766
mixed,64,3,0.0469,4.0,256,2048,128,512,146,294.882,314.561,295.008,0.0064
mixed,64,3,0.0469,4.0,256,2048,256,1024,292,302.528,348.004,297.154,-0.1182
mixed,64,3,0.0469,4.0,256,2048,512,2048,584,323.328,307.772,335.65,
mixed,64,3,0.0469,4.0,256,2048,1024,4096,1168,353.504,437.889,396.64,0.5112
mixed,64,3,0.0469,4.0,256,2048,2048,8192,2336,325.438,623.552,410.083,0.2839
mixed,64,3,0.0469,4.0,256,2048,4096,16384,4672,459.137,1013.536,636.066,0.3191
mixed,64,3,0.0469,4.0,256,4096,128,512,146,344.77,368.964,343.938,-0.0344
mixed,64,3,0.0469,4.0,256,4096,256,1024,292,349.504,396.256,350.85,0.0288
mixed,64,3,0.0469,4.0,256,4096,512,2048,584,371.903,449.409,371.011,-0.0115
mixed,64,3,0.0469,4.0,256,4096,1024,4096,1168,404.453,418.147,444.256,2.9066
mixed,64,3,0.0469,4.0,256,4096,2048,8192,2336,463.361,672.165,551.901,0.424
mixed,64,3,0.0469,4.0,256,4096,4096,16384,4672,455.521,1038.782,625.826,0.292
mixed,64,3,0.0469,4.0,256,8192,128,512,146,449.921,466.784,450.016,0.0056
mixed,64,3,0.0469,4.0,256,8192,256,1024,292,456.096,503.364,457.505,0.0298
mixed,64,3,0.0469,4.0,256,8192,512,2048,584,472.383,548.961,472.322,-0.0008
mixed,64,3,0.0469,4.0,256,8192,1024,4096,1168,505.729,664.579,505.731,0.0
mixed,64,3,0.0469,4.0,256,8192,2048,8192,2336,570.687,643.425,655.075,1.1602
mixed,64,3,0.0469,4.0,256,8192,4096,16384,4672,691.778,1092.706,869.988,0.4445
mixed,64,3,0.0469,4.0,512,0,128,512,146,296.959,309.792,295.936,-0.0797
mixed,64,3,0.0469,4.0,512,0,256,1024,292,302.528,332.257,318.402,0.534
mixed,64,3,0.0469,4.0,512,0,512,2048,584,310.242,391.489,377.86,0.8323
mixed,64,3,0.0469,4.0,512,0,1024,4096,1168,342.849,502.112,485.887,0.8981
mixed,64,3,0.0469,4.0,512,0,2048,8192,2336,404.993,750.466,697.118,0.8456
mixed,64,3,0.0469,4.0,512,0,4096,16384,4672,533.794,1155.36,1104.226,0.9177
mixed,64,3,0.0469,4.0,512,512,128,512,146,318.241,346.753,319.488,0.0437
mixed,64,3,0.0469,4.0,512,512,256,1024,292,330.847,380.768,332.002,0.0231
mixed,64,3,0.0469,4.0,512,512,512,2048,584,350.816,436.29,376.226,0.2973
mixed,64,3,0.0469,4.0,512,512,1024,4096,1168,389.825,539.168,482.754,0.6223
mixed,64,3,0.0469,4.0,512,512,2048,8192,2336,451.199,758.914,686.623,0.7651
mixed,64,3,0.0469,4.0,512,512,4096,16384,4672,572.767,1192.577,1104.32,0.8576
mixed,64,3,0.0469,4.0,512,1024,128,512,146,345.408,373.537,341.792,-0.1286
mixed,64,3,0.0469,4.0,512,1024,256,1024,292,357.506,405.217,354.753,-0.0577
mixed,64,3,0.0469,4.0,512,1024,512,2048,584,380.162,462.881,378.368,-0.0217
mixed,64,3,0.0469,4.0,512,1024,1024,4096,1168,414.402,568.066,482.913,0.4458
mixed,64,3,0.0469,4.0,512,1024,2048,8192,2336,474.146,785.952,690.755,0.6947
mixed,64,3,0.0469,4.0,512,1024,4096,16384,4672,601.186,1222.465,1101.186,0.8048
mixed,64,3,0.0469,4.0,512,2048,128,512,146,393.986,423.907,392.545,-0.0482
mixed,64,3,0.0469,4.0,512,2048,256,1024,292,404.036,455.587,404.064,0.0005
mixed,64,3,0.0469,4.0,512,2048,512,2048,584,427.779,508.67,425.343,-0.0301
mixed,64,3,0.0469,4.0,512,2048,1024,4096,1168,462.849,623.138,485.54,0.1416
mixed,64,3,0.0469,4.0,512,2048,2048,8192,2336,526.56,836.419,689.695,0.5265
mixed,64,3,0.0469,4.0,512,2048,4096,16384,4672,649.57,1312.868,1102.018,0.6821
mixed,64,3,0.0469,4.0,512,4096,128,512,146,497.407,525.313,498.849,0.0517
mixed,64,3,0.0469,4.0,512,4096,256,1024,292,504.45,555.743,507.873,0.0667
mixed,64,3,0.0469,4.0,512,4096,512,2048,584,525.315,612.51,525.631,0.0036
mixed,64,3,0.0469,4.0,512,4096,1024,4096,1168,566.655,719.713,560.353,-0.0412
mixed,64,3,0.0469,4.0,512,4096,2048,8192,2336,627.361,939.298,695.105,0.2172
mixed,64,3,0.0469,4.0,512,4096,4096,16384,4672,753.696,1378.177,1104.223,0.5613
mixed,64,3,0.0469,4.0,512,8192,128,512,146,700.448,715.456,700.258,-0.0127
mixed,64,3,0.0469,4.0,512,8192,256,1024,292,700.93,747.106,699.267,-0.036
mixed,64,3,0.0469,4.0,512,8192,512,2048,584,721.665,800.354,718.977,-0.0342
mixed,64,3,0.0469,4.0,512,8192,1024,4096,1168,759.841,911.428,750.271,-0.0631
mixed,64,3,0.0469,4.0,512,8192,2048,8192,2336,819.103,1140.003,809.919,-0.0286
mixed,64,3,0.0469,4.0,512,8192,4096,16384,4672,943.873,1573.315,1092.77,0.2366
mixed,64,3,0.0469,4.0,1024,0,128,512,146,516.031,546.429,524.673,0.2843
mixed,64,3,0.0469,4.0,1024,0,256,1024,292,523.265,590.884,549.603,0.3895
mixed,64,3,0.0469,4.0,1024,0,512,2048,584,552.451,661.219,579.551,0.2492
mixed,64,3,0.0469,4.0,1024,0,1024,4096,1168,593.861,816.289,629.471,0.1601
mixed,64,3,0.0469,4.0,1024,0,2048,8192,2336,692.19,1100.449,747.583,0.1357
mixed,64,3,0.0469,4.0,1024,0,4096,16384,4672,848.93,1693.894,967.297,0.1401
mixed,64,3,0.0469,4.0,1024,512,128,512,146,632.29,668.766,650.272,0.493
mixed,64,3,0.0469,4.0,1024,512,256,1024,292,649.022,697.409,661.278,0.2533
mixed,64,3,0.0469,4.0,1024,512,512,2048,584,670.561,780.863,705.411,0.316
mixed,64,3,0.0469,4.0,1024,512,1024,4096,1168,727.294,922.307,758.978,0.1625
mixed,64,3,0.0469,4.0,1024,512,2048,8192,2336,803.324,1221.09,865.953,0.1499
mixed,64,3,0.0469,4.0,1024,512,4096,16384,4672,963.14,1814.205,1091.204,0.1505
mixed,64,3,0.0469,4.0,1024,1024,128,512,146,675.968,704.924,691.68,0.5426
mixed,64,3,0.0469,4.0,1024,1024,256,1024,292,686.718,754.913,704.292,0.2577
mixed,64,3,0.0469,4.0,1024,1024,512,2048,584,708.516,824.638,729.57,0.1813
mixed,64,3,0.0469,4.0,1024,1024,1024,4096,1168,762.852,968.352,800.391,0.1827
mixed,64,3,0.0469,4.0,1024,1024,2048,8192,2336,841.95,1261.472,901.087,0.141
mixed,64,3,0.0469,4.0,1024,1024,4096,16384,4672,999.426,1865.504,1129.251,0.1499
mixed,64,3,0.0469,4.0,1024,2048,128,512,146,763.939,790.307,771.139,0.2731
mixed,64,3,0.0469,4.0,1024,2048,256,1024,292,774.016,825.6,789.862,0.3072
mixed,64,3,0.0469,4.0,1024,2048,512,2048,584,795.139,891.363,811.299,0.1679
mixed,64,3,0.0469,4.0,1024,2048,1024,4096,1168,845.667,1049.666,875.042,0.144
mixed,64,3,0.0469,4.0,1024,2048,2048,8192,2336,924.96,1343.207,971.616,0.1116
mixed,64,3,0.0469,4.0,1024,2048,4096,16384,4672,1077.671,1944.611,1203.551,0.1452
mixed,64,3,0.0469,4.0,1024,4096,128,512,146,927.488,957.157,928.987,0.0505
mixed,64,3,0.0469,4.0,1024,4096,256,1024,292,933.599,994.178,956.099,0.3714
mixed,64,3,0.0469,4.0,1024,4096,512,2048,584,957.606,1070.27,980.578,0.2039
mixed,64,3,0.0469,4.0,1024,4096,1024,4096,1168,1007.938,1204.865,1040.351,0.1646
mixed,64,3,0.0469,4.0,1024,4096,2048,8192,2336,1099.233,1509.928,1148.258,0.1194
mixed,64,3,0.0469,4.0,1024,4096,4096,16384,4672,1251.876,2077.601,1368.068,0.1407
mixed,64,3,0.0469,4.0,1024,8192,128,512,146,1248.2,1287.967,1271.65,0.5897
mixed,64,3,0.0469,4.0,1024,8192,256,1024,292,1269.665,1325.855,1281.187,0.2051
mixed,64,3,0.0469,4.0,1024,8192,512,2048,584,1294.884,1402.788,1317.701,0.2115
mixed,64,3,0.0469,4.0,1024,8192,1024,4096,1168,1345.057,1548.705,1381.351,0.1782
mixed,64,3,0.0469,4.0,1024,8192,2048,8192,2336,1417.793,1828.743,1475.073,0.1394
mixed,64,3,0.0469,4.0,1024,8192,4096,16384,4672,1585.918,2413.382,1708.095,0.1477
mixed,64,3,0.0469,4.0,2048,0,128,512,146,874.88,902.687,883.712,0.3176
mixed,64,3,0.0469,4.0,2048,0,256,1024,292,880.356,946.944,898.947,0.2792
mixed,64,3,0.0469,4.0,2048,0,512,2048,584,902.724,1019.814,924.129,0.1828
mixed,64,3,0.0469,4.0,2048,0,1024,4096,1168,955.847,1166.145,990.116,0.163
mixed,64,3,0.0469,4.0,2048,0,2048,8192,2336,1041.151,1450.882,1104.386,0.1543
mixed,64,3,0.0469,4.0,2048,0,4096,16384,4672,1208.387,2042.691,1314.436,0.1271
mixed,64,3,0.0469,4.0,2048,512,128,512,146,1038.881,1072.191,1044.229,0.1606
mixed,64,3,0.0469,4.0,2048,512,256,1024,292,1058.149,1109.478,1072.802,0.2855
mixed,64,3,0.0469,4.0,2048,512,512,2048,584,1077.35,1198.108,1098.436,0.1746
mixed,64,3,0.0469,4.0,2048,512,1024,4096,1168,1128.961,1328.673,1159.996,0.1554
mixed,64,3,0.0469,4.0,2048,512,2048,8192,2336,1210.72,1618.753,1269.734,0.1446
mixed,64,3,0.0469,4.0,2048,512,4096,16384,4672,1370.852,2210.691,1493.025,0.1455
mixed,64,3,0.0469,4.0,2048,1024,128,512,146,1098.27,1124.489,1107.168,0.3394
mixed,64,3,0.0469,4.0,2048,1024,256,1024,292,1110.591,1173.983,1129.66,0.3008
mixed,64,3,0.0469,4.0,2048,1024,512,2048,584,1130.82,1241.026,1165.502,0.3147
mixed,64,3,0.0469,4.0,2048,1024,1024,4096,1168,1178.178,1398.346,1215.486,0.1695
mixed,64,3,0.0469,4.0,2048,1024,2048,8192,2336,1270.402,1684.294,1325.122,0.1322
mixed,64,3,0.0469,4.0,2048,1024,4096,16384,4672,1424.067,2268.384,1545.57,0.1439
mixed,64,3,0.0469,4.0,2048,2048,128,512,146,1213.091,1242.184,1222.688,0.3299
mixed,64,3,0.0469,4.0,2048,2048,256,1024,292,1227.815,1282.276,1241.475,0.2508
mixed,64,3,0.0469,4.0,2048,2048,512,2048,584,1250.786,1362.247,1282.429,0.2839
mixed,64,3,0.0469,4.0,2048,2048,1024,4096,1168,1300.454,1508.74,1331.267,0.1479
mixed,64,3,0.0469,4.0,2048,2048,2048,8192,2336,1380.039,1796.573,1441.444,0.1474
mixed,64,3,0.0469,4.0,2048,2048,4096,16384,4672,1541.223,2373.121,1667.648,0.152
mixed,64,3,0.0469,4.0,2048,4096,128,512,146,1460.451,1493.312,1478.5,0.5493
mixed,64,3,0.0469,4.0,2048,4096,256,1024,292,1474.75,1538.046,1497.567,0.3605
mixed,64,3,0.0469,4.0,2048,4096,512,2048,584,1493.474,1605.316,1526.888,0.2988
mixed,64,3,0.0469,4.0,2048,4096,1024,4096,1168,1554.308,1744.675,1585.701,0.1649
mixed,64,3,0.0469,4.0,2048,4096,2048,8192,2336,1631.487,2035.269,1689.731,0.1442
mixed,64,3,0.0469,4.0,2048,4096,4096,16384,4672,1796.577,2611.011,1907.458,0.1361
mixed,64,3,0.0469,4.0,2048,8192,128,512,146,1935.881,1957.985,1943.623,0.3503
mixed,64,3,0.0469,4.0,2048,8192,256,1024,292,1935.618,1995.327,1962.109,0.4437
mixed,64,3,0.0469,4.0,2048,8192,512,2048,584,1975.045,2074.913,1996.579,0.2156
mixed,64,3,0.0469,4.0,2048,8192,1024,4096,1168,2005.54,2214.724,2063.587,0.2775
mixed,64,3,0.0469,4.0,2048,8192,2048,8192,2336,2104.324,2504.133,2163.169,0.1472
mixed,64,3,0.0469,4.0,2048,8192,4096,16384,4672,2259.812,3083.045,2384.579,0.1516
pure,64,4,0.0625,4.0,0,0,128,512,152,135.743,172.613,165.475,0.8064
pure,64,4,0.0625,4.0,0,0,256,1024,304,159.008,197.183,171.65,0.3312
pure,64,4,0.0625,4.0,0,0,512,2048,608,173.474,245.728,193.025,0.2706
pure,64,4,0.0625,4.0,0,0,1024,4096,1216,206.815,341.731,231.294,0.1814
pure,64,4,0.0625,4.0,0,0,2048,8192,2432,263.073,534.948,302.98,0.1468
pure,64,4,0.0625,4.0,0,0,4096,16384,4864,384.608,912.8,447.109,0.1183
mixed,64,4,0.0625,4.0,16,0,128,512,152,144.994,178.914,170.077,0.7395
mixed,64,4,0.0625,4.0,16,0,256,1024,304,167.072,203.616,178.752,0.3196
mixed,64,4,0.0625,4.0,16,0,512,2048,608,181.728,254.816,202.177,0.2798
mixed,64,4,0.0625,4.0,16,0,1024,4096,1216,213.794,347.652,240.577,0.2001
mixed,64,4,0.0625,4.0,16,0,2048,8192,2432,271.904,538.497,314.98,0.1616
mixed,64,4,0.0625,4.0,16,0,4096,16384,4864,387.903,922.08,461.79,0.1383
mixed,64,4,0.0625,4.0,16,512,128,512,152,174.753,201.535,167.518,-0.2701
mixed,64,4,0.0625,4.0,16,512,256,1024,304,186.691,202.208,183.358,-0.2148
mixed,64,4,0.0625,4.0,16,512,512,2048,608,210.847,254.401,204.735,-0.1403
mixed,64,4,0.0625,4.0,16,512,1024,4096,1216,213.057,348.673,239.583,0.1956
mixed,64,4,0.0625,4.0,16,512,2048,8192,2432,271.265,542.718,311.296,0.1475
mixed,64,4,0.0625,4.0,16,512,4096,16384,4864,387.97,922.529,456.994,0.1291
mixed,64,4,0.0625,4.0,16,1024,128,512,152,170.048,202.783,168.223,-0.0558
mixed,64,4,0.0625,4.0,16,1024,256,1024,304,184.994,239.525,183.709,-0.0236
mixed,64,4,0.0625,4.0,16,1024,512,2048,608,210.049,253.696,203.999,-0.1386
mixed,64,4,0.0625,4.0,16,1024,1024,4096,1216,254.112,353.247,246.049,-0.0813
mixed,64,4,0.0625,4.0,16,1024,2048,8192,2432,270.464,543.01,314.048,0.1599
mixed,64,4,0.0625,4.0,16,1024,4096,16384,4864,389.155,923.01,457.376,0.1278
mixed,64,4,0.0625,4.0,16,2048,128,512,152,175.554,201.313,175.808,0.0099
mixed,64,4,0.0625,4.0,16,2048,256,1024,304,187.423,236.831,178.369,-0.1832
mixed,64,4,0.0625,4.0,16,2048,512,2048,608,207.613,312.323,203.585,-0.0385
mixed,64,4,0.0625,4.0,16,2048,1024,4096,1216,251.777,349.281,240.766,-0.1129
mixed,64,4,0.0625,4.0,16,2048,2048,8192,2432,335.967,543.65,314.051,-0.1055
mixed,64,4,0.0625,4.0,16,2048,4096,16384,4864,387.01,920.64,454.657,0.1268
mixed,64,4,0.0625,4.0,16,4096,128,512,152,180.64,201.056,182.305,0.0816
mixed,64,4,0.0625,4.0,16,4096,256,1024,304,180.766,236.704,181.729,0.0172
mixed,64,4,0.0625,4.0,16,4096,512,2048,608,204.29,307.588,203.201,-0.0105
mixed,64,4,0.0625,4.0,16,4096,1024,4096,1216,247.903,449.216,240.415,-0.0372
mixed,64,4,0.0625,4.0,16,4096,2048,8192,2432,336.641,539.711,310.178,-0.1303
mixed,64,4,0.0625,4.0,16,4096,4096,16384,4864,494.981,923.072,456.738,-0.0893
mixed,64,4,0.0625,4.0,16,8192,128,512,152,192.9,203.04,186.338,-0.6471
mixed,64,4,0.0625,4.0,16,8192,256,1024,304,198.079,235.201,193.823,-0.1146
mixed,64,4,0.0625,4.0,16,8192,512,2048,608,200.001,304.063,205.119,0.0492
mixed,64,4,0.0625,4.0,16,8192,1024,4096,1216,245.535,443.522,238.718,-0.0344
mixed,64,4,0.0625,4.0,16,8192,2048,8192,2432,327.522,721.792,308.96,-0.0471
mixed,64,4,0.0625,4.0,16,8192,4096,16384,4864,497.918,925.187,454.208,-0.1023
mixed,64,4,0.0625,4.0,32,0,128,512,152,153.056,182.207,172.385,0.6631
mixed,64,4,0.0625,4.0,32,0,256,1024,304,170.302,206.529,183.999,0.3781
mixed,64,4,0.0625,4.0,32,0,512,2048,608,183.169,256.192,205.279,0.3028
mixed,64,4,0.0625,4.0,32,0,1024,4096,1216,221.662,351.52,242.913,0.1636
mixed,64,4,0.0625,4.0,32,0,2048,8192,2432,272.419,541.699,475.68,0.7548
mixed,64,4,0.0625,4.0,32,0,4096,16384,4864,391.427,922.915,464.641,0.1378
mixed,64,4,0.0625,4.0,32,512,128,512,152,169.664,208.929,171.489,0.0465
mixed,64,4,0.0625,4.0,32,512,256,1024,304,186.818,235.807,192.418,0.1143
mixed,64,4,0.0625,4.0,32,512,512,2048,608,222.241,296.416,209.215,-0.1756
mixed,64,4,0.0625,4.0,32,512,1024,4096,1216,249.214,386.497,241.759,-0.0543
mixed,64,4,0.0625,4.0,32,512,2048,8192,2432,315.07,572.031,312.994,-0.0081
mixed,64,4,0.0625,4.0,32,512,4096,16384,4864,417.536,941.376,458.144,0.0775
mixed,64,4,0.0625,4.0,32,1024,128,512,152,180.512,209.408,174.273,-0.2159
mixed,64,4,0.0625,4.0,32,1024,256,1024,304,186.429,243.615,176.223,-0.1785
mixed,64,4,0.0625,4.0,32,1024,512,2048,608,210.88,306.719,207.747,-0.0327
mixed,64,4,0.0625,4.0,32,1024,1024,4096,1216,250.369,407.426,242.464,-0.0503
mixed,64,4,0.0625,4.0,32,1024,2048,8192,2432,337.312,586.945,311.584,-0.1031
mixed,64,4,0.0625,4.0,32,1024,4096,16384,4864,440.159,953.823,456.065,0.031
mixed,64,4,0.0625,4.0,32,2048,128,512,152,180.191,200.99,181.694,0.0723
mixed,64,4,0.0625,4.0,32,2048,256,1024,304,178.53,235.904,180.769,0.039
mixed,64,4,0.0625,4.0,32,2048,512,2048,608,216.351,308.991,210.498,-0.0632
mixed,64,4,0.0625,4.0,32,2048,1024,4096,1216,250.72,449.152,239.104,-0.0585
mixed,64,4,0.0625,4.0,32,2048,2048,8192,2432,334.077,636.703,310.4,-0.0782
mixed,64,4,0.0625,4.0,32,2048,4096,16384,4864,484.289,995.617,451.713,-0.0637
mixed,64,4,0.0625,4.0,32,4096,128,512,152,186.912,197.567,192.802,0.5528
mixed,64,4,0.0625,4.0,32,4096,256,1024,304,195.07,235.999,197.219,0.0525
mixed,64,4,0.0625,4.0,32,4096,512,2048,608,195.583,301.568,200.193,0.0435
mixed,64,4,0.0625,4.0,32,4096,1024,4096,1216,246.464,442.656,245.056,-0.0072
mixed,64,4,0.0625,4.0,32,4096,2048,8192,2432,329.315,724.736,309.218,-0.0508
mixed,64,4,0.0625,4.0,32,4096,4096,16384,4864,481.059,1087.873,448.159,-0.0542
mixed,64,4,0.0625,4.0,32,8192,128,512,152,210.496,230.751,207.326,-0.1565
mixed,64,4,0.0625,4.0,32,8192,256,1024,304,207.807,222.176,205.92,-0.1313
mixed,64,4,0.0625,4.0,32,8192,512,2048,608,236.352,303.201,226.369,-0.1493
mixed,64,4,0.0625,4.0,32,8192,1024,4096,1216,235.267,431.553,228.45,-0.0347
mixed,64,4,0.0625,4.0,32,8192,2048,8192,2432,327.328,711.713,312.865,-0.0376
mixed,64,4,0.0625,4.0,32,8192,4096,16384,4864,474.976,1261.25,451.966,-0.0293
mixed,64,4,0.0625,4.0,64,0,128,512,152,151.775,193.57,175.04,0.5566
mixed,64,4,0.0625,4.0,64,0,256,1024,304,180.832,217.376,183.102,0.0621
mixed,64,4,0.0625,4.0,64,0,512,2048,608,201.152,262.721,208.575,0.1206
mixed,64,4,0.0625,4.0,64,0,1024,4096,1216,227.136,359.777,246.977,0.1496
mixed,64,4,0.0625,4.0,64,0,2048,8192,2432,277.601,548.738,319.263,0.1537
mixed,64,4,0.0625,4.0,64,0,4096,16384,4864,398.272,932.48,465.342,0.1256
mixed,64,4,0.0625,4.0,64,512,128,512,152,178.241,205.856,178.401,0.0058
mixed,64,4,0.0625,4.0,64,512,256,1024,304,195.838,238.335,178.787,-0.4012
mixed,64,4,0.0625,4.0,64,512,512,2048,608,212.354,292.192,208.381,-0.0498
mixed,64,4,0.0625,4.0,64,512,1024,4096,1216,248.416,385.923,242.208,-0.0451
mixed,64,4,0.0625,4.0,64,512,2048,8192,2432,310.752,571.298,314.207,0.0133
mixed,64,4,0.0625,4.0,64,512,4096,16384,4864,419.49,943.33,462.72,0.0825
mixed,64,4,0.0625,4.0,64,1024,128,512,152,185.183,209.408,181.664,-0.1453
mixed,64,4,0.0625,4.0,64,1024,256,1024,304,183.234,239.394,184.547,0.0234
mixed,64,4,0.0625,4.0,64,1024,512,2048,608,211.649,306.081,210.846,-0.0085
mixed,64,4,0.0625,4.0,64,1024,1024,4096,1216,250.08,404.387,243.167,-0.0448
mixed,64,4,0.0625,4.0,64,1024,2048,8192,2432,329.119,586.465,311.808,-0.0673
mixed,64,4,0.0625,4.0,64,1024,4096,16384,4864,434.047,949.823,456.289,0.0431
mixed,64,4,0.0625,4.0,64,2048,128,512,152,188.191,192.223,187.905,-0.0709
mixed,64,4,0.0625,4.0,64,2048,256,1024,304,205.473,238.051,205.791,0.0098
mixed,64,4,0.0625,4.0,64,2048,512,2048,608,197.889,305.215,226.881,0.2701
mixed,64,4,0.0625,4.0,64,2048,1024,4096,1216,251.265,442.239,249.695,-0.0082
mixed,64,4,0.0625,4.0,64,2048,2048,8192,2432,326.688,621.788,308.896,-0.0603
mixed,64,4,0.0625,4.0,64,2048,4096,16384,4864,468.259,992.896,448.418,-0.0378
mixed,64,4,0.0625,4.0,64,4096,128,512,152,208.927,230.113,208.323,-0.0285
mixed,64,4,0.0625,4.0,64,4096,256,1024,304,204.865,224.001,213.599,0.4564
mixed,64,4,0.0625,4.0,64,4096,512,2048,608,235.521,300.864,227.971,-0.1155
mixed,64,4,0.0625,4.0,64,4096,1024,4096,1216,242.143,425.217,286.21,0.2407
mixed,64,4,0.0625,4.0,64,4096,2048,8192,2432,323.745,697.215,317.118,-0.0177
mixed,64,4,0.0625,4.0,64,4096,4096,16384,4864,462.463,1067.65,445.792,-0.0275
mixed,64,4,0.0625,4.0,64,8192,128,512,152,238.112,245.025,236.355,-0.2542
mixed,64,4,0.0625,4.0,64,8192,256,1024,304,237.473,283.235,240.415,0.0643
mixed,64,4,0.0625,4.0,64,8192,512,2048,608,239.938,296.547,256.895,0.2995
mixed,64,4,0.0625,4.0,64,8192,1024,4096,1216,303.678,427.711,284.546,-0.1542
mixed,64,4,0.0625,4.0,64,8192,2048,8192,2432,332.0,665.22,402.853,0.2126
mixed,64,4,0.0625,4.0,64,8192,4096,16384,4864,474.366,1209.822,448.575,-0.0351
mixed,64,4,0.0625,4.0,128,0,128,512,152,157.378,207.329,173.73,0.3274
mixed,64,4,0.0625,4.0,128,0,256,1024,304,195.648,233.41,197.343,0.0449
mixed,64,4,0.0625,4.0,128,0,512,2048,608,212.578,277.918,220.796,0.1258
mixed,64,4,0.0625,4.0,128,0,1024,4096,1216,242.883,371.17,259.968,0.1332
mixed,64,4,0.0625,4.0,128,0,2048,8192,2432,298.466,562.496,327.713,0.1108
mixed,64,4,0.0625,4.0,128,0,4096,16384,4864,411.265,949.599,478.175,0.1243
mixed,64,4,0.0625,4.0,128,512,128,512,152,198.43,223.201,196.574,-0.0749
mixed,64,4,0.0625,4.0,128,512,256,1024,304,192.481,245.887,213.089,0.3859
mixed,64,4,0.0625,4.0,128,512,512,2048,608,226.016,302.402,234.878,0.116
mixed,64,4,0.0625,4.0,128,512,1024,4096,1216,257.791,399.682,248.544,-0.0652
mixed,64,4,0.0625,4.0,128,512,2048,8192,2432,321.794,593.763,313.279,-0.0313
mixed,64,4,0.0625,4.0,128,512,4096,16384,4864,437.792,978.594,461.342,0.0435
mixed,64,4,0.0625,4.0,128,1024,128,512,152,200.449,206.85,209.697,1.4448
mixed,64,4,0.0625,4.0,128,1024,256,1024,304,224.479,254.912,220.895,-0.1178
mixed,64,4,0.0625,4.0,128,1024,512,2048,608,207.999,313.408,242.338,0.3258
mixed,64,4,0.0625,4.0,128,1024,1024,4096,1216,262.815,413.57,260.128,-0.0178
mixed,64,4,0.0625,4.0,128,1024,2048,8192,2432,335.198,605.568,311.65,-0.0871
mixed,64,4,0.0625,4.0,128,1024,4096,16384,4864,446.816,985.632,451.264,0.0083
mixed,64,4,0.0625,4.0,128,2048,128,512,152,231.874,240.129,231.232,-0.0778
mixed,64,4,0.0625,4.0,128,2048,256,1024,304,217.695,238.881,226.882,0.4336
mixed,64,4,0.0625,4.0,128,2048,512,2048,608,254.594,313.086,250.528,-0.0695
mixed,64,4,0.0625,4.0,128,2048,1024,4096,1216,252.419,439.903,296.609,0.2357
mixed,64,4,0.0625,4.0,128,2048,2048,8192,2432,332.703,635.2,324.927,-0.0257
mixed,64,4,0.0625,4.0,128,2048,4096,16384,4864,472.415,1020.225,439.429,-0.0602
mixed,64,4,0.0625,4.0,128,4096,128,512,152,258.014,259.073,256.577,-1.3569
mixed,64,4,0.0625,4.0,128,4096,256,1024,304,265.952,296.773,267.487,0.0498
mixed,64,4,0.0625,4.0,128,4096,512,2048,608,250.56,288.482,269.216,0.492
mixed,64,4,0.0625,4.0,128,4096,1024,4096,1216,321.473,429.407,314.723,-0.0625
mixed,64,4,0.0625,4.0,128,4096,2048,8192,2432,318.53,684.735,407.139,0.242
mixed,64,4,0.0625,4.0,128,4096,4096,16384,4864,461.696,1078.305,443.55,-0.0294
mixed,64,4,0.0625,4.0,128,8192,128,512,152,309.375,333.699,311.008,0.0671
mixed,64,4,0.0625,4.0,128,8192,256,1024,304,318.751,327.94,317.6,-0.1253
mixed,64,4,0.0625,4.0,128,8192,512,2048,608,336.161,406.815,333.792,-0.0335
mixed,64,4,0.0625,4.0,128,8192,1024,4096,1216,329.918,403.105,348.993,0.2606
mixed,64,4,0.0625,4.0,128,8192,2048,8192,2432,442.912,645.408,437.188,-0.0283
mixed,64,4,0.0625,4.0,128,8192,4096,16384,4864,476.607,1179.936,621.569,0.2061
mixed,64,4,0.0625,4.0,256,0,128,512,152,189.214,246.399,205.087,0.2776
mixed,64,4,0.0625,4.0,256,0,256,1024,304,209.503,269.153,220.098,0.1776
mixed,64,4,0.0625,4.0,256,0,512,2048,608,251.809,314.433,260.96,0.1461
mixed,64,4,0.0625,4.0,256,0,1024,4096,1216,281.249,407.521,328.672,0.3756
mixed,64,4,0.0625,4.0,256,0,2048,8192,2432,332.771,601.121,457.508,0.4648
mixed,64,4,0.0625,4.0,256,0,4096,16384,4864,441.247,995.681,700.386,0.4674
mixed,64,4,0.0625,4.0,256,512,128,512,152,256.065,225.344,253.727,
mixed,64,4,0.0625,4.0,256,512,256,1024,304,263.613,271.839,274.366,1.3072
mixed,64,4,0.0625,4.0,256,512,512,2048,608,228.001,317.122,246.784,0.2108
mixed,64,4,0.0625,4.0,256,512,1024,4096,1216,283.489,417.728,304.29,0.155
mixed,64,4,0.0625,4.0,256,512,2048,8192,2432,342.435,606.466,428.097,0.3244
mixed,64,4,0.0625,4.0,256,512,4096,16384,4864,451.136,996.672,671.39,0.4037
mixed,64,4,0.0625,4.0,256,1024,128,512,152,265.535,289.792,268.514,0.1228
mixed,64,4,0.0625,4.0,256,1024,256,1024,304,277.38,251.071,280.382,
mixed,64,4,0.0625,4.0,256,1024,512,2048,608,298.211,329.919,312.77,0.4592
mixed,64,4,0.0625,4.0,256,1024,1024,4096,1216,264.862,422.655,306.046,0.261
mixed,64,4,0.0625,4.0,256,1024,2048,8192,2432,345.025,617.856,422.655,0.2845
mixed,64,4,0.0625,4.0,256,1024,4096,16384,4864,460.48,1000.324,664.994,0.3788
mixed,64,4,0.0625,4.0,256,2048,128,512,152,292.318,318.432,293.761,0.0553
mixed,64,4,0.0625,4.0,256,2048,256,1024,304,302.595,346.529,301.373,-0.0278
mixed,64,4,0.0625,4.0,256,2048,512,2048,608,321.794,306.368,337.825,
mixed,64,4,0.0625,4.0,256,2048,1024,4096,1216,357.796,442.691,398.783,0.4828
mixed,64,4,0.0625,4.0,256,2048,2048,8192,2432,333.378,627.234,624.931,0.9922
mixed,64,4,0.0625,4.0,256,2048,4096,16384,4864,476.513,1013.474,642.271,0.3087
mixed,64,4,0.0625,4.0,256,4096,128,512,152,346.432,368.255,346.527,0.0044
mixed,64,4,0.0625,4.0,256,4096,256,1024,304,350.303,397.633,352.703,0.0507
mixed,64,4,0.0625,4.0,256,4096,512,2048,608,374.783,456.385,368.513,-0.0768
mixed,64,4,0.0625,4.0,256,4096,1024,4096,1216,405.632,420.93,445.887,2.6314
mixed,64,4,0.0625,4.0,256,4096,2048,8192,2432,472.321,667.681,560.639,0.4521
mixed,64,4,0.0625,4.0,256,4096,4096,16384,4864,467.647,1040.192,630.429,0.2843
mixed,64,4,0.0625,4.0,256,8192,128,512,152,449.405,470.753,451.138,0.0812
mixed,64,4,0.0625,4.0,256,8192,256,1024,304,457.762,503.646,457.858,0.0021
mixed,64,4,0.0625,4.0,256,8192,512,2048,608,471.938,557.536,476.13,0.049
mixed,64,4,0.0625,4.0,256,8192,1024,4096,1216,514.784,663.457,503.265,-0.0775
mixed,64,4,0.0625,4.0,256,8192,2048,8192,2432,576.224,642.784,658.623,1.238
mixed,64,4,0.0625,4.0,256,8192,4096,16384,4864,703.937,1104.896,877.215,0.4322
mixed,64,4,0.0625,4.0,512,0,128,512,152,294.848,310.113,296.321,0.0965
mixed,64,4,0.0625,4.0,512,0,256,1024,304,307.455,332.962,318.623,0.4378
mixed,64,4,0.0625,4.0,512,0,512,2048,608,313.411,391.745,375.455,0.792
mixed,64,4,0.0625,4.0,512,0,1024,4096,1216,344.836,503.392,481.501,0.8619
mixed,64,4,0.0625,4.0,512,0,2048,8192,2432,411.907,756.61,695.714,0.8233
mixed,64,4,0.0625,4.0,512,0,4096,16384,4864,545.631,1153.054,1107.998,0.9258
mixed,64,4,0.0625,4.0,512,512,128,512,152,321.922,350.047,319.134,-0.0991
mixed,64,4,0.0625,4.0,512,512,256,1024,304,334.43,386.017,332.736,-0.0328
mixed,64,4,0.0625,4.0,512,512,512,2048,608,353.633,437.344,373.856,0.2416
mixed,64,4,0.0625,4.0,512,512,1024,4096,1216,391.392,545.249,480.961,0.5822
mixed,64,4,0.0625,4.0,512,512,2048,8192,2432,459.714,767.425,694.37,0.7626
mixed,64,4,0.0625,4.0,512,512,4096,16384,4864,586.85,1200.356,1102.562,0.8406
mixed,64,4,0.0625,4.0,512,1024,128,512,152,345.247,373.985,346.142,0.0311
mixed,64,4,0.0625,4.0,512,1024,256,1024,304,358.143,406.337,357.279,-0.0179
mixed,64,4,0.0625,4.0,512,1024,512,2048,608,376.578,460.735,377.409,0.0099
mixed,64,4,0.0625,4.0,512,1024,1024,4096,1216,415.199,572.032,486.245,0.453
mixed,64,4,0.0625,4.0,512,1024,2048,8192,2432,487.807,788.898,694.977,0.6881
mixed,64,4,0.0625,4.0,512,1024,4096,16384,4864,611.745,1234.755,1107.075,0.7951
mixed,64,4,0.0625,4.0,512,2048,128,512,152,398.017,419.364,395.231,-0.1305
mixed,64,4,0.0625,4.0,512,2048,256,1024,304,405.187,456.288,401.952,-0.0633
mixed,64,4,0.0625,4.0,512,2048,512,2048,608,430.114,515.231,427.646,-0.029
mixed,64,4,0.0625,4.0,512,2048,1024,4096,1216,469.406,620.769,484.832,0.1019
mixed,64,4,0.0625,4.0,512,2048,2048,8192,2432,531.777,833.059,689.761,0.5244
mixed,64,4,0.0625,4.0,512,2048,4096,16384,4864,658.975,1313.664,1101.376,0.6757
mixed,64,4,0.0625,4.0,512,4096,128,512,152,497.346,528.227,497.697,0.0114
mixed,64,4,0.0625,4.0,512,4096,256,1024,304,510.498,553.409,504.801,-0.1328
mixed,64,4,0.0625,4.0,512,4096,512,2048,608,530.468,615.362,531.106,0.0075
mixed,64,4,0.0625,4.0,512,4096,1024,4096,1216,564.896,727.647,562.559,-0.0144
mixed,64,4,0.0625,4.0,512,4096,2048,8192,2432,631.998,938.27,694.272,0.2033
mixed,64,4,0.0625,4.0,512,4096,4096,16384,4864,761.887,1418.752,1103.747,0.5204
mixed,64,4,0.0625,4.0,512,8192,128,512,152,708.769,724.032,705.638,-0.2051
mixed,64,4,0.0625,4.0,512,8192,256,1024,304,702.626,760.769,703.008,0.0066
mixed,64,4,0.0625,4.0,512,8192,512,2048,608,725.664,815.294,722.087,-0.0399
mixed,64,4,0.0625,4.0,512,8192,1024,4096,1216,761.726,918.015,754.88,-0.0438
mixed,64,4,0.0625,4.0,512,8192,2048,8192,2432,824.033,1136.802,818.178,-0.0187
mixed,64,4,0.0625,4.0,512,8192,4096,16384,4864,957.408,1576.802,1103.491,0.2358
mixed,64,4,0.0625,4.0,1024,0,128,512,152,513.6,549.889,518.081,0.1235
mixed,64,4,0.0625,4.0,1024,0,256,1024,304,521.538,586.562,538.53,0.2613
mixed,64,4,0.0625,4.0,1024,0,512,2048,608,538.529,655.779,571.359,0.28
mixed,64,4,0.0625,4.0,1024,0,1024,4096,1216,601.697,800.16,626.11,0.123
mixed,64,4,0.0625,4.0,1024,0,2048,8192,2432,693.409,1097.246,747.136,0.133
mixed,64,4,0.0625,4.0,1024,0,4096,16384,4864,860.737,1696.228,958.209,0.1167
mixed,64,4,0.0625,4.0,1024,512,128,512,152,625.575,666.78,628.924,0.0813
mixed,64,4,0.0625,4.0,1024,512,256,1024,304,646.015,704.51,654.595,0.1467
mixed,64,4,0.0625,4.0,1024,512,512,2048,608,665.344,781.918,693.507,0.2416
mixed,64,4,0.0625,4.0,1024,512,1024,4096,1216,718.369,921.694,753.153,0.1711
mixed,64,4,0.0625,4.0,1024,512,2048,8192,2432,796.164,1217.597,859.397,0.15
mixed,64,4,0.0625,4.0,1024,512,4096,16384,4864,980.96,1811.204,1089.822,0.1311
mixed,64,4,0.0625,4.0,1024,1024,128,512,152,666.018,701.922,682.465,0.4581
mixed,64,4,0.0625,4.0,1024,1024,256,1024,304,686.304,737.856,700.929,0.2837
mixed,64,4,0.0625,4.0,1024,1024,512,2048,608,693.89,821.54,725.156,0.2449
mixed,64,4,0.0625,4.0,1024,1024,1024,4096,1216,759.519,963.429,785.92,0.1295
mixed,64,4,0.0625,4.0,1024,1024,2048,8192,2432,851.618,1251.428,908.576,0.1425
mixed,64,4,0.0625,4.0,1024,1024,4096,16384,4864,1029.792,1851.072,1115.134,0.1039
mixed,64,4,0.0625,4.0,1024,2048,128,512,152,747.745,773.794,765.351,0.6759
mixed,64,4,0.0625,4.0,1024,2048,256,1024,304,768.352,826.974,776.45,0.1381
mixed,64,4,0.0625,4.0,1024,2048,512,2048,608,791.71,892.163,810.785,0.1899
mixed,64,4,0.0625,4.0,1024,2048,1024,4096,1216,834.885,1043.525,866.493,0.1515
mixed,64,4,0.0625,4.0,1024,2048,2048,8192,2432,923.845,1339.845,989.313,0.1574
mixed,64,4,0.0625,4.0,1024,2048,4096,16384,4864,1103.778,1926.784,1197.98,0.1145
mixed,64,4,0.0625,4.0,1024,4096,128,512,152,917.795,950.627,919.717,0.0585
mixed,64,4,0.0625,4.0,1024,4096,256,1024,304,935.94,993.056,940.991,0.0884
mixed,64,4,0.0625,4.0,1024,4096,512,2048,608,939.392,1061.382,979.268,0.3269
mixed,64,4,0.0625,4.0,1024,4096,1024,4096,1216,1000.931,1204.294,1028.451,0.1353
mixed,64,4,0.0625,4.0,1024,4096,2048,8192,2432,1093.953,1503.456,1137.92,0.1074
mixed,64,4,0.0625,4.0,1024,4096,4096,16384,4864,1253.278,2075.556,1355.332,0.1241
mixed,64,4,0.0625,4.0,1024,8192,128,512,152,1251.005,1285.99,1256.543,0.1583
mixed,64,4,0.0625,4.0,1024,8192,256,1024,304,1264.709,1315.108,1270.979,0.1244
mixed,64,4,0.0625,4.0,1024,8192,512,2048,608,1291.974,1397.283,1304.93,0.123
mixed,64,4,0.0625,4.0,1024,8192,1024,4096,1216,1329.086,1537.602,1363.077,0.163
mixed,64,4,0.0625,4.0,1024,8192,2048,8192,2432,1411.075,1820.099,1476.674,0.1604
mixed,64,4,0.0625,4.0,1024,8192,4096,16384,4864,1600.965,2399.172,1690.532,0.1122
mixed,64,4,0.0625,4.0,2048,0,128,512,152,859.554,893.342,878.108,0.5491
mixed,64,4,0.0625,4.0,2048,0,256,1024,304,880.229,939.136,891.299,0.1879
mixed,64,4,0.0625,4.0,2048,0,512,2048,608,901.538,1013.566,925.762,0.2162
mixed,64,4,0.0625,4.0,2048,0,1024,4096,1216,957.761,1154.692,986.979,0.1484
mixed,64,4,0.0625,4.0,2048,0,2048,8192,2432,1041.122,1447.585,1095.744,0.1344
mixed,64,4,0.0625,4.0,2048,0,4096,16384,4864,1215.909,2029.219,1313.471,0.12
mixed,64,4,0.0625,4.0,2048,512,128,512,152,1020.129,1061.222,1040.033,0.4844
mixed,64,4,0.0625,4.0,2048,512,256,1024,304,1035.779,1103.073,1046.277,0.156
mixed,64,4,0.0625,4.0,2048,512,512,2048,608,1063.008,1171.393,1095.133,0.2964
mixed,64,4,0.0625,4.0,2048,512,1024,4096,1216,1111.097,1321.312,1147.106,0.1713
mixed,64,4,0.0625,4.0,2048,512,2048,8192,2432,1199.396,1610.208,1255.138,0.1357
mixed,64,4,0.0625,4.0,2048,512,4096,16384,4864,1380.093,2189.825,1477.437,0.1202
mixed,64,4,0.0625,4.0,2048,1024,128,512,152,1090.077,1120.069,1100.128,0.3351
mixed,64,4,0.0625,4.0,2048,1024,256,1024,304,1099.872,1158.848,1117.156,0.2931
mixed,64,4,0.0625,4.0,2048,1024,512,2048,608,1120.352,1223.906,1143.264,0.2213
mixed,64,4,0.0625,4.0,2048,1024,1024,4096,1216,1170.751,1371.586,1205.986,0.1754
mixed,64,4,0.0625,4.0,2048,1024,2048,8192,2432,1254.592,1671.17,1314.432,0.1436
mixed,64,4,0.0625,4.0,2048,1024,4096,16384,4864,1438.274,2256.32,1535.807,0.1192
mixed,64,4,0.0625,4.0,2048,2048,128,512,152,1201.988,1232.603,1207.135,0.1681
mixed,64,4,0.0625,4.0,2048,2048,256,1024,304,1216.803,1270.693,1218.144,0.0249
mixed,64,4,0.0625,4.0,2048,2048,512,2048,608,1232.712,1337.535,1260.227,0.2625
mixed,64,4,0.0625,4.0,2048,2048,1024,4096,1216,1287.072,1488.736,1327.845,0.2022
mixed,64,4,0.0625,4.0,2048,2048,2048,8192,2432,1359.966,1779.875,1429.728,0.1661
mixed,64,4,0.0625,4.0,2048,2048,4096,16384,4864,1543.391,2366.401,1647.65,0.1267
mixed,64,4,0.0625,4.0,2048,4096,128,512,152,1441.628,1480.001,1454.788,0.3429
mixed,64,4,0.0625,4.0,2048,4096,256,1024,304,1460.293,1520.128,1474.881,0.2438
mixed,64,4,0.0625,4.0,2048,4096,512,2048,608,1488.51,1595.907,1510.689,0.2065
mixed,64,4,0.0625,4.0,2048,4096,1024,4096,1216,1535.874,1734.788,1569.506,0.1691
mixed,64,4,0.0625,4.0,2048,4096,2048,8192,2432,1619.101,2021.119,1685.796,0.1659
mixed,64,4,0.0625,4.0,2048,4096,4096,16384,4864,1790.305,2596.293,1895.712,0.1308
mixed,64,4,0.0625,4.0,2048,8192,128,512,152,1919.17,1947.846,1924.961,0.2019
mixed,64,4,0.0625,4.0,2048,8192,256,1024,304,1922.623,1990.213,1951.591,0.4286
mixed,64,4,0.0625,4.0,2048,8192,512,2048,608,1951.587,2064.387,1980.237,0.254
mixed,64,4,0.0625,4.0,2048,8192,1024,4096,1216,2007.073,2203.205,2026.85,0.1008
mixed,64,4,0.0625,4.0,2048,8192,2048,8192,2432,2085.19,2486.56,2157.032,0.179
mixed,64,4,0.0625,4.0,2048,8192,4096,16384,4864,2254.275,3052.838,2370.625,0.1457
pure,64,8,0.125,4.0,0,0,128,512,176,137.661,171.489,165.695,0.8287
pure,64,8,0.125,4.0,0,0,256,1024,352,160.063,194.559,171.936,0.3442
pure,64,8,0.125,4.0,0,0,512,2048,704,179.233,244.737,197.186,0.2741
pure,64,8,0.125,4.0,0,0,1024,4096,1408,216.095,340.799,234.271,0.1458
pure,64,8,0.125,4.0,0,0,2048,8192,2816,279.618,532.289,306.753,0.1074
pure,64,8,0.125,4.0,0,0,4096,16384,5632,410.882,913.376,461.309,0.1004
mixed,64,8,0.125,4.0,16,0,128,512,176,145.985,180.322,160.131,0.412
mixed,64,8,0.125,4.0,16,0,256,1024,352,168.705,204.96,183.456,0.4069
mixed,64,8,0.125,4.0,16,0,512,2048,704,187.872,252.323,205.153,0.2681
mixed,64,8,0.125,4.0,16,0,1024,4096,1408,222.85,350.271,244.445,0.1695
mixed,64,8,0.125,4.0,16,0,2048,8192,2816,290.111,536.608,320.097,0.1216
mixed,64,8,0.125,4.0,16,0,4096,16384,5632,421.089,921.923,468.767,0.0952
mixed,64,8,0.125,4.0,16,512,128,512,176,175.714,201.857,168.962,-0.2583
mixed,64,8,0.125,4.0,16,512,256,1024,352,187.679,203.487,183.683,-0.2528
mixed,64,8,0.125,4.0,16,512,512,2048,704,217.535,255.904,207.553,-0.2602
mixed,64,8,0.125,4.0,16,512,1024,4096,1408,223.231,349.824,245.408,0.1752
mixed,64,8,0.125,4.0,16,512,2048,8192,2816,289.471,540.031,318.592,0.1162
mixed,64,8,0.125,4.0,16,512,4096,16384,5632,424.195,919.778,468.675,0.0898
mixed,64,8,0.125,4.0,16,1024,128,512,176,169.184,203.393,168.416,-0.0225
mixed,64,8,0.125,4.0,16,1024,256,1024,352,187.619,237.918,177.763,-0.1959
mixed,64,8,0.125,4.0,16,1024,512,2048,704,219.713,253.89,207.008,-0.3717
mixed,64,8,0.125,4.0,16,1024,1024,4096,1408,265.087,348.575,245.889,-0.2299
mixed,64,8,0.125,4.0,16,1024,2048,8192,2816,290.114,540.895,316.674,0.1059
mixed,64,8,0.125,4.0,16,1024,4096,16384,5632,424.065,919.97,468.961,0.0905
mixed,64,8,0.125,4.0,16,2048,128,512,176,173.791,202.562,173.154,-0.0221
mixed,64,8,0.125,4.0,16,2048,256,1024,352,190.751,239.232,175.904,-0.3062
mixed,64,8,0.125,4.0,16,2048,512,2048,704,216.226,309.41,209.602,-0.0711
mixed,64,8,0.125,4.0,16,2048,1024,4096,1408,265.055,348.192,245.343,-0.2371
mixed,64,8,0.125,4.0,16,2048,2048,8192,2816,360.83,541.887,322.303,-0.2128
mixed,64,8,0.125,4.0,16,2048,4096,16384,5632,424.257,920.161,465.889,0.084
mixed,64,8,0.125,4.0,16,4096,128,512,176,184.579,200.26,180.16,-0.2818
mixed,64,8,0.125,4.0,16,4096,256,1024,352,183.488,236.193,183.586,0.0019
mixed,64,8,0.125,4.0,16,4096,512,2048,704,210.079,307.68,196.387,-0.1403
mixed,64,8,0.125,4.0,16,4096,1024,4096,1408,262.177,447.425,243.808,-0.0992
mixed,64,8,0.125,4.0,16,4096,2048,8192,2816,363.453,540.194,318.11,-0.2566
mixed,64,8,0.125,4.0,16,4096,4096,16384,5632,541.088,924.992,465.025,-0.1981
mixed,64,8,0.125,4.0,16,8192,128,512,176,187.967,202.466,186.878,-0.0751
mixed,64,8,0.125,4.0,16,8192,256,1024,352,198.501,235.904,195.903,-0.0695
mixed,64,8,0.125,4.0,16,8192,512,2048,704,217.055,303.295,202.465,-0.1692
mixed,64,8,0.125,4.0,16,8192,1024,4096,1408,259.328,444.545,231.841,-0.1484
mixed,64,8,0.125,4.0,16,8192,2048,8192,2816,356.644,722.621,318.653,-0.1038
mixed,64,8,0.125,4.0,16,8192,4096,16384,5632,548.351,924.576,464.417,-0.2231
mixed,64,8,0.125,4.0,32,0,128,512,176,149.764,183.137,160.16,0.3115
mixed,64,8,0.125,4.0,32,0,256,1024,352,172.353,206.398,183.841,0.3374
mixed,64,8,0.125,4.0,32,0,512,2048,704,190.05,255.199,204.16,0.2166
mixed,64,8,0.125,4.0,32,0,1024,4096,1408,221.376,350.53,245.184,0.1843
mixed,64,8,0.125,4.0,32,0,2048,8192,2816,291.293,547.713,318.467,0.106
mixed,64,8,0.125,4.0,32,0,4096,16384,5632,431.873,921.601,479.297,0.0968
mixed,64,8,0.125,4.0,32,512,128,512,176,169.637,202.785,176.449,0.2055
mixed,64,8,0.125,4.0,32,512,256,1024,352,190.593,238.847,175.168,-0.3197
mixed,64,8,0.125,4.0,32,512,512,2048,704,218.05,296.576,209.664,-0.1068
mixed,64,8,0.125,4.0,32,512,1024,4096,1408,259.967,388.991,246.851,-0.1017
mixed,64,8,0.125,4.0,32,512,2048,8192,2816,335.84,565.12,320.798,-0.0656
mixed,64,8,0.125,4.0,32,512,4096,16384,5632,449.568,938.657,476.51,0.0551
mixed,64,8,0.125,4.0,32,1024,128,512,176,186.527,203.649,173.12,-0.783
mixed,64,8,0.125,4.0,32,1024,256,1024,352,196.61,242.819,182.977,-0.295
mixed,64,8,0.125,4.0,32,1024,512,2048,704,217.12,305.666,210.913,-0.0701
mixed,64,8,0.125,4.0,32,1024,1024,4096,1408,269.218,406.53,248.005,-0.1545
mixed,64,8,0.125,4.0,32,1024,2048,8192,2816,350.625,582.05,320.288,-0.1311
mixed,64,8,0.125,4.0,32,1024,4096,16384,5632,475.649,944.001,473.09,-0.0055
mixed,64,8,0.125,4.0,32,2048,128,512,176,181.437,204.772,179.615,-0.0781
mixed,64,8,0.125,4.0,32,2048,256,1024,352,190.527,236.639,185.988,-0.0984
mixed,64,8,0.125,4.0,32,2048,512,2048,704,215.68,306.688,196.256,-0.2134
mixed,64,8,0.125,4.0,32,2048,1024,4096,1408,262.689,452.418,243.008,-0.1037
mixed,64,8,0.125,4.0,32,2048,2048,8192,2816,352.479,635.871,321.057,-0.1109
mixed,64,8,0.125,4.0,32,2048,4096,16384,5632,523.522,990.048,467.23,-0.1207
mixed,64,8,0.125,4.0,32,4096,128,512,176,184.481,203.17,184.352,-0.0069
mixed,64,8,0.125,4.0,32,4096,256,1024,352,199.648,235.518,196.098,-0.099
mixed,64,8,0.125,4.0,32,4096,512,2048,704,217.762,301.635,208.193,-0.1141
mixed,64,8,0.125,4.0,32,4096,1024,4096,1408,259.231,452.737,233.215,-0.1344
mixed,64,8,0.125,4.0,32,4096,2048,8192,2816,353.634,719.716,326.978,-0.0728
mixed,64,8,0.125,4.0,32,4096,4096,16384,5632,531.362,1082.4,464.67,-0.121
mixed,64,8,0.125,4.0,32,8192,128,512,176,211.01,230.205,208.225,-0.1451
mixed,64,8,0.125,4.0,32,8192,256,1024,352,203.487,220.927,216.191,0.7284
mixed,64,8,0.125,4.0,32,8192,512,2048,704,246.914,312.254,229.019,-0.2739
mixed,64,8,0.125,4.0,32,8192,1024,4096,1408,266.271,431.872,291.329,0.1513
mixed,64,8,0.125,4.0,32,8192,2048,8192,2816,346.847,702.206,303.873,-0.1209
mixed,64,8,0.125,4.0,32,8192,4096,16384,5632,531.234,1267.648,470.658,-0.0823
mixed,64,8,0.125,4.0,64,0,128,512,176,154.495,193.278,163.837,0.2409
mixed,64,8,0.125,4.0,64,0,256,1024,352,185.312,214.851,186.85,0.0521
mixed,64,8,0.125,4.0,64,0,512,2048,704,204.386,259.65,211.264,0.1245
mixed,64,8,0.125,4.0,64,0,1024,4096,1408,237.535,357.376,250.019,0.1042
mixed,64,8,0.125,4.0,64,0,2048,8192,2816,296.703,550.944,327.649,0.1217
mixed,64,8,0.125,4.0,64,0,4096,16384,5632,428.932,933.601,479.361,0.0999
mixed,64,8,0.125,4.0,64,512,128,512,176,178.114,207.842,178.719,0.0204
mixed,64,8,0.125,4.0,64,512,256,1024,352,194.977,238.049,175.104,-0.4614
mixed,64,8,0.125,4.0,64,512,512,2048,704,217.728,291.871,211.33,-0.0863
mixed,64,8,0.125,4.0,64,512,1024,4096,1408,258.528,385.219,245.76,-0.1008
mixed,64,8,0.125,4.0,64,512,2048,8192,2816,328.383,569.409,332.577,0.0174
mixed,64,8,0.125,4.0,64,512,4096,16384,5632,451.584,936.096,477.057,0.0526
mixed,64,8,0.125,4.0,64,1024,128,512,176,188.703,208.062,185.695,-0.1554
mixed,64,8,0.125,4.0,64,1024,256,1024,352,185.345,242.079,278.433,1.6408
mixed,64,8,0.125,4.0,64,1024,512,2048,704,219.329,307.17,197.597,-0.2474
mixed,64,8,0.125,4.0,64,1024,1024,4096,1408,264.255,405.535,248.446,-0.1119
mixed,64,8,0.125,4.0,64,1024,2048,8192,2816,342.145,581.215,323.421,-0.0783
mixed,64,8,0.125,4.0,64,1024,4096,16384,5632,472.159,954.465,474.718,0.0053
mixed,64,8,0.125,4.0,64,2048,128,512,176,194.782,192.128,185.982,
mixed,64,8,0.125,4.0,64,2048,256,1024,352,211.551,237.952,206.207,-0.2024
mixed,64,8,0.125,4.0,64,2048,512,2048,704,218.175,305.57,204.832,-0.1527
mixed,64,8,0.125,4.0,64,2048,1024,4096,1408,260.893,441.281,232.897,-0.1552
mixed,64,8,0.125,4.0,64,2048,2048,8192,2816,340.609,622.05,320.417,-0.0717
mixed,64,8,0.125,4.0,64,2048,4096,16384,5632,502.622,990.913,468.193,-0.0705
mixed,64,8,0.125,4.0,64,4096,128,512,176,209.312,227.427,209.059,-0.014
mixed,64,8,0.125,4.0,64,4096,256,1024,352,210.816,224.288,213.698,0.2139
mixed,64,8,0.125,4.0,64,4096,512,2048,704,248.227,304.385,232.806,-0.2746
mixed,64,8,0.125,4.0,64,4096,1024,4096,1408,265.922,426.143,288.192,0.139
mixed,64,8,0.125,4.0,64,4096,2048,8192,2816,350.783,695.714,304.802,-0.1333
mixed,64,8,0.125,4.0,64,4096,4096,16384,5632,494.53,1066.656,460.352,-0.0597
mixed,64,8,0.125,4.0,64,8192,128,512,176,234.848,245.373,234.494,-0.0336
mixed,64,8,0.125,4.0,64,8192,256,1024,352,244.737,282.241,239.807,-0.1315
mixed,64,8,0.125,4.0,64,8192,512,2048,704,251.298,293.312,258.274,0.166
mixed,64,8,0.125,4.0,64,8192,1024,4096,1408,325.343,425.151,286.756,-0.3866
mixed,64,8,0.125,4.0,64,8192,2048,8192,2816,355.744,669.409,408.193,0.1672
mixed,64,8,0.125,4.0,64,8192,4096,16384,5632,514.752,1209.602,436.898,-0.112
mixed,64,8,0.125,4.0,128,0,128,512,176,159.264,208.51,177.282,0.3659
mixed,64,8,0.125,4.0,128,0,256,1024,352,199.937,232.48,200.608,0.0206
mixed,64,8,0.125,4.0,128,0,512,2048,704,217.246,278.658,227.422,0.1657
mixed,64,8,0.125,4.0,128,0,1024,4096,1408,253.537,374.655,260.898,0.0608
mixed,64,8,0.125,4.0,128,0,2048,8192,2816,311.489,565.055,336.447,0.0984
mixed,64,8,0.125,4.0,128,0,4096,16384,5632,447.485,950.177,480.865,0.0664
mixed,64,8,0.125,4.0,128,512,128,512,176,197.953,223.777,197.569,-0.0149
mixed,64,8,0.125,4.0,128,512,256,1024,352,192.287,251.46,216.512,0.4094
mixed,64,8,0.125,4.0,128,512,512,2048,704,226.88,301.761,201.824,-0.3346
mixed,64,8,0.125,4.0,128,512,1024,4096,1408,268.512,399.968,257.215,-0.0859
mixed,64,8,0.125,4.0,128,512,2048,8192,2816,343.713,592.195,326.528,-0.0692
mixed,64,8,0.125,4.0,128,512,4096,16384,5632,472.32,979.041,476.929,0.0091
mixed,64,8,0.125,4.0,128,1024,128,512,176,204.385,204.991,214.56,16.7904
mixed,64,8,0.125,4.0,128,1024,256,1024,352,228.641,255.552,208.64,-0.7432
mixed,64,8,0.125,4.0,128,1024,512,2048,704,217.634,310.336,245.314,0.2986
mixed,64,8,0.125,4.0,128,1024,1024,4096,1408,270.85,416.192,238.109,-0.2253
mixed,64,8,0.125,4.0,128,1024,2048,8192,2816,349.953,605.059,326.85,-0.0906
mixed,64,8,0.125,4.0,128,1024,4096,16384,5632,484.194,987.777,464.861,-0.0384
mixed,64,8,0.125,4.0,128,2048,128,512,176,232.575,242.816,221.41,-1.0902
mixed,64,8,0.125,4.0,128,2048,256,1024,352,223.681,236.829,229.634,0.4528
mixed,64,8,0.125,4.0,128,2048,512,2048,704,262.721,310.273,255.232,-0.1575
mixed,64,8,0.125,4.0,128,2048,1024,4096,1408,279.486,436.644,305.217,0.1637
mixed,64,8,0.125,4.0,128,2048,2048,8192,2816,359.425,633.601,302.722,-0.2068
mixed,64,8,0.125,4.0,128,2048,4096,16384,5632,513.824,1020.835,455.68,-0.1147
mixed,64,8,0.125,4.0,128,4096,128,512,176,256.479,260.381,258.146,0.4272
mixed,64,8,0.125,4.0,128,4096,256,1024,352,268.449,295.233,257.76,-0.3991
mixed,64,8,0.125,4.0,128,4096,512,2048,704,261.858,287.84,274.53,0.4877
mixed,64,8,0.125,4.0,128,4096,1024,4096,1408,339.837,427.138,319.584,-0.232
mixed,64,8,0.125,4.0,128,4096,2048,8192,2816,355.105,683.521,411.295,0.1711
mixed,64,8,0.125,4.0,128,4096,4096,16384,5632,532.416,1080.293,440.002,-0.1687
mixed,64,8,0.125,4.0,128,8192,128,512,176,309.985,333.026,308.126,-0.0807
mixed,64,8,0.125,4.0,128,8192,256,1024,352,324.446,330.336,318.622,-0.9888
mixed,64,8,0.125,4.0,128,8192,512,2048,704,344.03,402.528,399.618,0.9503
mixed,64,8,0.125,4.0,128,8192,1024,4096,1408,340.799,404.256,355.168,0.2264
mixed,64,8,0.125,4.0,128,8192,2048,8192,2816,480.385,642.56,444.384,-0.222
mixed,64,8,0.125,4.0,128,8192,4096,16384,5632,514.016,1182.24,622.402,0.1622
mixed,64,8,0.125,4.0,256,0,128,512,176,190.526,244.959,208.51,0.3304
mixed,64,8,0.125,4.0,256,0,256,1024,352,211.647,266.749,220.129,0.1539
mixed,64,8,0.125,4.0,256,0,512,2048,704,252.994,314.687,248.513,-0.0726
mixed,64,8,0.125,4.0,256,0,1024,4096,1408,287.551,403.71,327.554,0.3444
mixed,64,8,0.125,4.0,256,0,2048,8192,2816,349.86,595.907,454.974,0.4272
mixed,64,8,0.125,4.0,256,0,4096,16384,5632,472.323,998.373,704.769,0.4419
mixed,64,8,0.125,4.0,256,512,128,512,176,255.521,226.305,268.421,
mixed,64,8,0.125,4.0,256,512,256,1024,352,265.792,272.994,273.663,1.0929
mixed,64,8,0.125,4.0,256,512,512,2048,704,236.223,319.779,259.935,0.2838
mixed,64,8,0.125,4.0,256,512,1024,4096,1408,293.918,415.52,308.128,0.1169
mixed,64,8,0.125,4.0,256,512,2048,8192,2816,359.679,610.783,430.531,0.2822
mixed,64,8,0.125,4.0,256,512,4096,16384,5632,488.0,991.842,674.753,0.3707
mixed,64,8,0.125,4.0,256,1024,128,512,176,271.298,292.895,281.571,0.4757
mixed,64,8,0.125,4.0,256,1024,256,1024,352,277.246,250.306,284.543,
mixed,64,8,0.125,4.0,256,1024,512,2048,704,302.273,330.368,314.302,0.4282
mixed,64,8,0.125,4.0,256,1024,1024,4096,1408,277.277,423.552,313.762,0.2494
mixed,64,8,0.125,4.0,256,1024,2048,8192,2816,361.856,616.097,419.744,0.2277
mixed,64,8,0.125,4.0,256,1024,4096,16384,5632,495.073,1000.961,669.41,0.3446
mixed,64,8,0.125,4.0,256,2048,128,512,176,294.336,315.745,292.958,-0.0644
mixed,64,8,0.125,4.0,256,2048,256,1024,352,311.617,348.16,334.88,0.6366
mixed,64,8,0.125,4.0,256,2048,512,2048,704,327.999,307.778,343.393,
mixed,64,8,0.125,4.0,256,2048,1024,4096,1408,365.92,441.792,404.257,0.5053
mixed,64,8,0.125,4.0,256,2048,2048,8192,2816,375.458,625.631,425.568,0.2003
mixed,64,8,0.125,4.0,256,2048,4096,16384,5632,509.312,1014.596,639.327,0.2573
mixed,64,8,0.125,4.0,256,4096,128,512,176,347.201,364.8,345.443,-0.0999
mixed,64,8,0.125,4.0,256,4096,256,1024,352,357.437,398.816,354.144,-0.0796
mixed,64,8,0.125,4.0,256,4096,512,2048,704,380.705,450.464,440.861,0.8623
mixed,64,8,0.125,4.0,256,4096,1024,4096,1408,419.652,420.769,451.554,28.5604
mixed,64,8,0.125,4.0,256,4096,2048,8192,2816,493.855,665.023,560.386,0.3887
mixed,64,8,0.125,4.0,256,4096,4096,16384,5632,526.272,1045.248,637.535,0.2144
mixed,64,8,0.125,4.0,256,8192,128,512,176,455.488,470.274,449.6,-0.3982
mixed,64,8,0.125,4.0,256,8192,256,1024,352,461.442,499.87,457.443,-0.1041
mixed,64,8,0.125,4.0,256,8192,512,2048,704,480.515,559.357,476.096,-0.056
mixed,64,8,0.125,4.0,256,8192,1024,4096,1408,523.201,662.657,653.729,0.936
mixed,64,8,0.125,4.0,256,8192,2048,8192,2816,597.28,643.809,666.592,1.4897
mixed,64,8,0.125,4.0,256,8192,4096,16384,5632,746.945,1106.465,878.084,0.3648
mixed,64,8,0.125,4.0,512,0,128,512,176,297.026,313.058,296.385,-0.04
mixed,64,8,0.125,4.0,512,0,256,1024,352,307.136,332.863,322.719,0.6057
mixed,64,8,0.125,4.0,512,0,512,2048,704,315.555,394.08,375.008,0.7571
mixed,64,8,0.125,4.0,512,0,1024,4096,1408,360.159,516.704,485.792,0.8025
mixed,64,8,0.125,4.0,512,0,2048,8192,2816,433.024,723.488,693.921,0.8982
mixed,64,8,0.125,4.0,512,0,4096,16384,5632,580.544,1154.205,1104.386,0.9132
mixed,64,8,0.125,4.0,512,512,128,512,176,321.153,346.849,324.512,0.1307
mixed,64,8,0.125,4.0,512,512,256,1024,352,338.05,381.79,359.264,0.485
mixed,64,8,0.125,4.0,512,512,512,2048,704,359.552,435.81,418.114,0.7679
mixed,64,8,0.125,4.0,512,512,1024,4096,1408,407.361,546.175,522.147,0.8269
mixed,64,8,0.125,4.0,512,512,2048,8192,2816,476.29,761.985,735.907,0.9087
mixed,64,8,0.125,4.0,512,512,4096,16384,5632,625.31,1193.507,1149.317,0.9222
mixed,64,8,0.125,4.0,512,1024,128,512,176,345.697,374.239,345.887,0.0067
mixed,64,8,0.125,4.0,512,1024,256,1024,352,362.527,405.726,384.574,0.5104
mixed,64,8,0.125,4.0,512,1024,512,2048,704,385.091,461.344,443.265,0.7629
mixed,64,8,0.125,4.0,512,1024,1024,4096,1408,427.809,572.801,550.272,0.8446
mixed,64,8,0.125,4.0,512,1024,2048,8192,2816,501.44,794.147,760.863,0.8863
mixed,64,8,0.125,4.0,512,1024,4096,16384,5632,663.904,1222.205,1171.549,0.9093
mixed,64,8,0.125,4.0,512,2048,128,512,176,398.786,424.192,397.185,-0.063
mixed,64,8,0.125,4.0,512,2048,256,1024,352,409.057,455.711,407.808,-0.0268
mixed,64,8,0.125,4.0,512,2048,512,2048,704,439.81,514.657,491.489,0.6905
mixed,64,8,0.125,4.0,512,2048,1024,4096,1408,477.887,620.48,600.643,0.8609
mixed,64,8,0.125,4.0,512,2048,2048,8192,2816,552.033,839.11,804.64,0.8799
mixed,64,8,0.125,4.0,512,2048,4096,16384,5632,702.817,1303.938,1223.168,0.8656
mixed,64,8,0.125,4.0,512,4096,128,512,176,502.273,526.211,499.873,-0.1003
mixed,64,8,0.125,4.0,512,4096,256,1024,352,509.921,560.669,509.508,-0.0081
mixed,64,8,0.125,4.0,512,4096,512,2048,704,535.872,616.734,534.019,-0.0229
mixed,64,8,0.125,4.0,512,4096,1024,4096,1408,578.722,722.079,704.48,0.8772
mixed,64,8,0.125,4.0,512,4096,2048,8192,2816,653.633,940.196,916.864,0.9186
mixed,64,8,0.125,4.0,512,4096,4096,16384,5632,805.827,1369.216,1333.984,0.9375
mixed,64,8,0.125,4.0,512,8192,128,512,176,706.593,721.185,701.538,-0.3464
mixed,64,8,0.125,4.0,512,8192,256,1024,352,703.008,751.939,708.96,0.1216
mixed,64,8,0.125,4.0,512,8192,512,2048,704,732.002,805.056,725.503,-0.089
mixed,64,8,0.125,4.0,512,8192,1024,4096,1408,770.721,920.933,761.283,-0.0628
mixed,64,8,0.125,4.0,512,8192,2048,8192,2816,856.801,1135.937,1106.943,0.8961
mixed,64,8,0.125,4.0,512,8192,4096,16384,5632,1000.418,1564.452,1517.796,0.9173
mixed,64,8,0.125,4.0,1024,0,128,512,176,516.094,543.52,520.001,0.1425
mixed,64,8,0.125,4.0,1024,0,256,1024,352,532.611,592.033,543.458,0.1825
mixed,64,8,0.125,4.0,1024,0,512,2048,704,559.067,660.703,575.805,0.1647
mixed,64,8,0.125,4.0,1024,0,1024,4096,1408,608.991,807.908,646.527,0.1887
mixed,64,8,0.125,4.0,1024,0,2048,8192,2816,715.807,1092.83,757.506,0.1106
mixed,64,8,0.125,4.0,1024,0,4096,16384,5632,910.692,1685.857,983.04,0.0933
mixed,64,8,0.125,4.0,1024,512,128,512,176,629.405,660.929,635.556,0.1951
mixed,64,8,0.125,4.0,1024,512,256,1024,352,644.576,703.236,653.947,0.1598
mixed,64,8,0.125,4.0,1024,512,512,2048,704,670.782,783.776,690.976,0.1787
mixed,64,8,0.125,4.0,1024,512,1024,4096,1408,736.713,922.014,751.586,0.0803
mixed,64,8,0.125,4.0,1024,512,2048,8192,2816,833.153,1212.162,874.212,0.1083
mixed,64,8,0.125,4.0,1024,512,4096,16384,5632,1020.002,1808.068,1101.629,0.1036
mixed,64,8,0.125,4.0,1024,1024,128,512,176,668.035,700.48,684.671,0.5127
mixed,64,8,0.125,4.0,1024,1024,256,1024,352,674.182,742.526,691.551,0.2541
mixed,64,8,0.125,4.0,1024,1024,512,2048,704,718.721,805.151,738.177,0.2251
mixed,64,8,0.125,4.0,1024,1024,1024,4096,1408,761.823,960.603,797.919,0.1816
mixed,64,8,0.125,4.0,1024,1024,2048,8192,2816,871.264,1252.483,919.329,0.1261
mixed,64,8,0.125,4.0,1024,1024,4096,16384,5632,1063.944,1846.785,1147.553,0.1068
mixed,64,8,0.125,4.0,1024,2048,128,512,176,751.297,767.617,765.062,0.8434
mixed,64,8,0.125,4.0,1024,2048,256,1024,352,770.855,832.766,786.75,0.2567
mixed,64,8,0.125,4.0,1024,2048,512,2048,704,790.529,896.612,813.989,0.2211
mixed,64,8,0.125,4.0,1024,2048,1024,4096,1408,861.285,1034.462,873.536,0.0707
mixed,64,8,0.125,4.0,1024,2048,2048,8192,2816,948.961,1324.161,983.558,0.0922
mixed,64,8,0.125,4.0,1024,2048,4096,16384,5632,1147.133,1921.829,1226.247,0.1021
mixed,64,8,0.125,4.0,1024,4096,128,512,176,913.918,926.404,925.475,0.9256
mixed,64,8,0.125,4.0,1024,4096,256,1024,352,925.861,987.459,941.248,0.2498
mixed,64,8,0.125,4.0,1024,4096,512,2048,704,958.022,1053.566,982.495,0.2561
mixed,64,8,0.125,4.0,1024,4096,1024,4096,1408,1017.15,1201.824,1035.589,0.0998
mixed,64,8,0.125,4.0,1024,4096,2048,8192,2816,1110.022,1495.62,1146.653,0.095
mixed,64,8,0.125,4.0,1024,4096,4096,16384,5632,1317.123,2062.206,1379.107,0.0832
mixed,64,8,0.125,4.0,1024,8192,128,512,176,1248.547,1274.02,1256.487,0.3117
mixed,64,8,0.125,4.0,1024,8192,256,1024,352,1259.774,1310.305,1270.276,0.2078
mixed,64,8,0.125,4.0,1024,8192,512,2048,704,1287.074,1391.583,1310.846,0.2275
mixed,64,8,0.125,4.0,1024,8192,1024,4096,1408,1340.8,1535.357,1361.857,0.1082
mixed,64,8,0.125,4.0,1024,8192,2048,8192,2816,1441.344,1813.415,1491.076,0.1337
mixed,64,8,0.125,4.0,1024,8192,4096,16384,5632,1649.218,2401.701,1712.194,0.0837
mixed,64,8,0.125,4.0,2048,0,128,512,176,860.704,897.378,876.959,0.4432
mixed,64,8,0.125,4.0,2048,0,256,1024,352,878.658,940.261,893.374,0.2389
mixed,64,8,0.125,4.0,2048,0,512,2048,704,913.637,1011.297,929.83,0.1658
mixed,64,8,0.125,4.0,2048,0,1024,4096,1408,964.512,1152.451,992.836,0.1507
mixed,64,8,0.125,4.0,2048,0,2048,8192,2816,1065.633,1444.994,1112.994,0.1248
mixed,64,8,0.125,4.0,2048,0,4096,16384,5632,1266.019,2035.203,1332.963,0.087
mixed,64,8,0.125,4.0,2048,512,128,512,176,1022.178,1056.896,1037.76,0.4488
mixed,64,8,0.125,4.0,2048,512,256,1024,352,1035.106,1100.106,1051.583,0.2535
mixed,64,8,0.125,4.0,2048,512,512,2048,704,1074.079,1182.783,1094.912,0.1916
mixed,64,8,0.125,4.0,2048,512,1024,4096,1408,1129.152,1315.139,1143.075,0.0749
mixed,64,8,0.125,4.0,2048,512,2048,8192,2816,1229.341,1613.407,1268.351,0.1016
mixed,64,8,0.125,4.0,2048,512,4096,16384,5632,1423.362,2199.012,1497.253,0.0953
mixed,64,8,0.125,4.0,2048,1024,128,512,176,1080.291,1109.57,1099.328,0.6502
mixed,64,8,0.125,4.0,2048,1024,256,1024,352,1100.291,1159.46,1114.689,0.2433
mixed,64,8,0.125,4.0,2048,1024,512,2048,704,1133.059,1228.705,1151.458,0.1924
mixed,64,8,0.125,4.0,2048,1024,1024,4096,1408,1179.837,1374.341,1214.146,0.1764
mixed,64,8,0.125,4.0,2048,1024,2048,8192,2816,1279.042,1668.607,1321.828,0.1098
mixed,64,8,0.125,4.0,2048,1024,4096,16384,5632,1482.274,2260.486,1555.267,0.0938
mixed,64,8,0.125,4.0,2048,2048,128,512,176,1202.947,1227.104,1209.061,0.2531
mixed,64,8,0.125,4.0,2048,2048,256,1024,352,1214.178,1269.345,1223.874,0.1758
mixed,64,8,0.125,4.0,2048,2048,512,2048,704,1245.952,1353.094,1269.925,0.2237
mixed,64,8,0.125,4.0,2048,2048,1024,4096,1408,1293.312,1485.568,1318.591,0.1315
mixed,64,8,0.125,4.0,2048,2048,2048,8192,2816,1396.834,1779.714,1441.509,0.1167
mixed,64,8,0.125,4.0,2048,2048,4096,16384,5632,1600.776,2363.173,1673.988,0.096
mixed,64,8,0.125,4.0,2048,4096,128,512,176,1446.978,1477.375,1448.225,0.041
mixed,64,8,0.125,4.0,2048,4096,256,1024,352,1458.561,1525.088,1477.891,0.2906
mixed,64,8,0.125,4.0,2048,4096,512,2048,704,1496.007,1590.335,1516.96,0.2221
mixed,64,8,0.125,4.0,2048,4096,1024,4096,1408,1539.747,1739.102,1575.875,0.1812
mixed,64,8,0.125,4.0,2048,4096,2048,8192,2816,1646.788,2016.931,1689.318,0.1149
mixed,64,8,0.125,4.0,2048,4096,4096,16384,5632,1839.396,2592.834,1911.615,0.0959
mixed,64,8,0.125,4.0,2048,8192,128,512,176,1915.84,1956.835,1924.956,0.2224
mixed,64,8,0.125,4.0,2048,8192,256,1024,352,1917.189,1994.272,1955.231,0.4935
mixed,64,8,0.125,4.0,2048,8192,512,2048,704,1967.45,2065.921,1992.678,0.2562
mixed,64,8,0.125,4.0,2048,8192,1024,4096,1408,2012.32,2202.212,2043.139,0.1623
mixed,64,8,0.125,4.0,2048,8192,2048,8192,2816,2112.187,2483.684,2161.508,0.1328
mixed,64,8,0.125,4.0,2048,8192,4096,16384,5632,2314.791,3063.912,2372.194,0.0766
pure,64,16,0.25,4.0,0,0,128,512,224,139.614,171.297,155.329,0.496
pure,64,16,0.25,4.0,0,0,256,1024,448,168.927,197.312,167.297,-0.0574
pure,64,16,0.25,4.0,0,0,512,2048,896,190.048,245.567,199.807,0.1758
pure,64,16,0.25,4.0,0,0,1024,4096,1792,235.329,341.566,246.913,0.109
pure,64,16,0.25,4.0,0,0,2048,8192,3584,318.399,532.927,338.494,0.0937
pure,64,16,0.25,4.0,0,0,4096,16384,7168,487.008,917.697,509.473,0.0522
mixed,64,16,0.25,4.0,16,0,128,512,224,149.061,178.241,160.387,0.3881
mixed,64,16,0.25,4.0,16,0,256,1024,448,173.023,204.705,171.392,-0.0515
mixed,64,16,0.25,4.0,16,0,512,2048,896,196.638,253.952,193.311,-0.058
mixed,64,16,0.25,4.0,16,0,1024,4096,1792,242.816,349.567,252.674,0.0923
mixed,64,16,0.25,4.0,16,0,2048,8192,3584,327.808,539.33,342.402,0.069
mixed,64,16,0.25,4.0,16,0,4096,16384,7168,495.971,918.466,519.169,0.0549
mixed,64,16,0.25,4.0,16,512,128,512,224,183.074,204.929,168.161,-0.6824
mixed,64,16,0.25,4.0,16,512,256,1024,448,199.455,204.672,177.793,-4.1522
mixed,64,16,0.25,4.0,16,512,512,2048,896,294.432,254.146,194.786,
mixed,64,16,0.25,4.0,16,512,1024,4096,1792,242.304,350.273,255.266,0.1201
mixed,64,16,0.25,4.0,16,512,2048,8192,3584,325.568,542.689,343.615,0.0831
mixed,64,16,0.25,4.0,16,512,4096,16384,7168,492.736,922.336,516.128,0.0545
mixed,64,16,0.25,4.0,16,1024,128,512,224,181.886,202.786,171.072,-0.5174
mixed,64,16,0.25,4.0,16,1024,256,1024,448,198.465,238.399,176.001,-0.5625
mixed,64,16,0.25,4.0,16,1024,512,2048,896,230.368,255.521,196.224,-1.3575
mixed,64,16,0.25,4.0,16,1024,1024,4096,1792,242.11,351.234,242.178,0.0006
mixed,64,16,0.25,4.0,16,1024,2048,8192,3584,331.135,542.115,341.726,0.0502
mixed,64,16,0.25,4.0,16,1024,4096,16384,7168,497.792,924.801,514.147,0.0383
mixed,64,16,0.25,4.0,16,2048,128,512,224,175.328,203.234,173.793,-0.055
mixed,64,16,0.25,4.0,16,2048,256,1024,448,199.232,238.88,180.514,-0.4721
mixed,64,16,0.25,4.0,16,2048,512,2048,896,230.944,310.979,198.527,-0.405
mixed,64,16,0.25,4.0,16,2048,1024,4096,1792,293.247,348.928,245.857,-0.8511
mixed,64,16,0.25,4.0,16,2048,2048,8192,3584,399.87,543.106,345.506,-0.3795
mixed,64,16,0.25,4.0,16,2048,4096,16384,7168,493.153,922.722,519.808,0.0621
mixed,64,16,0.25,4.0,16,4096,128,512,224,179.517,202.082,181.406,0.0837
mixed,64,16,0.25,4.0,16,4096,256,1024,448,194.848,239.165,203.713,0.2
mixed,64,16,0.25,4.0,16,4096,512,2048,896,228.383,306.623,205.438,-0.2933
mixed,64,16,0.25,4.0,16,4096,1024,4096,1792,289.695,446.529,251.935,-0.2408
mixed,64,16,0.25,4.0,16,4096,2048,8192,3584,413.341,540.961,329.314,-0.6584
mixed,64,16,0.25,4.0,16,4096,4096,16384,7168,608.674,924.29,521.28,-0.2769
mixed,64,16,0.25,4.0,16,8192,128,512,224,192.161,200.575,189.311,-0.3387
mixed,64,16,0.25,4.0,16,8192,256,1024,448,199.329,237.441,202.367,0.0797
mixed,64,16,0.25,4.0,16,8192,512,2048,896,226.69,305.28,231.07,0.0557
mixed,64,16,0.25,4.0,16,8192,1024,4096,1792,285.857,443.361,295.648,0.0622
mixed,64,16,0.25,4.0,16,8192,2048,8192,3584,410.466,727.36,331.46,-0.2493
mixed,64,16,0.25,4.0,16,8192,4096,16384,7168,658.624,930.017,513.056,-0.5364
mixed,64,16,0.25,4.0,32,0,128,512,224,152.608,188.382,166.111,0.3775
mixed,64,16,0.25,4.0,32,0,256,1024,448,176.512,204.832,173.984,-0.0893
mixed,64,16,0.25,4.0,32,0,512,2048,896,197.984,256.417,200.639,0.0454
mixed,64,16,0.25,4.0,32,0,1024,4096,1792,245.954,351.298,258.944,0.1233
mixed,64,16,0.25,4.0,32,0,2048,8192,3584,331.232,542.944,355.169,0.1131
mixed,64,16,0.25,4.0,32,0,4096,16384,7168,500.544,927.615,534.146,0.0787
mixed,64,16,0.25,4.0,32,512,128,512,224,186.721,205.312,176.351,-0.5578
mixed,64,16,0.25,4.0,32,512,256,1024,448,200.961,245.473,177.023,-0.5378
mixed,64,16,0.25,4.0,32,512,512,2048,896,234.176,294.943,195.267,-0.6403
mixed,64,16,0.25,4.0,32,512,1024,4096,1792,280.483,384.256,245.474,-0.3374
mixed,64,16,0.25,4.0,32,512,2048,8192,3584,369.596,571.682,352.897,-0.0826
mixed,64,16,0.25,4.0,32,512,4096,16384,7168,524.673,933.793,525.376,0.0017
mixed,64,16,0.25,4.0,32,1024,128,512,224,180.865,203.456,185.923,0.2239
mixed,64,16,0.25,4.0,32,1024,256,1024,448,200.673,246.688,187.968,-0.2761
mixed,64,16,0.25,4.0,32,1024,512,2048,896,231.169,307.583,210.913,-0.2651
mixed,64,16,0.25,4.0,32,1024,1024,4096,1792,291.743,406.21,238.977,-0.461
mixed,64,16,0.25,4.0,32,1024,2048,8192,3584,388.672,598.275,351.105,-0.1792
mixed,64,16,0.25,4.0,32,1024,4096,16384,7168,543.744,966.111,529.279,-0.0342
mixed,64,16,0.25,4.0,32,2048,128,512,224,186.209,206.335,187.295,0.054
mixed,64,16,0.25,4.0,32,2048,256,1024,448,200.543,236.447,202.878,0.065
mixed,64,16,0.25,4.0,32,2048,512,2048,896,228.543,308.255,218.496,-0.126
mixed,64,16,0.25,4.0,32,2048,1024,4096,1792,288.383,450.017,248.032,-0.2496
mixed,64,16,0.25,4.0,32,2048,2048,8192,3584,415.519,636.418,333.341,-0.372
mixed,64,16,0.25,4.0,32,2048,4096,16384,7168,590.624,1001.345,517.217,-0.1787
mixed,64,16,0.25,4.0,32,4096,128,512,224,188.83,197.822,189.247,0.0464
mixed,64,16,0.25,4.0,32,4096,256,1024,448,202.976,236.162,203.425,0.0135
mixed,64,16,0.25,4.0,32,4096,512,2048,896,233.153,303.841,236.639,0.0493
mixed,64,16,0.25,4.0,32,4096,1024,4096,1792,284.001,443.488,296.225,0.0766
mixed,64,16,0.25,4.0,32,4096,2048,8192,3584,409.92,715.78,339.523,-0.2302
mixed,64,16,0.25,4.0,32,4096,4096,16384,7168,650.429,1093.952,514.912,-0.3055
mixed,64,16,0.25,4.0,32,8192,128,512,224,209.856,335.844,206.497,-0.0267
mixed,64,16,0.25,4.0,32,8192,256,1024,448,216.289,228.19,211.618,-0.3925
mixed,64,16,0.25,4.0,32,8192,512,2048,896,224.126,302.336,229.441,0.068
mixed,64,16,0.25,4.0,32,8192,1024,4096,1792,281.474,431.68,299.682,0.1212
mixed,64,16,0.25,4.0,32,8192,2048,8192,3584,396.96,725.152,428.581,0.0963
mixed,64,16,0.25,4.0,32,8192,4096,16384,7168,634.081,1257.73,507.681,-0.2027
mixed,64,16,0.25,4.0,64,0,128,512,224,156.444,192.672,168.61,0.3358
mixed,64,16,0.25,4.0,64,0,256,1024,448,190.85,215.711,175.778,-0.6063
mixed,64,16,0.25,4.0,64,0,512,2048,896,212.642,262.08,202.366,-0.2079
mixed,64,16,0.25,4.0,64,0,1024,4096,1792,250.628,357.438,265.346,0.1378
mixed,64,16,0.25,4.0,64,0,2048,8192,3584,336.32,549.408,359.235,0.1075
mixed,64,16,0.25,4.0,64,0,4096,16384,7168,499.269,931.585,540.993,0.0965
mixed,64,16,0.25,4.0,64,512,128,512,224,174.432,206.461,191.454,0.5315
mixed,64,16,0.25,4.0,64,512,256,1024,448,203.935,236.257,184.318,-0.6069
mixed,64,16,0.25,4.0,64,512,512,2048,896,229.696,289.215,199.134,-0.5135
mixed,64,16,0.25,4.0,64,512,1024,4096,1792,278.688,385.922,243.68,-0.3265
mixed,64,16,0.25,4.0,64,512,2048,8192,3584,360.383,568.865,363.168,0.0134
mixed,64,16,0.25,4.0,64,512,4096,16384,7168,520.543,939.521,550.879,0.0724
mixed,64,16,0.25,4.0,64,1024,128,512,224,183.649,205.341,186.177,0.1165
mixed,64,16,0.25,4.0,64,1024,256,1024,448,204.958,241.087,207.266,0.0639
mixed,64,16,0.25,4.0,64,1024,512,2048,896,231.745,307.71,210.172,-0.284
mixed,64,16,0.25,4.0,64,1024,1024,4096,1792,289.634,403.101,245.025,-0.3931
mixed,64,16,0.25,4.0,64,1024,2048,8192,3584,378.847,585.888,334.88,-0.2124
mixed,64,16,0.25,4.0,64,1024,4096,16384,7168,533.507,953.634,557.407,0.0569
mixed,64,16,0.25,4.0,64,2048,128,512,224,192.578,193.792,194.368,1.4745
mixed,64,16,0.25,4.0,64,2048,256,1024,448,195.809,237.027,200.736,0.1195
mixed,64,16,0.25,4.0,64,2048,512,2048,896,228.159,303.327,240.319,0.1618
mixed,64,16,0.25,4.0,64,2048,1024,4096,1792,289.602,441.572,301.854,0.0806
mixed,64,16,0.25,4.0,64,2048,2048,8192,3584,405.856,624.735,331.359,-0.3404
mixed,64,16,0.25,4.0,64,2048,4096,16384,7168,577.569,991.455,507.391,-0.1696
mixed,64,16,0.25,4.0,64,4096,128,512,224,209.854,227.202,203.296,-0.378
mixed,64,16,0.25,4.0,64,4096,256,1024,448,220.832,224.767,215.2,-1.4313
mixed,64,16,0.25,4.0,64,4096,512,2048,896,224.737,301.888,231.552,0.0883
mixed,64,16,0.25,4.0,64,4096,1024,4096,1792,286.179,426.816,300.192,0.0996
mixed,64,16,0.25,4.0,64,4096,2048,8192,3584,395.201,698.72,421.44,0.0864
mixed,64,16,0.25,4.0,64,4096,4096,16384,7168,634.945,1069.023,506.594,-0.2957
mixed,64,16,0.25,4.0,64,8192,128,512,224,234.207,243.968,232.319,-0.1934
mixed,64,16,0.25,4.0,64,8192,256,1024,448,245.054,282.365,243.776,-0.0343
mixed,64,16,0.25,4.0,64,8192,512,2048,896,268.353,293.793,256.418,-0.4691
mixed,64,16,0.25,4.0,64,8192,1024,4096,1792,276.768,424.866,289.855,0.0884
mixed,64,16,0.25,4.0,64,8192,2048,8192,3584,397.187,667.745,426.88,0.1097
mixed,64,16,0.25,4.0,64,8192,4096,16384,7168,599.295,1209.027,655.904,0.0928
mixed,64,16,0.25,4.0,128,0,128,512,224,163.713,208.032,176.384,0.2859
mixed,64,16,0.25,4.0,128,0,256,1024,448,206.528,230.593,192.928,-0.5651
mixed,64,16,0.25,4.0,128,0,512,2048,896,226.207,280.035,211.041,-0.2817
mixed,64,16,0.25,4.0,128,0,1024,4096,1792,268.737,371.743,271.168,0.0236
mixed,64,16,0.25,4.0,128,0,2048,8192,3584,347.968,566.175,357.566,0.044
mixed,64,16,0.25,4.0,128,0,4096,16384,7168,521.249,943.84,528.223,0.0165
mixed,64,16,0.25,4.0,128,512,128,512,224,199.519,223.041,197.505,-0.0856
mixed,64,16,0.25,4.0,128,512,256,1024,448,220.866,245.123,216.578,-0.1768
mixed,64,16,0.25,4.0,128,512,512,2048,896,238.336,298.529,211.71,-0.4423
mixed,64,16,0.25,4.0,128,512,1024,4096,1792,287.359,400.706,295.168,0.0689
mixed,64,16,0.25,4.0,128,512,2048,8192,3584,378.783,593.729,381.637,0.0133
mixed,64,16,0.25,4.0,128,512,4096,16384,7168,542.401,982.398,528.926,-0.0306
mixed,64,16,0.25,4.0,128,1024,128,512,224,206.497,211.042,216.225,2.1404
mixed,64,16,0.25,4.0,128,1024,256,1024,448,209.44,254.75,213.473,0.089
mixed,64,16,0.25,4.0,128,1024,512,2048,896,248.897,313.089,251.142,0.035
mixed,64,16,0.25,4.0,128,1024,1024,4096,1792,291.841,417.091,300.542,0.0695
mixed,64,16,0.25,4.0,128,1024,2048,8192,3584,392.19,605.76,400.512,0.039
mixed,64,16,0.25,4.0,128,1024,4096,16384,7168,551.743,993.347,560.672,0.0202
mixed,64,16,0.25,4.0,128,2048,128,512,224,222.463,242.016,215.166,-0.3732
mixed,64,16,0.25,4.0,128,2048,256,1024,448,231.905,236.703,236.705,1.0004
mixed,64,16,0.25,4.0,128,2048,512,2048,896,239.52,313.954,243.299,0.0508
mixed,64,16,0.25,4.0,128,2048,1024,4096,1792,302.593,437.44,310.562,0.0591
mixed,64,16,0.25,4.0,128,2048,2048,8192,3584,404.928,636.607,426.112,0.0914
mixed,64,16,0.25,4.0,128,2048,4096,16384,7168,583.686,1014.945,613.343,0.0688
mixed,64,16,0.25,4.0,128,4096,128,512,224,260.991,257.889,262.081,
mixed,64,16,0.25,4.0,128,4096,256,1024,448,258.207,295.615,258.657,0.012
mixed,64,16,0.25,4.0,128,4096,512,2048,896,283.456,290.145,291.488,1.2008
mixed,64,16,0.25,4.0,128,4096,1024,4096,1792,294.303,426.495,298.819,0.0342
mixed,64,16,0.25,4.0,128,4096,2048,8192,3584,400.29,688.546,427.356,0.0939
mixed,64,16,0.25,4.0,128,4096,4096,16384,7168,617.536,1075.81,672.097,0.1191
mixed,64,16,0.25,4.0,128,8192,128,512,224,312.48,330.337,314.883,0.1346
mixed,64,16,0.25,4.0,128,8192,256,1024,448,327.23,327.712,341.057,28.6867
mixed,64,16,0.25,4.0,128,8192,512,2048,896,355.809,404.256,399.935,0.9108
mixed,64,16,0.25,4.0,128,8192,1024,4096,1792,378.847,403.364,379.745,0.0366
mixed,64,16,0.25,4.0,128,8192,2048,8192,3584,403.84,665.632,410.434,0.0252
mixed,64,16,0.25,4.0,128,8192,4096,16384,7168,593.023,1177.729,645.443,0.0897
mixed,64,16,0.25,4.0,256,0,128,512,224,189.472,245.602,209.984,0.3654
mixed,64,16,0.25,4.0,256,0,256,1024,448,244.321,269.986,225.151,-0.7469
mixed,64,16,0.25,4.0,256,0,512,2048,896,263.552,315.616,257.536,-0.1156
mixed,64,16,0.25,4.0,256,0,1024,4096,1792,304.574,403.807,316.961,0.1248
mixed,64,16,0.25,4.0,256,0,2048,8192,3584,382.592,597.213,432.384,0.232
mixed,64,16,0.25,4.0,256,0,4096,16384,7168,548.196,995.492,710.85,0.3636
mixed,64,16,0.25,4.0,256,512,128,512,224,258.943,226.401,266.304,
mixed,64,16,0.25,4.0,256,512,256,1024,448,272.577,269.125,276.352,
mixed,64,16,0.25,4.0,256,512,512,2048,896,243.01,316.833,267.903,0.3372
mixed,64,16,0.25,4.0,256,512,1024,4096,1792,308.799,415.139,312.032,0.0304
mixed,64,16,0.25,4.0,256,512,2048,8192,3584,394.624,606.401,426.335,0.1497
mixed,64,16,0.25,4.0,256,512,4096,16384,7168,560.194,997.767,647.777,0.2002
mixed,64,16,0.25,4.0,256,1024,128,512,224,269.376,290.304,280.099,0.5124
mixed,64,16,0.25,4.0,256,1024,256,1024,448,288.191,249.343,292.608,
mixed,64,16,0.25,4.0,256,1024,512,2048,896,312.382,330.69,320.065,0.4197
mixed,64,16,0.25,4.0,256,1024,1024,4096,1792,319.679,424.48,321.503,0.0174
mixed,64,16,0.25,4.0,256,1024,2048,8192,3584,400.641,616.643,428.832,0.1305
mixed,64,16,0.25,4.0,256,1024,4096,16384,7168,568.77,999.074,648.701,0.1858
mixed,64,16,0.25,4.0,256,2048,128,512,224,294.687,317.055,306.306,0.5194
mixed,64,16,0.25,4.0,256,2048,256,1024,448,312.03,347.904,335.328,0.6494
mixed,64,16,0.25,4.0,256,2048,512,2048,896,338.24,304.804,349.377,
mixed,64,16,0.25,4.0,256,2048,1024,4096,1792,389.09,440.128,410.913,0.4276
mixed,64,16,0.25,4.0,256,2048,2048,8192,3584,421.666,626.882,432.674,0.0536
mixed,64,16,0.25,4.0,256,2048,4096,16384,7168,580.578,1013.183,642.88,0.144
mixed,64,16,0.25,4.0,256,4096,128,512,224,348.255,364.739,349.216,0.0583
mixed,64,16,0.25,4.0,256,4096,256,1024,448,547.137,396.095,386.497,
mixed,64,16,0.25,4.0,256,4096,512,2048,896,393.056,450.335,442.369,0.8609
mixed,64,16,0.25,4.0,256,4096,1024,4096,1792,439.456,419.105,454.145,
mixed,64,16,0.25,4.0,256,4096,2048,8192,3584,534.212,666.913,568.607,0.2592
mixed,64,16,0.25,4.0,256,4096,4096,16384,7168,608.994,1041.086,645.858,0.0853
mixed,64,16,0.25,4.0,256,8192,128,512,224,455.617,470.432,448.226,-0.4989
mixed,64,16,0.25,4.0,256,8192,256,1024,448,463.394,498.946,456.35,-0.1981
mixed,64,16,0.25,4.0,256,8192,512,2048,896,490.144,559.842,547.233,0.8191
mixed,64,16,0.25,4.0,256,8192,1024,4096,1792,540.576,660.065,653.505,0.9451
mixed,64,16,0.25,4.0,256,8192,2048,8192,3584,635.909,642.975,671.838,5.0848
mixed,64,16,0.25,4.0,256,8192,4096,16384,7168,823.585,1099.041,897.442,0.2681
mixed,64,16,0.25,4.0,512,0,128,512,224,301.79,313.696,295.168,-0.5562
mixed,64,16,0.25,4.0,512,0,256,1024,448,311.551,333.921,317.822,0.2803
mixed,64,16,0.25,4.0,512,0,512,2048,896,324.575,389.568,377.761,0.8183
mixed,64,16,0.25,4.0,512,0,1024,4096,1792,380.96,500.35,491.841,0.9287
mixed,64,16,0.25,4.0,512,0,2048,8192,3584,480.002,720.963,693.76,0.8871
mixed,64,16,0.25,4.0,512,0,4096,16384,7168,665.697,1153.505,1106.017,0.9027
mixed,64,16,0.25,4.0,512,512,128,512,224,325.761,352.672,328.289,0.0939
mixed,64,16,0.25,4.0,512,512,256,1024,448,342.718,381.73,362.338,0.5029
mixed,64,16,0.25,4.0,512,512,512,2048,896,373.155,434.4,424.381,0.8364
mixed,64,16,0.25,4.0,512,512,1024,4096,1792,424.483,546.752,524.897,0.8213
mixed,64,16,0.25,4.0,512,512,2048,8192,3584,518.85,762.338,738.239,0.901
mixed,64,16,0.25,4.0,512,512,4096,16384,7168,729.284,1191.456,1146.498,0.9027
mixed,64,16,0.25,4.0,512,1024,128,512,224,349.251,374.433,355.935,0.2654
mixed,64,16,0.25,4.0,512,1024,256,1024,448,369.122,409.151,383.136,0.3501
mixed,64,16,0.25,4.0,512,1024,512,2048,896,398.816,462.944,444.224,0.7081
mixed,64,16,0.25,4.0,512,1024,1024,4096,1792,451.394,570.305,551.552,0.8423
mixed,64,16,0.25,4.0,512,1024,2048,8192,3584,550.147,795.553,758.66,0.8497
mixed,64,16,0.25,4.0,512,1024,4096,16384,7168,736.609,1230.596,1177.891,0.8933
mixed,64,16,0.25,4.0,512,2048,128,512,224,397.665,425.118,398.687,0.0372
mixed,64,16,0.25,4.0,512,2048,256,1024,448,415.04,457.057,437.891,0.5439
mixed,64,16,0.25,4.0,512,2048,512,2048,896,448.319,510.722,499.776,0.8246
mixed,64,16,0.25,4.0,512,2048,1024,4096,1792,498.814,620.481,605.154,0.874
mixed,64,16,0.25,4.0,512,2048,2048,8192,3584,592.545,832.963,810.211,0.9054
mixed,64,16,0.25,4.0,512,2048,4096,16384,7168,786.852,1280.385,1225.086,0.888
mixed,64,16,0.25,4.0,512,4096,128,512,224,501.57,525.315,499.777,-0.0755
mixed,64,16,0.25,4.0,512,4096,256,1024,448,518.019,561.505,511.939,-0.1398
mixed,64,16,0.25,4.0,512,4096,512,2048,896,548.002,612.577,602.048,0.8369
mixed,64,16,0.25,4.0,512,4096,1024,4096,1792,602.24,718.111,703.01,0.8697
mixed,64,16,0.25,4.0,512,4096,2048,8192,3584,692.578,940.93,914.208,0.8924
mixed,64,16,0.25,4.0,512,4096,4096,16384,7168,891.458,1380.002,1325.667,0.8888
mixed,64,16,0.25,4.0,512,8192,128,512,224,706.816,724.319,702.145,-0.2669
mixed,64,16,0.25,4.0,512,8192,256,1024,448,716.321,750.176,705.44,-0.3214
mixed,64,16,0.25,4.0,512,8192,512,2048,896,741.023,805.217,726.816,-0.2213
mixed,64,16,0.25,4.0,512,8192,1024,4096,1792,796.352,920.931,902.337,0.8507
mixed,64,16,0.25,4.0,512,8192,2048,8192,3584,894.56,1130.115,1114.178,0.9323
mixed,64,16,0.25,4.0,512,8192,4096,16384,7168,1095.204,1567.778,1529.667,0.9194
mixed,64,16,0.25,4.0,1024,0,128,512,224,519.81,540.96,512.162,-0.3616
mixed,64,16,0.25,4.0,1024,0,256,1024,448,530.079,589.345,536.77,0.1129
mixed,64,16,0.25,4.0,1024,0,512,2048,896,572.764,656.615,586.149,0.1596
mixed,64,16,0.25,4.0,1024,0,1024,4096,1792,646.466,805.471,658.627,0.0765
mixed,64,16,0.25,4.0,1024,0,2048,8192,3584,779.711,1094.919,791.198,0.0364
mixed,64,16,0.25,4.0,1024,0,4096,16384,7168,1015.617,1685.441,1059.584,0.0656
mixed,64,16,0.25,4.0,1024,512,128,512,224,646.017,663.012,626.43,-1.1525
mixed,64,16,0.25,4.0,1024,512,256,1024,448,649.569,695.844,655.838,0.1355
mixed,64,16,0.25,4.0,1024,512,512,2048,896,698.634,773.733,706.015,0.0983
mixed,64,16,0.25,4.0,1024,512,1024,4096,1792,763.169,917.059,782.335,0.1245
mixed,64,16,0.25,4.0,1024,512,2048,8192,3584,883.904,1198.566,925.764,0.133
mixed,64,16,0.25,4.0,1024,512,4096,16384,7168,1141.536,1809.731,1175.551,0.0509
mixed,64,16,0.25,4.0,1024,1024,128,512,224,673.184,698.719,671.711,-0.0577
mixed,64,16,0.25,4.0,1024,1024,256,1024,448,689.444,743.107,694.527,0.0947
mixed,64,16,0.25,4.0,1024,1024,512,2048,896,737.729,823.585,744.605,0.0801
mixed,64,16,0.25,4.0,1024,1024,1024,4096,1792,800.929,968.412,814.115,0.0787
mixed,64,16,0.25,4.0,1024,1024,2048,8192,3584,932.1,1256.998,944.259,0.0374
mixed,64,16,0.25,4.0,1024,1024,4096,16384,7168,1184.775,1849.44,1215.36,0.046
mixed,64,16,0.25,4.0,1024,2048,128,512,224,759.807,782.719,752.037,-0.3391
mixed,64,16,0.25,4.0,1024,2048,256,1024,448,771.814,809.762,764.963,-0.1805
mixed,64,16,0.25,4.0,1024,2048,512,2048,896,796.322,889.281,833.989,0.4052
mixed,64,16,0.25,4.0,1024,2048,1024,4096,1792,881.732,1039.394,895.394,0.0867
mixed,64,16,0.25,4.0,1024,2048,2048,8192,3584,997.575,1324.579,1036.704,0.1197
mixed,64,16,0.25,4.0,1024,2048,4096,16384,7168,1257.952,1920.13,1292.38,0.052
mixed,64,16,0.25,4.0,1024,4096,128,512,224,920.482,946.178,916.354,-0.1606
mixed,64,16,0.25,4.0,1024,4096,256,1024,448,935.132,984.861,932.741,-0.0481
mixed,64,16,0.25,4.0,1024,4096,512,2048,896,974.589,1049.283,989.123,0.1946
mixed,64,16,0.25,4.0,1024,4096,1024,4096,1792,1047.522,1204.007,1056.291,0.056
mixed,64,16,0.25,4.0,1024,4096,2048,8192,3584,1160.869,1495.17,1195.165,0.1026
mixed,64,16,0.25,4.0,1024,4096,4096,16384,7168,1418.531,2065.16,1465.215,0.0722
mixed,64,16,0.25,4.0,1024,8192,128,512,224,1254.243,1275.903,1252.263,-0.0914
mixed,64,16,0.25,4.0,1024,8192,256,1024,448,1274.595,1321.503,1273.315,-0.0273
mixed,64,16,0.25,4.0,1024,8192,512,2048,896,1307.237,1389.38,1322.303,0.1834
mixed,64,16,0.25,4.0,1024,8192,1024,4096,1792,1378.399,1544.448,1382.754,0.0262
mixed,64,16,0.25,4.0,1024,8192,2048,8192,3584,1492.58,1815.169,1520.103,0.0853
mixed,64,16,0.25,4.0,1024,8192,4096,16384,7168,1750.396,2395.551,1789.573,0.0607
mixed,64,16,0.25,4.0,2048,0,128,512,224,861.187,899.041,868.899,0.2037
mixed,64,16,0.25,4.0,2048,0,256,1024,448,891.839,942.08,889.667,-0.0432
mixed,64,16,0.25,4.0,2048,0,512,2048,896,930.048,1011.39,939.679,0.1184
mixed,64,16,0.25,4.0,2048,0,1024,4096,1792,998.787,1157.544,1006.947,0.0514
mixed,64,16,0.25,4.0,2048,0,2048,8192,3584,1126.049,1449.024,1159.905,0.1048
mixed,64,16,0.25,4.0,2048,0,4096,16384,7168,1372.738,2045.158,1408.07,0.0525
mixed,64,16,0.25,4.0,2048,512,128,512,224,1032.612,1050.025,1025.055,-0.434
mixed,64,16,0.25,4.0,2048,512,256,1024,448,1050.915,1102.275,1048.965,-0.038
mixed,64,16,0.25,4.0,2048,512,512,2048,896,1090.883,1170.434,1097.758,0.0864
mixed,64,16,0.25,4.0,2048,512,1024,4096,1792,1160.195,1319.743,1179.457,0.1207
mixed,64,16,0.25,4.0,2048,512,2048,8192,3584,1284.962,1603.653,1313.253,0.0888
mixed,64,16,0.25,4.0,2048,512,4096,16384,7168,1545.119,2197.983,1571.873,0.041
mixed,64,16,0.25,4.0,2048,1024,128,512,224,1098.909,1116.865,1083.776,-0.8428
mixed,64,16,0.25,4.0,2048,1024,256,1024,448,1107.3,1155.779,1108.16,0.0177
mixed,64,16,0.25,4.0,2048,1024,512,2048,896,1148.127,1231.65,1160.993,0.154
mixed,64,16,0.25,4.0,2048,1024,1024,4096,1792,1218.305,1371.396,1228.993,0.0698
mixed,64,16,0.25,4.0,2048,1024,2048,8192,3584,1342.141,1666.02,1360.294,0.056
mixed,64,16,0.25,4.0,2048,1024,4096,16384,7168,1596.196,2273.22,1627.01,0.0455
mixed,64,16,0.25,4.0,2048,2048,128,512,224,1202.595,1229.51,1196.867,-0.2128
mixed,64,16,0.25,4.0,2048,2048,256,1024,448,1218.881,1269.155,1225.316,0.128
mixed,64,16,0.25,4.0,2048,2048,512,2048,896,1269.445,1346.115,1269.604,0.0021
mixed,64,16,0.25,4.0,2048,2048,1024,4096,1792,1324.638,1492.295,1346.399,0.1298
mixed,64,16,0.25,4.0,2048,2048,2048,8192,3584,1446.815,1773.376,1471.299,0.075
mixed,64,16,0.25,4.0,2048,2048,4096,16384,7168,1700.067,2360.1,1738.658,0.0585
mixed,64,16,0.25,4.0,2048,4096,128,512,224,1455.649,1479.363,1453.376,-0.0959
mixed,64,16,0.25,4.0,2048,4096,256,1024,448,1464.23,1512.612,1462.882,-0.0279
mixed,64,16,0.25,4.0,2048,4096,512,2048,896,1509.734,1595.614,1521.414,0.136
mixed,64,16,0.25,4.0,2048,4096,1024,4096,1792,1579.651,1737.821,1594.887,0.0963
mixed,64,16,0.25,4.0,2048,4096,2048,8192,3584,1706.537,2021.503,1718.311,0.0374
mixed,64,16,0.25,4.0,2048,4096,4096,16384,7168,1946.244,2597.703,1983.138,0.0566
mixed,64,16,0.25,4.0,2048,8192,128,512,224,1920.644,1955.17,1926.213,0.1613
mixed,64,16,0.25,4.0,2048,8192,256,1024,448,1945.634,1984.901,1943.555,-0.0529
mixed,64,16,0.25,4.0,2048,8192,512,2048,896,1977.025,2063.137,1988.45,0.1327
mixed,64,16,0.25,4.0,2048,8192,1024,4096,1792,2037.985,2195.647,2055.045,0.1082
mixed,64,16,0.25,4.0,2048,8192,2048,8192,3584,2165.826,2487.721,2189.184,0.0726
mixed,64,16,0.25,4.0,2048,8192,4096,16384,7168,2422.435,3066.114,2454.251,0.0494
pure,64,32,0.5,4.0,0,0,128,512,320,158.497,170.14,157.312,-0.1018
pure,64,32,0.5,4.0,0,0,256,1024,640,177.058,195.905,176.639,-0.0222
pure,64,32,0.5,4.0,0,0,512,2048,1280,209.25,246.403,207.777,-0.0396
pure,64,32,0.5,4.0,0,0,1024,4096,2560,271.136,344.067,268.387,-0.0377
pure,64,32,0.5,4.0,0,0,2048,8192,5120,388.639,535.587,388.769,0.0009
pure,64,32,0.5,4.0,0,0,4096,16384,10240,627.937,915.265,626.273,-0.0058
mixed,64,32,0.5,4.0,16,0,128,512,320,166.27,179.936,165.245,-0.075
mixed,64,32,0.5,4.0,16,0,256,1024,640,185.889,204.195,185.472,-0.0228
mixed,64,32,0.5,4.0,16,0,512,2048,1280,218.367,253.343,214.85,-0.1006
mixed,64,32,0.5,4.0,16,0,1024,4096,2560,277.597,350.785,278.368,0.0105
mixed,64,32,0.5,4.0,16,0,2048,8192,5120,395.876,538.882,397.217,0.0094
mixed,64,32,0.5,4.0,16,0,4096,16384,10240,634.497,923.455,637.602,0.0107
mixed,64,32,0.5,4.0,16,512,128,512,320,189.025,202.525,181.632,-0.5476
mixed,64,32,0.5,4.0,16,512,256,1024,640,215.17,203.743,208.223,
mixed,64,32,0.5,4.0,16,512,512,2048,1280,218.529,253.792,215.01,-0.0998
mixed,64,32,0.5,4.0,16,512,1024,4096,2560,279.713,351.74,277.245,-0.0343
mixed,64,32,0.5,4.0,16,512,2048,8192,5120,398.269,542.594,397.28,-0.0069
mixed,64,32,0.5,4.0,16,512,4096,16384,10240,638.495,922.147,637.025,-0.0052
mixed,64,32,0.5,4.0,16,1024,128,512,320,183.581,200.799,184.51,0.054
mixed,64,32,0.5,4.0,16,1024,256,1024,640,212.165,239.391,204.93,-0.2657
mixed,64,32,0.5,4.0,16,1024,512,2048,1280,254.816,253.889,247.171,
mixed,64,32,0.5,4.0,16,1024,1024,4096,2560,279.423,349.729,277.152,-0.0323
mixed,64,32,0.5,4.0,16,1024,2048,8192,5120,398.529,540.16,395.583,-0.0208
mixed,64,32,0.5,4.0,16,1024,4096,16384,10240,635.328,921.376,639.712,0.0153
mixed,64,32,0.5,4.0,16,2048,128,512,320,187.809,203.232,173.505,-0.9274
mixed,64,32,0.5,4.0,16,2048,256,1024,640,213.632,236.417,208.065,-0.2443
mixed,64,32,0.5,4.0,16,2048,512,2048,1280,257.727,308.703,243.394,-0.2812
mixed,64,32,0.5,4.0,16,2048,1024,4096,2560,342.209,347.487,323.583,-3.529
mixed,64,32,0.5,4.0,16,2048,2048,8192,5120,396.384,541.152,398.207,0.0126
mixed,64,32,0.5,4.0,16,2048,4096,16384,10240,636.098,925.698,638.498,0.0083
mixed,64,32,0.5,4.0,16,4096,128,512,320,178.815,201.761,180.415,0.0697
mixed,64,32,0.5,4.0,16,4096,256,1024,640,211.071,236.354,194.976,-0.6366
mixed,64,32,0.5,4.0,16,4096,512,2048,1280,252.449,306.595,240.321,-0.224
mixed,64,32,0.5,4.0,16,4096,1024,4096,2560,343.325,446.945,318.688,-0.2378
mixed,64,32,0.5,4.0,16,4096,2048,8192,5120,511.965,539.97,475.266,-1.3104
mixed,64,32,0.5,4.0,16,4096,4096,16384,10240,640.544,921.891,634.818,-0.0204
mixed,64,32,0.5,4.0,16,8192,128,512,320,193.633,197.986,193.918,0.0655
mixed,64,32,0.5,4.0,16,8192,256,1024,640,200.32,236.48,204.388,0.1125
mixed,64,32,0.5,4.0,16,8192,512,2048,1280,251.456,303.518,246.593,-0.0934
mixed,64,32,0.5,4.0,16,8192,1024,4096,2560,338.752,442.976,310.176,-0.2742
mixed,64,32,0.5,4.0,16,8192,2048,8192,5120,517.28,721.632,460.992,-0.2754
mixed,64,32,0.5,4.0,16,8192,4096,16384,10240,833.953,928.515,780.577,-0.5645
mixed,64,32,0.5,4.0,32,0,128,512,320,171.872,180.446,171.2,-0.0784
mixed,64,32,0.5,4.0,32,0,256,1024,640,187.361,203.326,184.608,-0.1724
mixed,64,32,0.5,4.0,32,0,512,2048,1280,217.825,255.774,221.057,0.0852
mixed,64,32,0.5,4.0,32,0,1024,4096,2560,283.585,352.063,283.425,-0.0023
mixed,64,32,0.5,4.0,32,0,2048,8192,5120,406.241,542.722,400.608,-0.0413
mixed,64,32,0.5,4.0,32,0,4096,16384,10240,639.171,925.155,646.689,0.0263
mixed,64,32,0.5,4.0,32,512,128,512,320,195.935,206.593,192.991,-0.2762
mixed,64,32,0.5,4.0,32,512,256,1024,640,213.123,241.503,214.561,0.0507
mixed,64,32,0.5,4.0,32,512,512,2048,1280,256.512,294.625,244.512,-0.3149
mixed,64,32,0.5,4.0,32,512,1024,4096,2560,325.6,389.119,303.489,-0.3481
mixed,64,32,0.5,4.0,32,512,2048,8192,5120,430.015,573.28,404.926,-0.1751
mixed,64,32,0.5,4.0,32,512,4096,16384,10240,658.466,936.77,636.162,-0.0801
mixed,64,32,0.5,4.0,32,1024,128,512,320,186.848,203.264,176.288,-0.6433
mixed,64,32,0.5,4.0,32,1024,256,1024,640,211.01,245.09,207.456,-0.1043
mixed,64,32,0.5,4.0,32,1024,512,2048,1280,254.722,304.48,252.673,-0.0412
mixed,64,32,0.5,4.0,32,1024,1024,4096,2560,335.073,408.704,317.983,-0.2321
mixed,64,32,0.5,4.0,32,1024,2048,8192,5120,460.227,590.593,426.816,-0.2563
mixed,64,32,0.5,4.0,32,1024,4096,16384,10240,681.632,947.553,642.851,-0.1458
mixed,64,32,0.5,4.0,32,2048,128,512,320,188.992,203.714,187.585,-0.0956
mixed,64,32,0.5,4.0,32,2048,256,1024,640,209.857,236.798,200.641,-0.3421
mixed,64,32,0.5,4.0,32,2048,512,2048,1280,253.472,321.379,246.559,-0.1018
mixed,64,32,0.5,4.0,32,2048,1024,4096,2560,339.231,446.656,321.825,-0.162
mixed,64,32,0.5,4.0,32,2048,2048,8192,5120,498.595,635.902,706.401,1.5134
mixed,64,32,0.5,4.0,32,2048,4096,16384,10240,724.449,988.42,674.913,-0.1877
mixed,64,32,0.5,4.0,32,4096,128,512,320,196.13,196.701,192.733,-5.9492
mixed,64,32,0.5,4.0,32,4096,256,1024,640,198.977,235.999,203.458,0.121
mixed,64,32,0.5,4.0,32,4096,512,2048,1280,248.321,303.873,253.695,0.0967
mixed,64,32,0.5,4.0,32,4096,1024,4096,2560,338.176,451.712,333.796,-0.0386
mixed,64,32,0.5,4.0,32,4096,2048,8192,5120,492.799,721.985,476.321,-0.0719
mixed,64,32,0.5,4.0,32,4096,4096,16384,10240,819.14,1089.377,760.546,-0.2168
mixed,64,32,0.5,4.0,32,8192,128,512,320,202.784,225.249,206.466,0.1639
mixed,64,32,0.5,4.0,32,8192,256,1024,640,241.022,221.087,226.338,
mixed,64,32,0.5,4.0,32,8192,512,2048,1280,263.519,306.083,260.802,-0.0638
mixed,64,32,0.5,4.0,32,8192,1024,4096,2560,340.032,433.152,333.951,-0.0653
mixed,64,32,0.5,4.0,32,8192,2048,8192,5120,501.985,697.184,473.315,-0.1469
mixed,64,32,0.5,4.0,32,8192,4096,16384,10240,800.45,1262.467,767.492,-0.0713
mixed,64,32,0.5,4.0,64,0,128,512,320,182.944,192.769,182.306,-0.0649
mixed,64,32,0.5,4.0,64,0,256,1024,640,199.681,218.847,200.259,0.0302
mixed,64,32,0.5,4.0,64,0,512,2048,1280,228.127,259.105,222.239,-0.1901
mixed,64,32,0.5,4.0,64,0,1024,4096,2560,283.744,357.027,282.369,-0.0188
mixed,64,32,0.5,4.0,64,0,2048,8192,5120,406.015,549.568,405.091,-0.0064
mixed,64,32,0.5,4.0,64,0,4096,16384,10240,644.448,932.674,650.496,0.021
mixed,64,32,0.5,4.0,64,512,128,512,320,191.679,205.953,177.762,-0.975
mixed,64,32,0.5,4.0,64,512,256,1024,640,215.744,236.927,211.552,-0.1979
mixed,64,32,0.5,4.0,64,512,512,2048,1280,251.648,290.914,245.695,-0.1516
mixed,64,32,0.5,4.0,64,512,1024,4096,2560,316.353,385.763,301.025,-0.2208
mixed,64,32,0.5,4.0,64,512,2048,8192,5120,427.105,570.496,406.623,-0.1428
mixed,64,32,0.5,4.0,64,512,4096,16384,10240,655.937,935.362,642.401,-0.0484
mixed,64,32,0.5,4.0,64,1024,128,512,320,184.223,208.224,184.898,0.0281
mixed,64,32,0.5,4.0,64,1024,256,1024,640,215.678,239.487,196.322,-0.813
mixed,64,32,0.5,4.0,64,1024,512,2048,1280,254.781,307.391,251.326,-0.0657
mixed,64,32,0.5,4.0,64,1024,1024,4096,2560,328.098,404.064,314.337,-0.1811
mixed,64,32,0.5,4.0,64,1024,2048,8192,5120,446.494,585.984,423.711,-0.1633
mixed,64,32,0.5,4.0,64,1024,4096,16384,10240,680.415,953.921,645.028,-0.1294
mixed,64,32,0.5,4.0,64,2048,128,512,320,208.894,191.168,200.77,
mixed,64,32,0.5,4.0,64,2048,256,1024,640,203.648,237.697,208.191,0.1334
mixed,64,32,0.5,4.0,64,2048,512,2048,1280,255.618,306.116,257.954,0.0463
mixed,64,32,0.5,4.0,64,2048,1024,4096,2560,328.255,442.207,323.299,-0.0435
mixed,64,32,0.5,4.0,64,2048,2048,8192,5120,483.521,624.352,463.199,-0.1443
mixed,64,32,0.5,4.0,64,2048,4096,16384,10240,714.655,994.657,671.198,-0.1552
mixed,64,32,0.5,4.0,64,4096,128,512,320,208.992,226.654,207.904,-0.0616
mixed,64,32,0.5,4.0,64,4096,256,1024,640,240.703,222.786,234.496,
mixed,64,32,0.5,4.0,64,4096,512,2048,1280,260.352,303.072,263.774,0.0801
mixed,64,32,0.5,4.0,64,4096,1024,4096,2560,334.242,425.251,336.611,0.026
mixed,64,32,0.5,4.0,64,4096,2048,8192,5120,470.944,694.116,449.153,-0.0976
mixed,64,32,0.5,4.0,64,4096,4096,16384,10240,784.641,1070.849,743.586,-0.1434
mixed,64,32,0.5,4.0,64,8192,128,512,320,243.648,243.903,234.593,-35.5098
mixed,64,32,0.5,4.0,64,8192,256,1024,640,240.126,282.948,241.345,0.0285
mixed,64,32,0.5,4.0,64,8192,512,2048,1280,309.121,293.888,287.102,
mixed,64,32,0.5,4.0,64,8192,1024,4096,2560,341.189,426.143,355.773,0.1717
mixed,64,32,0.5,4.0,64,8192,2048,8192,5120,481.374,668.193,492.384,0.0589
mixed,64,32,0.5,4.0,64,8192,4096,16384,10240,754.945,1211.453,717.726,-0.0815
mixed,64,32,0.5,4.0,128,0,128,512,320,199.165,207.072,198.942,-0.0282
mixed,64,32,0.5,4.0,128,0,256,1024,640,213.021,233.087,215.297,0.1134
mixed,64,32,0.5,4.0,128,0,512,2048,1280,244.736,277.824,244.127,-0.0184
mixed,64,32,0.5,4.0,128,0,1024,4096,2560,300.158,371.712,297.536,-0.0366
mixed,64,32,0.5,4.0,128,0,2048,8192,5120,424.098,563.712,422.207,-0.0135
mixed,64,32,0.5,4.0,128,0,4096,16384,10240,664.322,950.785,664.638,0.0011
mixed,64,32,0.5,4.0,128,512,128,512,320,193.696,224.192,210.052,0.5363
mixed,64,32,0.5,4.0,128,512,256,1024,640,229.056,250.337,227.199,-0.0873
mixed,64,32,0.5,4.0,128,512,512,2048,1280,259.393,303.908,255.654,-0.084
mixed,64,32,0.5,4.0,128,512,1024,4096,2560,326.751,401.44,314.692,-0.1615
mixed,64,32,0.5,4.0,128,512,2048,8192,5120,450.786,592.416,426.912,-0.1686
mixed,64,32,0.5,4.0,128,512,4096,16384,10240,686.82,979.201,653.503,-0.114
mixed,64,32,0.5,4.0,128,1024,128,512,320,226.944,207.812,224.067,
mixed,64,32,0.5,4.0,128,1024,256,1024,640,210.079,253.922,233.985,0.5453
mixed,64,32,0.5,4.0,128,1024,512,2048,1280,270.144,314.272,267.167,-0.0675
mixed,64,32,0.5,4.0,128,1024,1024,4096,2560,337.152,412.737,319.649,-0.2316
mixed,64,32,0.5,4.0,128,1024,2048,8192,5120,458.112,607.681,440.8,-0.1157
mixed,64,32,0.5,4.0,128,1024,4096,16384,10240,702.208,990.274,653.668,-0.1685
mixed,64,32,0.5,4.0,128,2048,128,512,320,218.818,242.047,222.529,0.1598
mixed,64,32,0.5,4.0,128,2048,256,1024,640,257.25,237.217,246.818,
mixed,64,32,0.5,4.0,128,2048,512,2048,1280,252.258,311.296,274.819,0.3821
mixed,64,32,0.5,4.0,128,2048,1024,4096,2560,337.533,437.409,337.662,0.0013
mixed,64,32,0.5,4.0,128,2048,2048,8192,5120,485.824,631.807,465.566,-0.1388
mixed,64,32,0.5,4.0,128,2048,4096,16384,10240,728.063,1017.47,685.059,-0.1486
mixed,64,32,0.5,4.0,128,4096,128,512,320,268.736,259.649,264.289,
mixed,64,32,0.5,4.0,128,4096,256,1024,640,254.465,295.998,253.726,-0.0178
mixed,64,32,0.5,4.0,128,4096,512,2048,1280,330.594,290.206,308.703,
mixed,64,32,0.5,4.0,128,4096,1024,4096,2560,345.151,424.004,361.248,0.2041
mixed,64,32,0.5,4.0,128,4096,2048,8192,5120,468.835,683.423,474.559,0.0267
mixed,64,32,0.5,4.0,128,4096,4096,16384,10240,791.842,1079.552,744.833,-0.1634
mixed,64,32,0.5,4.0,128,8192,128,512,320,321.185,332.931,315.84,-0.455
mixed,64,32,0.5,4.0,128,8192,256,1024,640,338.306,330.241,343.489,
mixed,64,32,0.5,4.0,128,8192,512,2048,1280,324.801,403.775,325.597,0.0101
mixed,64,32,0.5,4.0,128,8192,1024,4096,2560,464.768,403.203,414.562,
mixed,64,32,0.5,4.0,128,8192,2048,8192,5120,489.919,650.496,515.202,0.1575
mixed,64,32,0.5,4.0,128,8192,4096,16384,10240,738.846,1182.624,766.785,0.063
mixed,64,32,0.5,4.0,256,0,128,512,320,210.591,245.023,221.44,0.3151
mixed,64,32,0.5,4.0,256,0,256,1024,640,254.109,267.679,236.062,-1.3299
mixed,64,32,0.5,4.0,256,0,512,2048,1280,279.807,315.393,269.764,-0.2822
mixed,64,32,0.5,4.0,256,0,1024,4096,2560,340.382,403.521,335.806,-0.0725
mixed,64,32,0.5,4.0,256,0,2048,8192,5120,451.299,599.552,459.808,0.0574
mixed,64,32,0.5,4.0,256,0,4096,16384,10240,696.931,995.746,709.152,0.0409
mixed,64,32,0.5,4.0,256,512,128,512,320,264.032,224.511,270.978,
mixed,64,32,0.5,4.0,256,512,256,1024,640,229.764,269.693,247.296,0.4391
mixed,64,32,0.5,4.0,256,512,512,2048,1280,284.704,319.839,274.788,-0.2822
mixed,64,32,0.5,4.0,256,512,1024,4096,2560,343.072,415.393,331.392,-0.1615
mixed,64,32,0.5,4.0,256,512,2048,8192,5120,464.508,607.168,461.984,-0.0177
mixed,64,32,0.5,4.0,256,512,4096,16384,10240,709.538,996.575,711.968,0.0085
mixed,64,32,0.5,4.0,256,1024,128,512,320,277.982,291.326,283.618,0.4224
mixed,64,32,0.5,4.0,256,1024,256,1024,640,296.511,250.975,311.876,
mixed,64,32,0.5,4.0,256,1024,512,2048,1280,267.52,330.783,292.382,0.393
mixed,64,32,0.5,4.0,256,1024,1024,4096,2560,351.168,424.128,340.288,-0.1491
mixed,64,32,0.5,4.0,256,1024,2048,8192,5120,470.209,615.267,457.504,-0.0876
mixed,64,32,0.5,4.0,256,1024,4096,16384,10240,711.199,1006.944,714.306,0.0105
mixed,64,32,0.5,4.0,256,2048,128,512,320,304.578,317.474,311.906,0.5682
mixed,64,32,0.5,4.0,256,2048,256,1024,640,322.145,346.978,334.911,0.5141
mixed,64,32,0.5,4.0,256,2048,512,2048,1280,360.259,304.609,365.503,
mixed,64,32,0.5,4.0,256,2048,1024,4096,2560,340.128,444.481,375.231,0.3364
mixed,64,32,0.5,4.0,256,2048,2048,8192,5120,484.193,624.159,462.975,-0.1516
mixed,64,32,0.5,4.0,256,2048,4096,16384,10240,725.184,1014.4,706.242,-0.0655
mixed,64,32,0.5,4.0,256,4096,128,512,320,350.947,364.769,363.23,0.8887
mixed,64,32,0.5,4.0,256,4096,256,1024,640,376.351,396.093,386.784,0.5285
mixed,64,32,0.5,4.0,256,4096,512,2048,1280,410.242,449.568,445.251,0.8902
mixed,64,32,0.5,4.0,256,4096,1024,4096,2560,478.625,418.272,476.192,
mixed,64,32,0.5,4.0,256,4096,2048,8192,5120,502.432,662.497,541.152,0.2419
mixed,64,32,0.5,4.0,256,4096,4096,16384,10240,751.616,1038.755,709.725,-0.1459
mixed,64,32,0.5,4.0,256,8192,128,512,320,459.456,472.161,469.055,0.7555
mixed,64,32,0.5,4.0,256,8192,256,1024,640,481.088,500.224,491.586,0.5486
mixed,64,32,0.5,4.0,256,8192,512,2048,1280,518.787,555.521,545.987,0.7405
mixed,64,32,0.5,4.0,256,8192,1024,4096,2560,587.998,662.527,652.543,0.866
mixed,64,32,0.5,4.0,256,8192,2048,8192,5120,716.995,643.776,708.575,
mixed,64,32,0.5,4.0,256,8192,4096,16384,10240,772.737,1095.424,856.002,0.258
mixed,64,32,0.5,4.0,512,0,128,512,320,456.961,310.946,299.521,
mixed,64,32,0.5,4.0,512,0,256,1024,640,313.792,337.571,324.098,0.4334
mixed,64,32,0.5,4.0,512,0,512,2048,1280,348.482,392.607,382.112,0.7622
mixed,64,32,0.5,4.0,512,0,1024,4096,2560,424.225,511.711,491.457,0.7685
mixed,64,32,0.5,4.0,512,0,2048,8192,5120,572.581,718.337,704.897,0.9078
mixed,64,32,0.5,4.0,512,0,4096,16384,10240,827.297,1220.609,1124.068,0.7545
mixed,64,32,0.5,4.0,512,512,128,512,320,330.561,352.38,336.289,0.2625
mixed,64,32,0.5,4.0,512,512,256,1024,640,354.145,383.326,368.165,0.4804
mixed,64,32,0.5,4.0,512,512,512,2048,1280,393.186,435.775,424.928,0.7453
mixed,64,32,0.5,4.0,512,512,1024,4096,2560,464.034,546.595,528.032,0.7752
mixed,64,32,0.5,4.0,512,512,2048,8192,5120,596.384,765.089,737.027,0.8337
mixed,64,32,0.5,4.0,512,512,4096,16384,10240,891.203,1199.94,1161.412,0.8752
mixed,64,32,0.5,4.0,512,1024,128,512,320,359.393,372.703,362.498,0.2333
mixed,64,32,0.5,4.0,512,1024,256,1024,640,379.712,406.914,391.808,0.4447
mixed,64,32,0.5,4.0,512,1024,512,2048,1280,422.401,460.58,450.369,0.7325
mixed,64,32,0.5,4.0,512,1024,1024,4096,2560,490.847,567.39,554.496,0.8315
mixed,64,32,0.5,4.0,512,1024,2048,8192,5120,624.194,784.644,768.193,0.8975
mixed,64,32,0.5,4.0,512,1024,4096,16384,10240,896.129,1226.082,1200.387,0.9221
mixed,64,32,0.5,4.0,512,2048,128,512,320,409.473,420.478,410.146,0.0612
mixed,64,32,0.5,4.0,512,2048,256,1024,640,439.907,455.232,444.289,0.2859
mixed,64,32,0.5,4.0,512,2048,512,2048,1280,475.072,512.642,496.64,0.5741
mixed,64,32,0.5,4.0,512,2048,1024,4096,2560,540.16,622.5,606.177,0.8018
mixed,64,32,0.5,4.0,512,2048,2048,8192,5120,673.857,833.858,813.567,0.8732
mixed,64,32,0.5,4.0,512,2048,4096,16384,10240,970.849,1276.548,1231.427,0.8524
mixed,64,32,0.5,4.0,512,4096,128,512,320,508.353,525.316,517.118,0.5167
mixed,64,32,0.5,4.0,512,4096,256,1024,640,537.822,555.455,550.305,0.7079
mixed,64,32,0.5,4.0,512,4096,512,2048,1280,567.777,613.059,604.45,0.8099
mixed,64,32,0.5,4.0,512,4096,1024,4096,2560,643.041,723.97,706.275,0.7814
mixed,64,32,0.5,4.0,512,4096,2048,8192,5120,782.142,932.865,914.211,0.8762
mixed,64,32,0.5,4.0,512,4096,4096,16384,10240,1040.001,1368.962,1332.484,0.8891
mixed,64,32,0.5,4.0,512,8192,128,512,320,703.522,722.56,709.152,0.2957
mixed,64,32,0.5,4.0,512,8192,256,1024,640,728.481,757.89,747.394,0.6431
mixed,64,32,0.5,4.0,512,8192,512,2048,1280,770.116,808.675,805.025,0.9053
mixed,64,32,0.5,4.0,512,8192,1024,4096,2560,842.783,919.522,909.25,0.8661
mixed,64,32,0.5,4.0,512,8192,2048,8192,5120,976.994,1142.561,1118.018,0.8518
mixed,64,32,0.5,4.0,512,8192,4096,16384,10240,1251.458,1570.306,1537.539,0.8972
mixed,64,32,0.5,4.0,1024,0,128,512,320,525.276,541.632,522.337,-0.1797
mixed,64,32,0.5,4.0,1024,0,256,1024,640,556.097,582.816,546.176,-0.3713
mixed,64,32,0.5,4.0,1024,0,512,2048,1280,593.028,657.632,620.964,0.4324
mixed,64,32,0.5,4.0,1024,0,1024,4096,2560,694.915,806.051,691.038,-0.0349
mixed,64,32,0.5,4.0,1024,0,2048,8192,5120,874.659,1091.973,882.557,0.0363
mixed,64,32,0.5,4.0,1024,0,4096,16384,10240,1252.9,1691.201,1250.114,-0.0064
mixed,64,32,0.5,4.0,1024,512,128,512,320,637.248,641.056,623.427,-3.6295
mixed,64,32,0.5,4.0,1024,512,256,1024,640,659.427,693.6,649.541,-0.2893
mixed,64,32,0.5,4.0,1024,512,512,2048,1280,721.151,763.875,711.264,-0.2314
mixed,64,32,0.5,4.0,1024,512,1024,4096,2560,795.204,912.673,811.172,0.1359
mixed,64,32,0.5,4.0,1024,512,2048,8192,5120,984.037,1205.857,985.254,0.0055
mixed,64,32,0.5,4.0,1024,512,4096,16384,10240,1354.085,1801.728,1352.737,-0.003
mixed,64,32,0.5,4.0,1024,1024,128,512,320,661.028,693.349,676.986,0.4937
mixed,64,32,0.5,4.0,1024,1024,256,1024,640,705.278,727.868,706.659,0.0611
mixed,64,32,0.5,4.0,1024,1024,512,2048,1280,743.524,810.334,744.004,0.0072
mixed,64,32,0.5,4.0,1024,1024,1024,4096,2560,847.39,955.392,846.562,-0.0077
mixed,64,32,0.5,4.0,1024,1024,2048,8192,5120,1018.787,1240.929,1024.77,0.0269
mixed,64,32,0.5,4.0,1024,1024,4096,16384,10240,1406.944,1851.846,1398.468,-0.0191
mixed,64,32,0.5,4.0,1024,2048,128,512,320,753.443,775.847,757.603,0.1857
mixed,64,32,0.5,4.0,1024,2048,256,1024,640,783.459,831.396,788.441,0.1039
mixed,64,32,0.5,4.0,1024,2048,512,2048,1280,828.128,898.337,841.922,0.1965
mixed,64,32,0.5,4.0,1024,2048,1024,4096,2560,933.183,1039.491,926.817,-0.0599
mixed,64,32,0.5,4.0,1024,2048,2048,8192,5120,1111.198,1322.727,1097.727,-0.0637
mixed,64,32,0.5,4.0,1024,2048,4096,16384,10240,1482.272,1910.72,1486.499,0.0099
mixed,64,32,0.5,4.0,1024,4096,128,512,320,908.322,924.646,919.041,0.6566
mixed,64,32,0.5,4.0,1024,4096,256,1024,640,950.243,978.753,953.186,0.1032
mixed,64,32,0.5,4.0,1024,4096,512,2048,1280,996.448,1046.082,1000.934,0.0904
mixed,64,32,0.5,4.0,1024,4096,1024,4096,2560,1093.569,1192.16,1092.449,-0.0114
mixed,64,32,0.5,4.0,1024,4096,2048,8192,5120,1267.584,1475.996,1271.491,0.0187
mixed,64,32,0.5,4.0,1024,4096,4096,16384,10240,1629.605,2069.671,1647.811,0.0414
mixed,64,32,0.5,4.0,1024,8192,128,512,320,1259.517,1271.428,1241.537,-1.5095
mixed,64,32,0.5,4.0,1024,8192,256,1024,640,1284.32,1320.098,1288.712,0.1228
mixed,64,32,0.5,4.0,1024,8192,512,2048,1280,1341.73,1383.46,1341.795,0.0016
mixed,64,32,0.5,4.0,1024,8192,1024,4096,2560,1423.615,1530.175,1425.343,0.0162
mixed,64,32,0.5,4.0,1024,8192,2048,8192,5120,1601.416,1818.819,1603.232,0.0084
mixed,64,32,0.5,4.0,1024,8192,4096,16384,10240,1961.058,2392.738,1964.163,0.0072
mixed,64,32,0.5,4.0,2048,0,128,512,320,872.834,895.359,873.955,0.0498
mixed,64,32,0.5,4.0,2048,0,256,1024,640,914.05,939.615,908.898,-0.2015
mixed,64,32,0.5,4.0,2048,0,512,2048,1280,953.603,1008.765,960.004,0.116
mixed,64,32,0.5,4.0,2048,0,1024,4096,2560,1046.786,1158.469,1043.428,-0.0301
mixed,64,32,0.5,4.0,2048,0,2048,8192,5120,1226.658,1437.891,1228.482,0.0086
mixed,64,32,0.5,4.0,2048,0,4096,16384,10240,1591.646,2027.238,1600.389,0.0201
mixed,64,32,0.5,4.0,2048,512,128,512,320,1028.643,1042.529,1031.235,0.1867
mixed,64,32,0.5,4.0,2048,512,256,1024,640,1056.385,1095.425,1063.075,0.1714
mixed,64,32,0.5,4.0,2048,512,512,2048,1280,1106.402,1169.283,1108.995,0.0412
mixed,64,32,0.5,4.0,2048,512,1024,4096,2560,1201.314,1302.979,1198.281,-0.0298
mixed,64,32,0.5,4.0,2048,512,2048,8192,5120,1378.98,1600.26,1382.563,0.0162
mixed,64,32,0.5,4.0,2048,512,4096,16384,10240,1741.441,2185.344,1748.383,0.0156
mixed,64,32,0.5,4.0,2048,1024,128,512,320,1086.465,1097.827,1084.414,-0.1805
mixed,64,32,0.5,4.0,2048,1024,256,1024,640,1114.151,1143.649,1115.937,0.0605
mixed,64,32,0.5,4.0,2048,1024,512,2048,1280,1166.499,1234.082,1160.42,-0.0899
mixed,64,32,0.5,4.0,2048,1024,1024,4096,2560,1257.827,1366.214,1255.295,-0.0234
mixed,64,32,0.5,4.0,2048,1024,2048,8192,5120,1434.239,1655.71,1444.384,0.0458
mixed,64,32,0.5,4.0,2048,1024,4096,16384,10240,1800.711,2253.988,1802.625,0.0042
mixed,64,32,0.5,4.0,2048,2048,128,512,320,1199.425,1216.452,1193.471,-0.3497
mixed,64,32,0.5,4.0,2048,2048,256,1024,640,1227.616,1257.062,1227.04,-0.0196
mixed,64,32,0.5,4.0,2048,2048,512,2048,1280,1271.103,1336.097,1275.749,0.0715
mixed,64,32,0.5,4.0,2048,2048,1024,4096,2560,1364.351,1477.862,1373.088,0.077
mixed,64,32,0.5,4.0,2048,2048,2048,8192,5120,1547.715,1766.591,1546.209,-0.0069
mixed,64,32,0.5,4.0,2048,2048,4096,16384,10240,1916.834,2357.062,1919.108,0.0052
mixed,64,32,0.5,4.0,2048,4096,128,512,320,1454.172,1469.506,1438.303,-1.0349
mixed,64,32,0.5,4.0,2048,4096,256,1024,640,1475.999,1514.183,1480.547,0.1191
mixed,64,32,0.5,4.0,2048,4096,512,2048,1280,1524.361,1585.63,1526.941,0.0421
mixed,64,32,0.5,4.0,2048,4096,1024,4096,2560,1615.656,1724.517,1619.077,0.0314
mixed,64,32,0.5,4.0,2048,4096,2048,8192,5120,1797.538,2008.617,1803.047,0.0261
mixed,64,32,0.5,4.0,2048,4096,4096,16384,10240,2166.85,2581.318,2157.666,-0.0222
mixed,64,32,0.5,4.0,2048,8192,128,512,320,1909.027,1942.689,1917.831,0.2615
mixed,64,32,0.5,4.0,2048,8192,256,1024,640,1951.332,1979.396,1955.107,0.1345
mixed,64,32,0.5,4.0,2048,8192,512,2048,1280,2003.849,2055.304,1996.645,-0.14
mixed,64,32,0.5,4.0,2048,8192,1024,4096,2560,2091.109,2187.685,2091.588,0.005
mixed,64,32,0.5,4.0,2048,8192,2048,8192,5120,2264.515,2477.735,2265.702,0.0056
mixed,64,32,0.5,4.0,2048,8192,4096,16384,10240,2631.976,3056.356,2626.085,-0.0139
pure,64,48,0.75,4.0,0,0,128,512,416,165.568,170.499,176.737,2.2651
pure,64,48,0.75,4.0,0,0,256,1024,832,186.144,197.342,203.65,1.5633
pure,64,48,0.75,4.0,0,0,512,2048,1664,227.775,246.561,253.406,1.3644
pure,64,48,0.75,4.0,0,0,1024,4096,3328,306.272,340.548,348.865,1.2426
pure,64,48,0.75,4.0,0,0,2048,8192,6656,462.401,536.448,541.155,1.0636
pure,64,48,0.75,4.0,0,0,4096,16384,13312,772.64,913.056,924.608,1.0823
mixed,64,48,0.75,4.0,16,0,128,512,416,172.416,177.154,172.321,-0.0201
mixed,64,48,0.75,4.0,16,0,256,1024,832,192.898,202.975,212.928,1.9877
mixed,64,48,0.75,4.0,16,0,512,2048,1664,232.929,252.993,263.456,1.5215
mixed,64,48,0.75,4.0,16,0,1024,4096,3328,313.248,348.8,358.785,1.2809
mixed,64,48,0.75,4.0,16,0,2048,8192,6656,467.105,538.529,550.463,1.1671
mixed,64,48,0.75,4.0,16,0,4096,16384,13312,778.723,921.952,933.09,1.0778
mixed,64,48,0.75,4.0,16,512,128,512,416,192.225,202.882,173.057,-1.7986
mixed,64,48,0.75,4.0,16,512,256,1024,832,223.646,202.817,214.46,
mixed,64,48,0.75,4.0,16,512,512,2048,1664,234.107,254.721,259.776,1.2452
mixed,64,48,0.75,4.0,16,512,1024,4096,3328,315.14,348.514,358.882,1.3107
mixed,64,48,0.75,4.0,16,512,2048,8192,6656,467.97,541.185,550.624,1.1289
mixed,64,48,0.75,4.0,16,512,4096,16384,13312,781.794,921.026,936.93,1.1142
mixed,64,48,0.75,4.0,16,1024,128,512,416,195.328,203.134,177.12,-2.3326
mixed,64,48,0.75,4.0,16,1024,256,1024,832,222.977,239.39,196.352,-1.6222
mixed,64,48,0.75,4.0,16,1024,512,2048,1664,280.32,253.633,263.678,
mixed,64,48,0.75,4.0,16,1024,1024,4096,3328,315.041,350.881,355.266,1.1223
mixed,64,48,0.75,4.0,16,1024,2048,8192,6656,469.026,537.953,549.313,1.1648
mixed,64,48,0.75,4.0,16,1024,4096,16384,13312,778.913,924.384,930.659,1.0431
mixed,64,48,0.75,4.0,16,2048,128,512,416,194.014,203.454,191.519,-0.2643
mixed,64,48,0.75,4.0,16,2048,256,1024,832,226.273,237.57,198.56,-2.4531
mixed,64,48,0.75,4.0,16,2048,512,2048,1664,282.146,310.464,263.65,-0.6532
mixed,64,48,0.75,4.0,16,2048,1024,4096,3328,386.752,349.984,357.056,
mixed,64,48,0.75,4.0,16,2048,2048,8192,6656,468.8,543.523,547.01,1.0467
mixed,64,48,0.75,4.0,16,2048,4096,16384,13312,782.115,923.781,935.522,1.0829
mixed,64,48,0.75,4.0,16,4096,128,512,416,192.991,200.894,197.76,0.6034
mixed,64,48,0.75,4.0,16,4096,256,1024,832,222.817,237.246,213.633,-0.6365
mixed,64,48,0.75,4.0,16,4096,512,2048,1664,279.806,306.656,243.296,-1.3598
mixed,64,48,0.75,4.0,16,4096,1024,4096,3328,393.377,450.338,357.857,-0.6236
mixed,64,48,0.75,4.0,16,4096,2048,8192,6656,585.663,543.136,542.046,
mixed,64,48,0.75,4.0,16,4096,4096,16384,13312,781.761,923.655,925.506,1.013
mixed,64,48,0.75,4.0,16,8192,128,512,416,200.319,201.055,194.369,-8.0842
mixed,64,48,0.75,4.0,16,8192,256,1024,832,223.965,235.809,228.327,0.3683
mixed,64,48,0.75,4.0,16,8192,512,2048,1664,276.001,304.55,248.61,-0.9594
mixed,64,48,0.75,4.0,16,8192,1024,4096,3328,393.824,442.593,330.944,-1.2893
mixed,64,48,0.75,4.0,16,8192,2048,8192,6656,603.422,725.603,539.17,-0.5259
mixed,64,48,0.75,4.0,16,8192,4096,16384,13312,975.746,925.699,922.017,
mixed,64,48,0.75,4.0,32,0,128,512,416,178.304,182.722,173.023,-1.1953
mixed,64,48,0.75,4.0,32,0,256,1024,832,200.255,209.634,217.283,1.8155
mixed,64,48,0.75,4.0,32,0,512,2048,1664,239.554,265.218,263.711,0.9413
mixed,64,48,0.75,4.0,32,0,1024,4096,3328,321.73,350.336,360.674,1.3614
mixed,64,48,0.75,4.0,32,0,2048,8192,6656,473.984,545.282,552.064,1.0951
mixed,64,48,0.75,4.0,32,0,4096,16384,13312,785.665,925.252,940.227,1.1073
mixed,64,48,0.75,4.0,32,512,128,512,416,192.543,204.417,188.767,-0.318
mixed,64,48,0.75,4.0,32,512,256,1024,832,223.331,239.359,203.424,-1.242
mixed,64,48,0.75,4.0,32,512,512,2048,1664,271.906,302.561,260.547,-0.3705
mixed,64,48,0.75,4.0,32,512,1024,4096,3328,353.569,388.768,356.544,0.0845
mixed,64,48,0.75,4.0,32,512,2048,8192,6656,509.439,570.881,549.057,0.6448
mixed,64,48,0.75,4.0,32,512,4096,16384,13312,799.935,932.894,933.279,1.0029
mixed,64,48,0.75,4.0,32,1024,128,512,416,194.399,204.002,191.487,-0.3032
mixed,64,48,0.75,4.0,32,1024,256,1024,832,224.768,238.594,200.578,-1.7496
mixed,64,48,0.75,4.0,32,1024,512,2048,1664,280.894,320.417,262.144,-0.4744
mixed,64,48,0.75,4.0,32,1024,1024,4096,3328,375.808,412.737,354.017,-0.5901
mixed,64,48,0.75,4.0,32,1024,2048,8192,6656,518.781,588.605,548.798,0.4299
mixed,64,48,0.75,4.0,32,1024,4096,16384,13312,817.186,962.433,939.871,0.8447
mixed,64,48,0.75,4.0,32,2048,128,512,416,197.663,212.383,199.33,0.1132
mixed,64,48,0.75,4.0,32,2048,256,1024,832,227.65,238.846,218.37,-0.8289
mixed,64,48,0.75,4.0,32,2048,512,2048,1664,279.679,306.977,243.553,-1.3234
mixed,64,48,0.75,4.0,32,2048,1024,4096,3328,374.784,454.557,358.655,-0.2022
mixed,64,48,0.75,4.0,32,2048,2048,8192,6656,573.697,630.465,550.082,-0.416
mixed,64,48,0.75,4.0,32,2048,4096,16384,13312,869.184,1000.032,925.827,0.4329
mixed,64,48,0.75,4.0,32,4096,128,512,416,209.666,198.846,195.233,
mixed,64,48,0.75,4.0,32,4096,256,1024,832,223.584,235.712,231.809,0.6782
mixed,64,48,0.75,4.0,32,4096,512,2048,1664,278.657,306.242,274.05,-0.167
mixed,64,48,0.75,4.0,32,4096,1024,4096,3328,392.737,442.719,320.065,-1.454
mixed,64,48,0.75,4.0,32,4096,2048,8192,6656,562.304,721.794,534.529,-0.1741
mixed,64,48,0.75,4.0,32,4096,4096,16384,13312,960.16,1092.643,928.195,-0.2413
mixed,64,48,0.75,4.0,32,8192,128,512,416,211.648,224.13,205.567,-0.4872
mixed,64,48,0.75,4.0,32,8192,256,1024,832,222.752,220.735,223.04,
mixed,64,48,0.75,4.0,32,8192,512,2048,1664,275.745,301.186,295.584,0.7798
mixed,64,48,0.75,4.0,32,8192,1024,4096,3328,384.8,434.815,379.326,-0.1094
mixed,64,48,0.75,4.0,32,8192,2048,8192,6656,612.034,700.671,489.537,-1.382
mixed,64,48,0.75,4.0,32,8192,4096,16384,13312,986.4,1266.274,902.688,-0.2991
mixed,64,48,0.75,4.0,64,0,128,512,416,186.175,194.592,178.115,-0.9576
mixed,64,48,0.75,4.0,64,0,256,1024,832,210.592,216.067,221.025,1.9056
mixed,64,48,0.75,4.0,64,0,512,2048,1664,248.482,259.713,266.561,1.6097
mixed,64,48,0.75,4.0,64,0,1024,4096,3328,320.257,359.808,364.835,1.1271
mixed,64,48,0.75,4.0,64,0,2048,8192,6656,476.418,549.73,557.922,1.1117
mixed,64,48,0.75,4.0,64,0,4096,16384,13312,788.222,932.129,946.083,1.097
mixed,64,48,0.75,4.0,64,512,128,512,416,197.056,205.696,196.066,-0.1146
mixed,64,48,0.75,4.0,64,512,256,1024,832,224.898,238.884,200.354,-1.7549
mixed,64,48,0.75,4.0,64,512,512,2048,1664,273.245,291.903,261.728,-0.6173
mixed,64,48,0.75,4.0,64,512,1024,4096,3328,351.456,389.857,360.418,0.2334
mixed,64,48,0.75,4.0,64,512,2048,8192,6656,499.936,568.638,553.346,0.7774
mixed,64,48,0.75,4.0,64,512,4096,16384,13312,797.502,937.57,936.418,0.9918
mixed,64,48,0.75,4.0,64,1024,128,512,416,199.203,207.006,202.788,0.4594
mixed,64,48,0.75,4.0,64,1024,256,1024,832,226.368,239.711,224.129,-0.1678
mixed,64,48,0.75,4.0,64,1024,512,2048,1664,283.711,307.97,241.118,-1.7558
mixed,64,48,0.75,4.0,64,1024,1024,4096,3328,370.273,403.552,351.904,-0.552
mixed,64,48,0.75,4.0,64,1024,2048,8192,6656,516.895,588.388,545.632,0.402
mixed,64,48,0.75,4.0,64,1024,4096,16384,13312,819.709,959.617,940.158,0.8609
mixed,64,48,0.75,4.0,64,2048,128,512,416,197.535,191.712,191.457,
mixed,64,48,0.75,4.0,64,2048,256,1024,832,225.824,236.514,233.985,0.7634
mixed,64,48,0.75,4.0,64,2048,512,2048,1664,278.978,308.0,275.04,-0.1357
mixed,64,48,0.75,4.0,64,2048,1024,4096,3328,391.81,439.97,320.862,-1.4732
mixed,64,48,0.75,4.0,64,2048,2048,8192,6656,550.562,622.496,534.658,-0.2211
mixed,64,48,0.75,4.0,64,2048,4096,16384,13312,858.049,991.617,932.58,0.558
mixed,64,48,0.75,4.0,64,4096,128,512,416,215.296,228.065,209.824,-0.4285
mixed,64,48,0.75,4.0,64,4096,256,1024,832,224.415,223.838,221.057,
mixed,64,48,0.75,4.0,64,4096,512,2048,1664,278.144,301.794,292.193,0.594
mixed,64,48,0.75,4.0,64,4096,1024,4096,3328,382.21,428.737,373.919,-0.1782
mixed,64,48,0.75,4.0,64,4096,2048,8192,6656,603.07,693.153,477.57,-1.3932
mixed,64,48,0.75,4.0,64,4096,4096,16384,13312,924.321,1065.219,1343.745,2.9768
mixed,64,48,0.75,4.0,64,8192,128,512,416,248.482,245.347,244.35,
mixed,64,48,0.75,4.0,64,8192,256,1024,832,265.282,284.508,281.922,0.8655
mixed,64,48,0.75,4.0,64,8192,512,2048,1664,348.255,293.377,307.682,
mixed,64,48,0.75,4.0,64,8192,1024,4096,3328,381.312,426.014,406.624,0.5662
mixed,64,48,0.75,4.0,64,8192,2048,8192,6656,573.283,667.554,560.799,-0.1324
mixed,64,48,0.75,4.0,64,8192,4096,16384,13312,1021.952,1210.463,791.423,-1.2229
mixed,64,48,0.75,4.0,128,0,128,512,416,202.21,209.474,189.473,-1.7534
mixed,64,48,0.75,4.0,128,0,256,1024,832,227.488,232.899,230.018,0.4676
mixed,64,48,0.75,4.0,128,0,512,2048,1664,265.056,278.431,279.073,1.048
mixed,64,48,0.75,4.0,128,0,1024,4096,3328,336.894,372.928,375.039,1.0586
mixed,64,48,0.75,4.0,128,0,2048,8192,6656,494.464,569.76,569.986,1.003
mixed,64,48,0.75,4.0,128,0,4096,16384,13312,804.384,951.3,956.61,1.0361
mixed,64,48,0.75,4.0,128,512,128,512,416,198.112,223.007,218.016,0.7995
mixed,64,48,0.75,4.0,128,512,256,1024,832,233.855,247.936,229.056,-0.3408
mixed,64,48,0.75,4.0,128,512,512,2048,1664,278.818,297.696,266.978,-0.6272
mixed,64,48,0.75,4.0,128,512,1024,4096,3328,362.432,400.93,366.851,0.1148
mixed,64,48,0.75,4.0,128,512,2048,8192,6656,518.434,593.726,561.791,0.5759
mixed,64,48,0.75,4.0,128,512,4096,16384,13312,833.7,978.178,948.961,0.7978
mixed,64,48,0.75,4.0,128,1024,128,512,416,210.78,208.544,205.986,
mixed,64,48,0.75,4.0,128,1024,256,1024,832,238.977,252.544,246.815,0.5777
mixed,64,48,0.75,4.0,128,1024,512,2048,1664,286.528,313.857,282.082,-0.1627
mixed,64,48,0.75,4.0,128,1024,1024,4096,3328,378.052,414.495,349.535,-0.7825
mixed,64,48,0.75,4.0,128,1024,2048,8192,6656,531.071,604.07,554.466,0.3205
mixed,64,48,0.75,4.0,128,1024,4096,16384,13312,849.314,992.065,940.351,0.6377
mixed,64,48,0.75,4.0,128,2048,128,512,416,229.216,241.056,238.498,0.784
mixed,64,48,0.75,4.0,128,2048,256,1024,832,238.145,236.351,236.193,
mixed,64,48,0.75,4.0,128,2048,512,2048,1664,297.024,313.923,303.104,0.3598
mixed,64,48,0.75,4.0,128,2048,1024,4096,3328,389.633,434.273,382.465,-0.1606
mixed,64,48,0.75,4.0,128,2048,2048,8192,6656,556.096,638.882,501.089,-0.6644
mixed,64,48,0.75,4.0,128,2048,4096,16384,13312,879.358,1014.115,922.241,0.3182
mixed,64,48,0.75,4.0,128,4096,128,512,416,258.881,259.074,259.33,2.3264
mixed,64,48,0.75,4.0,128,4096,256,1024,832,277.919,292.801,296.798,1.2686
mixed,64,48,0.75,4.0,128,4096,512,2048,1664,353.217,289.538,331.072,
mixed,64,48,0.75,4.0,128,4096,1024,4096,3328,386.848,424.96,417.341,0.8001
mixed,64,48,0.75,4.0,128,4096,2048,8192,6656,590.208,682.338,577.696,-0.1358
mixed,64,48,0.75,4.0,128,4096,4096,16384,13312,937.538,1076.832,811.648,-0.9038
mixed,64,48,0.75,4.0,128,8192,128,512,416,323.231,330.306,319.424,-0.5381
mixed,64,48,0.75,4.0,128,8192,256,1024,832,351.491,328.032,358.944,
mixed,64,48,0.75,4.0,128,8192,512,2048,1664,365.758,409.408,404.448,0.8864
mixed,64,48,0.75,4.0,128,8192,1024,4096,3328,509.312,403.166,457.765,
mixed,64,48,0.75,4.0,128,8192,2048,8192,6656,566.914,645.055,635.07,0.8722
mixed,64,48,0.75,4.0,128,8192,4096,16384,13312,997.473,1178.721,971.746,-0.1419
mixed,64,48,0.75,4.0,256,0,128,512,416,239.811,243.68,228.989,-2.7971
mixed,64,48,0.75,4.0,256,0,256,1024,832,259.393,269.023,247.425,-1.2428
mixed,64,48,0.75,4.0,256,0,512,2048,1664,299.649,315.519,285.921,-0.865
mixed,64,48,0.75,4.0,256,0,1024,4096,3328,369.122,404.897,372.993,0.1082
mixed,64,48,0.75,4.0,256,0,2048,8192,6656,529.665,598.303,534.177,0.0657
mixed,64,48,0.75,4.0,256,0,4096,16384,13312,843.425,988.514,849.378,0.041
mixed,64,48,0.75,4.0,256,512,128,512,416,270.08,225.758,272.861,
mixed,64,48,0.75,4.0,256,512,256,1024,832,239.903,271.807,264.192,0.7613
mixed,64,48,0.75,4.0,256,512,512,2048,1664,297.087,319.584,308.384,0.5022
mixed,64,48,0.75,4.0,256,512,1024,4096,3328,383.359,415.809,395.618,0.3778
mixed,64,48,0.75,4.0,256,512,2048,8192,6656,535.454,607.68,553.152,0.245
mixed,64,48,0.75,4.0,256,512,4096,16384,13312,853.154,994.337,871.167,0.1276
mixed,64,48,0.75,4.0,256,1024,128,512,416,281.505,291.264,285.729,0.4328
mixed,64,48,0.75,4.0,256,1024,256,1024,832,306.433,249.409,318.563,
mixed,64,48,0.75,4.0,256,1024,512,2048,1664,313.219,330.655,322.754,0.5469
mixed,64,48,0.75,4.0,256,1024,1024,4096,3328,390.979,423.998,415.555,0.7443
mixed,64,48,0.75,4.0,256,1024,2048,8192,6656,544.384,613.764,575.488,0.4483
mixed,64,48,0.75,4.0,256,1024,4096,16384,13312,860.001,1005.89,887.33,0.1873
mixed,64,48,0.75,4.0,256,2048,128,512,416,310.019,317.953,312.221,0.2775
mixed,64,48,0.75,4.0,256,2048,256,1024,832,336.097,347.392,343.071,0.6174
mixed,64,48,0.75,4.0,256,2048,512,2048,1664,381.409,306.017,397.217,
mixed,64,48,0.75,4.0,256,2048,1024,4096,3328,402.658,443.779,431.041,0.6902
mixed,64,48,0.75,4.0,256,2048,2048,8192,6656,553.922,626.336,601.41,0.6558
mixed,64,48,0.75,4.0,256,2048,4096,16384,13312,871.997,1019.264,921.281,0.3347
mixed,64,48,0.75,4.0,256,4096,128,512,416,357.344,367.872,365.633,0.7873
mixed,64,48,0.75,4.0,256,4096,256,1024,832,388.511,396.386,390.05,0.1954
mixed,64,48,0.75,4.0,256,4096,512,2048,1664,429.375,453.823,443.326,0.5706
mixed,64,48,0.75,4.0,256,4096,1024,4096,3328,521.92,419.008,551.426,
mixed,64,48,0.75,4.0,256,4096,2048,8192,6656,580.769,669.922,646.722,0.7398
mixed,64,48,0.75,4.0,256,4096,4096,16384,13312,894.498,1040.353,992.257,0.6702
mixed,64,48,0.75,4.0,256,8192,128,512,416,462.112,472.032,468.386,0.6325
mixed,64,48,0.75,4.0,256,8192,256,1024,832,490.88,505.475,495.555,0.3203
mixed,64,48,0.75,4.0,256,8192,512,2048,1664,537.185,556.029,549.631,0.6605
mixed,64,48,0.75,4.0,256,8192,1024,4096,3328,623.938,660.896,659.2,0.9541
mixed,64,48,0.75,4.0,256,8192,2048,8192,6656,799.938,643.01,762.976,
mixed,64,48,0.75,4.0,256,8192,4096,16384,13312,935.71,1101.248,1078.945,0.8653
mixed,64,48,0.75,4.0,512,0,128,512,416,306.851,310.786,301.568,-1.3426
mixed,64,48,0.75,4.0,512,0,256,1024,832,322.626,333.216,327.711,0.4802
mixed,64,48,0.75,4.0,512,0,512,2048,1664,377.792,390.244,383.457,0.4549
mixed,64,48,0.75,4.0,512,0,1024,4096,3328,463.297,505.053,502.049,0.9281
mixed,64,48,0.75,4.0,512,0,2048,8192,6656,631.903,714.751,710.21,0.9452
mixed,64,48,0.75,4.0,512,0,4096,16384,13312,995.103,1148.739,1134.178,0.9052
mixed,64,48,0.75,4.0,512,512,128,512,416,341.28,347.041,341.054,-0.0392
mixed,64,48,0.75,4.0,512,512,256,1024,832,369.41,380.193,376.002,0.6113
mixed,64,48,0.75,4.0,512,512,512,2048,1664,418.433,438.337,428.929,0.5273
mixed,64,48,0.75,4.0,512,512,1024,4096,3328,503.042,545.471,534.306,0.7369
mixed,64,48,0.75,4.0,512,512,2048,8192,6656,685.122,754.913,754.4,0.9926
mixed,64,48,0.75,4.0,512,512,4096,16384,13312,1025.503,1191.01,1180.575,0.937
mixed,64,48,0.75,4.0,512,1024,128,512,416,373.153,371.937,370.336,
mixed,64,48,0.75,4.0,512,1024,256,1024,832,395.461,411.33,402.017,0.4131
mixed,64,48,0.75,4.0,512,1024,512,2048,1664,445.311,460.705,454.784,0.6154
mixed,64,48,0.75,4.0,512,1024,1024,4096,3328,532.352,568.384,559.524,0.7541
mixed,64,48,0.75,4.0,512,1024,2048,8192,6656,703.776,784.96,773.537,0.8593
mixed,64,48,0.75,4.0,512,1024,4096,16384,13312,1065.697,1213.856,1203.297,0.9287
mixed,64,48,0.75,4.0,512,2048,128,512,416,412.801,420.386,417.411,0.6078
mixed,64,48,0.75,4.0,512,2048,256,1024,832,440.991,459.842,447.682,0.3549
mixed,64,48,0.75,4.0,512,2048,512,2048,1664,491.745,511.394,504.321,0.64
mixed,64,48,0.75,4.0,512,2048,1024,4096,3328,583.715,622.85,620.032,0.928
mixed,64,48,0.75,4.0,512,2048,2048,8192,6656,761.666,842.112,829.281,0.8405
mixed,64,48,0.75,4.0,512,2048,4096,16384,13312,1112.061,1278.626,1260.29,0.8899
mixed,64,48,0.75,4.0,512,4096,128,512,416,513.568,524.258,517.313,0.3503
mixed,64,48,0.75,4.0,512,4096,256,1024,832,544.446,560.927,542.721,-0.1047
mixed,64,48,0.75,4.0,512,4096,512,2048,1664,592.192,616.257,610.338,0.754
mixed,64,48,0.75,4.0,512,4096,1024,4096,3328,683.008,726.017,711.137,0.654
mixed,64,48,0.75,4.0,512,4096,2048,8192,6656,856.512,938.784,929.314,0.8849
mixed,64,48,0.75,4.0,512,4096,4096,16384,13312,1216.325,1380.261,1346.847,0.7962
mixed,64,48,0.75,4.0,512,8192,128,512,416,712.642,727.394,707.328,-0.3602
mixed,64,48,0.75,4.0,512,8192,256,1024,832,738.528,751.616,743.424,0.3741
mixed,64,48,0.75,4.0,512,8192,512,2048,1664,789.792,803.298,803.458,1.0118
mixed,64,48,0.75,4.0,512,8192,1024,4096,3328,878.944,923.585,910.784,0.7132
mixed,64,48,0.75,4.0,512,8192,2048,8192,6656,1062.049,1140.512,1124.611,0.7973
mixed,64,48,0.75,4.0,512,8192,4096,16384,13312,1422.722,1555.361,1538.304,0.8714
mixed,64,48,0.75,4.0,1024,0,128,512,416,537.406,546.436,548.83,1.2651
mixed,64,48,0.75,4.0,1024,0,256,1024,832,566.372,586.054,585.029,0.9479
mixed,64,48,0.75,4.0,1024,0,512,2048,1664,632.607,654.722,673.217,1.8363
mixed,64,48,0.75,4.0,1024,0,1024,4096,3328,742.203,797.986,811.966,1.2506
mixed,64,48,0.75,4.0,1024,0,2048,8192,6656,985.152,1090.976,1102.56,1.1095
mixed,64,48,0.75,4.0,1024,0,4096,16384,13312,1463.775,1690.974,1680.867,0.9555
mixed,64,48,0.75,4.0,1024,512,128,512,416,627.843,657.6,663.486,1.1978
mixed,64,48,0.75,4.0,1024,512,256,1024,832,685.279,686.916,698.077,7.818
mixed,64,48,0.75,4.0,1024,512,512,2048,1664,744.58,772.802,781.922,1.3232
mixed,64,48,0.75,4.0,1024,512,1024,4096,3328,870.881,921.469,919.681,0.9647
mixed,64,48,0.75,4.0,1024,512,2048,8192,6656,1097.151,1200.324,1216.451,1.1563
mixed,64,48,0.75,4.0,1024,512,4096,16384,13312,1569.345,1805.667,1797.827,0.9668
mixed,64,48,0.75,4.0,1024,1024,128,512,416,680.224,696.804,694.847,0.882
mixed,64,48,0.75,4.0,1024,1024,256,1024,832,726.464,742.912,744.386,1.0896
mixed,64,48,0.75,4.0,1024,1024,512,2048,1664,778.562,811.487,825.855,1.4364
mixed,64,48,0.75,4.0,1024,1024,1024,4096,3328,908.768,957.059,963.617,1.1358
mixed,64,48,0.75,4.0,1024,1024,2048,8192,6656,1135.647,1250.76,1259.714,1.0778
mixed,64,48,0.75,4.0,1024,1024,4096,16384,13312,1619.648,1844.488,1840.704,0.9832
mixed,64,48,0.75,4.0,1024,2048,128,512,416,765.631,767.655,785.153,9.6453
mixed,64,48,0.75,4.0,1024,2048,256,1024,832,803.967,815.621,832.893,2.4821
mixed,64,48,0.75,4.0,1024,2048,512,2048,1664,865.088,895.235,902.37,1.2367
mixed,64,48,0.75,4.0,1024,2048,1024,4096,3328,984.867,1036.863,1050.628,1.2647
mixed,64,48,0.75,4.0,1024,2048,2048,8192,6656,1215.133,1315.227,1329.564,1.1432
mixed,64,48,0.75,4.0,1024,2048,4096,16384,13312,1691.776,1924.646,1904.583,0.9138
mixed,64,48,0.75,4.0,1024,4096,128,512,416,923.997,937.729,950.4,1.9227
mixed,64,48,0.75,4.0,1024,4096,256,1024,832,963.009,974.53,986.439,2.0337
mixed,64,48,0.75,4.0,1024,4096,512,2048,1664,1019.936,1048.641,1063.425,1.515
mixed,64,48,0.75,4.0,1024,4096,1024,4096,3328,1149.755,1194.463,1206.782,1.2755
mixed,64,48,0.75,4.0,1024,4096,2048,8192,6656,1372.902,1483.775,1505.024,1.1917
mixed,64,48,0.75,4.0,1024,4096,4096,16384,13312,1846.468,2066.107,2078.244,1.0553
mixed,64,48,0.75,4.0,1024,8192,128,512,416,1262.017,1270.017,1281.217,2.4
mixed,64,48,0.75,4.0,1024,8192,256,1024,832,1290.146,1312.003,1314.301,1.1051
mixed,64,48,0.75,4.0,1024,8192,512,2048,1664,1352.702,1394.561,1381.696,0.6927
mixed,64,48,0.75,4.0,1024,8192,1024,4096,3328,1466.341,1525.47,1528.031,1.0433
mixed,64,48,0.75,4.0,1024,8192,2048,8192,6656,1713.543,1809.218,1829.409,1.211
mixed,64,48,0.75,4.0,1024,8192,4096,16384,13312,2167.553,2386.88,2403.267,1.0747
mixed,64,48,0.75,4.0,2048,0,128,512,416,880.644,900.287,904.384,1.2086
mixed,64,48,0.75,4.0,2048,0,256,1024,832,918.755,941.441,946.653,1.2297
mixed,64,48,0.75,4.0,2048,0,512,2048,1664,985.952,1015.074,1016.767,1.0581
mixed,64,48,0.75,4.0,2048,0,1024,4096,3328,1112.033,1157.605,1164.163,1.1439
mixed,64,48,0.75,4.0,2048,0,2048,8192,6656,1333.346,1451.012,1458.465,1.0633
mixed,64,48,0.75,4.0,2048,0,4096,16384,13312,1821.796,2034.402,2028.226,0.971
mixed,64,48,0.75,4.0,2048,512,128,512,416,1039.557,1054.819,1059.998,1.3393
mixed,64,48,0.75,4.0,2048,512,256,1024,832,1079.59,1088.58,1103.553,2.6655
mixed,64,48,0.75,4.0,2048,512,512,2048,1664,1143.327,1164.288,1177.641,1.637
mixed,64,48,0.75,4.0,2048,512,1024,4096,3328,1260.645,1309.924,1309.568,0.9928
mixed,64,48,0.75,4.0,2048,512,2048,8192,6656,1491.619,1596.864,1611.874,1.1426
mixed,64,48,0.75,4.0,2048,512,4096,16384,13312,1965.668,2188.704,2191.777,1.0138
mixed,64,48,0.75,4.0,2048,1024,128,512,416,1100.385,1097.508,1117.349,
mixed,64,48,0.75,4.0,2048,1024,256,1024,832,1130.757,1145.857,1165.731,2.3162
mixed,64,48,0.75,4.0,2048,1024,512,2048,1664,1191.168,1223.009,1224.733,1.0541
mixed,64,48,0.75,4.0,2048,1024,1024,4096,3328,1317.31,1370.304,1373.248,1.0556
mixed,64,48,0.75,4.0,2048,1024,2048,8192,6656,1541.155,1657.285,1660.289,1.0259
mixed,64,48,0.75,4.0,2048,1024,4096,16384,13312,2023.231,2252.416,2247.107,0.9768
mixed,64,48,0.75,4.0,2048,2048,128,512,416,1208.615,1223.042,1224.962,1.1331
mixed,64,48,0.75,4.0,2048,2048,256,1024,832,1239.708,1259.618,1265.924,1.3167
mixed,64,48,0.75,4.0,2048,2048,512,2048,1664,1304.513,1332.734,1336.547,1.1351
mixed,64,48,0.75,4.0,2048,2048,1024,4096,3328,1423.524,1478.977,1491.556,1.2268
mixed,64,48,0.75,4.0,2048,2048,2048,8192,6656,1660.769,1767.206,1768.9,1.0159
mixed,64,48,0.75,4.0,2048,2048,4096,16384,13312,2139.04,2362.241,2348.866,0.9401
mixed,64,48,0.75,4.0,2048,4096,128,512,416,1471.746,1477.538,1488.13,2.8287
mixed,64,48,0.75,4.0,2048,4096,256,1024,832,1499.967,1513.795,1518.464,1.3376
mixed,64,48,0.75,4.0,2048,4096,512,2048,1664,1557.565,1578.179,1599.4,2.0294
mixed,64,48,0.75,4.0,2048,4096,1024,4096,3328,1669.343,1729.795,1730.05,1.0042
mixed,64,48,0.75,4.0,2048,4096,2048,8192,6656,1910.178,2014.082,2025.246,1.1074
mixed,64,48,0.75,4.0,2048,4096,4096,16384,13312,2369.759,2593.451,2597.895,1.0199
mixed,64,48,0.75,4.0,2048,8192,128,512,416,1938.051,1942.433,1948.286,2.3357
mixed,64,48,0.75,4.0,2048,8192,256,1024,832,1966.336,1986.594,1999.942,1.6589
mixed,64,48,0.75,4.0,2048,8192,512,2048,1664,2035.653,2059.718,2071.557,1.492
mixed,64,48,0.75,4.0,2048,8192,1024,4096,3328,2147.424,2185.51,2201.154,1.4108
mixed,64,48,0.75,4.0,2048,8192,2048,8192,6656,2376.739,2489.415,2499.841,1.0925
mixed,64,48,0.75,4.0,2048,8192,4096,16384,13312,2841.572,3062.598,3072.675,1.0456
pure,64,58,0.9062,4.0,0,0,128,512,476,168.031,170.592,168.833,0.3132
pure,64,58,0.9062,4.0,0,0,256,1024,952,191.775,197.023,192.064,0.0551
pure,64,58,0.9062,4.0,0,0,512,2048,1904,235.072,246.048,239.329,0.3878
pure,64,58,0.9062,4.0,0,0,1024,4096,3808,326.622,341.888,336.286,0.633
pure,64,58,0.9062,4.0,0,0,2048,8192,7616,506.659,533.888,553.538,1.7217
pure,64,58,0.9062,4.0,0,0,4096,16384,15232,857.315,915.297,951.841,1.6303
mixed,64,58,0.9062,4.0,16,0,128,512,476,176.353,177.953,175.169,-0.74
mixed,64,58,0.9062,4.0,16,0,256,1024,952,201.726,204.705,199.999,-0.5797
mixed,64,58,0.9062,4.0,16,0,512,2048,1904,242.883,253.633,247.648,0.4433
mixed,64,58,0.9062,4.0,16,0,1024,4096,3808,333.314,349.246,343.008,0.6085
mixed,64,58,0.9062,4.0,16,0,2048,8192,7616,512.671,539.871,522.175,0.3494
mixed,64,58,0.9062,4.0,16,0,4096,16384,15232,868.287,919.008,961.633,1.8404
mixed,64,58,0.9062,4.0,16,512,128,512,476,199.712,199.936,178.305,-95.567
mixed,64,58,0.9062,4.0,16,512,256,1024,952,198.528,202.848,201.601,0.7113
mixed,64,58,0.9062,4.0,16,512,512,2048,1904,244.735,253.923,247.487,0.2995
mixed,64,58,0.9062,4.0,16,512,1024,4096,3808,336.642,350.271,343.87,0.5303
mixed,64,58,0.9062,4.0,16,512,2048,8192,7616,512.287,539.712,522.272,0.3641
mixed,64,58,0.9062,4.0,16,512,4096,16384,15232,867.938,921.089,960.576,1.7429
mixed,64,58,0.9062,4.0,16,1024,128,512,476,199.198,202.589,189.954,-2.726
mixed,64,58,0.9062,4.0,16,1024,256,1024,952,230.75,237.761,202.69,-4.0023
mixed,64,58,0.9062,4.0,16,1024,512,2048,1904,244.45,253.568,247.426,0.3264
mixed,64,58,0.9062,4.0,16,1024,1024,4096,3808,337.409,350.75,337.857,0.0336
mixed,64,58,0.9062,4.0,16,1024,2048,8192,7616,510.849,539.17,520.352,0.3355
mixed,64,58,0.9062,4.0,16,1024,4096,16384,15232,865.855,922.242,884.131,0.3241
mixed,64,58,0.9062,4.0,16,2048,128,512,476,196.961,204.801,201.987,0.6411
mixed,64,58,0.9062,4.0,16,2048,256,1024,952,233.503,235.07,223.041,-6.6765
mixed,64,58,0.9062,4.0,16,2048,512,2048,1904,296.064,309.378,247.52,-3.6461
mixed,64,58,0.9062,4.0,16,2048,1024,4096,3808,334.299,348.992,341.86,0.5146
mixed,64,58,0.9062,4.0,16,2048,2048,8192,7616,514.273,543.361,522.144,0.2706
mixed,64,58,0.9062,4.0,16,2048,4096,16384,15232,869.636,919.105,885.599,0.3227
mixed,64,58,0.9062,4.0,16,4096,128,512,476,199.71,201.757,198.338,-0.6702
mixed,64,58,0.9062,4.0,16,4096,256,1024,952,230.242,235.391,232.192,0.3787
mixed,64,58,0.9062,4.0,16,4096,512,2048,1904,295.167,305.342,278.722,-1.6162
mixed,64,58,0.9062,4.0,16,4096,1024,4096,3808,427.745,447.967,346.718,-4.0069
mixed,64,58,0.9062,4.0,16,4096,2048,8192,7616,512.194,541.408,522.4,0.3494
mixed,64,58,0.9062,4.0,16,4096,4096,16384,15232,870.562,924.385,892.93,0.4156
mixed,64,58,0.9062,4.0,16,8192,128,512,476,197.918,196.927,197.725,
mixed,64,58,0.9062,4.0,16,8192,256,1024,952,231.103,235.618,231.3,0.0436
mixed,64,58,0.9062,4.0,16,8192,512,2048,1904,292.576,304.706,299.809,0.5963
mixed,64,58,0.9062,4.0,16,8192,1024,4096,3808,423.328,441.118,386.466,-2.0721
mixed,64,58,0.9062,4.0,16,8192,2048,8192,7616,686.98,722.977,518.909,-4.669
mixed,64,58,0.9062,4.0,16,8192,4096,16384,15232,871.392,924.799,893.313,0.4105
mixed,64,58,0.9062,4.0,32,0,128,512,476,177.855,181.473,177.311,-0.1504
mixed,64,58,0.9062,4.0,32,0,256,1024,952,199.873,204.415,205.664,1.275
mixed,64,58,0.9062,4.0,32,0,512,2048,1904,246.176,256.511,251.165,0.4827
mixed,64,58,0.9062,4.0,32,0,1024,4096,3808,341.344,352.191,345.792,0.4101
mixed,64,58,0.9062,4.0,32,0,2048,8192,7616,515.904,543.839,526.591,0.3826
mixed,64,58,0.9062,4.0,32,0,4096,16384,15232,875.297,930.334,966.657,1.66
mixed,64,58,0.9062,4.0,32,512,128,512,476,202.975,206.399,203.904,0.2713
mixed,64,58,0.9062,4.0,32,512,256,1024,952,238.337,237.023,199.038,
mixed,64,58,0.9062,4.0,32,512,512,2048,1904,283.97,296.0,249.088,-2.8996
mixed,64,58,0.9062,4.0,32,512,1024,4096,3808,379.074,388.129,336.801,-4.6685
mixed,64,58,0.9062,4.0,32,512,2048,8192,7616,546.174,569.6,515.457,-1.3112
mixed,64,58,0.9062,4.0,32,512,4096,16384,15232,885.214,935.814,866.434,-0.3711
mixed,64,58,0.9062,4.0,32,1024,128,512,476,198.08,203.233,200.19,0.4095
mixed,64,58,0.9062,4.0,32,1024,256,1024,952,237.474,244.831,223.329,-1.9227
mixed,64,58,0.9062,4.0,32,1024,512,2048,1904,298.37,306.816,260.735,-4.456
mixed,64,58,0.9062,4.0,32,1024,1024,4096,3808,394.593,413.249,337.919,-3.0378
mixed,64,58,0.9062,4.0,32,1024,2048,8192,7616,564.096,583.839,516.383,-2.4167
mixed,64,58,0.9062,4.0,32,1024,4096,16384,15232,904.224,953.538,872.291,-0.6475
mixed,64,58,0.9062,4.0,32,2048,128,512,476,202.912,205.247,202.048,-0.37
mixed,64,58,0.9062,4.0,32,2048,256,1024,952,229.408,238.948,235.551,0.6439
mixed,64,58,0.9062,4.0,32,2048,512,2048,1904,298.686,318.561,283.236,-0.7774
mixed,64,58,0.9062,4.0,32,2048,1024,4096,3808,430.947,448.128,340.578,-5.2598
mixed,64,58,0.9062,4.0,32,2048,2048,8192,7616,605.216,637.345,515.778,-2.7837
mixed,64,58,0.9062,4.0,32,2048,4096,16384,15232,927.646,996.643,873.474,-0.7851
mixed,64,58,0.9062,4.0,32,4096,128,512,476,196.416,205.342,201.502,0.5698
mixed,64,58,0.9062,4.0,32,4096,256,1024,952,234.462,234.146,234.334,
mixed,64,58,0.9062,4.0,32,4096,512,2048,1904,289.664,308.8,304.8,0.791
mixed,64,58,0.9062,4.0,32,4096,1024,4096,3808,430.755,442.399,389.599,-3.5345
mixed,64,58,0.9062,4.0,32,4096,2048,8192,7616,688.48,714.337,519.907,-6.5194
mixed,64,58,0.9062,4.0,32,4096,4096,16384,15232,1026.305,1092.962,872.739,-2.3038
mixed,64,58,0.9062,4.0,32,8192,128,512,476,218.655,227.521,224.93,0.7078
mixed,64,58,0.9062,4.0,32,8192,256,1024,952,229.757,228.096,220.704,
mixed,64,58,0.9062,4.0,32,8192,512,2048,1904,289.116,300.802,296.927,0.6684
mixed,64,58,0.9062,4.0,32,8192,1024,4096,3808,410.721,429.375,428.383,0.9468
mixed,64,58,0.9062,4.0,32,8192,2048,8192,7616,664.542,722.304,596.159,-1.1839
mixed,64,58,0.9062,4.0,32,8192,4096,16384,15232,1181.986,1270.369,878.655,-3.432
mixed,64,58,0.9062,4.0,64,0,128,512,476,193.473,192.547,180.671,
mixed,64,58,0.9062,4.0,64,0,256,1024,952,214.177,215.777,207.776,-4.0006
mixed,64,58,0.9062,4.0,64,0,512,2048,1904,257.794,260.83,256.065,-0.5695
mixed,64,58,0.9062,4.0,64,0,1024,4096,3808,344.484,358.466,348.132,0.2609
mixed,64,58,0.9062,4.0,64,0,2048,8192,7616,522.179,547.967,531.904,0.3771
mixed,64,58,0.9062,4.0,64,0,4096,16384,15232,875.81,931.553,971.905,1.7239
mixed,64,58,0.9062,4.0,64,512,128,512,476,204.801,207.139,205.989,0.5081
mixed,64,58,0.9062,4.0,64,512,256,1024,952,231.263,236.927,222.848,-1.4857
mixed,64,58,0.9062,4.0,64,512,512,2048,1904,283.2,292.062,259.805,-2.6399
mixed,64,58,0.9062,4.0,64,512,1024,4096,3808,371.52,382.303,350.72,-1.929
mixed,64,58,0.9062,4.0,64,512,2048,8192,7616,539.808,570.691,530.655,-0.2964
mixed,64,58,0.9062,4.0,64,512,4096,16384,15232,881.6,933.854,897.408,0.3025
mixed,64,58,0.9062,4.0,64,1024,128,512,476,205.793,207.264,206.274,0.327
mixed,64,58,0.9062,4.0,64,1024,256,1024,952,234.083,239.553,238.659,0.8366
mixed,64,58,0.9062,4.0,64,1024,512,2048,1904,294.048,308.831,279.969,-0.9524
mixed,64,58,0.9062,4.0,64,1024,1024,4096,3808,389.951,405.762,348.228,-2.6389
mixed,64,58,0.9062,4.0,64,1024,2048,8192,7616,557.314,585.663,530.53,-0.9448
mixed,64,58,0.9062,4.0,64,1024,4096,16384,15232,901.729,952.831,895.331,-0.1252
mixed,64,58,0.9062,4.0,64,2048,128,512,476,196.544,193.92,191.774,
mixed,64,58,0.9062,4.0,64,2048,256,1024,952,230.046,238.591,235.551,0.6442
mixed,64,58,0.9062,4.0,64,2048,512,2048,1904,294.398,461.279,303.969,0.0574
mixed,64,58,0.9062,4.0,64,2048,1024,4096,3808,424.994,441.085,390.115,-2.1676
mixed,64,58,0.9062,4.0,64,2048,2048,8192,7616,591.877,623.007,530.045,-1.9863
mixed,64,58,0.9062,4.0,64,2048,4096,16384,15232,936.833,991.425,897.567,-0.7193
mixed,64,58,0.9062,4.0,64,4096,128,512,476,220.928,228.126,226.148,0.7252
mixed,64,58,0.9062,4.0,64,4096,256,1024,952,224.354,223.617,221.217,
mixed,64,58,0.9062,4.0,64,4096,512,2048,1904,292.385,302.079,298.882,0.6702
mixed,64,58,0.9062,4.0,64,4096,1024,4096,3808,410.333,426.05,425.667,0.9756
mixed,64,58,0.9062,4.0,64,4096,2048,8192,7616,663.392,696.033,596.13,-2.0607
mixed,64,58,0.9062,4.0,64,4096,4096,16384,15232,1012.804,1067.775,896.577,-2.1143
mixed,64,58,0.9062,4.0,64,8192,128,512,476,245.503,245.761,244.736,-2.9729
mixed,64,58,0.9062,4.0,64,8192,256,1024,952,270.912,283.553,282.142,0.8884
mixed,64,58,0.9062,4.0,64,8192,512,2048,1904,279.521,293.89,279.008,-0.0357
mixed,64,58,0.9062,4.0,64,8192,1024,4096,3808,409.28,426.848,424.959,0.8925
mixed,64,58,0.9062,4.0,64,8192,2048,8192,7616,630.208,667.137,664.735,0.935
mixed,64,58,0.9062,4.0,64,8192,4096,16384,15232,1137.921,1209.569,1004.161,-1.8669
mixed,64,58,0.9062,4.0,128,0,128,512,476,208.514,205.791,201.63,
mixed,64,58,0.9062,4.0,128,0,256,1024,952,228.574,232.605,222.721,-1.452
mixed,64,58,0.9062,4.0,128,0,512,2048,1904,274.816,277.217,266.402,-3.5044
mixed,64,58,0.9062,4.0,128,0,1024,4096,3808,357.089,370.624,363.711,0.4893
mixed,64,58,0.9062,4.0,128,0,2048,8192,7616,540.992,566.433,542.24,0.0491
mixed,64,58,0.9062,4.0,128,0,4096,16384,15232,892.737,949.889,983.105,1.5812
mixed,64,58,0.9062,4.0,128,512,128,512,476,217.438,222.56,225.088,1.4936
mixed,64,58,0.9062,4.0,128,512,256,1024,952,239.936,248.066,243.457,0.4331
mixed,64,58,0.9062,4.0,128,512,512,2048,1904,290.848,301.536,301.375,0.9849
mixed,64,58,0.9062,4.0,128,512,1024,4096,3808,386.273,402.657,398.592,0.7519
mixed,64,58,0.9062,4.0,128,512,2048,8192,7616,560.672,592.191,575.487,0.47
mixed,64,58,0.9062,4.0,128,512,4096,16384,15232,923.457,976.353,947.81,0.4604
mixed,64,58,0.9062,4.0,128,1024,128,512,476,210.558,206.463,208.193,
mixed,64,58,0.9062,4.0,128,1024,256,1024,952,247.586,254.051,249.859,0.3516
mixed,64,58,0.9062,4.0,128,1024,512,2048,1904,302.432,312.192,310.529,0.8296
mixed,64,58,0.9062,4.0,128,1024,1024,4096,3808,399.617,414.755,412.608,0.8582
mixed,64,58,0.9062,4.0,128,1024,2048,8192,7616,573.377,608.002,596.16,0.658
mixed,64,58,0.9062,4.0,128,1024,4096,16384,15232,936.29,992.159,940.641,0.0779
mixed,64,58,0.9062,4.0,128,2048,128,512,476,234.656,240.096,240.513,1.0767
mixed,64,58,0.9062,4.0,128,2048,256,1024,952,244.224,236.191,236.641,
mixed,64,58,0.9062,4.0,128,2048,512,2048,1904,301.984,316.864,308.255,0.4214
mixed,64,58,0.9062,4.0,128,2048,1024,4096,3808,418.336,439.172,437.824,0.9353
mixed,64,58,0.9062,4.0,128,2048,2048,8192,7616,604.321,635.361,629.696,0.8175
mixed,64,58,0.9062,4.0,128,2048,4096,16384,15232,962.464,1004.93,994.881,0.7634
mixed,64,58,0.9062,4.0,128,4096,128,512,476,257.215,261.187,261.441,1.0639
mixed,64,58,0.9062,4.0,128,4096,256,1024,952,284.001,294.816,296.066,1.1156
mixed,64,58,0.9062,4.0,128,4096,512,2048,1904,296.577,290.047,288.93,
mixed,64,58,0.9062,4.0,128,4096,1024,4096,3808,407.712,424.96,417.889,0.59
mixed,64,58,0.9062,4.0,128,4096,2048,8192,7616,652.064,685.76,683.936,0.9459
mixed,64,58,0.9062,4.0,128,4096,4096,16384,15232,1020.994,1081.472,1053.476,0.5371
mixed,64,58,0.9062,4.0,128,8192,128,512,476,329.309,329.696,331.232,4.969
mixed,64,58,0.9062,4.0,128,8192,256,1024,952,359.711,330.499,328.544,
mixed,64,58,0.9062,4.0,128,8192,512,2048,1904,386.083,405.891,401.857,0.7963
mixed,64,58,0.9062,4.0,128,8192,1024,4096,3808,408.29,403.136,404.066,
mixed,64,58,0.9062,4.0,128,8192,2048,8192,7616,614.976,652.322,637.026,0.5904
mixed,64,58,0.9062,4.0,128,8192,4096,16384,15232,1116.963,1180.77,1176.613,0.9349
mixed,64,58,0.9062,4.0,256,0,128,512,476,243.841,245.022,238.338,-4.6596
mixed,64,58,0.9062,4.0,256,0,256,1024,952,266.211,270.238,261.44,-1.1848
mixed,64,58,0.9062,4.0,256,0,512,2048,1904,311.904,316.449,302.72,-2.0207
mixed,64,58,0.9062,4.0,256,0,1024,4096,3808,395.265,405.761,396.161,0.0854
mixed,64,58,0.9062,4.0,256,0,2048,8192,7616,567.68,598.722,582.017,0.4619
mixed,64,58,0.9062,4.0,256,0,4096,16384,15232,935.298,992.351,952.611,0.3035
mixed,64,58,0.9062,4.0,256,512,128,512,476,272.225,229.122,276.191,
mixed,64,58,0.9062,4.0,256,512,256,1024,952,246.048,270.751,268.992,0.9288
mixed,64,58,0.9062,4.0,256,512,512,2048,1904,312.959,322.976,313.728,0.0768
mixed,64,58,0.9062,4.0,256,512,1024,4096,3808,401.249,412.833,408.735,0.6462
mixed,64,58,0.9062,4.0,256,512,2048,8192,7616,579.874,607.522,595.715,0.573
mixed,64,58,0.9062,4.0,256,512,4096,16384,15232,938.72,993.791,965.535,0.4869
mixed,64,58,0.9062,4.0,256,1024,128,512,476,290.753,291.649,288.288,-2.7511
mixed,64,58,0.9062,4.0,256,1024,256,1024,952,315.455,249.472,251.009,
mixed,64,58,0.9062,4.0,256,1024,512,2048,1904,319.774,330.241,328.642,0.8472
mixed,64,58,0.9062,4.0,256,1024,1024,4096,3808,408.481,422.368,417.086,0.6196
mixed,64,58,0.9062,4.0,256,1024,2048,8192,7616,590.816,615.456,600.384,0.3883
mixed,64,58,0.9062,4.0,256,1024,4096,16384,15232,946.849,1002.691,976.29,0.5272
mixed,64,58,0.9062,4.0,256,2048,128,512,476,311.612,314.304,314.049,0.9053
mixed,64,58,0.9062,4.0,256,2048,256,1024,952,339.553,345.823,343.808,0.6786
mixed,64,58,0.9062,4.0,256,2048,512,2048,1904,308.993,305.757,304.928,
mixed,64,58,0.9062,4.0,256,2048,1024,4096,3808,427.237,445.185,437.984,0.5988
mixed,64,58,0.9062,4.0,256,2048,2048,8192,7616,600.478,627.361,615.49,0.5584
mixed,64,58,0.9062,4.0,256,2048,4096,16384,15232,962.69,1015.971,991.008,0.5315
mixed,64,58,0.9062,4.0,256,4096,128,512,476,364.545,365.183,366.337,2.8088
mixed,64,58,0.9062,4.0,256,4096,256,1024,952,395.106,395.807,394.337,-1.097
mixed,64,58,0.9062,4.0,256,4096,512,2048,1904,442.05,452.895,451.168,0.8408
mixed,64,58,0.9062,4.0,256,4096,1024,4096,3808,416.578,419.775,416.321,-0.0804
mixed,64,58,0.9062,4.0,256,4096,2048,8192,7616,628.96,673.378,654.526,0.5756
mixed,64,58,0.9062,4.0,256,4096,4096,16384,15232,986.689,1041.73,1022.146,0.6442
mixed,64,58,0.9062,4.0,256,8192,128,512,476,469.921,466.112,468.257,
mixed,64,58,0.9062,4.0,256,8192,256,1024,952,495.357,498.08,500.545,1.9053
mixed,64,58,0.9062,4.0,256,8192,512,2048,1904,544.098,553.889,554.431,1.0554
mixed,64,58,0.9062,4.0,256,8192,1024,4096,3808,645.89,665.569,661.438,0.7901
mixed,64,58,0.9062,4.0,256,8192,2048,8192,7616,632.033,645.795,641.762,0.7069
mixed,64,58,0.9062,4.0,256,8192,4096,16384,15232,1040.257,1090.08,1083.171,0.8613
mixed,64,58,0.9062,4.0,512,0,128,512,476,307.172,313.055,310.912,0.6357
mixed,64,58,0.9062,4.0,512,0,256,1024,952,328.609,336.611,330.785,0.2719
mixed,64,58,0.9062,4.0,512,0,512,2048,1904,383.938,586.495,388.737,0.0237
mixed,64,58,0.9062,4.0,512,0,1024,4096,3808,500.448,501.698,500.737,0.2312
mixed,64,58,0.9062,4.0,512,0,2048,8192,7616,715.072,716.351,711.297,-2.9515
mixed,64,58,0.9062,4.0,512,0,4096,16384,15232,1088.288,1216.544,1216.321,0.9983
mixed,64,58,0.9062,4.0,512,512,128,512,476,345.727,346.786,349.377,3.4466
mixed,64,58,0.9062,4.0,512,512,256,1024,952,378.624,377.792,380.51,
mixed,64,58,0.9062,4.0,512,512,512,2048,1904,427.038,433.919,435.553,1.2375
mixed,64,58,0.9062,4.0,512,512,1024,4096,3808,529.28,552.673,541.729,0.5322
mixed,64,58,0.9062,4.0,512,512,2048,8192,7616,751.39,761.345,759.906,0.8554
mixed,64,58,0.9062,4.0,512,512,4096,16384,15232,1140.578,1204.737,1187.231,0.7271
mixed,64,58,0.9062,4.0,512,1024,128,512,476,370.079,374.977,375.907,1.1899
mixed,64,58,0.9062,4.0,512,1024,256,1024,952,400.291,408.96,401.408,0.1288
mixed,64,58,0.9062,4.0,512,1024,512,2048,1904,459.649,459.904,459.357,-1.1451
mixed,64,58,0.9062,4.0,512,1024,1024,4096,3808,554.402,572.798,566.849,0.6766
mixed,64,58,0.9062,4.0,512,1024,2048,8192,7616,774.622,786.306,778.594,0.34
mixed,64,58,0.9062,4.0,512,1024,4096,16384,15232,1163.841,1220.256,1220.385,1.0023
mixed,64,58,0.9062,4.0,512,2048,128,512,476,416.865,426.111,421.92,0.5467
mixed,64,58,0.9062,4.0,512,2048,256,1024,952,453.473,459.938,453.312,-0.0249
mixed,64,58,0.9062,4.0,512,2048,512,2048,1904,501.762,513.024,511.97,0.9064
mixed,64,58,0.9062,4.0,512,2048,1024,4096,3808,606.594,625.666,619.807,0.6928
mixed,64,58,0.9062,4.0,512,2048,2048,8192,7616,804.255,837.794,832.639,0.8463
mixed,64,58,0.9062,4.0,512,2048,4096,16384,15232,1211.938,1313.506,1263.171,0.5044
mixed,64,58,0.9062,4.0,512,4096,128,512,476,520.483,525.151,519.23,-0.2684
mixed,64,58,0.9062,4.0,512,4096,256,1024,952,556.641,561.918,554.816,-0.3458
mixed,64,58,0.9062,4.0,512,4096,512,2048,1904,602.593,617.149,607.843,0.3607
mixed,64,58,0.9062,4.0,512,4096,1024,4096,3808,707.682,719.778,715.712,0.6639
mixed,64,58,0.9062,4.0,512,4096,2048,8192,7616,913.792,938.528,938.781,1.0102
mixed,64,58,0.9062,4.0,512,4096,4096,16384,15232,1320.959,1453.09,1366.114,0.3417
mixed,64,58,0.9062,4.0,512,8192,128,512,476,716.515,720.48,721.344,1.2179
mixed,64,58,0.9062,4.0,512,8192,256,1024,952,746.464,753.313,748.131,0.2434
mixed,64,58,0.9062,4.0,512,8192,512,2048,1904,799.425,807.298,810.622,1.4222
mixed,64,58,0.9062,4.0,512,8192,1024,4096,3808,905.534,923.136,917.985,0.7074
mixed,64,58,0.9062,4.0,512,8192,2048,8192,7616,1110.721,1141.986,1138.017,0.8731
mixed,64,58,0.9062,4.0,512,8192,4096,16384,15232,1518.111,1561.056,1550.146,0.746
mixed,64,58,0.9062,4.0,1024,0,128,512,476,478.368,488.03,477.188,-0.1221
mixed,64,58,0.9062,4.0,1024,0,256,1024,952,509.095,517.756,502.27,-0.788
mixed,64,58,0.9062,4.0,1024,0,512,2048,1904,548.835,563.235,560.096,0.782
mixed,64,58,0.9062,4.0,1024,0,1024,4096,3808,645.506,661.857,650.689,0.317
mixed,64,58,0.9062,4.0,1024,0,2048,8192,7616,814.622,840.293,864.003,1.9236
mixed,64,58,0.9062,4.0,1024,0,4096,16384,15232,1184.099,1243.457,1280.995,1.6324
mixed,64,58,0.9062,4.0,1024,512,128,512,476,740.869,618.146,618.817,
mixed,64,58,0.9062,4.0,1024,512,256,1024,952,653.886,662.528,651.586,-0.2661
mixed,64,58,0.9062,4.0,1024,512,512,2048,1904,720.289,745.506,730.116,0.3897
mixed,64,58,0.9062,4.0,1024,512,1024,4096,3808,864.322,888.383,866.144,0.0757
mixed,64,58,0.9062,4.0,1024,512,2048,8192,7616,1130.178,1179.396,1205.83,1.5371
mixed,64,58,0.9062,4.0,1024,512,4096,16384,15232,1694.784,1771.97,1811.107,1.507
mixed,64,58,0.9062,4.0,1024,1024,128,512,476,655.649,657.152,659.868,2.8071
mixed,64,58,0.9062,4.0,1024,1024,256,1024,952,697.285,705.98,695.748,-0.1768
mixed,64,58,0.9062,4.0,1024,1024,512,2048,1904,758.437,772.384,772.991,1.0435
mixed,64,58,0.9062,4.0,1024,1024,1024,4096,3808,890.273,919.745,911.843,0.7319
mixed,64,58,0.9062,4.0,1024,1024,2048,8192,7616,1175.009,1218.526,1245.219,1.6134
mixed,64,58,0.9062,4.0,1024,1024,4096,16384,15232,1733.187,1814.662,1863.326,1.5973
mixed,64,58,0.9062,4.0,1024,2048,128,512,476,727.581,739.294,740.801,1.1287
mixed,64,58,0.9062,4.0,1024,2048,256,1024,952,780.221,780.158,783.937,
mixed,64,58,0.9062,4.0,1024,2048,512,2048,1904,848.609,851.554,848.227,-0.1297
mixed,64,58,0.9062,4.0,1024,2048,1024,4096,3808,985.123,988.352,992.485,2.28
mixed,64,58,0.9062,4.0,1024,2048,2048,8192,7616,1252.158,1288.324,1323.936,1.9847
mixed,64,58,0.9062,4.0,1024,2048,4096,16384,15232,1788.675,1882.434,1929.667,1.5038
mixed,64,58,0.9062,4.0,1024,4096,128,512,476,886.91,909.632,905.634,0.824
mixed,64,58,0.9062,4.0,1024,4096,256,1024,952,944.546,937.92,944.262,
mixed,64,58,0.9062,4.0,1024,4096,512,2048,1904,1007.1,1012.289,1020.603,2.6022
mixed,64,58,0.9062,4.0,1024,4096,1024,4096,3808,1146.274,1170.079,1154.08,0.3279
mixed,64,58,0.9062,4.0,1024,4096,2048,8192,7616,1409.028,1446.66,1466.819,1.5357
mixed,64,58,0.9062,4.0,1024,4096,4096,16384,15232,1942.242,2020.256,2082.306,1.7954
mixed,64,58,0.9062,4.0,1024,8192,128,512,476,1223.681,1224.898,1220.934,-2.2572
mixed,64,58,0.9062,4.0,1024,8192,256,1024,952,1272.325,1269.09,1273.377,
mixed,64,58,0.9062,4.0,1024,8192,512,2048,1904,1329.666,1346.947,1354.083,1.4129
mixed,64,58,0.9062,4.0,1024,8192,1024,4096,3808,1464.318,1494.275,1469.666,0.1785
mixed,64,58,0.9062,4.0,1024,8192,2048,8192,7616,1733.827,1775.044,1805.316,1.7345
mixed,64,58,0.9062,4.0,1024,8192,4096,16384,15232,2282.756,2349.283,2407.62,1.8769
mixed,64,58,0.9062,4.0,2048,0,128,512,476,804.128,808.929,806.21,0.4337
mixed,64,58,0.9062,4.0,2048,0,256,1024,952,829.892,832.291,827.999,-0.7891
mixed,64,58,0.9062,4.0,2048,0,512,2048,1904,882.276,888.198,880.993,-0.2166
mixed,64,58,0.9062,4.0,2048,0,1024,4096,3808,967.201,973.345,973.502,1.0256
mixed,64,58,0.9062,4.0,2048,0,2048,8192,7616,1138.402,1176.099,1196.546,1.5424
mixed,64,58,0.9062,4.0,2048,0,4096,16384,15232,1509.856,1572.995,1598.5,1.404
mixed,64,58,0.9062,4.0,2048,512,128,512,476,989.03,1000.703,991.777,0.2353
mixed,64,58,0.9062,4.0,2048,512,256,1024,952,1030.238,1035.548,1030.976,0.139
mixed,64,58,0.9062,4.0,2048,512,512,2048,1904,1097.538,1117.465,1101.917,0.2198
mixed,64,58,0.9062,4.0,2048,512,1024,4096,3808,1240.639,1251.42,1245.024,0.4067
mixed,64,58,0.9062,4.0,2048,512,2048,8192,7616,1500.483,1543.909,1568.931,1.5762
mixed,64,58,0.9062,4.0,2048,512,4096,16384,15232,2049.602,2129.795,2185.188,1.6907
mixed,64,58,0.9062,4.0,2048,1024,128,512,476,1047.04,1052.74,1046.623,-0.0732
mixed,64,58,0.9062,4.0,2048,1024,256,1024,952,1085.479,1089.952,1091.263,1.2931
mixed,64,58,0.9062,4.0,2048,1024,512,2048,1904,1149.601,1167.36,1152.737,0.1766
mixed,64,58,0.9062,4.0,2048,1024,1024,4096,3808,1290.851,1313.119,1296.675,0.2615
mixed,64,58,0.9062,4.0,2048,1024,2048,8192,7616,1559.493,1597.219,1627.103,1.7921
mixed,64,58,0.9062,4.0,2048,1024,4096,16384,15232,2102.692,2200.067,2241.149,1.4219
mixed,64,58,0.9062,4.0,2048,2048,128,512,476,1147.713,1172.413,1162.824,0.6118
mixed,64,58,0.9062,4.0,2048,2048,256,1024,952,1195.553,1201.732,1199.393,0.6215
mixed,64,58,0.9062,4.0,2048,2048,512,2048,1904,1262.434,1274.212,1269.442,0.595
mixed,64,58,0.9062,4.0,2048,2048,1024,4096,3808,1393.149,1421.118,1423.296,1.0779
mixed,64,58,0.9062,4.0,2048,2048,2048,8192,7616,1662.976,1712.928,1738.531,1.5126
mixed,64,58,0.9062,4.0,2048,2048,4096,16384,15232,2215.431,2294.113,2348.423,1.6902
mixed,64,58,0.9062,4.0,2048,4096,128,512,476,1404.32,1417.185,1409.569,0.408
mixed,64,58,0.9062,4.0,2048,4096,256,1024,952,1441.345,1446.757,1445.959,0.8525
mixed,64,58,0.9062,4.0,2048,4096,512,2048,1904,1507.845,1524.706,1524.551,0.9908
mixed,64,58,0.9062,4.0,2048,4096,1024,4096,3808,1651.329,1669.152,1665.152,0.7756
mixed,64,58,0.9062,4.0,2048,4096,2048,8192,7616,1909.213,1959.171,1989.857,1.6142
mixed,64,58,0.9062,4.0,2048,4096,4096,16384,15232,2457.318,2529.088,2585.062,1.7799
mixed,64,58,0.9062,4.0,2048,8192,128,512,476,1876.388,1874.34,1865.222,
mixed,64,58,0.9062,4.0,2048,8192,256,1024,952,1912.578,1912.482,1903.932,
mixed,64,58,0.9062,4.0,2048,8192,512,2048,1904,1971.555,1979.971,1980.033,1.0074
mixed,64,58,0.9062,4.0,2048,8192,1024,4096,3808,2120.357,2144.516,2121.187,0.0344
mixed,64,58,0.9062,4.0,2048,8192,2048,8192,7616,2381.988,2418.848,2449.889,1.8421
mixed,64,58,0.9062,4.0,2048,8192,4096,16384,15232,2903.527,2981.54,3055.749,1.9512
pure,128,1,0.0078,4.0,0,0,128,512,131,153.537,205.599,166.497,0.2489
pure,128,1,0.0078,4.0,0,0,256,1024,262,178.206,254.751,181.853,0.0476
pure,128,1,0.0078,4.0,0,0,512,2048,524,204.034,349.599,205.826,0.0123
pure,128,1,0.0078,4.0,0,0,1024,4096,1048,254.56,541.634,255.458,0.0031
pure,128,1,0.0078,4.0,0,0,2048,8192,2096,355.232,918.338,350.306,-0.0087
pure,128,1,0.0078,4.0,0,0,4096,16384,4192,548.192,1679.013,545.761,-0.0021
mixed,128,1,0.0078,4.0,16,0,128,512,131,166.433,217.504,182.655,0.3176
mixed,128,1,0.0078,4.0,16,0,256,1024,262,191.391,268.063,195.039,0.0476
mixed,128,1,0.0078,4.0,16,0,512,2048,524,217.6,363.011,230.85,0.0911
mixed,128,1,0.0078,4.0,16,0,1024,4096,1048,269.313,552.352,268.893,-0.0015
mixed,128,1,0.0078,4.0,16,0,2048,8192,2096,365.087,933.119,364.032,-0.0019
mixed,128,1,0.0078,4.0,16,0,4096,16384,4192,563.907,1694.626,556.671,-0.0064
mixed,128,1,0.0078,4.0,16,512,128,512,131,202.626,215.871,198.527,-0.3095
mixed,128,1,0.0078,4.0,16,512,256,1024,262,217.057,264.673,219.774,0.0571
mixed,128,1,0.0078,4.0,16,512,512,2048,524,218.239,366.623,250.43,0.2169
mixed,128,1,0.0078,4.0,16,512,1024,4096,1048,265.503,549.987,312.194,0.1641
mixed,128,1,0.0078,4.0,16,512,2048,8192,2096,363.647,934.146,418.879,0.0968
mixed,128,1,0.0078,4.0,16,512,4096,16384,4192,563.519,1693.54,603.489,0.0354
mixed,128,1,0.0078,4.0,16,1024,128,512,131,195.233,253.634,196.863,0.0279
mixed,128,1,0.0078,4.0,16,1024,256,1024,262,215.809,266.947,211.649,-0.0813
mixed,128,1,0.0078,4.0,16,1024,512,2048,524,256.386,364.576,254.336,-0.0189
mixed,128,1,0.0078,4.0,16,1024,1024,4096,1048,266.911,556.639,325.665,0.2028
mixed,128,1,0.0078,4.0,16,1024,2048,8192,2096,369.697,936.256,441.312,0.1264
mixed,128,1,0.0078,4.0,16,1024,4096,16384,4192,563.618,1692.195,627.167,0.0563
mixed,128,1,0.0078,4.0,16,2048,128,512,131,198.112,247.453,204.161,0.1226
mixed,128,1,0.0078,4.0,16,2048,256,1024,262,218.881,326.593,215.168,-0.0345
mixed,128,1,0.0078,4.0,16,2048,512,2048,524,248.638,362.626,247.266,-0.012
mixed,128,1,0.0078,4.0,16,2048,1024,4096,1048,324.64,553.153,322.973,-0.0073
mixed,128,1,0.0078,4.0,16,2048,2048,8192,2096,368.03,934.943,466.562,0.1738
mixed,128,1,0.0078,4.0,16,2048,4096,16384,4192,560.191,1696.803,678.047,0.1037
mixed,128,1,0.0078,4.0,16,4096,128,512,131,200.739,245.856,201.663,0.0205
mixed,128,1,0.0078,4.0,16,4096,256,1024,262,214.655,329.731,214.367,-0.0025
mixed,128,1,0.0078,4.0,16,4096,512,2048,524,249.343,465.408,246.785,-0.0118
mixed,128,1,0.0078,4.0,16,4096,1024,4096,1048,321.567,553.121,322.787,0.0053
mixed,128,1,0.0078,4.0,16,4096,2048,8192,2096,467.712,939.774,465.023,-0.0057
mixed,128,1,0.0078,4.0,16,4096,4096,16384,4192,563.777,1699.843,745.665,0.1601
mixed,128,1,0.0078,4.0,16,8192,128,512,131,209.568,250.016,205.664,-0.0965
mixed,128,1,0.0078,4.0,16,8192,256,1024,262,222.464,312.255,217.215,-0.0585
mixed,128,1,0.0078,4.0,16,8192,512,2048,524,250.237,460.289,255.49,0.025
mixed,128,1,0.0078,4.0,16,8192,1024,4096,1048,312.832,744.577,316.834,0.0093
mixed,128,1,0.0078,4.0,16,8192,2048,8192,2096,455.872,938.724,456.383,0.0011
mixed,128,1,0.0078,4.0,16,8192,4096,16384,4192,740.254,1698.082,731.81,-0.0088
mixed,128,1,0.0078,4.0,32,0,128,512,131,171.167,220.575,184.481,0.2695
mixed,128,1,0.0078,4.0,32,0,256,1024,262,197.697,268.738,205.987,0.1167
mixed,128,1,0.0078,4.0,32,0,512,2048,524,222.815,364.225,231.167,0.0591
mixed,128,1,0.0078,4.0,32,0,1024,4096,1048,271.871,553.505,277.95,0.0216
mixed,128,1,0.0078,4.0,32,0,2048,8192,2096,368.67,932.61,366.849,-0.0032
mixed,128,1,0.0078,4.0,32,0,4096,16384,4192,566.402,1696.706,561.376,-0.0044
mixed,128,1,0.0078,4.0,32,512,128,512,131,204.257,249.665,201.247,-0.0663
mixed,128,1,0.0078,4.0,32,512,256,1024,262,221.41,309.441,223.201,0.0203
mixed,128,1,0.0078,4.0,32,512,512,2048,524,252.544,406.113,248.735,-0.0248
mixed,128,1,0.0078,4.0,32,512,1024,4096,1048,310.303,581.566,309.888,-0.0015
mixed,128,1,0.0078,4.0,32,512,2048,8192,2096,409.634,954.275,414.433,0.0088
mixed,128,1,0.0078,4.0,32,512,4096,16384,4192,599.971,1703.169,603.295,0.003
mixed,128,1,0.0078,4.0,32,1024,128,512,131,198.655,258.592,201.886,0.0539
mixed,128,1,0.0078,4.0,32,1024,256,1024,262,222.144,324.896,217.698,-0.0433
mixed,128,1,0.0078,4.0,32,1024,512,2048,524,254.976,431.936,256.161,0.0067
mixed,128,1,0.0078,4.0,32,1024,1024,4096,1048,321.535,607.11,322.559,0.0036
mixed,128,1,0.0078,4.0,32,1024,2048,8192,2096,427.774,966.594,426.626,-0.0021
mixed,128,1,0.0078,4.0,32,1024,4096,16384,4192,620.065,1703.492,616.449,-0.0033
mixed,128,1,0.0078,4.0,32,2048,128,512,131,200.868,245.888,204.191,0.0738
mixed,128,1,0.0078,4.0,32,2048,256,1024,262,219.873,326.243,220.159,0.0027
mixed,128,1,0.0078,4.0,32,2048,512,2048,524,247.647,460.256,250.21,0.0121
mixed,128,1,0.0078,4.0,32,2048,1024,4096,1048,324.318,658.144,323.808,-0.0015
mixed,128,1,0.0078,4.0,32,2048,2048,8192,2096,462.943,1023.135,459.907,-0.0054
mixed,128,1,0.0078,4.0,32,2048,4096,16384,4192,659.842,1736.547,658.304,-0.0014
mixed,128,1,0.0078,4.0,32,4096,128,512,131,206.206,249.825,220.512,0.328
mixed,128,1,0.0078,4.0,32,4096,256,1024,262,217.506,314.625,219.715,0.0227
mixed,128,1,0.0078,4.0,32,4096,512,2048,524,247.812,694.11,246.207,-0.0036
mixed,128,1,0.0078,4.0,32,4096,1024,4096,1048,316.032,730.144,313.249,-0.0067
mixed,128,1,0.0078,4.0,32,4096,2048,8192,2096,463.713,1108.739,453.763,-0.0154
mixed,128,1,0.0078,4.0,32,4096,4096,16384,4192,737.824,1838.305,734.626,-0.0029
mixed,128,1,0.0078,4.0,32,8192,128,512,131,221.858,248.194,221.509,-0.0133
mixed,128,1,0.0078,4.0,32,8192,256,1024,262,247.712,319.267,236.222,-0.1606
mixed,128,1,0.0078,4.0,32,8192,512,2048,524,250.145,446.754,251.524,0.007
mixed,128,1,0.0078,4.0,32,8192,1024,4096,1048,315.842,720.928,316.578,0.0018
mixed,128,1,0.0078,4.0,32,8192,2048,8192,2096,438.113,1267.809,435.807,-0.0028
mixed,128,1,0.0078,4.0,32,8192,4096,16384,4192,725.89,3005.953,713.474,-0.0054
mixed,128,1,0.0078,4.0,64,0,128,512,131,181.312,235.039,198.722,0.324
mixed,128,1,0.0078,4.0,64,0,256,1024,262,207.071,285.599,208.605,0.0195
mixed,128,1,0.0078,4.0,64,0,512,2048,524,241.022,376.802,239.361,-0.0122
mixed,128,1,0.0078,4.0,64,0,1024,4096,1048,287.102,568.45,291.519,0.0157
mixed,128,1,0.0078,4.0,64,0,2048,8192,2096,377.057,948.609,375.68,-0.0024
mixed,128,1,0.0078,4.0,64,0,4096,16384,4192,574.016,1709.633,576.095,0.0018
mixed,128,1,0.0078,4.0,64,512,128,512,131,203.84,251.392,203.169,-0.0141
mixed,128,1,0.0078,4.0,64,512,256,1024,262,230.529,308.833,224.13,-0.0817
mixed,128,1,0.0078,4.0,64,512,512,2048,524,254.014,400.287,248.993,-0.0343
mixed,128,1,0.0078,4.0,64,512,1024,4096,1048,311.361,574.37,310.177,-0.0045
mixed,128,1,0.0078,4.0,64,512,2048,8192,2096,406.56,948.415,406.403,-0.0003
mixed,128,1,0.0078,4.0,64,512,4096,16384,4192,584.901,1709.378,606.082,0.0188
mixed,128,1,0.0078,4.0,64,1024,128,512,131,205.313,261.089,202.977,-0.0419
mixed,128,1,0.0078,4.0,64,1024,256,1024,262,228.288,317.983,224.896,-0.0378
mixed,128,1,0.0078,4.0,64,1024,512,2048,524,260.415,425.024,258.143,-0.0138
mixed,128,1,0.0078,4.0,64,1024,1024,4096,1048,327.426,606.692,315.839,-0.0415
mixed,128,1,0.0078,4.0,64,1024,2048,8192,2096,428.258,974.111,426.013,-0.0041
mixed,128,1,0.0078,4.0,64,1024,4096,16384,4192,613.439,1708.162,617.023,0.0033
mixed,128,1,0.0078,4.0,64,2048,128,512,131,229.633,256.384,225.474,-0.1555
mixed,128,1,0.0078,4.0,64,2048,256,1024,262,229.215,323.167,233.505,0.0457
mixed,128,1,0.0078,4.0,64,2048,512,2048,524,257.505,452.321,252.608,-0.0251
mixed,128,1,0.0078,4.0,64,2048,1024,4096,1048,320.577,636.961,322.654,0.0066
mixed,128,1,0.0078,4.0,64,2048,2048,8192,2096,456.385,993.985,450.112,-0.0117
mixed,128,1,0.0078,4.0,64,2048,4096,16384,4192,653.795,1727.458,650.753,-0.0028
mixed,128,1,0.0078,4.0,64,4096,128,512,131,244.193,260.286,239.839,-0.2706
mixed,128,1,0.0078,4.0,64,4096,256,1024,262,243.232,313.569,245.954,0.0387
mixed,128,1,0.0078,4.0,64,4096,512,2048,524,256.608,448.544,255.775,-0.0043
mixed,128,1,0.0078,4.0,64,4096,1024,4096,1048,317.505,705.603,316.672,-0.0021
mixed,128,1,0.0078,4.0,64,4096,2048,8192,2096,450.081,1075.461,449.728,-0.0006
mixed,128,1,0.0078,4.0,64,4096,4096,16384,4192,717.472,1765.986,705.439,-0.0115
mixed,128,1,0.0078,4.0,64,8192,128,512,131,270.367,284.64,272.415,0.1435
mixed,128,1,0.0078,4.0,64,8192,256,1024,262,270.367,322.276,270.559,0.0037
mixed,128,1,0.0078,4.0,64,8192,512,2048,524,286.943,432.288,287.168,0.0015
mixed,128,1,0.0078,4.0,64,8192,1024,4096,1048,320.994,696.032,316.128,-0.013
mixed,128,1,0.0078,4.0,64,8192,2048,8192,2096,436.961,1225.603,438.208,0.0016
mixed,128,1,0.0078,4.0,64,8192,4096,16384,4192,704.289,1970.95,692.51,-0.0093
mixed,128,1,0.0078,4.0,128,0,128,512,131,187.232,244.898,204.704,0.303
mixed,128,1,0.0078,4.0,128,0,256,1024,262,217.215,291.199,220.415,0.0433
mixed,128,1,0.0078,4.0,128,0,512,2048,524,246.624,381.345,244.897,-0.0128
mixed,128,1,0.0078,4.0,128,0,1024,4096,1048,290.467,574.592,293.63,0.0111
mixed,128,1,0.0078,4.0,128,0,2048,8192,2096,385.794,960.929,386.497,0.0012
mixed,128,1,0.0078,4.0,128,0,4096,16384,4192,584.673,1717.537,578.529,-0.0054
mixed,128,1,0.0078,4.0,128,512,128,512,131,213.569,253.375,215.936,0.0595
mixed,128,1,0.0078,4.0,128,512,256,1024,262,232.77,312.351,232.993,0.0028
mixed,128,1,0.0078,4.0,128,512,512,2048,524,254.239,409.249,253.888,-0.0023
mixed,128,1,0.0078,4.0,128,512,1024,4096,1048,314.656,603.969,311.232,-0.0118
mixed,128,1,0.0078,4.0,128,512,2048,8192,2096,412.385,989.314,412.769,0.0007
mixed,128,1,0.0078,4.0,128,512,4096,16384,4192,609.789,1749.988,606.339,-0.003
mixed,128,1,0.0078,4.0,128,1024,128,512,131,233.024,264.478,221.569,-0.3642
mixed,128,1,0.0078,4.0,128,1024,256,1024,262,231.393,320.929,232.095,0.0078
mixed,128,1,0.0078,4.0,128,1024,512,2048,524,266.464,423.682,266.721,0.0016
mixed,128,1,0.0078,4.0,128,1024,1024,4096,1048,321.6,614.752,319.106,-0.0085
mixed,128,1,0.0078,4.0,128,1024,2048,8192,2096,430.437,1000.609,427.327,-0.0055
mixed,128,1,0.0078,4.0,128,1024,4096,16384,4192,621.119,1759.458,617.923,-0.0028
mixed,128,1,0.0078,4.0,128,2048,128,512,131,245.887,264.801,247.201,0.0695
mixed,128,1,0.0078,4.0,128,2048,256,1024,262,256.801,325.537,254.596,-0.0321
mixed,128,1,0.0078,4.0,128,2048,512,2048,524,264.161,445.158,265.345,0.0065
mixed,128,1,0.0078,4.0,128,2048,1024,4096,1048,325.697,643.938,326.111,0.0013
mixed,128,1,0.0078,4.0,128,2048,2048,8192,2096,451.04,1025.92,447.713,-0.0058
mixed,128,1,0.0078,4.0,128,2048,4096,16384,4192,653.952,1791.683,641.282,-0.0111
mixed,128,1,0.0078,4.0,128,4096,128,512,131,271.999,306.785,272.994,0.0286
mixed,128,1,0.0078,4.0,128,4096,256,1024,262,274.782,319.362,275.777,0.0223
mixed,128,1,0.0078,4.0,128,4096,512,2048,524,306.333,434.4,310.658,0.0338
mixed,128,1,0.0078,4.0,128,4096,1024,4096,1048,324.769,694.304,322.945,-0.0049
mixed,128,1,0.0078,4.0,128,4096,2048,8192,2096,445.919,1086.723,436.158,-0.0152
mixed,128,1,0.0078,4.0,128,4096,4096,16384,4192,704.71,1862.53,693.856,-0.0094
mixed,128,1,0.0078,4.0,128,8192,128,512,131,324.704,341.313,323.745,-0.0577
mixed,128,1,0.0078,4.0,128,8192,256,1024,262,338.462,406.335,340.639,0.0321
mixed,128,1,0.0078,4.0,128,8192,512,2048,524,339.14,437.086,339.329,0.0019
mixed,128,1,0.0078,4.0,128,8192,1024,4096,1048,408.738,661.953,408.96,0.0009
mixed,128,1,0.0078,4.0,128,8192,2048,8192,2096,437.216,1185.216,434.911,-0.0031
mixed,128,1,0.0078,4.0,128,8192,4096,16384,4192,665.919,1964.803,653.181,-0.0098
mixed,128,1,0.0078,4.0,256,0,128,512,131,219.648,281.857,238.848,0.3086
mixed,128,1,0.0078,4.0,256,0,256,1024,262,252.321,328.127,254.14,0.024
mixed,128,1,0.0078,4.0,256,0,512,2048,524,277.184,417.666,283.777,0.0469
mixed,128,1,0.0078,4.0,256,0,1024,4096,1048,327.074,608.929,360.543,0.1187
mixed,128,1,0.0078,4.0,256,0,2048,8192,2096,418.208,999.52,511.839,0.1611
mixed,128,1,0.0078,4.0,256,0,4096,16384,4192,616.131,1757.634,812.066,0.1716
mixed,128,1,0.0078,4.0,256,512,128,512,131,269.089,281.379,268.771,-0.0259
mixed,128,1,0.0078,4.0,256,512,256,1024,262,247.937,329.631,250.499,0.0314
mixed,128,1,0.0078,4.0,256,512,512,2048,524,281.57,432.001,280.064,-0.01
mixed,128,1,0.0078,4.0,256,512,1024,4096,1048,337.376,625.697,337.024,-0.0012
mixed,128,1,0.0078,4.0,256,512,2048,8192,2096,434.176,1009.314,482.529,0.0841
mixed,128,1,0.0078,4.0,256,512,4096,16384,4192,630.756,1771.939,781.504,0.1321
mixed,128,1,0.0078,4.0,256,1024,128,512,131,282.623,282.497,282.911,
mixed,128,1,0.0078,4.0,256,1024,256,1024,262,299.393,340.898,300.639,0.03
mixed,128,1,0.0078,4.0,256,1024,512,2048,524,281.436,445.249,283.135,0.0104
mixed,128,1,0.0078,4.0,256,1024,1024,4096,1048,341.761,634.08,341.12,-0.0022
mixed,128,1,0.0078,4.0,256,1024,2048,8192,2096,446.593,1024.863,472.96,0.0456
mixed,128,1,0.0078,4.0,256,1024,4096,16384,4192,644.067,1792.706,754.943,0.0965
mixed,128,1,0.0078,4.0,256,2048,128,512,131,308.799,355.011,305.15,-0.079
mixed,128,1,0.0078,4.0,256,2048,256,1024,262,323.906,343.392,323.969,0.0032
mixed,128,1,0.0078,4.0,256,2048,512,2048,524,354.339,476.962,354.368,0.0002
mixed,128,1,0.0078,4.0,256,2048,1024,4096,1048,343.872,658.624,346.558,0.0085
mixed,128,1,0.0078,4.0,256,2048,2048,8192,2096,477.061,1040.129,473.215,-0.0068
mixed,128,1,0.0078,4.0,256,2048,4096,16384,4192,670.339,1799.94,732.033,0.0546
mixed,128,1,0.0078,4.0,256,4096,128,512,131,361.059,400.835,360.832,-0.0057
mixed,128,1,0.0078,4.0,256,4096,256,1024,262,373.474,449.345,376.77,0.0434
mixed,128,1,0.0078,4.0,256,4096,512,2048,524,405.024,465.795,404.449,-0.0095
mixed,128,1,0.0078,4.0,256,4096,1024,4096,1048,451.49,723.777,453.089,0.0059
mixed,128,1,0.0078,4.0,256,4096,2048,8192,2096,470.494,1093.023,471.936,0.0023
mixed,128,1,0.0078,4.0,256,4096,4096,16384,4192,732.8,1859.492,725.219,-0.0067
mixed,128,1,0.0078,4.0,256,8192,128,512,131,463.774,504.223,462.272,-0.0371
mixed,128,1,0.0078,4.0,256,8192,256,1024,262,478.723,550.657,476.45,-0.0316
mixed,128,1,0.0078,4.0,256,8192,512,2048,524,503.327,645.281,505.954,0.0185
mixed,128,1,0.0078,4.0,256,8192,1024,4096,1048,555.934,713.378,554.304,-0.0104
mixed,128,1,0.0078,4.0,256,8192,2048,8192,2096,650.079,1217.73,651.104,0.0018
mixed,128,1,0.0078,4.0,256,8192,4096,16384,4192,723.009,1966.433,724.29,0.001
mixed,128,1,0.0078,4.0,512,0,128,512,131,285.922,325.438,282.656,-0.0827
mixed,128,1,0.0078,4.0,512,0,256,1024,262,299.523,372.128,304.77,0.0723
mixed,128,1,0.0078,4.0,512,0,512,2048,524,327.137,462.43,373.694,0.3441
mixed,128,1,0.0078,4.0,512,0,1024,4096,1048,374.564,650.306,496.064,0.4406
mixed,128,1,0.0078,4.0,512,0,2048,8192,2096,466.466,1031.522,744.222,0.4916
mixed,128,1,0.0078,4.0,512,0,4096,16384,4192,659.614,1808.834,1250.469,0.5141
mixed,128,1,0.0078,4.0,512,512,128,512,131,303.966,351.49,302.369,-0.0336
mixed,128,1,0.0078,4.0,512,512,256,1024,262,318.37,398.592,317.918,-0.0056
mixed,128,1,0.0078,4.0,512,512,512,2048,524,353.474,491.328,357.76,0.0311
mixed,128,1,0.0078,4.0,512,512,1024,4096,1048,397.599,683.202,483.679,0.3014
mixed,128,1,0.0078,4.0,512,512,2048,8192,2096,495.583,1061.281,727.328,0.4097
mixed,128,1,0.0078,4.0,512,512,4096,16384,4192,692.066,1827.427,1213.921,0.4596
mixed,128,1,0.0078,4.0,512,1024,128,512,131,325.023,375.906,328.768,0.0736
mixed,128,1,0.0078,4.0,512,1024,256,1024,262,340.384,422.72,347.646,0.0882
mixed,128,1,0.0078,4.0,512,1024,512,2048,524,376.448,516.451,373.537,-0.0208
mixed,128,1,0.0078,4.0,512,1024,1024,4096,1048,430.847,705.057,480.448,0.1809
mixed,128,1,0.0078,4.0,512,1024,2048,8192,2096,520.253,1087.233,725.985,0.3629
mixed,128,1,0.0078,4.0,512,1024,4096,16384,4192,720.165,1850.594,1212.769,0.4358
mixed,128,1,0.0078,4.0,512,2048,128,512,131,377.409,423.582,373.344,-0.088
mixed,128,1,0.0078,4.0,512,2048,256,1024,262,393.825,464.832,393.502,-0.0045
mixed,128,1,0.0078,4.0,512,2048,512,2048,524,421.505,569.634,426.851,0.0361
mixed,128,1,0.0078,4.0,512,2048,1024,4096,1048,468.896,754.591,482.401,0.0473
mixed,128,1,0.0078,4.0,512,2048,2048,8192,2096,567.327,1136.0,726.879,0.2806
mixed,128,1,0.0078,4.0,512,2048,4096,16384,4192,759.905,1891.329,1210.337,0.3981
mixed,128,1,0.0078,4.0,512,4096,128,512,131,481.759,520.225,475.55,-0.1614
mixed,128,1,0.0078,4.0,512,4096,256,1024,262,493.859,569.411,487.363,-0.086
mixed,128,1,0.0078,4.0,512,4096,512,2048,524,520.959,665.219,524.354,0.0235
mixed,128,1,0.0078,4.0,512,4096,1024,4096,1048,570.882,853.983,571.585,0.0025
mixed,128,1,0.0078,4.0,512,4096,2048,8192,2096,672.096,1225.602,731.781,0.1078
mixed,128,1,0.0078,4.0,512,4096,4096,16384,4192,865.793,1989.413,1218.689,0.3141
mixed,128,1,0.0078,4.0,512,8192,128,512,131,676.256,707.265,671.359,-0.1579
mixed,128,1,0.0078,4.0,512,8192,256,1024,262,684.161,766.178,679.236,-0.06
mixed,128,1,0.0078,4.0,512,8192,512,2048,524,714.338,863.104,715.811,0.0099
mixed,128,1,0.0078,4.0,512,8192,1024,4096,1048,758.337,1053.282,763.586,0.0178
mixed,128,1,0.0078,4.0,512,8192,2048,8192,2096,857.857,1437.219,860.385,0.0044
mixed,128,1,0.0078,4.0,512,8192,4096,16384,4192,1063.042,2183.236,1196.128,0.1188
mixed,128,1,0.0078,4.0,1024,0,128,512,131,498.306,537.569,499.171,0.022
mixed,128,1,0.0078,4.0,1024,0,256,1024,262,505.437,580.833,508.127,0.0357
mixed,128,1,0.0078,4.0,1024,0,512,2048,524,532.579,676.71,530.207,-0.0165
mixed,128,1,0.0078,4.0,1024,0,1024,4096,1048,566.4,870.656,587.074,0.0679
mixed,128,1,0.0078,4.0,1024,0,2048,8192,2096,664.321,1265.733,684.0,0.0327
mixed,128,1,0.0078,4.0,1024,0,4096,16384,4192,879.874,2030.054,877.733,-0.0019
mixed,128,1,0.0078,4.0,1024,512,128,512,131,631.487,689.311,619.461,-0.208
mixed,128,1,0.0078,4.0,1024,512,256,1024,262,635.552,765.7,653.154,0.1352
mixed,128,1,0.0078,4.0,1024,512,512,2048,524,680.896,908.8,685.504,0.0202
mixed,128,1,0.0078,4.0,1024,512,1024,4096,1048,770.272,1195.553,762.464,-0.0184
mixed,128,1,0.0078,4.0,1024,512,2048,8192,2096,903.844,1786.053,887.166,-0.0189
mixed,128,1,0.0078,4.0,1024,512,4096,16384,4192,1214.208,2952.675,1197.376,-0.0097
mixed,128,1,0.0078,4.0,1024,1024,128,512,131,642.53,712.193,664.894,0.321
mixed,128,1,0.0078,4.0,1024,1024,256,1024,262,677.28,790.207,686.852,0.0848
mixed,128,1,0.0078,4.0,1024,1024,512,2048,524,724.742,946.79,725.791,0.0047
mixed,128,1,0.0078,4.0,1024,1024,1024,4096,1048,799.492,1228.675,798.24,-0.0029
mixed,128,1,0.0078,4.0,1024,1024,2048,8192,2096,945.921,1823.332,946.437,0.0006
mixed,128,1,0.0078,4.0,1024,1024,4096,16384,4192,1241.858,2997.061,1244.347,0.0014
mixed,128,1,0.0078,4.0,1024,2048,128,512,131,727.618,775.812,724.928,-0.0558
mixed,128,1,0.0078,4.0,1024,2048,256,1024,262,757.122,869.215,754.846,-0.0203
mixed,128,1,0.0078,4.0,1024,2048,512,2048,524,793.57,1007.331,780.065,-0.0632
mixed,128,1,0.0078,4.0,1024,2048,1024,4096,1048,871.424,1286.461,872.45,0.0025
mixed,128,1,0.0078,4.0,1024,2048,2048,8192,2096,1009.597,1883.812,999.999,-0.011
mixed,128,1,0.0078,4.0,1024,2048,4096,16384,4192,1310.495,3048.319,1300.006,-0.006
mixed,128,1,0.0078,4.0,1024,4096,128,512,131,884.959,949.278,880.45,-0.0701
mixed,128,1,0.0078,4.0,1024,4096,256,1024,262,915.874,1017.922,898.083,-0.1743
mixed,128,1,0.0078,4.0,1024,4096,512,2048,524,948.225,1162.687,946.689,-0.0072
mixed,128,1,0.0078,4.0,1024,4096,1024,4096,1048,1201.638,1429.922,1000.674,-0.8803
mixed,128,1,0.0078,4.0,1024,4096,2048,8192,2096,1143.325,2001.469,1154.719,0.0133
mixed,128,1,0.0078,4.0,1024,4096,4096,16384,4192,1435.875,3161.668,1435.998,0.0001
mixed,128,1,0.0078,4.0,1024,8192,128,512,131,1144.866,1208.034,1151.651,0.1074
mixed,128,1,0.0078,4.0,1024,8192,256,1024,262,1174.596,1292.101,1168.477,-0.0521
mixed,128,1,0.0078,4.0,1024,8192,512,2048,524,1213.888,1423.264,1201.313,-0.0601
mixed,128,1,0.0078,4.0,1024,8192,1024,4096,1048,1285.183,1717.09,1288.482,0.0076
mixed,128,1,0.0078,4.0,1024,8192,2048,8192,2096,1429.891,2291.652,1438.787,0.0103
mixed,128,1,0.0078,4.0,1024,8192,4096,16384,4192,1719.302,3410.435,1722.019,0.0016
mixed,128,1,0.0078,4.0,2048,0,128,512,131,799.455,848.355,806.689,0.1479
mixed,128,1,0.0078,4.0,2048,0,256,1024,262,822.11,902.558,823.171,0.0132
mixed,128,1,0.0078,4.0,2048,0,512,2048,524,851.876,998.014,850.305,-0.0108
mixed,128,1,0.0078,4.0,2048,0,1024,4096,1048,907.935,1195.55,900.067,-0.0274
mixed,128,1,0.0078,4.0,2048,0,2048,8192,2096,992.001,1579.139,1003.459,0.0195
mixed,128,1,0.0078,4.0,2048,0,4096,16384,4192,1200.8,2363.107,1202.207,0.0012
mixed,128,1,0.0078,4.0,2048,512,128,512,131,983.838,1042.207,975.615,-0.1409
mixed,128,1,0.0078,4.0,2048,512,256,1024,262,1006.755,1117.631,1000.899,-0.0528
mixed,128,1,0.0078,4.0,2048,512,512,2048,524,1044.708,1256.646,1042.05,-0.0125
mixed,128,1,0.0078,4.0,2048,512,1024,4096,1048,1116.066,1555.874,1134.979,0.043
mixed,128,1,0.0078,4.0,2048,512,2048,8192,2096,1270.372,2137.569,1260.22,-0.0117
mixed,128,1,0.0078,4.0,2048,512,4096,16384,4192,1564.447,3314.826,1551.132,-0.0076
mixed,128,1,0.0078,4.0,2048,1024,128,512,131,1029.89,1103.84,1032.675,0.0377
mixed,128,1,0.0078,4.0,2048,1024,256,1024,262,1053.893,1176.896,1059.842,0.0484
mixed,128,1,0.0078,4.0,2048,1024,512,2048,524,1103.236,1319.36,1097.189,-0.028
mixed,128,1,0.0078,4.0,2048,1024,1024,4096,1048,1182.02,1598.692,1178.147,-0.0093
mixed,128,1,0.0078,4.0,2048,1024,2048,8192,2096,1315.111,2195.553,1313.955,-0.0013
mixed,128,1,0.0078,4.0,2048,1024,4096,16384,4192,1614.502,3366.083,1618.274,0.0022
mixed,128,1,0.0078,4.0,2048,2048,128,512,131,1137.729,1206.565,1136.77,-0.0139
mixed,128,1,0.0078,4.0,2048,2048,256,1024,262,1161.731,1271.615,1163.136,0.0128
mixed,128,1,0.0078,4.0,2048,2048,512,2048,524,1195.871,1415.933,1202.852,0.0317
mixed,128,1,0.0078,4.0,2048,2048,1024,4096,1048,1276.992,1707.874,1278.113,0.0026
mixed,128,1,0.0078,4.0,2048,2048,2048,8192,2096,1415.491,2291.616,1420.479,0.0057
mixed,128,1,0.0078,4.0,2048,2048,4096,16384,4192,1722.184,3461.51,1719.844,-0.0013
mixed,128,1,0.0078,4.0,2048,4096,128,512,131,1382.753,1439.719,1382.403,-0.0061
mixed,128,1,0.0078,4.0,2048,4096,256,1024,262,1396.322,1515.941,1405.44,0.0762
mixed,128,1,0.0078,4.0,2048,4096,512,2048,524,1442.848,1646.24,1443.812,0.0047
mixed,128,1,0.0078,4.0,2048,4096,1024,4096,1048,1521.506,1939.84,1520.578,-0.0022
mixed,128,1,0.0078,4.0,2048,4096,2048,8192,2096,1661.481,2518.534,1657.182,-0.005
mixed,128,1,0.0078,4.0,2048,4096,4096,16384,4192,1942.559,3663.046,1949.763,0.0042
mixed,128,1,0.0078,4.0,2048,8192,128,512,131,1811.269,1880.735,1817.828,0.0944
mixed,128,1,0.0078,4.0,2048,8192,256,1024,262,1841.6,1956.707,1847.074,0.0476
mixed,128,1,0.0078,4.0,2048,8192,512,2048,524,1878.175,2097.828,1895.142,0.0772
mixed,128,1,0.0078,4.0,2048,8192,1024,4096,1048,1958.825,2373.632,1970.149,0.0273
mixed,128,1,0.0078,4.0,2048,8192,2048,8192,2096,2113.702,2953.764,2102.432,-0.0134
mixed,128,1,0.0078,4.0,2048,8192,4096,16384,4192,2396.577,4095.621,2410.147,0.008
pure,128,2,0.0156,4.0,0,0,128,512,134,152.225,204.224,165.025,0.2462
pure,128,2,0.0156,4.0,0,0,256,1024,268,179.553,252.293,183.201,0.0502
pure,128,2,0.0156,4.0,0,0,512,2048,536,205.6,348.862,237.825,0.2249
pure,128,2,0.0156,4.0,0,0,1024,4096,1072,257.921,537.409,308.511,0.181
pure,128,2,0.0156,4.0,0,0,2048,8192,2144,357.54,921.154,452.095,0.1678
pure,128,2,0.0156,4.0,0,0,4096,16384,4288,559.108,1680.709,741.184,0.1623
mixed,128,2,0.0156,4.0,16,0,128,512,134,163.041,324.832,190.046,0.1669
mixed,128,2,0.0156,4.0,16,0,256,1024,268,189.76,268.033,209.568,0.2531
mixed,128,2,0.0156,4.0,16,0,512,2048,536,217.474,362.787,230.37,0.0887
mixed,128,2,0.0156,4.0,16,0,1024,4096,1072,268.222,552.449,327.903,0.21
mixed,128,2,0.0156,4.0,16,0,2048,8192,2144,368.641,932.323,464.992,0.1709
mixed,128,2,0.0156,4.0,16,0,4096,16384,4288,574.399,1694.436,754.75,0.161
mixed,128,2,0.0156,4.0,16,512,128,512,134,197.025,220.638,197.888,0.0365
mixed,128,2,0.0156,4.0,16,512,256,1024,268,221.217,269.725,217.341,-0.0799
mixed,128,2,0.0156,4.0,16,512,512,2048,536,217.311,362.493,248.993,0.2182
mixed,128,2,0.0156,4.0,16,512,1024,4096,1072,271.074,554.592,319.521,0.1709
mixed,128,2,0.0156,4.0,16,512,2048,8192,2144,369.376,936.034,466.434,0.1713
mixed,128,2,0.0156,4.0,16,512,4096,16384,4288,572.355,1697.986,754.335,0.1617
mixed,128,2,0.0156,4.0,16,1024,128,512,134,196.897,256.895,198.72,0.0304
mixed,128,2,0.0156,4.0,16,1024,256,1024,268,215.587,266.817,219.617,0.0787
mixed,128,2,0.0156,4.0,16,1024,512,2048,536,257.538,363.616,255.744,-0.0169
mixed,128,2,0.0156,4.0,16,1024,1024,4096,1072,269.187,554.784,320.162,0.1785
mixed,128,2,0.0156,4.0,16,1024,2048,8192,2144,370.018,935.811,466.144,0.1699
mixed,128,2,0.0156,4.0,16,1024,4096,16384,4288,573.985,1697.601,758.21,0.164
mixed,128,2,0.0156,4.0,16,2048,128,512,134,196.193,246.752,198.148,0.0387
mixed,128,2,0.0156,4.0,16,2048,256,1024,268,221.728,324.063,221.473,-0.0025
mixed,128,2,0.0156,4.0,16,2048,512,2048,536,248.354,362.243,250.788,0.0214
mixed,128,2,0.0156,4.0,16,2048,1024,4096,1072,323.2,554.529,324.705,0.0065
mixed,128,2,0.0156,4.0,16,2048,2048,8192,2144,376.126,937.059,466.625,0.1613
mixed,128,2,0.0156,4.0,16,2048,4096,16384,4288,574.242,1692.931,753.314,0.1601
mixed,128,2,0.0156,4.0,16,4096,128,512,134,199.136,249.728,198.239,-0.0177
mixed,128,2,0.0156,4.0,16,4096,256,1024,268,213.663,322.593,215.232,0.0144
mixed,128,2,0.0156,4.0,16,4096,512,2048,536,249.282,463.713,245.059,-0.0197
mixed,128,2,0.0156,4.0,16,4096,1024,4096,1072,327.94,552.51,321.601,-0.0282
mixed,128,2,0.0156,4.0,16,4096,2048,8192,2144,477.25,942.402,465.281,-0.0257
mixed,128,2,0.0156,4.0,16,4096,4096,16384,4288,572.898,1699.97,748.194,0.1555
mixed,128,2,0.0156,4.0,16,8192,128,512,134,206.176,247.325,203.199,-0.0723
mixed,128,2,0.0156,4.0,16,8192,256,1024,268,220.702,316.225,225.215,0.0472
mixed,128,2,0.0156,4.0,16,8192,512,2048,536,256.734,454.24,251.329,-0.0274
mixed,128,2,0.0156,4.0,16,8192,1024,4096,1072,317.952,731.071,315.457,-0.006
mixed,128,2,0.0156,4.0,16,8192,2048,8192,2144,468.866,944.034,458.882,-0.021
mixed,128,2,0.0156,4.0,16,8192,4096,16384,4288,765.155,1698.658,735.322,-0.032
mixed,128,2,0.0156,4.0,32,0,128,512,134,167.264,220.545,187.169,0.3736
mixed,128,2,0.0156,4.0,32,0,256,1024,268,194.368,270.752,203.553,0.1202
mixed,128,2,0.0156,4.0,32,0,512,2048,536,220.351,363.681,228.927,0.0598
mixed,128,2,0.0156,4.0,32,0,1024,4096,1072,269.187,552.767,330.593,0.2165
mixed,128,2,0.0156,4.0,32,0,2048,8192,2144,371.2,933.891,467.426,0.171
mixed,128,2,0.0156,4.0,32,0,4096,16384,4288,573.89,1696.259,754.431,0.1609
mixed,128,2,0.0156,4.0,32,512,128,512,134,204.256,247.999,202.401,-0.0424
mixed,128,2,0.0156,4.0,32,512,256,1024,268,221.759,311.809,223.934,0.0242
mixed,128,2,0.0156,4.0,32,512,512,2048,536,252.387,406.754,251.328,-0.0069
mixed,128,2,0.0156,4.0,32,512,1024,4096,1072,312.353,594.659,321.6,0.0328
mixed,128,2,0.0156,4.0,32,512,2048,8192,2144,411.074,957.44,460.797,0.091
mixed,128,2,0.0156,4.0,32,512,4096,16384,4288,606.816,1699.137,754.146,0.1349
mixed,128,2,0.0156,4.0,32,1024,128,512,134,198.784,256.542,200.738,0.0338
mixed,128,2,0.0156,4.0,32,1024,256,1024,268,223.074,323.711,217.953,-0.0509
mixed,128,2,0.0156,4.0,32,1024,512,2048,536,255.586,429.856,253.6,-0.0114
mixed,128,2,0.0156,4.0,32,1024,1024,4096,1072,321.568,606.975,323.488,0.0067
mixed,128,2,0.0156,4.0,32,1024,2048,8192,2144,435.52,975.203,463.359,0.0516
mixed,128,2,0.0156,4.0,32,1024,4096,16384,4288,622.657,1700.896,752.896,0.1208
mixed,128,2,0.0156,4.0,32,2048,128,512,134,200.287,247.2,200.803,0.011
mixed,128,2,0.0156,4.0,32,2048,256,1024,268,221.726,327.521,218.689,-0.0287
mixed,128,2,0.0156,4.0,32,2048,512,2048,536,251.552,461.026,247.14,-0.0211
mixed,128,2,0.0156,4.0,32,2048,1024,4096,1072,324.605,660.864,324.865,0.0008
mixed,128,2,0.0156,4.0,32,2048,2048,8192,2144,470.817,1020.704,461.666,-0.0166
mixed,128,2,0.0156,4.0,32,2048,4096,16384,4288,668.16,1717.987,739.52,0.068
mixed,128,2,0.0156,4.0,32,4096,128,512,134,207.84,249.669,223.711,0.3794
mixed,128,2,0.0156,4.0,32,4096,256,1024,268,218.113,311.776,219.779,0.0178
mixed,128,2,0.0156,4.0,32,4096,512,2048,536,248.576,456.447,250.211,0.0079
mixed,128,2,0.0156,4.0,32,4096,1024,4096,1072,315.553,727.621,314.432,-0.0027
mixed,128,2,0.0156,4.0,32,4096,2048,8192,2144,467.904,1102.05,458.272,-0.0152
mixed,128,2,0.0156,4.0,32,4096,4096,16384,4288,758.785,1833.823,732.608,-0.0243
mixed,128,2,0.0156,4.0,32,8192,128,512,134,227.263,252.513,221.443,-0.2305
mixed,128,2,0.0156,4.0,32,8192,256,1024,268,241.793,314.048,236.703,-0.0704
mixed,128,2,0.0156,4.0,32,8192,512,2048,536,252.929,438.528,249.825,-0.0167
mixed,128,2,0.0156,4.0,32,8192,1024,4096,1072,320.287,721.57,318.722,-0.0039
mixed,128,2,0.0156,4.0,32,8192,2048,8192,2144,444.96,1271.906,442.563,-0.0029
mixed,128,2,0.0156,4.0,32,8192,4096,16384,4288,737.919,2004.164,728.835,-0.0072
mixed,128,2,0.0156,4.0,64,0,128,512,134,180.736,239.011,196.801,0.2757
mixed,128,2,0.0156,4.0,64,0,256,1024,268,212.476,283.105,213.317,0.0119
mixed,128,2,0.0156,4.0,64,0,512,2048,536,237.312,379.104,236.606,-0.005
mixed,128,2,0.0156,4.0,64,0,1024,4096,1072,279.775,567.267,335.971,0.1955
mixed,128,2,0.0156,4.0,64,0,2048,8192,2144,387.873,948.678,484.225,0.1718
mixed,128,2,0.0156,4.0,64,0,4096,16384,4288,588.928,1700.58,750.561,0.1454
mixed,128,2,0.0156,4.0,64,512,128,512,134,205.986,255.332,202.593,-0.0688
mixed,128,2,0.0156,4.0,64,512,256,1024,268,225.886,312.383,228.993,0.0359
mixed,128,2,0.0156,4.0,64,512,512,2048,536,256.004,400.867,251.905,-0.0283
mixed,128,2,0.0156,4.0,64,512,1024,4096,1072,318.848,583.396,322.462,0.0137
mixed,128,2,0.0156,4.0,64,512,2048,8192,2144,410.691,940.257,462.913,0.0986
mixed,128,2,0.0156,4.0,64,512,4096,16384,4288,590.209,1711.905,757.538,0.1492
mixed,128,2,0.0156,4.0,64,1024,128,512,134,203.617,261.921,206.398,0.0477
mixed,128,2,0.0156,4.0,64,1024,256,1024,268,226.336,323.521,225.217,-0.0115
mixed,128,2,0.0156,4.0,64,1024,512,2048,536,259.714,429.322,258.977,-0.0043
mixed,128,2,0.0156,4.0,64,1024,1024,4096,1072,321.726,601.216,319.458,-0.0081
mixed,128,2,0.0156,4.0,64,1024,2048,8192,2144,430.046,958.754,456.768,0.0505
mixed,128,2,0.0156,4.0,64,1024,4096,16384,4288,614.916,1709.76,741.056,0.1152
mixed,128,2,0.0156,4.0,64,2048,128,512,134,228.416,254.335,226.399,-0.0778
mixed,128,2,0.0156,4.0,64,2048,256,1024,268,233.088,319.874,230.403,-0.0309
mixed,128,2,0.0156,4.0,64,2048,512,2048,536,251.935,447.712,255.165,0.0165
mixed,128,2,0.0156,4.0,64,2048,1024,4096,1072,323.649,647.427,321.951,-0.0052
mixed,128,2,0.0156,4.0,64,2048,2048,8192,2144,465.794,1012.129,454.463,-0.0207
mixed,128,2,0.0156,4.0,64,2048,4096,16384,4288,654.466,1727.173,730.787,0.0711
mixed,128,2,0.0156,4.0,64,4096,128,512,134,240.832,254.944,245.027,0.2973
mixed,128,2,0.0156,4.0,64,4096,256,1024,268,246.461,314.24,242.721,-0.0552
mixed,128,2,0.0156,4.0,64,4096,512,2048,536,258.753,451.329,256.739,-0.0105
mixed,128,2,0.0156,4.0,64,4096,1024,4096,1072,314.467,704.417,315.295,0.0021
mixed,128,2,0.0156,4.0,64,4096,2048,8192,2144,459.552,1076.991,445.188,-0.0233
mixed,128,2,0.0156,4.0,64,4096,4096,16384,4288,724.704,1793.413,705.475,-0.018
mixed,128,2,0.0156,4.0,64,8192,128,512,134,268.992,286.078,271.17,0.1275
mixed,128,2,0.0156,4.0,64,8192,256,1024,268,274.111,315.809,272.898,-0.0291
mixed,128,2,0.0156,4.0,64,8192,512,2048,536,291.746,436.449,283.741,-0.0553
mixed,128,2,0.0156,4.0,64,8192,1024,4096,1072,319.425,693.219,317.983,-0.0039
mixed,128,2,0.0156,4.0,64,8192,2048,8192,2144,441.186,1217.28,438.335,-0.0037
mixed,128,2,0.0156,4.0,64,8192,4096,16384,4288,726.205,1953.891,699.071,-0.0221
mixed,128,2,0.0156,4.0,128,0,128,512,134,187.137,244.961,204.959,0.3082
mixed,128,2,0.0156,4.0,128,0,256,1024,268,218.173,290.88,222.465,0.059
mixed,128,2,0.0156,4.0,128,0,512,2048,536,244.416,382.398,243.649,-0.0056
mixed,128,2,0.0156,4.0,128,0,1024,4096,1072,295.07,576.639,343.491,0.172
mixed,128,2,0.0156,4.0,128,0,2048,8192,2144,392.479,954.431,481.695,0.1588
mixed,128,2,0.0156,4.0,128,0,4096,16384,4288,594.467,1720.994,766.465,0.1527
mixed,128,2,0.0156,4.0,128,512,128,512,134,213.852,254.019,214.144,0.0073
mixed,128,2,0.0156,4.0,128,512,256,1024,268,234.817,310.75,233.056,-0.0232
mixed,128,2,0.0156,4.0,128,512,512,2048,536,257.984,412.514,256.448,-0.0099
mixed,128,2,0.0156,4.0,128,512,1024,4096,1072,314.818,604.224,311.774,-0.0105
mixed,128,2,0.0156,4.0,128,512,2048,8192,2144,420.447,982.402,471.712,0.0912
mixed,128,2,0.0156,4.0,128,512,4096,16384,4288,620.417,1746.306,756.161,0.1206
mixed,128,2,0.0156,4.0,128,1024,128,512,134,233.891,263.935,219.583,-0.4762
mixed,128,2,0.0156,4.0,128,1024,256,1024,268,231.775,321.152,232.289,0.0058
mixed,128,2,0.0156,4.0,128,1024,512,2048,536,267.679,425.409,267.073,-0.0038
mixed,128,2,0.0156,4.0,128,1024,1024,4096,1072,323.202,611.648,321.28,-0.0067
mixed,128,2,0.0156,4.0,128,1024,2048,8192,2144,434.303,1000.097,461.986,0.0489
mixed,128,2,0.0156,4.0,128,1024,4096,16384,4288,630.179,1770.433,745.024,0.1007
mixed,128,2,0.0156,4.0,128,2048,128,512,134,248.416,264.416,245.663,-0.1721
mixed,128,2,0.0156,4.0,128,2048,256,1024,268,254.624,327.105,255.456,0.0115
mixed,128,2,0.0156,4.0,128,2048,512,2048,536,265.121,446.529,266.176,0.0058
mixed,128,2,0.0156,4.0,128,2048,1024,4096,1072,328.481,645.28,327.394,-0.0034
mixed,128,2,0.0156,4.0,128,2048,2048,8192,2144,457.216,1029.219,447.425,-0.0171
mixed,128,2,0.0156,4.0,128,2048,4096,16384,4288,662.657,1796.901,726.85,0.0566
mixed,128,2,0.0156,4.0,128,4096,128,512,134,272.542,305.666,271.167,-0.0415
mixed,128,2,0.0156,4.0,128,4096,256,1024,268,276.257,320.545,275.426,-0.0188
mixed,128,2,0.0156,4.0,128,4096,512,2048,536,306.431,434.08,310.945,0.0354
mixed,128,2,0.0156,4.0,128,4096,1024,4096,1072,324.321,693.44,324.067,-0.0007
mixed,128,2,0.0156,4.0,128,4096,2048,8192,2144,449.28,1090.178,436.804,-0.0195
mixed,128,2,0.0156,4.0,128,4096,4096,16384,4288,713.281,1851.17,693.474,-0.0174
mixed,128,2,0.0156,4.0,128,8192,128,512,134,324.386,339.234,325.087,0.0472
mixed,128,2,0.0156,4.0,128,8192,256,1024,268,338.24,404.609,339.2,0.0145
mixed,128,2,0.0156,4.0,128,8192,512,2048,536,336.639,433.666,336.256,-0.0039
mixed,128,2,0.0156,4.0,128,8192,1024,4096,1072,406.306,669.12,407.423,0.0043
mixed,128,2,0.0156,4.0,128,8192,2048,8192,2144,445.408,1189.629,440.096,-0.0071
mixed,128,2,0.0156,4.0,128,8192,4096,16384,4288,671.071,1967.938,667.998,-0.0024
mixed,128,2,0.0156,4.0,256,0,128,512,134,220.288,279.105,238.4,0.3079
mixed,128,2,0.0156,4.0,256,0,256,1024,268,254.208,327.137,255.357,0.0158
mixed,128,2,0.0156,4.0,256,0,512,2048,536,277.791,418.848,283.869,0.0431
mixed,128,2,0.0156,4.0,256,0,1024,4096,1072,331.457,610.399,362.527,0.1114
mixed,128,2,0.0156,4.0,256,0,2048,8192,2144,425.379,1000.993,510.689,0.1482
mixed,128,2,0.0156,4.0,256,0,4096,16384,4288,624.768,1755.842,809.825,0.1636
mixed,128,2,0.0156,4.0,256,512,128,512,134,269.825,279.583,268.064,-0.1805
mixed,128,2,0.0156,4.0,256,512,256,1024,268,249.185,332.511,250.078,0.0107
mixed,128,2,0.0156,4.0,256,512,512,2048,536,281.792,435.678,278.177,-0.0235
mixed,128,2,0.0156,4.0,256,512,1024,4096,1072,338.591,625.634,334.37,-0.0147
mixed,128,2,0.0156,4.0,256,512,2048,8192,2144,438.847,1004.735,483.906,0.0796
mixed,128,2,0.0156,4.0,256,512,4096,16384,4288,640.098,1769.764,778.66,0.1227
mixed,128,2,0.0156,4.0,256,1024,128,512,134,282.657,283.232,283.806,1.9983
mixed,128,2,0.0156,4.0,256,1024,256,1024,268,297.154,343.165,298.045,0.0194
mixed,128,2,0.0156,4.0,256,1024,512,2048,536,284.764,447.073,284.161,-0.0037
mixed,128,2,0.0156,4.0,256,1024,1024,4096,1072,348.544,634.05,342.497,-0.0212
mixed,128,2,0.0156,4.0,256,1024,2048,8192,2144,449.441,1017.12,473.378,0.0422
mixed,128,2,0.0156,4.0,256,1024,4096,16384,4288,649.697,1781.251,768.736,0.1052
mixed,128,2,0.0156,4.0,256,2048,128,512,134,309.121,354.528,306.37,-0.0606
mixed,128,2,0.0156,4.0,256,2048,256,1024,268,322.657,343.359,325.918,0.1575
mixed,128,2,0.0156,4.0,256,2048,512,2048,536,354.144,470.717,354.047,-0.0008
mixed,128,2,0.0156,4.0,256,2048,1024,4096,1072,343.263,656.385,347.33,0.013
mixed,128,2,0.0156,4.0,256,2048,2048,8192,2144,476.542,1040.19,473.953,-0.0046
mixed,128,2,0.0156,4.0,256,2048,4096,16384,4288,679.715,1797.478,735.97,0.0503
mixed,128,2,0.0156,4.0,256,4096,128,512,134,359.233,399.746,358.467,-0.0189
mixed,128,2,0.0156,4.0,256,4096,256,1024,268,376.605,447.202,375.775,-0.0118
mixed,128,2,0.0156,4.0,256,4096,512,2048,536,404.898,465.184,402.368,-0.042
mixed,128,2,0.0156,4.0,256,4096,1024,4096,1072,451.425,724.191,456.255,0.0177
mixed,128,2,0.0156,4.0,256,4096,2048,8192,2144,477.664,1094.782,477.601,-0.0001
mixed,128,2,0.0156,4.0,256,4096,4096,16384,4288,750.722,1851.875,735.936,-0.0134
mixed,128,2,0.0156,4.0,256,8192,128,512,134,464.834,504.384,464.227,-0.0153
mixed,128,2,0.0156,4.0,256,8192,256,1024,268,472.833,550.207,475.425,0.0335
mixed,128,2,0.0156,4.0,256,8192,512,2048,536,503.841,647.584,501.825,-0.014
mixed,128,2,0.0156,4.0,256,8192,1024,4096,1072,555.651,710.466,555.456,-0.0013
mixed,128,2,0.0156,4.0,256,8192,2048,8192,2144,652.994,1220.001,653.187,0.0003
mixed,128,2,0.0156,4.0,256,8192,4096,16384,4288,735.197,1967.334,735.871,0.0005
mixed,128,2,0.0156,4.0,512,0,128,512,134,424.287,327.713,285.633,
mixed,128,2,0.0156,4.0,512,0,256,1024,268,298.4,369.762,303.236,0.0678
mixed,128,2,0.0156,4.0,512,0,512,2048,536,331.712,464.416,372.483,0.3072
mixed,128,2,0.0156,4.0,512,0,1024,4096,1072,375.936,653.088,493.633,0.4247
mixed,128,2,0.0156,4.0,512,0,2048,8192,2144,469.791,1033.184,751.102,0.4993
mixed,128,2,0.0156,4.0,512,0,4096,16384,4288,671.265,1806.466,1245.604,0.5059
mixed,128,2,0.0156,4.0,512,512,128,512,134,302.079,353.825,297.312,-0.0921
mixed,128,2,0.0156,4.0,512,512,256,1024,268,319.104,400.512,318.654,-0.0055
mixed,128,2,0.0156,4.0,512,512,512,2048,536,355.168,497.315,359.233,0.0286
mixed,128,2,0.0156,4.0,512,512,1024,4096,1072,405.089,683.777,486.145,0.2908
mixed,128,2,0.0156,4.0,512,512,2048,8192,2144,504.032,1066.817,737.538,0.4149
mixed,128,2,0.0156,4.0,512,512,4096,16384,4288,704.606,1827.268,1229.698,0.4677
mixed,128,2,0.0156,4.0,512,1024,128,512,134,324.83,374.848,326.754,0.0385
mixed,128,2,0.0156,4.0,512,1024,256,1024,268,344.352,424.512,347.97,0.0451
mixed,128,2,0.0156,4.0,512,1024,512,2048,536,377.057,518.848,383.041,0.0422
mixed,128,2,0.0156,4.0,512,1024,1024,4096,1072,427.071,706.016,495.072,0.2438
mixed,128,2,0.0156,4.0,512,1024,2048,8192,2144,526.912,1090.943,729.632,0.3594
mixed,128,2,0.0156,4.0,512,1024,4096,16384,4288,721.985,1851.84,1220.543,0.4413
mixed,128,2,0.0156,4.0,512,2048,128,512,134,375.584,414.368,374.21,-0.0354
mixed,128,2,0.0156,4.0,512,2048,256,1024,268,395.231,466.975,388.223,-0.0977
mixed,128,2,0.0156,4.0,512,2048,512,2048,536,422.593,568.611,424.576,0.0136
mixed,128,2,0.0156,4.0,512,2048,1024,4096,1072,471.008,751.775,485.442,0.0514
mixed,128,2,0.0156,4.0,512,2048,2048,8192,2144,577.248,1133.507,730.016,0.2746
mixed,128,2,0.0156,4.0,512,2048,4096,16384,4288,776.64,1890.304,1226.976,0.4044
mixed,128,2,0.0156,4.0,512,4096,128,512,134,476.639,526.848,477.343,0.014
mixed,128,2,0.0156,4.0,512,4096,256,1024,268,492.61,567.427,489.984,-0.0351
mixed,128,2,0.0156,4.0,512,4096,512,2048,536,524.803,664.544,528.609,0.0272
mixed,128,2,0.0156,4.0,512,4096,1024,4096,1072,569.569,858.018,568.416,-0.004
mixed,128,2,0.0156,4.0,512,4096,2048,8192,2144,673.025,1226.338,733.955,0.1101
mixed,128,2,0.0156,4.0,512,4096,4096,16384,4288,875.746,1994.275,1224.771,0.312
mixed,128,2,0.0156,4.0,512,8192,128,512,134,665.407,707.426,665.791,0.0091
mixed,128,2,0.0156,4.0,512,8192,256,1024,268,683.362,756.417,680.229,-0.0429
mixed,128,2,0.0156,4.0,512,8192,512,2048,536,712.831,857.536,714.528,0.0117
mixed,128,2,0.0156,4.0,512,8192,1024,4096,1072,764.673,1053.571,768.03,0.0116
mixed,128,2,0.0156,4.0,512,8192,2048,8192,2144,866.238,1432.453,867.808,0.0028
mixed,128,2,0.0156,4.0,512,8192,4096,16384,4288,1061.438,2190.529,1227.105,0.1467
mixed,128,2,0.0156,4.0,1024,0,128,512,134,436.32,487.807,447.713,0.2213
mixed,128,2,0.0156,4.0,1024,0,256,1024,268,446.495,538.719,459.328,0.1392
mixed,128,2,0.0156,4.0,1024,0,512,2048,536,481.088,628.963,514.462,0.2257
mixed,128,2,0.0156,4.0,1024,0,1024,4096,1072,528.29,812.673,598.91,0.2483
mixed,128,2,0.0156,4.0,1024,0,2048,8192,2144,646.75,1218.017,733.408,0.1517
mixed,128,2,0.0156,4.0,1024,0,4096,16384,4288,838.688,1999.011,1021.344,0.1574
mixed,128,2,0.0156,4.0,1024,512,128,512,134,620.065,675.68,620.865,0.0144
mixed,128,2,0.0156,4.0,1024,512,256,1024,268,648.833,761.442,640.672,-0.0725
mixed,128,2,0.0156,4.0,1024,512,512,2048,536,681.476,903.742,726.176,0.2011
mixed,128,2,0.0156,4.0,1024,512,1024,4096,1072,760.159,1181.183,836.16,0.1805
mixed,128,2,0.0156,4.0,1024,512,2048,8192,2144,916.831,1790.305,1049.442,0.1518
mixed,128,2,0.0156,4.0,1024,512,4096,16384,4288,1201.823,2956.577,1463.524,0.1491
mixed,128,2,0.0156,4.0,1024,1024,128,512,134,650.751,716.067,659.007,0.1264
mixed,128,2,0.0156,4.0,1024,1024,256,1024,268,670.528,796.162,675.678,0.041
mixed,128,2,0.0156,4.0,1024,1024,512,2048,536,721.886,928.095,749.602,0.1344
mixed,128,2,0.0156,4.0,1024,1024,1024,4096,1072,793.088,1229.09,863.838,0.1623
mixed,128,2,0.0156,4.0,1024,1024,2048,8192,2144,945.537,1811.296,1078.912,0.1541
mixed,128,2,0.0156,4.0,1024,1024,4096,16384,4288,1261.892,2991.684,1511.583,0.1443
mixed,128,2,0.0156,4.0,1024,2048,128,512,134,727.904,783.266,724.737,-0.0572
mixed,128,2,0.0156,4.0,1024,2048,256,1024,268,746.339,855.17,753.277,0.0638
mixed,128,2,0.0156,4.0,1024,2048,512,2048,536,785.821,994.207,826.754,0.1964
mixed,128,2,0.0156,4.0,1024,2048,1024,4096,1072,858.084,1274.944,939.654,0.1957
mixed,128,2,0.0156,4.0,1024,2048,2048,8192,2144,1009.793,1873.352,1146.561,0.1584
mixed,128,2,0.0156,4.0,1024,2048,4096,16384,4288,1316.608,3031.363,1580.096,0.1537
mixed,128,2,0.0156,4.0,1024,4096,128,512,134,858.786,911.937,852.575,-0.1169
mixed,128,2,0.0156,4.0,1024,4096,256,1024,268,876.994,995.808,889.95,0.109
mixed,128,2,0.0156,4.0,1024,4096,512,2048,536,919.327,1140.992,960.128,0.1841
mixed,128,2,0.0156,4.0,1024,4096,1024,4096,1072,991.489,1416.287,1077.76,0.2031
mixed,128,2,0.0156,4.0,1024,4096,2048,8192,2144,1144.578,1999.426,1280.414,0.1589
mixed,128,2,0.0156,4.0,1024,4096,4096,16384,4288,1452.929,3128.258,1700.001,0.1475
mixed,128,2,0.0156,4.0,1024,8192,128,512,134,1132.894,1196.384,1122.302,-0.1668
mixed,128,2,0.0156,4.0,1024,8192,256,1024,268,1154.271,1270.045,1156.256,0.0171
mixed,128,2,0.0156,4.0,1024,8192,512,2048,536,1198.753,1411.743,1231.742,0.1549
mixed,128,2,0.0156,4.0,1024,8192,1024,4096,1072,1273.535,1680.482,1355.743,0.202
mixed,128,2,0.0156,4.0,1024,8192,2048,8192,2144,1419.939,2261.091,1550.687,0.1554
mixed,128,2,0.0156,4.0,1024,8192,4096,16384,4288,1720.582,3408.387,1984.741,0.1565
mixed,128,2,0.0156,4.0,2048,0,128,512,134,705.831,754.205,717.891,0.2493
mixed,128,2,0.0156,4.0,2048,0,256,1024,268,734.691,810.019,736.48,0.0237
mixed,128,2,0.0156,4.0,2048,0,512,2048,536,758.208,902.787,789.953,0.2196
mixed,128,2,0.0156,4.0,2048,0,1024,4096,1072,803.552,1093.376,859.457,0.1929
mixed,128,2,0.0156,4.0,2048,0,2048,8192,2144,911.488,1492.192,1008.67,0.1674
mixed,128,2,0.0156,4.0,2048,0,4096,16384,4288,1116.515,2268.289,1288.543,0.1494
mixed,128,2,0.0156,4.0,2048,512,128,512,134,973.631,1043.933,973.023,-0.0086
mixed,128,2,0.0156,4.0,2048,512,256,1024,268,1011.422,1114.622,1001.794,-0.0933
mixed,128,2,0.0156,4.0,2048,512,512,2048,536,1046.048,1267.201,1085.218,0.1771
mixed,128,2,0.0156,4.0,2048,512,1024,4096,1072,1120.231,1550.146,1204.03,0.1949
mixed,128,2,0.0156,4.0,2048,512,2048,8192,2144,1262.271,2127.358,1408.289,0.1688
mixed,128,2,0.0156,4.0,2048,512,4096,16384,4288,1575.297,3309.159,1836.227,0.1505
mixed,128,2,0.0156,4.0,2048,1024,128,512,134,1037.023,1100.866,1032.835,-0.0656
mixed,128,2,0.0156,4.0,2048,1024,256,1024,268,1057.664,1170.783,1054.176,-0.0308
mixed,128,2,0.0156,4.0,2048,1024,512,2048,536,1092.769,1307.172,1135.199,0.1979
mixed,128,2,0.0156,4.0,2048,1024,1024,4096,1072,1172.443,1595.522,1249.796,0.1828
mixed,128,2,0.0156,4.0,2048,1024,2048,8192,2144,1319.65,2186.238,1467.937,0.1711
mixed,128,2,0.0156,4.0,2048,1024,4096,16384,4288,1632.457,3378.083,1889.188,0.1471
mixed,128,2,0.0156,4.0,2048,2048,128,512,134,1133.055,1199.908,1131.49,-0.0234
mixed,128,2,0.0156,4.0,2048,2048,256,1024,268,1153.732,1271.103,1150.076,-0.0311
mixed,128,2,0.0156,4.0,2048,2048,512,2048,536,1193.537,1413.953,1243.815,0.2281
mixed,128,2,0.0156,4.0,2048,2048,1024,4096,1072,1279.394,1700.772,1346.976,0.1604
mixed,128,2,0.0156,4.0,2048,2048,2048,8192,2144,1424.453,2292.069,1558.819,0.1549
mixed,128,2,0.0156,4.0,2048,2048,4096,16384,4288,1721.279,3447.33,1991.014,0.1563
mixed,128,2,0.0156,4.0,2048,4096,128,512,134,1360.834,1425.252,1360.073,-0.0118
mixed,128,2,0.0156,4.0,2048,4096,256,1024,268,1380.229,1496.773,1386.144,0.0508
mixed,128,2,0.0156,4.0,2048,4096,512,2048,536,1423.297,1627.843,1462.719,0.1927
mixed,128,2,0.0156,4.0,2048,4096,1024,4096,1072,1498.117,1915.522,1569.856,0.1719
mixed,128,2,0.0156,4.0,2048,4096,2048,8192,2144,1643.008,2496.799,1797.348,0.1808
mixed,128,2,0.0156,4.0,2048,4096,4096,16384,4288,1952.285,3637.478,2207.301,0.1513
mixed,128,2,0.0156,4.0,2048,8192,128,512,134,1768.615,1832.703,1768.576,-0.0006
mixed,128,2,0.0156,4.0,2048,8192,256,1024,268,1803.781,1910.433,1806.567,0.0261
mixed,128,2,0.0156,4.0,2048,8192,512,2048,536,1836.126,2047.46,1885.374,0.233
mixed,128,2,0.0156,4.0,2048,8192,1024,4096,1072,1914.658,2345.347,1986.655,0.1672
mixed,128,2,0.0156,4.0,2048,8192,2048,8192,2144,2059.713,2904.133,2205.152,0.1722
mixed,128,2,0.0156,4.0,2048,8192,4096,16384,4288,2365.25,4054.724,2637.571,0.1612
pure,128,3,0.0234,4.0,0,0,128,512,137,152.896,204.894,179.166,0.5052
pure,128,3,0.0234,4.0,0,0,256,1024,274,183.233,255.232,200.767,0.2435
pure,128,3,0.0234,4.0,0,0,512,2048,548,209.313,348.926,238.815,0.2113
pure,128,3,0.0234,4.0,0,0,1024,4096,1096,258.787,539.517,310.434,0.184
pure,128,3,0.0234,4.0,0,0,2048,8192,2192,362.723,921.603,454.335,0.1639
pure,128,3,0.0234,4.0,0,0,4096,16384,4384,564.799,1682.277,735.135,0.1524
mixed,128,3,0.0234,4.0,16,0,128,512,137,164.001,219.615,190.048,0.4684
mixed,128,3,0.0234,4.0,16,0,256,1024,274,191.714,264.067,217.699,0.3591
mixed,128,3,0.0234,4.0,16,0,512,2048,548,221.476,365.344,249.632,0.1957
mixed,128,3,0.0234,4.0,16,0,1024,4096,1096,275.233,554.978,325.793,0.1807
mixed,128,3,0.0234,4.0,16,0,2048,8192,2192,372.065,933.889,470.464,0.1751
mixed,128,3,0.0234,4.0,16,0,4096,16384,4384,574.943,1695.204,757.795,0.1632
mixed,128,3,0.0234,4.0,16,512,128,512,137,202.05,218.111,199.938,-0.1315
mixed,128,3,0.0234,4.0,16,512,256,1024,274,218.493,264.482,218.593,0.0022
mixed,128,3,0.0234,4.0,16,512,512,2048,548,221.665,364.224,250.494,0.2022
mixed,128,3,0.0234,4.0,16,512,1024,4096,1096,271.874,550.592,318.465,0.1672
mixed,128,3,0.0234,4.0,16,512,2048,8192,2192,375.137,936.448,467.683,0.1649
mixed,128,3,0.0234,4.0,16,512,4096,16384,4384,577.376,1702.368,758.433,0.1609
mixed,128,3,0.0234,4.0,16,1024,128,512,137,196.768,253.153,198.082,0.0233
mixed,128,3,0.0234,4.0,16,1024,256,1024,274,213.662,266.943,219.487,0.1093
mixed,128,3,0.0234,4.0,16,1024,512,2048,548,254.627,364.45,255.552,0.0084
mixed,128,3,0.0234,4.0,16,1024,1024,4096,1096,271.203,552.257,322.944,0.1841
mixed,128,3,0.0234,4.0,16,1024,2048,8192,2192,380.896,940.58,463.426,0.1475
mixed,128,3,0.0234,4.0,16,1024,4096,16384,4384,582.594,1695.267,752.866,0.153
mixed,128,3,0.0234,4.0,16,2048,128,512,137,198.401,246.721,197.666,-0.0152
mixed,128,3,0.0234,4.0,16,2048,256,1024,274,221.122,325.024,216.418,-0.0453
mixed,128,3,0.0234,4.0,16,2048,512,2048,548,253.053,362.495,250.879,-0.0199
mixed,128,3,0.0234,4.0,16,2048,1024,4096,1096,337.089,556.734,322.721,-0.0654
mixed,128,3,0.0234,4.0,16,2048,2048,8192,2192,374.274,937.764,465.983,0.1628
mixed,128,3,0.0234,4.0,16,2048,4096,16384,4384,582.913,1694.976,751.521,0.1516
mixed,128,3,0.0234,4.0,16,4096,128,512,137,200.545,246.977,198.141,-0.0518
mixed,128,3,0.0234,4.0,16,4096,256,1024,274,214.208,321.121,215.168,0.009
mixed,128,3,0.0234,4.0,16,4096,512,2048,548,250.879,468.512,247.265,-0.0166
mixed,128,3,0.0234,4.0,16,4096,1024,4096,1096,327.681,553.314,318.373,-0.0413
mixed,128,3,0.0234,4.0,16,4096,2048,8192,2192,480.095,935.842,466.114,-0.0307
mixed,128,3,0.0234,4.0,16,4096,4096,16384,4384,579.679,1701.57,747.108,0.1492
mixed,128,3,0.0234,4.0,16,8192,128,512,137,208.095,251.712,215.105,0.1607
mixed,128,3,0.0234,4.0,16,8192,256,1024,274,224.513,314.689,218.172,-0.0703
mixed,128,3,0.0234,4.0,16,8192,512,2048,548,251.136,466.369,255.87,0.022
mixed,128,3,0.0234,4.0,16,8192,1024,4096,1096,329.568,734.752,324.576,-0.0123
mixed,128,3,0.0234,4.0,16,8192,2048,8192,2192,474.752,942.98,461.118,-0.0291
mixed,128,3,0.0234,4.0,16,8192,4096,16384,4384,774.241,1699.042,747.711,-0.0287
mixed,128,3,0.0234,4.0,32,0,128,512,137,168.48,218.463,189.951,0.4296
mixed,128,3,0.0234,4.0,32,0,256,1024,274,196.676,269.695,220.64,0.3282
mixed,128,3,0.0234,4.0,32,0,512,2048,548,220.544,366.914,252.259,0.2167
mixed,128,3,0.0234,4.0,32,0,1024,4096,1096,276.673,555.102,327.552,0.1827
mixed,128,3,0.0234,4.0,32,0,2048,8192,2192,375.81,934.785,472.704,0.1733
mixed,128,3,0.0234,4.0,32,0,4096,16384,4384,582.432,1699.807,752.771,0.1524
mixed,128,3,0.0234,4.0,32,512,128,512,137,203.616,249.376,204.638,0.0223
mixed,128,3,0.0234,4.0,32,512,256,1024,274,222.143,313.184,220.542,-0.0176
mixed,128,3,0.0234,4.0,32,512,512,2048,548,253.344,405.982,250.561,-0.0182
mixed,128,3,0.0234,4.0,32,512,1024,4096,1096,318.114,586.846,322.976,0.0181
mixed,128,3,0.0234,4.0,32,512,2048,8192,2192,417.183,949.154,467.075,0.0938
mixed,128,3,0.0234,4.0,32,512,4096,16384,4384,612.833,1706.211,755.521,0.1305
mixed,128,3,0.0234,4.0,32,1024,128,512,137,199.139,258.592,201.728,0.0435
mixed,128,3,0.0234,4.0,32,1024,256,1024,274,219.521,318.498,217.598,-0.0194
mixed,128,3,0.0234,4.0,32,1024,512,2048,548,259.294,429.377,255.52,-0.0222
mixed,128,3,0.0234,4.0,32,1024,1024,4096,1096,330.239,609.73,324.225,-0.0215
mixed,128,3,0.0234,4.0,32,1024,2048,8192,2192,440.77,970.591,465.887,0.0474
mixed,128,3,0.0234,4.0,32,1024,4096,16384,4384,634.626,1702.018,751.264,0.1093
mixed,128,3,0.0234,4.0,32,2048,128,512,137,198.847,251.584,205.535,0.1268
mixed,128,3,0.0234,4.0,32,2048,256,1024,274,221.029,323.358,222.789,0.0172
mixed,128,3,0.0234,4.0,32,2048,512,2048,548,251.169,460.416,251.615,0.0021
mixed,128,3,0.0234,4.0,32,2048,1024,4096,1096,333.76,650.754,327.906,-0.0185
mixed,128,3,0.0234,4.0,32,2048,2048,8192,2192,478.305,994.24,463.389,-0.0289
mixed,128,3,0.0234,4.0,32,2048,4096,16384,4384,674.334,1737.344,748.447,0.0697
mixed,128,3,0.0234,4.0,32,4096,128,512,137,210.371,247.037,223.843,0.3674
mixed,128,3,0.0234,4.0,32,4096,256,1024,274,220.799,314.78,221.855,0.0112
mixed,128,3,0.0234,4.0,32,4096,512,2048,548,251.296,460.705,249.504,-0.0086
mixed,128,3,0.0234,4.0,32,4096,1024,4096,1096,325.981,726.881,317.569,-0.021
mixed,128,3,0.0234,4.0,32,4096,2048,8192,2192,477.024,1111.968,460.286,-0.0264
mixed,128,3,0.0234,4.0,32,4096,4096,16384,4384,759.456,1832.164,733.379,-0.0243
mixed,128,3,0.0234,4.0,32,8192,128,512,137,224.64,250.274,224.129,-0.0199
mixed,128,3,0.0234,4.0,32,8192,256,1024,274,254.143,313.376,238.466,-0.2647
mixed,128,3,0.0234,4.0,32,8192,512,2048,548,254.785,441.665,248.192,-0.0353
mixed,128,3,0.0234,4.0,32,8192,1024,4096,1096,320.992,718.88,317.409,-0.009
mixed,128,3,0.0234,4.0,32,8192,2048,8192,2192,450.209,1273.059,440.542,-0.0117
mixed,128,3,0.0234,4.0,32,8192,4096,16384,4384,743.97,2016.133,715.007,-0.0228
mixed,128,3,0.0234,4.0,64,0,128,512,137,184.157,237.858,207.168,0.4285
mixed,128,3,0.0234,4.0,64,0,256,1024,274,215.97,278.69,227.613,0.1856
mixed,128,3,0.0234,4.0,64,0,512,2048,548,239.616,376.45,261.631,0.1609
mixed,128,3,0.0234,4.0,64,0,1024,4096,1096,285.664,571.137,336.479,0.178
mixed,128,3,0.0234,4.0,64,0,2048,8192,2192,385.509,946.402,478.273,0.1654
mixed,128,3,0.0234,4.0,64,0,4096,16384,4384,588.449,1702.724,769.918,0.1629
mixed,128,3,0.0234,4.0,64,512,128,512,137,207.871,256.096,202.336,-0.1148
mixed,128,3,0.0234,4.0,64,512,256,1024,274,228.575,305.955,226.685,-0.0244
mixed,128,3,0.0234,4.0,64,512,512,2048,548,251.584,402.815,252.161,0.0038
mixed,128,3,0.0234,4.0,64,512,1024,4096,1096,315.523,575.456,326.85,0.0436
mixed,128,3,0.0234,4.0,64,512,2048,8192,2192,415.009,943.586,468.382,0.101
mixed,128,3,0.0234,4.0,64,512,4096,16384,4384,610.946,1708.098,753.506,0.1299
mixed,128,3,0.0234,4.0,64,1024,128,512,137,208.61,255.938,204.959,-0.0771
mixed,128,3,0.0234,4.0,64,1024,256,1024,274,225.888,318.433,225.919,0.0003
mixed,128,3,0.0234,4.0,64,1024,512,2048,548,261.984,423.233,262.336,0.0022
mixed,128,3,0.0234,4.0,64,1024,1024,4096,1096,330.496,604.16,323.009,-0.0274
mixed,128,3,0.0234,4.0,64,1024,2048,8192,2192,438.527,948.065,456.768,0.0358
mixed,128,3,0.0234,4.0,64,1024,4096,16384,4384,627.9,1706.818,743.073,0.1067
mixed,128,3,0.0234,4.0,64,2048,128,512,137,228.672,254.495,227.458,-0.047
mixed,128,3,0.0234,4.0,64,2048,256,1024,274,234.432,328.706,228.322,-0.0648
mixed,128,3,0.0234,4.0,64,2048,512,2048,548,255.938,455.522,255.137,-0.004
mixed,128,3,0.0234,4.0,64,2048,1024,4096,1096,333.374,644.643,329.981,-0.0109
mixed,128,3,0.0234,4.0,64,2048,2048,8192,2192,471.518,998.212,453.373,-0.0345
mixed,128,3,0.0234,4.0,64,2048,4096,16384,4384,671.618,1699.456,732.701,0.0594
mixed,128,3,0.0234,4.0,64,4096,128,512,137,242.336,254.912,232.511,-0.7813
mixed,128,3,0.0234,4.0,64,4096,256,1024,274,246.496,314.21,246.463,-0.0005
mixed,128,3,0.0234,4.0,64,4096,512,2048,548,262.529,451.393,281.791,0.102
mixed,128,3,0.0234,4.0,64,4096,1024,4096,1096,327.009,699.712,321.6,-0.0145
mixed,128,3,0.0234,4.0,64,4096,2048,8192,2192,466.208,1076.577,448.129,-0.0296
mixed,128,3,0.0234,4.0,64,4096,4096,16384,4384,740.224,1777.187,708.067,-0.031
mixed,128,3,0.0234,4.0,64,8192,128,512,137,272.256,286.972,269.823,-0.1653
mixed,128,3,0.0234,4.0,64,8192,256,1024,274,272.387,316.576,275.873,0.0789
mixed,128,3,0.0234,4.0,64,8192,512,2048,548,288.929,436.45,289.953,0.0069
mixed,128,3,0.0234,4.0,64,8192,1024,4096,1096,322.978,693.345,373.855,0.1374
mixed,128,3,0.0234,4.0,64,8192,2048,8192,2192,671.52,1217.282,436.512,-0.4306
mixed,128,3,0.0234,4.0,64,8192,4096,16384,4384,732.192,1952.734,702.37,-0.0244
mixed,128,3,0.0234,4.0,128,0,128,512,137,187.808,243.936,209.664,0.3894
mixed,128,3,0.0234,4.0,128,0,256,1024,274,220.416,290.56,230.338,0.1415
mixed,128,3,0.0234,4.0,128,0,512,2048,548,246.688,381.697,265.856,0.142
mixed,128,3,0.0234,4.0,128,0,1024,4096,1096,294.529,577.73,342.337,0.1688
mixed,128,3,0.0234,4.0,128,0,2048,8192,2192,393.983,958.623,482.911,0.1575
mixed,128,3,0.0234,4.0,128,0,4096,16384,4384,601.25,1724.866,775.583,0.1552
mixed,128,3,0.0234,4.0,128,512,128,512,137,213.377,253.696,223.649,0.2548
mixed,128,3,0.0234,4.0,128,512,256,1024,274,235.778,312.579,235.999,0.0029
mixed,128,3,0.0234,4.0,128,512,512,2048,548,257.535,414.208,252.801,-0.0302
mixed,128,3,0.0234,4.0,128,512,1024,4096,1096,320.927,602.338,320.897,-0.0001
mixed,128,3,0.0234,4.0,128,512,2048,8192,2192,427.168,985.917,468.481,0.0739
mixed,128,3,0.0234,4.0,128,512,4096,16384,4384,627.904,1749.953,761.412,0.119
mixed,128,3,0.0234,4.0,128,1024,128,512,137,232.573,264.833,221.055,-0.357
mixed,128,3,0.0234,4.0,128,1024,256,1024,274,235.167,321.888,248.961,0.1591
mixed,128,3,0.0234,4.0,128,1024,512,2048,548,271.198,429.441,266.819,-0.0277
mixed,128,3,0.0234,4.0,128,1024,1024,4096,1096,330.368,613.506,321.824,-0.0302
mixed,128,3,0.0234,4.0,128,1024,2048,8192,2192,440.159,999.713,461.952,0.0389
mixed,128,3,0.0234,4.0,128,1024,4096,16384,4384,642.081,1767.681,752.479,0.0981
mixed,128,3,0.0234,4.0,128,2048,128,512,137,249.826,262.948,247.588,-0.1706
mixed,128,3,0.0234,4.0,128,2048,256,1024,274,257.475,329.661,257.438,-0.0005
mixed,128,3,0.0234,4.0,128,2048,512,2048,548,270.465,448.894,292.382,0.1228
mixed,128,3,0.0234,4.0,128,2048,1024,4096,1096,330.175,641.663,328.415,-0.0057
mixed,128,3,0.0234,4.0,128,2048,2048,8192,2192,466.498,1028.77,449.504,-0.0302
mixed,128,3,0.0234,4.0,128,2048,4096,16384,4384,672.704,1790.114,730.624,0.0518
mixed,128,3,0.0234,4.0,128,4096,128,512,137,274.976,307.682,272.514,-0.0753
mixed,128,3,0.0234,4.0,128,4096,256,1024,274,278.339,323.519,275.781,-0.0566
mixed,128,3,0.0234,4.0,128,4096,512,2048,548,311.425,435.617,308.351,-0.0248
mixed,128,3,0.0234,4.0,128,4096,1024,4096,1096,332.992,692.996,379.936,0.1304
mixed,128,3,0.0234,4.0,128,4096,2048,8192,2192,445.92,1084.16,437.824,-0.0127
mixed,128,3,0.0234,4.0,128,4096,4096,16384,4384,722.849,1853.984,694.816,-0.0248
mixed,128,3,0.0234,4.0,128,8192,128,512,137,327.007,338.815,325.154,-0.1569
mixed,128,3,0.0234,4.0,128,8192,256,1024,274,340.992,405.376,340.513,-0.0074
mixed,128,3,0.0234,4.0,128,8192,512,2048,548,338.559,433.089,340.802,0.0237
mixed,128,3,0.0234,4.0,128,8192,1024,4096,1096,407.009,663.744,409.601,0.0101
mixed,128,3,0.0234,4.0,128,8192,2048,8192,2192,450.336,1191.936,541.982,0.1236
mixed,128,3,0.0234,4.0,128,8192,4096,16384,4384,671.906,1969.73,667.614,-0.0033
mixed,128,3,0.0234,4.0,256,0,128,512,137,217.983,280.707,243.422,0.4056
mixed,128,3,0.0234,4.0,256,0,256,1024,274,256.0,326.974,255.967,-0.0005
mixed,128,3,0.0234,4.0,256,0,512,2048,548,284.512,415.904,285.471,0.0073
mixed,128,3,0.0234,4.0,256,0,1024,4096,1096,334.723,609.087,361.119,0.0962
mixed,128,3,0.0234,4.0,256,0,2048,8192,2192,429.057,1000.063,511.1,0.1437
mixed,128,3,0.0234,4.0,256,0,4096,16384,4384,640.321,1764.609,810.979,0.1518
mixed,128,3,0.0234,4.0,256,512,128,512,137,270.4,283.071,268.063,-0.1844
mixed,128,3,0.0234,4.0,256,512,256,1024,274,250.944,331.681,266.85,0.197
mixed,128,3,0.0234,4.0,256,512,512,2048,548,284.321,429.085,280.957,-0.0232
mixed,128,3,0.0234,4.0,256,512,1024,4096,1096,338.654,621.952,336.031,-0.0093
mixed,128,3,0.0234,4.0,256,512,2048,8192,2192,443.233,1004.865,485.121,0.0746
mixed,128,3,0.0234,4.0,256,512,4096,16384,4384,650.051,1775.906,783.234,0.1183
mixed,128,3,0.0234,4.0,256,1024,128,512,137,283.521,282.688,283.232,
mixed,128,3,0.0234,4.0,256,1024,256,1024,274,297.501,337.698,298.494,0.0247
mixed,128,3,0.0234,4.0,256,1024,512,2048,548,288.734,448.542,315.265,0.166
mixed,128,3,0.0234,4.0,256,1024,1024,4096,1096,348.066,633.663,344.77,-0.0115
mixed,128,3,0.0234,4.0,256,1024,2048,8192,2192,454.624,1020.832,475.362,0.0366
mixed,128,3,0.0234,4.0,256,1024,4096,16384,4384,659.358,1784.866,769.697,0.098
mixed,128,3,0.0234,4.0,256,2048,128,512,137,308.226,353.056,307.359,-0.0193
mixed,128,3,0.0234,4.0,256,2048,256,1024,274,326.049,346.624,325.342,-0.0344
mixed,128,3,0.0234,4.0,256,2048,512,2048,548,357.09,471.329,369.311,0.107
mixed,128,3,0.0234,4.0,256,2048,1024,4096,1096,351.779,662.335,396.48,0.1439
mixed,128,3,0.0234,4.0,256,2048,2048,8192,2192,482.754,1038.081,475.838,-0.0125
mixed,128,3,0.0234,4.0,256,2048,4096,16384,4384,683.743,1800.353,741.183,0.0514
mixed,128,3,0.0234,4.0,256,4096,128,512,137,361.022,403.456,358.079,-0.0694
mixed,128,3,0.0234,4.0,256,4096,256,1024,274,374.497,452.577,375.775,0.0164
mixed,128,3,0.0234,4.0,256,4096,512,2048,548,404.865,465.665,407.362,0.0411
mixed,128,3,0.0234,4.0,256,4096,1024,4096,1096,456.226,727.647,492.188,0.1325
mixed,128,3,0.0234,4.0,256,4096,2048,8192,2192,484.865,1096.064,561.6,0.1255
mixed,128,3,0.0234,4.0,256,4096,4096,16384,4384,756.638,1857.794,736.64,-0.0182
mixed,128,3,0.0234,4.0,256,8192,128,512,137,466.496,505.506,464.577,-0.0492
mixed,128,3,0.0234,4.0,256,8192,256,1024,274,477.184,552.448,477.919,0.0098
mixed,128,3,0.0234,4.0,256,8192,512,2048,548,508.61,647.01,505.406,-0.0232
mixed,128,3,0.0234,4.0,256,8192,1024,4096,1096,558.339,712.959,560.707,0.0153
mixed,128,3,0.0234,4.0,256,8192,2048,8192,2192,658.275,1217.183,747.681,0.16
mixed,128,3,0.0234,4.0,256,8192,4096,16384,4384,748.256,1961.569,882.114,0.1103
mixed,128,3,0.0234,4.0,512,0,128,512,137,288.418,324.96,284.293,-0.1129
mixed,128,3,0.0234,4.0,512,0,256,1024,274,300.703,368.992,302.912,0.0323
mixed,128,3,0.0234,4.0,512,0,512,2048,548,328.063,465.955,372.097,0.3193
mixed,128,3,0.0234,4.0,512,0,1024,4096,1096,382.081,648.225,495.2,0.425
mixed,128,3,0.0234,4.0,512,0,2048,8192,2192,472.896,1027.778,744.64,0.4897
mixed,128,3,0.0234,4.0,512,0,4096,16384,4384,671.905,1808.064,1237.826,0.4981
mixed,128,3,0.0234,4.0,512,512,128,512,137,305.216,355.36,304.511,-0.0141
mixed,128,3,0.0234,4.0,512,512,256,1024,274,319.747,401.98,322.272,0.0307
mixed,128,3,0.0234,4.0,512,512,512,2048,548,352.354,496.193,357.6,0.0365
mixed,128,3,0.0234,4.0,512,512,1024,4096,1096,407.042,683.007,483.137,0.2757
mixed,128,3,0.0234,4.0,512,512,2048,8192,2192,506.369,1064.287,729.061,0.3991
mixed,128,3,0.0234,4.0,512,512,4096,16384,4384,706.272,1827.748,1227.967,0.4652
mixed,128,3,0.0234,4.0,512,1024,128,512,137,322.784,379.008,326.911,0.0734
mixed,128,3,0.0234,4.0,512,1024,256,1024,274,345.951,430.371,345.473,-0.0057
mixed,128,3,0.0234,4.0,512,1024,512,2048,548,376.577,522.24,378.143,0.0108
mixed,128,3,0.0234,4.0,512,1024,1024,4096,1096,428.158,707.33,486.175,0.2078
mixed,128,3,0.0234,4.0,512,1024,2048,8192,2192,529.021,1095.583,735.234,0.364
mixed,128,3,0.0234,4.0,512,1024,4096,16384,4384,730.176,1846.914,1230.335,0.4479
mixed,128,3,0.0234,4.0,512,2048,128,512,137,376.989,422.302,377.535,0.012
mixed,128,3,0.0234,4.0,512,2048,256,1024,274,395.04,472.416,390.656,-0.0567
mixed,128,3,0.0234,4.0,512,2048,512,2048,548,425.858,573.057,426.624,0.0052
mixed,128,3,0.0234,4.0,512,2048,1024,4096,1096,478.014,752.32,487.168,0.0334
mixed,128,3,0.0234,4.0,512,2048,2048,8192,2192,578.147,1131.646,734.24,0.282
mixed,128,3,0.0234,4.0,512,2048,4096,16384,4384,779.84,1890.625,1225.469,0.4012
mixed,128,3,0.0234,4.0,512,4096,128,512,137,476.541,522.688,478.048,0.0327
mixed,128,3,0.0234,4.0,512,4096,256,1024,274,494.305,573.984,492.035,-0.0285
mixed,128,3,0.0234,4.0,512,4096,512,2048,548,525.248,661.118,527.648,0.0177
mixed,128,3,0.0234,4.0,512,4096,1024,4096,1096,573.697,855.84,576.8,0.011
mixed,128,3,0.0234,4.0,512,4096,2048,8192,2192,673.413,1229.345,738.691,0.1174
mixed,128,3,0.0234,4.0,512,4096,4096,16384,4384,879.617,1995.171,1228.704,0.3129
mixed,128,3,0.0234,4.0,512,8192,128,512,137,672.993,713.761,674.047,0.0259
mixed,128,3,0.0234,4.0,512,8192,256,1024,274,685.345,764.222,691.168,0.0738
mixed,128,3,0.0234,4.0,512,8192,512,2048,548,715.391,863.172,713.984,-0.0095
mixed,128,3,0.0234,4.0,512,8192,1024,4096,1096,772.961,1059.105,768.13,-0.0169
mixed,128,3,0.0234,4.0,512,8192,2048,8192,2192,872.61,1435.71,873.247,0.0011
mixed,128,3,0.0234,4.0,512,8192,4096,16384,4384,1069.955,2189.823,1232.771,0.1454
mixed,128,3,0.0234,4.0,1024,0,128,512,137,450.976,485.278,466.275,0.446
mixed,128,3,0.0234,4.0,1024,0,256,1024,274,456.674,537.022,481.633,0.3106
mixed,128,3,0.0234,4.0,1024,0,512,2048,548,493.633,635.682,511.135,0.1232
mixed,128,3,0.0234,4.0,1024,0,1024,4096,1096,533.021,810.113,581.056,0.1734
mixed,128,3,0.0234,4.0,1024,0,2048,8192,2192,644.225,1217.539,738.464,0.1644
mixed,128,3,0.0234,4.0,1024,0,4096,16384,4384,848.896,1991.392,1024.035,0.1533
mixed,128,3,0.0234,4.0,1024,512,128,512,137,607.808,670.852,625.73,0.2843
mixed,128,3,0.0234,4.0,1024,512,256,1024,274,620.387,734.184,668.896,0.4263
mixed,128,3,0.0234,4.0,1024,512,512,2048,548,655.398,891.27,708.513,0.2252
mixed,128,3,0.0234,4.0,1024,512,1024,4096,1096,744.131,1163.844,826.466,0.1962
mixed,128,3,0.0234,4.0,1024,512,2048,8192,2192,906.339,1769.884,1018.307,0.1297
mixed,128,3,0.0234,4.0,1024,512,4096,16384,4384,1204.322,2942.784,1468.639,0.152
mixed,128,3,0.0234,4.0,1024,1024,128,512,137,632.612,689.087,661.729,0.5156
mixed,128,3,0.0234,4.0,1024,1024,256,1024,274,659.996,770.943,682.082,0.1991
mixed,128,3,0.0234,4.0,1024,1024,512,2048,548,703.652,895.201,746.594,0.2242
mixed,128,3,0.0234,4.0,1024,1024,1024,4096,1096,778.021,1195.07,847.204,0.1659
mixed,128,3,0.0234,4.0,1024,1024,2048,8192,2192,925.443,1785.607,1063.648,0.1607
mixed,128,3,0.0234,4.0,1024,1024,4096,16384,4384,1245.824,2984.643,1490.271,0.1406
mixed,128,3,0.0234,4.0,1024,2048,128,512,137,695.489,747.166,708.96,0.2607
mixed,128,3,0.0234,4.0,1024,2048,256,1024,274,709.792,819.522,743.773,0.3097
mixed,128,3,0.0234,4.0,1024,2048,512,2048,548,757.283,975.361,795.297,0.1743
mixed,128,3,0.0234,4.0,1024,2048,1024,4096,1096,1040.669,1240.032,903.232,-0.6894
mixed,128,3,0.0234,4.0,1024,2048,2048,8192,2192,987.138,1843.68,1121.185,0.1565
mixed,128,3,0.0234,4.0,1024,2048,4096,16384,4384,1292.709,2998.402,1538.051,0.1438
mixed,128,3,0.0234,4.0,1024,4096,128,512,137,847.746,915.2,871.773,0.3562
mixed,128,3,0.0234,4.0,1024,4096,256,1024,274,876.479,997.096,904.869,0.2354
mixed,128,3,0.0234,4.0,1024,4096,512,2048,548,917.826,1132.35,970.273,0.2445
mixed,128,3,0.0234,4.0,1024,4096,1024,4096,1096,1000.287,1415.331,1066.014,0.1584
mixed,128,3,0.0234,4.0,1024,4096,2048,8192,2192,1150.786,1994.049,1280.958,0.1544
mixed,128,3,0.0234,4.0,1024,4096,4096,16384,4384,1459.328,3141.762,1704.835,0.1459
mixed,128,3,0.0234,4.0,1024,8192,128,512,137,1131.042,1193.028,1156.512,0.4109
mixed,128,3,0.0234,4.0,1024,8192,256,1024,274,1153.089,1264.866,1182.565,0.2637
mixed,128,3,0.0234,4.0,1024,8192,512,2048,548,1199.65,1408.379,1230.814,0.1493
mixed,128,3,0.0234,4.0,1024,8192,1024,4096,1096,1274.374,1683.973,1341.344,0.1635
mixed,128,3,0.0234,4.0,1024,8192,2048,8192,2192,1419.169,2263.459,1559.327,0.166
mixed,128,3,0.0234,4.0,1024,8192,4096,16384,4384,1734.463,3398.236,1984.292,0.1502
mixed,128,3,0.0234,4.0,2048,0,128,512,137,717.309,757.855,725.348,0.1983
mixed,128,3,0.0234,4.0,2048,0,256,1024,274,726.979,806.307,754.464,0.3465
mixed,128,3,0.0234,4.0,2048,0,512,2048,548,766.975,906.399,793.76,0.1921
mixed,128,3,0.0234,4.0,2048,0,1024,4096,1096,808.0,1096.448,856.478,0.1681
mixed,128,3,0.0234,4.0,2048,0,2048,8192,2192,910.625,1482.371,1006.944,0.1685
mixed,128,3,0.0234,4.0,2048,0,4096,16384,4384,1122.756,2261.765,1288.127,0.1452
mixed,128,3,0.0234,4.0,2048,512,128,512,137,965.443,1042.947,1001.379,0.4637
mixed,128,3,0.0234,4.0,2048,512,256,1024,274,998.913,1110.943,1029.535,0.2733
mixed,128,3,0.0234,4.0,2048,512,512,2048,548,1042.366,1259.713,1085.822,0.1999
mixed,128,3,0.0234,4.0,2048,512,1024,4096,1096,1128.993,1539.588,1192.577,0.1549
mixed,128,3,0.0234,4.0,2048,512,2048,8192,2192,1271.297,2133.153,1415.394,0.1672
mixed,128,3,0.0234,4.0,2048,512,4096,16384,4384,1577.988,3303.205,1833.863,0.1483
mixed,128,3,0.0234,4.0,2048,1024,128,512,137,1029.826,1096.895,1052.32,0.3354
mixed,128,3,0.0234,4.0,2048,1024,256,1024,274,1053.344,1165.376,1090.205,0.329
mixed,128,3,0.0234,4.0,2048,1024,512,2048,548,1098.848,1314.5,1134.979,0.1675
mixed,128,3,0.0234,4.0,2048,1024,1024,4096,1096,1173.763,1593.219,1236.607,0.1498
mixed,128,3,0.0234,4.0,2048,1024,2048,8192,2192,1325.506,2196.644,1449.825,0.1427
mixed,128,3,0.0234,4.0,2048,1024,4096,16384,4384,1638.689,3367.01,1882.116,0.1408
mixed,128,3,0.0234,4.0,2048,2048,128,512,137,1127.648,1196.864,1147.649,0.289
mixed,128,3,0.0234,4.0,2048,2048,256,1024,274,1159.335,1272.677,1186.407,0.2389
mixed,128,3,0.0234,4.0,2048,2048,512,2048,548,1194.525,1413.891,1240.415,0.2092
mixed,128,3,0.0234,4.0,2048,2048,1024,4096,1096,1284.671,1691.841,1347.554,0.1544
mixed,128,3,0.0234,4.0,2048,2048,2048,8192,2192,1422.238,2278.37,1560.389,0.1614
mixed,128,3,0.0234,4.0,2048,2048,4096,16384,4384,1736.484,3448.359,1992.805,0.1497
mixed,128,3,0.0234,4.0,2048,4096,128,512,137,1340.292,1407.262,1370.912,0.4572
mixed,128,3,0.0234,4.0,2048,4096,256,1024,274,1371.007,1473.957,1402.47,0.3056
mixed,128,3,0.0234,4.0,2048,4096,512,2048,548,1409.668,1630.462,1460.035,0.2281
mixed,128,3,0.0234,4.0,2048,4096,1024,4096,1096,1491.521,1912.033,1555.103,0.1512
mixed,128,3,0.0234,4.0,2048,4096,2048,8192,2192,1644.157,2476.105,1776.257,0.1588
mixed,128,3,0.0234,4.0,2048,4096,4096,16384,4384,1951.492,3640.42,2201.668,0.1481
mixed,128,3,0.0234,4.0,2048,8192,128,512,137,1760.13,1825.443,1794.241,0.5223
mixed,128,3,0.0234,4.0,2048,8192,256,1024,274,1778.147,1891.587,1801.732,0.2079
mixed,128,3,0.0234,4.0,2048,8192,512,2048,548,1820.803,2034.786,1850.787,0.1401
mixed,128,3,0.0234,4.0,2048,8192,1024,4096,1096,1902.911,2381.058,1973.863,0.1484
mixed,128,3,0.0234,4.0,2048,8192,2048,8192,2192,2044.74,2893.957,2177.346,0.1562
mixed,128,3,0.0234,4.0,2048,8192,4096,16384,4384,2352.677,4034.31,2622.372,0.1604
pure,128,4,0.0312,4.0,0,0,128,512,140,153.119,203.456,179.072,0.5156
pure,128,4,0.0312,4.0,0,0,256,1024,280,181.761,252.928,201.119,0.272
pure,128,4,0.0312,4.0,0,0,512,2048,560,208.063,349.344,238.335,0.2143
pure,128,4,0.0312,4.0,0,0,1024,4096,1120,263.04,542.722,309.12,0.1648
pure,128,4,0.0312,4.0,0,0,2048,8192,2240,365.344,920.513,455.552,0.1625
pure,128,4,0.0312,4.0,0,0,4096,16384,4480,576.511,1682.497,740.0,0.1478
mixed,128,4,0.0312,4.0,16,0,128,512,140,165.728,214.688,189.568,0.4869
mixed,128,4,0.0312,4.0,16,0,256,1024,280,195.648,265.507,214.526,0.2702
mixed,128,4,0.0312,4.0,16,0,512,2048,560,221.471,360.031,252.769,0.2259
mixed,128,4,0.0312,4.0,16,0,1024,4096,1120,277.857,551.746,328.735,0.1858
mixed,128,4,0.0312,4.0,16,0,2048,8192,2240,379.007,931.329,471.554,0.1676
mixed,128,4,0.0312,4.0,16,0,4096,16384,4480,585.505,1693.249,763.07,0.1603
mixed,128,4,0.0312,4.0,16,512,128,512,140,202.559,217.568,197.184,-0.3581
mixed,128,4,0.0312,4.0,16,512,256,1024,280,223.489,267.648,219.136,-0.0986
mixed,128,4,0.0312,4.0,16,512,512,2048,560,218.782,362.368,251.459,0.2276
mixed,128,4,0.0312,4.0,16,512,1024,4096,1120,277.441,550.56,320.641,0.1582
mixed,128,4,0.0312,4.0,16,512,2048,8192,2240,379.873,931.615,466.303,0.1566
mixed,128,4,0.0312,4.0,16,512,4096,16384,4480,588.767,1699.299,750.913,0.146
mixed,128,4,0.0312,4.0,16,1024,128,512,140,197.632,250.179,193.951,-0.0701
mixed,128,4,0.0312,4.0,16,1024,256,1024,280,212.29,266.56,218.174,0.1084
mixed,128,4,0.0312,4.0,16,1024,512,2048,560,255.039,365.762,255.808,0.0069
mixed,128,4,0.0312,4.0,16,1024,1024,4096,1120,276.289,553.663,323.873,0.1716
mixed,128,4,0.0312,4.0,16,1024,2048,8192,2240,383.329,937.602,470.207,0.1567
mixed,128,4,0.0312,4.0,16,1024,4096,16384,4480,588.672,1695.973,754.112,0.1494
mixed,128,4,0.0312,4.0,16,2048,128,512,140,198.976,247.393,203.937,0.1025
mixed,128,4,0.0312,4.0,16,2048,256,1024,280,217.92,323.136,220.323,0.0228
mixed,128,4,0.0312,4.0,16,2048,512,2048,560,252.256,363.296,248.381,-0.0349
mixed,128,4,0.0312,4.0,16,2048,1024,4096,1120,335.678,554.754,323.489,-0.0556
mixed,128,4,0.0312,4.0,16,2048,2048,8192,2240,380.934,936.036,463.393,0.1485
mixed,128,4,0.0312,4.0,16,2048,4096,16384,4480,589.474,1696.064,748.256,0.1435
mixed,128,4,0.0312,4.0,16,4096,128,512,140,200.448,245.662,201.09,0.0142
mixed,128,4,0.0312,4.0,16,4096,256,1024,280,215.747,328.833,216.419,0.0059
mixed,128,4,0.0312,4.0,16,4096,512,2048,560,252.161,454.623,252.285,0.0006
mixed,128,4,0.0312,4.0,16,4096,1024,4096,1120,331.264,553.472,322.591,-0.039
mixed,128,4,0.0312,4.0,16,4096,2048,8192,2240,488.416,940.926,465.636,-0.0503
mixed,128,4,0.0312,4.0,16,4096,4096,16384,4480,586.114,1698.756,743.105,0.1411
mixed,128,4,0.0312,4.0,16,8192,128,512,140,205.893,250.11,212.032,0.1388
mixed,128,4,0.0312,4.0,16,8192,256,1024,280,219.65,316.737,219.872,0.0023
mixed,128,4,0.0312,4.0,16,8192,512,2048,560,249.825,457.664,255.84,0.0289
mixed,128,4,0.0312,4.0,16,8192,1024,4096,1120,329.921,735.202,317.537,-0.0306
mixed,128,4,0.0312,4.0,16,8192,2048,8192,2240,478.687,938.275,459.651,-0.0414
mixed,128,4,0.0312,4.0,16,8192,4096,16384,4480,784.033,1697.44,736.126,-0.0524
mixed,128,4,0.0312,4.0,32,0,128,512,140,170.433,218.112,196.674,0.5504
mixed,128,4,0.0312,4.0,32,0,256,1024,280,195.744,269.728,219.453,0.3205
mixed,128,4,0.0312,4.0,32,0,512,2048,560,217.793,364.001,251.774,0.2324
mixed,128,4,0.0312,4.0,32,0,1024,4096,1120,277.889,553.958,327.745,0.1806
mixed,128,4,0.0312,4.0,32,0,2048,8192,2240,380.991,935.522,472.321,0.1647
mixed,128,4,0.0312,4.0,32,0,4096,16384,4480,589.025,1698.052,753.283,0.1481
mixed,128,4,0.0312,4.0,32,512,128,512,140,202.016,249.827,204.476,0.0515
mixed,128,4,0.0312,4.0,32,512,256,1024,280,223.294,312.896,225.054,0.0196
mixed,128,4,0.0312,4.0,32,512,512,2048,560,252.928,407.104,250.687,-0.0145
mixed,128,4,0.0312,4.0,32,512,1024,4096,1120,323.551,591.265,323.295,-0.001
mixed,128,4,0.0312,4.0,32,512,2048,8192,2240,426.337,953.249,467.97,0.079
mixed,128,4,0.0312,4.0,32,512,4096,16384,4480,625.185,1695.075,757.824,0.124
mixed,128,4,0.0312,4.0,32,1024,128,512,140,198.499,252.992,205.822,0.1344
mixed,128,4,0.0312,4.0,32,1024,256,1024,280,223.36,317.984,217.474,-0.0622
mixed,128,4,0.0312,4.0,32,1024,512,2048,560,261.504,429.477,259.297,-0.0131
mixed,128,4,0.0312,4.0,32,1024,1024,4096,1120,329.122,606.273,323.936,-0.0187
mixed,128,4,0.0312,4.0,32,1024,2048,8192,2240,446.146,976.546,468.16,0.0415
mixed,128,4,0.0312,4.0,32,1024,4096,16384,4480,645.439,1702.819,751.52,0.1003
mixed,128,4,0.0312,4.0,32,2048,128,512,140,202.527,247.424,202.011,-0.0115
mixed,128,4,0.0312,4.0,32,2048,256,1024,280,220.512,327.905,218.623,-0.0176
mixed,128,4,0.0312,4.0,32,2048,512,2048,560,380.194,457.985,254.751,-1.6126
mixed,128,4,0.0312,4.0,32,2048,1024,4096,1120,331.329,650.944,328.672,-0.0083
mixed,128,4,0.0312,4.0,32,2048,2048,8192,2240,478.177,1022.145,464.0,-0.0261
mixed,128,4,0.0312,4.0,32,2048,4096,16384,4480,685.215,1742.565,745.375,0.0569
mixed,128,4,0.0312,4.0,32,4096,128,512,140,206.783,247.232,222.592,0.3908
mixed,128,4,0.0312,4.0,32,4096,256,1024,280,222.206,311.04,217.311,-0.0551
mixed,128,4,0.0312,4.0,32,4096,512,2048,560,251.421,455.232,247.84,-0.0176
mixed,128,4,0.0312,4.0,32,4096,1024,4096,1120,326.721,728.804,315.616,-0.0276
mixed,128,4,0.0312,4.0,32,4096,2048,8192,2240,480.767,1097.345,461.089,-0.0319
mixed,128,4,0.0312,4.0,32,4096,4096,16384,4480,776.514,1832.994,740.481,-0.0341
mixed,128,4,0.0312,4.0,32,8192,128,512,140,226.302,249.439,224.416,-0.0815
mixed,128,4,0.0312,4.0,32,8192,256,1024,280,253.568,314.785,236.513,-0.2786
mixed,128,4,0.0312,4.0,32,8192,512,2048,560,253.121,442.656,250.08,-0.016
mixed,128,4,0.0312,4.0,32,8192,1024,4096,1120,328.892,717.148,317.185,-0.0302
mixed,128,4,0.0312,4.0,32,8192,2048,8192,2240,465.472,1264.481,451.266,-0.0178
mixed,128,4,0.0312,4.0,32,8192,4096,16384,4480,762.369,2002.597,715.393,-0.0379
mixed,128,4,0.0312,4.0,64,0,128,512,140,182.11,236.514,206.625,0.4506
mixed,128,4,0.0312,4.0,64,0,256,1024,280,213.599,278.208,229.09,0.2398
mixed,128,4,0.0312,4.0,64,0,512,2048,560,237.182,376.45,259.171,0.1579
mixed,128,4,0.0312,4.0,64,0,1024,4096,1120,288.35,564.545,338.208,0.1805
mixed,128,4,0.0312,4.0,64,0,2048,8192,2240,396.319,946.944,485.541,0.162
mixed,128,4,0.0312,4.0,64,0,4096,16384,4480,601.279,1711.457,772.321,0.1541
mixed,128,4,0.0312,4.0,64,512,128,512,140,202.367,257.535,203.872,0.0273
mixed,128,4,0.0312,4.0,64,512,256,1024,280,229.278,306.369,226.338,-0.0381
mixed,128,4,0.0312,4.0,64,512,512,2048,560,259.52,402.081,258.239,-0.009
mixed,128,4,0.0312,4.0,64,512,1024,4096,1120,322.05,579.423,326.721,0.0181
mixed,128,4,0.0312,4.0,64,512,2048,8192,2240,418.559,939.138,471.326,0.1014
mixed,128,4,0.0312,4.0,64,512,4096,16384,4480,608.638,1705.666,753.666,0.1322
mixed,128,4,0.0312,4.0,64,1024,128,512,140,208.769,256.385,203.073,-0.1196
mixed,128,4,0.0312,4.0,64,1024,256,1024,280,225.153,323.648,229.825,0.0474
mixed,128,4,0.0312,4.0,64,1024,512,2048,560,262.211,423.969,261.057,-0.0071
mixed,128,4,0.0312,4.0,64,1024,1024,4096,1120,331.713,605.092,320.544,-0.0409
mixed,128,4,0.0312,4.0,64,1024,2048,8192,2240,439.102,952.739,458.081,0.037
mixed,128,4,0.0312,4.0,64,1024,4096,16384,4480,628.899,1708.831,751.361,0.1134
mixed,128,4,0.0312,4.0,64,2048,128,512,140,226.241,251.713,226.56,0.0125
mixed,128,4,0.0312,4.0,64,2048,256,1024,280,229.407,324.483,225.761,-0.0383
mixed,128,4,0.0312,4.0,64,2048,512,2048,560,255.457,454.304,257.693,0.0112
mixed,128,4,0.0312,4.0,64,2048,1024,4096,1120,337.474,644.641,326.783,-0.0348
mixed,128,4,0.0312,4.0,64,2048,2048,8192,2240,477.025,996.355,454.206,-0.0439
mixed,128,4,0.0312,4.0,64,2048,4096,16384,4480,674.498,1703.201,732.161,0.0561
mixed,128,4,0.0312,4.0,64,4096,128,512,140,243.681,257.792,230.046,-0.9663
mixed,128,4,0.0312,4.0,64,4096,256,1024,280,251.07,318.015,246.785,-0.064
mixed,128,4,0.0312,4.0,64,4096,512,2048,560,265.31,447.616,279.458,0.0776
mixed,128,4,0.0312,4.0,64,4096,1024,4096,1120,328.928,705.951,322.881,-0.016
mixed,128,4,0.0312,4.0,64,4096,2048,8192,2240,470.048,1077.411,457.667,-0.0204
mixed,128,4,0.0312,4.0,64,4096,4096,16384,4480,753.345,1773.538,713.024,-0.0395
mixed,128,4,0.0312,4.0,64,8192,128,512,140,268.416,291.133,269.855,0.0633
mixed,128,4,0.0312,4.0,64,8192,256,1024,280,272.446,320.735,272.769,0.0067
mixed,128,4,0.0312,4.0,64,8192,512,2048,560,290.144,436.226,286.336,-0.0261
mixed,128,4,0.0312,4.0,64,8192,1024,4096,1120,331.491,695.746,371.2,0.109
mixed,128,4,0.0312,4.0,64,8192,2048,8192,2240,456.002,1218.822,443.199,-0.0168
mixed,128,4,0.0312,4.0,64,8192,4096,16384,4480,747.199,1949.187,698.365,-0.0406
mixed,128,4,0.0312,4.0,128,0,128,512,140,187.745,245.919,211.105,0.4016
mixed,128,4,0.0312,4.0,128,0,256,1024,280,220.447,291.393,231.2,0.1516
mixed,128,4,0.0312,4.0,128,0,512,2048,560,248.288,381.281,264.961,0.1254
mixed,128,4,0.0312,4.0,128,0,1024,4096,1120,301.599,578.08,342.657,0.1485
mixed,128,4,0.0312,4.0,128,0,2048,8192,2240,401.763,960.452,488.288,0.1549
mixed,128,4,0.0312,4.0,128,0,4096,16384,4480,613.41,1718.375,777.825,0.1488
mixed,128,4,0.0312,4.0,128,512,128,512,140,216.318,253.471,224.353,0.2163
mixed,128,4,0.0312,4.0,128,512,256,1024,280,234.147,311.488,233.249,-0.0116
mixed,128,4,0.0312,4.0,128,512,512,2048,560,259.775,415.102,255.676,-0.0264
mixed,128,4,0.0312,4.0,128,512,1024,4096,1120,324.158,600.513,320.606,-0.0129
mixed,128,4,0.0312,4.0,128,512,2048,8192,2240,428.898,985.986,469.729,0.0733
mixed,128,4,0.0312,4.0,128,512,4096,16384,4480,635.683,1744.161,761.056,0.1131
mixed,128,4,0.0312,4.0,128,1024,128,512,140,232.641,264.959,222.238,-0.3219
mixed,128,4,0.0312,4.0,128,1024,256,1024,280,233.536,321.889,247.905,0.1626
mixed,128,4,0.0312,4.0,128,1024,512,2048,560,269.377,425.665,267.585,-0.0115
mixed,128,4,0.0312,4.0,128,1024,1024,4096,1120,334.687,615.167,322.816,-0.0423
mixed,128,4,0.0312,4.0,128,1024,2048,8192,2240,443.042,1000.386,460.8,0.0319
mixed,128,4,0.0312,4.0,128,1024,4096,16384,4480,647.073,1771.651,754.016,0.0951
mixed,128,4,0.0312,4.0,128,2048,128,512,140,249.376,264.544,246.72,-0.1751
mixed,128,4,0.0312,4.0,128,2048,256,1024,280,254.977,323.298,255.713,0.0108
mixed,128,4,0.0312,4.0,128,2048,512,2048,560,268.352,448.225,292.545,0.1345
mixed,128,4,0.0312,4.0,128,2048,1024,4096,1120,337.952,643.169,326.847,-0.0364
mixed,128,4,0.0312,4.0,128,2048,2048,8192,2240,468.831,1026.817,451.041,-0.0319
mixed,128,4,0.0312,4.0,128,2048,4096,16384,4480,678.945,1791.233,734.336,0.0498
mixed,128,4,0.0312,4.0,128,4096,128,512,140,273.536,308.866,271.65,-0.0534
mixed,128,4,0.0312,4.0,128,4096,256,1024,280,278.624,322.432,275.234,-0.0774
mixed,128,4,0.0312,4.0,128,4096,512,2048,560,315.138,435.135,308.61,-0.0544
mixed,128,4,0.0312,4.0,128,4096,1024,4096,1120,337.056,694.72,376.482,0.1102
mixed,128,4,0.0312,4.0,128,4096,2048,8192,2240,451.267,1087.237,438.526,-0.02
mixed,128,4,0.0312,4.0,128,4096,4096,16384,4480,732.033,1855.171,697.155,-0.0311
mixed,128,4,0.0312,4.0,128,8192,128,512,140,327.646,338.368,326.303,-0.1253
mixed,128,4,0.0312,4.0,128,8192,256,1024,280,342.367,410.302,339.809,-0.0377
mixed,128,4,0.0312,4.0,128,8192,512,2048,560,336.994,434.271,337.217,0.0023
mixed,128,4,0.0312,4.0,128,8192,1024,4096,1120,417.118,654.817,410.561,-0.0276
mixed,128,4,0.0312,4.0,128,8192,2048,8192,2240,455.968,1191.458,545.343,0.1215
mixed,128,4,0.0312,4.0,128,8192,4096,16384,4480,689.06,1962.4,671.424,-0.0139
mixed,128,4,0.0312,4.0,256,0,128,512,140,219.169,280.031,241.089,0.3602
mixed,128,4,0.0312,4.0,256,0,256,1024,280,255.552,325.599,256.193,0.0092
mixed,128,4,0.0312,4.0,256,0,512,2048,560,282.4,418.146,290.305,0.0582
mixed,128,4,0.0312,4.0,256,0,1024,4096,1120,331.745,614.051,362.977,0.1106
mixed,128,4,0.0312,4.0,256,0,2048,8192,2240,435.266,998.848,513.634,0.1391
mixed,128,4,0.0312,4.0,256,0,4096,16384,4480,648.929,1771.296,812.865,0.1461
mixed,128,4,0.0312,4.0,256,512,128,512,140,270.4,277.024,268.513,-0.2849
mixed,128,4,0.0312,4.0,256,512,256,1024,280,250.495,331.299,264.77,0.1767
mixed,128,4,0.0312,4.0,256,512,512,2048,560,286.273,428.928,281.247,-0.0352
mixed,128,4,0.0312,4.0,256,512,1024,4096,1120,349.119,621.38,337.889,-0.0412
mixed,128,4,0.0312,4.0,256,512,2048,8192,2240,448.927,1010.498,489.28,0.0719
mixed,128,4,0.0312,4.0,256,512,4096,16384,4480,663.235,1771.234,788.161,0.1127
mixed,128,4,0.0312,4.0,256,1024,128,512,140,283.008,282.882,283.232,
mixed,128,4,0.0312,4.0,256,1024,256,1024,280,301.666,339.327,299.168,-0.0663
mixed,128,4,0.0312,4.0,256,1024,512,2048,560,289.155,445.763,311.267,0.1412
mixed,128,4,0.0312,4.0,256,1024,1024,4096,1120,356.095,636.351,347.838,-0.0295
mixed,128,4,0.0312,4.0,256,1024,2048,8192,2240,458.081,1022.372,480.514,0.0398
mixed,128,4,0.0312,4.0,256,1024,4096,16384,4480,671.362,1785.508,772.833,0.0911
mixed,128,4,0.0312,4.0,256,2048,128,512,140,310.174,355.742,308.258,-0.042
mixed,128,4,0.0312,4.0,256,2048,256,1024,280,326.912,345.022,325.121,-0.0989
mixed,128,4,0.0312,4.0,256,2048,512,2048,560,356.574,474.723,370.398,0.117
mixed,128,4,0.0312,4.0,256,2048,1024,4096,1120,364.447,658.144,394.624,0.1027
mixed,128,4,0.0312,4.0,256,2048,2048,8192,2240,486.37,1037.986,481.088,-0.0096
mixed,128,4,0.0312,4.0,256,2048,4096,16384,4480,695.298,1802.978,751.17,0.0504
mixed,128,4,0.0312,4.0,256,4096,128,512,140,360.638,404.13,359.167,-0.0338
mixed,128,4,0.0312,4.0,256,4096,256,1024,280,376.356,451.169,378.752,0.032
mixed,128,4,0.0312,4.0,256,4096,512,2048,560,408.065,467.841,403.779,-0.0717
mixed,128,4,0.0312,4.0,256,4096,1024,4096,1120,457.792,725.858,492.354,0.1289
mixed,128,4,0.0312,4.0,256,4096,2048,8192,2240,493.184,1094.626,563.296,0.1166
mixed,128,4,0.0312,4.0,256,4096,4096,16384,4480,755.811,1855.617,742.592,-0.012
mixed,128,4,0.0312,4.0,256,8192,128,512,140,464.444,502.975,465.505,0.0275
mixed,128,4,0.0312,4.0,256,8192,256,1024,280,476.801,552.289,480.608,0.0504
mixed,128,4,0.0312,4.0,256,8192,512,2048,560,508.833,646.85,508.45,-0.0028
mixed,128,4,0.0312,4.0,256,8192,1024,4096,1120,565.474,712.642,559.265,-0.0422
mixed,128,4,0.0312,4.0,256,8192,2048,8192,2240,663.203,1221.921,753.125,0.1609
mixed,128,4,0.0312,4.0,256,8192,4096,16384,4480,758.751,1964.769,885.76,0.1053
mixed,128,4,0.0312,4.0,512,0,128,512,140,286.88,326.72,282.368,-0.1133
mixed,128,4,0.0312,4.0,512,0,256,1024,280,304.253,372.255,302.274,-0.0291
mixed,128,4,0.0312,4.0,512,0,512,2048,560,329.507,466.657,374.08,0.325
mixed,128,4,0.0312,4.0,512,0,1024,4096,1120,385.028,648.803,497.406,0.426
mixed,128,4,0.0312,4.0,512,0,2048,8192,2240,481.22,1025.732,745.923,0.4861
mixed,128,4,0.0312,4.0,512,0,4096,16384,4480,683.971,1816.003,1242.371,0.4933
mixed,128,4,0.0312,4.0,512,512,128,512,140,302.497,351.999,303.105,0.0123
mixed,128,4,0.0312,4.0,512,512,256,1024,280,323.198,399.103,321.632,-0.0206
mixed,128,4,0.0312,4.0,512,512,512,2048,560,351.201,497.313,365.856,0.1003
mixed,128,4,0.0312,4.0,512,512,1024,4096,1120,410.816,682.433,493.569,0.3047
mixed,128,4,0.0312,4.0,512,512,2048,8192,2240,509.601,1061.409,735.233,0.4089
mixed,128,4,0.0312,4.0,512,512,4096,16384,4480,717.537,1821.476,1240.257,0.4735
mixed,128,4,0.0312,4.0,512,1024,128,512,140,327.711,376.511,327.456,-0.0052
mixed,128,4,0.0312,4.0,512,1024,256,1024,280,344.546,421.279,345.855,0.0171
mixed,128,4,0.0312,4.0,512,1024,512,2048,560,377.28,517.763,378.881,0.0114
mixed,128,4,0.0312,4.0,512,1024,1024,4096,1120,432.928,703.711,492.351,0.2194
mixed,128,4,0.0312,4.0,512,1024,2048,8192,2240,536.77,1088.962,735.519,0.3599
mixed,128,4,0.0312,4.0,512,1024,4096,16384,4480,738.688,1850.883,1230.148,0.4419
mixed,128,4,0.0312,4.0,512,2048,128,512,140,377.089,422.146,375.075,-0.0447
mixed,128,4,0.0312,4.0,512,2048,256,1024,280,390.913,470.558,397.469,0.0823
mixed,128,4,0.0312,4.0,512,2048,512,2048,560,417.795,563.619,423.878,0.0417
mixed,128,4,0.0312,4.0,512,2048,1024,4096,1120,480.449,754.145,488.033,0.0277
mixed,128,4,0.0312,4.0,512,2048,2048,8192,2240,581.92,1131.746,732.608,0.2741
mixed,128,4,0.0312,4.0,512,2048,4096,16384,4480,784.644,1892.45,1231.714,0.4036
mixed,128,4,0.0312,4.0,512,4096,128,512,140,477.855,523.01,477.505,-0.0078
mixed,128,4,0.0312,4.0,512,4096,256,1024,280,496.448,571.137,494.623,-0.0244
mixed,128,4,0.0312,4.0,512,4096,512,2048,560,525.023,667.844,524.546,-0.0033
mixed,128,4,0.0312,4.0,512,4096,1024,4096,1120,579.423,858.879,576.832,-0.0093
mixed,128,4,0.0312,4.0,512,4096,2048,8192,2240,681.283,1225.695,739.747,0.1074
mixed,128,4,0.0312,4.0,512,4096,4096,16384,4480,895.392,1992.325,1237.889,0.3122
mixed,128,4,0.0312,4.0,512,8192,128,512,140,674.721,712.32,671.748,-0.0791
mixed,128,4,0.0312,4.0,512,8192,256,1024,280,684.737,762.174,689.089,0.0562
mixed,128,4,0.0312,4.0,512,8192,512,2048,560,713.282,859.489,720.131,0.0468
mixed,128,4,0.0312,4.0,512,8192,1024,4096,1120,769.665,1050.048,770.466,0.0029
mixed,128,4,0.0312,4.0,512,8192,2048,8192,2240,879.777,1437.187,873.701,-0.0109
mixed,128,4,0.0312,4.0,512,8192,4096,16384,4480,1086.879,2178.917,1238.147,0.1385
mixed,128,4,0.0312,4.0,1024,0,128,512,140,431.296,476.194,450.977,0.4383
mixed,128,4,0.0312,4.0,1024,0,256,1024,280,457.472,537.956,468.318,0.1348
mixed,128,4,0.0312,4.0,1024,0,512,2048,560,495.65,634.592,516.383,0.1492
mixed,128,4,0.0312,4.0,1024,0,1024,4096,1120,548.641,830.816,593.058,0.1574
mixed,128,4,0.0312,4.0,1024,0,2048,8192,2240,652.544,1208.579,729.858,0.139
mixed,128,4,0.0312,4.0,1024,0,4096,16384,4480,848.418,1993.859,1004.895,0.1366
mixed,128,4,0.0312,4.0,1024,512,128,512,140,590.044,661.091,616.26,0.369
mixed,128,4,0.0312,4.0,1024,512,256,1024,280,620.832,729.825,640.867,0.1838
mixed,128,4,0.0312,4.0,1024,512,512,2048,560,658.948,884.709,702.623,0.1935
mixed,128,4,0.0312,4.0,1024,512,1024,4096,1120,758.564,1154.468,816.544,0.1464
mixed,128,4,0.0312,4.0,1024,512,2048,8192,2240,903.585,1933.51,1019.297,0.1123
mixed,128,4,0.0312,4.0,1024,512,4096,16384,4480,1217.574,2934.053,1459.299,0.1408
mixed,128,4,0.0312,4.0,1024,1024,128,512,140,627.074,689.437,650.271,0.372
mixed,128,4,0.0312,4.0,1024,1024,256,1024,280,643.838,757.506,675.032,0.2744
mixed,128,4,0.0312,4.0,1024,1024,512,2048,560,690.884,906.24,744.321,0.2481
mixed,128,4,0.0312,4.0,1024,1024,1024,4096,1120,769.762,1196.26,825.183,0.1299
mixed,128,4,0.0312,4.0,1024,1024,2048,8192,2240,933.922,1784.996,1057.915,0.1457
mixed,128,4,0.0312,4.0,1024,1024,4096,16384,4480,1252.734,2962.054,1488.096,0.1377
mixed,128,4,0.0312,4.0,1024,2048,128,512,140,682.658,744.682,707.683,0.4035
mixed,128,4,0.0312,4.0,1024,2048,256,1024,280,705.757,812.096,737.346,0.2971
mixed,128,4,0.0312,4.0,1024,2048,512,2048,560,742.627,963.837,791.616,0.2215
mixed,128,4,0.0312,4.0,1024,2048,1024,4096,1120,822.784,1240.257,894.946,0.1729
mixed,128,4,0.0312,4.0,1024,2048,2048,8192,2240,973.662,1837.568,1116.261,0.1651
mixed,128,4,0.0312,4.0,1024,2048,4096,16384,4480,1304.416,3003.718,1542.53,0.1401
mixed,128,4,0.0312,4.0,1024,4096,128,512,140,797.731,858.91,815.906,0.2971
mixed,128,4,0.0312,4.0,1024,4096,256,1024,280,818.243,921.414,857.214,0.3777
mixed,128,4,0.0312,4.0,1024,4096,512,2048,560,864.608,1077.794,909.093,0.2087
mixed,128,4,0.0312,4.0,1024,4096,1024,4096,1120,943.329,1359.363,999.008,0.1338
mixed,128,4,0.0312,4.0,1024,4096,2048,8192,2240,1095.073,1934.367,1204.165,0.13
mixed,128,4,0.0312,4.0,1024,4096,4096,16384,4480,1410.726,3081.158,1650.436,0.1435
mixed,128,4,0.0312,4.0,1024,8192,128,512,140,1017.278,1076.483,1030.467,0.2228
mixed,128,4,0.0312,4.0,1024,8192,256,1024,280,1035.617,1149.349,1067.108,0.2769
mixed,128,4,0.0312,4.0,1024,8192,512,2048,560,1080.131,1285.7,1124.515,0.2159
mixed,128,4,0.0312,4.0,1024,8192,1024,4096,1120,1166.947,1568.098,1220.549,0.1336
mixed,128,4,0.0312,4.0,1024,8192,2048,8192,2240,1314.5,2149.506,1453.347,0.1663
mixed,128,4,0.0312,4.0,1024,8192,4096,16384,4480,1618.976,3299.976,1866.56,0.1473
mixed,128,4,0.0312,4.0,2048,0,128,512,140,711.715,759.84,725.125,0.2786
mixed,128,4,0.0312,4.0,2048,0,256,1024,280,734.784,806.176,749.955,0.2125
mixed,128,4,0.0312,4.0,2048,0,512,2048,560,762.117,903.422,787.876,0.1823
mixed,128,4,0.0312,4.0,2048,0,1024,4096,1120,812.772,1097.28,858.561,0.1609
mixed,128,4,0.0312,4.0,2048,0,2048,8192,2240,920.29,1489.825,1006.722,0.1518
mixed,128,4,0.0312,4.0,2048,0,4096,16384,4480,1131.652,2258.853,1284.001,0.1352
mixed,128,4,0.0312,4.0,2048,512,128,512,140,956.995,1020.543,966.69,0.1526
mixed,128,4,0.0312,4.0,2048,512,256,1024,280,975.842,1088.031,1000.548,0.2202
mixed,128,4,0.0312,4.0,2048,512,512,2048,560,1011.714,1232.416,1060.609,0.2215
mixed,128,4,0.0312,4.0,2048,512,1024,4096,1120,1114.275,1511.647,1170.208,0.1408
mixed,128,4,0.0312,4.0,2048,512,2048,8192,2240,1256.739,2113.315,1383.4,0.1479
mixed,128,4,0.0312,4.0,2048,512,4096,16384,4480,1574.08,3287.649,1809.125,0.1372
mixed,128,4,0.0312,4.0,2048,1024,128,512,140,991.903,1053.151,1010.014,0.2957
mixed,128,4,0.0312,4.0,2048,1024,256,1024,280,1016.544,1132.737,1040.804,0.2088
mixed,128,4,0.0312,4.0,2048,1024,512,2048,560,1056.991,1272.996,1101.253,0.2049
mixed,128,4,0.0312,4.0,2048,1024,1024,4096,1120,1147.618,1557.574,1209.667,0.1514
mixed,128,4,0.0312,4.0,2048,1024,2048,8192,2240,1300.037,2157.635,1420.292,0.1402
mixed,128,4,0.0312,4.0,2048,1024,4096,16384,4480,1609.602,3320.387,1854.146,0.1429
mixed,128,4,0.0312,4.0,2048,2048,128,512,140,1067.713,1139.494,1086.143,0.2568
mixed,128,4,0.0312,4.0,2048,2048,256,1024,280,1097.47,1206.473,1115.839,0.1685
mixed,128,4,0.0312,4.0,2048,2048,512,2048,560,1137.311,1341.759,1178.402,0.201
mixed,128,4,0.0312,4.0,2048,2048,1024,4096,1120,1215.394,1632.709,1287.041,0.1717
mixed,128,4,0.0312,4.0,2048,2048,2048,8192,2240,1372.073,2226.469,1500.61,0.1504
mixed,128,4,0.0312,4.0,2048,2048,4096,16384,4480,1687.978,3385.484,1933.732,0.1448
mixed,128,4,0.0312,4.0,2048,4096,128,512,140,1236.198,1300.382,1259.069,0.3563
mixed,128,4,0.0312,4.0,2048,4096,256,1024,280,1258.792,1362.279,1278.563,0.191
mixed,128,4,0.0312,4.0,2048,4096,512,2048,560,1303.619,1505.895,1341.567,0.1876
mixed,128,4,0.0312,4.0,2048,4096,1024,4096,1120,1382.34,1793.062,1448.001,0.1599
mixed,128,4,0.0312,4.0,2048,4096,2048,8192,2240,1530.847,2371.364,1675.845,0.1725
mixed,128,4,0.0312,4.0,2048,4096,4096,16384,4480,1847.903,3516.291,2094.242,0.1477
mixed,128,4,0.0312,4.0,2048,8192,128,512,140,1541.823,1603.136,1567.587,0.4202
mixed,128,4,0.0312,4.0,2048,8192,256,1024,280,1568.168,1677.446,1591.272,0.2114
mixed,128,4,0.0312,4.0,2048,8192,512,2048,560,1605.383,1824.48,1646.309,0.1868
mixed,128,4,0.0312,4.0,2048,8192,1024,4096,1120,1693.634,2103.844,1762.402,0.1676
mixed,128,4,0.0312,4.0,2048,8192,2048,8192,2240,1852.227,2673.472,1966.282,0.1389
mixed,128,4,0.0312,4.0,2048,8192,4096,16384,4480,2155.526,3811.715,2399.717,0.1474
pure,128,8,0.0625,4.0,0,0,128,512,152,153.826,205.35,183.265,0.5714
pure,128,8,0.0625,4.0,0,0,256,1024,304,182.24,252.934,203.97,0.3074
pure,128,8,0.0625,4.0,0,0,512,2048,608,214.273,350.497,242.335,0.206
pure,128,8,0.0625,4.0,0,0,1024,4096,1216,272.61,539.68,312.927,0.151
pure,128,8,0.0625,4.0,0,0,2048,8192,2432,383.487,921.446,455.235,0.1334
pure,128,8,0.0625,4.0,0,0,4096,16384,4864,613.25,1685.184,744.639,0.1226
mixed,128,8,0.0625,4.0,16,0,128,512,152,167.264,216.801,196.0,0.5801
mixed,128,8,0.0625,4.0,16,0,256,1024,304,193.217,266.498,218.462,0.3445
mixed,128,8,0.0625,4.0,16,0,512,2048,608,231.615,362.053,254.468,0.1752
mixed,128,8,0.0625,4.0,16,0,1024,4096,1216,283.615,550.914,327.904,0.1657
mixed,128,8,0.0625,4.0,16,0,2048,8192,2432,398.529,934.879,472.865,0.1386
mixed,128,8,0.0625,4.0,16,0,4096,16384,4864,628.833,1694.5,763.458,0.1263
mixed,128,8,0.0625,4.0,16,512,128,512,152,200.737,218.911,202.336,0.088
mixed,128,8,0.0625,4.0,16,512,256,1024,304,220.672,266.24,221.538,0.019
mixed,128,8,0.0625,4.0,16,512,512,2048,608,224.931,363.806,252.832,0.2009
mixed,128,8,0.0625,4.0,16,512,1024,4096,1216,287.746,551.391,325.791,0.1443
mixed,128,8,0.0625,4.0,16,512,2048,8192,2432,400.226,938.112,473.697,0.1366
mixed,128,8,0.0625,4.0,16,512,4096,16384,4864,624.449,1695.043,755.615,0.1225
mixed,128,8,0.0625,4.0,16,1024,128,512,152,198.113,254.66,199.072,0.017
mixed,128,8,0.0625,4.0,16,1024,256,1024,304,221.189,267.555,220.734,-0.0098
mixed,128,8,0.0625,4.0,16,1024,512,2048,608,265.441,364.708,257.343,-0.0816
mixed,128,8,0.0625,4.0,16,1024,1024,4096,1216,290.175,552.511,327.328,0.1416
mixed,128,8,0.0625,4.0,16,1024,2048,8192,2432,397.853,939.331,470.366,0.1339
mixed,128,8,0.0625,4.0,16,1024,4096,16384,4864,626.081,1692.164,759.523,0.1252
mixed,128,8,0.0625,4.0,16,2048,128,512,152,204.864,249.632,202.27,-0.0579
mixed,128,8,0.0625,4.0,16,2048,256,1024,304,226.883,324.832,220.065,-0.0696
mixed,128,8,0.0625,4.0,16,2048,512,2048,608,259.357,363.233,252.547,-0.0656
mixed,128,8,0.0625,4.0,16,2048,1024,4096,1216,348.861,552.766,332.671,-0.0794
mixed,128,8,0.0625,4.0,16,2048,2048,8192,2432,398.145,939.552,471.551,0.1356
mixed,128,8,0.0625,4.0,16,2048,4096,16384,4864,625.155,1692.226,755.233,0.1219
mixed,128,8,0.0625,4.0,16,4096,128,512,152,204.162,247.071,198.081,-0.1417
mixed,128,8,0.0625,4.0,16,4096,256,1024,304,219.229,323.361,218.944,-0.0027
mixed,128,8,0.0625,4.0,16,4096,512,2048,608,260.065,460.863,256.259,-0.019
mixed,128,8,0.0625,4.0,16,4096,1024,4096,1216,345.825,554.016,323.743,-0.1061
mixed,128,8,0.0625,4.0,16,4096,2048,8192,2432,506.656,936.227,472.832,-0.0787
mixed,128,8,0.0625,4.0,16,4096,4096,16384,4864,626.305,1692.929,754.724,0.1204
mixed,128,8,0.0625,4.0,16,8192,128,512,152,207.043,253.119,223.456,0.3562
mixed,128,8,0.0625,4.0,16,8192,256,1024,304,221.213,311.488,217.73,-0.0386
mixed,128,8,0.0625,4.0,16,8192,512,2048,608,260.734,457.729,259.521,-0.0062
mixed,128,8,0.0625,4.0,16,8192,1024,4096,1216,350.336,729.09,327.231,-0.061
mixed,128,8,0.0625,4.0,16,8192,2048,8192,2432,508.417,941.536,463.266,-0.1042
mixed,128,8,0.0625,4.0,16,8192,4096,16384,4864,822.658,1704.068,752.227,-0.0799
mixed,128,8,0.0625,4.0,32,0,128,512,152,171.04,222.016,200.061,0.5693
mixed,128,8,0.0625,4.0,32,0,256,1024,304,196.126,268.289,220.927,0.3437
mixed,128,8,0.0625,4.0,32,0,512,2048,608,228.8,364.061,258.208,0.2174
mixed,128,8,0.0625,4.0,32,0,1024,4096,1216,288.993,553.568,327.742,0.1465
mixed,128,8,0.0625,4.0,32,0,2048,8192,2432,402.593,937.377,474.018,0.1336
mixed,128,8,0.0625,4.0,32,0,4096,16384,4864,628.576,1697.632,764.832,0.1275
mixed,128,8,0.0625,4.0,32,512,128,512,152,204.061,248.638,198.239,-0.1306
mixed,128,8,0.0625,4.0,32,512,256,1024,304,223.904,312.129,220.482,-0.0388
mixed,128,8,0.0625,4.0,32,512,512,2048,608,260.479,403.422,251.232,-0.0647
mixed,128,8,0.0625,4.0,32,512,1024,4096,1216,328.574,578.402,323.553,-0.0201
mixed,128,8,0.0625,4.0,32,512,2048,8192,2432,443.104,945.569,470.559,0.0546
mixed,128,8,0.0625,4.0,32,512,4096,16384,4864,646.977,1699.491,761.667,0.109
mixed,128,8,0.0625,4.0,32,1024,128,512,152,206.336,256.419,200.261,-0.1213
mixed,128,8,0.0625,4.0,32,1024,256,1024,304,224.642,319.01,222.686,-0.0207
mixed,128,8,0.0625,4.0,32,1024,512,2048,608,266.787,431.262,260.704,-0.037
mixed,128,8,0.0625,4.0,32,1024,1024,4096,1216,345.982,609.759,323.615,-0.0848
mixed,128,8,0.0625,4.0,32,1024,2048,8192,2432,463.232,974.113,471.647,0.0165
mixed,128,8,0.0625,4.0,32,1024,4096,16384,4864,677.664,1708.42,757.474,0.0774
mixed,128,8,0.0625,4.0,32,2048,128,512,152,200.255,247.036,202.24,0.0424
mixed,128,8,0.0625,4.0,32,2048,256,1024,304,223.197,327.646,221.121,-0.0199
mixed,128,8,0.0625,4.0,32,2048,512,2048,608,258.464,459.455,254.432,-0.0201
mixed,128,8,0.0625,4.0,32,2048,1024,4096,1216,348.959,661.283,328.386,-0.0659
mixed,128,8,0.0625,4.0,32,2048,2048,8192,2432,501.186,1017.604,465.665,-0.0688
mixed,128,8,0.0625,4.0,32,2048,4096,16384,4864,722.242,1744.897,748.258,0.0254
mixed,128,8,0.0625,4.0,32,4096,128,512,152,209.76,249.119,225.471,0.3992
mixed,128,8,0.0625,4.0,32,4096,256,1024,304,218.848,316.898,219.232,0.0039
mixed,128,8,0.0625,4.0,32,4096,512,2048,608,259.137,454.785,258.208,-0.0047
mixed,128,8,0.0625,4.0,32,4096,1024,4096,1216,341.792,728.385,326.111,-0.0406
mixed,128,8,0.0625,4.0,32,4096,2048,8192,2432,499.81,1106.399,464.578,-0.0581
mixed,128,8,0.0625,4.0,32,4096,4096,16384,4864,805.633,1816.389,748.449,-0.0566
mixed,128,8,0.0625,4.0,32,8192,128,512,152,223.68,248.96,228.448,0.1886
mixed,128,8,0.0625,4.0,32,8192,256,1024,304,253.762,318.943,238.11,-0.2401
mixed,128,8,0.0625,4.0,32,8192,512,2048,608,255.87,437.216,257.314,0.008
mixed,128,8,0.0625,4.0,32,8192,1024,4096,1216,343.042,721.792,320.831,-0.0586
mixed,128,8,0.0625,4.0,32,8192,2048,8192,2432,483.585,1268.419,467.393,-0.0206
mixed,128,8,0.0625,4.0,32,8192,4096,16384,4864,807.168,2022.596,736.897,-0.0578
mixed,128,8,0.0625,4.0,64,0,128,512,152,181.889,233.858,205.57,0.4557
mixed,128,8,0.0625,4.0,64,0,256,1024,304,212.159,276.958,227.904,0.243
mixed,128,8,0.0625,4.0,64,0,512,2048,608,243.102,373.665,258.112,0.115
mixed,128,8,0.0625,4.0,64,0,1024,4096,1216,296.61,565.281,334.592,0.1414
mixed,128,8,0.0625,4.0,64,0,2048,8192,2432,414.178,950.079,478.913,0.1208
mixed,128,8,0.0625,4.0,64,0,4096,16384,4864,637.023,1707.714,777.054,0.1308
mixed,128,8,0.0625,4.0,64,512,128,512,152,204.74,252.802,204.192,-0.0114
mixed,128,8,0.0625,4.0,64,512,256,1024,304,228.768,307.135,229.316,0.007
mixed,128,8,0.0625,4.0,64,512,512,2048,608,263.42,400.482,258.304,-0.0373
mixed,128,8,0.0625,4.0,64,512,1024,4096,1216,325.155,586.497,323.617,-0.0059
mixed,128,8,0.0625,4.0,64,512,2048,8192,2432,434.849,945.248,471.583,0.072
mixed,128,8,0.0625,4.0,64,512,4096,16384,4864,641.474,1710.146,766.431,0.1169
mixed,128,8,0.0625,4.0,64,1024,128,512,152,204.957,258.081,207.169,0.0416
mixed,128,8,0.0625,4.0,64,1024,256,1024,304,229.791,325.633,225.857,-0.041
mixed,128,8,0.0625,4.0,64,1024,512,2048,608,271.457,427.551,265.664,-0.0371
mixed,128,8,0.0625,4.0,64,1024,1024,4096,1216,351.297,597.247,328.927,-0.091
mixed,128,8,0.0625,4.0,64,1024,2048,8192,2432,455.071,952.004,463.969,0.0179
mixed,128,8,0.0625,4.0,64,1024,4096,16384,4864,672.96,1708.001,761.536,0.0856
mixed,128,8,0.0625,4.0,64,2048,128,512,152,227.745,257.373,226.336,-0.0476
mixed,128,8,0.0625,4.0,64,2048,256,1024,304,230.786,325.73,224.258,-0.0688
mixed,128,8,0.0625,4.0,64,2048,512,2048,608,263.264,452.384,269.247,0.0316
mixed,128,8,0.0625,4.0,64,2048,1024,4096,1216,346.717,642.564,326.785,-0.0674
mixed,128,8,0.0625,4.0,64,2048,2048,8192,2432,501.665,1017.379,455.617,-0.0893
mixed,128,8,0.0625,4.0,64,2048,4096,16384,4864,708.833,1709.346,737.924,0.0291
mixed,128,8,0.0625,4.0,64,4096,128,512,152,243.267,256.416,233.153,-0.7692
mixed,128,8,0.0625,4.0,64,4096,256,1024,304,246.303,312.448,255.715,0.1423
mixed,128,8,0.0625,4.0,64,4096,512,2048,608,264.258,452.673,278.943,0.0779
mixed,128,8,0.0625,4.0,64,4096,1024,4096,1216,513.728,704.865,330.14,-0.9605
mixed,128,8,0.0625,4.0,64,4096,2048,8192,2432,494.945,1077.47,452.703,-0.0725
mixed,128,8,0.0625,4.0,64,4096,4096,16384,4864,791.201,1785.572,717.922,-0.0737
mixed,128,8,0.0625,4.0,64,8192,128,512,152,270.017,288.926,269.024,-0.0525
mixed,128,8,0.0625,4.0,64,8192,256,1024,304,274.784,315.838,275.713,0.0226
mixed,128,8,0.0625,4.0,64,8192,512,2048,608,302.207,442.786,292.095,-0.0719
mixed,128,8,0.0625,4.0,64,8192,1024,4096,1216,339.135,699.968,366.72,0.0764
mixed,128,8,0.0625,4.0,64,8192,2048,8192,2432,473.248,1220.287,456.737,-0.0221
mixed,128,8,0.0625,4.0,64,8192,4096,16384,4864,784.736,1959.871,714.72,-0.0596
mixed,128,8,0.0625,4.0,128,0,128,512,152,189.245,248.257,206.336,0.2896
mixed,128,8,0.0625,4.0,128,0,256,1024,304,222.752,291.423,232.062,0.1356
mixed,128,8,0.0625,4.0,128,0,512,2048,608,252.032,381.568,266.465,0.1114
mixed,128,8,0.0625,4.0,128,0,1024,4096,1216,307.554,580.675,341.569,0.1245
mixed,128,8,0.0625,4.0,128,0,2048,8192,2432,417.631,956.963,485.055,0.125
mixed,128,8,0.0625,4.0,128,0,4096,16384,4864,648.128,1716.514,779.587,0.123
mixed,128,8,0.0625,4.0,128,512,128,512,152,214.976,253.792,222.592,0.1962
mixed,128,8,0.0625,4.0,128,512,256,1024,304,236.929,312.447,235.265,-0.022
mixed,128,8,0.0625,4.0,128,512,512,2048,608,265.504,412.962,258.56,-0.0471
mixed,128,8,0.0625,4.0,128,512,1024,4096,1216,333.76,601.022,325.726,-0.0301
mixed,128,8,0.0625,4.0,128,512,2048,8192,2432,446.751,983.423,472.738,0.0484
mixed,128,8,0.0625,4.0,128,512,4096,16384,4864,673.792,1747.204,763.552,0.0836
mixed,128,8,0.0625,4.0,128,1024,128,512,152,234.369,264.641,219.424,-0.4937
mixed,128,8,0.0625,4.0,128,1024,256,1024,304,234.497,320.642,247.263,0.1482
mixed,128,8,0.0625,4.0,128,1024,512,2048,608,273.374,430.818,269.25,-0.0262
mixed,128,8,0.0625,4.0,128,1024,1024,4096,1216,342.881,616.16,324.733,-0.0664
mixed,128,8,0.0625,4.0,128,1024,2048,8192,2432,460.384,1000.767,464.961,0.0085
mixed,128,8,0.0625,4.0,128,1024,4096,16384,4864,694.976,1766.402,762.975,0.0635
mixed,128,8,0.0625,4.0,128,2048,128,512,152,246.752,264.961,247.52,0.0422
mixed,128,8,0.0625,4.0,128,2048,256,1024,304,258.049,325.633,258.878,0.0123
mixed,128,8,0.0625,4.0,128,2048,512,2048,608,274.557,447.201,291.262,0.0968
mixed,128,8,0.0625,4.0,128,2048,1024,4096,1216,339.807,642.208,336.286,-0.0116
mixed,128,8,0.0625,4.0,128,2048,2048,8192,2432,485.855,1026.305,453.504,-0.0599
mixed,128,8,0.0625,4.0,128,2048,4096,16384,4864,719.968,1797.314,737.6,0.0164
mixed,128,8,0.0625,4.0,128,4096,128,512,152,273.12,309.377,269.823,-0.0909
mixed,128,8,0.0625,4.0,128,4096,256,1024,304,290.911,320.928,288.289,-0.0874
mixed,128,8,0.0625,4.0,128,4096,512,2048,608,316.224,435.901,315.041,-0.0099
mixed,128,8,0.0625,4.0,128,4096,1024,4096,1216,343.134,693.824,377.408,0.0977
mixed,128,8,0.0625,4.0,128,4096,2048,8192,2432,468.48,1080.735,456.738,-0.0192
mixed,128,8,0.0625,4.0,128,4096,4096,16384,4864,776.898,1859.426,708.449,-0.0632
mixed,128,8,0.0625,4.0,128,8192,128,512,152,328.068,338.657,326.241,-0.1725
mixed,128,8,0.0625,4.0,128,8192,256,1024,304,341.505,410.143,341.504,-0.0
mixed,128,8,0.0625,4.0,128,8192,512,2048,608,348.03,436.032,336.736,-0.1283
mixed,128,8,0.0625,4.0,128,8192,1024,4096,1216,420.131,669.695,417.601,-0.0101
mixed,128,8,0.0625,4.0,128,8192,2048,8192,2432,478.976,1189.602,539.998,0.0859
mixed,128,8,0.0625,4.0,128,8192,4096,16384,4864,726.115,1965.504,697.343,-0.0232
mixed,128,8,0.0625,4.0,256,0,128,512,152,218.782,279.776,242.849,0.3946
mixed,128,8,0.0625,4.0,256,0,256,1024,304,255.552,328.417,259.873,0.0593
mixed,128,8,0.0625,4.0,256,0,512,2048,608,287.489,414.307,297.09,0.0757
mixed,128,8,0.0625,4.0,256,0,1024,4096,1216,346.271,606.782,370.944,0.0947
mixed,128,8,0.0625,4.0,256,0,2048,8192,2432,449.311,1000.034,518.337,0.1253
mixed,128,8,0.0625,4.0,256,0,4096,16384,4864,686.078,1762.401,818.368,0.1229
mixed,128,8,0.0625,4.0,256,512,128,512,152,271.807,280.096,274.625,0.34
mixed,128,8,0.0625,4.0,256,512,256,1024,304,252.353,334.242,264.544,0.1489
mixed,128,8,0.0625,4.0,256,512,512,2048,608,289.149,430.657,283.618,-0.0391
mixed,128,8,0.0625,4.0,256,512,1024,4096,1216,353.597,621.762,364.257,0.0398
mixed,128,8,0.0625,4.0,256,512,2048,8192,2432,465.698,1004.834,506.721,0.0761
mixed,128,8,0.0625,4.0,256,512,4096,16384,4864,698.241,1772.832,790.144,0.0855
mixed,128,8,0.0625,4.0,256,1024,128,512,152,283.906,283.905,294.08,
mixed,128,8,0.0625,4.0,256,1024,256,1024,304,301.953,342.815,330.653,0.7024
mixed,128,8,0.0625,4.0,256,1024,512,2048,608,294.081,443.777,311.202,0.1144
mixed,128,8,0.0625,4.0,256,1024,1024,4096,1216,361.792,636.385,353.6,-0.0298
mixed,128,8,0.0625,4.0,256,1024,2048,8192,2432,483.008,1020.963,502.046,0.0354
mixed,128,8,0.0625,4.0,256,1024,4096,16384,4864,704.928,1789.762,784.992,0.0738
mixed,128,8,0.0625,4.0,256,2048,128,512,152,311.391,352.738,309.761,-0.0394
mixed,128,8,0.0625,4.0,256,2048,256,1024,304,326.783,344.096,354.721,1.6137
mixed,128,8,0.0625,4.0,256,2048,512,2048,608,363.615,473.534,375.362,0.1069
mixed,128,8,0.0625,4.0,256,2048,1024,4096,1216,369.12,659.651,399.616,0.105
mixed,128,8,0.0625,4.0,256,2048,2048,8192,2432,503.586,1041.44,483.52,-0.0373
mixed,128,8,0.0625,4.0,256,2048,4096,16384,4864,731.519,1798.21,780.35,0.0458
mixed,128,8,0.0625,4.0,256,4096,128,512,152,361.856,398.561,362.24,0.0105
mixed,128,8,0.0625,4.0,256,4096,256,1024,304,380.034,449.022,374.528,-0.0798
mixed,128,8,0.0625,4.0,256,4096,512,2048,608,411.49,467.009,472.77,1.1038
mixed,128,8,0.0625,4.0,256,4096,1024,4096,1216,465.215,722.625,504.258,0.1517
mixed,128,8,0.0625,4.0,256,4096,2048,8192,2432,516.161,1094.404,558.273,0.0728
mixed,128,8,0.0625,4.0,256,4096,4096,16384,4864,788.382,1856.353,747.073,-0.0387
mixed,128,8,0.0625,4.0,256,8192,128,512,152,466.398,501.635,463.905,-0.0707
mixed,128,8,0.0625,4.0,256,8192,256,1024,304,477.47,555.168,480.704,0.0416
mixed,128,8,0.0625,4.0,256,8192,512,2048,608,512.479,648.958,511.708,-0.0056
mixed,128,8,0.0625,4.0,256,8192,1024,4096,1216,567.776,712.223,701.957,0.9289
mixed,128,8,0.0625,4.0,256,8192,2048,8192,2432,681.983,1216.929,756.003,0.1384
mixed,128,8,0.0625,4.0,256,8192,4096,16384,4864,809.024,1960.899,889.603,0.07
mixed,128,8,0.0625,4.0,512,0,128,512,152,285.761,329.631,282.528,-0.0737
mixed,128,8,0.0625,4.0,512,0,256,1024,304,306.4,372.353,307.009,0.0092
mixed,128,8,0.0625,4.0,512,0,512,2048,608,331.616,461.856,369.693,0.2924
mixed,128,8,0.0625,4.0,512,0,1024,4096,1216,392.64,646.914,498.528,0.4164
mixed,128,8,0.0625,4.0,512,0,2048,8192,2432,496.804,1032.704,744.257,0.4618
mixed,128,8,0.0625,4.0,512,0,4096,16384,4864,718.209,1809.188,1242.943,0.481
mixed,128,8,0.0625,4.0,512,512,128,512,152,304.863,351.777,302.079,-0.0593
mixed,128,8,0.0625,4.0,512,512,256,1024,304,324.766,403.487,337.088,0.1565
mixed,128,8,0.0625,4.0,512,512,512,2048,608,358.752,497.186,403.104,0.3204
mixed,128,8,0.0625,4.0,512,512,1024,4096,1216,414.562,686.338,529.314,0.4222
mixed,128,8,0.0625,4.0,512,512,2048,8192,2432,531.007,1066.819,774.56,0.4545
mixed,128,8,0.0625,4.0,512,512,4096,16384,4864,754.529,1833.249,1267.809,0.4758
mixed,128,8,0.0625,4.0,512,1024,128,512,152,327.711,379.777,327.809,0.0019
mixed,128,8,0.0625,4.0,512,1024,256,1024,304,345.92,423.394,360.996,0.1946
mixed,128,8,0.0625,4.0,512,1024,512,2048,608,381.313,521.057,429.473,0.3446
mixed,128,8,0.0625,4.0,512,1024,1024,4096,1216,443.267,706.334,558.786,0.4391
mixed,128,8,0.0625,4.0,512,1024,2048,8192,2432,553.826,1084.546,806.049,0.4752
mixed,128,8,0.0625,4.0,512,1024,4096,16384,4864,776.447,1848.546,1297.248,0.4858
mixed,128,8,0.0625,4.0,512,2048,128,512,152,375.166,421.219,379.423,0.0924
mixed,128,8,0.0625,4.0,512,2048,256,1024,304,393.854,474.273,395.105,0.0156
mixed,128,8,0.0625,4.0,512,2048,512,2048,608,433.408,567.522,481.507,0.3586
mixed,128,8,0.0625,4.0,512,2048,1024,4096,1216,490.302,756.674,602.018,0.4194
mixed,128,8,0.0625,4.0,512,2048,2048,8192,2432,605.249,1135.84,850.655,0.4625
mixed,128,8,0.0625,4.0,512,2048,4096,16384,4864,820.577,1898.209,1342.881,0.4847
mixed,128,8,0.0625,4.0,512,4096,128,512,152,476.197,522.02,479.133,0.0641
mixed,128,8,0.0625,4.0,512,4096,256,1024,304,492.13,572.577,495.903,0.0469
mixed,128,8,0.0625,4.0,512,4096,512,2048,608,534.693,662.945,523.363,-0.0883
mixed,128,8,0.0625,4.0,512,4096,1024,4096,1216,586.883,864.38,705.442,0.4272
mixed,128,8,0.0625,4.0,512,4096,2048,8192,2432,693.858,1231.009,956.063,0.4881
mixed,128,8,0.0625,4.0,512,4096,4096,16384,4864,927.774,1984.801,1450.463,0.4945
mixed,128,8,0.0625,4.0,512,8192,128,512,152,673.535,709.121,671.774,-0.0495
mixed,128,8,0.0625,4.0,512,8192,256,1024,304,685.698,757.697,688.482,0.0387
mixed,128,8,0.0625,4.0,512,8192,512,2048,608,719.52,855.136,713.761,-0.0425
mixed,128,8,0.0625,4.0,512,8192,1024,4096,1216,776.353,1046.048,774.815,-0.0057
mixed,128,8,0.0625,4.0,512,8192,2048,8192,2432,895.137,1427.393,1136.514,0.4535
mixed,128,8,0.0625,4.0,512,8192,4096,16384,4864,1118.914,2178.146,1630.463,0.4829
mixed,128,8,0.0625,4.0,1024,0,128,512,152,445.665,485.954,468.862,0.5758
mixed,128,8,0.0625,4.0,1024,0,256,1024,304,466.912,546.657,484.128,0.2159
mixed,128,8,0.0625,4.0,1024,0,512,2048,608,503.229,637.12,517.568,0.1071
mixed,128,8,0.0625,4.0,1024,0,1024,4096,1216,557.538,820.068,598.495,0.156
mixed,128,8,0.0625,4.0,1024,0,2048,8192,2432,667.712,1210.533,735.395,0.1247
mixed,128,8,0.0625,4.0,1024,0,4096,16384,4864,894.787,2003.168,1022.561,0.1153
mixed,128,8,0.0625,4.0,1024,512,128,512,152,601.632,656.061,616.327,0.27
mixed,128,8,0.0625,4.0,1024,512,256,1024,304,625.025,742.661,651.489,0.225
mixed,128,8,0.0625,4.0,1024,512,512,2048,608,669.472,885.729,700.066,0.1415
mixed,128,8,0.0625,4.0,1024,512,1024,4096,1216,764.001,1171.586,822.276,0.143
mixed,128,8,0.0625,4.0,1024,512,2048,8192,2432,927.457,1748.195,1032.575,0.1281
mixed,128,8,0.0625,4.0,1024,512,4096,16384,4864,1278.782,2944.802,1469.055,0.1142
mixed,128,8,0.0625,4.0,1024,1024,128,512,152,626.525,690.657,639.937,0.2091
mixed,128,8,0.0625,4.0,1024,1024,256,1024,304,643.715,754.946,682.206,0.346
mixed,128,8,0.0625,4.0,1024,1024,512,2048,608,698.657,892.031,729.054,0.1572
mixed,128,8,0.0625,4.0,1024,1024,1024,4096,1216,796.421,1199.327,857.664,0.152
mixed,128,8,0.0625,4.0,1024,1024,2048,8192,2432,959.875,1785.281,1068.288,0.1313
mixed,128,8,0.0625,4.0,1024,1024,4096,16384,4864,1306.367,2971.679,1484.35,0.1069
mixed,128,8,0.0625,4.0,1024,2048,128,512,152,672.514,737.448,698.433,0.3992
mixed,128,8,0.0625,4.0,1024,2048,256,1024,304,705.475,820.701,733.057,0.2394
mixed,128,8,0.0625,4.0,1024,2048,512,2048,608,759.424,958.367,791.138,0.1594
mixed,128,8,0.0625,4.0,1024,2048,1024,4096,1216,852.383,1236.962,891.872,0.1027
mixed,128,8,0.0625,4.0,1024,2048,2048,8192,2432,1013.602,1836.451,1116.096,0.1246
mixed,128,8,0.0625,4.0,1024,2048,4096,16384,4864,1362.594,3003.843,1542.243,0.1095
mixed,128,8,0.0625,4.0,1024,4096,128,512,152,782.402,845.695,803.455,0.3326
mixed,128,8,0.0625,4.0,1024,4096,256,1024,304,816.514,912.543,846.371,0.3109
mixed,128,8,0.0625,4.0,1024,4096,512,2048,608,864.287,1055.39,894.624,0.1587
mixed,128,8,0.0625,4.0,1024,4096,1024,4096,1216,945.761,1362.051,1010.94,0.1566
mixed,128,8,0.0625,4.0,1024,4096,2048,8192,2432,1124.379,1914.913,1226.659,0.1294
mixed,128,8,0.0625,4.0,1024,4096,4096,16384,4864,1458.115,3079.17,1661.986,0.1258
mixed,128,8,0.0625,4.0,1024,8192,128,512,152,1009.436,1063.834,1024.575,0.2783
mixed,128,8,0.0625,4.0,1024,8192,256,1024,304,1037.153,1138.685,1061.761,0.2424
mixed,128,8,0.0625,4.0,1024,8192,512,2048,608,1086.275,1285.311,1113.147,0.135
mixed,128,8,0.0625,4.0,1024,8192,1024,4096,1216,1168.87,1578.562,1221.762,0.1291
mixed,128,8,0.0625,4.0,1024,8192,2048,8192,2432,1334.015,2135.295,1443.618,0.1368
mixed,128,8,0.0625,4.0,1024,8192,4096,16384,4864,1674.244,3289.674,1892.959,0.1354
mixed,128,8,0.0625,4.0,2048,0,128,512,152,715.55,756.643,728.131,0.3062
mixed,128,8,0.0625,4.0,2048,0,256,1024,304,734.978,807.746,749.822,0.204
mixed,128,8,0.0625,4.0,2048,0,512,2048,608,771.651,897.728,794.751,0.1832
mixed,128,8,0.0625,4.0,2048,0,1024,4096,1216,823.229,1090.622,862.144,0.1455
mixed,128,8,0.0625,4.0,2048,0,2048,8192,2432,934.881,1485.568,1015.326,0.1461
mixed,128,8,0.0625,4.0,2048,0,4096,16384,4864,1164.031,2260.323,1297.216,0.1215
mixed,128,8,0.0625,4.0,2048,512,128,512,152,950.338,1002.661,963.557,0.2526
mixed,128,8,0.0625,4.0,2048,512,256,1024,304,970.212,1074.051,1003.072,0.3165
mixed,128,8,0.0625,4.0,2048,512,512,2048,608,1023.363,1226.434,1064.414,0.2022
mixed,128,8,0.0625,4.0,2048,512,1024,4096,1216,1111.68,1507.621,1161.727,0.1264
mixed,128,8,0.0625,4.0,2048,512,2048,8192,2432,1282.243,2098.499,1380.416,0.1203
mixed,128,8,0.0625,4.0,2048,512,4096,16384,4864,1631.036,3280.033,1818.119,0.1135
mixed,128,8,0.0625,4.0,2048,1024,128,512,152,979.744,1050.177,1006.624,0.3816
mixed,128,8,0.0625,4.0,2048,1024,256,1024,304,1001.184,1117.954,1036.96,0.3064
mixed,128,8,0.0625,4.0,2048,1024,512,2048,608,1057.504,1265.857,1088.834,0.1504
mixed,128,8,0.0625,4.0,2048,1024,1024,4096,1216,1143.361,1554.337,1200.353,0.1387
mixed,128,8,0.0625,4.0,2048,1024,2048,8192,2432,1315.485,2138.463,1415.679,0.1217
mixed,128,8,0.0625,4.0,2048,1024,4096,16384,4864,1659.586,3320.996,1849.568,0.1143
mixed,128,8,0.0625,4.0,2048,2048,128,512,152,1058.626,1115.329,1079.393,0.3662
mixed,128,8,0.0625,4.0,2048,2048,256,1024,304,1082.945,1198.945,1108.735,0.2223
mixed,128,8,0.0625,4.0,2048,2048,512,2048,608,1138.016,1340.928,1167.102,0.1433
mixed,128,8,0.0625,4.0,2048,2048,1024,4096,1216,1220.832,1623.297,1271.716,0.1264
mixed,128,8,0.0625,4.0,2048,2048,2048,8192,2432,1383.167,2213.059,1487.492,0.1257
mixed,128,8,0.0625,4.0,2048,2048,4096,16384,4864,1742.02,3375.109,1936.355,0.119
mixed,128,8,0.0625,4.0,2048,4096,128,512,152,1225.767,1300.511,1253.411,0.3698
mixed,128,8,0.0625,4.0,2048,4096,256,1024,304,1259.361,1374.181,1291.013,0.2757
mixed,128,8,0.0625,4.0,2048,4096,512,2048,608,1305.469,1507.231,1342.849,0.1853
mixed,128,8,0.0625,4.0,2048,4096,1024,4096,1216,1395.367,1804.326,1455.685,0.1475
mixed,128,8,0.0625,4.0,2048,4096,2048,8192,2432,1564.095,2361.985,1664.192,0.1255
mixed,128,8,0.0625,4.0,2048,4096,4096,16384,4864,1905.218,3507.845,2098.049,0.1203
mixed,128,8,0.0625,4.0,2048,8192,128,512,152,1544.871,1609.665,1570.691,0.3985
mixed,128,8,0.0625,4.0,2048,8192,256,1024,304,1567.046,1673.792,1589.701,0.2122
mixed,128,8,0.0625,4.0,2048,8192,512,2048,608,1616.58,1814.784,1658.687,0.2124
mixed,128,8,0.0625,4.0,2048,8192,1024,4096,1216,1708.543,2099.136,1768.831,0.1543
mixed,128,8,0.0625,4.0,2048,8192,2048,8192,2432,1872.191,2682.401,1982.527,0.1362
mixed,128,8,0.0625,4.0,2048,8192,4096,16384,4864,2216.965,3826.084,2402.213,0.1151
pure,128,16,0.125,4.0,0,0,128,512,176,155.007,205.984,184.32,0.575
pure,128,16,0.125,4.0,0,0,256,1024,352,189.472,253.374,206.05,0.2594
pure,128,16,0.125,4.0,0,0,512,2048,704,222.433,348.608,241.664,0.1524
pure,128,16,0.125,4.0,0,0,1024,4096,1408,288.191,540.097,318.721,0.1212
pure,128,16,0.125,4.0,0,0,2048,8192,2816,421.954,918.465,471.137,0.0991
pure,128,16,0.125,4.0,0,0,4096,16384,5632,686.273,1679.392,774.817,0.0892
mixed,128,16,0.125,4.0,16,0,128,512,176,167.649,217.121,193.698,0.5265
mixed,128,16,0.125,4.0,16,0,256,1024,352,200.351,263.424,220.511,0.3196
mixed,128,16,0.125,4.0,16,0,512,2048,704,234.817,359.809,259.36,0.1964
mixed,128,16,0.125,4.0,16,0,1024,4096,1408,303.743,549.571,332.577,0.1173
mixed,128,16,0.125,4.0,16,0,2048,8192,2816,432.961,931.745,481.825,0.098
mixed,128,16,0.125,4.0,16,0,4096,16384,5632,693.823,1694.561,785.344,0.0915
mixed,128,16,0.125,4.0,16,512,128,512,176,198.591,215.262,195.491,-0.186
mixed,128,16,0.125,4.0,16,512,256,1024,352,225.888,265.601,223.616,-0.0572
mixed,128,16,0.125,4.0,16,512,512,2048,704,236.226,364.255,252.928,0.1305
mixed,128,16,0.125,4.0,16,512,1024,4096,1408,301.887,548.449,331.968,0.122
mixed,128,16,0.125,4.0,16,512,2048,8192,2816,431.424,934.754,482.75,0.102
mixed,128,16,0.125,4.0,16,512,4096,16384,5632,698.336,1696.514,788.543,0.0904
mixed,128,16,0.125,4.0,16,1024,128,512,176,200.224,253.76,205.022,0.0896
mixed,128,16,0.125,4.0,16,1024,256,1024,352,228.385,264.063,224.703,-0.1032
mixed,128,16,0.125,4.0,16,1024,512,2048,704,275.81,365.635,262.336,-0.15
mixed,128,16,0.125,4.0,16,1024,1024,4096,1408,305.375,556.191,330.049,0.0984
mixed,128,16,0.125,4.0,16,1024,2048,8192,2816,433.056,931.551,483.361,0.1009
mixed,128,16,0.125,4.0,16,1024,4096,16384,5632,697.471,1698.851,785.793,0.0882
mixed,128,16,0.125,4.0,16,2048,128,512,176,202.496,252.671,203.774,0.0255
mixed,128,16,0.125,4.0,16,2048,256,1024,352,230.718,326.08,217.472,-0.1389
mixed,128,16,0.125,4.0,16,2048,512,2048,704,277.696,360.738,265.026,-0.1526
mixed,128,16,0.125,4.0,16,2048,1024,4096,1408,371.905,552.223,335.809,-0.2002
mixed,128,16,0.125,4.0,16,2048,2048,8192,2816,434.722,937.665,482.561,0.0951
mixed,128,16,0.125,4.0,16,2048,4096,16384,5632,701.248,1694.498,785.663,0.085
mixed,128,16,0.125,4.0,16,4096,128,512,176,201.729,247.168,205.887,0.0915
mixed,128,16,0.125,4.0,16,4096,256,1024,352,224.128,326.66,223.072,-0.0103
mixed,128,16,0.125,4.0,16,4096,512,2048,704,273.313,457.856,259.455,-0.0751
mixed,128,16,0.125,4.0,16,4096,1024,4096,1408,376.13,555.555,331.423,-0.2492
mixed,128,16,0.125,4.0,16,4096,2048,8192,2816,547.806,935.745,480.318,-0.174
mixed,128,16,0.125,4.0,16,4096,4096,16384,5632,700.672,1697.155,783.615,0.0832
mixed,128,16,0.125,4.0,16,8192,128,512,176,211.072,248.832,207.679,-0.0899
mixed,128,16,0.125,4.0,16,8192,256,1024,352,225.921,312.448,221.759,-0.0481
mixed,128,16,0.125,4.0,16,8192,512,2048,704,273.73,459.453,267.329,-0.0345
mixed,128,16,0.125,4.0,16,8192,1024,4096,1408,364.224,726.975,335.681,-0.0787
mixed,128,16,0.125,4.0,16,8192,2048,8192,2816,559.936,935.361,481.731,-0.2083
mixed,128,16,0.125,4.0,16,8192,4096,16384,5632,896.063,1703.169,780.29,-0.1434
mixed,128,16,0.125,4.0,32,0,128,512,176,172.223,220.418,193.696,0.4455
mixed,128,16,0.125,4.0,32,0,256,1024,352,199.744,270.303,224.032,0.3442
mixed,128,16,0.125,4.0,32,0,512,2048,704,239.522,367.107,256.288,0.1314
mixed,128,16,0.125,4.0,32,0,1024,4096,1408,302.495,552.097,336.544,0.1364
mixed,128,16,0.125,4.0,32,0,2048,8192,2816,435.615,936.864,482.978,0.0945
mixed,128,16,0.125,4.0,32,0,4096,16384,5632,694.368,1700.322,787.166,0.0922
mixed,128,16,0.125,4.0,32,512,128,512,176,202.814,248.321,195.294,-0.1652
mixed,128,16,0.125,4.0,32,512,256,1024,352,230.525,309.793,221.31,-0.1163
mixed,128,16,0.125,4.0,32,512,512,2048,704,276.191,407.202,254.114,-0.1685
mixed,128,16,0.125,4.0,32,512,1024,4096,1408,347.616,586.785,329.087,-0.0775
mixed,128,16,0.125,4.0,32,512,2048,8192,2816,470.945,943.2,479.425,0.018
mixed,128,16,0.125,4.0,32,512,4096,16384,5632,713.568,1700.321,791.874,0.0794
mixed,128,16,0.125,4.0,32,1024,128,512,176,203.133,255.615,199.456,-0.0701
mixed,128,16,0.125,4.0,32,1024,256,1024,352,229.856,321.313,217.152,-0.1389
mixed,128,16,0.125,4.0,32,1024,512,2048,704,277.284,426.179,261.856,-0.1036
mixed,128,16,0.125,4.0,32,1024,1024,4096,1408,364.321,604.993,329.828,-0.1433
mixed,128,16,0.125,4.0,32,1024,2048,8192,2816,499.553,977.504,481.376,-0.038
mixed,128,16,0.125,4.0,32,1024,4096,16384,5632,741.439,1701.828,787.234,0.0477
mixed,128,16,0.125,4.0,32,2048,128,512,176,207.169,246.334,200.768,-0.1634
mixed,128,16,0.125,4.0,32,2048,256,1024,352,227.168,325.122,227.136,-0.0003
mixed,128,16,0.125,4.0,32,2048,512,2048,704,279.969,458.754,264.864,-0.0845
mixed,128,16,0.125,4.0,32,2048,1024,4096,1408,370.145,645.246,328.865,-0.1501
mixed,128,16,0.125,4.0,32,2048,2048,8192,2816,540.031,1005.983,479.004,-0.131
mixed,128,16,0.125,4.0,32,2048,4096,16384,5632,785.923,1749.504,775.906,-0.0104
mixed,128,16,0.125,4.0,32,4096,128,512,176,208.48,249.314,210.336,0.0455
mixed,128,16,0.125,4.0,32,4096,256,1024,352,226.912,313.727,232.478,0.0641
mixed,128,16,0.125,4.0,32,4096,512,2048,704,269.089,459.072,258.177,-0.0574
mixed,128,16,0.125,4.0,32,4096,1024,4096,1408,370.623,725.12,333.058,-0.106
mixed,128,16,0.125,4.0,32,4096,2048,8192,2816,537.888,1110.59,477.793,-0.1049
mixed,128,16,0.125,4.0,32,4096,4096,16384,5632,877.443,1841.859,772.094,-0.1092
mixed,128,16,0.125,4.0,32,8192,128,512,176,224.992,248.479,225.218,0.0096
mixed,128,16,0.125,4.0,32,8192,256,1024,352,361.733,315.648,240.48,
mixed,128,16,0.125,4.0,32,8192,512,2048,704,274.338,444.319,278.562,0.0248
mixed,128,16,0.125,4.0,32,8192,1024,4096,1408,359.394,707.617,331.68,-0.0796
mixed,128,16,0.125,4.0,32,8192,2048,8192,2816,539.582,1269.344,483.391,-0.077
mixed,128,16,0.125,4.0,32,8192,4096,16384,5632,861.728,2007.011,764.961,-0.0845
mixed,128,16,0.125,4.0,64,0,128,512,176,182.879,239.071,200.642,0.3161
mixed,128,16,0.125,4.0,64,0,256,1024,352,219.679,274.208,230.623,0.2007
mixed,128,16,0.125,4.0,64,0,512,2048,704,249.692,371.298,266.405,0.1374
mixed,128,16,0.125,4.0,64,0,1024,4096,1408,313.984,567.904,342.882,0.1138
mixed,128,16,0.125,4.0,64,0,2048,8192,2816,445.44,950.467,498.209,0.1045
mixed,128,16,0.125,4.0,64,0,4096,16384,5632,711.809,1704.387,797.375,0.0862
mixed,128,16,0.125,4.0,64,512,128,512,176,210.05,254.98,213.664,0.0804
mixed,128,16,0.125,4.0,64,512,256,1024,352,242.817,305.15,223.969,-0.3024
mixed,128,16,0.125,4.0,64,512,512,2048,704,281.793,403.553,260.416,-0.1756
mixed,128,16,0.125,4.0,64,512,1024,4096,1408,349.25,579.135,330.59,-0.0812
mixed,128,16,0.125,4.0,64,512,2048,8192,2816,464.194,948.258,486.048,0.0451
mixed,128,16,0.125,4.0,64,512,4096,16384,5632,705.794,1709.73,795.077,0.0889
mixed,128,16,0.125,4.0,64,1024,128,512,176,204.829,256.992,217.024,0.2338
mixed,128,16,0.125,4.0,64,1024,256,1024,352,233.343,318.72,227.232,-0.0716
mixed,128,16,0.125,4.0,64,1024,512,2048,704,284.0,420.0,264.32,-0.1447
mixed,128,16,0.125,4.0,64,1024,1024,4096,1408,368.065,607.169,331.968,-0.151
mixed,128,16,0.125,4.0,64,1024,2048,8192,2816,488.319,975.458,481.887,-0.0132
mixed,128,16,0.125,4.0,64,1024,4096,16384,5632,724.323,1708.002,787.203,0.0639
mixed,128,16,0.125,4.0,64,2048,128,512,176,233.888,251.074,221.95,-0.6946
mixed,128,16,0.125,4.0,64,2048,256,1024,352,232.447,322.979,238.433,0.0661
mixed,128,16,0.125,4.0,64,2048,512,2048,704,283.233,449.314,265.952,-0.1041
mixed,128,16,0.125,4.0,64,2048,1024,4096,1408,368.639,639.618,337.408,-0.1153
mixed,128,16,0.125,4.0,64,2048,2048,8192,2816,529.313,1003.039,474.401,-0.1159
mixed,128,16,0.125,4.0,64,2048,4096,16384,5632,777.154,1706.08,764.803,-0.0133
mixed,128,16,0.125,4.0,64,4096,128,512,176,244.062,255.711,228.769,-1.3128
mixed,128,16,0.125,4.0,64,4096,256,1024,352,259.902,316.065,256.032,-0.0689
mixed,128,16,0.125,4.0,64,4096,512,2048,704,273.921,452.351,285.087,0.0626
mixed,128,16,0.125,4.0,64,4096,1024,4096,1408,365.635,705.281,333.283,-0.0953
mixed,128,16,0.125,4.0,64,4096,2048,8192,2816,535.905,1077.857,485.247,-0.0935
mixed,128,16,0.125,4.0,64,4096,4096,16384,5632,852.577,1785.219,740.995,-0.1196
mixed,128,16,0.125,4.0,64,8192,128,512,176,273.245,289.248,261.696,-0.7217
mixed,128,16,0.125,4.0,64,8192,256,1024,352,291.105,317.695,282.692,-0.3164
mixed,128,16,0.125,4.0,64,8192,512,2048,704,325.248,436.862,312.289,-0.1161
mixed,128,16,0.125,4.0,64,8192,1024,4096,1408,362.207,698.981,371.33,0.0271
mixed,128,16,0.125,4.0,64,8192,2048,8192,2816,541.057,1216.958,467.578,-0.1087
mixed,128,16,0.125,4.0,64,8192,4096,16384,5632,873.216,1955.299,764.033,-0.1009
mixed,128,16,0.125,4.0,128,0,128,512,176,191.805,246.687,206.462,0.2671
mixed,128,16,0.125,4.0,128,0,256,1024,352,226.301,289.729,234.878,0.1352
mixed,128,16,0.125,4.0,128,0,512,2048,704,262.973,381.472,271.361,0.0708
mixed,128,16,0.125,4.0,128,0,1024,4096,1408,320.033,576.097,347.97,0.1091
mixed,128,16,0.125,4.0,128,0,2048,8192,2816,455.584,959.232,501.245,0.0907
mixed,128,16,0.125,4.0,128,0,4096,16384,5632,720.641,1719.616,805.026,0.0845
mixed,128,16,0.125,4.0,128,512,128,512,176,217.092,254.082,224.894,0.2109
mixed,128,16,0.125,4.0,128,512,256,1024,352,231.872,310.59,222.399,-0.1203
mixed,128,16,0.125,4.0,128,512,512,2048,704,280.128,414.721,263.933,-0.1203
mixed,128,16,0.125,4.0,128,512,1024,4096,1408,352.323,603.521,335.49,-0.067
mixed,128,16,0.125,4.0,128,512,2048,8192,2816,484.032,982.047,493.985,0.02
mixed,128,16,0.125,4.0,128,512,4096,16384,5632,744.162,1749.573,802.24,0.0578
mixed,128,16,0.125,4.0,128,1024,128,512,176,237.569,266.464,234.43,-0.1086
mixed,128,16,0.125,4.0,128,1024,256,1024,352,241.693,323.104,246.817,0.0629
mixed,128,16,0.125,4.0,128,1024,512,2048,704,279.229,425.632,260.096,-0.1307
mixed,128,16,0.125,4.0,128,1024,1024,4096,1408,362.081,618.214,335.008,-0.1057
mixed,128,16,0.125,4.0,128,1024,2048,8192,2816,496.704,1003.104,728.161,0.4571
mixed,128,16,0.125,4.0,128,1024,4096,16384,5632,759.747,1764.1,807.778,0.0478
mixed,128,16,0.125,4.0,128,2048,128,512,176,248.447,265.664,249.438,0.0576
mixed,128,16,0.125,4.0,128,2048,256,1024,352,262.079,324.384,263.489,0.0226
mixed,128,16,0.125,4.0,128,2048,512,2048,704,284.833,448.577,290.69,0.0358
mixed,128,16,0.125,4.0,128,2048,1024,4096,1408,370.851,645.152,333.76,-0.1352
mixed,128,16,0.125,4.0,128,2048,2048,8192,2816,527.682,1034.077,470.753,-0.1124
mixed,128,16,0.125,4.0,128,2048,4096,16384,5632,789.569,1798.018,780.898,-0.0086
mixed,128,16,0.125,4.0,128,4096,128,512,176,276.128,306.975,271.042,-0.1649
mixed,128,16,0.125,4.0,128,4096,256,1024,352,293.698,323.937,291.648,-0.0678
mixed,128,16,0.125,4.0,128,4096,512,2048,704,325.057,434.145,319.808,-0.0481
mixed,128,16,0.125,4.0,128,4096,1024,4096,1408,369.856,696.609,378.595,0.0267
mixed,128,16,0.125,4.0,128,4096,2048,8192,2816,538.339,1084.066,463.907,-0.1364
mixed,128,16,0.125,4.0,128,4096,4096,16384,5632,847.971,1857.507,743.36,-0.1036
mixed,128,16,0.125,4.0,128,8192,128,512,176,329.41,336.863,330.273,0.1158
mixed,128,16,0.125,4.0,128,8192,256,1024,352,348.739,406.272,362.334,0.2363
mixed,128,16,0.125,4.0,128,8192,512,2048,704,382.911,433.249,372.161,-0.2136
mixed,128,16,0.125,4.0,128,8192,1024,4096,1408,432.962,666.337,426.85,-0.0262
mixed,128,16,0.125,4.0,128,8192,2048,8192,2816,517.89,1189.188,543.133,0.0376
mixed,128,16,0.125,4.0,128,8192,4096,16384,5632,881.375,1969.699,726.722,-0.1421
mixed,128,16,0.125,4.0,256,0,128,512,176,220.257,278.08,244.226,0.4145
mixed,128,16,0.125,4.0,256,0,256,1024,352,263.934,326.016,261.378,-0.0412
mixed,128,16,0.125,4.0,256,0,512,2048,704,299.426,416.641,302.689,0.0278
mixed,128,16,0.125,4.0,256,0,1024,4096,1408,359.489,612.094,377.025,0.0694
mixed,128,16,0.125,4.0,256,0,2048,8192,2816,485.823,1003.299,523.01,0.0719
mixed,128,16,0.125,4.0,256,0,4096,16384,5632,761.826,1763.106,823.296,0.0614
mixed,128,16,0.125,4.0,256,512,128,512,176,275.199,281.856,279.329,0.6204
mixed,128,16,0.125,4.0,256,512,256,1024,352,259.297,335.234,264.449,0.0678
mixed,128,16,0.125,4.0,256,512,512,2048,704,300.993,431.232,290.913,-0.0774
mixed,128,16,0.125,4.0,256,512,1024,4096,1408,375.681,626.401,370.657,-0.02
mixed,128,16,0.125,4.0,256,512,2048,8192,2816,502.785,1005.38,514.911,0.0241
mixed,128,16,0.125,4.0,256,512,4096,16384,5632,772.769,1773.666,817.505,0.0447
mixed,128,16,0.125,4.0,256,1024,128,512,176,287.328,284.799,293.792,
mixed,128,16,0.125,4.0,256,1024,256,1024,352,309.471,340.639,330.433,0.6725
mixed,128,16,0.125,4.0,256,1024,512,2048,704,307.745,447.489,311.585,0.0275
mixed,128,16,0.125,4.0,256,1024,1024,4096,1408,381.921,634.306,369.281,-0.0501
mixed,128,16,0.125,4.0,256,1024,2048,8192,2816,512.927,1021.312,514.304,0.0027
mixed,128,16,0.125,4.0,256,1024,4096,16384,5632,783.009,1784.58,812.704,0.0296
mixed,128,16,0.125,4.0,256,2048,128,512,176,311.905,352.991,316.509,0.1121
mixed,128,16,0.125,4.0,256,2048,256,1024,352,331.965,344.097,353.855,1.8043
mixed,128,16,0.125,4.0,256,2048,512,2048,704,373.728,469.665,389.248,0.1618
mixed,128,16,0.125,4.0,256,2048,1024,4096,1408,391.135,658.017,398.624,0.0281
mixed,128,16,0.125,4.0,256,2048,2048,8192,2816,538.756,1037.41,507.87,-0.0619
mixed,128,16,0.125,4.0,256,2048,4096,16384,5632,802.082,1799.94,801.793,-0.0003
mixed,128,16,0.125,4.0,256,4096,128,512,176,362.145,402.368,359.873,-0.0565
mixed,128,16,0.125,4.0,256,4096,256,1024,352,384.033,448.926,406.111,0.3402
mixed,128,16,0.125,4.0,256,4096,512,2048,704,418.783,470.336,472.288,1.0379
mixed,128,16,0.125,4.0,256,4096,1024,4096,1408,485.375,722.4,512.863,0.116
mixed,128,16,0.125,4.0,256,4096,2048,8192,2816,560.576,1094.915,566.85,0.0117
mixed,128,16,0.125,4.0,256,4096,4096,16384,5632,855.36,1852.835,802.657,-0.0528
mixed,128,16,0.125,4.0,256,8192,128,512,176,467.617,504.927,466.495,-0.0301
mixed,128,16,0.125,4.0,256,8192,256,1024,352,487.617,557.826,482.53,-0.0725
mixed,128,16,0.125,4.0,256,8192,512,2048,704,523.712,645.379,582.626,0.4842
mixed,128,16,0.125,4.0,256,8192,1024,4096,1408,587.617,713.124,708.162,0.9605
mixed,128,16,0.125,4.0,256,8192,2048,8192,2816,722.367,1216.033,765.217,0.0868
mixed,128,16,0.125,4.0,256,8192,4096,16384,5632,897.345,1964.45,904.64,0.0068
mixed,128,16,0.125,4.0,512,0,128,512,176,290.627,327.169,282.112,-0.233
mixed,128,16,0.125,4.0,512,0,256,1024,352,316.158,373.569,306.144,-0.1744
mixed,128,16,0.125,4.0,512,0,512,2048,704,345.373,462.979,373.281,0.2373
mixed,128,16,0.125,4.0,512,0,1024,4096,1408,407.873,650.657,496.8,0.3663
mixed,128,16,0.125,4.0,512,0,2048,8192,2816,526.945,1036.418,754.785,0.4472
mixed,128,16,0.125,4.0,512,0,4096,16384,5632,787.938,1807.65,1249.315,0.4525
mixed,128,16,0.125,4.0,512,512,128,512,176,305.407,355.427,305.76,0.0071
mixed,128,16,0.125,4.0,512,512,256,1024,352,333.762,403.617,331.201,-0.0367
mixed,128,16,0.125,4.0,512,512,512,2048,704,364.192,497.058,404.641,0.3044
mixed,128,16,0.125,4.0,512,512,1024,4096,1408,438.88,681.601,535.552,0.3983
mixed,128,16,0.125,4.0,512,512,2048,8192,2816,567.713,1063.137,784.705,0.438
mixed,128,16,0.125,4.0,512,512,4096,16384,5632,824.897,1824.74,1280.932,0.4561
mixed,128,16,0.125,4.0,512,1024,128,512,176,330.338,378.5,329.6,-0.0153
mixed,128,16,0.125,4.0,512,1024,256,1024,352,353.216,420.321,363.136,0.1478
mixed,128,16,0.125,4.0,512,1024,512,2048,704,392.031,519.871,432.543,0.3169
mixed,128,16,0.125,4.0,512,1024,1024,4096,1408,455.202,708.322,560.16,0.4147
mixed,128,16,0.125,4.0,512,1024,2048,8192,2816,588.261,1085.603,802.052,0.4299
mixed,128,16,0.125,4.0,512,1024,4096,16384,5632,848.417,1850.179,1296.26,0.4471
mixed,128,16,0.125,4.0,512,2048,128,512,176,378.945,425.345,379.392,0.0096
mixed,128,16,0.125,4.0,512,2048,256,1024,352,402.689,469.603,414.048,0.1698
mixed,128,16,0.125,4.0,512,2048,512,2048,704,439.36,564.131,479.907,0.325
mixed,128,16,0.125,4.0,512,2048,1024,4096,1408,508.511,752.321,602.658,0.3861
mixed,128,16,0.125,4.0,512,2048,2048,8192,2816,640.065,1133.154,853.665,0.4332
mixed,128,16,0.125,4.0,512,2048,4096,16384,5632,902.015,1890.308,1350.371,0.4537
mixed,128,16,0.125,4.0,512,4096,128,512,176,481.217,524.895,481.311,0.0022
mixed,128,16,0.125,4.0,512,4096,256,1024,352,501.633,569.28,496.096,-0.0819
mixed,128,16,0.125,4.0,512,4096,512,2048,704,537.504,667.204,580.387,0.3306
mixed,128,16,0.125,4.0,512,4096,1024,4096,1408,607.233,857.153,706.211,0.396
mixed,128,16,0.125,4.0,512,4096,2048,8192,2816,734.978,1231.745,958.564,0.4501
mixed,128,16,0.125,4.0,512,4096,4096,16384,5632,996.929,1998.406,1453.602,0.456
mixed,128,16,0.125,4.0,512,8192,128,512,176,676.898,710.883,672.895,-0.1178
mixed,128,16,0.125,4.0,512,8192,256,1024,352,695.872,759.776,689.409,-0.1011
mixed,128,16,0.125,4.0,512,8192,512,2048,704,729.345,861.06,732.642,0.025
mixed,128,16,0.125,4.0,512,8192,1024,4096,1408,799.168,1059.521,899.49,0.3853
mixed,128,16,0.125,4.0,512,8192,2048,8192,2816,930.018,1435.425,1144.642,0.4247
mixed,128,16,0.125,4.0,512,8192,4096,16384,5632,1193.795,2185.314,1639.651,0.4497
mixed,128,16,0.125,4.0,1024,0,128,512,176,447.616,490.306,439.557,-0.1888
mixed,128,16,0.125,4.0,1024,0,256,1024,352,472.287,535.618,481.247,0.1415
mixed,128,16,0.125,4.0,1024,0,512,2048,704,510.82,631.234,529.277,0.1533
mixed,128,16,0.125,4.0,1024,0,1024,4096,1408,574.017,823.492,601.44,0.1099
mixed,128,16,0.125,4.0,1024,0,2048,8192,2816,693.985,1210.945,755.361,0.1187
mixed,128,16,0.125,4.0,1024,0,4096,16384,5632,976.962,2014.279,1046.305,0.0668
mixed,128,16,0.125,4.0,1024,512,128,512,176,597.407,654.791,615.393,0.3134
mixed,128,16,0.125,4.0,1024,512,256,1024,352,628.96,735.52,656.128,0.255
mixed,128,16,0.125,4.0,1024,512,512,2048,704,681.922,869.918,705.346,0.1246
mixed,128,16,0.125,4.0,1024,512,1024,4096,1408,784.767,1167.104,826.145,0.1082
mixed,128,16,0.125,4.0,1024,512,2048,8192,2816,972.099,1747.941,1057.056,0.1095
mixed,128,16,0.125,4.0,1024,512,4096,16384,5632,1386.112,2932.902,1530.272,0.0932
mixed,128,16,0.125,4.0,1024,1024,128,512,176,634.783,675.782,638.438,0.0891
mixed,128,16,0.125,4.0,1024,1024,256,1024,352,654.493,755.071,678.591,0.2396
mixed,128,16,0.125,4.0,1024,1024,512,2048,704,720.355,887.874,734.462,0.0842
mixed,128,16,0.125,4.0,1024,1024,1024,4096,1408,815.133,1187.751,852.545,0.1004
mixed,128,16,0.125,4.0,1024,1024,2048,8192,2816,1007.557,1775.361,1082.845,0.0981
mixed,128,16,0.125,4.0,1024,1024,4096,16384,5632,1417.732,2965.572,1544.451,0.0819
mixed,128,16,0.125,4.0,1024,2048,128,512,176,671.745,741.633,702.912,0.446
mixed,128,16,0.125,4.0,1024,2048,256,1024,352,719.812,803.522,742.881,0.2756
mixed,128,16,0.125,4.0,1024,2048,512,2048,704,755.521,955.135,792.867,0.1871
mixed,128,16,0.125,4.0,1024,2048,1024,4096,1408,867.681,1239.042,901.439,0.0909
mixed,128,16,0.125,4.0,1024,2048,2048,8192,2816,1059.393,1828.963,1135.554,0.099
mixed,128,16,0.125,4.0,1024,2048,4096,16384,5632,1462.18,2993.479,1600.515,0.0903
mixed,128,16,0.125,4.0,1024,4096,128,512,176,789.09,833.823,814.466,0.5673
mixed,128,16,0.125,4.0,1024,4096,256,1024,352,823.298,926.207,834.302,0.1069
mixed,128,16,0.125,4.0,1024,4096,512,2048,704,875.266,1061.216,910.307,0.1884
mixed,128,16,0.125,4.0,1024,4096,1024,4096,1408,973.409,1351.011,1025.605,0.1382
mixed,128,16,0.125,4.0,1024,4096,2048,8192,2816,1158.271,1913.667,1235.838,0.1027
mixed,128,16,0.125,4.0,1024,4096,4096,16384,5632,1565.701,3065.192,1692.514,0.0846
mixed,128,16,0.125,4.0,1024,8192,128,512,176,1016.259,1065.507,1039.042,0.4626
mixed,128,16,0.125,4.0,1024,8192,256,1024,352,1043.398,1140.835,1062.564,0.1967
mixed,128,16,0.125,4.0,1024,8192,512,2048,704,1093.823,1294.915,1122.11,0.1407
mixed,128,16,0.125,4.0,1024,8192,1024,4096,1408,1208.418,1565.99,1233.216,0.0694
mixed,128,16,0.125,4.0,1024,8192,2048,8192,2816,1397.827,2138.372,1446.499,0.0657
mixed,128,16,0.125,4.0,1024,8192,4096,16384,5632,1787.333,3292.803,1918.949,0.0874
mixed,128,16,0.125,4.0,2048,0,128,512,176,709.532,753.186,732.034,0.5155
mixed,128,16,0.125,4.0,2048,0,256,1024,352,739.168,805.44,751.81,0.1908
mixed,128,16,0.125,4.0,2048,0,512,2048,704,779.076,901.795,796.128,0.139
mixed,128,16,0.125,4.0,2048,0,1024,4096,1408,837.089,1090.302,870.53,0.1321
mixed,128,16,0.125,4.0,2048,0,2048,8192,2816,969.765,1484.098,1013.378,0.0848
mixed,128,16,0.125,4.0,2048,0,4096,16384,5632,1242.818,2269.989,1333.798,0.0886
mixed,128,16,0.125,4.0,2048,512,128,512,176,946.37,998.595,960.704,0.2745
mixed,128,16,0.125,4.0,2048,512,256,1024,352,983.2,1077.665,998.657,0.1636
mixed,128,16,0.125,4.0,2048,512,512,2048,704,1022.81,1215.682,1051.363,0.148
mixed,128,16,0.125,4.0,2048,512,1024,4096,1408,1133.537,1501.35,1171.874,0.1042
mixed,128,16,0.125,4.0,2048,512,2048,8192,2816,1321.247,2092.738,1402.658,0.1055
mixed,128,16,0.125,4.0,2048,512,4096,16384,5632,1724.711,3266.532,1857.762,0.0863
mixed,128,16,0.125,4.0,2048,1024,128,512,176,979.136,1040.291,1003.461,0.3978
mixed,128,16,0.125,4.0,2048,1024,256,1024,352,1015.519,1115.365,1048.515,0.3305
mixed,128,16,0.125,4.0,2048,1024,512,2048,704,1066.275,1257.664,1103.269,0.1933
mixed,128,16,0.125,4.0,2048,1024,1024,4096,1408,1173.186,1539.264,1204.38,0.0852
mixed,128,16,0.125,4.0,2048,1024,2048,8192,2816,1359.235,2139.077,1436.064,0.0985
mixed,128,16,0.125,4.0,2048,1024,4096,16384,5632,1771.973,3308.901,1890.377,0.077
mixed,128,16,0.125,4.0,2048,2048,128,512,176,1058.147,1111.971,1080.898,0.4227
mixed,128,16,0.125,4.0,2048,2048,256,1024,352,1081.985,1192.515,1108.386,0.2389
mixed,128,16,0.125,4.0,2048,2048,512,2048,704,1145.383,1336.835,1172.58,0.1421
mixed,128,16,0.125,4.0,2048,2048,1024,4096,1408,1243.204,1617.056,1281.922,0.1036
mixed,128,16,0.125,4.0,2048,2048,2048,8192,2816,1432.583,2196.416,1511.008,0.1027
mixed,128,16,0.125,4.0,2048,2048,4096,16384,5632,1847.14,3360.933,1974.5,0.0841
mixed,128,16,0.125,4.0,2048,4096,128,512,176,1223.425,1294.115,1251.778,0.4011
mixed,128,16,0.125,4.0,2048,4096,256,1024,352,1268.705,1363.584,1286.884,0.1916
mixed,128,16,0.125,4.0,2048,4096,512,2048,704,1318.693,1507.365,1352.259,0.1779
mixed,128,16,0.125,4.0,2048,4096,1024,4096,1408,1410.433,1785.409,1460.385,0.1332
mixed,128,16,0.125,4.0,2048,4096,2048,8192,2816,1611.074,2359.106,1685.282,0.0992
mixed,128,16,0.125,4.0,2048,4096,4096,16384,5632,2005.316,3494.978,2137.256,0.0886
mixed,128,16,0.125,4.0,2048,8192,128,512,176,1536.768,1592.16,1570.662,0.6119
mixed,128,16,0.125,4.0,2048,8192,256,1024,352,1582.882,1671.747,1598.656,0.1775
mixed,128,16,0.125,4.0,2048,8192,512,2048,704,1626.877,1811.808,1656.416,0.1597
mixed,128,16,0.125,4.0,2048,8192,1024,4096,1408,1722.47,2090.882,1763.01,0.11
mixed,128,16,0.125,4.0,2048,8192,2048,8192,2816,1914.592,2668.522,1999.167,0.1122
mixed,128,16,0.125,4.0,2048,8192,4096,16384,5632,2315.683,3820.07,2450.947,0.0899
pure,128,32,0.25,4.0,0,0,128,512,224,159.458,204.483,184.513,0.5565
pure,128,32,0.25,4.0,0,0,256,1024,448,198.366,252.001,208.032,0.1802
pure,128,32,0.25,4.0,0,0,512,2048,896,241.409,347.712,260.704,0.1815
pure,128,32,0.25,4.0,0,0,1024,4096,1792,327.04,539.555,348.674,0.1018
pure,128,32,0.25,4.0,0,0,2048,8192,3584,493.408,917.026,535.232,0.0987
pure,128,32,0.25,4.0,0,0,4096,16384,7168,825.122,1683.329,901.121,0.0886
mixed,128,32,0.25,4.0,16,0,128,512,224,175.07,218.558,197.345,0.5122
mixed,128,32,0.25,4.0,16,0,256,1024,448,210.337,263.139,223.903,0.2569
mixed,128,32,0.25,4.0,16,0,512,2048,896,256.448,362.944,269.505,0.1226
mixed,128,32,0.25,4.0,16,0,1024,4096,1792,338.465,554.592,363.331,0.1151
mixed,128,32,0.25,4.0,16,0,2048,8192,3584,504.895,933.408,544.258,0.0919
mixed,128,32,0.25,4.0,16,0,4096,16384,7168,834.273,1691.842,910.401,0.0888
mixed,128,32,0.25,4.0,16,512,128,512,224,205.026,218.144,197.856,-0.5466
mixed,128,32,0.25,4.0,16,512,256,1024,448,209.119,266.271,218.88,0.1708
mixed,128,32,0.25,4.0,16,512,512,2048,896,255.965,365.025,265.44,0.0869
mixed,128,32,0.25,4.0,16,512,1024,4096,1792,339.039,552.672,359.519,0.0959
mixed,128,32,0.25,4.0,16,512,2048,8192,3584,507.075,937.152,539.586,0.0756
mixed,128,32,0.25,4.0,16,512,4096,16384,7168,842.496,1694.977,905.89,0.0744
mixed,128,32,0.25,4.0,16,1024,128,512,224,209.953,251.101,198.239,-0.2847
mixed,128,32,0.25,4.0,16,1024,256,1024,448,240.192,268.479,220.768,-0.6867
mixed,128,32,0.25,4.0,16,1024,512,2048,896,255.746,367.745,267.167,0.102
mixed,128,32,0.25,4.0,16,1024,1024,4096,1792,337.508,552.863,359.36,0.1015
mixed,128,32,0.25,4.0,16,1024,2048,8192,3584,505.057,935.105,539.427,0.0799
mixed,128,32,0.25,4.0,16,1024,4096,16384,7168,843.556,1699.011,909.508,0.0771
mixed,128,32,0.25,4.0,16,2048,128,512,224,210.432,248.96,211.068,0.0165
mixed,128,32,0.25,4.0,16,2048,256,1024,448,244.927,326.109,227.935,-0.2093
mixed,128,32,0.25,4.0,16,2048,512,2048,896,303.939,360.286,268.095,-0.6361
mixed,128,32,0.25,4.0,16,2048,1024,4096,1792,346.816,555.522,349.567,0.0132
mixed,128,32,0.25,4.0,16,2048,2048,8192,3584,506.977,935.905,538.657,0.0739
mixed,128,32,0.25,4.0,16,2048,4096,16384,7168,842.658,1693.602,906.303,0.0748
mixed,128,32,0.25,4.0,16,4096,128,512,224,210.049,249.376,214.368,0.1098
mixed,128,32,0.25,4.0,16,4096,256,1024,448,240.001,324.324,237.024,-0.0353
mixed,128,32,0.25,4.0,16,4096,512,2048,896,307.455,465.219,274.177,-0.2109
mixed,128,32,0.25,4.0,16,4096,1024,4096,1792,423.423,556.384,354.047,-0.5218
mixed,128,32,0.25,4.0,16,4096,2048,8192,3584,623.455,942.114,533.121,-0.2835
mixed,128,32,0.25,4.0,16,4096,4096,16384,7168,840.806,1697.027,896.13,0.0646
mixed,128,32,0.25,4.0,16,8192,128,512,224,212.224,253.667,217.375,0.1243
mixed,128,32,0.25,4.0,16,8192,256,1024,448,240.45,320.83,240.16,-0.0036
mixed,128,32,0.25,4.0,16,8192,512,2048,896,300.545,456.481,292.735,-0.0501
mixed,128,32,0.25,4.0,16,8192,1024,4096,1792,416.033,726.721,363.46,-0.1692
mixed,128,32,0.25,4.0,16,8192,2048,8192,3584,663.04,937.472,526.335,-0.4981
mixed,128,32,0.25,4.0,16,8192,4096,16384,7168,1032.766,1703.299,894.179,-0.2067
mixed,128,32,0.25,4.0,32,0,128,512,224,177.026,218.623,197.887,0.5015
mixed,128,32,0.25,4.0,32,0,256,1024,448,213.44,266.494,221.184,0.146
mixed,128,32,0.25,4.0,32,0,512,2048,896,256.702,368.032,265.441,0.0785
mixed,128,32,0.25,4.0,32,0,1024,4096,1792,342.398,553.888,359.869,0.0826
mixed,128,32,0.25,4.0,32,0,2048,8192,3584,507.778,934.689,545.41,0.0881
mixed,128,32,0.25,4.0,32,0,4096,16384,7168,842.048,1696.932,910.049,0.0795
mixed,128,32,0.25,4.0,32,512,128,512,224,212.638,248.161,202.723,-0.2791
mixed,128,32,0.25,4.0,32,512,256,1024,448,241.213,312.096,218.592,-0.3191
mixed,128,32,0.25,4.0,32,512,512,2048,896,296.64,406.466,264.8,-0.2899
mixed,128,32,0.25,4.0,32,512,1024,4096,1792,384.768,591.424,359.936,-0.1202
mixed,128,32,0.25,4.0,32,512,2048,8192,3584,544.767,950.562,541.602,-0.0078
mixed,128,32,0.25,4.0,32,512,4096,16384,7168,853.537,1698.819,903.841,0.0595
mixed,128,32,0.25,4.0,32,1024,128,512,224,209.664,253.441,213.253,0.082
mixed,128,32,0.25,4.0,32,1024,256,1024,448,246.022,322.145,224.993,-0.2763
mixed,128,32,0.25,4.0,32,1024,512,2048,896,303.617,430.464,263.935,-0.3128
mixed,128,32,0.25,4.0,32,1024,1024,4096,1792,408.193,613.28,354.785,-0.2604
mixed,128,32,0.25,4.0,32,1024,2048,8192,3584,561.474,973.474,535.552,-0.0629
mixed,128,32,0.25,4.0,32,1024,4096,16384,7168,889.664,1703.168,902.884,0.0163
mixed,128,32,0.25,4.0,32,2048,128,512,224,208.768,248.192,214.242,0.1388
mixed,128,32,0.25,4.0,32,2048,256,1024,448,238.782,329.183,235.36,-0.0379
mixed,128,32,0.25,4.0,32,2048,512,2048,896,302.241,458.791,273.472,-0.1838
mixed,128,32,0.25,4.0,32,2048,1024,4096,1792,421.469,653.57,352.289,-0.2981
mixed,128,32,0.25,4.0,32,2048,2048,8192,3584,609.279,1013.696,535.23,-0.1831
mixed,128,32,0.25,4.0,32,2048,4096,16384,7168,926.754,1750.373,898.049,-0.0349
mixed,128,32,0.25,4.0,32,4096,128,512,224,211.585,246.468,217.181,0.1604
mixed,128,32,0.25,4.0,32,4096,256,1024,448,236.704,313.119,240.285,0.0469
mixed,128,32,0.25,4.0,32,4096,512,2048,896,302.977,457.922,287.555,-0.0995
mixed,128,32,0.25,4.0,32,4096,1024,4096,1792,422.018,728.703,361.855,-0.1962
mixed,128,32,0.25,4.0,32,4096,2048,8192,3584,660.099,1102.977,519.812,-0.3168
mixed,128,32,0.25,4.0,32,4096,4096,16384,7168,1013.089,1833.793,885.921,-0.1549
mixed,128,32,0.25,4.0,32,8192,128,512,224,228.896,251.038,232.736,0.1734
mixed,128,32,0.25,4.0,32,8192,256,1024,448,240.833,317.566,241.694,0.0112
mixed,128,32,0.25,4.0,32,8192,512,2048,896,294.686,442.686,299.074,0.0296
mixed,128,32,0.25,4.0,32,8192,1024,4096,1792,408.897,722.849,389.794,-0.0608
mixed,128,32,0.25,4.0,32,8192,2048,8192,3584,651.745,1263.97,534.274,-0.1919
mixed,128,32,0.25,4.0,32,8192,4096,16384,7168,1130.626,1996.934,875.553,-0.2944
mixed,128,32,0.25,4.0,64,0,128,512,224,189.856,236.512,204.32,0.31
mixed,128,32,0.25,4.0,64,0,256,1024,448,228.767,278.079,230.017,0.0253
mixed,128,32,0.25,4.0,64,0,512,2048,896,268.961,373.346,275.33,0.061
mixed,128,32,0.25,4.0,64,0,1024,4096,1792,353.412,563.138,362.498,0.0433
mixed,128,32,0.25,4.0,64,0,2048,8192,3584,518.464,942.657,549.153,0.0723
mixed,128,32,0.25,4.0,64,0,4096,16384,7168,849.058,1701.826,906.594,0.0675
mixed,128,32,0.25,4.0,64,512,128,512,224,221.825,253.054,219.264,-0.082
mixed,128,32,0.25,4.0,64,512,256,1024,448,243.075,309.791,228.098,-0.2245
mixed,128,32,0.25,4.0,64,512,512,2048,896,300.864,399.552,269.504,-0.3178
mixed,128,32,0.25,4.0,64,512,1024,4096,1792,380.707,582.623,359.842,-0.1033
mixed,128,32,0.25,4.0,64,512,2048,8192,3584,534.176,946.304,546.848,0.0307
mixed,128,32,0.25,4.0,64,512,4096,16384,7168,862.754,1714.146,894.465,0.0372
mixed,128,32,0.25,4.0,64,1024,128,512,224,217.888,259.457,218.945,0.0254
mixed,128,32,0.25,4.0,64,1024,256,1024,448,246.046,322.628,245.533,-0.0067
mixed,128,32,0.25,4.0,64,1024,512,2048,896,303.713,429.759,277.698,-0.2064
mixed,128,32,0.25,4.0,64,1024,1024,4096,1792,398.113,596.865,360.512,-0.1892
mixed,128,32,0.25,4.0,64,1024,2048,8192,3584,554.783,964.802,541.054,-0.0335
mixed,128,32,0.25,4.0,64,1024,4096,16384,7168,851.166,1709.377,896.835,0.0532
mixed,128,32,0.25,4.0,64,2048,128,512,224,215.649,257.38,224.703,0.217
mixed,128,32,0.25,4.0,64,2048,256,1024,448,244.255,322.275,247.776,0.0451
mixed,128,32,0.25,4.0,64,2048,512,2048,896,307.2,449.536,294.4,-0.0899
mixed,128,32,0.25,4.0,64,2048,1024,4096,1792,418.623,637.953,360.161,-0.2665
mixed,128,32,0.25,4.0,64,2048,2048,8192,3584,595.105,997.793,525.509,-0.1728
mixed,128,32,0.25,4.0,64,2048,4096,16384,7168,1368.803,1697.474,893.665,-1.4456
mixed,128,32,0.25,4.0,64,4096,128,512,224,237.283,260.225,248.096,0.4713
mixed,128,32,0.25,4.0,64,4096,256,1024,448,245.058,312.735,251.485,0.095
mixed,128,32,0.25,4.0,64,4096,512,2048,896,304.448,447.296,297.057,-0.0517
mixed,128,32,0.25,4.0,64,4096,1024,4096,1792,420.032,706.657,401.279,-0.0654
mixed,128,32,0.25,4.0,64,4096,2048,8192,3584,645.922,1087.201,532.898,-0.2561
mixed,128,32,0.25,4.0,64,4096,4096,16384,7168,982.019,1769.155,852.799,-0.1642
mixed,128,32,0.25,4.0,64,8192,128,512,224,261.794,286.113,265.247,0.142
mixed,128,32,0.25,4.0,64,8192,256,1024,448,273.183,314.402,275.582,0.0582
mixed,128,32,0.25,4.0,64,8192,512,2048,896,311.103,438.593,303.521,-0.0595
mixed,128,32,0.25,4.0,64,8192,1024,4096,1792,407.841,691.166,386.658,-0.0748
mixed,128,32,0.25,4.0,64,8192,2048,8192,3584,631.296,1217.761,592.13,-0.0668
mixed,128,32,0.25,4.0,64,8192,4096,16384,7168,1081.282,1968.196,876.67,-0.2307
mixed,128,32,0.25,4.0,128,0,128,512,224,197.342,245.792,210.876,0.2793
mixed,128,32,0.25,4.0,128,0,256,1024,448,235.008,290.881,237.185,0.039
mixed,128,32,0.25,4.0,128,0,512,2048,896,278.59,379.009,280.64,0.0204
mixed,128,32,0.25,4.0,128,0,1024,4096,1792,357.087,575.81,375.392,0.0837
mixed,128,32,0.25,4.0,128,0,2048,8192,3584,528.863,958.334,555.778,0.0627
mixed,128,32,0.25,4.0,128,0,4096,16384,7168,860.42,1719.878,911.042,0.0589
mixed,128,32,0.25,4.0,128,512,128,512,224,232.415,255.583,226.975,-0.2348
mixed,128,32,0.25,4.0,128,512,256,1024,448,246.624,311.424,242.848,-0.0583
mixed,128,32,0.25,4.0,128,512,512,2048,896,296.097,411.839,278.596,-0.1512
mixed,128,32,0.25,4.0,128,512,1024,4096,1792,389.058,601.633,368.321,-0.0976
mixed,128,32,0.25,4.0,128,512,2048,8192,3584,555.427,985.219,545.025,-0.0242
mixed,128,32,0.25,4.0,128,512,4096,16384,7168,893.246,1742.847,898.051,0.0057
mixed,128,32,0.25,4.0,128,1024,128,512,224,222.273,265.89,236.194,0.3192
mixed,128,32,0.25,4.0,128,1024,256,1024,448,257.086,320.96,254.495,-0.0406
mixed,128,32,0.25,4.0,128,1024,512,2048,896,304.13,425.855,292.803,-0.0931
mixed,128,32,0.25,4.0,128,1024,1024,4096,1792,402.081,616.351,365.598,-0.1703
mixed,128,32,0.25,4.0,128,1024,2048,8192,3584,569.631,1000.227,535.104,-0.0802
mixed,128,32,0.25,4.0,128,1024,4096,16384,7168,907.584,1764.578,895.876,-0.0137
mixed,128,32,0.25,4.0,128,2048,128,512,224,248.834,263.904,248.224,-0.0405
mixed,128,32,0.25,4.0,128,2048,256,1024,448,252.288,324.353,255.426,0.0435
mixed,128,32,0.25,4.0,128,2048,512,2048,896,309.183,445.473,307.134,-0.015
mixed,128,32,0.25,4.0,128,2048,1024,4096,1792,414.079,639.967,393.632,-0.0905
mixed,128,32,0.25,4.0,128,2048,2048,8192,3584,594.432,1029.954,527.842,-0.1529
mixed,128,32,0.25,4.0,128,2048,4096,16384,7168,932.61,1797.475,863.52,-0.0799
mixed,128,32,0.25,4.0,128,4096,128,512,224,265.025,309.727,267.648,0.0587
mixed,128,32,0.25,4.0,128,4096,256,1024,448,303.328,320.769,293.824,-0.5449
mixed,128,32,0.25,4.0,128,4096,512,2048,896,304.384,433.442,304.159,-0.0017
mixed,128,32,0.25,4.0,128,4096,1024,4096,1792,410.045,694.722,393.794,-0.0571
mixed,128,32,0.25,4.0,128,4096,2048,8192,3584,631.619,1084.577,593.186,-0.0848
mixed,128,32,0.25,4.0,128,4096,4096,16384,7168,992.609,1852.065,867.01,-0.1461
mixed,128,32,0.25,4.0,128,8192,128,512,224,334.145,337.759,334.335,0.0526
mixed,128,32,0.25,4.0,128,8192,256,1024,448,340.065,405.699,341.438,0.0209
mixed,128,32,0.25,4.0,128,8192,512,2048,896,398.847,433.604,377.089,-0.626
mixed,128,32,0.25,4.0,128,8192,1024,4096,1792,421.184,665.377,416.287,-0.0201
mixed,128,32,0.25,4.0,128,8192,2048,8192,3584,603.361,1190.946,573.026,-0.0516
mixed,128,32,0.25,4.0,128,8192,4096,16384,7168,1068.097,1969.892,988.197,-0.0886
mixed,128,32,0.25,4.0,256,0,128,512,224,228.612,281.345,246.977,0.3483
mixed,128,32,0.25,4.0,256,0,256,1024,448,272.416,326.786,267.041,-0.0989
mixed,128,32,0.25,4.0,256,0,512,2048,896,315.81,416.415,317.183,0.0136
mixed,128,32,0.25,4.0,256,0,1024,4096,1792,392.898,609.023,402.688,0.0453
mixed,128,32,0.25,4.0,256,0,2048,8192,3584,559.46,999.747,566.402,0.0158
mixed,128,32,0.25,4.0,256,0,4096,16384,7168,907.809,1769.766,908.063,0.0003
mixed,128,32,0.25,4.0,256,512,128,512,224,279.488,282.019,249.983,-11.6574
mixed,128,32,0.25,4.0,256,512,256,1024,448,272.573,332.45,269.38,-0.0533
mixed,128,32,0.25,4.0,256,512,512,2048,896,317.344,430.172,326.336,0.0797
mixed,128,32,0.25,4.0,256,512,1024,4096,1792,406.656,624.671,422.974,0.0748
mixed,128,32,0.25,4.0,256,512,2048,8192,3584,581.471,1010.69,588.447,0.0163
mixed,128,32,0.25,4.0,256,512,4096,16384,7168,905.826,1771.392,921.73,0.0184
mixed,128,32,0.25,4.0,256,1024,128,512,224,293.248,282.437,299.427,
mixed,128,32,0.25,4.0,256,1024,256,1024,448,272.097,343.808,272.609,0.0071
mixed,128,32,0.25,4.0,256,1024,512,2048,896,330.817,442.911,319.038,-0.1051
mixed,128,32,0.25,4.0,256,1024,1024,4096,1792,419.744,635.297,431.489,0.0545
mixed,128,32,0.25,4.0,256,1024,2048,8192,3584,585.725,1019.429,610.626,0.0574
mixed,128,32,0.25,4.0,256,1024,4096,16384,7168,922.975,1787.588,931.744,0.0101
mixed,128,32,0.25,4.0,256,2048,128,512,224,317.404,353.409,321.889,0.1246
mixed,128,32,0.25,4.0,256,2048,256,1024,448,346.305,346.719,361.762,37.3357
mixed,128,32,0.25,4.0,256,2048,512,2048,896,321.985,471.201,323.873,0.0127
mixed,128,32,0.25,4.0,256,2048,1024,4096,1792,428.897,661.056,418.495,-0.0448
mixed,128,32,0.25,4.0,256,2048,2048,8192,3584,612.992,1043.651,639.523,0.0616
mixed,128,32,0.25,4.0,256,2048,4096,16384,7168,947.262,2711.778,975.522,0.016
mixed,128,32,0.25,4.0,256,4096,128,512,224,368.864,400.16,372.513,0.1166
mixed,128,32,0.25,4.0,256,4096,256,1024,448,394.273,449.156,409.793,0.2828
mixed,128,32,0.25,4.0,256,4096,512,2048,896,437.314,467.681,480.832,1.4331
mixed,128,32,0.25,4.0,256,4096,1024,4096,1792,435.394,723.266,444.449,0.0315
mixed,128,32,0.25,4.0,256,4096,2048,8192,3584,660.511,1095.012,616.034,-0.1024
mixed,128,32,0.25,4.0,256,4096,4096,16384,7168,1504.193,1852.514,1059.424,-1.2769
mixed,128,32,0.25,4.0,256,8192,128,512,224,468.706,501.025,478.657,0.3079
mixed,128,32,0.25,4.0,256,8192,256,1024,448,496.29,554.881,513.535,0.2943
mixed,128,32,0.25,4.0,256,8192,512,2048,896,541.027,648.353,582.016,0.3819
mixed,128,32,0.25,4.0,256,8192,1024,4096,1792,626.849,711.585,711.361,0.9974
mixed,128,32,0.25,4.0,256,8192,2048,8192,3584,660.065,1218.723,676.447,0.0293
mixed,128,32,0.25,4.0,256,8192,4096,16384,7168,1120.516,1965.25,1001.375,-0.141
mixed,128,32,0.25,4.0,512,0,128,512,224,291.679,328.511,287.264,-0.1199
mixed,128,32,0.25,4.0,512,0,256,1024,448,324.415,372.384,311.455,-0.2702
mixed,128,32,0.25,4.0,512,0,512,2048,896,362.112,463.934,375.773,0.1342
mixed,128,32,0.25,4.0,512,0,1024,4096,1792,441.698,648.738,508.64,0.3233
mixed,128,32,0.25,4.0,512,0,2048,8192,3584,601.089,1032.291,752.256,0.3506
mixed,128,32,0.25,4.0,512,0,4096,16384,7168,927.361,1807.618,1254.049,0.3711
mixed,128,32,0.25,4.0,512,512,128,512,224,317.472,352.225,310.463,-0.2017
mixed,128,32,0.25,4.0,512,512,256,1024,448,340.702,401.315,338.241,-0.0406
mixed,128,32,0.25,4.0,512,512,512,2048,896,384.48,494.69,416.16,0.2875
mixed,128,32,0.25,4.0,512,512,1024,4096,1792,471.49,680.993,534.178,0.2992
mixed,128,32,0.25,4.0,512,512,2048,8192,3584,638.403,1065.439,786.082,0.3458
mixed,128,32,0.25,4.0,512,512,4096,16384,7168,970.851,1828.003,1296.451,0.3799
mixed,128,32,0.25,4.0,512,1024,128,512,224,338.752,378.466,335.521,-0.0814
mixed,128,32,0.25,4.0,512,1024,256,1024,448,369.503,425.345,364.995,-0.0807
mixed,128,32,0.25,4.0,512,1024,512,2048,896,417.087,521.828,441.06,0.2289
mixed,128,32,0.25,4.0,512,1024,1024,4096,1792,500.641,706.817,561.6,0.2957
mixed,128,32,0.25,4.0,512,1024,2048,8192,3584,658.947,1086.754,805.924,0.3436
mixed,128,32,0.25,4.0,512,1024,4096,16384,7168,991.042,1846.53,1318.593,0.3829
mixed,128,32,0.25,4.0,512,2048,128,512,224,382.944,417.952,383.745,0.0229
mixed,128,32,0.25,4.0,512,2048,256,1024,448,412.385,468.16,417.632,0.0941
mixed,128,32,0.25,4.0,512,2048,512,2048,896,452.481,561.218,483.456,0.2849
mixed,128,32,0.25,4.0,512,2048,1024,4096,1792,540.261,749.248,612.421,0.3453
mixed,128,32,0.25,4.0,512,2048,2048,8192,3584,708.546,1136.128,865.057,0.366
mixed,128,32,0.25,4.0,512,2048,4096,16384,7168,1040.544,1889.761,1365.571,0.3827
mixed,128,32,0.25,4.0,512,4096,128,512,224,485.955,520.479,483.648,-0.0668
mixed,128,32,0.25,4.0,512,4096,256,1024,448,511.521,570.496,521.79,0.1741
mixed,128,32,0.25,4.0,512,4096,512,2048,896,553.247,660.257,584.898,0.2958
mixed,128,32,0.25,4.0,512,4096,1024,4096,1792,637.761,855.809,707.618,0.3204
mixed,128,32,0.25,4.0,512,4096,2048,8192,3584,810.498,1224.547,959.777,0.3605
mixed,128,32,0.25,4.0,512,4096,4096,16384,7168,1133.696,1985.765,1466.112,0.3901
mixed,128,32,0.25,4.0,512,8192,128,512,224,673.218,708.833,679.682,0.1815
mixed,128,32,0.25,4.0,512,8192,256,1024,448,702.688,762.944,717.248,0.2416
mixed,128,32,0.25,4.0,512,8192,512,2048,896,750.433,854.69,785.666,0.3379
mixed,128,32,0.25,4.0,512,8192,1024,4096,1792,835.01,1048.64,907.139,0.3376
mixed,128,32,0.25,4.0,512,8192,2048,8192,3584,1004.192,1436.704,1153.186,0.3445
mixed,128,32,0.25,4.0,512,8192,4096,16384,7168,1338.881,2183.714,1663.521,0.3843
mixed,128,32,0.25,4.0,1024,0,128,512,224,442.051,491.713,463.807,0.4381
mixed,128,32,0.25,4.0,1024,0,256,1024,448,483.232,525.278,489.631,0.1522
mixed,128,32,0.25,4.0,1024,0,512,2048,896,527.04,631.813,538.24,0.1069
mixed,128,32,0.25,4.0,1024,0,1024,4096,1792,599.266,827.393,625.343,0.1143
mixed,128,32,0.25,4.0,1024,0,2048,8192,3584,777.251,1206.622,813.089,0.0835
mixed,128,32,0.25,4.0,1024,0,4096,16384,7168,1121.251,2000.353,1182.402,0.0696
mixed,128,32,0.25,4.0,1024,512,128,512,224,570.913,605.564,581.089,0.2937
mixed,128,32,0.25,4.0,1024,512,256,1024,448,596.353,649.856,607.874,0.2153
mixed,128,32,0.25,4.0,1024,512,512,2048,896,636.795,748.033,659.809,0.2069
mixed,128,32,0.25,4.0,1024,512,1024,4096,1792,720.891,937.918,738.62,0.0817
mixed,128,32,0.25,4.0,1024,512,2048,8192,3584,892.674,1339.2,927.522,0.078
mixed,128,32,0.25,4.0,1024,512,4096,16384,7168,1230.66,2109.475,1299.586,0.0784
mixed,128,32,0.25,4.0,1024,1024,128,512,224,581.38,628.866,612.996,0.6658
mixed,128,32,0.25,4.0,1024,1024,256,1024,448,623.17,683.522,624.543,0.0227
mixed,128,32,0.25,4.0,1024,1024,512,2048,896,664.766,773.284,670.109,0.0492
mixed,128,32,0.25,4.0,1024,1024,1024,4096,1792,748.064,961.183,782.53,0.1617
mixed,128,32,0.25,4.0,1024,1024,2048,8192,3584,917.919,1359.872,954.591,0.083
mixed,128,32,0.25,4.0,1024,1024,4096,16384,7168,1263.264,2142.848,1317.379,0.0615
mixed,128,32,0.25,4.0,1024,2048,128,512,224,648.099,683.519,655.456,0.2077
mixed,128,32,0.25,4.0,1024,2048,256,1024,448,678.94,736.83,673.251,-0.0983
mixed,128,32,0.25,4.0,1024,2048,512,2048,896,718.337,828.609,721.308,0.0269
mixed,128,32,0.25,4.0,1024,2048,1024,4096,1792,806.141,1020.226,828.285,0.1034
mixed,128,32,0.25,4.0,1024,2048,2048,8192,3584,973.984,1400.418,1014.018,0.0939
mixed,128,32,0.25,4.0,1024,2048,4096,16384,7168,1311.489,2168.767,1382.147,0.0824
mixed,128,32,0.25,4.0,1024,4096,128,512,224,764.094,796.452,768.258,0.1287
mixed,128,32,0.25,4.0,1024,4096,256,1024,448,777.437,845.762,795.104,0.2586
mixed,128,32,0.25,4.0,1024,4096,512,2048,896,817.35,929.856,851.329,0.302
mixed,128,32,0.25,4.0,1024,4096,1024,4096,1792,905.572,1124.639,924.833,0.0879
mixed,128,32,0.25,4.0,1024,4096,2048,8192,3584,1079.905,1507.205,1112.353,0.0759
mixed,128,32,0.25,4.0,1024,4096,4096,16384,7168,1420.832,2272.642,1483.835,0.074
mixed,128,32,0.25,4.0,1024,8192,128,512,224,984.163,1004.962,990.788,0.3185
mixed,128,32,0.25,4.0,1024,8192,256,1024,448,1002.275,1058.626,1018.144,0.2816
mixed,128,32,0.25,4.0,1024,8192,512,2048,896,1053.056,1144.833,1063.553,0.1144
mixed,128,32,0.25,4.0,1024,8192,1024,4096,1792,1141.471,1350.243,1159.999,0.0887
mixed,128,32,0.25,4.0,1024,8192,2048,8192,3584,1286.877,1736.864,1333.503,0.1036
mixed,128,32,0.25,4.0,1024,8192,4096,16384,7168,1630.942,2490.98,1693.821,0.0731
mixed,128,32,0.25,4.0,2048,0,128,512,224,721.796,758.791,734.944,0.3554
mixed,128,32,0.25,4.0,2048,0,256,1024,448,758.492,810.018,759.517,0.0199
mixed,128,32,0.25,4.0,2048,0,512,2048,896,801.503,897.89,805.919,0.0458
mixed,128,32,0.25,4.0,2048,0,1024,4096,1792,876.228,1095.201,902.816,0.1214
mixed,128,32,0.25,4.0,2048,0,2048,8192,3584,1053.055,1483.874,1080.157,0.0629
mixed,128,32,0.25,4.0,2048,0,4096,16384,7168,1387.844,2261.957,1453.758,0.0754
mixed,128,32,0.25,4.0,2048,512,128,512,224,914.494,948.864,927.712,0.3846
mixed,128,32,0.25,4.0,2048,512,256,1024,448,940.77,996.037,941.087,0.0057
mixed,128,32,0.25,4.0,2048,512,512,2048,896,980.738,1083.297,996.351,0.1522
mixed,128,32,0.25,4.0,2048,512,1024,4096,1792,1056.031,1282.718,1090.814,0.1534
mixed,128,32,0.25,4.0,2048,512,2048,8192,3584,1231.425,1675.65,1273.215,0.0941
mixed,128,32,0.25,4.0,2048,512,4096,16384,7168,1569.219,2457.828,1637.791,0.0772
mixed,128,32,0.25,4.0,2048,1024,128,512,224,949.795,987.297,962.207,0.331
mixed,128,32,0.25,4.0,2048,1024,256,1024,448,981.471,1033.473,987.49,0.1157
mixed,128,32,0.25,4.0,2048,1024,512,2048,896,1023.201,1135.297,1038.819,0.1393
mixed,128,32,0.25,4.0,2048,1024,1024,4096,1792,1109.508,1324.995,1123.556,0.0652
mixed,128,32,0.25,4.0,2048,1024,2048,8192,3584,1272.228,1719.487,1310.655,0.0859
mixed,128,32,0.25,4.0,2048,1024,4096,16384,7168,1614.403,2502.848,1685.794,0.0804
mixed,128,32,0.25,4.0,2048,2048,128,512,224,1029.731,1062.242,1043.905,0.436
mixed,128,32,0.25,4.0,2048,2048,256,1024,448,1057.952,1108.487,1067.847,0.1958
mixed,128,32,0.25,4.0,2048,2048,512,2048,896,1098.723,1204.095,1111.144,0.1179
mixed,128,32,0.25,4.0,2048,2048,1024,4096,1792,1184.863,1401.922,1200.449,0.0718
mixed,128,32,0.25,4.0,2048,2048,2048,8192,3584,1350.151,1790.307,1385.251,0.0797
mixed,128,32,0.25,4.0,2048,2048,4096,16384,7168,1691.426,2559.808,1747.265,0.0643
mixed,128,32,0.25,4.0,2048,4096,128,512,224,1189.633,1233.187,1213.213,0.5414
mixed,128,32,0.25,4.0,2048,4096,256,1024,448,1221.697,1276.322,1238.403,0.3058
mixed,128,32,0.25,4.0,2048,4096,512,2048,896,1267.009,1372.863,1281.343,0.1354
mixed,128,32,0.25,4.0,2048,4096,1024,4096,1792,1350.367,1561.765,1363.74,0.0633
mixed,128,32,0.25,4.0,2048,4096,2048,8192,3584,1517.853,1947.425,1546.785,0.0674
mixed,128,32,0.25,4.0,2048,4096,4096,16384,7168,1843.329,2704.739,1920.676,0.0898
mixed,128,32,0.25,4.0,2048,8192,128,512,224,1512.967,1547.046,1524.799,0.3472
mixed,128,32,0.25,4.0,2048,8192,256,1024,448,1540.799,1600.258,1559.07,0.3073
mixed,128,32,0.25,4.0,2048,8192,512,2048,896,1588.258,1679.525,1598.048,0.1073
mixed,128,32,0.25,4.0,2048,8192,1024,4096,1792,1658.177,1881.862,1693.828,0.1594
mixed,128,32,0.25,4.0,2048,8192,2048,8192,3584,1827.521,2256.487,1873.537,0.1073
mixed,128,32,0.25,4.0,2048,8192,4096,16384,7168,2163.904,3020.259,2223.487,0.0696
pure,128,64,0.5,4.0,0,0,128,512,320,185.984,204.895,197.759,0.6227
pure,128,64,0.5,4.0,0,0,256,1024,640,215.935,254.213,229.407,0.352
pure,128,64,0.5,4.0,0,0,512,2048,1280,278.399,350.085,292.286,0.1937
pure,128,64,0.5,4.0,0,0,1024,4096,2560,396.673,538.976,415.455,0.132
pure,128,64,0.5,4.0,0,0,2048,8192,5120,636.869,918.914,664.448,0.0978
pure,128,64,0.5,4.0,0,0,4096,16384,10240,1108.898,1681.763,1165.121,0.0981
mixed,128,64,0.5,4.0,16,0,128,512,320,197.47,218.625,212.861,0.7275
mixed,128,64,0.5,4.0,16,0,256,1024,640,228.64,264.799,242.336,0.3788
mixed,128,64,0.5,4.0,16,0,512,2048,1280,288.799,358.72,306.27,0.2499
mixed,128,64,0.5,4.0,16,0,1024,4096,2560,408.77,550.56,428.929,0.1422
mixed,128,64,0.5,4.0,16,0,2048,8192,5120,647.871,932.062,679.073,0.1098
mixed,128,64,0.5,4.0,16,0,4096,16384,10240,1126.242,1693.474,1175.971,0.0877
mixed,128,64,0.5,4.0,16,512,128,512,320,228.256,217.15,225.056,
mixed,128,64,0.5,4.0,16,512,256,1024,640,228.833,266.591,244.704,0.4203
mixed,128,64,0.5,4.0,16,512,512,2048,1280,292.224,362.369,305.761,0.193
mixed,128,64,0.5,4.0,16,512,1024,4096,2560,408.192,550.692,433.055,0.1745
mixed,128,64,0.5,4.0,16,512,2048,8192,5120,648.225,931.935,678.849,0.1079
mixed,128,64,0.5,4.0,16,512,4096,16384,10240,1123.581,1695.553,1174.531,0.0891
mixed,128,64,0.5,4.0,16,1024,128,512,320,227.199,251.614,220.162,-0.2882
mixed,128,64,0.5,4.0,16,1024,256,1024,640,269.346,266.018,261.663,
mixed,128,64,0.5,4.0,16,1024,512,2048,1280,288.798,362.881,306.371,0.2372
mixed,128,64,0.5,4.0,16,1024,1024,4096,2560,407.612,549.378,427.133,0.1377
mixed,128,64,0.5,4.0,16,1024,2048,8192,5120,648.322,934.017,674.657,0.0922
mixed,128,64,0.5,4.0,16,1024,4096,16384,10240,1126.176,1694.722,1177.793,0.0908
mixed,128,64,0.5,4.0,16,2048,128,512,320,227.041,254.176,219.553,-0.276
mixed,128,64,0.5,4.0,16,2048,256,1024,640,265.823,323.135,259.486,-0.1106
mixed,128,64,0.5,4.0,16,2048,512,2048,1280,354.655,366.112,335.838,-1.6424
mixed,128,64,0.5,4.0,16,2048,1024,4096,2560,408.255,551.422,427.554,0.1348
mixed,128,64,0.5,4.0,16,2048,2048,8192,5120,646.785,934.721,671.903,0.0872
mixed,128,64,0.5,4.0,16,2048,4096,16384,10240,1124.865,1696.389,1172.354,0.0831
mixed,128,64,0.5,4.0,16,4096,128,512,320,219.555,245.471,211.713,-0.3026
mixed,128,64,0.5,4.0,16,4096,256,1024,640,263.807,326.21,257.375,-0.1031
mixed,128,64,0.5,4.0,16,4096,512,2048,1280,351.742,459.395,331.456,-0.1884
mixed,128,64,0.5,4.0,16,4096,1024,4096,2560,523.424,553.956,472.576,-1.6654
mixed,128,64,0.5,4.0,16,4096,2048,8192,5120,651.458,941.474,669.794,0.0632
mixed,128,64,0.5,4.0,16,4096,4096,16384,10240,1127.523,1699.361,1169.375,0.0732
mixed,128,64,0.5,4.0,16,8192,128,512,320,223.806,250.595,227.042,0.1208
mixed,128,64,0.5,4.0,16,8192,256,1024,640,269.537,310.272,247.968,-0.5295
mixed,128,64,0.5,4.0,16,8192,512,2048,1280,347.999,455.264,330.786,-0.1605
mixed,128,64,0.5,4.0,16,8192,1024,4096,2560,520.769,727.167,472.193,-0.2354
mixed,128,64,0.5,4.0,16,8192,2048,8192,5120,847.136,940.258,752.768,-1.0134
mixed,128,64,0.5,4.0,16,8192,4096,16384,10240,1131.971,1696.224,1168.098,0.064
mixed,128,64,0.5,4.0,32,0,128,512,320,197.154,221.247,211.869,0.6108
mixed,128,64,0.5,4.0,32,0,256,1024,640,229.088,269.954,244.8,0.3845
mixed,128,64,0.5,4.0,32,0,512,2048,1280,294.018,364.48,308.642,0.2075
mixed,128,64,0.5,4.0,32,0,1024,4096,2560,413.472,549.951,430.718,0.1264
mixed,128,64,0.5,4.0,32,0,2048,8192,5120,651.298,935.648,681.375,0.1058
mixed,128,64,0.5,4.0,32,0,4096,16384,10240,1126.208,1693.888,1182.176,0.0986
mixed,128,64,0.5,4.0,32,512,128,512,320,227.393,248.256,223.167,-0.2026
mixed,128,64,0.5,4.0,32,512,256,1024,640,271.296,310.85,254.946,-0.4134
mixed,128,64,0.5,4.0,32,512,512,2048,1280,339.231,410.048,319.679,-0.2761
mixed,128,64,0.5,4.0,32,512,1024,4096,2560,454.048,591.584,429.344,-0.1796
mixed,128,64,0.5,4.0,32,512,2048,8192,5120,682.431,955.009,674.593,-0.0288
mixed,128,64,0.5,4.0,32,512,4096,16384,10240,1139.011,1700.705,1173.763,0.0619
mixed,128,64,0.5,4.0,32,1024,128,512,320,227.426,256.831,223.585,-0.1306
mixed,128,64,0.5,4.0,32,1024,256,1024,640,273.023,317.441,260.895,-0.273
mixed,128,64,0.5,4.0,32,1024,512,2048,1280,353.441,433.344,330.975,-0.2812
mixed,128,64,0.5,4.0,32,1024,1024,4096,2560,469.792,607.617,434.018,-0.2596
mixed,128,64,0.5,4.0,32,1024,2048,8192,5120,691.199,973.948,675.584,-0.0552
mixed,128,64,0.5,4.0,32,1024,4096,16384,10240,1163.458,1703.009,1169.731,0.0116
mixed,128,64,0.5,4.0,32,2048,128,512,320,221.342,248.161,206.144,-0.5667
mixed,128,64,0.5,4.0,32,2048,256,1024,640,267.876,328.094,255.071,-0.2126
mixed,128,64,0.5,4.0,32,2048,512,2048,1280,354.269,458.72,328.319,-0.2484
mixed,128,64,0.5,4.0,32,2048,1024,4096,2560,516.931,652.991,473.632,-0.3182
mixed,128,64,0.5,4.0,32,2048,2048,8192,5120,745.538,1017.569,672.351,-0.269
mixed,128,64,0.5,4.0,32,2048,4096,16384,10240,1184.227,1749.249,1168.224,-0.0283
mixed,128,64,0.5,4.0,32,4096,128,512,320,221.728,247.265,220.641,-0.0426
mixed,128,64,0.5,4.0,32,4096,256,1024,640,261.342,311.203,243.104,-0.3658
mixed,128,64,0.5,4.0,32,4096,512,2048,1280,348.638,454.849,326.589,-0.2076
mixed,128,64,0.5,4.0,32,4096,1024,4096,2560,509.857,726.114,483.486,-0.1219
mixed,128,64,0.5,4.0,32,4096,2048,8192,5120,834.5,1096.066,757.73,-0.2935
mixed,128,64,0.5,4.0,32,4096,4096,16384,10240,1282.785,1834.402,1169.089,-0.2061
mixed,128,64,0.5,4.0,32,8192,128,512,320,240.576,249.089,240.001,-0.0675
mixed,128,64,0.5,4.0,32,8192,256,1024,640,265.696,313.921,263.422,-0.0472
mixed,128,64,0.5,4.0,32,8192,512,2048,1280,352.225,442.656,336.127,-0.178
mixed,128,64,0.5,4.0,32,8192,1024,4096,2560,501.665,712.64,461.251,-0.1916
mixed,128,64,0.5,4.0,32,8192,2048,8192,5120,812.511,1267.04,755.492,-0.1254
mixed,128,64,0.5,4.0,32,8192,4096,16384,10240,1465.119,1994.53,1336.929,-0.2421
mixed,128,64,0.5,4.0,64,0,128,512,320,217.569,234.145,220.705,0.1892
mixed,128,64,0.5,4.0,64,0,256,1024,640,251.201,284.865,250.272,-0.0276
mixed,128,64,0.5,4.0,64,0,512,2048,1280,301.186,378.945,315.615,0.1856
mixed,128,64,0.5,4.0,64,0,1024,4096,2560,425.088,563.264,439.839,0.1068
mixed,128,64,0.5,4.0,64,0,2048,8192,5120,657.313,943.552,686.818,0.1031
mixed,128,64,0.5,4.0,64,0,4096,16384,10240,1133.663,1707.264,1185.186,0.0898
mixed,128,64,0.5,4.0,64,512,128,512,320,235.78,250.113,229.058,-0.469
mixed,128,64,0.5,4.0,64,512,256,1024,640,270.082,309.503,260.227,-0.25
mixed,128,64,0.5,4.0,64,512,512,2048,1280,334.528,403.485,320.485,-0.2036
mixed,128,64,0.5,4.0,64,512,1024,4096,2560,446.593,581.954,434.656,-0.0882
mixed,128,64,0.5,4.0,64,512,2048,8192,5120,662.946,942.466,680.711,0.0636
mixed,128,64,0.5,4.0,64,512,4096,16384,10240,1140.897,1706.976,1180.64,0.0702
mixed,128,64,0.5,4.0,64,1024,128,512,320,232.321,261.726,217.024,-0.5202
mixed,128,64,0.5,4.0,64,1024,256,1024,640,274.813,320.705,269.441,-0.1171
mixed,128,64,0.5,4.0,64,1024,512,2048,1280,351.647,426.753,336.925,-0.196
mixed,128,64,0.5,4.0,64,1024,1024,4096,2560,464.29,592.959,441.604,-0.1763
mixed,128,64,0.5,4.0,64,1024,2048,8192,5120,687.395,972.257,681.633,-0.0202
mixed,128,64,0.5,4.0,64,1024,4096,16384,10240,1136.962,1709.6,1181.921,0.0785
mixed,128,64,0.5,4.0,64,2048,128,512,320,228.737,253.697,229.247,0.0204
mixed,128,64,0.5,4.0,64,2048,256,1024,640,270.015,321.407,255.075,-0.2907
mixed,128,64,0.5,4.0,64,2048,512,2048,1280,359.552,452.191,342.564,-0.1834
mixed,128,64,0.5,4.0,64,2048,1024,4096,2560,508.545,642.272,479.517,-0.2171
mixed,128,64,0.5,4.0,64,2048,2048,8192,5120,731.934,999.615,688.033,-0.164
mixed,128,64,0.5,4.0,64,2048,4096,16384,10240,1163.812,1705.89,1178.019,0.0262
mixed,128,64,0.5,4.0,64,4096,128,512,320,258.179,256.159,248.738,
mixed,128,64,0.5,4.0,64,4096,256,1024,640,269.313,316.8,272.8,0.0734
mixed,128,64,0.5,4.0,64,4096,512,2048,1280,347.969,453.055,334.88,-0.1246
mixed,128,64,0.5,4.0,64,4096,1024,4096,2560,510.942,708.961,472.446,-0.1944
mixed,128,64,0.5,4.0,64,4096,2048,8192,5120,812.32,1079.811,765.826,-0.1738
mixed,128,64,0.5,4.0,64,4096,4096,16384,10240,1255.39,1769.728,1184.45,-0.1379
mixed,128,64,0.5,4.0,64,8192,128,512,320,290.467,285.346,271.103,
mixed,128,64,0.5,4.0,64,8192,256,1024,640,307.812,315.97,300.16,-0.938
mixed,128,64,0.5,4.0,64,8192,512,2048,1280,344.736,434.462,347.172,0.0271
mixed,128,64,0.5,4.0,64,8192,1024,4096,2560,494.782,695.875,464.45,-0.1508
mixed,128,64,0.5,4.0,64,8192,2048,8192,5120,818.849,1220.29,736.319,-0.2056
mixed,128,64,0.5,4.0,64,8192,4096,16384,10240,1416.099,1978.239,1334.015,-0.146
mixed,128,64,0.5,4.0,128,0,128,512,320,227.169,246.912,225.983,-0.0601
mixed,128,64,0.5,4.0,128,0,256,1024,640,256.419,291.649,260.929,0.128
mixed,128,64,0.5,4.0,128,0,512,2048,1280,311.392,381.536,321.855,0.1492
mixed,128,64,0.5,4.0,128,0,1024,4096,2560,432.833,575.203,445.118,0.0863
mixed,128,64,0.5,4.0,128,0,2048,8192,5120,674.818,955.648,694.848,0.0713
mixed,128,64,0.5,4.0,128,0,4096,16384,10240,1154.91,1714.402,1194.434,0.0706
mixed,128,64,0.5,4.0,128,512,128,512,320,230.112,253.853,212.578,-0.7386
mixed,128,64,0.5,4.0,128,512,256,1024,640,270.271,311.011,266.304,-0.0974
mixed,128,64,0.5,4.0,128,512,512,2048,1280,340.226,413.825,327.072,-0.1787
mixed,128,64,0.5,4.0,128,512,1024,4096,2560,463.299,598.273,440.195,-0.1712
mixed,128,64,0.5,4.0,128,512,2048,8192,5120,700.416,981.185,688.705,-0.0417
mixed,128,64,0.5,4.0,128,512,4096,16384,10240,1187.233,1749.732,1181.537,-0.0101
mixed,128,64,0.5,4.0,128,1024,128,512,320,236.96,264.447,237.284,0.0118
mixed,128,64,0.5,4.0,128,1024,256,1024,640,274.945,321.216,266.751,-0.1771
mixed,128,64,0.5,4.0,128,1024,512,2048,1280,526.849,424.575,338.047,
mixed,128,64,0.5,4.0,128,1024,1024,4096,2560,471.008,612.384,443.424,-0.1951
mixed,128,64,0.5,4.0,128,1024,2048,8192,5120,715.649,999.615,684.833,-0.1085
mixed,128,64,0.5,4.0,128,1024,4096,16384,10240,1190.049,1765.025,1179.135,-0.019
mixed,128,64,0.5,4.0,128,2048,128,512,320,260.256,262.69,258.687,-0.6446
mixed,128,64,0.5,4.0,128,2048,256,1024,640,276.735,327.231,277.44,0.014
mixed,128,64,0.5,4.0,128,2048,512,2048,1280,347.615,448.704,347.999,0.0038
mixed,128,64,0.5,4.0,128,2048,1024,4096,2560,500.162,647.905,470.082,-0.2036
mixed,128,64,0.5,4.0,128,2048,2048,8192,5120,739.263,1027.519,677.505,-0.2142
mixed,128,64,0.5,4.0,128,2048,4096,16384,10240,1223.871,1803.297,1167.682,-0.097
mixed,128,64,0.5,4.0,128,4096,128,512,320,294.975,307.997,284.0,-0.8428
mixed,128,64,0.5,4.0,128,4096,256,1024,640,318.817,322.593,316.384,-0.6443
mixed,128,64,0.5,4.0,128,4096,512,2048,1280,348.386,435.169,351.296,0.0335
mixed,128,64,0.5,4.0,128,4096,1024,4096,2560,476.609,691.647,481.311,0.0219
mixed,128,64,0.5,4.0,128,4096,2048,8192,5120,797.89,1084.865,739.585,-0.2032
mixed,128,64,0.5,4.0,128,4096,4096,16384,10240,1278.56,1857.762,1150.945,-0.2203
mixed,128,64,0.5,4.0,128,8192,128,512,320,346.208,338.016,348.416,
mixed,128,64,0.5,4.0,128,8192,256,1024,640,359.679,406.561,357.824,-0.0396
mixed,128,64,0.5,4.0,128,8192,512,2048,1280,423.298,436.098,429.793,0.5074
mixed,128,64,0.5,4.0,128,8192,1024,4096,2560,492.606,659.105,489.023,-0.0215
mixed,128,64,0.5,4.0,128,8192,2048,8192,5120,746.21,1186.881,747.071,0.002
mixed,128,64,0.5,4.0,128,8192,4096,16384,10240,1387.585,1972.736,1268.674,-0.2032
mixed,128,64,0.5,4.0,256,0,128,512,320,260.702,279.135,244.576,-0.8748
mixed,128,64,0.5,4.0,256,0,256,1024,640,293.891,326.816,290.91,-0.0905
mixed,128,64,0.5,4.0,256,0,512,2048,1280,349.248,414.912,354.625,0.0819
mixed,128,64,0.5,4.0,256,0,1024,4096,2560,461.441,609.953,486.144,0.1663
mixed,128,64,0.5,4.0,256,0,2048,8192,5120,707.487,1007.555,726.691,0.064
mixed,128,64,0.5,4.0,256,0,4096,16384,10240,1194.785,1763.999,1228.482,0.0592
mixed,128,64,0.5,4.0,256,512,128,512,320,260.354,280.799,254.4,-0.2912
mixed,128,64,0.5,4.0,256,512,256,1024,640,293.537,329.535,286.944,-0.1831
mixed,128,64,0.5,4.0,256,512,512,2048,1280,360.545,430.783,354.881,-0.0806
mixed,128,64,0.5,4.0,256,512,1024,4096,2560,478.912,622.719,474.049,-0.0338
mixed,128,64,0.5,4.0,256,512,2048,8192,5120,720.865,1010.817,729.471,0.0297
mixed,128,64,0.5,4.0,256,512,4096,16384,10240,1195.997,1778.337,1221.505,0.0438
mixed,128,64,0.5,4.0,256,1024,128,512,320,305.728,283.169,310.047,
mixed,128,64,0.5,4.0,256,1024,256,1024,640,299.295,339.458,290.111,-0.2287
mixed,128,64,0.5,4.0,256,1024,512,2048,1280,367.519,442.244,356.864,-0.1426
mixed,128,64,0.5,4.0,256,1024,1024,4096,2560,490.687,634.019,479.679,-0.0768
mixed,128,64,0.5,4.0,256,1024,2048,8192,5120,734.943,1018.432,725.665,-0.0327
mixed,128,64,0.5,4.0,256,1024,4096,16384,10240,1218.048,1775.649,1219.394,0.0024
mixed,128,64,0.5,4.0,256,2048,128,512,320,329.279,354.494,331.169,0.075
mixed,128,64,0.5,4.0,256,2048,256,1024,640,366.048,344.575,371.328,
mixed,128,64,0.5,4.0,256,2048,512,2048,1280,377.153,473.248,372.479,-0.0486
mixed,128,64,0.5,4.0,256,2048,1024,4096,2560,518.849,661.983,508.322,-0.0735
mixed,128,64,0.5,4.0,256,2048,2048,8192,5120,755.198,1042.05,725.763,-0.1026
mixed,128,64,0.5,4.0,256,2048,4096,16384,10240,1228.96,1796.098,1227.618,-0.0024
mixed,128,64,0.5,4.0,256,4096,128,512,320,380.737,401.888,382.083,0.0636
mixed,128,64,0.5,4.0,256,4096,256,1024,640,411.874,450.721,418.208,0.163
mixed,128,64,0.5,4.0,256,4096,512,2048,1280,472.834,468.511,487.295,
mixed,128,64,0.5,4.0,256,4096,1024,4096,2560,528.127,722.979,514.467,-0.0701
mixed,128,64,0.5,4.0,256,4096,2048,8192,5120,811.81,1094.593,786.689,-0.0888
mixed,128,64,0.5,4.0,256,4096,4096,16384,10240,1288.606,1856.127,1225.569,-0.1111
mixed,128,64,0.5,4.0,256,8192,128,512,320,484.446,508.0,483.103,-0.057
mixed,128,64,0.5,4.0,256,8192,256,1024,640,513.795,550.145,523.489,0.2667
mixed,128,64,0.5,4.0,256,8192,512,2048,1280,574.436,646.143,591.264,0.2347
mixed,128,64,0.5,4.0,256,8192,1024,4096,2560,692.063,713.823,719.681,1.2692
mixed,128,64,0.5,4.0,256,8192,2048,8192,5120,838.559,1219.171,807.616,-0.0813
mixed,128,64,0.5,4.0,256,8192,4096,16384,10240,1392.515,1964.32,1337.889,-0.0955
mixed,128,64,0.5,4.0,512,0,128,512,320,304.03,323.617,296.034,-0.4082
mixed,128,64,0.5,4.0,512,0,256,1024,640,337.601,369.344,323.68,-0.4386
mixed,128,64,0.5,4.0,512,0,512,2048,1280,402.178,462.432,392.159,-0.1663
mixed,128,64,0.5,4.0,512,0,1024,4096,2560,508.61,649.729,523.424,0.105
mixed,128,64,0.5,4.0,512,0,2048,8192,5120,746.626,1032.385,791.327,0.1564
mixed,128,64,0.5,4.0,512,0,4096,16384,10240,1223.746,1816.993,1304.29,0.1358
mixed,128,64,0.5,4.0,512,512,128,512,320,328.705,350.272,329.983,0.0593
mixed,128,64,0.5,4.0,512,512,256,1024,640,366.08,400.706,363.999,-0.0601
mixed,128,64,0.5,4.0,512,512,512,2048,1280,422.237,492.863,436.51,0.2021
mixed,128,64,0.5,4.0,512,512,1024,4096,2560,538.785,685.12,563.232,0.1671
mixed,128,64,0.5,4.0,512,512,2048,8192,5120,776.479,1067.711,820.032,0.1495
mixed,128,64,0.5,4.0,512,512,4096,16384,10240,1256.802,1822.501,1340.419,0.1478
mixed,128,64,0.5,4.0,512,1024,128,512,320,347.586,377.952,349.474,0.0622
mixed,128,64,0.5,4.0,512,1024,256,1024,640,388.703,423.903,392.16,0.0982
mixed,128,64,0.5,4.0,512,1024,512,2048,1280,453.952,519.167,457.312,0.0515
mixed,128,64,0.5,4.0,512,1024,1024,4096,2560,561.312,712.481,589.378,0.1857
mixed,128,64,0.5,4.0,512,1024,2048,8192,5120,801.922,1094.659,840.608,0.1322
mixed,128,64,0.5,4.0,512,1024,4096,16384,10240,1285.41,1849.824,1353.665,0.1209
mixed,128,64,0.5,4.0,512,2048,128,512,320,399.328,421.086,402.017,0.1236
mixed,128,64,0.5,4.0,512,2048,256,1024,640,433.664,474.529,434.462,0.0195
mixed,128,64,0.5,4.0,512,2048,512,2048,1280,490.595,564.449,500.896,0.1395
mixed,128,64,0.5,4.0,512,2048,1024,4096,2560,609.408,751.008,632.673,0.1643
mixed,128,64,0.5,4.0,512,2048,2048,8192,5120,842.849,1134.053,885.346,0.1459
mixed,128,64,0.5,4.0,512,2048,4096,16384,10240,1323.392,1895.65,1402.142,0.1376
mixed,128,64,0.5,4.0,512,4096,128,512,320,499.906,522.241,504.16,0.1905
mixed,128,64,0.5,4.0,512,4096,256,1024,640,530.145,569.089,532.801,0.0682
mixed,128,64,0.5,4.0,512,4096,512,2048,1280,594.401,663.808,603.327,0.1286
mixed,128,64,0.5,4.0,512,4096,1024,4096,2560,706.623,857.153,725.725,0.1269
mixed,128,64,0.5,4.0,512,4096,2048,8192,5120,945.602,1227.681,993.698,0.1705
mixed,128,64,0.5,4.0,512,4096,4096,16384,10240,1420.93,1987.457,1500.034,0.1396
mixed,128,64,0.5,4.0,512,8192,128,512,320,687.709,714.014,688.926,0.0463
mixed,128,64,0.5,4.0,512,8192,256,1024,640,726.144,761.573,727.617,0.0416
mixed,128,64,0.5,4.0,512,8192,512,2048,1280,783.874,860.993,796.319,0.1614
mixed,128,64,0.5,4.0,512,8192,1024,4096,2560,909.026,1052.418,925.602,0.1156
mixed,128,64,0.5,4.0,512,8192,2048,8192,5120,1147.264,1429.312,1181.796,0.1224
mixed,128,64,0.5,4.0,512,8192,4096,16384,10240,1612.161,2182.914,1697.761,0.15
mixed,128,64,0.5,4.0,1024,0,128,512,320,474.528,492.223,468.191,-0.3581
mixed,128,64,0.5,4.0,1024,0,256,1024,640,498.593,532.382,492.228,-0.1884
mixed,128,64,0.5,4.0,1024,0,512,2048,1280,556.161,642.074,579.266,0.2689
mixed,128,64,0.5,4.0,1024,0,1024,4096,2560,677.569,829.986,687.778,0.067
mixed,128,64,0.5,4.0,1024,0,2048,8192,5120,915.362,1215.007,951.204,0.1196
mixed,128,64,0.5,4.0,1024,0,4096,16384,10240,1418.464,1995.907,1458.628,0.0696
mixed,128,64,0.5,4.0,1024,512,128,512,320,581.061,606.111,590.339,0.3704
mixed,128,64,0.5,4.0,1024,512,256,1024,640,603.966,654.177,629.383,0.5062
mixed,128,64,0.5,4.0,1024,512,512,2048,1280,677.179,737.343,683.614,0.107
mixed,128,64,0.5,4.0,1024,512,1024,4096,2560,785.697,937.345,810.175,0.1614
mixed,128,64,0.5,4.0,1024,512,2048,8192,5120,1036.356,1339.041,1068.898,0.1075
mixed,128,64,0.5,4.0,1024,512,4096,16384,10240,1518.406,2116.067,1574.275,0.0935
mixed,128,64,0.5,4.0,1024,1024,128,512,320,610.046,623.616,624.447,1.0612
mixed,128,64,0.5,4.0,1024,1024,256,1024,640,641.469,682.562,658.172,0.4065
mixed,128,64,0.5,4.0,1024,1024,512,2048,1280,698.465,783.776,720.255,0.2554
mixed,128,64,0.5,4.0,1024,1024,1024,4096,2560,829.185,954.752,829.792,0.0048
mixed,128,64,0.5,4.0,1024,1024,2048,8192,5120,1071.008,1357.763,1095.78,0.0864
mixed,128,64,0.5,4.0,1024,1024,4096,16384,10240,1558.465,2154.69,1607.936,0.083
mixed,128,64,0.5,4.0,1024,2048,128,512,320,663.623,677.922,678.496,1.0401
mixed,128,64,0.5,4.0,1024,2048,256,1024,640,697.377,739.648,709.122,0.2779
mixed,128,64,0.5,4.0,1024,2048,512,2048,1280,753.413,819.424,776.093,0.3436
mixed,128,64,0.5,4.0,1024,2048,1024,4096,2560,872.255,1025.089,890.494,0.1193
mixed,128,64,0.5,4.0,1024,2048,2048,8192,5120,1122.046,1406.369,1139.804,0.0625
mixed,128,64,0.5,4.0,1024,2048,4096,16384,10240,1604.03,2192.672,1657.953,0.0916
mixed,128,64,0.5,4.0,1024,4096,128,512,320,760.962,786.273,775.392,0.5701
mixed,128,64,0.5,4.0,1024,4096,256,1024,640,806.241,836.257,820.383,0.4711
mixed,128,64,0.5,4.0,1024,4096,512,2048,1280,866.722,932.897,887.74,0.3176
mixed,128,64,0.5,4.0,1024,4096,1024,4096,2560,969.826,1116.159,1005.698,0.2451
mixed,128,64,0.5,4.0,1024,4096,2048,8192,5120,1221.413,1513.056,1251.966,0.1048
mixed,128,64,0.5,4.0,1024,4096,4096,16384,10240,1705.564,2258.114,1746.884,0.0748
mixed,128,64,0.5,4.0,1024,8192,128,512,320,995.363,1018.34,1013.57,0.7924
mixed,128,64,0.5,4.0,1024,8192,256,1024,640,1016.355,1058.274,1040.673,0.5801
mixed,128,64,0.5,4.0,1024,8192,512,2048,1280,1086.175,1147.551,1105.48,0.3145
mixed,128,64,0.5,4.0,1024,8192,1024,4096,2560,1209.441,1345.311,1228.225,0.1382
mixed,128,64,0.5,4.0,1024,8192,2048,8192,5120,1451.456,1717.212,1473.857,0.0843
mixed,128,64,0.5,4.0,1024,8192,4096,16384,10240,1924.675,2486.847,1963.488,0.069
mixed,128,64,0.5,4.0,2048,0,128,512,320,732.063,754.21,742.559,0.4739
mixed,128,64,0.5,4.0,2048,0,256,1024,640,768.415,808.704,781.342,0.3209
mixed,128,64,0.5,4.0,2048,0,512,2048,1280,823.616,903.328,840.989,0.2179
mixed,128,64,0.5,4.0,2048,0,1024,4096,2560,951.586,1094.758,964.385,0.0894
mixed,128,64,0.5,4.0,2048,0,2048,8192,5120,1201.249,1482.85,1214.398,0.0467
mixed,128,64,0.5,4.0,2048,0,4096,16384,10240,1686.849,2265.473,1735.394,0.0839
mixed,128,64,0.5,4.0,2048,512,128,512,320,918.783,949.538,932.0,0.4298
mixed,128,64,0.5,4.0,2048,512,256,1024,640,953.633,994.466,962.721,0.2226
mixed,128,64,0.5,4.0,2048,512,512,2048,1280,1020.606,1091.357,1026.114,0.0779
mixed,128,64,0.5,4.0,2048,512,1024,4096,2560,1135.011,1278.724,1162.787,0.1933
mixed,128,64,0.5,4.0,2048,512,2048,8192,5120,1380.641,1671.395,1407.105,0.091
mixed,128,64,0.5,4.0,2048,512,4096,16384,10240,1876.58,2452.738,1934.18,0.1
mixed,128,64,0.5,4.0,2048,1024,128,512,320,964.929,986.88,969.731,0.2188
mixed,128,64,0.5,4.0,2048,1024,256,1024,640,1004.29,1029.921,1011.712,0.2896
mixed,128,64,0.5,4.0,2048,1024,512,2048,1280,1064.642,1125.028,1076.257,0.1923
mixed,128,64,0.5,4.0,2048,1024,1024,4096,2560,1178.88,1333.025,1192.322,0.0872
mixed,128,64,0.5,4.0,2048,1024,2048,8192,5120,1422.563,1716.99,1445.281,0.0772
mixed,128,64,0.5,4.0,2048,1024,4096,16384,10240,1906.82,2502.849,1965.374,0.0982
mixed,128,64,0.5,4.0,2048,2048,128,512,320,1037.669,1061.126,1048.289,0.4527
mixed,128,64,0.5,4.0,2048,2048,256,1024,640,1072.125,1107.68,1089.794,0.4969
mixed,128,64,0.5,4.0,2048,2048,512,2048,1280,1142.879,1194.723,1154.85,0.2309
mixed,128,64,0.5,4.0,2048,2048,1024,4096,2560,1253.824,1394.914,1268.448,0.1037
mixed,128,64,0.5,4.0,2048,2048,2048,8192,5120,1503.362,1791.903,1524.8,0.0743
mixed,128,64,0.5,4.0,2048,2048,4096,16384,10240,1982.785,2554.406,2040.387,0.1008
mixed,128,64,0.5,4.0,2048,4096,128,512,320,1211.938,1227.427,1221.405,0.6112
mixed,128,64,0.5,4.0,2048,4096,256,1024,640,1246.173,1282.147,1260.351,0.3941
mixed,128,64,0.5,4.0,2048,4096,512,2048,1280,1312.355,1376.991,1317.888,0.0856
mixed,128,64,0.5,4.0,2048,4096,1024,4096,2560,1424.422,1567.426,1436.61,0.0852
mixed,128,64,0.5,4.0,2048,4096,2048,8192,5120,1659.2,1939.231,1690.243,0.1109
mixed,128,64,0.5,4.0,2048,4096,4096,16384,10240,2139.045,2708.162,2180.032,0.072
mixed,128,64,0.5,4.0,2048,8192,128,512,320,1526.086,1538.369,1586.593,4.9261
mixed,128,64,0.5,4.0,2048,8192,256,1024,640,1554.524,1595.935,1560.83,0.1523
mixed,128,64,0.5,4.0,2048,8192,512,2048,1280,1613.347,1680.129,1625.06,0.1754
mixed,128,64,0.5,4.0,2048,8192,1024,4096,2560,1731.2,1881.122,1746.088,0.0993
mixed,128,64,0.5,4.0,2048,8192,2048,8192,5120,1967.715,2251.424,2000.036,0.1139
mixed,128,64,0.5,4.0,2048,8192,4096,16384,10240,2449.224,3016.168,2503.494,0.0957
pure,128,96,0.75,4.0,0,0,128,512,416,193.503,205.375,212.481,1.5986
pure,128,96,0.75,4.0,0,0,256,1024,832,236.16,252.643,256.737,1.2484
pure,128,96,0.75,4.0,0,0,512,2048,1664,314.079,351.457,334.271,0.5402
pure,128,96,0.75,4.0,0,0,1024,4096,3328,467.01,538.688,491.072,0.3357
pure,128,96,0.75,4.0,0,0,2048,8192,6656,776.802,919.62,809.282,0.2274
pure,128,96,0.75,4.0,0,0,4096,16384,13312,1394.817,1679.554,1450.751,0.1964
mixed,128,96,0.75,4.0,16,0,128,512,416,206.883,215.84,210.208,0.3712
mixed,128,96,0.75,4.0,16,0,256,1024,832,249.313,268.417,265.6,0.8525
mixed,128,96,0.75,4.0,16,0,512,2048,1664,323.999,361.44,351.168,0.7256
mixed,128,96,0.75,4.0,16,0,1024,4096,3328,479.715,552.671,505.506,0.3535
mixed,128,96,0.75,4.0,16,0,2048,8192,6656,791.356,931.522,822.273,0.2206
mixed,128,96,0.75,4.0,16,0,4096,16384,13312,1406.977,1698.626,1457.312,0.1726
mixed,128,96,0.75,4.0,16,512,128,512,416,234.784,215.84,206.209,
mixed,128,96,0.75,4.0,16,512,256,1024,832,247.234,269.599,269.631,1.0014
mixed,128,96,0.75,4.0,16,512,512,2048,1664,327.901,364.991,345.825,0.4833
mixed,128,96,0.75,4.0,16,512,1024,4096,3328,480.223,551.104,506.498,0.3707
mixed,128,96,0.75,4.0,16,512,2048,8192,6656,790.402,932.9,823.393,0.2315
mixed,128,96,0.75,4.0,16,512,4096,16384,13312,1411.006,1692.097,1458.146,0.1677
mixed,128,96,0.75,4.0,16,1024,128,512,416,233.987,251.011,212.994,-1.2331
mixed,128,96,0.75,4.0,16,1024,256,1024,832,294.242,263.619,269.76,
mixed,128,96,0.75,4.0,16,1024,512,2048,1664,325.601,362.339,345.567,0.5435
mixed,128,96,0.75,4.0,16,1024,1024,4096,3328,479.68,553.12,515.071,0.4819
mixed,128,96,0.75,4.0,16,1024,2048,8192,6656,791.97,934.11,828.576,0.2575
mixed,128,96,0.75,4.0,16,1024,4096,16384,13312,1413.761,1699.428,1461.027,0.1655
mixed,128,96,0.75,4.0,16,2048,128,512,416,235.232,248.704,213.216,-1.6342
mixed,128,96,0.75,4.0,16,2048,256,1024,832,292.321,318.529,251.039,-1.5752
mixed,128,96,0.75,4.0,16,2048,512,2048,1664,399.425,361.281,354.529,
mixed,128,96,0.75,4.0,16,2048,1024,4096,3328,483.486,556.515,505.377,0.2998
mixed,128,96,0.75,4.0,16,2048,2048,8192,6656,793.344,934.142,826.18,0.2332
mixed,128,96,0.75,4.0,16,2048,4096,16384,13312,1415.904,1692.319,1463.33,0.1716
mixed,128,96,0.75,4.0,16,4096,128,512,416,234.719,247.073,223.262,-0.9274
mixed,128,96,0.75,4.0,16,4096,256,1024,832,292.575,320.193,253.505,-1.4147
mixed,128,96,0.75,4.0,16,4096,512,2048,1664,408.417,461.826,354.241,-1.0144
mixed,128,96,0.75,4.0,16,4096,1024,4096,3328,601.248,552.896,511.043,
mixed,128,96,0.75,4.0,16,4096,2048,8192,6656,796.095,938.882,826.081,0.21
mixed,128,96,0.75,4.0,16,4096,4096,16384,13312,1411.204,1697.248,1471.616,0.2112
mixed,128,96,0.75,4.0,16,8192,128,512,416,235.426,249.375,248.063,0.9059
mixed,128,96,0.75,4.0,16,8192,256,1024,832,292.8,315.294,279.006,-0.6132
mixed,128,96,0.75,4.0,16,8192,512,2048,1664,407.554,457.763,343.521,-1.2753
mixed,128,96,0.75,4.0,16,8192,1024,4096,3328,623.232,727.485,511.389,-1.0728
mixed,128,96,0.75,4.0,16,8192,2048,8192,6656,985.344,936.225,836.0,
mixed,128,96,0.75,4.0,16,8192,4096,16384,13312,1413.508,1698.851,1471.397,0.2029
mixed,128,96,0.75,4.0,32,0,128,512,416,207.168,219.104,207.202,0.0028
mixed,128,96,0.75,4.0,32,0,256,1024,832,248.865,267.168,268.257,1.0595
mixed,128,96,0.75,4.0,32,0,512,2048,1664,328.064,368.353,349.183,0.5242
mixed,128,96,0.75,4.0,32,0,1024,4096,3328,480.224,551.711,507.938,0.3877
mixed,128,96,0.75,4.0,32,0,2048,8192,6656,793.477,940.963,824.736,0.2119
mixed,128,96,0.75,4.0,32,0,4096,16384,13312,1410.947,1699.941,1464.004,0.1836
mixed,128,96,0.75,4.0,32,512,128,512,416,236.963,249.924,211.362,-1.9752
mixed,128,96,0.75,4.0,32,512,256,1024,832,288.803,311.648,268.96,-0.8686
mixed,128,96,0.75,4.0,32,512,512,2048,1664,369.504,403.806,354.08,-0.4497
mixed,128,96,0.75,4.0,32,512,1024,4096,3328,524.576,590.592,511.747,-0.1943
mixed,128,96,0.75,4.0,32,512,2048,8192,6656,817.792,955.106,828.322,0.0767
mixed,128,96,0.75,4.0,32,512,4096,16384,13312,1409.506,1704.002,1483.137,0.25
mixed,128,96,0.75,4.0,32,1024,128,512,416,233.249,257.121,214.017,-0.8056
mixed,128,96,0.75,4.0,32,1024,256,1024,832,295.008,319.679,251.87,-1.7485
mixed,128,96,0.75,4.0,32,1024,512,2048,1664,390.336,430.722,355.36,-0.866
mixed,128,96,0.75,4.0,32,1024,1024,4096,3328,536.355,613.985,512.993,-0.3009
mixed,128,96,0.75,4.0,32,1024,2048,8192,6656,842.914,967.105,831.392,-0.0928
mixed,128,96,0.75,4.0,32,1024,4096,16384,13312,1430.499,1701.214,1477.155,0.1723
mixed,128,96,0.75,4.0,32,2048,128,512,416,237.28,248.384,226.175,-1.0001
mixed,128,96,0.75,4.0,32,2048,256,1024,832,292.896,327.073,256.095,-1.0768
mixed,128,96,0.75,4.0,32,2048,512,2048,1664,398.497,455.138,359.266,-0.6926
mixed,128,96,0.75,4.0,32,2048,1024,4096,3328,585.692,648.959,516.354,-1.096
mixed,128,96,0.75,4.0,32,2048,2048,8192,6656,874.403,1013.28,830.656,-0.315
mixed,128,96,0.75,4.0,32,2048,4096,16384,13312,1468.868,1749.25,1471.553,0.0096
mixed,128,96,0.75,4.0,32,4096,128,512,416,233.087,248.126,244.446,0.7553
mixed,128,96,0.75,4.0,32,4096,256,1024,832,293.315,311.778,279.136,-0.768
mixed,128,96,0.75,4.0,32,4096,512,2048,1664,399.809,455.871,341.377,-1.0423
mixed,128,96,0.75,4.0,32,4096,1024,4096,3328,581.6,729.537,516.096,-0.4428
mixed,128,96,0.75,4.0,32,4096,2048,8192,6656,965.539,1110.116,831.235,-0.9289
mixed,128,96,0.75,4.0,32,4096,4096,16384,13312,1566.82,1843.523,1478.687,-0.3185
mixed,128,96,0.75,4.0,32,8192,128,512,416,239.072,247.328,244.48,0.655
mixed,128,96,0.75,4.0,32,8192,256,1024,832,288.353,316.645,305.281,0.5983
mixed,128,96,0.75,4.0,32,8192,512,2048,1664,390.593,439.615,365.378,-0.5144
mixed,128,96,0.75,4.0,32,8192,1024,4096,3328,608.095,723.486,503.648,-0.9052
mixed,128,96,0.75,4.0,32,8192,2048,8192,6656,946.754,1262.274,846.687,-0.3171
mixed,128,96,0.75,4.0,32,8192,4096,16384,13312,1750.05,2011.652,1473.631,-1.0566
mixed,128,96,0.75,4.0,64,0,128,512,416,223.713,232.769,216.768,-0.7669
mixed,128,96,0.75,4.0,64,0,256,1024,832,264.319,277.246,280.002,1.2132
mixed,128,96,0.75,4.0,64,0,512,2048,1664,341.41,374.145,356.416,0.4584
mixed,128,96,0.75,4.0,64,0,1024,4096,3328,494.368,566.656,515.615,0.2939
mixed,128,96,0.75,4.0,64,0,2048,8192,6656,806.34,947.073,836.513,0.2144
mixed,128,96,0.75,4.0,64,0,4096,16384,13312,1423.967,1709.126,1465.314,0.145
mixed,128,96,0.75,4.0,64,512,128,512,416,237.47,254.368,220.162,-1.0243
mixed,128,96,0.75,4.0,64,512,256,1024,832,289.506,309.409,259.679,-1.4986
mixed,128,96,0.75,4.0,64,512,512,2048,1664,365.533,401.405,353.377,-0.3389
mixed,128,96,0.75,4.0,64,512,1024,4096,3328,512.802,582.687,515.711,0.0416
mixed,128,96,0.75,4.0,64,512,2048,8192,6656,817.887,942.882,834.85,0.1357
mixed,128,96,0.75,4.0,64,512,4096,16384,13312,1425.092,1713.701,1478.627,0.1855
mixed,128,96,0.75,4.0,64,1024,128,512,416,239.714,257.602,235.841,-0.2165
mixed,128,96,0.75,4.0,64,1024,256,1024,832,293.377,319.55,259.456,-1.296
mixed,128,96,0.75,4.0,64,1024,512,2048,1664,383.009,424.77,360.928,-0.5287
mixed,128,96,0.75,4.0,64,1024,1024,4096,3328,528.545,602.369,518.179,-0.1404
mixed,128,96,0.75,4.0,64,1024,2048,8192,6656,836.254,964.226,834.207,-0.016
mixed,128,96,0.75,4.0,64,1024,4096,16384,13312,1424.259,1703.779,1471.265,0.1682
mixed,128,96,0.75,4.0,64,2048,128,512,416,238.242,257.245,249.76,0.6061
mixed,128,96,0.75,4.0,64,2048,256,1024,832,304.511,324.033,280.738,-1.2178
mixed,128,96,0.75,4.0,64,2048,512,2048,1664,404.352,451.839,340.351,-1.3478
mixed,128,96,0.75,4.0,64,2048,1024,4096,3328,572.0,643.554,520.739,-0.7164
mixed,128,96,0.75,4.0,64,2048,2048,8192,6656,864.102,996.098,836.7,-0.2076
mixed,128,96,0.75,4.0,64,2048,4096,16384,13312,1422.019,1699.492,1476.548,0.1965
mixed,128,96,0.75,4.0,64,4096,128,512,416,247.586,255.136,252.51,0.6522
mixed,128,96,0.75,4.0,64,4096,256,1024,832,294.018,322.688,310.242,0.5659
mixed,128,96,0.75,4.0,64,4096,512,2048,1664,400.898,449.121,369.117,-0.659
mixed,128,96,0.75,4.0,64,4096,1024,4096,3328,608.16,705.25,497.792,-1.1368
mixed,128,96,0.75,4.0,64,4096,2048,8192,6656,945.57,1076.703,845.984,-0.7594
mixed,128,96,0.75,4.0,64,4096,4096,16384,13312,1525.987,1767.714,1484.005,-0.1737
mixed,128,96,0.75,4.0,64,8192,128,512,416,296.321,285.982,277.219,
mixed,128,96,0.75,4.0,64,8192,256,1024,832,308.481,316.673,306.339,-0.2615
mixed,128,96,0.75,4.0,64,8192,512,2048,1664,387.266,432.672,431.425,0.9725
mixed,128,96,0.75,4.0,64,8192,1024,4096,3328,603.039,695.489,537.825,-0.7054
mixed,128,96,0.75,4.0,64,8192,2048,8192,6656,1024.353,1218.751,817.372,-1.0647
mixed,128,96,0.75,4.0,64,8192,4096,16384,13312,1688.004,1963.138,1491.873,-0.7129
mixed,128,96,0.75,4.0,128,0,128,512,416,233.663,247.521,222.272,-0.822
mixed,128,96,0.75,4.0,128,0,256,1024,832,272.352,292.866,285.344,0.6333
mixed,128,96,0.75,4.0,128,0,512,2048,1664,345.569,380.835,365.473,0.5644
mixed,128,96,0.75,4.0,128,0,1024,4096,3328,505.506,576.576,524.608,0.2688
mixed,128,96,0.75,4.0,128,0,2048,8192,6656,814.945,955.841,842.466,0.1953
mixed,128,96,0.75,4.0,128,0,4096,16384,13312,1435.938,1715.648,1477.089,0.1471
mixed,128,96,0.75,4.0,128,512,128,512,416,238.592,254.402,234.851,-0.2366
mixed,128,96,0.75,4.0,128,512,256,1024,832,291.009,308.609,269.827,-1.2035
mixed,128,96,0.75,4.0,128,512,512,2048,1664,376.385,411.874,361.983,-0.4058
mixed,128,96,0.75,4.0,128,512,1024,4096,3328,530.625,604.929,524.191,-0.0866
mixed,128,96,0.75,4.0,128,512,2048,8192,6656,843.712,989.188,837.568,-0.0422
mixed,128,96,0.75,4.0,128,512,4096,16384,13312,1463.553,1747.812,1474.114,0.0372
mixed,128,96,0.75,4.0,128,1024,128,512,416,248.542,264.383,259.486,0.6909
mixed,128,96,0.75,4.0,128,1024,256,1024,832,294.783,323.296,278.973,-0.5545
mixed,128,96,0.75,4.0,128,1024,512,2048,1664,384.896,421.728,347.135,-1.0252
mixed,128,96,0.75,4.0,128,1024,1024,4096,3328,540.707,614.239,520.706,-0.272
mixed,128,96,0.75,4.0,128,1024,2048,8192,6656,859.458,1001.41,839.841,-0.1382
mixed,128,96,0.75,4.0,128,1024,4096,16384,13312,1482.916,1765.569,1471.617,-0.04
mixed,128,96,0.75,4.0,128,2048,128,512,416,246.082,264.833,256.353,0.5478
mixed,128,96,0.75,4.0,128,2048,256,1024,832,299.968,327.622,319.678,0.7127
mixed,128,96,0.75,4.0,128,2048,512,2048,1664,403.998,448.544,367.519,-0.8189
mixed,128,96,0.75,4.0,128,2048,1024,4096,3328,571.202,641.729,502.624,-0.9724
mixed,128,96,0.75,4.0,128,2048,2048,8192,6656,887.327,1030.083,836.8,-0.3539
mixed,128,96,0.75,4.0,128,2048,4096,16384,13312,1508.356,1796.006,1472.644,-0.1242
mixed,128,96,0.75,4.0,128,4096,128,512,416,301.345,311.136,301.378,0.0034
mixed,128,96,0.75,4.0,128,4096,256,1024,832,312.803,322.211,312.418,-0.0409
mixed,128,96,0.75,4.0,128,4096,512,2048,1664,394.465,439.521,428.99,0.7663
mixed,128,96,0.75,4.0,128,4096,1024,4096,3328,597.281,693.538,537.537,-0.6207
mixed,128,96,0.75,4.0,128,4096,2048,8192,6656,944.319,1084.93,814.4,-0.924
mixed,128,96,0.75,4.0,128,4096,4096,16384,13312,1574.048,1848.067,1474.019,-0.365
mixed,128,96,0.75,4.0,128,8192,128,512,416,352.127,338.084,360.417,
mixed,128,96,0.75,4.0,128,8192,256,1024,832,393.15,408.03,374.019,-1.2857
mixed,128,96,0.75,4.0,128,8192,512,2048,1664,457.569,434.72,470.655,
mixed,128,96,0.75,4.0,128,8192,1024,4096,3328,573.217,666.943,643.584,0.7508
mixed,128,96,0.75,4.0,128,8192,2048,8192,6656,1003.425,1193.027,880.958,-0.6459
mixed,128,96,0.75,4.0,128,8192,4096,16384,13312,1677.282,1970.21,1433.282,-0.833
mixed,128,96,0.75,4.0,256,0,128,512,416,269.535,277.888,260.705,-1.0571
mixed,128,96,0.75,4.0,256,0,256,1024,832,309.087,328.159,301.247,-0.4111
mixed,128,96,0.75,4.0,256,0,512,2048,1664,379.424,415.073,401.056,0.6068
mixed,128,96,0.75,4.0,256,0,1024,4096,3328,532.833,608.193,559.424,0.3529
mixed,128,96,0.75,4.0,256,0,2048,8192,6656,858.497,1003.105,880.864,0.1547
mixed,128,96,0.75,4.0,256,0,4096,16384,13312,1483.36,1767.009,1524.994,0.1468
mixed,128,96,0.75,4.0,256,512,128,512,416,268.545,280.03,274.497,0.5182
mixed,128,96,0.75,4.0,256,512,256,1024,832,314.496,333.6,326.177,0.6114
mixed,128,96,0.75,4.0,256,512,512,2048,1664,395.265,430.175,413.923,0.5345
mixed,128,96,0.75,4.0,256,512,1024,4096,3328,546.625,623.038,555.393,0.1147
mixed,128,96,0.75,4.0,256,512,2048,8192,6656,858.78,1006.56,879.041,0.1371
mixed,128,96,0.75,4.0,256,512,4096,16384,13312,1487.237,1769.475,1509.508,0.0789
mixed,128,96,0.75,4.0,256,1024,128,512,416,316.446,283.392,317.374,
mixed,128,96,0.75,4.0,256,1024,256,1024,832,322.594,342.848,333.536,0.5402
mixed,128,96,0.75,4.0,256,1024,512,2048,1664,406.399,442.784,426.335,0.5479
mixed,128,96,0.75,4.0,256,1024,1024,4096,3328,561.375,634.049,571.841,0.144
mixed,128,96,0.75,4.0,256,1024,2048,8192,6656,872.896,1021.789,881.92,0.0606
mixed,128,96,0.75,4.0,256,1024,4096,16384,13312,1490.081,1790.116,1517.734,0.0922
mixed,128,96,0.75,4.0,256,2048,128,512,416,339.582,355.135,340.448,0.0557
mixed,128,96,0.75,4.0,256,2048,256,1024,832,385.503,343.488,384.03,
mixed,128,96,0.75,4.0,256,2048,512,2048,1664,420.801,468.511,454.079,0.6975
mixed,128,96,0.75,4.0,256,2048,1024,4096,3328,591.074,660.257,614.981,0.3456
mixed,128,96,0.75,4.0,256,2048,2048,8192,6656,896.801,1038.659,914.016,0.1214
mixed,128,96,0.75,4.0,256,2048,4096,16384,13312,1514.951,1801.443,1523.236,0.0289
mixed,128,96,0.75,4.0,256,4096,128,512,416,387.744,402.879,389.28,0.1015
mixed,128,96,0.75,4.0,256,4096,256,1024,832,436.004,449.505,432.703,-0.2445
mixed,128,96,0.75,4.0,256,4096,512,2048,1664,508.768,466.115,510.532,
mixed,128,96,0.75,4.0,256,4096,1024,4096,3328,619.392,720.514,682.976,0.6288
mixed,128,96,0.75,4.0,256,4096,2048,8192,6656,953.218,1099.552,993.215,0.2733
mixed,128,96,0.75,4.0,256,4096,4096,16384,13312,1572.193,1858.915,1586.626,0.0503
mixed,128,96,0.75,4.0,256,8192,128,512,416,491.138,502.754,490.915,-0.0192
mixed,128,96,0.75,4.0,256,8192,256,1024,832,535.234,551.263,535.2,-0.0021
mixed,128,96,0.75,4.0,256,8192,512,2048,1664,612.354,649.154,613.825,0.04
mixed,128,96,0.75,4.0,256,8192,1024,4096,3328,763.811,715.173,769.57,
mixed,128,96,0.75,4.0,256,8192,2048,8192,6656,1017.534,1218.241,1130.402,0.5624
mixed,128,96,0.75,4.0,256,8192,4096,16384,13312,1677.826,1963.108,1751.616,0.2587
mixed,128,96,0.75,4.0,512,0,128,512,416,317.57,328.608,306.975,-0.9599
mixed,128,96,0.75,4.0,512,0,256,1024,832,353.442,370.145,350.624,-0.1687
mixed,128,96,0.75,4.0,512,0,512,2048,1664,434.754,463.747,420.898,-0.4779
mixed,128,96,0.75,4.0,512,0,1024,4096,3328,575.2,648.001,596.318,0.2901
mixed,128,96,0.75,4.0,512,0,2048,8192,6656,882.56,1030.467,884.003,0.0098
mixed,128,96,0.75,4.0,512,0,4096,16384,13312,1518.178,1803.938,1530.047,0.0415
mixed,128,96,0.75,4.0,512,512,128,512,416,331.711,349.504,337.153,0.3059
mixed,128,96,0.75,4.0,512,512,256,1024,832,384.226,401.535,379.875,-0.2514
mixed,128,96,0.75,4.0,512,512,512,2048,1664,454.563,492.961,459.583,0.1307
mixed,128,96,0.75,4.0,512,512,1024,4096,3328,613.537,685.25,619.102,0.0776
mixed,128,96,0.75,4.0,512,512,2048,8192,6656,922.914,1065.921,917.857,-0.0354
mixed,128,96,0.75,4.0,512,512,4096,16384,13312,1552.32,1822.53,1540.321,-0.0444
mixed,128,96,0.75,4.0,512,1024,128,512,416,363.138,373.92,365.536,0.2224
mixed,128,96,0.75,4.0,512,1024,256,1024,832,406.528,429.059,411.006,0.1987
mixed,128,96,0.75,4.0,512,1024,512,2048,1664,484.544,518.178,480.547,-0.1188
mixed,128,96,0.75,4.0,512,1024,1024,4096,3328,638.43,705.376,638.974,0.0081
mixed,128,96,0.75,4.0,512,1024,2048,8192,6656,941.664,1084.416,933.25,-0.0589
mixed,128,96,0.75,4.0,512,1024,4096,16384,13312,1572.834,1847.554,1564.258,-0.0312
mixed,128,96,0.75,4.0,512,2048,128,512,416,405.632,423.776,410.113,0.247
mixed,128,96,0.75,4.0,512,2048,256,1024,832,449.408,471.041,452.611,0.1481
mixed,128,96,0.75,4.0,512,2048,512,2048,1664,526.912,564.671,535.52,0.228
mixed,128,96,0.75,4.0,512,2048,1024,4096,3328,688.576,756.897,678.34,-0.1498
mixed,128,96,0.75,4.0,512,2048,2048,8192,6656,990.526,1134.019,990.207,-0.0022
mixed,128,96,0.75,4.0,512,2048,4096,16384,13312,1609.345,1887.873,1602.851,-0.0233
mixed,128,96,0.75,4.0,512,4096,128,512,416,512.514,520.003,510.656,-0.2481
mixed,128,96,0.75,4.0,512,4096,256,1024,832,556.831,569.313,552.192,-0.3717
mixed,128,96,0.75,4.0,512,4096,512,2048,1664,631.04,669.057,628.194,-0.0749
mixed,128,96,0.75,4.0,512,4096,1024,4096,3328,782.4,858.02,782.306,-0.0012
mixed,128,96,0.75,4.0,512,4096,2048,8192,6656,1092.578,1231.65,1078.464,-0.1015
mixed,128,96,0.75,4.0,512,4096,4096,16384,13312,1704.736,1995.494,1698.178,-0.0226
mixed,128,96,0.75,4.0,512,8192,128,512,416,699.714,703.617,692.767,-1.7799
mixed,128,96,0.75,4.0,512,8192,256,1024,832,742.628,763.81,743.491,0.0407
mixed,128,96,0.75,4.0,512,8192,512,2048,1664,828.289,859.396,820.259,-0.2581
mixed,128,96,0.75,4.0,512,8192,1024,4096,3328,982.079,1051.808,971.711,-0.1487
mixed,128,96,0.75,4.0,512,8192,2048,8192,6656,1294.4,1430.336,1283.715,-0.0786
mixed,128,96,0.75,4.0,512,8192,4096,16384,13312,1906.726,2183.684,1894.34,-0.0447
mixed,128,96,0.75,4.0,1024,0,128,512,416,479.425,490.018,487.07,0.7217
mixed,128,96,0.75,4.0,1024,0,256,1024,832,516.704,531.841,532.769,1.0613
mixed,128,96,0.75,4.0,1024,0,512,2048,1664,594.685,632.063,608.706,0.3751
mixed,128,96,0.75,4.0,1024,0,1024,4096,3328,752.13,822.497,774.752,0.3215
mixed,128,96,0.75,4.0,1024,0,2048,8192,6656,1082.302,1222.014,1082.532,0.0016
mixed,128,96,0.75,4.0,1024,0,4096,16384,13312,1709.828,1984.997,1767.714,0.2104
mixed,128,96,0.75,4.0,1024,512,128,512,416,591.072,596.35,603.487,2.3522
mixed,128,96,0.75,4.0,1024,512,256,1024,832,633.313,657.056,657.152,1.004
mixed,128,96,0.75,4.0,1024,512,512,2048,1664,712.701,744.702,721.16,0.2643
mixed,128,96,0.75,4.0,1024,512,1024,4096,3328,858.18,935.04,884.963,0.3485
mixed,128,96,0.75,4.0,1024,512,2048,8192,6656,1176.642,1333.251,1219.873,0.276
mixed,128,96,0.75,4.0,1024,512,4096,16384,13312,1831.361,2104.896,1887.909,0.2067
mixed,128,96,0.75,4.0,1024,1024,128,512,416,620.226,621.185,721.375,105.4734
mixed,128,96,0.75,4.0,1024,1024,256,1024,832,665.278,675.485,679.812,1.4239
mixed,128,96,0.75,4.0,1024,1024,512,2048,1664,746.048,767.395,755.939,0.4633
mixed,128,96,0.75,4.0,1024,1024,1024,4096,3328,891.173,953.89,909.696,0.2953
mixed,128,96,0.75,4.0,1024,1024,2048,8192,6656,1210.08,1353.312,1241.86,0.2219
mixed,128,96,0.75,4.0,1024,1024,4096,16384,13312,1852.609,2152.071,1916.19,0.2123
mixed,128,96,0.75,4.0,1024,2048,128,512,416,674.048,689.186,687.679,0.9004
mixed,128,96,0.75,4.0,1024,2048,256,1024,832,715.425,729.476,732.131,1.189
mixed,128,96,0.75,4.0,1024,2048,512,2048,1664,797.212,830.881,799.908,0.0801
mixed,128,96,0.75,4.0,1024,2048,1024,4096,3328,933.635,1004.128,958.848,0.3577
mixed,128,96,0.75,4.0,1024,2048,2048,8192,6656,1266.72,1410.589,1293.822,0.1884
mixed,128,96,0.75,4.0,1024,2048,4096,16384,13312,1893.766,2184.832,1961.253,0.2319
mixed,128,96,0.75,4.0,1024,4096,128,512,416,789.598,786.822,792.064,
mixed,128,96,0.75,4.0,1024,4096,256,1024,832,812.541,835.523,829.345,0.7312
mixed,128,96,0.75,4.0,1024,4096,512,2048,1664,895.997,933.471,908.547,0.3349
mixed,128,96,0.75,4.0,1024,4096,1024,4096,3328,1054.147,1125.345,1073.697,0.2746
mixed,128,96,0.75,4.0,1024,4096,2048,8192,6656,1357.057,1502.493,1385.632,0.1965
mixed,128,96,0.75,4.0,1024,4096,4096,16384,13312,1984.292,2264.195,2035.878,0.1843
mixed,128,96,0.75,4.0,1024,8192,128,512,416,997.856,1007.043,1026.21,3.0863
mixed,128,96,0.75,4.0,1024,8192,256,1024,832,1041.926,1067.936,1055.009,0.503
mixed,128,96,0.75,4.0,1024,8192,512,2048,1664,1103.424,1162.5,1146.72,0.7329
mixed,128,96,0.75,4.0,1024,8192,1024,4096,3328,1274.754,1346.497,1293.923,0.2672
mixed,128,96,0.75,4.0,1024,8192,2048,8192,6656,1587.745,1729.474,1615.681,0.1971
mixed,128,96,0.75,4.0,1024,8192,4096,16384,13312,2211.554,2490.529,2246.44,0.1251
mixed,128,96,0.75,4.0,2048,0,128,512,416,743.171,758.625,756.834,0.8841
mixed,128,96,0.75,4.0,2048,0,256,1024,832,792.45,807.587,802.659,0.6744
mixed,128,96,0.75,4.0,2048,0,512,2048,1664,865.218,893.985,883.102,0.6217
mixed,128,96,0.75,4.0,2048,0,1024,4096,3328,1018.372,1091.393,1042.016,0.3238
mixed,128,96,0.75,4.0,2048,0,2048,8192,6656,1335.936,1487.873,1362.275,0.1734
mixed,128,96,0.75,4.0,2048,0,4096,16384,13312,1978.53,2260.964,2025.952,0.1679
mixed,128,96,0.75,4.0,2048,512,128,512,416,935.553,949.156,955.232,1.4467
mixed,128,96,0.75,4.0,2048,512,256,1024,832,977.284,991.55,988.708,0.8008
mixed,128,96,0.75,4.0,2048,512,512,2048,1664,1052.8,1088.771,1066.339,0.3764
mixed,128,96,0.75,4.0,2048,512,1024,4096,3328,1206.691,1274.628,1228.098,0.3151
mixed,128,96,0.75,4.0,2048,512,2048,8192,6656,1529.603,1671.975,1562.115,0.2284
mixed,128,96,0.75,4.0,2048,512,4096,16384,13312,2164.546,2450.594,2215.94,0.1797
mixed,128,96,0.75,4.0,2048,1024,128,512,416,972.866,986.851,988.545,1.1211
mixed,128,96,0.75,4.0,2048,1024,256,1024,832,1021.535,1033.058,1030.271,0.7581
mixed,128,96,0.75,4.0,2048,1024,512,2048,1664,1095.427,1131.298,1109.181,0.3834
mixed,128,96,0.75,4.0,2048,1024,1024,4096,3328,1244.512,1311.616,1273.378,0.4302
mixed,128,96,0.75,4.0,2048,1024,2048,8192,6656,1571.427,1716.45,1596.998,0.1763
mixed,128,96,0.75,4.0,2048,1024,4096,16384,13312,2206.18,2491.204,2261.732,0.1949
mixed,128,96,0.75,4.0,2048,2048,128,512,416,1053.214,1066.498,1070.14,1.2742
mixed,128,96,0.75,4.0,2048,2048,256,1024,832,1094.884,1113.665,1106.338,0.6099
mixed,128,96,0.75,4.0,2048,2048,512,2048,1664,1174.98,1204.036,1192.961,0.6188
mixed,128,96,0.75,4.0,2048,2048,1024,4096,3328,1319.489,1399.11,1348.902,0.3694
mixed,128,96,0.75,4.0,2048,2048,2048,8192,6656,1634.911,1784.295,1673.157,0.256
mixed,128,96,0.75,4.0,2048,2048,4096,16384,13312,2275.871,2564.647,2328.77,0.1832
mixed,128,96,0.75,4.0,2048,4096,128,512,416,1218.818,1227.236,1242.534,2.8173
mixed,128,96,0.75,4.0,2048,4096,256,1024,832,1254.402,1282.687,1277.119,0.8031
mixed,128,96,0.75,4.0,2048,4096,512,2048,1664,1348.638,1373.891,1360.677,0.4767
mixed,128,96,0.75,4.0,2048,4096,1024,4096,3328,1488.321,1566.019,1514.34,0.3349
mixed,128,96,0.75,4.0,2048,4096,2048,8192,6656,1805.733,1953.669,1838.394,0.2208
mixed,128,96,0.75,4.0,2048,4096,4096,16384,13312,2424.739,2706.499,2488.293,0.2256
mixed,128,96,0.75,4.0,2048,8192,128,512,416,1530.724,1539.393,1556.263,2.946
mixed,128,96,0.75,4.0,2048,8192,256,1024,832,1573.122,1588.391,1586.849,0.899
mixed,128,96,0.75,4.0,2048,8192,512,2048,1664,1643.841,1689.251,1673.411,0.6512
mixed,128,96,0.75,4.0,2048,8192,1024,4096,3328,1807.617,1871.364,1824.742,0.2686
mixed,128,96,0.75,4.0,2048,8192,2048,8192,6656,2123.009,2265.51,2157.443,0.2416
mixed,128,96,0.75,4.0,2048,8192,4096,16384,13312,2734.374,3025.123,2789.827,0.1907
pure,128,115,0.8984,4.0,0,0,128,512,473,200.644,205.503,200.897,0.0521
pure,128,115,0.8984,4.0,0,0,256,1024,946,243.266,254.816,248.704,0.4708
pure,128,115,0.8984,4.0,0,0,512,2048,1892,334.591,349.088,344.129,0.6579
pure,128,115,0.8984,4.0,0,0,1024,4096,3784,510.881,538.847,525.155,0.5104
pure,128,115,0.8984,4.0,0,0,2048,8192,7568,863.297,920.485,885.795,0.3934
pure,128,115,0.8984,4.0,0,0,4096,16384,15136,1560.77,1683.397,2386.725,6.7355
mixed,128,115,0.8984,4.0,16,0,128,512,473,211.455,216.673,214.497,0.583
mixed,128,115,0.8984,4.0,16,0,256,1024,946,259.489,265.28,261.121,0.2818
mixed,128,115,0.8984,4.0,16,0,512,2048,1892,348.03,361.858,355.23,0.5207
mixed,128,115,0.8984,4.0,16,0,1024,4096,3784,522.626,551.52,536.067,0.4652
mixed,128,115,0.8984,4.0,16,0,2048,8192,7568,877.986,930.435,900.867,0.4363
mixed,128,115,0.8984,4.0,16,0,4096,16384,15136,1579.327,1700.611,1614.499,0.29
mixed,128,115,0.8984,4.0,16,512,128,512,473,210.818,218.591,213.825,0.3869
mixed,128,115,0.8984,4.0,16,512,256,1024,946,258.369,265.951,262.271,0.5146
mixed,128,115,0.8984,4.0,16,512,512,2048,1892,348.928,366.753,352.674,0.2102
mixed,128,115,0.8984,4.0,16,512,1024,4096,3784,525.856,550.848,530.244,0.1756
mixed,128,115,0.8984,4.0,16,512,2048,8192,7568,876.0,934.496,897.761,0.372
mixed,128,115,0.8984,4.0,16,512,4096,16384,15136,1574.755,1699.299,1612.484,0.3029
mixed,128,115,0.8984,4.0,16,1024,128,512,473,240.866,253.888,215.933,-1.9147
mixed,128,115,0.8984,4.0,16,1024,256,1024,946,254.91,265.024,262.113,0.7122
mixed,128,115,0.8984,4.0,16,1024,512,2048,1892,347.039,362.882,352.096,0.3192
mixed,128,115,0.8984,4.0,16,1024,1024,4096,3784,530.339,553.473,530.402,0.0027
mixed,128,115,0.8984,4.0,16,1024,2048,8192,7568,879.169,935.104,898.399,0.3438
mixed,128,115,0.8984,4.0,16,1024,4096,16384,15136,1583.203,1697.314,1598.435,0.1335
mixed,128,115,0.8984,4.0,16,2048,128,512,473,246.816,374.081,231.776,-0.1182
mixed,128,115,0.8984,4.0,16,2048,256,1024,946,306.175,323.777,261.122,-2.5595
mixed,128,115,0.8984,4.0,16,2048,512,2048,1892,346.848,362.563,356.579,0.6192
mixed,128,115,0.8984,4.0,16,2048,1024,4096,3784,529.058,553.568,535.073,0.2454
mixed,128,115,0.8984,4.0,16,2048,2048,8192,7568,882.688,936.928,886.561,0.0714
mixed,128,115,0.8984,4.0,16,2048,4096,16384,15136,1578.85,1696.323,1619.074,0.3424
mixed,128,115,0.8984,4.0,16,4096,128,512,473,242.559,247.711,250.561,1.5532
mixed,128,115,0.8984,4.0,16,4096,256,1024,946,310.014,325.887,281.441,-1.8001
mixed,128,115,0.8984,4.0,16,4096,512,2048,1892,433.537,463.458,350.274,-2.7828
mixed,128,115,0.8984,4.0,16,4096,1024,4096,3784,524.32,554.369,532.415,0.2694
mixed,128,115,0.8984,4.0,16,4096,2048,8192,7568,883.039,941.668,887.396,0.0743
mixed,128,115,0.8984,4.0,16,4096,4096,16384,15136,1577.058,1698.274,1617.796,0.3361
mixed,128,115,0.8984,4.0,16,8192,128,512,473,239.746,248.767,248.702,0.9928
mixed,128,115,0.8984,4.0,16,8192,256,1024,946,303.072,312.13,312.48,1.0386
mixed,128,115,0.8984,4.0,16,8192,512,2048,1892,430.337,461.09,378.046,-1.7004
mixed,128,115,0.8984,4.0,16,8192,1024,4096,3784,689.378,735.649,532.96,-3.3805
mixed,128,115,0.8984,4.0,16,8192,2048,8192,7568,878.816,942.527,891.901,0.2054
mixed,128,115,0.8984,4.0,16,8192,4096,16384,15136,1575.81,1699.106,1608.13,0.2621
mixed,128,115,0.8984,4.0,32,0,128,512,473,212.098,225.569,218.72,0.4916
mixed,128,115,0.8984,4.0,32,0,256,1024,946,261.122,268.702,266.111,0.6582
mixed,128,115,0.8984,4.0,32,0,512,2048,1892,348.768,367.967,356.544,0.405
mixed,128,115,0.8984,4.0,32,0,1024,4096,3784,529.022,554.145,537.792,0.3491
mixed,128,115,0.8984,4.0,32,0,2048,8192,7568,875.554,936.964,902.496,0.4387
mixed,128,115,0.8984,4.0,32,0,4096,16384,15136,1580.612,1699.811,1609.186,0.2397
mixed,128,115,0.8984,4.0,32,512,128,512,473,244.066,251.391,214.303,-4.0632
mixed,128,115,0.8984,4.0,32,512,256,1024,946,300.96,314.307,262.722,-2.8649
mixed,128,115,0.8984,4.0,32,512,512,2048,1892,390.689,409.471,356.385,-1.8264
mixed,128,115,0.8984,4.0,32,512,1024,4096,3784,553.536,588.608,524.898,-0.8165
mixed,128,115,0.8984,4.0,32,512,2048,8192,7568,900.895,947.902,898.912,-0.0422
mixed,128,115,0.8984,4.0,32,512,4096,16384,15136,1583.809,1696.964,1616.066,0.2851
mixed,128,115,0.8984,4.0,32,1024,128,512,473,243.361,253.763,235.522,-0.7536
mixed,128,115,0.8984,4.0,32,1024,256,1024,946,303.614,318.209,261.311,-2.8985
mixed,128,115,0.8984,4.0,32,1024,512,2048,1892,418.752,429.09,354.913,-6.1752
mixed,128,115,0.8984,4.0,32,1024,1024,4096,3784,575.969,613.857,531.138,-1.1833
mixed,128,115,0.8984,4.0,32,1024,2048,8192,7568,912.8,975.971,903.456,-0.1479
mixed,128,115,0.8984,4.0,32,1024,4096,16384,15136,1588.032,1707.491,1614.37,0.2205
mixed,128,115,0.8984,4.0,32,2048,128,512,473,243.683,248.992,248.833,0.9701
mixed,128,115,0.8984,4.0,32,2048,256,1024,946,305.918,323.105,283.458,-1.3068
mixed,128,115,0.8984,4.0,32,2048,512,2048,1892,431.106,456.351,355.359,-3.0005
mixed,128,115,0.8984,4.0,32,2048,1024,4096,3784,627.334,656.544,540.895,-2.9592
mixed,128,115,0.8984,4.0,32,2048,2048,8192,7568,935.554,1019.041,887.426,-0.5765
mixed,128,115,0.8984,4.0,32,2048,4096,16384,15136,1636.482,1748.676,1612.577,-0.2131
mixed,128,115,0.8984,4.0,32,4096,128,512,473,241.763,246.849,242.814,0.2066
mixed,128,115,0.8984,4.0,32,4096,256,1024,946,299.165,315.747,312.8,0.8223
mixed,128,115,0.8984,4.0,32,4096,512,2048,1892,428.128,458.816,381.184,-1.5297
mixed,128,115,0.8984,4.0,32,4096,1024,4096,3784,686.944,729.276,536.289,-3.5589
mixed,128,115,0.8984,4.0,32,4096,2048,8192,7568,1046.562,1102.497,904.034,-2.5481
mixed,128,115,0.8984,4.0,32,4096,4096,16384,15136,1703.553,1837.443,1601.03,-0.7657
mixed,128,115,0.8984,4.0,32,8192,128,512,473,242.05,249.887,243.935,0.2405
mixed,128,115,0.8984,4.0,32,8192,256,1024,946,298.018,313.985,306.467,0.5292
mixed,128,115,0.8984,4.0,32,8192,512,2048,1892,418.722,437.151,438.399,1.0677
mixed,128,115,0.8984,4.0,32,8192,1024,4096,3784,672.194,729.022,560.383,-1.9675
mixed,128,115,0.8984,4.0,32,8192,2048,8192,7568,1185.631,1265.922,909.987,-3.4331
mixed,128,115,0.8984,4.0,32,8192,4096,16384,15136,1905.605,2014.752,1587.618,-2.9134
mixed,128,115,0.8984,4.0,64,0,128,512,473,229.442,235.295,223.648,-0.9899
mixed,128,115,0.8984,4.0,64,0,256,1024,946,273.984,274.881,271.587,-2.6722
mixed,128,115,0.8984,4.0,64,0,512,2048,1892,358.337,376.897,370.847,0.674
mixed,128,115,0.8984,4.0,64,0,1024,4096,3784,538.271,565.025,545.187,0.2585
mixed,128,115,0.8984,4.0,64,0,2048,8192,7568,885.283,945.215,904.353,0.3182
mixed,128,115,0.8984,4.0,64,0,4096,16384,15136,1591.843,1703.907,1608.993,0.153
mixed,128,115,0.8984,4.0,64,512,128,512,473,241.186,254.594,236.962,-0.315
mixed,128,115,0.8984,4.0,64,512,256,1024,946,304.193,310.659,271.232,-5.0976
mixed,128,115,0.8984,4.0,64,512,512,2048,1892,390.945,407.298,369.059,-1.3383
mixed,128,115,0.8984,4.0,64,512,1024,4096,3784,550.88,583.069,548.352,-0.0785
mixed,128,115,0.8984,4.0,64,512,2048,8192,7568,887.232,942.626,906.754,0.3524
mixed,128,115,0.8984,4.0,64,512,4096,16384,15136,1593.63,1711.97,1603.939,0.0871
mixed,128,115,0.8984,4.0,64,1024,128,512,473,252.353,259.486,258.82,0.9066
mixed,128,115,0.8984,4.0,64,1024,256,1024,946,306.238,321.407,283.007,-1.5315
mixed,128,115,0.8984,4.0,64,1024,512,2048,1892,407.938,424.48,367.039,-2.4724
mixed,128,115,0.8984,4.0,64,1024,1024,4096,3784,572.929,604.353,545.058,-0.8869
mixed,128,115,0.8984,4.0,64,1024,2048,8192,7568,910.05,955.521,907.905,-0.0472
mixed,128,115,0.8984,4.0,64,1024,4096,16384,15136,1589.762,1708.003,1623.295,0.2836
mixed,128,115,0.8984,4.0,64,2048,128,512,473,244.513,257.217,247.937,0.2695
mixed,128,115,0.8984,4.0,64,2048,256,1024,946,305.856,324.866,324.511,0.9813
mixed,128,115,0.8984,4.0,64,2048,512,2048,1892,429.762,450.976,372.608,-2.6942
mixed,128,115,0.8984,4.0,64,2048,1024,4096,3784,616.672,639.138,541.859,-3.3301
mixed,128,115,0.8984,4.0,64,2048,2048,8192,7568,945.538,996.928,912.897,-0.6352
mixed,128,115,0.8984,4.0,64,2048,4096,16384,15136,1594.85,1704.418,1636.353,0.3788
mixed,128,115,0.8984,4.0,64,4096,128,512,473,247.071,258.336,252.257,0.4604
mixed,128,115,0.8984,4.0,64,4096,256,1024,946,302.017,316.127,311.486,0.6711
mixed,128,115,0.8984,4.0,64,4096,512,2048,1892,429.47,447.743,446.144,0.9125
mixed,128,115,0.8984,4.0,64,4096,1024,4096,3784,666.21,703.169,551.425,-3.1057
mixed,128,115,0.8984,4.0,64,4096,2048,8192,7568,1034.017,1074.816,911.52,-3.0025
mixed,128,115,0.8984,4.0,64,4096,4096,16384,15136,1660.449,1769.28,1644.481,-0.1467
mixed,128,115,0.8984,4.0,64,8192,128,512,473,275.811,283.071,284.161,1.1501
mixed,128,115,0.8984,4.0,64,8192,256,1024,946,309.538,317.732,315.298,0.703
mixed,128,115,0.8984,4.0,64,8192,512,2048,1892,419.872,431.905,428.99,0.7577
mixed,128,115,0.8984,4.0,64,8192,1024,4096,3784,658.498,696.48,696.897,1.011
mixed,128,115,0.8984,4.0,64,8192,2048,8192,7568,1134.656,1224.386,909.596,-2.5082
mixed,128,115,0.8984,4.0,64,8192,4096,16384,15136,1838.527,1937.793,1639.235,-2.0077
mixed,128,115,0.8984,4.0,128,0,128,512,473,239.556,244.384,234.592,-1.0282
mixed,128,115,0.8984,4.0,128,0,256,1024,946,283.105,290.752,279.843,-0.4266
mixed,128,115,0.8984,4.0,128,0,512,2048,1892,365.056,382.371,373.185,0.4695
mixed,128,115,0.8984,4.0,128,0,1024,4096,3784,548.447,574.943,558.209,0.3684
mixed,128,115,0.8984,4.0,128,0,2048,8192,7568,900.832,959.299,914.784,0.2386
mixed,128,115,0.8984,4.0,128,0,4096,16384,15136,1604.476,1717.12,1623.33,0.1674
mixed,128,115,0.8984,4.0,128,512,128,512,473,250.208,254.942,253.087,0.6082
mixed,128,115,0.8984,4.0,128,512,256,1024,946,302.625,312.8,309.856,0.7107
mixed,128,115,0.8984,4.0,128,512,512,2048,1892,396.995,414.53,408.16,0.6367
mixed,128,115,0.8984,4.0,128,512,1024,4096,3784,573.855,600.832,582.818,0.3322
mixed,128,115,0.8984,4.0,128,512,2048,8192,7568,926.974,982.657,910.976,-0.2873
mixed,128,115,0.8984,4.0,128,512,4096,16384,15136,1640.736,1744.994,1607.936,-0.3146
mixed,128,115,0.8984,4.0,128,1024,128,512,473,261.214,265.151,264.959,0.9512
mixed,128,115,0.8984,4.0,128,1024,256,1024,946,307.52,324.958,319.873,0.7084
mixed,128,115,0.8984,4.0,128,1024,512,2048,1892,411.777,426.72,426.561,0.9894
mixed,128,115,0.8984,4.0,128,1024,1024,4096,3784,583.2,614.721,590.817,0.2416
mixed,128,115,0.8984,4.0,128,1024,2048,8192,7568,942.114,995.874,942.753,0.0119
mixed,128,115,0.8984,4.0,128,1024,4096,16384,15136,1653.282,1768.803,1601.733,-0.4462
mixed,128,115,0.8984,4.0,128,2048,128,512,473,254.432,263.264,260.512,0.6884
mixed,128,115,0.8984,4.0,128,2048,256,1024,946,314.656,328.033,319.905,0.3924
mixed,128,115,0.8984,4.0,128,2048,512,2048,1892,426.37,448.703,444.609,0.8167
mixed,128,115,0.8984,4.0,128,2048,1024,4096,3784,615.201,642.655,634.402,0.6994
mixed,128,115,0.8984,4.0,128,2048,2048,8192,7568,974.528,1030.305,990.976,0.2949
mixed,128,115,0.8984,4.0,128,2048,4096,16384,15136,1653.312,1802.117,1711.072,0.3882
mixed,128,115,0.8984,4.0,128,4096,128,512,473,302.751,306.399,306.078,0.912
mixed,128,115,0.8984,4.0,128,4096,256,1024,946,307.424,319.902,315.585,0.654
mixed,128,115,0.8984,4.0,128,4096,512,2048,1892,418.944,436.736,433.185,0.8004
mixed,128,115,0.8984,4.0,128,4096,1024,4096,3784,654.878,695.392,694.913,0.9882
mixed,128,115,0.8984,4.0,128,4096,2048,8192,7568,1028.162,1087.455,1063.298,0.5926
mixed,128,115,0.8984,4.0,128,4096,4096,16384,15136,1740.161,1858.819,1752.896,0.1073
mixed,128,115,0.8984,4.0,128,8192,128,512,473,340.097,336.709,341.692,
mixed,128,115,0.8984,4.0,128,8192,256,1024,946,396.352,409.279,402.271,0.4579
mixed,128,115,0.8984,4.0,128,8192,512,2048,1892,424.768,437.954,428.418,0.2768
mixed,128,115,0.8984,4.0,128,8192,1024,4096,3784,619.873,666.496,647.872,0.6005
mixed,128,115,0.8984,4.0,128,8192,2048,8192,7568,1115.68,1194.628,1187.844,0.9141
mixed,128,115,0.8984,4.0,128,8192,4096,16384,15136,1850.722,1966.468,1911.65,0.5264
mixed,128,115,0.8984,4.0,256,0,128,512,473,274.815,279.586,272.193,-0.5496
mixed,128,115,0.8984,4.0,256,0,256,1024,946,317.088,324.961,315.327,-0.2237
mixed,128,115,0.8984,4.0,256,0,512,2048,1892,402.016,419.873,407.519,0.3082
mixed,128,115,0.8984,4.0,256,0,1024,4096,3784,579.968,608.416,592.095,0.4263
mixed,128,115,0.8984,4.0,256,0,2048,8192,7568,947.361,1001.152,956.864,0.1767
mixed,128,115,0.8984,4.0,256,0,4096,16384,15136,1646.079,1773.922,1658.53,0.0974
mixed,128,115,0.8984,4.0,256,512,128,512,473,271.842,280.573,279.647,0.8939
mixed,128,115,0.8984,4.0,256,512,256,1024,946,318.914,331.745,328.963,0.7832
mixed,128,115,0.8984,4.0,256,512,512,2048,1892,417.283,431.265,427.969,0.7643
mixed,128,115,0.8984,4.0,256,512,1024,4096,3784,590.528,623.201,610.846,0.6219
mixed,128,115,0.8984,4.0,256,512,2048,8192,7568,949.149,1008.096,979.328,0.512
mixed,128,115,0.8984,4.0,256,512,4096,16384,15136,2488.771,1770.465,1708.577,
mixed,128,115,0.8984,4.0,256,1024,128,512,473,276.865,283.394,280.671,0.5829
mixed,128,115,0.8984,4.0,256,1024,256,1024,946,333.567,342.176,336.735,0.368
mixed,128,115,0.8984,4.0,256,1024,512,2048,1892,432.383,448.257,440.354,0.5021
mixed,128,115,0.8984,4.0,256,1024,1024,4096,3784,603.489,638.047,617.727,0.412
mixed,128,115,0.8984,4.0,256,1024,2048,8192,7568,959.039,1022.466,998.528,0.6226
mixed,128,115,0.8984,4.0,256,1024,4096,16384,15136,1666.69,1791.2,1721.314,0.4387
mixed,128,115,0.8984,4.0,256,2048,128,512,473,345.92,353.441,349.216,0.4382
mixed,128,115,0.8984,4.0,256,2048,256,1024,946,327.936,344.097,338.593,0.6594
mixed,128,115,0.8984,4.0,256,2048,512,2048,1892,451.198,471.742,454.689,0.1699
mixed,128,115,0.8984,4.0,256,2048,1024,4096,3784,631.008,660.096,629.249,-0.0605
mixed,128,115,0.8984,4.0,256,2048,2048,8192,7568,981.856,1039.042,974.435,-0.1298
mixed,128,115,0.8984,4.0,256,2048,4096,16384,15136,1682.977,1803.487,1661.954,-0.1745
mixed,128,115,0.8984,4.0,256,4096,128,512,473,400.58,403.104,400.576,-0.0016
mixed,128,115,0.8984,4.0,256,4096,256,1024,946,442.528,453.954,441.059,-0.1286
mixed,128,115,0.8984,4.0,256,4096,512,2048,1892,445.057,467.36,460.734,0.7029
mixed,128,115,0.8984,4.0,256,4096,1024,4096,3784,692.864,722.565,685.121,-0.2607
mixed,128,115,0.8984,4.0,256,4096,2048,8192,7568,1036.382,1094.817,1037.985,0.0274
mixed,128,115,0.8984,4.0,256,4096,4096,16384,15136,1750.557,1855.81,1726.946,-0.2243
mixed,128,115,0.8984,4.0,256,8192,128,512,473,496.959,505.316,498.658,0.2033
mixed,128,115,0.8984,4.0,256,8192,256,1024,946,544.545,550.913,542.818,-0.2712
mixed,128,115,0.8984,4.0,256,8192,512,2048,1892,632.353,644.928,636.065,0.2952
mixed,128,115,0.8984,4.0,256,8192,1024,4096,3784,675.487,713.73,692.735,0.451
mixed,128,115,0.8984,4.0,256,8192,2048,8192,7568,1159.233,1223.263,1140.353,-0.2949
mixed,128,115,0.8984,4.0,256,8192,4096,16384,15136,1848.356,1964.898,1842.176,-0.053
mixed,128,115,0.8984,4.0,512,0,128,512,473,320.865,330.659,321.183,0.0325
mixed,128,115,0.8984,4.0,512,0,256,1024,946,361.441,371.65,365.216,0.3698
mixed,128,115,0.8984,4.0,512,0,512,2048,1892,447.039,464.8,446.592,-0.0252
mixed,128,115,0.8984,4.0,512,0,1024,4096,3784,619.361,650.785,630.913,0.3676
mixed,128,115,0.8984,4.0,512,0,2048,8192,7568,969.41,1031.87,1006.755,0.5979
mixed,128,115,0.8984,4.0,512,0,4096,16384,15136,1694.978,1806.945,1728.066,0.2955
mixed,128,115,0.8984,4.0,512,512,128,512,473,342.335,351.551,345.918,0.3888
mixed,128,115,0.8984,4.0,512,512,256,1024,946,390.049,398.592,395.296,0.6142
mixed,128,115,0.8984,4.0,512,512,512,2048,1892,477.761,494.882,484.382,0.3867
mixed,128,115,0.8984,4.0,512,512,1024,4096,3784,657.827,682.53,661.504,0.1488
mixed,128,115,0.8984,4.0,512,512,2048,8192,7568,1005.374,1064.996,1032.643,0.4574
mixed,128,115,0.8984,4.0,512,512,4096,16384,15136,1713.091,1828.929,1761.186,0.4152
mixed,128,115,0.8984,4.0,512,1024,128,512,473,368.095,376.03,368.64,0.0687
mixed,128,115,0.8984,4.0,512,1024,256,1024,946,418.85,417.887,413.696,
mixed,128,115,0.8984,4.0,512,1024,512,2048,1892,502.497,521.568,505.793,0.1728
mixed,128,115,0.8984,4.0,512,1024,1024,4096,3784,683.041,699.972,684.096,0.0623
mixed,128,115,0.8984,4.0,512,1024,2048,8192,7568,1027.23,1087.039,1048.418,0.3543
mixed,128,115,0.8984,4.0,512,1024,4096,16384,15136,1738.017,1849.922,1776.705,0.3457
mixed,128,115,0.8984,4.0,512,2048,128,512,473,418.112,424.004,415.265,-0.4832
mixed,128,115,0.8984,4.0,512,2048,256,1024,946,458.781,469.313,464.993,0.5898
mixed,128,115,0.8984,4.0,512,2048,512,2048,1892,548.8,568.002,554.494,0.2965
mixed,128,115,0.8984,4.0,512,2048,1024,4096,3784,719.231,750.015,731.328,0.393
mixed,128,115,0.8984,4.0,512,2048,2048,8192,7568,1068.383,1132.447,1095.168,0.4181
mixed,128,115,0.8984,4.0,512,2048,4096,16384,15136,1775.871,1892.545,1822.433,0.3991
mixed,128,115,0.8984,4.0,512,4096,128,512,473,517.727,527.328,513.857,-0.4031
mixed,128,115,0.8984,4.0,512,4096,256,1024,946,561.087,570.115,564.512,0.3794
mixed,128,115,0.8984,4.0,512,4096,512,2048,1892,646.304,664.128,648.673,0.1329
mixed,128,115,0.8984,4.0,512,4096,1024,4096,3784,830.239,854.465,827.299,-0.1214
mixed,128,115,0.8984,4.0,512,4096,2048,8192,7568,1171.17,1228.799,1195.331,0.4193
mixed,128,115,0.8984,4.0,512,4096,4096,16384,15136,1879.908,1987.013,1919.232,0.3672
mixed,128,115,0.8984,4.0,512,8192,128,512,473,702.463,705.982,700.639,-0.5183
mixed,128,115,0.8984,4.0,512,8192,256,1024,946,747.934,756.991,750.942,0.3321
mixed,128,115,0.8984,4.0,512,8192,512,2048,1892,840.96,858.531,848.064,0.4043
mixed,128,115,0.8984,4.0,512,8192,1024,4096,3784,1019.009,1053.505,1022.176,0.0918
mixed,128,115,0.8984,4.0,512,8192,2048,8192,7568,1379.841,1437.988,1382.016,0.0374
mixed,128,115,0.8984,4.0,512,8192,4096,16384,15136,2068.546,2186.276,2105.668,0.3153
mixed,128,115,0.8984,4.0,1024,0,128,512,473,470.688,477.568,476.353,0.8234
mixed,128,115,0.8984,4.0,1024,0,256,1024,946,523.393,541.984,538.337,0.8038
mixed,128,115,0.8984,4.0,1024,0,512,2048,1892,610.913,631.518,626.657,0.7641
mixed,128,115,0.8984,4.0,1024,0,1024,4096,3784,800.194,827.266,808.769,0.3167
mixed,128,115,0.8984,4.0,1024,0,2048,8192,7568,1154.529,1220.033,1165.634,0.1695
mixed,128,115,0.8984,4.0,1024,0,4096,16384,15136,1876.992,2000.771,1905.826,0.2329
mixed,128,115,0.8984,4.0,1024,512,128,512,473,553.121,554.304,545.726,-6.2511
mixed,128,115,0.8984,4.0,1024,512,256,1024,946,598.974,610.69,608.578,0.8197
mixed,128,115,0.8984,4.0,1024,512,512,2048,1892,673.92,705.599,691.361,0.5506
mixed,128,115,0.8984,4.0,1024,512,1024,4096,3784,865.538,900.509,877.502,0.3421
mixed,128,115,0.8984,4.0,1024,512,2048,8192,7568,1238.046,1289.22,1262.242,0.4728
mixed,128,115,0.8984,4.0,1024,512,4096,16384,15136,1950.273,2078.785,1975.741,0.1982
mixed,128,115,0.8984,4.0,1024,1024,128,512,473,585.887,578.208,577.439,
mixed,128,115,0.8984,4.0,1024,1024,256,1024,946,624.575,636.162,626.657,0.1797
mixed,128,115,0.8984,4.0,1024,1024,512,2048,1892,712.289,730.976,726.72,0.7722
mixed,128,115,0.8984,4.0,1024,1024,1024,4096,3784,892.001,915.296,905.982,0.6002
mixed,128,115,0.8984,4.0,1024,1024,2048,8192,7568,1247.78,1319.425,1270.756,0.3207
mixed,128,115,0.8984,4.0,1024,1024,4096,16384,15136,1990.593,2104.868,2016.034,0.2226
mixed,128,115,0.8984,4.0,1024,2048,128,512,473,622.431,638.112,625.314,0.1839
mixed,128,115,0.8984,4.0,1024,2048,256,1024,946,678.884,680.162,671.231,-5.9883
mixed,128,115,0.8984,4.0,1024,2048,512,2048,1892,755.104,785.504,775.939,0.6854
mixed,128,115,0.8984,4.0,1024,2048,1024,4096,3784,941.827,980.738,947.619,0.1489
mixed,128,115,0.8984,4.0,1024,2048,2048,8192,7568,1291.745,1364.67,1320.321,0.3919
mixed,128,115,0.8984,4.0,1024,2048,4096,16384,15136,2027.232,2149.958,2050.912,0.193
mixed,128,115,0.8984,4.0,1024,4096,128,512,473,790.979,793.916,788.711,-0.7722
mixed,128,115,0.8984,4.0,1024,4096,256,1024,946,836.831,843.455,840.292,0.5225
mixed,128,115,0.8984,4.0,1024,4096,512,2048,1892,911.39,935.042,933.119,0.9187
mixed,128,115,0.8984,4.0,1024,4096,1024,4096,3784,1099.072,1130.878,1101.153,0.0654
mixed,128,115,0.8984,4.0,1024,4096,2048,8192,7568,1455.109,1512.642,1478.688,0.4098
mixed,128,115,0.8984,4.0,1024,4096,4096,16384,15136,2149.284,2250.115,2197.699,0.4802
mixed,128,115,0.8984,4.0,1024,8192,128,512,473,1007.396,1016.132,1006.523,-0.0999
mixed,128,115,0.8984,4.0,1024,8192,256,1024,946,1041.57,1059.876,1059.907,1.0017
mixed,128,115,0.8984,4.0,1024,8192,512,2048,1892,1141.991,1157.635,1139.748,-0.1434
mixed,128,115,0.8984,4.0,1024,8192,1024,4096,3784,1326.428,1342.433,1329.217,0.1743
mixed,128,115,0.8984,4.0,1024,8192,2048,8192,7568,1675.711,1731.969,1694.182,0.3283
mixed,128,115,0.8984,4.0,1024,8192,4096,16384,15136,2374.208,2489.089,2405.568,0.273
mixed,128,115,0.8984,4.0,2048,0,128,512,473,750.591,755.423,753.056,0.5101
mixed,128,115,0.8984,4.0,2048,0,256,1024,946,802.047,806.081,801.089,-0.2375
mixed,128,115,0.8984,4.0,2048,0,512,2048,1892,891.009,906.815,890.59,-0.0265
mixed,128,115,0.8984,4.0,2048,0,1024,4096,3784,1063.204,1091.201,1080.033,0.6011
mixed,128,115,0.8984,4.0,2048,0,2048,8192,7568,1425.633,1489.917,1454.945,0.456
mixed,128,115,0.8984,4.0,2048,0,4096,16384,15136,2145.283,2257.699,2176.415,0.2769
mixed,128,115,0.8984,4.0,2048,512,128,512,473,938.111,948.869,947.581,0.8803
mixed,128,115,0.8984,4.0,2048,512,256,1024,946,981.988,997.826,987.037,0.3188
mixed,128,115,0.8984,4.0,2048,512,512,2048,1892,1072.577,1095.044,1075.172,0.1155
mixed,128,115,0.8984,4.0,2048,512,1024,4096,3784,1253.954,1283.298,1269.883,0.5428
mixed,128,115,0.8984,4.0,2048,512,2048,8192,7568,1616.194,1674.334,1638.054,0.376
mixed,128,115,0.8984,4.0,2048,512,4096,16384,15136,2337.347,2453.216,2369.375,0.2764
mixed,128,115,0.8984,4.0,2048,1024,128,512,473,976.509,985.565,980.226,0.4104
mixed,128,115,0.8984,4.0,2048,1024,256,1024,946,1021.79,1032.162,1027.775,0.577
mixed,128,115,0.8984,4.0,2048,1024,512,2048,1892,1115.326,1132.352,1125.824,0.6166
mixed,128,115,0.8984,4.0,2048,1024,1024,4096,3784,1296.672,1321.156,1300.258,0.1465
mixed,128,115,0.8984,4.0,2048,1024,2048,8192,7568,1655.713,1717.346,1678.946,0.377
mixed,128,115,0.8984,4.0,2048,1024,4096,16384,15136,2371.615,2501.757,2407.103,0.2727
mixed,128,115,0.8984,4.0,2048,2048,128,512,473,1051.778,1060.034,1059.749,0.9655
mixed,128,115,0.8984,4.0,2048,2048,256,1024,946,1104.672,1110.107,1104.324,-0.064
mixed,128,115,0.8984,4.0,2048,2048,512,2048,1892,1185.986,1206.818,1199.424,0.6451
mixed,128,115,0.8984,4.0,2048,2048,1024,4096,3784,1369.247,1397.378,1375.141,0.2095
mixed,128,115,0.8984,4.0,2048,2048,2048,8192,7568,1731.429,1783.934,1753.311,0.4168
mixed,128,115,0.8984,4.0,2048,2048,4096,16384,15136,2439.583,2562.341,2469.638,0.2448
mixed,128,115,0.8984,4.0,2048,4096,128,512,473,1219.265,1226.142,1227.043,1.131
mixed,128,115,0.8984,4.0,2048,4096,256,1024,946,1269.762,1273.831,1263.743,-1.4792
mixed,128,115,0.8984,4.0,2048,4096,512,2048,1892,1358.531,1368.005,1366.243,0.814
mixed,128,115,0.8984,4.0,2048,4096,1024,4096,3784,1529.952,1556.221,1547.329,0.6615
mixed,128,115,0.8984,4.0,2048,4096,2048,8192,7568,1882.561,1938.048,1912.1,0.5324
mixed,128,115,0.8984,4.0,2048,4096,4096,16384,15136,2591.103,2708.485,2609.855,0.1598
mixed,128,115,0.8984,4.0,2048,8192,128,512,473,1534.207,1536.801,1538.592,1.6904
mixed,128,115,0.8984,4.0,2048,8192,256,1024,946,1588.132,1595.043,1587.072,-0.1534
mixed,128,115,0.8984,4.0,2048,8192,512,2048,1892,1673.216,1680.098,1674.013,0.1158
mixed,128,115,0.8984,4.0,2048,8192,1024,4096,3784,1844.161,1880.163,1859.586,0.4284
mixed,128,115,0.8984,4.0,2048,8192,2048,8192,7568,2196.927,2247.972,2214.721,0.3486
mixed,128,115,0.8984,4.0,2048,8192,4096,16384,15136,2895.362,3017.827,2927.908,0.2658
pure,256,1,0.0039,4.0,0,0,128,512,129,192.96,302.143,222.462,0.2702
pure,256,1,0.0039,4.0,0,0,256,1024,259,249.889,394.468,250.431,0.0037
pure,256,1,0.0039,4.0,0,0,512,2048,518,301.698,578.591,301.569,-0.0005
pure,256,1,0.0039,4.0,0,0,1024,4096,1036,397.024,959.873,396.129,-0.0016
pure,256,1,0.0039,4.0,0,0,2048,8192,2072,584.317,1715.554,586.815,0.0022
pure,256,1,0.0039,4.0,0,0,4096,16384,4144,971.395,3232.898,964.673,-0.003
pure,256,2,0.0078,4.0,0,0,128,512,131,192.865,300.61,219.296,0.2453
pure,256,2,0.0078,4.0,0,0,256,1024,262,252.642,392.383,250.336,-0.0165
pure,256,2,0.0078,4.0,0,0,512,2048,524,303.361,583.264,301.055,-0.0082
pure,256,2,0.0078,4.0,0,0,1024,4096,1048,396.48,958.049,396.448,-0.0001
pure,256,2,0.0078,4.0,0,0,2048,8192,2096,589.378,1720.065,590.817,0.0013
pure,256,2,0.0078,4.0,0,0,4096,16384,4192,973.026,3215.427,976.511,0.0016
pure,256,3,0.0117,4.0,0,0,128,512,132,192.384,301.444,224.129,0.2911
pure,256,3,0.0117,4.0,0,0,256,1024,265,252.8,394.146,260.929,0.0575
pure,256,3,0.0117,4.0,0,0,512,2048,530,301.89,583.742,326.882,0.0887
pure,256,3,0.0117,4.0,0,0,1024,4096,1060,399.134,963.324,447.168,0.0851
pure,256,3,0.0117,4.0,0,0,2048,8192,2120,592.318,1717.122,682.88,0.0805
pure,256,3,0.0117,4.0,0,0,4096,16384,4240,984.739,3216.162,1146.908,0.0727
pure,256,4,0.0156,4.0,0,0,128,512,134,195.711,300.768,223.777,0.2672
pure,256,4,0.0156,4.0,0,0,256,1024,268,249.25,394.686,260.738,0.079
pure,256,4,0.0156,4.0,0,0,512,2048,536,301.984,582.111,324.193,0.0793
pure,256,4,0.0156,4.0,0,0,1024,4096,1072,399.616,961.793,442.75,0.0767
pure,256,4,0.0156,4.0,0,0,2048,8192,2144,598.24,1716.706,681.247,0.0742
pure,256,4,0.0156,4.0,0,0,4096,16384,4288,998.817,3237.986,1145.025,0.0653
pure,256,16,0.0625,4.0,0,0,128,512,152,194.491,300.258,232.223,0.3567
pure,256,16,0.0625,4.0,0,0,256,1024,304,255.616,391.714,262.527,0.0508
pure,256,16,0.0625,4.0,0,0,512,2048,608,315.903,581.153,325.505,0.0362
pure,256,16,0.0625,4.0,0,0,1024,4096,1216,432.002,959.49,447.457,0.0293
pure,256,16,0.0625,4.0,0,0,2048,8192,2432,652.255,1709.634,689.506,0.0352
pure,256,16,0.0625,4.0,0,0,4096,16384,4864,1106.368,3219.042,1191.49,0.0403
pure,256,32,0.125,4.0,0,0,128,512,176,198.528,304.098,233.087,0.3274
pure,256,32,0.125,4.0,0,0,256,1024,352,266.047,396.801,269.63,0.0274
pure,256,32,0.125,4.0,0,0,512,2048,704,335.424,584.991,339.136,0.0149
pure,256,32,0.125,4.0,0,0,1024,4096,1408,462.625,958.592,466.689,0.0082
pure,256,32,0.125,4.0,0,0,2048,8192,2816,727.458,1722.051,724.894,-0.0026
pure,256,32,0.125,4.0,0,0,4096,16384,5632,1249.698,3241.349,1250.818,0.0006
pure,256,64,0.25,4.0,0,0,128,512,224,209.346,300.319,241.571,0.3542
pure,256,64,0.25,4.0,0,0,256,1024,448,287.841,395.811,280.029,-0.0724
pure,256,64,0.25,4.0,0,0,512,2048,896,371.777,584.511,380.16,0.0394
pure,256,64,0.25,4.0,0,0,1024,4096,1792,537.345,960.833,551.456,0.0333
pure,256,64,0.25,4.0,0,0,2048,8192,3584,864.129,1719.391,897.056,0.0385
pure,256,64,0.25,4.0,0,0,4096,16384,7168,1525.54,3234.915,1589.09,0.0372
pure,256,128,0.5,4.0,0,0,128,512,320,262.594,301.154,257.7,-0.1269
pure,256,128,0.5,4.0,0,0,256,1024,640,323.935,393.791,321.12,-0.0403
pure,256,128,0.5,4.0,0,0,512,2048,1280,441.218,582.816,440.129,-0.0077
pure,256,128,0.5,4.0,0,0,1024,4096,2560,676.068,963.807,677.057,0.0034
pure,256,128,0.5,4.0,0,0,2048,8192,5120,1145.026,1713.699,1146.369,0.0024
pure,256,128,0.5,4.0,0,0,4096,16384,10240,2095.653,3225.571,2088.644,-0.0062
pure,256,192,0.75,4.0,0,0,128,512,416,276.063,302.879,281.726,0.2112
pure,256,192,0.75,4.0,0,0,256,1024,832,361.185,395.519,362.145,0.028
pure,256,192,0.75,4.0,0,0,512,2048,1664,512.48,583.233,522.848,0.1465
pure,256,192,0.75,4.0,0,0,1024,4096,3328,819.901,963.139,845.184,0.1765
pure,256,192,0.75,4.0,0,0,2048,8192,6656,1436.126,1723.715,1493.698,0.2002
pure,256,192,0.75,4.0,0,0,4096,16384,13312,4008.387,3229.123,2787.266,
pure,256,230,0.8984,4.0,0,0,128,512,473,291.007,301.346,294.432,0.3313
pure,256,230,0.8984,4.0,0,0,256,1024,946,377.185,394.497,384.064,0.3974
pure,256,230,0.8984,4.0,0,0,512,2048,1892,549.633,582.688,555.393,0.1743
pure,256,230,0.8984,4.0,0,0,1024,4096,3784,900.929,956.738,904.451,0.0631
pure,256,230,0.8984,4.0,0,0,2048,8192,7568,1608.287,1713.632,1609.153,0.0082
pure,256,230,0.8984,4.0,0,0,4096,16384,15136,3012.485,3222.374,3006.403,-0.029
mixed,4,1,0.25,1.5,16,0,128,192,144,133.857,136.932,137.6,1.2172
mixed,4,1,0.25,2.0,16,0,128,256,160,134.305,142.08,141.151,0.8805
mixed,4,1,0.25,8.0,16,0,128,1024,352,144.224,141.151,140.834,
mixed,4,1,0.25,16.0,16,0,128,2048,608,143.744,144.512,140.125,-4.7122
mixed,8,1,0.125,1.5,16,0,128,192,136,136.129,138.526,138.56,1.0142
mixed,8,1,0.125,2.0,16,0,128,256,144,136.286,142.239,142.626,1.065
mixed,8,1,0.125,8.0,16,0,128,1024,240,139.36,146.302,140.703,0.1935
mixed,8,1,0.125,16.0,16,0,128,2048,368,143.679,154.527,142.846,-0.0768
mixed,4,2,0.5,1.5,16,0,128,192,160,135.969,136.451,137.883,3.971
mixed,4,2,0.5,2.0,16,0,128,256,192,138.464,141.215,141.569,1.1287
pure,4,1,0.25,2.0,0,0,128,256,160,119.52,124.642,124.16,0.9059
pure,4,1,0.25,8.0,0,0,128,1024,352,125.439,129.889,129.634,0.9427
pure,4,1,0.25,16.0,0,0,128,2048,608,127.906,133.278,129.056,0.2141
