prefill_chunk,kv_prefill,n_decode,kv_decode,time_us
0,0,1,16,12.4157
0,0,1,32,12.352
0,0,1,64,12.3523
0,0,1,128,13.7387
0,0,1,256,14.656
0,0,1,512,15.445
0,0,1,1024,16.736
0,0,1,2048,17.9623
0,0,1,4096,21.0237
0,0,1,8192,26.795
0,0,1,16384,38.9013
0,0,1,32768,60.2347
0,0,2,16,12.6507
0,0,2,32,12.5227
0,0,2,64,12.6723
0,0,2,128,14.144
0,0,2,256,14.9017
0,0,2,512,16.7797
0,0,2,1024,18.0697
0,0,2,2048,20.5867
0,0,2,4096,26.7947
0,0,2,8192,37.6537
0,0,2,16384,58.5387
0,0,2,32768,101.781
0,0,4,16,12.8743
0,0,4,32,13.0457
0,0,4,64,12.949
0,0,4,128,14.5493
0,0,4,256,15.264
0,0,4,512,18.0803
0,0,4,1024,20.8323
0,0,4,2048,26.6137
0,0,4,4096,37.962
0,0,4,8192,58.6987
0,0,4,16384,100.981
0,0,4,32768,185.792
0,0,8,16,13.28
0,0,8,32,13.258
0,0,8,64,13.4613
0,0,8,128,14.6233
0,0,8,256,15.6053
0,0,8,512,20.7147
0,0,8,1024,26.624
0,0,8,2048,37.4933
0,0,8,4096,58.8697
0,0,8,8192,101.803
0,0,8,16384,185.792
0,0,8,32768,355.712
0,0,16,16,13.7913
0,0,16,32,13.8233
0,0,16,64,13.9093
0,0,16,128,15.691
0,0,16,256,18.5173
0,0,16,512,27.0507
0,0,16,1024,39.4243
0,0,16,2048,60.5973
0,0,16,4096,102.837
0,0,16,8192,187.626
0,0,16,16384,356.309
0,0,16,32768,692.405
0,0,32,16,17.984
0,0,32,32,18.059
0,0,32,64,18.1653
0,0,32,128,21.269
0,0,32,256,27.3383
0,0,32,512,41.9193
0,0,32,1024,63.595
0,0,32,2048,105.109
0,0,32,4096,189.28
0,0,32,8192,355.552
0,0,32,16384,690.901
0,0,32,32768,1365.01
0,0,64,16,24.4587
0,0,64,32,24.928
0,0,64,64,25.664
0,0,64,128,32.48
0,0,64,256,44.224
0,0,64,512,69.3433
0,0,64,1024,112
0,0,64,2048,192.383
0,0,64,4096,358.197
0,0,64,8192,691.829
0,0,64,16384,1365.65
0,0,64,32768,2709.59
0,0,128,16,37.3867
0,0,128,32,37.7067
0,0,128,64,39.1997
0,0,128,128,54.4847
0,0,128,256,73.4933
0,0,128,512,121.696
0,0,128,1024,205.428
0,0,128,2048,365.866
0,0,128,4096,695.381
0,0,128,8192,1362.93
0,0,128,16384,2698.15
0,0,128,32768,5364.94
0,0,256,16,63.3067
0,0,256,32,65.1413
0,0,256,64,66.9547
0,0,256,128,93.2267
0,0,256,256,124.469
0,0,256,512,217.686
0,0,256,1024,391.595
0,0,256,2048,711.627
0,0,256,4096,1376.63
0,0,256,8192,2723.09
0,0,256,16384,5424.67
0,0,256,32768,10754.8
16,0,0,0,14.6557
16,0,1,16,14.7087
16,0,1,32,14.5603
16,0,1,64,14.6667
16,0,1,128,15.712
16,0,1,256,17.504
16,0,1,512,18.0803
16,0,1,1024,19.136
16,0,1,2048,19.8727
16,0,1,4096,21.9307
16,0,1,8192,28.458
16,0,1,16384,40.192
16,0,1,32768,62.0267
16,0,2,16,14.571
16,0,2,32,14.751
16,0,2,64,14.6563
16,0,2,128,16.224
16,0,2,256,17.4407
16,0,2,512,18.549
16,0,2,1024,19.4667
16,0,2,2048,21.3763
16,0,2,4096,27.8187
16,0,2,8192,43.2747
16,0,2,16384,63.5737
16,0,2,32768,104.459
16,0,4,16,14.592
16,0,4,32,14.784
16,0,4,64,14.7627
16,0,4,128,16.3843
16,0,4,256,17.5563
16,0,4,512,19.3813
16,0,4,1024,21.6527
16,0,4,2048,30.976
16,0,4,4096,43.2213
16,0,4,8192,61.6527
16,0,4,16384,104.246
16,0,4,32768,189.333
16,0,8,16,14.912
16,0,8,32,14.9653
16,0,8,64,14.9443
16,0,8,128,16.5763
16,0,8,256,17.6963
16,0,8,512,26.8907
16,0,8,1024,31.7967
16,0,8,2048,44.4163
16,0,8,4096,62.5493
16,0,8,8192,104.512
16,0,8,16384,187.627
16,0,8,32768,359.552
16,0,16,16,19.456
16,0,16,32,19.744
16,0,16,64,20.096
16,0,16,128,21.6747
16,0,16,256,23.3493
16,0,16,512,31.2633
16,0,16,1024,43.8613
16,0,16,2048,63.4343
16,0,16,4096,104.896
16,0,16,8192,189.237
16,0,16,16384,359.221
16,0,16,32768,697.002
16,0,32,16,20.448
16,0,32,32,20.4903
16,0,32,64,20.7357
16,0,32,128,23.893
16,0,32,256,27.4347
16,0,32,512,42.9117
16,0,32,1024,65.7283
16,0,32,2048,107.969
16,0,32,4096,192.565
16,0,32,8192,359.925
16,0,32,16384,694.538
16,0,32,32768,1363.19
16,0,64,16,29.8343
16,0,64,32,30.0693
16,0,64,64,30.8583
16,0,64,128,36.533
16,0,64,256,45.153
16,0,64,512,71.0613
16,0,64,1024,114.837
16,0,64,2048,197.387
16,0,64,4096,363.84
16,0,64,8192,695.712
16,0,64,16384,1365.2
16,0,64,32768,2698.44
16,0,128,16,48.576
16,0,128,32,48.843
16,0,128,64,50.0907
16,0,128,128,61.4183
16,0,128,256,77.813
16,0,128,512,126.923
16,0,128,1024,213.023
16,0,128,2048,378.123
16,0,128,4096,705.28
16,0,128,8192,1363.6
16,0,128,16384,2693.34
16,0,128,32768,5362.62
16,16,0,0,14.7313
16,16,1,16,14.6347
16,16,1,32,14.6027
16,16,1,64,14.5167
16,16,1,128,15.7553
16,16,1,256,17.0667
16,16,1,512,18.2613
16,16,1,1024,18.496
16,16,1,2048,19.7757
16,16,1,4096,21.7063
16,16,1,8192,27.8613
16,16,1,16384,39.712
16,16,1,32768,61.504
16,16,2,16,14.7303
16,16,2,32,14.7633
16,16,2,64,14.848
16,16,2,128,16.1707
16,16,2,256,17.536
16,16,2,512,19.6903
16,16,2,1024,19.328
16,16,2,2048,22.091
16,16,2,4096,27.627
16,16,2,8192,43.147
16,16,2,16384,64.246
16,16,2,32768,104.916
16,16,4,16,14.6983
16,16,4,32,14.773
16,16,4,64,14.7093
16,16,4,128,16.4587
16,16,4,256,17.6747
16,16,4,512,19.5723
16,16,4,1024,21.6213
16,16,4,2048,31.2213
16,16,4,4096,42.4217
16,16,4,8192,62.069
16,16,4,16384,103.627
16,16,4,32768,189.269
16,16,8,16,14.9447
16,16,8,32,15.072
16,16,8,64,15.1147
16,16,8,128,16.2877
16,16,8,256,17.633
16,16,8,512,27.0397
16,16,8,1024,30.7847
16,16,8,2048,43.0933
16,16,8,4096,63.648
16,16,8,8192,104.512
16,16,8,16384,188.672
16,16,8,32768,359.189
16,16,16,16,19.4347
16,16,16,32,19.5623
16,16,16,64,19.84
16,16,16,128,21.5567
16,16,16,256,23.7977
16,16,16,512,31.0613
16,16,16,1024,44.17
16,16,16,2048,64.0853
16,16,16,4096,103.914
16,16,16,8192,188.629
16,16,16,16384,358.699
16,16,16,32768,697.12
16,16,32,16,20.4593
16,16,32,32,20.299
16,16,32,64,21.014
16,16,32,128,23.936
16,16,32,256,27.051
16,16,32,512,43.5093
16,16,32,1024,65.1523
16,16,32,2048,107.819
16,16,32,4096,192.235
16,16,32,8192,359.21
16,16,32,16384,695.594
16,16,32,32768,1372.64
16,16,64,16,30.0263
16,16,64,32,30.0693
16,16,64,64,30.987
16,16,64,128,36.16
16,16,64,256,44.8963
16,16,64,512,71.0933
16,16,64,1024,114.4
16,16,64,2048,197.515
16,16,64,4096,362.635
16,16,64,8192,693.77
16,16,64,16384,1362.02
16,16,64,32768,2698.86
16,16,128,16,48.4587
16,16,128,32,48.64
16,16,128,64,49.4613
16,16,128,128,60.5233
16,16,128,256,78.0583
16,16,128,512,127.669
16,16,128,1024,212.693
16,16,128,2048,378.623
16,16,128,4096,705.322
16,16,128,8192,1364.37
16,16,128,16384,2693.52
16,16,128,32768,5357.69
16,32,0,0,14.6667
16,32,1,16,14.7413
16,32,1,32,14.688
16,32,1,64,14.5707
16,32,1,128,15.744
16,32,1,256,17.1627
16,32,1,512,18.0907
16,32,1,1024,18.624
16,32,1,2048,19.8717
16,32,1,4096,22.0153
16,32,1,8192,28.2987
16,32,1,16384,40.4587
16,32,1,32768,62.4323
16,32,2,16,14.944
16,32,2,32,14.6773
16,32,2,64,14.5067
16,32,2,128,16.3307
16,32,2,256,17.6427
16,32,2,512,19.04
16,32,2,1024,19.381
16,32,2,2048,21.9523
16,32,2,4096,27.3277
16,32,2,8192,42.9333
16,32,2,16384,64.5867
16,32,2,32768,104.608
16,32,4,16,14.773
16,32,4,32,14.8053
16,32,4,64,14.7737
16,32,4,128,16.32
16,32,4,256,17.4823
16,32,4,512,19.5627
16,32,4,1024,21.6857
16,32,4,2048,31.189
16,32,4,4096,42.2723
16,32,4,8192,62.187
16,32,4,16384,102.582
16,32,4,32768,188.246
16,32,8,16,14.9763
16,32,8,32,15.008
16,32,8,64,15.0827
16,32,8,128,16.6503
16,32,8,256,17.6967
16,32,8,512,26.9433
16,32,8,1024,32.096
16,32,8,2048,42.2617
16,32,8,4096,64.8533
16,32,8,8192,104.427
16,32,8,16384,188.448
16,32,8,32768,358.794
16,32,16,16,19.669
16,32,16,32,19.8713
16,32,16,64,19.9143
16,32,16,128,21.3763
16,32,16,256,23.68
16,32,16,512,31.3067
16,32,16,1024,43.6053
16,32,16,2048,63.4343
16,32,16,4096,104.992
16,32,16,8192,188.81
16,32,16,16384,358.73
16,32,16,32768,696.778
16,32,32,16,20.3413
16,32,32,32,20.6293
16,32,32,64,20.9817
16,32,32,128,23.8507
16,32,32,256,27.253
16,32,32,512,43.0503
16,32,32,1024,65.312
16,32,32,2048,108.106
16,32,32,4096,191.147
16,32,32,8192,359.541
16,32,32,16384,697.919
16,32,32,32768,1370.83
16,32,64,16,30.134
16,32,64,32,29.9517
16,32,64,64,30.8693
16,32,64,128,36.4373
16,32,64,256,45.4827
16,32,64,512,71.392
16,32,64,1024,115.115
16,32,64,2048,198.176
16,32,64,4096,364.394
16,32,64,8192,695.947
16,32,64,16384,1359.39
16,32,64,32768,2698.79
16,32,128,16,48.554
16,32,128,32,48.917
16,32,128,64,49.952
16,32,128,128,61.0347
16,32,128,256,78.8373
16,32,128,512,126.655
16,32,128,1024,213.066
16,32,128,2048,378.016
16,32,128,4096,706.901
16,32,128,8192,1363.79
16,32,128,16384,2695.42
16,32,128,32768,5360.79
16,64,0,0,14.6667
16,64,1,16,14.8163
16,64,1,32,14.6557
16,64,1,64,14.57
16,64,1,128,15.52
16,64,1,256,17.088
16,64,1,512,18.3253
16,64,1,1024,18.7307
16,64,1,2048,20.0213
16,64,1,4096,22.0907
16,64,1,8192,28.1927
16,64,1,16384,40.6503
16,64,1,32768,62.389
16,64,2,16,14.645
16,64,2,32,14.6667
16,64,2,64,14.7737
16,64,2,128,16.2987
16,64,2,256,17.5147
16,64,2,512,19.083
16,64,2,1024,19.424
16,64,2,2048,21.205
16,64,2,4096,28.1387
16,64,2,8192,42.5703
16,64,2,16384,63.5937
16,64,2,32768,104.309
16,64,4,16,14.6773
16,64,4,32,14.6773
16,64,4,64,14.9337
16,64,4,128,16.3623
16,64,4,256,17.6003
16,64,4,512,19.5627
16,64,4,1024,21.792
16,64,4,2048,32.298
16,64,4,4096,41.6
16,64,4,8192,61.3013
16,64,4,16384,103.019
16,64,4,32768,189.376
16,64,8,16,15.3173
16,64,8,32,14.816
16,64,8,64,14.9867
16,64,8,128,16.4907
16,64,8,256,17.845
16,64,8,512,27.1573
16,64,8,1024,31.6373
16,64,8,2048,43.1573
16,64,8,4096,63.6907
16,64,8,8192,106.058
16,64,8,16384,187.84
16,64,8,32768,358.293
16,64,16,16,19.669
16,64,16,32,19.6587
16,64,16,64,19.8933
16,64,16,128,21.6747
16,64,16,256,23.744
16,64,16,512,30.933
16,64,16,1024,43.7977
16,64,16,2048,64.1173
16,64,16,4096,104.587
16,64,16,8192,188.672
16,64,16,16384,360
16,64,16,32768,694.71
16,64,32,16,20.7573
16,64,32,32,20.416
16,64,32,64,21.0563
16,64,32,128,24.0847
16,64,32,256,26.9867
16,64,32,512,42.6987
16,64,32,1024,65.4083
16,64,32,2048,107.072
16,64,32,4096,192.309
16,64,32,8192,356.384
16,64,32,16384,695.168
16,64,32,32768,1374.15
16,64,64,16,29.9517
16,64,64,32,30.368
16,64,64,64,30.8693
16,64,64,128,36.6827
16,64,64,256,44.6613
16,64,64,512,71.5627
16,64,64,1024,115.798
16,64,64,2048,197.493
16,64,64,4096,363.616
16,64,64,8192,694.933
16,64,64,16384,1363.7
16,64,64,32768,2696.64
16,64,128,16,48.8317
16,64,128,32,48.7677
16,64,128,64,50.3893
16,64,128,128,61.8123
16,64,128,256,78.7627
16,64,128,512,127.2
16,64,128,1024,213.099
16,64,128,2048,377.664
16,64,128,4096,705.717
16,64,128,8192,1364.15
16,64,128,16384,2691.67
16,64,128,32768,5354.22
16,128,0,0,16.192
16,128,1,16,16.0753
16,128,1,32,16.117
16,128,1,64,16.2347
16,128,1,128,16.2563
16,128,1,256,17.0653
16,128,1,512,19.7543
16,128,1,1024,19.1573
16,128,1,2048,20.2667
16,128,1,4096,22.059
16,128,1,8192,28.191
16,128,1,16384,39.8613
16,128,1,32768,62.5387
16,128,2,16,16.043
16,128,2,32,15.9893
16,128,2,64,16.149
16,128,2,128,16.3093
16,128,2,256,17.4617
16,128,2,512,21.5253
16,128,2,1024,19.8937
16,128,2,2048,21.6107
16,128,2,4096,27.8077
16,128,2,8192,45.4503
16,128,2,16384,66.474
16,128,2,32768,107.67
16,128,4,16,16.128
16,128,4,32,15.9893
16,128,4,64,16.2573
16,128,4,128,16.1813
16,128,4,256,17.5253
16,128,4,512,19.904
16,128,4,1024,21.8023
16,128,4,2048,33.5253
16,128,4,4096,45.0027
16,128,4,8192,64.9177
16,128,4,16384,105.856
16,128,4,32768,189.909
16,128,8,16,16.448
16,128,8,32,16.4043
16,128,8,64,16.693
16,128,8,128,16.4803
16,128,8,256,17.5787
16,128,8,512,28.512
16,128,8,1024,34.677
16,128,8,2048,47.9363
16,128,8,4096,67.1997
16,128,8,8192,107.807
16,128,8,16384,190.208
16,128,8,32768,357.781
16,128,16,16,19.7337
16,128,16,32,19.6483
16,128,16,64,19.915
16,128,16,128,23.008
16,128,16,256,26.0373
16,128,16,512,34.6667
16,128,16,1024,47.3807
16,128,16,2048,67.413
16,128,16,4096,106.485
16,128,16,8192,189.078
16,128,16,16384,360.224
16,128,16,32768,696.576
16,128,32,16,22.0587
16,128,32,32,22.39
16,128,32,64,22.239
16,128,32,128,24.0637
16,128,32,256,27.4453
16,128,32,512,43.0613
16,128,32,1024,65.8343
16,128,32,2048,108.096
16,128,32,4096,193.696
16,128,32,8192,361.056
16,128,32,16384,697.109
16,128,32,32768,1371.43
16,128,64,16,30.485
16,128,64,32,30.421
16,128,64,64,31.008
16,128,64,128,36.5653
16,128,64,256,45.205
16,128,64,512,72.9707
16,128,64,1024,114.507
16,128,64,2048,197.035
16,128,64,4096,363.082
16,128,64,8192,695.199
16,128,64,16384,1363.57
16,128,64,32768,2695.17
16,128,128,16,48.7037
16,128,128,32,49.0453
16,128,128,64,49.9727
16,128,128,128,61.492
16,128,128,256,78.4207
16,128,128,512,129.12
16,128,128,1024,210.741
16,128,128,2048,376.501
16,128,128,4096,705.141
16,128,128,8192,1364.06
16,128,128,16384,2694.89
16,128,128,32768,5363.51
16,256,0,0,17.6747
16,256,1,16,17.6317
16,256,1,32,17.5147
16,256,1,64,17.5147
16,256,1,128,17.5573
16,256,1,256,17.5147
16,256,1,512,20.3733
16,256,1,1024,19.531
16,256,1,2048,22.0693
16,256,1,4096,22.4323
16,256,1,8192,28.1387
16,256,1,16384,40.2347
16,256,1,32768,63.1253
16,256,2,16,17.4717
16,256,2,32,17.4823
16,256,2,64,17.6103
16,256,2,128,17.3547
16,256,2,256,17.5683
16,256,2,512,22.2723
16,256,2,1024,22.5703
16,256,2,2048,22.5377
16,256,2,4096,27.979
16,256,2,8192,45.12
16,256,2,16384,68.3843
16,256,2,32768,109.12
16,256,4,16,17.4613
16,256,4,32,17.4507
16,256,4,64,17.3973
16,256,4,128,17.386
16,256,4,256,17.5143
16,256,4,512,21.9733
16,256,4,1024,23.8827
16,256,4,2048,33.6
16,256,4,4096,46.6987
16,256,4,8192,67.36
16,256,4,16384,106.997
16,256,4,32768,191.67
16,256,8,16,17.834
16,256,8,32,17.9087
16,256,8,64,17.909
16,256,8,128,17.7603
16,256,8,256,17.643
16,256,8,512,28.789
16,256,8,1024,36.0323
16,256,8,2048,48.2767
16,256,8,4096,69.856
16,256,8,8192,109.344
16,256,8,16384,190.986
16,256,8,32768,359.947
16,256,16,16,19.296
16,256,16,32,19.659
16,256,16,64,19.744
16,256,16,128,23.2963
16,256,16,256,26.4537
16,256,16,512,36.9287
16,256,16,1024,50.6237
16,256,16,2048,70.3893
16,256,16,4096,110.432
16,256,16,8192,189.227
16,256,16,16384,359.264
16,256,16,32768,697.024
16,256,32,16,23.328
16,256,32,32,23.6373
16,256,32,64,23.413
16,256,32,128,24.6933
16,256,32,256,28.3947
16,256,32,512,43.3283
16,256,32,1024,65.7387
16,256,32,2048,108.234
16,256,32,4096,192.662
16,256,32,8192,361.376
16,256,32,16384,699.338
16,256,32,32768,1373.79
16,256,64,16,30.1547
16,256,64,32,30.2403
16,256,64,64,30.9433
16,256,64,128,36.6607
16,256,64,256,44.8323
16,256,64,512,73.0453
16,256,64,1024,114.89
16,256,64,2048,198.431
16,256,64,4096,363.925
16,256,64,8192,696.682
16,256,64,16384,1366.27
16,256,64,32768,2700.61
16,256,128,16,48.4373
16,256,128,32,48.7783
16,256,128,64,49.6537
16,256,128,128,61.6207
16,256,128,256,78.923
16,256,128,512,131.018
16,256,128,1024,211.712
16,256,128,2048,377.706
16,256,128,4096,705.919
16,256,128,8192,1364.04
16,256,128,16384,2692.01
16,256,128,32768,5365.34
16,512,0,0,21.1413
16,512,1,16,19.893
16,512,1,32,20.4367
16,512,1,64,21.6747
16,512,1,128,21.131
16,512,1,256,21.3657
16,512,1,512,21.9733
16,512,1,1024,20.576
16,512,1,2048,22.9763
16,512,1,4096,25.1623
16,512,1,8192,28.8
16,512,1,16384,39.765
16,512,1,32768,63.1577
16,512,2,16,21.6107
16,512,2,32,21.6213
16,512,2,64,21.792
16,512,2,128,22.1227
16,512,2,256,22.571
16,512,2,512,22.688
16,512,2,1024,23.1257
16,512,2,2048,24.0213
16,512,2,4096,28.4487
16,512,2,8192,45.5787
16,512,2,16384,71.521
16,512,2,32768,115.648
16,512,4,16,22.6667
16,512,4,32,22.581
16,512,4,64,22.304
16,512,4,128,23.2327
16,512,4,256,21.4183
16,512,4,512,23.125
16,512,4,1024,24.107
16,512,4,2048,34.752
16,512,4,4096,50.6243
16,512,4,8192,71.4453
16,512,4,16384,112.821
16,512,4,32768,196.138
16,512,8,16,22.7527
16,512,8,32,22.9333
16,512,8,64,22.784
16,512,8,128,22.1227
16,512,8,256,26.325
16,512,8,512,29.451
16,512,8,1024,37.184
16,512,8,2048,52.3307
16,512,8,4096,73.5253
16,512,8,8192,114.133
16,512,8,16384,196.693
16,512,8,32768,359.445
16,512,16,16,24.8957
16,512,16,32,24.4907
16,512,16,64,24.2137
16,512,16,128,27.1147
16,512,16,256,31.712
16,512,16,512,39.52
16,512,16,1024,54.88
16,512,16,2048,75.253
16,512,16,4096,113.835
16,512,16,8192,195.616
16,512,16,16384,359.243
16,512,16,32768,697.909
16,512,32,16,28.5547
16,512,32,32,28.6287
16,512,32,64,28.5973
16,512,32,128,30.4423
16,512,32,256,35.008
16,512,32,512,45.5893
16,512,32,1024,66.1013
16,512,32,2048,109.141
16,512,32,4096,193.557
16,512,32,8192,361.173
16,512,32,16384,699.338
16,512,32,32768,1377.47
16,512,64,16,35.1893
16,512,64,32,35.04
16,512,64,64,35.2637
16,512,64,128,41.6317
16,512,64,256,51.36
16,512,64,512,73.92
16,512,64,1024,115.755
16,512,64,2048,199.179
16,512,64,4096,363.765
16,512,64,8192,695.808
16,512,64,16384,1364.18
16,512,64,32768,2699.08
16,512,128,16,55.52
16,512,128,32,55.6907
16,512,128,64,57.6853
16,512,128,128,71.1363
16,512,128,256,87.69
16,512,128,512,132.096
16,512,128,1024,215.243
16,512,128,2048,375.999
16,512,128,4096,707.616
16,512,128,8192,1366.98
16,512,128,16384,2696.31
16,512,128,32768,5359.07
16,1024,0,0,21.546
16,1024,1,16,21.611
16,1024,1,32,21.429
16,1024,1,64,21.5363
16,1024,1,128,21.8993
16,1024,1,256,21.6113
16,1024,1,512,21.813
16,1024,1,1024,22.4963
16,1024,1,2048,24.0533
16,1024,1,4096,26.5177
16,1024,1,8192,30.0157
16,1024,1,16384,41.8457
16,1024,1,32768,63.851
16,1024,2,16,22.048
16,1024,2,32,22.08
16,1024,2,64,21.909
16,1024,2,128,22.0373
16,1024,2,256,22.1973
16,1024,2,512,22.6353
16,1024,2,1024,23.9573
16,1024,2,2048,25.856
16,1024,2,4096,30.5597
16,1024,2,8192,40.9813
16,1024,2,16384,78.805
16,1024,2,32768,121.59
16,1024,4,16,22.336
16,1024,4,32,22.6563
16,1024,4,64,22.336
16,1024,4,128,23.2323
16,1024,4,256,22.795
16,1024,4,512,26.4527
16,1024,4,1024,27.0927
16,1024,4,2048,29.9523
16,1024,4,4096,52.6823
16,1024,4,8192,76.7143
16,1024,4,16384,119.777
16,1024,4,32768,202.25
16,1024,8,16,22.56
16,1024,8,32,22.4107
16,1024,8,64,22.2823
16,1024,8,128,23.6797
16,1024,8,256,24.4053
16,1024,8,512,30.048
16,1024,8,1024,37.92
16,1024,8,2048,54.2937
16,1024,8,4096,79.936
16,1024,8,8192,121.451
16,1024,8,16384,202.891
16,1024,8,32768,365.482
16,1024,16,16,24.928
16,1024,16,32,24.7463
16,1024,16,64,25.0347
16,1024,16,128,27.306
16,1024,16,256,31.4663
16,1024,16,512,40.4053
16,1024,16,1024,57.7603
16,1024,16,2048,81.7067
16,1024,16,4096,121.909
16,1024,16,8192,205.386
16,1024,16,16384,364.192
16,1024,16,32768,696.288
16,1024,32,16,28.725
16,1024,32,32,28.96
16,1024,32,64,29.1947
16,1024,32,128,33.8877
16,1024,32,256,40.5973
16,1024,32,512,50.6667
16,1024,32,1024,66.9337
16,1024,32,2048,108.779
16,1024,32,4096,193.376
16,1024,32,8192,362.25
16,1024,32,16384,700.555
16,1024,32,32768,1373.08
16,1024,64,16,38.1337
16,1024,64,32,37.952
16,1024,64,64,38.719
16,1024,64,128,45.6747
16,1024,64,256,54.3893
16,1024,64,512,74.3253
16,1024,64,1024,116.854
16,1024,64,2048,198.208
16,1024,64,4096,364.671
16,1024,64,8192,695.958
16,1024,64,16384,1364.13
16,1024,64,32768,2710.88
16,1024,128,16,55.787
16,1024,128,32,56.1177
16,1024,128,64,57.4397
16,1024,128,128,72.4583
16,1024,128,256,89.1947
16,1024,128,512,129.632
16,1024,128,1024,217.674
16,1024,128,2048,377.493
16,1024,128,4096,708.064
16,1024,128,8192,1366.76
16,1024,128,16384,2696.37
16,1024,128,32768,5369.79
16,2048,0,0,24.3303
16,2048,1,16,23.765
16,2048,1,32,24.128
16,2048,1,64,23.7123
16,2048,1,128,24.192
16,2048,1,256,23.797
16,2048,1,512,23.9033
16,2048,1,1024,24.9597
16,2048,1,2048,24.405
16,2048,1,4096,27.2427
16,2048,1,8192,32.6083
16,2048,1,16384,42.9757
16,2048,1,32768,64.576
16,2048,2,16,24.0217
16,2048,2,32,23.765
16,2048,2,64,23.936
16,2048,2,128,24.6383
16,2048,2,256,24.107
16,2048,2,512,25.1413
16,2048,2,1024,26.0477
16,2048,2,2048,27.4347
16,2048,2,4096,31.893
16,2048,2,8192,41.8023
16,2048,2,16384,64.9813
16,2048,2,32768,134.891
16,2048,4,16,24.309
16,2048,4,32,24.5973
16,2048,4,64,24.352
16,2048,4,128,26.08
16,2048,4,256,27.168
16,2048,4,512,25.4187
16,2048,4,1024,30.443
16,2048,4,2048,31.7017
16,2048,4,4096,53.4927
16,2048,4,8192,87.0507
16,2048,4,16384,134.272
16,2048,4,32768,214.987
16,2048,8,16,24.875
16,2048,8,32,26.2937
16,2048,8,64,26.091
16,2048,8,128,24.2133
16,2048,8,256,25.8347
16,2048,8,512,29.8563
16,2048,8,1024,38.5063
16,2048,8,2048,55.0933
16,2048,8,4096,87.9353
16,2048,8,8192,134.933
16,2048,8,16384,215.894
16,2048,8,32768,377.855
16,2048,16,16,24.8423
16,2048,16,32,25.3547
16,2048,16,64,25.12
16,2048,16,128,28.3627
16,2048,16,256,32.1707
16,2048,16,512,40.7353
16,2048,16,1024,58.592
16,2048,16,2048,91.062
16,2048,16,4096,134.379
16,2048,16,8192,215.69
16,2048,16,16384,375.744
16,2048,16,32768,706.879
16,2048,32,16,30.656
16,2048,32,32,30.6027
16,2048,32,64,30.945
16,2048,32,128,35.051
16,2048,32,256,40.096
16,2048,32,512,53.8027
16,2048,32,1024,79.5307
16,2048,32,2048,110.613
16,2048,32,4096,195.253
16,2048,32,8192,362.773
16,2048,32,16384,701.44
16,2048,32,32768,1377.18
16,2048,64,16,38.6353
16,2048,64,32,38.677
16,2048,64,64,39.3173
16,2048,64,128,47.5517
16,2048,64,256,59.7227
16,2048,64,512,84.0747
16,2048,64,1024,117.909
16,2048,64,2048,200.715
16,2048,64,4096,365.931
16,2048,64,8192,699.605
16,2048,64,16384,1368.22
16,2048,64,32768,2708.75
16,2048,128,16,58.2617
16,2048,128,32,58.2827
16,2048,128,64,60.32
16,2048,128,128,75.1993
16,2048,128,256,91.5307
16,2048,128,512,132.79
16,2048,128,1024,216.544
16,2048,128,2048,381.92
16,2048,128,4096,709.472
16,2048,128,8192,1368.21
16,2048,128,16384,2703.42
16,2048,128,32768,5370.16
16,4096,0,0,27.4023
16,4096,1,16,27.434
16,4096,1,32,27.4027
16,4096,1,64,27.7223
16,4096,1,128,27.36
16,4096,1,256,28.1487
16,4096,1,512,27.605
16,4096,1,1024,29.1943
16,4096,1,2048,28.128
16,4096,1,4096,31.424
16,4096,1,8192,34.3783
16,4096,1,16384,45.877
16,4096,1,32768,67.936
16,4096,2,16,27.2743
16,4096,2,32,26.9973
16,4096,2,64,27.008
16,4096,2,128,27.147
16,4096,2,256,29.0773
16,4096,2,512,28.267
16,4096,2,1024,27.5733
16,4096,2,2048,31.488
16,4096,2,4096,34.5387
16,4096,2,8192,44.7787
16,4096,2,16384,66.379
16,4096,2,32768,110.26
16,4096,4,16,26.987
16,4096,4,32,26.9657
16,4096,4,64,27.104
16,4096,4,128,27.3383
16,4096,4,256,29.4507
16,4096,4,512,30.624
16,4096,4,1024,31.0503
16,4096,4,2048,43.744
16,4096,4,4096,45.044
16,4096,4,8192,87.168
16,4096,4,16384,154.357
16,4096,4,32768,240.363
16,4096,8,16,26.133
16,4096,8,32,25.941
16,4096,8,64,26.56
16,4096,8,128,28.5337
16,4096,8,256,30.9337
16,4096,8,512,31.349
16,4096,8,1024,39.2427
16,4096,8,2048,55.7873
16,4096,8,4096,89.034
16,4096,8,8192,154.816
16,4096,8,16384,241.216
16,4096,8,32768,405.877
16,4096,16,16,27.616
16,4096,16,32,27.904
16,4096,16,64,28.0107
16,4096,16,128,29.3227
16,4096,16,256,32.6613
16,4096,16,512,41.5583
16,4096,16,1024,58.5707
16,4096,16,2048,91.6587
16,4096,16,4096,158.763
16,4096,16,8192,243.797
16,4096,16,16384,402.208
16,4096,16,32768,731.008
16,4096,32,16,32.7143
16,4096,32,32,32.8
16,4096,32,64,33.0027
16,4096,32,128,35.318
16,4096,32,256,40.9707
16,4096,32,512,56.3303
16,4096,32,1024,81.9837
16,4096,32,2048,133.985
16,4096,32,4096,196.095
16,4096,32,8192,363.275
16,4096,32,16384,704.021
16,4096,32,32768,1380.24
16,4096,64,16,40.1707
16,4096,64,32,40.6077
16,4096,64,64,41.0987
16,4096,64,128,49.6643
16,4096,64,256,60.1277
16,4096,64,512,85.0663
16,4096,64,1024,133.226
16,4096,64,2048,203.84
16,4096,64,4096,368.864
16,4096,64,8192,700.81
16,4096,64,16384,1368.75
16,4096,64,32768,2705.31
16,4096,128,16,60.1173
16,4096,128,32,60.8
16,4096,128,64,63.029
16,4096,128,128,77.1193
16,4096,128,256,96.555
16,4096,128,512,142.848
16,4096,128,1024,218.806
16,4096,128,2048,383.413
16,4096,128,4096,709.973
16,4096,128,8192,1370.46
16,4096,128,16384,2703.73
16,4096,128,32768,5366.32
16,8192,0,0,34.709
16,8192,1,16,33.7177
16,8192,1,32,33.5787
16,8192,1,64,33.8993
16,8192,1,128,34.539
16,8192,1,256,34.731
16,8192,1,512,35.531
16,8192,1,1024,34.88
16,8192,1,2048,35.2423
16,8192,1,4096,36.8647
16,8192,1,8192,42.4427
16,8192,1,16384,50.133
16,8192,1,32768,72.6283
16,8192,2,16,34.549
16,8192,2,32,34.2617
16,8192,2,64,34.7307
16,8192,2,128,34.7627
16,8192,2,256,34.8907
16,8192,2,512,35.488
16,8192,2,1024,35.52
16,8192,2,2048,37.6743
16,8192,2,4096,42.1657
16,8192,2,8192,50.7837
16,8192,2,16384,72.6823
16,8192,2,32768,114.027
16,8192,4,16,35.0183
16,8192,4,32,34.5067
16,8192,4,64,34.677
16,8192,4,128,36.0427
16,8192,4,256,34.1017
16,8192,4,512,35.296
16,8192,4,1024,40.0103
16,8192,4,2048,42.357
16,8192,4,4096,67.296
16,8192,4,8192,72.672
16,8192,4,16384,154.432
16,8192,4,32768,285.216
16,8192,8,16,31.9887
16,8192,8,32,32.011
16,8192,8,64,32.3413
16,8192,8,128,33.845
16,8192,8,256,35.35
16,8192,8,512,41.8343
16,8192,8,1024,43.3817
16,8192,8,2048,56.672
16,8192,8,4096,89.8133
16,8192,8,8192,155.84
16,8192,8,16384,289.909
16,8192,8,32768,457.62
16,8192,16,16,32.3523
16,8192,16,32,32.309
16,8192,16,64,32.8107
16,8192,16,128,37.1313
16,8192,16,256,37.2693
16,8192,16,512,43.8723
16,8192,16,1024,58.8053
16,8192,16,2048,92.576
16,8192,16,4096,159.572
16,8192,16,8192,291.307
16,8192,16,16384,458.816
16,8192,16,32768,786.997
16,8192,32,16,38.2507
16,8192,32,32,38.688
16,8192,32,64,39.616
16,8192,32,128,44.5867
16,8192,32,256,48.2453
16,8192,32,512,57.536
16,8192,32,1024,83.3913
16,8192,32,2048,136.896
16,8192,32,4096,243.894
16,8192,32,8192,368.522
16,8192,32,16384,703.626
16,8192,32,32768,1384.03
16,8192,64,16,45.6533
16,8192,64,32,47.264
16,8192,64,64,48.0003
16,8192,64,128,55.6693
16,8192,64,256,63.1253
16,8192,64,512,84.3627
16,8192,64,1024,135.637
16,8192,64,2048,229.622
16,8192,64,4096,375.573
16,8192,64,8192,706.442
16,8192,64,16384,1374.63
16,8192,64,32768,2708.3
16,8192,128,16,65.8773
16,8192,128,32,66.677
16,8192,128,64,67.392
16,8192,128,128,79.904
16,8192,128,256,97.3017
16,8192,128,512,144.512
16,8192,128,1024,235.605
16,8192,128,2048,390.453
16,8192,128,4096,717.076
16,8192,128,8192,1374.19
16,8192,128,16384,2704.7
16,8192,128,32768,5378.26
16,16384,0,0,43.125
16,16384,1,16,45.0343
16,16384,1,32,44.8853
16,16384,1,64,44.885
16,16384,1,128,45.248
16,16384,1,256,45.514
16,16384,1,512,46.9223
16,16384,1,1024,45.0457
16,16384,1,2048,46.24
16,16384,1,4096,47.7543
16,16384,1,8192,52.0747
16,16384,1,16384,62.368
16,16384,1,32768,84.405
16,16384,2,16,45.8883
16,16384,2,32,45.8133
16,16384,2,64,45.9627
16,16384,2,128,45.7067
16,16384,2,256,45.8353
16,16384,2,512,45.4503
16,16384,2,1024,46.8263
16,16384,2,2048,49.472
16,16384,2,4096,53.771
16,16384,2,8192,61.92
16,16384,2,16384,83.8933
16,16384,2,32768,127.371
16,16384,4,16,45.739
16,16384,4,32,45.995
16,16384,4,64,45.259
16,16384,4,128,45.8993
16,16384,4,256,45.984
16,16384,4,512,46.1973
16,16384,4,1024,49.344
16,16384,4,2048,58.7197
16,16384,4,4096,62.3787
16,16384,4,8192,112.171
16,16384,4,16384,127.211
16,16384,4,32768,286.357
16,16384,8,16,45.4083
16,16384,8,32,45.3433
16,16384,8,64,45.28
16,16384,8,128,44.981
16,16384,8,256,46.3147
16,16384,8,512,47.3813
16,16384,8,1024,60.673
16,16384,8,2048,62.6027
16,16384,8,4096,91.9893
16,16384,8,8192,157.45
16,16384,8,16384,290.144
16,16384,8,32768,557.493
16,16384,16,16,47.2747
16,16384,16,32,48.3413
16,16384,16,64,47.979
16,16384,16,128,47.0183
16,16384,16,256,49.8347
16,16384,16,512,60.3417
16,16384,16,1024,63.104
16,16384,16,2048,93.7277
16,16384,16,4096,159.669
16,16384,16,8192,293.813
16,16384,16,16384,559.626
16,16384,16,32768,896.074
16,16384,32,16,48.3833
16,16384,32,32,49.2053
16,16384,32,64,49.5043
16,16384,32,128,52.512
16,16384,32,256,58.2503
16,16384,32,512,70.9977
16,16384,32,1024,87.2107
16,16384,32,2048,140.128
16,16384,32,4096,245.909
16,16384,32,8192,463.734
16,16384,32,16384,713.152
16,16384,32,32768,1383.16
16,16384,64,16,54.9017
16,16384,64,32,55.5517
16,16384,64,64,57.2697
16,16384,64,128,63.5723
16,16384,64,256,72.1387
16,16384,64,512,99.9147
16,16384,64,1024,137.003
16,16384,64,2048,231.808
16,16384,64,4096,422.336
16,16384,64,8192,718.645
16,16384,64,16384,1383.57
16,16384,64,32768,2721.6
16,16384,128,16,73.536
16,16384,128,32,73.92
16,16384,128,64,75.2217
16,16384,128,128,88.5227
16,16384,128,256,105.344
16,16384,128,512,157.942
16,16384,128,1024,236.362
16,16384,128,2048,416.789
16,16384,128,4096,730.42
16,16384,128,8192,1387.12
16,16384,128,16384,2716.05
16,16384,128,32768,5380.53
16,32768,0,0,65.0347
16,32768,1,16,65.9623
16,32768,1,32,65.8777
16,32768,1,64,65.2153
16,32768,1,128,65.1307
16,32768,1,256,66.2083
16,32768,1,512,65.621
16,32768,1,1024,66.8687
16,32768,1,2048,68.1493
16,32768,1,4096,70.336
16,32768,1,8192,74.9977
16,32768,1,16384,87.3497
16,32768,1,32768,105.824
16,32768,2,16,65.5787
16,32768,2,32,66.3467
16,32768,2,64,66.3257
16,32768,2,128,66.8907
16,32768,2,256,66.411
16,32768,2,512,66.848
16,32768,2,1024,68.341
16,32768,2,2048,70.8053
16,32768,2,4096,75.136
16,32768,2,8192,85.643
16,32768,2,16384,107.061
16,32768,2,32768,149.184
16,32768,4,16,66.8587
16,32768,4,32,66.677
16,32768,4,64,66.816
16,32768,4,128,67.3067
16,32768,4,256,67.744
16,32768,4,512,68.9173
16,32768,4,1024,69.8233
16,32768,4,2048,74.4427
16,32768,4,4096,93.611
16,32768,4,8192,106.261
16,32768,4,16384,201.109
16,32768,4,32768,235.52
16,32768,8,16,66.6987
16,32768,8,32,66.944
16,32768,8,64,66.645
16,32768,8,128,67.6157
16,32768,8,256,67.9787
16,32768,8,512,69.9737
16,32768,8,1024,76.2457
16,32768,8,2048,95.4253
16,32768,8,4096,106.475
16,32768,8,8192,161.152
16,32768,8,16384,291.872
16,32768,8,32768,555.679
16,32768,16,16,65.2903
16,32768,16,32,65.643
16,32768,16,64,66.6877
16,32768,16,128,67.765
16,32768,16,256,71.712
16,32768,16,512,78.6133
16,32768,16,1024,88.7147
16,32768,16,2048,106.656
16,32768,16,4096,162.539
16,32768,16,8192,294.027
16,32768,16,16384,560.448
16,32768,16,32768,1097.69
16,32768,32,16,68.8743
16,32768,32,32,68.5863
16,32768,32,64,69.3867
16,32768,32,128,73.6007
16,32768,32,256,75.9683
16,32768,32,512,90.656
16,32768,32,1024,110.742
16,32768,32,2048,149.237
16,32768,32,4096,248.831
16,32768,32,8192,465.301
16,32768,32,16384,897.62
16,32768,32,32768,1399.28
16,32768,64,16,75.648
16,32768,64,32,76.2987
16,32768,64,64,77.3757
16,32768,64,128,81.142
16,32768,64,256,91.9787
16,32768,64,512,115.915
16,32768,64,1024,162.773
16,32768,64,2048,239.99
16,32768,64,4096,425.717
16,32768,64,8192,808.906
16,32768,64,16384,1405.43
16,32768,64,32768,2747.53
16,32768,128,16,91.68
16,32768,128,32,90.816
16,32768,128,64,93.408
16,32768,128,128,105.387
16,32768,128,256,124.277
16,32768,128,512,175.861
16,32768,128,1024,261.151
16,32768,128,2048,421.876
16,32768,128,4096,776.586
16,32768,128,8192,1415.98
16,32768,128,16384,2742.06
16,32768,128,32768,5399.43
32,0,0,0,14.635
32,0,1,16,15.1787
32,0,1,32,15.1783
32,0,1,64,15.125
32,0,1,128,16.0427
32,0,1,256,17.4827
32,0,1,512,18.5167
32,0,1,1024,19.2957
32,0,1,2048,20.9383
32,0,1,4096,24.2243
32,0,1,8192,30.9337
32,0,1,16384,45.1307
32,0,1,32768,69.931
32,0,2,16,15.179
32,0,2,32,15.0507
32,0,2,64,14.9543
32,0,2,128,16.181
32,0,2,256,17.5573
32,0,2,512,20.117
32,0,2,1024,19.6803
32,0,2,2048,23.0403
32,0,2,4096,28.4163
32,0,2,8192,43.68
32,0,2,16384,64.288
32,0,2,32768,105.152
32,0,4,16,15.083
32,0,4,32,15.2427
32,0,4,64,15.168
32,0,4,128,16.4803
32,0,4,256,17.568
32,0,4,512,19.691
32,0,4,1024,23.3057
32,0,4,2048,30.8367
32,0,4,4096,43.2323
32,0,4,8192,63.2007
32,0,4,16384,103.797
32,0,4,32768,189.451
32,0,8,16,15.0827
32,0,8,32,15.0823
32,0,8,64,15.0827
32,0,8,128,16.768
32,0,8,256,17.8133
32,0,8,512,26.8907
32,0,8,1024,31.8827
32,0,8,2048,43.2217
32,0,8,4096,64.704
32,0,8,8192,104.704
32,0,8,16384,187.818
32,0,8,32768,358.176
32,0,16,16,19.7227
32,0,16,32,19.7433
32,0,16,64,20.2027
32,0,16,128,22.0587
32,0,16,256,23.5733
32,0,16,512,31.9683
32,0,16,1024,45.3547
32,0,16,2048,64.267
32,0,16,4096,107.659
32,0,16,8192,188.586
32,0,16,16384,358.165
32,0,16,32768,697.301
32,0,32,16,24.629
32,0,32,32,24.8747
32,0,32,64,25.269
32,0,32,128,28.619
32,0,32,256,32.96
32,0,32,512,47.3707
32,0,32,1024,67.712
32,0,32,2048,109.173
32,0,32,4096,192.938
32,0,32,8192,359.125
32,0,32,16384,692.886
32,0,32,32768,1372.24
32,0,64,16,30.1113
32,0,64,32,30.304
32,0,64,64,31.3173
32,0,64,128,36.48
32,0,64,256,46.1973
32,0,64,512,71.499
32,0,64,1024,114.943
32,0,64,2048,197.973
32,0,64,4096,364.117
32,0,64,8192,695.744
32,0,64,16384,1364.2
32,0,64,32768,2698.46
32,0,128,16,49.024
32,0,128,32,49.0667
32,0,128,64,50.304
32,0,128,128,61.5787
32,0,128,256,77.962
32,0,128,512,125.162
32,0,128,1024,211.86
32,0,128,2048,378.207
32,0,128,4096,704.843
32,0,128,8192,1363.67
32,0,128,16384,2695.29
32,0,128,32768,5357.39
32,16,0,0,14.7517
32,16,1,16,15.264
32,16,1,32,15.264
32,16,1,64,15.286
32,16,1,128,16.4373
32,16,1,256,17.4827
32,16,1,512,18.346
32,16,1,1024,19.2313
32,16,1,2048,20.5017
32,16,1,4096,24.256
32,16,1,8192,30.976
32,16,1,16384,44.7893
32,16,1,32768,71.4457
32,16,2,16,15.1783
32,16,2,32,15.0293
32,16,2,64,15.093
32,16,2,128,16.32
32,16,2,256,17.5147
32,16,2,512,19.904
32,16,2,1024,19.8497
32,16,2,2048,22.4743
32,16,2,4096,28.0213
32,16,2,8192,43.9683
32,16,2,16384,65.184
32,16,2,32768,104.693
32,16,4,16,15.1573
32,16,4,32,15.168
32,16,4,64,15.1787
32,16,4,128,16.3723
32,16,4,256,17.717
32,16,4,512,19.7757
32,16,4,1024,22.336
32,16,4,2048,31.1147
32,16,4,4096,42.549
32,16,4,8192,63.4667
32,16,4,16384,103.765
32,16,4,32768,189.173
32,16,8,16,15.1893
32,16,8,32,15.498
32,16,8,64,15.0297
32,16,8,128,16.9603
32,16,8,256,17.7813
32,16,8,512,26.8377
32,16,8,1024,31.594
32,16,8,2048,43.1897
32,16,8,4096,63.5307
32,16,8,8192,104.768
32,16,8,16384,189.023
32,16,8,32768,358.41
32,16,16,16,19.7217
32,16,16,32,19.9463
32,16,16,64,20.181
32,16,16,128,21.7383
32,16,16,256,24.0857
32,16,16,512,32.032
32,16,16,1024,43.8083
32,16,16,2048,65.4933
32,16,16,4096,106.538
32,16,16,8192,189.44
32,16,16,16384,357.674
32,16,16,32768,696.555
32,16,32,16,24.7257
32,16,32,32,24.8853
32,16,32,64,25.0773
32,16,32,128,28.3193
32,16,32,256,32.4797
32,16,32,512,47.3813
32,16,32,1024,68.884
32,16,32,2048,109.482
32,16,32,4096,193.002
32,16,32,8192,358.933
32,16,32,16384,694.069
32,16,32,32768,1365.61
32,16,64,16,30.485
32,16,64,32,30.4747
32,16,64,64,31.1253
32,16,64,128,36.523
32,16,64,256,46.2937
32,16,64,512,71.2967
32,16,64,1024,115.093
32,16,64,2048,198.155
32,16,64,4096,364.66
32,16,64,8192,697.045
32,16,64,16384,1359.3
32,16,64,32768,2699.22
32,16,128,16,48.7897
32,16,128,32,49.0243
32,16,128,64,50.41
32,16,128,128,61.0557
32,16,128,256,79.157
32,16,128,512,124.373
32,16,128,1024,212.394
32,16,128,2048,376.853
32,16,128,4096,704.81
32,16,128,8192,1366.69
32,16,128,16384,2695.41
32,16,128,32768,5366.31
32,32,0,0,14.6983
32,32,1,16,15.1787
32,32,1,32,15.1677
32,32,1,64,15.199
32,32,1,128,16.3313
32,32,1,256,17.535
32,32,1,512,18.635
32,32,1,1024,18.816
32,32,1,2048,21.035
32,32,1,4096,24.2453
32,32,1,8192,30.9333
32,32,1,16384,45.546
32,32,1,32768,71.7973
32,32,2,16,15.1997
32,32,2,32,15.2217
32,32,2,64,15.051
32,32,2,128,16.1813
32,32,2,256,17.6743
32,32,2,512,19.4773
32,32,2,1024,19.6587
32,32,2,2048,21.9413
32,32,2,4096,28.3733
32,32,2,8192,43.104
32,32,2,16384,64.597
32,32,2,32768,106.058
32,32,4,16,15.1467
32,32,4,32,15.1037
32,32,4,64,15.179
32,32,4,128,16.5443
32,32,4,256,17.856
32,32,4,512,19.8187
32,32,4,1024,22.2397
32,32,4,2048,31.3497
32,32,4,4096,41.835
32,32,4,8192,62.9123
32,32,4,16384,104.245
32,32,4,32768,188.479
32,32,8,16,15.264
32,32,8,32,15.3067
32,32,8,64,15.147
32,32,8,128,16.704
32,32,8,256,18.1227
32,32,8,512,27.4133
32,32,8,1024,32.757
32,32,8,2048,43.914
32,32,8,4096,63.989
32,32,8,8192,105.344
32,32,8,16384,188.128
32,32,8,32768,359.285
32,32,16,16,19.7653
32,32,16,32,19.9897
32,32,16,64,20.224
32,32,16,128,21.877
32,32,16,256,24.064
32,32,16,512,31.7333
32,32,16,1024,43.7333
32,32,16,2048,66.2613
32,32,16,4096,105.227
32,32,16,8192,191.211
32,32,16,16384,360.64
32,32,16,32768,696.97
32,32,32,16,24.7257
32,32,32,32,25.12
32,32,32,64,25.3017
32,32,32,128,28.523
32,32,32,256,32.832
32,32,32,512,46.432
32,32,32,1024,68.597
32,32,32,2048,109.099
32,32,32,4096,192.928
32,32,32,8192,360.063
32,32,32,16384,693.717
32,32,32,32768,1365.79
32,32,64,16,30.102
32,32,64,32,30.517
32,32,64,64,31.0077
32,32,64,128,36.576
32,32,64,256,45.056
32,32,64,512,70.9327
32,32,64,1024,114.538
32,32,64,2048,197.77
32,32,64,4096,363.722
32,32,64,8192,696.256
32,32,64,16384,1360.61
32,32,64,32768,2695.66
32,32,128,16,48.843
32,32,128,32,49.0133
32,32,128,64,50.368
32,32,128,128,61.0347
32,32,128,256,79.3067
32,32,128,512,123.989
32,32,128,1024,212.384
32,32,128,2048,376.608
32,32,128,4096,705.877
32,32,128,8192,1364.01
32,32,128,16384,2693.89
32,32,128,32768,5373.27
32,64,0,0,14.7833
32,64,1,16,15.1683
32,64,1,32,15.2963
32,64,1,64,15.3173
32,64,1,128,16.2763
32,64,1,256,17.5047
32,64,1,512,18.5487
32,64,1,1024,18.6667
32,64,1,2048,20.832
32,64,1,4096,24.2133
32,64,1,8192,30.6137
32,64,1,16384,44.565
32,64,1,32768,70.2723
32,64,2,16,15.5087
32,64,2,32,15.1363
32,64,2,64,15.1253
32,64,2,128,16.3307
32,64,2,256,17.536
32,64,2,512,19.6587
32,64,2,1024,19.584
32,64,2,2048,22.5493
32,64,2,4096,28.5657
32,64,2,8192,42.4423
32,64,2,16384,64.3093
32,64,2,32768,106.635
32,64,4,16,15.083
32,64,4,32,15.1473
32,64,4,64,15.2957
32,64,4,128,16.437
32,64,4,256,17.6
32,64,4,512,19.7227
32,64,4,1024,22.293
32,64,4,2048,31.584
32,64,4,4096,41.7703
32,64,4,8192,61.92
32,64,4,16384,104.971
32,64,4,32768,189.492
32,64,8,16,15.4453
32,64,8,32,15.2107
32,64,8,64,15.317
32,64,8,128,16.949
32,64,8,256,17.856
32,64,8,512,26.8373
32,64,8,1024,32.576
32,64,8,2048,42.816
32,64,8,4096,63.488
32,64,8,8192,105.269
32,64,8,16384,187.808
32,64,8,32768,359.295
32,64,16,16,20.01
32,64,16,32,19.903
32,64,16,64,20.1813
32,64,16,128,21.7177
32,64,16,256,23.7543
32,64,16,512,31.9257
32,64,16,1024,44.6937
32,64,16,2048,65.4723
32,64,16,4096,106.645
32,64,16,8192,189.697
32,64,16,16384,359.893
32,64,16,32768,696.778
32,64,32,16,24.8423
32,64,32,32,25.088
32,64,32,64,25.2483
32,64,32,128,28.6393
32,64,32,256,32.9703
32,64,32,512,47.2
32,64,32,1024,68.928
32,64,32,2048,109.141
32,64,32,4096,193.984
32,64,32,8192,360.063
32,64,32,16384,695.775
32,64,32,32768,1364.13
32,64,64,16,30.304
32,64,64,32,30.2087
32,64,64,64,30.784
32,64,64,128,36.9067
32,64,64,256,46.5383
32,64,64,512,70.688
32,64,64,1024,114.773
32,64,64,2048,198.411
32,64,64,4096,363.093
32,64,64,8192,696.895
32,64,64,16384,1360.17
32,64,64,32768,2705.5
32,64,128,16,48.8113
32,64,128,32,49.056
32,64,128,64,50.4213
32,64,128,128,61.451
32,64,128,256,78.5383
32,64,128,512,124.149
32,64,128,1024,210.379
32,64,128,2048,377.237
32,64,128,4096,706.091
32,64,128,8192,1364.53
32,64,128,16384,2698.4
32,64,128,32768,5357.63
32,128,0,0,16.4053
32,128,1,16,16.5867
32,128,1,32,16.811
32,128,1,64,16.7363
32,128,1,128,16.6403
32,128,1,256,17.5363
32,128,1,512,21.7063
32,128,1,1024,20.4377
32,128,1,2048,21.3333
32,128,1,4096,24.1067
32,128,1,8192,30.5387
32,128,1,16384,44.491
32,128,1,32768,70.2613
32,128,2,16,16.714
32,128,2,32,16.7143
32,128,2,64,16.8007
32,128,2,128,16.832
32,128,2,256,17.6967
32,128,2,512,22.411
32,128,2,1024,20.469
32,128,2,2048,22.3893
32,128,2,4096,28.373
32,128,2,8192,45.3867
32,128,2,16384,66.4217
32,128,2,32768,107.819
32,128,4,16,16.5227
32,128,4,32,16.4907
32,128,4,64,16.5327
32,128,4,128,16.6823
32,128,4,256,17.781
32,128,4,512,20.426
32,128,4,1024,22.0053
32,128,4,2048,33.151
32,128,4,4096,44.736
32,128,4,8192,65.312
32,128,4,16384,106.688
32,128,4,32768,189.899
32,128,8,16,16.4907
32,128,8,32,16.597
32,128,8,64,16.8527
32,128,8,128,16.5867
32,128,8,256,17.7603
32,128,8,512,28.5653
32,128,8,1024,34.4107
32,128,8,2048,46.293
32,128,8,4096,67.7863
32,128,8,8192,108.917
32,128,8,16384,188.255
32,128,8,32768,359.808
32,128,16,16,19.626
32,128,16,32,19.9893
32,128,16,64,20.2237
32,128,16,128,23.2327
32,128,16,256,26.048
32,128,16,512,35.616
32,128,16,1024,46.1547
32,128,16,2048,68.896
32,128,16,4096,108.703
32,128,16,8192,191.125
32,128,16,16384,361.877
32,128,16,32768,696.405
32,128,32,16,24.6927
32,128,32,32,24.6613
32,128,32,64,24.853
32,128,32,128,29.5357
32,128,32,256,34.1863
32,128,32,512,50.5173
32,128,32,1024,70.9123
32,128,32,2048,113.845
32,128,32,4096,195.232
32,128,32,8192,360.404
32,128,32,16384,698.239
32,128,32,32768,1366.4
32,128,64,16,31.723
32,128,64,32,31.9247
32,128,64,64,31.8507
32,128,64,128,37.0233
32,128,64,256,46.3257
32,128,64,512,73.8027
32,128,64,1024,114.741
32,128,64,2048,198.347
32,128,64,4096,364.181
32,128,64,8192,697.675
32,128,64,16384,1362.75
32,128,64,32768,2691.82
32,128,128,16,48.8103
32,128,128,32,48.9493
32,128,128,64,50.2503
32,128,128,128,61.8133
32,128,128,256,79.776
32,128,128,512,128.01
32,128,128,1024,208.564
32,128,128,2048,375.424
32,128,128,4096,705.354
32,128,128,8192,1364.37
32,128,128,16384,2697.51
32,128,128,32768,5364.98
32,256,0,0,17.7707
32,256,1,16,18.048
32,256,1,32,18.0057
32,256,1,64,18.0477
32,256,1,128,18.059
32,256,1,256,17.8667
32,256,1,512,22.1857
32,256,1,1024,21.9413
32,256,1,2048,22.8797
32,256,1,4096,24.5327
32,256,1,8192,31.2
32,256,1,16384,45.195
32,256,1,32768,69.963
32,256,2,16,17.8667
32,256,2,32,17.8033
32,256,2,64,17.856
32,256,2,128,17.984
32,256,2,256,17.8987
32,256,2,512,21.76
32,256,2,1024,23.275
32,256,2,2048,22.1547
32,256,2,4096,28.619
32,256,2,8192,40.544
32,256,2,16384,68.597
32,256,2,32768,109.077
32,256,4,16,17.792
32,256,4,32,18.0797
32,256,4,64,17.941
32,256,4,128,17.9307
32,256,4,256,18.027
32,256,4,512,22.8593
32,256,4,1024,22.5593
32,256,4,2048,33.5037
32,256,4,4096,45.2157
32,256,4,8192,68.2027
32,256,4,16384,107.765
32,256,4,32768,191.551
32,256,8,16,17.9197
32,256,8,32,18.2187
32,256,8,64,18.0373
32,256,8,128,17.909
32,256,8,256,18.0797
32,256,8,512,28.4693
32,256,8,1024,36.2453
32,256,8,2048,48.1813
32,256,8,4096,68.832
32,256,8,8192,108.459
32,256,8,16384,190.261
32,256,8,32768,359.733
32,256,16,16,19.8823
32,256,16,32,20.022
32,256,16,64,19.9887
32,256,16,128,23.2107
32,256,16,256,26.3577
32,256,16,512,36.224
32,256,16,1024,46.9227
32,256,16,2048,69.856
32,256,16,4096,110.613
32,256,16,8192,191.306
32,256,16,16384,358.486
32,256,16,32768,698.847
32,256,32,16,24.736
32,256,32,32,25.184
32,256,32,64,25.1303
32,256,32,128,29.7923
32,256,32,256,34.6557
32,256,32,512,51.4237
32,256,32,1024,72.1273
32,256,32,2048,114.741
32,256,32,4096,194.923
32,256,32,8192,360.203
32,256,32,16384,696.863
32,256,32,32768,1363.52
32,256,64,16,32.4907
32,256,64,32,32.9067
32,256,64,64,33.4077
32,256,64,128,37.6527
32,256,64,256,45.365
32,256,64,512,73.355
32,256,64,1024,114.358
32,256,64,2048,199.158
32,256,64,4096,365.632
32,256,64,8192,698.666
32,256,64,16384,1365.79
32,256,64,32768,2703.12
32,256,128,16,48.96
32,256,128,32,49.3977
32,256,128,64,50.4963
32,256,128,128,61.7067
32,256,128,256,79.6587
32,256,128,512,131.189
32,256,128,1024,208.021
32,256,128,2048,375.946
32,256,128,4096,703.189
32,256,128,8192,1363.49
32,256,128,16384,2698.87
32,256,128,32768,5359.7
32,512,0,0,22.549
32,512,1,16,23.072
32,512,1,32,22.1867
32,512,1,64,22.8267
32,512,1,128,23.0187
32,512,1,256,22.9963
32,512,1,512,22.9333
32,512,1,1024,23.232
32,512,1,2048,22.752
32,512,1,4096,26.1653
32,512,1,8192,31.1573
32,512,1,16384,44.7147
32,512,1,32768,70.411
32,512,2,16,22.603
32,512,2,32,22.5493
32,512,2,64,22.4747
32,512,2,128,22.1553
32,512,2,256,22.5177
32,512,2,512,22.848
32,512,2,1024,22.5387
32,512,2,2048,24.907
32,512,2,4096,28.64
32,512,2,8192,39.9143
32,512,2,16384,71.7547
32,512,2,32768,112.064
32,512,4,16,23.275
32,512,4,32,23.4353
32,512,4,64,23.0397
32,512,4,128,22.144
32,512,4,256,22.4213
32,512,4,512,26.624
32,512,4,1024,24.949
32,512,4,2048,28.715
32,512,4,4096,49.408
32,512,4,8192,69.3547
32,512,4,16384,109.675
32,512,4,32768,194.507
32,512,8,16,23.008
32,512,8,32,23.2747
32,512,8,64,22.8687
32,512,8,128,23.5413
32,512,8,256,24.629
32,512,8,512,29.8137
32,512,8,1024,36.9703
32,512,8,2048,50.1973
32,512,8,4096,72.6503
32,512,8,8192,111.563
32,512,8,16384,193.397
32,512,8,32768,359.263
32,512,16,16,25.9413
32,512,16,32,26.656
32,512,16,64,26.8693
32,512,16,128,27.9787
32,512,16,256,31.84
32,512,16,512,39.3817
32,512,16,1024,52.1177
32,512,16,2048,72.9817
32,512,16,4096,116.288
32,512,16,8192,199.883
32,512,16,16384,362.912
32,512,16,32768,698.432
32,512,32,16,30.0373
32,512,32,32,29.855
32,512,32,64,30.592
32,512,32,128,33.664
32,512,32,256,38.6133
32,512,32,512,54.72
32,512,32,1024,77.8447
32,512,32,2048,118.762
32,512,32,4096,201.877
32,512,32,8192,363.488
32,512,32,16384,698.602
32,512,32,32768,1366.11
32,512,64,16,38.4213
32,512,64,32,38.3253
32,512,64,64,39.104
32,512,64,128,45.4187
32,512,64,256,55.2847
32,512,64,512,75.9463
32,512,64,1024,116.831
32,512,64,2048,198.944
32,512,64,4096,364.587
32,512,64,8192,698.869
32,512,64,16384,1368.19
32,512,64,32768,2703.52
32,512,128,16,56.608
32,512,128,32,56.9387
32,512,128,64,58.2933
32,512,128,128,72.864
32,512,128,256,88.352
32,512,128,512,133.002
32,512,128,1024,215.285
32,512,128,2048,374.847
32,512,128,4096,704.511
32,512,128,8192,1366.94
32,512,128,16384,2696.68
32,512,128,32768,5363.83
32,1024,0,0,23.6373
32,1024,1,16,23.4763
32,1024,1,32,22.7733
32,1024,1,64,23.3813
32,1024,1,128,24.043
32,1024,1,256,23.424
32,1024,1,512,23.328
32,1024,1,1024,23.306
32,1024,1,2048,24.8963
32,1024,1,4096,26.763
32,1024,1,8192,32.811
32,1024,1,16384,45.3227
32,1024,1,32768,71.392
32,1024,2,16,23.52
32,1024,2,32,23.5843
32,1024,2,64,23.6477
32,1024,2,128,23.6057
32,1024,2,256,22.9557
32,1024,2,512,23.691
32,1024,2,1024,26.5387
32,1024,2,2048,25.7167
32,1024,2,4096,30.3687
32,1024,2,8192,40.8853
32,1024,2,16384,63.2
32,1024,2,32768,118.581
32,1024,4,16,24.0853
32,1024,4,32,24.331
32,1024,4,64,23.594
32,1024,4,128,23.936
32,1024,4,256,27.3813
32,1024,4,512,24.8103
32,1024,4,1024,32.0757
32,1024,4,2048,31.0827
32,1024,4,4096,52.565
32,1024,4,8192,76.7993
32,1024,4,16384,117.184
32,1024,4,32768,201.675
32,1024,8,16,26.6983
32,1024,8,32,26.763
32,1024,8,64,26.6877
32,1024,8,128,24.3733
32,1024,8,256,25.8027
32,1024,8,512,31.7657
32,1024,8,1024,38.9017
32,1024,8,2048,54.421
32,1024,8,4096,76.8643
32,1024,8,8192,118.89
32,1024,8,16384,199.414
32,1024,8,32768,360.992
32,1024,16,16,25.2577
32,1024,16,32,25.2587
32,1024,16,64,25.2053
32,1024,16,128,28.448
32,1024,16,256,31.189
32,1024,16,512,40.0533
32,1024,16,1024,56.0537
32,1024,16,2048,79.212
32,1024,16,4096,122.496
32,1024,16,8192,204.64
32,1024,16,16384,362.56
32,1024,16,32768,703.999
32,1024,32,16,30.3457
32,1024,32,32,30.4007
32,1024,32,64,30.9437
32,1024,32,128,35.296
32,1024,32,256,41.0563
32,1024,32,512,54.4433
32,1024,32,1024,80.768
32,1024,32,2048,124.736
32,1024,32,4096,204.683
32,1024,32,8192,373.749
32,1024,32,16384,701.877
32,1024,32,32768,1376.43
32,1024,64,16,39.648
32,1024,64,32,39.6263
32,1024,64,64,39.9253
32,1024,64,128,48.1273
32,1024,64,256,58.4743
32,1024,64,512,78.1757
32,1024,64,1024,118.592
32,1024,64,2048,198.378
32,1024,64,4096,366.059
32,1024,64,8192,700.159
32,1024,64,16384,1369.9
32,1024,64,32768,2714.37
32,1024,128,16,58.4
32,1024,128,32,58.3783
32,1024,128,64,59.7333
32,1024,128,128,73.8343
32,1024,128,256,91.0933
32,1024,128,512,130.678
32,1024,128,1024,216.362
32,1024,128,2048,374.613
32,1024,128,4096,705.568
32,1024,128,8192,1368.31
32,1024,128,16384,2696.28
32,1024,128,32768,5364.42
32,2048,0,0,25.4297
32,2048,1,16,25.6323
32,2048,1,32,25.75
32,2048,1,64,26.0473
32,2048,1,128,26.3043
32,2048,1,256,26.2823
32,2048,1,512,25.877
32,2048,1,1024,26.9227
32,2048,1,2048,26.8693
32,2048,1,4096,28.9387
32,2048,1,8192,34.1657
32,2048,1,16384,46.8693
32,2048,1,32768,70.7513
32,2048,2,16,25.6107
32,2048,2,32,26.8057
32,2048,2,64,26.0157
32,2048,2,128,26.7523
32,2048,2,256,27.136
32,2048,2,512,25.76
32,2048,2,1024,26.399
32,2048,2,2048,29.238
32,2048,2,4096,32.5977
32,2048,2,8192,43.7973
32,2048,2,16384,64.0857
32,2048,2,32768,108.629
32,2048,4,16,25.8133
32,2048,4,32,26.507
32,2048,4,64,25.728
32,2048,4,128,25.7707
32,2048,4,256,26.549
32,2048,4,512,29.1623
32,2048,4,1024,29.024
32,2048,4,2048,42.2397
32,2048,4,4096,43.5733
32,2048,4,8192,84.2123
32,2048,4,16384,128.928
32,2048,4,32768,212.074
32,2048,8,16,25.664
32,2048,8,32,25.8557
32,2048,8,64,25.93
32,2048,8,128,27.9467
32,2048,8,256,30.2937
32,2048,8,512,29.9413
32,2048,8,1024,39.3173
32,2048,8,2048,54.805
32,2048,8,4096,85.227
32,2048,8,8192,129.696
32,2048,8,16384,212.139
32,2048,8,32768,373.152
32,2048,16,16,30.997
32,2048,16,32,30.7193
32,2048,16,64,30.8893
32,2048,16,128,29.3543
32,2048,16,256,31.744
32,2048,16,512,40.8957
32,2048,16,1024,56.2773
32,2048,16,2048,87.8183
32,2048,16,4096,131.424
32,2048,16,8192,214.208
32,2048,16,16384,377.408
32,2048,16,32768,708.533
32,2048,32,16,33.2803
32,2048,32,32,33.035
32,2048,32,64,33.2053
32,2048,32,128,35.5627
32,2048,32,256,41.365
32,2048,32,512,54.4213
32,2048,32,1024,78.6133
32,2048,32,2048,134.069
32,2048,32,4096,217.397
32,2048,32,8192,377.558
32,2048,32,16384,706.676
32,2048,32,32768,1374.7
32,2048,64,16,40.4373
32,2048,64,32,40.6617
32,2048,64,64,41.1307
32,2048,64,128,48.9277
32,2048,64,256,59.0293
32,2048,64,512,83.1143
32,2048,64,1024,128.064
32,2048,64,2048,201.824
32,2048,64,4096,369.781
32,2048,64,8192,704.884
32,2048,64,16384,1373.12
32,2048,64,32768,2711.37
32,2048,128,16,60.0207
32,2048,128,32,60.661
32,2048,128,64,62.6237
32,2048,128,128,76.8963
32,2048,128,256,95.072
32,2048,128,512,140.768
32,2048,128,1024,216.395
32,2048,128,2048,383.071
32,2048,128,4096,706.954
32,2048,128,8192,1370.53
32,2048,128,16384,2703.49
32,2048,128,32768,5368.66
32,4096,0,0,30.1757
32,4096,1,16,30.7623
32,4096,1,32,31.0613
32,4096,1,64,30.944
32,4096,1,128,30.592
32,4096,1,256,30.7843
32,4096,1,512,30.7947
32,4096,1,1024,30.827
32,4096,1,2048,31.008
32,4096,1,4096,32.9173
32,4096,1,8192,37.8023
32,4096,1,16384,49.5893
32,4096,1,32768,74.272
32,4096,2,16,31.3923
32,4096,2,32,31.104
32,4096,2,64,31.499
32,4096,2,128,31.1147
32,4096,2,256,30.9863
32,4096,2,512,31.1893
32,4096,2,1024,31.4133
32,4096,2,2048,32.8107
32,4096,2,4096,37.2803
32,4096,2,8192,47.0403
32,4096,2,16384,68.779
32,4096,2,32768,111.051
32,4096,4,16,31.4667
32,4096,4,32,31.5203
32,4096,4,64,31.1467
32,4096,4,128,29.8987
32,4096,4,256,30.997
32,4096,4,512,31.5307
32,4096,4,1024,36.5653
32,4096,4,2048,37.8137
32,4096,4,4096,62.859
32,4096,4,8192,68.0853
32,4096,4,16384,148.949
32,4096,4,32768,237.76
32,4096,8,16,29.9627
32,4096,8,32,30.7203
32,4096,8,64,30.837
32,4096,8,128,31.008
32,4096,8,256,33.5143
32,4096,8,512,39.4027
32,4096,8,1024,38.6457
32,4096,8,2048,54.1973
32,4096,8,4096,85.9943
32,4096,8,8192,150.774
32,4096,8,16384,234.187
32,4096,8,32768,395.284
32,4096,16,16,34.0477
32,4096,16,32,34.5063
32,4096,16,64,34.5817
32,4096,16,128,35.0927
32,4096,16,256,39.0823
32,4096,16,512,41.098
32,4096,16,1024,56.0743
32,4096,16,2048,87.6907
32,4096,16,4096,152.607
32,4096,16,8192,237.29
32,4096,16,16384,403.147
32,4096,16,32768,730.689
32,4096,32,16,36.64
32,4096,32,32,36.8847
32,4096,32,64,37.344
32,4096,32,128,41.9413
32,4096,32,256,46.9867
32,4096,32,512,54.24
32,4096,32,1024,78.869
32,4096,32,2048,130.592
32,4096,32,4096,240.683
32,4096,32,8192,405.642
32,4096,32,16384,733.59
32,4096,32,32768,1394.15
32,4096,64,16,45.1193
32,4096,64,32,45.4297
32,4096,64,64,46.0587
32,4096,64,128,52.5547
32,4096,64,256,58.8373
32,4096,64,512,82.1337
32,4096,64,1024,131.147
32,4096,64,2048,221.013
32,4096,64,4096,369.024
32,4096,64,8192,703.999
32,4096,64,16384,1378.25
32,4096,64,32768,2710.9
32,4096,128,16,64.789
32,4096,128,32,65.3547
32,4096,128,64,66.6453
32,4096,128,128,79.4883
32,4096,128,256,95.1353
32,4096,128,512,142.016
32,4096,128,1024,230.624
32,4096,128,2048,382.699
32,4096,128,4096,712.458
32,4096,128,8192,1370.56
32,4096,128,16384,2707.24
32,4096,128,32768,5371.69
32,8192,0,0,37.0133
32,8192,1,16,37.6427
32,8192,1,32,38.0903
32,8192,1,64,37.6103
32,8192,1,128,37.7917
32,8192,1,256,37.7167
32,8192,1,512,37.3233
32,8192,1,1024,39.2753
32,8192,1,2048,38.9543
32,8192,1,4096,40.6727
32,8192,1,8192,43.84
32,8192,1,16384,53.9517
32,8192,1,32768,79.3493
32,8192,2,16,38.0267
32,8192,2,32,38.144
32,8192,2,64,37.8773
32,8192,2,128,37.8993
32,8192,2,256,38.7413
32,8192,2,512,39.1997
32,8192,2,1024,38.9757
32,8192,2,2048,40.544
32,8192,2,4096,45.9307
32,8192,2,8192,53.131
32,8192,2,16384,75.0183
32,8192,2,32768,118.422
32,8192,4,16,37.686
32,8192,4,32,37.472
32,8192,4,64,38.346
32,8192,4,128,38.922
32,8192,4,256,39.7757
32,8192,4,512,39.8613
32,8192,4,1024,41.4077
32,8192,4,2048,52.053
32,8192,4,4096,52.352
32,8192,4,8192,102.549
32,8192,4,16384,117.216
32,8192,4,32768,275.669
32,8192,8,16,39.1033
32,8192,8,32,38.8693
32,8192,8,64,39.0723
32,8192,8,128,38.6027
32,8192,8,256,39.893
32,8192,8,512,39.211
32,8192,8,1024,53.696
32,8192,8,2048,52.6937
32,8192,8,4096,84.4587
32,8192,8,8192,148.277
32,8192,8,16384,274.965
32,8192,8,32768,440.47
32,8192,16,16,42.0157
32,8192,16,32,41.995
32,8192,16,64,42.272
32,8192,16,128,43.6587
32,8192,16,256,46.0053
32,8192,16,512,52.4797
32,8192,16,1024,57.0773
32,8192,16,2048,86.2937
32,8192,16,4096,150.154
32,8192,16,8192,276.843
32,8192,16,16384,449.845
32,8192,16,32768,771.104
32,8192,32,16,44.5013
32,8192,32,32,44.32
32,8192,32,64,44.949
32,8192,32,128,48.6293
32,8192,32,256,51.7333
32,8192,32,512,62.528
32,8192,32,1024,83.2427
32,8192,32,2048,128.608
32,8192,32,4096,230.303
32,8192,32,8192,451.36
32,8192,32,16384,779.221
32,8192,32,32768,1434.43
32,8192,64,16,52.256
32,8192,64,32,53.1417
32,8192,64,64,53.0667
32,8192,64,128,60.736
32,8192,64,256,66.8377
32,8192,64,512,87.9463
32,8192,64,1024,131.221
32,8192,64,2048,222.047
32,8192,64,4096,406.751
32,8192,64,8192,708.692
32,8192,64,16384,1379.42
32,8192,64,32768,2718.07
32,8192,128,16,72.971
32,8192,128,32,73.2907
32,8192,128,64,73.9733
32,8192,128,128,86.1543
32,8192,128,256,103.221
32,8192,128,512,142.709
32,8192,128,1024,229.109
32,8192,128,2048,398.837
32,8192,128,4096,720.543
32,8192,128,8192,1380.14
32,8192,128,16384,2713.42
32,8192,128,32768,5381.46
32,16384,0,0,49.9733
32,16384,1,16,50.048
32,16384,1,32,50.283
32,16384,1,64,50.4427
32,16384,1,128,50.475
32,16384,1,256,50.432
32,16384,1,512,50.496
32,16384,1,1024,52.405
32,16384,1,2048,52.6933
32,16384,1,4096,53.664
32,16384,1,8192,58.3683
32,16384,1,16384,65.0877
32,16384,1,32768,83.4557
32,16384,2,16,50.3893
32,16384,2,32,50.581
32,16384,2,64,50.6453
32,16384,2,128,50.592
32,16384,2,256,50.6667
32,16384,2,512,50.3147
32,16384,2,1024,53.3337
32,16384,2,2048,54.133
32,16384,2,4096,58.5603
32,16384,2,8192,67.1357
32,16384,2,16384,84.16
32,16384,2,32768,130.827
32,16384,4,16,50.7843
32,16384,4,32,50.912
32,16384,4,64,50.891
32,16384,4,128,51.05
32,16384,4,256,49.76
32,16384,4,512,53.6427
32,16384,4,1024,52.48
32,16384,4,2048,59.4557
32,16384,4,4096,78.9973
32,16384,4,8192,84.6503
32,16384,4,16384,182.463
32,16384,4,32768,214.038
32,16384,8,16,52.9707
32,16384,8,32,53.0347
32,16384,8,64,53.0877
32,16384,8,128,53.2473
32,16384,8,256,53.984
32,16384,8,512,56.3203
32,16384,8,1024,60.555
32,16384,8,2048,80.992
32,16384,8,4096,84.3413
32,16384,8,8192,146.634
32,16384,8,16384,268.682
32,16384,8,32768,525.237
32,16384,16,16,53.238
32,16384,16,32,52.8747
32,16384,16,64,53.1943
32,16384,16,128,58.164
32,16384,16,256,59.7117
32,16384,16,512,63.9147
32,16384,16,1024,74.069
32,16384,16,2048,89.398
32,16384,16,4096,148.544
32,16384,16,8192,269.525
32,16384,16,16384,532.011
32,16384,16,32768,870.975
32,16384,32,16,57.7277
32,16384,32,32,57.5367
32,16384,32,64,57.696
32,16384,32,128,62.9547
32,16384,32,256,65.76
32,16384,32,512,76.2027
32,16384,32,1024,97.066
32,16384,32,2048,142.389
32,16384,32,4096,228.149
32,16384,32,8192,434.186
32,16384,32,16384,870.132
32,16384,32,32768,1538.01
32,16384,64,16,66.6767
32,16384,64,32,66.5493
32,16384,64,64,67.5947
32,16384,64,128,74.229
32,16384,64,256,80.1173
32,16384,64,512,105.397
32,16384,64,1024,147.723
32,16384,64,2048,221.322
32,16384,64,4096,401.429
32,16384,64,8192,777.973
32,16384,64,16384,1390.36
32,16384,64,32768,2741.15
32,16384,128,16,86.7417
32,16384,128,32,86.9657
32,16384,128,64,87.6693
32,16384,128,128,98.8593
32,16384,128,256,115.808
32,16384,128,512,152.053
32,16384,128,1024,245.419
32,16384,128,2048,402.282
32,16384,128,4096,746.25
32,16384,128,8192,1396.8
32,16384,128,16384,2717.97
32,16384,128,32768,5400.07
32,32768,0,0,74.709
32,32768,1,16,75.6907
32,32768,1,32,75.232
32,32768,1,64,75.5307
32,32768,1,128,75.4453
32,32768,1,256,75.4983
32,32768,1,512,76.064
32,32768,1,1024,76.2773
32,32768,1,2048,78.1013
32,32768,1,4096,81.002
32,32768,1,8192,82.443
32,32768,1,16384,91.1037
32,32768,1,32768,108.81
32,32768,2,16,75.605
32,32768,2,32,76.7577
32,32768,2,64,75.9357
32,32768,2,128,75.968
32,32768,2,256,76.501
32,32768,2,512,76.267
32,32768,2,1024,79.488
32,32768,2,2048,82.2613
32,32768,2,4096,82.3043
32,32768,2,8192,95.328
32,32768,2,16384,114.155
32,32768,2,32768,149.248
32,32768,4,16,75.8297
32,32768,4,32,76.0437
32,32768,4,64,76.5123
32,32768,4,128,75.6687
32,32768,4,256,75.6793
32,32768,4,512,75.925
32,32768,4,1024,82.7203
32,32768,4,2048,83.2527
32,32768,4,4096,94.7203
32,32768,4,8192,136.021
32,32768,4,16384,147.744
32,32768,4,32768,335.989
32,32768,8,16,76.469
32,32768,8,32,76.523
32,32768,8,64,76.3837
32,32768,8,128,76.0213
32,32768,8,256,80.8743
32,32768,8,512,82.7313
32,32768,8,1024,88.2887
32,32768,8,2048,95.168
32,32768,8,4096,137.068
32,32768,8,8192,148.405
32,32768,8,16384,265.963
32,32768,8,32768,509.141
32,32768,16,16,79.232
32,32768,16,32,79.4773
32,32768,16,64,79.3807
32,32768,16,128,81.728
32,32768,16,256,82.3043
32,32768,16,512,89.2163
32,32768,16,1024,94.7623
32,32768,16,2048,117.322
32,32768,16,4096,152.096
32,32768,16,8192,268.522
32,32768,16,16384,509.301
32,32768,16,32768,1053.13
32,32768,32,16,81.962
32,32768,32,32,81.5893
32,32768,32,64,82.3563
32,32768,32,128,87.4547
32,32768,32,256,89.664
32,32768,32,512,99.8827
32,32768,32,1024,116.149
32,32768,32,2048,160.981
32,32768,32,4096,258.804
32,32768,32,8192,429.088
32,32768,32,16384,855.124
32,32768,32,32768,1714.22
32,32768,64,16,91.349
32,32768,64,32,92.5547
32,32768,64,64,91.701
32,32768,64,128,97.3867
32,32768,64,256,107.616
32,32768,64,512,123.797
32,32768,64,1024,165.248
32,32768,64,2048,248.65
32,32768,64,4096,409.579
32,32768,64,8192,760.096
32,32768,64,16384,1525.86
32,32768,64,32768,2755.23
32,32768,128,16,111.787
32,32768,128,32,111.733
32,32768,128,64,112.566
32,32768,128,128,126.293
32,32768,128,256,142.89
32,32768,128,512,180.789
32,32768,128,1024,259.787
32,32768,128,2048,426.186
32,32768,128,4096,761.536
32,32768,128,8192,1452.89
32,32768,128,16384,2751.05
32,32768,128,32768,5416.27
64,0,0,0,15.701
64,0,1,16,15.1677
64,0,1,32,15.318
64,0,1,64,15.2323
64,0,1,128,16.4583
64,0,1,256,17.632
64,0,1,512,18.635
64,0,1,1024,20.6503
64,0,1,2048,23.7653
64,0,1,4096,30.3043
64,0,1,8192,42.8903
64,0,1,16384,69.3333
64,0,1,32768,119.584
64,0,2,16,15.0183
64,0,2,32,15.1577
64,0,2,64,15.253
64,0,2,128,16.491
64,0,2,256,17.5787
64,0,2,512,19.9893
64,0,2,1024,21.4933
64,0,2,2048,25.5457
64,0,2,4096,32.0427
64,0,2,8192,45.8987
64,0,2,16384,71.84
64,0,2,32768,123.072
64,0,4,16,15.2853
64,0,4,32,15.3813
64,0,4,64,15.4133
64,0,4,128,16.9707
64,0,4,256,17.6533
64,0,4,512,20.7467
64,0,4,1024,23.1253
64,0,4,2048,31.52
64,0,4,4096,42.1867
64,0,4,8192,63.5307
64,0,4,16384,105.547
64,0,4,32768,190.378
64,0,8,16,15.2743
64,0,8,32,15.7017
64,0,8,64,15.2747
64,0,8,128,16.8213
64,0,8,256,17.8237
64,0,8,512,26.8797
64,0,8,1024,31.8293
64,0,8,2048,43.5627
64,0,8,4096,65.12
64,0,8,8192,105.237
64,0,8,16384,188.854
64,0,8,32768,360.64
64,0,16,16,20.299
64,0,16,32,19.8933
64,0,16,64,20.4793
64,0,16,128,21.8983
64,0,16,256,24.1597
64,0,16,512,31.68
64,0,16,1024,44.405
64,0,16,2048,65.9517
64,0,16,4096,106.389
64,0,16,8192,189.515
64,0,16,16384,359.732
64,0,16,32768,697.056
64,0,32,16,24.8317
64,0,32,32,24.917
64,0,32,64,24.9497
64,0,32,128,28.5757
64,0,32,256,32.3
64,0,32,512,48.1923
64,0,32,1024,67.5627
64,0,32,2048,108.619
64,0,32,4096,194.197
64,0,32,8192,363.146
64,0,32,16384,701.183
64,0,32,32768,1368.91
64,0,64,16,34.048
64,0,64,32,34.1123
64,0,64,64,34.208
64,0,64,128,40.5013
64,0,64,256,49.8563
64,0,64,512,73.7493
64,0,64,1024,115.627
64,0,64,2048,199.114
64,0,64,4096,364.235
64,0,64,8192,695.403
64,0,64,16384,1366.9
64,0,64,32768,2693.81
64,0,128,16,49.1203
64,0,128,32,49.397
64,0,128,64,51.1787
64,0,128,128,62.6773
64,0,128,256,79.9893
64,0,128,512,125.984
64,0,128,1024,211.712
64,0,128,2048,375.466
64,0,128,4096,704.618
64,0,128,8192,1364.51
64,0,128,16384,2699.61
64,0,128,32768,5359.21
64,16,0,0,16.0423
64,16,1,16,15.3707
64,16,1,32,15.4773
64,16,1,64,15.253
64,16,1,128,16.1177
64,16,1,256,17.504
64,16,1,512,19.0503
64,16,1,1024,20.9817
64,16,1,2048,24.0857
64,16,1,4096,30.357
64,16,1,8192,42.9227
64,16,1,16384,68.8
64,16,1,32768,118.795
64,16,2,16,15.1573
64,16,2,32,14.997
64,16,2,64,15.3387
64,16,2,128,16.48
64,16,2,256,17.5673
64,16,2,512,19.946
64,16,2,1024,22.2293
64,16,2,2048,25.3333
64,16,2,4096,31.2957
64,16,2,8192,46.4753
64,16,2,16384,71.712
64,16,2,32768,122.347
64,16,4,16,15.317
64,16,4,32,15.3493
64,16,4,64,15.4563
64,16,4,128,16.725
64,16,4,256,17.845
64,16,4,512,20.3307
64,16,4,1024,23.563
64,16,4,2048,31.424
64,16,4,4096,42.2933
64,16,4,8192,64.2347
64,16,4,16384,105.195
64,16,4,32768,190.666
64,16,8,16,15.3707
64,16,8,32,15.552
64,16,8,64,15.403
64,16,8,128,17.1093
64,16,8,256,18.048
64,16,8,512,26.6453
64,16,8,1024,32.1917
64,16,8,2048,44.0423
64,16,8,4096,65.1527
64,16,8,8192,105.578
64,16,8,16384,188.438
64,16,8,32768,360.021
64,16,16,16,19.851
64,16,16,32,19.8823
64,16,16,64,20.1707
64,16,16,128,22.0907
64,16,16,256,23.9573
64,16,16,512,31.3497
64,16,16,1024,45.1517
64,16,16,2048,64.4907
64,16,16,4096,106.731
64,16,16,8192,189.279
64,16,16,16384,359.189
64,16,16,32768,699.636
64,16,32,16,24.4907
64,16,32,32,24.875
64,16,32,64,25.1517
64,16,32,128,28.6827
64,16,32,256,32.5333
64,16,32,512,48.0853
64,16,32,1024,68.1497
64,16,32,2048,110.442
64,16,32,4096,192.842
64,16,32,8192,360.501
64,16,32,16384,702.068
64,16,32,32768,1368.31
64,16,64,16,34.0373
64,16,64,32,33.963
64,16,64,64,34.7093
64,16,64,128,41.1633
64,16,64,256,49.6853
64,16,64,512,74.3043
64,16,64,1024,115.839
64,16,64,2048,197.525
64,16,64,4096,364.8
64,16,64,8192,698.325
64,16,64,16384,1362.48
64,16,64,32768,2695.14
64,16,128,16,49.344
64,16,128,32,49.5467
64,16,128,64,50.9967
64,16,128,128,62.933
64,16,128,256,80.374
64,16,128,512,128.534
64,16,128,1024,212.555
64,16,128,2048,376.662
64,16,128,4096,703.701
64,16,128,8192,1363.98
64,16,128,16384,2697.8
64,16,128,32768,5361.68
64,32,0,0,15.6477
64,32,1,16,15.328
64,32,1,32,15.3387
64,32,1,64,15.4557
64,32,1,128,16.3093
64,32,1,256,17.7283
64,32,1,512,18.5387
64,32,1,1024,20.7787
64,32,1,2048,24.32
64,32,1,4096,30.3573
64,32,1,8192,43.04
64,32,1,16384,68.9917
64,32,1,32768,119.029
64,32,2,16,15.2863
64,32,2,32,15.0827
64,32,2,64,15.0613
64,32,2,128,16.384
64,32,2,256,17.685
64,32,2,512,19.936
64,32,2,1024,21.1513
64,32,2,2048,25.0353
64,32,2,4096,31.9463
64,32,2,8192,45.9517
64,32,2,16384,71.829
64,32,2,32768,122.08
64,32,4,16,15.2533
64,32,4,32,15.435
64,32,4,64,15.5947
64,32,4,128,17.0453
64,32,4,256,18.091
64,32,4,512,19.456
64,32,4,1024,22.7413
64,32,4,2048,31.84
64,32,4,4096,42.464
64,32,4,8192,63.797
64,32,4,16384,104.096
64,32,4,32768,190.122
64,32,8,16,15.3827
64,32,8,32,15.3927
64,32,8,64,15.563
64,32,8,128,17.024
64,32,8,256,18.1017
64,32,8,512,26.731
64,32,8,1024,32.0533
64,32,8,2048,43.541
64,32,8,4096,65.44
64,32,8,8192,105.952
64,32,8,16384,188.372
64,32,8,32768,358.709
64,32,16,16,19.8303
64,32,16,32,20.1173
64,32,16,64,20.1707
64,32,16,128,21.9307
64,32,16,256,23.9893
64,32,16,512,31.8833
64,32,16,1024,44.0533
64,32,16,2048,66.1013
64,32,16,4096,107.286
64,32,16,8192,189.216
64,32,16,16384,360.938
64,32,16,32768,697.663
64,32,32,16,24.5547
64,32,32,32,24.4903
64,32,32,64,25.1843
64,32,32,128,28.693
64,32,32,256,32.16
64,32,32,512,47.2
64,32,32,1024,68.3623
64,32,32,2048,110.24
64,32,32,4096,193.663
64,32,32,8192,361.13
64,32,32,16384,698.805
64,32,32,32768,1374.85
64,32,64,16,33.9623
64,32,64,32,34.3997
64,32,64,64,34.4533
64,32,64,128,40.8537
64,32,64,256,49.7163
64,32,64,512,74.1977
64,32,64,1024,115.797
64,32,64,2048,199.957
64,32,64,4096,363.658
64,32,64,8192,696.277
64,32,64,16384,1360.95
64,32,64,32768,2704.66
64,32,128,16,49.142
64,32,128,32,49.365
64,32,128,64,50.8373
64,32,128,128,63.36
64,32,128,256,79.7017
64,32,128,512,125.621
64,32,128,1024,212.16
64,32,128,2048,376.224
64,32,128,4096,704.564
64,32,128,8192,1365.43
64,32,128,16384,2699.55
64,32,128,32768,5363.42
64,64,0,0,15.6693
64,64,1,16,15.3067
64,64,1,32,15.4763
64,64,1,64,15.3807
64,64,1,128,16.5013
64,64,1,256,17.5147
64,64,1,512,18.741
64,64,1,1024,20.864
64,64,1,2048,24.0957
64,64,1,4096,30.6237
64,64,1,8192,43.136
64,64,1,16384,68.448
64,64,1,32768,119.435
64,64,2,16,15.2
64,64,2,32,15.232
64,64,2,64,15.3493
64,64,2,128,16.4053
64,64,2,256,17.9093
64,64,2,512,20.1493
64,64,2,1024,21.5677
64,64,2,2048,25.9413
64,64,2,4096,31.4017
64,64,2,8192,45.8983
64,64,2,16384,71.4767
64,64,2,32768,122.485
64,64,4,16,15.232
64,64,4,32,15.328
64,64,4,64,15.4123
64,64,4,128,17.2157
64,64,4,256,17.9423
64,64,4,512,20.4907
64,64,4,1024,23.8933
64,64,4,2048,31.7013
64,64,4,4096,44.352
64,64,4,8192,65.1203
64,64,4,16384,104.501
64,64,4,32768,190.431
64,64,8,16,15.435
64,64,8,32,15.6267
64,64,8,64,15.5307
64,64,8,128,17.0137
64,64,8,256,18.0477
64,64,8,512,26.8587
64,64,8,1024,31.9363
64,64,8,2048,44.1387
64,64,8,4096,64.5227
64,64,8,8192,105.706
64,64,8,16384,189.141
64,64,8,32768,358.901
64,64,16,16,19.8297
64,64,16,32,20.2453
64,64,16,64,20.3197
64,64,16,128,22.08
64,64,16,256,24.1073
64,64,16,512,31.4773
64,64,16,1024,44.2347
64,64,16,2048,65.173
64,64,16,4096,106.528
64,64,16,8192,190.293
64,64,16,16384,361.003
64,64,16,32768,697.46
64,64,32,16,24.811
64,64,32,32,24.7893
64,64,32,64,25.2697
64,64,32,128,28.608
64,64,32,256,32.3523
64,64,32,512,48.2023
64,64,32,1024,67.7433
64,64,32,2048,110.816
64,64,32,4096,194.25
64,64,32,8192,361.578
64,64,32,16384,701.504
64,64,32,32768,1373.1
64,64,64,16,33.952
64,64,64,32,34.1227
64,64,64,64,34.4853
64,64,64,128,41.419
64,64,64,256,49.7923
64,64,64,512,74.6663
64,64,64,1024,117.034
64,64,64,2048,199.008
64,64,64,4096,363.072
64,64,64,8192,696.916
64,64,64,16384,1364.41
64,64,64,32768,2692.62
64,64,128,16,49.2157
64,64,128,32,49.4287
64,64,128,64,51.4667
64,64,128,128,62.7303
64,64,128,256,80.437
64,64,128,512,126.442
64,64,128,1024,211.435
64,64,128,2048,376.704
64,64,128,4096,704.703
64,64,128,8192,1364.56
64,64,128,16384,2699.72
64,64,128,32768,5360.91
64,128,0,0,17.3227
64,128,1,16,17.1417
64,128,1,32,17.0887
64,128,1,64,17.1307
64,128,1,128,16.854
64,128,1,256,17.7177
64,128,1,512,21.8773
64,128,1,1024,20.8747
64,128,1,2048,24.117
64,128,1,4096,29.9737
64,128,1,8192,42.6567
64,128,1,16384,68.746
64,128,1,32768,118.965
64,128,2,16,16.9607
64,128,2,32,16.7903
64,128,2,64,16.8853
64,128,2,128,17.312
64,128,2,256,17.7277
64,128,2,512,19.563
64,128,2,1024,21.6957
64,128,2,2048,24.853
64,128,2,4096,31.819
64,128,2,8192,46.1123
64,128,2,16384,71.2423
64,128,2,32768,122.507
64,128,4,16,17.0773
64,128,4,32,17.0027
64,128,4,64,16.864
64,128,4,128,16.928
64,128,4,256,17.7923
64,128,4,512,21.3767
64,128,4,1024,23.0507
64,128,4,2048,29.3333
64,128,4,4096,44.341
64,128,4,8192,66.2397
64,128,4,16384,106.411
64,128,4,32768,190.858
64,128,8,16,17.1407
64,128,8,32,17.088
64,128,8,64,17.0243
64,128,8,128,16.9817
64,128,8,256,17.8883
64,128,8,512,28.4483
64,128,8,1024,33.4087
64,128,8,2048,44.9177
64,128,8,4096,66.5707
64,128,8,8192,107.221
64,128,8,16384,189.162
64,128,8,32768,359.7
64,128,16,16,19.8827
64,128,16,32,20.1813
64,128,16,64,20.363
64,128,16,128,23.648
64,128,16,256,25.5787
64,128,16,512,33.8453
64,128,16,1024,45.4293
64,128,16,2048,66.677
64,128,16,4096,108.694
64,128,16,8192,190.56
64,128,16,16384,360.352
64,128,16,32768,695.263
64,128,32,16,24.5547
64,128,32,32,25.067
64,128,32,64,24.917
64,128,32,128,29.867
64,128,32,256,33.7383
64,128,32,512,51.0293
64,128,32,1024,69.5473
64,128,32,2048,112.395
64,128,32,4096,194.176
64,128,32,8192,360.779
64,128,32,16384,703.008
64,128,32,32768,1375.49
64,128,64,16,33.995
64,128,64,32,34.1323
64,128,64,64,34.1547
64,128,64,128,42.1227
64,128,64,256,50.0267
64,128,64,512,80.9173
64,128,64,1024,119.552
64,128,64,2048,201.771
64,128,64,4096,364.363
64,128,64,8192,697.567
64,128,64,16384,1362.5
64,128,64,32768,2696.77
64,128,128,16,50.9227
64,128,128,32,51.3707
64,128,128,64,52.0537
64,128,128,128,64.2983
64,128,128,256,81.4723
64,128,128,512,132.192
64,128,128,1024,206.944
64,128,128,2048,374.72
64,128,128,4096,704.053
64,128,128,8192,1366.65
64,128,128,16384,2696.24
64,128,128,32768,5358.16
64,256,0,0,18.88
64,256,1,16,18.0697
64,256,1,32,18.0907
64,256,1,64,18.176
64,256,1,128,18.0793
64,256,1,256,18.1547
64,256,1,512,22.5387
64,256,1,1024,22.645
64,256,1,2048,26.1543
64,256,1,4096,30.2087
64,256,1,8192,43.0613
64,256,1,16384,69.0027
64,256,1,32768,119.616
64,256,2,16,17.962
64,256,2,32,17.9307
64,256,2,64,18.0373
64,256,2,128,18.0267
64,256,2,256,17.8773
64,256,2,512,23.6907
64,256,2,1024,23.4133
64,256,2,2048,25.0347
64,256,2,4096,31.925
64,256,2,8192,46.111
64,256,2,16384,71.733
64,256,2,32768,122.688
64,256,4,16,18.038
64,256,4,32,18.2397
64,256,4,64,18.2827
64,256,4,128,18.2187
64,256,4,256,18.0363
64,256,4,512,21.3117
64,256,4,1024,23.2643
64,256,4,2048,29.3973
64,256,4,4096,44.8537
64,256,4,8192,66.486
64,256,4,16384,107.669
64,256,4,32768,191.327
64,256,8,16,18.2503
64,256,8,32,18.3243
64,256,8,64,18.303
64,256,8,128,18.112
64,256,8,256,18.2397
64,256,8,512,28.586
64,256,8,1024,35.0083
64,256,8,2048,46.1333
64,256,8,4096,68.672
64,256,8,8192,107.563
64,256,8,16384,190.581
64,256,8,32768,359.05
64,256,16,16,19.9143
64,256,16,32,20.16
64,256,16,64,20.49
64,256,16,128,23.3707
64,256,16,256,26.133
64,256,16,512,34.9333
64,256,16,1024,46.933
64,256,16,2048,67.69
64,256,16,4096,110.197
64,256,16,8192,191.882
64,256,16,16384,361.162
64,256,16,32768,696.192
64,256,32,16,24.864
64,256,32,32,24.7467
64,256,32,64,25.056
64,256,32,128,29.6103
64,256,32,256,34.73
64,256,32,512,53.0773
64,256,32,1024,71.136
64,256,32,2048,114.048
64,256,32,4096,196.149
64,256,32,8192,360.501
64,256,32,16384,704.48
64,256,32,32768,1374.69
64,256,64,16,33.951
64,256,64,32,34.591
64,256,64,64,34.678
64,256,64,128,41.856
64,256,64,256,50.1863
64,256,64,512,83.3277
64,256,64,1024,119.701
64,256,64,2048,202.719
64,256,64,4096,368.383
64,256,64,8192,701.408
64,256,64,16384,1368.78
64,256,64,32768,2703.66
64,256,128,16,51.1043
64,256,128,32,51.573
64,256,128,64,52.768
64,256,128,128,63.328
64,256,128,256,80.9597
64,256,128,512,131.242
64,256,128,1024,207.552
64,256,128,2048,375.072
64,256,128,4096,704.533
64,256,128,8192,1365.66
64,256,128,16384,2698.7
64,256,128,32768,5364.1
64,512,0,0,24.0527
64,512,1,16,24.3737
64,512,1,32,24.2133
64,512,1,64,24.129
64,512,1,128,24.5333
64,512,1,256,23.968
64,512,1,512,23.7647
64,512,1,1024,23.4987
64,512,1,2048,26.0057
64,512,1,4096,32.2457
64,512,1,8192,42.688
64,512,1,16384,68.9067
64,512,1,32768,118.954
64,512,2,16,24.5547
64,512,2,32,24.405
64,512,2,64,24.821
64,512,2,128,24.9067
64,512,2,256,24.4377
64,512,2,512,28.4373
64,512,2,1024,25.7703
64,512,2,2048,26.9867
64,512,2,4096,32.021
64,512,2,8192,45.3443
64,512,2,16384,71.5627
64,512,2,32768,122.219
64,512,4,16,24.704
64,512,4,32,25.579
64,512,4,64,24.4807
64,512,4,128,24.7997
64,512,4,256,25.8877
64,512,4,512,25.6533
64,512,4,1024,31.7337
64,512,4,2048,29.387
64,512,4,4096,40.416
64,512,4,8192,69.632
64,512,4,16384,110.4
64,512,4,32768,194.592
64,512,8,16,27.712
64,512,8,32,27.4027
64,512,8,64,27.5197
64,512,8,128,25.056
64,512,8,256,25.4297
64,512,8,512,31.7123
64,512,8,1024,35.8183
64,512,8,2048,47.9467
64,512,8,4096,71.1573
64,512,8,8192,110.325
64,512,8,16384,192.64
64,512,8,32768,358.955
64,512,16,16,26.4533
64,512,16,32,26.0373
64,512,16,64,26.2823
64,512,16,128,30.4853
64,512,16,256,29.354
64,512,16,512,37.461
64,512,16,1024,48.5543
64,512,16,2048,70.8267
64,512,16,4096,112.395
64,512,16,8192,192.992
64,512,16,16384,364.735
64,512,16,32768,694.196
64,512,32,16,30.6983
64,512,32,32,31.2
64,512,32,64,30.6773
64,512,32,128,33.7387
64,512,32,256,39.146
64,512,32,512,55.2747
64,512,32,1024,76.3413
64,512,32,2048,117.727
64,512,32,4096,198.325
64,512,32,8192,363.115
64,512,32,16384,700.394
64,512,32,32768,1371.88
64,512,64,16,39.1787
64,512,64,32,39.2637
64,512,64,64,39.573
64,512,64,128,47.9783
64,512,64,256,57.4933
64,512,64,512,84.4163
64,512,64,1024,128.938
64,512,64,2048,205.845
64,512,64,4096,370.741
64,512,64,8192,703.36
64,512,64,16384,1372.4
64,512,64,32768,2700.55
64,512,128,16,59.8613
64,512,128,32,60.3413
64,512,128,64,62.069
64,512,128,128,76.778
64,512,128,256,90.549
64,512,128,512,133.588
64,512,128,1024,215.2
64,512,128,2048,377.173
64,512,128,4096,704.17
64,512,128,8192,1367.47
64,512,128,16384,2699.64
64,512,128,32768,5366.31
64,1024,0,0,26.923
64,1024,1,16,27.253
64,1024,1,32,27.392
64,1024,1,64,27.328
64,1024,1,128,27.4243
64,1024,1,256,28.1923
64,1024,1,512,27.3067
64,1024,1,1024,26.3787
64,1024,1,2048,26.3353
64,1024,1,4096,32.5333
64,1024,1,8192,45.3223
64,1024,1,16384,68.5227
64,1024,1,32768,119.349
64,1024,2,16,27.1567
64,1024,2,32,27.7653
64,1024,2,64,26.9553
64,1024,2,128,27.9363
64,1024,2,256,28.4587
64,1024,2,512,28.0107
64,1024,2,1024,33.4717
64,1024,2,2048,28.821
64,1024,2,4096,34.9013
64,1024,2,8192,46.0587
64,1024,2,16384,71.822
64,1024,2,32768,122.4
64,1024,4,16,26.9653
64,1024,4,32,27.285
64,1024,4,64,28.0213
64,1024,4,128,27.851
64,1024,4,256,27.776
64,1024,4,512,33.0553
64,1024,4,1024,29.1307
64,1024,4,2048,40.842
64,1024,4,4096,41.6643
64,1024,4,8192,73.2163
64,1024,4,16384,115.189
64,1024,4,32768,196.575
64,1024,8,16,26.368
64,1024,8,32,25.835
64,1024,8,64,26.176
64,1024,8,128,29.3333
64,1024,8,256,34.1333
64,1024,8,512,28.757
64,1024,8,1024,38.4427
64,1024,8,2048,52.5753
64,1024,8,4096,74.367
64,1024,8,8192,116.405
64,1024,8,16384,197.514
64,1024,8,32768,361.706
64,1024,16,16,31.5413
64,1024,16,32,31.5303
64,1024,16,64,31.2317
64,1024,16,128,29.4507
64,1024,16,256,32.2983
64,1024,16,512,40.778
64,1024,16,1024,53.76
64,1024,16,2048,75.6373
64,1024,16,4096,117.408
64,1024,16,8192,201.152
64,1024,16,16384,364.875
64,1024,16,32768,694.229
64,1024,32,16,33.3547
64,1024,32,32,33.6637
64,1024,32,64,33.5677
64,1024,32,128,36.224
64,1024,32,256,38.9223
64,1024,32,512,53.4297
64,1024,32,1024,79.6153
64,1024,32,2048,119.829
64,1024,32,4096,200.842
64,1024,32,8192,369.941
64,1024,32,16384,696.756
64,1024,32,32768,1375.25
64,1024,64,16,43.2747
64,1024,64,32,42.8157
64,1024,64,64,43.7653
64,1024,64,128,48.288
64,1024,64,256,58.0693
64,1024,64,512,80.672
64,1024,64,1024,131.978
64,1024,64,2048,211.807
64,1024,64,4096,372.213
64,1024,64,8192,709.13
64,1024,64,16384,1371.08
64,1024,64,32768,2702.8
64,1024,128,16,60.3317
64,1024,128,32,61.024
64,1024,128,64,62.5813
64,1024,128,128,77.3973
64,1024,128,256,92.6823
64,1024,128,512,134.997
64,1024,128,1024,218.261
64,1024,128,2048,375.914
64,1024,128,4096,711.424
64,1024,128,8192,1370.87
64,1024,128,16384,2702.53
64,1024,128,32768,5369.05
64,2048,0,0,30.0157
64,2048,1,16,30.421
64,2048,1,32,30.432
64,2048,1,64,30.3997
64,2048,1,128,30.1443
64,2048,1,256,31.7867
64,2048,1,512,34.7627
64,2048,1,1024,31.1467
64,2048,1,2048,30.8587
64,2048,1,4096,32.7577
64,2048,1,8192,45.6957
64,2048,1,16384,70.9333
64,2048,1,32768,119.061
64,2048,2,16,29.9307
64,2048,2,32,29.888
64,2048,2,64,29.6107
64,2048,2,128,30.8163
64,2048,2,256,32.48
64,2048,2,512,31.3803
64,2048,2,1024,31.499
64,2048,2,2048,40.875
64,2048,2,4096,35.2213
64,2048,2,8192,49.504
64,2048,2,16384,71.9897
64,2048,2,32768,123.626
64,2048,4,16,30.2187
64,2048,4,32,30.1543
64,2048,4,64,30.0263
64,2048,4,128,31.6907
64,2048,4,256,31.7013
64,2048,4,512,31.4453
64,2048,4,1024,39.4457
64,2048,4,2048,37.2047
64,2048,4,4096,58.24
64,2048,4,8192,65.3973
64,2048,4,16384,124.811
64,2048,4,32768,205.952
64,2048,8,16,31.776
64,2048,8,32,31.3813
64,2048,8,64,31.616
64,2048,8,128,30.688
64,2048,8,256,32.394
64,2048,8,512,39.808
64,2048,8,1024,36.0427
64,2048,8,2048,52.8323
64,2048,8,4096,82.603
64,2048,8,8192,124.33
64,2048,8,16384,205.899
64,2048,8,32768,372.928
64,2048,16,16,33.952
64,2048,16,32,34.123
64,2048,16,64,34.261
64,2048,16,128,36.2347
64,2048,16,256,38.7733
64,2048,16,512,40.5763
64,2048,16,1024,54.8693
64,2048,16,2048,83.445
64,2048,16,4096,124.234
64,2048,16,8192,210.336
64,2048,16,16384,374.197
64,2048,16,32768,696.042
64,2048,32,16,38.4637
64,2048,32,32,38.8267
64,2048,32,64,38.6027
64,2048,32,128,41.9407
64,2048,32,256,45.4937
64,2048,32,512,53.7283
64,2048,32,1024,75.7657
64,2048,32,2048,132.352
64,2048,32,4096,210.496
64,2048,32,8192,376.277
64,2048,32,16384,714.069
64,2048,32,32768,1375.7
64,2048,64,16,46.5813
64,2048,64,32,46.5817
64,2048,64,64,46.571
64,2048,64,128,55.2843
64,2048,64,256,59.1667
64,2048,64,512,81.3977
64,2048,64,1024,125.291
64,2048,64,2048,225.184
64,2048,64,4096,386.698
64,2048,64,8192,713.386
64,2048,64,16384,1380.19
64,2048,64,32768,2711.07
64,2048,128,16,65.8773
64,2048,128,32,67.9147
64,2048,128,64,69.5147
64,2048,128,128,79.403
64,2048,128,256,95.8933
64,2048,128,512,139.03
64,2048,128,1024,225.13
64,2048,128,2048,384.277
64,2048,128,4096,709.323
64,2048,128,8192,1373.93
64,2048,128,16384,2706.57
64,2048,128,32768,5370.85
64,4096,0,0,36.6507
64,4096,1,16,36.416
64,4096,1,32,36.256
64,4096,1,64,36.534
64,4096,1,128,36.4697
64,4096,1,256,36.1387
64,4096,1,512,38.2183
64,4096,1,1024,47.4453
64,4096,1,2048,46.901
64,4096,1,4096,40.6923
64,4096,1,8192,45.9837
64,4096,1,16384,70.9653
64,4096,1,32768,121.248
64,4096,2,16,35.9037
64,4096,2,32,35.872
64,4096,2,64,35.712
64,4096,2,128,36.3413
64,4096,2,256,38.752
64,4096,2,512,41.3113
64,4096,2,1024,48.2557
64,4096,2,2048,40.245
64,4096,2,4096,59.2
64,4096,2,8192,49.451
64,4096,2,16384,77.888
64,4096,2,32768,124.448
64,4096,4,16,36.3197
64,4096,4,32,36.1497
64,4096,4,64,36.3307
64,4096,4,128,37.5683
64,4096,4,256,38.6557
64,4096,4,512,40.4797
64,4096,4,1024,41.27
64,4096,4,2048,51.3073
64,4096,4,4096,50.0593
64,4096,4,8192,91.0187
64,4096,4,16384,111.146
64,4096,4,32768,224.267
64,4096,8,16,40.4483
64,4096,8,32,40.395
64,4096,8,64,40.7677
64,4096,8,128,41.8673
64,4096,8,256,40.5123
64,4096,8,512,38.9223
64,4096,8,1024,51.9487
64,4096,8,2048,50.176
64,4096,8,4096,81.3653
64,4096,8,8192,142.815
64,4096,8,16384,223.861
64,4096,8,32768,389.056
64,4096,16,16,41.2263
64,4096,16,32,41.4077
64,4096,16,64,41.344
64,4096,16,128,42.6343
64,4096,16,256,47.807
64,4096,16,512,50.944
64,4096,16,1024,55.1043
64,4096,16,2048,82.8587
64,4096,16,4096,144.384
64,4096,16,8192,225.419
64,4096,16,16384,393.6
64,4096,16,32768,730.133
64,4096,32,16,44.1813
64,4096,32,32,44.3203
64,4096,32,64,44.8747
64,4096,32,128,49.7067
64,4096,32,256,55.1153
64,4096,32,512,61.131
64,4096,32,1024,80.2883
64,4096,32,2048,124.949
64,4096,32,4096,231.137
64,4096,32,8192,396.501
64,4096,32,16384,720.629
64,4096,32,32768,1389.43
64,4096,64,16,54.5483
64,4096,64,32,54.88
64,4096,64,64,55.4883
64,4096,64,128,61.5143
64,4096,64,256,66.8263
64,4096,64,512,90.3463
64,4096,64,1024,126.699
64,4096,64,2048,213.568
64,4096,64,4096,408.042
64,4096,64,8192,733.45
64,4096,64,16384,1409.36
64,4096,64,32768,2724.79
64,4096,128,16,72.7463
64,4096,128,32,73.291
64,4096,128,64,75.1677
64,4096,128,128,88.2667
64,4096,128,256,101.557
64,4096,128,512,140.555
64,4096,128,1024,227.381
64,4096,128,2048,395.178
64,4096,128,4096,716.074
64,4096,128,8192,1380.21
64,4096,128,16384,2717.82
64,4096,128,32768,5372.31
64,8192,0,0,49.0663
64,8192,1,16,48.789
64,8192,1,32,49.1197
64,8192,1,64,49.1633
64,8192,1,128,48.7997
64,8192,1,256,48.96
64,8192,1,512,49.088
64,8192,1,1024,51.4133
64,8192,1,2048,73.2483
64,8192,1,4096,72.9597
64,8192,1,8192,56.48
64,8192,1,16384,71.7333
64,8192,1,32768,122.293
64,8192,2,16,49.2267
64,8192,2,32,49.5257
64,8192,2,64,49.5573
64,8192,2,128,49.792
64,8192,2,256,48.8
64,8192,2,512,53.4293
64,8192,2,1024,60.502
64,8192,2,2048,73.312
64,8192,2,4096,56.9707
64,8192,2,8192,92.8743
64,8192,2,16384,77.1953
64,8192,2,32768,132.885
64,8192,4,16,48.4907
64,8192,4,32,49.067
64,8192,4,64,49.3547
64,8192,4,128,49.7923
64,8192,4,256,51.6053
64,8192,4,512,54.6027
64,8192,4,1024,61.6213
64,8192,4,2048,57.003
64,8192,4,4096,77.0547
64,8192,4,8192,76.7893
64,8192,4,16384,155.797
64,8192,4,32768,203.925
64,8192,8,16,53.0133
64,8192,8,32,52.597
64,8192,8,64,53.077
64,8192,8,128,54.9767
64,8192,8,256,56.448
64,8192,8,512,59.776
64,8192,8,1024,56.64
64,8192,8,2048,77.398
64,8192,8,4096,78.1973
64,8192,8,8192,135.329
64,8192,8,16384,258.208
64,8192,8,32768,422.719
64,8192,16,16,53.793
64,8192,16,32,53.6743
64,8192,16,64,53.9623
64,8192,16,128,55.7763
64,8192,16,256,57.0983
64,8192,16,512,62.1227
64,8192,16,1024,72.7243
64,8192,16,2048,82.4327
64,8192,16,4096,138.496
64,8192,16,8192,259.584
64,8192,16,16384,426.41
64,8192,16,32768,752.693
64,8192,32,16,58.6877
64,8192,32,32,58.9547
64,8192,32,64,58.997
64,8192,32,128,62.3573
64,8192,32,256,64.7143
64,8192,32,512,76.384
64,8192,32,1024,94.1117
64,8192,32,2048,128.011
64,8192,32,4096,219.755
64,8192,32,8192,431.146
64,8192,32,16384,765.396
64,8192,32,32768,1414.28
64,8192,64,16,67.2107
64,8192,64,32,66.6027
64,8192,64,64,67.8403
64,8192,64,128,74.827
64,8192,64,256,82.582
64,8192,64,512,102.347
64,8192,64,1024,144.779
64,8192,64,2048,214.347
64,8192,64,4096,394.229
64,8192,64,8192,779.755
64,8192,64,16384,1438.6
64,8192,64,32768,2740.51
64,8192,128,16,86.6877
64,8192,128,32,87.4773
64,8192,128,64,87.989
64,8192,128,128,101.259
64,8192,128,256,118.335
64,8192,128,512,159.68
64,8192,128,1024,239.626
64,8192,128,2048,390.688
64,8192,128,4096,748.063
64,8192,128,8192,1384.35
64,8192,128,16384,2722.58
64,8192,128,32768,5379.06
64,16384,0,0,74.0903
64,16384,1,16,74.272
64,16384,1,32,73.9413
64,16384,1,64,73.685
64,16384,1,128,73.9407
64,16384,1,256,74.0907
64,16384,1,512,74.282
64,16384,1,1024,73.983
64,16384,1,2048,76.0747
64,16384,1,4096,123.84
64,16384,1,8192,123.893
64,16384,1,16384,89.632
64,16384,1,32768,124.159
64,16384,2,16,74.1973
64,16384,2,32,74.4003
64,16384,2,64,74.6667
64,16384,2,128,74.656
64,16384,2,256,74.1217
64,16384,2,512,75.1253
64,16384,2,1024,85.632
64,16384,2,2048,98.9437
64,16384,2,4096,124.917
64,16384,2,8192,90.7407
64,16384,2,16384,161.568
64,16384,2,32768,132.619
64,16384,4,16,74.7307
64,16384,4,32,74.528
64,16384,4,64,74.5387
64,16384,4,128,74.7733
64,16384,4,256,76.064
64,16384,4,512,79.9783
64,16384,4,1024,86.709
64,16384,4,2048,99.6907
64,16384,4,4096,90.9017
64,16384,4,8192,129.739
64,16384,4,16384,132.48
64,16384,4,32768,281.727
64,16384,8,16,74.0263
64,16384,8,32,73.8983
64,16384,8,64,73.931
64,16384,8,128,74.752
64,16384,8,256,80.0427
64,16384,8,512,84.2567
64,16384,8,1024,91.3907
64,16384,8,2048,90.8583
64,16384,8,4096,130.09
64,16384,8,8192,133.12
64,16384,8,16384,239.808
64,16384,8,32768,493.237
64,16384,16,16,79.104
64,16384,16,32,79.04
64,16384,16,64,79.1777
64,16384,16,128,80.907
64,16384,16,256,81.8347
64,16384,16,512,86.7943
64,16384,16,1024,91.072
64,16384,16,2048,121.856
64,16384,16,4096,138.56
64,16384,16,8192,241.333
64,16384,16,16384,496.319
64,16384,16,32768,826.26
64,16384,32,16,84.1073
64,16384,32,32,83.8393
64,16384,32,64,84.053
64,16384,32,128,87.7333
64,16384,32,256,90.4643
64,16384,32,512,101.803
64,16384,32,1024,116.619
64,16384,32,2048,148.576
64,16384,32,4096,225.354
64,16384,32,8192,411.007
64,16384,32,16384,836.319
64,16384,32,32768,1486.89
64,16384,64,16,94.218
64,16384,64,32,94.0687
64,16384,64,64,94.2823
64,16384,64,128,98.7093
64,16384,64,256,107.104
64,16384,64,512,128.032
64,16384,64,1024,155.926
64,16384,64,2048,237.963
64,16384,64,4096,389.28
64,16384,64,8192,745.236
64,16384,64,16384,1519.51
64,16384,64,32768,2856.22
64,16384,128,16,113.163
64,16384,128,32,113.439
64,16384,128,64,113.621
64,16384,128,128,126.731
64,16384,128,256,144.587
64,16384,128,512,177.898
64,16384,128,1024,254.197
64,16384,128,2048,412.095
64,16384,128,4096,731.999
64,16384,128,8192,1437.53
64,16384,128,16384,2739.4
64,16384,128,32768,5402.47
64,32768,0,0,125.696
64,32768,1,16,125.643
64,32768,1,32,125.259
64,32768,1,64,124.779
64,32768,1,128,125.119
64,32768,1,256,124.799
64,32768,1,512,125.205
64,32768,1,1024,125.526
64,32768,1,2048,125.321
64,32768,1,4096,128.31
64,32768,1,8192,224.715
64,32768,1,16384,225.152
64,32768,1,32768,159.264
64,32768,2,16,125.12
64,32768,2,32,125.589
64,32768,2,64,125.696
64,32768,2,128,125.888
64,32768,2,256,125.493
64,32768,2,512,126.432
64,32768,2,1024,125.728
64,32768,2,2048,137.899
64,32768,2,4096,175.051
64,32768,2,8192,226.357
64,32768,2,16384,160.17
64,32768,2,32768,296.447
64,32768,4,16,126.176
64,32768,4,32,125.899
64,32768,4,64,126.496
64,32768,4,128,126.442
64,32768,4,256,130.976
64,32768,4,512,126.251
64,32768,4,1024,137.888
64,32768,4,2048,150.816
64,32768,4,4096,177.206
64,32768,4,8192,161.301
64,32768,4,16384,231.222
64,32768,4,32768,243.776
64,32768,8,16,125.494
64,32768,8,32,125.557
64,32768,8,64,125.419
64,32768,8,128,125.707
64,32768,8,256,127.787
64,32768,8,512,131.104
64,32768,8,1024,141.429
64,32768,8,2048,156.81
64,32768,8,4096,160.608
64,32768,8,8192,231.563
64,32768,8,16384,243.744
64,32768,8,32768,449.568
64,32768,16,16,129.675
64,32768,16,32,129.525
64,32768,16,64,129.195
64,32768,16,128,131.829
64,32768,16,256,133.429
64,32768,16,512,136.779
64,32768,16,1024,149.376
64,32768,16,2048,161.109
64,32768,16,4096,216.427
64,32768,16,8192,247.243
64,32768,16,16384,452.129
64,32768,16,32768,962.613
64,32768,32,16,132.075
64,32768,32,32,132.64
64,32768,32,64,133.301
64,32768,32,128,138.56
64,32768,32,256,141.642
64,32768,32,512,152.693
64,32768,32,1024,160.555
64,32768,32,2048,198.336
64,32768,32,4096,256.736
64,32768,32,8192,421.355
64,32768,32,16384,790.473
64,32768,32,32768,1644.32
64,32768,64,16,142.421
64,32768,64,32,142.528
64,32768,64,64,142.379
64,32768,64,128,151.765
64,32768,64,256,160.608
64,32768,64,512,172.086
64,32768,64,1024,208.458
64,32768,64,2048,272.267
64,32768,64,4096,432.117
64,32768,64,8192,743.53
64,32768,64,16384,1470.77
64,32768,64,32768,3010.72
64,32768,128,16,163.477
64,32768,128,32,163.936
64,32768,128,64,165.44
64,32768,128,128,176.181
64,32768,128,256,191.477
64,32768,128,512,226.464
64,32768,128,1024,288.703
64,32768,128,2048,448.555
64,32768,128,4096,766.516
64,32768,128,8192,1418.68
64,32768,128,16384,2830.31
64,32768,128,32768,5423.44
128,0,0,0,15.52
128,0,1,16,15.8507
128,0,1,32,16.0963
128,0,1,64,15.926
128,0,1,128,16.4053
128,0,1,256,17.632
128,0,1,512,21.5253
128,0,1,1024,24.6297
128,0,1,2048,31.1993
128,0,1,4096,43.264
128,0,1,8192,68.6293
128,0,1,16384,119.68
128,0,1,32768,221.205
128,0,2,16,15.6483
128,0,2,32,15.8827
128,0,2,64,15.9147
128,0,2,128,16.6617
128,0,2,256,17.749
128,0,2,512,22.2293
128,0,2,1024,24.9493
128,0,2,2048,31.499
128,0,2,4096,44.4153
128,0,2,8192,69.6743
128,0,2,16384,120.363
128,0,2,32768,220.907
128,0,4,16,15.6693
128,0,4,32,16.0433
128,0,4,64,15.724
128,0,4,128,16.8103
128,0,4,256,18.166
128,0,4,512,22.6133
128,0,4,1024,25.92
128,0,4,2048,33.6107
128,0,4,4096,48.0853
128,0,4,8192,73.269
128,0,4,16384,124.32
128,0,4,32768,226.357
128,0,8,16,15.8507
128,0,8,32,15.776
128,0,8,64,15.7337
128,0,8,128,16.7677
128,0,8,256,18.0807
128,0,8,512,28.7783
128,0,8,1024,32.9387
128,0,8,2048,45.941
128,0,8,4096,67.4027
128,0,8,8192,109.45
128,0,8,16384,193.664
128,0,8,32768,364.863
128,0,16,16,20.7893
128,0,16,32,20.7043
128,0,16,64,20.9067
128,0,16,128,22.6237
128,0,16,256,24.181
128,0,16,512,32.9177
128,0,16,1024,46.9333
128,0,16,2048,68.0643
128,0,16,4096,110.539
128,0,16,8192,195.563
128,0,16,16384,364.64
128,0,16,32768,701.354
128,0,32,16,25.2803
128,0,32,32,25.312
128,0,32,64,25.931
128,0,32,128,29.4507
128,0,32,256,32.7677
128,0,32,512,46.9443
128,0,32,1024,70.08
128,0,32,2048,112.713
128,0,32,4096,196.384
128,0,32,8192,363.05
128,0,32,16384,703.435
128,0,32,32768,1374.36
128,0,64,16,34.5067
128,0,64,32,35.0183
128,0,64,64,35.2743
128,0,64,128,41.8133
128,0,64,256,49.621
128,0,64,512,73.3227
128,0,64,1024,118.539
128,0,64,2048,200.608
128,0,64,4096,367.115
128,0,64,8192,699.989
128,0,64,16384,1368.45
128,0,64,32768,2706.74
128,0,128,16,52.5333
128,0,128,32,53.1947
128,0,128,64,53.813
128,0,128,128,65.7277
128,0,128,256,81.2273
128,0,128,512,128.064
128,0,128,1024,216.235
128,0,128,2048,381.29
128,0,128,4096,708.661
128,0,128,8192,1365.71
128,0,128,16384,2700.46
128,0,128,32768,5364.1
128,16,0,0,17.3973
128,16,1,16,16.907
128,16,1,32,16.981
128,16,1,64,16.7257
128,16,1,128,16.864
128,16,1,256,17.8883
128,16,1,512,21.418
128,16,1,1024,24.4367
128,16,1,2048,30.731
128,16,1,4096,43.4667
128,16,1,8192,68.939
128,16,1,16384,119.285
128,16,1,32768,220.971
128,16,2,16,17.0777
128,16,2,32,17.312
128,16,2,64,17.035
128,16,2,128,16.8
128,16,2,256,17.7917
128,16,2,512,22.336
128,16,2,1024,24.8427
128,16,2,2048,31.285
128,16,2,4096,44.7467
128,16,2,8192,69.952
128,16,2,16384,120.277
128,16,2,32768,220.928
128,16,4,16,16.8213
128,16,4,32,16.9493
128,16,4,64,16.8107
128,16,4,128,16.768
128,16,4,256,18.016
128,16,4,512,22.048
128,16,4,1024,25.6217
128,16,4,2048,34.2287
128,16,4,4096,47.7547
128,16,4,8192,73.3973
128,16,4,16384,124.533
128,16,4,32768,226.336
128,16,8,16,16.9713
128,16,8,32,17.1307
128,16,8,64,16.9067
128,16,8,128,16.7787
128,16,8,256,17.9737
128,16,8,512,29.1523
128,16,8,1024,33.8023
128,16,8,2048,45.739
128,16,8,4096,67.883
128,16,8,8192,110.24
128,16,8,16384,195.221
128,16,8,32768,364.629
128,16,16,16,20.6507
128,16,16,32,20.6817
128,16,16,64,20.8537
128,16,16,128,23.3707
128,16,16,256,25.013
128,16,16,512,33.8347
128,16,16,1024,46.24
128,16,16,2048,66.8697
128,16,16,4096,110.113
128,16,16,8192,193.973
128,16,16,16384,365.375
128,16,16,32768,703.658
128,16,32,16,25.291
128,16,32,32,25.4083
128,16,32,64,25.59
128,16,32,128,29.4293
128,16,32,256,32.9603
128,16,32,512,47.9253
128,16,32,1024,70.752
128,16,32,2048,112.32
128,16,32,4096,195.274
128,16,32,8192,362.869
128,16,32,16384,702.411
128,16,32,32768,1373.08
128,16,64,16,34.3893
128,16,64,32,34.9333
128,16,64,64,35.36
128,16,64,128,41.9417
128,16,64,256,50.048
128,16,64,512,73.8773
128,16,64,1024,117.919
128,16,64,2048,201.728
128,16,64,4096,368.181
128,16,64,8192,699.818
128,16,64,16384,1367.02
128,16,64,32768,2696.34
128,16,128,16,52.5867
128,16,128,32,52.5867
128,16,128,64,54.1973
128,16,128,128,66.293
128,16,128,256,82.475
128,16,128,512,125.44
128,16,128,1024,216.234
128,16,128,2048,380.981
128,16,128,4096,708.767
128,16,128,8192,1365.65
128,16,128,16384,2698.04
128,16,128,32768,5364.66
128,32,0,0,17.3653
128,32,1,16,17.1627
128,32,1,32,17.5037
128,32,1,64,17.088
128,32,1,128,17.397
128,32,1,256,17.5573
128,32,1,512,21.269
128,32,1,1024,24.3613
128,32,1,2048,30.752
128,32,1,4096,43.5093
128,32,1,8192,69.194
128,32,1,16384,120.043
128,32,1,32768,219.913
128,32,2,16,17.3753
128,32,2,32,17.653
128,32,2,64,17.557
128,32,2,128,17.3123
128,32,2,256,17.8777
128,32,2,512,21.877
128,32,2,1024,25.0347
128,32,2,2048,31.3287
128,32,2,4096,44.2563
128,32,2,8192,69.8663
128,32,2,16384,119.968
128,32,2,32768,222.507
128,32,4,16,17.28
128,32,4,32,17.344
128,32,4,64,17.3543
128,32,4,128,17.3757
128,32,4,256,18.059
128,32,4,512,22.614
128,32,4,1024,25.824
128,32,4,2048,33.9627
128,32,4,4096,47.392
128,32,4,8192,72.7787
128,32,4,16384,124.459
128,32,4,32768,225.909
128,32,8,16,17.505
128,32,8,32,17.376
128,32,8,64,17.152
128,32,8,128,17.4933
128,32,8,256,17.8557
128,32,8,512,30.176
128,32,8,1024,33.835
128,32,8,2048,46.4537
128,32,8,4096,67.4563
128,32,8,8192,110.73
128,32,8,16384,194.687
128,32,8,32768,366.016
128,32,16,16,20.6717
128,32,16,32,20.6933
128,32,16,64,21.1627
128,32,16,128,23.7337
128,32,16,256,25.2053
128,32,16,512,33.7813
128,32,16,1024,46.123
128,32,16,2048,67.7227
128,32,16,4096,110.901
128,32,16,8192,195.552
128,32,16,16384,366.283
128,32,16,32768,702.485
128,32,32,16,25.2903
128,32,32,32,25.5787
128,32,32,64,25.6217
128,32,32,128,29.7813
128,32,32,256,32.9067
128,32,32,512,47.136
128,32,32,1024,69.3117
128,32,32,2048,111.445
128,32,32,4096,194.891
128,32,32,8192,363.36
128,32,32,16384,702.837
128,32,32,32768,1374.34
128,32,64,16,34.4103
128,32,64,32,34.933
128,32,64,64,35.509
128,32,64,128,41.9527
128,32,64,256,49.9623
128,32,64,512,75.7333
128,32,64,1024,118.176
128,32,64,2048,200.64
128,32,64,4096,367.509
128,32,64,8192,700.703
128,32,64,16384,1370.26
128,32,64,32768,2702.94
128,32,128,16,52.5333
128,32,128,32,52.6083
128,32,128,64,53.5363
128,32,128,128,65.824
128,32,128,256,81.3553
128,32,128,512,123.968
128,32,128,1024,215.723
128,32,128,2048,379.52
128,32,128,4096,707.424
128,32,128,8192,1368.12
128,32,128,16384,2700.7
128,32,128,32768,5363.56
128,64,0,0,17.248
128,64,1,16,17.632
128,64,1,32,17.6643
128,64,1,64,17.8343
128,64,1,128,17.568
128,64,1,256,17.92
128,64,1,512,21.2807
128,64,1,1024,24.3307
128,64,1,2048,30.5287
128,64,1,4096,43.2853
128,64,1,8192,68.971
128,64,1,16384,119.99
128,64,1,32768,219.968
128,64,2,16,17.6953
128,64,2,32,17.728
128,64,2,64,17.568
128,64,2,128,17.696
128,64,2,256,17.9843
128,64,2,512,21.6963
128,64,2,1024,24.981
128,64,2,2048,31.605
128,64,2,4096,44.363
128,64,2,8192,69.6743
128,64,2,16384,120.501
128,64,2,32768,221.6
128,64,4,16,17.653
128,64,4,32,17.696
128,64,4,64,17.632
128,64,4,128,17.5683
128,64,4,256,18.144
128,64,4,512,22.2187
128,64,4,1024,25.8023
128,64,4,2048,33.3333
128,64,4,4096,48.4373
128,64,4,8192,73.472
128,64,4,16384,124.896
128,64,4,32768,225.504
128,64,8,16,17.578
128,64,8,32,17.6213
128,64,8,64,17.781
128,64,8,128,17.6313
128,64,8,256,17.8033
128,64,8,512,30.688
128,64,8,1024,34.005
128,64,8,2048,46.8053
128,64,8,4096,68.2887
128,64,8,8192,110.207
128,64,8,16384,195.839
128,64,8,32768,365.6
128,64,16,16,20.9803
128,64,16,32,20.9067
128,64,16,64,21.1947
128,64,16,128,23.9143
128,64,16,256,25.482
128,64,16,512,33.4407
128,64,16,1024,45.9193
128,64,16,2048,67.0293
128,64,16,4096,112.192
128,64,16,8192,194.571
128,64,16,16384,366.581
128,64,16,32768,703.52
128,64,32,16,25.141
128,64,32,32,25.6533
128,64,32,64,25.568
128,64,32,128,30.4
128,64,32,256,33.0357
128,64,32,512,48.4907
128,64,32,1024,69.6953
128,64,32,2048,112.747
128,64,32,4096,196.512
128,64,32,8192,365.109
128,64,32,16384,704.287
128,64,32,32768,1382.53
128,64,64,16,34.656
128,64,64,32,34.7093
128,64,64,64,35.1363
128,64,64,128,42.229
128,64,64,256,49.7387
128,64,64,512,76.3947
128,64,64,1024,117.407
128,64,64,2048,200.374
128,64,64,4096,367.264
128,64,64,8192,700.181
128,64,64,16384,1369.16
128,64,64,32768,2707.12
128,64,128,16,52.5877
128,64,128,32,52.7997
128,64,128,64,53.7387
128,64,128,128,66.3903
128,64,128,256,81.8987
128,64,128,512,130.261
128,64,128,1024,213.28
128,64,128,2048,380.31
128,64,128,4096,706.004
128,64,128,8192,1365.99
128,64,128,16384,2700.38
128,64,128,32768,5365.9
128,128,0,0,17.28
128,128,1,16,17.6957
128,128,1,32,17.707
128,128,1,64,17.749
128,128,1,128,17.6213
128,128,1,256,17.8133
128,128,1,512,21.2587
128,128,1,1024,24.4587
128,128,1,2048,30.7093
128,128,1,4096,43.382
128,128,1,8192,69.0873
128,128,1,16384,118.784
128,128,1,32768,220.416
128,128,2,16,17.5253
128,128,2,32,17.8027
128,128,2,64,18.0587
128,128,2,128,17.7923
128,128,2,256,18.218
128,128,2,512,21.8983
128,128,2,1024,24.96
128,128,2,2048,31.637
128,128,2,4096,44.1597
128,128,2,8192,69.8983
128,128,2,16384,120.128
128,128,2,32768,220.672
128,128,4,16,17.526
128,128,4,32,17.6213
128,128,4,64,17.9193
128,128,4,128,17.3657
128,128,4,256,17.8453
128,128,4,512,22.283
128,128,4,1024,25.8027
128,128,4,2048,33.3867
128,128,4,4096,47.2107
128,128,4,8192,72.6187
128,128,4,16384,123.893
128,128,4,32768,225.877
128,128,8,16,17.664
128,128,8,32,17.792
128,128,8,64,17.5047
128,128,8,128,17.696
128,128,8,256,17.8243
128,128,8,512,30.123
128,128,8,1024,33.952
128,128,8,2048,45.7167
128,128,8,4096,68.2443
128,128,8,8192,110.006
128,128,8,16384,194.88
128,128,8,32768,366.613
128,128,16,16,20.5123
128,128,16,32,20.64
128,128,16,64,20.6397
128,128,16,128,24.3197
128,128,16,256,25.994
128,128,16,512,34.6987
128,128,16,1024,47.392
128,128,16,2048,68.4797
128,128,16,4096,111.701
128,128,16,8192,197.504
128,128,16,16384,365.386
128,128,16,32768,704.074
128,128,32,16,25.4403
128,128,32,32,25.2913
128,128,32,64,25.547
128,128,32,128,30.539
128,128,32,256,33.867
128,128,32,512,49.6427
128,128,32,1024,70.2723
128,128,32,2048,113.045
128,128,32,4096,197.077
128,128,32,8192,364.128
128,128,32,16384,706.132
128,128,32,32768,1373.73
128,128,64,16,34.5387
128,128,64,32,34.6557
128,128,64,64,34.9227
128,128,64,128,42.719
128,128,64,256,51.7333
128,128,64,512,77.6323
128,128,64,1024,117.28
128,128,64,2048,199.915
128,128,64,4096,365.215
128,128,64,8192,700.021
128,128,64,16384,1367.71
128,128,64,32768,2705.03
128,128,128,16,52.7683
128,128,128,32,52.843
128,128,128,64,54.038
128,128,128,128,67.3813
128,128,128,256,82.6767
128,128,128,512,136.362
128,128,128,1024,213.44
128,128,128,2048,374.036
128,128,128,4096,703.7
128,128,128,8192,1365.41
128,128,128,16384,2704.51
128,128,128,32768,5369.68
128,256,0,0,18.56
128,256,1,16,18.5487
128,256,1,32,18.624
128,256,1,64,18.7093
128,256,1,128,18.656
128,256,1,256,18.688
128,256,1,512,32.6927
128,256,1,1024,24.6827
128,256,1,2048,30.7627
128,256,1,4096,43.3703
128,256,1,8192,68.9173
128,256,1,16384,119.435
128,256,1,32768,220.032
128,256,2,16,18.8157
128,256,2,32,18.7083
128,256,2,64,18.8267
128,256,2,128,18.912
128,256,2,256,18.9867
128,256,2,512,23.062
128,256,2,1024,25.2053
128,256,2,2048,31.3387
128,256,2,4096,44.2137
128,256,2,8192,69.9733
128,256,2,16384,120.042
128,256,2,32768,219.754
128,256,4,16,18.6347
128,256,4,32,18.7947
128,256,4,64,18.8583
128,256,4,128,18.8057
128,256,4,256,18.848
128,256,4,512,23.808
128,256,4,1024,26.059
128,256,4,2048,33.1407
128,256,4,4096,47.0827
128,256,4,8192,73.536
128,256,4,16384,125.291
128,256,4,32768,225.92
128,256,8,16,18.8053
128,256,8,32,18.709
128,256,8,64,18.6343
128,256,8,128,18.7517
128,256,8,256,18.72
128,256,8,512,25.717
128,256,8,1024,35.3917
128,256,8,2048,46.2073
128,256,8,4096,68.3297
128,256,8,8192,111.296
128,256,8,16384,196.32
128,256,8,32768,366.411
128,256,16,16,20.8003
128,256,16,32,20.5227
128,256,16,64,20.63
128,256,16,128,23.9143
128,256,16,256,26.9657
128,256,16,512,36.0107
128,256,16,1024,47.1253
128,256,16,2048,69.9093
128,256,16,4096,112.192
128,256,16,8192,198.368
128,256,16,16384,367.979
128,256,16,32768,707.487
128,256,32,16,25.3543
128,256,32,32,25.3017
128,256,32,64,25.75
128,256,32,128,30.6237
128,256,32,256,34.464
128,256,32,512,52.1177
128,256,32,1024,70.6347
128,256,32,2048,112.971
128,256,32,4096,196.671
128,256,32,8192,363.786
128,256,32,16384,702.773
128,256,32,32768,1376.71
128,256,64,16,34.518
128,256,64,32,34.7513
128,256,64,64,35.2433
128,256,64,128,42.816
128,256,64,256,52.33
128,256,64,512,82.5707
128,256,64,1024,116.64
128,256,64,2048,201.77
128,256,64,4096,367.402
128,256,64,8192,701.759
128,256,64,16384,1373.18
128,256,64,32768,2707.33
128,256,128,16,52.7037
128,256,128,32,52.992
128,256,128,64,54.4533
128,256,128,128,66.9973
128,256,128,256,84.2673
128,256,128,512,139.05
128,256,128,1024,207.872
128,256,128,2048,376.117
128,256,128,4096,703.989
128,256,128,8192,1369.76
128,256,128,16384,2701.87
128,256,128,32768,5366.34
128,512,0,0,28.1813
128,512,1,16,28.0313
128,512,1,32,27.6477
128,512,1,64,28.0107
128,512,1,128,33.7177
128,512,1,256,34.5917
128,512,1,512,34.9013
128,512,1,1024,37.8023
128,512,1,2048,44.0217
128,512,1,4096,43.5947
128,512,1,8192,68.9703
128,512,1,16384,119.498
128,512,1,32768,219.51
128,512,2,16,31.968
128,512,2,32,31.9367
128,512,2,64,32.4373
128,512,2,128,33.3013
128,512,2,256,35.125
128,512,2,512,35.4133
128,512,2,1024,38.2507
128,512,2,2048,31.488
128,512,2,4096,44.1707
128,512,2,8192,69.3543
128,512,2,16384,120.832
128,512,2,32768,220.565
128,512,4,16,32.7253
128,512,4,32,32.341
128,512,4,64,32.3947
128,512,4,128,34.3253
128,512,4,256,35.626
128,512,4,512,35.328
128,512,4,1024,27.3387
128,512,4,2048,33.7173
128,512,4,4096,47.7643
128,512,4,8192,73.1947
128,512,4,16384,124.619
128,512,4,32768,226.176
128,512,8,16,32.6397
128,512,8,32,32.3937
128,512,8,64,32.4587
128,512,8,128,34.3137
128,512,8,256,26.2827
128,512,8,512,26.8377
128,512,8,1024,38.1013
128,512,8,2048,47.4453
128,512,8,4096,70.4853
128,512,8,8192,112.672
128,512,8,16384,197.6
128,512,8,32768,369.067
128,512,16,16,33.44
128,512,16,32,33.5253
128,512,16,64,33.622
128,512,16,128,27.691
128,512,16,256,30.56
128,512,16,512,38.8267
128,512,16,1024,48.896
128,512,16,2048,69.7387
128,512,16,4096,113.365
128,512,16,8192,197.248
128,512,16,16384,367.423
128,512,16,32768,704.575
128,512,32,16,31.6163
128,512,32,32,31.7327
128,512,32,64,31.4347
128,512,32,128,34.5707
128,512,32,256,39.7867
128,512,32,512,54.56
128,512,32,1024,73.2267
128,512,32,2048,115.85
128,512,32,4096,198.347
128,512,32,8192,365.003
128,512,32,16384,707.082
128,512,32,32768,1374.56
128,512,64,16,42.325
128,512,64,32,42.347
128,512,64,64,42.656
128,512,64,128,50.2073
128,512,64,256,59.2427
128,512,64,512,84.5757
128,512,64,1024,122.539
128,512,64,2048,203.573
128,512,64,4096,369.686
128,512,64,8192,701.471
128,512,64,16384,1369.67
128,512,64,32768,2701.84
128,512,128,16,63.071
128,512,128,32,62.9113
128,512,128,64,65.4073
128,512,128,128,78.6883
128,512,128,256,92.7787
128,512,128,512,144.245
128,512,128,1024,219.04
128,512,128,2048,378.815
128,512,128,4096,708.639
128,512,128,8192,1372.36
128,512,128,16384,2708.12
128,512,128,32768,5374.56
128,1024,0,0,32.0527
128,1024,1,16,31.488
128,1024,1,32,31.4667
128,1024,1,64,31.3387
128,1024,1,128,30.9653
128,1024,1,256,34.4317
128,1024,1,512,40.832
128,1024,1,1024,39.8617
128,1024,1,2048,46.325
128,1024,1,4096,58.7627
128,1024,1,8192,69.376
128,1024,1,16384,119.371
128,1024,1,32768,219.542
128,1024,2,16,34.0053
128,1024,2,32,34.2823
128,1024,2,64,34.059
128,1024,2,128,35.3063
128,1024,2,256,36.9593
128,1024,2,512,40.7253
128,1024,2,1024,41.013
128,1024,2,2048,47.2427
128,1024,2,4096,44.5013
128,1024,2,8192,69.792
128,1024,2,16384,120.054
128,1024,2,32768,220.512
128,1024,4,16,35.2963
128,1024,4,32,35.008
128,1024,4,64,35.2213
128,1024,4,128,36.7787
128,1024,4,256,37.8243
128,1024,4,512,41.312
128,1024,4,1024,41.3653
128,1024,4,2048,33.888
128,1024,4,4096,47.3277
128,1024,4,8192,73.1307
128,1024,4,16384,125.322
128,1024,4,32768,226.848
128,1024,8,16,35.2527
128,1024,8,32,35.5097
128,1024,8,64,35.477
128,1024,8,128,36.704
128,1024,8,256,38.368
128,1024,8,512,41.621
128,1024,8,1024,33.3013
128,1024,8,2048,52.298
128,1024,8,4096,72.5117
128,1024,8,8192,116.533
128,1024,8,16384,200.021
128,1024,8,32768,369.856
128,1024,16,16,36.6833
128,1024,16,32,36.1063
128,1024,16,64,36.384
128,1024,16,128,38.1763
128,1024,16,256,39.8187
128,1024,16,512,39.1573
128,1024,16,1024,52.7893
128,1024,16,2048,74.058
128,1024,16,4096,117.355
128,1024,16,8192,199.872
128,1024,16,16384,371.317
128,1024,16,32768,711.435
128,1024,32,16,41.312
128,1024,32,32,41.1633
128,1024,32,64,41.152
128,1024,32,128,39.5307
128,1024,32,256,42.2827
128,1024,32,512,52.1283
128,1024,32,1024,79.3287
128,1024,32,2048,117.632
128,1024,32,4096,201.151
128,1024,32,8192,369.333
128,1024,32,16384,714.911
128,1024,32,32768,1380.66
128,1024,64,16,45.5787
128,1024,64,32,45.7063
128,1024,64,64,45.7817
128,1024,64,128,54.7197
128,1024,64,256,61.8343
128,1024,64,512,82.528
128,1024,64,1024,129.643
128,1024,64,2048,207.285
128,1024,64,4096,372.629
128,1024,64,8192,706.644
128,1024,64,16384,1381.71
128,1024,64,32768,2704.14
128,1024,128,16,65.6533
128,1024,128,32,66.5803
128,1024,128,64,68.3413
128,1024,128,128,81.6533
128,1024,128,256,96.832
128,1024,128,512,136.479
128,1024,128,1024,231.285
128,1024,128,2048,383.893
128,1024,128,4096,712.693
128,1024,128,8192,1375.78
128,1024,128,16384,2707.55
128,1024,128,32768,5378.36
128,2048,0,0,38.8267
128,2048,1,16,38.4967
128,2048,1,32,37.952
128,2048,1,64,37.8997
128,2048,1,128,37.898
128,2048,1,256,38.1013
128,2048,1,512,40.4377
128,2048,1,1024,52.885
128,2048,1,2048,52.3627
128,2048,1,4096,65.5257
128,2048,1,8192,91.147
128,2048,1,16384,119.424
128,2048,1,32768,220.288
128,2048,2,16,37.6957
128,2048,2,32,37.7073
128,2048,2,64,37.6953
128,2048,2,128,42.1227
128,2048,2,256,43.488
128,2048,2,512,46.6027
128,2048,2,1024,53.909
128,2048,2,2048,53.973
128,2048,2,4096,67.0933
128,2048,2,8192,69.632
128,2048,2,16384,120.448
128,2048,2,32768,221.941
128,2048,4,16,41.814
128,2048,4,32,41.472
128,2048,4,64,41.2693
128,2048,4,128,42.9967
128,2048,4,256,44.3413
128,2048,4,512,47.1677
128,2048,4,1024,54.101
128,2048,4,2048,56.021
128,2048,4,4096,47.7017
128,2048,4,8192,74.24
128,2048,4,16384,126.24
128,2048,4,32768,228.128
128,2048,8,16,41.685
128,2048,8,32,41.5787
128,2048,8,64,41.3757
128,2048,8,128,43.0717
128,2048,8,256,44.5763
128,2048,8,512,48.3203
128,2048,8,1024,56.394
128,2048,8,2048,47.456
128,2048,8,4096,78.8693
128,2048,8,8192,120.576
128,2048,8,16384,205.418
128,2048,8,32768,375.051
128,2048,16,16,42.6453
128,2048,16,32,42.6667
128,2048,16,64,42.944
128,2048,16,128,44.576
128,2048,16,256,46.8373
128,2048,16,512,54.0273
128,2048,16,1024,53.5467
128,2048,16,2048,80.746
128,2048,16,4096,122.219
128,2048,16,8192,205.333
128,2048,16,16384,379.168
128,2048,16,32768,722.581
128,2048,32,16,47.552
128,2048,32,32,47.584
128,2048,32,64,47.904
128,2048,32,128,52.042
128,2048,32,256,57.2903
128,2048,32,512,58.4217
128,2048,32,1024,77.4287
128,2048,32,2048,126.357
128,2048,32,4096,206.614
128,2048,32,8192,373.59
128,2048,32,16384,713.045
128,2048,32,32768,1382.54
128,2048,64,16,58.0057
128,2048,64,32,58.208
128,2048,64,64,58.4213
128,2048,64,128,61.5037
128,2048,64,256,67.979
128,2048,64,512,89.429
128,2048,64,1024,125.077
128,2048,64,2048,219.285
128,2048,64,4096,378.923
128,2048,64,8192,712.885
128,2048,64,16384,1385.67
128,2048,64,32768,2723.78
128,2048,128,16,72.7897
128,2048,128,32,73.7703
128,2048,128,64,74.6987
128,2048,128,128,88.3317
128,2048,128,256,103.242
128,2048,128,512,145.302
128,2048,128,1024,214.603
128,2048,128,2048,404.822
128,2048,128,4096,722.367
128,2048,128,8192,1383.83
128,2048,128,16384,2712.32
128,2048,128,32768,5386.97
128,4096,0,0,50.923
128,4096,1,16,50.8163
128,4096,1,32,50.7413
128,4096,1,64,51.5307
128,4096,1,128,50.474
128,4096,1,256,50.6777
128,4096,1,512,50.9653
128,4096,1,1024,53.4397
128,4096,1,2048,78.816
128,4096,1,4096,78.7947
128,4096,1,8192,104.267
128,4096,1,16384,153.91
128,4096,1,32768,221.216
128,4096,2,16,51.2107
128,4096,2,32,51.0507
128,4096,2,64,51.3277
128,4096,2,128,51.0613
128,4096,2,256,49.9093
128,4096,2,512,59.2533
128,4096,2,1024,66.3683
128,4096,2,2048,79.2747
128,4096,2,4096,78.8377
128,4096,2,8192,105.75
128,4096,2,16384,121.077
128,4096,2,32768,222.165
128,4096,4,16,54.1657
128,4096,4,32,53.3967
128,4096,4,64,53.8127
128,4096,4,128,55.6267
128,4096,4,256,57.045
128,4096,4,512,60.299
128,4096,4,1024,66.677
128,4096,4,2048,80.256
128,4096,4,4096,82.6877
128,4096,4,8192,73.5147
128,4096,4,16384,127.691
128,4096,4,32768,230.09
128,4096,8,16,54.0693
128,4096,8,32,54.2827
128,4096,8,64,54.2187
128,4096,8,128,56.405
128,4096,8,256,57.92
128,4096,8,512,61.9837
128,4096,8,1024,67.9787
128,4096,8,2048,83.4347
128,4096,8,4096,73.653
128,4096,8,8192,131.712
128,4096,8,16384,213.109
128,4096,8,32768,383.466
128,4096,16,16,55.5087
128,4096,16,32,55.5093
128,4096,16,64,56.203
128,4096,16,128,57.8243
128,4096,16,256,58.9653
128,4096,16,512,65.1943
128,4096,16,1024,78.9657
128,4096,16,2048,81.43
128,4096,16,4096,132.533
128,4096,16,8192,215.05
128,4096,16,16384,390.027
128,4096,16,32768,728.256
128,4096,32,16,60.2987
128,4096,32,32,60.6193
128,4096,32,64,61.152
128,4096,32,128,64.907
128,4096,32,256,70.016
128,4096,32,512,82.6453
128,4096,32,1024,90.5703
128,4096,32,2048,124.896
128,4096,32,4096,219.808
128,4096,32,8192,386.154
128,4096,32,16384,721.749
128,4096,32,32768,1398.32
128,4096,64,16,70.5703
128,4096,64,32,71.3283
128,4096,64,64,72.3627
128,4096,64,128,79.52
128,4096,64,256,88.1813
128,4096,64,512,101.653
128,4096,64,1024,142.421
128,4096,64,2048,211.605
128,4096,64,4096,396.245
128,4096,64,8192,726.165
128,4096,64,16384,1393.93
128,4096,64,32768,2731.02
128,4096,128,16,91.5197
128,4096,128,32,91.2107
128,4096,128,64,92.8857
128,4096,128,128,100.715
128,4096,128,256,118.272
128,4096,128,512,159.584
128,4096,128,1024,243.615
128,4096,128,2048,388.533
128,4096,128,4096,749.59
128,4096,128,8192,1401.47
128,4096,128,16384,2733.38
128,4096,128,32768,5402.29
128,8192,0,0,75.8727
128,8192,1,16,76.6617
128,8192,1,32,76.2347
128,8192,1,64,76.544
128,8192,1,128,76.373
128,8192,1,256,76.0957
128,8192,1,512,76.3733
128,8192,1,1024,75.883
128,8192,1,2048,79.2003
128,8192,1,4096,129.312
128,8192,1,8192,129.248
128,8192,1,16384,180.213
128,8192,1,32768,279.819
128,8192,2,16,76.587
128,8192,2,32,76.6397
128,8192,2,64,76.5763
128,8192,2,128,76.459
128,8192,2,256,76.0107
128,8192,2,512,76.7893
128,8192,2,1024,88.416
128,8192,2,2048,103.989
128,8192,2,4096,130.283
128,8192,2,8192,130.922
128,8192,2,16384,181.312
128,8192,2,32768,221.813
128,8192,4,16,76.874
128,8192,4,32,76.8753
128,8192,4,64,76.2453
128,8192,4,128,76.4593
128,8192,4,256,82.1227
128,8192,4,512,85.5147
128,8192,4,1024,91.978
128,8192,4,2048,105.515
128,8192,4,4096,132.043
128,8192,4,8192,133.973
128,8192,4,16384,127.221
128,8192,4,32768,229.675
128,8192,8,16,79.36
128,8192,8,32,79.8083
128,8192,8,64,79.3597
128,8192,8,128,81.333
128,8192,8,256,82.5497
128,8192,8,512,85.8987
128,8192,8,1024,93.0873
128,8192,8,2048,107.755
128,8192,8,4096,135.093
128,8192,8,8192,126.592
128,8192,8,16384,235.413
128,8192,8,32768,401.867
128,8192,16,16,80.981
128,8192,16,32,80.662
128,8192,16,64,80.9387
128,8192,16,128,83.061
128,8192,16,256,84
128,8192,16,512,89.3543
128,8192,16,1024,102.336
128,8192,16,2048,124.181
128,8192,16,4096,138.975
128,8192,16,8192,250.294
128,8192,16,16384,414.826
128,8192,16,32768,755.743
128,8192,32,16,85.44
128,8192,32,32,86.037
128,8192,32,64,85.6217
128,8192,32,128,89.7067
128,8192,32,256,94.5607
128,8192,32,512,105.707
128,8192,32,1024,127.627
128,8192,32,2048,143.413
128,8192,32,4096,221.066
128,8192,32,8192,408.405
128,8192,32,16384,745.973
128,8192,32,32768,1418.02
128,8192,64,16,96.1177
128,8192,64,32,96.32
128,8192,64,64,96.5333
128,8192,64,128,104.267
128,8192,64,256,112.949
128,8192,64,512,134.602
128,8192,64,1024,150.687
128,8192,64,2048,234.593
128,8192,64,4096,388.415
128,8192,64,8192,754.186
128,8192,64,16384,1419.69
128,8192,64,32768,2768.36
128,8192,128,16,116.193
128,8192,128,32,116.224
128,8192,128,64,117.771
128,8192,128,128,132.416
128,8192,128,256,146.773
128,8192,128,512,171.797
128,8192,128,1024,249.686
128,8192,128,2048,408.756
128,8192,128,4096,729.386
128,8192,128,8192,1439.1
128,8192,128,16384,2772.35
128,8192,128,32768,5437.28
128,16384,0,0,126.475
128,16384,1,16,128.267
128,16384,1,32,127.734
128,16384,1,64,127.638
128,16384,1,128,127.637
128,16384,1,256,128.256
128,16384,1,512,128.063
128,16384,1,1024,128.064
128,16384,1,2048,127.989
128,16384,1,4096,129.846
128,16384,1,8192,229.696
128,16384,1,16384,230.432
128,16384,1,32768,330.154
128,16384,2,16,128.277
128,16384,2,32,128.01
128,16384,2,64,127.658
128,16384,2,128,127.797
128,16384,2,256,128.949
128,16384,2,512,127.765
128,16384,2,1024,128.531
128,16384,2,2048,139.338
128,16384,2,4096,180.619
128,16384,2,8192,231.477
128,16384,2,16384,231.265
128,16384,2,32768,333.92
128,16384,4,16,128.352
128,16384,4,32,128.789
128,16384,4,64,128.021
128,16384,4,128,127.691
128,16384,4,256,127.754
128,16384,4,512,128.33
128,16384,4,1024,142.912
128,16384,4,2048,155.861
128,16384,4,4096,181.686
128,16384,4,8192,232.33
128,16384,4,16384,235.349
128,16384,4,32768,231.925
128,16384,8,16,128.864
128,16384,8,32,129.066
128,16384,8,64,128.778
128,16384,8,128,129.055
128,16384,8,256,133.621
128,16384,8,512,137.366
128,16384,8,1024,144.608
128,16384,8,2048,158.176
128,16384,8,4096,184.587
128,16384,8,8192,236.79
128,16384,8,16384,230.581
128,16384,8,32768,443.679
128,16384,16,16,130.421
128,16384,16,32,130.923
128,16384,16,64,130.944
128,16384,16,128,133.461
128,16384,16,256,135.05
128,16384,16,512,138.847
128,16384,16,1024,151.456
128,16384,16,2048,171.851
128,16384,16,4096,214.848
128,16384,16,8192,246.155
128,16384,16,16384,462.23
128,16384,16,32768,806.41
128,16384,32,16,135.691
128,16384,32,32,135.552
128,16384,32,64,135.413
128,16384,32,128,140.107
128,16384,32,256,143.755
128,16384,32,512,154.901
128,16384,32,1024,176.928
128,16384,32,2048,216.831
128,16384,32,4096,251.925
128,16384,32,8192,406.293
128,16384,32,16384,782.549
128,16384,32,32768,1457.17
128,16384,64,16,146.485
128,16384,64,32,146.261
128,16384,64,64,145.845
128,16384,64,128,154.432
128,16384,64,256,162.945
128,16384,64,512,182.954
128,16384,64,1024,225.621
128,16384,64,2048,263.626
128,16384,64,4096,415.84
128,16384,64,8192,739.115
128,16384,64,16384,1469.41
128,16384,64,32768,2811.88
128,16384,128,16,165.483
128,16384,128,32,165.867
128,16384,128,64,166.656
128,16384,128,128,180.651
128,16384,128,256,196.469
128,16384,128,512,241.226
128,16384,128,1024,280.416
128,16384,128,2048,442.164
128,16384,128,4096,763.85
128,16384,128,8192,1410.15
128,16384,128,16384,2830.14
128,16384,128,32768,5523.46
128,32768,0,0,228.075
128,32768,1,16,229.205
128,32768,1,32,229.556
128,32768,1,64,230.475
128,32768,1,128,229.194
128,32768,1,256,229.269
128,32768,1,512,228.661
128,32768,1,1024,228.939
128,32768,1,2048,229.152
128,32768,1,4096,230.815
128,32768,1,8192,230.58
128,32768,1,16384,430.773
128,32768,1,32768,431.103
128,32768,2,16,229.899
128,32768,2,32,230.998
128,32768,2,64,229.29
128,32768,2,128,229.696
128,32768,2,256,229.407
128,32768,2,512,229.344
128,32768,2,1024,229.867
128,32768,2,2048,228.853
128,32768,2,4096,240.352
128,32768,2,8192,331.371
128,32768,2,16384,433.279
128,32768,2,32768,432.619
128,32768,4,16,228.971
128,32768,4,32,229.121
128,32768,4,64,229.75
128,32768,4,128,228.725
128,32768,4,256,229.707
128,32768,4,512,229.845
128,32768,4,1024,229.685
128,32768,4,2048,255.232
128,32768,4,4096,282.197
128,32768,4,8192,332.511
128,32768,4,16384,432.011
128,32768,4,32768,437.909
128,32768,8,16,229.696
128,32768,8,32,229.386
128,32768,8,64,229.557
128,32768,8,128,230.571
128,32768,8,256,230.39
128,32768,8,512,230.784
128,32768,8,1024,243.616
128,32768,8,2048,257.578
128,32768,8,4096,283.989
128,32768,8,8192,335.691
128,32768,8,16384,436.608
128,32768,8,32768,437.408
128,32768,16,16,229.728
128,32768,16,32,230.165
128,32768,16,64,230.015
128,32768,16,128,229.942
128,32768,16,256,234.475
128,32768,16,512,237.707
128,32768,16,1024,249.44
128,32768,16,2048,269.237
128,32768,16,4096,311.616
128,32768,16,8192,395.381
128,32768,16,16384,475.871
128,32768,16,32768,927.083
128,32768,32,16,233.845
128,32768,32,32,233.664
128,32768,32,64,233.451
128,32768,32,128,236.565
128,32768,32,256,242.644
128,32768,32,512,254.294
128,32768,32,1024,274.656
128,32768,32,2048,314.677
128,32768,32,4096,397.408
128,32768,32,8192,467.402
128,32768,32,16384,790.517
128,32768,32,32768,1532.07
128,32768,64,16,243.414
128,32768,64,32,243.392
128,32768,64,64,243.242
128,32768,64,128,250.891
128,32768,64,256,262.475
128,32768,64,512,284.161
128,32768,64,1024,323.819
128,32768,64,2048,405.184
128,32768,64,4096,475.68
128,32768,64,8192,798.154
128,32768,64,16384,1449.98
128,32768,64,32768,2905.95
128,32768,128,16,264.8
128,32768,128,32,262.997
128,32768,128,64,264.757
128,32768,128,128,277.92
128,32768,128,256,292.576
128,32768,128,512,342.432
128,32768,128,1024,424.085
128,32768,128,2048,502.356
128,32768,128,4096,819.861
128,32768,128,8192,1454.43
128,32768,128,16384,2775.75
128,32768,128,32768,5648.23
256,0,0,0,18.2823
256,0,1,16,21.0027
256,0,1,32,21.2057
256,0,1,64,20.96
256,0,1,128,22.1333
256,0,1,256,23.5627
256,0,1,512,26.464
256,0,1,1024,32.3943
256,0,1,2048,44.3737
256,0,1,4096,68.1593
256,0,1,8192,115.542
256,0,1,16384,211.946
256,0,1,32768,399.649
256,0,2,16,21.2053
256,0,2,32,21.0557
256,0,2,64,21.163
256,0,2,128,22.528
256,0,2,256,23.7763
256,0,2,512,26.7193
256,0,2,1024,32.832
256,0,2,2048,44.6507
256,0,2,4096,68.6613
256,0,2,8192,116.811
256,0,2,16384,212.085
256,0,2,32768,401.556
256,0,4,16,21.3763
256,0,4,32,21.3017
256,0,4,64,21.376
256,0,4,128,22.5173
256,0,4,256,24.2767
256,0,4,512,26.9227
256,0,4,1024,32.9387
256,0,4,2048,45.1197
256,0,4,4096,69.0667
256,0,4,8192,116.362
256,0,4,16384,213.087
256,0,4,32768,403.742
256,0,8,16,21.3327
256,0,8,32,21.3227
256,0,8,64,21.44
256,0,8,128,22.9227
256,0,8,256,24.1173
256,0,8,512,26.9973
256,0,8,1024,35.0507
256,0,8,2048,48.6717
256,0,8,4096,72.608
256,0,8,8192,121.568
256,0,8,16384,218.666
256,0,8,32768,411.755
256,0,16,16,24.5657
256,0,16,32,24.4053
256,0,16,64,24.32
256,0,16,128,25.7707
256,0,16,256,27.5093
256,0,16,512,33.8563
256,0,16,1024,46.9333
256,0,16,2048,68.5653
256,0,16,4096,110.891
256,0,16,8192,195.317
256,0,16,16384,364.511
256,0,16,32768,702.688
256,0,32,16,29.579
256,0,32,32,29.5787
256,0,32,64,29.7177
256,0,32,128,32.7893
256,0,32,256,36.3947
256,0,32,512,48.4907
256,0,32,1024,71.3067
256,0,32,2048,112.63
256,0,32,4096,196.736
256,0,32,8192,365.493
256,0,32,16384,704.181
256,0,32,32768,1377.43
256,0,64,16,38.9653
256,0,64,32,38.8587
256,0,64,64,39.1573
256,0,64,128,45.301
256,0,64,256,54.6023
256,0,64,512,75.1357
256,0,64,1024,118.207
256,0,64,2048,202.048
256,0,64,4096,367.306
256,0,64,8192,704.171
256,0,64,16384,1376.68
256,0,64,32768,2727.01
256,0,128,16,56.32
256,0,128,32,56.298
256,0,128,64,58.1653
256,0,128,128,70.1763
256,0,128,256,86.0373
256,0,128,512,127.499
256,0,128,1024,212.171
256,0,128,2048,376.97
256,0,128,4096,706.805
256,0,128,8192,1374.15
256,0,128,16384,2709.65
256,0,128,32768,5372.81
256,16,0,0,19.104
256,16,1,16,20.918
256,16,1,32,21.0873
256,16,1,64,20.8217
256,16,1,128,22.4107
256,16,1,256,23.744
256,16,1,512,26.6453
256,16,1,1024,32.352
256,16,1,2048,44.341
256,16,1,4096,67.9673
256,16,1,8192,115.52
256,16,1,16384,210.389
256,16,1,32768,399.776
256,16,2,16,21.0767
256,16,2,32,21.1093
256,16,2,64,21.152
256,16,2,128,22.4957
256,16,2,256,23.9573
256,16,2,512,27.1783
256,16,2,1024,32.7467
256,16,2,2048,44.7353
256,16,2,4096,68.2663
256,16,2,8192,116.608
256,16,2,16384,211.957
256,16,2,32768,402.09
256,16,4,16,21.3547
256,16,4,32,21.3013
256,16,4,64,21.4187
256,16,4,128,22.741
256,16,4,256,24.1053
256,16,4,512,26.7723
256,16,4,1024,33.0237
256,16,4,2048,44.928
256,16,4,4096,68.992
256,16,4,8192,117.461
256,16,4,16384,211.936
256,16,4,32768,401.717
256,16,8,16,21.2693
256,16,8,32,21.429
256,16,8,64,21.4613
256,16,8,128,23.744
256,16,8,256,25.5467
256,16,8,512,28.533
256,16,8,1024,36.001
256,16,8,2048,49.76
256,16,8,4096,72.7467
256,16,8,8192,121.483
256,16,8,16384,219.36
256,16,8,32768,412.746
256,16,16,16,24.544
256,16,16,32,24.5553
256,16,16,64,24.277
256,16,16,128,25.728
256,16,16,256,27.5303
256,16,16,512,34.2507
256,16,16,1024,47.243
256,16,16,2048,69.0667
256,16,16,4096,111.264
256,16,16,8192,194.528
256,16,16,16384,364.831
256,16,16,32768,704.971
256,16,32,16,29.6003
256,16,32,32,29.6107
256,16,32,64,29.3867
256,16,32,128,33.2377
256,16,32,256,36.3307
256,16,32,512,48.48
256,16,32,1024,70.9657
256,16,32,2048,113.557
256,16,32,4096,196.235
256,16,32,8192,364.565
256,16,32,16384,698.538
256,16,32,32768,1375.6
256,16,64,16,39.082
256,16,64,32,38.763
256,16,64,64,39.275
256,16,64,128,45.3123
256,16,64,256,54.6457
256,16,64,512,74.945
256,16,64,1024,117.91
256,16,64,2048,202.25
256,16,64,4096,366.912
256,16,64,8192,701.524
256,16,64,16384,1368.4
256,16,64,32768,2721.44
256,16,128,16,56.3093
256,16,128,32,56.5337
256,16,128,64,57.8987
256,16,128,128,69.9947
256,16,128,256,86.827
256,16,128,512,126.388
256,16,128,1024,212.352
256,16,128,2048,377.6
256,16,128,4096,707.584
256,16,128,8192,1369.94
256,16,128,16384,2708.76
256,16,128,32768,5366.39
256,32,0,0,18.9963
256,32,1,16,21.2277
256,32,1,32,21.056
256,32,1,64,20.907
256,32,1,128,22.293
256,32,1,256,23.67
256,32,1,512,26.4117
256,32,1,1024,32.4693
256,32,1,2048,44.48
256,32,1,4096,67.85
256,32,1,8192,115.498
256,32,1,16384,211.423
256,32,1,32768,402.987
256,32,2,16,20.9063
256,32,2,32,21.1737
256,32,2,64,21.472
256,32,2,128,22.7623
256,32,2,256,24.118
256,32,2,512,26.7087
256,32,2,1024,32.7357
256,32,2,2048,44.6077
256,32,2,4096,68.3943
256,32,2,8192,116
256,32,2,16384,211.68
256,32,2,32768,404.17
256,32,4,16,21.568
256,32,4,32,21.407
256,32,4,64,21.4083
256,32,4,128,22.731
256,32,4,256,24.0103
256,32,4,512,27.008
256,32,4,1024,32.7677
256,32,4,2048,44.7793
256,32,4,4096,69.1627
256,32,4,8192,116.523
256,32,4,16384,212.618
256,32,4,32768,403.243
256,32,8,16,22.6133
256,32,8,32,22.443
256,32,8,64,22.7733
256,32,8,128,24.064
256,32,8,256,25.5677
256,32,8,512,28.7783
256,32,8,1024,35.968
256,32,8,2048,49.6533
256,32,8,4096,72.9387
256,32,8,8192,121.972
256,32,8,16384,217.696
256,32,8,32768,412.118
256,32,16,16,24.9707
256,32,16,32,25.227
256,32,16,64,25.599
256,32,16,128,26.763
256,32,16,256,28.0857
256,32,16,512,34.2293
256,32,16,1024,47.1893
256,32,16,2048,69.0133
256,32,16,4096,110.719
256,32,16,8192,194.837
256,32,16,16384,364.672
256,32,16,32768,703.999
256,32,32,16,29.6853
256,32,32,32,29.9837
256,32,32,64,29.8453
256,32,32,128,33.003
256,32,32,256,36.7257
256,32,32,512,49.344
256,32,32,1024,70.8373
256,32,32,2048,112.843
256,32,32,4096,196.726
256,32,32,8192,364.906
256,32,32,16384,699.968
256,32,32,32768,1374.81
256,32,64,16,38.709
256,32,64,32,39.157
256,32,64,64,39.3387
256,32,64,128,45.3867
256,32,64,256,55.1137
256,32,64,512,74.9753
256,32,64,1024,117.717
256,32,64,2048,201.44
256,32,64,4096,367.114
256,32,64,8192,699.926
256,32,64,16384,1374.09
256,32,64,32768,2706.36
256,32,128,16,56.6187
256,32,128,32,56.9383
256,32,128,64,58.784
256,32,128,128,69.7603
256,32,128,256,87.5203
256,32,128,512,127.147
256,32,128,1024,212.362
256,32,128,2048,378.41
256,32,128,4096,707.53
256,32,128,8192,1373.66
256,32,128,16384,2709.5
256,32,128,32768,5370.02
256,64,0,0,19.2857
256,64,1,16,21.0987
256,64,1,32,21.0887
256,64,1,64,20.928
256,64,1,128,22.389
256,64,1,256,23.776
256,64,1,512,26.656
256,64,1,1024,32.7043
256,64,1,2048,44.3947
256,64,1,4096,68.288
256,64,1,8192,115.978
256,64,1,16384,210.112
256,64,1,32768,401.12
256,64,2,16,21.0557
256,64,2,32,20.9913
256,64,2,64,21.3437
256,64,2,128,22.7417
256,64,2,256,24.106
256,64,2,512,27.0507
256,64,2,1024,32.8967
256,64,2,2048,45.035
256,64,2,4096,68.7147
256,64,2,8192,116.149
256,64,2,16384,212.512
256,64,2,32768,403.403
256,64,4,16,21.5687
256,64,4,32,21.4393
256,64,4,64,21.6213
256,64,4,128,23.04
256,64,4,256,24.235
256,64,4,512,27.1147
256,64,4,1024,33.0237
256,64,4,2048,44.992
256,64,4,4096,68.7683
256,64,4,8192,116.651
256,64,4,16384,212.555
256,64,4,32768,402.934
256,64,8,16,22.933
256,64,8,32,22.6987
256,64,8,64,22.8057
256,64,8,128,24.448
256,64,8,256,25.6643
256,64,8,512,28.501
256,64,8,1024,35.9357
256,64,8,2048,49.7387
256,64,8,4096,74.6347
256,64,8,8192,122.538
256,64,8,16384,219.37
256,64,8,32768,413.931
256,64,16,16,25.4077
256,64,16,32,25.557
256,64,16,64,25.536
256,64,16,128,27.0297
256,64,16,256,28.3623
256,64,16,512,34.5067
256,64,16,1024,47.701
256,64,16,2048,69.099
256,64,16,4096,112.117
256,64,16,8192,195.093
256,64,16,16384,369.397
256,64,16,32768,703.85
256,64,32,16,30.1653
256,64,32,32,30.357
256,64,32,64,30.315
256,64,32,128,33.4513
256,64,32,256,36.7573
256,64,32,512,49.077
256,64,32,1024,71.4773
256,64,32,2048,113.333
256,64,32,4096,197.664
256,64,32,8192,365.088
256,64,32,16384,702.678
256,64,32,32768,1380.29
256,64,64,16,39.018
256,64,64,32,39.2
256,64,64,64,39.616
256,64,64,128,45.7487
256,64,64,256,55.2
256,64,64,512,75.8933
256,64,64,1024,118.069
256,64,64,2048,202.346
256,64,64,4096,368.341
256,64,64,8192,702.922
256,64,64,16384,1377.37
256,64,64,32768,2720.31
256,64,128,16,56.7577
256,64,128,32,56.8743
256,64,128,64,59.04
256,64,128,128,70.4643
256,64,128,256,87.7547
256,64,128,512,127.68
256,64,128,1024,212.011
256,64,128,2048,377.6
256,64,128,4096,707.359
256,64,128,8192,1371.56
256,64,128,16384,2709.84
256,64,128,32768,5372.07
256,128,0,0,19.2317
256,128,1,16,20.6507
256,128,1,32,20.533
256,128,1,64,20.6723
256,128,1,128,24.267
256,128,1,256,25.5577
256,128,1,512,28.1067
256,128,1,1024,33.9093
256,128,1,2048,46.144
256,128,1,4096,70.1443
256,128,1,8192,117.567
256,128,1,16384,213.152
256,128,1,32768,403.307
256,128,2,16,23.0513
256,128,2,32,22.9333
256,128,2,64,22.944
256,128,2,128,24.6613
256,128,2,256,25.8983
256,128,2,512,28.832
256,128,2,1024,34.6667
256,128,2,2048,46.5283
256,128,2,4096,70.037
256,128,2,8192,117.888
256,128,2,16384,213.707
256,128,2,32768,402.582
256,128,4,16,23.2213
256,128,4,32,23.1573
256,128,4,64,23.3597
256,128,4,128,24.661
256,128,4,256,25.8453
256,128,4,512,28.7027
256,128,4,1024,34.6237
256,128,4,2048,46.7627
256,128,4,4096,70.9863
256,128,4,8192,118.997
256,128,4,16384,214.976
256,128,4,32768,404.661
256,128,8,16,23.0297
256,128,8,32,23.2217
256,128,8,64,23.2427
256,128,8,128,24.736
256,128,8,256,26.1333
256,128,8,512,29.0243
256,128,8,1024,36.6613
256,128,8,2048,50.432
256,128,8,4096,74.4427
256,128,8,8192,122.719
256,128,8,16384,219.882
256,128,8,32768,414.688
256,128,16,16,25.4507
256,128,16,32,25.3013
256,128,16,64,25.825
256,128,16,128,26.9657
256,128,16,256,28.479
256,128,16,512,34.965
256,128,16,1024,47.701
256,128,16,2048,69.8133
256,128,16,4096,112.864
256,128,16,8192,196.16
256,128,16,16384,366.272
256,128,16,32768,709.033
256,128,32,16,30.6877
256,128,32,32,30.56
256,128,32,64,30.7197
256,128,32,128,33.7173
256,128,32,256,37.9947
256,128,32,512,50.1967
256,128,32,1024,72.586
256,128,32,2048,114.891
256,128,32,4096,198.304
256,128,32,8192,364.415
256,128,32,16384,706.56
256,128,32,32768,1373.2
256,128,64,16,39.8933
256,128,64,32,39.8717
256,128,64,64,40.3627
256,128,64,128,46.7727
256,128,64,256,56.171
256,128,64,512,77.0243
256,128,64,1024,119.36
256,128,64,2048,203.337
256,128,64,4096,368.256
256,128,64,8192,704.117
256,128,64,16384,1376.99
256,128,64,32768,2728.62
256,128,128,16,57.5147
256,128,128,32,57.7177
256,128,128,64,59.5733
256,128,128,128,71.275
256,128,128,256,88.2027
256,128,128,512,129.813
256,128,128,1024,213.719
256,128,128,2048,378.645
256,128,128,4096,707.84
256,128,128,8192,1374.84
256,128,128,16384,2712.13
256,128,128,32768,5373.02
256,256,0,0,20.6607
256,256,1,16,20.566
256,256,1,32,21.014
256,256,1,64,20.874
256,256,1,128,23.8507
256,256,1,256,27.168
256,256,1,512,29.7707
256,256,1,1024,35.36
256,256,1,2048,47.3917
256,256,1,4096,71.1253
256,256,1,8192,118.197
256,256,1,16384,213.972
256,256,1,32768,403.52
256,256,2,16,24.16
256,256,2,32,24.256
256,256,2,64,24.1817
256,256,2,128,25.4933
256,256,2,256,26.752
256,256,2,512,30.122
256,256,2,1024,35.4987
256,256,2,2048,47.5093
256,256,2,4096,71.509
256,256,2,8192,118.518
256,256,2,16384,213.482
256,256,2,32768,407.264
256,256,4,16,24.32
256,256,4,32,24.3733
256,256,4,64,24.2777
256,256,4,128,25.792
256,256,4,256,27.168
256,256,4,512,30.016
256,256,4,1024,35.6053
256,256,4,2048,48.0003
256,256,4,4096,71.915
256,256,4,8192,119.136
256,256,4,16384,214.486
256,256,4,32768,406.762
256,256,8,16,24.4477
256,256,8,32,24.448
256,256,8,64,24.4587
256,256,8,128,25.8757
256,256,8,256,27.2963
256,256,8,512,30.464
256,256,8,1024,38.0697
256,256,8,2048,51.713
256,256,8,4096,75.7117
256,256,8,8192,125.152
256,256,8,16384,221.92
256,256,8,32768,414.944
256,256,16,16,26.9123
256,256,16,32,26.8907
256,256,16,64,27.1253
256,256,16,128,28.7463
256,256,16,256,30.2827
256,256,16,512,36.885
256,256,16,1024,49.3333
256,256,16,2048,71.0507
256,256,16,4096,113.333
256,256,16,8192,197.557
256,256,16,16384,366.485
256,256,16,32768,704.821
256,256,32,16,32.054
256,256,32,32,32.0633
256,256,32,64,32.117
256,256,32,128,35.424
256,256,32,256,39.0193
256,256,32,512,51.904
256,256,32,1024,73.9517
256,256,32,2048,115.808
256,256,32,4096,199.819
256,256,32,8192,368.607
256,256,32,16384,705.536
256,256,32,32768,1376.1
256,256,64,16,40.9387
256,256,64,32,41.0663
256,256,64,64,41.7483
256,256,64,128,47.7437
256,256,64,256,56.63
256,256,64,512,77.9727
256,256,64,1024,121.536
256,256,64,2048,204.012
256,256,64,4096,369.653
256,256,64,8192,702.997
256,256,64,16384,1375.66
256,256,64,32768,2717.91
256,256,128,16,58.6667
256,256,128,32,58.912
256,256,128,64,60.7567
256,256,128,128,72.7997
256,256,128,256,89.28
256,256,128,512,131.082
256,256,128,1024,214.89
256,256,128,2048,379.701
256,256,128,4096,709.643
256,256,128,8192,1377.75
256,256,128,16384,2714.12
256,256,128,32768,5379.39
256,512,0,0,24.032
256,512,1,16,23.7433
256,512,1,32,23.872
256,512,1,64,23.6483
256,512,1,128,23.9677
256,512,1,256,26.8477
256,512,1,512,32.2987
256,512,1,1024,38.2403
256,512,1,2048,50.283
256,512,1,4096,73.6323
256,512,1,8192,120.683
256,512,1,16384,215.563
256,512,1,32768,406.389
256,512,2,16,26.4533
256,512,2,32,26.5593
256,512,2,64,26.4747
256,512,2,128,28.1603
256,512,2,256,29.6097
256,512,2,512,32.448
256,512,2,1024,38.2827
256,512,2,2048,50.432
256,512,2,4096,74.123
256,512,2,8192,121.344
256,512,2,16384,216.138
256,512,2,32768,406.314
256,512,4,16,27.041
256,512,4,32,26.762
256,512,4,64,27.008
256,512,4,128,28.1067
256,512,4,256,29.632
256,512,4,512,32.7897
256,512,4,1024,38.4963
256,512,4,2048,50.4743
256,512,4,4096,74.7303
256,512,4,8192,122.229
256,512,4,16384,217.28
256,512,4,32768,409.012
256,512,8,16,26.9973
256,512,8,32,26.987
256,512,8,64,27.2857
256,512,8,128,28.693
256,512,8,256,30.0373
256,512,8,512,33.5037
256,512,8,1024,40.535
256,512,8,2048,54.4433
256,512,8,4096,79.2957
256,512,8,8192,127.67
256,512,8,16384,224.416
256,512,8,32768,418.005
256,512,16,16,30.069
256,512,16,32,29.8667
256,512,16,64,30.2933
256,512,16,128,31.765
256,512,16,256,33.6317
256,512,16,512,40.192
256,512,16,1024,52.917
256,512,16,2048,73.2373
256,512,16,4096,117.28
256,512,16,8192,201.803
256,512,16,16384,372.309
256,512,16,32768,710.934
256,512,32,16,35.1043
256,512,32,32,35.0507
256,512,32,64,34.9653
256,512,32,128,38.4427
256,512,32,256,42.304
256,512,32,512,54.784
256,512,32,1024,76.3087
256,512,32,2048,118.549
256,512,32,4096,202.73
256,512,32,8192,370.272
256,512,32,16384,710.837
256,512,32,32768,1377.44
256,512,64,16,44.4693
256,512,64,32,44.4793
256,512,64,64,44.9607
256,512,64,128,50.5387
256,512,64,256,60.278
256,512,64,512,82.112
256,512,64,1024,123.957
256,512,64,2048,207.264
256,512,64,4096,372.821
256,512,64,8192,707.391
256,512,64,16384,1383.49
256,512,64,32768,2718.84
256,512,128,16,61.7917
256,512,128,32,62.1973
256,512,128,64,63.989
256,512,128,128,75.6697
256,512,128,256,92.3843
256,512,128,512,134.058
256,512,128,1024,217.024
256,512,128,2048,381.952
256,512,128,4096,711.466
256,512,128,8192,1377.97
256,512,128,16384,2719.26
256,512,128,32768,5382.68
256,1024,0,0,29.8243
256,1024,1,16,29.8137
256,1024,1,32,29.7597
256,1024,1,64,29.5793
256,1024,1,128,29.7493
256,1024,1,256,29.7173
256,1024,1,512,32.5973
256,1024,1,1024,44.5447
256,1024,1,2048,56.2233
256,1024,1,4096,79.808
256,1024,1,8192,127.147
256,1024,1,16384,221.706
256,1024,1,32768,410.433
256,1024,2,16,29.6533
256,1024,2,32,29.9833
256,1024,2,64,29.9733
256,1024,2,128,34.0897
256,1024,2,256,35.3277
256,1024,2,512,38.8593
256,1024,2,1024,44.64
256,1024,2,2048,56.3733
256,1024,2,4096,79.9353
256,1024,2,8192,127.552
256,1024,2,16384,222.325
256,1024,2,32768,411.723
256,1024,4,16,32.7787
256,1024,4,32,32.9073
256,1024,4,64,32.9707
256,1024,4,128,34.3677
256,1024,4,256,35.8717
256,1024,4,512,38.838
256,1024,4,1024,44.896
256,1024,4,2048,56.5863
256,1024,4,4096,80.512
256,1024,4,8192,127.968
256,1024,4,16384,224.064
256,1024,4,32768,413.664
256,1024,8,16,33.12
256,1024,8,32,33.1517
256,1024,8,64,33.1947
256,1024,8,128,34.4533
256,1024,8,256,35.7763
256,1024,8,512,39.168
256,1024,8,1024,47.2743
256,1024,8,2048,60.3413
256,1024,8,4096,84.672
256,1024,8,8192,133.771
256,1024,8,16384,231.627
256,1024,8,32768,425.206
256,1024,16,16,35.8943
256,1024,16,32,35.7973
256,1024,16,64,36.2027
256,1024,16,128,37.3657
256,1024,16,256,38.9553
256,1024,16,512,45.8133
256,1024,16,1024,58.7413
256,1024,16,2048,80.192
256,1024,16,4096,122.965
256,1024,16,8192,207.285
256,1024,16,16384,379.135
256,1024,16,32768,716.074
256,1024,32,16,40.714
256,1024,32,32,40.885
256,1024,32,64,40.8747
256,1024,32,128,44.224
256,1024,32,256,47.6913
256,1024,32,512,60.4163
256,1024,32,1024,82.325
256,1024,32,2048,123.467
256,1024,32,4096,207.777
256,1024,32,8192,375.851
256,1024,32,16384,716.512
256,1024,32,32768,1385.04
256,1024,64,16,50.4107
256,1024,64,32,49.984
256,1024,64,64,50.6553
256,1024,64,128,56.7147
256,1024,64,256,65.3547
256,1024,64,512,86.88
256,1024,64,1024,129.781
256,1024,64,2048,212.757
256,1024,64,4096,380.789
256,1024,64,8192,715.157
256,1024,64,16384,1386.34
256,1024,64,32768,2733.9
256,1024,128,16,66.965
256,1024,128,32,67.872
256,1024,128,64,69.3333
256,1024,128,128,80.6617
256,1024,128,256,98.6353
256,1024,128,512,139.339
256,1024,128,1024,223.499
256,1024,128,2048,387.466
256,1024,128,4096,717.995
256,1024,128,8192,1382.93
256,1024,128,16384,2723.11
256,1024,128,32768,5386.54
256,2048,0,0,41.739
256,2048,1,16,41.92
256,2048,1,32,41.802
256,2048,1,64,41.8123
256,2048,1,128,41.9093
256,2048,1,256,42.0577
256,2048,1,512,41.664
256,2048,1,1024,44.5333
256,2048,1,2048,68.0853
256,2048,1,4096,92.1707
256,2048,1,8192,139.424
256,2048,1,16384,234.602
256,2048,1,32768,424.031
256,2048,2,16,41.952
256,2048,2,32,41.6427
256,2048,2,64,41.8237
256,2048,2,128,41.8237
256,2048,2,256,41.749
256,2048,2,512,50.251
256,2048,2,1024,56.6827
256,2048,2,2048,68.3943
256,2048,2,4096,93.0873
256,2048,2,8192,140.544
256,2048,2,16384,234.517
256,2048,2,32768,425.099
256,2048,4,16,44.6923
256,2048,4,32,44.6403
256,2048,4,64,44.5873
256,2048,4,128,46.3677
256,2048,4,256,47.6157
256,2048,4,512,50.5917
256,2048,4,1024,56.6297
256,2048,4,2048,68.9927
256,2048,4,4096,93.109
256,2048,4,8192,140.864
256,2048,4,16384,236.095
256,2048,4,32768,425.312
256,2048,8,16,45.024
256,2048,8,32,45.2487
256,2048,8,64,45.2163
256,2048,8,128,46.6237
256,2048,8,256,48.0853
256,2048,8,512,51.4347
256,2048,8,1024,58.4423
256,2048,8,2048,72.2343
256,2048,8,4096,96.64
256,2048,8,8192,146.581
256,2048,8,16384,242.913
256,2048,8,32768,437.12
256,2048,16,16,47.264
256,2048,16,32,47.456
256,2048,16,64,47.851
256,2048,16,128,48.992
256,2048,16,256,51.2103
256,2048,16,512,57.6853
256,2048,16,1024,70.3243
256,2048,16,2048,90.9543
256,2048,16,4096,133.504
256,2048,16,8192,218.815
256,2048,16,16384,388.331
256,2048,16,32768,723.53
256,2048,32,16,52.181
256,2048,32,32,52.086
256,2048,32,64,51.9467
256,2048,32,128,55.3493
256,2048,32,256,59.4663
256,2048,32,512,71.7223
256,2048,32,1024,94.368
256,2048,32,2048,136.096
256,2048,32,4096,218.55
256,2048,32,8192,389.237
256,2048,32,16384,727.679
256,2048,32,32768,1398.79
256,2048,64,16,61.0983
256,2048,64,32,61.28
256,2048,64,64,62.0693
256,2048,64,128,68.3953
256,2048,64,256,77.6957
256,2048,64,512,99.1683
256,2048,64,1024,141.312
256,2048,64,2048,223.638
256,2048,64,4096,388.672
256,2048,64,8192,725.61
256,2048,64,16384,1399.99
256,2048,64,32768,2732.72
256,2048,128,16,78.5707
256,2048,128,32,79.957
256,2048,128,64,80.5973
256,2048,128,128,93.0347
256,2048,128,256,110.901
256,2048,128,512,150.261
256,2048,128,1024,235.52
256,2048,128,2048,399.434
256,2048,128,4096,728.938
256,2048,128,8192,1398.1
256,2048,128,16384,2733.17
256,2048,128,32768,5394.95
256,4096,0,0,65.0563
256,4096,1,16,65.2473
256,4096,1,32,65.7493
256,4096,1,64,65.3863
256,4096,1,128,65.45
256,4096,1,256,65.3013
256,4096,1,512,65.4613
256,4096,1,1024,65.2797
256,4096,1,2048,68.0633
256,4096,1,4096,116.576
256,4096,1,8192,163.968
256,4096,1,16384,258.795
256,4096,1,32768,447.05
256,4096,2,16,65.376
256,4096,2,32,65.1947
256,4096,2,64,65.2057
256,4096,2,128,65.504
256,4096,2,256,65.1197
256,4096,2,512,65.5463
256,4096,2,1024,77.1523
256,4096,2,2048,92.32
256,4096,2,4096,117.557
256,4096,2,8192,164.384
256,4096,2,16384,258.848
256,4096,2,32768,450.24
256,4096,4,16,65.4397
256,4096,4,32,65.3013
256,4096,4,64,65.152
256,4096,4,128,65.472
256,4096,4,256,71.6377
256,4096,4,512,73.823
256,4096,4,1024,79.9787
256,4096,4,2048,92.6937
256,4096,4,4096,117.739
256,4096,4,8192,164.746
256,4096,4,16384,259.403
256,4096,4,32768,448.288
256,4096,8,16,67.9363
256,4096,8,32,68.277
256,4096,8,64,68.3523
256,4096,8,128,69.632
256,4096,8,256,71.1993
256,4096,8,512,74.6023
256,4096,8,1024,80.992
256,4096,8,2048,94.1227
256,4096,8,4096,120.32
256,4096,8,8192,168.597
256,4096,8,16384,265.301
256,4096,8,32768,457.77
256,4096,16,16,70.71
256,4096,16,32,70.528
256,4096,16,64,70.773
256,4096,16,128,72.2663
256,4096,16,256,74.6553
256,4096,16,512,79.808
256,4096,16,1024,92.4903
256,4096,16,2048,113.557
256,4096,16,4096,155.157
256,4096,16,8192,240.651
256,4096,16,16384,409.077
256,4096,16,32768,748.768
256,4096,32,16,75.179
256,4096,32,32,75.2533
256,4096,32,64,75.7653
256,4096,32,128,78.7093
256,4096,32,256,83.2533
256,4096,32,512,94.6673
256,4096,32,1024,116.651
256,4096,32,2048,156.587
256,4096,32,4096,242.549
256,4096,32,8192,409.023
256,4096,32,16384,747.84
256,4096,32,32768,1421.25
256,4096,64,16,84.0643
256,4096,64,32,84.7677
256,4096,64,64,85.2693
256,4096,64,128,91.9793
256,4096,64,256,101.258
256,4096,64,512,121.451
256,4096,64,1024,162.678
256,4096,64,2048,245.909
256,4096,64,4096,412.469
256,4096,64,8192,746.644
256,4096,64,16384,1421.5
256,4096,64,32768,2770.52
256,4096,128,16,102.037
256,4096,128,32,103.221
256,4096,128,64,104.682
256,4096,128,128,117.045
256,4096,128,256,134.538
256,4096,128,512,172.715
256,4096,128,1024,257.109
256,4096,128,2048,421.792
256,4096,128,4096,749.216
256,4096,128,8192,1417.58
256,4096,128,16384,2755.03
256,4096,128,32768,5420.66
256,8192,0,0,113.215
256,8192,1,16,113.248
256,8192,1,32,113.003
256,8192,1,64,113.141
256,8192,1,128,113.247
256,8192,1,256,113.845
256,8192,1,512,113.12
256,8192,1,1024,113.163
256,8192,1,2048,113.728
256,8192,1,4096,116.779
256,8192,1,8192,211.339
256,8192,1,16384,306.443
256,8192,1,32768,494.698
256,8192,2,16,113.333
256,8192,2,32,113.547
256,8192,2,64,113.333
256,8192,2,128,113.248
256,8192,2,256,113.558
256,8192,2,512,113.76
256,8192,2,1024,113.034
256,8192,2,2048,125.152
256,8192,2,4096,164.245
256,8192,2,8192,212.426
256,8192,2,16384,306.667
256,8192,2,32768,495.626
256,8192,4,16,113.27
256,8192,4,32,113.28
256,8192,4,64,113.451
256,8192,4,128,113.013
256,8192,4,256,113.248
256,8192,4,512,113.301
256,8192,4,1024,128.203
256,8192,4,2048,140.587
256,8192,4,4096,165.12
256,8192,4,8192,213.483
256,8192,4,16384,308.832
256,8192,4,32768,496.693
256,8192,8,16,113.067
256,8192,8,32,113.536
256,8192,8,64,113.386
256,8192,8,128,113.366
256,8192,8,256,119.445
256,8192,8,512,122.709
256,8192,8,1024,129.097
256,8192,8,2048,141.739
256,8192,8,4096,166.624
256,8192,8,8192,214.603
256,8192,8,16384,311.115
256,8192,8,32768,504.843
256,8192,16,16,117.888
256,8192,16,32,118.069
256,8192,16,64,118.059
256,8192,16,128,119.862
256,8192,16,256,121.664
256,8192,16,512,125.59
256,8192,16,1024,136.651
256,8192,16,2048,157.216
256,8192,16,4096,199.093
256,8192,16,8192,282.112
256,8192,16,16384,454.933
256,8192,16,32768,789.291
256,8192,32,16,123.039
256,8192,32,32,123.038
256,8192,32,64,123.574
256,8192,32,128,126.453
256,8192,32,256,129.643
256,8192,32,512,139.701
256,8192,32,1024,161.77
256,8192,32,2048,201.077
256,8192,32,4096,285.354
256,8192,32,8192,451.85
256,8192,32,16384,793.706
256,8192,32,32768,1463.07
256,8192,64,16,132.32
256,8192,64,32,132.544
256,8192,64,64,132.021
256,8192,64,128,139.636
256,8192,64,256,147.371
256,8192,64,512,167.968
256,8192,64,1024,208.299
256,8192,64,2048,290.72
256,8192,64,4096,454.667
256,8192,64,8192,788.533
256,8192,64,16384,1464.06
256,8192,64,32768,2801.38
256,8192,128,16,149.653
256,8192,128,32,150.304
256,8192,128,64,150.539
256,8192,128,128,163.915
256,8192,128,256,178.475
256,8192,128,512,221.089
256,8192,128,1024,302.25
256,8192,128,2048,465.536
256,8192,128,4096,793.088
256,8192,128,8192,1456.22
256,8192,128,16384,2800.88
256,8192,128,32768,5463.64
256,16384,0,0,208.139
256,16384,1,16,206.827
256,16384,1,32,208.16
256,16384,1,64,208.736
256,16384,1,128,208.042
256,16384,1,256,207.348
256,16384,1,512,208.267
256,16384,1,1024,208.32
256,16384,1,2048,207.765
256,16384,1,4096,208.544
256,16384,1,8192,212.49
256,16384,1,16384,399.627
256,16384,1,32768,590.346
256,16384,2,16,208.054
256,16384,2,32,207.797
256,16384,2,64,207.349
256,16384,2,128,207.509
256,16384,2,256,208.362
256,16384,2,512,209.142
256,16384,2,1024,208
256,16384,2,2048,208.469
256,16384,2,4096,221.173
256,16384,2,8192,306.827
256,16384,2,16384,400.266
256,16384,2,32768,589.515
256,16384,4,16,208
256,16384,4,32,208.075
256,16384,4,64,209.61
256,16384,4,128,208.341
256,16384,4,256,207.797
256,16384,4,512,209.462
256,16384,4,1024,208.459
256,16384,4,2048,234.965
256,16384,4,4096,258.741
256,16384,4,8192,306.208
256,16384,4,16384,401.11
256,16384,4,32768,591.231
256,16384,8,16,207.776
256,16384,8,32,208.172
256,16384,8,64,208.149
256,16384,8,128,208.746
256,16384,8,256,207.979
256,16384,8,512,208.469
256,16384,8,1024,222.933
256,16384,8,2048,236.64
256,16384,8,4096,260.416
256,16384,8,8192,308.043
256,16384,8,16384,404.875
256,16384,8,32768,598.229
256,16384,16,16,209.44
256,16384,16,32,209.535
256,16384,16,64,209.963
256,16384,16,128,209.557
256,16384,16,256,216.885
256,16384,16,512,219.028
256,16384,16,1024,228.074
256,16384,16,2048,249.173
256,16384,16,4096,288.694
256,16384,16,8192,374.73
256,16384,16,16384,544.533
256,16384,16,32768,882.346
256,16384,32,16,214.059
256,16384,32,32,213.195
256,16384,32,64,213.717
256,16384,32,128,216.704
256,16384,32,256,224.299
256,16384,32,512,232.832
256,16384,32,1024,251.808
256,16384,32,2048,293.195
256,16384,32,4096,374.613
256,16384,32,8192,544.651
256,16384,32,16384,880.341
256,16384,32,32768,1555.47
256,16384,64,16,223.189
256,16384,64,32,222.933
256,16384,64,64,223.957
256,16384,64,128,229.76
256,16384,64,256,240.491
256,16384,64,512,261.856
256,16384,64,1024,300.064
256,16384,64,2048,381.141
256,16384,64,4096,545.301
256,16384,64,8192,879.754
256,16384,64,16384,1557.89
256,16384,64,32768,2884.63
256,16384,128,16,241.365
256,16384,128,32,240.907
256,16384,128,64,241.887
256,16384,128,128,253.493
256,16384,128,256,271.243
256,16384,128,512,315.21
256,16384,128,1024,395.306
256,16384,128,2048,557.621
256,16384,128,4096,883.274
256,16384,128,8192,1547.03
256,16384,128,16384,2884.45
256,16384,128,32768,5561.63
256,32768,0,0,395.489
256,32768,1,16,395.744
256,32768,1,32,395.679
256,32768,1,64,395.925
256,32768,1,128,398.891
256,32768,1,256,395.894
256,32768,1,512,396.619
256,32768,1,1024,396.362
256,32768,1,2048,396.917
256,32768,1,4096,396.544
256,32768,1,8192,396.512
256,32768,1,16384,399.061
256,32768,1,32768,775.67
256,32768,2,16,396.373
256,32768,2,32,397.771
256,32768,2,64,396.245
256,32768,2,128,397.931
256,32768,2,256,397.408
256,32768,2,512,396
256,32768,2,1024,396.341
256,32768,2,2048,396.597
256,32768,2,4096,396.704
256,32768,2,8192,410.079
256,32768,2,16384,587.584
256,32768,2,32768,777.142
256,32768,4,16,395.841
256,32768,4,32,396.724
256,32768,4,64,396.768
256,32768,4,128,397.056
256,32768,4,256,397.45
256,32768,4,512,396.011
256,32768,4,1024,397.184
256,32768,4,2048,397.258
256,32768,4,4096,428.022
256,32768,4,8192,493.322
256,32768,4,16384,589.013
256,32768,4,32768,780.651
256,32768,8,16,396.427
256,32768,8,32,395.509
256,32768,8,64,397.142
256,32768,8,128,397.184
256,32768,8,256,396.533
256,32768,8,512,398.719
256,32768,8,1024,398.486
256,32768,8,2048,421.46
256,32768,8,4096,446.218
256,32768,8,8192,494.869
256,32768,8,16384,591.551
256,32768,8,32768,785.215
256,32768,16,16,397.301
256,32768,16,32,397.483
256,32768,16,64,397.568
256,32768,16,128,398.058
256,32768,16,256,397.163
256,32768,16,512,397.6
256,32768,16,1024,412.139
256,32768,16,2048,427.136
256,32768,16,4096,468.17
256,32768,16,8192,551.99
256,32768,16,16384,717.951
256,32768,16,32768,1054.44
256,32768,32,16,396.832
256,32768,32,32,399.391
256,32768,32,64,398.581
256,32768,32,128,398.453
256,32768,32,256,404.149
256,32768,32,512,409.898
256,32768,32,1024,437.44
256,32768,32,2048,471.968
256,32768,32,4096,552.331
256,32768,32,8192,718.826
256,32768,32,16384,1059.36
256,32768,32,32768,1734.61
256,32768,64,16,405.472
256,32768,64,32,405.621
256,32768,64,64,405.685
256,32768,64,128,411.157
256,32768,64,256,420.159
256,32768,64,512,435.306
256,32768,64,1024,486.25
256,32768,64,2048,563.444
256,32768,64,4096,722.986
256,32768,64,8192,1055.04
256,32768,64,16384,1733.9
256,32768,64,32768,3075.74
256,32768,128,16,422.933
256,32768,128,32,422.912
256,32768,128,64,424.085
256,32768,128,128,435.221
256,32768,128,256,450.602
256,32768,128,512,488.746
256,32768,128,1024,578.912
256,32768,128,2048,741.749
256,32768,128,4096,1063.73
256,32768,128,8192,1725.84
256,32768,128,16384,3061.32
256,32768,128,32768,5723.5
512,0,0,0,28.053
512,0,1,16,27.936
512,0,1,32,28.32
512,0,1,64,28.0213
512,0,1,128,28.8107
512,0,1,256,30.1653
512,0,1,512,33.1627
512,0,1,1024,39.1787
512,0,1,2048,50.8267
512,0,1,4096,74.2093
512,0,1,8192,121.493
512,0,1,16384,216.971
512,0,1,32768,406.154
512,0,2,16,30.795
512,0,2,32,30.9443
512,0,2,64,31.381
512,0,2,128,32.1067
512,0,2,256,33.536
512,0,2,512,36.801
512,0,2,1024,43.0403
512,0,2,2048,54.379
512,0,2,4096,77.941
512,0,2,8192,125.643
512,0,2,16384,220.448
512,0,2,32768,409.739
512,0,4,16,32.5013
512,0,4,32,32.7043
512,0,4,64,32.5333
512,0,4,128,33.9837
512,0,4,256,35.3387
512,0,4,512,38.2083
512,0,4,1024,44.0427
512,0,4,2048,56.2343
512,0,4,4096,80.138
512,0,4,8192,127.787
512,0,4,16384,222.122
512,0,4,32768,411.21
512,0,8,16,33.1947
512,0,8,32,32.7787
512,0,8,64,33.0453
512,0,8,128,34.485
512,0,8,256,35.7973
512,0,8,512,38.6237
512,0,8,1024,46.9547
512,0,8,2048,61.7703
512,0,8,4096,86.88
512,0,8,8192,137.952
512,0,8,16384,231.296
512,0,8,32768,424.704
512,0,16,16,33.0463
512,0,16,32,33.0667
512,0,16,64,33.3123
512,0,16,128,34.5913
512,0,16,256,36.118
512,0,16,512,44.0953
512,0,16,1024,59.061
512,0,16,2048,81.75
512,0,16,4096,124.545
512,0,16,8192,209.536
512,0,16,16384,378.271
512,0,16,32768,718.239
512,0,32,16,39.0077
512,0,32,32,39.136
512,0,32,64,39.3707
512,0,32,128,42.144
512,0,32,256,47.573
512,0,32,512,61.6097
512,0,32,1024,84.0203
512,0,32,2048,126.347
512,0,32,4096,210.933
512,0,32,8192,379.306
512,0,32,16384,719.476
512,0,32,32768,1388.55
512,0,64,16,48.2877
512,0,64,32,48.4477
512,0,64,64,49.621
512,0,64,128,56.384
512,0,64,256,65.7813
512,0,64,512,88.6297
512,0,64,1024,131.178
512,0,64,2048,215.008
512,0,64,4096,379.488
512,0,64,8192,714.933
512,0,64,16384,1387.66
512,0,64,32768,2728.14
512,0,128,16,66.3253
512,0,128,32,66.784
512,0,128,64,68.693
512,0,128,128,80.8203
512,0,128,256,99.808
512,0,128,512,141.258
512,0,128,1024,225.258
512,0,128,2048,391.477
512,0,128,4096,719.434
512,0,128,8192,1386.44
512,0,128,16384,2721.28
512,0,128,32768,5395.54
512,16,0,0,29.3013
512,16,1,16,29.3013
512,16,1,32,29.067
512,16,1,64,29.248
512,16,1,128,29.8983
512,16,1,256,31.509
512,16,1,512,34.272
512,16,1,1024,40.0853
512,16,1,2048,52.0747
512,16,1,4096,75.6483
512,16,1,8192,122.688
512,16,1,16384,217.557
512,16,1,32768,407.168
512,16,2,16,32.3623
512,16,2,32,32.3623
512,16,2,64,32.2133
512,16,2,128,33.7813
512,16,2,256,35.1893
512,16,2,512,38.123
512,16,2,1024,43.776
512,16,2,2048,55.6913
512,16,2,4096,79.2857
512,16,2,8192,126.688
512,16,2,16384,221.259
512,16,2,32768,410.133
512,16,4,16,32.6397
512,16,4,32,32.352
512,16,4,64,32.7897
512,16,4,128,33.813
512,16,4,256,35.3173
512,16,4,512,38.3143
512,16,4,1024,44.32
512,16,4,2048,56.832
512,16,4,4096,80.5757
512,16,4,8192,127.914
512,16,4,16384,222.091
512,16,4,32768,412.064
512,16,8,16,33.109
512,16,8,32,33.163
512,16,8,64,33.6643
512,16,8,128,34.645
512,16,8,256,36.0207
512,16,8,512,39.1033
512,16,8,1024,47.4663
512,16,8,2048,61.888
512,16,8,4096,87.2957
512,16,8,8192,138.571
512,16,8,16384,252.447
512,16,8,32768,424.821
512,16,16,16,33.9737
512,16,16,32,33.8023
512,16,16,64,33.5573
512,16,16,128,35.5737
512,16,16,256,37.0457
512,16,16,512,44.4057
512,16,16,1024,58.5277
512,16,16,2048,81.696
512,16,16,4096,124.715
512,16,16,8192,210.549
512,16,16,16384,379.53
512,16,16,32768,719.743
512,16,32,16,39.147
512,16,32,32,39.1993
512,16,32,64,39.7767
512,16,32,128,42.1333
512,16,32,256,48.5763
512,16,32,512,62.805
512,16,32,1024,84.4267
512,16,32,2048,126.955
512,16,32,4096,211.957
512,16,32,8192,378.794
512,16,32,16384,717.973
512,16,32,32768,1394.95
512,16,64,16,48.1177
512,16,64,32,48.5017
512,16,64,64,49.3973
512,16,64,128,56.9817
512,16,64,256,67.0713
512,16,64,512,88.9493
512,16,64,1024,132.031
512,16,64,2048,215.456
512,16,64,4096,381.94
512,16,64,8192,716.692
512,16,64,16384,1388.03
512,16,64,32768,2732.42
512,16,128,16,65.6
512,16,128,32,66.0587
512,16,128,64,68.4257
512,16,128,128,80.8533
512,16,128,256,99.1673
512,16,128,512,142.528
512,16,128,1024,225.429
512,16,128,2048,391.104
512,16,128,4096,719.424
512,16,128,8192,1386.35
512,16,128,16384,2724
512,16,128,32768,5386.36
512,32,0,0,29.3767
512,32,1,16,29.3227
512,32,1,32,29.1413
512,32,1,64,29.2693
512,32,1,128,30.1013
512,32,1,256,31.4457
512,32,1,512,34.1967
512,32,1,1024,40.1703
512,32,1,2048,52.1493
512,32,1,4096,75.733
512,32,1,8192,123.168
512,32,1,16384,218.539
512,32,1,32768,407.008
512,32,2,16,32.3523
512,32,2,32,32.0313
512,32,2,64,32.2137
512,32,2,128,33.5253
512,32,2,256,35.1893
512,32,2,512,37.792
512,32,2,1024,43.9577
512,32,2,2048,55.595
512,32,2,4096,79.3067
512,32,2,8192,126.464
512,32,2,16384,220.971
512,32,2,32768,410.528
512,32,4,16,32.5227
512,32,4,32,32.64
512,32,4,64,32.459
512,32,4,128,33.7283
512,32,4,256,35.3923
512,32,4,512,37.931
512,32,4,1024,44.192
512,32,4,2048,56.2133
512,32,4,4096,80.4163
512,32,4,8192,127.68
512,32,4,16384,221.738
512,32,4,32768,410.869
512,32,8,16,33.2377
512,32,8,32,33.0237
512,32,8,64,32.906
512,32,8,128,34.368
512,32,8,256,35.7217
512,32,8,512,38.5387
512,32,8,1024,46.5703
512,32,8,2048,61.4187
512,32,8,4096,86.1333
512,32,8,8192,135.008
512,32,8,16384,230.709
512,32,8,32768,422.965
512,32,16,16,34.0263
512,32,16,32,33.8453
512,32,16,64,34.0267
512,32,16,128,35.7547
512,32,16,256,37.3863
512,32,16,512,45.0563
512,32,16,1024,59.1673
512,32,16,2048,82.218
512,32,16,4096,125.045
512,32,16,8192,209.398
512,32,16,16384,377.973
512,32,16,32768,712.17
512,32,32,16,39.4767
512,32,32,32,39.5943
512,32,32,64,39.8397
512,32,32,128,42.7827
512,32,32,256,47.7223
512,32,32,512,62.0157
512,32,32,1024,84.4057
512,32,32,2048,127.157
512,32,32,4096,211.36
512,32,32,8192,378.484
512,32,32,16384,718.603
512,32,32,32768,1392.01
512,32,64,16,48.2453
512,32,64,32,48.1813
512,32,64,64,49.2477
512,32,64,128,56.117
512,32,64,256,67.094
512,32,64,512,89.344
512,32,64,1024,131.392
512,32,64,2048,215.466
512,32,64,4096,380.98
512,32,64,8192,716.256
512,32,64,16384,1389.57
512,32,64,32768,2740.12
512,32,128,16,65.7073
512,32,128,32,66.667
512,32,128,64,68.5227
512,32,128,128,81.1087
512,32,128,256,99.8293
512,32,128,512,141.526
512,32,128,1024,225.771
512,32,128,2048,390.922
512,32,128,4096,720.927
512,32,128,8192,1388
512,32,128,16384,2722.58
512,32,128,32768,5388.09
512,64,0,0,29.633
512,64,1,16,29.7817
512,64,1,32,29.6003
512,64,1,64,29.6213
512,64,1,128,30.133
512,64,1,256,31.936
512,64,1,512,34.261
512,64,1,1024,40.5653
512,64,1,2048,52.2453
512,64,1,4096,75.6377
512,64,1,8192,123.094
512,64,1,16384,217.472
512,64,1,32768,406.357
512,64,2,16,32.672
512,64,2,32,32.491
512,64,2,64,32.7463
512,64,2,128,34.0163
512,64,2,256,35.445
512,64,2,512,38.6133
512,64,2,1024,44.0963
512,64,2,2048,56.2883
512,64,2,4096,79.7117
512,64,2,8192,127.114
512,64,2,16384,221.525
512,64,2,32768,410.635
512,64,4,16,33.6313
512,64,4,32,33.728
512,64,4,64,33.589
512,64,4,128,34.9433
512,64,4,256,36.7893
512,64,4,512,39.4023
512,64,4,1024,45.248
512,64,4,2048,57.281
512,64,4,4096,81.5027
512,64,4,8192,129.013
512,64,4,16384,223.061
512,64,4,32768,412.309
512,64,8,16,34.0157
512,64,8,32,33.7923
512,64,8,64,34.272
512,64,8,128,35.7333
512,64,8,256,36.896
512,64,8,512,39.9357
512,64,8,1024,47.8293
512,64,8,2048,62.5493
512,64,8,4096,87.2213
512,64,8,8192,135.423
512,64,8,16384,232.544
512,64,8,32768,423.019
512,64,16,16,34.048
512,64,16,32,34.5173
512,64,16,64,34.368
512,64,16,128,36.7677
512,64,16,256,38.4003
512,64,16,512,45.9307
512,64,16,1024,59.68
512,64,16,2048,82.9867
512,64,16,4096,124.939
512,64,16,8192,209.611
512,64,16,16384,380.267
512,64,16,32768,721.567
512,64,32,16,40.4053
512,64,32,32,40.544
512,64,32,64,40.5973
512,64,32,128,43.4237
512,64,32,256,48.9073
512,64,32,512,62.8473
512,64,32,1024,85.6747
512,64,32,2048,127.552
512,64,32,4096,211.744
512,64,32,8192,379.178
512,64,32,16384,718.602
512,64,32,32768,1385.3
512,64,64,16,49.365
512,64,64,32,49.7497
512,64,64,64,50.6453
512,64,64,128,57.4397
512,64,64,256,67.904
512,64,64,512,89.9837
512,64,64,1024,132.693
512,64,64,2048,216.799
512,64,64,4096,381.461
512,64,64,8192,717.035
512,64,64,16384,1396.65
512,64,64,32768,2726.53
512,64,128,16,67.2643
512,64,128,32,68.128
512,64,128,64,69.675
512,64,128,128,82.3577
512,64,128,256,101.078
512,64,128,512,142.144
512,64,128,1024,226.4
512,64,128,2048,392.832
512,64,128,4096,721.824
512,64,128,8192,1388.99
512,64,128,16384,2722.88
512,64,128,32768,5386.99
512,128,0,0,30.9017
512,128,1,16,30.9117
512,128,1,32,31.3597
512,128,1,64,30.7207
512,128,1,128,30.7947
512,128,1,256,31.7653
512,128,1,512,34.56
512,128,1,1024,40.5973
512,128,1,2048,52.491
512,128,1,4096,75.9357
512,128,1,8192,123.68
512,128,1,16384,218.399
512,128,1,32768,406.175
512,128,2,16,33.6853
512,128,2,32,34.0693
512,128,2,64,34.112
512,128,2,128,35.8183
512,128,2,256,36.597
512,128,2,512,39.3067
512,128,2,1024,45.6533
512,128,2,2048,57.419
512,128,2,4096,81.0667
512,128,2,8192,127.967
512,128,2,16384,223.169
512,128,2,32768,411.755
512,128,4,16,35.3173
512,128,4,32,35.3387
512,128,4,64,35.0403
512,128,4,128,36.6933
512,128,4,256,38.0907
512,128,4,512,40.6937
512,128,4,1024,46.8693
512,128,4,2048,59.104
512,128,4,4096,83.0507
512,128,4,8192,130.133
512,128,4,16384,224.939
512,128,4,32768,414.389
512,128,8,16,35.403
512,128,8,32,35.6057
512,128,8,64,35.6157
512,128,8,128,36.8853
512,128,8,256,38.3253
512,128,8,512,41.5567
512,128,8,1024,49.898
512,128,8,2048,65.216
512,128,8,4096,88.5977
512,128,8,8192,136.757
512,128,8,16384,241.344
512,128,8,32768,448.139
512,128,16,16,35.6907
512,128,16,32,35.8933
512,128,16,64,36.3303
512,128,16,128,37.44
512,128,16,256,39.3383
512,128,16,512,47.4017
512,128,16,1024,61.3867
512,128,16,2048,84.2343
512,128,16,4096,127.883
512,128,16,8192,212.32
512,128,16,16384,383.115
512,128,16,32768,717.92
512,128,32,16,41.9413
512,128,32,32,42.1443
512,128,32,64,42.3257
512,128,32,128,44.7577
512,128,32,256,51.4453
512,128,32,512,65.3863
512,128,32,1024,87.1683
512,128,32,2048,129.685
512,128,32,4096,213.195
512,128,32,8192,381.547
512,128,32,16384,721.866
512,128,32,32768,1393.73
512,128,64,16,51.3813
512,128,64,32,51.05
512,128,64,64,52.4373
512,128,64,128,59.6473
512,128,64,256,70.6347
512,128,64,512,92.2247
512,128,64,1024,134.806
512,128,64,2048,218.464
512,128,64,4096,384.043
512,128,64,8192,718.282
512,128,64,16384,1386.81
512,128,64,32768,2740.52
512,128,128,16,68.928
512,128,128,32,69.813
512,128,128,64,71.4133
512,128,128,128,83.7333
512,128,128,256,103.008
512,128,128,512,143.84
512,128,128,1024,228.618
512,128,128,2048,393.205
512,128,128,4096,723.071
512,128,128,8192,1389.49
512,128,128,16384,2722.92
512,128,128,32768,5390.15
512,256,0,0,34.155
512,256,1,16,33.973
512,256,1,32,34.1013
512,256,1,64,33.9097
512,256,1,128,34.005
512,256,1,256,34.2507
512,256,1,512,36.3733
512,256,1,1024,42.0477
512,256,1,2048,53.952
512,256,1,4096,77.9417
512,256,1,8192,125.503
512,256,1,16384,221.504
512,256,1,32768,408.33
512,256,2,16,35.232
512,256,2,32,36.1067
512,256,2,64,36.6827
512,256,2,128,38.528
512,256,2,256,40.16
512,256,2,512,42.72
512,256,2,1024,48.9383
512,256,2,2048,60.661
512,256,2,4096,84.1597
512,256,2,8192,131.488
512,256,2,16384,226.24
512,256,2,32768,415.7
512,256,4,16,38.3463
512,256,4,32,38.3467
512,256,4,64,38.6133
512,256,4,128,39.9783
512,256,4,256,41.5033
512,256,4,512,44.0633
512,256,4,1024,49.9943
512,256,4,2048,62.6027
512,256,4,4096,86.2717
512,256,4,8192,133.653
512,256,4,16384,228.598
512,256,4,32768,419.222
512,256,8,16,38.7843
512,256,8,32,38.922
512,256,8,64,38.9547
512,256,8,128,40.0747
512,256,8,256,41.6117
512,256,8,512,45.152
512,256,8,1024,52.9717
512,256,8,2048,67.936
512,256,8,4096,92.4267
512,256,8,8192,141.504
512,256,8,16384,236.533
512,256,8,32768,434.976
512,256,16,16,39.2107
512,256,16,32,39.136
512,256,16,64,39.4667
512,256,16,128,40.843
512,256,16,256,42.5063
512,256,16,512,50.048
512,256,16,1024,64.7683
512,256,16,2048,87.2427
512,256,16,4096,129.514
512,256,16,8192,213.856
512,256,16,16384,385.909
512,256,16,32768,721.237
512,256,32,16,44.7893
512,256,32,32,44.9707
512,256,32,64,45.2907
512,256,32,128,48.1067
512,256,32,256,53.9633
512,256,32,512,68.6617
512,256,32,1024,90.208
512,256,32,2048,132.49
512,256,32,4096,216.683
512,256,32,8192,384.885
512,256,32,16384,726.912
512,256,32,32768,1398.35
512,256,64,16,54.1657
512,256,64,32,54.656
512,256,64,64,55.6597
512,256,64,128,61.931
512,256,64,256,71.8507
512,256,64,512,95.3387
512,256,64,1024,137.547
512,256,64,2048,220.341
512,256,64,4096,386.549
512,256,64,8192,720.811
512,256,64,16384,1393.35
512,256,64,32768,2731.67
512,256,128,16,71.776
512,256,128,32,72.8533
512,256,128,64,74.4003
512,256,128,128,87.0617
512,256,128,256,105.909
512,256,128,512,146.645
512,256,128,1024,230.304
512,256,128,2048,395.701
512,256,128,4096,725.803
512,256,128,8192,1391.48
512,256,128,16384,2729.57
512,256,128,32768,5394.96
512,512,0,0,40.1713
512,512,1,16,39.9253
512,512,1,32,39.9573
512,512,1,64,39.9363
512,512,1,128,39.9253
512,512,1,256,40.0537
512,512,1,512,39.9993
512,512,1,1024,45.7387
512,512,1,2048,57.312
512,512,1,4096,81.1947
512,512,1,8192,129.046
512,512,1,16384,224.789
512,512,1,32768,412.394
512,512,2,16,39.968
512,512,2,32,40.0323
512,512,2,64,40.2243
512,512,2,128,41.12
512,512,2,256,44.1067
512,512,2,512,48.7043
512,512,2,1024,54.7417
512,512,2,2048,66.3683
512,512,2,4096,90.315
512,512,2,8192,137.558
512,512,2,16384,233.376
512,512,2,32768,423.103
512,512,4,16,43.0937
512,512,4,32,43.36
512,512,4,64,43.1893
512,512,4,128,45.482
512,512,4,256,46.8477
512,512,4,512,49.9627
512,512,4,1024,55.84
512,512,4,2048,67.9577
512,512,4,4096,92.192
512,512,4,8192,140.118
512,512,4,16384,234.795
512,512,4,32768,423.862
512,512,8,16,44.3633
512,512,8,32,44.6827
512,512,8,64,44.8
512,512,8,128,45.792
512,512,8,256,47.5623
512,512,8,512,51.0933
512,512,8,1024,58.6983
512,512,8,2048,73.728
512,512,8,4096,98.3147
512,512,8,8192,146.656
512,512,8,16384,241.632
512,512,8,32768,436.278
512,512,16,16,44.9707
512,512,16,32,45.152
512,512,16,64,45.3867
512,512,16,128,47.1677
512,512,16,256,48.4697
512,512,16,512,56.276
512,512,16,1024,70.197
512,512,16,2048,93.12
512,512,16,4096,135.296
512,512,16,8192,221.568
512,512,16,16384,394.059
512,512,16,32768,723.455
512,512,32,16,50.741
512,512,32,32,51.1037
512,512,32,64,51.4347
512,512,32,128,54.1447
512,512,32,256,59.6903
512,512,32,512,74.411
512,512,32,1024,96.2987
512,512,32,2048,137.813
512,512,32,4096,223.53
512,512,32,8192,390.795
512,512,32,16384,730.742
512,512,32,32768,1401.36
512,512,64,16,60.235
512,512,64,32,60.5437
512,512,64,64,61.4187
512,512,64,128,67.6367
512,512,64,256,78.0587
512,512,64,512,101.973
512,512,64,1024,142.774
512,512,64,2048,226.24
512,512,64,4096,392.629
512,512,64,8192,729.151
512,512,64,16384,1402.53
512,512,64,32768,2748.66
512,512,128,16,77.984
512,512,128,32,78.592
512,512,128,64,80.448
512,512,128,128,93.1093
512,512,128,256,111.691
512,512,128,512,156.042
512,512,128,1024,234.848
512,512,128,2048,401.226
512,512,128,4096,731.882
512,512,128,8192,1397.75
512,512,128,16384,2737.18
512,512,128,32768,5403.52
512,1024,0,0,51.808
512,1024,1,16,51.68
512,1024,1,32,51.6477
512,1024,1,64,52.1597
512,1024,1,128,51.7757
512,1024,1,256,51.6807
512,1024,1,512,51.936
512,1024,1,1024,51.9787
512,1024,1,2048,63.4127
512,1024,1,4096,87.691
512,1024,1,8192,135.584
512,1024,1,16384,231.008
512,1024,1,32768,421.259
512,1024,2,16,51.9783
512,1024,2,32,51.7227
512,1024,2,64,52.053
512,1024,2,128,52
512,1024,2,256,51.7017
512,1024,2,512,55.5833
512,1024,2,1024,66.3363
512,1024,2,2048,78.4
512,1024,2,4096,102.783
512,1024,2,8192,150.879
512,1024,2,16384,245.642
512,1024,2,32768,434.443
512,1024,4,16,53.5677
512,1024,4,32,52.9497
512,1024,4,64,52.864
512,1024,4,128,56.2887
512,1024,4,256,57.834
512,1024,4,512,61.0237
512,1024,4,1024,67.5413
512,1024,4,2048,79.4027
512,1024,4,4096,104.405
512,1024,4,8192,152.277
512,1024,4,16384,247.211
512,1024,4,32768,437.472
512,1024,8,16,56.245
512,1024,8,32,56.1493
512,1024,8,64,55.9253
512,1024,8,128,57.7703
512,1024,8,256,59.3277
512,1024,8,512,62.444
512,1024,8,1024,70.1437
512,1024,8,2048,84.6507
512,1024,8,4096,110.048
512,1024,8,8192,157.941
512,1024,8,16384,254.612
512,1024,8,32768,448.224
512,1024,16,16,56.416
512,1024,16,32,56.6613
512,1024,16,64,56.981
512,1024,16,128,58.5493
512,1024,16,256,60.5873
512,1024,16,512,67.392
512,1024,16,1024,81.387
512,1024,16,2048,104.63
512,1024,16,4096,145.397
512,1024,16,8192,231.85
512,1024,16,16384,402.602
512,1024,16,32768,737.568
512,1024,32,16,62.571
512,1024,32,32,62.528
512,1024,32,64,62.912
512,1024,32,128,65.5787
512,1024,32,256,71.5737
512,1024,32,512,85.2267
512,1024,32,1024,108.054
512,1024,32,2048,149.067
512,1024,32,4096,232.768
512,1024,32,8192,401.397
512,1024,32,16384,741.184
512,1024,32,32768,1413.94
512,1024,64,16,71.8393
512,1024,64,32,71.744
512,1024,64,64,73.0557
512,1024,64,128,79.8613
512,1024,64,256,90.6563
512,1024,64,512,111.862
512,1024,64,1024,155.754
512,1024,64,2048,237.931
512,1024,64,4096,405.216
512,1024,64,8192,739.829
512,1024,64,16384,1417.89
512,1024,64,32768,2756.26
512,1024,128,16,88.8753
512,1024,128,32,90.0587
512,1024,128,64,91.8187
512,1024,128,128,105.536
512,1024,128,256,122.944
512,1024,128,512,163.531
512,1024,128,1024,248.608
512,1024,128,2048,412.277
512,1024,128,4096,742.731
512,1024,128,8192,1410.04
512,1024,128,16384,2747.2
512,1024,128,32768,5404.77
512,2048,0,0,77.8773
512,2048,1,16,78.0267
512,2048,1,32,77.6327
512,2048,1,64,77.2907
512,2048,1,128,77.782
512,2048,1,256,77.205
512,2048,1,512,77.3973
512,2048,1,1024,77.4183
512,2048,1,2048,77.6533
512,2048,1,4096,98.9653
512,2048,1,8192,148.245
512,2048,1,16384,242.656
512,2048,1,32768,431.776
512,2048,2,16,77.2373
512,2048,2,32,77.503
512,2048,2,64,77.739
512,2048,2,128,77.7073
512,2048,2,256,77.6317
512,2048,2,512,78.0163
512,2048,2,1024,79.6373
512,2048,2,2048,100.651
512,2048,2,4096,125.077
512,2048,2,8192,172.426
512,2048,2,16384,266.517
512,2048,2,32768,456.66
512,2048,4,16,77.2897
512,2048,4,32,77.5257
512,2048,4,64,77.3333
512,2048,4,128,77.7937
512,2048,4,256,77.4727
512,2048,4,512,81.9733
512,2048,4,1024,88.6293
512,2048,4,2048,101.931
512,2048,4,4096,127.19
512,2048,4,8192,174.154
512,2048,4,16384,268.352
512,2048,4,32768,457.974
512,2048,8,16,77.92
512,2048,8,32,77.365
512,2048,8,64,77.6317
512,2048,8,128,78.656
512,2048,8,256,80.6077
512,2048,8,512,83.5837
512,2048,8,1024,91.381
512,2048,8,2048,106.282
512,2048,8,4096,131.179
512,2048,8,8192,179.093
512,2048,8,16384,275.883
512,2048,8,32768,467.989
512,2048,16,16,79.7547
512,2048,16,32,79.7123
512,2048,16,64,79.6797
512,2048,16,128,82.4743
512,2048,16,256,85.4187
512,2048,16,512,90.283
512,2048,16,1024,103.499
512,2048,16,2048,124.757
512,2048,16,4096,166.762
512,2048,16,8192,250.464
512,2048,16,16384,422.357
512,2048,16,32768,757.686
512,2048,32,16,85.152
512,2048,32,32,85.813
512,2048,32,64,86.059
512,2048,32,128,90.229
512,2048,32,256,95.797
512,2048,32,512,105.845
512,2048,32,1024,127.915
512,2048,32,2048,169.355
512,2048,32,4096,253.397
512,2048,32,8192,423.434
512,2048,32,16384,760.469
512,2048,32,32768,1440.87
512,2048,64,16,95.008
512,2048,64,32,95.3067
512,2048,64,64,96.1383
512,2048,64,128,102.794
512,2048,64,256,113.835
512,2048,64,512,132.48
512,2048,64,1024,174.614
512,2048,64,2048,258.379
512,2048,64,4096,424.405
512,2048,64,8192,761.589
512,2048,64,16384,1430.9
512,2048,64,32768,2773.78
512,2048,128,16,112.799
512,2048,128,32,113.727
512,2048,128,64,114.4
512,2048,128,128,126.731
512,2048,128,256,145.557
512,2048,128,512,183.797
512,2048,128,1024,266.421
512,2048,128,2048,431.722
512,2048,128,4096,760.629
512,2048,128,8192,1433.46
512,2048,128,16384,2768.01
512,2048,128,32768,5434.69
512,4096,0,0,127.307
512,4096,1,16,127.723
512,4096,1,32,127.594
512,4096,1,64,127.872
512,4096,1,128,128.149
512,4096,1,256,127.904
512,4096,1,512,128.054
512,4096,1,1024,128.192
512,4096,1,2048,127.21
512,4096,1,4096,127.552
512,4096,1,8192,172.672
512,4096,1,16384,267.733
512,4096,1,32768,456.512
512,4096,2,16,127.605
512,4096,2,32,128.043
512,4096,2,64,127.851
512,4096,2,128,127.979
512,4096,2,256,127.744
512,4096,2,512,127.766
512,4096,2,1024,127.285
512,4096,2,2048,129.057
512,4096,2,4096,172.523
512,4096,2,8192,220.15
512,4096,2,16384,313.44
512,4096,2,32768,503.413
512,4096,4,16,127.883
512,4096,4,32,127.574
512,4096,4,64,128.577
512,4096,4,128,127.68
512,4096,4,256,128.085
512,4096,4,512,127.904
512,4096,4,1024,137.184
512,4096,4,2048,149.781
512,4096,4,4096,174.517
512,4096,4,8192,222.197
512,4096,4,16384,316.341
512,4096,4,32768,505.3
512,4096,8,16,127.755
512,4096,8,32,128.16
512,4096,8,64,127.871
512,4096,8,128,127.595
512,4096,8,256,127.733
512,4096,8,512,131.819
512,4096,8,1024,138.965
512,4096,8,2048,151.946
512,4096,8,4096,176.693
512,4096,8,8192,224.906
512,4096,8,16384,320.779
512,4096,8,32768,514.847
512,4096,16,16,128.011
512,4096,16,32,128.086
512,4096,16,64,127.84
512,4096,16,128,129.728
512,4096,16,256,132.416
512,4096,16,512,136.245
512,4096,16,1024,148.448
512,4096,16,2048,169.28
512,4096,16,4096,211.414
512,4096,16,8192,294.102
512,4096,16,16384,465.322
512,4096,16,32768,800.427
512,4096,32,16,132.843
512,4096,32,32,132.959
512,4096,32,64,133.152
512,4096,32,128,137.131
512,4096,32,256,141.89
512,4096,32,512,152.032
512,4096,32,1024,172.309
512,4096,32,2048,214.955
512,4096,32,4096,299.595
512,4096,32,8192,467.702
512,4096,32,16384,805.451
512,4096,32,32768,1478.34
512,4096,64,16,142.037
512,4096,64,32,141.771
512,4096,64,64,142.666
512,4096,64,128,149.067
512,4096,64,256,157.75
512,4096,64,512,177.493
512,4096,64,1024,219.093
512,4096,64,2048,301.621
512,4096,64,4096,467.915
512,4096,64,8192,804.8
512,4096,64,16384,1478.77
512,4096,64,32768,2814.97
512,4096,128,16,159.766
512,4096,128,32,160.918
512,4096,128,64,161.664
512,4096,128,128,173.771
512,4096,128,256,190.379
512,4096,128,512,230.081
512,4096,128,1024,312.278
512,4096,128,2048,476.32
512,4096,128,4096,805.792
512,4096,128,8192,1475.86
512,4096,128,16384,2813.96
512,4096,128,32768,5483.05
512,8192,0,0,222.581
512,8192,1,16,222.88
512,8192,1,32,222.783
512,8192,1,64,223.082
512,8192,1,128,223.157
512,8192,1,256,222.133
512,8192,1,512,222.293
512,8192,1,1024,222.474
512,8192,1,2048,222.635
512,8192,1,4096,222.485
512,8192,1,8192,222.422
512,8192,1,16384,316.16
512,8192,1,32768,504.213
512,8192,2,16,222.752
512,8192,2,32,223.456
512,8192,2,64,222.847
512,8192,2,128,224.309
512,8192,2,256,222.154
512,8192,2,512,223.414
512,8192,2,1024,222.975
512,8192,2,2048,223.146
512,8192,2,4096,224.363
512,8192,2,8192,314.272
512,8192,2,16384,409.717
512,8192,2,32768,597.675
512,8192,4,16,223.572
512,8192,4,32,224.011
512,8192,4,64,221.973
512,8192,4,128,222.059
512,8192,4,256,223.392
512,8192,4,512,222.923
512,8192,4,1024,222.571
512,8192,4,2048,233.142
512,8192,4,4096,266.89
512,8192,4,8192,315.498
512,8192,4,16384,410.144
512,8192,4,32768,600.501
512,8192,8,16,222.763
512,8192,8,32,222.827
512,8192,8,64,221.749
512,8192,8,128,222.496
512,8192,8,256,222.475
512,8192,8,512,222.208
512,8192,8,1024,231.926
512,8192,8,2048,245.077
512,8192,8,4096,269.184
512,8192,8,8192,317.995
512,8192,8,16384,417.205
512,8192,8,32768,606.581
512,8192,16,16,222.752
512,8192,16,32,223.05
512,8192,16,64,222.751
512,8192,16,128,222.496
512,8192,16,256,224.203
512,8192,16,512,228.117
512,8192,16,1024,236.266
512,8192,16,2048,258.848
512,8192,16,4096,298.123
512,8192,16,8192,384.768
512,8192,16,16384,550.634
512,8192,16,32768,890.827
512,8192,32,16,224.746
512,8192,32,32,224.652
512,8192,32,64,225.045
512,8192,32,128,228.939
512,8192,32,256,232.586
512,8192,32,512,241.877
512,8192,32,1024,261.568
512,8192,32,2048,302.186
512,8192,32,4096,384.459
512,8192,32,8192,552.053
512,8192,32,16384,892.352
512,8192,32,32768,1562.58
512,8192,64,16,233.494
512,8192,64,32,233.931
512,8192,64,64,233.557
512,8192,64,128,240.48
512,8192,64,256,248.896
512,8192,64,512,267.839
512,8192,64,1024,308.64
512,8192,64,2048,391.061
512,8192,64,4096,555.733
512,8192,64,8192,888.928
512,8192,64,16384,1564.43
512,8192,64,32768,2904.63
512,8192,128,16,250.176
512,8192,128,32,250.784
512,8192,128,64,251.424
512,8192,128,128,263.776
512,8192,128,256,279.093
512,8192,128,512,321.194
512,8192,128,1024,404.426
512,8192,128,2048,565.077
512,8192,128,4096,892.522
512,8192,128,8192,1557.44
512,8192,128,16384,2901.23
512,8192,128,32768,5574.96
512,16384,0,0,407.743
512,16384,1,16,407.371
512,16384,1,32,407.904
512,16384,1,64,408.127
512,16384,1,128,408.267
512,16384,1,256,408.576
512,16384,1,512,407.851
512,16384,1,1024,407.904
512,16384,1,2048,408.373
512,16384,1,4096,408.288
512,16384,1,8192,408.204
512,16384,1,16384,408.981
512,16384,1,32768,598.315
512,16384,2,16,408.821
512,16384,2,32,407.925
512,16384,2,64,409.909
512,16384,2,128,408.181
512,16384,2,256,409.685
512,16384,2,512,409.056
512,16384,2,1024,407.05
512,16384,2,2048,407.456
512,16384,2,4096,408.949
512,16384,2,8192,413.866
512,16384,2,16384,594.027
512,16384,2,32768,782.293
512,16384,4,16,409.355
512,16384,4,32,410.623
512,16384,4,64,408.33
512,16384,4,128,408.619
512,16384,4,256,408.139
512,16384,4,512,407.786
512,16384,4,1024,410.815
512,16384,4,2048,407.701
512,16384,4,4096,421.536
512,16384,4,8192,500.565
512,16384,4,16384,595.146
512,16384,4,32768,784.81
512,16384,8,16,407.979
512,16384,8,32,408.639
512,16384,8,64,408.619
512,16384,8,128,407.381
512,16384,8,256,408.683
512,16384,8,512,407.499
512,16384,8,1024,407.381
512,16384,8,2048,428.085
512,16384,8,4096,453.216
512,16384,8,8192,502.326
512,16384,8,16384,599.765
512,16384,8,32768,793.162
512,16384,16,16,410.389
512,16384,16,32,408.384
512,16384,16,64,408.106
512,16384,16,128,408.395
512,16384,16,256,408.671
512,16384,16,512,408.406
512,16384,16,1024,418.357
512,16384,16,2048,434.133
512,16384,16,4096,475.552
512,16384,16,8192,558.219
512,16384,16,16384,726.294
512,16384,16,32768,1065.56
512,16384,32,16,409.653
512,16384,32,32,409.493
512,16384,32,64,408.789
512,16384,32,128,409.141
512,16384,32,256,411.852
512,16384,32,512,417.504
512,16384,32,1024,444.054
512,16384,32,2048,480.971
512,16384,32,4096,559.467
512,16384,32,8192,725.28
512,16384,32,16384,1064.51
512,16384,32,32768,1741.59
512,16384,64,16,413.482
512,16384,64,32,410.347
512,16384,64,64,411.7
512,16384,64,128,418.528
512,16384,64,256,426.709
512,16384,64,512,440.895
512,16384,64,1024,490.859
512,16384,64,2048,567.391
512,16384,64,4096,729.419
512,16384,64,8192,1062.77
512,16384,64,16384,1730.08
512,16384,64,32768,3078.96
512,16384,128,16,428.598
512,16384,128,32,429.322
512,16384,128,64,427.957
512,16384,128,128,442.634
512,16384,128,256,457.877
512,16384,128,512,492.661
512,16384,128,1024,584.48
512,16384,128,2048,746.432
512,16384,128,4096,1071.6
512,16384,128,8192,1738.6
512,16384,128,16384,3069.22
512,16384,128,32768,5752.11
512,32768,0,0,783.274
512,32768,1,16,783.136
512,32768,1,32,780.266
512,32768,1,64,780.821
512,32768,1,128,783.455
512,32768,1,256,784.042
512,32768,1,512,786.41
512,32768,1,1024,783.414
512,32768,1,2048,779.67
512,32768,1,4096,782.217
512,32768,1,8192,782.624
512,32768,1,16384,784.085
512,32768,1,32768,786.401
512,32768,2,16,780.948
512,32768,2,32,783.093
512,32768,2,64,783.37
512,32768,2,128,781.142
512,32768,2,256,782.795
512,32768,2,512,784.534
512,32768,2,1024,781.215
512,32768,2,2048,779.925
512,32768,2,4096,783.808
512,32768,2,8192,782.859
512,32768,2,16384,790.324
512,32768,2,32768,1150.61
512,32768,4,16,781.824
512,32768,4,32,784.384
512,32768,4,64,782.314
512,32768,4,128,783.148
512,32768,4,256,782.868
512,32768,4,512,782.24
512,32768,4,1024,786.9
512,32768,4,2048,783.466
512,32768,4,4096,780.49
512,32768,4,8192,798.112
512,32768,4,16384,967.317
512,32768,4,32768,1159.55
512,32768,8,16,780.575
512,32768,8,32,783.295
512,32768,8,64,782.581
512,32768,8,128,781.706
512,32768,8,256,782.379
512,32768,8,512,781.791
512,32768,8,1024,784.245
512,32768,8,2048,780.255
512,32768,8,4096,815.648
512,32768,8,8192,875.116
512,32768,8,16384,970.153
512,32768,8,32768,1163.91
512,32768,16,16,782.782
512,32768,16,32,784.106
512,32768,16,64,779.946
512,32768,16,128,783.7
512,32768,16,256,781.002
512,32768,16,512,780.447
512,32768,16,1024,781.613
512,32768,16,2048,800.641
512,32768,16,4096,835.434
512,32768,16,8192,911.456
512,32768,16,16384,1079.25
512,32768,16,32768,1418.6
512,32768,32,16,783.285
512,32768,32,32,786.592
512,32768,32,64,782.677
512,32768,32,128,778.432
512,32768,32,256,781.877
512,32768,32,512,778.571
512,32768,32,1024,790.998
512,32768,32,2048,845.397
512,32768,32,4096,919.701
512,32768,32,8192,1078.17
512,32768,32,16384,1420.63
512,32768,32,32768,2092.41
512,32768,64,16,786.454
512,32768,64,32,782.346
512,32768,64,64,780.468
512,32768,64,128,780.938
512,32768,64,256,785.226
512,32768,64,512,800.544
512,32768,64,1024,839.658
512,32768,64,2048,927.732
512,32768,64,4096,1092.42
512,32768,64,8192,1417.73
512,32768,64,16384,2094.56
512,32768,64,32768,3420.75
512,32768,128,16,792.17
512,32768,128,32,793.354
512,32768,128,64,791.882
512,32768,128,128,804.895
512,32768,128,256,819.946
512,32768,128,512,853.077
512,32768,128,1024,935.659
512,32768,128,2048,1093.05
512,32768,128,4096,1438.58
512,32768,128,8192,2099.91
512,32768,128,16384,3438.44
512,32768,128,32768,6094.12
1024,0,0,0,59.051
1024,0,1,16,58.5493
1024,0,1,32,58.3253
1024,0,1,64,58.304
1024,0,1,128,59.157
1024,0,1,256,60.7353
1024,0,1,512,63.2533
1024,0,1,1024,69.3013
1024,0,1,2048,81.1643
1024,0,1,4096,104.587
1024,0,1,8192,152.021
1024,0,1,16384,246.581
1024,0,1,32768,436.202
1024,0,2,16,58.4427
1024,0,2,32,58.2403
1024,0,2,64,58.6447
1024,0,2,128,59.1577
1024,0,2,256,60.7033
1024,0,2,512,63.5203
1024,0,2,1024,69.4507
1024,0,2,2048,81.1947
1024,0,2,4096,104.875
1024,0,2,8192,152.597
1024,0,2,16384,246.868
1024,0,2,32768,435.36
1024,0,4,16,61.6537
1024,0,4,32,62.081
1024,0,4,64,61.92
1024,0,4,128,63.1787
1024,0,4,256,65.034
1024,0,4,512,67.072
1024,0,4,1024,73.2587
1024,0,4,2048,85.2383
1024,0,4,4096,109.269
1024,0,4,8192,156.683
1024,0,4,16384,251.424
1024,0,4,32768,440.042
1024,0,8,16,62.485
1024,0,8,32,62.4747
1024,0,8,64,62.848
1024,0,8,128,64.01
1024,0,8,256,64.9067
1024,0,8,512,68.5547
1024,0,8,1024,76.865
1024,0,8,2048,91.5727
1024,0,8,4096,116.427
1024,0,8,8192,163.274
1024,0,8,16384,260.458
1024,0,8,32768,453.557
1024,0,16,16,63.1253
1024,0,16,32,63.136
1024,0,16,64,63.6373
1024,0,16,128,64.6077
1024,0,16,256,68.0853
1024,0,16,512,75.6057
1024,0,16,1024,89.824
1024,0,16,2048,112.256
1024,0,16,4096,155.296
1024,0,16,8192,239.242
1024,0,16,16384,408.395
1024,0,16,32768,749.482
1024,0,32,16,67.456
1024,0,32,32,68.3413
1024,0,32,64,69.056
1024,0,32,128,72.4587
1024,0,32,256,77.4507
1024,0,32,512,91.616
1024,0,32,1024,114.091
1024,0,32,2048,156.203
1024,0,32,4096,240.661
1024,0,32,8192,409.376
1024,0,32,16384,746.484
1024,0,32,32768,1417.84
1024,0,64,16,78.208
1024,0,64,32,78.5493
1024,0,64,64,79.8933
1024,0,64,128,87.435
1024,0,64,256,99.0187
1024,0,64,512,119.732
1024,0,64,1024,162.88
1024,0,64,2048,246.688
1024,0,64,4096,412.256
1024,0,64,8192,745.92
1024,0,64,16384,1418.68
1024,0,64,32768,2760.17
1024,0,128,16,95.7223
1024,0,128,32,97.3017
1024,0,128,64,99.9147
1024,0,128,128,113.472
1024,0,128,256,131.616
1024,0,128,512,171.808
1024,0,128,1024,256.384
1024,0,128,2048,421.098
1024,0,128,4096,749.684
1024,0,128,8192,1415
1024,0,128,16384,2751
1024,0,128,32768,5425.75
1024,16,0,0,58.763
1024,16,1,16,58.912
1024,16,1,32,58.6877
1024,16,1,64,58.7093
1024,16,1,128,59.232
1024,16,1,256,60.416
1024,16,1,512,63.84
1024,16,1,1024,69.4617
1024,16,1,2048,81.4087
1024,16,1,4096,105.398
1024,16,1,8192,152.8
1024,16,1,16384,247.232
1024,16,1,32768,435.98
1024,16,2,16,61.8657
1024,16,2,32,61.8773
1024,16,2,64,62.1977
1024,16,2,128,63.0183
1024,16,2,256,65.259
1024,16,2,512,67.7013
1024,16,2,1024,73.227
1024,16,2,2048,85.195
1024,16,2,4096,109.397
1024,16,2,8192,156.566
1024,16,2,16384,250.763
1024,16,2,32768,440.554
1024,16,4,16,62.2297
1024,16,4,32,62.208
1024,16,4,64,62.8583
1024,16,4,128,63.7553
1024,16,4,256,64.9817
1024,16,4,512,68.117
1024,16,4,1024,73.984
1024,16,4,2048,86.1653
1024,16,4,4096,110.4
1024,16,4,8192,157.504
1024,16,4,16384,252.768
1024,16,4,32768,442.901
1024,16,8,16,63.168
1024,16,8,32,63.285
1024,16,8,64,63.594
1024,16,8,128,64.3413
1024,16,8,256,65.643
1024,16,8,512,69.803
1024,16,8,1024,77.5253
1024,16,8,2048,92.64
1024,16,8,4096,117.13
1024,16,8,8192,164.694
1024,16,8,16384,261.461
1024,16,8,32768,454.613
1024,16,16,16,63.2747
1024,16,16,32,63.648
1024,16,16,64,64.608
1024,16,16,128,66.8587
1024,16,16,256,68.7787
1024,16,16,512,76.49
1024,16,16,1024,90.026
1024,16,16,2048,114.005
1024,16,16,4096,156.235
1024,16,16,8192,241.11
1024,16,16,16384,412.404
1024,16,16,32768,752.224
1024,16,32,16,68.0853
1024,16,32,32,68.5653
1024,16,32,64,69.483
1024,16,32,128,73.333
1024,16,32,256,78.3783
1024,16,32,512,91.8827
1024,16,32,1024,115.36
1024,16,32,2048,157.803
1024,16,32,4096,240.384
1024,16,32,8192,410.741
1024,16,32,16384,746.912
1024,16,32,32768,1426.05
1024,16,64,16,78.784
1024,16,64,32,79.8933
1024,16,64,64,80.6823
1024,16,64,128,88.4803
1024,16,64,256,99.1683
1024,16,64,512,121.248
1024,16,64,1024,163.893
1024,16,64,2048,246.944
1024,16,64,4096,413.258
1024,16,64,8192,749.888
1024,16,64,16384,1422.92
1024,16,64,32768,2752.71
1024,16,128,16,96.864
1024,16,128,32,98.5607
1024,16,128,64,100.801
1024,16,128,128,113.611
1024,16,128,256,132.672
1024,16,128,512,173.941
1024,16,128,1024,257.354
1024,16,128,2048,422.72
1024,16,128,4096,752.426
1024,16,128,8192,1417.96
1024,16,128,16384,2757.82
1024,16,128,32768,5422.86
1024,32,0,0,58.752
1024,32,1,16,59.0827
1024,32,1,32,59.1997
1024,32,1,64,58.8693
1024,32,1,128,59.1893
1024,32,1,256,60.49
1024,32,1,512,63.456
1024,32,1,1024,69.216
1024,32,1,2048,81.1307
1024,32,1,4096,104.779
1024,32,1,8192,152.693
1024,32,1,16384,245.984
1024,32,1,32768,435.584
1024,32,2,16,62.464
1024,32,2,32,62.5277
1024,32,2,64,63.0617
1024,32,2,128,63.914
1024,32,2,256,65.387
1024,32,2,512,68.2133
1024,32,2,1024,73.867
1024,32,2,2048,85.7173
1024,32,2,4096,109.834
1024,32,2,8192,157.024
1024,32,2,16384,251.403
1024,32,2,32768,440.821
1024,32,4,16,62.73
1024,32,4,32,62.5923
1024,32,4,64,63.382
1024,32,4,128,63.5733
1024,32,4,256,65.237
1024,32,4,512,68.0957
1024,32,4,1024,74.208
1024,32,4,2048,86.304
1024,32,4,4096,110.421
1024,32,4,8192,157.611
1024,32,4,16384,252.245
1024,32,4,32768,440.811
1024,32,8,16,62.8267
1024,32,8,32,63.1147
1024,32,8,64,63.5733
1024,32,8,128,64.4687
1024,32,8,256,66.0587
1024,32,8,512,69.5253
1024,32,8,1024,77.7607
1024,32,8,2048,92.672
1024,32,8,4096,116.843
1024,32,8,8192,165.13
1024,32,8,16384,261.632
1024,32,8,32768,453.099
1024,32,16,16,63.573
1024,32,16,32,64
1024,32,16,64,64.2347
1024,32,16,128,66.8587
1024,32,16,256,70.1873
1024,32,16,512,76.3627
1024,32,16,1024,90.5813
1024,32,16,2048,113.601
1024,32,16,4096,156.576
1024,32,16,8192,243.2
1024,32,16,16384,411.552
1024,32,16,32768,747.54
1024,32,32,16,68.4047
1024,32,32,32,69.2917
1024,32,32,64,70.1973
1024,32,32,128,74.154
1024,32,32,256,79.872
1024,32,32,512,93.759
1024,32,32,1024,116.245
1024,32,32,2048,158.719
1024,32,32,4096,241.76
1024,32,32,8192,408.362
1024,32,32,16384,749.888
1024,32,32,32768,1423.78
1024,32,64,16,79.2427
1024,32,64,32,79.584
1024,32,64,64,80.9817
1024,32,64,128,88.2983
1024,32,64,256,100.448
1024,32,64,512,121.813
1024,32,64,1024,163.467
1024,32,64,2048,248.044
1024,32,64,4096,413.866
1024,32,64,8192,749.739
1024,32,64,16384,1420.98
1024,32,64,32768,2761.88
1024,32,128,16,97.28
1024,32,128,32,98.7307
1024,32,128,64,100.992
1024,32,128,128,114.559
1024,32,128,256,132.885
1024,32,128,512,172.565
1024,32,128,1024,257.269
1024,32,128,2048,422.859
1024,32,128,4096,752.256
1024,32,128,8192,1420.19
1024,32,128,16384,2753.23
1024,32,128,32768,5422.01
1024,64,0,0,60.4373
1024,64,1,16,60.79
1024,64,1,32,60.5653
1024,64,1,64,60.854
1024,64,1,128,60.7567
1024,64,1,256,61.6427
1024,64,1,512,64.4697
1024,64,1,1024,70.6883
1024,64,1,2048,82.528
1024,64,1,4096,106.624
1024,64,1,8192,153.653
1024,64,1,16384,248.672
1024,64,1,32768,438.484
1024,64,2,16,63.9787
1024,64,2,32,63.8933
1024,64,2,64,64.3513
1024,64,2,128,65.023
1024,64,2,256,66.5923
1024,64,2,512,69.3657
1024,64,2,1024,75.5527
1024,64,2,2048,87.3177
1024,64,2,4096,110.859
1024,64,2,8192,159.2
1024,64,2,16384,253.802
1024,64,2,32768,441.365
1024,64,4,16,64.0317
1024,64,4,32,64.224
1024,64,4,64,64.608
1024,64,4,128,65.557
1024,64,4,256,66.9333
1024,64,4,512,69.589
1024,64,4,1024,75.7447
1024,64,4,2048,87.648
1024,64,4,4096,112.363
1024,64,4,8192,159.531
1024,64,4,16384,254.132
1024,64,4,32768,443.85
1024,64,8,16,64.9173
1024,64,8,32,64.5863
1024,64,8,64,65.0773
1024,64,8,128,66.8373
1024,64,8,256,67.5307
1024,64,8,512,71.2963
1024,64,8,1024,79.392
1024,64,8,2048,93.7167
1024,64,8,4096,118.571
1024,64,8,8192,166.155
1024,64,8,16384,262.752
1024,64,8,32768,455.563
1024,64,16,16,65.291
1024,64,16,32,65.536
1024,64,16,64,65.7597
1024,64,16,128,69.2163
1024,64,16,256,72.6187
1024,64,16,512,77.9627
1024,64,16,1024,92.2237
1024,64,16,2048,115.776
1024,64,16,4096,158.57
1024,64,16,8192,243.285
1024,64,16,16384,413.056
1024,64,16,32768,753.301
1024,64,32,16,70.3147
1024,64,32,32,70.976
1024,64,32,64,71.264
1024,64,32,128,75.594
1024,64,32,256,80.7253
1024,64,32,512,93.792
1024,64,32,1024,117.323
1024,64,32,2048,159.36
1024,64,32,4096,242.325
1024,64,32,8192,411.317
1024,64,32,16384,749.963
1024,64,32,32768,1422.55
1024,64,64,16,80.6293
1024,64,64,32,81.003
1024,64,64,64,82.859
1024,64,64,128,89.728
1024,64,64,256,101.77
1024,64,64,512,122.24
1024,64,64,1024,165.248
1024,64,64,2048,249.536
1024,64,64,4096,415.52
1024,64,64,8192,749.504
1024,64,64,16384,1422.64
1024,64,64,32768,2761.01
1024,64,128,16,98.6133
1024,64,128,32,99.5107
1024,64,128,64,102.912
1024,64,128,128,116.235
1024,64,128,256,134.677
1024,64,128,512,174.123
1024,64,128,1024,259.435
1024,64,128,2048,425.344
1024,64,128,4096,754.261
1024,64,128,8192,1419.45
1024,64,128,16384,2760.66
1024,64,128,32768,5422.81
1024,128,0,0,63.583
1024,128,1,16,63.2643
1024,128,1,32,63.403
1024,128,1,64,63.4133
1024,128,1,128,63.5633
1024,128,1,256,64.49
1024,128,1,512,67.2427
1024,128,1,1024,73.2373
1024,128,1,2048,85.1523
1024,128,1,4096,109.12
1024,128,1,8192,155.989
1024,128,1,16384,250.486
1024,128,1,32768,439.989
1024,128,2,16,66.4433
1024,128,2,32,66.6663
1024,128,2,64,67.0933
1024,128,2,128,68.15
1024,128,2,256,70.048
1024,128,2,512,72.0423
1024,128,2,1024,78.3893
1024,128,2,2048,90.1653
1024,128,2,4096,114.336
1024,128,2,8192,160.971
1024,128,2,16384,255.531
1024,128,2,32768,444
1024,128,4,16,67.0293
1024,128,4,32,66.9977
1024,128,4,64,67.1363
1024,128,4,128,68.544
1024,128,4,256,69.5467
1024,128,4,512,72.192
1024,128,4,1024,78.656
1024,128,4,2048,90.3363
1024,128,4,4096,114.603
1024,128,4,8192,162.058
1024,128,4,16384,256.372
1024,128,4,32768,446.389
1024,128,8,16,67.4563
1024,128,8,32,67.755
1024,128,8,64,67.8187
1024,128,8,128,69.035
1024,128,8,256,70.517
1024,128,8,512,74.4427
1024,128,8,1024,81.9733
1024,128,8,2048,96.1927
1024,128,8,4096,121.792
1024,128,8,8192,168.725
1024,128,8,16384,264.843
1024,128,8,32768,457.301
1024,128,16,16,67.7867
1024,128,16,32,68.256
1024,128,16,64,68.6933
1024,128,16,128,71.9147
1024,128,16,256,74.5067
1024,128,16,512,80.9073
1024,128,16,1024,95.4353
1024,128,16,2048,118.027
1024,128,16,4096,160.992
1024,128,16,8192,245.055
1024,128,16,16384,415.648
1024,128,16,32768,751.414
1024,128,32,16,73.1207
1024,128,32,32,73.0347
1024,128,32,64,73.9947
1024,128,32,128,78.0487
1024,128,32,256,83.391
1024,128,32,512,97.6
1024,128,32,1024,119.979
1024,128,32,2048,162.474
1024,128,32,4096,246.838
1024,128,32,8192,415.359
1024,128,32,16384,755.039
1024,128,32,32768,1426.55
1024,128,64,16,83.275
1024,128,64,32,84.2557
1024,128,64,64,85.8667
1024,128,64,128,93.5687
1024,128,64,256,105.632
1024,128,64,512,125.183
1024,128,64,1024,168.437
1024,128,64,2048,252.683
1024,128,64,4096,418.272
1024,128,64,8192,753.291
1024,128,64,16384,1424.66
1024,128,64,32768,2766.14
1024,128,128,16,101.493
1024,128,128,32,102.699
1024,128,128,64,104.971
1024,128,128,128,118.933
1024,128,128,256,137.759
1024,128,128,512,177.782
1024,128,128,1024,262.144
1024,128,128,2048,427.487
1024,128,128,4096,757.365
1024,128,128,8192,1424.67
1024,128,128,16384,2763.61
1024,128,128,32768,5423.03
1024,256,0,0,69.3973
1024,256,1,16,69.1627
1024,256,1,32,69.0557
1024,256,1,64,69.2817
1024,256,1,128,69.494
1024,256,1,256,69.2587
1024,256,1,512,72.0747
1024,256,1,1024,77.8557
1024,256,1,2048,89.6107
1024,256,1,4096,114.059
1024,256,1,8192,160.822
1024,256,1,16384,255.468
1024,256,1,32768,443.829
1024,256,2,16,71.3707
1024,256,2,32,71.648
1024,256,2,64,72.0103
1024,256,2,128,73.568
1024,256,2,256,74.7843
1024,256,2,512,77.4397
1024,256,2,1024,83.4667
1024,256,2,2048,95.4983
1024,256,2,4096,119.329
1024,256,2,8192,166.688
1024,256,2,16384,261.205
1024,256,2,32768,450.004
1024,256,4,16,72.266
1024,256,4,32,72.277
1024,256,4,64,72.619
1024,256,4,128,73.6223
1024,256,4,256,75.7763
1024,256,4,512,78.3463
1024,256,4,1024,83.9783
1024,256,4,2048,96.6407
1024,256,4,4096,120.598
1024,256,4,8192,168.064
1024,256,4,16384,262.56
1024,256,4,32768,454.72
1024,256,8,16,74.1547
1024,256,8,32,73.8453
1024,256,8,64,73.9837
1024,256,8,128,75.4453
1024,256,8,256,77.248
1024,256,8,512,80.1707
1024,256,8,1024,88.0853
1024,256,8,2048,102.869
1024,256,8,4096,127.371
1024,256,8,8192,175.765
1024,256,8,16384,271.221
1024,256,8,32768,463.979
1024,256,16,16,73.866
1024,256,16,32,74.4107
1024,256,16,64,75.0823
1024,256,16,128,77.152
1024,256,16,256,79.478
1024,256,16,512,87.0607
1024,256,16,1024,100.458
1024,256,16,2048,123.488
1024,256,16,4096,166.379
1024,256,16,8192,250.827
1024,256,16,16384,421.077
1024,256,16,32768,756.096
1024,256,32,16,79.0393
1024,256,32,32,78.7307
1024,256,32,64,79.9573
1024,256,32,128,84.5127
1024,256,32,256,89.1843
1024,256,32,512,102.049
1024,256,32,1024,124.981
1024,256,32,2048,167.799
1024,256,32,4096,251.178
1024,256,32,8192,419.498
1024,256,32,16384,756.362
1024,256,32,32768,1432.67
1024,256,64,16,89.601
1024,256,64,32,90.0907
1024,256,64,64,91.5203
1024,256,64,128,99.776
1024,256,64,256,110.091
1024,256,64,512,131.125
1024,256,64,1024,172.683
1024,256,64,2048,257.163
1024,256,64,4096,423.509
1024,256,64,8192,759.647
1024,256,64,16384,1430.79
1024,256,64,32768,2761.12
1024,256,128,16,107.829
1024,256,128,32,109.366
1024,256,128,64,111.776
1024,256,128,128,124.523
1024,256,128,256,142.773
1024,256,128,512,182.25
1024,256,128,1024,265.792
1024,256,128,2048,431.668
1024,256,128,4096,761.674
1024,256,128,8192,1428.7
1024,256,128,16384,2763.98
1024,256,128,32768,5425.75
1024,512,0,0,81.6323
1024,512,1,16,81.654
1024,512,1,32,81.5893
1024,512,1,64,81.6637
1024,512,1,128,81.355
1024,512,1,256,81.269
1024,512,1,512,81.6423
1024,512,1,1024,85.9093
1024,512,1,2048,97.696
1024,512,1,4096,121.824
1024,512,1,8192,169.579
1024,512,1,16384,264.234
1024,512,1,32768,454.89
1024,512,2,16,81.3867
1024,512,2,32,81.5577
1024,512,2,64,81.152
1024,512,2,128,81.6753
1024,512,2,256,82.975
1024,512,2,512,85.5357
1024,512,2,1024,91.5843
1024,512,2,2048,103.456
1024,512,2,4096,127.787
1024,512,2,8192,174.805
1024,512,2,16384,270.08
1024,512,2,32768,458.475
1024,512,4,16,83.4667
1024,512,4,32,83.4023
1024,512,4,64,83.0293
1024,512,4,128,85.856
1024,512,4,256,87.083
1024,512,4,512,90.1013
1024,512,4,1024,95.776
1024,512,4,2048,109.152
1024,512,4,4096,133.033
1024,512,4,8192,179.862
1024,512,4,16384,274.379
1024,512,4,32768,463.904
1024,512,8,16,84.907
1024,512,8,32,84.981
1024,512,8,64,85.2053
1024,512,8,128,86.987
1024,512,8,256,88.2777
1024,512,8,512,91.616
1024,512,8,1024,99.424
1024,512,8,2048,114.059
1024,512,8,4096,139.019
1024,512,8,8192,186.529
1024,512,8,16384,283.125
1024,512,8,32768,476.234
1024,512,16,16,85.7603
1024,512,16,32,85.931
1024,512,16,64,86.432
1024,512,16,128,88.8437
1024,512,16,256,90.7197
1024,512,16,512,97.8023
1024,512,16,1024,111.915
1024,512,16,2048,134.538
1024,512,16,4096,177.046
1024,512,16,8192,261.611
1024,512,16,16384,431.925
1024,512,16,32768,769.685
1024,512,32,16,91.1143
1024,512,32,32,91.328
1024,512,32,64,91.5523
1024,512,32,128,95.7443
1024,512,32,256,100.576
1024,512,32,512,113.621
1024,512,32,1024,136.021
1024,512,32,2048,178.442
1024,512,32,4096,262.357
1024,512,32,8192,431.019
1024,512,32,16384,772.223
1024,512,32,32768,1443.47
1024,512,64,16,102.058
1024,512,64,32,102.709
1024,512,64,64,103.649
1024,512,64,128,110.507
1024,512,64,256,122.827
1024,512,64,512,142.549
1024,512,64,1024,184.81
1024,512,64,2048,268.235
1024,512,64,4096,433.739
1024,512,64,8192,770.72
1024,512,64,16384,1441.58
1024,512,64,32768,2777.72
1024,512,128,16,120.79
1024,512,128,32,121.419
1024,512,128,64,123.392
1024,512,128,128,136.928
1024,512,128,256,155.403
1024,512,128,512,193.931
1024,512,128,1024,276.853
1024,512,128,2048,444.128
1024,512,128,4096,773.91
1024,512,128,8192,1440.43
1024,512,128,16384,2777.56
1024,512,128,32768,5441.42
1024,1024,0,0,106.485
1024,1024,1,16,105.653
1024,1024,1,32,105.749
1024,1024,1,64,106.048
1024,1024,1,128,105.568
1024,1024,1,256,105.504
1024,1024,1,512,105.845
1024,1024,1,1024,105.569
1024,1024,1,2048,115.722
1024,1024,1,4096,140.139
1024,1024,1,8192,187.424
1024,1024,1,16384,282.998
1024,1024,1,32768,471.167
1024,1024,2,16,105.312
1024,1024,2,32,105.408
1024,1024,2,64,105.365
1024,1024,2,128,105.258
1024,1024,2,256,105.451
1024,1024,2,512,105.28
1024,1024,2,1024,109.814
1024,1024,2,2048,121.546
1024,1024,2,4096,145.824
1024,1024,2,8192,192.747
1024,1024,2,16384,288.725
1024,1024,2,32768,476.544
1024,1024,4,16,105.482
1024,1024,4,32,105.472
1024,1024,4,64,105.579
1024,1024,4,128,105.621
1024,1024,4,256,108.042
1024,1024,4,512,113.29
1024,1024,4,1024,120.523
1024,1024,4,2048,132.459
1024,1024,4,4096,156.064
1024,1024,4,8192,203.744
1024,1024,4,16384,297.921
1024,1024,4,32768,487.776
1024,1024,8,16,107.712
1024,1024,8,32,108.171
1024,1024,8,64,108.309
1024,1024,8,128,110.144
1024,1024,8,256,111.392
1024,1024,8,512,114.827
1024,1024,8,1024,122.592
1024,1024,8,2048,137.236
1024,1024,8,4096,161.74
1024,1024,8,8192,210.08
1024,1024,8,16384,304.928
1024,1024,8,32768,496.416
1024,1024,16,16,109.643
1024,1024,16,32,109.322
1024,1024,16,64,109.77
1024,1024,16,128,111.082
1024,1024,16,256,114.144
1024,1024,16,512,120.853
1024,1024,16,1024,134.603
1024,1024,16,2048,156.192
1024,1024,16,4096,200.182
1024,1024,16,8192,282.592
1024,1024,16,16384,455.254
1024,1024,16,32768,786.442
1024,1024,32,16,115.029
1024,1024,32,32,115.274
1024,1024,32,64,116.565
1024,1024,32,128,119.914
1024,1024,32,256,125.397
1024,1024,32,512,137.482
1024,1024,32,1024,159.242
1024,1024,32,2048,201.035
1024,1024,32,4096,284.843
1024,1024,32,8192,453.739
1024,1024,32,16384,794.506
1024,1024,32,32768,1468.05
1024,1024,64,16,126.443
1024,1024,64,32,126.592
1024,1024,64,64,128.151
1024,1024,64,128,136.362
1024,1024,64,256,145.056
1024,1024,64,512,166.121
1024,1024,64,1024,207.541
1024,1024,64,2048,290.965
1024,1024,64,4096,459.018
1024,1024,64,8192,797.247
1024,1024,64,16384,1467.04
1024,1024,64,32768,2798.92
1024,1024,128,16,144.374
1024,1024,128,32,145.845
1024,1024,128,64,147.658
1024,1024,128,128,160.811
1024,1024,128,256,178.4
1024,1024,128,512,219.317
1024,1024,128,1024,301.727
1024,1024,128,2048,464.277
1024,1024,128,4096,797.28
1024,1024,128,8192,1461.95
1024,1024,128,16384,2799.36
1024,1024,128,32768,5465.57
1024,2048,0,0,156.245
1024,2048,1,16,152.897
1024,2048,1,32,153.77
1024,2048,1,64,153.493
1024,2048,1,128,153.846
1024,2048,1,256,153.451
1024,2048,1,512,154.08
1024,2048,1,1024,154.421
1024,2048,1,2048,153.92
1024,2048,1,4096,177.227
1024,2048,1,8192,225.002
1024,2048,1,16384,320
1024,2048,1,32768,508.608
1024,2048,2,16,153.387
1024,2048,2,32,153.664
1024,2048,2,64,153.343
1024,2048,2,128,153.77
1024,2048,2,256,153.675
1024,2048,2,512,153.419
1024,2048,2,1024,153.323
1024,2048,2,2048,164.555
1024,2048,2,4096,187.787
1024,2048,2,8192,235.392
1024,2048,2,16384,329.739
1024,2048,2,32768,518.998
1024,2048,4,16,153.237
1024,2048,4,32,153.514
1024,2048,4,64,153.952
1024,2048,4,128,153.046
1024,2048,4,256,153.397
1024,2048,4,512,156.438
1024,2048,4,1024,166.656
1024,2048,4,2048,179.199
1024,2048,4,4096,202.794
1024,2048,4,8192,249.888
1024,2048,4,16384,345.056
1024,2048,4,32768,535.339
1024,2048,8,16,152.949
1024,2048,8,32,153.173
1024,2048,8,64,153.493
1024,2048,8,128,156.394
1024,2048,8,256,157.472
1024,2048,8,512,162.301
1024,2048,8,1024,169.259
1024,2048,8,2048,182.528
1024,2048,8,4096,207.691
1024,2048,8,8192,257.184
1024,2048,8,16384,352.074
1024,2048,8,32768,546.346
1024,2048,16,16,156.139
1024,2048,16,32,156.48
1024,2048,16,64,156.32
1024,2048,16,128,159.061
1024,2048,16,256,160.96
1024,2048,16,512,166.038
1024,2048,16,1024,178.923
1024,2048,16,2048,202.112
1024,2048,16,4096,241.781
1024,2048,16,8192,328.704
1024,2048,16,16384,495.669
1024,2048,16,32768,834.794
1024,2048,32,16,163.189
1024,2048,32,32,164.16
1024,2048,32,64,163.488
1024,2048,32,128,167.243
1024,2048,32,256,173.13
1024,2048,32,512,183.84
1024,2048,32,1024,205.078
1024,2048,32,2048,246.922
1024,2048,32,4096,331.083
1024,2048,32,8192,500.789
1024,2048,32,16384,844.246
1024,2048,32,32768,1511.69
1024,2048,64,16,173.483
1024,2048,64,32,173.28
1024,2048,64,64,174.794
1024,2048,64,128,181.985
1024,2048,64,256,192.608
1024,2048,64,512,213.429
1024,2048,64,1024,253.663
1024,2048,64,2048,336.448
1024,2048,64,4096,502.303
1024,2048,64,8192,839.285
1024,2048,64,16384,1511.54
1024,2048,64,32768,2859.04
1024,2048,128,16,190.848
1024,2048,128,32,193.12
1024,2048,128,64,195.658
1024,2048,128,128,207.851
1024,2048,128,256,224.884
1024,2048,128,512,265.472
1024,2048,128,1024,349.397
1024,2048,128,2048,513.152
1024,2048,128,4096,841.973
1024,2048,128,8192,1512.78
1024,2048,128,16384,2851.44
1024,2048,128,32768,5510.44
1024,4096,0,0,254.741
1024,4096,1,16,250.559
1024,4096,1,32,250.89
1024,4096,1,64,250.218
1024,4096,1,128,250.773
1024,4096,1,256,250.88
1024,4096,1,512,250.016
1024,4096,1,1024,250.282
1024,4096,1,2048,250.4
1024,4096,1,4096,252.171
1024,4096,1,8192,300.192
1024,4096,1,16384,394.378
1024,4096,1,32768,583.21
1024,4096,2,16,250.005
1024,4096,2,32,251.146
1024,4096,2,64,250.773
1024,4096,2,128,250.837
1024,4096,2,256,250.262
1024,4096,2,512,250.251
1024,4096,2,1024,251.392
1024,4096,2,2048,250.421
1024,4096,2,4096,258.165
1024,4096,2,8192,304.715
1024,4096,2,16384,399.093
1024,4096,2,32768,589.152
1024,4096,4,16,251.029
1024,4096,4,32,250.88
1024,4096,4,64,250.176
1024,4096,4,128,250.55
1024,4096,4,256,250.485
1024,4096,4,512,250.72
1024,4096,4,1024,250.432
1024,4096,4,2048,261.964
1024,4096,4,4096,290.293
1024,4096,4,8192,338.507
1024,4096,4,16384,432.363
1024,4096,4,32768,622.922
1024,4096,8,16,250.858
1024,4096,8,32,250.89
1024,4096,8,64,251.382
1024,4096,8,128,251.296
1024,4096,8,256,250.602
1024,4096,8,512,251.115
1024,4096,8,1024,256.117
1024,4096,8,2048,268.81
1024,4096,8,4096,296.491
1024,4096,8,8192,343.008
1024,4096,8,16384,439.029
1024,4096,8,32768,630.154
1024,4096,16,16,251.445
1024,4096,16,32,251.125
1024,4096,16,64,250.325
1024,4096,16,128,251.018
1024,4096,16,256,250.261
1024,4096,16,512,256.725
1024,4096,16,1024,265.472
1024,4096,16,2048,285.557
1024,4096,16,4096,328.993
1024,4096,16,8192,411.701
1024,4096,16,16384,582.347
1024,4096,16,32768,915.498
1024,4096,32,16,254.485
1024,4096,32,32,253.866
1024,4096,32,64,254.421
1024,4096,32,128,256.897
1024,4096,32,256,261.546
1024,4096,32,512,271.615
1024,4096,32,1024,292.021
1024,4096,32,2048,332.309
1024,4096,32,4096,414.101
1024,4096,32,8192,582.178
1024,4096,32,16384,922.347
1024,4096,32,32768,1590.92
1024,4096,64,16,263.968
1024,4096,64,32,264.886
1024,4096,64,64,266.603
1024,4096,64,128,271.659
1024,4096,64,256,281.056
1024,4096,64,512,300.918
1024,4096,64,1024,337.676
1024,4096,64,2048,422.964
1024,4096,64,4096,587.499
1024,4096,64,8192,921.269
1024,4096,64,16384,1606.12
1024,4096,64,32768,2931.83
1024,4096,128,16,283.179
1024,4096,128,32,283.339
1024,4096,128,64,284.768
1024,4096,128,128,295.936
1024,4096,128,256,313.845
1024,4096,128,512,345.322
1024,4096,128,1024,429.269
1024,4096,128,2048,593.963
1024,4096,128,4096,924.704
1024,4096,128,8192,1599.7
1024,4096,128,16384,2935.88
1024,4096,128,32768,5599.87
1024,8192,0,0,437.045
1024,8192,1,16,434.666
1024,8192,1,32,435.455
1024,8192,1,64,435.851
1024,8192,1,128,435.008
1024,8192,1,256,435.328
1024,8192,1,512,435.978
1024,8192,1,1024,435.691
1024,8192,1,2048,435.083
1024,8192,1,4096,434.997
1024,8192,1,8192,437.877
1024,8192,1,16384,532.278
1024,8192,1,32768,721.493
1024,8192,2,16,435.659
1024,8192,2,32,435.734
1024,8192,2,64,435.606
1024,8192,2,128,436.82
1024,8192,2,256,436.438
1024,8192,2,512,435.882
1024,8192,2,1024,435.188
1024,8192,2,2048,435.924
1024,8192,2,4096,434.859
1024,8192,2,8192,443.509
1024,8192,2,16384,538.901
1024,8192,2,32768,727.743
1024,8192,4,16,437.024
1024,8192,4,32,435.786
1024,8192,4,64,435.305
1024,8192,4,128,434.879
1024,8192,4,256,435.956
1024,8192,4,512,436.042
1024,8192,4,1024,434.357
1024,8192,4,2048,435.339
1024,8192,4,4096,447.114
1024,8192,4,8192,522.592
1024,8192,4,16384,618.549
1024,8192,4,32768,806.357
1024,8192,8,16,436.203
1024,8192,8,32,436.575
1024,8192,8,64,435.883
1024,8192,8,128,434.207
1024,8192,8,256,436.448
1024,8192,8,512,436.309
1024,8192,8,1024,437.055
1024,8192,8,2048,450.976
1024,8192,8,4096,476.832
1024,8192,8,8192,526.069
1024,8192,8,16384,623.776
1024,8192,8,32768,815.317
1024,8192,16,16,436.213
1024,8192,16,32,436.267
1024,8192,16,64,435.648
1024,8192,16,128,435.659
1024,8192,16,256,435.796
1024,8192,16,512,435.904
1024,8192,16,1024,441.717
1024,8192,16,2048,462.122
1024,8192,16,4096,501.813
1024,8192,16,8192,587.584
1024,8192,16,16384,758.837
1024,8192,16,32768,1087.88
1024,8192,32,16,438.219
1024,8192,32,32,438.464
1024,8192,32,64,438.604
1024,8192,32,128,439.637
1024,8192,32,256,439.563
1024,8192,32,512,449.898
1024,8192,32,1024,471.915
1024,8192,32,2048,511.285
1024,8192,32,4096,592.48
1024,8192,32,8192,758.133
1024,8192,32,16384,1099.32
1024,8192,32,32768,1773.99
1024,8192,64,16,442.325
1024,8192,64,32,447.733
1024,8192,64,64,445.227
1024,8192,64,128,453.428
1024,8192,64,256,461.504
1024,8192,64,512,479.84
1024,8192,64,1024,520.565
1024,8192,64,2048,599.2
1024,8192,64,4096,764.031
1024,8192,64,8192,1095
1024,8192,64,16384,1768.91
1024,8192,64,32768,3113.2
1024,8192,128,16,462.56
1024,8192,128,32,462.603
1024,8192,128,64,463.349
1024,8192,128,128,475.36
1024,8192,128,256,488.33
1024,8192,128,512,527.252
1024,8192,128,1024,609.066
1024,8192,128,2048,773.451
1024,8192,128,4096,1105.31
1024,8192,128,8192,1770.84
1024,8192,128,16384,3120.92
1024,8192,128,32768,5789.35
1024,16384,0,0,806.08
1024,16384,1,16,805.504
1024,16384,1,32,805.909
1024,16384,1,64,805.333
1024,16384,1,128,805.045
1024,16384,1,256,805.205
1024,16384,1,512,805.173
1024,16384,1,1024,805.802
1024,16384,1,2048,804.406
1024,16384,1,4096,805.278
1024,16384,1,8192,806.091
1024,16384,1,16384,811.807
1024,16384,1,32768,1000.64
1024,16384,2,16,806.25
1024,16384,2,32,805.087
1024,16384,2,64,805.312
1024,16384,2,128,805.323
1024,16384,2,256,805.655
1024,16384,2,512,805.611
1024,16384,2,1024,806.57
1024,16384,2,2048,805.428
1024,16384,2,4096,808.683
1024,16384,2,8192,804.938
1024,16384,2,16384,817.215
1024,16384,2,32768,1006.7
1024,16384,4,16,805.716
1024,16384,4,32,805.942
1024,16384,4,64,804.981
1024,16384,4,128,804.49
1024,16384,4,256,805.665
1024,16384,4,512,806.175
1024,16384,4,1024,805.451
1024,16384,4,2048,806.879
1024,16384,4,4096,805.12
1024,16384,4,8192,820.128
1024,16384,4,16384,987.477
1024,16384,4,32768,1175.27
1024,16384,8,16,804.917
1024,16384,8,32,806.058
1024,16384,8,64,805.322
1024,16384,8,128,805.686
1024,16384,8,256,806.624
1024,16384,8,512,805.227
1024,16384,8,1024,806.229
1024,16384,8,2048,804.832
1024,16384,8,4096,830.74
1024,16384,8,8192,895.601
1024,16384,8,16384,994.026
1024,16384,8,32768,1183.13
1024,16384,16,16,805.387
1024,16384,16,32,806.464
1024,16384,16,64,805.26
1024,16384,16,128,805.397
1024,16384,16,256,805.333
1024,16384,16,512,806.219
1024,16384,16,1024,805.002
1024,16384,16,2048,822.901
1024,16384,16,4096,857.877
1024,16384,16,8192,935.872
1024,16384,16,16384,1109.25
1024,16384,16,32768,1439.27
1024,16384,32,16,807.968
1024,16384,32,32,819.38
1024,16384,32,64,816.351
1024,16384,32,128,808.479
1024,16384,32,256,809.823
1024,16384,32,512,814.336
1024,16384,32,1024,823.828
1024,16384,32,2048,875.657
1024,16384,32,4096,949.472
1024,16384,32,8192,1113.09
1024,16384,32,16384,1445.58
1024,16384,32,32768,2116.59
1024,16384,64,16,813.599
1024,16384,64,32,813.749
1024,16384,64,64,811.435
1024,16384,64,128,813.568
1024,16384,64,256,818.805
1024,16384,64,512,832.64
1024,16384,64,1024,873.535
1024,16384,64,2048,964.064
1024,16384,64,4096,1124.33
1024,16384,64,8192,1446.44
1024,16384,64,16384,2113.43
1024,16384,64,32768,3461.04
1024,16384,128,16,818.698
1024,16384,128,32,829.963
1024,16384,128,64,827.53
1024,16384,128,128,834.931
1024,16384,128,256,849.695
1024,16384,128,512,882.773
1024,16384,128,1024,963.839
1024,16384,128,2048,1123.32
1024,16384,128,4096,1466.25
1024,16384,128,8192,2130.27
1024,16384,128,16384,3462.68
1024,16384,128,32768,6141.15
1024,32768,0,0,1547.65
1024,32768,1,16,1548.2
1024,32768,1,32,1550.1
1024,32768,1,64,1549.1
1024,32768,1,128,1546.55
1024,32768,1,256,1547.42
1024,32768,1,512,1559.03
1024,32768,1,1024,1559.66
1024,32768,1,2048,1559.26
1024,32768,1,4096,1551.17
1024,32768,1,8192,1550.14
1024,32768,1,16384,1550.08
1024,32768,1,32768,1566.93
1024,32768,2,16,1548.91
1024,32768,2,32,1548.52
1024,32768,2,64,1551.54
1024,32768,2,128,1551.01
1024,32768,2,256,1550.46
1024,32768,2,512,1547.3
1024,32768,2,1024,1549.03
1024,32768,2,2048,1550.59
1024,32768,2,4096,1560.98
1024,32768,2,8192,1559.76
1024,32768,2,16384,1559.08
1024,32768,2,32768,1567.25
1024,32768,4,16,1552.97
1024,32768,4,32,1551.5
1024,32768,4,64,1549.74
1024,32768,4,128,1554.86
1024,32768,4,256,1547.86
1024,32768,4,512,1547.51
1024,32768,4,1024,1550.84
1024,32768,4,2048,1559.65
1024,32768,4,4096,1558.18
1024,32768,4,8192,1554.99
1024,32768,4,16384,1570.11
1024,32768,4,32768,1920.12
1024,32768,8,16,1546.55
1024,32768,8,32,1548.99
1024,32768,8,64,1551.63
1024,32768,8,128,1562.64
1024,32768,8,256,1552.41
1024,32768,8,512,1548.59
1024,32768,8,1024,1547.32
1024,32768,8,2048,1560.39
1024,32768,8,4096,1550.36
1024,32768,8,8192,1583.5
1024,32768,8,16384,1732.85
1024,32768,8,32768,1924.45
1024,32768,16,16,1552.2
1024,32768,16,32,1552.55
1024,32768,16,64,1549.14
1024,32768,16,128,1553.59
1024,32768,16,256,1549.03
1024,32768,16,512,1549.47
1024,32768,16,1024,1549.63
1024,32768,16,2048,1550.29
1024,32768,16,4096,1585.81
1024,32768,16,8192,1650.33
1024,32768,16,16384,1810.2
1024,32768,16,32768,2146.22
1024,32768,32,16,1560.97
1024,32768,32,32,1570.13
1024,32768,32,64,1563.91
1024,32768,32,128,1553.97
1024,32768,32,256,1562.13
1024,32768,32,512,1553.45
1024,32768,32,1024,1567.53
1024,32768,32,2048,1579.13
1024,32768,32,4096,1685.59
1024,32768,32,8192,1836.68
1024,32768,32,16384,2153.96
1024,32768,32,32768,2823.95
1024,32768,64,16,1563.66
1024,32768,64,32,1564.79
1024,32768,64,64,1563.09
1024,32768,64,128,1562.39
1024,32768,64,256,1564.43
1024,32768,64,512,1563.85
1024,32768,64,1024,1587.37
1024,32768,64,2048,1669.19
1024,32768,64,4096,1853.16
1024,32768,64,8192,2171.38
1024,32768,64,16384,2820.26
1024,32768,64,32768,4153.25
1024,32768,128,16,1567.49
1024,32768,128,32,1555.77
1024,32768,128,64,1553.2
1024,32768,128,128,1564.94
1024,32768,128,256,1567.43
1024,32768,128,512,1603.32
1024,32768,128,1024,1680.53
1024,32768,128,2048,1841.85
1024,32768,128,4096,2157.74
1024,32768,128,8192,2857.46
1024,32768,128,16384,4187.91
1024,32768,128,32768,6858.52
2048,0,0,0,154.048
2048,0,1,16,153.387
2048,0,1,32,153.334
2048,0,1,64,153.183
2048,0,1,128,153.484
2048,0,1,256,154.837
2048,0,1,512,158.816
2048,0,1,1024,163.317
2048,0,1,2048,176.555
2048,0,1,4096,198.912
2048,0,1,8192,247.819
2048,0,1,16384,340.309
2048,0,1,32768,529.056
2048,0,2,16,153.173
2048,0,2,32,152.875
2048,0,2,64,153.109
2048,0,2,128,154.528
2048,0,2,256,155.499
2048,0,2,512,158.272
2048,0,2,1024,165.055
2048,0,2,2048,176.181
2048,0,2,4096,199.244
2048,0,2,8192,248.576
2048,0,2,16384,341.994
2048,0,2,32768,534.965
2048,0,4,16,157.696
2048,0,4,32,157.355
2048,0,4,64,157.472
2048,0,4,128,158.016
2048,0,4,256,160.703
2048,0,4,512,162.592
2048,0,4,1024,168.363
2048,0,4,2048,181.376
2048,0,4,4096,205.759
2048,0,4,8192,252.757
2048,0,4,16384,346.389
2048,0,4,32768,538.262
2048,0,8,16,157.046
2048,0,8,32,158.272
2048,0,8,64,157.355
2048,0,8,128,159.2
2048,0,8,256,161.184
2048,0,8,512,163.691
2048,0,8,1024,172.779
2048,0,8,2048,186.432
2048,0,8,4096,211.146
2048,0,8,8192,259.562
2048,0,8,16384,354.038
2048,0,8,32768,547.189
2048,0,16,16,157.824
2048,0,16,32,157.472
2048,0,16,64,158.496
2048,0,16,128,160.693
2048,0,16,256,163.679
2048,0,16,512,170.827
2048,0,16,1024,184.288
2048,0,16,2048,208.512
2048,0,16,4096,252.64
2048,0,16,8192,335.776
2048,0,16,16384,503.104
2048,0,16,32768,841.376
2048,0,32,16,162.283
2048,0,32,32,163.84
2048,0,32,64,165.163
2048,0,32,128,169.866
2048,0,32,256,174.986
2048,0,32,512,187.595
2048,0,32,1024,210.976
2048,0,32,2048,253.749
2048,0,32,4096,335.008
2048,0,32,8192,505.323
2048,0,32,16384,842.059
2048,0,32,32768,1518.75
2048,0,64,16,173.131
2048,0,64,32,172.672
2048,0,64,64,173.738
2048,0,64,128,180.918
2048,0,64,256,193.835
2048,0,64,512,214.613
2048,0,64,1024,256.779
2048,0,64,2048,339.947
2048,0,64,4096,505.579
2048,0,64,8192,841.354
2048,0,64,16384,1514.92
2048,0,64,32768,2847.37
2048,0,128,16,191.093
2048,0,128,32,191.243
2048,0,128,64,194.389
2048,0,128,128,207.808
2048,0,128,256,225.643
2048,0,128,512,266.122
2048,0,128,1024,350.143
2048,0,128,2048,516.469
2048,0,128,4096,844.928
2048,0,128,8192,1511.48
2048,0,128,16384,2852.4
2048,0,128,32768,5512.01
2048,16,0,0,154.283
2048,16,1,16,154.613
2048,16,1,32,154.816
2048,16,1,64,154.453
2048,16,1,128,155.434
2048,16,1,256,155.093
2048,16,1,512,157.6
2048,16,1,1024,164.043
2048,16,1,2048,175.317
2048,16,1,4096,199.498
2048,16,1,8192,247.104
2048,16,1,16384,342.187
2048,16,1,32768,533.387
2048,16,2,16,156.469
2048,16,2,32,156.544
2048,16,2,64,156.278
2048,16,2,128,157.781
2048,16,2,256,159.125
2048,16,2,512,160.779
2048,16,2,1024,166.805
2048,16,2,2048,179.829
2048,16,2,4096,203.264
2048,16,2,8192,251.849
2048,16,2,16384,344.704
2048,16,2,32768,533.44
2048,16,4,16,157.109
2048,16,4,32,157.259
2048,16,4,64,157.099
2048,16,4,128,157.781
2048,16,4,256,160.032
2048,16,4,512,162.56
2048,16,4,1024,168.523
2048,16,4,2048,180.565
2048,16,4,4096,203.851
2048,16,4,8192,251.595
2048,16,4,16384,348.299
2048,16,4,32768,536.363
2048,16,8,16,157.823
2048,16,8,32,157.205
2048,16,8,64,156.939
2048,16,8,128,159.883
2048,16,8,256,161.344
2048,16,8,512,164.203
2048,16,8,1024,173.014
2048,16,8,2048,187.349
2048,16,8,4096,211.148
2048,16,8,8192,260.192
2048,16,8,16384,356.149
2048,16,8,32768,549.109
2048,16,16,16,160.021
2048,16,16,32,159.392
2048,16,16,64,160.821
2048,16,16,128,162.25
2048,16,16,256,165.494
2048,16,16,512,171.968
2048,16,16,1024,184.587
2048,16,16,2048,209.493
2048,16,16,4096,251.605
2048,16,16,8192,334.773
2048,16,16,16384,504.107
2048,16,16,32768,841.835
2048,16,32,16,165.067
2048,16,32,32,166.742
2048,16,32,64,164.608
2048,16,32,128,170.869
2048,16,32,256,175.328
2048,16,32,512,187.062
2048,16,32,1024,211.424
2048,16,32,2048,252.801
2048,16,32,4096,337.76
2048,16,32,8192,508.395
2048,16,32,16384,845.216
2048,16,32,32768,1514.71
2048,16,64,16,174.784
2048,16,64,32,176.193
2048,16,64,64,174.379
2048,16,64,128,182.944
2048,16,64,256,194.005
2048,16,64,512,213.003
2048,16,64,1024,256.714
2048,16,64,2048,342.304
2048,16,64,4096,505.589
2048,16,64,8192,841.995
2048,16,64,16384,1512.66
2048,16,64,32768,2859.98
2048,16,128,16,193.269
2048,16,128,32,191.392
2048,16,128,64,195.893
2048,16,128,128,206.549
2048,16,128,256,225.855
2048,16,128,512,265.483
2048,16,128,1024,350.069
2048,16,128,2048,516.576
2048,16,128,4096,845.408
2048,16,128,8192,1513.66
2048,16,128,16384,2850.63
2048,16,128,32768,5510.52
2048,32,0,0,157.249
2048,32,1,16,157.707
2048,32,1,32,157.429
2048,32,1,64,157.194
2048,32,1,128,157.632
2048,32,1,256,157.706
2048,32,1,512,160.032
2048,32,1,1024,165.301
2048,32,1,2048,177.642
2048,32,1,4096,201.675
2048,32,1,8192,247.061
2048,32,1,16384,345.708
2048,32,1,32768,532.234
2048,32,2,16,158.763
2048,32,2,32,158.666
2048,32,2,64,158.677
2048,32,2,128,159.051
2048,32,2,256,160.479
2048,32,2,512,163.168
2048,32,2,1024,169.504
2048,32,2,2048,182.101
2048,32,2,4096,206.443
2048,32,2,8192,251.915
2048,32,2,16384,347.051
2048,32,2,32768,536.512
2048,32,4,16,158.849
2048,32,4,32,158.421
2048,32,4,64,158.614
2048,32,4,128,159.158
2048,32,4,256,160.512
2048,32,4,512,163.178
2048,32,4,1024,169.461
2048,32,4,2048,182.517
2048,32,4,4096,205.739
2048,32,4,8192,254.538
2048,32,4,16384,348.267
2048,32,4,32768,540.81
2048,32,8,16,159.583
2048,32,8,32,158.933
2048,32,8,64,159.306
2048,32,8,128,160.64
2048,32,8,256,163.477
2048,32,8,512,166.976
2048,32,8,1024,174.496
2048,32,8,2048,188.961
2048,32,8,4096,213.867
2048,32,8,8192,262.08
2048,32,8,16384,358.123
2048,32,8,32768,549.781
2048,32,16,16,162.421
2048,32,16,32,162.005
2048,32,16,64,161.888
2048,32,16,128,164.981
2048,32,16,256,167.115
2048,32,16,512,173.568
2048,32,16,1024,186.88
2048,32,16,2048,210.89
2048,32,16,4096,252.576
2048,32,16,8192,338.026
2048,32,16,16384,508.715
2048,32,16,32768,849.237
2048,32,32,16,166.539
2048,32,32,32,167.744
2048,32,32,64,169.376
2048,32,32,128,172.16
2048,32,32,256,179.36
2048,32,32,512,188.458
2048,32,32,1024,211.807
2048,32,32,2048,256.544
2048,32,32,4096,339.264
2048,32,32,8192,507.627
2048,32,32,16384,843.786
2048,32,32,32768,1518.82
2048,32,64,16,176.395
2048,32,64,32,177.845
2048,32,64,64,177.813
2048,32,64,128,185.259
2048,32,64,256,195.253
2048,32,64,512,213.931
2048,32,64,1024,257.44
2048,32,64,2048,343.211
2048,32,64,4096,509.525
2048,32,64,8192,843.829
2048,32,64,16384,1518.18
2048,32,64,32768,2858.26
2048,32,128,16,194.293
2048,32,128,32,195.776
2048,32,128,64,195.798
2048,32,128,128,209.515
2048,32,128,256,228.555
2048,32,128,512,266.059
2048,32,128,1024,351.093
2048,32,128,2048,519.275
2048,32,128,4096,847.21
2048,32,128,8192,1512.95
2048,32,128,16384,2848.77
2048,32,128,32768,5507.72
2048,64,0,0,159.563
2048,64,1,16,160.64
2048,64,1,32,159.574
2048,64,1,64,160.011
2048,64,1,128,160.117
2048,64,1,256,159.947
2048,64,1,512,160.587
2048,64,1,1024,167.2
2048,64,1,2048,180.277
2048,64,1,4096,201.952
2048,64,1,8192,250.507
2048,64,1,16384,346.08
2048,64,1,32768,534.869
2048,64,2,16,161.429
2048,64,2,32,160.288
2048,64,2,64,159.413
2048,64,2,128,161.248
2048,64,2,256,162.602
2048,64,2,512,166.143
2048,64,2,1024,171.958
2048,64,2,2048,183.935
2048,64,2,4096,207.478
2048,64,2,8192,254.816
2048,64,2,16384,351.179
2048,64,2,32768,541.034
2048,64,4,16,160.843
2048,64,4,32,160.703
2048,64,4,64,160.661
2048,64,4,128,163.061
2048,64,4,256,163.018
2048,64,4,512,166.09
2048,64,4,1024,172.693
2048,64,4,2048,184.619
2048,64,4,4096,207.754
2048,64,4,8192,255.862
2048,64,4,16384,352.074
2048,64,4,32768,539.563
2048,64,8,16,161.237
2048,64,8,32,161.611
2048,64,8,64,161.589
2048,64,8,128,163.403
2048,64,8,256,166.006
2048,64,8,512,167.968
2048,64,8,1024,176.373
2048,64,8,2048,190.656
2048,64,8,4096,216.971
2048,64,8,8192,263.755
2048,64,8,16384,359.659
2048,64,8,32768,555.478
2048,64,16,16,163.905
2048,64,16,32,163.989
2048,64,16,64,164.416
2048,64,16,128,166.975
2048,64,16,256,168.619
2048,64,16,512,175.98
2048,64,16,1024,190.016
2048,64,16,2048,212.917
2048,64,16,4096,255.318
2048,64,16,8192,341.472
2048,64,16,16384,508.896
2048,64,16,32768,843.829
2048,64,32,16,168.587
2048,64,32,32,170.987
2048,64,32,64,172.225
2048,64,32,128,176.801
2048,64,32,256,180.299
2048,64,32,512,192.981
2048,64,32,1024,214.187
2048,64,32,2048,258.475
2048,64,32,4096,341.952
2048,64,32,8192,513.216
2048,64,32,16384,847.712
2048,64,32,32768,1518.1
2048,64,64,16,179.925
2048,64,64,32,178.879
2048,64,64,64,179.136
2048,64,64,128,186.112
2048,64,64,256,197.866
2048,64,64,512,217.728
2048,64,64,1024,261.781
2048,64,64,2048,345.685
2048,64,64,4096,511.872
2048,64,64,8192,843.232
2048,64,64,16384,1513.37
2048,64,64,32768,2852.28
2048,64,128,16,195.616
2048,64,128,32,198.154
2048,64,128,64,198.912
2048,64,128,128,211.786
2048,64,128,256,229.696
2048,64,128,512,268.747
2048,64,128,1024,354.612
2048,64,128,2048,522.091
2048,64,128,4096,848.917
2048,64,128,8192,1517.17
2048,64,128,16384,2856.19
2048,64,128,32768,5522.38
2048,128,0,0,165.504
2048,128,1,16,165.483
2048,128,1,32,166.048
2048,128,1,64,166.101
2048,128,1,128,165.227
2048,128,1,256,166.176
2048,128,1,512,166.272
2048,128,1,1024,172.544
2048,128,1,2048,184.523
2048,128,1,4096,207.936
2048,128,1,8192,256.341
2048,128,1,16384,350.389
2048,128,1,32768,541.771
2048,128,2,16,165.781
2048,128,2,32,165.461
2048,128,2,64,166.016
2048,128,2,128,167.488
2048,128,2,256,169.546
2048,128,2,512,170.87
2048,128,2,1024,177.035
2048,128,2,2048,189.6
2048,128,2,4096,214.379
2048,128,2,8192,260.992
2048,128,2,16384,358.08
2048,128,2,32768,545.162
2048,128,4,16,167.2
2048,128,4,32,166.593
2048,128,4,64,166.507
2048,128,4,128,169.088
2048,128,4,256,170.167
2048,128,4,512,172.555
2048,128,4,1024,179.284
2048,128,4,2048,190.858
2048,128,4,4096,213.899
2048,128,4,8192,261.428
2048,128,4,16384,356.523
2048,128,4,32768,544.875
2048,128,8,16,167.413
2048,128,8,32,167.926
2048,128,8,64,167.915
2048,128,8,128,169.066
2048,128,8,256,171.872
2048,128,8,512,174.432
2048,128,8,1024,181.61
2048,128,8,2048,197.397
2048,128,8,4096,221.27
2048,128,8,8192,270.112
2048,128,8,16384,362.602
2048,128,8,32768,558.944
2048,128,16,16,169.93
2048,128,16,32,170.592
2048,128,16,64,170.667
2048,128,16,128,172.854
2048,128,16,256,175.243
2048,128,16,512,181.931
2048,128,16,1024,195.445
2048,128,16,2048,218.912
2048,128,16,4096,261.141
2048,128,16,8192,346.059
2048,128,16,16384,515.851
2048,128,16,32768,853.707
2048,128,32,16,174.987
2048,128,32,32,174.24
2048,128,32,64,177.408
2048,128,32,128,182.357
2048,128,32,256,186.816
2048,128,32,512,198.731
2048,128,32,1024,220.725
2048,128,32,2048,264.842
2048,128,32,4096,348.138
2048,128,32,8192,515.84
2048,128,32,16384,854.784
2048,128,32,32768,1522.86
2048,128,64,16,184.661
2048,128,64,32,186.08
2048,128,64,64,185.28
2048,128,64,128,192.747
2048,128,64,256,202.88
2048,128,64,512,223.232
2048,128,64,1024,266.219
2048,128,64,2048,351.893
2048,128,64,4096,517.003
2048,128,64,8192,852.17
2048,128,64,16384,1528.1
2048,128,64,32768,2871.43
2048,128,128,16,200.544
2048,128,128,32,204.245
2048,128,128,64,203.872
2048,128,128,128,217.707
2048,128,128,256,235.851
2048,128,128,512,275.36
2048,128,128,1024,361.067
2048,128,128,2048,526.464
2048,128,128,4096,855.424
2048,128,128,8192,1520.9
2048,128,128,16384,2859.05
2048,128,128,32768,5522.58
2048,256,0,0,176.789
2048,256,1,16,177.12
2048,256,1,32,177.622
2048,256,1,64,176.555
2048,256,1,128,177.013
2048,256,1,256,177.216
2048,256,1,512,177.472
2048,256,1,1024,182.528
2048,256,1,2048,194.805
2048,256,1,4096,218.998
2048,256,1,8192,265.802
2048,256,1,16384,361.077
2048,256,1,32768,549.131
2048,256,2,16,177.216
2048,256,2,32,177.44
2048,256,2,64,177.856
2048,256,2,128,178.475
2048,256,2,256,180.245
2048,256,2,512,183.573
2048,256,2,1024,189.302
2048,256,2,2048,201.419
2048,256,2,4096,224.512
2048,256,2,8192,272.864
2048,256,2,16384,368.213
2048,256,2,32768,558.08
2048,256,4,16,178.197
2048,256,4,32,178.592
2048,256,4,64,179.253
2048,256,4,128,180.215
2048,256,4,256,181.248
2048,256,4,512,183.563
2048,256,4,1024,189.643
2048,256,4,2048,202.507
2048,256,4,4096,225.291
2048,256,4,8192,273.568
2048,256,4,16384,367.53
2048,256,4,32768,557.237
2048,256,8,16,178.464
2048,256,8,32,179.381
2048,256,8,64,178.581
2048,256,8,128,179.957
2048,256,8,256,183.275
2048,256,8,512,186.571
2048,256,8,1024,193.088
2048,256,8,2048,208.981
2048,256,8,4096,232.16
2048,256,8,8192,281.227
2048,256,8,16384,376.768
2048,256,8,32768,572.618
2048,256,16,16,182.143
2048,256,16,32,180.939
2048,256,16,64,181.952
2048,256,16,128,183.948
2048,256,16,256,187.957
2048,256,16,512,193.504
2048,256,16,1024,207.488
2048,256,16,2048,229.386
2048,256,16,4096,272.203
2048,256,16,8192,358.506
2048,256,16,16384,527.084
2048,256,16,32768,863.829
2048,256,32,16,186.57
2048,256,32,32,188.832
2048,256,32,64,189.151
2048,256,32,128,192
2048,256,32,256,199.499
2048,256,32,512,208.79
2048,256,32,1024,233.066
2048,256,32,2048,275.797
2048,256,32,4096,356.203
2048,256,32,8192,528.788
2048,256,32,16384,863.915
2048,256,32,32768,1539.36
2048,256,64,16,196.523
2048,256,64,32,198.368
2048,256,64,64,195.264
2048,256,64,128,204.011
2048,256,64,256,215.413
2048,256,64,512,234.741
2048,256,64,1024,276.981
2048,256,64,2048,361.643
2048,256,64,4096,526.336
2048,256,64,8192,863.114
2048,256,64,16384,1532.13
2048,256,64,32768,2873.47
2048,256,128,16,212.725
2048,256,128,32,215.445
2048,256,128,64,215.307
2048,256,128,128,230.869
2048,256,128,256,245.717
2048,256,128,512,286.496
2048,256,128,1024,371.435
2048,256,128,2048,536.608
2048,256,128,4096,865.525
2048,256,128,8192,1533.25
2048,256,128,16384,2873.73
2048,256,128,32768,5539.41
2048,512,0,0,199.211
2048,512,1,16,199.328
2048,512,1,32,200.256
2048,512,1,64,199.253
2048,512,1,128,199.766
2048,512,1,256,199.616
2048,512,1,512,199.691
2048,512,1,1024,203.211
2048,512,1,2048,216.715
2048,512,1,4096,237.899
2048,512,1,8192,285.301
2048,512,1,16384,382.741
2048,512,1,32768,570.027
2048,512,2,16,200.789
2048,512,2,32,199.872
2048,512,2,64,199.008
2048,512,2,128,200.64
2048,512,2,256,201.781
2048,512,2,512,207.979
2048,512,2,1024,213.633
2048,512,2,2048,224.128
2048,512,2,4096,249.302
2048,512,2,8192,295.552
2048,512,2,16384,389.141
2048,512,2,32768,580.245
2048,512,4,16,200.384
2048,512,4,32,200.48
2048,512,4,64,200.885
2048,512,4,128,202.762
2048,512,4,256,204.49
2048,512,4,512,206.453
2048,512,4,1024,213.952
2048,512,4,2048,225.088
2048,512,4,4096,248.448
2048,512,4,8192,296.16
2048,512,4,16384,391.051
2048,512,4,32768,581.866
2048,512,8,16,202.837
2048,512,8,32,201.814
2048,512,8,64,202.005
2048,512,8,128,204.65
2048,512,8,256,204.501
2048,512,8,512,208.854
2048,512,8,1024,217.228
2048,512,8,2048,231.552
2048,512,8,4096,255.829
2048,512,8,8192,303.436
2048,512,8,16384,399.615
2048,512,8,32768,595.147
2048,512,16,16,203.551
2048,512,16,32,204.246
2048,512,16,64,203.915
2048,512,16,128,206.859
2048,512,16,256,208.363
2048,512,16,512,215.958
2048,512,16,1024,230.421
2048,512,16,2048,253.173
2048,512,16,4096,294.709
2048,512,16,8192,380.405
2048,512,16,16384,550.368
2048,512,16,32768,886.389
2048,512,32,16,209.035
2048,512,32,32,211.754
2048,512,32,64,212.319
2048,512,32,128,216.309
2048,512,32,256,219.467
2048,512,32,512,234.166
2048,512,32,1024,256.736
2048,512,32,2048,295.979
2048,512,32,4096,382.89
2048,512,32,8192,549.184
2048,512,32,16384,888.854
2048,512,32,32768,1561.4
2048,512,64,16,218.805
2048,512,64,32,218.048
2048,512,64,64,219.786
2048,512,64,128,226.176
2048,512,64,256,237.696
2048,512,64,512,261.824
2048,512,64,1024,301.291
2048,512,64,2048,385.643
2048,512,64,4096,551.403
2048,512,64,8192,885.173
2048,512,64,16384,1556.16
2048,512,64,32768,2896.54
2048,512,128,16,239.734
2048,512,128,32,236.619
2048,512,128,64,239.531
2048,512,128,128,251.583
2048,512,128,256,269.813
2048,512,128,512,311.862
2048,512,128,1024,394.027
2048,512,128,2048,561.696
2048,512,128,4096,891.104
2048,512,128,8192,1557.19
2048,512,128,16384,2893.72
2048,512,128,32768,5560.58
2048,1024,0,0,246.475
2048,1024,1,16,246.005
2048,1024,1,32,245.856
2048,1024,1,64,246.719
2048,1024,1,128,245.088
2048,1024,1,256,245.845
2048,1024,1,512,246.079
2048,1024,1,1024,247.179
2048,1024,1,2048,254.987
2048,1024,1,4096,279.648
2048,1024,1,8192,325.355
2048,1024,1,16384,420.747
2048,1024,1,32768,612.499
2048,1024,2,16,246.667
2048,1024,2,32,245.921
2048,1024,2,64,247.648
2048,1024,2,128,247.338
2048,1024,2,256,245.899
2048,1024,2,512,247.829
2048,1024,2,1024,256.053
2048,1024,2,2048,266.976
2048,1024,2,4096,291.788
2048,1024,2,8192,337.493
2048,1024,2,16384,434.891
2048,1024,2,32768,621.579
2048,1024,4,16,246.923
2048,1024,4,32,246.197
2048,1024,4,64,246.038
2048,1024,4,128,247.552
2048,1024,4,256,249.258
2048,1024,4,512,252.906
2048,1024,4,1024,258.731
2048,1024,4,2048,272.395
2048,1024,4,4096,294.048
2048,1024,4,8192,344.074
2048,1024,4,16384,436.171
2048,1024,4,32768,625.706
2048,1024,8,16,247.242
2048,1024,8,32,248.16
2048,1024,8,64,246.667
2048,1024,8,128,248.757
2048,1024,8,256,250.73
2048,1024,8,512,255.371
2048,1024,8,1024,262.389
2048,1024,8,2048,277.227
2048,1024,8,4096,302.262
2048,1024,8,8192,348.501
2048,1024,8,16384,445.11
2048,1024,8,32768,639.829
2048,1024,16,16,250.41
2048,1024,16,32,250.133
2048,1024,16,64,249.696
2048,1024,16,128,252.064
2048,1024,16,256,255.936
2048,1024,16,512,260.651
2048,1024,16,1024,274.87
2048,1024,16,2048,297.077
2048,1024,16,4096,339.264
2048,1024,16,8192,423.787
2048,1024,16,16384,595.807
2048,1024,16,32768,930.891
2048,1024,32,16,254.806
2048,1024,32,32,257.739
2048,1024,32,64,256.8
2048,1024,32,128,263.008
2048,1024,32,256,265.974
2048,1024,32,512,280.033
2048,1024,32,1024,299.029
2048,1024,32,2048,343.787
2048,1024,32,4096,426.112
2048,1024,32,8192,594.997
2048,1024,32,16384,932.757
2048,1024,32,32768,1609.69
2048,1024,64,16,263.061
2048,1024,64,32,262.997
2048,1024,64,64,265.568
2048,1024,64,128,275.552
2048,1024,64,256,281.622
2048,1024,64,512,301.451
2048,1024,64,1024,347.648
2048,1024,64,2048,428.022
2048,1024,64,4096,595.285
2048,1024,64,8192,931.146
2048,1024,64,16384,1599.31
2048,1024,64,32768,2943.98
2048,1024,128,16,281.248
2048,1024,128,32,283.104
2048,1024,128,64,285.781
2048,1024,128,128,297.131
2048,1024,128,256,314.368
2048,1024,128,512,354.4
2048,1024,128,1024,439.925
2048,1024,128,2048,603.573
2048,1024,128,4096,933.866
2048,1024,128,8192,1600.55
2048,1024,128,16384,2939.92
2048,1024,128,32768,5594.72
2048,2048,0,0,339.029
2048,2048,1,16,336.789
2048,2048,1,32,338.357
2048,2048,1,64,339.584
2048,2048,1,128,338.645
2048,2048,1,256,338.208
2048,2048,1,512,340.096
2048,2048,1,1024,338.389
2048,2048,1,2048,340.811
2048,2048,1,4096,358.784
2048,2048,1,8192,408.768
2048,2048,1,16384,501.345
2048,2048,1,32768,690.656
2048,2048,2,16,338.56
2048,2048,2,32,338.368
2048,2048,2,64,338.667
2048,2048,2,128,339.019
2048,2048,2,256,338.272
2048,2048,2,512,338.976
2048,2048,2,1024,338.475
2048,2048,2,2048,349.578
2048,2048,2,4096,370.976
2048,2048,2,8192,420.117
2048,2048,2,16384,517.525
2048,2048,2,32768,706.485
2048,2048,4,16,338.462
2048,2048,4,32,337.258
2048,2048,4,64,339.584
2048,2048,4,128,338.646
2048,2048,4,256,340.032
2048,2048,4,512,339.541
2048,2048,4,1024,348.48
2048,2048,4,2048,363.84
2048,2048,4,4096,385.792
2048,2048,4,8192,437.461
2048,2048,4,16384,527.894
2048,2048,4,32768,721.258
2048,2048,8,16,338.474
2048,2048,8,32,341.12
2048,2048,8,64,338.41
2048,2048,8,128,339.254
2048,2048,8,256,342.763
2048,2048,8,512,345.898
2048,2048,8,1024,352.085
2048,2048,8,2048,364.267
2048,2048,8,4096,390.794
2048,2048,8,8192,441.621
2048,2048,8,16384,535.541
2048,2048,8,32768,730.346
2048,2048,16,16,340.822
2048,2048,16,32,341.717
2048,2048,16,64,342.443
2048,2048,16,128,343.797
2048,2048,16,256,346.027
2048,2048,16,512,351.616
2048,2048,16,1024,362.506
2048,2048,16,2048,386.411
2048,2048,16,4096,426.986
2048,2048,16,8192,512.278
2048,2048,16,16384,683.701
2048,2048,16,32768,1013.72
2048,2048,32,16,345.27
2048,2048,32,32,344.438
2048,2048,32,64,350.07
2048,2048,32,128,351.328
2048,2048,32,256,360.31
2048,2048,32,512,370.486
2048,2048,32,1024,391.712
2048,2048,32,2048,428.459
2048,2048,32,4096,512.394
2048,2048,32,8192,685.994
2048,2048,32,16384,1020.57
2048,2048,32,32768,1695.72
2048,2048,64,16,358.773
2048,2048,64,32,353.898
2048,2048,64,64,357.525
2048,2048,64,128,361.632
2048,2048,64,256,373.739
2048,2048,64,512,392.907
2048,2048,64,1024,435.19
2048,2048,64,2048,517.407
2048,2048,64,4096,681.237
2048,2048,64,8192,1019.05
2048,2048,64,16384,1695.36
2048,2048,64,32768,3031.79
2048,2048,128,16,372.938
2048,2048,128,32,374.944
2048,2048,128,64,375.083
2048,2048,128,128,388.032
2048,2048,128,256,405.332
2048,2048,128,512,444.928
2048,2048,128,1024,528.469
2048,2048,128,2048,690.933
2048,2048,128,4096,1023.39
2048,2048,128,8192,1691.72
2048,2048,128,16384,3027.56
2048,2048,128,32768,5691.86
2048,4096,0,0,519.935
2048,4096,1,16,523.179
2048,4096,1,32,524.085
2048,4096,1,64,521.866
2048,4096,1,128,520.96
2048,4096,1,256,524.587
2048,4096,1,512,522.07
2048,4096,1,1024,524.501
2048,4096,1,2048,521.365
2048,4096,1,4096,528.554
2048,4096,1,8192,573.547
2048,4096,1,16384,670.677
2048,4096,1,32768,857.931
2048,4096,2,16,521.046
2048,4096,2,32,519.776
2048,4096,2,64,520.757
2048,4096,2,128,520.149
2048,4096,2,256,520.682
2048,4096,2,512,521.887
2048,4096,2,1024,524.224
2048,4096,2,2048,523.424
2048,4096,2,4096,552
2048,4096,2,8192,600.512
2048,4096,2,16384,688.725
2048,4096,2,32768,888.715
2048,4096,4,16,521.29
2048,4096,4,32,523.69
2048,4096,4,64,522.294
2048,4096,4,128,522.241
2048,4096,4,256,522.943
2048,4096,4,512,521.291
2048,4096,4,1024,523.701
2048,4096,4,2048,546.422
2048,4096,4,4096,567.829
2048,4096,4,8192,615.243
2048,4096,4,16384,708.715
2048,4096,4,32768,905.376
2048,4096,8,16,520.298
2048,4096,8,32,522.357
2048,4096,8,64,521.739
2048,4096,8,128,522.187
2048,4096,8,256,522.261
2048,4096,8,512,525.002
2048,4096,8,1024,534.155
2048,4096,8,2048,549.771
2048,4096,8,4096,572.747
2048,4096,8,8192,622.985
2048,4096,8,16384,717.301
2048,4096,8,32768,908.138
2048,4096,16,16,522.336
2048,4096,16,32,524.139
2048,4096,16,64,525.184
2048,4096,16,128,524.16
2048,4096,16,256,529.386
2048,4096,16,512,531.84
2048,4096,16,1024,544.043
2048,4096,16,2048,562.357
2048,4096,16,4096,606.954
2048,4096,16,8192,689.355
2048,4096,16,16384,858.731
2048,4096,16,32768,1195.37
2048,4096,32,16,527.872
2048,4096,32,32,528.629
2048,4096,32,64,530.699
2048,4096,32,128,536.543
2048,4096,32,256,546.037
2048,4096,32,512,544.928
2048,4096,32,1024,564.747
2048,4096,32,2048,613.419
2048,4096,32,4096,692.736
2048,4096,32,8192,866.859
2048,4096,32,16384,1200.21
2048,4096,32,32768,1870.84
2048,4096,64,16,533.888
2048,4096,64,32,540.224
2048,4096,64,64,546.464
2048,4096,64,128,546.336
2048,4096,64,256,552.705
2048,4096,64,512,571.936
2048,4096,64,1024,610.966
2048,4096,64,2048,693.643
2048,4096,64,4096,860.843
2048,4096,64,8192,1193.99
2048,4096,64,16384,1869.11
2048,4096,64,32768,3218.6
2048,4096,128,16,553.174
2048,4096,128,32,557.257
2048,4096,128,64,556.693
2048,4096,128,128,569.547
2048,4096,128,256,589.589
2048,4096,128,512,628.949
2048,4096,128,1024,707.349
2048,4096,128,2048,871.636
2048,4096,128,4096,1203.97
2048,4096,128,8192,1869.47
2048,4096,128,16384,3207.19
2048,4096,128,32768,5870.99
2048,8192,0,0,891.499
2048,8192,1,16,893.855
2048,8192,1,32,895.072
2048,8192,1,64,895.936
2048,8192,1,128,895.307
2048,8192,1,256,894.004
2048,8192,1,512,896.074
2048,8192,1,1024,895.914
2048,8192,1,2048,892.757
2048,8192,1,4096,898.166
2048,8192,1,8192,899.797
2048,8192,1,16384,995.755
2048,8192,1,32768,1190.05
2048,8192,2,16,895.881
2048,8192,2,32,893.396
2048,8192,2,64,896.885
2048,8192,2,128,893.45
2048,8192,2,256,898.987
2048,8192,2,512,892.757
2048,8192,2,1024,893.985
2048,8192,2,2048,896.788
2048,8192,2,4096,895.232
2048,8192,2,8192,927.36
2048,8192,2,16384,1020.01
2048,8192,2,32768,1208.76
2048,8192,4,16,888.415
2048,8192,4,32,896.449
2048,8192,4,64,896.31
2048,8192,4,128,896.778
2048,8192,4,256,892.747
2048,8192,4,512,896.416
2048,8192,4,1024,897.876
2048,8192,4,2048,892.512
2048,8192,4,4096,906.996
2048,8192,4,8192,958.176
2048,8192,4,16384,1055.57
2048,8192,4,32768,1241.96
2048,8192,8,16,896.468
2048,8192,8,32,892.491
2048,8192,8,64,893.259
2048,8192,8,128,897.441
2048,8192,8,256,894.465
2048,8192,8,512,891.285
2048,8192,8,1024,897.163
2048,8192,8,2048,900.139
2048,8192,8,4096,939.382
2048,8192,8,8192,993.013
2048,8192,8,16384,1083.87
2048,8192,8,32768,1277.08
2048,8192,16,16,892.928
2048,8192,16,32,896.992
2048,8192,16,64,897.174
2048,8192,16,128,893.578
2048,8192,16,256,895.167
2048,8192,16,512,896.319
2048,8192,16,1024,903.263
2048,8192,16,2048,917.312
2048,8192,16,4096,960.075
2048,8192,16,8192,1037.42
2048,8192,16,16384,1212.71
2048,8192,16,32768,1550.4
2048,8192,32,16,897.899
2048,8192,32,32,908.832
2048,8192,32,64,902.443
2048,8192,32,128,913.654
2048,8192,32,256,894.324
2048,8192,32,512,927.36
2048,8192,32,1024,937.599
2048,8192,32,2048,964.704
2048,8192,32,4096,1053.36
2048,8192,32,8192,1221.38
2048,8192,32,16384,1547.4
2048,8192,32,32768,2228.58
2048,8192,64,16,894.422
2048,8192,64,32,910.1
2048,8192,64,64,895.872
2048,8192,64,128,909.781
2048,8192,64,256,907.476
2048,8192,64,512,927.116
2048,8192,64,1024,961.344
2048,8192,64,2048,1051.83
2048,8192,64,4096,1218.58
2048,8192,64,8192,1549.3
2048,8192,64,16384,2220.31
2048,8192,64,32768,3571.64
2048,8192,128,16,925.728
2048,8192,128,32,928.33
2048,8192,128,64,914.124
2048,8192,128,128,933.461
2048,8192,128,256,946.507
2048,8192,128,512,985.312
2048,8192,128,1024,1062.94
2048,8192,128,2048,1230.3
2048,8192,128,4096,1553.06
2048,8192,128,8192,2226.46
2048,8192,128,16384,3569.6
2048,8192,128,32768,6237.65
2048,16384,0,0,1633.91
2048,16384,1,16,1638.72
2048,16384,1,32,1632.31
2048,16384,1,64,1631.95
2048,16384,1,128,1637.32
2048,16384,1,256,1632.21
2048,16384,1,512,1632.84
2048,16384,1,1024,1633.03
2048,16384,1,2048,1647.1
2048,16384,1,4096,1644.61
2048,16384,1,8192,1633.61
2048,16384,1,16384,1648.04
2048,16384,1,32768,1827.63
2048,16384,2,16,1646.02
2048,16384,2,32,1638.35
2048,16384,2,64,1648
2048,16384,2,128,1631.13
2048,16384,2,256,1635.73
2048,16384,2,512,1631.24
2048,16384,2,1024,1645.59
2048,16384,2,2048,1631.83
2048,16384,2,4096,1637.92
2048,16384,2,8192,1629.18
2048,16384,2,16384,1665.08
2048,16384,2,32768,1867.35
2048,16384,4,16,1629.7
2048,16384,4,32,1632.22
2048,16384,4,64,1643.71
2048,16384,4,128,1638.3
2048,16384,4,256,1637.85
2048,16384,4,512,1636.86
2048,16384,4,1024,1631.1
2048,16384,4,2048,1634.63
2048,16384,4,4096,1637.7
2048,16384,4,8192,1631.45
2048,16384,4,16384,1715.93
2048,16384,4,32768,1891.82
2048,16384,8,16,1633.38
2048,16384,8,32,1650.58
2048,16384,8,64,1645.88
2048,16384,8,128,1654.53
2048,16384,8,256,1638.51
2048,16384,8,512,1637.62
2048,16384,8,1024,1657.01
2048,16384,8,2048,1643.2
2048,16384,8,4096,1644.28
2048,16384,8,8192,1704.43
2048,16384,8,16384,1838.5
2048,16384,8,32768,2018.93
2048,16384,16,16,1638.14
2048,16384,16,32,1640.16
2048,16384,16,64,1643.25
2048,16384,16,128,1636.67
2048,16384,16,256,1659.94
2048,16384,16,512,1637.09
2048,16384,16,1024,1645.65
2048,16384,16,2048,1646.28
2048,16384,16,4096,1680.79
2048,16384,16,8192,1740.7
2048,16384,16,16384,1926.37
2048,16384,16,32768,2261.73
2048,16384,32,16,1645.72
2048,16384,32,32,1651.3
2048,16384,32,64,1658.13
2048,16384,32,128,1646.86
2048,16384,32,256,1645.73
2048,16384,32,512,1661.8
2048,16384,32,1024,1653.56
2048,16384,32,2048,1692.56
2048,16384,32,4096,1780.63
2048,16384,32,8192,1930.12
2048,16384,32,16384,2247.21
2048,16384,32,32768,2922.9
2048,16384,64,16,1652.71
2048,16384,64,32,1636.15
2048,16384,64,64,1644.85
2048,16384,64,128,1662.61
2048,16384,64,256,1645.48
2048,16384,64,512,1640.24
2048,16384,64,1024,1672.42
2048,16384,64,2048,1763.81
2048,16384,64,4096,1941.19
2048,16384,64,8192,2272.96
2048,16384,64,16384,2943.28
2048,16384,64,32768,4272.7
2048,16384,128,16,1637.96
2048,16384,128,32,1634.31
2048,16384,128,64,1633.52
2048,16384,128,128,1643.04
2048,16384,128,256,1669.86
2048,16384,128,512,1696.48
2048,16384,128,1024,1784.39
2048,16384,128,2048,1940.1
2048,16384,128,4096,2278.45
2048,16384,128,8192,2948.19
2048,16384,128,16384,4280.56
2048,16384,128,32768,6962.52
2048,32768,0,0,3115.33
2048,32768,1,16,3163.25
2048,32768,1,32,3142.66
2048,32768,1,64,3163.23
2048,32768,1,128,3140.8
2048,32768,1,256,3162.99
2048,32768,1,512,3161.58
2048,32768,1,1024,3123.13
2048,32768,1,2048,3117.17
2048,32768,1,4096,3117.17
2048,32768,1,8192,3141.74
2048,32768,1,16384,3119.53
2048,32768,1,32768,3149.89
2048,32768,2,16,3118.81
2048,32768,2,32,3119.13
2048,32768,2,64,3131.84
2048,32768,2,128,3138.45
2048,32768,2,256,3114.15
2048,32768,2,512,3141.37
2048,32768,2,1024,3153.31
2048,32768,2,2048,3121.31
2048,32768,2,4096,3111.59
2048,32768,2,8192,3135.98
2048,32768,2,16384,3110.04
2048,32768,2,32768,3153.07
2048,32768,4,16,3141.88
2048,32768,4,32,3142.12
2048,32768,4,64,3164.49
2048,32768,4,128,3139.3
2048,32768,4,256,3117.68
2048,32768,4,512,3120.4
2048,32768,4,1024,3138.66
2048,32768,4,2048,3140.91
2048,32768,4,4096,3170.91
2048,32768,4,8192,3149.26
2048,32768,4,16384,3141.63
2048,32768,4,32768,3190.56
2048,32768,8,16,3142.8
2048,32768,8,32,3116.7
2048,32768,8,64,3134.92
2048,32768,8,128,3136.67
2048,32768,8,256,3110.48
2048,32768,8,512,3113.78
2048,32768,8,1024,3114.02
2048,32768,8,2048,3136.01
2048,32768,8,4096,3112.53
2048,32768,8,8192,3111.78
2048,32768,8,16384,3255.2
2048,32768,8,32768,3495.57
2048,32768,16,16,3118.7
2048,32768,16,32,3168.51
2048,32768,16,64,3138.21
2048,32768,16,128,3120.76
2048,32768,16,256,3165.01
2048,32768,16,512,3165.29
2048,32768,16,1024,3163.7
2048,32768,16,2048,3137.7
2048,32768,16,4096,3169.31
2048,32768,16,8192,3245.9
2048,32768,16,16384,3347.02
2048,32768,16,32768,3648.71
2048,32768,32,16,3140.06
2048,32768,32,32,3167.48
2048,32768,32,64,3169.36
2048,32768,32,128,3121.39
2048,32768,32,256,3159.68
2048,32768,32,512,3139.63
2048,32768,32,1024,3167.54
2048,32768,32,2048,3174.89
2048,32768,32,4096,3187.03
2048,32768,32,8192,3417.53
2048,32768,32,16384,3663.31
2048,32768,32,32768,4344.28
2048,32768,64,16,3169.59
2048,32768,64,32,3165.21
2048,32768,64,64,3144.18
2048,32768,64,128,3129.22
2048,32768,64,256,3166.75
2048,32768,64,512,3117.83
2048,32768,64,1024,3139.67
2048,32768,64,2048,3211.87
2048,32768,64,4096,3355.42
2048,32768,64,8192,3694.53
2048,32768,64,16384,4361.13
2048,32768,64,32768,5663.54
2048,32768,128,16,3113.29
2048,32768,128,32,3144.04
2048,32768,128,64,3140.18
2048,32768,128,128,3116.59
2048,32768,128,256,3169.21
2048,32768,128,512,3122.2
2048,32768,128,1024,3185.11
2048,32768,128,2048,3345.45
2048,32768,128,4096,3730.01
2048,32768,128,8192,4359.04
2048,32768,128,16384,5741.89
2048,32768,128,32768,8409.47
