pc,n_label,skew_rate_label,kv_big_label,kp_label,alpha,n_samples
0,n<=128,sr<=15%,kvB<=16k,kp=0,0.1351,3
0,n<=128,sr<=15%,kvB<=1k,kp=0,0.603,4
0,n<=128,sr<=15%,kvB<=4k,kp=0,0.0061,4
0,n<=128,sr<=40%,kvB<=16k,kp=0,-0.0044,2
0,n<=128,sr<=40%,kvB<=1k,kp=0,0.7151,1
0,n<=128,sr<=40%,kvB<=4k,kp=0,0.3135,2
0,n<=128,sr<=5%,kvB<=16k,kp=0,-0.0799,7
0,n<=128,sr<=5%,kvB<=1k,kp=0,-0.0106,7
0,n<=128,sr<=5%,kvB<=4k,kp=0,0.1023,7
0,n<=128,sr<=70%,kvB<=16k,kp=0,-0.0214,1
0,n<=128,sr<=70%,kvB<=1k,kp=0,-0.1305,1
0,n<=128,sr<=70%,kvB<=4k,kp=0,-0.0315,1
0,n<=128,sr>70%,kvB<=16k,kp=0,0.2199,1
0,n<=128,sr>70%,kvB<=1k,kp=0,0.1798,3
0,n<=128,sr>70%,kvB<=4k,kp=0,0.0133,3
0,n<=16,sr<=15%,kvB<=16k,kp=0,0.1576,4
0,n<=16,sr<=15%,kvB<=1k,kp=0,0.7571,4
0,n<=16,sr<=15%,kvB<=4k,kp=0,0.2775,4
0,n<=16,sr<=40%,kvB<=16k,kp=0,0.0736,4
0,n<=16,sr<=40%,kvB<=1k,kp=0,0.3986,4
0,n<=16,sr<=40%,kvB<=4k,kp=0,0.1772,4
0,n<=16,sr<=70%,kvB<=16k,kp=0,0.0611,2
0,n<=16,sr<=70%,kvB<=1k,kp=0,0.5349,2
0,n<=16,sr<=70%,kvB<=4k,kp=0,0.0234,2
0,n<=16,sr>70%,kvB<=16k,kp=0,1.4071,4
0,n<=16,sr>70%,kvB<=1k,kp=0,1.1104,4
0,n<=16,sr>70%,kvB<=4k,kp=0,1.6043,4
0,n<=2,sr<=70%,kvB<=16k,kp=0,0.1587,2
0,n<=2,sr<=70%,kvB<=1k,kp=0,0.9311,2
0,n<=2,sr<=70%,kvB<=4k,kp=0,0.0769,2
0,n<=256,sr<=15%,kvB<=16k,kp=0,-0.4378,2
0,n<=256,sr<=15%,kvB<=1k,kp=0,-0.1274,3
0,n<=256,sr<=15%,kvB<=4k,kp=0,-0.0235,3
0,n<=256,sr<=40%,kvB<=16k,kp=0,0.2116,2
0,n<=256,sr<=40%,kvB<=1k,kp=0,0.1996,1
0,n<=256,sr<=40%,kvB<=4k,kp=0,-0.0027,1
0,n<=256,sr<=5%,kvB<=16k,kp=0,0.1153,4
0,n<=256,sr<=5%,kvB<=1k,kp=0,-0.1005,4
0,n<=256,sr<=5%,kvB<=4k,kp=0,0.0612,6
0,n<=256,sr<=70%,kvB<=16k,kp=0,0.4636,1
0,n<=256,sr<=70%,kvB<=4k,kp=0,-0.0069,1
0,n<=256,sr>70%,kvB<=16k,kp=0,0.0001,2
0,n<=256,sr>70%,kvB<=1k,kp=0,0.7411,2
0,n<=256,sr>70%,kvB<=4k,kp=0,-1.7381,3
0,n<=32,sr<=15%,kvB<=16k,kp=0,0.1423,6
0,n<=32,sr<=15%,kvB<=1k,kp=0,0.6954,6
0,n<=32,sr<=15%,kvB<=4k,kp=0,0.2589,6
0,n<=32,sr<=40%,kvB<=16k,kp=0,0.0931,2
0,n<=32,sr<=40%,kvB<=1k,kp=0,0.7186,2
0,n<=32,sr<=40%,kvB<=4k,kp=0,0.194,2
0,n<=32,sr<=5%,kvB<=16k,kp=0,0.1843,2
0,n<=32,sr<=5%,kvB<=1k,kp=0,0.5687,2
0,n<=32,sr<=5%,kvB<=4k,kp=0,0.334,2
0,n<=32,sr<=70%,kvB<=16k,kp=0,0.0924,2
0,n<=32,sr<=70%,kvB<=1k,kp=0,0.9291,2
0,n<=32,sr<=70%,kvB<=4k,kp=0,0.2301,2
0,n<=32,sr>70%,kvB<=16k,kp=0,0.1173,4
0,n<=32,sr>70%,kvB<=1k,kp=0,0.827,4
0,n<=32,sr>70%,kvB<=4k,kp=0,0.5103,4
0,n<=4,sr<=40%,kvB<=16k,kp=0,0.0624,2
0,n<=4,sr<=40%,kvB<=1k,kp=0,0.8364,3
0,n<=4,sr<=40%,kvB<=4k,kp=0,-0.0018,3
0,n<=4,sr<=70%,kvB<=16k,kp=0,0.0631,2
0,n<=4,sr<=70%,kvB<=1k,kp=0,0.7569,2
0,n<=4,sr<=70%,kvB<=4k,kp=0,0.0904,2
0,n<=4,sr>70%,kvB<=16k,kp=0,0.0753,2
0,n<=4,sr>70%,kvB<=1k,kp=0,0.5108,2
0,n<=4,sr>70%,kvB<=4k,kp=0,0.1698,2
0,n<=64,sr<=15%,kvB<=16k,kp=0,0.1393,4
0,n<=64,sr<=15%,kvB<=1k,kp=0,0.3656,3
0,n<=64,sr<=15%,kvB<=4k,kp=0,0.1111,4
0,n<=64,sr<=40%,kvB<=16k,kp=0,0.1112,2
0,n<=64,sr<=40%,kvB<=1k,kp=0,0.2017,1
0,n<=64,sr<=40%,kvB<=4k,kp=0,0.0,2
0,n<=64,sr<=5%,kvB<=16k,kp=0,0.0828,6
0,n<=64,sr<=5%,kvB<=1k,kp=0,0.2607,6
0,n<=64,sr<=5%,kvB<=4k,kp=0,0.0994,6
0,n<=64,sr<=70%,kvB<=16k,kp=0,-1.4044,2
0,n<=64,sr<=70%,kvB<=1k,kp=0,0.3899,2
0,n<=64,sr<=70%,kvB<=4k,kp=0,-0.0864,1
0,n<=64,sr>70%,kvB<=16k,kp=0,0.9409,1
0,n<=64,sr>70%,kvB<=1k,kp=0,0.6382,4
0,n<=64,sr>70%,kvB<=4k,kp=0,0.9123,1
0,n<=8,sr<=15%,kvB<=16k,kp=0,0.0223,2
0,n<=8,sr<=15%,kvB<=1k,kp=0,0.4989,2
0,n<=8,sr<=15%,kvB<=4k,kp=0,0.0843,2
0,n<=8,sr<=40%,kvB<=16k,kp=0,0.185,4
0,n<=8,sr<=40%,kvB<=1k,kp=0,0.4739,4
0,n<=8,sr<=40%,kvB<=4k,kp=0,0.3013,4
0,n<=8,sr<=70%,kvB<=16k,kp=0,0.094,2
0,n<=8,sr<=70%,kvB<=1k,kp=0,0.5319,2
0,n<=8,sr<=70%,kvB<=4k,kp=0,0.1414,2
0,n<=8,sr>70%,kvB<=16k,kp=0,1.4122,4
0,n<=8,sr>70%,kvB<=1k,kp=0,1.2125,4
0,n<=8,sr>70%,kvB<=4k,kp=0,1.8982,4
16,n<=128,sr<=15%,kvB<=16k,kp<=1k,0.0256,2
16,n<=128,sr<=15%,kvB<=16k,kp<=2k,0.0108,4
16,n<=128,sr<=15%,kvB<=16k,kp<=4k,0.2285,3
16,n<=128,sr<=15%,kvB<=16k,kp<=512,0.1579,3
16,n<=128,sr<=15%,kvB<=16k,kp<=8k,0.0126,1
16,n<=128,sr<=15%,kvB<=16k,kp=0,-0.1308,4
16,n<=128,sr<=15%,kvB<=1k,kp<=1k,-0.2465,2
16,n<=128,sr<=15%,kvB<=1k,kp<=2k,0.0674,4
16,n<=128,sr<=15%,kvB<=1k,kp<=4k,-0.8521,3
16,n<=128,sr<=15%,kvB<=1k,kp<=512,0.5338,2
16,n<=128,sr<=15%,kvB<=1k,kp<=8k,0.7354,3
16,n<=128,sr<=15%,kvB<=1k,kp=0,0.1825,3
16,n<=128,sr<=15%,kvB<=4k,kp<=1k,0.3123,4
16,n<=128,sr<=15%,kvB<=4k,kp<=2k,0.122,4
16,n<=128,sr<=15%,kvB<=4k,kp<=4k,0.0188,3
16,n<=128,sr<=15%,kvB<=4k,kp<=512,0.7147,3
16,n<=128,sr<=15%,kvB<=4k,kp<=8k,0.2647,3
16,n<=128,sr<=15%,kvB<=4k,kp=0,0.0111,3
16,n<=128,sr<=40%,kvB<=16k,kp<=1k,0.4261,2
16,n<=128,sr<=40%,kvB<=16k,kp<=2k,0.4797,1
16,n<=128,sr<=40%,kvB<=16k,kp<=4k,-0.0015,2
16,n<=128,sr<=40%,kvB<=16k,kp<=8k,0.1649,2
16,n<=128,sr<=40%,kvB<=1k,kp<=1k,0.1721,1
16,n<=128,sr<=40%,kvB<=1k,kp<=2k,0.0563,2
16,n<=128,sr<=40%,kvB<=1k,kp<=4k,2.4087,1
16,n<=128,sr<=40%,kvB<=1k,kp<=512,-1.7,2
16,n<=128,sr<=40%,kvB<=1k,kp<=8k,0.064,2
16,n<=128,sr<=40%,kvB<=1k,kp=0,0.2899,2
16,n<=128,sr<=40%,kvB<=4k,kp<=1k,0.0046,1
16,n<=128,sr<=40%,kvB<=4k,kp<=2k,0.0152,2
16,n<=128,sr<=40%,kvB<=4k,kp<=4k,0.2764,2
16,n<=128,sr<=40%,kvB<=4k,kp<=512,0.5231,2
16,n<=128,sr<=5%,kvB<=16k,kp<=1k,-0.0198,8
16,n<=128,sr<=5%,kvB<=16k,kp<=2k,0.1379,7
16,n<=128,sr<=5%,kvB<=16k,kp<=4k,-0.0921,8
16,n<=128,sr<=5%,kvB<=16k,kp<=512,-0.0213,6
16,n<=128,sr<=5%,kvB<=16k,kp<=8k,-0.2838,6
16,n<=128,sr<=5%,kvB<=16k,kp=0,0.0728,7
16,n<=128,sr<=5%,kvB<=1k,kp<=1k,0.5502,5
16,n<=128,sr<=5%,kvB<=1k,kp<=2k,0.3204,4
16,n<=128,sr<=5%,kvB<=1k,kp<=4k,0.0226,7
16,n<=128,sr<=5%,kvB<=1k,kp<=512,0.3845,8
16,n<=128,sr<=5%,kvB<=1k,kp<=8k,0.2688,7
16,n<=128,sr<=5%,kvB<=1k,kp=0,0.1071,7
16,n<=128,sr<=5%,kvB<=4k,kp<=1k,-0.1151,5
16,n<=128,sr<=5%,kvB<=4k,kp<=2k,-0.4186,5
16,n<=128,sr<=5%,kvB<=4k,kp<=4k,0.0108,6
16,n<=128,sr<=5%,kvB<=4k,kp<=512,0.2841,6
16,n<=128,sr<=5%,kvB<=4k,kp<=8k,0.1407,6
16,n<=128,sr<=5%,kvB<=4k,kp=0,0.0891,6
16,n<=128,sr<=70%,kvB<=16k,kp<=2k,-1.811,2
16,n<=128,sr<=70%,kvB<=16k,kp<=4k,0.6445,2
16,n<=128,sr<=70%,kvB<=16k,kp<=512,0.3015,2
16,n<=128,sr<=70%,kvB<=16k,kp<=8k,-0.8463,2
16,n<=128,sr<=70%,kvB<=16k,kp=0,0.0007,2
16,n<=128,sr<=70%,kvB<=1k,kp<=1k,0.3656,2
16,n<=128,sr<=70%,kvB<=1k,kp<=2k,1.5585,2
16,n<=128,sr<=70%,kvB<=1k,kp<=512,-3.4106,2
16,n<=128,sr<=70%,kvB<=1k,kp<=8k,0.2459,1
16,n<=128,sr<=70%,kvB<=4k,kp<=2k,22.3333,1
16,n<=128,sr<=70%,kvB<=4k,kp<=4k,-0.5284,2
16,n<=128,sr<=70%,kvB<=4k,kp<=512,0.5631,2
16,n<=128,sr<=70%,kvB<=4k,kp<=8k,0.6135,2
16,n<=128,sr<=70%,kvB<=4k,kp=0,-0.4869,2
16,n<=128,sr>70%,kvB<=16k,kp<=1k,-3.8393,2
16,n<=128,sr>70%,kvB<=16k,kp<=2k,-0.0503,2
16,n<=128,sr>70%,kvB<=16k,kp<=4k,-0.7268,2
16,n<=128,sr>70%,kvB<=16k,kp<=512,0.0186,4
16,n<=128,sr>70%,kvB<=16k,kp<=8k,0.0014,2
16,n<=128,sr>70%,kvB<=16k,kp=0,0.8177,2
16,n<=128,sr>70%,kvB<=1k,kp<=1k,0.7161,3
16,n<=128,sr>70%,kvB<=1k,kp<=2k,-0.0033,3
16,n<=128,sr>70%,kvB<=1k,kp<=4k,-0.0431,1
16,n<=128,sr>70%,kvB<=1k,kp<=512,0.0444,2
16,n<=128,sr>70%,kvB<=1k,kp<=8k,0.825,2
16,n<=128,sr>70%,kvB<=1k,kp=0,0.906,3
16,n<=128,sr>70%,kvB<=4k,kp<=1k,0.8549,4
16,n<=128,sr>70%,kvB<=4k,kp<=2k,0.6369,3
16,n<=128,sr>70%,kvB<=4k,kp<=4k,1.8161,2
16,n<=128,sr>70%,kvB<=4k,kp<=512,0.0874,3
16,n<=128,sr>70%,kvB<=4k,kp<=8k,3.5869,4
16,n<=128,sr>70%,kvB<=4k,kp=0,4.0719,3
16,n<=16,sr<=15%,kvB<=16k,kp<=1k,-0.0227,4
16,n<=16,sr<=15%,kvB<=16k,kp<=2k,-0.126,4
16,n<=16,sr<=15%,kvB<=16k,kp<=4k,-0.0926,4
16,n<=16,sr<=15%,kvB<=16k,kp<=512,0.0863,4
16,n<=16,sr<=15%,kvB<=16k,kp<=8k,-0.0983,4
16,n<=16,sr<=15%,kvB<=16k,kp=0,0.2176,4
16,n<=16,sr<=15%,kvB<=1k,kp<=1k,0.067,4
16,n<=16,sr<=15%,kvB<=1k,kp<=2k,-0.0062,4
16,n<=16,sr<=15%,kvB<=1k,kp<=4k,-0.0683,4
16,n<=16,sr<=15%,kvB<=1k,kp<=512,-0.2159,4
16,n<=16,sr<=15%,kvB<=1k,kp<=8k,0.004,4
16,n<=16,sr<=15%,kvB<=1k,kp=0,0.3922,4
16,n<=16,sr<=15%,kvB<=4k,kp<=1k,-0.1066,4
16,n<=16,sr<=15%,kvB<=4k,kp<=2k,-0.1065,4
16,n<=16,sr<=15%,kvB<=4k,kp<=4k,-0.1073,4
16,n<=16,sr<=15%,kvB<=4k,kp<=512,-0.1175,4
16,n<=16,sr<=15%,kvB<=4k,kp<=8k,-0.0493,4
16,n<=16,sr<=15%,kvB<=4k,kp=0,0.1691,4
16,n<=16,sr<=40%,kvB<=16k,kp<=1k,-0.1246,4
16,n<=16,sr<=40%,kvB<=16k,kp<=2k,-0.2904,4
16,n<=16,sr<=40%,kvB<=16k,kp<=4k,-0.3178,4
16,n<=16,sr<=40%,kvB<=16k,kp<=512,0.0013,4
16,n<=16,sr<=40%,kvB<=16k,kp<=8k,-0.196,4
16,n<=16,sr<=40%,kvB<=16k,kp=0,0.1442,4
16,n<=16,sr<=40%,kvB<=1k,kp<=1k,-0.2728,4
16,n<=16,sr<=40%,kvB<=1k,kp<=2k,0.0637,4
16,n<=16,sr<=40%,kvB<=1k,kp<=4k,0.1723,4
16,n<=16,sr<=40%,kvB<=1k,kp<=512,-0.152,4
16,n<=16,sr<=40%,kvB<=1k,kp<=8k,-0.1094,4
16,n<=16,sr<=40%,kvB<=1k,kp=0,0.2657,4
16,n<=16,sr<=40%,kvB<=4k,kp<=1k,-0.4005,4
16,n<=16,sr<=40%,kvB<=4k,kp<=2k,-0.352,4
16,n<=16,sr<=40%,kvB<=4k,kp<=4k,-0.2365,4
16,n<=16,sr<=40%,kvB<=4k,kp<=512,-0.4165,4
16,n<=16,sr<=40%,kvB<=4k,kp<=8k,0.1779,4
16,n<=16,sr<=40%,kvB<=4k,kp=0,-0.0647,4
16,n<=16,sr<=70%,kvB<=16k,kp<=1k,-0.3056,2
16,n<=16,sr<=70%,kvB<=16k,kp<=2k,-0.3389,2
16,n<=16,sr<=70%,kvB<=16k,kp<=4k,-0.2735,2
16,n<=16,sr<=70%,kvB<=16k,kp<=512,-0.2615,2
16,n<=16,sr<=70%,kvB<=16k,kp<=8k,-0.1531,2
16,n<=16,sr<=70%,kvB<=16k,kp=0,-0.0197,2
16,n<=16,sr<=70%,kvB<=1k,kp<=1k,-0.0629,2
16,n<=16,sr<=70%,kvB<=1k,kp<=2k,-0.2252,2
16,n<=16,sr<=70%,kvB<=1k,kp<=4k,0.3006,1
16,n<=16,sr<=70%,kvB<=1k,kp<=512,-0.28,2
16,n<=16,sr<=70%,kvB<=1k,kp<=8k,0.004,2
16,n<=16,sr<=70%,kvB<=1k,kp=0,0.7437,2
16,n<=16,sr<=70%,kvB<=4k,kp<=1k,-0.2739,2
16,n<=16,sr<=70%,kvB<=4k,kp<=2k,-0.1232,2
16,n<=16,sr<=70%,kvB<=4k,kp<=4k,-0.16,2
16,n<=16,sr<=70%,kvB<=4k,kp<=512,-0.1398,2
16,n<=16,sr<=70%,kvB<=4k,kp<=8k,0.059,2
16,n<=16,sr<=70%,kvB<=4k,kp=0,-0.2462,2
16,n<=16,sr>70%,kvB<=16k,kp<=1k,1.3927,4
16,n<=16,sr>70%,kvB<=16k,kp<=2k,0.5388,4
16,n<=16,sr>70%,kvB<=16k,kp<=4k,-0.7431,4
16,n<=16,sr>70%,kvB<=16k,kp<=512,2.0057,4
16,n<=16,sr>70%,kvB<=16k,kp<=8k,-0.5486,4
16,n<=16,sr>70%,kvB<=16k,kp=0,2.7007,4
16,n<=16,sr>70%,kvB<=1k,kp<=1k,-1.7101,4
16,n<=16,sr>70%,kvB<=1k,kp<=2k,0.3974,4
16,n<=16,sr>70%,kvB<=1k,kp<=4k,0.6934,4
16,n<=16,sr>70%,kvB<=1k,kp<=512,-2.2623,4
16,n<=16,sr>70%,kvB<=1k,kp<=8k,-0.4101,4
16,n<=16,sr>70%,kvB<=1k,kp=0,0.2055,4
16,n<=16,sr>70%,kvB<=4k,kp<=1k,-2.3007,4
16,n<=16,sr>70%,kvB<=4k,kp<=2k,-0.7339,4
16,n<=16,sr>70%,kvB<=4k,kp<=4k,-1.6895,4
16,n<=16,sr>70%,kvB<=4k,kp<=512,-0.8941,4
16,n<=16,sr>70%,kvB<=4k,kp<=8k,0.0409,4
16,n<=16,sr>70%,kvB<=4k,kp=0,0.7164,4
16,n<=2,sr<=70%,kvB<=16k,kp<=1k,0.4586,2
16,n<=2,sr<=70%,kvB<=16k,kp<=2k,0.3534,2
16,n<=2,sr<=70%,kvB<=16k,kp<=4k,0.2413,2
16,n<=2,sr<=70%,kvB<=16k,kp<=512,0.3963,2
16,n<=2,sr<=70%,kvB<=16k,kp<=8k,-0.0822,2
16,n<=2,sr<=70%,kvB<=16k,kp=0,0.6088,2
16,n<=2,sr<=70%,kvB<=1k,kp<=1k,0.5397,1
16,n<=2,sr<=70%,kvB<=1k,kp<=2k,1.0937,2
16,n<=2,sr<=70%,kvB<=1k,kp<=4k,13.3548,1
16,n<=2,sr<=70%,kvB<=1k,kp<=512,1.0495,1
16,n<=2,sr<=70%,kvB<=1k,kp<=8k,0.2665,2
16,n<=2,sr<=70%,kvB<=1k,kp=0,0.4479,2
16,n<=2,sr<=70%,kvB<=4k,kp<=1k,-1.4245,2
16,n<=2,sr<=70%,kvB<=4k,kp<=2k,0.7077,2
16,n<=2,sr<=70%,kvB<=4k,kp<=4k,-0.9982,1
16,n<=2,sr<=70%,kvB<=4k,kp<=512,-0.7368,2
16,n<=2,sr<=70%,kvB<=4k,kp<=8k,0.0894,2
16,n<=2,sr<=70%,kvB<=4k,kp=0,0.1444,2
16,n<=32,sr<=15%,kvB<=16k,kp<=1k,0.1188,6
16,n<=32,sr<=15%,kvB<=16k,kp<=2k,0.025,6
16,n<=32,sr<=15%,kvB<=16k,kp<=4k,-0.0953,6
16,n<=32,sr<=15%,kvB<=16k,kp<=512,0.1705,6
16,n<=32,sr<=15%,kvB<=16k,kp<=8k,-0.0849,6
16,n<=32,sr<=15%,kvB<=16k,kp=0,0.2293,6
16,n<=32,sr<=15%,kvB<=1k,kp<=1k,-0.0497,6
16,n<=32,sr<=15%,kvB<=1k,kp<=2k,-0.0183,6
16,n<=32,sr<=15%,kvB<=1k,kp<=4k,-0.015,6
16,n<=32,sr<=15%,kvB<=1k,kp<=512,-0.0519,6
16,n<=32,sr<=15%,kvB<=1k,kp<=8k,0.083,6
16,n<=32,sr<=15%,kvB<=1k,kp=0,0.4363,6
16,n<=32,sr<=15%,kvB<=4k,kp<=1k,-0.0642,6
16,n<=32,sr<=15%,kvB<=4k,kp<=2k,-0.0826,6
16,n<=32,sr<=15%,kvB<=4k,kp<=4k,-0.092,6
16,n<=32,sr<=15%,kvB<=4k,kp<=512,0.006,6
16,n<=32,sr<=15%,kvB<=4k,kp<=8k,-0.0767,6
16,n<=32,sr<=15%,kvB<=4k,kp=0,0.2315,6
16,n<=32,sr<=40%,kvB<=16k,kp<=1k,0.0721,2
16,n<=32,sr<=40%,kvB<=16k,kp<=2k,-0.0682,2
16,n<=32,sr<=40%,kvB<=16k,kp<=4k,-0.2837,2
16,n<=32,sr<=40%,kvB<=16k,kp<=512,0.1193,2
16,n<=32,sr<=40%,kvB<=16k,kp<=8k,-0.4397,2
16,n<=32,sr<=40%,kvB<=16k,kp=0,0.2021,2
16,n<=32,sr<=40%,kvB<=1k,kp<=1k,-0.2018,2
16,n<=32,sr<=40%,kvB<=1k,kp<=2k,-0.1018,2
16,n<=32,sr<=40%,kvB<=1k,kp<=4k,0.0577,2
16,n<=32,sr<=40%,kvB<=1k,kp<=512,-0.155,2
16,n<=32,sr<=40%,kvB<=1k,kp<=8k,0.0383,2
16,n<=32,sr<=40%,kvB<=1k,kp=0,0.3711,2
16,n<=32,sr<=40%,kvB<=4k,kp<=1k,-0.3275,2
16,n<=32,sr<=40%,kvB<=4k,kp<=2k,-0.4307,2
16,n<=32,sr<=40%,kvB<=4k,kp<=4k,-0.2947,2
16,n<=32,sr<=40%,kvB<=4k,kp<=512,-0.1976,2
16,n<=32,sr<=40%,kvB<=4k,kp<=8k,-0.1296,2
16,n<=32,sr<=40%,kvB<=4k,kp=0,0.0871,2
16,n<=32,sr<=5%,kvB<=16k,kp<=1k,0.1669,2
16,n<=32,sr<=5%,kvB<=16k,kp<=2k,0.0832,2
16,n<=32,sr<=5%,kvB<=16k,kp<=4k,-0.0334,2
16,n<=32,sr<=5%,kvB<=16k,kp<=512,0.2113,2
16,n<=32,sr<=5%,kvB<=16k,kp<=8k,-0.0236,2
16,n<=32,sr<=5%,kvB<=16k,kp=0,0.2648,2
16,n<=32,sr<=5%,kvB<=1k,kp<=1k,0.0028,2
16,n<=32,sr<=5%,kvB<=1k,kp<=2k,-0.0073,2
16,n<=32,sr<=5%,kvB<=1k,kp<=4k,-0.0082,2
16,n<=32,sr<=5%,kvB<=1k,kp<=512,-0.0208,2
16,n<=32,sr<=5%,kvB<=1k,kp<=8k,0.1896,2
16,n<=32,sr<=5%,kvB<=1k,kp=0,0.4172,2
16,n<=32,sr<=5%,kvB<=4k,kp<=1k,0.0085,2
16,n<=32,sr<=5%,kvB<=4k,kp<=2k,0.0032,2
16,n<=32,sr<=5%,kvB<=4k,kp<=4k,-0.0022,2
16,n<=32,sr<=5%,kvB<=4k,kp<=512,0.0577,2
16,n<=32,sr<=5%,kvB<=4k,kp<=8k,-0.0068,2
16,n<=32,sr<=5%,kvB<=4k,kp=0,0.2879,2
16,n<=32,sr<=70%,kvB<=16k,kp<=1k,0.0737,2
16,n<=32,sr<=70%,kvB<=16k,kp<=2k,-0.0974,2
16,n<=32,sr<=70%,kvB<=16k,kp<=4k,-0.3205,2
16,n<=32,sr<=70%,kvB<=16k,kp<=512,0.1713,2
16,n<=32,sr<=70%,kvB<=16k,kp<=8k,-0.274,2
16,n<=32,sr<=70%,kvB<=16k,kp=0,0.2834,2
16,n<=32,sr<=70%,kvB<=1k,kp<=1k,-0.4486,2
16,n<=32,sr<=70%,kvB<=1k,kp<=2k,-0.3951,2
16,n<=32,sr<=70%,kvB<=1k,kp<=4k,-0.5865,2
16,n<=32,sr<=70%,kvB<=1k,kp<=512,-0.6151,2
16,n<=32,sr<=70%,kvB<=1k,kp<=8k,-0.1157,2
16,n<=32,sr<=70%,kvB<=1k,kp=0,0.3139,2
16,n<=32,sr<=70%,kvB<=4k,kp<=1k,-0.3521,2
16,n<=32,sr<=70%,kvB<=4k,kp<=2k,-0.3886,2
16,n<=32,sr<=70%,kvB<=4k,kp<=4k,-0.2638,2
16,n<=32,sr<=70%,kvB<=4k,kp<=512,-0.1877,2
16,n<=32,sr<=70%,kvB<=4k,kp<=8k,-0.4075,2
16,n<=32,sr<=70%,kvB<=4k,kp=0,0.2469,2
16,n<=32,sr>70%,kvB<=16k,kp<=1k,0.1743,4
16,n<=32,sr>70%,kvB<=16k,kp<=2k,-0.2241,4
16,n<=32,sr>70%,kvB<=16k,kp<=4k,-1.0222,4
16,n<=32,sr>70%,kvB<=16k,kp<=512,0.4407,4
16,n<=32,sr>70%,kvB<=16k,kp<=8k,-1.1718,4
16,n<=32,sr>70%,kvB<=16k,kp=0,0.641,4
16,n<=32,sr>70%,kvB<=1k,kp<=1k,-1.9546,4
16,n<=32,sr>70%,kvB<=1k,kp<=2k,-1.11,4
16,n<=32,sr>70%,kvB<=1k,kp<=4k,0.2725,4
16,n<=32,sr>70%,kvB<=1k,kp<=512,-2.9005,4
16,n<=32,sr>70%,kvB<=1k,kp<=8k,0.9239,4
16,n<=32,sr>70%,kvB<=1k,kp=0,-0.3221,4
16,n<=32,sr>70%,kvB<=4k,kp<=1k,-1.265,4
16,n<=32,sr>70%,kvB<=4k,kp<=2k,-2.2225,4
16,n<=32,sr>70%,kvB<=4k,kp<=4k,-1.0678,4
16,n<=32,sr>70%,kvB<=4k,kp<=512,-0.5095,4
16,n<=32,sr>70%,kvB<=4k,kp<=8k,-1.7066,4
16,n<=32,sr>70%,kvB<=4k,kp=0,0.3553,4
16,n<=4,sr<=40%,kvB<=16k,kp<=1k,0.0311,2
16,n<=4,sr<=40%,kvB<=16k,kp<=2k,0.017,2
16,n<=4,sr<=40%,kvB<=16k,kp<=4k,0.0036,2
16,n<=4,sr<=40%,kvB<=16k,kp<=512,-0.0623,2
16,n<=4,sr<=40%,kvB<=16k,kp<=8k,-0.0022,2
16,n<=4,sr<=40%,kvB<=16k,kp=0,-0.175,2
16,n<=4,sr<=40%,kvB<=1k,kp<=1k,0.2077,2
16,n<=4,sr<=40%,kvB<=1k,kp<=2k,-0.3779,2
16,n<=4,sr<=40%,kvB<=1k,kp<=4k,-0.5853,1
16,n<=4,sr<=40%,kvB<=1k,kp<=512,0.2272,1
16,n<=4,sr<=40%,kvB<=1k,kp<=8k,0.0516,1
16,n<=4,sr<=40%,kvB<=1k,kp=0,1.2277,3
16,n<=4,sr<=40%,kvB<=4k,kp<=1k,-0.1387,2
16,n<=4,sr<=40%,kvB<=4k,kp<=2k,-0.081,2
16,n<=4,sr<=40%,kvB<=4k,kp<=4k,-0.3772,2
16,n<=4,sr<=40%,kvB<=4k,kp<=512,-0.3197,2
16,n<=4,sr<=40%,kvB<=4k,kp<=8k,0.0471,2
16,n<=4,sr<=40%,kvB<=4k,kp=0,0.0484,3
16,n<=4,sr<=70%,kvB<=16k,kp<=1k,0.0264,2
16,n<=4,sr<=70%,kvB<=16k,kp<=2k,0.0368,2
16,n<=4,sr<=70%,kvB<=16k,kp<=512,0.0324,2
16,n<=4,sr<=70%,kvB<=16k,kp=0,-0.1424,2
16,n<=4,sr<=70%,kvB<=1k,kp<=1k,-0.6071,2
16,n<=4,sr<=70%,kvB<=1k,kp<=2k,0.473,1
16,n<=4,sr<=70%,kvB<=1k,kp<=512,0.1278,2
16,n<=4,sr<=70%,kvB<=1k,kp<=8k,-32.5156,1
16,n<=4,sr<=70%,kvB<=1k,kp=0,0.5436,3
16,n<=4,sr<=70%,kvB<=4k,kp<=1k,-0.0333,2
16,n<=4,sr<=70%,kvB<=4k,kp<=2k,0.2155,1
16,n<=4,sr<=70%,kvB<=4k,kp<=4k,-0.0302,2
16,n<=4,sr<=70%,kvB<=4k,kp<=512,-0.1492,2
16,n<=4,sr<=70%,kvB<=4k,kp<=8k,0.1291,1
16,n<=4,sr<=70%,kvB<=4k,kp=0,0.0323,2
16,n<=4,sr>70%,kvB<=16k,kp<=1k,0.0695,2
16,n<=4,sr>70%,kvB<=16k,kp<=2k,1.5377,2
16,n<=4,sr>70%,kvB<=16k,kp<=4k,-0.058,2
16,n<=4,sr>70%,kvB<=16k,kp<=512,0.0372,2
16,n<=4,sr>70%,kvB<=16k,kp<=8k,0.0492,2
16,n<=4,sr>70%,kvB<=16k,kp=0,0.0796,2
16,n<=4,sr>70%,kvB<=1k,kp<=1k,0.6964,1
16,n<=4,sr>70%,kvB<=1k,kp<=2k,0.7079,1
16,n<=4,sr>70%,kvB<=1k,kp<=4k,0.7661,1
16,n<=4,sr>70%,kvB<=1k,kp<=512,0.7673,2
16,n<=4,sr>70%,kvB<=1k,kp<=8k,0.2254,2
16,n<=4,sr>70%,kvB<=1k,kp=0,0.52,2
16,n<=4,sr>70%,kvB<=4k,kp<=1k,0.1011,1
16,n<=4,sr>70%,kvB<=4k,kp<=2k,0.5216,2
16,n<=4,sr>70%,kvB<=4k,kp<=4k,-0.6079,2
16,n<=4,sr>70%,kvB<=4k,kp<=512,2.1999,2
16,n<=4,sr>70%,kvB<=4k,kp=0,-0.4179,1
16,n<=64,sr<=15%,kvB<=16k,kp<=1k,0.0648,4
16,n<=64,sr<=15%,kvB<=16k,kp<=2k,0.0434,4
16,n<=64,sr<=15%,kvB<=16k,kp<=4k,0.0724,2
16,n<=64,sr<=15%,kvB<=16k,kp<=512,0.0929,3
16,n<=64,sr<=15%,kvB<=16k,kp<=8k,0.0426,4
16,n<=64,sr<=15%,kvB<=16k,kp=0,0.0954,4
16,n<=64,sr<=15%,kvB<=1k,kp<=1k,0.0468,4
16,n<=64,sr<=15%,kvB<=1k,kp<=2k,-0.0083,4
16,n<=64,sr<=15%,kvB<=1k,kp<=4k,0.0263,4
16,n<=64,sr<=15%,kvB<=1k,kp<=512,0.2315,3
16,n<=64,sr<=15%,kvB<=1k,kp<=8k,0.057,2
16,n<=64,sr<=15%,kvB<=1k,kp=0,0.4306,4
16,n<=64,sr<=15%,kvB<=4k,kp<=1k,0.1056,4
16,n<=64,sr<=15%,kvB<=4k,kp<=2k,-0.0003,4
16,n<=64,sr<=15%,kvB<=4k,kp<=4k,-0.058,2
16,n<=64,sr<=15%,kvB<=4k,kp<=512,0.2222,3
16,n<=64,sr<=15%,kvB<=4k,kp<=8k,-0.0372,3
16,n<=64,sr<=15%,kvB<=4k,kp=0,0.1201,3
16,n<=64,sr<=40%,kvB<=16k,kp<=1k,0.0975,1
16,n<=64,sr<=40%,kvB<=16k,kp<=2k,0.3517,2
16,n<=64,sr<=40%,kvB<=16k,kp<=4k,0.3244,2
16,n<=64,sr<=40%,kvB<=16k,kp<=8k,0.8941,2
16,n<=64,sr<=40%,kvB<=16k,kp=0,-0.128,2
16,n<=64,sr<=40%,kvB<=1k,kp<=2k,0.0042,1
16,n<=64,sr<=40%,kvB<=1k,kp<=4k,0.5663,2
16,n<=64,sr<=40%,kvB<=1k,kp<=512,0.1554,2
16,n<=64,sr<=40%,kvB<=1k,kp<=8k,0.0923,2
16,n<=64,sr<=40%,kvB<=4k,kp<=1k,0.2329,1
16,n<=64,sr<=40%,kvB<=4k,kp<=2k,-0.0201,2
16,n<=64,sr<=40%,kvB<=4k,kp<=4k,-1.278,2
16,n<=64,sr<=40%,kvB<=4k,kp<=8k,-0.1093,2
16,n<=64,sr<=5%,kvB<=16k,kp<=1k,0.1185,6
16,n<=64,sr<=5%,kvB<=16k,kp<=2k,0.1199,6
16,n<=64,sr<=5%,kvB<=16k,kp<=4k,0.0989,6
16,n<=64,sr<=5%,kvB<=16k,kp<=512,0.1188,6
16,n<=64,sr<=5%,kvB<=16k,kp<=8k,-0.0166,6
16,n<=64,sr<=5%,kvB<=16k,kp=0,0.1213,6
16,n<=64,sr<=5%,kvB<=1k,kp<=1k,0.0068,6
16,n<=64,sr<=5%,kvB<=1k,kp<=2k,-0.0125,6
16,n<=64,sr<=5%,kvB<=1k,kp<=4k,0.0027,6
16,n<=64,sr<=5%,kvB<=1k,kp<=512,0.1833,6
16,n<=64,sr<=5%,kvB<=1k,kp<=8k,0.0178,6
16,n<=64,sr<=5%,kvB<=1k,kp=0,0.3736,6
16,n<=64,sr<=5%,kvB<=4k,kp<=1k,0.1451,6
16,n<=64,sr<=5%,kvB<=4k,kp<=2k,0.0236,6
16,n<=64,sr<=5%,kvB<=4k,kp<=4k,-0.0153,6
16,n<=64,sr<=5%,kvB<=4k,kp<=512,0.1495,6
16,n<=64,sr<=5%,kvB<=4k,kp<=8k,-0.0121,6
16,n<=64,sr<=5%,kvB<=4k,kp=0,0.1326,6
16,n<=64,sr<=70%,kvB<=16k,kp<=1k,-0.0101,1
16,n<=64,sr<=70%,kvB<=16k,kp<=2k,-0.0114,2
16,n<=64,sr<=70%,kvB<=16k,kp<=4k,0.0462,2
16,n<=64,sr<=70%,kvB<=16k,kp<=512,0.6209,2
16,n<=64,sr<=70%,kvB<=16k,kp<=8k,0.2968,2
16,n<=64,sr<=70%,kvB<=16k,kp=0,-0.8983,1
16,n<=64,sr<=70%,kvB<=1k,kp<=1k,0.3508,2
16,n<=64,sr<=70%,kvB<=1k,kp<=2k,0.7271,2
16,n<=64,sr<=70%,kvB<=1k,kp<=4k,-0.3041,1
16,n<=64,sr<=70%,kvB<=1k,kp<=512,0.8822,2
16,n<=64,sr<=70%,kvB<=1k,kp<=8k,0.0352,1
16,n<=64,sr<=70%,kvB<=1k,kp=0,0.5646,1
16,n<=64,sr<=70%,kvB<=4k,kp<=1k,-1.8496,2
16,n<=64,sr<=70%,kvB<=4k,kp<=2k,-0.3362,2
16,n<=64,sr<=70%,kvB<=4k,kp<=4k,-0.1361,1
16,n<=64,sr<=70%,kvB<=4k,kp<=512,-0.5766,2
16,n<=64,sr<=70%,kvB<=4k,kp=0,0.4675,2
16,n<=64,sr>70%,kvB<=16k,kp<=1k,0.9239,3
16,n<=64,sr>70%,kvB<=16k,kp<=2k,0.9436,2
16,n<=64,sr>70%,kvB<=16k,kp<=4k,-1.6775,4
16,n<=64,sr>70%,kvB<=16k,kp<=512,1.2854,3
16,n<=64,sr>70%,kvB<=16k,kp<=8k,0.3975,3
16,n<=64,sr>70%,kvB<=16k,kp=0,0.6288,2
16,n<=64,sr>70%,kvB<=1k,kp<=1k,0.0891,3
16,n<=64,sr>70%,kvB<=1k,kp<=2k,-0.0109,4
16,n<=64,sr>70%,kvB<=1k,kp<=4k,0.9833,2
16,n<=64,sr>70%,kvB<=1k,kp<=512,-0.1538,1
16,n<=64,sr>70%,kvB<=1k,kp<=8k,-3.5607,3
16,n<=64,sr>70%,kvB<=1k,kp=0,0.7584,2
16,n<=64,sr>70%,kvB<=4k,kp<=1k,0.7024,3
16,n<=64,sr>70%,kvB<=4k,kp<=2k,-0.1797,2
16,n<=64,sr>70%,kvB<=4k,kp<=4k,0.931,3
16,n<=64,sr>70%,kvB<=4k,kp<=512,1.0255,4
16,n<=64,sr>70%,kvB<=4k,kp<=8k,1.4558,3
16,n<=64,sr>70%,kvB<=4k,kp=0,0.7546,4
16,n<=8,sr<=15%,kvB<=16k,kp<=1k,-0.2587,2
16,n<=8,sr<=15%,kvB<=16k,kp<=2k,0.0556,2
16,n<=8,sr<=15%,kvB<=16k,kp<=4k,0.1226,2
16,n<=8,sr<=15%,kvB<=16k,kp<=512,-0.2764,2
16,n<=8,sr<=15%,kvB<=16k,kp<=8k,-0.0263,2
16,n<=8,sr<=15%,kvB<=16k,kp=0,-0.0583,2
16,n<=8,sr<=15%,kvB<=1k,kp<=1k,0.0739,2
16,n<=8,sr<=15%,kvB<=1k,kp<=2k,-1.3557,1
16,n<=8,sr<=15%,kvB<=1k,kp<=4k,0.2519,2
16,n<=8,sr<=15%,kvB<=1k,kp<=512,0.1482,1
16,n<=8,sr<=15%,kvB<=1k,kp<=8k,0.0221,2
16,n<=8,sr<=15%,kvB<=1k,kp=0,0.5488,4
16,n<=8,sr<=15%,kvB<=4k,kp<=1k,0.2302,2
16,n<=8,sr<=15%,kvB<=4k,kp<=2k,0.0349,2
16,n<=8,sr<=15%,kvB<=4k,kp<=4k,-0.0954,2
16,n<=8,sr<=15%,kvB<=4k,kp<=512,0.1438,2
16,n<=8,sr<=15%,kvB<=4k,kp<=8k,0.0707,2
16,n<=8,sr<=15%,kvB<=4k,kp=0,-0.2205,3
16,n<=8,sr<=40%,kvB<=16k,kp<=1k,-0.376,4
16,n<=8,sr<=40%,kvB<=16k,kp<=2k,-0.5046,4
16,n<=8,sr<=40%,kvB<=16k,kp<=4k,-0.0532,4
16,n<=8,sr<=40%,kvB<=16k,kp<=512,-0.2172,4
16,n<=8,sr<=40%,kvB<=16k,kp<=8k,0.2745,3
16,n<=8,sr<=40%,kvB<=16k,kp=0,0.1114,4
16,n<=8,sr<=40%,kvB<=1k,kp<=1k,0.0407,4
16,n<=8,sr<=40%,kvB<=1k,kp<=2k,0.3141,2
16,n<=8,sr<=40%,kvB<=1k,kp<=4k,0.1353,3
16,n<=8,sr<=40%,kvB<=1k,kp<=512,0.1662,3
16,n<=8,sr<=40%,kvB<=1k,kp<=8k,0.0231,3
16,n<=8,sr<=40%,kvB<=1k,kp=0,0.5315,4
16,n<=8,sr<=40%,kvB<=4k,kp<=1k,-0.0077,4
16,n<=8,sr<=40%,kvB<=4k,kp<=2k,0.1364,3
16,n<=8,sr<=40%,kvB<=4k,kp<=4k,0.0482,3
16,n<=8,sr<=40%,kvB<=4k,kp<=512,-0.0303,4
16,n<=8,sr<=40%,kvB<=4k,kp<=8k,0.0057,4
16,n<=8,sr<=40%,kvB<=4k,kp=0,-0.1752,4
16,n<=8,sr<=70%,kvB<=16k,kp<=1k,-0.264,2
16,n<=8,sr<=70%,kvB<=16k,kp<=2k,-0.4671,2
16,n<=8,sr<=70%,kvB<=16k,kp<=4k,-0.0377,2
16,n<=8,sr<=70%,kvB<=16k,kp<=512,-0.4216,2
16,n<=8,sr<=70%,kvB<=16k,kp<=8k,-0.294,1
16,n<=8,sr<=70%,kvB<=16k,kp=0,-0.0631,2
16,n<=8,sr<=70%,kvB<=1k,kp<=1k,0.1876,2
16,n<=8,sr<=70%,kvB<=1k,kp<=2k,0.0363,1
16,n<=8,sr<=70%,kvB<=1k,kp<=4k,-2.0805,1
16,n<=8,sr<=70%,kvB<=1k,kp<=512,1.7458,2
16,n<=8,sr<=70%,kvB<=1k,kp<=8k,-0.5745,1
16,n<=8,sr<=70%,kvB<=1k,kp=0,0.8333,2
16,n<=8,sr<=70%,kvB<=4k,kp<=1k,0.0764,2
16,n<=8,sr<=70%,kvB<=4k,kp<=2k,0.3236,2
16,n<=8,sr<=70%,kvB<=4k,kp<=4k,-0.0262,1
16,n<=8,sr<=70%,kvB<=4k,kp<=512,-0.1183,2
16,n<=8,sr<=70%,kvB<=4k,kp<=8k,0.1634,2
16,n<=8,sr<=70%,kvB<=4k,kp=0,-0.1668,2
16,n<=8,sr>70%,kvB<=16k,kp<=1k,0.0077,4
16,n<=8,sr>70%,kvB<=16k,kp<=2k,-1.1638,4
16,n<=8,sr>70%,kvB<=16k,kp<=4k,-0.6725,4
16,n<=8,sr>70%,kvB<=16k,kp<=512,0.5815,4
16,n<=8,sr>70%,kvB<=16k,kp<=8k,-1.4256,4
16,n<=8,sr>70%,kvB<=16k,kp=0,2.04,4
16,n<=8,sr>70%,kvB<=1k,kp<=1k,0.1183,4
16,n<=8,sr>70%,kvB<=1k,kp<=2k,-0.1887,4
16,n<=8,sr>70%,kvB<=1k,kp<=4k,-0.4403,4
16,n<=8,sr>70%,kvB<=1k,kp<=512,0.7183,3
16,n<=8,sr>70%,kvB<=1k,kp<=8k,-0.6571,4
16,n<=8,sr>70%,kvB<=1k,kp=0,0.2117,3
16,n<=8,sr>70%,kvB<=4k,kp<=1k,-0.9227,3
16,n<=8,sr>70%,kvB<=4k,kp<=2k,-0.0467,3
16,n<=8,sr>70%,kvB<=4k,kp<=4k,-0.0135,4
16,n<=8,sr>70%,kvB<=4k,kp<=512,-0.4782,4
16,n<=8,sr>70%,kvB<=4k,kp<=8k,-2.4037,3
16,n<=8,sr>70%,kvB<=4k,kp=0,-0.1105,4
32,n<=128,sr<=15%,kvB<=16k,kp<=1k,0.4681,3
32,n<=128,sr<=15%,kvB<=16k,kp<=2k,0.2538,3
32,n<=128,sr<=15%,kvB<=16k,kp<=4k,-0.1113,2
32,n<=128,sr<=15%,kvB<=16k,kp<=512,0.0212,4
32,n<=128,sr<=15%,kvB<=16k,kp<=8k,-0.0563,1
32,n<=128,sr<=15%,kvB<=16k,kp=0,0.1473,3
32,n<=128,sr<=15%,kvB<=1k,kp<=1k,0.0513,2
32,n<=128,sr<=15%,kvB<=1k,kp<=2k,0.0146,1
32,n<=128,sr<=15%,kvB<=1k,kp<=4k,-0.0993,4
32,n<=128,sr<=15%,kvB<=1k,kp<=512,-0.7358,4
32,n<=128,sr<=15%,kvB<=1k,kp<=8k,0.4564,3
32,n<=128,sr<=15%,kvB<=1k,kp=0,-0.3865,4
32,n<=128,sr<=15%,kvB<=4k,kp<=1k,0.3047,4
32,n<=128,sr<=15%,kvB<=4k,kp<=2k,0.3319,4
32,n<=128,sr<=15%,kvB<=4k,kp<=4k,0.4203,4
32,n<=128,sr<=15%,kvB<=4k,kp<=512,0.0385,2
32,n<=128,sr<=15%,kvB<=4k,kp<=8k,0.2361,3
32,n<=128,sr<=15%,kvB<=4k,kp=0,-0.2642,4
32,n<=128,sr<=40%,kvB<=16k,kp<=1k,-0.887,2
32,n<=128,sr<=40%,kvB<=16k,kp<=2k,-0.4364,2
32,n<=128,sr<=40%,kvB<=16k,kp<=4k,0.4333,2
32,n<=128,sr<=40%,kvB<=16k,kp<=512,-0.019,2
32,n<=128,sr<=40%,kvB<=16k,kp<=8k,0.0665,1
32,n<=128,sr<=40%,kvB<=16k,kp=0,0.216,2
32,n<=128,sr<=40%,kvB<=1k,kp<=1k,0.1302,2
32,n<=128,sr<=40%,kvB<=1k,kp<=2k,0.5855,1
32,n<=128,sr<=40%,kvB<=1k,kp<=4k,0.6834,2
32,n<=128,sr<=40%,kvB<=1k,kp<=512,0.1701,1
32,n<=128,sr<=40%,kvB<=1k,kp<=8k,0.0847,2
32,n<=128,sr<=40%,kvB<=1k,kp=0,-0.4182,1
32,n<=128,sr<=40%,kvB<=4k,kp<=1k,0.3865,2
32,n<=128,sr<=40%,kvB<=4k,kp<=2k,0.3361,2
32,n<=128,sr<=40%,kvB<=4k,kp<=4k,0.2642,2
32,n<=128,sr<=40%,kvB<=4k,kp<=512,-0.003,1
32,n<=128,sr<=40%,kvB<=4k,kp<=8k,0.7513,2
32,n<=128,sr<=40%,kvB<=4k,kp=0,0.2792,2
32,n<=128,sr<=5%,kvB<=16k,kp<=1k,0.0871,6
32,n<=128,sr<=5%,kvB<=16k,kp<=2k,-0.1141,7
32,n<=128,sr<=5%,kvB<=16k,kp<=4k,-0.0381,8
32,n<=128,sr<=5%,kvB<=16k,kp<=512,0.08,8
32,n<=128,sr<=5%,kvB<=16k,kp<=8k,-0.122,8
32,n<=128,sr<=5%,kvB<=16k,kp=0,0.044,5
32,n<=128,sr<=5%,kvB<=1k,kp<=1k,0.2499,7
32,n<=128,sr<=5%,kvB<=1k,kp<=2k,0.1671,6
32,n<=128,sr<=5%,kvB<=1k,kp<=4k,-0.4988,4
32,n<=128,sr<=5%,kvB<=1k,kp<=512,0.343,8
32,n<=128,sr<=5%,kvB<=1k,kp<=8k,0.1067,5
32,n<=128,sr<=5%,kvB<=1k,kp=0,0.3688,7
32,n<=128,sr<=5%,kvB<=4k,kp<=1k,0.197,7
32,n<=128,sr<=5%,kvB<=4k,kp<=2k,0.0073,5
32,n<=128,sr<=5%,kvB<=4k,kp<=4k,0.0564,8
32,n<=128,sr<=5%,kvB<=4k,kp<=512,-0.0751,4
32,n<=128,sr<=5%,kvB<=4k,kp<=8k,0.0999,7
32,n<=128,sr<=5%,kvB<=4k,kp=0,0.0238,5
32,n<=128,sr<=70%,kvB<=16k,kp<=1k,-0.0007,1
32,n<=128,sr<=70%,kvB<=16k,kp<=2k,-0.3887,2
32,n<=128,sr<=70%,kvB<=16k,kp<=4k,0.4238,2
32,n<=128,sr<=70%,kvB<=16k,kp<=512,0.4839,1
32,n<=128,sr<=70%,kvB<=16k,kp<=8k,-0.003,1
32,n<=128,sr<=70%,kvB<=16k,kp=0,0.4291,2
32,n<=128,sr<=70%,kvB<=1k,kp<=1k,-0.9639,2
32,n<=128,sr<=70%,kvB<=1k,kp<=2k,0.657,2
32,n<=128,sr<=70%,kvB<=1k,kp<=4k,-0.0504,2
32,n<=128,sr<=70%,kvB<=1k,kp<=512,0.1217,2
32,n<=128,sr<=70%,kvB<=1k,kp<=8k,-0.0031,2
32,n<=128,sr<=70%,kvB<=1k,kp=0,0.117,1
32,n<=128,sr<=70%,kvB<=4k,kp<=1k,-0.0198,2
32,n<=128,sr<=70%,kvB<=4k,kp<=2k,0.0692,1
32,n<=128,sr<=70%,kvB<=4k,kp<=4k,-0.1882,1
32,n<=128,sr<=70%,kvB<=4k,kp<=8k,2.2001,1
32,n<=128,sr<=70%,kvB<=4k,kp=0,0.0433,1
32,n<=128,sr>70%,kvB<=16k,kp<=1k,-0.0018,1
32,n<=128,sr>70%,kvB<=16k,kp<=2k,1.8983,3
32,n<=128,sr>70%,kvB<=16k,kp<=4k,2.057,3
32,n<=128,sr>70%,kvB<=16k,kp<=512,-0.4093,3
32,n<=128,sr>70%,kvB<=16k,kp<=8k,0.0367,3
32,n<=128,sr>70%,kvB<=16k,kp=0,0.0061,2
32,n<=128,sr>70%,kvB<=1k,kp<=1k,0.2084,4
32,n<=128,sr>70%,kvB<=1k,kp<=2k,2.333,3
32,n<=128,sr>70%,kvB<=1k,kp<=4k,-0.0788,4
32,n<=128,sr>70%,kvB<=1k,kp<=512,-9.2467,1
32,n<=128,sr>70%,kvB<=1k,kp<=8k,0.0385,3
32,n<=128,sr>70%,kvB<=1k,kp=0,1.9346,2
32,n<=128,sr>70%,kvB<=4k,kp<=1k,-0.7311,4
32,n<=128,sr>70%,kvB<=4k,kp<=2k,-0.6681,3
32,n<=128,sr>70%,kvB<=4k,kp<=4k,-0.5235,2
32,n<=128,sr>70%,kvB<=4k,kp<=512,0.002,3
32,n<=128,sr>70%,kvB<=4k,kp<=8k,2.7345,4
32,n<=128,sr>70%,kvB<=4k,kp=0,0.1596,3
32,n<=16,sr<=15%,kvB<=16k,kp<=1k,-0.0132,4
32,n<=16,sr<=15%,kvB<=16k,kp<=2k,-0.1082,4
32,n<=16,sr<=15%,kvB<=16k,kp<=4k,-0.0904,4
32,n<=16,sr<=15%,kvB<=16k,kp<=512,0.087,4
32,n<=16,sr<=15%,kvB<=16k,kp<=8k,-0.0411,4
32,n<=16,sr<=15%,kvB<=16k,kp=0,0.2127,4
32,n<=16,sr<=15%,kvB<=1k,kp<=1k,0.0163,4
32,n<=16,sr<=15%,kvB<=1k,kp<=2k,-0.0517,3
32,n<=16,sr<=15%,kvB<=1k,kp<=4k,-0.0741,4
32,n<=16,sr<=15%,kvB<=1k,kp<=512,-0.0114,4
32,n<=16,sr<=15%,kvB<=1k,kp<=8k,0.0179,4
32,n<=16,sr<=15%,kvB<=1k,kp=0,0.4486,4
32,n<=16,sr<=15%,kvB<=4k,kp<=1k,-0.1128,4
32,n<=16,sr<=15%,kvB<=4k,kp<=2k,-0.0938,4
32,n<=16,sr<=15%,kvB<=4k,kp<=4k,0.1066,4
32,n<=16,sr<=15%,kvB<=4k,kp<=512,-0.1329,4
32,n<=16,sr<=15%,kvB<=4k,kp<=8k,-0.2153,4
32,n<=16,sr<=15%,kvB<=4k,kp=0,0.1216,4
32,n<=16,sr<=40%,kvB<=16k,kp<=1k,-0.0548,4
32,n<=16,sr<=40%,kvB<=16k,kp<=2k,-0.343,4
32,n<=16,sr<=40%,kvB<=16k,kp<=4k,-0.239,4
32,n<=16,sr<=40%,kvB<=16k,kp<=512,0.0457,4
32,n<=16,sr<=40%,kvB<=16k,kp<=8k,-0.0482,4
32,n<=16,sr<=40%,kvB<=16k,kp=0,0.1483,4
32,n<=16,sr<=40%,kvB<=1k,kp<=1k,0.3467,4
32,n<=16,sr<=40%,kvB<=1k,kp<=2k,0.3126,4
32,n<=16,sr<=40%,kvB<=1k,kp<=4k,-0.0013,4
32,n<=16,sr<=40%,kvB<=1k,kp<=512,-0.3731,4
32,n<=16,sr<=40%,kvB<=1k,kp<=8k,0.0376,3
32,n<=16,sr<=40%,kvB<=1k,kp=0,0.3653,4
32,n<=16,sr<=40%,kvB<=4k,kp<=1k,-0.4948,4
32,n<=16,sr<=40%,kvB<=4k,kp<=2k,-0.1811,4
32,n<=16,sr<=40%,kvB<=4k,kp<=4k,0.175,4
32,n<=16,sr<=40%,kvB<=4k,kp<=512,-0.4393,4
32,n<=16,sr<=40%,kvB<=4k,kp<=8k,-0.0259,4
32,n<=16,sr<=40%,kvB<=4k,kp=0,-0.0693,4
32,n<=16,sr<=70%,kvB<=16k,kp<=1k,-0.3182,2
32,n<=16,sr<=70%,kvB<=16k,kp<=2k,-0.3307,2
32,n<=16,sr<=70%,kvB<=16k,kp<=4k,-0.245,2
32,n<=16,sr<=70%,kvB<=16k,kp<=512,-0.2085,2
32,n<=16,sr<=70%,kvB<=16k,kp<=8k,-0.1037,2
32,n<=16,sr<=70%,kvB<=16k,kp=0,-0.0416,2
32,n<=16,sr<=70%,kvB<=1k,kp<=1k,-0.1398,2
32,n<=16,sr<=70%,kvB<=1k,kp<=2k,0.1898,1
32,n<=16,sr<=70%,kvB<=1k,kp<=4k,-0.3882,1
32,n<=16,sr<=70%,kvB<=1k,kp<=512,-0.1777,2
32,n<=16,sr<=70%,kvB<=1k,kp<=8k,0.042,2
32,n<=16,sr<=70%,kvB<=1k,kp=0,0.6727,2
32,n<=16,sr<=70%,kvB<=4k,kp<=1k,-0.2213,2
32,n<=16,sr<=70%,kvB<=4k,kp<=2k,-0.1906,2
32,n<=16,sr<=70%,kvB<=4k,kp<=4k,0.0346,2
32,n<=16,sr<=70%,kvB<=4k,kp<=512,-0.1385,2
32,n<=16,sr<=70%,kvB<=4k,kp<=8k,0.2294,1
32,n<=16,sr<=70%,kvB<=4k,kp=0,-0.1584,2
32,n<=16,sr>70%,kvB<=16k,kp<=1k,1.294,4
32,n<=16,sr>70%,kvB<=16k,kp<=2k,0.0492,4
32,n<=16,sr>70%,kvB<=16k,kp<=4k,-1.588,4
32,n<=16,sr>70%,kvB<=16k,kp<=512,1.9698,4
32,n<=16,sr>70%,kvB<=16k,kp<=8k,-1.7686,4
32,n<=16,sr>70%,kvB<=16k,kp=0,2.6381,4
32,n<=16,sr>70%,kvB<=1k,kp<=1k,0.5779,4
32,n<=16,sr>70%,kvB<=1k,kp<=2k,0.6412,4
32,n<=16,sr>70%,kvB<=1k,kp<=4k,0.4555,4
32,n<=16,sr>70%,kvB<=1k,kp<=512,-1.2272,4
32,n<=16,sr>70%,kvB<=1k,kp<=8k,-0.2468,3
32,n<=16,sr>70%,kvB<=1k,kp=0,0.4229,4
32,n<=16,sr>70%,kvB<=4k,kp<=1k,-1.5456,4
32,n<=16,sr>70%,kvB<=4k,kp<=2k,-1.5134,4
32,n<=16,sr>70%,kvB<=4k,kp<=4k,0.1507,4
32,n<=16,sr>70%,kvB<=4k,kp<=512,-0.901,4
32,n<=16,sr>70%,kvB<=4k,kp<=8k,0.8543,4
32,n<=16,sr>70%,kvB<=4k,kp=0,0.9082,4
32,n<=2,sr<=70%,kvB<=16k,kp<=1k,0.962,2
32,n<=2,sr<=70%,kvB<=16k,kp<=2k,0.8674,2
32,n<=2,sr<=70%,kvB<=16k,kp<=4k,0.8084,2
32,n<=2,sr<=70%,kvB<=16k,kp<=512,0.9576,2
32,n<=2,sr<=70%,kvB<=16k,kp<=8k,0.3522,2
32,n<=2,sr<=70%,kvB<=16k,kp=0,0.8988,2
32,n<=2,sr<=70%,kvB<=1k,kp<=1k,-4.5354,1
32,n<=2,sr<=70%,kvB<=1k,kp<=2k,1.6337,1
32,n<=2,sr<=70%,kvB<=1k,kp<=4k,-1.8006,1
32,n<=2,sr<=70%,kvB<=1k,kp<=8k,1.6696,1
32,n<=2,sr<=70%,kvB<=1k,kp=0,0.6664,2
32,n<=2,sr<=70%,kvB<=4k,kp<=1k,-0.157,1
32,n<=2,sr<=70%,kvB<=4k,kp<=2k,0.35,1
32,n<=2,sr<=70%,kvB<=4k,kp<=4k,-0.2946,1
32,n<=2,sr<=70%,kvB<=4k,kp<=512,-0.7336,1
32,n<=2,sr<=70%,kvB<=4k,kp<=8k,0.05,1
32,n<=2,sr<=70%,kvB<=4k,kp=0,0.7659,2
32,n<=32,sr<=15%,kvB<=16k,kp<=1k,0.1151,6
32,n<=32,sr<=15%,kvB<=16k,kp<=2k,0.0206,6
32,n<=32,sr<=15%,kvB<=16k,kp<=4k,-0.0883,6
32,n<=32,sr<=15%,kvB<=16k,kp<=512,0.1692,6
32,n<=32,sr<=15%,kvB<=16k,kp<=8k,-0.0796,6
32,n<=32,sr<=15%,kvB<=16k,kp=0,0.227,6
32,n<=32,sr<=15%,kvB<=1k,kp<=1k,0.0025,6
32,n<=32,sr<=15%,kvB<=1k,kp<=2k,-0.0023,6
32,n<=32,sr<=15%,kvB<=1k,kp<=4k,-0.1017,6
32,n<=32,sr<=15%,kvB<=1k,kp<=512,-0.0739,6
32,n<=32,sr<=15%,kvB<=1k,kp<=8k,-0.2534,6
32,n<=32,sr<=15%,kvB<=1k,kp=0,0.4159,6
32,n<=32,sr<=15%,kvB<=4k,kp<=1k,-0.0839,6
32,n<=32,sr<=15%,kvB<=4k,kp<=2k,-0.0639,6
32,n<=32,sr<=15%,kvB<=4k,kp<=4k,-0.0756,6
32,n<=32,sr<=15%,kvB<=4k,kp<=512,0.0221,6
32,n<=32,sr<=15%,kvB<=4k,kp<=8k,0.0375,6
32,n<=32,sr<=15%,kvB<=4k,kp=0,0.2086,6
32,n<=32,sr<=40%,kvB<=16k,kp<=1k,0.0468,2
32,n<=32,sr<=40%,kvB<=16k,kp<=2k,-0.0541,2
32,n<=32,sr<=40%,kvB<=16k,kp<=4k,-0.3508,2
32,n<=32,sr<=40%,kvB<=16k,kp<=512,0.1383,2
32,n<=32,sr<=40%,kvB<=16k,kp<=8k,-0.3514,2
32,n<=32,sr<=40%,kvB<=16k,kp=0,0.2115,2
32,n<=32,sr<=40%,kvB<=1k,kp<=1k,-0.0898,2
32,n<=32,sr<=40%,kvB<=1k,kp<=2k,-0.0345,2
32,n<=32,sr<=40%,kvB<=1k,kp<=4k,0.2161,2
32,n<=32,sr<=40%,kvB<=1k,kp<=512,-0.1116,2
32,n<=32,sr<=40%,kvB<=1k,kp<=8k,0.2426,2
32,n<=32,sr<=40%,kvB<=1k,kp=0,0.357,2
32,n<=32,sr<=40%,kvB<=4k,kp<=1k,-0.3531,2
32,n<=32,sr<=40%,kvB<=4k,kp<=2k,-0.3843,2
32,n<=32,sr<=40%,kvB<=4k,kp<=4k,-0.137,2
32,n<=32,sr<=40%,kvB<=4k,kp<=512,-0.1988,2
32,n<=32,sr<=40%,kvB<=4k,kp<=8k,-0.0833,2
32,n<=32,sr<=40%,kvB<=4k,kp=0,0.0615,2
32,n<=32,sr<=5%,kvB<=16k,kp<=1k,0.1652,2
32,n<=32,sr<=5%,kvB<=16k,kp<=2k,0.0861,2
32,n<=32,sr<=5%,kvB<=16k,kp<=4k,-0.0261,2
32,n<=32,sr<=5%,kvB<=16k,kp<=512,0.207,2
32,n<=32,sr<=5%,kvB<=16k,kp<=8k,-0.0188,2
32,n<=32,sr<=5%,kvB<=16k,kp=0,0.2604,2
32,n<=32,sr<=5%,kvB<=1k,kp<=1k,-0.0341,2
32,n<=32,sr<=5%,kvB<=1k,kp<=2k,-0.0292,2
32,n<=32,sr<=5%,kvB<=1k,kp<=4k,0.0176,2
32,n<=32,sr<=5%,kvB<=1k,kp<=512,-0.0832,2
32,n<=32,sr<=5%,kvB<=1k,kp<=8k,-0.267,2
32,n<=32,sr<=5%,kvB<=1k,kp=0,0.3558,2
32,n<=32,sr<=5%,kvB<=4k,kp<=1k,-0.0055,2
32,n<=32,sr<=5%,kvB<=4k,kp<=2k,-0.0105,2
32,n<=32,sr<=5%,kvB<=4k,kp<=4k,-0.0036,2
32,n<=32,sr<=5%,kvB<=4k,kp<=512,0.0482,2
32,n<=32,sr<=5%,kvB<=4k,kp<=8k,0.0875,2
32,n<=32,sr<=5%,kvB<=4k,kp=0,0.2561,2
32,n<=32,sr<=70%,kvB<=16k,kp<=1k,0.0541,2
32,n<=32,sr<=70%,kvB<=16k,kp<=2k,-0.1069,2
32,n<=32,sr<=70%,kvB<=16k,kp<=4k,-0.3166,2
32,n<=32,sr<=70%,kvB<=16k,kp<=512,0.1609,2
32,n<=32,sr<=70%,kvB<=16k,kp<=8k,-0.2521,2
32,n<=32,sr<=70%,kvB<=16k,kp=0,0.2663,2
32,n<=32,sr<=70%,kvB<=1k,kp<=1k,-0.3518,2
32,n<=32,sr<=70%,kvB<=1k,kp<=2k,-0.4328,2
32,n<=32,sr<=70%,kvB<=1k,kp<=4k,-0.1163,2
32,n<=32,sr<=70%,kvB<=1k,kp<=512,-0.6632,2
32,n<=32,sr<=70%,kvB<=1k,kp<=8k,-0.973,1
32,n<=32,sr<=70%,kvB<=1k,kp=0,0.4161,2
32,n<=32,sr<=70%,kvB<=4k,kp<=1k,-0.3772,2
32,n<=32,sr<=70%,kvB<=4k,kp<=2k,-0.3477,2
32,n<=32,sr<=70%,kvB<=4k,kp<=4k,-0.245,2
32,n<=32,sr<=70%,kvB<=4k,kp<=512,-0.1097,2
32,n<=32,sr<=70%,kvB<=4k,kp<=8k,-0.2875,2
32,n<=32,sr<=70%,kvB<=4k,kp=0,0.2066,2
32,n<=32,sr>70%,kvB<=16k,kp<=1k,0.175,4
32,n<=32,sr>70%,kvB<=16k,kp<=2k,-0.1983,4
32,n<=32,sr>70%,kvB<=16k,kp<=4k,-1.0742,4
32,n<=32,sr>70%,kvB<=16k,kp<=512,0.3889,4
32,n<=32,sr>70%,kvB<=16k,kp<=8k,-1.9667,4
32,n<=32,sr>70%,kvB<=16k,kp=0,0.6175,4
32,n<=32,sr>70%,kvB<=1k,kp<=1k,-1.6534,4
32,n<=32,sr>70%,kvB<=1k,kp<=2k,0.0892,4
32,n<=32,sr>70%,kvB<=1k,kp<=4k,0.9506,4
32,n<=32,sr>70%,kvB<=1k,kp<=512,-1.8272,4
32,n<=32,sr>70%,kvB<=1k,kp<=8k,0.5694,4
32,n<=32,sr>70%,kvB<=1k,kp=0,-0.3627,4
32,n<=32,sr>70%,kvB<=4k,kp<=1k,-1.2575,4
32,n<=32,sr>70%,kvB<=4k,kp<=2k,-2.243,4
32,n<=32,sr>70%,kvB<=4k,kp<=4k,-1.8377,4
32,n<=32,sr>70%,kvB<=4k,kp<=512,-0.443,4
32,n<=32,sr>70%,kvB<=4k,kp<=8k,-0.3585,4
32,n<=32,sr>70%,kvB<=4k,kp=0,0.4216,4
32,n<=4,sr<=40%,kvB<=16k,kp<=1k,0.6496,2
32,n<=4,sr<=40%,kvB<=16k,kp<=2k,0.6187,2
32,n<=4,sr<=40%,kvB<=16k,kp<=4k,0.3606,2
32,n<=4,sr<=40%,kvB<=16k,kp<=512,0.4604,2
32,n<=4,sr<=40%,kvB<=16k,kp<=8k,0.0124,2
32,n<=4,sr<=40%,kvB<=16k,kp=0,0.4318,2
32,n<=4,sr<=40%,kvB<=1k,kp<=1k,-0.8247,1
32,n<=4,sr<=40%,kvB<=1k,kp<=2k,0.6668,2
32,n<=4,sr<=40%,kvB<=1k,kp<=8k,0.9645,2
32,n<=4,sr<=40%,kvB<=1k,kp=0,1.0271,2
32,n<=4,sr<=40%,kvB<=4k,kp<=1k,0.3145,2
32,n<=4,sr<=40%,kvB<=4k,kp<=2k,-0.1521,2
32,n<=4,sr<=40%,kvB<=4k,kp<=4k,0.1463,2
32,n<=4,sr<=40%,kvB<=4k,kp<=512,-0.1142,2
32,n<=4,sr<=40%,kvB<=4k,kp<=8k,0.0386,2
32,n<=4,sr<=40%,kvB<=4k,kp=0,0.4566,2
32,n<=4,sr<=70%,kvB<=16k,kp<=1k,0.5823,2
32,n<=4,sr<=70%,kvB<=16k,kp<=2k,0.4865,1
32,n<=4,sr<=70%,kvB<=16k,kp<=512,0.3576,2
32,n<=4,sr<=70%,kvB<=16k,kp<=8k,1.1072,1
32,n<=4,sr<=70%,kvB<=16k,kp=0,0.2671,2
32,n<=4,sr<=70%,kvB<=1k,kp<=1k,1.5977,2
32,n<=4,sr<=70%,kvB<=1k,kp<=2k,0.4,1
32,n<=4,sr<=70%,kvB<=1k,kp<=4k,0.2458,2
32,n<=4,sr<=70%,kvB<=1k,kp<=512,0.7173,2
32,n<=4,sr<=70%,kvB<=1k,kp<=8k,4.446,1
32,n<=4,sr<=70%,kvB<=1k,kp=0,0.5638,1
32,n<=4,sr<=70%,kvB<=4k,kp<=1k,0.4653,1
32,n<=4,sr<=70%,kvB<=4k,kp<=2k,0.9281,2
32,n<=4,sr<=70%,kvB<=4k,kp<=4k,1.4593,2
32,n<=4,sr<=70%,kvB<=4k,kp<=512,0.403,2
32,n<=4,sr<=70%,kvB<=4k,kp<=8k,0.2323,1
32,n<=4,sr<=70%,kvB<=4k,kp=0,0.2919,2
32,n<=4,sr>70%,kvB<=16k,kp<=1k,0.5347,2
32,n<=4,sr>70%,kvB<=16k,kp<=2k,0.2317,2
32,n<=4,sr>70%,kvB<=16k,kp<=4k,0.1367,2
32,n<=4,sr>70%,kvB<=16k,kp<=512,0.2051,2
32,n<=4,sr>70%,kvB<=16k,kp<=8k,-0.1375,1
32,n<=4,sr>70%,kvB<=16k,kp=0,0.327,2
32,n<=4,sr>70%,kvB<=1k,kp<=1k,0.7217,1
32,n<=4,sr>70%,kvB<=1k,kp<=2k,1.7895,1
32,n<=4,sr>70%,kvB<=1k,kp=0,1.0224,2
32,n<=4,sr>70%,kvB<=4k,kp<=1k,0.8038,2
32,n<=4,sr>70%,kvB<=4k,kp<=2k,0.8922,1
32,n<=4,sr>70%,kvB<=4k,kp<=512,1.6298,2
32,n<=4,sr>70%,kvB<=4k,kp=0,-0.0878,2
32,n<=64,sr<=15%,kvB<=16k,kp<=1k,0.0299,4
32,n<=64,sr<=15%,kvB<=16k,kp<=2k,0.0634,4
32,n<=64,sr<=15%,kvB<=16k,kp<=4k,-0.0819,4
32,n<=64,sr<=15%,kvB<=16k,kp<=512,0.0612,3
32,n<=64,sr<=15%,kvB<=16k,kp<=8k,-0.0829,4
32,n<=64,sr<=15%,kvB<=16k,kp=0,0.0902,4
32,n<=64,sr<=15%,kvB<=1k,kp<=1k,-0.022,3
32,n<=64,sr<=15%,kvB<=1k,kp<=2k,-0.1066,4
32,n<=64,sr<=15%,kvB<=1k,kp<=4k,0.251,4
32,n<=64,sr<=15%,kvB<=1k,kp<=512,0.0621,4
32,n<=64,sr<=15%,kvB<=1k,kp<=8k,-0.2209,4
32,n<=64,sr<=15%,kvB<=1k,kp=0,0.2366,4
32,n<=64,sr<=15%,kvB<=4k,kp<=1k,0.0869,4
32,n<=64,sr<=15%,kvB<=4k,kp<=2k,-0.0486,2
32,n<=64,sr<=15%,kvB<=4k,kp<=4k,-0.0356,3
32,n<=64,sr<=15%,kvB<=4k,kp<=512,-0.0143,4
32,n<=64,sr<=15%,kvB<=4k,kp<=8k,0.0514,2
32,n<=64,sr<=15%,kvB<=4k,kp=0,0.2775,4
32,n<=64,sr<=40%,kvB<=16k,kp<=1k,0.0491,1
32,n<=64,sr<=40%,kvB<=16k,kp<=4k,-0.1026,1
32,n<=64,sr<=40%,kvB<=16k,kp<=512,0.0524,1
32,n<=64,sr<=40%,kvB<=16k,kp<=8k,-0.438,2
32,n<=64,sr<=40%,kvB<=16k,kp=0,0.0319,2
32,n<=64,sr<=40%,kvB<=1k,kp<=1k,-0.0424,2
32,n<=64,sr<=40%,kvB<=1k,kp<=2k,-0.1061,1
32,n<=64,sr<=40%,kvB<=1k,kp<=4k,-1.9656,1
32,n<=64,sr<=40%,kvB<=1k,kp<=512,-0.174,2
32,n<=64,sr<=40%,kvB<=1k,kp<=8k,0.0386,2
32,n<=64,sr<=40%,kvB<=1k,kp=0,0.019,2
32,n<=64,sr<=40%,kvB<=4k,kp<=1k,-0.0814,2
32,n<=64,sr<=40%,kvB<=4k,kp<=4k,0.44,2
32,n<=64,sr<=40%,kvB<=4k,kp<=512,-0.0481,1
32,n<=64,sr<=40%,kvB<=4k,kp<=8k,-0.1184,1
32,n<=64,sr<=40%,kvB<=4k,kp=0,-0.0451,1
32,n<=64,sr<=5%,kvB<=16k,kp<=1k,0.0604,6
32,n<=64,sr<=5%,kvB<=16k,kp<=2k,0.0209,6
32,n<=64,sr<=5%,kvB<=16k,kp<=4k,-0.0319,6
32,n<=64,sr<=5%,kvB<=16k,kp<=512,0.0871,6
32,n<=64,sr<=5%,kvB<=16k,kp<=8k,-0.0326,6
32,n<=64,sr<=5%,kvB<=16k,kp=0,0.1155,6
32,n<=64,sr<=5%,kvB<=1k,kp<=1k,0.0071,6
32,n<=64,sr<=5%,kvB<=1k,kp<=2k,0.0079,6
32,n<=64,sr<=5%,kvB<=1k,kp<=4k,0.0236,6
32,n<=64,sr<=5%,kvB<=1k,kp<=512,-0.0056,6
32,n<=64,sr<=5%,kvB<=1k,kp<=8k,-0.001,6
32,n<=64,sr<=5%,kvB<=1k,kp=0,0.2108,6
32,n<=64,sr<=5%,kvB<=4k,kp<=1k,-0.0191,6
32,n<=64,sr<=5%,kvB<=4k,kp<=2k,-0.0185,6
32,n<=64,sr<=5%,kvB<=4k,kp<=4k,-0.0085,6
32,n<=64,sr<=5%,kvB<=4k,kp<=512,-0.0088,6
32,n<=64,sr<=5%,kvB<=4k,kp<=8k,-0.0059,6
32,n<=64,sr<=5%,kvB<=4k,kp=0,0.0752,6
32,n<=64,sr<=70%,kvB<=16k,kp<=1k,-2.2746,1
32,n<=64,sr<=70%,kvB<=16k,kp<=2k,0.146,2
32,n<=64,sr<=70%,kvB<=16k,kp<=4k,-0.4964,2
32,n<=64,sr<=70%,kvB<=16k,kp<=512,-0.0488,1
32,n<=64,sr<=70%,kvB<=16k,kp<=8k,-0.3043,1
32,n<=64,sr<=70%,kvB<=16k,kp=0,-0.4877,2
32,n<=64,sr<=70%,kvB<=1k,kp<=1k,-0.2691,1
32,n<=64,sr<=70%,kvB<=1k,kp<=2k,0.7207,2
32,n<=64,sr<=70%,kvB<=1k,kp<=4k,0.8793,1
32,n<=64,sr<=70%,kvB<=1k,kp<=512,0.0,1
32,n<=64,sr<=70%,kvB<=1k,kp<=8k,0.863,2
32,n<=64,sr<=70%,kvB<=1k,kp=0,0.0806,2
32,n<=64,sr<=70%,kvB<=4k,kp<=2k,-0.0019,2
32,n<=64,sr<=70%,kvB<=4k,kp<=4k,0.0,1
32,n<=64,sr<=70%,kvB<=4k,kp<=8k,0.1272,2
32,n<=64,sr<=70%,kvB<=4k,kp=0,-2.2328,1
32,n<=64,sr>70%,kvB<=16k,kp<=1k,0.7153,4
32,n<=64,sr>70%,kvB<=16k,kp<=2k,-0.0079,3
32,n<=64,sr>70%,kvB<=16k,kp<=4k,-0.467,3
32,n<=64,sr>70%,kvB<=16k,kp<=512,0.7154,2
32,n<=64,sr>70%,kvB<=16k,kp<=8k,-8.7342,2
32,n<=64,sr>70%,kvB<=1k,kp<=1k,0.0002,2
32,n<=64,sr>70%,kvB<=1k,kp<=2k,-3.0972,1
32,n<=64,sr>70%,kvB<=1k,kp<=4k,0.7448,1
32,n<=64,sr>70%,kvB<=1k,kp<=512,0.6937,3
32,n<=64,sr>70%,kvB<=1k,kp<=8k,0.118,3
32,n<=64,sr>70%,kvB<=1k,kp=0,-0.1106,2
32,n<=64,sr>70%,kvB<=4k,kp<=1k,-0.0069,3
32,n<=64,sr>70%,kvB<=4k,kp<=2k,0.0731,3
32,n<=64,sr>70%,kvB<=4k,kp<=4k,-0.604,2
32,n<=64,sr>70%,kvB<=4k,kp<=512,0.1807,2
32,n<=64,sr>70%,kvB<=4k,kp<=8k,0.3299,2
32,n<=64,sr>70%,kvB<=4k,kp=0,3.3033,2
32,n<=8,sr<=15%,kvB<=16k,kp<=1k,-0.0355,2
32,n<=8,sr<=15%,kvB<=16k,kp<=2k,0.1225,2
32,n<=8,sr<=15%,kvB<=16k,kp<=4k,-0.0265,2
32,n<=8,sr<=15%,kvB<=16k,kp<=512,-0.1426,2
32,n<=8,sr<=15%,kvB<=16k,kp<=8k,-0.1476,2
32,n<=8,sr<=15%,kvB<=16k,kp=0,0.0591,2
32,n<=8,sr<=15%,kvB<=1k,kp<=1k,-0.4317,2
32,n<=8,sr<=15%,kvB<=1k,kp<=2k,0.0176,2
32,n<=8,sr<=15%,kvB<=1k,kp<=4k,0.1366,2
32,n<=8,sr<=15%,kvB<=1k,kp<=512,-0.3702,2
32,n<=8,sr<=15%,kvB<=1k,kp=0,0.6569,2
32,n<=8,sr<=15%,kvB<=4k,kp<=1k,0.0326,2
32,n<=8,sr<=15%,kvB<=4k,kp<=2k,-0.0408,2
32,n<=8,sr<=15%,kvB<=4k,kp<=4k,-0.1409,2
32,n<=8,sr<=15%,kvB<=4k,kp<=512,0.2505,2
32,n<=8,sr<=15%,kvB<=4k,kp<=8k,0.5169,2
32,n<=8,sr<=15%,kvB<=4k,kp=0,0.0372,2
32,n<=8,sr<=40%,kvB<=16k,kp<=1k,-0.3261,4
32,n<=8,sr<=40%,kvB<=16k,kp<=2k,-0.023,4
32,n<=8,sr<=40%,kvB<=16k,kp<=4k,0.3042,3
32,n<=8,sr<=40%,kvB<=16k,kp<=512,-0.079,4
32,n<=8,sr<=40%,kvB<=16k,kp<=8k,-0.0118,3
32,n<=8,sr<=40%,kvB<=16k,kp=0,0.0483,4
32,n<=8,sr<=40%,kvB<=1k,kp<=1k,0.2013,3
32,n<=8,sr<=40%,kvB<=1k,kp<=2k,0.4549,3
32,n<=8,sr<=40%,kvB<=1k,kp<=4k,0.3381,4
32,n<=8,sr<=40%,kvB<=1k,kp<=512,0.2151,3
32,n<=8,sr<=40%,kvB<=1k,kp<=8k,0.9606,2
32,n<=8,sr<=40%,kvB<=1k,kp=0,0.6289,4
32,n<=8,sr<=40%,kvB<=4k,kp<=1k,0.1388,3
32,n<=8,sr<=40%,kvB<=4k,kp<=2k,0.0141,3
32,n<=8,sr<=40%,kvB<=4k,kp<=4k,-0.0011,3
32,n<=8,sr<=40%,kvB<=4k,kp<=512,0.0142,4
32,n<=8,sr<=40%,kvB<=4k,kp<=8k,-0.0771,3
32,n<=8,sr<=40%,kvB<=4k,kp=0,0.001,4
32,n<=8,sr<=70%,kvB<=16k,kp<=1k,-0.5088,2
32,n<=8,sr<=70%,kvB<=16k,kp<=2k,0.0691,2
32,n<=8,sr<=70%,kvB<=16k,kp<=4k,-0.2262,1
32,n<=8,sr<=70%,kvB<=16k,kp<=512,-0.2481,2
32,n<=8,sr<=70%,kvB<=16k,kp<=8k,0.2362,1
32,n<=8,sr<=70%,kvB<=16k,kp=0,-0.1171,2
32,n<=8,sr<=70%,kvB<=1k,kp<=1k,-0.0397,1
32,n<=8,sr<=70%,kvB<=1k,kp<=2k,0.0383,1
32,n<=8,sr<=70%,kvB<=1k,kp<=4k,0.3491,2
32,n<=8,sr<=70%,kvB<=1k,kp<=512,0.0679,2
32,n<=8,sr<=70%,kvB<=1k,kp=0,0.4993,2
32,n<=8,sr<=70%,kvB<=4k,kp<=1k,0.3915,2
32,n<=8,sr<=70%,kvB<=4k,kp<=2k,-0.0156,1
32,n<=8,sr<=70%,kvB<=4k,kp<=4k,0.2227,1
32,n<=8,sr<=70%,kvB<=4k,kp<=512,-0.0223,2
32,n<=8,sr<=70%,kvB<=4k,kp<=8k,0.2153,1
32,n<=8,sr<=70%,kvB<=4k,kp=0,-0.0723,2
32,n<=8,sr>70%,kvB<=16k,kp<=1k,-0.2345,4
32,n<=8,sr>70%,kvB<=16k,kp<=2k,-1.3288,4
32,n<=8,sr>70%,kvB<=16k,kp<=4k,-1.5737,4
32,n<=8,sr>70%,kvB<=16k,kp<=512,1.3569,4
32,n<=8,sr>70%,kvB<=16k,kp<=8k,1.3845,4
32,n<=8,sr>70%,kvB<=16k,kp=0,2.0014,4
32,n<=8,sr>70%,kvB<=1k,kp<=1k,0.4963,4
32,n<=8,sr>70%,kvB<=1k,kp<=2k,0.4775,3
32,n<=8,sr>70%,kvB<=1k,kp<=4k,-0.1131,3
32,n<=8,sr>70%,kvB<=1k,kp<=512,0.4727,4
32,n<=8,sr>70%,kvB<=1k,kp<=8k,-1.0411,2
32,n<=8,sr>70%,kvB<=1k,kp=0,0.9769,3
32,n<=8,sr>70%,kvB<=4k,kp<=1k,-0.0735,3
32,n<=8,sr>70%,kvB<=4k,kp<=2k,0.093,4
32,n<=8,sr>70%,kvB<=4k,kp<=4k,-1.0489,4
32,n<=8,sr>70%,kvB<=4k,kp<=512,-0.5781,4
32,n<=8,sr>70%,kvB<=4k,kp<=8k,0.0686,2
32,n<=8,sr>70%,kvB<=4k,kp=0,0.0254,4
64,n<=128,sr<=15%,kvB<=16k,kp<=1k,-0.1131,3
64,n<=128,sr<=15%,kvB<=16k,kp<=2k,-0.5329,1
64,n<=128,sr<=15%,kvB<=16k,kp<=4k,-0.0698,3
64,n<=128,sr<=15%,kvB<=16k,kp<=512,0.0798,3
64,n<=128,sr<=15%,kvB<=16k,kp<=8k,0.1258,4
64,n<=128,sr<=15%,kvB<=16k,kp=0,-0.123,4
64,n<=128,sr<=15%,kvB<=1k,kp<=1k,1.0142,2
64,n<=128,sr<=15%,kvB<=1k,kp<=2k,0.1029,4
64,n<=128,sr<=15%,kvB<=1k,kp<=4k,0.6946,2
64,n<=128,sr<=15%,kvB<=1k,kp<=512,0.4815,4
64,n<=128,sr<=15%,kvB<=1k,kp<=8k,0.6457,1
64,n<=128,sr<=15%,kvB<=1k,kp=0,0.6637,2
64,n<=128,sr<=15%,kvB<=4k,kp<=1k,-0.0089,3
64,n<=128,sr<=15%,kvB<=4k,kp<=2k,-0.0023,4
64,n<=128,sr<=15%,kvB<=4k,kp<=4k,0.1303,2
64,n<=128,sr<=15%,kvB<=4k,kp<=512,-0.0134,2
64,n<=128,sr<=15%,kvB<=4k,kp<=8k,-0.0299,2
64,n<=128,sr<=15%,kvB<=4k,kp=0,0.0491,1
64,n<=128,sr<=40%,kvB<=16k,kp<=1k,-0.0051,2
64,n<=128,sr<=40%,kvB<=16k,kp<=2k,0.0,1
64,n<=128,sr<=40%,kvB<=16k,kp<=4k,0.4762,1
64,n<=128,sr<=40%,kvB<=16k,kp<=512,-0.0022,2
64,n<=128,sr<=40%,kvB<=16k,kp<=8k,0.0,1
64,n<=128,sr<=40%,kvB<=16k,kp=0,0.2348,2
64,n<=128,sr<=40%,kvB<=1k,kp<=1k,0.0418,1
64,n<=128,sr<=40%,kvB<=1k,kp<=4k,0.0824,2
64,n<=128,sr<=40%,kvB<=1k,kp<=512,-1.6357,1
64,n<=128,sr<=40%,kvB<=1k,kp<=8k,0.0854,1
64,n<=128,sr<=40%,kvB<=1k,kp=0,0.3047,2
64,n<=128,sr<=40%,kvB<=4k,kp<=1k,-0.0158,1
64,n<=128,sr<=40%,kvB<=4k,kp<=2k,0.3269,2
64,n<=128,sr<=40%,kvB<=4k,kp<=4k,-0.1176,2
64,n<=128,sr<=40%,kvB<=4k,kp<=512,-0.3633,2
64,n<=128,sr<=40%,kvB<=4k,kp<=8k,0.4016,2
64,n<=128,sr<=40%,kvB<=4k,kp=0,-0.0062,1
64,n<=128,sr<=5%,kvB<=16k,kp<=1k,-0.0439,7
64,n<=128,sr<=5%,kvB<=16k,kp<=2k,0.2301,7
64,n<=128,sr<=5%,kvB<=16k,kp<=4k,0.1352,6
64,n<=128,sr<=5%,kvB<=16k,kp<=512,0.0538,5
64,n<=128,sr<=5%,kvB<=16k,kp<=8k,0.0513,7
64,n<=128,sr<=5%,kvB<=16k,kp=0,0.1266,8
64,n<=128,sr<=5%,kvB<=1k,kp<=1k,0.278,7
64,n<=128,sr<=5%,kvB<=1k,kp<=2k,0.3576,5
64,n<=128,sr<=5%,kvB<=1k,kp<=4k,0.1975,7
64,n<=128,sr<=5%,kvB<=1k,kp<=512,0.0758,6
64,n<=128,sr<=5%,kvB<=1k,kp<=8k,-0.1661,8
64,n<=128,sr<=5%,kvB<=1k,kp=0,0.3278,5
64,n<=128,sr<=5%,kvB<=4k,kp<=1k,-0.1602,5
64,n<=128,sr<=5%,kvB<=4k,kp<=2k,-0.0823,6
64,n<=128,sr<=5%,kvB<=4k,kp<=4k,0.0498,8
64,n<=128,sr<=5%,kvB<=4k,kp<=512,0.199,7
64,n<=128,sr<=5%,kvB<=4k,kp<=8k,-0.7041,4
64,n<=128,sr<=5%,kvB<=4k,kp=0,0.0353,7
64,n<=128,sr<=70%,kvB<=16k,kp<=1k,-0.0212,1
64,n<=128,sr<=70%,kvB<=16k,kp<=2k,-0.9631,1
64,n<=128,sr<=70%,kvB<=16k,kp<=4k,-0.1611,1
64,n<=128,sr<=70%,kvB<=16k,kp<=512,0.464,2
64,n<=128,sr<=70%,kvB<=16k,kp=0,0.0,2
64,n<=128,sr<=70%,kvB<=1k,kp<=1k,-3.162,1
64,n<=128,sr<=70%,kvB<=1k,kp<=4k,0.7377,2
64,n<=128,sr<=70%,kvB<=1k,kp<=512,-0.042,1
64,n<=128,sr<=70%,kvB<=1k,kp<=8k,1.7386,2
64,n<=128,sr<=70%,kvB<=1k,kp=0,0.7569,2
64,n<=128,sr<=70%,kvB<=4k,kp<=1k,0.1003,2
64,n<=128,sr<=70%,kvB<=4k,kp<=2k,1.3098,1
64,n<=128,sr<=70%,kvB<=4k,kp<=4k,-0.7288,2
64,n<=128,sr<=70%,kvB<=4k,kp<=512,-0.1074,1
64,n<=128,sr<=70%,kvB<=4k,kp<=8k,-4.3909,1
64,n<=128,sr<=70%,kvB<=4k,kp=0,0.559,2
64,n<=128,sr>70%,kvB<=16k,kp<=1k,0.9898,2
64,n<=128,sr>70%,kvB<=16k,kp<=2k,-0.7266,2
64,n<=128,sr>70%,kvB<=16k,kp<=4k,-0.2183,3
64,n<=128,sr>70%,kvB<=16k,kp<=512,-3.6307,3
64,n<=128,sr>70%,kvB<=16k,kp<=8k,0.3448,3
64,n<=128,sr>70%,kvB<=16k,kp=0,0.8756,3
64,n<=128,sr>70%,kvB<=1k,kp<=1k,0.8922,3
64,n<=128,sr>70%,kvB<=1k,kp<=2k,0.8104,3
64,n<=128,sr>70%,kvB<=1k,kp<=4k,0.5909,3
64,n<=128,sr>70%,kvB<=1k,kp<=512,-1.0636,3
64,n<=128,sr>70%,kvB<=1k,kp<=8k,0.2434,4
64,n<=128,sr>70%,kvB<=1k,kp=0,0.8543,3
64,n<=128,sr>70%,kvB<=4k,kp<=1k,-1.4051,3
64,n<=128,sr>70%,kvB<=4k,kp<=2k,0.5592,3
64,n<=128,sr>70%,kvB<=4k,kp<=4k,-1.0374,3
64,n<=128,sr>70%,kvB<=4k,kp<=512,0.83,4
64,n<=128,sr>70%,kvB<=4k,kp<=8k,4.2774,4
64,n<=128,sr>70%,kvB<=4k,kp=0,0.8329,4
64,n<=16,sr<=15%,kvB<=16k,kp<=1k,-0.0142,4
64,n<=16,sr<=15%,kvB<=16k,kp<=2k,-0.1145,4
64,n<=16,sr<=15%,kvB<=16k,kp<=4k,0.0094,4
64,n<=16,sr<=15%,kvB<=16k,kp<=512,0.0787,4
64,n<=16,sr<=15%,kvB<=16k,kp<=8k,0.2469,4
64,n<=16,sr<=15%,kvB<=16k,kp=0,0.1942,4
64,n<=16,sr<=15%,kvB<=1k,kp<=1k,-0.8743,2
64,n<=16,sr<=15%,kvB<=1k,kp<=2k,0.0492,4
64,n<=16,sr<=15%,kvB<=1k,kp<=4k,0.0074,2
64,n<=16,sr<=15%,kvB<=1k,kp<=512,0.5213,4
64,n<=16,sr<=15%,kvB<=1k,kp<=8k,-0.0201,4
64,n<=16,sr<=15%,kvB<=1k,kp=0,0.3553,4
64,n<=16,sr<=15%,kvB<=4k,kp<=1k,0.0884,4
64,n<=16,sr<=15%,kvB<=4k,kp<=2k,0.3203,4
64,n<=16,sr<=15%,kvB<=4k,kp<=4k,-0.0068,4
64,n<=16,sr<=15%,kvB<=4k,kp<=512,-0.1865,4
64,n<=16,sr<=15%,kvB<=4k,kp<=8k,0.3302,4
64,n<=16,sr<=15%,kvB<=4k,kp=0,0.087,4
64,n<=16,sr<=40%,kvB<=16k,kp<=1k,-0.0252,4
64,n<=16,sr<=40%,kvB<=16k,kp<=2k,-0.1068,4
64,n<=16,sr<=40%,kvB<=16k,kp<=4k,-0.0314,4
64,n<=16,sr<=40%,kvB<=16k,kp<=512,-0.0004,4
64,n<=16,sr<=40%,kvB<=16k,kp<=8k,0.1251,4
64,n<=16,sr<=40%,kvB<=16k,kp=0,0.0982,4
64,n<=16,sr<=40%,kvB<=1k,kp<=1k,0.3138,3
64,n<=16,sr<=40%,kvB<=1k,kp<=2k,0.3748,3
64,n<=16,sr<=40%,kvB<=1k,kp<=4k,-0.0064,2
64,n<=16,sr<=40%,kvB<=1k,kp<=512,0.6311,4
64,n<=16,sr<=40%,kvB<=1k,kp<=8k,0.0291,2
64,n<=16,sr<=40%,kvB<=1k,kp=0,0.3387,4
64,n<=16,sr<=40%,kvB<=4k,kp<=1k,-0.1654,4
64,n<=16,sr<=40%,kvB<=4k,kp<=2k,0.1728,4
64,n<=16,sr<=40%,kvB<=4k,kp<=4k,0.0363,3
64,n<=16,sr<=40%,kvB<=4k,kp<=512,-0.3266,4
64,n<=16,sr<=40%,kvB<=4k,kp<=8k,0.031,4
64,n<=16,sr<=40%,kvB<=4k,kp=0,-0.0122,4
64,n<=16,sr<=70%,kvB<=16k,kp<=1k,-0.2787,2
64,n<=16,sr<=70%,kvB<=16k,kp<=2k,-0.2923,2
64,n<=16,sr<=70%,kvB<=16k,kp<=4k,-0.135,2
64,n<=16,sr<=70%,kvB<=16k,kp<=512,-0.1847,2
64,n<=16,sr<=70%,kvB<=16k,kp<=8k,0.0903,2
64,n<=16,sr<=70%,kvB<=16k,kp=0,-0.038,2
64,n<=16,sr<=70%,kvB<=1k,kp<=1k,0.6065,1
64,n<=16,sr<=70%,kvB<=1k,kp<=2k,0.3272,1
64,n<=16,sr<=70%,kvB<=1k,kp<=4k,-0.0445,1
64,n<=16,sr<=70%,kvB<=1k,kp<=512,-0.0004,2
64,n<=16,sr<=70%,kvB<=1k,kp<=8k,-0.3489,1
64,n<=16,sr<=70%,kvB<=1k,kp=0,0.3992,2
64,n<=16,sr<=70%,kvB<=4k,kp<=1k,-0.4421,2
64,n<=16,sr<=70%,kvB<=4k,kp<=2k,0.1844,2
64,n<=16,sr<=70%,kvB<=4k,kp<=4k,0.3455,1
64,n<=16,sr<=70%,kvB<=4k,kp<=512,-0.1968,2
64,n<=16,sr<=70%,kvB<=4k,kp<=8k,-0.0117,1
64,n<=16,sr<=70%,kvB<=4k,kp=0,-0.2545,2
64,n<=16,sr>70%,kvB<=16k,kp<=1k,1.2264,4
64,n<=16,sr>70%,kvB<=16k,kp<=2k,0.4453,4
64,n<=16,sr>70%,kvB<=16k,kp<=4k,-0.6106,4
64,n<=16,sr>70%,kvB<=16k,kp<=512,1.8863,4
64,n<=16,sr>70%,kvB<=16k,kp<=8k,0.1484,4
64,n<=16,sr>70%,kvB<=16k,kp=0,2.3781,4
64,n<=16,sr>70%,kvB<=1k,kp<=1k,0.901,4
64,n<=16,sr>70%,kvB<=1k,kp<=2k,0.8584,4
64,n<=16,sr>70%,kvB<=1k,kp<=4k,0.8801,2
64,n<=16,sr>70%,kvB<=1k,kp<=512,0.8045,4
64,n<=16,sr>70%,kvB<=1k,kp<=8k,0.4495,2
64,n<=16,sr>70%,kvB<=1k,kp=0,0.7631,4
64,n<=16,sr>70%,kvB<=4k,kp<=1k,-0.6115,4
64,n<=16,sr>70%,kvB<=4k,kp<=2k,-0.0187,4
64,n<=16,sr>70%,kvB<=4k,kp<=4k,0.8862,2
64,n<=16,sr>70%,kvB<=4k,kp<=512,0.1544,4
64,n<=16,sr>70%,kvB<=4k,kp<=8k,0.9234,3
64,n<=16,sr>70%,kvB<=4k,kp=0,1.3446,4
64,n<=2,sr<=70%,kvB<=16k,kp<=1k,1.083,2
64,n<=2,sr<=70%,kvB<=16k,kp<=2k,0.9965,2
64,n<=2,sr<=70%,kvB<=16k,kp<=4k,1.0086,2
64,n<=2,sr<=70%,kvB<=16k,kp<=512,0.9922,2
64,n<=2,sr<=70%,kvB<=16k,kp<=8k,0.9691,1
64,n<=2,sr<=70%,kvB<=16k,kp=0,0.9895,2
64,n<=2,sr<=70%,kvB<=1k,kp<=2k,-0.4503,1
64,n<=2,sr<=70%,kvB<=1k,kp<=4k,-0.4436,2
64,n<=2,sr<=70%,kvB<=1k,kp<=8k,0.2116,2
64,n<=2,sr<=70%,kvB<=1k,kp=0,1.1132,2
64,n<=2,sr<=70%,kvB<=4k,kp<=1k,1.0339,2
64,n<=2,sr<=70%,kvB<=4k,kp<=2k,0.8851,1
64,n<=2,sr<=70%,kvB<=4k,kp<=4k,0.8516,2
64,n<=2,sr<=70%,kvB<=4k,kp<=512,0.972,2
64,n<=2,sr<=70%,kvB<=4k,kp<=8k,0.1521,2
64,n<=2,sr<=70%,kvB<=4k,kp=0,1.0281,2
64,n<=32,sr<=15%,kvB<=16k,kp<=1k,0.1143,6
64,n<=32,sr<=15%,kvB<=16k,kp<=2k,0.0234,6
64,n<=32,sr<=15%,kvB<=16k,kp<=4k,-0.1017,6
64,n<=32,sr<=15%,kvB<=16k,kp<=512,0.1694,6
64,n<=32,sr<=15%,kvB<=16k,kp<=8k,-0.0377,6
64,n<=32,sr<=15%,kvB<=16k,kp=0,0.2177,6
64,n<=32,sr<=15%,kvB<=1k,kp<=1k,0.1722,6
64,n<=32,sr<=15%,kvB<=1k,kp<=2k,-0.0073,6
64,n<=32,sr<=15%,kvB<=1k,kp<=4k,0.0218,6
64,n<=32,sr<=15%,kvB<=1k,kp<=512,-0.0139,6
64,n<=32,sr<=15%,kvB<=1k,kp<=8k,-0.02,6
64,n<=32,sr<=15%,kvB<=1k,kp=0,0.3641,6
64,n<=32,sr<=15%,kvB<=4k,kp<=1k,-0.0968,6
64,n<=32,sr<=15%,kvB<=4k,kp<=2k,-0.0336,6
64,n<=32,sr<=15%,kvB<=4k,kp<=4k,0.0635,6
64,n<=32,sr<=15%,kvB<=4k,kp<=512,0.0141,6
64,n<=32,sr<=15%,kvB<=4k,kp<=8k,-0.0644,6
64,n<=32,sr<=15%,kvB<=4k,kp=0,0.1962,6
64,n<=32,sr<=40%,kvB<=16k,kp<=1k,0.0594,2
64,n<=32,sr<=40%,kvB<=16k,kp<=2k,-0.154,2
64,n<=32,sr<=40%,kvB<=16k,kp<=4k,-0.2592,2
64,n<=32,sr<=40%,kvB<=16k,kp<=512,0.1082,2
64,n<=32,sr<=40%,kvB<=16k,kp<=8k,-0.1538,2
64,n<=32,sr<=40%,kvB<=16k,kp=0,0.1915,2
64,n<=32,sr<=40%,kvB<=1k,kp<=1k,0.1163,2
64,n<=32,sr<=40%,kvB<=1k,kp<=2k,0.2899,2
64,n<=32,sr<=40%,kvB<=1k,kp<=4k,0.2225,2
64,n<=32,sr<=40%,kvB<=1k,kp<=512,-0.2127,2
64,n<=32,sr<=40%,kvB<=1k,kp<=8k,0.0765,2
64,n<=32,sr<=40%,kvB<=1k,kp=0,0.4101,2
64,n<=32,sr<=40%,kvB<=4k,kp<=1k,-0.2753,2
64,n<=32,sr<=40%,kvB<=4k,kp<=2k,-0.1488,2
64,n<=32,sr<=40%,kvB<=4k,kp<=4k,-0.0751,2
64,n<=32,sr<=40%,kvB<=4k,kp<=512,-0.1922,2
64,n<=32,sr<=40%,kvB<=4k,kp<=8k,-0.0191,2
64,n<=32,sr<=40%,kvB<=4k,kp=0,0.0364,2
64,n<=32,sr<=5%,kvB<=16k,kp<=1k,0.1632,2
64,n<=32,sr<=5%,kvB<=16k,kp<=2k,0.0784,2
64,n<=32,sr<=5%,kvB<=16k,kp<=4k,-0.0339,2
64,n<=32,sr<=5%,kvB<=16k,kp<=512,0.2073,2
64,n<=32,sr<=5%,kvB<=16k,kp<=8k,0.0326,2
64,n<=32,sr<=5%,kvB<=16k,kp=0,0.2619,2
64,n<=32,sr<=5%,kvB<=1k,kp<=1k,0.107,2
64,n<=32,sr<=5%,kvB<=1k,kp<=2k,-0.0203,2
64,n<=32,sr<=5%,kvB<=1k,kp<=4k,-0.0338,2
64,n<=32,sr<=5%,kvB<=1k,kp<=512,0.0202,2
64,n<=32,sr<=5%,kvB<=1k,kp<=8k,-0.0265,2
64,n<=32,sr<=5%,kvB<=1k,kp=0,0.3657,2
64,n<=32,sr<=5%,kvB<=4k,kp<=1k,-0.0381,2
64,n<=32,sr<=5%,kvB<=4k,kp<=2k,0.0359,2
64,n<=32,sr<=5%,kvB<=4k,kp<=4k,0.133,2
64,n<=32,sr<=5%,kvB<=4k,kp<=512,0.0547,2
64,n<=32,sr<=5%,kvB<=4k,kp<=8k,-0.0058,2
64,n<=32,sr<=5%,kvB<=4k,kp=0,0.2518,2
64,n<=32,sr<=70%,kvB<=16k,kp<=1k,0.0605,2
64,n<=32,sr<=70%,kvB<=16k,kp<=2k,-0.0824,2
64,n<=32,sr<=70%,kvB<=16k,kp<=4k,-0.3089,2
64,n<=32,sr<=70%,kvB<=16k,kp<=512,0.1737,2
64,n<=32,sr<=70%,kvB<=16k,kp<=8k,-0.2436,2
64,n<=32,sr<=70%,kvB<=16k,kp=0,0.2805,2
64,n<=32,sr<=70%,kvB<=1k,kp<=1k,-0.4383,2
64,n<=32,sr<=70%,kvB<=1k,kp<=2k,0.0644,2
64,n<=32,sr<=70%,kvB<=1k,kp<=4k,-0.3756,1
64,n<=32,sr<=70%,kvB<=1k,kp<=512,-0.5956,2
64,n<=32,sr<=70%,kvB<=1k,kp<=8k,-0.4631,2
64,n<=32,sr<=70%,kvB<=1k,kp=0,0.4504,2
64,n<=32,sr<=70%,kvB<=4k,kp<=1k,-0.328,2
64,n<=32,sr<=70%,kvB<=4k,kp<=2k,-0.4697,2
64,n<=32,sr<=70%,kvB<=4k,kp<=4k,-0.1431,2
64,n<=32,sr<=70%,kvB<=4k,kp<=512,-0.1255,2
64,n<=32,sr<=70%,kvB<=4k,kp<=8k,-0.0085,2
64,n<=32,sr<=70%,kvB<=4k,kp=0,0.2323,2
64,n<=32,sr>70%,kvB<=16k,kp<=1k,0.3891,4
64,n<=32,sr>70%,kvB<=16k,kp<=2k,0.1024,4
64,n<=32,sr>70%,kvB<=16k,kp<=4k,-0.4251,4
64,n<=32,sr>70%,kvB<=16k,kp<=512,0.5345,4
64,n<=32,sr>70%,kvB<=16k,kp<=8k,-0.9958,4
64,n<=32,sr>70%,kvB<=16k,kp=0,0.6419,4
64,n<=32,sr>70%,kvB<=1k,kp<=1k,-0.1408,4
64,n<=32,sr>70%,kvB<=1k,kp<=2k,0.8423,4
64,n<=32,sr>70%,kvB<=1k,kp<=4k,0.8725,4
64,n<=32,sr>70%,kvB<=1k,kp<=512,-0.5528,4
64,n<=32,sr>70%,kvB<=1k,kp<=8k,0.3342,4
64,n<=32,sr>70%,kvB<=1k,kp=0,0.2892,4
64,n<=32,sr>70%,kvB<=4k,kp<=1k,-0.577,4
64,n<=32,sr>70%,kvB<=4k,kp<=2k,-0.9295,4
64,n<=32,sr>70%,kvB<=4k,kp<=4k,-0.2982,4
64,n<=32,sr>70%,kvB<=4k,kp<=512,-0.0046,4
64,n<=32,sr>70%,kvB<=4k,kp<=8k,0.9439,4
64,n<=32,sr>70%,kvB<=4k,kp=0,0.611,4
64,n<=4,sr<=40%,kvB<=16k,kp<=1k,0.9852,2
64,n<=4,sr<=40%,kvB<=16k,kp<=2k,1.0302,2
64,n<=4,sr<=40%,kvB<=16k,kp<=4k,0.9235,1
64,n<=4,sr<=40%,kvB<=16k,kp<=512,0.9344,2
64,n<=4,sr<=40%,kvB<=16k,kp<=8k,-0.0026,1
64,n<=4,sr<=40%,kvB<=16k,kp=0,0.9345,2
64,n<=4,sr<=40%,kvB<=1k,kp<=1k,0.1152,2
64,n<=4,sr<=40%,kvB<=1k,kp<=2k,0.1763,2
64,n<=4,sr<=40%,kvB<=1k,kp<=4k,-0.0196,2
64,n<=4,sr<=40%,kvB<=1k,kp<=512,-0.0512,2
64,n<=4,sr<=40%,kvB<=1k,kp<=8k,-0.1587,2
64,n<=4,sr<=40%,kvB<=1k,kp=0,0.8076,2
64,n<=4,sr<=40%,kvB<=4k,kp<=1k,0.9157,2
64,n<=4,sr<=40%,kvB<=4k,kp<=2k,-0.0309,1
64,n<=4,sr<=40%,kvB<=4k,kp<=4k,-0.0283,1
64,n<=4,sr<=40%,kvB<=4k,kp<=512,1.1268,2
64,n<=4,sr<=40%,kvB<=4k,kp<=8k,-0.3053,1
64,n<=4,sr<=40%,kvB<=4k,kp=0,0.8149,2
64,n<=4,sr<=70%,kvB<=16k,kp<=1k,0.9401,2
64,n<=4,sr<=70%,kvB<=16k,kp<=2k,1.0281,2
64,n<=4,sr<=70%,kvB<=16k,kp<=4k,0.958,1
64,n<=4,sr<=70%,kvB<=16k,kp<=512,0.9224,2
64,n<=4,sr<=70%,kvB<=16k,kp<=8k,-0.0009,1
64,n<=4,sr<=70%,kvB<=16k,kp=0,0.9145,2
64,n<=4,sr<=70%,kvB<=1k,kp<=1k,-0.0836,1
64,n<=4,sr<=70%,kvB<=1k,kp<=4k,0.4413,2
64,n<=4,sr<=70%,kvB<=1k,kp<=512,-0.046,2
64,n<=4,sr<=70%,kvB<=1k,kp<=8k,-0.3563,2
64,n<=4,sr<=70%,kvB<=1k,kp=0,0.5626,2
64,n<=4,sr<=70%,kvB<=4k,kp<=1k,0.9248,1
64,n<=4,sr<=70%,kvB<=4k,kp<=2k,-0.0338,1
64,n<=4,sr<=70%,kvB<=4k,kp<=4k,-0.004,1
64,n<=4,sr<=70%,kvB<=4k,kp<=512,0.7811,2
64,n<=4,sr<=70%,kvB<=4k,kp<=8k,0.8937,1
64,n<=4,sr<=70%,kvB<=4k,kp=0,0.9045,2
64,n<=4,sr>70%,kvB<=16k,kp<=1k,1.0641,2
64,n<=4,sr>70%,kvB<=16k,kp<=2k,0.913,2
64,n<=4,sr>70%,kvB<=16k,kp<=4k,0.8859,1
64,n<=4,sr>70%,kvB<=16k,kp<=512,0.9591,2
64,n<=4,sr>70%,kvB<=16k,kp<=8k,0.3846,1
64,n<=4,sr>70%,kvB<=16k,kp=0,0.9733,2
64,n<=4,sr>70%,kvB<=1k,kp<=1k,0.9394,2
64,n<=4,sr>70%,kvB<=1k,kp<=2k,5.8031,1
64,n<=4,sr>70%,kvB<=1k,kp<=4k,0.8119,2
64,n<=4,sr>70%,kvB<=1k,kp<=512,0.7891,2
64,n<=4,sr>70%,kvB<=1k,kp<=8k,0.2846,2
64,n<=4,sr>70%,kvB<=1k,kp=0,0.7525,2
64,n<=4,sr>70%,kvB<=4k,kp<=1k,0.6912,2
64,n<=4,sr>70%,kvB<=4k,kp<=2k,0.8178,1
64,n<=4,sr>70%,kvB<=4k,kp<=4k,0.4972,2
64,n<=4,sr>70%,kvB<=4k,kp<=512,0.8587,2
64,n<=4,sr>70%,kvB<=4k,kp<=8k,0.9129,1
64,n<=4,sr>70%,kvB<=4k,kp=0,1.2066,2
64,n<=64,sr<=15%,kvB<=16k,kp<=1k,0.0334,3
64,n<=64,sr<=15%,kvB<=16k,kp<=2k,-0.0144,4
64,n<=64,sr<=15%,kvB<=16k,kp<=4k,-0.0887,4
64,n<=64,sr<=15%,kvB<=16k,kp<=512,0.045,3
64,n<=64,sr<=15%,kvB<=16k,kp<=8k,-0.04,3
64,n<=64,sr<=15%,kvB<=16k,kp=0,0.1409,4
64,n<=64,sr<=15%,kvB<=1k,kp<=1k,0.0435,3
64,n<=64,sr<=15%,kvB<=1k,kp<=2k,0.2876,4
64,n<=64,sr<=15%,kvB<=1k,kp<=4k,0.4424,3
64,n<=64,sr<=15%,kvB<=1k,kp<=512,0.0257,3
64,n<=64,sr<=15%,kvB<=1k,kp<=8k,0.4036,4
64,n<=64,sr<=15%,kvB<=1k,kp=0,0.2814,2
64,n<=64,sr<=15%,kvB<=4k,kp<=1k,-0.0617,4
64,n<=64,sr<=15%,kvB<=4k,kp<=2k,0.0025,3
64,n<=64,sr<=15%,kvB<=4k,kp<=4k,0.0484,3
64,n<=64,sr<=15%,kvB<=4k,kp<=512,0.0421,4
64,n<=64,sr<=15%,kvB<=4k,kp<=8k,-0.0125,3
64,n<=64,sr<=15%,kvB<=4k,kp=0,0.0809,4
64,n<=64,sr<=40%,kvB<=16k,kp<=1k,0.0861,2
64,n<=64,sr<=40%,kvB<=16k,kp<=2k,-0.0225,2
64,n<=64,sr<=40%,kvB<=16k,kp<=4k,-1.2661,1
64,n<=64,sr<=40%,kvB<=16k,kp<=512,0.0582,2
64,n<=64,sr<=40%,kvB<=16k,kp=0,-0.132,2
64,n<=64,sr<=40%,kvB<=1k,kp<=1k,-0.1027,1
64,n<=64,sr<=40%,kvB<=1k,kp<=4k,0.0231,2
64,n<=64,sr<=40%,kvB<=1k,kp<=512,2.0425,2
64,n<=64,sr<=40%,kvB<=1k,kp<=8k,10.0222,1
64,n<=64,sr<=40%,kvB<=1k,kp=0,0.2155,2
64,n<=64,sr<=40%,kvB<=4k,kp<=2k,0.4831,1
64,n<=64,sr<=40%,kvB<=4k,kp<=512,-0.0786,1
64,n<=64,sr<=40%,kvB<=4k,kp=0,-0.0538,2
64,n<=64,sr<=5%,kvB<=16k,kp<=1k,0.0613,6
64,n<=64,sr<=5%,kvB<=16k,kp<=2k,0.023,6
64,n<=64,sr<=5%,kvB<=16k,kp<=4k,-0.0301,6
64,n<=64,sr<=5%,kvB<=16k,kp<=512,0.0851,6
64,n<=64,sr<=5%,kvB<=16k,kp<=8k,-0.0121,6
64,n<=64,sr<=5%,kvB<=16k,kp=0,0.112,6
64,n<=64,sr<=5%,kvB<=1k,kp<=1k,-0.0005,6
64,n<=64,sr<=5%,kvB<=1k,kp<=2k,0.0054,6
64,n<=64,sr<=5%,kvB<=1k,kp<=4k,-0.0007,6
64,n<=64,sr<=5%,kvB<=1k,kp<=512,-0.0086,6
64,n<=64,sr<=5%,kvB<=1k,kp<=8k,-0.0023,6
64,n<=64,sr<=5%,kvB<=1k,kp=0,0.2106,6
64,n<=64,sr<=5%,kvB<=4k,kp<=1k,-0.0179,6
64,n<=64,sr<=5%,kvB<=4k,kp<=2k,-0.0127,6
64,n<=64,sr<=5%,kvB<=4k,kp<=4k,0.0441,6
64,n<=64,sr<=5%,kvB<=4k,kp<=512,-0.0123,6
64,n<=64,sr<=5%,kvB<=4k,kp<=8k,-0.0003,6
64,n<=64,sr<=5%,kvB<=4k,kp=0,0.0662,6
64,n<=64,sr<=70%,kvB<=16k,kp<=1k,-0.0042,2
64,n<=64,sr<=70%,kvB<=16k,kp<=2k,-0.4536,2
64,n<=64,sr<=70%,kvB<=16k,kp<=512,0.0001,2
64,n<=64,sr<=70%,kvB<=16k,kp<=8k,-0.2962,1
64,n<=64,sr<=70%,kvB<=1k,kp<=1k,2.9698,1
64,n<=64,sr<=70%,kvB<=1k,kp<=2k,1.269,2
64,n<=64,sr<=70%,kvB<=1k,kp<=4k,-0.0515,2
64,n<=64,sr<=70%,kvB<=1k,kp<=512,0.7199,2
64,n<=64,sr<=70%,kvB<=1k,kp<=8k,-0.0756,2
64,n<=64,sr<=70%,kvB<=1k,kp=0,-1.6196,2
64,n<=64,sr<=70%,kvB<=4k,kp<=1k,-0.4215,1
64,n<=64,sr<=70%,kvB<=4k,kp<=2k,-0.4108,1
64,n<=64,sr<=70%,kvB<=4k,kp<=4k,-0.0203,1
64,n<=64,sr<=70%,kvB<=4k,kp<=512,0.0138,2
64,n<=64,sr<=70%,kvB<=4k,kp<=8k,0.7033,1
64,n<=64,sr<=70%,kvB<=4k,kp=0,0.2779,1
64,n<=64,sr>70%,kvB<=16k,kp<=1k,0.9391,4
64,n<=64,sr>70%,kvB<=16k,kp<=2k,0.3301,3
64,n<=64,sr>70%,kvB<=16k,kp<=4k,-0.0054,3
64,n<=64,sr>70%,kvB<=16k,kp<=512,0.9372,3
64,n<=64,sr>70%,kvB<=16k,kp<=8k,0.7821,3
64,n<=64,sr>70%,kvB<=16k,kp=0,0.4834,1
64,n<=64,sr>70%,kvB<=1k,kp<=1k,-0.1863,3
64,n<=64,sr>70%,kvB<=1k,kp<=2k,0.5819,2
64,n<=64,sr>70%,kvB<=1k,kp<=4k,0.297,4
64,n<=64,sr>70%,kvB<=1k,kp<=512,-2.9619,3
64,n<=64,sr>70%,kvB<=1k,kp<=8k,0.8842,2
64,n<=64,sr>70%,kvB<=1k,kp=0,0.7526,4
64,n<=64,sr>70%,kvB<=4k,kp<=1k,1.5739,3
64,n<=64,sr>70%,kvB<=4k,kp<=2k,0.7993,2
64,n<=64,sr>70%,kvB<=4k,kp<=4k,0.111,3
64,n<=64,sr>70%,kvB<=4k,kp<=512,0.8596,3
64,n<=64,sr>70%,kvB<=4k,kp<=8k,1.0638,2
64,n<=64,sr>70%,kvB<=4k,kp=0,1.6874,4
64,n<=8,sr<=15%,kvB<=16k,kp<=1k,0.4613,2
64,n<=8,sr<=15%,kvB<=16k,kp<=2k,0.372,2
64,n<=8,sr<=15%,kvB<=16k,kp<=4k,-0.0446,2
64,n<=8,sr<=15%,kvB<=16k,kp<=512,0.5053,2
64,n<=8,sr<=15%,kvB<=16k,kp<=8k,-0.0685,2
64,n<=8,sr<=15%,kvB<=16k,kp=0,0.6308,2
64,n<=8,sr<=15%,kvB<=1k,kp<=1k,0.0166,1
64,n<=8,sr<=15%,kvB<=1k,kp<=2k,-0.0381,2
64,n<=8,sr<=15%,kvB<=1k,kp<=4k,0.0343,2
64,n<=8,sr<=15%,kvB<=1k,kp<=512,0.0408,2
64,n<=8,sr<=15%,kvB<=1k,kp<=8k,0.0074,2
64,n<=8,sr<=15%,kvB<=1k,kp=0,0.6323,2
64,n<=8,sr<=15%,kvB<=4k,kp<=1k,0.2649,2
64,n<=8,sr<=15%,kvB<=4k,kp<=2k,-0.0391,2
64,n<=8,sr<=15%,kvB<=4k,kp<=4k,0.4689,2
64,n<=8,sr<=15%,kvB<=4k,kp<=512,0.3883,2
64,n<=8,sr<=15%,kvB<=4k,kp<=8k,0.6214,2
64,n<=8,sr<=15%,kvB<=4k,kp=0,0.3737,2
64,n<=8,sr<=40%,kvB<=16k,kp<=1k,0.2534,4
64,n<=8,sr<=40%,kvB<=16k,kp<=2k,0.3263,3
64,n<=8,sr<=40%,kvB<=16k,kp<=4k,-0.0266,4
64,n<=8,sr<=40%,kvB<=16k,kp<=512,0.3569,4
64,n<=8,sr<=40%,kvB<=16k,kp<=8k,-0.0166,3
64,n<=8,sr<=40%,kvB<=16k,kp=0,0.5846,4
64,n<=8,sr<=40%,kvB<=1k,kp<=1k,0.3509,3
64,n<=8,sr<=40%,kvB<=1k,kp<=2k,0.0831,2
64,n<=8,sr<=40%,kvB<=1k,kp<=4k,0.7782,4
64,n<=8,sr<=40%,kvB<=1k,kp<=512,0.0883,2
64,n<=8,sr<=40%,kvB<=1k,kp<=8k,0.1683,4
64,n<=8,sr<=40%,kvB<=1k,kp=0,0.7444,4
64,n<=8,sr<=40%,kvB<=4k,kp<=1k,-0.0068,2
64,n<=8,sr<=40%,kvB<=4k,kp<=2k,-0.0206,2
64,n<=8,sr<=40%,kvB<=4k,kp<=4k,-0.1458,2
64,n<=8,sr<=40%,kvB<=4k,kp<=512,0.4721,3
64,n<=8,sr<=40%,kvB<=4k,kp<=8k,0.0123,2
64,n<=8,sr<=40%,kvB<=4k,kp=0,0.3561,4
64,n<=8,sr<=70%,kvB<=16k,kp<=1k,0.074,2
64,n<=8,sr<=70%,kvB<=16k,kp<=2k,0.1933,1
64,n<=8,sr<=70%,kvB<=16k,kp<=4k,0.2946,1
64,n<=8,sr<=70%,kvB<=16k,kp<=512,0.109,2
64,n<=8,sr<=70%,kvB<=16k,kp<=8k,0.3841,1
64,n<=8,sr<=70%,kvB<=16k,kp=0,0.4775,2
64,n<=8,sr<=70%,kvB<=1k,kp<=1k,0.3152,1
64,n<=8,sr<=70%,kvB<=1k,kp<=2k,0.2448,2
64,n<=8,sr<=70%,kvB<=1k,kp<=4k,1.6773,2
64,n<=8,sr<=70%,kvB<=1k,kp<=512,0.0451,1
64,n<=8,sr<=70%,kvB<=1k,kp<=8k,0.932,2
64,n<=8,sr<=70%,kvB<=1k,kp=0,0.8982,2
64,n<=8,sr<=70%,kvB<=4k,kp<=1k,-0.0387,1
64,n<=8,sr<=70%,kvB<=4k,kp<=2k,0.039,1
64,n<=8,sr<=70%,kvB<=4k,kp<=4k,0.2102,1
64,n<=8,sr<=70%,kvB<=4k,kp<=512,0.2658,2
64,n<=8,sr<=70%,kvB<=4k,kp<=8k,0.2971,1
64,n<=8,sr<=70%,kvB<=4k,kp=0,0.093,2
64,n<=8,sr>70%,kvB<=16k,kp<=1k,-0.2815,4
64,n<=8,sr>70%,kvB<=16k,kp<=2k,1.5139,4
64,n<=8,sr>70%,kvB<=16k,kp<=4k,3.428,4
64,n<=8,sr>70%,kvB<=16k,kp<=512,-0.2664,4
64,n<=8,sr>70%,kvB<=16k,kp<=8k,0.9247,2
64,n<=8,sr>70%,kvB<=16k,kp=0,0.2173,4
64,n<=8,sr>70%,kvB<=1k,kp<=1k,0.9084,2
64,n<=8,sr>70%,kvB<=1k,kp<=2k,0.8097,3
64,n<=8,sr>70%,kvB<=1k,kp<=4k,1.189,2
64,n<=8,sr>70%,kvB<=1k,kp<=512,0.9852,2
64,n<=8,sr>70%,kvB<=1k,kp<=8k,1.0003,4
64,n<=8,sr>70%,kvB<=1k,kp=0,1.012,4
64,n<=8,sr>70%,kvB<=4k,kp<=1k,1.2382,4
64,n<=8,sr>70%,kvB<=4k,kp<=2k,0.8065,2
64,n<=8,sr>70%,kvB<=4k,kp<=4k,0.8833,2
64,n<=8,sr>70%,kvB<=4k,kp<=512,3.0717,4
64,n<=8,sr>70%,kvB<=4k,kp<=8k,0.9624,2
64,n<=8,sr>70%,kvB<=4k,kp=0,0.3429,4
128,n<=128,sr<=15%,kvB<=16k,kp<=1k,0.1422,3
128,n<=128,sr<=15%,kvB<=16k,kp<=2k,-0.0095,4
128,n<=128,sr<=15%,kvB<=16k,kp<=4k,0.138,4
128,n<=128,sr<=15%,kvB<=16k,kp<=512,0.1517,4
128,n<=128,sr<=15%,kvB<=16k,kp<=8k,0.0004,3
128,n<=128,sr<=15%,kvB<=16k,kp=0,0.2547,4
128,n<=128,sr<=15%,kvB<=1k,kp<=1k,0.2813,2
128,n<=128,sr<=15%,kvB<=1k,kp<=2k,0.6166,4
128,n<=128,sr<=15%,kvB<=1k,kp<=4k,-0.5349,3
128,n<=128,sr<=15%,kvB<=1k,kp<=512,0.0615,2
128,n<=128,sr<=15%,kvB<=1k,kp<=8k,-3.2974,2
128,n<=128,sr<=15%,kvB<=1k,kp=0,-0.0202,4
128,n<=128,sr<=15%,kvB<=4k,kp<=1k,0.2977,3
128,n<=128,sr<=15%,kvB<=4k,kp<=2k,-0.3719,3
128,n<=128,sr<=15%,kvB<=4k,kp<=4k,-0.3199,4
128,n<=128,sr<=15%,kvB<=4k,kp<=512,-0.4568,4
128,n<=128,sr<=15%,kvB<=4k,kp<=8k,-0.0096,3
128,n<=128,sr<=15%,kvB<=4k,kp=0,-0.0781,4
128,n<=128,sr<=40%,kvB<=16k,kp<=1k,-0.9157,2
128,n<=128,sr<=40%,kvB<=16k,kp<=2k,0.0028,2
128,n<=128,sr<=40%,kvB<=16k,kp<=4k,0.9592,1
128,n<=128,sr<=40%,kvB<=16k,kp<=512,0.4993,1
128,n<=128,sr<=40%,kvB<=16k,kp<=8k,-0.4735,1
128,n<=128,sr<=40%,kvB<=16k,kp=0,0.9526,1
128,n<=128,sr<=40%,kvB<=1k,kp<=1k,0.0343,2
128,n<=128,sr<=40%,kvB<=1k,kp<=2k,0.7993,1
128,n<=128,sr<=40%,kvB<=1k,kp<=4k,0.6992,2
128,n<=128,sr<=40%,kvB<=1k,kp<=512,0.2233,2
128,n<=128,sr<=40%,kvB<=1k,kp<=8k,-1.9293,2
128,n<=128,sr<=40%,kvB<=4k,kp<=1k,0.0,2
128,n<=128,sr<=40%,kvB<=4k,kp<=2k,0.0,1
128,n<=128,sr<=40%,kvB<=4k,kp<=4k,0.0468,1
128,n<=128,sr<=40%,kvB<=4k,kp<=512,-0.0571,2
128,n<=128,sr<=40%,kvB<=4k,kp<=8k,-1.953,1
128,n<=128,sr<=40%,kvB<=4k,kp=0,-1.4048,1
128,n<=128,sr<=5%,kvB<=16k,kp<=1k,0.0016,6
128,n<=128,sr<=5%,kvB<=16k,kp<=2k,0.0947,7
128,n<=128,sr<=5%,kvB<=16k,kp<=4k,-0.0092,6
128,n<=128,sr<=5%,kvB<=16k,kp<=512,-0.0943,5
128,n<=128,sr<=5%,kvB<=16k,kp<=8k,0.0277,7
128,n<=128,sr<=5%,kvB<=16k,kp=0,-0.0229,5
128,n<=128,sr<=5%,kvB<=1k,kp<=1k,-0.2233,6
128,n<=128,sr<=5%,kvB<=1k,kp<=2k,-0.2762,4
128,n<=128,sr<=5%,kvB<=1k,kp<=4k,-0.3549,6
128,n<=128,sr<=5%,kvB<=1k,kp<=512,0.4129,5
128,n<=128,sr<=5%,kvB<=1k,kp<=8k,0.5623,8
128,n<=128,sr<=5%,kvB<=1k,kp=0,0.4283,6
128,n<=128,sr<=5%,kvB<=4k,kp<=1k,0.0673,7
128,n<=128,sr<=5%,kvB<=4k,kp<=2k,-0.2379,4
128,n<=128,sr<=5%,kvB<=4k,kp<=4k,0.1469,6
128,n<=128,sr<=5%,kvB<=4k,kp<=512,0.1314,8
128,n<=128,sr<=5%,kvB<=4k,kp<=8k,0.3096,7
128,n<=128,sr<=5%,kvB<=4k,kp=0,-0.1038,6
128,n<=128,sr<=70%,kvB<=16k,kp<=1k,-0.0017,2
128,n<=128,sr<=70%,kvB<=16k,kp<=2k,0.0021,2
128,n<=128,sr<=70%,kvB<=16k,kp<=4k,-0.0265,2
128,n<=128,sr<=70%,kvB<=16k,kp<=512,1.9637,1
128,n<=128,sr<=70%,kvB<=16k,kp<=8k,0.3888,2
128,n<=128,sr<=70%,kvB<=16k,kp=0,0.0003,2
128,n<=128,sr<=70%,kvB<=1k,kp<=1k,0.7307,2
128,n<=128,sr<=70%,kvB<=1k,kp<=2k,-1.2696,2
128,n<=128,sr<=70%,kvB<=1k,kp<=4k,-0.4501,1
128,n<=128,sr<=70%,kvB<=1k,kp<=512,-0.2316,1
128,n<=128,sr<=70%,kvB<=1k,kp<=8k,0.0983,2
128,n<=128,sr<=70%,kvB<=1k,kp=0,0.7773,2
128,n<=128,sr<=70%,kvB<=4k,kp<=1k,-0.0045,2
128,n<=128,sr<=70%,kvB<=4k,kp<=2k,-0.1234,2
128,n<=128,sr<=70%,kvB<=4k,kp<=4k,-0.0028,2
128,n<=128,sr<=70%,kvB<=4k,kp<=512,-0.0072,1
128,n<=128,sr<=70%,kvB<=4k,kp<=8k,0.8249,2
128,n<=128,sr<=70%,kvB<=4k,kp=0,0.5607,2
128,n<=128,sr>70%,kvB<=16k,kp<=1k,-0.6401,4
128,n<=128,sr>70%,kvB<=16k,kp<=2k,0.9651,3
128,n<=128,sr>70%,kvB<=16k,kp<=4k,1.6551,2
128,n<=128,sr>70%,kvB<=16k,kp<=512,0.8528,4
128,n<=128,sr>70%,kvB<=16k,kp<=8k,-0.2344,2
128,n<=128,sr>70%,kvB<=16k,kp=0,-0.0192,3
128,n<=128,sr>70%,kvB<=1k,kp<=1k,0.1126,1
128,n<=128,sr>70%,kvB<=1k,kp<=2k,-0.8519,3
128,n<=128,sr>70%,kvB<=1k,kp<=4k,-0.0623,4
128,n<=128,sr>70%,kvB<=1k,kp<=512,-10.3684,3
128,n<=128,sr>70%,kvB<=1k,kp<=8k,-0.0013,4
128,n<=128,sr>70%,kvB<=1k,kp=0,0.4315,3
128,n<=128,sr>70%,kvB<=4k,kp<=1k,0.4743,4
128,n<=128,sr>70%,kvB<=4k,kp<=2k,-0.0374,3
128,n<=128,sr>70%,kvB<=4k,kp<=4k,0.7255,3
128,n<=128,sr>70%,kvB<=4k,kp<=512,0.0472,4
128,n<=128,sr>70%,kvB<=4k,kp<=8k,0.9808,3
128,n<=128,sr>70%,kvB<=4k,kp=0,-1.3732,3
128,n<=16,sr<=15%,kvB<=16k,kp<=1k,0.5739,4
128,n<=16,sr<=15%,kvB<=16k,kp<=2k,0.4371,4
128,n<=16,sr<=15%,kvB<=16k,kp<=4k,0.3861,4
128,n<=16,sr<=15%,kvB<=16k,kp<=512,0.6664,4
128,n<=16,sr<=15%,kvB<=16k,kp<=8k,0.4278,4
128,n<=16,sr<=15%,kvB<=16k,kp=0,0.7682,4
128,n<=16,sr<=15%,kvB<=1k,kp<=1k,0.5219,2
128,n<=16,sr<=15%,kvB<=1k,kp<=2k,0.3527,4
128,n<=16,sr<=15%,kvB<=1k,kp<=4k,-0.018,4
128,n<=16,sr<=15%,kvB<=1k,kp<=512,0.2234,2
128,n<=16,sr<=15%,kvB<=1k,kp<=8k,-0.0156,4
128,n<=16,sr<=15%,kvB<=1k,kp=0,0.6249,4
128,n<=16,sr<=15%,kvB<=4k,kp<=1k,0.3513,4
128,n<=16,sr<=15%,kvB<=4k,kp<=2k,0.475,2
128,n<=16,sr<=15%,kvB<=4k,kp<=4k,0.4535,3
128,n<=16,sr<=15%,kvB<=4k,kp<=512,0.3307,4
128,n<=16,sr<=15%,kvB<=4k,kp<=8k,0.3037,4
128,n<=16,sr<=15%,kvB<=4k,kp=0,0.4839,4
128,n<=16,sr<=40%,kvB<=16k,kp<=1k,0.4993,4
128,n<=16,sr<=40%,kvB<=16k,kp<=2k,0.3412,4
128,n<=16,sr<=40%,kvB<=16k,kp<=4k,0.2059,4
128,n<=16,sr<=40%,kvB<=16k,kp<=512,0.6033,4
128,n<=16,sr<=40%,kvB<=16k,kp<=8k,0.1332,3
128,n<=16,sr<=40%,kvB<=16k,kp=0,0.741,4
128,n<=16,sr<=40%,kvB<=1k,kp<=1k,0.9246,2
128,n<=16,sr<=40%,kvB<=1k,kp<=2k,0.8618,4
128,n<=16,sr<=40%,kvB<=1k,kp<=4k,0.7487,4
128,n<=16,sr<=40%,kvB<=1k,kp<=512,0.3923,2
128,n<=16,sr<=40%,kvB<=1k,kp<=8k,0.1658,4
128,n<=16,sr<=40%,kvB<=1k,kp=0,0.708,4
128,n<=16,sr<=40%,kvB<=4k,kp<=1k,0.244,4
128,n<=16,sr<=40%,kvB<=4k,kp<=2k,-0.0128,2
128,n<=16,sr<=40%,kvB<=4k,kp<=4k,0.887,2
128,n<=16,sr<=40%,kvB<=4k,kp<=512,0.248,4
128,n<=16,sr<=40%,kvB<=4k,kp<=8k,0.9337,4
128,n<=16,sr<=40%,kvB<=4k,kp=0,0.3931,4
128,n<=16,sr<=70%,kvB<=16k,kp<=1k,0.2334,2
128,n<=16,sr<=70%,kvB<=16k,kp<=2k,0.0161,2
128,n<=16,sr<=70%,kvB<=16k,kp<=4k,-0.0523,2
128,n<=16,sr<=70%,kvB<=16k,kp<=512,0.4035,2
128,n<=16,sr<=70%,kvB<=16k,kp<=8k,0.303,1
128,n<=16,sr<=70%,kvB<=16k,kp=0,0.5618,2
128,n<=16,sr<=70%,kvB<=1k,kp<=1k,0.9457,1
128,n<=16,sr<=70%,kvB<=1k,kp<=2k,0.8778,2
128,n<=16,sr<=70%,kvB<=1k,kp<=4k,0.8989,2
128,n<=16,sr<=70%,kvB<=1k,kp<=512,0.4992,2
128,n<=16,sr<=70%,kvB<=1k,kp<=8k,1.0062,2
128,n<=16,sr<=70%,kvB<=1k,kp=0,0.7436,2
128,n<=16,sr<=70%,kvB<=4k,kp<=1k,0.2105,2
128,n<=16,sr<=70%,kvB<=4k,kp<=2k,0.4083,1
128,n<=16,sr<=70%,kvB<=4k,kp<=4k,0.8974,1
128,n<=16,sr<=70%,kvB<=4k,kp<=512,-0.1692,2
128,n<=16,sr<=70%,kvB<=4k,kp<=8k,0.9392,2
128,n<=16,sr<=70%,kvB<=4k,kp=0,0.0953,2
128,n<=16,sr>70%,kvB<=16k,kp<=1k,0.5403,4
128,n<=16,sr>70%,kvB<=16k,kp<=2k,0.6435,4
128,n<=16,sr>70%,kvB<=16k,kp<=4k,0.8182,4
128,n<=16,sr>70%,kvB<=16k,kp<=512,0.4895,4
128,n<=16,sr>70%,kvB<=16k,kp<=8k,0.9234,3
128,n<=16,sr>70%,kvB<=16k,kp=0,0.4516,4
128,n<=16,sr>70%,kvB<=1k,kp<=1k,0.8337,4
128,n<=16,sr>70%,kvB<=1k,kp<=2k,0.9483,4
128,n<=16,sr>70%,kvB<=1k,kp<=4k,0.9234,4
128,n<=16,sr>70%,kvB<=1k,kp<=512,0.7938,4
128,n<=16,sr>70%,kvB<=1k,kp<=8k,0.8986,4
128,n<=16,sr>70%,kvB<=1k,kp=0,0.9729,4
128,n<=16,sr>70%,kvB<=4k,kp<=1k,0.7549,4
128,n<=16,sr>70%,kvB<=4k,kp<=2k,0.8052,4
128,n<=16,sr>70%,kvB<=4k,kp<=4k,0.8979,3
128,n<=16,sr>70%,kvB<=4k,kp<=512,0.5959,4
128,n<=16,sr>70%,kvB<=4k,kp<=8k,0.8388,4
128,n<=16,sr>70%,kvB<=4k,kp=0,0.532,4
128,n<=2,sr<=70%,kvB<=16k,kp<=1k,1.0295,2
128,n<=2,sr<=70%,kvB<=16k,kp<=2k,1.5138,2
128,n<=2,sr<=70%,kvB<=16k,kp<=4k,0.9991,2
128,n<=2,sr<=70%,kvB<=16k,kp<=512,0.9887,2
128,n<=2,sr<=70%,kvB<=16k,kp<=8k,0.9832,2
128,n<=2,sr<=70%,kvB<=16k,kp=0,0.9829,2
128,n<=2,sr<=70%,kvB<=1k,kp<=1k,0.3001,1
128,n<=2,sr<=70%,kvB<=1k,kp<=2k,-0.0668,2
128,n<=2,sr<=70%,kvB<=1k,kp<=4k,0.355,2
128,n<=2,sr<=70%,kvB<=1k,kp<=512,1.0348,1
128,n<=2,sr<=70%,kvB<=1k,kp<=8k,-0.0042,2
128,n<=2,sr<=70%,kvB<=1k,kp=0,1.0684,2
128,n<=2,sr<=70%,kvB<=4k,kp<=1k,1.0454,2
128,n<=2,sr<=70%,kvB<=4k,kp<=2k,0.9363,2
128,n<=2,sr<=70%,kvB<=4k,kp<=4k,0.2184,2
128,n<=2,sr<=70%,kvB<=4k,kp<=512,0.9661,2
128,n<=2,sr<=70%,kvB<=4k,kp<=8k,-0.0025,2
128,n<=2,sr<=70%,kvB<=4k,kp=0,1.0206,2
128,n<=32,sr<=15%,kvB<=16k,kp<=1k,0.1167,6
128,n<=32,sr<=15%,kvB<=16k,kp<=2k,0.0303,6
128,n<=32,sr<=15%,kvB<=16k,kp<=4k,-0.0327,6
128,n<=32,sr<=15%,kvB<=16k,kp<=512,0.1695,6
128,n<=32,sr<=15%,kvB<=16k,kp<=8k,0.1384,6
128,n<=32,sr<=15%,kvB<=16k,kp=0,0.2163,6
128,n<=32,sr<=15%,kvB<=1k,kp<=1k,-0.2684,3
128,n<=32,sr<=15%,kvB<=1k,kp<=2k,0.7416,6
128,n<=32,sr<=15%,kvB<=1k,kp<=4k,0.2784,6
128,n<=32,sr<=15%,kvB<=1k,kp<=512,0.258,6
128,n<=32,sr<=15%,kvB<=1k,kp<=8k,0.0771,6
128,n<=32,sr<=15%,kvB<=1k,kp=0,0.4403,6
128,n<=32,sr<=15%,kvB<=4k,kp<=1k,0.0058,6
128,n<=32,sr<=15%,kvB<=4k,kp<=2k,0.1485,6
128,n<=32,sr<=15%,kvB<=4k,kp<=4k,0.2635,6
128,n<=32,sr<=15%,kvB<=4k,kp<=512,0.0515,6
128,n<=32,sr<=15%,kvB<=4k,kp<=8k,0.8691,6
128,n<=32,sr<=15%,kvB<=4k,kp=0,0.2101,6
128,n<=32,sr<=40%,kvB<=16k,kp<=1k,0.1278,2
128,n<=32,sr<=40%,kvB<=16k,kp<=2k,0.1111,2
128,n<=32,sr<=40%,kvB<=16k,kp<=4k,0.036,2
128,n<=32,sr<=40%,kvB<=16k,kp<=512,0.1172,2
128,n<=32,sr<=40%,kvB<=16k,kp<=8k,-0.106,2
128,n<=32,sr<=40%,kvB<=16k,kp=0,0.1083,2
128,n<=32,sr<=40%,kvB<=1k,kp<=1k,0.2768,1
128,n<=32,sr<=40%,kvB<=1k,kp<=2k,0.7609,2
128,n<=32,sr<=40%,kvB<=1k,kp<=4k,0.4867,2
128,n<=32,sr<=40%,kvB<=1k,kp<=512,0.2158,2
128,n<=32,sr<=40%,kvB<=1k,kp<=8k,0.4248,2
128,n<=32,sr<=40%,kvB<=1k,kp=0,0.5056,2
128,n<=32,sr<=40%,kvB<=4k,kp<=1k,0.0357,2
128,n<=32,sr<=40%,kvB<=4k,kp<=2k,-0.0621,2
128,n<=32,sr<=40%,kvB<=4k,kp<=4k,0.0055,2
128,n<=32,sr<=40%,kvB<=4k,kp<=512,0.1797,2
128,n<=32,sr<=40%,kvB<=4k,kp<=8k,1.0524,2
128,n<=32,sr<=40%,kvB<=4k,kp=0,0.2336,2
128,n<=32,sr<=5%,kvB<=16k,kp<=1k,0.1391,2
128,n<=32,sr<=5%,kvB<=16k,kp<=2k,0.0738,2
128,n<=32,sr<=5%,kvB<=16k,kp<=4k,0.0369,2
128,n<=32,sr<=5%,kvB<=16k,kp<=512,0.1951,2
128,n<=32,sr<=5%,kvB<=16k,kp<=8k,0.1922,2
128,n<=32,sr<=5%,kvB<=16k,kp=0,0.2464,2
128,n<=32,sr<=5%,kvB<=1k,kp<=1k,-0.6174,2
128,n<=32,sr<=5%,kvB<=1k,kp<=2k,-0.0121,2
128,n<=32,sr<=5%,kvB<=1k,kp<=4k,0.0213,2
128,n<=32,sr<=5%,kvB<=1k,kp<=512,0.0777,2
128,n<=32,sr<=5%,kvB<=1k,kp<=8k,-0.057,2
128,n<=32,sr<=5%,kvB<=1k,kp=0,0.3567,2
128,n<=32,sr<=5%,kvB<=4k,kp<=1k,0.0517,2
128,n<=32,sr<=5%,kvB<=4k,kp<=2k,0.1897,2
128,n<=32,sr<=5%,kvB<=4k,kp<=4k,0.1922,2
128,n<=32,sr<=5%,kvB<=4k,kp<=512,0.0176,2
128,n<=32,sr<=5%,kvB<=4k,kp<=8k,0.003,2
128,n<=32,sr<=5%,kvB<=4k,kp=0,0.1259,2
128,n<=32,sr<=70%,kvB<=16k,kp<=1k,0.0941,2
128,n<=32,sr<=70%,kvB<=16k,kp<=2k,-0.0519,2
128,n<=32,sr<=70%,kvB<=16k,kp<=4k,-0.2684,2
128,n<=32,sr<=70%,kvB<=16k,kp<=512,0.183,2
128,n<=32,sr<=70%,kvB<=16k,kp<=8k,-0.1587,2
128,n<=32,sr<=70%,kvB<=16k,kp=0,0.27,2
128,n<=32,sr<=70%,kvB<=1k,kp<=1k,0.0034,1
128,n<=32,sr<=70%,kvB<=1k,kp<=2k,0.2515,1
128,n<=32,sr<=70%,kvB<=1k,kp<=4k,0.3602,2
128,n<=32,sr<=70%,kvB<=1k,kp<=512,-0.1675,2
128,n<=32,sr<=70%,kvB<=1k,kp<=8k,0.2951,2
128,n<=32,sr<=70%,kvB<=1k,kp=0,0.3588,2
128,n<=32,sr<=70%,kvB<=4k,kp<=1k,-0.3202,2
128,n<=32,sr<=70%,kvB<=4k,kp<=2k,-0.1071,2
128,n<=32,sr<=70%,kvB<=4k,kp<=4k,-0.026,1
128,n<=32,sr<=70%,kvB<=4k,kp<=512,-0.0765,2
128,n<=32,sr<=70%,kvB<=4k,kp<=8k,1.0579,2
128,n<=32,sr<=70%,kvB<=4k,kp=0,0.2536,2
128,n<=32,sr>70%,kvB<=16k,kp<=1k,0.4123,4
128,n<=32,sr>70%,kvB<=16k,kp<=2k,0.3583,4
128,n<=32,sr>70%,kvB<=16k,kp<=4k,0.6615,4
128,n<=32,sr>70%,kvB<=16k,kp<=512,0.5538,4
128,n<=32,sr>70%,kvB<=16k,kp<=8k,0.9361,4
128,n<=32,sr>70%,kvB<=16k,kp=0,0.6643,4
128,n<=32,sr>70%,kvB<=1k,kp<=1k,0.9439,4
128,n<=32,sr>70%,kvB<=1k,kp<=2k,0.8736,4
128,n<=32,sr>70%,kvB<=1k,kp<=4k,0.4976,4
128,n<=32,sr>70%,kvB<=1k,kp<=512,0.9115,4
128,n<=32,sr>70%,kvB<=1k,kp<=8k,0.4392,4
128,n<=32,sr>70%,kvB<=1k,kp=0,0.9074,4
128,n<=32,sr>70%,kvB<=4k,kp<=1k,0.7144,4
128,n<=32,sr>70%,kvB<=4k,kp<=2k,0.9017,4
128,n<=32,sr>70%,kvB<=4k,kp<=4k,0.9991,4
128,n<=32,sr>70%,kvB<=4k,kp<=512,0.4087,4
128,n<=32,sr>70%,kvB<=4k,kp<=8k,0.8268,3
128,n<=32,sr>70%,kvB<=4k,kp=0,0.6571,4
128,n<=4,sr<=40%,kvB<=16k,kp<=1k,0.999,2
128,n<=4,sr<=40%,kvB<=16k,kp<=2k,1.0272,2
128,n<=4,sr<=40%,kvB<=16k,kp<=4k,1.5291,2
128,n<=4,sr<=40%,kvB<=16k,kp<=512,0.9945,2
128,n<=4,sr<=40%,kvB<=16k,kp<=8k,0.9712,2
128,n<=4,sr<=40%,kvB<=16k,kp=0,0.998,2
128,n<=4,sr<=40%,kvB<=1k,kp<=1k,0.1855,2
128,n<=4,sr<=40%,kvB<=1k,kp<=2k,-0.0889,2
128,n<=4,sr<=40%,kvB<=1k,kp<=4k,-0.0902,2
128,n<=4,sr<=40%,kvB<=1k,kp<=512,0.7995,2
128,n<=4,sr<=40%,kvB<=1k,kp<=8k,0.0093,2
128,n<=4,sr<=40%,kvB<=1k,kp=0,0.9469,2
128,n<=4,sr<=40%,kvB<=4k,kp<=1k,0.9321,1
128,n<=4,sr<=40%,kvB<=4k,kp<=2k,0.9208,2
128,n<=4,sr<=40%,kvB<=4k,kp<=4k,-0.2194,2
128,n<=4,sr<=40%,kvB<=4k,kp<=512,0.9675,1
128,n<=4,sr<=40%,kvB<=4k,kp<=8k,-0.1827,2
128,n<=4,sr<=40%,kvB<=4k,kp=0,0.9509,2
128,n<=4,sr<=70%,kvB<=16k,kp<=1k,1.0009,2
128,n<=4,sr<=70%,kvB<=16k,kp<=2k,1.0003,1
128,n<=4,sr<=70%,kvB<=16k,kp<=4k,1.3854,2
128,n<=4,sr<=70%,kvB<=16k,kp<=512,0.9792,2
128,n<=4,sr<=70%,kvB<=16k,kp<=8k,0.9786,1
128,n<=4,sr<=70%,kvB<=16k,kp=0,0.9971,2
128,n<=4,sr<=70%,kvB<=1k,kp<=1k,0.9011,1
128,n<=4,sr<=70%,kvB<=1k,kp<=2k,0.5892,2
128,n<=4,sr<=70%,kvB<=1k,kp<=4k,0.0176,2
128,n<=4,sr<=70%,kvB<=1k,kp<=512,0.9223,1
128,n<=4,sr<=70%,kvB<=1k,kp<=8k,0.0037,2
128,n<=4,sr<=70%,kvB<=1k,kp=0,0.9021,2
128,n<=4,sr<=70%,kvB<=4k,kp<=1k,0.9265,1
128,n<=4,sr<=70%,kvB<=4k,kp<=2k,0.853,1
128,n<=4,sr<=70%,kvB<=4k,kp<=4k,0.9684,1
128,n<=4,sr<=70%,kvB<=4k,kp<=512,0.9848,2
128,n<=4,sr<=70%,kvB<=4k,kp<=8k,0.5662,2
128,n<=4,sr<=70%,kvB<=4k,kp=0,1.009,2
128,n<=4,sr>70%,kvB<=16k,kp<=1k,1.003,2
128,n<=4,sr>70%,kvB<=16k,kp<=2k,0.9764,2
128,n<=4,sr>70%,kvB<=16k,kp<=4k,0.9227,1
128,n<=4,sr>70%,kvB<=16k,kp<=512,0.9854,2
128,n<=4,sr>70%,kvB<=16k,kp<=8k,0.9961,2
128,n<=4,sr>70%,kvB<=16k,kp=0,1.0053,2
128,n<=4,sr>70%,kvB<=1k,kp<=1k,0.7496,2
128,n<=4,sr>70%,kvB<=1k,kp<=2k,1.028,2
128,n<=4,sr>70%,kvB<=1k,kp<=4k,0.5919,2
128,n<=4,sr>70%,kvB<=1k,kp<=512,0.6836,1
128,n<=4,sr>70%,kvB<=1k,kp<=8k,0.2014,2
128,n<=4,sr>70%,kvB<=1k,kp=0,0.9772,2
128,n<=4,sr>70%,kvB<=4k,kp<=1k,0.7841,2
128,n<=4,sr>70%,kvB<=4k,kp<=2k,0.9133,2
128,n<=4,sr>70%,kvB<=4k,kp<=4k,0.9217,2
128,n<=4,sr>70%,kvB<=4k,kp<=512,0.9309,2
128,n<=4,sr>70%,kvB<=4k,kp<=8k,0.906,2
128,n<=4,sr>70%,kvB<=4k,kp=0,0.9858,2
128,n<=64,sr<=15%,kvB<=16k,kp<=1k,0.0556,4
128,n<=64,sr<=15%,kvB<=16k,kp<=2k,-0.0063,2
128,n<=64,sr<=15%,kvB<=16k,kp<=4k,-0.0488,4
128,n<=64,sr<=15%,kvB<=16k,kp<=512,0.0544,3
128,n<=64,sr<=15%,kvB<=16k,kp<=8k,0.0365,3
128,n<=64,sr<=15%,kvB<=16k,kp=0,0.0313,4
128,n<=64,sr<=15%,kvB<=1k,kp<=1k,0.6002,4
128,n<=64,sr<=15%,kvB<=1k,kp<=2k,-0.5955,3
128,n<=64,sr<=15%,kvB<=1k,kp<=4k,0.3231,3
128,n<=64,sr<=15%,kvB<=1k,kp<=512,0.2982,3
128,n<=64,sr<=15%,kvB<=1k,kp<=8k,0.5071,4
128,n<=64,sr<=15%,kvB<=1k,kp=0,0.3755,3
128,n<=64,sr<=15%,kvB<=4k,kp<=1k,0.0359,4
128,n<=64,sr<=15%,kvB<=4k,kp<=2k,0.1924,4
128,n<=64,sr<=15%,kvB<=4k,kp<=4k,0.009,3
128,n<=64,sr<=15%,kvB<=4k,kp<=512,0.0042,4
128,n<=64,sr<=15%,kvB<=4k,kp<=8k,0.1925,4
128,n<=64,sr<=15%,kvB<=4k,kp=0,0.1169,4
128,n<=64,sr<=40%,kvB<=16k,kp<=1k,0.0134,2
128,n<=64,sr<=40%,kvB<=16k,kp<=2k,-0.9911,1
128,n<=64,sr<=40%,kvB<=16k,kp<=4k,0.4837,1
128,n<=64,sr<=40%,kvB<=16k,kp<=8k,0.3737,2
128,n<=64,sr<=40%,kvB<=16k,kp=0,0.8209,2
128,n<=64,sr<=40%,kvB<=1k,kp<=1k,0.2708,2
128,n<=64,sr<=40%,kvB<=1k,kp<=2k,-3.0405,2
128,n<=64,sr<=40%,kvB<=1k,kp<=4k,0.4822,2
128,n<=64,sr<=40%,kvB<=1k,kp<=512,0.134,2
128,n<=64,sr<=40%,kvB<=1k,kp<=8k,-4.4014,2
128,n<=64,sr<=40%,kvB<=1k,kp=0,-0.2477,2
128,n<=64,sr<=40%,kvB<=4k,kp<=1k,0.0434,2
128,n<=64,sr<=40%,kvB<=4k,kp<=2k,0.095,1
128,n<=64,sr<=40%,kvB<=4k,kp<=4k,2.5952,1
128,n<=64,sr<=40%,kvB<=4k,kp<=512,-0.0286,1
128,n<=64,sr<=40%,kvB<=4k,kp<=8k,0.0,1
128,n<=64,sr<=40%,kvB<=4k,kp=0,0.0019,1
128,n<=64,sr<=5%,kvB<=16k,kp<=1k,0.0597,6
128,n<=64,sr<=5%,kvB<=16k,kp<=2k,0.0224,6
128,n<=64,sr<=5%,kvB<=16k,kp<=4k,-0.0091,6
128,n<=64,sr<=5%,kvB<=16k,kp<=512,0.0836,6
128,n<=64,sr<=5%,kvB<=16k,kp<=8k,0.0449,6
128,n<=64,sr<=5%,kvB<=16k,kp=0,0.1093,6
128,n<=64,sr<=5%,kvB<=1k,kp<=1k,-0.0016,6
128,n<=64,sr<=5%,kvB<=1k,kp<=2k,-0.1163,6
128,n<=64,sr<=5%,kvB<=1k,kp<=4k,0.0204,6
128,n<=64,sr<=5%,kvB<=1k,kp<=512,0.0432,6
128,n<=64,sr<=5%,kvB<=1k,kp<=8k,-0.0146,6
128,n<=64,sr<=5%,kvB<=1k,kp=0,0.2342,6
128,n<=64,sr<=5%,kvB<=4k,kp<=1k,-0.0005,6
128,n<=64,sr<=5%,kvB<=4k,kp<=2k,0.0417,6
128,n<=64,sr<=5%,kvB<=4k,kp<=4k,0.0169,6
128,n<=64,sr<=5%,kvB<=4k,kp<=512,0.0033,6
128,n<=64,sr<=5%,kvB<=4k,kp<=8k,0.1301,6
128,n<=64,sr<=5%,kvB<=4k,kp=0,0.0622,6
128,n<=64,sr<=70%,kvB<=16k,kp<=1k,-0.0109,1
128,n<=64,sr<=70%,kvB<=16k,kp<=2k,0.0116,2
128,n<=64,sr<=70%,kvB<=16k,kp<=4k,-0.2758,1
128,n<=64,sr<=70%,kvB<=16k,kp<=512,0.0097,1
128,n<=64,sr<=70%,kvB<=16k,kp<=8k,0.6207,1
128,n<=64,sr<=70%,kvB<=16k,kp=0,0.0004,2
128,n<=64,sr<=70%,kvB<=1k,kp<=1k,-0.0889,2
128,n<=64,sr<=70%,kvB<=1k,kp<=2k,0.4109,2
128,n<=64,sr<=70%,kvB<=1k,kp<=4k,-4.3447,2
128,n<=64,sr<=70%,kvB<=1k,kp<=512,-0.3067,2
128,n<=64,sr<=70%,kvB<=1k,kp<=8k,0.0347,2
128,n<=64,sr<=70%,kvB<=1k,kp=0,0.5055,2
128,n<=64,sr<=70%,kvB<=4k,kp<=1k,-0.7354,2
128,n<=64,sr<=70%,kvB<=4k,kp<=2k,0.5897,2
128,n<=64,sr<=70%,kvB<=4k,kp<=4k,-0.0268,2
128,n<=64,sr<=70%,kvB<=4k,kp<=512,0.0209,2
128,n<=64,sr<=70%,kvB<=4k,kp<=8k,-0.0195,2
128,n<=64,sr<=70%,kvB<=4k,kp=0,-0.001,2
128,n<=64,sr>70%,kvB<=16k,kp<=1k,0.9246,2
128,n<=64,sr>70%,kvB<=16k,kp<=2k,0.0349,3
128,n<=64,sr>70%,kvB<=16k,kp<=4k,-3.1949,4
128,n<=64,sr>70%,kvB<=16k,kp<=512,0.654,3
128,n<=64,sr>70%,kvB<=16k,kp<=8k,-0.8694,2
128,n<=64,sr>70%,kvB<=16k,kp=0,1.4943,4
128,n<=64,sr>70%,kvB<=1k,kp<=1k,-2.3723,4
128,n<=64,sr>70%,kvB<=1k,kp<=2k,0.9833,3
128,n<=64,sr>70%,kvB<=1k,kp<=4k,-17.2203,2
128,n<=64,sr>70%,kvB<=1k,kp<=512,0.9214,3
128,n<=64,sr>70%,kvB<=1k,kp<=8k,-14.8131,3
128,n<=64,sr>70%,kvB<=1k,kp=0,0.9385,2
128,n<=64,sr>70%,kvB<=4k,kp<=1k,0.7839,2
128,n<=64,sr>70%,kvB<=4k,kp<=2k,0.721,3
128,n<=64,sr>70%,kvB<=4k,kp<=4k,0.8926,4
128,n<=64,sr>70%,kvB<=4k,kp<=512,0.2634,2
128,n<=64,sr>70%,kvB<=4k,kp<=8k,0.9185,4
128,n<=64,sr>70%,kvB<=4k,kp=0,0.9433,2
128,n<=8,sr<=15%,kvB<=16k,kp<=1k,0.9659,2
128,n<=8,sr<=15%,kvB<=16k,kp<=2k,1.0167,2
128,n<=8,sr<=15%,kvB<=16k,kp<=4k,1.975,1
128,n<=8,sr<=15%,kvB<=16k,kp<=512,0.9864,2
128,n<=8,sr<=15%,kvB<=16k,kp<=8k,0.8484,1
128,n<=8,sr<=15%,kvB<=16k,kp=0,0.9873,2
128,n<=8,sr<=15%,kvB<=1k,kp<=1k,0.3208,2
128,n<=8,sr<=15%,kvB<=1k,kp<=2k,-0.0345,2
128,n<=8,sr<=15%,kvB<=1k,kp<=4k,0.0686,2
128,n<=8,sr<=15%,kvB<=1k,kp<=512,0.1942,1
128,n<=8,sr<=15%,kvB<=1k,kp<=8k,0.0505,2
128,n<=8,sr<=15%,kvB<=1k,kp=0,0.9151,2
128,n<=8,sr<=15%,kvB<=4k,kp<=1k,5.7348,1
128,n<=8,sr<=15%,kvB<=4k,kp<=2k,0.7549,1
128,n<=8,sr<=15%,kvB<=4k,kp<=4k,0.1169,2
128,n<=8,sr<=15%,kvB<=4k,kp<=512,0.9257,2
128,n<=8,sr<=15%,kvB<=4k,kp<=8k,-0.1168,2
128,n<=8,sr<=15%,kvB<=4k,kp=0,0.918,2
128,n<=8,sr<=40%,kvB<=16k,kp<=1k,0.9697,4
128,n<=8,sr<=40%,kvB<=16k,kp<=2k,0.9497,4
128,n<=8,sr<=40%,kvB<=16k,kp<=4k,0.9488,2
128,n<=8,sr<=40%,kvB<=16k,kp<=512,0.9729,4
128,n<=8,sr<=40%,kvB<=16k,kp<=8k,0.8004,1
128,n<=8,sr<=40%,kvB<=16k,kp=0,0.9739,4
128,n<=8,sr<=40%,kvB<=1k,kp<=1k,0.884,4
128,n<=8,sr<=40%,kvB<=1k,kp<=2k,0.8463,4
128,n<=8,sr<=40%,kvB<=1k,kp<=4k,0.146,4
128,n<=8,sr<=40%,kvB<=1k,kp<=512,0.4356,2
128,n<=8,sr<=40%,kvB<=1k,kp<=8k,-0.0967,4
128,n<=8,sr<=40%,kvB<=1k,kp=0,0.9231,4
128,n<=8,sr<=40%,kvB<=4k,kp<=1k,0.8584,2
128,n<=8,sr<=40%,kvB<=4k,kp<=2k,0.5255,2
128,n<=8,sr<=40%,kvB<=4k,kp<=4k,0.9245,3
128,n<=8,sr<=40%,kvB<=4k,kp<=512,0.9176,4
128,n<=8,sr<=40%,kvB<=4k,kp<=8k,0.7853,4
128,n<=8,sr<=40%,kvB<=4k,kp=0,0.9075,4
128,n<=8,sr<=70%,kvB<=16k,kp<=1k,0.9771,2
128,n<=8,sr<=70%,kvB<=16k,kp<=2k,0.9753,2
128,n<=8,sr<=70%,kvB<=16k,kp<=4k,0.9364,1
128,n<=8,sr<=70%,kvB<=16k,kp<=512,0.9566,2
128,n<=8,sr<=70%,kvB<=16k,kp=0,0.961,2
128,n<=8,sr<=70%,kvB<=1k,kp<=1k,0.8988,1
128,n<=8,sr<=70%,kvB<=1k,kp<=2k,0.9164,2
128,n<=8,sr<=70%,kvB<=1k,kp<=4k,0.8874,2
128,n<=8,sr<=70%,kvB<=1k,kp<=512,0.0918,2
128,n<=8,sr<=70%,kvB<=1k,kp<=8k,0.0136,2
128,n<=8,sr<=70%,kvB<=1k,kp=0,0.9275,2
128,n<=8,sr<=70%,kvB<=4k,kp<=1k,0.8581,1
128,n<=8,sr<=70%,kvB<=4k,kp<=4k,0.8707,1
128,n<=8,sr<=70%,kvB<=4k,kp<=512,0.913,2
128,n<=8,sr<=70%,kvB<=4k,kp<=8k,0.955,2
128,n<=8,sr<=70%,kvB<=4k,kp=0,0.8873,2
128,n<=8,sr>70%,kvB<=16k,kp<=1k,0.9138,4
128,n<=8,sr>70%,kvB<=16k,kp<=2k,0.9013,4
128,n<=8,sr>70%,kvB<=16k,kp<=4k,0.9221,2
128,n<=8,sr>70%,kvB<=16k,kp<=512,0.9671,4
128,n<=8,sr>70%,kvB<=16k,kp<=8k,1.0288,3
128,n<=8,sr>70%,kvB<=16k,kp=0,0.943,4
128,n<=8,sr>70%,kvB<=1k,kp<=1k,0.965,3
128,n<=8,sr>70%,kvB<=1k,kp<=2k,0.8932,4
128,n<=8,sr>70%,kvB<=1k,kp<=4k,0.9808,4
128,n<=8,sr>70%,kvB<=1k,kp<=8k,0.9839,4
128,n<=8,sr>70%,kvB<=1k,kp=0,0.903,4
128,n<=8,sr>70%,kvB<=4k,kp<=1k,0.922,3
128,n<=8,sr>70%,kvB<=4k,kp<=2k,0.862,2
128,n<=8,sr>70%,kvB<=4k,kp<=4k,0.9629,4
128,n<=8,sr>70%,kvB<=4k,kp<=512,0.8259,4
128,n<=8,sr>70%,kvB<=4k,kp<=8k,0.9721,4
128,n<=8,sr>70%,kvB<=4k,kp=0,0.9645,4
256,n<=128,sr<=15%,kvB<=16k,kp<=1k,0.0519,4
256,n<=128,sr<=15%,kvB<=16k,kp<=2k,0.1081,4
256,n<=128,sr<=15%,kvB<=16k,kp<=4k,0.027,4
256,n<=128,sr<=15%,kvB<=16k,kp<=512,-0.2124,4
256,n<=128,sr<=15%,kvB<=16k,kp<=8k,0.1734,3
256,n<=128,sr<=15%,kvB<=16k,kp=0,0.0728,4
256,n<=128,sr<=15%,kvB<=1k,kp<=1k,0.3726,3
256,n<=128,sr<=15%,kvB<=1k,kp<=2k,0.8924,3
256,n<=128,sr<=15%,kvB<=1k,kp<=4k,0.4943,3
256,n<=128,sr<=15%,kvB<=1k,kp<=512,-0.575,2
256,n<=128,sr<=15%,kvB<=1k,kp<=8k,0.004,2
256,n<=128,sr<=15%,kvB<=1k,kp=0,0.3272,4
256,n<=128,sr<=15%,kvB<=4k,kp<=1k,0.0048,4
256,n<=128,sr<=15%,kvB<=4k,kp<=2k,0.0465,3
256,n<=128,sr<=15%,kvB<=4k,kp<=4k,-0.1751,3
256,n<=128,sr<=15%,kvB<=4k,kp<=512,0.4605,3
256,n<=128,sr<=15%,kvB<=4k,kp<=8k,0.034,4
256,n<=128,sr<=15%,kvB<=4k,kp=0,0.2029,4
256,n<=128,sr<=40%,kvB<=16k,kp<=1k,-0.065,2
256,n<=128,sr<=40%,kvB<=16k,kp<=4k,1.1257,1
256,n<=128,sr<=40%,kvB<=16k,kp<=512,0.0018,1
256,n<=128,sr<=40%,kvB<=16k,kp<=8k,-1.3159,1
256,n<=128,sr<=40%,kvB<=16k,kp=0,-0.0021,1
256,n<=128,sr<=40%,kvB<=1k,kp<=1k,-0.4766,2
256,n<=128,sr<=40%,kvB<=1k,kp<=2k,0.8234,1
256,n<=128,sr<=40%,kvB<=1k,kp<=4k,0.135,2
256,n<=128,sr<=40%,kvB<=1k,kp<=512,0.6428,2
256,n<=128,sr<=40%,kvB<=1k,kp<=8k,0.1166,1
256,n<=128,sr<=40%,kvB<=1k,kp=0,0.2019,1
256,n<=128,sr<=40%,kvB<=4k,kp<=1k,0.3444,2
256,n<=128,sr<=40%,kvB<=4k,kp<=2k,0.0,1
256,n<=128,sr<=40%,kvB<=4k,kp<=512,0.5349,1
256,n<=128,sr<=40%,kvB<=4k,kp=0,1.4134,1
256,n<=128,sr<=5%,kvB<=16k,kp<=1k,-0.1218,8
256,n<=128,sr<=5%,kvB<=16k,kp<=2k,0.1263,6
256,n<=128,sr<=5%,kvB<=16k,kp<=4k,-0.1265,4
256,n<=128,sr<=5%,kvB<=16k,kp<=512,0.1479,6
256,n<=128,sr<=5%,kvB<=16k,kp<=8k,0.2846,6
256,n<=128,sr<=5%,kvB<=16k,kp=0,0.3378,4
256,n<=128,sr<=5%,kvB<=1k,kp<=1k,0.619,6
256,n<=128,sr<=5%,kvB<=1k,kp<=2k,0.1222,4
256,n<=128,sr<=5%,kvB<=1k,kp<=4k,0.4422,7
256,n<=128,sr<=5%,kvB<=1k,kp<=512,-0.2894,3
256,n<=128,sr<=5%,kvB<=1k,kp<=8k,0.6157,6
256,n<=128,sr<=5%,kvB<=1k,kp=0,-0.0009,6
256,n<=128,sr<=5%,kvB<=4k,kp<=1k,0.2313,6
256,n<=128,sr<=5%,kvB<=4k,kp<=2k,0.0811,7
256,n<=128,sr<=5%,kvB<=4k,kp<=4k,0.0022,7
256,n<=128,sr<=5%,kvB<=4k,kp<=512,0.1166,5
256,n<=128,sr<=5%,kvB<=4k,kp<=8k,0.3301,5
256,n<=128,sr<=5%,kvB<=4k,kp=0,-0.1353,5
256,n<=128,sr<=70%,kvB<=16k,kp<=1k,0.924,2
256,n<=128,sr<=70%,kvB<=16k,kp<=2k,0.0092,2
256,n<=128,sr<=70%,kvB<=16k,kp<=4k,0.0104,2
256,n<=128,sr<=70%,kvB<=16k,kp<=512,-1.824,1
256,n<=128,sr<=70%,kvB<=16k,kp<=8k,0.0141,1
256,n<=128,sr<=70%,kvB<=16k,kp=0,0.0104,1
256,n<=128,sr<=70%,kvB<=1k,kp<=1k,0.1034,2
256,n<=128,sr<=70%,kvB<=1k,kp<=2k,0.0288,2
256,n<=128,sr<=70%,kvB<=1k,kp<=4k,0.8829,2
256,n<=128,sr<=70%,kvB<=1k,kp<=512,-4.4367,1
256,n<=128,sr<=70%,kvB<=1k,kp<=8k,0.8838,1
256,n<=128,sr<=70%,kvB<=1k,kp=0,0.1468,2
256,n<=128,sr<=70%,kvB<=4k,kp<=1k,0.0084,1
256,n<=128,sr<=70%,kvB<=4k,kp<=2k,0.0042,2
256,n<=128,sr<=70%,kvB<=4k,kp<=4k,-2.9778,2
256,n<=128,sr<=70%,kvB<=4k,kp<=512,-0.017,1
256,n<=128,sr<=70%,kvB<=4k,kp<=8k,-3.3609,1
256,n<=128,sr<=70%,kvB<=4k,kp=0,-2.1925,1
256,n<=128,sr>70%,kvB<=16k,kp<=1k,0.757,3
256,n<=128,sr>70%,kvB<=16k,kp<=2k,0.761,3
256,n<=128,sr>70%,kvB<=16k,kp<=4k,0.8371,2
256,n<=128,sr>70%,kvB<=16k,kp<=512,0.4393,3
256,n<=128,sr>70%,kvB<=16k,kp<=8k,1.0107,3
256,n<=128,sr>70%,kvB<=16k,kp=0,0.7389,1
256,n<=128,sr>70%,kvB<=1k,kp<=1k,1.2063,2
256,n<=128,sr>70%,kvB<=1k,kp<=2k,0.7408,3
256,n<=128,sr>70%,kvB<=1k,kp<=4k,0.2259,4
256,n<=128,sr>70%,kvB<=1k,kp<=512,0.3325,4
256,n<=128,sr>70%,kvB<=1k,kp<=8k,0.039,3
256,n<=128,sr>70%,kvB<=1k,kp=0,0.7003,4
256,n<=128,sr>70%,kvB<=4k,kp<=1k,0.0019,2
256,n<=128,sr>70%,kvB<=4k,kp<=2k,0.7964,2
256,n<=128,sr>70%,kvB<=4k,kp<=4k,-3.3094,2
256,n<=128,sr>70%,kvB<=4k,kp<=512,0.8686,3
256,n<=128,sr>70%,kvB<=4k,kp<=8k,0.0129,2
256,n<=128,sr>70%,kvB<=4k,kp=0,0.954,3
256,n<=16,sr<=15%,kvB<=16k,kp<=1k,0.9062,4
256,n<=16,sr<=15%,kvB<=16k,kp<=2k,0.8496,4
256,n<=16,sr<=15%,kvB<=16k,kp<=4k,0.7413,4
256,n<=16,sr<=15%,kvB<=16k,kp<=512,0.9324,4
256,n<=16,sr<=15%,kvB<=16k,kp<=8k,0.5625,4
256,n<=16,sr<=15%,kvB<=16k,kp=0,0.9536,4
256,n<=16,sr<=15%,kvB<=1k,kp<=1k,0.366,4
256,n<=16,sr<=15%,kvB<=1k,kp<=2k,0.0295,4
256,n<=16,sr<=15%,kvB<=1k,kp<=4k,-0.0697,4
256,n<=16,sr<=15%,kvB<=1k,kp<=512,0.4699,4
256,n<=16,sr<=15%,kvB<=1k,kp<=8k,0.0474,4
256,n<=16,sr<=15%,kvB<=1k,kp=0,0.5872,4
256,n<=16,sr<=15%,kvB<=4k,kp<=1k,0.6471,4
256,n<=16,sr<=15%,kvB<=4k,kp<=2k,0.4969,4
256,n<=16,sr<=15%,kvB<=4k,kp<=4k,0.3141,4
256,n<=16,sr<=15%,kvB<=4k,kp<=512,0.7602,4
256,n<=16,sr<=15%,kvB<=4k,kp<=8k,-0.06,4
256,n<=16,sr<=15%,kvB<=4k,kp=0,0.8674,4
256,n<=16,sr<=40%,kvB<=16k,kp<=1k,0.988,4
256,n<=16,sr<=40%,kvB<=16k,kp<=2k,0.9848,4
256,n<=16,sr<=40%,kvB<=16k,kp<=4k,0.9838,4
256,n<=16,sr<=40%,kvB<=16k,kp<=512,0.9927,4
256,n<=16,sr<=40%,kvB<=16k,kp<=8k,0.9829,4
256,n<=16,sr<=40%,kvB<=16k,kp=0,0.9805,4
256,n<=16,sr<=40%,kvB<=1k,kp<=1k,0.9286,4
256,n<=16,sr<=40%,kvB<=1k,kp<=2k,0.825,4
256,n<=16,sr<=40%,kvB<=1k,kp<=4k,0.1018,4
256,n<=16,sr<=40%,kvB<=1k,kp<=512,0.8768,4
256,n<=16,sr<=40%,kvB<=1k,kp<=8k,0.2461,4
256,n<=16,sr<=40%,kvB<=1k,kp=0,0.8979,4
256,n<=16,sr<=40%,kvB<=4k,kp<=1k,0.9689,4
256,n<=16,sr<=40%,kvB<=4k,kp<=2k,0.9621,4
256,n<=16,sr<=40%,kvB<=4k,kp<=4k,0.9557,4
256,n<=16,sr<=40%,kvB<=4k,kp<=512,0.962,4
256,n<=16,sr<=40%,kvB<=4k,kp<=8k,0.7341,4
256,n<=16,sr<=40%,kvB<=4k,kp=0,0.9451,4
256,n<=16,sr<=70%,kvB<=16k,kp<=1k,0.9952,2
256,n<=16,sr<=70%,kvB<=16k,kp<=2k,0.9619,2
256,n<=16,sr<=70%,kvB<=16k,kp<=4k,0.9594,2
256,n<=16,sr<=70%,kvB<=16k,kp<=512,0.9924,2
256,n<=16,sr<=70%,kvB<=16k,kp<=8k,0.9712,2
256,n<=16,sr<=70%,kvB<=16k,kp=0,0.9802,2
256,n<=16,sr<=70%,kvB<=1k,kp<=1k,0.8771,2
256,n<=16,sr<=70%,kvB<=1k,kp<=2k,0.8781,2
256,n<=16,sr<=70%,kvB<=1k,kp<=4k,0.8091,2
256,n<=16,sr<=70%,kvB<=1k,kp<=512,0.8335,2
256,n<=16,sr<=70%,kvB<=1k,kp<=8k,0.2559,2
256,n<=16,sr<=70%,kvB<=1k,kp=0,1.0045,2
256,n<=16,sr<=70%,kvB<=4k,kp<=1k,0.9716,2
256,n<=16,sr<=70%,kvB<=4k,kp<=2k,0.9618,2
256,n<=16,sr<=70%,kvB<=4k,kp<=4k,0.9888,2
256,n<=16,sr<=70%,kvB<=4k,kp<=512,0.9829,2
256,n<=16,sr<=70%,kvB<=4k,kp<=8k,0.9234,2
256,n<=16,sr<=70%,kvB<=4k,kp=0,0.9334,2
256,n<=16,sr>70%,kvB<=16k,kp<=1k,1.0225,4
256,n<=16,sr>70%,kvB<=16k,kp<=2k,0.9568,4
256,n<=16,sr>70%,kvB<=16k,kp<=4k,1.0276,4
256,n<=16,sr>70%,kvB<=16k,kp<=512,0.986,4
256,n<=16,sr>70%,kvB<=16k,kp<=8k,0.9977,4
256,n<=16,sr>70%,kvB<=16k,kp=0,1.0157,4
256,n<=16,sr>70%,kvB<=1k,kp<=1k,0.9897,4
256,n<=16,sr>70%,kvB<=1k,kp<=2k,0.9282,4
256,n<=16,sr>70%,kvB<=1k,kp<=4k,0.9089,4
256,n<=16,sr>70%,kvB<=1k,kp<=512,0.795,4
256,n<=16,sr>70%,kvB<=1k,kp<=8k,0.7449,4
256,n<=16,sr>70%,kvB<=1k,kp=0,0.9903,4
256,n<=16,sr>70%,kvB<=4k,kp<=1k,0.9899,4
256,n<=16,sr>70%,kvB<=4k,kp<=2k,0.8832,4
256,n<=16,sr>70%,kvB<=4k,kp<=4k,0.9646,4
256,n<=16,sr>70%,kvB<=4k,kp<=512,0.8878,4
256,n<=16,sr>70%,kvB<=4k,kp<=8k,0.8376,4
256,n<=16,sr>70%,kvB<=4k,kp=0,0.9032,4
256,n<=2,sr<=70%,kvB<=16k,kp<=1k,0.7177,2
256,n<=2,sr<=70%,kvB<=16k,kp<=2k,0.5263,2
256,n<=2,sr<=70%,kvB<=16k,kp<=4k,0.1284,2
256,n<=2,sr<=70%,kvB<=16k,kp<=512,0.8231,2
256,n<=2,sr<=70%,kvB<=16k,kp<=8k,-0.2005,2
256,n<=2,sr<=70%,kvB<=16k,kp=0,0.9207,2
256,n<=2,sr<=70%,kvB<=1k,kp<=1k,0.0106,2
256,n<=2,sr<=70%,kvB<=1k,kp<=2k,0.1692,2
256,n<=2,sr<=70%,kvB<=1k,kp<=512,-0.2117,2
256,n<=2,sr<=70%,kvB<=1k,kp<=8k,-3.8671,1
256,n<=2,sr<=70%,kvB<=1k,kp=0,-0.3721,2
256,n<=2,sr<=70%,kvB<=4k,kp<=1k,-0.1072,2
256,n<=2,sr<=70%,kvB<=4k,kp<=2k,-0.3027,2
256,n<=2,sr<=70%,kvB<=4k,kp<=4k,-0.0131,2
256,n<=2,sr<=70%,kvB<=4k,kp<=512,0.2722,2
256,n<=2,sr<=70%,kvB<=4k,kp<=8k,0.0723,1
256,n<=2,sr<=70%,kvB<=4k,kp=0,0.6565,2
256,n<=32,sr<=15%,kvB<=16k,kp<=1k,0.7985,6
256,n<=32,sr<=15%,kvB<=16k,kp<=2k,0.7988,6
256,n<=32,sr<=15%,kvB<=16k,kp<=4k,0.8066,6
256,n<=32,sr<=15%,kvB<=16k,kp<=512,0.801,6
256,n<=32,sr<=15%,kvB<=16k,kp<=8k,0.8107,6
256,n<=32,sr<=15%,kvB<=16k,kp=0,0.7991,6
256,n<=32,sr<=15%,kvB<=1k,kp<=1k,0.4506,6
256,n<=32,sr<=15%,kvB<=1k,kp<=2k,0.2817,6
256,n<=32,sr<=15%,kvB<=1k,kp<=4k,0.0435,6
256,n<=32,sr<=15%,kvB<=1k,kp<=512,0.4769,6
256,n<=32,sr<=15%,kvB<=1k,kp<=8k,-0.0441,6
256,n<=32,sr<=15%,kvB<=1k,kp=0,0.4769,6
256,n<=32,sr<=15%,kvB<=4k,kp<=1k,0.7065,6
256,n<=32,sr<=15%,kvB<=4k,kp<=2k,0.7469,6
256,n<=32,sr<=15%,kvB<=4k,kp<=4k,0.7322,6
256,n<=32,sr<=15%,kvB<=4k,kp<=512,0.7144,6
256,n<=32,sr<=15%,kvB<=4k,kp<=8k,0.4026,6
256,n<=32,sr<=15%,kvB<=4k,kp=0,0.6919,6
256,n<=32,sr<=40%,kvB<=16k,kp<=1k,0.7667,2
256,n<=32,sr<=40%,kvB<=16k,kp<=2k,0.764,2
256,n<=32,sr<=40%,kvB<=16k,kp<=4k,0.7721,2
256,n<=32,sr<=40%,kvB<=16k,kp<=512,0.761,2
256,n<=32,sr<=40%,kvB<=16k,kp<=8k,0.785,2
256,n<=32,sr<=40%,kvB<=16k,kp=0,0.7683,2
256,n<=32,sr<=40%,kvB<=1k,kp<=1k,0.4159,2
256,n<=32,sr<=40%,kvB<=1k,kp<=2k,0.4646,2
256,n<=32,sr<=40%,kvB<=1k,kp<=4k,0.467,2
256,n<=32,sr<=40%,kvB<=1k,kp<=512,0.3828,2
256,n<=32,sr<=40%,kvB<=1k,kp<=8k,0.465,2
256,n<=32,sr<=40%,kvB<=1k,kp=0,0.506,2
256,n<=32,sr<=40%,kvB<=4k,kp<=1k,0.6584,2
256,n<=32,sr<=40%,kvB<=4k,kp<=2k,0.7288,2
256,n<=32,sr<=40%,kvB<=4k,kp<=4k,0.7817,2
256,n<=32,sr<=40%,kvB<=4k,kp<=512,0.6573,2
256,n<=32,sr<=40%,kvB<=4k,kp<=8k,0.7919,2
256,n<=32,sr<=40%,kvB<=4k,kp=0,0.6552,2
256,n<=32,sr<=5%,kvB<=16k,kp<=1k,0.69,2
256,n<=32,sr<=5%,kvB<=16k,kp<=2k,0.6062,2
256,n<=32,sr<=5%,kvB<=16k,kp<=4k,0.4507,2
256,n<=32,sr<=5%,kvB<=16k,kp<=512,0.7279,2
256,n<=32,sr<=5%,kvB<=16k,kp<=8k,0.1936,2
256,n<=32,sr<=5%,kvB<=16k,kp=0,0.7589,2
256,n<=32,sr<=5%,kvB<=1k,kp<=1k,-0.024,2
256,n<=32,sr<=5%,kvB<=1k,kp<=2k,-0.022,2
256,n<=32,sr<=5%,kvB<=1k,kp<=4k,0.0092,2
256,n<=32,sr<=5%,kvB<=1k,kp<=512,-0.0036,2
256,n<=32,sr<=5%,kvB<=1k,kp<=8k,-0.0434,2
256,n<=32,sr<=5%,kvB<=1k,kp=0,0.0748,2
256,n<=32,sr<=5%,kvB<=4k,kp<=1k,0.2862,2
256,n<=32,sr<=5%,kvB<=4k,kp<=2k,0.0878,2
256,n<=32,sr<=5%,kvB<=4k,kp<=4k,-0.0202,2
256,n<=32,sr<=5%,kvB<=4k,kp<=512,0.4377,2
256,n<=32,sr<=5%,kvB<=4k,kp<=8k,0.0138,2
256,n<=32,sr<=5%,kvB<=4k,kp=0,0.5784,2
256,n<=32,sr<=70%,kvB<=16k,kp<=1k,0.7028,2
256,n<=32,sr<=70%,kvB<=16k,kp<=2k,0.7064,2
256,n<=32,sr<=70%,kvB<=16k,kp<=4k,0.6949,2
256,n<=32,sr<=70%,kvB<=16k,kp<=512,0.7008,2
256,n<=32,sr<=70%,kvB<=16k,kp<=8k,0.7032,2
256,n<=32,sr<=70%,kvB<=16k,kp=0,0.6857,2
256,n<=32,sr<=70%,kvB<=1k,kp<=1k,0.1131,2
256,n<=32,sr<=70%,kvB<=1k,kp<=2k,0.2314,2
256,n<=32,sr<=70%,kvB<=1k,kp<=4k,0.3466,2
256,n<=32,sr<=70%,kvB<=1k,kp<=512,0.2526,2
256,n<=32,sr<=70%,kvB<=1k,kp<=8k,0.7489,2
256,n<=32,sr<=70%,kvB<=1k,kp=0,0.1335,2
256,n<=32,sr<=70%,kvB<=4k,kp<=1k,0.535,2
256,n<=32,sr<=70%,kvB<=4k,kp<=2k,0.6236,2
256,n<=32,sr<=70%,kvB<=4k,kp<=4k,0.7286,2
256,n<=32,sr<=70%,kvB<=4k,kp<=512,0.5614,2
256,n<=32,sr<=70%,kvB<=4k,kp<=8k,0.7409,2
256,n<=32,sr<=70%,kvB<=4k,kp=0,0.5319,2
256,n<=32,sr>70%,kvB<=16k,kp<=1k,0.407,4
256,n<=32,sr>70%,kvB<=16k,kp<=2k,0.3836,4
256,n<=32,sr>70%,kvB<=16k,kp<=4k,0.3998,4
256,n<=32,sr>70%,kvB<=16k,kp<=512,0.3839,4
256,n<=32,sr>70%,kvB<=16k,kp<=8k,0.4038,4
256,n<=32,sr>70%,kvB<=16k,kp=0,0.5502,4
256,n<=32,sr>70%,kvB<=1k,kp<=1k,0.195,4
256,n<=32,sr>70%,kvB<=1k,kp<=2k,0.0726,4
256,n<=32,sr>70%,kvB<=1k,kp<=4k,0.2848,4
256,n<=32,sr>70%,kvB<=1k,kp<=512,0.0773,4
256,n<=32,sr>70%,kvB<=1k,kp<=8k,0.573,3
256,n<=32,sr>70%,kvB<=1k,kp=0,0.4696,4
256,n<=32,sr>70%,kvB<=4k,kp<=1k,0.2642,4
256,n<=32,sr>70%,kvB<=4k,kp<=2k,0.4207,4
256,n<=32,sr>70%,kvB<=4k,kp<=4k,0.5233,4
256,n<=32,sr>70%,kvB<=4k,kp<=512,0.211,4
256,n<=32,sr>70%,kvB<=4k,kp<=8k,0.5375,4
256,n<=32,sr>70%,kvB<=4k,kp=0,0.4505,4
256,n<=4,sr<=40%,kvB<=16k,kp<=1k,0.8077,2
256,n<=4,sr<=40%,kvB<=16k,kp<=2k,0.6849,2
256,n<=4,sr<=40%,kvB<=16k,kp<=4k,0.4194,2
256,n<=4,sr<=40%,kvB<=16k,kp<=512,0.879,2
256,n<=4,sr<=40%,kvB<=16k,kp<=8k,0.0039,2
256,n<=4,sr<=40%,kvB<=16k,kp=0,0.9407,2
256,n<=4,sr<=40%,kvB<=1k,kp<=1k,-0.1793,2
256,n<=4,sr<=40%,kvB<=1k,kp<=2k,-0.0168,2
256,n<=4,sr<=40%,kvB<=1k,kp<=4k,0.0001,1
256,n<=4,sr<=40%,kvB<=1k,kp<=512,-0.1438,2
256,n<=4,sr<=40%,kvB<=1k,kp<=8k,0.6221,1
256,n<=4,sr<=40%,kvB<=1k,kp=0,0.2118,2
256,n<=4,sr<=40%,kvB<=4k,kp<=1k,0.2483,2
256,n<=4,sr<=40%,kvB<=4k,kp<=2k,-0.0928,2
256,n<=4,sr<=40%,kvB<=4k,kp<=4k,-0.2052,2
256,n<=4,sr<=40%,kvB<=4k,kp<=512,0.5027,2
256,n<=4,sr<=40%,kvB<=4k,kp<=8k,0.0078,2
256,n<=4,sr<=40%,kvB<=4k,kp=0,0.7725,2
256,n<=4,sr<=70%,kvB<=16k,kp<=1k,0.9993,2
256,n<=4,sr<=70%,kvB<=16k,kp<=2k,1.0024,2
256,n<=4,sr<=70%,kvB<=16k,kp<=4k,0.9926,2
256,n<=4,sr<=70%,kvB<=16k,kp<=512,0.9913,2
256,n<=4,sr<=70%,kvB<=16k,kp<=8k,0.9999,2
256,n<=4,sr<=70%,kvB<=16k,kp=0,0.9907,2
256,n<=4,sr<=70%,kvB<=1k,kp<=1k,0.5691,2
256,n<=4,sr<=70%,kvB<=1k,kp<=2k,0.0182,2
256,n<=4,sr<=70%,kvB<=1k,kp<=4k,-0.0056,2
256,n<=4,sr<=70%,kvB<=1k,kp<=512,0.9365,2
256,n<=4,sr<=70%,kvB<=1k,kp=0,0.961,2
256,n<=4,sr<=70%,kvB<=4k,kp<=1k,0.9882,2
256,n<=4,sr<=70%,kvB<=4k,kp<=2k,0.9931,2
256,n<=4,sr<=70%,kvB<=4k,kp<=4k,0.5875,2
256,n<=4,sr<=70%,kvB<=4k,kp<=512,0.9714,2
256,n<=4,sr<=70%,kvB<=4k,kp<=8k,-0.6392,2
256,n<=4,sr<=70%,kvB<=4k,kp=0,0.9866,2
256,n<=4,sr>70%,kvB<=16k,kp<=1k,0.9942,2
256,n<=4,sr>70%,kvB<=16k,kp<=2k,0.9979,2
256,n<=4,sr>70%,kvB<=16k,kp<=4k,0.9928,2
256,n<=4,sr>70%,kvB<=16k,kp<=512,1.0041,2
256,n<=4,sr>70%,kvB<=16k,kp<=8k,1.0156,2
256,n<=4,sr>70%,kvB<=16k,kp=0,1.0044,2
256,n<=4,sr>70%,kvB<=1k,kp<=1k,0.9181,2
256,n<=4,sr>70%,kvB<=1k,kp<=2k,0.2569,2
256,n<=4,sr>70%,kvB<=1k,kp<=4k,0.2167,2
256,n<=4,sr>70%,kvB<=1k,kp<=512,0.9454,2
256,n<=4,sr>70%,kvB<=1k,kp<=8k,-0.3436,2
256,n<=4,sr>70%,kvB<=1k,kp=0,1.0267,2
256,n<=4,sr>70%,kvB<=4k,kp<=1k,1.016,2
256,n<=4,sr>70%,kvB<=4k,kp<=2k,0.999,2
256,n<=4,sr>70%,kvB<=4k,kp<=4k,0.9792,2
256,n<=4,sr>70%,kvB<=4k,kp<=512,0.9517,2
256,n<=4,sr>70%,kvB<=4k,kp<=8k,0.3131,2
256,n<=4,sr>70%,kvB<=4k,kp=0,0.9608,2
256,n<=64,sr<=15%,kvB<=16k,kp<=1k,0.2833,4
256,n<=64,sr<=15%,kvB<=16k,kp<=2k,0.2179,2
256,n<=64,sr<=15%,kvB<=16k,kp<=4k,0.2158,3
256,n<=64,sr<=15%,kvB<=16k,kp<=512,0.2178,2
256,n<=64,sr<=15%,kvB<=16k,kp<=8k,0.2577,4
256,n<=64,sr<=15%,kvB<=16k,kp=0,0.2212,3
256,n<=64,sr<=15%,kvB<=1k,kp<=1k,-0.0512,4
256,n<=64,sr<=15%,kvB<=1k,kp<=2k,-0.1394,4
256,n<=64,sr<=15%,kvB<=1k,kp<=4k,-0.0309,3
256,n<=64,sr<=15%,kvB<=1k,kp<=512,0.1002,3
256,n<=64,sr<=15%,kvB<=1k,kp<=8k,-0.8281,4
256,n<=64,sr<=15%,kvB<=1k,kp=0,0.1731,3
256,n<=64,sr<=15%,kvB<=4k,kp<=1k,0.267,3
256,n<=64,sr<=15%,kvB<=4k,kp<=2k,0.1419,4
256,n<=64,sr<=15%,kvB<=4k,kp<=4k,0.102,3
256,n<=64,sr<=15%,kvB<=4k,kp<=512,0.1679,4
256,n<=64,sr<=15%,kvB<=4k,kp<=8k,0.0702,4
256,n<=64,sr<=15%,kvB<=4k,kp=0,0.2458,4
256,n<=64,sr<=40%,kvB<=16k,kp<=2k,0.5287,1
256,n<=64,sr<=40%,kvB<=16k,kp<=4k,-0.0925,2
256,n<=64,sr<=40%,kvB<=16k,kp<=512,-0.7401,2
256,n<=64,sr<=40%,kvB<=16k,kp<=8k,1.1218,2
256,n<=64,sr<=40%,kvB<=16k,kp=0,0.0541,1
256,n<=64,sr<=40%,kvB<=1k,kp<=1k,-0.7013,2
256,n<=64,sr<=40%,kvB<=1k,kp<=4k,0.8522,1
256,n<=64,sr<=40%,kvB<=1k,kp<=512,0.7672,1
256,n<=64,sr<=40%,kvB<=1k,kp=0,0.2109,1
256,n<=64,sr<=40%,kvB<=4k,kp<=4k,-0.0002,2
256,n<=64,sr<=40%,kvB<=4k,kp<=512,0.6587,1
256,n<=64,sr<=40%,kvB<=4k,kp<=8k,-0.006,2
256,n<=64,sr<=5%,kvB<=16k,kp<=1k,0.222,6
256,n<=64,sr<=5%,kvB<=16k,kp<=2k,0.2079,6
256,n<=64,sr<=5%,kvB<=16k,kp<=4k,0.1832,6
256,n<=64,sr<=5%,kvB<=16k,kp<=512,0.2252,6
256,n<=64,sr<=5%,kvB<=16k,kp<=8k,0.1546,6
256,n<=64,sr<=5%,kvB<=16k,kp=0,0.2374,6
256,n<=64,sr<=5%,kvB<=1k,kp<=1k,-0.0028,6
256,n<=64,sr<=5%,kvB<=1k,kp<=2k,-0.0103,6
256,n<=64,sr<=5%,kvB<=1k,kp<=4k,-0.0082,6
256,n<=64,sr<=5%,kvB<=1k,kp<=512,-0.0138,6
256,n<=64,sr<=5%,kvB<=1k,kp<=8k,-0.0027,6
256,n<=64,sr<=5%,kvB<=1k,kp=0,0.0223,6
256,n<=64,sr<=5%,kvB<=4k,kp<=1k,0.1086,6
256,n<=64,sr<=5%,kvB<=4k,kp<=2k,0.1178,6
256,n<=64,sr<=5%,kvB<=4k,kp<=4k,0.1082,6
256,n<=64,sr<=5%,kvB<=4k,kp<=512,0.1292,6
256,n<=64,sr<=5%,kvB<=4k,kp<=8k,0.0433,6
256,n<=64,sr<=5%,kvB<=4k,kp=0,0.1498,6
256,n<=64,sr<=70%,kvB<=16k,kp<=1k,0.0707,2
256,n<=64,sr<=70%,kvB<=16k,kp<=2k,0.6654,1
256,n<=64,sr<=70%,kvB<=16k,kp<=8k,0.0056,2
256,n<=64,sr<=70%,kvB<=16k,kp=0,-0.0078,2
256,n<=64,sr<=70%,kvB<=1k,kp<=2k,0.6545,2
256,n<=64,sr<=70%,kvB<=1k,kp<=512,-14.7444,1
256,n<=64,sr<=70%,kvB<=1k,kp<=8k,0.929,2
256,n<=64,sr<=70%,kvB<=4k,kp<=1k,0.7833,1
256,n<=64,sr<=70%,kvB<=4k,kp<=2k,0.0,1
256,n<=64,sr<=70%,kvB<=4k,kp<=4k,0.0292,1
256,n<=64,sr<=70%,kvB<=4k,kp<=512,-0.0003,1
256,n<=64,sr<=70%,kvB<=4k,kp<=8k,7.5432,1
256,n<=64,sr<=70%,kvB<=4k,kp=0,0.6232,2
256,n<=64,sr>70%,kvB<=16k,kp<=1k,1.9087,2
256,n<=64,sr>70%,kvB<=16k,kp<=2k,-0.2585,4
256,n<=64,sr>70%,kvB<=16k,kp<=4k,0.9544,3
256,n<=64,sr>70%,kvB<=16k,kp<=512,0.7315,3
256,n<=64,sr>70%,kvB<=16k,kp<=8k,1.0434,4
256,n<=64,sr>70%,kvB<=16k,kp=0,0.6617,3
256,n<=64,sr>70%,kvB<=1k,kp<=1k,1.8634,2
256,n<=64,sr>70%,kvB<=1k,kp<=2k,1.9818,3
256,n<=64,sr>70%,kvB<=1k,kp<=4k,0.0013,2
256,n<=64,sr>70%,kvB<=1k,kp<=512,7.6393,2
256,n<=64,sr>70%,kvB<=1k,kp<=8k,0.9956,4
256,n<=64,sr>70%,kvB<=1k,kp=0,0.0144,4
256,n<=64,sr>70%,kvB<=4k,kp<=1k,0.9367,2
256,n<=64,sr>70%,kvB<=4k,kp<=2k,0.079,2
256,n<=64,sr>70%,kvB<=4k,kp<=4k,0.7718,3
256,n<=64,sr>70%,kvB<=4k,kp<=512,0.9468,3
256,n<=64,sr>70%,kvB<=4k,kp<=8k,0.9876,4
256,n<=64,sr>70%,kvB<=4k,kp=0,0.1317,3
256,n<=8,sr<=15%,kvB<=16k,kp<=1k,0.84,2
256,n<=8,sr<=15%,kvB<=16k,kp<=2k,0.7264,2
256,n<=8,sr<=15%,kvB<=16k,kp<=4k,0.4961,2
256,n<=8,sr<=15%,kvB<=16k,kp<=512,0.8922,2
256,n<=8,sr<=15%,kvB<=16k,kp<=8k,0.1356,2
256,n<=8,sr<=15%,kvB<=16k,kp=0,0.9484,2
256,n<=8,sr<=15%,kvB<=1k,kp<=1k,0.0452,2
256,n<=8,sr<=15%,kvB<=1k,kp<=2k,0.046,2
256,n<=8,sr<=15%,kvB<=1k,kp<=4k,-0.0576,2
256,n<=8,sr<=15%,kvB<=1k,kp<=512,0.0139,2
256,n<=8,sr<=15%,kvB<=1k,kp<=8k,0.0109,2
256,n<=8,sr<=15%,kvB<=1k,kp=0,0.3065,2
256,n<=8,sr<=15%,kvB<=4k,kp<=1k,0.3459,2
256,n<=8,sr<=15%,kvB<=4k,kp<=2k,0.0404,2
256,n<=8,sr<=15%,kvB<=4k,kp<=4k,-0.1129,2
256,n<=8,sr<=15%,kvB<=4k,kp<=512,0.5716,2
256,n<=8,sr<=15%,kvB<=4k,kp<=8k,-0.0905,2
256,n<=8,sr<=15%,kvB<=4k,kp=0,0.777,2
256,n<=8,sr<=40%,kvB<=16k,kp<=1k,0.9983,4
256,n<=8,sr<=40%,kvB<=16k,kp<=2k,0.9895,4
256,n<=8,sr<=40%,kvB<=16k,kp<=4k,0.9996,4
256,n<=8,sr<=40%,kvB<=16k,kp<=512,0.9926,4
256,n<=8,sr<=40%,kvB<=16k,kp<=8k,0.9949,4
256,n<=8,sr<=40%,kvB<=16k,kp=0,0.9919,4
256,n<=8,sr<=40%,kvB<=1k,kp<=1k,0.8046,4
256,n<=8,sr<=40%,kvB<=1k,kp<=2k,0.1721,4
256,n<=8,sr<=40%,kvB<=1k,kp<=4k,-0.0654,4
256,n<=8,sr<=40%,kvB<=1k,kp<=512,0.9265,4
256,n<=8,sr<=40%,kvB<=1k,kp<=8k,-0.0487,2
256,n<=8,sr<=40%,kvB<=1k,kp=0,0.9435,4
256,n<=8,sr<=40%,kvB<=4k,kp<=1k,0.9878,4
256,n<=8,sr<=40%,kvB<=4k,kp<=2k,0.9756,4
256,n<=8,sr<=40%,kvB<=4k,kp<=4k,0.8067,4
256,n<=8,sr<=40%,kvB<=4k,kp<=512,0.9828,4
256,n<=8,sr<=40%,kvB<=4k,kp<=8k,0.0759,4
256,n<=8,sr<=40%,kvB<=4k,kp=0,0.9679,4
256,n<=8,sr<=70%,kvB<=16k,kp<=1k,0.9933,2
256,n<=8,sr<=70%,kvB<=16k,kp<=2k,0.9955,2
256,n<=8,sr<=70%,kvB<=16k,kp<=4k,0.9893,2
256,n<=8,sr<=70%,kvB<=16k,kp<=512,0.9968,2
256,n<=8,sr<=70%,kvB<=16k,kp<=8k,0.9855,2
256,n<=8,sr<=70%,kvB<=16k,kp=0,0.9968,2
256,n<=8,sr<=70%,kvB<=1k,kp<=1k,0.8912,2
256,n<=8,sr<=70%,kvB<=1k,kp<=2k,0.9725,2
256,n<=8,sr<=70%,kvB<=1k,kp<=4k,0.2504,2
256,n<=8,sr<=70%,kvB<=1k,kp<=512,0.9692,2
256,n<=8,sr<=70%,kvB<=1k,kp<=8k,0.028,1
256,n<=8,sr<=70%,kvB<=1k,kp=0,0.9395,2
256,n<=8,sr<=70%,kvB<=4k,kp<=1k,0.9899,2
256,n<=8,sr<=70%,kvB<=4k,kp<=2k,0.9725,2
256,n<=8,sr<=70%,kvB<=4k,kp<=4k,0.9616,2
256,n<=8,sr<=70%,kvB<=4k,kp<=512,0.9826,2
256,n<=8,sr<=70%,kvB<=4k,kp<=8k,0.6404,2
256,n<=8,sr<=70%,kvB<=4k,kp=0,1.0026,2
256,n<=8,sr>70%,kvB<=16k,kp<=1k,1.0002,4
256,n<=8,sr>70%,kvB<=16k,kp<=2k,0.9948,4
256,n<=8,sr>70%,kvB<=16k,kp<=4k,0.9826,4
256,n<=8,sr>70%,kvB<=16k,kp<=512,0.9979,4
256,n<=8,sr>70%,kvB<=16k,kp<=8k,0.9924,4
256,n<=8,sr>70%,kvB<=16k,kp=0,0.9983,4
256,n<=8,sr>70%,kvB<=1k,kp<=1k,1.0047,4
256,n<=8,sr>70%,kvB<=1k,kp<=2k,0.9828,4
256,n<=8,sr>70%,kvB<=1k,kp<=4k,0.9399,4
256,n<=8,sr>70%,kvB<=1k,kp<=512,0.9328,4
256,n<=8,sr>70%,kvB<=1k,kp<=8k,-0.0732,3
256,n<=8,sr>70%,kvB<=1k,kp=0,0.9652,4
256,n<=8,sr>70%,kvB<=4k,kp<=1k,1.0139,4
256,n<=8,sr>70%,kvB<=4k,kp<=2k,0.9602,4
256,n<=8,sr>70%,kvB<=4k,kp<=4k,0.9522,4
256,n<=8,sr>70%,kvB<=4k,kp<=512,0.9806,4
256,n<=8,sr>70%,kvB<=4k,kp<=8k,0.9829,4
256,n<=8,sr>70%,kvB<=4k,kp=0,0.9549,4
512,n<=128,sr<=15%,kvB<=16k,kp<=1k,0.2846,3
512,n<=128,sr<=15%,kvB<=16k,kp<=2k,0.1958,3
512,n<=128,sr<=15%,kvB<=16k,kp<=4k,0.0103,2
512,n<=128,sr<=15%,kvB<=16k,kp<=512,-0.7212,3
512,n<=128,sr<=15%,kvB<=16k,kp<=8k,0.5809,1
512,n<=128,sr<=15%,kvB<=16k,kp=0,0.03,1
512,n<=128,sr<=15%,kvB<=1k,kp<=1k,0.0098,3
512,n<=128,sr<=15%,kvB<=1k,kp<=2k,0.0827,3
512,n<=128,sr<=15%,kvB<=1k,kp<=4k,-1.6874,4
512,n<=128,sr<=15%,kvB<=1k,kp<=512,0.5852,3
512,n<=128,sr<=15%,kvB<=1k,kp<=8k,0.1483,3
512,n<=128,sr<=15%,kvB<=1k,kp=0,0.112,2
512,n<=128,sr<=15%,kvB<=4k,kp<=1k,0.1298,2
512,n<=128,sr<=15%,kvB<=4k,kp<=2k,0.3107,4
512,n<=128,sr<=15%,kvB<=4k,kp<=4k,0.043,2
512,n<=128,sr<=15%,kvB<=4k,kp<=512,0.3039,3
512,n<=128,sr<=15%,kvB<=4k,kp<=8k,0.3733,3
512,n<=128,sr<=15%,kvB<=4k,kp=0,0.3361,3
512,n<=128,sr<=40%,kvB<=16k,kp<=1k,-1.078,2
512,n<=128,sr<=40%,kvB<=16k,kp<=2k,0.5289,1
512,n<=128,sr<=40%,kvB<=16k,kp<=4k,-0.4166,2
512,n<=128,sr<=40%,kvB<=16k,kp<=512,1.0285,1
512,n<=128,sr<=40%,kvB<=16k,kp=0,-0.0095,2
512,n<=128,sr<=40%,kvB<=1k,kp<=1k,0.8598,2
512,n<=128,sr<=40%,kvB<=1k,kp<=2k,0.1307,1
512,n<=128,sr<=40%,kvB<=1k,kp<=4k,1.9088,2
512,n<=128,sr<=40%,kvB<=1k,kp<=512,-1.0679,1
512,n<=128,sr<=40%,kvB<=1k,kp<=8k,0.8798,1
512,n<=128,sr<=40%,kvB<=1k,kp=0,-2.8335,1
512,n<=128,sr<=40%,kvB<=4k,kp<=1k,0.5879,1
512,n<=128,sr<=40%,kvB<=4k,kp<=2k,-1.5577,1
512,n<=128,sr<=40%,kvB<=4k,kp<=4k,-0.005,1
512,n<=128,sr<=40%,kvB<=4k,kp<=512,0.2683,2
512,n<=128,sr<=40%,kvB<=4k,kp<=8k,-0.0043,2
512,n<=128,sr<=40%,kvB<=4k,kp=0,1.1835,1
512,n<=128,sr<=5%,kvB<=16k,kp<=1k,0.0686,4
512,n<=128,sr<=5%,kvB<=16k,kp<=2k,0.2607,8
512,n<=128,sr<=5%,kvB<=16k,kp<=4k,0.2069,5
512,n<=128,sr<=5%,kvB<=16k,kp<=512,0.1301,7
512,n<=128,sr<=5%,kvB<=16k,kp<=8k,0.0348,6
512,n<=128,sr<=5%,kvB<=16k,kp=0,0.2835,3
512,n<=128,sr<=5%,kvB<=1k,kp<=1k,0.874,5
512,n<=128,sr<=5%,kvB<=1k,kp<=2k,-0.0374,7
512,n<=128,sr<=5%,kvB<=1k,kp<=4k,0.8525,6
512,n<=128,sr<=5%,kvB<=1k,kp<=512,0.2272,6
512,n<=128,sr<=5%,kvB<=1k,kp<=8k,-2.5945,5
512,n<=128,sr<=5%,kvB<=1k,kp=0,0.2303,7
512,n<=128,sr<=5%,kvB<=4k,kp<=1k,0.2603,5
512,n<=128,sr<=5%,kvB<=4k,kp<=2k,0.0345,6
512,n<=128,sr<=5%,kvB<=4k,kp<=4k,0.3873,5
512,n<=128,sr<=5%,kvB<=4k,kp<=512,0.0003,4
512,n<=128,sr<=5%,kvB<=4k,kp<=8k,0.3127,8
512,n<=128,sr<=5%,kvB<=4k,kp=0,0.1471,6
512,n<=128,sr<=70%,kvB<=16k,kp<=1k,0.011,1
512,n<=128,sr<=70%,kvB<=16k,kp<=2k,2.0413,2
512,n<=128,sr<=70%,kvB<=16k,kp<=8k,0.7586,1
512,n<=128,sr<=70%,kvB<=1k,kp<=1k,-3.2383,2
512,n<=128,sr<=70%,kvB<=1k,kp<=2k,0.5641,2
512,n<=128,sr<=70%,kvB<=1k,kp<=512,-4.7837,1
512,n<=128,sr<=70%,kvB<=1k,kp<=8k,0.0551,2
512,n<=128,sr<=70%,kvB<=1k,kp=0,0.7601,2
512,n<=128,sr<=70%,kvB<=4k,kp<=1k,0.7407,2
512,n<=128,sr<=70%,kvB<=4k,kp<=2k,-1.4139,1
512,n<=128,sr<=70%,kvB<=4k,kp<=4k,-0.0568,1
512,n<=128,sr<=70%,kvB<=4k,kp<=512,0.7661,1
512,n<=128,sr<=70%,kvB<=4k,kp<=8k,0.819,1
512,n<=128,sr<=70%,kvB<=4k,kp=0,0.5384,2
512,n<=128,sr>70%,kvB<=16k,kp<=1k,0.0669,3
512,n<=128,sr>70%,kvB<=16k,kp<=2k,0.5527,3
512,n<=128,sr>70%,kvB<=16k,kp<=512,4.8307,3
512,n<=128,sr>70%,kvB<=16k,kp<=8k,0.0075,3
512,n<=128,sr>70%,kvB<=16k,kp=0,0.0619,4
512,n<=128,sr>70%,kvB<=1k,kp<=1k,0.8972,4
512,n<=128,sr>70%,kvB<=1k,kp<=2k,0.0355,3
512,n<=128,sr>70%,kvB<=1k,kp<=4k,0.9438,4
512,n<=128,sr>70%,kvB<=1k,kp<=512,0.365,4
512,n<=128,sr>70%,kvB<=1k,kp<=8k,15.1446,2
512,n<=128,sr>70%,kvB<=1k,kp=0,0.3108,2
512,n<=128,sr>70%,kvB<=4k,kp<=1k,0.049,3
512,n<=128,sr>70%,kvB<=4k,kp<=2k,-2.9606,2
512,n<=128,sr>70%,kvB<=4k,kp<=4k,1.932,2
512,n<=128,sr>70%,kvB<=4k,kp<=512,-2.7817,2
512,n<=128,sr>70%,kvB<=4k,kp<=8k,8.767,2
512,n<=128,sr>70%,kvB<=4k,kp=0,-2.3333,4
512,n<=16,sr<=15%,kvB<=16k,kp<=1k,0.8451,4
512,n<=16,sr<=15%,kvB<=16k,kp<=2k,0.7405,4
512,n<=16,sr<=15%,kvB<=16k,kp<=4k,0.5311,4
512,n<=16,sr<=15%,kvB<=16k,kp<=512,0.8858,4
512,n<=16,sr<=15%,kvB<=16k,kp<=8k,0.1808,4
512,n<=16,sr<=15%,kvB<=16k,kp=0,0.944,4
512,n<=16,sr<=15%,kvB<=1k,kp<=1k,-0.0201,4
512,n<=16,sr<=15%,kvB<=1k,kp<=2k,0.0101,4
512,n<=16,sr<=15%,kvB<=1k,kp<=4k,0.0002,4
512,n<=16,sr<=15%,kvB<=1k,kp<=512,-0.034,4
512,n<=16,sr<=15%,kvB<=1k,kp<=8k,-0.035,4
512,n<=16,sr<=15%,kvB<=1k,kp=0,0.2834,4
512,n<=16,sr<=15%,kvB<=4k,kp<=1k,0.3748,4
512,n<=16,sr<=15%,kvB<=4k,kp<=2k,0.1393,4
512,n<=16,sr<=15%,kvB<=4k,kp<=4k,-0.076,4
512,n<=16,sr<=15%,kvB<=4k,kp<=512,0.5798,4
512,n<=16,sr<=15%,kvB<=4k,kp<=8k,-0.048,4
512,n<=16,sr<=15%,kvB<=4k,kp=0,0.7726,4
512,n<=16,sr<=40%,kvB<=16k,kp<=1k,0.9689,4
512,n<=16,sr<=40%,kvB<=16k,kp<=2k,0.9603,4
512,n<=16,sr<=40%,kvB<=16k,kp<=4k,0.9529,4
512,n<=16,sr<=40%,kvB<=16k,kp<=512,0.9653,4
512,n<=16,sr<=40%,kvB<=16k,kp<=8k,0.9641,4
512,n<=16,sr<=40%,kvB<=16k,kp=0,0.9653,4
512,n<=16,sr<=40%,kvB<=1k,kp<=1k,0.5575,4
512,n<=16,sr<=40%,kvB<=1k,kp<=2k,-0.1239,4
512,n<=16,sr<=40%,kvB<=1k,kp<=4k,-0.0751,4
512,n<=16,sr<=40%,kvB<=1k,kp<=512,0.7051,4
512,n<=16,sr<=40%,kvB<=1k,kp<=8k,0.0013,4
512,n<=16,sr<=40%,kvB<=1k,kp=0,0.6343,4
512,n<=16,sr<=40%,kvB<=4k,kp<=1k,0.9025,4
512,n<=16,sr<=40%,kvB<=4k,kp<=2k,0.8604,4
512,n<=16,sr<=40%,kvB<=4k,kp<=4k,0.6244,4
512,n<=16,sr<=40%,kvB<=4k,kp<=512,0.8827,4
512,n<=16,sr<=40%,kvB<=4k,kp<=8k,-0.1943,4
512,n<=16,sr<=40%,kvB<=4k,kp=0,0.8707,4
512,n<=16,sr<=70%,kvB<=16k,kp<=1k,0.9666,2
512,n<=16,sr<=70%,kvB<=16k,kp<=2k,0.9598,2
512,n<=16,sr<=70%,kvB<=16k,kp<=4k,0.9606,2
512,n<=16,sr<=70%,kvB<=16k,kp<=512,0.961,2
512,n<=16,sr<=70%,kvB<=16k,kp<=8k,0.9958,2
512,n<=16,sr<=70%,kvB<=16k,kp=0,0.9826,2
512,n<=16,sr<=70%,kvB<=1k,kp<=1k,0.7133,2
512,n<=16,sr<=70%,kvB<=1k,kp<=2k,0.6766,2
512,n<=16,sr<=70%,kvB<=1k,kp<=4k,0.2113,2
512,n<=16,sr<=70%,kvB<=1k,kp<=512,0.6661,2
512,n<=16,sr<=70%,kvB<=1k,kp<=8k,-0.1414,1
512,n<=16,sr<=70%,kvB<=1k,kp=0,0.7071,2
512,n<=16,sr<=70%,kvB<=4k,kp<=1k,0.9117,2
512,n<=16,sr<=70%,kvB<=4k,kp<=2k,0.8278,2
512,n<=16,sr<=70%,kvB<=4k,kp<=4k,0.8965,2
512,n<=16,sr<=70%,kvB<=4k,kp<=512,0.9065,2
512,n<=16,sr<=70%,kvB<=4k,kp<=8k,0.6984,2
512,n<=16,sr<=70%,kvB<=4k,kp=0,0.929,2
512,n<=16,sr>70%,kvB<=16k,kp<=1k,0.954,4
512,n<=16,sr>70%,kvB<=16k,kp<=2k,0.932,4
512,n<=16,sr>70%,kvB<=16k,kp<=4k,0.9848,4
512,n<=16,sr>70%,kvB<=16k,kp<=512,0.9699,4
512,n<=16,sr>70%,kvB<=16k,kp<=8k,0.9644,4
512,n<=16,sr>70%,kvB<=16k,kp=0,1.0104,4
512,n<=16,sr>70%,kvB<=1k,kp<=1k,0.8625,4
512,n<=16,sr>70%,kvB<=1k,kp<=2k,0.6178,4
512,n<=16,sr>70%,kvB<=1k,kp<=4k,0.677,4
512,n<=16,sr>70%,kvB<=1k,kp<=512,0.8192,4
512,n<=16,sr>70%,kvB<=1k,kp<=8k,-1.5644,4
512,n<=16,sr>70%,kvB<=1k,kp=0,0.6023,4
512,n<=16,sr>70%,kvB<=4k,kp<=1k,0.8268,4
512,n<=16,sr>70%,kvB<=4k,kp<=2k,0.7753,4
512,n<=16,sr>70%,kvB<=4k,kp<=4k,0.876,4
512,n<=16,sr>70%,kvB<=4k,kp<=512,0.8611,4
512,n<=16,sr>70%,kvB<=4k,kp<=8k,0.9757,4
512,n<=16,sr>70%,kvB<=4k,kp=0,0.8662,4
512,n<=2,sr<=70%,kvB<=16k,kp<=1k,0.9931,2
512,n<=2,sr<=70%,kvB<=16k,kp<=2k,1.0052,2
512,n<=2,sr<=70%,kvB<=16k,kp<=4k,0.9843,2
512,n<=2,sr<=70%,kvB<=16k,kp<=512,0.9944,2
512,n<=2,sr<=70%,kvB<=16k,kp<=8k,0.9728,2
512,n<=2,sr<=70%,kvB<=16k,kp=0,0.9908,2
512,n<=2,sr<=70%,kvB<=1k,kp<=1k,0.4996,1
512,n<=2,sr<=70%,kvB<=1k,kp<=2k,2.4621,1
512,n<=2,sr<=70%,kvB<=1k,kp<=4k,2.3571,1
512,n<=2,sr<=70%,kvB<=1k,kp<=512,0.9676,1
512,n<=2,sr<=70%,kvB<=1k,kp=0,0.9835,2
512,n<=2,sr<=70%,kvB<=4k,kp<=1k,0.9913,2
512,n<=2,sr<=70%,kvB<=4k,kp<=2k,0.9866,1
512,n<=2,sr<=70%,kvB<=4k,kp<=4k,1.3865,2
512,n<=2,sr<=70%,kvB<=4k,kp<=512,0.9835,2
512,n<=2,sr<=70%,kvB<=4k,kp<=8k,-6.5826,1
512,n<=2,sr<=70%,kvB<=4k,kp=0,1.0016,2
512,n<=32,sr<=15%,kvB<=16k,kp<=1k,0.7595,6
512,n<=32,sr<=15%,kvB<=16k,kp<=2k,0.7162,6
512,n<=32,sr<=15%,kvB<=16k,kp<=4k,0.6675,6
512,n<=32,sr<=15%,kvB<=16k,kp<=512,0.7789,6
512,n<=32,sr<=15%,kvB<=16k,kp<=8k,0.5761,6
512,n<=32,sr<=15%,kvB<=16k,kp=0,0.7823,6
512,n<=32,sr<=15%,kvB<=1k,kp<=1k,0.2161,6
512,n<=32,sr<=15%,kvB<=1k,kp<=2k,-0.0357,6
512,n<=32,sr<=15%,kvB<=1k,kp<=4k,-0.069,6
512,n<=32,sr<=15%,kvB<=1k,kp<=512,0.2772,6
512,n<=32,sr<=15%,kvB<=1k,kp<=8k,0.0821,6
512,n<=32,sr<=15%,kvB<=1k,kp=0,0.298,6
512,n<=32,sr<=15%,kvB<=4k,kp<=1k,0.5805,6
512,n<=32,sr<=15%,kvB<=4k,kp<=2k,0.4548,6
512,n<=32,sr<=15%,kvB<=4k,kp<=4k,0.3273,6
512,n<=32,sr<=15%,kvB<=4k,kp<=512,0.6062,6
512,n<=32,sr<=15%,kvB<=4k,kp<=8k,-0.0365,6
512,n<=32,sr<=15%,kvB<=4k,kp=0,0.6403,6
512,n<=32,sr<=40%,kvB<=16k,kp<=1k,0.7643,2
512,n<=32,sr<=40%,kvB<=16k,kp<=2k,0.7481,2
512,n<=32,sr<=40%,kvB<=16k,kp<=4k,0.7675,2
512,n<=32,sr<=40%,kvB<=16k,kp<=512,0.7545,2
512,n<=32,sr<=40%,kvB<=16k,kp<=8k,0.7938,2
512,n<=32,sr<=40%,kvB<=16k,kp=0,0.7551,2
512,n<=32,sr<=40%,kvB<=1k,kp<=1k,0.4401,2
512,n<=32,sr<=40%,kvB<=1k,kp<=2k,0.1946,2
512,n<=32,sr<=40%,kvB<=1k,kp<=4k,0.2564,2
512,n<=32,sr<=40%,kvB<=1k,kp<=512,0.433,2
512,n<=32,sr<=40%,kvB<=1k,kp<=8k,-0.0485,2
512,n<=32,sr<=40%,kvB<=1k,kp=0,0.4977,2
512,n<=32,sr<=40%,kvB<=4k,kp<=1k,0.6966,2
512,n<=32,sr<=40%,kvB<=4k,kp<=2k,0.6754,2
512,n<=32,sr<=40%,kvB<=4k,kp<=4k,0.6296,2
512,n<=32,sr<=40%,kvB<=4k,kp<=512,0.6741,2
512,n<=32,sr<=40%,kvB<=4k,kp<=8k,0.5755,2
512,n<=32,sr<=40%,kvB<=4k,kp=0,0.6362,2
512,n<=32,sr<=5%,kvB<=16k,kp<=1k,0.6984,2
512,n<=32,sr<=5%,kvB<=16k,kp<=2k,0.6157,2
512,n<=32,sr<=5%,kvB<=16k,kp<=4k,0.4535,2
512,n<=32,sr<=5%,kvB<=16k,kp<=512,0.7284,2
512,n<=32,sr<=5%,kvB<=16k,kp<=8k,0.1921,2
512,n<=32,sr<=5%,kvB<=16k,kp=0,0.7856,2
512,n<=32,sr<=5%,kvB<=1k,kp<=1k,0.0224,2
512,n<=32,sr<=5%,kvB<=1k,kp<=2k,-0.0103,2
512,n<=32,sr<=5%,kvB<=1k,kp<=4k,0.0603,2
512,n<=32,sr<=5%,kvB<=1k,kp<=512,-0.0439,2
512,n<=32,sr<=5%,kvB<=1k,kp<=8k,0.0119,2
512,n<=32,sr<=5%,kvB<=1k,kp=0,0.1667,2
512,n<=32,sr<=5%,kvB<=4k,kp<=1k,0.332,2
512,n<=32,sr<=5%,kvB<=4k,kp<=2k,0.0914,2
512,n<=32,sr<=5%,kvB<=4k,kp<=4k,0.0046,2
512,n<=32,sr<=5%,kvB<=4k,kp<=512,0.4591,2
512,n<=32,sr<=5%,kvB<=4k,kp<=8k,-0.0194,2
512,n<=32,sr<=5%,kvB<=4k,kp=0,0.6254,2
512,n<=32,sr<=70%,kvB<=16k,kp<=1k,0.6901,2
512,n<=32,sr<=70%,kvB<=16k,kp<=2k,0.6797,2
512,n<=32,sr<=70%,kvB<=16k,kp<=4k,0.6897,2
512,n<=32,sr<=70%,kvB<=16k,kp<=512,0.6882,2
512,n<=32,sr<=70%,kvB<=16k,kp<=8k,0.7498,2
512,n<=32,sr<=70%,kvB<=16k,kp=0,0.6819,2
512,n<=32,sr<=70%,kvB<=1k,kp<=1k,0.4381,2
512,n<=32,sr<=70%,kvB<=1k,kp<=2k,0.0926,2
512,n<=32,sr<=70%,kvB<=1k,kp<=4k,0.1152,2
512,n<=32,sr<=70%,kvB<=1k,kp<=512,0.3308,2
512,n<=32,sr<=70%,kvB<=1k,kp<=8k,-0.0638,2
512,n<=32,sr<=70%,kvB<=1k,kp=0,0.3588,2
512,n<=32,sr<=70%,kvB<=4k,kp<=1k,0.6205,2
512,n<=32,sr<=70%,kvB<=4k,kp<=2k,0.6111,2
512,n<=32,sr<=70%,kvB<=4k,kp<=4k,0.6472,2
512,n<=32,sr<=70%,kvB<=4k,kp<=512,0.5758,2
512,n<=32,sr<=70%,kvB<=4k,kp<=8k,0.7079,2
512,n<=32,sr<=70%,kvB<=4k,kp=0,0.4979,2
512,n<=32,sr>70%,kvB<=16k,kp<=1k,0.4522,4
512,n<=32,sr>70%,kvB<=16k,kp<=2k,0.3658,4
512,n<=32,sr>70%,kvB<=16k,kp<=4k,0.3929,4
512,n<=32,sr>70%,kvB<=16k,kp<=512,0.3603,4
512,n<=32,sr>70%,kvB<=16k,kp<=8k,0.4007,4
512,n<=32,sr>70%,kvB<=16k,kp=0,0.4428,4
512,n<=32,sr>70%,kvB<=1k,kp<=1k,0.4097,4
512,n<=32,sr>70%,kvB<=1k,kp<=2k,0.1298,4
512,n<=32,sr>70%,kvB<=1k,kp<=4k,0.2996,3
512,n<=32,sr>70%,kvB<=1k,kp<=512,0.3681,4
512,n<=32,sr>70%,kvB<=1k,kp<=8k,0.3558,3
512,n<=32,sr>70%,kvB<=1k,kp=0,0.3552,4
512,n<=32,sr>70%,kvB<=4k,kp<=1k,0.3286,4
512,n<=32,sr>70%,kvB<=4k,kp<=2k,0.386,4
512,n<=32,sr>70%,kvB<=4k,kp<=4k,0.492,4
512,n<=32,sr>70%,kvB<=4k,kp<=512,0.2424,4
512,n<=32,sr>70%,kvB<=4k,kp<=8k,0.7897,4
512,n<=32,sr>70%,kvB<=4k,kp=0,0.3314,4
512,n<=4,sr<=40%,kvB<=16k,kp<=1k,0.8235,2
512,n<=4,sr<=40%,kvB<=16k,kp<=2k,0.725,2
512,n<=4,sr<=40%,kvB<=16k,kp<=4k,0.4651,2
512,n<=4,sr<=40%,kvB<=16k,kp<=512,0.8966,2
512,n<=4,sr<=40%,kvB<=16k,kp<=8k,0.102,2
512,n<=4,sr<=40%,kvB<=16k,kp=0,0.9595,2
512,n<=4,sr<=40%,kvB<=1k,kp<=1k,0.296,2
512,n<=4,sr<=40%,kvB<=1k,kp<=2k,0.0053,2
512,n<=4,sr<=40%,kvB<=1k,kp<=4k,-0.3368,1
512,n<=4,sr<=40%,kvB<=1k,kp<=512,0.0701,2
512,n<=4,sr<=40%,kvB<=1k,kp=0,0.4434,2
512,n<=4,sr<=40%,kvB<=4k,kp<=1k,0.3243,2
512,n<=4,sr<=40%,kvB<=4k,kp<=2k,0.0316,2
512,n<=4,sr<=40%,kvB<=4k,kp<=4k,-0.0083,2
512,n<=4,sr<=40%,kvB<=4k,kp<=512,0.5795,2
512,n<=4,sr<=40%,kvB<=4k,kp<=8k,-0.0019,1
512,n<=4,sr<=40%,kvB<=4k,kp=0,0.8405,2
512,n<=4,sr<=70%,kvB<=16k,kp<=1k,0.7497,2
512,n<=4,sr<=70%,kvB<=16k,kp<=2k,0.5878,2
512,n<=4,sr<=70%,kvB<=16k,kp<=4k,0.197,2
512,n<=4,sr<=70%,kvB<=16k,kp<=512,0.8334,2
512,n<=4,sr<=70%,kvB<=16k,kp<=8k,-0.2116,2
512,n<=4,sr<=70%,kvB<=16k,kp=0,0.9568,2
512,n<=4,sr<=70%,kvB<=1k,kp<=1k,-0.1351,2
512,n<=4,sr<=70%,kvB<=1k,kp<=2k,-0.1941,1
512,n<=4,sr<=70%,kvB<=1k,kp<=4k,0.0173,1
512,n<=4,sr<=70%,kvB<=1k,kp<=512,-0.5471,2
512,n<=4,sr<=70%,kvB<=1k,kp<=8k,1.4412,2
512,n<=4,sr<=70%,kvB<=1k,kp=0,0.0789,2
512,n<=4,sr<=70%,kvB<=4k,kp<=1k,0.0179,2
512,n<=4,sr<=70%,kvB<=4k,kp<=2k,-0.2893,2
512,n<=4,sr<=70%,kvB<=4k,kp<=4k,-0.1138,2
512,n<=4,sr<=70%,kvB<=4k,kp<=512,0.3636,2
512,n<=4,sr<=70%,kvB<=4k,kp<=8k,0.1793,2
512,n<=4,sr<=70%,kvB<=4k,kp=0,0.776,2
512,n<=4,sr>70%,kvB<=16k,kp<=1k,0.9947,2
512,n<=4,sr>70%,kvB<=16k,kp<=2k,0.9733,2
512,n<=4,sr>70%,kvB<=16k,kp<=4k,0.9826,2
512,n<=4,sr>70%,kvB<=16k,kp<=512,0.9765,2
512,n<=4,sr>70%,kvB<=16k,kp<=8k,0.9818,2
512,n<=4,sr>70%,kvB<=16k,kp=0,0.9992,2
512,n<=4,sr>70%,kvB<=1k,kp<=1k,0.9979,2
512,n<=4,sr>70%,kvB<=1k,kp<=2k,0.5722,1
512,n<=4,sr>70%,kvB<=1k,kp<=512,0.8816,2
512,n<=4,sr>70%,kvB<=1k,kp=0,1.0682,2
512,n<=4,sr>70%,kvB<=4k,kp<=1k,0.9799,2
512,n<=4,sr>70%,kvB<=4k,kp<=2k,1.0089,2
512,n<=4,sr>70%,kvB<=4k,kp<=4k,0.9927,2
512,n<=4,sr>70%,kvB<=4k,kp<=512,0.9529,2
512,n<=4,sr>70%,kvB<=4k,kp<=8k,0.6921,2
512,n<=4,sr>70%,kvB<=4k,kp=0,1.0048,2
512,n<=64,sr<=15%,kvB<=16k,kp<=1k,0.2251,3
512,n<=64,sr<=15%,kvB<=16k,kp<=2k,0.1847,3
512,n<=64,sr<=15%,kvB<=16k,kp<=4k,0.2101,3
512,n<=64,sr<=15%,kvB<=16k,kp<=512,0.2979,4
512,n<=64,sr<=15%,kvB<=16k,kp<=8k,0.226,3
512,n<=64,sr<=15%,kvB<=16k,kp=0,0.21,4
512,n<=64,sr<=15%,kvB<=1k,kp<=1k,0.0187,4
512,n<=64,sr<=15%,kvB<=1k,kp<=2k,0.5172,4
512,n<=64,sr<=15%,kvB<=1k,kp<=4k,0.7409,3
512,n<=64,sr<=15%,kvB<=1k,kp<=512,0.0927,3
512,n<=64,sr<=15%,kvB<=1k,kp<=8k,0.0001,3
512,n<=64,sr<=15%,kvB<=1k,kp=0,0.0758,4
512,n<=64,sr<=15%,kvB<=4k,kp<=1k,0.1658,3
512,n<=64,sr<=15%,kvB<=4k,kp<=2k,0.1242,3
512,n<=64,sr<=15%,kvB<=4k,kp<=4k,0.1141,3
512,n<=64,sr<=15%,kvB<=4k,kp<=512,0.1619,4
512,n<=64,sr<=15%,kvB<=4k,kp<=8k,0.015,3
512,n<=64,sr<=15%,kvB<=4k,kp=0,0.2292,4
512,n<=64,sr<=40%,kvB<=16k,kp<=1k,0.0572,1
512,n<=64,sr<=40%,kvB<=16k,kp<=2k,0.5671,1
512,n<=64,sr<=40%,kvB<=16k,kp<=4k,0.4315,2
512,n<=64,sr<=40%,kvB<=16k,kp<=512,0.062,2
512,n<=64,sr<=40%,kvB<=16k,kp=0,-1.1052,1
512,n<=64,sr<=40%,kvB<=1k,kp<=2k,0.0074,1
512,n<=64,sr<=40%,kvB<=1k,kp<=4k,-8.8892,2
512,n<=64,sr<=40%,kvB<=1k,kp=0,0.1106,2
512,n<=64,sr<=40%,kvB<=4k,kp<=2k,-2.4421,1
512,n<=64,sr<=40%,kvB<=4k,kp<=4k,0.3166,2
512,n<=64,sr<=40%,kvB<=4k,kp<=512,-0.0041,2
512,n<=64,sr<=40%,kvB<=4k,kp<=8k,-1.6088,2
512,n<=64,sr<=40%,kvB<=4k,kp=0,-0.0084,2
512,n<=64,sr<=5%,kvB<=16k,kp<=1k,0.2042,6
512,n<=64,sr<=5%,kvB<=16k,kp<=2k,0.1744,6
512,n<=64,sr<=5%,kvB<=16k,kp<=4k,0.1282,6
512,n<=64,sr<=5%,kvB<=16k,kp<=512,0.2195,6
512,n<=64,sr<=5%,kvB<=16k,kp<=8k,0.0731,6
512,n<=64,sr<=5%,kvB<=16k,kp=0,0.2337,6
512,n<=64,sr<=5%,kvB<=1k,kp<=1k,-0.0126,6
512,n<=64,sr<=5%,kvB<=1k,kp<=2k,0.0136,6
512,n<=64,sr<=5%,kvB<=1k,kp<=4k,-0.0052,6
512,n<=64,sr<=5%,kvB<=1k,kp<=512,-0.0076,6
512,n<=64,sr<=5%,kvB<=1k,kp<=8k,0.026,6
512,n<=64,sr<=5%,kvB<=1k,kp=0,0.0179,6
512,n<=64,sr<=5%,kvB<=4k,kp<=1k,0.0748,6
512,n<=64,sr<=5%,kvB<=4k,kp<=2k,0.0448,6
512,n<=64,sr<=5%,kvB<=4k,kp<=4k,0.0394,6
512,n<=64,sr<=5%,kvB<=4k,kp<=512,0.0983,6
512,n<=64,sr<=5%,kvB<=4k,kp<=8k,-0.0058,6
512,n<=64,sr<=5%,kvB<=4k,kp=0,0.1428,6
512,n<=64,sr<=70%,kvB<=16k,kp<=1k,0.0224,2
512,n<=64,sr<=70%,kvB<=16k,kp<=512,0.701,1
512,n<=64,sr<=70%,kvB<=16k,kp<=8k,0.0125,1
512,n<=64,sr<=70%,kvB<=16k,kp=0,-0.0048,2
512,n<=64,sr<=70%,kvB<=1k,kp<=1k,0.0927,2
512,n<=64,sr<=70%,kvB<=1k,kp<=2k,0.9012,1
512,n<=64,sr<=70%,kvB<=1k,kp<=4k,-5.9843,2
512,n<=64,sr<=70%,kvB<=1k,kp<=512,-0.0034,1
512,n<=64,sr<=70%,kvB<=1k,kp<=8k,-0.0073,2
512,n<=64,sr<=70%,kvB<=1k,kp=0,1.8567,2
512,n<=64,sr<=70%,kvB<=4k,kp<=1k,0.753,2
512,n<=64,sr<=70%,kvB<=4k,kp<=4k,0.0114,2
512,n<=64,sr<=70%,kvB<=4k,kp<=512,0.0227,1
512,n<=64,sr<=70%,kvB<=4k,kp<=8k,-0.0274,2
512,n<=64,sr<=70%,kvB<=4k,kp=0,0.0011,2
512,n<=64,sr>70%,kvB<=16k,kp<=1k,0.1862,3
512,n<=64,sr>70%,kvB<=16k,kp<=2k,0.4868,2
512,n<=64,sr>70%,kvB<=16k,kp<=4k,0.9922,3
512,n<=64,sr>70%,kvB<=16k,kp<=512,-2.0647,3
512,n<=64,sr>70%,kvB<=16k,kp<=8k,1.9563,2
512,n<=64,sr>70%,kvB<=16k,kp=0,0.9482,3
512,n<=64,sr>70%,kvB<=1k,kp<=1k,0.8472,1
512,n<=64,sr>70%,kvB<=1k,kp<=2k,0.3379,1
512,n<=64,sr>70%,kvB<=1k,kp<=4k,1.9365,3
512,n<=64,sr>70%,kvB<=1k,kp<=512,0.2551,4
512,n<=64,sr>70%,kvB<=1k,kp<=8k,-0.0182,2
512,n<=64,sr>70%,kvB<=1k,kp=0,-6.6059,1
512,n<=64,sr>70%,kvB<=4k,kp<=1k,-3.4797,2
512,n<=64,sr>70%,kvB<=4k,kp<=2k,0.3159,4
512,n<=64,sr>70%,kvB<=4k,kp<=4k,0.0266,2
512,n<=64,sr>70%,kvB<=4k,kp<=512,0.7217,4
512,n<=64,sr>70%,kvB<=4k,kp<=8k,0.7662,2
512,n<=64,sr>70%,kvB<=4k,kp=0,-6.3831,3
512,n<=8,sr<=15%,kvB<=16k,kp<=1k,0.8499,2
512,n<=8,sr<=15%,kvB<=16k,kp<=2k,0.7485,2
512,n<=8,sr<=15%,kvB<=16k,kp<=4k,0.5332,2
512,n<=8,sr<=15%,kvB<=16k,kp<=512,0.8985,2
512,n<=8,sr<=15%,kvB<=16k,kp<=8k,0.1589,2
512,n<=8,sr<=15%,kvB<=16k,kp=0,0.9536,2
512,n<=8,sr<=15%,kvB<=1k,kp<=1k,0.0902,2
512,n<=8,sr<=15%,kvB<=1k,kp<=2k,0.1105,2
512,n<=8,sr<=15%,kvB<=1k,kp<=4k,0.03,1
512,n<=8,sr<=15%,kvB<=1k,kp<=512,0.0267,2
512,n<=8,sr<=15%,kvB<=1k,kp<=8k,0.2489,1
512,n<=8,sr<=15%,kvB<=1k,kp=0,0.3098,2
512,n<=8,sr<=15%,kvB<=4k,kp<=1k,0.3722,2
512,n<=8,sr<=15%,kvB<=4k,kp<=2k,0.1211,2
512,n<=8,sr<=15%,kvB<=4k,kp<=4k,-0.1002,2
512,n<=8,sr<=15%,kvB<=4k,kp<=512,0.5897,2
512,n<=8,sr<=15%,kvB<=4k,kp<=8k,0.014,2
512,n<=8,sr<=15%,kvB<=4k,kp=0,0.7958,2
512,n<=8,sr<=40%,kvB<=16k,kp<=1k,0.8914,4
512,n<=8,sr<=40%,kvB<=16k,kp<=2k,0.8225,4
512,n<=8,sr<=40%,kvB<=16k,kp<=4k,0.6654,4
512,n<=8,sr<=40%,kvB<=16k,kp<=512,0.9221,4
512,n<=8,sr<=40%,kvB<=16k,kp<=8k,0.4101,4
512,n<=8,sr<=40%,kvB<=16k,kp=0,0.9587,4
512,n<=8,sr<=40%,kvB<=1k,kp<=1k,0.2151,4
512,n<=8,sr<=40%,kvB<=1k,kp<=2k,-0.2148,4
512,n<=8,sr<=40%,kvB<=1k,kp<=4k,0.0357,3
512,n<=8,sr<=40%,kvB<=1k,kp<=512,0.2039,4
512,n<=8,sr<=40%,kvB<=1k,kp<=8k,0.5742,2
512,n<=8,sr<=40%,kvB<=1k,kp=0,0.3784,4
512,n<=8,sr<=40%,kvB<=4k,kp<=1k,0.5366,4
512,n<=8,sr<=40%,kvB<=4k,kp<=2k,0.3726,4
512,n<=8,sr<=40%,kvB<=4k,kp<=4k,0.1109,4
512,n<=8,sr<=40%,kvB<=4k,kp<=512,0.6933,4
512,n<=8,sr<=40%,kvB<=4k,kp<=8k,-0.077,4
512,n<=8,sr<=40%,kvB<=4k,kp=0,0.8269,4
512,n<=8,sr<=70%,kvB<=16k,kp<=1k,0.9818,2
512,n<=8,sr<=70%,kvB<=16k,kp<=2k,0.9796,2
512,n<=8,sr<=70%,kvB<=16k,kp<=4k,0.9826,2
512,n<=8,sr<=70%,kvB<=16k,kp<=512,0.9746,2
512,n<=8,sr<=70%,kvB<=16k,kp<=8k,0.9816,2
512,n<=8,sr<=70%,kvB<=16k,kp=0,0.9806,2
512,n<=8,sr<=70%,kvB<=1k,kp<=1k,0.3028,2
512,n<=8,sr<=70%,kvB<=1k,kp<=2k,-0.5118,2
512,n<=8,sr<=70%,kvB<=1k,kp<=4k,-0.009,1
512,n<=8,sr<=70%,kvB<=1k,kp<=512,0.6126,2
512,n<=8,sr<=70%,kvB<=1k,kp<=8k,1.1605,2
512,n<=8,sr<=70%,kvB<=1k,kp=0,0.6171,2
512,n<=8,sr<=70%,kvB<=4k,kp<=1k,0.9289,2
512,n<=8,sr<=70%,kvB<=4k,kp<=2k,0.9031,2
512,n<=8,sr<=70%,kvB<=4k,kp<=4k,0.5549,2
512,n<=8,sr<=70%,kvB<=4k,kp<=512,0.9004,2
512,n<=8,sr<=70%,kvB<=4k,kp<=8k,-0.7122,2
512,n<=8,sr<=70%,kvB<=4k,kp=0,0.8851,2
512,n<=8,sr>70%,kvB<=16k,kp<=1k,0.9869,4
512,n<=8,sr>70%,kvB<=16k,kp<=2k,0.9718,4
512,n<=8,sr>70%,kvB<=16k,kp<=4k,0.9757,4
512,n<=8,sr>70%,kvB<=16k,kp<=512,0.9897,4
512,n<=8,sr>70%,kvB<=16k,kp<=8k,0.9788,4
512,n<=8,sr>70%,kvB<=16k,kp=0,1.0056,4
512,n<=8,sr>70%,kvB<=1k,kp<=1k,0.6707,4
512,n<=8,sr>70%,kvB<=1k,kp<=2k,0.5241,4
512,n<=8,sr>70%,kvB<=1k,kp<=4k,0.2986,3
512,n<=8,sr>70%,kvB<=1k,kp<=512,0.8045,4
512,n<=8,sr>70%,kvB<=1k,kp<=8k,0.8314,4
512,n<=8,sr>70%,kvB<=1k,kp=0,0.8809,4
512,n<=8,sr>70%,kvB<=4k,kp<=1k,0.9035,4
512,n<=8,sr>70%,kvB<=4k,kp<=2k,0.895,4
512,n<=8,sr>70%,kvB<=4k,kp<=4k,0.9503,4
512,n<=8,sr>70%,kvB<=4k,kp<=512,0.9467,4
512,n<=8,sr>70%,kvB<=4k,kp<=8k,0.5306,4
512,n<=8,sr>70%,kvB<=4k,kp=0,0.9739,4
1024,n<=128,sr<=15%,kvB<=16k,kp<=1k,0.0271,4
1024,n<=128,sr<=15%,kvB<=16k,kp<=2k,0.0206,1
1024,n<=128,sr<=15%,kvB<=16k,kp<=4k,1.048,1
1024,n<=128,sr<=15%,kvB<=16k,kp<=512,0.3228,4
1024,n<=128,sr<=15%,kvB<=16k,kp<=8k,0.2449,3
1024,n<=128,sr<=15%,kvB<=16k,kp=0,-0.2042,3
1024,n<=128,sr<=15%,kvB<=1k,kp<=1k,0.7413,4
1024,n<=128,sr<=15%,kvB<=1k,kp<=2k,0.022,3
1024,n<=128,sr<=15%,kvB<=1k,kp<=4k,-0.0229,3
1024,n<=128,sr<=15%,kvB<=1k,kp<=512,0.0994,2
1024,n<=128,sr<=15%,kvB<=1k,kp<=8k,-4.5907,3
1024,n<=128,sr<=15%,kvB<=1k,kp=0,0.6962,3
1024,n<=128,sr<=15%,kvB<=4k,kp<=1k,-0.0391,4
1024,n<=128,sr<=15%,kvB<=4k,kp<=2k,0.008,3
1024,n<=128,sr<=15%,kvB<=4k,kp<=4k,0.0319,3
1024,n<=128,sr<=15%,kvB<=4k,kp<=512,-0.7134,3
1024,n<=128,sr<=15%,kvB<=4k,kp<=8k,-0.6772,4
1024,n<=128,sr<=15%,kvB<=4k,kp=0,0.2253,4
1024,n<=128,sr<=40%,kvB<=16k,kp<=1k,0.2599,2
1024,n<=128,sr<=40%,kvB<=16k,kp<=2k,0.911,2
1024,n<=128,sr<=40%,kvB<=16k,kp<=4k,-0.3609,2
1024,n<=128,sr<=40%,kvB<=16k,kp<=512,-0.0054,2
1024,n<=128,sr<=40%,kvB<=16k,kp<=8k,0.009,1
1024,n<=128,sr<=40%,kvB<=16k,kp=0,0.0012,2
1024,n<=128,sr<=40%,kvB<=1k,kp<=1k,0.7701,2
1024,n<=128,sr<=40%,kvB<=1k,kp<=2k,-2.0484,2
1024,n<=128,sr<=40%,kvB<=1k,kp<=4k,0.1414,1
1024,n<=128,sr<=40%,kvB<=1k,kp<=512,0.0277,1
1024,n<=128,sr<=40%,kvB<=1k,kp=0,5.1562,1
1024,n<=128,sr<=40%,kvB<=4k,kp<=1k,0.5019,2
1024,n<=128,sr<=40%,kvB<=4k,kp<=2k,0.0033,2
1024,n<=128,sr<=40%,kvB<=4k,kp<=4k,-2.9095,1
1024,n<=128,sr<=40%,kvB<=4k,kp<=512,2.478,1
1024,n<=128,sr<=40%,kvB<=4k,kp<=8k,-0.0362,1
1024,n<=128,sr<=40%,kvB<=4k,kp=0,-1.4543,1
1024,n<=128,sr<=5%,kvB<=16k,kp<=1k,0.0316,6
1024,n<=128,sr<=5%,kvB<=16k,kp<=2k,0.1972,7
1024,n<=128,sr<=5%,kvB<=16k,kp<=4k,0.405,6
1024,n<=128,sr<=5%,kvB<=16k,kp<=512,-0.178,6
1024,n<=128,sr<=5%,kvB<=16k,kp<=8k,0.2792,8
1024,n<=128,sr<=5%,kvB<=16k,kp=0,-0.1053,5
1024,n<=128,sr<=5%,kvB<=1k,kp<=1k,0.7659,6
1024,n<=128,sr<=5%,kvB<=1k,kp<=2k,-2.264,6
1024,n<=128,sr<=5%,kvB<=1k,kp<=4k,-0.0018,4
1024,n<=128,sr<=5%,kvB<=1k,kp<=512,0.4827,7
1024,n<=128,sr<=5%,kvB<=1k,kp<=8k,0.5236,5
1024,n<=128,sr<=5%,kvB<=1k,kp=0,-0.232,2
1024,n<=128,sr<=5%,kvB<=4k,kp<=1k,-0.0588,4
1024,n<=128,sr<=5%,kvB<=4k,kp<=2k,-0.0881,6
1024,n<=128,sr<=5%,kvB<=4k,kp<=4k,-0.0313,5
1024,n<=128,sr<=5%,kvB<=4k,kp<=512,0.1511,5
1024,n<=128,sr<=5%,kvB<=4k,kp<=8k,0.0007,6
1024,n<=128,sr<=5%,kvB<=4k,kp=0,0.1125,6
1024,n<=128,sr<=70%,kvB<=16k,kp<=2k,609.9193,1
1024,n<=128,sr<=70%,kvB<=16k,kp<=4k,-1.959,2
1024,n<=128,sr<=70%,kvB<=16k,kp<=512,-0.0261,2
1024,n<=128,sr<=70%,kvB<=16k,kp<=8k,0.0014,1
1024,n<=128,sr<=70%,kvB<=16k,kp=0,0.0041,1
1024,n<=128,sr<=70%,kvB<=1k,kp<=1k,2.8171,2
1024,n<=128,sr<=70%,kvB<=1k,kp<=2k,0.2023,1
1024,n<=128,sr<=70%,kvB<=1k,kp<=4k,0.0163,1
1024,n<=128,sr<=70%,kvB<=1k,kp<=512,0.9043,2
1024,n<=128,sr<=70%,kvB<=1k,kp<=8k,-5.0825,2
1024,n<=128,sr<=70%,kvB<=1k,kp=0,-0.232,2
1024,n<=128,sr<=70%,kvB<=4k,kp<=1k,-0.0329,1
1024,n<=128,sr<=70%,kvB<=4k,kp<=2k,0.7927,1
1024,n<=128,sr<=70%,kvB<=4k,kp<=4k,0.4769,2
1024,n<=128,sr<=70%,kvB<=4k,kp<=512,0.7576,2
1024,n<=128,sr<=70%,kvB<=4k,kp<=8k,-0.0143,2
1024,n<=128,sr<=70%,kvB<=4k,kp=0,-0.2154,1
1024,n<=128,sr>70%,kvB<=16k,kp<=1k,0.4033,4
1024,n<=128,sr>70%,kvB<=16k,kp<=2k,0.7853,2
1024,n<=128,sr>70%,kvB<=16k,kp<=4k,-3.1221,2
1024,n<=128,sr>70%,kvB<=16k,kp<=512,0.7018,2
1024,n<=128,sr>70%,kvB<=16k,kp<=8k,0.6892,4
1024,n<=128,sr>70%,kvB<=16k,kp=0,4.8567,3
1024,n<=128,sr>70%,kvB<=1k,kp<=1k,1.0224,4
1024,n<=128,sr>70%,kvB<=1k,kp<=2k,1.0205,3
1024,n<=128,sr>70%,kvB<=1k,kp<=4k,-6.6086,4
1024,n<=128,sr>70%,kvB<=1k,kp<=512,3.3446,3
1024,n<=128,sr>70%,kvB<=1k,kp<=8k,0.9104,4
1024,n<=128,sr>70%,kvB<=1k,kp=0,2.0053,4
1024,n<=128,sr>70%,kvB<=4k,kp<=1k,-1.9237,3
1024,n<=128,sr>70%,kvB<=4k,kp<=2k,3.147,3
1024,n<=128,sr>70%,kvB<=4k,kp<=4k,13.6203,2
1024,n<=128,sr>70%,kvB<=4k,kp<=512,0.0066,3
1024,n<=128,sr>70%,kvB<=4k,kp<=8k,-0.0956,3
1024,n<=128,sr>70%,kvB<=4k,kp=0,-2.1086,4
1024,n<=16,sr<=15%,kvB<=16k,kp<=1k,0.8376,4
1024,n<=16,sr<=15%,kvB<=16k,kp<=2k,0.7519,4
1024,n<=16,sr<=15%,kvB<=16k,kp<=4k,0.5293,4
1024,n<=16,sr<=15%,kvB<=16k,kp<=512,0.8971,4
1024,n<=16,sr<=15%,kvB<=16k,kp<=8k,0.185,4
1024,n<=16,sr<=15%,kvB<=16k,kp=0,0.9536,4
1024,n<=16,sr<=15%,kvB<=1k,kp<=1k,-0.0189,4
1024,n<=16,sr<=15%,kvB<=1k,kp<=2k,0.0468,4
1024,n<=16,sr<=15%,kvB<=1k,kp<=4k,0.0152,3
1024,n<=16,sr<=15%,kvB<=1k,kp<=512,-0.0091,4
1024,n<=16,sr<=15%,kvB<=1k,kp<=8k,-0.3578,2
1024,n<=16,sr<=15%,kvB<=1k,kp=0,0.3482,4
1024,n<=16,sr<=15%,kvB<=4k,kp<=1k,0.3812,4
1024,n<=16,sr<=15%,kvB<=4k,kp<=2k,0.1071,4
1024,n<=16,sr<=15%,kvB<=4k,kp<=4k,-0.0754,4
1024,n<=16,sr<=15%,kvB<=4k,kp<=512,0.5869,4
1024,n<=16,sr<=15%,kvB<=4k,kp<=8k,0.0099,4
1024,n<=16,sr<=15%,kvB<=4k,kp=0,0.7982,4
1024,n<=16,sr<=40%,kvB<=16k,kp<=1k,0.8781,4
1024,n<=16,sr<=40%,kvB<=16k,kp<=2k,0.8188,4
1024,n<=16,sr<=40%,kvB<=16k,kp<=4k,0.5732,4
1024,n<=16,sr<=40%,kvB<=16k,kp<=512,0.9396,4
1024,n<=16,sr<=40%,kvB<=16k,kp<=8k,0.1456,4
1024,n<=16,sr<=40%,kvB<=16k,kp=0,0.9512,4
1024,n<=16,sr<=40%,kvB<=1k,kp<=1k,-0.1428,4
1024,n<=16,sr<=40%,kvB<=1k,kp<=2k,0.0755,4
1024,n<=16,sr<=40%,kvB<=1k,kp<=4k,0.0258,4
1024,n<=16,sr<=40%,kvB<=1k,kp<=512,0.1922,4
1024,n<=16,sr<=40%,kvB<=1k,kp<=8k,-2.0047,3
1024,n<=16,sr<=40%,kvB<=1k,kp=0,0.301,4
1024,n<=16,sr<=40%,kvB<=4k,kp<=1k,0.521,4
1024,n<=16,sr<=40%,kvB<=4k,kp<=2k,0.3167,4
1024,n<=16,sr<=40%,kvB<=4k,kp<=4k,-0.2266,4
1024,n<=16,sr<=40%,kvB<=4k,kp<=512,0.7548,4
1024,n<=16,sr<=40%,kvB<=4k,kp<=8k,-0.0027,4
1024,n<=16,sr<=40%,kvB<=4k,kp=0,0.7876,4
1024,n<=16,sr<=70%,kvB<=16k,kp<=1k,0.9801,2
1024,n<=16,sr<=70%,kvB<=16k,kp<=2k,1.0032,2
1024,n<=16,sr<=70%,kvB<=16k,kp<=4k,0.9828,2
1024,n<=16,sr<=70%,kvB<=16k,kp<=512,0.9833,2
1024,n<=16,sr<=70%,kvB<=16k,kp<=8k,0.9412,2
1024,n<=16,sr<=70%,kvB<=16k,kp=0,1.0052,2
1024,n<=16,sr<=70%,kvB<=1k,kp<=1k,0.8117,2
1024,n<=16,sr<=70%,kvB<=1k,kp<=2k,0.4607,2
1024,n<=16,sr<=70%,kvB<=1k,kp<=4k,-0.225,2
1024,n<=16,sr<=70%,kvB<=1k,kp<=512,0.7763,2
1024,n<=16,sr<=70%,kvB<=1k,kp<=8k,5.8717,1
1024,n<=16,sr<=70%,kvB<=1k,kp=0,0.7358,2
1024,n<=16,sr<=70%,kvB<=4k,kp<=1k,0.8727,2
1024,n<=16,sr<=70%,kvB<=4k,kp<=2k,0.9526,2
1024,n<=16,sr<=70%,kvB<=4k,kp<=4k,0.7355,2
1024,n<=16,sr<=70%,kvB<=4k,kp<=512,0.9096,2
1024,n<=16,sr<=70%,kvB<=4k,kp<=8k,-0.1278,2
1024,n<=16,sr<=70%,kvB<=4k,kp=0,0.9266,2
1024,n<=16,sr>70%,kvB<=16k,kp<=1k,1.0163,4
1024,n<=16,sr>70%,kvB<=16k,kp<=2k,0.9734,4
1024,n<=16,sr>70%,kvB<=16k,kp<=4k,1.0333,4
1024,n<=16,sr>70%,kvB<=16k,kp<=512,0.9984,4
1024,n<=16,sr>70%,kvB<=16k,kp<=8k,1.0339,4
1024,n<=16,sr>70%,kvB<=16k,kp=0,1.0264,4
1024,n<=16,sr>70%,kvB<=1k,kp<=1k,0.7862,4
1024,n<=16,sr>70%,kvB<=1k,kp<=2k,0.8365,4
1024,n<=16,sr>70%,kvB<=1k,kp<=4k,-1.327,2
1024,n<=16,sr>70%,kvB<=1k,kp<=512,0.7177,4
1024,n<=16,sr>70%,kvB<=1k,kp<=8k,0.6539,2
1024,n<=16,sr>70%,kvB<=1k,kp=0,0.7935,4
1024,n<=16,sr>70%,kvB<=4k,kp<=1k,0.934,4
1024,n<=16,sr>70%,kvB<=4k,kp<=2k,0.9894,4
1024,n<=16,sr>70%,kvB<=4k,kp<=4k,0.9186,4
1024,n<=16,sr>70%,kvB<=4k,kp<=512,0.848,4
1024,n<=16,sr>70%,kvB<=4k,kp<=8k,0.2778,4
1024,n<=16,sr>70%,kvB<=4k,kp=0,0.8586,4
1024,n<=2,sr<=70%,kvB<=16k,kp<=1k,1.0082,2
1024,n<=2,sr<=70%,kvB<=16k,kp<=2k,0.9672,2
1024,n<=2,sr<=70%,kvB<=16k,kp<=4k,0.9811,2
1024,n<=2,sr<=70%,kvB<=16k,kp<=512,1.0061,2
1024,n<=2,sr<=70%,kvB<=16k,kp<=8k,0.9391,2
1024,n<=2,sr<=70%,kvB<=16k,kp=0,0.9942,2
1024,n<=2,sr<=70%,kvB<=1k,kp<=1k,0.1802,2
1024,n<=2,sr<=70%,kvB<=1k,kp<=2k,-0.2508,1
1024,n<=2,sr<=70%,kvB<=1k,kp<=4k,-1.5374,1
1024,n<=2,sr<=70%,kvB<=1k,kp<=512,0.9326,2
1024,n<=2,sr<=70%,kvB<=1k,kp=0,1.0034,2
1024,n<=2,sr<=70%,kvB<=4k,kp<=1k,0.9652,2
1024,n<=2,sr<=70%,kvB<=4k,kp<=2k,0.9448,2
1024,n<=2,sr<=70%,kvB<=4k,kp<=4k,-0.6202,2
1024,n<=2,sr<=70%,kvB<=4k,kp<=512,0.9793,2
1024,n<=2,sr<=70%,kvB<=4k,kp=0,1.0028,2
1024,n<=32,sr<=15%,kvB<=16k,kp<=1k,0.709,6
1024,n<=32,sr<=15%,kvB<=16k,kp<=2k,0.6552,6
1024,n<=32,sr<=15%,kvB<=16k,kp<=4k,0.5003,6
1024,n<=32,sr<=15%,kvB<=16k,kp<=512,0.7532,6
1024,n<=32,sr<=15%,kvB<=16k,kp<=8k,0.2203,6
1024,n<=32,sr<=15%,kvB<=16k,kp=0,0.7785,6
1024,n<=32,sr<=15%,kvB<=1k,kp<=1k,-0.063,6
1024,n<=32,sr<=15%,kvB<=1k,kp<=2k,0.0237,6
1024,n<=32,sr<=15%,kvB<=1k,kp<=4k,0.0206,6
1024,n<=32,sr<=15%,kvB<=1k,kp<=512,0.0255,6
1024,n<=32,sr<=15%,kvB<=1k,kp<=8k,-0.025,5
1024,n<=32,sr<=15%,kvB<=1k,kp=0,0.2146,6
1024,n<=32,sr<=15%,kvB<=4k,kp<=1k,0.3899,6
1024,n<=32,sr<=15%,kvB<=4k,kp<=2k,0.2343,6
1024,n<=32,sr<=15%,kvB<=4k,kp<=4k,-0.0386,6
1024,n<=32,sr<=15%,kvB<=4k,kp<=512,0.5315,6
1024,n<=32,sr<=15%,kvB<=4k,kp<=8k,-0.0703,6
1024,n<=32,sr<=15%,kvB<=4k,kp=0,0.6111,6
1024,n<=32,sr<=40%,kvB<=16k,kp<=1k,0.7573,2
1024,n<=32,sr<=40%,kvB<=16k,kp<=2k,0.7745,2
1024,n<=32,sr<=40%,kvB<=16k,kp<=4k,0.7952,2
1024,n<=32,sr<=40%,kvB<=16k,kp<=512,0.7581,2
1024,n<=32,sr<=40%,kvB<=16k,kp<=8k,0.8278,2
1024,n<=32,sr<=40%,kvB<=16k,kp=0,0.7539,2
1024,n<=32,sr<=40%,kvB<=1k,kp<=1k,0.4107,2
1024,n<=32,sr<=40%,kvB<=1k,kp<=2k,0.29,2
1024,n<=32,sr<=40%,kvB<=1k,kp<=4k,0.0112,2
1024,n<=32,sr<=40%,kvB<=1k,kp<=512,0.3083,2
1024,n<=32,sr<=40%,kvB<=1k,kp<=8k,-0.0593,1
1024,n<=32,sr<=40%,kvB<=1k,kp=0,0.3751,2
1024,n<=32,sr<=40%,kvB<=4k,kp<=1k,0.6761,2
1024,n<=32,sr<=40%,kvB<=4k,kp<=2k,0.6903,2
1024,n<=32,sr<=40%,kvB<=4k,kp<=4k,0.6686,2
1024,n<=32,sr<=40%,kvB<=4k,kp<=512,0.6752,2
1024,n<=32,sr<=40%,kvB<=4k,kp<=8k,-0.1881,2
1024,n<=32,sr<=40%,kvB<=4k,kp=0,0.6341,2
1024,n<=32,sr<=5%,kvB<=16k,kp<=1k,0.6983,2
1024,n<=32,sr<=5%,kvB<=16k,kp<=2k,0.6089,2
1024,n<=32,sr<=5%,kvB<=16k,kp<=4k,0.4492,2
1024,n<=32,sr<=5%,kvB<=16k,kp<=512,0.7477,2
1024,n<=32,sr<=5%,kvB<=16k,kp<=8k,0.1811,2
1024,n<=32,sr<=5%,kvB<=16k,kp=0,0.7961,2
1024,n<=32,sr<=5%,kvB<=1k,kp<=1k,-0.074,2
1024,n<=32,sr<=5%,kvB<=1k,kp<=2k,0.0043,2
1024,n<=32,sr<=5%,kvB<=1k,kp<=4k,0.0592,2
1024,n<=32,sr<=5%,kvB<=1k,kp<=512,-0.01,2
1024,n<=32,sr<=5%,kvB<=1k,kp<=8k,0.0959,2
1024,n<=32,sr<=5%,kvB<=1k,kp=0,0.2424,2
1024,n<=32,sr<=5%,kvB<=4k,kp<=1k,0.2939,2
1024,n<=32,sr<=5%,kvB<=4k,kp<=2k,0.1134,2
1024,n<=32,sr<=5%,kvB<=4k,kp<=4k,0.0064,2
1024,n<=32,sr<=5%,kvB<=4k,kp<=512,0.4379,2
1024,n<=32,sr<=5%,kvB<=4k,kp<=8k,0.0451,2
1024,n<=32,sr<=5%,kvB<=4k,kp=0,0.6268,2
1024,n<=32,sr<=70%,kvB<=16k,kp<=1k,0.6782,2
1024,n<=32,sr<=70%,kvB<=16k,kp<=2k,0.6742,2
1024,n<=32,sr<=70%,kvB<=16k,kp<=4k,0.7269,2
1024,n<=32,sr<=70%,kvB<=16k,kp<=512,0.6648,2
1024,n<=32,sr<=70%,kvB<=16k,kp<=8k,0.8014,2
1024,n<=32,sr<=70%,kvB<=16k,kp=0,0.6799,2
1024,n<=32,sr<=70%,kvB<=1k,kp<=1k,0.2065,2
1024,n<=32,sr<=70%,kvB<=1k,kp<=2k,0.2905,2
1024,n<=32,sr<=70%,kvB<=1k,kp<=4k,0.2674,2
1024,n<=32,sr<=70%,kvB<=1k,kp<=512,0.1195,2
1024,n<=32,sr<=70%,kvB<=1k,kp<=8k,-0.3769,2
1024,n<=32,sr<=70%,kvB<=1k,kp=0,0.2279,2
1024,n<=32,sr<=70%,kvB<=4k,kp<=1k,0.6154,2
1024,n<=32,sr<=70%,kvB<=4k,kp<=2k,0.6052,2
1024,n<=32,sr<=70%,kvB<=4k,kp<=4k,0.7686,2
1024,n<=32,sr<=70%,kvB<=4k,kp<=512,0.5371,2
1024,n<=32,sr<=70%,kvB<=4k,kp<=8k,0.8686,2
1024,n<=32,sr<=70%,kvB<=4k,kp=0,0.5193,2
1024,n<=32,sr>70%,kvB<=16k,kp<=1k,0.3518,4
1024,n<=32,sr>70%,kvB<=16k,kp<=2k,0.3656,4
1024,n<=32,sr>70%,kvB<=16k,kp<=4k,0.454,4
1024,n<=32,sr>70%,kvB<=16k,kp<=512,0.3555,4
1024,n<=32,sr>70%,kvB<=16k,kp<=8k,0.6018,4
1024,n<=32,sr>70%,kvB<=16k,kp=0,0.3473,4
1024,n<=32,sr>70%,kvB<=1k,kp<=1k,0.0511,4
1024,n<=32,sr>70%,kvB<=1k,kp<=2k,0.316,4
1024,n<=32,sr>70%,kvB<=1k,kp<=4k,0.4349,4
1024,n<=32,sr>70%,kvB<=1k,kp<=512,-0.011,4
1024,n<=32,sr>70%,kvB<=1k,kp<=8k,0.1313,3
1024,n<=32,sr>70%,kvB<=1k,kp=0,0.3904,4
1024,n<=32,sr>70%,kvB<=4k,kp<=1k,0.3245,4
1024,n<=32,sr>70%,kvB<=4k,kp<=2k,0.3698,4
1024,n<=32,sr>70%,kvB<=4k,kp<=4k,0.5322,4
1024,n<=32,sr>70%,kvB<=4k,kp<=512,0.3298,4
1024,n<=32,sr>70%,kvB<=4k,kp<=8k,0.8655,4
1024,n<=32,sr>70%,kvB<=4k,kp=0,0.3023,4
1024,n<=4,sr<=40%,kvB<=16k,kp<=1k,0.9368,2
1024,n<=4,sr<=40%,kvB<=16k,kp<=2k,0.86,2
1024,n<=4,sr<=40%,kvB<=16k,kp<=4k,0.8616,2
1024,n<=4,sr<=40%,kvB<=16k,kp<=512,0.9285,2
1024,n<=4,sr<=40%,kvB<=16k,kp<=8k,0.8434,2
1024,n<=4,sr<=40%,kvB<=16k,kp=0,0.9938,2
1024,n<=4,sr<=40%,kvB<=1k,kp<=1k,0.0286,2
1024,n<=4,sr<=40%,kvB<=1k,kp<=2k,2.357,2
1024,n<=4,sr<=40%,kvB<=1k,kp<=4k,0.2274,2
1024,n<=4,sr<=40%,kvB<=1k,kp<=512,0.0846,2
1024,n<=4,sr<=40%,kvB<=1k,kp<=8k,1.6397,2
1024,n<=4,sr<=40%,kvB<=1k,kp=0,0.9189,2
1024,n<=4,sr<=40%,kvB<=4k,kp<=1k,0.7126,2
1024,n<=4,sr<=40%,kvB<=4k,kp<=2k,0.4748,2
1024,n<=4,sr<=40%,kvB<=4k,kp<=4k,-0.0914,2
1024,n<=4,sr<=40%,kvB<=4k,kp<=512,0.731,2
1024,n<=4,sr<=40%,kvB<=4k,kp<=8k,23.3651,1
1024,n<=4,sr<=40%,kvB<=4k,kp=0,0.9811,2
1024,n<=4,sr<=70%,kvB<=16k,kp<=1k,0.9042,2
1024,n<=4,sr<=70%,kvB<=16k,kp<=2k,0.8277,2
1024,n<=4,sr<=70%,kvB<=16k,kp<=4k,0.8147,2
1024,n<=4,sr<=70%,kvB<=16k,kp<=512,0.8997,2
1024,n<=4,sr<=70%,kvB<=16k,kp<=8k,0.8519,2
1024,n<=4,sr<=70%,kvB<=16k,kp=0,1.0028,2
1024,n<=4,sr<=70%,kvB<=1k,kp<=1k,-0.0449,2
1024,n<=4,sr<=70%,kvB<=1k,kp<=2k,-0.0126,1
1024,n<=4,sr<=70%,kvB<=1k,kp<=512,-0.4124,2
1024,n<=4,sr<=70%,kvB<=1k,kp<=8k,0.335,1
1024,n<=4,sr<=70%,kvB<=1k,kp=0,0.9006,2
1024,n<=4,sr<=70%,kvB<=4k,kp<=1k,0.5962,2
1024,n<=4,sr<=70%,kvB<=4k,kp<=2k,0.3336,2
1024,n<=4,sr<=70%,kvB<=4k,kp<=4k,0.0241,1
1024,n<=4,sr<=70%,kvB<=4k,kp<=512,0.6124,2
1024,n<=4,sr<=70%,kvB<=4k,kp<=8k,0.8717,1
1024,n<=4,sr<=70%,kvB<=4k,kp=0,0.982,2
1024,n<=4,sr>70%,kvB<=16k,kp<=1k,0.9788,2
1024,n<=4,sr>70%,kvB<=16k,kp<=2k,1.0039,2
1024,n<=4,sr>70%,kvB<=16k,kp<=4k,0.966,2
1024,n<=4,sr>70%,kvB<=16k,kp<=512,0.9802,2
1024,n<=4,sr>70%,kvB<=16k,kp<=8k,1.0185,2
1024,n<=4,sr>70%,kvB<=16k,kp=0,0.998,2
1024,n<=4,sr>70%,kvB<=1k,kp<=1k,0.8845,1
1024,n<=4,sr>70%,kvB<=1k,kp<=2k,0.5136,2
1024,n<=4,sr>70%,kvB<=1k,kp<=4k,0.4059,1
1024,n<=4,sr>70%,kvB<=1k,kp<=512,0.8592,2
1024,n<=4,sr>70%,kvB<=1k,kp<=8k,-0.4915,2
1024,n<=4,sr>70%,kvB<=1k,kp=0,1.008,2
1024,n<=4,sr>70%,kvB<=4k,kp<=1k,0.9325,2
1024,n<=4,sr>70%,kvB<=4k,kp<=2k,1.0319,2
1024,n<=4,sr>70%,kvB<=4k,kp<=4k,0.8493,1
1024,n<=4,sr>70%,kvB<=4k,kp<=512,0.942,2
1024,n<=4,sr>70%,kvB<=4k,kp<=8k,0.697,1
1024,n<=4,sr>70%,kvB<=4k,kp=0,1.0358,2
1024,n<=64,sr<=15%,kvB<=16k,kp<=1k,0.1827,2
1024,n<=64,sr<=15%,kvB<=16k,kp<=2k,0.1237,3
1024,n<=64,sr<=15%,kvB<=16k,kp<=4k,0.1209,4
1024,n<=64,sr<=15%,kvB<=16k,kp<=512,0.2754,3
1024,n<=64,sr<=15%,kvB<=16k,kp<=8k,-0.1528,4
1024,n<=64,sr<=15%,kvB<=16k,kp=0,0.1853,3
1024,n<=64,sr<=15%,kvB<=1k,kp<=1k,0.0049,3
1024,n<=64,sr<=15%,kvB<=1k,kp<=2k,-0.6469,4
1024,n<=64,sr<=15%,kvB<=1k,kp<=4k,0.6296,3
1024,n<=64,sr<=15%,kvB<=1k,kp<=512,-0.0137,4
1024,n<=64,sr<=15%,kvB<=1k,kp<=8k,-0.0286,2
1024,n<=64,sr<=15%,kvB<=1k,kp=0,0.0421,3
1024,n<=64,sr<=15%,kvB<=4k,kp<=1k,0.1067,3
1024,n<=64,sr<=15%,kvB<=4k,kp<=2k,0.3507,4
1024,n<=64,sr<=15%,kvB<=4k,kp<=4k,-0.015,3
1024,n<=64,sr<=15%,kvB<=4k,kp<=512,0.2745,4
1024,n<=64,sr<=15%,kvB<=4k,kp<=8k,0.03,4
1024,n<=64,sr<=15%,kvB<=4k,kp=0,0.1005,4
1024,n<=64,sr<=40%,kvB<=16k,kp<=2k,0.5023,2
1024,n<=64,sr<=40%,kvB<=16k,kp<=512,0.5392,2
1024,n<=64,sr<=40%,kvB<=16k,kp<=8k,-0.6028,2
1024,n<=64,sr<=40%,kvB<=16k,kp=0,0.0428,2
1024,n<=64,sr<=40%,kvB<=1k,kp<=1k,0.2206,2
1024,n<=64,sr<=40%,kvB<=1k,kp<=4k,0.1714,1
1024,n<=64,sr<=40%,kvB<=1k,kp<=512,0.9205,1
1024,n<=64,sr<=40%,kvB<=1k,kp<=8k,-18.2985,1
1024,n<=64,sr<=40%,kvB<=4k,kp<=1k,0.0819,1
1024,n<=64,sr<=40%,kvB<=4k,kp<=2k,0.7714,1
1024,n<=64,sr<=40%,kvB<=4k,kp<=4k,-0.1227,1
1024,n<=64,sr<=40%,kvB<=4k,kp=0,-0.0044,2
1024,n<=64,sr<=5%,kvB<=16k,kp<=1k,0.1938,6
1024,n<=64,sr<=5%,kvB<=16k,kp<=2k,0.1626,6
1024,n<=64,sr<=5%,kvB<=16k,kp<=4k,0.0903,6
1024,n<=64,sr<=5%,kvB<=16k,kp<=512,0.2149,6
1024,n<=64,sr<=5%,kvB<=16k,kp<=8k,-0.012,6
1024,n<=64,sr<=5%,kvB<=16k,kp=0,0.2353,6
1024,n<=64,sr<=5%,kvB<=1k,kp<=1k,0.0056,6
1024,n<=64,sr<=5%,kvB<=1k,kp<=2k,-0.0118,6
1024,n<=64,sr<=5%,kvB<=1k,kp<=4k,0.0358,6
1024,n<=64,sr<=5%,kvB<=1k,kp<=512,-0.0121,6
1024,n<=64,sr<=5%,kvB<=1k,kp<=8k,0.013,6
1024,n<=64,sr<=5%,kvB<=1k,kp=0,0.0353,6
1024,n<=64,sr<=5%,kvB<=4k,kp<=1k,0.0239,6
1024,n<=64,sr<=5%,kvB<=4k,kp<=2k,-0.0041,6
1024,n<=64,sr<=5%,kvB<=4k,kp<=4k,-0.0276,6
1024,n<=64,sr<=5%,kvB<=4k,kp<=512,0.0856,6
1024,n<=64,sr<=5%,kvB<=4k,kp<=8k,-0.0061,6
1024,n<=64,sr<=5%,kvB<=4k,kp=0,0.1439,6
1024,n<=64,sr<=70%,kvB<=16k,kp<=1k,0.7544,1
1024,n<=64,sr<=70%,kvB<=16k,kp<=2k,0.0148,1
1024,n<=64,sr<=70%,kvB<=16k,kp<=512,-0.5544,2
1024,n<=64,sr<=70%,kvB<=16k,kp<=8k,0.8819,1
1024,n<=64,sr<=70%,kvB<=16k,kp=0,-1.6876,2
1024,n<=64,sr<=70%,kvB<=1k,kp<=1k,0.1262,1
1024,n<=64,sr<=70%,kvB<=1k,kp<=4k,-0.1238,2
1024,n<=64,sr<=70%,kvB<=1k,kp<=512,-0.0147,2
1024,n<=64,sr<=70%,kvB<=1k,kp<=8k,-0.2632,1
1024,n<=64,sr<=70%,kvB<=4k,kp<=1k,0.8874,1
1024,n<=64,sr<=70%,kvB<=4k,kp<=512,0.0584,1
1024,n<=64,sr<=70%,kvB<=4k,kp<=8k,0.9071,1
1024,n<=64,sr<=70%,kvB<=4k,kp=0,-1.0206,2
1024,n<=64,sr>70%,kvB<=16k,kp<=1k,0.0922,3
1024,n<=64,sr>70%,kvB<=16k,kp<=2k,0.2624,4
1024,n<=64,sr>70%,kvB<=16k,kp<=4k,6.2479,4
1024,n<=64,sr>70%,kvB<=16k,kp<=512,0.0828,3
1024,n<=64,sr>70%,kvB<=16k,kp<=8k,1.994,2
1024,n<=64,sr>70%,kvB<=16k,kp=0,0.5523,2
1024,n<=64,sr>70%,kvB<=1k,kp<=1k,0.0232,2
1024,n<=64,sr>70%,kvB<=1k,kp<=2k,0.4676,4
1024,n<=64,sr>70%,kvB<=1k,kp<=4k,-0.0424,1
1024,n<=64,sr>70%,kvB<=1k,kp<=512,0.0115,2
1024,n<=64,sr>70%,kvB<=1k,kp<=8k,-0.0033,4
1024,n<=64,sr>70%,kvB<=1k,kp=0,-8.3063,4
1024,n<=64,sr>70%,kvB<=4k,kp<=1k,-0.8395,3
1024,n<=64,sr>70%,kvB<=4k,kp<=2k,0.9942,2
1024,n<=64,sr>70%,kvB<=4k,kp<=4k,1.1023,4
1024,n<=64,sr>70%,kvB<=4k,kp<=512,1.2352,4
1024,n<=64,sr>70%,kvB<=4k,kp<=8k,0.7574,3
1024,n<=64,sr>70%,kvB<=4k,kp=0,0.3185,2
1024,n<=8,sr<=15%,kvB<=16k,kp<=1k,0.8461,2
1024,n<=8,sr<=15%,kvB<=16k,kp<=2k,0.7364,2
1024,n<=8,sr<=15%,kvB<=16k,kp<=4k,0.5096,2
1024,n<=8,sr<=15%,kvB<=16k,kp<=512,0.898,2
1024,n<=8,sr<=15%,kvB<=16k,kp<=8k,0.2111,2
1024,n<=8,sr<=15%,kvB<=16k,kp=0,0.9575,2
1024,n<=8,sr<=15%,kvB<=1k,kp<=1k,0.1212,2
1024,n<=8,sr<=15%,kvB<=1k,kp<=2k,0.0216,2
1024,n<=8,sr<=15%,kvB<=1k,kp<=4k,0.1162,2
1024,n<=8,sr<=15%,kvB<=1k,kp<=512,0.0047,2
1024,n<=8,sr<=15%,kvB<=1k,kp=0,0.3659,2
1024,n<=8,sr<=15%,kvB<=4k,kp<=1k,0.3824,2
1024,n<=8,sr<=15%,kvB<=4k,kp<=2k,0.0478,2
1024,n<=8,sr<=15%,kvB<=4k,kp<=4k,-0.0322,2
1024,n<=8,sr<=15%,kvB<=4k,kp<=512,0.5753,2
1024,n<=8,sr<=15%,kvB<=4k,kp<=8k,0.0294,2
1024,n<=8,sr<=15%,kvB<=4k,kp=0,0.8388,2
1024,n<=8,sr<=40%,kvB<=16k,kp<=1k,0.8374,4
1024,n<=8,sr<=40%,kvB<=16k,kp<=2k,0.7416,4
1024,n<=8,sr<=40%,kvB<=16k,kp<=4k,0.4648,4
1024,n<=8,sr<=40%,kvB<=16k,kp<=512,0.9047,4
1024,n<=8,sr<=40%,kvB<=16k,kp<=8k,0.053,4
1024,n<=8,sr<=40%,kvB<=16k,kp=0,0.9438,4
1024,n<=8,sr<=40%,kvB<=1k,kp<=1k,-0.0716,4
1024,n<=8,sr<=40%,kvB<=1k,kp<=2k,0.0009,4
1024,n<=8,sr<=40%,kvB<=1k,kp<=4k,0.6966,3
1024,n<=8,sr<=40%,kvB<=1k,kp<=512,-0.0566,4
1024,n<=8,sr<=40%,kvB<=1k,kp<=8k,0.0198,2
1024,n<=8,sr<=40%,kvB<=1k,kp=0,0.3024,4
1024,n<=8,sr<=40%,kvB<=4k,kp<=1k,0.3503,4
1024,n<=8,sr<=40%,kvB<=4k,kp<=2k,0.0487,4
1024,n<=8,sr<=40%,kvB<=4k,kp<=4k,-0.0568,4
1024,n<=8,sr<=40%,kvB<=4k,kp<=512,0.6097,4
1024,n<=8,sr<=40%,kvB<=4k,kp<=8k,0.0485,3
1024,n<=8,sr<=40%,kvB<=4k,kp=0,0.7893,4
1024,n<=8,sr<=70%,kvB<=16k,kp<=1k,0.8343,2
1024,n<=8,sr<=70%,kvB<=16k,kp<=2k,0.7406,2
1024,n<=8,sr<=70%,kvB<=16k,kp<=4k,0.3618,2
1024,n<=8,sr<=70%,kvB<=16k,kp<=512,0.9215,2
1024,n<=8,sr<=70%,kvB<=16k,kp<=8k,-0.2054,2
1024,n<=8,sr<=70%,kvB<=16k,kp=0,0.9333,2
1024,n<=8,sr<=70%,kvB<=1k,kp<=1k,-0.1403,2
1024,n<=8,sr<=70%,kvB<=1k,kp<=2k,-0.251,2
1024,n<=8,sr<=70%,kvB<=1k,kp<=512,-0.1547,2
1024,n<=8,sr<=70%,kvB<=1k,kp<=8k,3.7655,1
1024,n<=8,sr<=70%,kvB<=1k,kp=0,-0.0936,2
1024,n<=8,sr<=70%,kvB<=4k,kp<=1k,0.3108,2
1024,n<=8,sr<=70%,kvB<=4k,kp<=2k,-0.0208,2
1024,n<=8,sr<=70%,kvB<=4k,kp<=4k,-0.3843,2
1024,n<=8,sr<=70%,kvB<=4k,kp<=512,0.6982,2
1024,n<=8,sr<=70%,kvB<=4k,kp<=8k,-0.0967,2
1024,n<=8,sr<=70%,kvB<=4k,kp=0,0.7121,2
1024,n<=8,sr>70%,kvB<=16k,kp<=1k,0.9951,4
1024,n<=8,sr>70%,kvB<=16k,kp<=2k,0.9713,4
1024,n<=8,sr>70%,kvB<=16k,kp<=4k,0.9928,4
1024,n<=8,sr>70%,kvB<=16k,kp<=512,0.9919,4
1024,n<=8,sr>70%,kvB<=16k,kp<=8k,0.9583,4
1024,n<=8,sr>70%,kvB<=16k,kp=0,0.9811,4
1024,n<=8,sr>70%,kvB<=1k,kp<=1k,0.592,4
1024,n<=8,sr>70%,kvB<=1k,kp<=2k,-0.259,4
1024,n<=8,sr>70%,kvB<=1k,kp<=4k,1.0516,2
1024,n<=8,sr>70%,kvB<=1k,kp<=512,0.8423,4
1024,n<=8,sr>70%,kvB<=1k,kp<=8k,0.3386,3
1024,n<=8,sr>70%,kvB<=1k,kp=0,1.152,4
1024,n<=8,sr>70%,kvB<=4k,kp<=1k,1.012,4
1024,n<=8,sr>70%,kvB<=4k,kp<=2k,1.0308,4
1024,n<=8,sr>70%,kvB<=4k,kp<=4k,0.5232,4
1024,n<=8,sr>70%,kvB<=4k,kp<=512,0.9324,4
1024,n<=8,sr>70%,kvB<=4k,kp<=8k,0.5194,3
1024,n<=8,sr>70%,kvB<=4k,kp=0,0.9482,4
2048,n<=128,sr<=15%,kvB<=16k,kp<=1k,0.0135,4
2048,n<=128,sr<=15%,kvB<=16k,kp<=2k,0.38,2
2048,n<=128,sr<=15%,kvB<=16k,kp<=4k,0.0341,2
2048,n<=128,sr<=15%,kvB<=16k,kp<=512,0.4308,2
2048,n<=128,sr<=15%,kvB<=16k,kp<=8k,-0.7644,4
2048,n<=128,sr<=15%,kvB<=16k,kp=0,0.4911,3
2048,n<=128,sr<=15%,kvB<=1k,kp<=1k,0.702,3
2048,n<=128,sr<=15%,kvB<=1k,kp<=2k,0.1006,4
2048,n<=128,sr<=15%,kvB<=1k,kp<=4k,0.8648,2
2048,n<=128,sr<=15%,kvB<=1k,kp<=512,-2.4134,2
2048,n<=128,sr<=15%,kvB<=1k,kp<=8k,0.4955,3
2048,n<=128,sr<=15%,kvB<=1k,kp=0,0.7884,4
2048,n<=128,sr<=15%,kvB<=4k,kp<=1k,0.4155,4
2048,n<=128,sr<=15%,kvB<=4k,kp<=2k,-0.0041,1
2048,n<=128,sr<=15%,kvB<=4k,kp<=4k,-2.5731,3
2048,n<=128,sr<=15%,kvB<=4k,kp<=512,-1.2174,3
2048,n<=128,sr<=15%,kvB<=4k,kp<=8k,3.7957,3
2048,n<=128,sr<=15%,kvB<=4k,kp=0,0.2344,3
2048,n<=128,sr<=40%,kvB<=16k,kp<=1k,-0.0046,1
2048,n<=128,sr<=40%,kvB<=16k,kp<=2k,1.6437,2
2048,n<=128,sr<=40%,kvB<=16k,kp<=4k,0.0053,1
2048,n<=128,sr<=40%,kvB<=16k,kp<=512,0.2826,2
2048,n<=128,sr<=40%,kvB<=16k,kp<=8k,0.0018,2
2048,n<=128,sr<=40%,kvB<=16k,kp=0,0.3542,2
2048,n<=128,sr<=40%,kvB<=1k,kp<=1k,15.0175,1
2048,n<=128,sr<=40%,kvB<=1k,kp<=2k,0.2351,1
2048,n<=128,sr<=40%,kvB<=1k,kp<=4k,0.0106,1
2048,n<=128,sr<=40%,kvB<=1k,kp<=512,0.0118,2
2048,n<=128,sr<=40%,kvB<=1k,kp=0,0.1753,2
2048,n<=128,sr<=40%,kvB<=4k,kp<=1k,-0.9944,2
2048,n<=128,sr<=40%,kvB<=4k,kp<=2k,0.0001,2
2048,n<=128,sr<=40%,kvB<=4k,kp<=4k,-6.0827,2
2048,n<=128,sr<=40%,kvB<=4k,kp<=512,0.0071,2
2048,n<=128,sr<=40%,kvB<=4k,kp<=8k,-0.0124,2
2048,n<=128,sr<=40%,kvB<=4k,kp=0,0.6761,2
2048,n<=128,sr<=5%,kvB<=16k,kp<=1k,0.1706,8
2048,n<=128,sr<=5%,kvB<=16k,kp<=2k,0.344,5
2048,n<=128,sr<=5%,kvB<=16k,kp<=4k,0.2102,4
2048,n<=128,sr<=5%,kvB<=16k,kp<=512,0.1002,7
2048,n<=128,sr<=5%,kvB<=16k,kp<=8k,0.306,5
2048,n<=128,sr<=5%,kvB<=16k,kp=0,0.0363,8
2048,n<=128,sr<=5%,kvB<=1k,kp<=1k,0.0361,8
2048,n<=128,sr<=5%,kvB<=1k,kp<=2k,0.4205,7
2048,n<=128,sr<=5%,kvB<=1k,kp<=4k,-0.0659,4
2048,n<=128,sr<=5%,kvB<=1k,kp<=512,0.3673,6
2048,n<=128,sr<=5%,kvB<=1k,kp<=8k,0.9279,5
2048,n<=128,sr<=5%,kvB<=1k,kp=0,0.8538,6
2048,n<=128,sr<=5%,kvB<=4k,kp<=1k,0.6479,6
2048,n<=128,sr<=5%,kvB<=4k,kp<=2k,0.3129,8
2048,n<=128,sr<=5%,kvB<=4k,kp<=4k,0.2157,7
2048,n<=128,sr<=5%,kvB<=4k,kp<=512,0.6168,7
2048,n<=128,sr<=5%,kvB<=4k,kp<=8k,-0.0004,3
2048,n<=128,sr<=5%,kvB<=4k,kp=0,0.246,6
2048,n<=128,sr<=70%,kvB<=16k,kp<=2k,-2.7718,1
2048,n<=128,sr<=70%,kvB<=16k,kp<=4k,0.0109,2
2048,n<=128,sr<=70%,kvB<=16k,kp<=512,0.6004,2
2048,n<=128,sr<=70%,kvB<=16k,kp<=8k,-0.068,1
2048,n<=128,sr<=70%,kvB<=16k,kp=0,0.6909,1
2048,n<=128,sr<=70%,kvB<=1k,kp<=1k,0.9294,1
2048,n<=128,sr<=70%,kvB<=1k,kp<=4k,-0.0246,2
2048,n<=128,sr<=70%,kvB<=1k,kp<=512,0.9414,2
2048,n<=128,sr<=70%,kvB<=1k,kp<=8k,-0.0116,2
2048,n<=128,sr<=70%,kvB<=1k,kp=0,-6.8493,2
2048,n<=128,sr<=70%,kvB<=4k,kp<=1k,-5.3984,2
2048,n<=128,sr<=70%,kvB<=4k,kp<=2k,0.5158,2
2048,n<=128,sr<=70%,kvB<=4k,kp<=4k,-0.0013,2
2048,n<=128,sr<=70%,kvB<=4k,kp<=512,-0.019,1
2048,n<=128,sr<=70%,kvB<=4k,kp<=8k,0.9213,2
2048,n<=128,sr>70%,kvB<=16k,kp<=1k,0.8632,2
2048,n<=128,sr>70%,kvB<=16k,kp<=2k,-2.6257,3
2048,n<=128,sr>70%,kvB<=16k,kp<=4k,0.4391,4
2048,n<=128,sr>70%,kvB<=16k,kp<=512,0.4969,2
2048,n<=128,sr>70%,kvB<=16k,kp<=8k,1.1032,3
2048,n<=128,sr>70%,kvB<=16k,kp=0,-0.3942,4
2048,n<=128,sr>70%,kvB<=1k,kp<=1k,-13.9928,4
2048,n<=128,sr>70%,kvB<=1k,kp<=2k,-0.1411,1
2048,n<=128,sr>70%,kvB<=1k,kp<=4k,47.4665,3
2048,n<=128,sr>70%,kvB<=1k,kp<=512,0.0115,3
2048,n<=128,sr>70%,kvB<=1k,kp<=8k,0.17,2
2048,n<=128,sr>70%,kvB<=1k,kp=0,0.0408,4
2048,n<=128,sr>70%,kvB<=4k,kp<=1k,0.0018,4
2048,n<=128,sr>70%,kvB<=4k,kp<=2k,0.114,4
2048,n<=128,sr>70%,kvB<=4k,kp<=4k,-0.0094,4
2048,n<=128,sr>70%,kvB<=4k,kp<=512,-0.0025,2
2048,n<=128,sr>70%,kvB<=4k,kp<=8k,0.6094,3
2048,n<=128,sr>70%,kvB<=4k,kp=0,1.1139,4
2048,n<=16,sr<=15%,kvB<=16k,kp<=1k,0.832,4
2048,n<=16,sr<=15%,kvB<=16k,kp<=2k,0.7399,4
2048,n<=16,sr<=15%,kvB<=16k,kp<=4k,0.5255,4
2048,n<=16,sr<=15%,kvB<=16k,kp<=512,0.889,4
2048,n<=16,sr<=15%,kvB<=16k,kp<=8k,0.1498,4
2048,n<=16,sr<=15%,kvB<=16k,kp=0,0.9452,4
2048,n<=16,sr<=15%,kvB<=1k,kp<=1k,-0.1408,4
2048,n<=16,sr<=15%,kvB<=1k,kp<=2k,-0.037,4
2048,n<=16,sr<=15%,kvB<=1k,kp<=4k,0.3302,3
2048,n<=16,sr<=15%,kvB<=1k,kp<=512,0.0702,4
2048,n<=16,sr<=15%,kvB<=1k,kp<=8k,0.5631,2
2048,n<=16,sr<=15%,kvB<=1k,kp=0,0.2745,4
2048,n<=16,sr<=15%,kvB<=4k,kp<=1k,0.3446,4
2048,n<=16,sr<=15%,kvB<=4k,kp<=2k,0.1205,4
2048,n<=16,sr<=15%,kvB<=4k,kp<=4k,0.0334,4
2048,n<=16,sr<=15%,kvB<=4k,kp<=512,0.5809,4
2048,n<=16,sr<=15%,kvB<=4k,kp<=8k,-0.0061,2
2048,n<=16,sr<=15%,kvB<=4k,kp=0,0.7907,4
2048,n<=16,sr<=40%,kvB<=16k,kp<=1k,0.94,4
2048,n<=16,sr<=40%,kvB<=16k,kp<=2k,0.833,4
2048,n<=16,sr<=40%,kvB<=16k,kp<=4k,0.5928,4
2048,n<=16,sr<=40%,kvB<=16k,kp<=512,0.9779,4
2048,n<=16,sr<=40%,kvB<=16k,kp<=8k,0.1052,4
2048,n<=16,sr<=40%,kvB<=16k,kp=0,0.94,4
2048,n<=16,sr<=40%,kvB<=1k,kp<=1k,0.1077,4
2048,n<=16,sr<=40%,kvB<=1k,kp<=2k,-0.0275,4
2048,n<=16,sr<=40%,kvB<=1k,kp<=4k,0.0495,3
2048,n<=16,sr<=40%,kvB<=1k,kp<=512,0.6825,4
2048,n<=16,sr<=40%,kvB<=1k,kp<=8k,0.5284,1
2048,n<=16,sr<=40%,kvB<=1k,kp=0,0.2251,4
2048,n<=16,sr<=40%,kvB<=4k,kp<=1k,0.7608,4
2048,n<=16,sr<=40%,kvB<=4k,kp<=2k,0.3451,4
2048,n<=16,sr<=40%,kvB<=4k,kp<=4k,-0.1061,4
2048,n<=16,sr<=40%,kvB<=4k,kp<=512,0.8878,4
2048,n<=16,sr<=40%,kvB<=4k,kp<=8k,0.0096,3
2048,n<=16,sr<=40%,kvB<=4k,kp=0,0.7592,4
2048,n<=16,sr<=70%,kvB<=16k,kp<=1k,0.9519,2
2048,n<=16,sr<=70%,kvB<=16k,kp<=2k,0.9918,2
2048,n<=16,sr<=70%,kvB<=16k,kp<=4k,0.7043,2
2048,n<=16,sr<=70%,kvB<=16k,kp<=512,0.9827,2
2048,n<=16,sr<=70%,kvB<=16k,kp<=8k,0.02,2
2048,n<=16,sr<=70%,kvB<=16k,kp=0,0.9825,2
2048,n<=16,sr<=70%,kvB<=1k,kp<=1k,0.4341,2
2048,n<=16,sr<=70%,kvB<=1k,kp<=2k,0.1881,2
2048,n<=16,sr<=70%,kvB<=1k,kp<=4k,-0.1605,2
2048,n<=16,sr<=70%,kvB<=1k,kp<=512,0.7552,2
2048,n<=16,sr<=70%,kvB<=1k,kp<=8k,0.6404,1
2048,n<=16,sr<=70%,kvB<=1k,kp=0,0.7091,2
2048,n<=16,sr<=70%,kvB<=4k,kp<=1k,0.8253,2
2048,n<=16,sr<=70%,kvB<=4k,kp<=2k,0.8741,2
2048,n<=16,sr<=70%,kvB<=4k,kp<=4k,0.1087,2
2048,n<=16,sr<=70%,kvB<=4k,kp<=512,0.8753,2
2048,n<=16,sr<=70%,kvB<=4k,kp<=8k,0.1691,1
2048,n<=16,sr<=70%,kvB<=4k,kp=0,0.8275,2
2048,n<=16,sr>70%,kvB<=16k,kp<=1k,0.9229,4
2048,n<=16,sr>70%,kvB<=16k,kp<=2k,0.9903,4
2048,n<=16,sr>70%,kvB<=16k,kp<=4k,1.0242,4
2048,n<=16,sr>70%,kvB<=16k,kp<=512,0.9546,4
2048,n<=16,sr>70%,kvB<=16k,kp<=8k,0.8833,4
2048,n<=16,sr>70%,kvB<=16k,kp=0,1.0134,4
2048,n<=16,sr>70%,kvB<=1k,kp<=1k,0.3343,4
2048,n<=16,sr>70%,kvB<=1k,kp<=2k,0.4967,4
2048,n<=16,sr>70%,kvB<=1k,kp<=4k,-0.0818,3
2048,n<=16,sr>70%,kvB<=1k,kp<=512,0.7263,4
2048,n<=16,sr>70%,kvB<=1k,kp<=8k,-0.0408,1
2048,n<=16,sr>70%,kvB<=1k,kp=0,0.7116,4
2048,n<=16,sr>70%,kvB<=4k,kp<=1k,0.788,4
2048,n<=16,sr>70%,kvB<=4k,kp<=2k,0.8014,4
2048,n<=16,sr>70%,kvB<=4k,kp<=4k,0.5238,4
2048,n<=16,sr>70%,kvB<=4k,kp<=512,0.8529,4
2048,n<=16,sr>70%,kvB<=4k,kp<=8k,-0.568,4
2048,n<=16,sr>70%,kvB<=4k,kp=0,1.0063,4
2048,n<=2,sr<=70%,kvB<=16k,kp<=1k,0.9918,2
2048,n<=2,sr<=70%,kvB<=16k,kp<=2k,0.9763,2
2048,n<=2,sr<=70%,kvB<=16k,kp<=4k,0.9929,2
2048,n<=2,sr<=70%,kvB<=16k,kp<=512,0.9836,2
2048,n<=2,sr<=70%,kvB<=16k,kp<=8k,1.0537,2
2048,n<=2,sr<=70%,kvB<=16k,kp=0,0.9944,2
2048,n<=2,sr<=70%,kvB<=1k,kp<=1k,-0.8633,2
2048,n<=2,sr<=70%,kvB<=1k,kp<=4k,0.0087,1
2048,n<=2,sr<=70%,kvB<=1k,kp<=512,0.9801,2
2048,n<=2,sr<=70%,kvB<=1k,kp<=8k,-5.8021,1
2048,n<=2,sr<=70%,kvB<=1k,kp=0,1.0504,2
2048,n<=2,sr<=70%,kvB<=4k,kp<=1k,0.9319,2
2048,n<=2,sr<=70%,kvB<=4k,kp<=2k,0.948,1
2048,n<=2,sr<=70%,kvB<=4k,kp<=4k,-0.235,2
2048,n<=2,sr<=70%,kvB<=4k,kp<=512,1.0074,2
2048,n<=2,sr<=70%,kvB<=4k,kp<=8k,0.9059,1
2048,n<=2,sr<=70%,kvB<=4k,kp=0,0.9944,2
2048,n<=32,sr<=15%,kvB<=16k,kp<=1k,0.7351,6
2048,n<=32,sr<=15%,kvB<=16k,kp<=2k,0.6603,6
2048,n<=32,sr<=15%,kvB<=16k,kp<=4k,0.487,6
2048,n<=32,sr<=15%,kvB<=16k,kp<=512,0.7618,6
2048,n<=32,sr<=15%,kvB<=16k,kp<=8k,0.19,6
2048,n<=32,sr<=15%,kvB<=16k,kp=0,0.7701,6
2048,n<=32,sr<=15%,kvB<=1k,kp<=1k,0.0742,6
2048,n<=32,sr<=15%,kvB<=1k,kp<=2k,-0.0443,6
2048,n<=32,sr<=15%,kvB<=1k,kp<=4k,0.0057,6
2048,n<=32,sr<=15%,kvB<=1k,kp<=512,0.2514,6
2048,n<=32,sr<=15%,kvB<=1k,kp<=8k,0.2135,3
2048,n<=32,sr<=15%,kvB<=1k,kp=0,0.0995,6
2048,n<=32,sr<=15%,kvB<=4k,kp<=1k,0.4399,6
2048,n<=32,sr<=15%,kvB<=4k,kp<=2k,0.2051,6
2048,n<=32,sr<=15%,kvB<=4k,kp<=4k,-0.0681,6
2048,n<=32,sr<=15%,kvB<=4k,kp<=512,0.5631,6
2048,n<=32,sr<=15%,kvB<=4k,kp<=8k,0.0105,6
2048,n<=32,sr<=15%,kvB<=4k,kp=0,0.5639,6
2048,n<=32,sr<=40%,kvB<=16k,kp<=1k,0.7361,2
2048,n<=32,sr<=40%,kvB<=16k,kp<=2k,0.734,2
2048,n<=32,sr<=40%,kvB<=16k,kp<=4k,0.6649,2
2048,n<=32,sr<=40%,kvB<=16k,kp<=512,0.7632,2
2048,n<=32,sr<=40%,kvB<=16k,kp<=8k,0.3105,2
2048,n<=32,sr<=40%,kvB<=16k,kp=0,0.7528,2
2048,n<=32,sr<=40%,kvB<=1k,kp<=1k,0.1717,2
2048,n<=32,sr<=40%,kvB<=1k,kp<=2k,0.1768,2
2048,n<=32,sr<=40%,kvB<=1k,kp<=4k,0.0945,2
2048,n<=32,sr<=40%,kvB<=1k,kp<=512,0.3346,2
2048,n<=32,sr<=40%,kvB<=1k,kp<=8k,0.3857,2
2048,n<=32,sr<=40%,kvB<=1k,kp=0,0.3974,2
2048,n<=32,sr<=40%,kvB<=4k,kp<=1k,0.6426,2
2048,n<=32,sr<=40%,kvB<=4k,kp<=2k,0.71,2
2048,n<=32,sr<=40%,kvB<=4k,kp<=4k,0.2897,2
2048,n<=32,sr<=40%,kvB<=4k,kp<=512,0.5958,2
2048,n<=32,sr<=40%,kvB<=4k,kp<=8k,-0.0262,2
2048,n<=32,sr<=40%,kvB<=4k,kp=0,0.589,2
2048,n<=32,sr<=5%,kvB<=16k,kp<=1k,0.679,2
2048,n<=32,sr<=5%,kvB<=16k,kp<=2k,0.6042,2
2048,n<=32,sr<=5%,kvB<=16k,kp<=4k,0.4359,2
2048,n<=32,sr<=5%,kvB<=16k,kp<=512,0.7353,2
2048,n<=32,sr<=5%,kvB<=16k,kp<=8k,0.1945,2
2048,n<=32,sr<=5%,kvB<=16k,kp=0,0.784,2
2048,n<=32,sr<=5%,kvB<=1k,kp<=1k,0.0094,2
2048,n<=32,sr<=5%,kvB<=1k,kp<=2k,0.0064,2
2048,n<=32,sr<=5%,kvB<=1k,kp<=4k,0.0302,2
2048,n<=32,sr<=5%,kvB<=1k,kp<=512,-0.0769,2
2048,n<=32,sr<=5%,kvB<=1k,kp<=8k,1.3842,2
2048,n<=32,sr<=5%,kvB<=1k,kp=0,0.0383,2
2048,n<=32,sr<=5%,kvB<=4k,kp<=1k,0.2518,2
2048,n<=32,sr<=5%,kvB<=4k,kp<=2k,0.0841,2
2048,n<=32,sr<=5%,kvB<=4k,kp<=4k,-0.0175,2
2048,n<=32,sr<=5%,kvB<=4k,kp<=512,0.4149,2
2048,n<=32,sr<=5%,kvB<=4k,kp<=8k,-0.0102,2
2048,n<=32,sr<=5%,kvB<=4k,kp=0,0.5649,2
2048,n<=32,sr<=70%,kvB<=16k,kp<=1k,0.6738,2
2048,n<=32,sr<=70%,kvB<=16k,kp<=2k,0.6903,2
2048,n<=32,sr<=70%,kvB<=16k,kp<=4k,0.7408,2
2048,n<=32,sr<=70%,kvB<=16k,kp<=512,0.6427,2
2048,n<=32,sr<=70%,kvB<=16k,kp<=8k,0.8417,2
2048,n<=32,sr<=70%,kvB<=16k,kp=0,0.6458,2
2048,n<=32,sr<=70%,kvB<=1k,kp<=1k,0.2536,2
2048,n<=32,sr<=70%,kvB<=1k,kp<=2k,0.5362,2
2048,n<=32,sr<=70%,kvB<=1k,kp<=4k,-0.3014,2
2048,n<=32,sr<=70%,kvB<=1k,kp<=512,0.2328,2
2048,n<=32,sr<=70%,kvB<=1k,kp<=8k,0.9049,1
2048,n<=32,sr<=70%,kvB<=1k,kp=0,-0.0141,2
2048,n<=32,sr<=70%,kvB<=4k,kp<=1k,0.5609,2
2048,n<=32,sr<=70%,kvB<=4k,kp<=2k,0.6201,2
2048,n<=32,sr<=70%,kvB<=4k,kp<=4k,0.8675,2
2048,n<=32,sr<=70%,kvB<=4k,kp<=512,0.5202,2
2048,n<=32,sr<=70%,kvB<=4k,kp<=8k,0.1889,2
2048,n<=32,sr<=70%,kvB<=4k,kp=0,0.4316,2
2048,n<=32,sr>70%,kvB<=16k,kp<=1k,0.3305,4
2048,n<=32,sr>70%,kvB<=16k,kp<=2k,0.3538,4
2048,n<=32,sr>70%,kvB<=16k,kp<=4k,0.4801,4
2048,n<=32,sr>70%,kvB<=16k,kp<=512,0.3026,4
2048,n<=32,sr>70%,kvB<=16k,kp<=8k,0.7437,4
2048,n<=32,sr>70%,kvB<=16k,kp=0,0.3166,4
2048,n<=32,sr>70%,kvB<=1k,kp<=1k,0.1802,3
2048,n<=32,sr>70%,kvB<=1k,kp<=2k,0.2217,4
2048,n<=32,sr>70%,kvB<=1k,kp<=4k,0.3355,3
2048,n<=32,sr>70%,kvB<=1k,kp<=512,0.0248,4
2048,n<=32,sr>70%,kvB<=1k,kp<=8k,-0.1275,4
2048,n<=32,sr>70%,kvB<=1k,kp=0,0.0335,4
2048,n<=32,sr>70%,kvB<=4k,kp<=1k,0.2622,4
2048,n<=32,sr>70%,kvB<=4k,kp<=2k,0.5905,4
2048,n<=32,sr>70%,kvB<=4k,kp<=4k,0.6409,4
2048,n<=32,sr>70%,kvB<=4k,kp<=512,0.116,4
2048,n<=32,sr>70%,kvB<=4k,kp<=8k,0.2857,4
2048,n<=32,sr>70%,kvB<=4k,kp=0,0.1949,4
2048,n<=4,sr<=40%,kvB<=16k,kp<=1k,0.8568,2
2048,n<=4,sr<=40%,kvB<=16k,kp<=2k,0.8543,2
2048,n<=4,sr<=40%,kvB<=16k,kp<=4k,0.8488,2
2048,n<=4,sr<=40%,kvB<=16k,kp<=512,0.8945,2
2048,n<=4,sr<=40%,kvB<=16k,kp<=8k,0.8629,2
2048,n<=4,sr<=40%,kvB<=16k,kp=0,0.9959,2
2048,n<=4,sr<=40%,kvB<=1k,kp<=1k,0.0503,2
2048,n<=4,sr<=40%,kvB<=1k,kp<=2k,0.5316,1
2048,n<=4,sr<=40%,kvB<=1k,kp<=512,0.1277,2
2048,n<=4,sr<=40%,kvB<=1k,kp<=8k,0.2736,2
2048,n<=4,sr<=40%,kvB<=1k,kp=0,0.9613,2
2048,n<=4,sr<=40%,kvB<=4k,kp<=1k,0.4278,2
2048,n<=4,sr<=40%,kvB<=4k,kp<=2k,0.3947,2
2048,n<=4,sr<=40%,kvB<=4k,kp<=4k,-0.0173,1
2048,n<=4,sr<=40%,kvB<=4k,kp<=512,0.5511,2
2048,n<=4,sr<=40%,kvB<=4k,kp<=8k,1.1292,2
2048,n<=4,sr<=40%,kvB<=4k,kp=0,0.9824,2
2048,n<=4,sr<=70%,kvB<=16k,kp<=1k,0.7957,2
2048,n<=4,sr<=70%,kvB<=16k,kp<=2k,0.7829,2
2048,n<=4,sr<=70%,kvB<=16k,kp<=4k,0.7833,2
2048,n<=4,sr<=70%,kvB<=16k,kp<=512,0.8417,2
2048,n<=4,sr<=70%,kvB<=16k,kp<=8k,0.7701,2
2048,n<=4,sr<=70%,kvB<=16k,kp=0,0.9944,2
2048,n<=4,sr<=70%,kvB<=1k,kp<=1k,-0.5896,2
2048,n<=4,sr<=70%,kvB<=1k,kp<=2k,0.0261,1
2048,n<=4,sr<=70%,kvB<=1k,kp<=4k,0.0724,2
2048,n<=4,sr<=70%,kvB<=1k,kp<=512,-0.5075,2
2048,n<=4,sr<=70%,kvB<=1k,kp<=8k,1.6045,1
2048,n<=4,sr<=70%,kvB<=1k,kp=0,0.7918,2
2048,n<=4,sr<=70%,kvB<=4k,kp<=1k,0.1303,2
2048,n<=4,sr<=70%,kvB<=4k,kp<=2k,0.2343,2
2048,n<=4,sr<=70%,kvB<=4k,kp<=4k,0.0061,1
2048,n<=4,sr<=70%,kvB<=4k,kp<=512,0.4206,2
2048,n<=4,sr<=70%,kvB<=4k,kp=0,1.0137,2
2048,n<=4,sr>70%,kvB<=16k,kp<=1k,0.9723,2
2048,n<=4,sr>70%,kvB<=16k,kp<=2k,1.0084,2
2048,n<=4,sr>70%,kvB<=16k,kp<=4k,0.9547,2
2048,n<=4,sr>70%,kvB<=16k,kp<=512,0.9736,2
2048,n<=4,sr>70%,kvB<=16k,kp<=8k,0.9849,2
2048,n<=4,sr>70%,kvB<=16k,kp=0,0.986,2
2048,n<=4,sr>70%,kvB<=1k,kp<=1k,0.8265,2
2048,n<=4,sr>70%,kvB<=1k,kp<=512,0.9902,2
2048,n<=4,sr>70%,kvB<=1k,kp<=8k,-10.5914,1
2048,n<=4,sr>70%,kvB<=1k,kp=0,0.7933,2
2048,n<=4,sr>70%,kvB<=4k,kp<=1k,0.8755,2
2048,n<=4,sr>70%,kvB<=4k,kp<=2k,0.9112,2
2048,n<=4,sr>70%,kvB<=4k,kp<=4k,0.9091,2
2048,n<=4,sr>70%,kvB<=4k,kp<=512,0.9517,2
2048,n<=4,sr>70%,kvB<=4k,kp<=8k,0.2548,1
2048,n<=4,sr>70%,kvB<=4k,kp=0,1.049,2
2048,n<=64,sr<=15%,kvB<=16k,kp<=1k,-0.2261,3
2048,n<=64,sr<=15%,kvB<=16k,kp<=2k,0.1614,3
2048,n<=64,sr<=15%,kvB<=16k,kp<=4k,0.1226,3
2048,n<=64,sr<=15%,kvB<=16k,kp<=512,-0.146,4
2048,n<=64,sr<=15%,kvB<=16k,kp<=8k,-1.4068,4
2048,n<=64,sr<=15%,kvB<=16k,kp=0,-0.2977,4
2048,n<=64,sr<=15%,kvB<=1k,kp<=1k,0.9238,2
2048,n<=64,sr<=15%,kvB<=1k,kp<=2k,-0.0321,3
2048,n<=64,sr<=15%,kvB<=1k,kp<=4k,0.9562,4
2048,n<=64,sr<=15%,kvB<=1k,kp<=512,0.2706,4
2048,n<=64,sr<=15%,kvB<=1k,kp<=8k,-0.0449,2
2048,n<=64,sr<=15%,kvB<=1k,kp=0,0.0167,4
2048,n<=64,sr<=15%,kvB<=4k,kp<=1k,0.2666,2
2048,n<=64,sr<=15%,kvB<=4k,kp<=2k,0.0549,3
2048,n<=64,sr<=15%,kvB<=4k,kp<=4k,-2.3583,4
2048,n<=64,sr<=15%,kvB<=4k,kp<=512,0.108,3
2048,n<=64,sr<=15%,kvB<=4k,kp<=8k,-2.7956,3
2048,n<=64,sr<=15%,kvB<=4k,kp=0,0.3814,3
2048,n<=64,sr<=40%,kvB<=16k,kp<=1k,-1.8284,1
2048,n<=64,sr<=40%,kvB<=16k,kp<=2k,-2.1636,1
2048,n<=64,sr<=40%,kvB<=16k,kp<=4k,-4.7834,1
2048,n<=64,sr<=40%,kvB<=16k,kp<=512,-1.7853,2
2048,n<=64,sr<=40%,kvB<=16k,kp<=8k,-4.034,1
2048,n<=64,sr<=40%,kvB<=1k,kp<=1k,0.2873,1
2048,n<=64,sr<=40%,kvB<=1k,kp<=2k,0.9677,2
2048,n<=64,sr<=40%,kvB<=1k,kp<=4k,-0.0001,2
2048,n<=64,sr<=40%,kvB<=1k,kp<=8k,-6.429,2
2048,n<=64,sr<=40%,kvB<=1k,kp=0,0.2297,1
2048,n<=64,sr<=40%,kvB<=4k,kp<=1k,-6.1693,1
2048,n<=64,sr<=40%,kvB<=4k,kp<=2k,0.0374,2
2048,n<=64,sr<=40%,kvB<=4k,kp<=4k,-0.0609,2
2048,n<=64,sr<=40%,kvB<=4k,kp<=512,0.0558,1
2048,n<=64,sr<=40%,kvB<=4k,kp=0,0.0,1
2048,n<=64,sr<=5%,kvB<=16k,kp<=1k,0.1945,6
2048,n<=64,sr<=5%,kvB<=16k,kp<=2k,0.1561,6
2048,n<=64,sr<=5%,kvB<=16k,kp<=4k,0.0796,6
2048,n<=64,sr<=5%,kvB<=16k,kp<=512,0.2153,6
2048,n<=64,sr<=5%,kvB<=16k,kp<=8k,-0.0151,6
2048,n<=64,sr<=5%,kvB<=16k,kp=0,0.2293,6
2048,n<=64,sr<=5%,kvB<=1k,kp<=1k,0.0016,6
2048,n<=64,sr<=5%,kvB<=1k,kp<=2k,-0.0125,6
2048,n<=64,sr<=5%,kvB<=1k,kp<=4k,0.0249,6
2048,n<=64,sr<=5%,kvB<=1k,kp<=512,0.0245,6
2048,n<=64,sr<=5%,kvB<=1k,kp<=8k,0.0271,6
2048,n<=64,sr<=5%,kvB<=1k,kp=0,0.0271,6
2048,n<=64,sr<=5%,kvB<=4k,kp<=1k,0.0303,6
2048,n<=64,sr<=5%,kvB<=4k,kp<=2k,-0.0009,6
2048,n<=64,sr<=5%,kvB<=4k,kp<=4k,-0.0059,6
2048,n<=64,sr<=5%,kvB<=4k,kp<=512,0.0808,6
2048,n<=64,sr<=5%,kvB<=4k,kp<=8k,0.0109,6
2048,n<=64,sr<=5%,kvB<=4k,kp=0,0.1263,6
2048,n<=64,sr<=70%,kvB<=16k,kp<=1k,-2.5783,2
2048,n<=64,sr<=70%,kvB<=16k,kp<=2k,0.0063,2
2048,n<=64,sr<=70%,kvB<=16k,kp<=4k,0.0384,2
2048,n<=64,sr<=70%,kvB<=16k,kp<=512,0.2817,2
2048,n<=64,sr<=70%,kvB<=16k,kp<=8k,0.9042,2
2048,n<=64,sr<=70%,kvB<=16k,kp=0,-0.0009,2
2048,n<=64,sr<=70%,kvB<=1k,kp<=1k,9.3672,2
2048,n<=64,sr<=70%,kvB<=1k,kp<=2k,-0.0024,2
2048,n<=64,sr<=70%,kvB<=1k,kp<=4k,-0.1764,2
2048,n<=64,sr<=70%,kvB<=1k,kp<=512,0.1225,2
2048,n<=64,sr<=70%,kvB<=1k,kp<=8k,0.5002,1
2048,n<=64,sr<=70%,kvB<=1k,kp=0,0.1078,2
2048,n<=64,sr<=70%,kvB<=4k,kp<=1k,-0.0473,2
2048,n<=64,sr<=70%,kvB<=4k,kp<=2k,0.0283,2
2048,n<=64,sr<=70%,kvB<=4k,kp<=4k,-0.0427,2
2048,n<=64,sr<=70%,kvB<=4k,kp<=512,-0.0016,2
2048,n<=64,sr<=70%,kvB<=4k,kp<=8k,0.1618,1
2048,n<=64,sr<=70%,kvB<=4k,kp=0,0.0074,2
2048,n<=64,sr>70%,kvB<=16k,kp<=1k,0.9695,3
2048,n<=64,sr>70%,kvB<=16k,kp<=2k,0.6697,3
2048,n<=64,sr>70%,kvB<=16k,kp<=4k,0.9792,3
2048,n<=64,sr>70%,kvB<=16k,kp<=512,0.6654,2
2048,n<=64,sr>70%,kvB<=16k,kp<=8k,6.2151,4
2048,n<=64,sr>70%,kvB<=16k,kp=0,1.0031,3
2048,n<=64,sr>70%,kvB<=1k,kp<=1k,0.9528,4
2048,n<=64,sr>70%,kvB<=1k,kp<=2k,0.9975,1
2048,n<=64,sr>70%,kvB<=1k,kp<=4k,-0.0176,4
2048,n<=64,sr>70%,kvB<=1k,kp<=512,0.3371,3
2048,n<=64,sr>70%,kvB<=1k,kp<=8k,0.9979,3
2048,n<=64,sr>70%,kvB<=1k,kp=0,-8.1961,4
2048,n<=64,sr>70%,kvB<=4k,kp<=1k,-23.6146,2
2048,n<=64,sr>70%,kvB<=4k,kp<=2k,21.7473,1
2048,n<=64,sr>70%,kvB<=4k,kp<=4k,0.3783,4
2048,n<=64,sr>70%,kvB<=4k,kp<=512,0.9468,3
2048,n<=64,sr>70%,kvB<=4k,kp<=8k,0.9282,2
2048,n<=64,sr>70%,kvB<=4k,kp=0,-3.5051,2
2048,n<=8,sr<=15%,kvB<=16k,kp<=1k,0.8406,2
2048,n<=8,sr<=15%,kvB<=16k,kp<=2k,0.7394,2
2048,n<=8,sr<=15%,kvB<=16k,kp<=4k,0.6605,2
2048,n<=8,sr<=15%,kvB<=16k,kp<=512,0.9035,2
2048,n<=8,sr<=15%,kvB<=16k,kp<=8k,0.6504,2
2048,n<=8,sr<=15%,kvB<=16k,kp=0,0.9551,2
2048,n<=8,sr<=15%,kvB<=1k,kp<=1k,0.1435,2
2048,n<=8,sr<=15%,kvB<=1k,kp<=2k,0.0242,2
2048,n<=8,sr<=15%,kvB<=1k,kp<=4k,1.7668,1
2048,n<=8,sr<=15%,kvB<=1k,kp<=512,-0.1102,2
2048,n<=8,sr<=15%,kvB<=1k,kp<=8k,0.1571,1
2048,n<=8,sr<=15%,kvB<=1k,kp=0,0.323,2
2048,n<=8,sr<=15%,kvB<=4k,kp<=1k,0.3797,2
2048,n<=8,sr<=15%,kvB<=4k,kp<=2k,0.1454,2
2048,n<=8,sr<=15%,kvB<=4k,kp<=4k,-0.036,2
2048,n<=8,sr<=15%,kvB<=4k,kp<=512,0.6066,2
2048,n<=8,sr<=15%,kvB<=4k,kp<=8k,1.8548,1
2048,n<=8,sr<=15%,kvB<=4k,kp=0,0.8366,2
2048,n<=8,sr<=40%,kvB<=16k,kp<=1k,0.8765,4
2048,n<=8,sr<=40%,kvB<=16k,kp<=2k,0.7337,4
2048,n<=8,sr<=40%,kvB<=16k,kp<=4k,0.6225,4
2048,n<=8,sr<=40%,kvB<=16k,kp<=512,0.9289,4
2048,n<=8,sr<=40%,kvB<=16k,kp<=8k,0.6078,4
2048,n<=8,sr<=40%,kvB<=16k,kp=0,0.9398,4
2048,n<=8,sr<=40%,kvB<=1k,kp<=1k,0.1744,4
2048,n<=8,sr<=40%,kvB<=1k,kp<=2k,0.0082,4
2048,n<=8,sr<=40%,kvB<=1k,kp<=4k,0.6688,3
2048,n<=8,sr<=40%,kvB<=1k,kp<=512,0.0745,4
2048,n<=8,sr<=40%,kvB<=1k,kp<=8k,0.3037,2
2048,n<=8,sr<=40%,kvB<=1k,kp=0,0.1514,4
2048,n<=8,sr<=40%,kvB<=4k,kp<=1k,0.5065,4
2048,n<=8,sr<=40%,kvB<=4k,kp<=2k,0.1034,4
2048,n<=8,sr<=40%,kvB<=4k,kp<=4k,0.0809,4
2048,n<=8,sr<=40%,kvB<=4k,kp<=512,0.705,4
2048,n<=8,sr<=40%,kvB<=4k,kp<=8k,0.382,2
2048,n<=8,sr<=40%,kvB<=4k,kp=0,0.7612,4
2048,n<=8,sr<=70%,kvB<=16k,kp<=1k,0.9595,2
2048,n<=8,sr<=70%,kvB<=16k,kp<=2k,0.7634,2
2048,n<=8,sr<=70%,kvB<=16k,kp<=4k,0.6348,2
2048,n<=8,sr<=70%,kvB<=16k,kp<=512,0.9775,2
2048,n<=8,sr<=70%,kvB<=16k,kp<=8k,0.5825,2
2048,n<=8,sr<=70%,kvB<=16k,kp=0,0.9362,2
2048,n<=8,sr<=70%,kvB<=1k,kp<=1k,0.192,2
2048,n<=8,sr<=70%,kvB<=1k,kp<=2k,-0.6262,2
2048,n<=8,sr<=70%,kvB<=1k,kp<=512,0.8872,2
2048,n<=8,sr<=70%,kvB<=1k,kp<=8k,-2.5736,1
2048,n<=8,sr<=70%,kvB<=1k,kp=0,-0.4072,2
2048,n<=8,sr<=70%,kvB<=4k,kp<=1k,0.7583,2
2048,n<=8,sr<=70%,kvB<=4k,kp<=2k,0.0559,2
2048,n<=8,sr<=70%,kvB<=4k,kp<=4k,-0.1463,2
2048,n<=8,sr<=70%,kvB<=4k,kp<=512,0.9903,2
2048,n<=8,sr<=70%,kvB<=4k,kp<=8k,1.6044,1
2048,n<=8,sr<=70%,kvB<=4k,kp=0,0.6831,2
2048,n<=8,sr>70%,kvB<=16k,kp<=1k,0.9385,4
2048,n<=8,sr>70%,kvB<=16k,kp<=2k,0.8952,4
2048,n<=8,sr>70%,kvB<=16k,kp<=4k,0.6813,4
2048,n<=8,sr>70%,kvB<=16k,kp<=512,0.9603,4
2048,n<=8,sr>70%,kvB<=16k,kp<=8k,0.6528,4
2048,n<=8,sr>70%,kvB<=16k,kp=0,0.9915,4
2048,n<=8,sr>70%,kvB<=1k,kp<=1k,0.7372,4
2048,n<=8,sr>70%,kvB<=1k,kp<=2k,-1.2595,4
2048,n<=8,sr>70%,kvB<=1k,kp<=4k,0.6737,1
2048,n<=8,sr>70%,kvB<=1k,kp<=512,0.6145,4
2048,n<=8,sr>70%,kvB<=1k,kp<=8k,0.2711,3
2048,n<=8,sr>70%,kvB<=1k,kp=0,0.8172,4
2048,n<=8,sr>70%,kvB<=4k,kp<=1k,0.9594,4
2048,n<=8,sr>70%,kvB<=4k,kp<=2k,0.6881,4
2048,n<=8,sr>70%,kvB<=4k,kp<=4k,0.0927,4
2048,n<=8,sr>70%,kvB<=4k,kp<=512,0.9174,4
2048,n<=8,sr>70%,kvB<=4k,kp=0,0.9706,4
4096,n<=128,sr<=15%,kvB<=16k,kp<=1k,0.0257,3
4096,n<=128,sr<=15%,kvB<=16k,kp<=2k,-0.7293,4
4096,n<=128,sr<=15%,kvB<=16k,kp<=4k,1.0018,3
4096,n<=128,sr<=15%,kvB<=16k,kp<=512,0.0249,3
4096,n<=128,sr<=15%,kvB<=16k,kp<=8k,-1.5881,3
4096,n<=128,sr<=15%,kvB<=16k,kp=0,0.1535,4
4096,n<=128,sr<=15%,kvB<=1k,kp<=1k,6.0577,3
4096,n<=128,sr<=15%,kvB<=1k,kp<=2k,0.4552,3
4096,n<=128,sr<=15%,kvB<=1k,kp<=4k,0.9417,3
4096,n<=128,sr<=15%,kvB<=1k,kp<=512,-6.3077,3
4096,n<=128,sr<=15%,kvB<=1k,kp<=8k,-3.9865,2
4096,n<=128,sr<=15%,kvB<=1k,kp=0,0.0008,3
4096,n<=128,sr<=15%,kvB<=4k,kp<=1k,-0.2493,4
4096,n<=128,sr<=15%,kvB<=4k,kp<=2k,0.5102,4
4096,n<=128,sr<=15%,kvB<=4k,kp<=4k,-0.039,2
4096,n<=128,sr<=15%,kvB<=4k,kp<=512,0.0522,4
4096,n<=128,sr<=15%,kvB<=4k,kp=0,0.064,1
4096,n<=128,sr<=40%,kvB<=16k,kp<=1k,-0.0186,1
4096,n<=128,sr<=40%,kvB<=16k,kp<=2k,0.0148,1
4096,n<=128,sr<=40%,kvB<=16k,kp<=4k,0.0004,1
4096,n<=128,sr<=40%,kvB<=16k,kp<=512,0.7574,1
4096,n<=128,sr<=40%,kvB<=16k,kp<=8k,-0.0023,2
4096,n<=128,sr<=40%,kvB<=16k,kp=0,0.5004,2
4096,n<=128,sr<=40%,kvB<=1k,kp<=1k,0.9335,2
4096,n<=128,sr<=40%,kvB<=1k,kp<=2k,17.193,2
4096,n<=128,sr<=40%,kvB<=1k,kp<=4k,-0.7403,1
4096,n<=128,sr<=40%,kvB<=1k,kp<=512,0.0503,1
4096,n<=128,sr<=40%,kvB<=1k,kp<=8k,0.3868,1
4096,n<=128,sr<=40%,kvB<=1k,kp=0,0.8928,2
4096,n<=128,sr<=40%,kvB<=4k,kp<=1k,0.0043,1
4096,n<=128,sr<=40%,kvB<=4k,kp<=2k,5.7938,2
4096,n<=128,sr<=40%,kvB<=4k,kp<=4k,-4.9368,2
4096,n<=128,sr<=40%,kvB<=4k,kp<=512,-5.3808,1
4096,n<=128,sr<=40%,kvB<=4k,kp<=8k,-0.0673,1
4096,n<=128,sr<=40%,kvB<=4k,kp=0,0.0711,1
4096,n<=128,sr<=5%,kvB<=16k,kp<=1k,-0.4857,6
4096,n<=128,sr<=5%,kvB<=16k,kp<=2k,0.2006,4
4096,n<=128,sr<=5%,kvB<=16k,kp<=4k,-0.3506,5
4096,n<=128,sr<=5%,kvB<=16k,kp<=512,0.3473,6
4096,n<=128,sr<=5%,kvB<=16k,kp<=8k,0.6001,4
4096,n<=128,sr<=5%,kvB<=16k,kp=0,0.3196,5
4096,n<=128,sr<=5%,kvB<=1k,kp<=1k,0.9485,5
4096,n<=128,sr<=5%,kvB<=1k,kp<=2k,0.6218,5
4096,n<=128,sr<=5%,kvB<=1k,kp<=4k,0.5125,4
4096,n<=128,sr<=5%,kvB<=1k,kp<=512,0.9151,6
4096,n<=128,sr<=5%,kvB<=1k,kp<=8k,-0.0178,4
4096,n<=128,sr<=5%,kvB<=1k,kp=0,0.4606,6
4096,n<=128,sr<=5%,kvB<=4k,kp<=1k,0.2048,5
4096,n<=128,sr<=5%,kvB<=4k,kp<=2k,-1.5893,5
4096,n<=128,sr<=5%,kvB<=4k,kp<=4k,0.25,8
4096,n<=128,sr<=5%,kvB<=4k,kp<=512,0.4011,6
4096,n<=128,sr<=5%,kvB<=4k,kp<=8k,0.9147,5
4096,n<=128,sr<=5%,kvB<=4k,kp=0,0.2961,5
4096,n<=128,sr<=70%,kvB<=16k,kp<=1k,0.6923,2
4096,n<=128,sr<=70%,kvB<=16k,kp<=4k,0.0626,1
4096,n<=128,sr<=70%,kvB<=16k,kp<=512,0.007,2
4096,n<=128,sr<=70%,kvB<=16k,kp<=8k,-0.0008,2
4096,n<=128,sr<=70%,kvB<=16k,kp=0,0.7486,2
4096,n<=128,sr<=70%,kvB<=1k,kp<=2k,0.9865,1
4096,n<=128,sr<=70%,kvB<=1k,kp<=4k,-0.1769,1
4096,n<=128,sr<=70%,kvB<=1k,kp<=512,0.0923,1
4096,n<=128,sr<=70%,kvB<=1k,kp<=8k,0.9254,1
4096,n<=128,sr<=70%,kvB<=4k,kp<=1k,-0.071,2
4096,n<=128,sr<=70%,kvB<=4k,kp<=2k,0.0,1
4096,n<=128,sr<=70%,kvB<=4k,kp<=4k,0.9398,1
4096,n<=128,sr<=70%,kvB<=4k,kp<=512,0.9266,2
4096,n<=128,sr<=70%,kvB<=4k,kp<=8k,-0.1478,1
4096,n<=128,sr<=70%,kvB<=4k,kp=0,0.0219,1
4096,n<=128,sr>70%,kvB<=16k,kp<=1k,0.4485,4
4096,n<=128,sr>70%,kvB<=16k,kp<=2k,0.9677,3
4096,n<=128,sr>70%,kvB<=16k,kp<=4k,0.9056,3
4096,n<=128,sr>70%,kvB<=16k,kp<=512,1.8596,3
4096,n<=128,sr>70%,kvB<=16k,kp<=8k,-7.3806,3
4096,n<=128,sr>70%,kvB<=16k,kp=0,0.0481,2
4096,n<=128,sr>70%,kvB<=1k,kp<=1k,0.412,1
4096,n<=128,sr>70%,kvB<=1k,kp<=2k,-17.967,4
4096,n<=128,sr>70%,kvB<=1k,kp<=4k,3.7704,3
4096,n<=128,sr>70%,kvB<=1k,kp<=512,0.2945,4
4096,n<=128,sr>70%,kvB<=1k,kp<=8k,45.2124,3
4096,n<=128,sr>70%,kvB<=1k,kp=0,-0.1308,3
4096,n<=128,sr>70%,kvB<=4k,kp<=1k,0.0016,4
4096,n<=128,sr>70%,kvB<=4k,kp<=2k,0.3312,4
4096,n<=128,sr>70%,kvB<=4k,kp<=4k,0.5057,3
4096,n<=128,sr>70%,kvB<=4k,kp<=512,0.3672,3
4096,n<=128,sr>70%,kvB<=4k,kp<=8k,0.9488,3
4096,n<=128,sr>70%,kvB<=4k,kp=0,0.4544,4
4096,n<=16,sr<=15%,kvB<=16k,kp<=1k,0.8213,4
4096,n<=16,sr<=15%,kvB<=16k,kp<=2k,0.7345,4
4096,n<=16,sr<=15%,kvB<=16k,kp<=4k,0.5113,4
4096,n<=16,sr<=15%,kvB<=16k,kp<=512,0.8864,4
4096,n<=16,sr<=15%,kvB<=16k,kp<=8k,0.4176,4
4096,n<=16,sr<=15%,kvB<=16k,kp=0,0.9429,4
4096,n<=16,sr<=15%,kvB<=1k,kp<=1k,0.0627,4
4096,n<=16,sr<=15%,kvB<=1k,kp<=2k,-0.059,4
4096,n<=16,sr<=15%,kvB<=1k,kp<=4k,1.7899,1
4096,n<=16,sr<=15%,kvB<=1k,kp<=512,-0.0011,4
4096,n<=16,sr<=15%,kvB<=1k,kp<=8k,0.8577,2
4096,n<=16,sr<=15%,kvB<=1k,kp=0,0.2137,4
4096,n<=16,sr<=15%,kvB<=4k,kp<=1k,0.3268,4
4096,n<=16,sr<=15%,kvB<=4k,kp<=2k,0.0852,4
4096,n<=16,sr<=15%,kvB<=4k,kp<=4k,0.063,4
4096,n<=16,sr<=15%,kvB<=4k,kp<=512,0.5569,4
4096,n<=16,sr<=15%,kvB<=4k,kp<=8k,0.0344,3
4096,n<=16,sr<=15%,kvB<=4k,kp=0,0.7052,4
4096,n<=16,sr<=40%,kvB<=16k,kp<=1k,0.8025,4
4096,n<=16,sr<=40%,kvB<=16k,kp<=2k,0.7058,4
4096,n<=16,sr<=40%,kvB<=16k,kp<=4k,0.4545,4
4096,n<=16,sr<=40%,kvB<=16k,kp<=512,0.8606,4
4096,n<=16,sr<=40%,kvB<=16k,kp<=8k,0.3372,4
4096,n<=16,sr<=40%,kvB<=16k,kp=0,0.9395,4
4096,n<=16,sr<=40%,kvB<=1k,kp<=1k,0.0255,4
4096,n<=16,sr<=40%,kvB<=1k,kp<=2k,-0.1438,4
4096,n<=16,sr<=40%,kvB<=1k,kp<=4k,1.2423,3
4096,n<=16,sr<=40%,kvB<=1k,kp<=512,-0.2688,4
4096,n<=16,sr<=40%,kvB<=1k,kp<=8k,-0.7789,3
4096,n<=16,sr<=40%,kvB<=1k,kp=0,0.2325,4
4096,n<=16,sr<=40%,kvB<=4k,kp<=1k,0.2386,4
4096,n<=16,sr<=40%,kvB<=4k,kp<=2k,0.0103,4
4096,n<=16,sr<=40%,kvB<=4k,kp<=4k,-0.0913,4
4096,n<=16,sr<=40%,kvB<=4k,kp<=512,0.4903,4
4096,n<=16,sr<=40%,kvB<=4k,kp<=8k,0.1825,3
4096,n<=16,sr<=40%,kvB<=4k,kp=0,0.7209,4
4096,n<=16,sr<=70%,kvB<=16k,kp<=1k,0.978,2
4096,n<=16,sr<=70%,kvB<=16k,kp<=2k,1.0057,2
4096,n<=16,sr<=70%,kvB<=16k,kp<=4k,0.5843,2
4096,n<=16,sr<=70%,kvB<=16k,kp<=512,1.0183,2
4096,n<=16,sr<=70%,kvB<=16k,kp<=8k,0.4158,2
4096,n<=16,sr<=70%,kvB<=16k,kp=0,0.9734,2
4096,n<=16,sr<=70%,kvB<=1k,kp<=1k,0.5831,2
4096,n<=16,sr<=70%,kvB<=1k,kp<=2k,0.0303,2
4096,n<=16,sr<=70%,kvB<=1k,kp<=512,1.3069,2
4096,n<=16,sr<=70%,kvB<=1k,kp<=8k,0.052,1
4096,n<=16,sr<=70%,kvB<=1k,kp=0,1.1346,2
4096,n<=16,sr<=70%,kvB<=4k,kp<=1k,0.839,2
4096,n<=16,sr<=70%,kvB<=4k,kp<=2k,0.5919,2
4096,n<=16,sr<=70%,kvB<=4k,kp<=4k,-0.1882,2
4096,n<=16,sr<=70%,kvB<=4k,kp<=512,0.8793,2
4096,n<=16,sr<=70%,kvB<=4k,kp=0,0.9961,2
4096,n<=16,sr>70%,kvB<=16k,kp<=1k,0.9419,4
4096,n<=16,sr>70%,kvB<=16k,kp<=2k,0.926,4
4096,n<=16,sr>70%,kvB<=16k,kp<=4k,0.9337,4
4096,n<=16,sr>70%,kvB<=16k,kp<=512,1.0282,4
4096,n<=16,sr>70%,kvB<=16k,kp<=8k,0.6288,4
4096,n<=16,sr>70%,kvB<=16k,kp=0,0.9704,4
4096,n<=16,sr>70%,kvB<=1k,kp<=1k,0.4091,3
4096,n<=16,sr>70%,kvB<=1k,kp<=2k,2.057,3
4096,n<=16,sr>70%,kvB<=1k,kp<=512,0.6006,3
4096,n<=16,sr>70%,kvB<=1k,kp<=8k,1.9802,3
4096,n<=16,sr>70%,kvB<=1k,kp=0,0.7245,3
4096,n<=16,sr>70%,kvB<=4k,kp<=1k,0.4705,4
4096,n<=16,sr>70%,kvB<=4k,kp<=2k,1.0607,3
4096,n<=16,sr>70%,kvB<=4k,kp<=4k,0.2883,3
4096,n<=16,sr>70%,kvB<=4k,kp<=512,0.9061,4
4096,n<=16,sr>70%,kvB<=4k,kp<=8k,0.1189,3
4096,n<=16,sr>70%,kvB<=4k,kp=0,0.7977,4
4096,n<=2,sr<=70%,kvB<=16k,kp<=1k,1.0056,2
4096,n<=2,sr<=70%,kvB<=16k,kp<=2k,0.9806,2
4096,n<=2,sr<=70%,kvB<=16k,kp<=4k,0.9655,2
4096,n<=2,sr<=70%,kvB<=16k,kp<=512,0.9945,2
4096,n<=2,sr<=70%,kvB<=16k,kp<=8k,1.0028,1
4096,n<=2,sr<=70%,kvB<=16k,kp=0,0.9816,2
4096,n<=2,sr<=70%,kvB<=1k,kp<=1k,-0.4625,1
4096,n<=2,sr<=70%,kvB<=1k,kp<=512,1.7528,1
4096,n<=2,sr<=70%,kvB<=1k,kp<=8k,-0.2645,1
4096,n<=2,sr<=70%,kvB<=1k,kp=0,1.1083,2
4096,n<=2,sr<=70%,kvB<=4k,kp<=1k,0.9581,2
4096,n<=2,sr<=70%,kvB<=4k,kp<=2k,0.7572,2
4096,n<=2,sr<=70%,kvB<=4k,kp<=4k,3.1443,1
4096,n<=2,sr<=70%,kvB<=4k,kp<=512,0.9519,2
4096,n<=2,sr<=70%,kvB<=4k,kp<=8k,-4.0513,2
4096,n<=2,sr<=70%,kvB<=4k,kp=0,1.0462,2
4096,n<=32,sr<=15%,kvB<=16k,kp<=1k,0.6666,6
4096,n<=32,sr<=15%,kvB<=16k,kp<=2k,0.582,6
4096,n<=32,sr<=15%,kvB<=16k,kp<=4k,0.4417,6
4096,n<=32,sr<=15%,kvB<=16k,kp<=512,0.7131,6
4096,n<=32,sr<=15%,kvB<=16k,kp<=8k,0.1481,6
4096,n<=32,sr<=15%,kvB<=16k,kp=0,0.7417,6
4096,n<=32,sr<=15%,kvB<=1k,kp<=1k,0.0585,6
4096,n<=32,sr<=15%,kvB<=1k,kp<=2k,0.173,6
4096,n<=32,sr<=15%,kvB<=1k,kp<=4k,0.0586,6
4096,n<=32,sr<=15%,kvB<=1k,kp<=512,0.057,6
4096,n<=32,sr<=15%,kvB<=1k,kp<=8k,0.8088,4
4096,n<=32,sr<=15%,kvB<=1k,kp=0,-0.0504,6
4096,n<=32,sr<=15%,kvB<=4k,kp<=1k,0.2029,6
4096,n<=32,sr<=15%,kvB<=4k,kp<=2k,0.0229,6
4096,n<=32,sr<=15%,kvB<=4k,kp<=4k,-0.0726,6
4096,n<=32,sr<=15%,kvB<=4k,kp<=512,0.3973,6
4096,n<=32,sr<=15%,kvB<=4k,kp<=8k,0.0186,6
4096,n<=32,sr<=15%,kvB<=4k,kp=0,0.4653,6
4096,n<=32,sr<=40%,kvB<=16k,kp<=1k,0.7543,2
4096,n<=32,sr<=40%,kvB<=16k,kp<=2k,0.7397,2
4096,n<=32,sr<=40%,kvB<=16k,kp<=4k,0.6279,2
4096,n<=32,sr<=40%,kvB<=16k,kp<=512,0.7505,2
4096,n<=32,sr<=40%,kvB<=16k,kp<=8k,0.1839,2
4096,n<=32,sr<=40%,kvB<=16k,kp=0,0.7233,2
4096,n<=32,sr<=40%,kvB<=1k,kp<=1k,0.3635,2
4096,n<=32,sr<=40%,kvB<=1k,kp<=2k,0.1417,2
4096,n<=32,sr<=40%,kvB<=1k,kp<=4k,0.2275,2
4096,n<=32,sr<=40%,kvB<=1k,kp<=512,0.3765,2
4096,n<=32,sr<=40%,kvB<=1k,kp<=8k,2.1609,2
4096,n<=32,sr<=40%,kvB<=1k,kp=0,0.1375,2
4096,n<=32,sr<=40%,kvB<=4k,kp<=1k,0.6109,2
4096,n<=32,sr<=40%,kvB<=4k,kp<=2k,0.5955,2
4096,n<=32,sr<=40%,kvB<=4k,kp<=4k,-0.0076,2
4096,n<=32,sr<=40%,kvB<=4k,kp<=512,0.5464,2
4096,n<=32,sr<=40%,kvB<=4k,kp<=8k,0.0402,2
4096,n<=32,sr<=40%,kvB<=4k,kp=0,0.5511,2
4096,n<=32,sr<=5%,kvB<=16k,kp<=1k,0.6586,2
4096,n<=32,sr<=5%,kvB<=16k,kp<=2k,0.6031,2
4096,n<=32,sr<=5%,kvB<=16k,kp<=4k,0.4404,2
4096,n<=32,sr<=5%,kvB<=16k,kp<=512,0.715,2
4096,n<=32,sr<=5%,kvB<=16k,kp<=8k,0.1861,2
4096,n<=32,sr<=5%,kvB<=16k,kp=0,0.754,2
4096,n<=32,sr<=5%,kvB<=1k,kp<=1k,0.1142,2
4096,n<=32,sr<=5%,kvB<=1k,kp<=2k,-0.0,2
4096,n<=32,sr<=5%,kvB<=1k,kp<=4k,-0.4049,2
4096,n<=32,sr<=5%,kvB<=1k,kp<=512,-0.0445,2
4096,n<=32,sr<=5%,kvB<=1k,kp<=8k,0.2699,1
4096,n<=32,sr<=5%,kvB<=1k,kp=0,-0.0554,2
4096,n<=32,sr<=5%,kvB<=4k,kp<=1k,0.2263,2
4096,n<=32,sr<=5%,kvB<=4k,kp<=2k,0.1153,2
4096,n<=32,sr<=5%,kvB<=4k,kp<=4k,0.0564,2
4096,n<=32,sr<=5%,kvB<=4k,kp<=512,0.3764,2
4096,n<=32,sr<=5%,kvB<=4k,kp<=8k,0.145,2
4096,n<=32,sr<=5%,kvB<=4k,kp=0,0.4812,2
4096,n<=32,sr<=70%,kvB<=16k,kp<=1k,0.6692,2
4096,n<=32,sr<=70%,kvB<=16k,kp<=2k,0.6996,2
4096,n<=32,sr<=70%,kvB<=16k,kp<=4k,0.7159,2
4096,n<=32,sr<=70%,kvB<=16k,kp<=512,0.6928,2
4096,n<=32,sr<=70%,kvB<=16k,kp<=8k,0.3738,2
4096,n<=32,sr<=70%,kvB<=16k,kp=0,0.6364,2
4096,n<=32,sr<=70%,kvB<=1k,kp<=1k,-0.0801,2
4096,n<=32,sr<=70%,kvB<=1k,kp<=2k,-0.051,2
4096,n<=32,sr<=70%,kvB<=1k,kp<=4k,0.0581,2
4096,n<=32,sr<=70%,kvB<=1k,kp<=512,0.4378,2
4096,n<=32,sr<=70%,kvB<=1k,kp<=8k,-0.402,2
4096,n<=32,sr<=70%,kvB<=1k,kp=0,0.0675,2
4096,n<=32,sr<=70%,kvB<=4k,kp<=1k,0.4899,2
4096,n<=32,sr<=70%,kvB<=4k,kp<=2k,0.5497,2
4096,n<=32,sr<=70%,kvB<=4k,kp<=4k,0.7422,2
4096,n<=32,sr<=70%,kvB<=4k,kp<=512,0.5472,2
4096,n<=32,sr<=70%,kvB<=4k,kp<=8k,-0.2085,2
4096,n<=32,sr<=70%,kvB<=4k,kp=0,0.3794,2
4096,n<=32,sr>70%,kvB<=16k,kp<=1k,0.3551,4
4096,n<=32,sr>70%,kvB<=16k,kp<=2k,0.4099,4
4096,n<=32,sr>70%,kvB<=16k,kp<=4k,0.5045,4
4096,n<=32,sr>70%,kvB<=16k,kp<=512,0.3419,4
4096,n<=32,sr>70%,kvB<=16k,kp<=8k,0.7026,4
4096,n<=32,sr>70%,kvB<=16k,kp=0,0.2922,4
4096,n<=32,sr>70%,kvB<=1k,kp<=1k,0.0124,3
4096,n<=32,sr>70%,kvB<=1k,kp<=2k,0.6054,2
4096,n<=32,sr>70%,kvB<=1k,kp<=4k,0.6285,3
4096,n<=32,sr>70%,kvB<=1k,kp<=512,0.0913,4
4096,n<=32,sr>70%,kvB<=1k,kp<=8k,0.7625,2
4096,n<=32,sr>70%,kvB<=1k,kp=0,0.1115,4
4096,n<=32,sr>70%,kvB<=4k,kp<=1k,0.396,4
4096,n<=32,sr>70%,kvB<=4k,kp<=2k,0.6213,4
4096,n<=32,sr>70%,kvB<=4k,kp<=4k,0.7082,4
4096,n<=32,sr>70%,kvB<=4k,kp<=512,0.1612,4
4096,n<=32,sr>70%,kvB<=4k,kp<=8k,-0.2677,4
4096,n<=32,sr>70%,kvB<=4k,kp=0,0.3695,3
4096,n<=4,sr<=40%,kvB<=16k,kp<=1k,0.9656,2
4096,n<=4,sr<=40%,kvB<=16k,kp<=2k,0.9809,2
4096,n<=4,sr<=40%,kvB<=16k,kp<=4k,1.0016,2
4096,n<=4,sr<=40%,kvB<=16k,kp<=512,0.9926,2
4096,n<=4,sr<=40%,kvB<=16k,kp<=8k,0.9816,1
4096,n<=4,sr<=40%,kvB<=16k,kp=0,0.9791,2
4096,n<=4,sr<=40%,kvB<=1k,kp<=1k,-0.4793,1
4096,n<=4,sr<=40%,kvB<=1k,kp<=2k,-1.3001,1
4096,n<=4,sr<=40%,kvB<=1k,kp<=4k,0.9653,2
4096,n<=4,sr<=40%,kvB<=1k,kp<=512,0.5231,2
4096,n<=4,sr<=40%,kvB<=1k,kp<=8k,-0.2206,1
4096,n<=4,sr<=40%,kvB<=1k,kp=0,0.8794,2
4096,n<=4,sr<=40%,kvB<=4k,kp<=1k,0.9714,2
4096,n<=4,sr<=40%,kvB<=4k,kp<=2k,0.9953,2
4096,n<=4,sr<=40%,kvB<=4k,kp<=4k,1.2213,2
4096,n<=4,sr<=40%,kvB<=4k,kp<=512,0.9644,2
4096,n<=4,sr<=40%,kvB<=4k,kp<=8k,0.4971,2
4096,n<=4,sr<=40%,kvB<=4k,kp=0,0.9786,2
4096,n<=4,sr<=70%,kvB<=16k,kp<=1k,0.9787,2
4096,n<=4,sr<=70%,kvB<=16k,kp<=2k,0.9778,2
4096,n<=4,sr<=70%,kvB<=16k,kp<=4k,0.9669,2
4096,n<=4,sr<=70%,kvB<=16k,kp<=512,0.9757,2
4096,n<=4,sr<=70%,kvB<=16k,kp<=8k,1.0087,2
4096,n<=4,sr<=70%,kvB<=16k,kp=0,0.9795,2
4096,n<=4,sr<=70%,kvB<=1k,kp<=1k,3.4911,1
4096,n<=4,sr<=70%,kvB<=1k,kp<=2k,1.3637,1
4096,n<=4,sr<=70%,kvB<=1k,kp<=512,0.662,2
4096,n<=4,sr<=70%,kvB<=1k,kp<=8k,1.04,2
4096,n<=4,sr<=70%,kvB<=1k,kp=0,0.6057,2
4096,n<=4,sr<=70%,kvB<=4k,kp<=1k,1.0104,2
4096,n<=4,sr<=70%,kvB<=4k,kp<=2k,0.9575,2
4096,n<=4,sr<=70%,kvB<=4k,kp<=4k,0.2593,1
4096,n<=4,sr<=70%,kvB<=4k,kp<=512,0.9716,2
4096,n<=4,sr<=70%,kvB<=4k,kp<=8k,-0.2933,1
4096,n<=4,sr<=70%,kvB<=4k,kp=0,0.9108,2
4096,n<=4,sr>70%,kvB<=16k,kp<=1k,0.9593,2
4096,n<=4,sr>70%,kvB<=16k,kp<=2k,0.9536,2
4096,n<=4,sr>70%,kvB<=16k,kp<=4k,0.9843,2
4096,n<=4,sr>70%,kvB<=16k,kp<=512,0.9952,2
4096,n<=4,sr>70%,kvB<=16k,kp<=8k,1.0574,2
4096,n<=4,sr>70%,kvB<=16k,kp=0,1.0093,2
4096,n<=4,sr>70%,kvB<=1k,kp<=1k,-0.0561,1
4096,n<=4,sr>70%,kvB<=1k,kp<=2k,0.5474,2
4096,n<=4,sr>70%,kvB<=1k,kp<=512,1.048,1
4096,n<=4,sr>70%,kvB<=1k,kp=0,1.3472,2
4096,n<=4,sr>70%,kvB<=4k,kp<=1k,1.0101,2
4096,n<=4,sr>70%,kvB<=4k,kp<=2k,0.9807,2
4096,n<=4,sr>70%,kvB<=4k,kp<=4k,1.9521,2
4096,n<=4,sr>70%,kvB<=4k,kp<=512,1.09,2
4096,n<=4,sr>70%,kvB<=4k,kp=0,0.8862,2
4096,n<=64,sr<=15%,kvB<=16k,kp<=1k,1.2042,3
4096,n<=64,sr<=15%,kvB<=16k,kp<=2k,0.7326,3
4096,n<=64,sr<=15%,kvB<=16k,kp<=4k,0.2054,3
4096,n<=64,sr<=15%,kvB<=16k,kp<=512,0.7402,3
4096,n<=64,sr<=15%,kvB<=16k,kp<=8k,0.8329,3
4096,n<=64,sr<=15%,kvB<=16k,kp=0,0.1826,3
4096,n<=64,sr<=15%,kvB<=1k,kp<=1k,0.1548,2
4096,n<=64,sr<=15%,kvB<=1k,kp<=4k,-0.0534,3
4096,n<=64,sr<=15%,kvB<=1k,kp<=512,0.0375,3
4096,n<=64,sr<=15%,kvB<=1k,kp<=8k,0.9958,4
4096,n<=64,sr<=15%,kvB<=1k,kp=0,0.0494,4
4096,n<=64,sr<=15%,kvB<=4k,kp<=1k,0.0729,2
4096,n<=64,sr<=15%,kvB<=4k,kp<=2k,0.9408,4
4096,n<=64,sr<=15%,kvB<=4k,kp<=4k,0.9081,3
4096,n<=64,sr<=15%,kvB<=4k,kp<=512,0.0946,4
4096,n<=64,sr<=15%,kvB<=4k,kp<=8k,0.9511,3
4096,n<=64,sr<=15%,kvB<=4k,kp=0,0.0804,4
4096,n<=64,sr<=40%,kvB<=16k,kp<=1k,0.7771,2
4096,n<=64,sr<=40%,kvB<=16k,kp<=2k,0.0618,1
4096,n<=64,sr<=40%,kvB<=16k,kp<=4k,0.0699,2
4096,n<=64,sr<=40%,kvB<=16k,kp<=512,0.0421,1
4096,n<=64,sr<=40%,kvB<=16k,kp<=8k,-0.0055,2
4096,n<=64,sr<=40%,kvB<=16k,kp=0,0.0582,2
4096,n<=64,sr<=40%,kvB<=1k,kp<=4k,-0.0562,1
4096,n<=64,sr<=40%,kvB<=1k,kp<=512,0.0,1
4096,n<=64,sr<=40%,kvB<=1k,kp<=8k,72.3805,2
4096,n<=64,sr<=40%,kvB<=1k,kp=0,0.0,1
4096,n<=64,sr<=40%,kvB<=4k,kp<=1k,0.0097,1
4096,n<=64,sr<=40%,kvB<=4k,kp<=2k,0.0415,2
4096,n<=64,sr<=40%,kvB<=4k,kp<=4k,0.441,2
4096,n<=64,sr<=40%,kvB<=4k,kp<=512,-0.0114,1
4096,n<=64,sr<=40%,kvB<=4k,kp<=8k,0.0027,2
4096,n<=64,sr<=40%,kvB<=4k,kp=0,-8.1047,1
4096,n<=64,sr<=5%,kvB<=16k,kp<=1k,0.1735,6
4096,n<=64,sr<=5%,kvB<=16k,kp<=2k,0.1404,6
4096,n<=64,sr<=5%,kvB<=16k,kp<=4k,0.075,6
4096,n<=64,sr<=5%,kvB<=16k,kp<=512,0.2043,6
4096,n<=64,sr<=5%,kvB<=16k,kp<=8k,-0.0113,6
4096,n<=64,sr<=5%,kvB<=16k,kp=0,0.2178,6
4096,n<=64,sr<=5%,kvB<=1k,kp<=1k,0.0117,6
4096,n<=64,sr<=5%,kvB<=1k,kp<=2k,0.1064,6
4096,n<=64,sr<=5%,kvB<=1k,kp<=4k,0.0131,6
4096,n<=64,sr<=5%,kvB<=1k,kp<=512,0.0502,6
4096,n<=64,sr<=5%,kvB<=1k,kp<=8k,0.2888,4
4096,n<=64,sr<=5%,kvB<=1k,kp=0,0.0175,6
4096,n<=64,sr<=5%,kvB<=4k,kp<=1k,-0.0024,6
4096,n<=64,sr<=5%,kvB<=4k,kp<=2k,-0.019,6
4096,n<=64,sr<=5%,kvB<=4k,kp<=4k,-0.0318,6
4096,n<=64,sr<=5%,kvB<=4k,kp<=512,0.0451,6
4096,n<=64,sr<=5%,kvB<=4k,kp<=8k,0.0323,6
4096,n<=64,sr<=5%,kvB<=4k,kp=0,0.0869,6
4096,n<=64,sr<=70%,kvB<=16k,kp<=1k,0.9013,1
4096,n<=64,sr<=70%,kvB<=16k,kp<=2k,0.8664,2
4096,n<=64,sr<=70%,kvB<=16k,kp<=4k,-0.0,2
4096,n<=64,sr<=70%,kvB<=16k,kp<=512,-8.1003,1
4096,n<=64,sr<=70%,kvB<=16k,kp<=8k,-0.0316,2
4096,n<=64,sr<=70%,kvB<=16k,kp=0,-0.0023,2
4096,n<=64,sr<=70%,kvB<=1k,kp<=1k,-0.0481,2
4096,n<=64,sr<=70%,kvB<=1k,kp<=2k,0.9869,2
4096,n<=64,sr<=70%,kvB<=1k,kp<=4k,58.7592,2
4096,n<=64,sr<=70%,kvB<=1k,kp<=512,0.2647,2
4096,n<=64,sr<=70%,kvB<=1k,kp<=8k,0.0986,1
4096,n<=64,sr<=70%,kvB<=1k,kp=0,0.9883,2
4096,n<=64,sr<=70%,kvB<=4k,kp<=1k,16.1818,1
4096,n<=64,sr<=70%,kvB<=4k,kp<=2k,0.0305,2
4096,n<=64,sr<=70%,kvB<=4k,kp<=4k,-0.0671,1
4096,n<=64,sr<=70%,kvB<=4k,kp<=512,0.0249,2
4096,n<=64,sr<=70%,kvB<=4k,kp<=8k,-0.0067,2
4096,n<=64,sr<=70%,kvB<=4k,kp=0,1.7996,1
4096,n<=64,sr>70%,kvB<=16k,kp<=1k,0.9843,2
4096,n<=64,sr>70%,kvB<=16k,kp<=2k,1.9619,2
4096,n<=64,sr>70%,kvB<=16k,kp<=4k,-7.355,2
4096,n<=64,sr>70%,kvB<=16k,kp<=512,1.0293,2
4096,n<=64,sr>70%,kvB<=16k,kp<=8k,0.3869,3
4096,n<=64,sr>70%,kvB<=16k,kp=0,0.3295,3
4096,n<=64,sr>70%,kvB<=1k,kp<=1k,1.0007,3
4096,n<=64,sr>70%,kvB<=1k,kp<=2k,0.9985,2
4096,n<=64,sr>70%,kvB<=1k,kp<=4k,0.9944,3
4096,n<=64,sr>70%,kvB<=1k,kp<=512,0.6625,1
4096,n<=64,sr>70%,kvB<=1k,kp<=8k,0.995,2
4096,n<=64,sr>70%,kvB<=1k,kp=0,-116.6515,2
4096,n<=64,sr>70%,kvB<=4k,kp<=1k,1.9187,3
4096,n<=64,sr>70%,kvB<=4k,kp<=2k,0.9972,4
4096,n<=64,sr>70%,kvB<=4k,kp<=4k,-8.093,4
4096,n<=64,sr>70%,kvB<=4k,kp<=512,1.5312,2
4096,n<=64,sr>70%,kvB<=4k,kp<=8k,0.9964,4
4096,n<=64,sr>70%,kvB<=4k,kp=0,0.6081,3
4096,n<=8,sr<=15%,kvB<=16k,kp<=1k,0.8508,2
4096,n<=8,sr<=15%,kvB<=16k,kp<=2k,0.7373,2
4096,n<=8,sr<=15%,kvB<=16k,kp<=4k,0.74,2
4096,n<=8,sr<=15%,kvB<=16k,kp<=512,0.9039,2
4096,n<=8,sr<=15%,kvB<=16k,kp<=8k,0.6734,2
4096,n<=8,sr<=15%,kvB<=16k,kp=0,0.949,2
4096,n<=8,sr<=15%,kvB<=1k,kp<=1k,0.0347,1
4096,n<=8,sr<=15%,kvB<=1k,kp<=2k,-0.5853,1
4096,n<=8,sr<=15%,kvB<=1k,kp<=512,0.1906,2
4096,n<=8,sr<=15%,kvB<=1k,kp=0,0.4144,2
4096,n<=8,sr<=15%,kvB<=4k,kp<=1k,0.4467,2
4096,n<=8,sr<=15%,kvB<=4k,kp<=2k,0.1773,2
4096,n<=8,sr<=15%,kvB<=4k,kp<=4k,0.074,2
4096,n<=8,sr<=15%,kvB<=4k,kp<=512,0.5765,2
4096,n<=8,sr<=15%,kvB<=4k,kp<=8k,-0.117,2
4096,n<=8,sr<=15%,kvB<=4k,kp=0,0.7994,2
4096,n<=8,sr<=40%,kvB<=16k,kp<=1k,0.7818,4
4096,n<=8,sr<=40%,kvB<=16k,kp<=2k,0.6957,4
4096,n<=8,sr<=40%,kvB<=16k,kp<=4k,0.6469,4
4096,n<=8,sr<=40%,kvB<=16k,kp<=512,0.8667,4
4096,n<=8,sr<=40%,kvB<=16k,kp<=8k,0.616,4
4096,n<=8,sr<=40%,kvB<=16k,kp=0,0.9553,4
4096,n<=8,sr<=40%,kvB<=1k,kp<=1k,0.2245,3
4096,n<=8,sr<=40%,kvB<=1k,kp<=2k,-0.8111,1
4096,n<=8,sr<=40%,kvB<=1k,kp<=4k,0.1227,1
4096,n<=8,sr<=40%,kvB<=1k,kp<=512,-0.0518,4
4096,n<=8,sr<=40%,kvB<=1k,kp=0,0.1585,4
4096,n<=8,sr<=40%,kvB<=4k,kp<=1k,0.2168,4
4096,n<=8,sr<=40%,kvB<=4k,kp<=2k,0.039,4
4096,n<=8,sr<=40%,kvB<=4k,kp<=4k,-0.076,4
4096,n<=8,sr<=40%,kvB<=4k,kp<=512,0.5111,4
4096,n<=8,sr<=40%,kvB<=4k,kp<=8k,0.1225,3
4096,n<=8,sr<=40%,kvB<=4k,kp=0,0.7488,4
4096,n<=8,sr<=70%,kvB<=16k,kp<=1k,0.7281,2
4096,n<=8,sr<=70%,kvB<=16k,kp<=2k,0.5739,2
4096,n<=8,sr<=70%,kvB<=16k,kp<=4k,0.5192,2
4096,n<=8,sr<=70%,kvB<=16k,kp<=512,0.8305,2
4096,n<=8,sr<=70%,kvB<=16k,kp<=8k,0.4622,2
4096,n<=8,sr<=70%,kvB<=16k,kp=0,0.9431,2
4096,n<=8,sr<=70%,kvB<=1k,kp<=1k,-0.1767,1
4096,n<=8,sr<=70%,kvB<=1k,kp<=2k,0.3448,2
4096,n<=8,sr<=70%,kvB<=1k,kp<=4k,-0.1516,1
4096,n<=8,sr<=70%,kvB<=1k,kp<=512,-0.43,2
4096,n<=8,sr<=70%,kvB<=1k,kp<=8k,-0.0878,2
4096,n<=8,sr<=70%,kvB<=1k,kp=0,0.1025,2
4096,n<=8,sr<=70%,kvB<=4k,kp<=1k,-0.0978,2
4096,n<=8,sr<=70%,kvB<=4k,kp<=2k,-0.3176,2
4096,n<=8,sr<=70%,kvB<=4k,kp<=4k,-0.4008,2
4096,n<=8,sr<=70%,kvB<=4k,kp<=512,0.344,2
4096,n<=8,sr<=70%,kvB<=4k,kp<=8k,0.0172,1
4096,n<=8,sr<=70%,kvB<=4k,kp=0,0.6978,2
4096,n<=8,sr>70%,kvB<=16k,kp<=1k,0.9449,4
4096,n<=8,sr>70%,kvB<=16k,kp<=2k,1.055,4
4096,n<=8,sr>70%,kvB<=16k,kp<=4k,0.9813,4
4096,n<=8,sr>70%,kvB<=16k,kp<=512,1.0019,4
4096,n<=8,sr>70%,kvB<=16k,kp<=8k,0.905,4
4096,n<=8,sr>70%,kvB<=16k,kp=0,0.9919,4
4096,n<=8,sr>70%,kvB<=1k,kp<=1k,0.9729,3
4096,n<=8,sr>70%,kvB<=1k,kp<=2k,0.2366,2
4096,n<=8,sr>70%,kvB<=1k,kp<=4k,1.0017,2
4096,n<=8,sr>70%,kvB<=1k,kp<=512,1.2261,4
4096,n<=8,sr>70%,kvB<=1k,kp<=8k,0.1957,3
4096,n<=8,sr>70%,kvB<=1k,kp=0,0.7605,4
4096,n<=8,sr>70%,kvB<=4k,kp<=1k,1.0021,4
4096,n<=8,sr>70%,kvB<=4k,kp<=2k,0.7085,4
4096,n<=8,sr>70%,kvB<=4k,kp<=4k,0.7051,4
4096,n<=8,sr>70%,kvB<=4k,kp<=512,0.944,4
4096,n<=8,sr>70%,kvB<=4k,kp<=8k,20.1023,2
4096,n<=8,sr>70%,kvB<=4k,kp=0,0.976,4
8192,n<=128,sr<=15%,kvB<=16k,kp<=1k,0.0279,1
8192,n<=128,sr<=15%,kvB<=16k,kp<=2k,-4.411,3
8192,n<=128,sr<=15%,kvB<=16k,kp<=4k,0.8945,3
8192,n<=128,sr<=15%,kvB<=16k,kp<=512,0.0279,3
8192,n<=128,sr<=15%,kvB<=16k,kp<=8k,0.3964,4
8192,n<=128,sr<=15%,kvB<=16k,kp=0,0.7384,3
8192,n<=128,sr<=15%,kvB<=1k,kp<=1k,0.4782,3
8192,n<=128,sr<=15%,kvB<=1k,kp<=2k,60.2657,2
8192,n<=128,sr<=15%,kvB<=1k,kp<=4k,0.0039,3
8192,n<=128,sr<=15%,kvB<=1k,kp<=512,-47.4627,1
8192,n<=128,sr<=15%,kvB<=1k,kp<=8k,1.0166,4
8192,n<=128,sr<=15%,kvB<=1k,kp=0,0.1127,2
8192,n<=128,sr<=15%,kvB<=4k,kp<=1k,0.9617,3
8192,n<=128,sr<=15%,kvB<=4k,kp<=2k,0.9652,3
8192,n<=128,sr<=15%,kvB<=4k,kp<=4k,-8.5899,3
8192,n<=128,sr<=15%,kvB<=4k,kp<=512,-4.0908,3
8192,n<=128,sr<=15%,kvB<=4k,kp<=8k,-0.0373,2
8192,n<=128,sr<=15%,kvB<=4k,kp=0,-4.4224,3
8192,n<=128,sr<=40%,kvB<=16k,kp<=1k,0.071,2
8192,n<=128,sr<=40%,kvB<=16k,kp<=2k,-0.0049,1
8192,n<=128,sr<=40%,kvB<=16k,kp<=4k,-5.3327,2
8192,n<=128,sr<=40%,kvB<=16k,kp<=512,3.6342,2
8192,n<=128,sr<=40%,kvB<=16k,kp<=8k,-0.0288,2
8192,n<=128,sr<=40%,kvB<=16k,kp=0,0.8424,2
8192,n<=128,sr<=40%,kvB<=1k,kp<=1k,0.9849,1
8192,n<=128,sr<=40%,kvB<=1k,kp<=4k,-0.1864,2
8192,n<=128,sr<=40%,kvB<=1k,kp<=512,0.98,1
8192,n<=128,sr<=40%,kvB<=1k,kp<=8k,1.0285,2
8192,n<=128,sr<=40%,kvB<=1k,kp=0,0.0662,1
8192,n<=128,sr<=40%,kvB<=4k,kp<=1k,0.9678,2
8192,n<=128,sr<=40%,kvB<=4k,kp<=2k,-12.4779,1
8192,n<=128,sr<=40%,kvB<=4k,kp<=512,0.0372,2
8192,n<=128,sr<=40%,kvB<=4k,kp<=8k,25.0295,2
8192,n<=128,sr<=40%,kvB<=4k,kp=0,0.0076,2
8192,n<=128,sr<=5%,kvB<=16k,kp<=1k,-0.9557,5
8192,n<=128,sr<=5%,kvB<=16k,kp<=2k,0.7692,6
8192,n<=128,sr<=5%,kvB<=16k,kp<=4k,0.0678,5
8192,n<=128,sr<=5%,kvB<=16k,kp<=512,0.6462,6
8192,n<=128,sr<=5%,kvB<=16k,kp<=8k,0.9118,3
8192,n<=128,sr<=5%,kvB<=16k,kp=0,0.866,4
8192,n<=128,sr<=5%,kvB<=1k,kp<=1k,0.9696,7
8192,n<=128,sr<=5%,kvB<=1k,kp<=2k,0.0284,4
8192,n<=128,sr<=5%,kvB<=1k,kp<=4k,-0.1206,4
8192,n<=128,sr<=5%,kvB<=1k,kp<=512,-0.0055,6
8192,n<=128,sr<=5%,kvB<=1k,kp<=8k,-27.8393,4
8192,n<=128,sr<=5%,kvB<=1k,kp=0,0.4946,4
8192,n<=128,sr<=5%,kvB<=4k,kp<=1k,0.9673,7
8192,n<=128,sr<=5%,kvB<=4k,kp<=2k,-4.2764,6
8192,n<=128,sr<=5%,kvB<=4k,kp<=4k,0.9344,6
8192,n<=128,sr<=5%,kvB<=4k,kp<=512,-4.7747,5
8192,n<=128,sr<=5%,kvB<=4k,kp<=8k,-15.3131,4
8192,n<=128,sr<=5%,kvB<=4k,kp=0,0.9274,6
8192,n<=128,sr<=70%,kvB<=16k,kp<=1k,-6.2097,2
8192,n<=128,sr<=70%,kvB<=16k,kp<=2k,-0.0003,1
8192,n<=128,sr<=70%,kvB<=16k,kp<=4k,0.0328,2
8192,n<=128,sr<=70%,kvB<=16k,kp<=512,-5.6017,2
8192,n<=128,sr<=70%,kvB<=16k,kp<=8k,12.257,2
8192,n<=128,sr<=70%,kvB<=16k,kp=0,0.0,1
8192,n<=128,sr<=70%,kvB<=1k,kp<=1k,0.9516,2
8192,n<=128,sr<=70%,kvB<=1k,kp<=4k,0.0904,1
8192,n<=128,sr<=70%,kvB<=1k,kp<=512,-74.8675,2
8192,n<=128,sr<=70%,kvB<=1k,kp<=8k,0.9963,1
8192,n<=128,sr<=70%,kvB<=1k,kp=0,0.0233,2
8192,n<=128,sr<=70%,kvB<=4k,kp<=1k,-0.0067,1
8192,n<=128,sr<=70%,kvB<=4k,kp<=2k,-0.8087,2
8192,n<=128,sr<=70%,kvB<=4k,kp<=4k,0.9831,1
8192,n<=128,sr<=70%,kvB<=4k,kp<=512,-0.1169,2
8192,n<=128,sr<=70%,kvB<=4k,kp<=8k,-20.9961,2
8192,n<=128,sr<=70%,kvB<=4k,kp=0,0.9815,2
8192,n<=128,sr>70%,kvB<=16k,kp<=1k,0.0252,2
8192,n<=128,sr>70%,kvB<=16k,kp<=2k,0.0024,2
8192,n<=128,sr>70%,kvB<=16k,kp<=4k,-0.0016,2
8192,n<=128,sr>70%,kvB<=16k,kp<=512,15.8554,2
8192,n<=128,sr>70%,kvB<=16k,kp<=8k,-0.1046,2
8192,n<=128,sr>70%,kvB<=16k,kp=0,0.1695,4
8192,n<=128,sr>70%,kvB<=1k,kp<=1k,0.9935,4
8192,n<=128,sr>70%,kvB<=1k,kp<=2k,18.558,3
8192,n<=128,sr>70%,kvB<=1k,kp<=4k,-1.1624,2
8192,n<=128,sr>70%,kvB<=1k,kp<=512,-44.0476,4
8192,n<=128,sr>70%,kvB<=1k,kp<=8k,0.0043,4
8192,n<=128,sr>70%,kvB<=1k,kp=0,0.9978,3
8192,n<=128,sr>70%,kvB<=4k,kp<=1k,0.0002,4
8192,n<=128,sr>70%,kvB<=4k,kp<=2k,-0.9694,4
8192,n<=128,sr>70%,kvB<=4k,kp<=4k,20.824,3
8192,n<=128,sr>70%,kvB<=4k,kp<=512,0.0147,3
8192,n<=128,sr>70%,kvB<=4k,kp<=8k,0.971,4
8192,n<=128,sr>70%,kvB<=4k,kp=0,0.0065,3
8192,n<=16,sr<=15%,kvB<=16k,kp<=1k,0.8413,4
8192,n<=16,sr<=15%,kvB<=16k,kp<=2k,0.7694,4
8192,n<=16,sr<=15%,kvB<=16k,kp<=4k,0.6158,4
8192,n<=16,sr<=15%,kvB<=16k,kp<=512,0.9279,4
8192,n<=16,sr<=15%,kvB<=16k,kp<=8k,0.4123,3
8192,n<=16,sr<=15%,kvB<=16k,kp=0,0.9448,4
8192,n<=16,sr<=15%,kvB<=1k,kp<=1k,0.2193,3
8192,n<=16,sr<=15%,kvB<=1k,kp<=4k,-0.1988,2
8192,n<=16,sr<=15%,kvB<=1k,kp<=512,-0.269,4
8192,n<=16,sr<=15%,kvB<=1k,kp<=8k,0.5037,2
8192,n<=16,sr<=15%,kvB<=1k,kp=0,0.3963,4
8192,n<=16,sr<=15%,kvB<=4k,kp<=1k,0.4483,4
8192,n<=16,sr<=15%,kvB<=4k,kp<=2k,0.0835,4
8192,n<=16,sr<=15%,kvB<=4k,kp<=4k,0.4542,3
8192,n<=16,sr<=15%,kvB<=4k,kp<=512,0.6339,4
8192,n<=16,sr<=15%,kvB<=4k,kp<=8k,-0.0002,2
8192,n<=16,sr<=15%,kvB<=4k,kp=0,0.6597,4
8192,n<=16,sr<=40%,kvB<=16k,kp<=1k,0.7655,4
8192,n<=16,sr<=40%,kvB<=16k,kp<=2k,0.7175,4
8192,n<=16,sr<=40%,kvB<=16k,kp<=4k,0.4678,4
8192,n<=16,sr<=40%,kvB<=16k,kp<=512,0.9307,4
8192,n<=16,sr<=40%,kvB<=16k,kp<=8k,0.3681,4
8192,n<=16,sr<=40%,kvB<=16k,kp=0,0.9294,4
8192,n<=16,sr<=40%,kvB<=1k,kp<=1k,0.1999,2
8192,n<=16,sr<=40%,kvB<=1k,kp<=2k,-0.6987,2
8192,n<=16,sr<=40%,kvB<=1k,kp<=4k,-10.0687,2
8192,n<=16,sr<=40%,kvB<=1k,kp<=512,-0.0168,4
8192,n<=16,sr<=40%,kvB<=1k,kp<=8k,0.7757,2
8192,n<=16,sr<=40%,kvB<=1k,kp=0,0.2937,3
8192,n<=16,sr<=40%,kvB<=4k,kp<=1k,0.3708,4
8192,n<=16,sr<=40%,kvB<=4k,kp<=2k,-0.3794,4
8192,n<=16,sr<=40%,kvB<=4k,kp<=4k,-0.8076,3
8192,n<=16,sr<=40%,kvB<=4k,kp<=512,0.6361,4
8192,n<=16,sr<=40%,kvB<=4k,kp<=8k,3.7833,3
8192,n<=16,sr<=40%,kvB<=4k,kp=0,0.7648,4
8192,n<=16,sr<=70%,kvB<=16k,kp<=1k,0.6292,2
8192,n<=16,sr<=70%,kvB<=16k,kp<=2k,0.5823,2
8192,n<=16,sr<=70%,kvB<=16k,kp<=4k,0.2758,2
8192,n<=16,sr<=70%,kvB<=16k,kp<=512,0.7799,2
8192,n<=16,sr<=70%,kvB<=16k,kp<=8k,-0.2776,2
8192,n<=16,sr<=70%,kvB<=16k,kp=0,0.8993,2
8192,n<=16,sr<=70%,kvB<=1k,kp<=1k,-0.4067,1
8192,n<=16,sr<=70%,kvB<=1k,kp<=2k,-2.0891,1
8192,n<=16,sr<=70%,kvB<=1k,kp<=4k,-0.2544,2
8192,n<=16,sr<=70%,kvB<=1k,kp<=8k,0.7197,1
8192,n<=16,sr<=70%,kvB<=1k,kp=0,1.8398,2
8192,n<=16,sr<=70%,kvB<=4k,kp<=1k,0.1065,2
8192,n<=16,sr<=70%,kvB<=4k,kp<=2k,-0.3828,2
8192,n<=16,sr<=70%,kvB<=4k,kp<=4k,0.4501,2
8192,n<=16,sr<=70%,kvB<=4k,kp<=512,0.6765,1
8192,n<=16,sr<=70%,kvB<=4k,kp=0,0.8463,2
8192,n<=16,sr>70%,kvB<=16k,kp<=1k,0.9947,3
8192,n<=16,sr>70%,kvB<=16k,kp<=2k,0.7957,4
8192,n<=16,sr>70%,kvB<=16k,kp<=4k,0.9915,4
8192,n<=16,sr>70%,kvB<=16k,kp<=512,0.8361,4
8192,n<=16,sr>70%,kvB<=16k,kp<=8k,1.1681,4
8192,n<=16,sr>70%,kvB<=16k,kp=0,1.0602,4
8192,n<=16,sr>70%,kvB<=1k,kp<=1k,-0.0921,2
8192,n<=16,sr>70%,kvB<=1k,kp<=2k,0.7243,3
8192,n<=16,sr>70%,kvB<=1k,kp<=4k,3.9171,2
8192,n<=16,sr>70%,kvB<=1k,kp<=512,-0.1342,1
8192,n<=16,sr>70%,kvB<=1k,kp<=8k,0.6251,2
8192,n<=16,sr>70%,kvB<=1k,kp=0,1.1632,2
8192,n<=16,sr>70%,kvB<=4k,kp<=1k,0.8114,3
8192,n<=16,sr>70%,kvB<=4k,kp<=2k,0.9516,2
8192,n<=16,sr>70%,kvB<=4k,kp<=4k,0.794,2
8192,n<=16,sr>70%,kvB<=4k,kp<=512,0.3859,3
8192,n<=16,sr>70%,kvB<=4k,kp<=8k,-3.7377,2
8192,n<=16,sr>70%,kvB<=4k,kp=0,0.5592,3
8192,n<=2,sr<=70%,kvB<=16k,kp<=1k,1.0184,2
8192,n<=2,sr<=70%,kvB<=16k,kp<=2k,1.0072,2
8192,n<=2,sr<=70%,kvB<=16k,kp<=4k,0.999,2
8192,n<=2,sr<=70%,kvB<=16k,kp<=512,1.0742,2
8192,n<=2,sr<=70%,kvB<=16k,kp<=8k,0.7603,2
8192,n<=2,sr<=70%,kvB<=16k,kp=0,1.0055,2
8192,n<=2,sr<=70%,kvB<=1k,kp<=2k,-0.0138,1
8192,n<=2,sr<=70%,kvB<=1k,kp<=4k,-0.1655,2
8192,n<=2,sr<=70%,kvB<=1k,kp<=512,1.1759,2
8192,n<=2,sr<=70%,kvB<=1k,kp<=8k,0.4577,2
8192,n<=2,sr<=70%,kvB<=1k,kp=0,0.7777,2
8192,n<=2,sr<=70%,kvB<=4k,kp<=1k,0.9342,2
8192,n<=2,sr<=70%,kvB<=4k,kp<=2k,2.5887,2
8192,n<=2,sr<=70%,kvB<=4k,kp<=4k,-0.2303,1
8192,n<=2,sr<=70%,kvB<=4k,kp<=512,1.076,2
8192,n<=2,sr<=70%,kvB<=4k,kp<=8k,-0.9514,1
8192,n<=2,sr<=70%,kvB<=4k,kp=0,0.9466,2
8192,n<=32,sr<=15%,kvB<=16k,kp<=1k,0.6547,6
8192,n<=32,sr<=15%,kvB<=16k,kp<=2k,0.5806,6
8192,n<=32,sr<=15%,kvB<=16k,kp<=4k,0.4378,6
8192,n<=32,sr<=15%,kvB<=16k,kp<=512,0.7073,6
8192,n<=32,sr<=15%,kvB<=16k,kp<=8k,0.1743,6
8192,n<=32,sr<=15%,kvB<=16k,kp=0,0.7338,6
8192,n<=32,sr<=15%,kvB<=1k,kp<=1k,0.2289,5
8192,n<=32,sr<=15%,kvB<=1k,kp<=2k,0.3699,5
8192,n<=32,sr<=15%,kvB<=1k,kp<=4k,0.389,4
8192,n<=32,sr<=15%,kvB<=1k,kp<=512,-0.0121,6
8192,n<=32,sr<=15%,kvB<=1k,kp<=8k,0.0161,1
8192,n<=32,sr<=15%,kvB<=1k,kp=0,0.0459,6
8192,n<=32,sr<=15%,kvB<=4k,kp<=1k,0.2527,6
8192,n<=32,sr<=15%,kvB<=4k,kp<=2k,0.0105,6
8192,n<=32,sr<=15%,kvB<=4k,kp<=4k,0.2906,6
8192,n<=32,sr<=15%,kvB<=4k,kp<=512,0.4331,6
8192,n<=32,sr<=15%,kvB<=4k,kp<=8k,-0.1788,5
8192,n<=32,sr<=15%,kvB<=4k,kp=0,0.4778,6
8192,n<=32,sr<=40%,kvB<=16k,kp<=1k,0.6077,2
8192,n<=32,sr<=40%,kvB<=16k,kp<=2k,0.5022,2
8192,n<=32,sr<=40%,kvB<=16k,kp<=4k,0.3411,2
8192,n<=32,sr<=40%,kvB<=16k,kp<=512,0.6728,2
8192,n<=32,sr<=40%,kvB<=16k,kp<=8k,0.1842,2
8192,n<=32,sr<=40%,kvB<=16k,kp=0,0.684,2
8192,n<=32,sr<=40%,kvB<=1k,kp<=1k,0.2711,2
8192,n<=32,sr<=40%,kvB<=1k,kp<=2k,-0.2467,2
8192,n<=32,sr<=40%,kvB<=1k,kp<=4k,0.6254,2
8192,n<=32,sr<=40%,kvB<=1k,kp<=512,0.2061,2
8192,n<=32,sr<=40%,kvB<=1k,kp<=8k,96.4506,1
8192,n<=32,sr<=40%,kvB<=1k,kp=0,0.2061,2
8192,n<=32,sr<=40%,kvB<=4k,kp<=1k,0.2933,2
8192,n<=32,sr<=40%,kvB<=4k,kp<=2k,0.1139,2
8192,n<=32,sr<=40%,kvB<=4k,kp<=4k,-1.4198,2
8192,n<=32,sr<=40%,kvB<=4k,kp<=512,0.2933,2
8192,n<=32,sr<=40%,kvB<=4k,kp<=8k,-0.217,1
8192,n<=32,sr<=40%,kvB<=4k,kp=0,0.6051,2
8192,n<=32,sr<=5%,kvB<=16k,kp<=1k,0.6873,2
8192,n<=32,sr<=5%,kvB<=16k,kp<=2k,0.6583,2
8192,n<=32,sr<=5%,kvB<=16k,kp<=4k,0.4041,2
8192,n<=32,sr<=5%,kvB<=16k,kp<=512,0.6864,2
8192,n<=32,sr<=5%,kvB<=16k,kp<=8k,0.3125,2
8192,n<=32,sr<=5%,kvB<=16k,kp=0,0.7445,2
8192,n<=32,sr<=5%,kvB<=1k,kp<=1k,0.053,2
8192,n<=32,sr<=5%,kvB<=1k,kp<=2k,0.1362,1
8192,n<=32,sr<=5%,kvB<=1k,kp<=4k,0.5565,1
8192,n<=32,sr<=5%,kvB<=1k,kp<=512,-0.0107,2
8192,n<=32,sr<=5%,kvB<=1k,kp<=8k,10.8469,1
8192,n<=32,sr<=5%,kvB<=1k,kp=0,-0.0669,2
8192,n<=32,sr<=5%,kvB<=4k,kp<=1k,0.1965,2
8192,n<=32,sr<=5%,kvB<=4k,kp<=2k,0.1829,2
8192,n<=32,sr<=5%,kvB<=4k,kp<=4k,0.7828,1
8192,n<=32,sr<=5%,kvB<=4k,kp<=512,0.4065,2
8192,n<=32,sr<=5%,kvB<=4k,kp<=8k,0.8389,2
8192,n<=32,sr<=5%,kvB<=4k,kp=0,0.559,2
8192,n<=32,sr<=70%,kvB<=16k,kp<=1k,0.7847,2
8192,n<=32,sr<=70%,kvB<=16k,kp<=2k,0.7824,2
8192,n<=32,sr<=70%,kvB<=16k,kp<=4k,0.7302,2
8192,n<=32,sr<=70%,kvB<=16k,kp<=512,0.6298,2
8192,n<=32,sr<=70%,kvB<=16k,kp<=8k,0.4364,2
8192,n<=32,sr<=70%,kvB<=16k,kp=0,0.6022,2
8192,n<=32,sr<=70%,kvB<=1k,kp<=1k,0.128,2
8192,n<=32,sr<=70%,kvB<=1k,kp<=2k,-3.4513,1
8192,n<=32,sr<=70%,kvB<=1k,kp<=4k,-3.0898,1
8192,n<=32,sr<=70%,kvB<=1k,kp<=512,0.2739,2
8192,n<=32,sr<=70%,kvB<=1k,kp<=8k,7.9073,1
8192,n<=32,sr<=70%,kvB<=4k,kp<=1k,0.2119,2
8192,n<=32,sr<=70%,kvB<=4k,kp<=2k,0.5551,2
8192,n<=32,sr<=70%,kvB<=4k,kp<=4k,0.0534,2
8192,n<=32,sr<=70%,kvB<=4k,kp<=512,0.5285,2
8192,n<=32,sr<=70%,kvB<=4k,kp=0,0.7318,1
8192,n<=32,sr>70%,kvB<=16k,kp<=1k,0.2587,4
8192,n<=32,sr>70%,kvB<=16k,kp<=2k,0.3723,4
8192,n<=32,sr>70%,kvB<=16k,kp<=4k,0.3972,4
8192,n<=32,sr>70%,kvB<=16k,kp<=512,0.3723,4
8192,n<=32,sr>70%,kvB<=16k,kp<=8k,0.8546,4
8192,n<=32,sr>70%,kvB<=16k,kp=0,0.2507,4
8192,n<=32,sr>70%,kvB<=1k,kp<=1k,0.2294,2
8192,n<=32,sr>70%,kvB<=1k,kp<=2k,0.2809,1
8192,n<=32,sr>70%,kvB<=1k,kp<=4k,0.2575,2
8192,n<=32,sr>70%,kvB<=1k,kp<=512,1.0485,2
8192,n<=32,sr>70%,kvB<=1k,kp<=8k,10.2893,1
8192,n<=32,sr>70%,kvB<=1k,kp=0,-0.2787,2
8192,n<=32,sr>70%,kvB<=4k,kp<=1k,0.298,3
8192,n<=32,sr>70%,kvB<=4k,kp<=2k,0.3178,4
8192,n<=32,sr>70%,kvB<=4k,kp<=4k,0.5076,4
8192,n<=32,sr>70%,kvB<=4k,kp<=512,0.6951,3
8192,n<=32,sr>70%,kvB<=4k,kp<=8k,0.7505,3
8192,n<=32,sr>70%,kvB<=4k,kp=0,0.1448,4
8192,n<=4,sr<=40%,kvB<=16k,kp<=1k,0.9714,2
8192,n<=4,sr<=40%,kvB<=16k,kp<=2k,1.0933,2
8192,n<=4,sr<=40%,kvB<=16k,kp<=4k,1.0305,2
8192,n<=4,sr<=40%,kvB<=16k,kp<=512,0.961,2
8192,n<=4,sr<=40%,kvB<=16k,kp<=8k,1.009,1
8192,n<=4,sr<=40%,kvB<=16k,kp=0,0.9837,2
8192,n<=4,sr<=40%,kvB<=1k,kp<=1k,0.1255,1
8192,n<=4,sr<=40%,kvB<=1k,kp<=2k,3.1299,2
8192,n<=4,sr<=40%,kvB<=1k,kp<=4k,-0.3074,2
8192,n<=4,sr<=40%,kvB<=1k,kp<=512,-0.3618,1
8192,n<=4,sr<=40%,kvB<=1k,kp<=8k,-0.0373,2
8192,n<=4,sr<=40%,kvB<=1k,kp=0,0.8283,2
8192,n<=4,sr<=40%,kvB<=4k,kp<=1k,0.6884,2
8192,n<=4,sr<=40%,kvB<=4k,kp<=2k,0.732,2
8192,n<=4,sr<=40%,kvB<=4k,kp<=4k,-0.4369,2
8192,n<=4,sr<=40%,kvB<=4k,kp<=512,0.8325,2
8192,n<=4,sr<=40%,kvB<=4k,kp<=8k,0.1218,1
8192,n<=4,sr<=40%,kvB<=4k,kp=0,0.9449,2
8192,n<=4,sr<=70%,kvB<=16k,kp<=1k,0.8621,2
8192,n<=4,sr<=70%,kvB<=16k,kp<=2k,0.9365,2
8192,n<=4,sr<=70%,kvB<=16k,kp<=4k,0.9639,2
8192,n<=4,sr<=70%,kvB<=16k,kp<=512,0.964,2
8192,n<=4,sr<=70%,kvB<=16k,kp<=8k,1.797,1
8192,n<=4,sr<=70%,kvB<=16k,kp=0,0.9985,2
8192,n<=4,sr<=70%,kvB<=1k,kp<=1k,0.0884,1
8192,n<=4,sr<=70%,kvB<=1k,kp<=4k,1.8016,2
8192,n<=4,sr<=70%,kvB<=1k,kp<=512,-0.9498,2
8192,n<=4,sr<=70%,kvB<=1k,kp<=8k,0.1921,1
8192,n<=4,sr<=70%,kvB<=1k,kp=0,0.8795,2
8192,n<=4,sr<=70%,kvB<=4k,kp<=1k,0.9248,2
8192,n<=4,sr<=70%,kvB<=4k,kp<=2k,1.083,2
8192,n<=4,sr<=70%,kvB<=4k,kp<=4k,0.7365,1
8192,n<=4,sr<=70%,kvB<=4k,kp<=512,0.9679,2
8192,n<=4,sr<=70%,kvB<=4k,kp<=8k,0.111,1
8192,n<=4,sr<=70%,kvB<=4k,kp=0,0.9757,2
8192,n<=4,sr>70%,kvB<=16k,kp<=1k,0.9702,2
8192,n<=4,sr>70%,kvB<=16k,kp<=2k,0.9986,2
8192,n<=4,sr>70%,kvB<=16k,kp<=4k,1.0415,2
8192,n<=4,sr>70%,kvB<=16k,kp<=512,1.0147,2
8192,n<=4,sr>70%,kvB<=16k,kp<=8k,1.2636,2
8192,n<=4,sr>70%,kvB<=16k,kp=0,1.0225,2
8192,n<=4,sr>70%,kvB<=1k,kp<=4k,0.3518,2
8192,n<=4,sr>70%,kvB<=1k,kp<=512,1.2575,1
8192,n<=4,sr>70%,kvB<=1k,kp<=8k,0.2067,1
8192,n<=4,sr>70%,kvB<=1k,kp=0,1.7447,1
8192,n<=4,sr>70%,kvB<=4k,kp<=1k,1.1529,2
8192,n<=4,sr>70%,kvB<=4k,kp<=2k,0.9386,2
8192,n<=4,sr>70%,kvB<=4k,kp<=4k,0.0536,2
8192,n<=4,sr>70%,kvB<=4k,kp<=512,1.1726,2
8192,n<=4,sr>70%,kvB<=4k,kp<=8k,-1.1695,1
8192,n<=4,sr>70%,kvB<=4k,kp=0,0.9475,2
8192,n<=64,sr<=15%,kvB<=16k,kp<=1k,0.1828,4
8192,n<=64,sr<=15%,kvB<=16k,kp<=2k,0.8171,3
8192,n<=64,sr<=15%,kvB<=16k,kp<=4k,0.93,3
8192,n<=64,sr<=15%,kvB<=16k,kp<=512,0.0654,2
8192,n<=64,sr<=15%,kvB<=16k,kp<=8k,0.2276,4
8192,n<=64,sr<=15%,kvB<=16k,kp=0,0.7074,2
8192,n<=64,sr<=15%,kvB<=1k,kp<=1k,0.2066,3
8192,n<=64,sr<=15%,kvB<=1k,kp<=2k,1.0082,3
8192,n<=64,sr<=15%,kvB<=1k,kp<=4k,0.4445,1
8192,n<=64,sr<=15%,kvB<=1k,kp<=512,0.9882,3
8192,n<=64,sr<=15%,kvB<=1k,kp<=8k,-0.0041,2
8192,n<=64,sr<=15%,kvB<=1k,kp=0,0.0009,4
8192,n<=64,sr<=15%,kvB<=4k,kp<=1k,-9.4509,3
8192,n<=64,sr<=15%,kvB<=4k,kp<=2k,0.9256,3
8192,n<=64,sr<=15%,kvB<=4k,kp<=4k,0.9322,4
8192,n<=64,sr<=15%,kvB<=4k,kp<=512,2.1096,2
8192,n<=64,sr<=15%,kvB<=4k,kp<=8k,-22.5963,1
8192,n<=64,sr<=15%,kvB<=4k,kp=0,-6.7767,4
8192,n<=64,sr<=40%,kvB<=16k,kp<=1k,0.0195,2
8192,n<=64,sr<=40%,kvB<=16k,kp<=2k,0.0818,1
8192,n<=64,sr<=40%,kvB<=16k,kp<=4k,1.8693,1
8192,n<=64,sr<=40%,kvB<=16k,kp<=512,0.0729,2
8192,n<=64,sr<=40%,kvB<=16k,kp<=8k,-19.2474,1
8192,n<=64,sr<=40%,kvB<=16k,kp=0,0.0007,1
8192,n<=64,sr<=40%,kvB<=1k,kp<=1k,-0.1936,2
8192,n<=64,sr<=40%,kvB<=1k,kp<=2k,-0.1161,2
8192,n<=64,sr<=40%,kvB<=1k,kp<=4k,0.9903,1
8192,n<=64,sr<=40%,kvB<=1k,kp<=512,0.9942,2
8192,n<=64,sr<=40%,kvB<=1k,kp<=8k,1.0265,1
8192,n<=64,sr<=40%,kvB<=1k,kp=0,1.9797,1
8192,n<=64,sr<=40%,kvB<=4k,kp<=1k,-0.9113,2
8192,n<=64,sr<=40%,kvB<=4k,kp<=2k,0.9769,2
8192,n<=64,sr<=40%,kvB<=4k,kp<=4k,0.0168,2
8192,n<=64,sr<=40%,kvB<=4k,kp<=512,-0.0159,1
8192,n<=64,sr<=40%,kvB<=4k,kp<=8k,15.802,2
8192,n<=64,sr<=40%,kvB<=4k,kp=0,0.0696,2
8192,n<=64,sr<=5%,kvB<=16k,kp<=1k,0.1751,6
8192,n<=64,sr<=5%,kvB<=16k,kp<=2k,0.1323,6
8192,n<=64,sr<=5%,kvB<=16k,kp<=4k,0.0604,6
8192,n<=64,sr<=5%,kvB<=16k,kp<=512,0.1989,6
8192,n<=64,sr<=5%,kvB<=16k,kp<=8k,0.0032,6
8192,n<=64,sr<=5%,kvB<=16k,kp=0,0.2207,6
8192,n<=64,sr<=5%,kvB<=1k,kp<=1k,0.0967,6
8192,n<=64,sr<=5%,kvB<=1k,kp<=2k,-0.0006,6
8192,n<=64,sr<=5%,kvB<=1k,kp<=4k,0.4046,6
8192,n<=64,sr<=5%,kvB<=1k,kp<=512,0.0526,6
8192,n<=64,sr<=5%,kvB<=1k,kp<=8k,-0.0266,3
8192,n<=64,sr<=5%,kvB<=1k,kp=0,0.0116,6
8192,n<=64,sr<=5%,kvB<=4k,kp<=1k,0.0196,6
8192,n<=64,sr<=5%,kvB<=4k,kp<=2k,0.0327,6
8192,n<=64,sr<=5%,kvB<=4k,kp<=4k,0.0136,6
8192,n<=64,sr<=5%,kvB<=4k,kp<=512,0.0502,6
8192,n<=64,sr<=5%,kvB<=4k,kp<=8k,0.2297,5
8192,n<=64,sr<=5%,kvB<=4k,kp=0,0.0894,6
8192,n<=64,sr<=70%,kvB<=16k,kp<=1k,-0.0035,2
8192,n<=64,sr<=70%,kvB<=16k,kp<=2k,-12.1382,2
8192,n<=64,sr<=70%,kvB<=16k,kp<=4k,-8.5692,2
8192,n<=64,sr<=70%,kvB<=16k,kp<=512,-0.0043,2
8192,n<=64,sr<=70%,kvB<=16k,kp<=8k,9.7146,2
8192,n<=64,sr<=70%,kvB<=16k,kp=0,0.957,1
8192,n<=64,sr<=70%,kvB<=1k,kp<=1k,-0.0047,2
8192,n<=64,sr<=70%,kvB<=1k,kp<=2k,-2.2777,1
8192,n<=64,sr<=70%,kvB<=1k,kp<=4k,1.0307,1
8192,n<=64,sr<=70%,kvB<=1k,kp<=8k,-0.0019,1
8192,n<=64,sr<=70%,kvB<=1k,kp=0,-0.0004,2
8192,n<=64,sr<=70%,kvB<=4k,kp<=1k,-0.0765,1
8192,n<=64,sr<=70%,kvB<=4k,kp<=2k,-0.0852,2
8192,n<=64,sr<=70%,kvB<=4k,kp<=4k,0.1329,2
8192,n<=64,sr<=70%,kvB<=4k,kp<=512,0.4932,2
8192,n<=64,sr<=70%,kvB<=4k,kp<=8k,0.1588,1
8192,n<=64,sr<=70%,kvB<=4k,kp=0,0.9768,1
8192,n<=64,sr>70%,kvB<=16k,kp<=1k,0.5755,4
8192,n<=64,sr>70%,kvB<=16k,kp<=2k,0.0133,3
8192,n<=64,sr>70%,kvB<=16k,kp<=4k,0.5369,3
8192,n<=64,sr>70%,kvB<=16k,kp<=512,-0.0118,3
8192,n<=64,sr>70%,kvB<=16k,kp<=8k,0.8029,4
8192,n<=64,sr>70%,kvB<=16k,kp=0,0.9878,4
8192,n<=64,sr>70%,kvB<=1k,kp<=1k,0.0069,3
8192,n<=64,sr>70%,kvB<=1k,kp<=2k,37.1144,2
8192,n<=64,sr>70%,kvB<=1k,kp<=4k,0.0348,1
8192,n<=64,sr>70%,kvB<=1k,kp<=512,-85.2207,2
8192,n<=64,sr>70%,kvB<=1k,kp<=8k,0.5246,3
8192,n<=64,sr>70%,kvB<=1k,kp=0,0.9984,2
8192,n<=64,sr>70%,kvB<=4k,kp<=1k,-0.5832,2
8192,n<=64,sr>70%,kvB<=4k,kp<=2k,1.5649,3
8192,n<=64,sr>70%,kvB<=4k,kp<=4k,1.0028,4
8192,n<=64,sr>70%,kvB<=4k,kp<=512,60.374,2
8192,n<=64,sr>70%,kvB<=4k,kp<=8k,-35.0309,4
8192,n<=64,sr>70%,kvB<=4k,kp=0,1.0001,3
8192,n<=8,sr<=15%,kvB<=16k,kp<=1k,0.9948,2
8192,n<=8,sr<=15%,kvB<=16k,kp<=2k,0.9998,2
8192,n<=8,sr<=15%,kvB<=16k,kp<=4k,1.028,2
8192,n<=8,sr<=15%,kvB<=16k,kp<=512,0.9758,2
8192,n<=8,sr<=15%,kvB<=16k,kp<=8k,1.5074,1
8192,n<=8,sr<=15%,kvB<=16k,kp=0,1.0133,2
8192,n<=8,sr<=15%,kvB<=1k,kp<=1k,1.0824,1
8192,n<=8,sr<=15%,kvB<=1k,kp<=2k,1.3483,1
8192,n<=8,sr<=15%,kvB<=1k,kp<=512,0.5109,2
8192,n<=8,sr<=15%,kvB<=1k,kp<=8k,-0.2706,1
8192,n<=8,sr<=15%,kvB<=1k,kp=0,0.7052,1
8192,n<=8,sr<=15%,kvB<=4k,kp<=1k,0.8538,2
8192,n<=8,sr<=15%,kvB<=4k,kp<=2k,0.7965,2
8192,n<=8,sr<=15%,kvB<=4k,kp<=512,0.9989,2
8192,n<=8,sr<=15%,kvB<=4k,kp=0,0.9117,2
8192,n<=8,sr<=40%,kvB<=16k,kp<=1k,0.9823,4
8192,n<=8,sr<=40%,kvB<=16k,kp<=2k,0.9877,4
8192,n<=8,sr<=40%,kvB<=16k,kp<=4k,0.9518,4
8192,n<=8,sr<=40%,kvB<=16k,kp<=512,1.003,4
8192,n<=8,sr<=40%,kvB<=16k,kp<=8k,1.4291,3
8192,n<=8,sr<=40%,kvB<=16k,kp=0,0.9847,4
8192,n<=8,sr<=40%,kvB<=1k,kp<=1k,-1.6474,1
8192,n<=8,sr<=40%,kvB<=1k,kp<=2k,0.3986,3
8192,n<=8,sr<=40%,kvB<=1k,kp<=4k,0.0344,3
8192,n<=8,sr<=40%,kvB<=1k,kp<=512,0.3439,3
8192,n<=8,sr<=40%,kvB<=1k,kp<=8k,0.1445,3
8192,n<=8,sr<=40%,kvB<=1k,kp=0,0.342,4
8192,n<=8,sr<=40%,kvB<=4k,kp<=1k,1.066,4
8192,n<=8,sr<=40%,kvB<=4k,kp<=2k,0.9729,3
8192,n<=8,sr<=40%,kvB<=4k,kp<=4k,-0.1388,3
8192,n<=8,sr<=40%,kvB<=4k,kp<=512,0.912,4
8192,n<=8,sr<=40%,kvB<=4k,kp<=8k,-1.4306,1
8192,n<=8,sr<=40%,kvB<=4k,kp=0,1.0103,4
8192,n<=8,sr<=70%,kvB<=16k,kp<=1k,0.9686,2
8192,n<=8,sr<=70%,kvB<=16k,kp<=2k,0.8606,2
8192,n<=8,sr<=70%,kvB<=16k,kp<=4k,0.99,2
8192,n<=8,sr<=70%,kvB<=16k,kp<=512,0.9928,2
8192,n<=8,sr<=70%,kvB<=16k,kp<=8k,1.0134,1
8192,n<=8,sr<=70%,kvB<=16k,kp=0,0.9934,2
8192,n<=8,sr<=70%,kvB<=1k,kp<=1k,1.1561,1
8192,n<=8,sr<=70%,kvB<=1k,kp<=2k,21.0613,1
8192,n<=8,sr<=70%,kvB<=1k,kp<=4k,-0.0697,1
8192,n<=8,sr<=70%,kvB<=1k,kp<=512,0.9762,1
8192,n<=8,sr<=70%,kvB<=1k,kp<=8k,-24.0454,1
8192,n<=8,sr<=70%,kvB<=1k,kp=0,1.0182,2
8192,n<=8,sr<=70%,kvB<=4k,kp<=1k,0.8251,2
8192,n<=8,sr<=70%,kvB<=4k,kp<=2k,0.9227,1
8192,n<=8,sr<=70%,kvB<=4k,kp<=4k,0.3596,1
8192,n<=8,sr<=70%,kvB<=4k,kp<=512,0.8812,2
8192,n<=8,sr<=70%,kvB<=4k,kp<=8k,36.6266,2
8192,n<=8,sr<=70%,kvB<=4k,kp=0,1.0285,2
8192,n<=8,sr>70%,kvB<=16k,kp<=1k,0.8576,4
8192,n<=8,sr>70%,kvB<=16k,kp<=2k,1.0046,4
8192,n<=8,sr>70%,kvB<=16k,kp<=4k,1.0226,4
8192,n<=8,sr>70%,kvB<=16k,kp<=512,0.9007,4
8192,n<=8,sr>70%,kvB<=16k,kp<=8k,1.1857,2
8192,n<=8,sr>70%,kvB<=16k,kp=0,0.9964,4
8192,n<=8,sr>70%,kvB<=1k,kp<=1k,-0.1385,1
8192,n<=8,sr>70%,kvB<=1k,kp<=2k,-0.1174,2
8192,n<=8,sr>70%,kvB<=1k,kp<=4k,0.2315,4
8192,n<=8,sr>70%,kvB<=1k,kp<=512,0.571,1
8192,n<=8,sr>70%,kvB<=1k,kp<=8k,-1.7706,1
8192,n<=8,sr>70%,kvB<=1k,kp=0,1.6717,2
8192,n<=8,sr>70%,kvB<=4k,kp<=1k,0.9588,4
8192,n<=8,sr>70%,kvB<=4k,kp<=2k,0.8278,3
8192,n<=8,sr>70%,kvB<=4k,kp<=4k,-0.1127,1
8192,n<=8,sr>70%,kvB<=4k,kp<=512,1.0258,4
8192,n<=8,sr>70%,kvB<=4k,kp<=8k,-0.4607,2
8192,n<=8,sr>70%,kvB<=4k,kp=0,0.6312,3
